Algorithm: Bellman-Ford
Source: 0
Vertex Distance
0 0
1 1
2 18
3 19
4 43
5 36
6 43
7 34
8 30
9 37
10 57
11 66
12 67
13 89
14 104
15 101
16 96
17 103
18 116
19 140
20 164
21 169
22 164
23 185
24 194
25 213
26 203
27 218
28 236
29 234
30 255
31 278
32 299
33 306
34 325
35 336
36 341
37 338
38 360
39 363
40 359
41 378
42 387
43 399
44 417
45 430
46 436
47 427
48 452
49 456
50 462
51 485
52 487
53 501
54 495
55 507
56 509
57 525
58 528
59 548
60 560
61 553
62 577
63 599
64 615
65 616
66 630
67 652
68 665
69 671
70 682
71 683
72 686
73 703
74 705
75 722
76 745
77 757
78 760
79 750
80 749
81 769
82 778
83 777
84 797
85 813
86 805
87 809
88 810
89 815
90 813
91 808
92 810
93 825
94 828
95 850
96 843
97 863
98 861
99 885
100 900
101 915
102 910
103 911
104 901
105 900
106 916
107 941
108 954
109 945
110 969
111 982
112 1003
113 1008
114 999
115 995
116 986
117 999
118 1024
119 1032
120 1044
121 1068
122 1069
123 1089
124 1110
125 1100
126 644
127 660
128 680
129 698
130 701
131 704
132 697
133 687
134 686
135 677
136 700
137 704
138 721
139 736
140 737
141 743
142 750
143 746
144 765
145 768
146 781
147 789
148 810
149 822
150 837
151 843
152 841
153 834
154 828
155 826
156 818
157 811
158 803
159 819
160 826
161 844
162 835
163 844
164 835
165 850
166 844
167 838
168 833
169 839
170 853
171 862
172 879
173 875
174 869
175 886
176 901
177 897
178 914
179 938
180 950
181 951
182 949
183 968
184 964
185 957
186 975
187 985
188 1006
189 1012
190 1032
191 1023
192 1022
193 1034
194 1059
195 1071
196 1078
197 1083
198 1093
199 1092
200 1088
201 1089
202 1093
203 1105
204 1100
205 1105
206 1123
207 1137
208 1162
209 1185
210 1176
211 1193
212 1195
213 1209
214 1200
215 824
216 821
217 832
218 851
219 849
220 853
221 859
222 855
223 870
224 894
225 919
226 920
227 913
228 926
229 937
230 928
231 929
232 924
233 949
234 944
235 941
236 954
237 960
238 969
239 972
240 977
241 995
242 1011
243 1026
244 1027
245 1023
246 1036
247 1053
248 1076
249 1081
250 1074
251 1079
252 1101
253 1100
254 1123
255 1114
256 1131
257 1122
258 1123
259 1124
260 1149
261 1169
262 1180
263 1202
264 1213
265 1206
266 1198
267 1209
268 1226
269 1248
270 1261
271 1269
272 1287
273 1307
274 1302
275 1315
276 1312
277 1336
278 1344
279 1365
280 1375
281 1395
282 1402
283 1405
284 1424
285 1446
286 1454
287 1456
288 1455
289 1469
290 1474
291 1477
292 1485
293 1476
294 1500
295 1501
296 1503
297 1513
298 1532
299 1547
300 1568
301 1585
302 1608
303 1602
304 1620
305 1622
306 1618
307 1622
308 1638
309 1656
310 1673
311 1698
312 1717
313 1739
314 1740
315 1739
316 1751
317 1773
318 1769
319 1774
320 1773
321 1796
322 1799
323 1805
324 1813
325 1838
326 1862
327 1869
328 1891
329 1911
330 1920
331 1917
332 1926
333 1929
334 1945
335 1949
336 1945
337 1947
338 1959
339 1968
340 1964
341 1979
342 1985
343 2006
344 2011
345 2023
346 2045
347 2069
348 2074
349 2098
350 2123
351 2114
352 2138
353 2153
354 2149
355 2158
356 2171
357 2192
358 2202
359 2226
360 2249
361 2270
362 2292
363 2296
364 2319
365 2339
366 2351
367 2344
368 2352
369 2362
370 2383
371 63
372 86
373 110
374 125
375 126
376 119
377 109
378 101
379 102
380 113
381 116
382 113
383 131
384 137
385 149
386 162
387 180
388 179
389 186
390 179
391 204
392 194
393 204
394 210
395 230
396 232
397 252
398 264
399 284
400 294
401 288
402 310
403 324
404 326
405 325
406 317
407 318
408 326
409 343
410 335
411 350
412 352
413 365
414 372
415 373
416 387
417 386
418 377
419 401
420 405
421 408
422 414
423 430
424 435
425 442
426 449
427 445
428 456
429 474
430 464
431 488
432 504
433 508
434 509
435 525
436 532
437 545
438 537
439 529
440 528
441 535
442 526
443 516
444 525
445 524
446 549
447 567
448 573
449 567
450 581
451 590
452 612
453 626
454 634
455 653
456 668
457 690
458 692
459 688
460 705
461 721
462 744
463 735
464 751
465 756
466 771
467 776
468 772
469 783
470 802
471 816
472 823
473 836
474 842
475 837
476 839
477 862
478 857
479 874
480 888
481 880
482 877
483 868
484 862
485 868
486 863
487 867
488 858
489 859
490 855
491 870
492 893
493 892
494 897
495 899
496 891
497 886
498 909
499 915
500 932
501 938
502 954
503 978
504 969
505 984
506 1000
507 997
508 1002
509 1018
510 1028
511 1019
512 1022
513 1031
514 1044
515 1048
516 1044
517 1062
518 1082
519 1100
520 1113
521 1136
522 1130
523 1145
524 1159
525 1162
526 1183
527 1184
528 1177
529 1178
530 1187
531 1195
532 1194
533 1204
534 1219
535 1212
536 1222
537 1219
538 1231
539 1247
540 1242
541 1267
542 1259
543 1280
544 1299
545 1321
546 1337
547 1352
548 1349
549 1365
550 1382
551 1381
552 1389
553 1392
554 1402
555 1396
556 1391
557 1388
558 1412
559 1415
560 1419
561 1416
562 1435
563 1457
564 1471
565 1465
566 1458
567 1478
568 1488
569 1511
570 1531
571 1549
572 1551
573 1546
574 1560
575 1567
576 1561
577 1576
578 1569
579 1583
580 1602
581 1606
582 1612
583 1614
584 1621
585 1640
586 1658
587 1683
588 1696
589 1705
590 1719
591 1731
592 1741
593 1762
594 1782
595 1784
596 1790
597 1788
598 1797
599 1818
600 1827
601 1848
602 1839
603 1841
604 1834
605 1837
606 1838
607 1859
608 1855
609 1878
610 1870
611 1884
612 1877
613 1890
614 1902
615 1919
616 1934
617 1942
618 1937
619 1942
620 1965
621 1983
622 1991
623 1994
624 2007
625 2014
626 2028
627 2035
628 2025
629 2018
630 2019
631 1416
632 1441
633 1449
634 1450
635 1470
636 1495
637 1513
638 1514
639 1508
640 1515
641 1516
642 1524
643 1516
644 1540
645 1543
646 933
647 957
648 973
649 998
650 1021
651 1045
652 1055
653 1068
654 1064
655 1068
656 1067
657 1080
658 1087
659 1096
660 1110
661 1104
662 1119
663 1134
664 1158
665 1176
666 1171
667 1173
668 1163
669 1159
670 1178
671 1185
672 1204
673 1229
674 1224
675 1238
676 1233
677 1234
678 1237
679 1262
680 1254
681 1279
682 1292
683 690
684 697
685 711
686 713
687 723
688 736
689 757
690 750
691 762
692 769
693 779
694 796
695 790
696 785
697 808
698 815
699 833
700 823
701 825
702 826
703 827
704 838
705 849
706 856
707 861
708 884
709 886
710 907
711 911
712 912
713 933
714 952
715 971
716 982
717 980
718 983
719 1005
720 1000
721 1013
722 1030
723 1044
724 1038
725 1041
726 1053
727 1063
728 1064
729 1086
730 1106
731 1097
732 1092
733 1102
734 1121
735 1135
736 1132
737 1139
738 1156
739 1180
740 1196
741 1201
742 1211
743 1208
744 1220
745 1234
746 1232
747 1224
748 1234
749 1259
750 1255
751 1259
752 1266
753 1287
754 1301
755 1307
756 1302
757 1320
758 1340
759 1338
760 1342
761 1347
762 1339
763 1353
764 1346
765 1371
766 1369
767 1367
768 1389
769 1385
770 1387
771 1396
772 1390
773 1385
774 1316
775 1307
776 1318
777 1333
778 1330
779 1326
780 1316
781 1309
782 1322
783 1321
784 1320
785 1330
786 1341
787 1344
788 1352
789 1362
790 1375
791 1393
792 1418
793 1443
794 1444
795 1440
796 237
797 241
798 266
799 280
800 281
801 278
802 272
803 276
804 272
805 268
806 262
807 269
808 279
809 276
810 290
811 315
812 333
813 355
814 370
815 391
816 410
817 420
818 426
819 447
820 449
821 441
822 443
823 436
824 445
825 452
826 473
827 474
828 468
829 486
830 511
831 522
832 529
833 536
834 554
835 567
836 577
837 586
838 578
839 601
840 616
841 636
842 658
843 649
844 646
845 636
846 631
847 645
848 644
849 638
850 652
851 671
852 680
853 670
854 688
855 711
856 733
857 751
858 769
859 794
860 804
861 827
862 837
863 847
864 867
865 865
866 870
867 882
868 902
869 914
870 915
871 920
872 925
873 940
874 944
875 951
876 945
877 941
878 949
879 971
880 983
881 1004
882 1006
883 998
884 1013
885 1038
886 1059
887 1081
888 1082
889 1105
890 1120
891 1126
892 1124
893 1140
894 1160
895 1166
896 1189
897 1188
898 1181
899 1184
900 1201
901 1204
902 1197
903 1203
904 1218
905 1209
906 1213
907 1205
908 1219
909 1232
910 1235
911 1238
912 1236
913 1241
914 1249
915 1251
916 1265
917 1286
918 1277
919 1271
920 1285
921 1300
922 1310
923 1311
924 1310
925 1301
926 1292
927 1303
928 1314
929 1316
930 1337
931 1330
932 1334
933 1346
934 1347
935 1344
936 1366
937 1365
938 1387
939 1411
940 1422
941 1433
942 1429
943 1433
944 1427
945 1429
946 1424
947 203
948 196
949 201
950 218
951 219
952 228
953 239
954 256
955 264
956 285
957 301
958 294
959 295
960 304
961 326
962 334
963 348
964 369
965 387
966 380
967 386
968 406
969 426
970 427
971 437
972 450
973 469
974 484
975 494
976 484
977 481
978 477
979 467
980 486
981 494
982 487
983 509
984 518
985 521
986 543
987 541
988 535
989 554
990 567
991 577
992 592
993 603
994 610
995 626
996 617
997 615
998 622
999 641
1000 642
1001 656
1002 657
1003 658
1004 675
1005 676
1006 695
1007 702
1008 692
1009 695
1010 688
1011 699
1012 711
1013 704
1014 715
1015 740
1016 741
1017 756
1018 749
1019 739
1020 187
1021 180
1022 197
1023 220
1024 230
1025 236
1026 235
1027 227
1028 240
1029 256
1030 257
1031 270
1032 280
1033 275
1034 286
1035 285
1036 304
1037 310
1038 318
1039 325
1040 327
1041 331
1042 353
1043 357
1044 370
1045 372
1046 385
1047 388
1048 405
1049 429
1050 426
1051 432
1052 451
1053 462
1054 461
1055 458
1056 471
1057 468
1058 186
1059 202
1060 209
1061 205
1062 230
1063 220
1064 227
1065 247
1066 268
1067 293
1068 310
1069 331
1070 340
1071 332
1072 356
1073 367
1074 381
1075 380
1076 386
1077 407
1078 408
1079 399
1080 420
1081 428
1082 450
1083 449
1084 465
1085 466
1086 476
1087 482
1088 473
1089 467
1090 477
1091 479
1092 478
1093 496
1094 500
1095 509
1096 500
1097 496
1098 492
1099 508
1100 529
1101 536
1102 547
1103 558
1104 555
1105 578
1106 596
1107 594
1108 589
1109 590
1110 611
1111 613
1112 625
1113 643
1114 649
1115 505
1116 499
1117 509
1118 513
1119 506
1120 503
1121 514
1122 504
1123 529
1124 537
1125 553
1126 544
1127 569
1128 559
1129 575
1130 571
1131 575
1132 586
1133 581
1134 582
1135 584
1136 604
1137 621
1138 83
1139 94
1140 103
1141 93
1142 84
1143 96
1144 91
1145 107
1146 105
1147 118
1148 141
1149 151
1150 157
1151 180
1152 172
1153 167
1154 178
1155 194
1156 199
1157 213
1158 226
1159 220
1160 233
1161 248
1162 264
1163 276
1164 292
1165 282
1166 280
1167 299
1168 294
1169 311
1170 323
1171 337
1172 341
1173 339
1174 337
1175 343
1176 351
1177 369
1178 371
1179 383
1180 398
1181 406
1182 407
1183 415
1184 435
1185 436
1186 431
1187 442
1188 456
1189 468
1190 491
1191 513
1192 514
1193 533
1194 537
1195 532
1196 522
1197 521
1198 538
1199 540
1200 563
1201 561
1202 557
1203 561
1204 580
1205 605
1206 600
1207 599
1208 607
1209 632
1210 623
1211 621
1212 645
1213 644
1214 649
1215 640
1216 637
1217 642
1218 640
1219 648
1220 638
1221 658
1222 678
1223 671
1224 696
1225 716
1226 718
1227 713
1228 729
1229 730
1230 753
1231 756
1232 764
1233 755
1234 760
1235 775
1236 782
1237 777
1238 784
1239 779
1240 803
1241 805
1242 797
1243 807
1244 812
1245 822
1246 830
1247 821
1248 823
1249 825
1250 841
1251 849
1252 862
1253 885
1254 877
1255 883
1256 906
1257 920
1258 924
1259 916
1260 907
1261 925
1262 945
1263 965
1264 974
1265 967
1266 971
1267 990
1268 504
1269 498
1270 492
1271 504
1272 529
1273 548
1274 547
1275 561
1276 567
1277 580
1278 582
1279 574
1280 588
1281 608
1282 604
1283 599
1284 591
1285 609
1286 630
1287 634
1288 637
1289 655
1290 675
1291 677
1292 688
1293 694
1294 703
1295 695
1296 714
1297 710
1298 705
1299 718
1300 740
1301 760
1302 769
1303 760
1304 763
1305 767
1306 763
1307 761
1308 784
1309 777
1310 795
1311 816
1312 826
1313 827
1314 825
1315 831
1316 821
1317 834
1318 835
1319 850
1320 856
1321 853
1322 855
1323 869
1324 886
1325 891
1326 916
1327 935
1328 947
1329 963
1330 986
1331 993
1332 989
1333 997
1334 1000
1335 996
1336 1020
1337 1016
1338 1007
1339 1027
1340 1040
1341 1047
1342 1065
1343 1062
1344 1060
1345 1076
1346 1074
1347 1085
1348 1082
1349 846
1350 862
1351 865
1352 878
1353 903
1354 912
1355 909
1356 222
1357 215
1358 236
1359 239
1360 263
1361 267
1362 280
1363 298
1364 318
1365 333
1366 351
1367 343
1368 344
1369 348
1370 372
1371 391
1372 408
1373 420
1374 418
1375 439
1376 432
1377 457
1378 468
1379 481
1380 504
1381 512
1382 533
1383 541
1384 555
1385 570
1386 591
1387 597
1388 592
1389 599
1390 595
1391 596
1392 610
1393 627
1394 635
1395 655
1396 673
1397 685
1398 692
1399 682
1400 685
1401 676
1402 682
1403 678
1404 671
1405 683
1406 698
1407 720
1408 732
1409 735
1410 754
1411 776
1412 767
1413 784
1414 785
1415 793
1416 808
1417 831
1418 843
1419 854
1420 848
1421 873
1422 866
1423 881
1424 877
1425 874
1426 882
1427 895
1428 900
1429 910
1430 929
1431 949
1432 963
1433 962
1434 956
1435 959
1436 961
1437 985
1438 1008
1439 1029
1440 1042
1441 1061
1442 1072
1443 1090
1444 1109
1445 1129
1446 1134
1447 1155
1448 1172
1449 1192
1450 1190
1451 1194
1452 1206
1453 1196
1454 651
1455 641
1456 659
1457 681
1458 672
1459 89
1460 111
1461 106
1462 125
1463 120
1464 122
1465 117
1466 129
1467 130
1468 122
1469 143
1470 161
1471 174
1472 196
1473 206
1474 210
1475 211
1476 231
1477 245
1478 243
1479 235
1480 238
1481 250
1482 253
1483 256
1484 248
1485 250
1486 262
1487 273
1488 265
1489 276
1490 274
1491 296
1492 297
1493 311
1494 309
1495 312
1496 304
1497 305
1498 296
1499 309
1500 317
1501 330
1502 343
1503 361
1504 353
1505 352
1506 346
1507 362
1508 363
1509 368
1510 367
1511 380
1512 377
1513 370
1514 377
1515 397
1516 399
1517 407
1518 413
1519 423
1520 431
1521 444
1522 462
1523 455
1524 445
1525 461
1526 478
1527 502
1528 519
1529 543
1530 550
1531 568
1532 584
1533 592
1534 604
1535 609
1536 616
1537 619
1538 621
1539 644
1540 639
1541 648
1542 666
1543 674
1544 683
1545 690
1546 710
1547 717
1548 713
1549 737
1550 729
1551 738
1552 739
1553 741
1554 274
1555 275
1556 269
1557 265
1558 277
1559 272
1560 294
1561 319
1562 324
1563 325
1564 322
1565 347
1566 365
1567 355
1568 361
1569 354
1570 373
1571 363
1572 380
1573 397
1574 403
1575 421
1576 417
1577 434
1578 425
1579 447
1580 437
1581 427
1582 446
1583 462
1584 453
1585 458
1586 481
1587 472
1588 462
1589 456
1590 470
1591 482
1592 485
1593 501
1594 520
1595 532
1596 553
1597 556
1598 568
1599 575
1600 180
1601 199
1602 217
1603 231
1604 226
1605 229
1606 240
1607 245
1608 247
1609 269
1610 277
1611 270
1612 278
1613 292
1614 314
1615 333
1616 338
1617 351
1618 373
1619 368
1620 379
1621 402
1622 414
1623 409
1624 400
1625 394
1626 409
1627 420
1628 430
1629 445
1630 449
1631 440
1632 449
1633 463
1634 478
1635 468
1636 483
1637 484
1638 508
1639 521
1640 528
1641 537
1642 560
1643 563
1644 557
1645 565
1646 574
1647 594
1648 617
1649 634
1650 639
1651 650
1652 651
1653 641
1654 662
1655 655
1656 646
1657 638
1658 650
1659 663
1660 674
1661 684
1662 681
1663 692
1664 682
1665 673
1666 695
1667 718
1668 722
1669 729
1670 730
1671 740
1672 756
1673 754
1674 748
1675 759
1676 766
1677 785
1678 779
1679 780
1680 781
1681 803
1682 802
1683 826
1684 843
1685 852
1686 853
1687 852
1688 875
1689 866
1690 867
1691 866
1692 881
1693 903
1694 906
1695 916
1696 934
1697 944
1698 959
1699 960
1700 973
1701 963
1702 983
1703 1000
1704 1024
1705 1046
1706 1056
1707 1046
1708 1061
1709 1060
1710 1056
1711 1061
1712 1075
1713 1100
1714 1103
1715 1116
1716 1117
1717 1115
1718 1116
1719 1135
1720 1144
1721 1141
1722 1135
1723 1158
1724 1176
1725 1177
1726 1190
1727 968
1728 979
1729 980
1730 995
1731 1001
1732 1021
1733 1042
1734 1056
1735 1066
1736 1079
1737 980
1738 998
1739 1008
1740 1007
1741 1008
1742 1005
1743 1022
1744 1023
1745 840
1746 865
1747 878
1748 872
1749 874
1750 883
1751 901
1752 910
1753 905
1754 907
1755 922
1756 926
1757 930
1758 953
1759 961
1760 979
1761 1004
1762 1003
1763 1014
1764 1019
1765 1017
1766 1031
1767 1042
1768 1041
1769 1061
1770 1068
1771 1091
1772 1113
1773 1135
1774 1128
1775 1125
1776 1131
1777 1129
1778 1120
1779 1145
1780 1159
1781 1176
1782 1194
1783 1204
1784 1211
1785 1208
1786 1207
1787 1221
1788 1233
1789 1231
1790 269
1791 273
1792 280
1793 273
1794 274
1795 275
1796 284
1797 281
1798 298
1799 306
1800 305
1801 330
1802 338
1803 335
1804 325
1805 348
1806 355
1807 348
1808 355
1809 356
1810 378
1811 373
1812 377
1813 395
1814 409
1815 401
1816 391
1817 395
1818 398
1819 259
1820 275
1821 284
1822 295
1823 315
1824 339
1825 338
1826 353
1827 350
1828 348
1829 347
1830 340
1831 337
1832 347
1833 341
1834 336
1835 350
1836 357
1837 376
1838 384
1839 388
1840 394
1841 398
1842 397
1843 393
1844 409
1845 406
1846 414
1847 426
1848 432
1849 438
1850 461
1851 483
1852 503
1853 517
1854 510
1855 525
1856 517
1857 513
1858 536
1859 546
1860 545
1861 546
1862 566
1863 585
1864 597
1865 589
1866 588
1867 607
1868 621
1869 612
1870 625
1871 641
1872 640
1873 646
1874 645
1875 666
1876 657
1877 650
1878 669
1879 667
1880 681
1881 692
1882 687
1883 711
1884 703
1885 718
1886 732
1887 726
1888 746
1889 764
1890 784
1891 782
1892 781
1893 792
1894 812
1895 810
1896 657
1897 668
1898 682
1899 703
1900 693
1901 684
1902 708
1903 709
1904 725
1905 727
1906 735
1907 736
1908 744
1909 740
1910 741
1911 756
1912 747
1913 758
1914 756
1915 770
1916 772
1917 767
1918 791
1919 792
1920 811
1921 823
1922 839
1923 837
1924 845
1925 852
1926 871
1927 883
1928 894
1929 891
1930 883
1931 884
1932 874
1933 892
1934 906
1935 921
1936 926
1937 947
1938 940
1939 942
1940 947
1941 951
1942 959
1943 961
1944 986
1945 988
1946 986
1947 990
1948 996
1949 997
1950 1001
1951 1012
1952 1022
1953 1029
1954 1048
1955 1045
1956 1050
1957 1040
1958 1033
1959 1025
1960 1024
1961 1034
1962 1033
1963 1026
1964 1012
1965 1019
1966 1016
1967 1028
1968 1029
1969 1024
1970 1029
1971 1043
1972 1038
1973 1047
1974 1042
1975 1036
1976 1032
1977 1031
1978 1034
1979 1054
1980 1066
1981 1068
1982 1077
1983 1069
1984 1070
1985 1066
1986 1070
1987 1083
1988 1100
1989 1112
1990 1111
1991 1128
1992 1146
1993 1145
1994 1161
1995 1160
1996 1158
1997 1182
1998 1195
1999 1194
2000 1212
2001 1236
2002 1237
2003 247
2004 261
2005 271
2006 269
2007 272
2008 289
2009 303
2010 316
2011 340
2012 330
2013 335
2014 353
2015 347
2016 372
2017 389
2018 239
2019 247
2020 248
2021 245
2022 240
2023 264
2024 254
2025 274
2026 283
2027 277
2028 278
2029 269
2030 293
2031 315
2032 307
2033 298
2034 317
2035 334
2036 324
2037 337
2038 334
2039 335
2040 359
2041 378
2042 381
2043 374
2044 368
2045 392
2046 415
2047 409
2048 414
2049 419
2050 430
2051 451
2052 466
2053 478
2054 468
2055 481
2056 488
2057 494
2058 514
2059 507
2060 510
2061 506
2062 517
2063 516
2064 521
2065 517
2066 521
2067 525
2068 541
2069 554
2070 557
2071 581
2072 593
2073 588
2074 584
2075 604
2076 600
2077 601
2078 618
2079 624
2080 621
2081 628
2082 647
2083 654
2084 659
2085 654
2086 660
2087 676
2088 691
2089 716
2090 731
2091 751
2092 742
2093 751
2094 762
2095 763
2096 761
2097 769
2098 792
2099 799
2100 821
2101 818
2102 842
2103 859
2104 884
2105 875
2106 872
2107 882
2108 876
2109 900
2110 916
2111 911
2112 934
2113 943
2114 953
2115 962
2116 961
2117 973
2118 981
2119 661
2120 659
2121 668
2122 669
2123 679
2124 330
2125 348
2126 370
2127 371
2128 372
2129 365
2130 389
2131 387
2132 395
2133 404
2134 397
2135 404
2136 411
2137 412
2138 414
2139 434
2140 454
2141 455
2142 464
2143 476
2144 477
2145 473
2146 496
2147 519
2148 541
2149 563
2150 556
2151 557
2152 573
2153 563
2154 567
2155 560
2156 564
2157 556
2158 561
2159 552
2160 542
2161 556
2162 548
2163 553
2164 547
2165 537
2166 532
2167 533
2168 549
2169 571
2170 580
2171 592
2172 588
2173 604
2174 595
2175 597
2176 591
2177 611
2178 629
2179 653
2180 646
2181 638
2182 654
2183 676
2184 697
2185 696
2186 709
2187 703
2188 727
2189 752
2190 748
2191 772
2192 785
2193 787
2194 789
2195 792
2196 788
2197 794
2198 796
2199 799
2200 795
2201 788
2202 808
2203 798
2204 823
2205 818
2206 820
2207 835
2208 836
2209 847
2210 867
2211 892
2212 913
2213 933
2214 930
2215 954
2216 977
2217 997
2218 1007
2219 1008
2220 1016
2221 1013
2222 1036
2223 1028
2224 1031
2225 1037
2226 1047
2227 1044
2228 1060
2229 1070
2230 1093
2231 1083
2232 1076
2233 1066
2234 1071
2235 1091
2236 1082
2237 1090
2238 778
2239 794
2240 796
2241 806
2242 809
2243 819
2244 816
2245 813
2246 828
2247 821
2248 822
2249 813
2250 806
2251 815
2252 829
2253 850
2254 842
2255 841
2256 857
2257 879
2258 869
2259 867
2260 859
2261 880
2262 875
2263 899
2264 914
2265 601
2266 604
2267 595
2268 619
2269 615
2270 618
2271 620
2272 623
2273 625
2274 630
2275 643
2276 645
2277 647
2278 644
2279 655
2280 652
2281 669
2282 691
2283 683
2284 691
2285 695
2286 711
2287 733
2288 749
2289 764
2290 762
2291 777
2292 771
2293 780
2294 776
2295 770
2296 787
2297 799
2298 818
2299 823
2300 821
2301 831
2302 856
2303 863
2304 884
2305 892
2306 884
2307 888
2308 889
2309 885
2310 887
2311 886
2312 887
2313 888
2314 889
2315 900
2316 914
2317 922
2318 944
2319 948
2320 941
2321 957
2322 978
2323 996
2324 1010
2325 1001
2326 1012
2327 1003
2328 1026
2329 1017
2330 1018
2331 1034
2332 1042
2333 1036
2334 1029
2335 1044
2336 1054
2337 1074
2338 1086
2339 1099
2340 1097
2341 1109
2342 1133
2343 1144
2344 467
2345 461
2346 483
2347 482
2348 473
2349 485
2350 506
2351 518
2352 530
2353 543
2354 565
2355 555
2356 120
2357 140
2358 143
2359 159
2360 167
2361 186
2362 203
2363 214
2364 210
2365 226
2366 227
2367 233
2368 246
2369 241
2370 231
2371 232
2372 247
2373 254
2374 274
2375 285
2376 296
2377 293
2378 304
2379 323
2380 322
2381 333
2382 344
2383 358
2384 380
2385 400
2386 411
2387 433
2388 447
2389 452
2390 466
2391 474
2392 473
2393 494
2394 516
2395 538
2396 554
2397 567
2398 566
2399 577
2400 592
2401 603
2402 614
2403 626
2404 623
2405 626
2406 648
2407 183
2408 194
2409 201
2410 223
2411 241
2412 233
2413 238
2414 242
2415 238
2416 239
2417 260
2418 266
2419 278
2420 284
2421 291
2422 313
2423 330
2424 330
2425 331
2426 351
2427 362
2428 358
2429 374
2430 365
2431 376
2432 401
2433 398
2434 402
2435 420
2436 418
2437 420
2438 411
2439 405
2440 423
2441 444
2442 460
2443 431
2444 451
2445 467
2446 483
2447 495
2448 506
2449 514
2450 506
2451 508
2452 506
2453 523
2454 532
2455 552
2456 334
2457 337
2458 349
2459 369
2460 376
2461 396
2462 401
2463 399
2464 397
2465 417
2466 439
2467 441
2468 440
2469 434
2470 449
2471 465
2472 482
2473 502
2474 495
2475 514
2476 536
2477 528
2478 533
2479 534
2480 538
2481 544
2482 528
2483 396
2484 387
2485 408
2486 424
2487 443
2488 436
2489 449
2490 450
2491 468
2492 466
2493 460
2494 470
2495 491
2496 486
2497 490
2498 506
2499 516
2500 508
2501 510
2502 503
2503 523
2504 548
2505 538
2506 554
2507 552
2508 565
2509 564
2510 586
2511 590
2512 583
2513 603
2514 604
2515 613
2516 617
2517 621
2518 639
2519 661
2520 663
2521 681
2522 698
2523 697
2524 687
2525 712
2526 730
2527 731
2528 721
2529 735
2530 759
2531 749
2532 744
2533 760
2534 783
2535 785
2536 585
2537 581
2538 598
2539 599
2540 598
2541 606
2542 630
2543 629
2544 651
2545 659
2546 674
2547 692
2548 693
2549 683
2550 705
2551 332
2552 344
2553 367
2554 378
2555 383
2556 393
2557 404
2558 397
2559 402
2560 393
2561 386
2562 399
2563 393
2564 394
2565 375
2566 381
2567 401
2568 326
2569 343
2570 344
2571 359
2572 363
2573 382
2574 377
2575 402
2576 394
2577 385
2578 382
2579 407
2580 399
2581 422
2582 445
2583 451
2584 463
2585 462
2586 478
2587 489
2588 480
2589 473
2590 474
2591 499
2592 514
2593 515
2594 527
2595 533
2596 525
2597 542
2598 557
2599 549
2600 561
2601 586
2602 587
2603 602
2604 598
2605 601
2606 356
2607 378
2608 373
2609 375
2610 371
2611 383
2612 397
2613 392
2614 404
2615 405
2616 418
2617 426
2618 419
2619 416
2620 437
2621 453
2622 471
2623 352
2624 351
2625 372
2626 370
2627 392
2628 397
2629 417
2630 410
2631 405
2632 400
2633 405
2634 420
2635 417
2636 425
2637 432
2638 437
2639 440
2640 458
2641 483
2642 504
2643 498
2644 507
2645 522
2646 512
2647 518
2648 515
2649 509
2650 516
2651 526
2652 516
2653 511
2654 501
2655 512
2656 520
2657 531
2658 522
2659 545
2660 546
2661 554
2662 548
2663 542
2664 547
2665 551
2666 549
2667 567
2668 568
2669 588
2670 609
2671 623
2672 639
2673 640
2674 641
2675 651
2676 645
2677 649
2678 670
2679 695
2680 718
2681 725
2682 738
2683 740
2684 741
2685 754
2686 772
2687 775
2688 766
2689 782
2690 780
2691 804
2692 821
2693 841
2694 848
2695 873
2696 875
2697 876
2698 870
2699 884
2700 874
2701 868
2702 869
2703 889
2704 897
2705 577
2706 595
2707 587
2708 599
2709 609
2710 633
2711 657
2712 654
2713 653
2714 678
2715 671
2716 662
2717 680
2718 683
2719 702
2720 377
2721 367
2722 372
2723 370
2724 364
2725 380
2726 393
2727 401
2728 394
2729 390
2730 405
2731 410
2732 428
2733 426
2734 443
2735 360
2736 373
2737 380
2738 397
2739 395
2740 413
2741 438
2742 458
2743 480
2744 479
2745 474
2746 496
2747 519
2748 524
2749 529
2750 541
2751 566
2752 569
2753 570
2754 579
2755 603
2756 620
2757 635
2758 626
2759 642
2760 660
2761 675
2762 676
2763 691
2764 699
2765 707
2766 714
2767 704
2768 723
2769 717
2770 738
2771 748
2772 744
2773 756
2774 760
2775 768
2776 783
2777 774
2778 799
2779 807
2780 822
2781 841
2782 866
2783 874
2784 885
2785 902
2786 903
2787 911
2788 914
2789 926
2790 917
2791 936
2792 960
2793 983
2794 984
2795 1006
2796 996
2797 989
2798 1005
2799 1024
2800 1034
2801 1032
2802 1051
2803 1058
2804 1057
2805 1067
2806 1062
2807 1081
2808 1075
2809 1095
2810 1115
2811 1114
2812 1127
2813 974
2814 985
2815 1010
2816 1027
2817 1022
2818 1026
2819 1031
2820 1037
2821 1043
2822 1066
2823 1069
2824 421
2825 444
2826 442
2827 467
2828 469
2829 487
2830 481
2831 495
2832 489
2833 507
2834 529
2835 551
2836 544
2837 548
2838 557
2839 445
2840 438
2841 450
2842 455
2843 480
2844 476
2845 498
2846 502
2847 519
2848 541
2849 563
2850 584
2851 602
2852 625
2853 641
2854 665
2855 687
2856 697
2857 706
2858 712
2859 532
2860 555
2861 577
2862 580
2863 570
2864 569
2865 588
2866 583
2867 593
2868 596
2869 613
2870 624
2871 649
2872 641
2873 648
2874 671
2875 665
2876 672
2877 669
2878 675
2879 686
2880 687
2881 702
2882 352
2883 362
2884 371
2885 376
2886 370
2887 362
2888 364
2889 385
2890 382
2891 394
2892 389
2893 380
2894 394
2895 416
2896 427
2897 429
2898 438
2899 446
2900 464
2901 481
2902 500
2903 496
2904 499
2905 509
2906 521
2907 519
2908 542
2909 567
2910 572
2911 581
2912 590
2913 599
2914 615
2915 617
2916 622
2917 628
2918 649
2919 666
2920 673
2921 682
2922 688
2923 692
2924 703
2925 705
2926 714
2927 726
2928 747
2929 753
2930 770
2931 795
2932 813
2933 805
2934 802
2935 816
2936 832
2937 846
2938 861
2939 852
2940 861
2941 873
2942 878
2943 898
2944 899
2945 909
2946 904
2947 900
2948 897
2949 893
2950 889
2951 901
2952 529
2953 551
2954 568
2955 571
2956 572
2957 591
2958 264
2959 288
2960 280
2961 295
2962 319
2963 334
2964 335
2965 331
2966 347
2967 348
2968 340
2969 347
2970 360
2971 376
2972 373
2973 371
2974 395
2975 417
2976 442
2977 437
2978 457
2979 466
2980 488
2981 507
2982 500
2983 494
2984 514
2985 523
2986 524
2987 536
2988 555
2989 558
2990 581
2991 580
2992 572
2993 567
2994 560
2995 580
2996 571
2997 580
2998 592
2999 617
3000 615
3001 608
3002 632
3003 624
3004 622
3005 627
3006 371
3007 376
3008 398
3009 418
3010 412
3011 419
3012 424
3013 441
3014 446
3015 453
3016 472
3017 465
3018 458
3019 470
3020 464
3021 340
3022 362
3023 359
3024 373
3025 370
3026 374
3027 388
3028 396
3029 390
3030 401
3031 423
3032 442
3033 458
3034 448
3035 465
3036 472
3037 495
3038 512
3039 528
3040 540
3041 559
3042 550
3043 545
3044 553
3045 554
3046 552
3047 542
3048 566
3049 564
3050 562
3051 563
3052 562
3053 560
3054 553
3055 511
3056 536
3057 550
3058 540
3059 546
3060 537
3061 554
3062 545
3063 558
3064 579
3065 594
3066 606
3067 622
3068 631
3069 652
3070 651
3071 653
3072 674
3073 695
3074 706
3075 713
3076 737
3077 736
3078 733
3079 747
3080 723
3081 738
3082 729
3083 733
3084 723
3085 746
3086 741
3087 755
3088 772
3089 766
3090 775
3091 789
3092 782
3093 795
3094 788
3095 779
3096 801
3097 792
3098 807
3099 547
3100 566
3101 585
3102 591
3103 598
3104 596
3105 605
3106 623
3107 624
3108 640
3109 639
3110 663
3111 678
3112 677
3113 671
3114 669
3115 689
3116 706
3117 723
3118 719
3119 711
3120 735
3121 759
3122 773
3123 490
3124 269
3125 261
3126 285
3127 286
3128 304
3129 326
3130 316
3131 306
3132 315
3133 339
3134 331
3135 324
3136 342
3137 343
3138 360
3139 370
3140 387
3141 395
3142 415
3143 428
3144 432
3145 442
3146 449
3147 448
3148 438
3149 440
3150 445
3151 463
3152 152
3153 177
3154 189
3155 211
3156 206
3157 227
3158 217
3159 223
3160 219
3161 211
3162 235
3163 253
3164 266
3165 281
3166 289
3167 313
3168 314
3169 309
3170 324
3171 315
3172 339
3173 340
3174 364
3175 387
3176 385
3177 395
3178 393
3179 415
3180 416
3181 421
3182 443
3183 448
3184 466
3185 459
3186 466
3187 474
3188 492
3189 517
3190 533
3191 536
3192 527
3193 517
3194 524
3195 542
3196 567
3197 576
3198 575
3199 568
3200 398
3201 406
3202 417
3203 436
3204 437
3205 453
3206 445
3207 460
3208 471
3209 491
3210 495
3211 501
3212 494
3213 510
3214 515
3215 511
3216 533
3217 546
3218 543
3219 560
3220 562
3221 566
3222 558
3223 562
3224 563
3225 557
3226 550
3227 556
3228 571
3229 588
3230 580
3231 579
3232 603
3233 608
3234 621
3235 635
3236 659
3237 671
3238 678
3239 700
3240 719
3241 716
3242 735
3243 745
3244 763
3245 413
3246 412
3247 406
3248 398
3249 422
3250 438
3251 443
3252 444
3253 450
3254 351
3255 345
3256 360
3257 355
3258 367
3259 380
3260 371
3261 396
3262 401
3263 424
3264 447
3265 442
3266 454
3267 460
3268 468
3269 475
3270 489
3271 480
3272 493
3273 490
3274 513
3275 522
3276 523
3277 535
3278 536
3279 528
3280 522
3281 517
3282 514
3283 515
3284 534
3285 546
3286 565
3287 584
3288 590
3289 595
3290 370
3291 381
3292 377
3293 388
3294 390
3295 383
3296 399
3297 408
3298 428
3299 440
3300 462
3301 452
3302 453
3303 458
3304 476
3305 479
3306 480
3307 487
3308 510
3309 506
3310 512
3311 527
3312 534
3313 550
3314 543
3315 556
3316 551
3317 561
3318 569
3319 592
3320 596
3321 611
3322 617
3323 396
3324 363
3325 358
3326 351
3327 350
3328 362
3329 363
3330 378
3331 388
3332 384
3333 333
3334 343
3335 339
3336 355
3337 369
3338 389
3339 403
3340 420
3341 424
3342 436
3343 440
3344 450
3345 449
3346 469
3347 470
3348 486
3349 503
3350 522
3351 521
3352 527
3353 548
3354 553
3355 554
3356 551
3357 542
3358 553
3359 550
3360 567
3361 563
3362 574
3363 588
3364 587
3365 607
3366 619
3367 622
3368 421
3369 432
3370 449
3371 458
3372 480
3373 481
3374 471
3375 485
3376 502
3377 507
3378 508
3379 533
3380 465
3381 457
3382 455
3383 107
3384 103
3385 113
3386 106
3387 110
3388 105
3389 125
3390 142
3391 143
3392 161
3393 175
3394 179
3395 180
3396 191
3397 195
3398 206
3399 231
3400 253
3401 256
3402 254
3403 274
3404 287
3405 301
3406 313
3407 321
3408 337
3409 349
3410 339
3411 353
3412 344
3413 339
3414 361
3415 372
3416 367
3417 373
3418 371
3419 375
3420 388
3421 413
3422 414
3423 418
3424 432
3425 428
3426 429
3427 373
3428 389
3429 412
3430 393
3431 417
3432 419
3433 412
3434 434
3435 450
3436 444
3437 460
3438 454
3439 477
3440 479
3441 497
3442 520
3443 528
3444 520
3445 514
3446 517
3447 508
3448 520
3449 538
3450 542
3451 557
3452 553
3453 559
3454 583
3455 576
3456 567
3457 269
3458 279
3459 276
3460 269
3461 275
3462 272
3463 291
3464 283
3465 292
3466 291
3467 284
3468 283
3469 273
3470 287
3471 306
3472 319
3473 341
3474 363
3475 378
3476 400
3477 392
3478 382
3479 378
3480 389
3481 388
3482 379
3483 382
3484 384
3485 407
3486 406
3487 404
3488 395
3489 409
3490 402
3491 413
3492 432
3493 437
3494 461
3495 350
3496 358
3497 352
3498 348
3499 353
3500 364
3501 379
3502 389
3503 405
3504 410
3505 413
3506 418
3507 431
3508 427
3509 449
3510 457
3511 480
3512 492
3513 497
3514 506
3515 509
3516 504
3517 527
3518 517
3519 530
3520 549
3521 562
3522 579
3523 583
3524 599
3525 618
3526 616
3527 631
3528 625
3529 647
3530 654
3531 651
3532 676
3533 675
3534 455
3535 459
3536 463
3537 454
3538 449
3539 452
3540 476
3541 486
3542 489
3543 513
3544 534
3545 557
3546 567
3547 580
3548 581
3549 605
3550 596
3551 621
3552 643
3553 662
3554 501
3555 493
3556 483
3557 211
3558 232
3559 245
3560 269
3561 272
3562 288
3563 313
3564 338
3565 348
3566 351
3567 359
3568 373
3569 370
3570 390
3571 385
3572 388
3573 394
3574 392
3575 404
3576 415
3577 416
3578 436
3579 438
3580 429
3581 425
3582 378
3583 396
3584 394
3585 393
3586 415
3587 428
3588 452
3589 445
3590 444
3591 451
3592 470
3593 463
3594 252
3595 243
3596 245
3597 246
3598 259
3599 260
3600 252
3601 264
3602 261
3603 278
3604 302
3605 318
3606 314
3607 316
3608 341
3609 350
3610 361
3611 367
3612 374
3613 390
3614 400
3615 421
3616 422
3617 419
3618 428
3619 443
3620 434
3621 436
3622 221
3623 239
3624 261
3625 282
3626 275
3627 274
3628 273
3629 288
3630 280
3631 287
3632 299
3633 320
3634 332
3635 347
3636 362
3637 372
3638 391
3639 384
3640 405
3641 426
3642 447
3643 445
3644 437
3645 461
3646 430
3647 433
3648 457
3649 447
3650 469
3651 494
3652 487
3653 504
3654 495
3655 490
3656 509
3657 530
3658 520
3659 544
3660 556
3661 380
3662 384
3663 400
3664 399
3665 417
3666 420
3667 445
3668 464
3669 473
3670 495
3671 238
3672 229
3673 244
3674 237
3675 257
3676 248
3677 271
3678 267
3679 102
3680 94
3681 96
3682 97
3683 117
3684 133
3685 147
3686 139
3687 133
3688 135
3689 148
3690 145
3691 159
3692 156
3693 178
3694 200
3695 224
3696 247
3697 252
3698 262
3699 285
3700 286
3701 302
3702 318
3703 336
3704 337
3705 332
3706 354
3707 370
3708 374
3709 376
3710 390
3711 389
3712 393
3713 405
3714 409
3715 420
3716 423
3717 427
3718 426
3719 441
3720 461
3721 464
3722 454
3723 470
3724 490
3725 502
3726 513
3727 531
3728 540
3729 542
3730 299
3731 324
3732 328
3733 325
3734 340
3735 350
3736 258
3737 250
3738 255
3739 264
3740 268
3741 271
3742 292
3743 308
3744 329
3745 346
3746 353
3747 364
3748 372
3749 382
3750 402
3751 404
3752 423
3753 425
3754 422
3755 426
3756 444
3757 450
3758 448
3759 459
3760 474
3761 484
3762 497
3763 500
3764 521
3765 527
3766 547
3767 229
3768 135
3769 143
3770 144
3771 164
3772 165
3773 177
3774 170
3775 164
3776 169
3777 160
3778 181
3779 194
3780 217
3781 218
3782 232
3783 251
3784 256
3785 278
3786 303
3787 307
3788 322
3789 324
3790 314
3791 308
3792 303
3793 317
3794 337
3795 329
3796 334
3797 356
3798 376
3799 392
3800 402
3801 394
3802 414
3803 439
3804 438
3805 450
3806 466
3807 328
3808 335
3809 350
3810 343
3811 342
3812 333
3813 345
3814 366
3815 383
3816 378
3817 390
3818 395
3819 401
3820 409
3821 428
3822 432
3823 430
3824 425
3825 417
3826 438
3827 461
3828 455
3829 472
3830 482
3831 495
3832 512
3833 527
3834 535
3835 539
3836 546
3837 562
3838 570
3839 242
3840 258
3841 266
3842 289
3843 297
3844 291
3845 299
3846 296
3847 301
3848 305
3849 309
3850 315
3851 329
3852 326
3853 334
3854 333
3855 347
3856 348
3857 355
3858 216
3859 207
3860 232
3861 227
3862 244
3863 267
3864 259
3865 254
3866 259
3867 269
3868 290
3869 295
3870 293
3871 304
3872 297
3873 291
3874 283
3875 278
3876 295
3877 305
3878 316
3879 338
3880 331
3881 336
3882 337
3883 343
3884 360
3885 370
3886 395
3887 400
3888 415
3889 407
3890 417
3891 421
3892 443
3893 461
3894 455
3895 456
3896 449
3897 473
3898 487
3899 480
3900 486
3901 478
3902 502
3903 508
3904 518
3905 526
3906 527
3907 541
3908 563
3909 582
3910 593
3911 600
3912 277
3913 272
3914 283
3915 281
3916 294
3917 307
3918 317
3919 319
3920 344
3921 342
3922 364
3923 376
3924 389
3925 403
3926 400
3927 394
3928 385
3929 401
3930 392
3931 406
3932 405
3933 403
3934 404
3935 396
3936 397
3937 418
3938 432
3939 452
3940 469
3941 471
3942 470
3943 471
3944 466
3945 488
3946 479
3947 502
3948 518
3949 363
3950 379
3951 385
3952 406
3953 200
3954 214
3955 218
3956 237
3957 235
3958 257
3959 269
3960 270
3961 284
3962 282
3963 272
3964 297
3965 314
3966 305
3967 315
3968 310
3969 311
3970 284
3971 302
3972 324
3973 343
3974 348
3975 338
3976 353
3977 357
3978 366
3979 370
3980 392
3981 228
3982 250
3983 268
3984 265
3985 286
3986 296
3987 298
3988 311
3989 322
3990 338
3991 348
3992 358
3993 376
3994 393
3995 402
3996 403
3997 420
3998 435
3999 449
4000 456
4001 141
4002 131
4003 151
4004 146
4005 168
4006 163
4007 165
4008 174
4009 192
4010 203
4011 212
4012 228
4013 222
4014 229
4015 221
4016 234
4017 228
4018 222
4019 246
4020 253
4021 270
4022 285
4023 290
4024 296
4025 316
4026 329
4027 330
4028 331
4029 340
4030 342
4031 361
4032 356
4033 357
4034 352
4035 347
4036 355
4037 329
4038 322
4039 336
4040 338
4041 270
4042 264
4043 258
4044 273
4045 269
4046 266
4047 259
4048 283
4049 278
4050 276
4051 295
4052 305
4053 320
4054 311
4055 309
4056 330
4057 322
4058 320
4059 326
4060 323
4061 327
4062 330
4063 327
4064 317
4065 334
4066 349
4067 347
4068 364
4069 378
4070 369
4071 372
4072 285
4073 303
4074 309
4075 324
4076 316
4077 324
4078 334
4079 330
4080 333
4081 346
4082 351
4083 364
4084 385
4085 383
4086 397
4087 413
4088 430
4089 448
4090 438
4091 457
4092 472
4093 470
4094 485
4095 502
4096 506
4097 527
4098 540
4099 551
4100 541
4101 549
4102 550
4103 552
4104 560
4105 561
4106 580
4107 586
4108 589
4109 582
4110 588
4111 598
4112 621
4113 646
4114 599
4115 592
4116 585
4117 604
4118 605
4119 628
4120 637
4121 650
4122 652
4123 643
4124 450
4125 455
4126 469
4127 491
4128 486
4129 498
4130 501
4131 524
4132 521
4133 544
4134 568
4135 581
4136 346
4137 364
4138 384
4139 375
4140 379
4141 398
4142 390
4143 415
4144 398
4145 405
4146 430
4147 420
4148 417
4149 426
4150 442
4151 441
4152 433
4153 437
4154 455
4155 461
4156 481
4157 501
4158 514
4159 536
4160 552
4161 547
4162 477
4163 492
4164 487
4165 457
4166 472
4167 476
4168 486
4169 503
4170 525
4171 521
4172 545
4173 556
4174 571
4175 590
4176 604
4177 620
4178 621
4179 614
4180 612
4181 630
4182 622
4183 618
4184 637
4185 638
4186 652
4187 660
4188 671
4189 665
4190 285
4191 290
4192 309
4193 325
4194 344
4195 358
4196 380
4197 373
4198 389
4199 412
4200 407
4201 418
4202 435
4203 436
4204 447
4205 468
4206 473
4207 459
4208 468
4209 470
4210 463
4211 485
4212 510
4213 516
4214 517
4215 525
4216 543
4217 544
4218 552
4219 545
4220 562
4221 586
4222 584
4223 592
4224 608
4225 516
4226 534
4227 547
4228 550
4229 554
4230 573
4231 597
4232 605
4233 615
4234 636
4235 641
4236 642
4237 643
4238 641
4239 651
4240 260
4241 256
4242 264
4243 278
4244 270
4245 290
4246 304
4247 312
4248 305
4249 207
4250 197
4251 214
4252 239
4253 254
4254 259
4255 268
4256 282
4257 277
4258 278
4259 280
4260 298
4261 299
4262 317
4263 335
4264 354
4265 374
4266 384
4267 386
4268 406
4269 413
4270 415
4271 408
4272 423
4273 424
4274 416
4275 423
4276 425
4277 426
4278 427
4279 424
4280 445
4281 463
4282 457
4283 459
4284 482
4285 480
4286 489
4287 499
4288 153
4289 155
4290 170
4291 195
4292 197
4293 210
4294 224
4295 218
4296 240
4297 232
4298 242
4299 256
4300 246
4301 271
4302 228
4303 229
4304 221
4305 211
4306 234
4307 230
4308 247
4309 256
4310 271
4311 280
4312 278
4313 270
4314 267
4315 264
4316 274
4317 289
4318 285
4319 292
4320 284
4321 308
4322 327
4323 335
4324 325
4325 322
4326 336
4327 354
4328 360
4329 379
4330 401
4331 399
4332 408
4333 432
4334 442
4335 439
4336 438
4337 448
4338 467
4339 479
4340 407
4341 419
4342 428
4343 429
4344 433
4345 425
4346 438
4347 461
4348 460
4349 479
4350 473
4351 470
4352 379
4353 386
4354 391
4355 401
4356 402
4357 416
4358 412
4359 410
4360 412
4361 416
4362 409
4363 427
4364 441
4365 437
4366 449
4367 450
4368 471
4369 482
4370 475
4371 500
4372 506
4373 510
4374 511
4375 345
4376 349
4377 373
4378 393
4379 417
4380 441
4381 447
4382 465
4383 466
4384 472
4385 497
4386 491
4387 469
4388 473
4389 472
4390 478
4391 469
4392 490
4393 493
4394 505
4395 517
4396 524
4397 537
4398 538
4399 442
4400 453
4401 451
4402 475
4403 495
4404 509
4405 519
4406 517
4407 536
4408 543
4409 559
4410 571
4411 570
4412 594
4413 611
4414 608
4415 617
4416 627
4417 628
4418 642
4419 484
4420 495
4421 520
4422 516
4423 386
4424 409
4425 403
4426 407
4427 422
4428 428
4429 448
4430 464
4431 475
4432 486
4433 506
4434 514
4435 528
4436 541
4437 556
4438 560
4439 568
4440 576
4441 569
4442 570
4443 113
4444 126
4445 143
4446 154
4447 137
4448 154
4449 151
4450 147
4451 164
4452 189
4453 201
4454 214
4455 225
4456 220
4457 221
4458 217
4459 208
4460 215
4461 208
4462 202
4463 213
4464 238
4465 258
4466 280
4467 287
4468 295
4469 293
4470 285
4471 287
4472 300
4473 318
4474 327
4475 335
4476 340
4477 363
4478 379
4479 371
4480 391
4481 390
4482 380
4483 395
4484 413
4485 279
4486 294
4487 299
4488 324
4489 337
4490 338
4491 356
4492 372
4493 371
4494 367
4495 364
4496 363
4497 356
4498 346
4499 209
4500 213
4501 236
4502 245
4503 266
4504 278
4505 286
4506 295
4507 310
4508 331
4509 329
4510 338
4511 328
4512 334
4513 326
4514 336
4515 342
4516 345
4517 340
4518 365
4519 386
4520 397
4521 403
4522 404
4523 403
4524 419
4525 443
4526 446
4527 453
4528 452
4529 476
4530 487
4531 498
4532 497
4533 494
4534 506
4535 518
4536 508
4537 510
4538 509
4539 534
4540 119
4541 117
4542 137
4543 128
4544 127
4545 137
4546 127
4547 148
4548 138
4549 136
4550 126
4551 125
4552 130
4553 136
4554 154
4555 145
4556 164
4557 157
4558 159
4559 158
4560 171
4561 181
4562 173
4563 187
4564 207
4565 212
4566 226
4567 248
4568 259
4569 252
4570 269
4571 292
4572 299
4573 295
4574 319
4575 331
4576 323
4577 345
4578 353
4579 364
4580 376
4581 379
4582 376
4583 377
4584 382
4585 398
4586 423
4587 425
4588 434
4589 456
4590 470
4591 483
4592 500
4593 292
4594 307
4595 331
4596 340
4597 349
4598 360
4599 354
4600 374
4601 381
4602 371
4603 379
4604 370
4605 371
4606 381
4607 374
4608 357
4609 366
4610 388
4611 393
4612 385
4613 398
4614 388
4615 413
4616 408
4617 420
4618 426
4619 420
4620 418
4621 419
4622 438
4623 292
4624 316
4625 320
4626 318
4627 311
4628 317
4629 320
4630 341
4631 354
4632 370
4633 367
4634 298
4635 301
4636 307
4637 311
4638 327
4639 328
4640 332
4641 356
4642 360
4643 368
4644 380
4645 271
4646 293
4647 285
4648 110
4649 105
4650 97
4651 116
4652 126
4653 129
4654 127
4655 152
4656 148
4657 150
4658 175
4659 172
4660 177
4661 174
4662 171
4663 191
4664 200
4665 215
4666 221
4667 225
4668 232
4669 241
4670 249
4671 267
4672 271
4673 279
4674 280
4675 284
4676 308
4677 326
4678 347
4679 345
4680 341
4681 359
4682 368
4683 388
4684 404
4685 396
4686 415
4687 409
4688 399
4689 403
4690 404
4691 397
4692 411
4693 402
4694 413
4695 431
4696 443
4697 465
4698 291
4699 308
4700 317
4701 335
4702 330
4703 321
4704 322
4705 330
4706 320
4707 310
4708 309
4709 308
4710 314
4711 308
4712 301
4713 310
4714 315
4715 305
4716 295
4717 304
4718 321
4719 314
4720 307
4721 325
4722 338
4723 354
4724 375
4725 400
4726 420
4727 424
4728 441
4729 458
4730 455
4731 451
4732 444
4733 441
4734 440
4735 438
4736 460
4737 471
4738 491
4739 511
4740 510
4741 528
4742 550
4743 562
4744 556
4745 558
4746 559
4747 563
4748 557
4749 550
4750 548
4751 550
4752 551
4753 574
4754 592
4755 598
4756 487
4757 506
4758 526
4759 544
4760 542
4761 567
4762 581
4763 579
4764 591
4765 581
4766 589
4767 591
4768 595
4769 375
4770 383
4771 400
4772 410
4773 405
4774 413
4775 403
4776 410
4777 404
4778 407
4779 399
4780 412
4781 411
4782 407
4783 403
4784 426
4785 427
4786 431
4787 422
4788 416
4789 409
4790 400
4791 414
4792 406
4793 421
4794 438
4795 155
4796 158
4797 173
4798 168
4799 193
4800 189
4801 197
4802 195
4803 204
4804 205
4805 211
4806 214
4807 212
4808 211
4809 214
4810 213
4811 204
4812 210
4813 231
4814 225
4815 231
4816 235
4817 250
4818 266
4819 264
4820 266
4821 279
4822 291
4823 286
4824 290
4825 308
4826 317
4827 327
4828 349
4829 242
4830 247
4831 266
4832 271
4833 267
4834 268
4835 261
4836 269
4837 275
4838 269
4839 289
4840 287
4841 284
4842 293
4843 287
4844 310
4845 315
4846 311
4847 302
4848 300
4849 317
4850 308
4851 315
4852 333
4853 327
4854 345
4855 365
4856 388
4857 395
4858 409
4859 433
4860 442
4861 445
4862 438
4863 449
4864 446
4865 468
4866 480
4867 472
4868 462
4869 480
4870 495
4871 496
4872 511
4873 508
4874 518
4875 523
4876 541
4877 557
4878 558
4879 564
4880 555
4881 576
4882 594
4883 600
4884 423
4885 422
4886 436
4887 428
4888 427
4889 425
4890 436
4891 437
4892 394
4893 417
4894 426
4895 443
4896 462
4897 487
4898 511
4899 534
4900 530
4901 543
4902 553
4903 570
4904 572
4905 342
4906 360
4907 361
4908 351
4909 353
4910 373
4911 387
4912 409
4913 425
4914 441
4915 442
4916 252
4917 157
4918 169
4919 162
4920 171
4921 180
4922 202
4923 220
4924 232
4925 252
4926 254
4927 253
4928 278
4929 280
4930 286
4931 296
4932 308
4933 309
4934 321
4935 334
4936 170
4937 192
4938 185
4939 200
4940 222
4941 223
4942 214
4943 216
4944 239
4945 233
4946 232
4947 226
4948 250
4949 269
4950 270
4951 286
4952 285
4953 296
4954 321
4955 311
4956 314
4957 317
4958 340
4959 361
4960 356
4961 370
4962 395
4963 394
4964 391
4965 414
4966 435
4967 443
4968 468
4969 469
4970 480
4971 504
4972 513
4973 507
4974 497
4975 522
4976 519
4977 535
4978 545
4979 565
4980 573
4981 565
4982 580
4983 599
4984 609
4985 607
4986 603
4987 620
4988 616
4989 627
4990 143
4991 144
4992 138
4993 148
4994 169
4995 190
4996 182
4997 190
4998 184
4999 194
5000 219
5001 242
5002 244
5003 260
5004 284
5005 303
5006 306
5007 314
5008 337
5009 345
5010 368
5011 374
5012 129
5013 131
5014 121
5015 137
5016 154
5017 156
5018 173
5019 169
5020 194
5021 206
5022 203
5023 217
5024 209
5025 206
5026 203
5027 210
5028 220
5029 226
5030 238
5031 259
5032 277
5033 281
5034 277
5035 278
5036 279
5037 277
5038 294
5039 305
5040 297
5041 295
5042 319
5043 334
5044 332
5045 346
5046 339
5047 353
5048 357
5049 356
5050 354
5051 374
5052 379
5053 395
5054 387
5055 399
5056 397
5057 422
5058 441
5059 460
5060 479
5061 471
5062 464
5063 456
5064 478
5065 471
5066 472
5067 495
5068 510
5069 514
5070 529
5071 292
5072 308
5073 313
5074 308
5075 310
5076 316
5077 321
5078 339
5079 340
5080 343
5081 359
5082 366
5083 364
5084 368
5085 377
5086 396
5087 405
5088 411
5089 417
5090 422
5091 431
5092 429
5093 453
5094 455
5095 463
5096 460
5097 466
5098 482
5099 477
5100 489
5101 490
5102 502
5103 509
5104 372
5105 366
5106 383
5107 392
5108 394
5109 411
5110 412
5111 426
5112 274
5113 275
5114 295
5115 308
5116 301
5117 318
5118 335
5119 328
5120 330
5121 333
5122 329
5123 319
5124 167
5125 190
5126 199
5127 190
5128 206
5129 204
5130 203
5131 204
5132 206
5133 225
5134 220
5135 215
5136 216
5137 238
5138 239
5139 259
5140 267
5141 276
5142 275
5143 289
5144 280
5145 303
5146 315
5147 306
5148 330
5149 331
5150 333
5151 324
5152 327
5153 350
5154 375
5155 390
5156 385
5157 407
5158 412
5159 420
5160 428
5161 438
5162 435
5163 442
5164 132
5165 139
5166 147
5167 150
5168 172
5169 163
5170 171
5171 194
5172 212
5173 231
5174 229
5175 246
5176 270
5177 280
5178 296
5179 304
5180 329
5181 353
5182 344
5183 276
5184 280
5185 281
5186 292
5187 317
5188 307
5189 327
5190 332
5191 351
5192 348
5193 343
5194 349
5195 368
5196 387
5197 386
5198 410
5199 402
5200 410
5201 408
5202 424
5203 425
5204 372
5205 373
5206 397
5207 399
5208 419
5209 427
5210 428
5211 399
5212 419
5213 410
5214 411
5215 425
5216 441
5217 267
5218 265
5219 274
5220 294
5221 293
5222 288
5223 289
5224 300
5225 295
5226 303
5227 317
5228 314
5229 311
5230 326
5231 350
5232 358
5233 372
5234 377
5235 379
5236 403
5237 411
5238 410
5239 416
5240 428
5241 439
5242 437
5243 441
5244 440
5245 452
5246 467
5247 489
5248 496
5249 520
5250 510
5251 519
5252 530
5253 551
5254 566
5255 560
5256 367
5257 392
5258 409
5259 404
5260 408
5261 430
5262 426
5263 431
5264 451
5265 441
5266 443
5267 465
5268 455
5269 474
5270 495
5271 463
5272 469
5273 471
5274 470
5275 488
5276 495
5277 485
5278 506
5279 523
5280 545
5281 570
5282 574
5283 598
5284 613
5285 609
5286 606
5287 599
5288 281
5289 284
5290 302
5291 312
5292 316
5293 315
5294 338
5295 356
5296 369
5297 367
5298 372
5299 366
5300 371
5301 372
5302 375
5303 390
5304 389
5305 381
5306 389
5307 390
5308 385
5309 380
5310 379
5311 392
5312 416
5313 430
5314 446
5315 470
5316 469
5317 461
5318 475
5319 491
5320 516
5321 513
5322 510
5323 511
5324 523
5325 536
5326 535
5327 529
5328 546
5329 563
5330 564
5331 568
5332 574
5333 583
5334 602
5335 613
5336 191
5337 182
5338 183
5339 191
5340 192
5341 193
5342 209
5343 206
5344 205
5345 209
5346 220
5347 238
5348 252
5349 266
5350 290
5351 283
5352 291
5353 297
5354 321
5355 326
5356 339
5357 359
5358 351
5359 374
5360 385
5361 408
5362 427
5363 429
5364 440
5365 465
5366 484
5367 507
5368 528
5369 547
5370 555
5371 560
5372 563
5373 581
5374 596
5375 609
5376 600
5377 622
5378 619
5379 625
5380 620
5381 638
5382 650
5383 670
5384 695
5385 705
5386 718
5387 737
5388 746
5389 750
5390 773
5391 764
5392 778
5393 523
5394 535
5395 278
5396 273
5397 296
5398 303
5399 302
5400 298
5401 313
5402 332
5403 323
5404 332
5405 328
5406 339
5407 353
5408 368
5409 385
5410 403
5411 399
5412 401
5413 426
5414 427
5415 439
5416 410
5417 400
5418 399
5419 407
5420 410
5421 421
5422 420
5423 427
5424 436
5425 427
5426 425
5427 431
5428 423
5429 434
5430 448
5431 455
5432 461
5433 209
5434 206
5435 196
5436 204
5437 205
5438 221
5439 241
5440 260
5441 274
5442 282
5443 291
5444 290
5445 288
5446 302
5447 300
5448 292
5449 282
5450 279
5451 280
5452 295
5453 293
5454 313
5455 304
5456 295
5457 314
5458 330
5459 322
5460 323
5461 335
5462 354
5463 358
5464 379
5465 371
5466 368
5467 372
5468 367
5469 391
5470 405
5471 397
5472 419
5473 85
5474 79
5475 83
5476 92
5477 82
5478 79
5479 82
5480 96
5481 105
5482 106
5483 98
5484 88
5485 107
5486 126
5487 148
5488 156
5489 179
5490 175
5491 179
5492 180
5493 173
5494 197
5495 222
5496 230
5497 238
5498 239
5499 257
5500 268
5501 287
5502 292
5503 303
5504 306
5505 308
5506 324
5507 335
5508 332
5509 329
5510 342
5511 337
5512 352
5513 348
5514 362
5515 364
5516 383
5517 386
5518 383
5519 394
5520 395
5521 412
5522 422
5523 419
5524 420
5525 442
5526 394
5527 392
5528 388
5529 406
5530 420
5531 435
5532 440
5533 449
5534 473
5535 497
5536 241
5537 253
5538 254
5539 264
5540 276
5541 275
5542 281
5543 279
5544 286
5545 280
5546 297
5547 287
5548 284
5549 278
5550 297
5551 294
5552 312
5553 304
5554 296
5555 288
5556 289
5557 299
5558 318
5559 339
5560 354
5561 357
5562 348
5563 198
5564 206
5565 214
5566 206
5567 203
5568 199
5569 221
5570 246
5571 242
5572 247
5573 259
5574 257
5575 273
5576 267
5577 276
5578 282
5579 284
5580 286
5581 287
5582 301
5583 294
5584 300
5585 294
5586 291
5587 250
5588 264
5589 260
5590 257
5591 265
5592 268
5593 289
5594 313
5595 332
5596 333
5597 350
5598 355
5599 368
5600 391
5601 388
5602 389
5603 409
5604 400
5605 420
5606 432
5607 449
5608 466
5609 459
5610 458
5611 274
5612 292
5613 300
5614 320
5615 337
5616 328
5617 334
5618 335
5619 349
5620 374
5621 395
5622 389
5623 397
5624 412
5625 434
5626 451
5627 470
5628 484
5629 392
5630 416
5631 434
5632 436
5633 441
5634 459
5635 481
5636 471
5637 464
5638 487
5639 497
5640 520
5641 527
5642 536
5643 546
5644 559
5645 528
5646 533
5647 534
5648 531
5649 552
5650 565
5651 560
5652 571
5653 581
5654 577
5655 578
5656 595
5657 588
5658 583
5659 602
5660 601
5661 624
5662 636
5663 626
5664 623
5665 626
5666 616
5667 614
5668 573
5669 577
5670 591
5671 610
5672 601
5673 615
5674 635
5675 640
5676 643
5677 645
5678 204
5679 207
5680 199
5681 193
5682 212
5683 206
5684 202
5685 205
5686 202
5687 212
5688 203
5689 220
5690 229
5691 234
5692 258
5693 283
5694 275
5695 286
5696 280
5697 304
5698 324
5699 323
5700 333
5701 340
5702 341
5703 346
5704 352
5705 375
5706 374
5707 364
5708 378
5709 373
5710 383
5711 388
5712 392
5713 396
5714 398
5715 399
5716 417
5717 434
5718 442
5719 456
5720 468
5721 458
5722 464
5723 315
5724 312
5725 310
5726 325
5727 331
5728 328
5729 351
5730 367
5731 382
5732 374
5733 378
5734 381
5735 382
5736 374
5737 393
5738 410
5739 424
5740 430
5741 449
5742 460
5743 475
5744 467
5745 480
5746 210
5747 208
5748 207
5749 208
5750 218
5751 208
5752 224
5753 226
5754 233
5755 240
5756 249
5757 240
5758 235
5759 230
5760 225
5761 229
5762 227
5763 223
5764 233
5765 229
5766 254
5767 271
5768 263
5769 270
5770 265
5771 275
5772 297
5773 295
5774 293
5775 288
5776 287
5777 307
5778 319
5779 315
5780 323
5781 325
5782 344
5783 357
5784 358
5785 360
5786 383
5787 387
5788 378
5789 384
5790 405
5791 411
5792 401
5793 412
5794 309
5795 300
5796 314
5797 319
5798 313
5799 314
5800 312
5801 313
5802 328
5803 322
5804 345
5805 356
5806 319
5807 328
5808 332
5809 344
5810 369
5811 360
5812 372
5813 385
5814 399
5815 389
5816 411
5817 367
5818 392
5819 411
5820 405
5821 421
5822 446
5823 450
5824 469
5825 460
5826 323
5827 336
5828 356
5829 350
5830 370
5831 383
5832 407
5833 420
5834 444
5835 151
5836 150
5837 174
5838 176
5839 178
5840 195
5841 199
5842 191
5843 183
5844 195
5845 191
5846 216
5847 226
5848 250
5849 254
5850 274
5851 283
5852 302
5853 310
5854 303
5855 310
5856 101
5857 110
5858 133
5859 155
5860 180
5861 184
5862 194
5863 199
5864 206
5865 197
5866 202
5867 213
5868 214
5869 233
5870 252
5871 258
5872 267
5873 264
5874 275
5875 296
5876 286
5877 301
5878 292
5879 312
5880 333
5881 336
5882 357
5883 349
5884 351
5885 366
5886 371
5887 383
5888 405
5889 412
5890 421
5891 429
5892 448
5893 463
5894 454
5895 455
5896 457
5897 452
5898 449
5899 465
5900 479
5901 490
5902 511
5903 413
5904 411
5905 424
5906 383
5907 389
5908 391
5909 416
5910 407
5911 431
5912 432
5913 443
5914 415
5915 425
5916 423
5917 430
5918 420
5919 411
5920 291
5921 312
5922 309
5923 323
5924 335
5925 348
5926 359
5927 353
5928 152
5929 158
5930 173
5931 174
5932 179
5933 180
5934 176
5935 195
5936 194
5937 211
5938 202
5939 199
5940 209
5941 231
5942 227
5943 222
5944 241
5945 222
5946 223
5947 232
5948 247
5949 264
5950 276
5951 295
5952 318
5953 315
5954 335
5955 355
5956 352
5957 350
5958 349
5959 342
5960 345
5961 223
5962 247
5963 272
5964 282
5965 286
5966 305
5967 306
5968 300
5969 299
5970 293
5971 291
5972 282
5973 299
5974 324
5975 349
5976 351
5977 357
5978 351
5979 341
5980 342
5981 345
5982 351
5983 362
5984 377
5985 389
5986 382
5987 403
5988 422
5989 420
5990 439
5991 444
5992 434
5993 438
5994 433
5995 437
5996 434
5997 427
5998 419
5999 362
6000 370
6001 372
6002 389
6003 408
6004 402
6005 396
6006 417
6007 439
6008 431
6009 430
6010 424
6011 426
6012 433
6013 453
6014 465
6015 483
6016 497
6017 500
6018 505
6019 503
6020 528
6021 520
6022 516
6023 507
6024 499
6025 496
6026 493
6027 375
6028 386
6029 150
6030 153
6031 177
6032 191
6033 197
6034 202
6035 226
6036 234
6037 235
6038 236
6039 249
6040 253
6041 272
6042 271
6043 280
6044 286
6045 287
6046 288
6047 285
6048 297
6049 302
6050 293
6051 304
6052 302
6053 301
6054 314
6055 328
6056 290
6057 303
6058 323
6059 331
6060 334
6061 336
6062 352
6063 349
6064 365
6065 382
6066 399
6067 404
6068 261
6069 265
6070 289
6071 313
6072 311
6073 328
6074 352
6075 165
6076 160
6077 150
6078 171
6079 172
6080 184
6081 182
6082 179
6083 186
6084 181
6085 182
6086 175
6087 171
6088 192
6089 207
6090 202
6091 213
6092 222
6093 215
6094 214
6095 206
6096 197
6097 217
6098 223
6099 215
6100 212
6101 231
6102 253
6103 264
6104 266
6105 273
6106 297
6107 290
6108 311
6109 297
6110 289
6111 302
6112 304
6113 234
6114 227
6115 231
6116 235
6117 255
6118 254
6119 264
6120 265
6121 266
6122 273
6123 274
6124 292
6125 290
6126 282
6127 292
6128 301
6129 308
6130 332
6131 336
6132 346
6133 361
6134 234
6135 247
6136 257
6137 273
6138 293
6139 314
6140 323
6141 345
6142 317
6143 333
6144 334
6145 325
6146 346
6147 362
6148 358
6149 362
6150 376
6151 394
6152 400
6153 269
6154 285
6155 298
6156 303
6157 297
6158 304
6159 303
6160 297
6161 299
6162 302
6163 305
6164 299
6165 324
6166 338
6167 339
6168 349
6169 350
6170 351
6171 364
6172 389
6173 385
6174 377
6175 373
6176 387
6177 378
6178 383
6179 86
6180 110
6181 114
6182 118
6183 111
6184 133
6185 134
6186 124
6187 118
6188 141
6189 134
6190 144
6191 166
6192 169
6193 164
6194 181
6195 203
6196 205
6197 220
6198 243
6199 265
6200 284
6201 309
6202 328
6203 353
6204 347
6205 355
6206 364
6207 383
6208 397
6209 251
6210 250
6211 249
6212 257
6213 268
6214 197
6215 218
6216 231
6217 241
6218 232
6219 233
6220 234
6221 243
6222 241
6223 231
6224 256
6225 274
6226 285
6227 301
6228 296
6229 295
6230 290
6231 291
6232 284
6233 96
6234 111
6235 128
6236 133
6237 127
6238 125
6239 122
6240 113
6241 111
6242 107
6243 69
6244 70
6245 72
6246 67
6247 69
6248 94
6249 96
6250 89
6251 101
6252 123
6253 133
6254 141
6255 156
6256 168
6257 159
6258 175
6259 169
6260 182
6261 202
6262 207
6263 229
6264 223
6265 246
6266 256
6267 259
6268 278
6269 291
6270 288
6271 305
6272 304
6273 321
6274 312
6275 318
6276 336
6277 331
6278 346
6279 350
6280 188
6281 201
6282 199
6283 223
6284 199
6285 207
6286 202
6287 208
6288 207
6289 215
6290 238
6291 231
6292 233
6293 177
6294 170
6295 180
6296 171
6297 167
6298 162
6299 158
6300 165
6301 186
6302 183
6303 200
6304 207
6305 209
6306 207
6307 203
6308 222
6309 231
6310 232
6311 233
6312 131
6313 135
6314 134
6315 150
6316 156
6317 155
6318 175
6319 190
6320 199
6321 203
6322 217
6323 207
6324 215
6325 223
6326 214
6327 221
6328 240
6329 243
6330 241
6331 245
6332 250
6333 241
6334 253
6335 268
6336 269
6337 274
6338 293
6339 305
6340 314
6341 309
6342 333
6343 345
6344 344
6345 358
6346 372
6347 384
6348 397
6349 409
6350 433
6351 427
6352 448
6353 449
6354 451
6355 473
6356 474
6357 475
6358 496
6359 418
6360 443
6361 464
6362 469
6363 485
6364 482
6365 486
6366 321
6367 345
6368 335
6369 345
6370 229
6371 203
6372 216
6373 222
6374 240
6375 246
6376 257
6377 273
6378 294
6379 296
6380 286
6381 305
6382 329
6383 335
6384 359
6385 369
6386 365
6387 356
6388 346
6389 362
6390 373
6391 374
6392 375
6393 370
6394 388
6395 378
6396 370
6397 362
6398 359
6399 350
6400 258
6401 281
6402 290
6403 303
6404 294
6405 285
6406 307
6407 320
6408 315
6409 333
6410 357
6411 361
6412 351
6413 374
6414 396
6415 413
6416 429
6417 450
6418 443
6419 444
6420 461
6421 464
6422 463
6423 364
6424 387
6425 399
6426 417
6427 413
6428 419
6429 439
6430 462
6431 458
6432 461
6433 473
6434 464
6435 124
6436 123
6437 142
6438 152
6439 165
6440 157
6441 168
6442 181
6443 178
6444 169
6445 180
6446 202
6447 196
6448 191
6449 181
6450 175
6451 185
6452 180
6453 193
6454 207
6455 214
6456 206
6457 197
6458 202
6459 211
6460 201
6461 221
6462 228
6463 225
6464 215
6465 230
6466 231
6467 251
6468 246
6469 251
6470 246
6471 247
6472 255
6473 249
6474 248
6475 250
6476 245
6477 263
6478 204
6479 195
6480 193
6481 194
6482 195
6483 217
6484 242
6485 243
6486 236
6487 230
6488 248
6489 250
6490 252
6491 255
6492 270
6493 277
6494 284
6495 300
6496 320
6497 313
6498 307
6499 317
6500 323
6501 313
6502 320
6503 339
6504 333
6505 337
6506 355
6507 365
6508 378
6509 393
6510 326
6511 329
6512 321
6513 332
6514 327
6515 337
6516 332
6517 355
6518 365
6519 292
6520 298
6521 318
6522 340
6523 346
6524 371
6525 394
6526 397
6527 414
6528 434
6529 457
6530 455
6531 330
6532 346
6533 358
6534 381
6535 375
6536 392
6537 409
6538 414
6539 416
6540 405
6541 395
6542 409
6543 430
6544 431
6545 455
6546 466
6547 472
6548 482
6549 486
6550 507
6551 528
6552 306
6553 310
6554 311
6555 306
6556 320
6557 327
6558 334
6559 328
6560 344
6561 338
6562 336
6563 359
6564 382
6565 378
6566 377
6567 384
6568 396
6569 250
6570 263
6571 286
6572 278
6573 291
6574 254
6575 273
6576 267
6577 288
6578 281
6579 200
6580 203
6581 224
6582 226
6583 225
6584 240
6585 243
6586 268
6587 272
6588 290
6589 291
6590 297
6591 308
6592 322
6593 338
6594 345
6595 338
6596 345
6597 346
6598 353
6599 371
6600 387
6601 393
6602 407
6603 417
6604 435
6605 458
6606 471
6607 492
6608 482
6609 502
6610 520
6611 519
6612 541
6613 539
6614 549
6615 554
6616 351
6617 369
6618 371
6619 378
6620 395
6621 385
6622 386
6623 395
6624 240
6625 233
6626 224
6627 231
6628 253
6629 254
6630 277
6631 280
6632 285
6633 282
6634 292
6635 283
6636 281
6637 292
6638 308
6639 316
6640 325
6641 347
6642 349
6643 340
6644 238
6645 236
6646 234
6647 235
6648 248
6649 244
6650 240
6651 247
6652 258
6653 283
6654 273
6655 279
6656 292
6657 36
6658 29
6659 19
6660 27
6661 20
6662 21
6663 24
6664 23
6665 28
6666 27
6667 50
6668 62
6669 61
6670 62
6671 71
6672 85
6673 99
6674 98
6675 111
6676 112
6677 134
6678 135
6679 152
6680 155
6681 164
6682 165
6683 176
6684 171
6685 188
6686 187
6687 207
6688 217
6689 213
6690 228
6691 219
6692 233
6693 223
6694 245
6695 240
6696 232
6697 253
6698 274
6699 272
6700 284
6701 275
6702 278
6703 279
6704 278
6705 277
6706 274
6707 275
6708 284
6709 283
6710 273
6711 283
6712 280
6713 278
6714 279
6715 303
6716 304
6717 254
6718 270
6719 290
6720 91
6721 116
6722 119
6723 133
6724 144
6725 137
6726 128
6727 144
6728 163
6729 170
6730 188
6731 187
6732 201
6733 209
6734 203
6735 228
6736 233
6737 234
6738 258
6739 254
6740 245
6741 261
6742 252
6743 269
6744 294
6745 295
6746 320
6747 330
6748 324
6749 314
6750 333
6751 335
6752 332
6753 325
6754 338
6755 348
6756 355
6757 365
6758 383
6759 387
6760 342
6761 341
6762 311
6763 315
6764 311
6765 325
6766 341
6767 353
6768 364
6769 366
6770 379
6771 384
6772 276
6773 295
6774 287
6775 304
6776 310
6777 333
6778 345
6779 357
6780 358
6781 372
6782 378
6783 389
6784 383
6785 398
6786 299
6787 316
6788 338
6789 362
6790 386
6791 380
6792 403
6793 411
6794 421
6795 431
6796 425
6797 440
6798 438
6799 462
6800 479
6801 496
6802 488
6803 510
6804 507
6805 520
6806 512
6807 511
6808 535
6809 526
6810 525
6811 529
6812 537
6813 530
6814 554
6815 547
6816 281
6817 276
6818 285
6819 298
6820 299
6821 321
6822 333
6823 340
6824 365
6825 366
6826 389
6827 336
6828 361
6829 355
6830 352
6831 246
6832 237
6833 258
6834 274
6835 279
6836 289
6837 299
6838 320
6839 324
6840 343
6841 334
6842 328
6843 323
6844 271
6845 270
6846 280
6847 272
6848 281
6849 301
6850 291
6851 311
6852 322
6853 296
6854 291
6855 293
6856 156
6857 159
6858 165
6859 166
6860 169
6861 183
6862 193
6863 195
6864 216
6865 210
6866 228
6867 229
6868 252
6869 247
6870 256
6871 248
6872 267
6873 287
6874 288
6875 285
6876 282
6877 275
6878 279
6879 289
6880 311
6881 326
6882 324
6883 319
6884 326
6885 334
6886 324
6887 344
6888 359
6889 130
6890 141
6891 162
6892 165
6893 160
6894 162
6895 164
6896 178
6897 173
6898 178
6899 202
6900 214
6901 233
6902 253
6903 255
6904 268
6905 280
6906 297
6907 291
6908 305
6909 298
6910 319
6911 322
6912 323
6913 318
6914 342
6915 348
6916 357
6917 358
6918 352
6919 369
6920 387
6921 410
6922 404
6923 396
6924 401
6925 406
6926 405
6927 426
6928 418
6929 255
6930 273
6931 297
6932 291
6933 309
6934 303
6935 307
6936 300
6937 317
6938 318
6939 335
6940 340
6941 362
6942 355
6943 354
6944 372
6945 392
6946 385
6947 398
6948 404
6949 420
6950 416
6951 419
6952 422
6953 414
6954 439
6955 453
6956 478
6957 503
6958 198
6959 219
6960 237
6961 228
6962 237
6963 242
6964 245
6965 261
6966 229
6967 244
6968 237
6969 249
6970 244
6971 238
6972 240
6973 231
6974 247
6975 256
6976 157
6977 158
6978 183
6979 181
6980 202
6981 227
6982 247
6983 251
6984 252
6985 266
6986 149
6987 142
6988 160
6989 153
6990 144
6991 166
6992 186
6993 190
6994 188
6995 196
6996 197
6997 213
6998 229
6999 220
7000 215
7001 220
7002 211
7003 205
7004 229
7005 223
7006 227
7007 244
7008 267
7009 257
7010 250
7011 264
7012 267
7013 288
7014 303
7015 299
7016 311
7017 335
7018 281
7019 283
7020 274
7021 282
7022 297
7023 167
7024 183
7025 192
7026 203
7027 204
7028 212
7029 216
7030 240
7031 248
7032 269
7033 259
7034 252
7035 272
7036 296
7037 304
7038 316
7039 330
7040 349
7041 366
7042 367
7043 360
7044 361
7045 365
7046 372
7047 389
7048 382
7049 378
7050 371
7051 239
7052 253
7053 254
7054 250
7055 268
7056 282
7057 304
7058 305
7059 306
7060 307
7061 309
7062 321
7063 314
7064 323
7065 333
7066 329
7067 335
7068 360
7069 377
7070 383
7071 266
7072 274
7073 282
7074 185
7075 176
7076 173
7077 170
7078 171
7079 195
7080 205
7081 210
7082 218
7083 232
7084 228
7085 244
7086 253
7087 262
7088 148
7089 167
7090 169
7091 188
7092 201
7093 216
7094 224
7095 242
7096 250
7097 255
7098 276
7099 286
7100 309
7101 331
7102 355
7103 364
7104 368
7105 276
7106 289
7107 290
7108 306
7109 296
7110 313
7111 319
7112 252
7113 272
7114 279
7115 293
7116 296
7117 304
7118 327
7119 342
7120 352
7121 358
7122 363
7123 371
7124 391
7125 408
7126 425
7127 428
7128 222
7129 244
7130 242
7131 260
7132 252
7133 255
7134 280
7135 301
7136 320
7137 324
7138 325
7139 291
7140 297
7141 294
7142 317
7143 340
7144 337
7145 362
7146 161
7147 158
7148 155
7149 158
7150 174
7151 187
7152 185
7153 198
7154 206
7155 228
7156 234
7157 252
7158 256
7159 269
7160 284
7161 291
7162 292
7163 248
7164 270
7165 287
7166 294
7167 293
7168 300
7169 292
7170 287
7171 306
7172 310
7173 314
7174 339
7175 363
7176 309
7177 333
7178 249
7179 257
7180 258
7181 263
7182 264
7183 265
7184 258
7185 272
7186 263
7187 282
7188 272
7189 296
7190 287
7191 277
7192 246
7193 241
7194 266
7195 288
7196 297
7197 292
7198 312
7199 321
7200 346
7201 369
7202 362
7203 356
7204 365
7205 380
7206 381
7207 383
7208 396
7209 419
7210 437
7211 428
7212 435
7213 455
7214 303
7215 302
7216 311
7217 328
7218 333
7219 340
7220 341
7221 366
7222 360
7223 374
7224 368
7225 370
7226 361
7227 362
7228 375
7229 377
7230 396
7231 412
7232 436
7233 452
7234 445
7235 458
7236 480
7237 482
7238 496
7239 497
7240 496
7241 499
7242 502
7243 492
7244 490
7245 496
7246 376
7247 377
7248 380
7249 388
7250 409
7251 426
7252 441
7253 456
7254 394
7255 405
7256 382
7257 385
7258 387
7259 391
7260 410
7261 180
7262 195
7263 193
7264 207
7265 205
7266 206
7267 201
7268 192
7269 188
7270 208
7271 205
7272 214
7273 209
7274 199
7275 209
7276 205
7277 216
7278 236
7279 230
7280 223
7281 220
7282 242
7283 263
7284 268
7285 273
7286 266
7287 280
7288 300
7289 322
7290 336
7291 330
7292 198
7293 217
7294 232
7295 247
7296 258
7297 281
7298 285
7299 299
7300 322
7301 344
7302 356
7303 352
7304 376
7305 378
7306 401
7307 396
7308 421
7309 429
7310 453
7311 475
7312 467
7313 481
7314 306
7315 324
7316 333
7317 343
7318 366
7319 363
7320 375
7321 384
7322 390
7323 385
7324 396
7325 399
7326 400
7327 425
7328 433
7329 376
7330 370
7331 391
7332 403
7333 407
7334 427
7335 435
7336 449
7337 167
7338 186
7339 193
7340 191
7341 207
7342 215
7343 211
7344 227
7345 241
7346 249
7347 265
7348 282
7349 307
7350 322
7351 329
7352 331
7353 327
7354 347
7355 359
7356 365
7357 389
7358 414
7359 421
7360 286
7361 287
7362 282
7363 275
7364 292
7365 282
7366 272
7367 282
7368 301
7369 302
7370 303
7371 311
7372 323
7373 337
7374 348
7375 341
7376 337
7377 341
7378 336
7379 341
7380 331
7381 353
7382 356
7383 362
7384 354
7385 374
7386 291
7387 305
7388 330
7389 320
7390 319
7391 327
7392 347
7393 371
7394 389
7395 279
7396 269
7397 270
7398 283
7399 276
7400 280
7401 281
7402 282
7403 288
7404 290
7405 284
7406 296
7407 320
7408 279
7409 303
7410 318
7411 333
7412 337
7413 354
7414 372
7415 369
7416 153
7417 143
7418 145
7419 143
7420 157
7421 155
7422 159
7423 166
7424 174
7425 176
7426 166
7427 185
7428 190
7429 195
7430 212
7431 202
7432 213
7433 208
7434 225
7435 241
7436 236
7437 235
7438 249
7439 250
7440 256
7441 279
7442 303
7443 295
7444 299
7445 297
7446 314
7447 329
7448 331
7449 348
7450 362
7451 385
7452 387
7453 228
7454 218
7455 241
7456 263
7457 285
7458 289
7459 297
7460 305
7461 314
7462 325
7463 315
7464 316
7465 306
7466 90
7467 100
7468 117
7469 111
7470 112
7471 126
7472 143
7473 153
7474 168
7475 187
7476 178
7477 150
7478 140
7479 148
7480 155
7481 168
7482 171
7483 181
7484 205
7485 213
7486 212
7487 210
7488 211
7489 223
7490 227
7491 221
7492 211
7493 158
7494 166
7495 173
7496 166
7497 159
7498 178
7499 177
7500 191
7501 197
7502 199
7503 214
7504 206
7505 204
7506 95
7507 106
7508 96
7509 87
7510 108
7511 132
7512 128
7513 139
7514 146
7515 149
7516 171
7517 193
7518 213
7519 208
7520 215
7521 207
7522 231
7523 252
7524 256
7525 249
7526 274
7527 278
7528 300
7529 294
7530 293
7531 300
7532 315
7533 215
7534 211
7535 218
7536 239
7537 257
7538 258
7539 266
7540 276
7541 273
7542 298
7543 295
7544 301
7545 326
7546 321
7547 322
7548 143
7549 137
7550 157
7551 180
7552 162
7553 174
7554 194
7555 199
7556 210
7557 234
7558 237
7559 228
7560 241
7561 231
7562 228
7563 248
7564 249
7565 271
7566 286
7567 304
7568 319
7569 338
7570 251
7571 245
7572 254
7573 263
7574 262
7575 266
7576 284
7577 309
7578 308
7579 324
7580 328
7581 346
7582 355
7583 360
7584 355
7585 374
7586 243
7587 249
7588 254
7589 259
7590 272
7591 295
7592 305
7593 306
7594 301
7595 293
7596 123
7597 127
7598 119
7599 117
7600 107
7601 121
7602 140
7603 139
7604 138
7605 157
7606 166
7607 164
7608 184
7609 204
7610 205
7611 206
7612 215
7613 229
7614 237
7615 239
7616 230
7617 226
7618 250
7619 243
7620 257
7621 254
7622 247
7623 270
7624 274
7625 269
7626 287
7627 288
7628 278
7629 277
7630 285
7631 286
7632 294
7633 301
7634 310
7635 331
7636 334
7637 344
7638 355
7639 247
7640 207
7641 202
7642 196
7643 191
7644 152
7645 172
7646 183
7647 182
7648 176
7649 181
7650 200
7651 191
7652 201
7653 211
7654 201
7655 210
7656 215
7657 239
7658 232
7659 242
7660 246
7661 247
7662 261
7663 259
7664 263
7665 270
7666 267
7667 122
7668 123
7669 116
7670 126
7671 125
7672 133
7673 135
7674 129
7675 133
7676 144
7677 141
7678 158
7679 144
7680 157
7681 161
7682 180
7683 205
7684 202
7685 216
7686 195
7687 188
7688 201
7689 202
7690 227
7691 248
7692 268
7693 272
7694 295
7695 244
7696 240
7697 259
7698 266
7699 280
7700 270
7701 277
7702 284
7703 298
7704 318
7705 309
7706 301
7707 296
7708 311
7709 305
7710 309
7711 320
7712 321
7713 313
7714 309
7715 317
7716 334
7717 336
7718 355
7719 380
7720 383
7721 397
7722 393
7723 409
7724 332
7725 284
7726 258
7727 274
7728 282
7729 276
7730 281
7731 294
7732 318
7733 324
7734 343
7735 341
7736 355
7737 378
7738 346
7739 353
7740 367
7741 384
7742 246
7743 259
7744 261
7745 257
7746 185
7747 180
7748 174
7749 187
7750 177
7751 184
7752 198
7753 223
7754 217
7755 231
7756 255
7757 246
7758 245
7759 235
7760 240
7761 250
7762 268
7763 270
7764 264
7765 256
7766 247
7767 245
7768 262
7769 259
7770 265
7771 276
7772 278
7773 288
7774 307
7775 299
7776 316
7777 341
7778 249
7779 270
7780 272
7781 282
7782 302
7783 294
7784 298
7785 294
7786 302
7787 296
7788 288
7789 309
7790 299
7791 324
7792 314
7793 336
7794 356
7795 350
7796 353
7797 242
7798 261
7799 279
7800 281
7801 247
7802 257
7803 258
7804 273
7805 199
7806 220
7807 237
7808 235
7809 258
7810 266
7811 264
7812 269
7813 265
7814 282
7815 292
7816 317
7817 316
7818 341
7819 340
7820 351
7821 364
7822 354
7823 344
7824 337
7825 340
7826 359
7827 362
7828 386
7829 392
7830 384
7831 408
7832 429
7833 423
7834 435
7835 250
7836 162
7837 183
7838 192
7839 186
7840 194
7841 209
7842 226
7843 237
7844 252
7845 243
7846 234
7847 248
7848 256
7849 260
7850 269
7851 272
7852 289
7853 311
7854 265
7855 283
7856 281
7857 290
7858 180
7859 198
7860 190
7861 203
7862 208
7863 136
7864 160
7865 157
7866 173
7867 175
7868 176
7869 180
7870 199
7871 192
7872 186
7873 187
7874 197
7875 199
7876 198
7877 201
7878 194
7879 202
7880 211
7881 236
7882 228
7883 243
7884 254
7885 253
7886 251
7887 276
7888 291
7889 282
7890 295
7891 318
7892 341
7893 339
7894 289
7895 283
7896 293
7897 299
7898 309
7899 327
7900 336
7901 337
7902 223
7903 203
7904 212
7905 198
7906 221
7907 231
7908 241
7909 255
7910 248
7911 257
7912 266
7913 267
7914 278
7915 269
7916 267
7917 283
7918 307
7919 311
7920 335
7921 328
7922 353
7923 343
7924 351
7925 360
7926 376
7927 393
7928 383
7929 384
7930 387
7931 389
7932 391
7933 115
7934 130
7935 145
7936 159
7937 177
7938 199
7939 200
7940 215
7941 205
7942 227
7943 238
7944 260
7945 257
7946 259
7947 260
7948 254
7949 261
7950 258
7951 250
7952 271
7953 289
7954 313
7955 198
7956 215
7957 224
7958 227
7959 246
7960 264
7961 255
7962 247
7963 262
7964 280
7965 284
7966 304
7967 327
7968 321
7969 345
7970 367
7971 374
7972 384
7973 394
7974 230
7975 235
7976 237
7977 247
7978 258
7979 276
7980 266
7981 256
7982 264
7983 273
7984 268
7985 285
7986 297
7987 299
7988 274
7989 278
7990 239
7991 233
7992 234
7993 230
7994 169
7995 175
7996 190
7997 184
7998 179
7999 195
8000 215
8001 162
8002 154
8003 145
8004 137
8005 151
8006 158
8007 167
8008 189
8009 185
8010 201
8011 215
8012 207
8013 216
8014 240
8015 234
8016 235
8017 226
8018 246
8019 247
8020 246
8021 236
8022 244
8023 234
8024 254
8025 272
8026 290
8027 307
8028 326
8029 320
8030 335
8031 358
8032 377
8033 398
8034 154
8035 149
8036 141
8037 131
8038 137
8039 158
8040 159
8041 133
8042 128
8043 125
8044 134
8045 124
8046 121
8047 127
8048 139
8049 146
8050 157
8051 149
8052 148
8053 141
8054 140
8055 141
8056 137
8057 143
8058 148
8059 156
8060 154
8061 173
8062 188
8063 194
8064 192
8065 210
8066 208
8067 232
8068 252
8069 274
8070 279
8071 290
8072 312
8073 329
8074 330
8075 327
8076 337
8077 349
8078 373
8079 365
8080 389
8081 406
8082 399
8083 277
8084 290
8085 282
8086 298
8087 309
8088 323
8089 195
8090 206
8091 202
8092 224
8093 233
8094 249
8095 269
8096 290
8097 313
8098 289
8099 281
8100 298
8101 290
8102 302
8103 246
8104 249
8105 246
8106 243
8107 130
8108 120
8109 142
8110 151
8111 175
8112 167
8113 179
8114 180
8115 203
8116 195
8117 196
8118 207
8119 216
8120 229
8121 237
8122 255
8123 270
8124 289
8125 230
8126 142
8127 150
8128 151
8129 171
8130 173
8131 170
8132 185
8133 193
8134 191
8135 187
8136 197
8137 192
8138 212
8139 205
8140 227
8141 219
8142 220
8143 242
8144 264
8145 270
8146 281
8147 297
8148 317
8149 313
8150 331
8151 336
8152 352
8153 348
8154 363
8155 366
8156 368
8157 290
8158 291
8159 296
8160 297
8161 304
8162 320
8163 315
8164 314
8165 323
8166 343
8167 195
8168 202
8169 198
8170 203
8171 210
8172 164
8173 180
8174 199
8175 193
8176 210
8177 217
8178 232
8179 166
8180 190
8181 204
8182 212
8183 203
8184 204
8185 209
8186 213
8187 206
8188 210
8189 219
8190 226
8191 250
8192 190
8193 208
8194 202
8195 200
8196 213
8197 217
8198 219
8199 232
8200 235
8201 249
8202 241
8203 263
8204 161
8205 154
8206 152
8207 144
8208 136
8209 147
8210 167
8211 165
8212 161
8213 169
8214 162
8215 166
8216 191
8217 197
8218 199
8219 213
8220 235
8221 239
8222 241
8223 256
8224 275
8225 272
8226 264
8227 269
8228 265
8229 271
8230 272
8231 286
8232 282
8233 288
8234 289
8235 300
8236 304
8237 298
8238 285
8239 282
8240 300
8241 297
8242 313
8243 310
8244 311
8245 319
8246 325
8247 350
8248 357
8249 359
8250 378
8251 335
8252 356
8253 369
8254 360
8255 354
8256 356
8257 377
8258 387
8259 389
8260 401
8261 391
8262 402
8263 421
8264 439
8265 455
8266 462
8267 469
8268 470
8269 297
8270 303
8271 328
8272 347
8273 369
8274 390
8275 411
8276 418
8277 421
8278 431
8279 430
8280 446
8281 463
8282 477
8283 482
8284 479
8285 501
8286 510
8287 159
8288 157
8289 166
8290 170
8291 168
8292 182
8293 175
8294 178
8295 193
8296 209
8297 232
8298 227
8299 231
8300 250
8301 256
8302 222
8303 230
8304 245
8305 238
8306 230
8307 162
8308 180
8309 171
8310 189
8311 184
8312 206
8313 216
8314 240
8315 256
8316 255
8317 226
8318 227
8319 219
8320 233
8321 242
8322 240
8323 246
8324 237
8325 242
8326 265
8327 282
8328 274
8329 297
8330 307
8331 314
8332 304
8333 300
8334 311
8335 302
8336 178
8337 201
8338 198
8339 195
8340 201
8341 223
8342 234
8343 197
8344 198
8345 213
8346 226
8347 238
8348 237
8349 256
8350 272
8351 234
8352 238
8353 236
8354 259
8355 277
8356 268
8357 284
8358 276
8359 281
8360 299
8361 301
8362 322
8363 316
8364 331
8365 354
8366 283
8367 300
8368 306
8369 313
8370 332
8371 353
8372 362
8373 378
8374 371
8375 393
8376 163
8377 174
8378 182
8379 195
8380 217
8381 242
8382 266
8383 261
8384 257
8385 248
8386 261
8387 283
8388 286
8389 303
8390 212
8391 204
8392 200
8393 201
8394 221
8395 224
8396 247
8397 262
8398 279
8399 282
8400 303
8401 311
8402 305
8403 315
8404 317
8405 328
8406 332
8407 323
8408 341
8409 351
8410 350
8411 362
8412 380
8413 404
8414 418
8415 223
8416 235
8417 230
8418 224
8419 225
8420 230
8421 139
8422 159
8423 155
8424 168
8425 170
8426 186
8427 181
8428 185
8429 186
8430 176
8431 175
8432 178
8433 198
8434 212
8435 204
8436 222
8437 228
8438 229
8439 246
8440 266
8441 290
8442 304
8443 294
8444 295
8445 294
8446 290
8447 310
8448 333
8449 352
8450 376
8451 396
8452 397
8453 413
8454 431
8455 421
8456 417
8457 422
8458 431
8459 449
8460 470
8461 483
8462 486
8463 496
8464 520
8465 529
8466 550
8467 442
8468 466
8469 477
8470 490
8471 284
8472 301
8473 322
8474 344
8475 366
8476 288
8477 285
8478 310
8479 311
8480 316
8481 307
8482 308
8483 326
8484 218
8485 236
8486 241
8487 245
8488 267
8489 265
8490 256
8491 263
8492 242
8493 252
8494 262
8495 278
8496 280
8497 296
8498 301
8499 311
8500 324
8501 339
8502 356
8503 381
8504 259
8505 271
8506 171
8507 189
8508 204
8509 199
8510 220
8511 245
8512 239
8513 247
8514 271
8515 291
8516 304
8517 305
8518 321
8519 318
8520 264
8521 266
8522 263
8523 259
8524 270
8525 286
8526 117
8527 119
8528 130
8529 155
8530 159
8531 182
8532 187
8533 189
8534 199
8535 221
8536 219
8537 234
8538 233
8539 239
8540 254
8541 279
8542 254
8543 266
8544 284
8545 307
8546 310
8547 319
8548 317
8549 320
8550 234
8551 258
8552 256
8553 258
8554 266
8555 262
8556 260
8557 91
8558 109
8559 119
8560 120
8561 122
8562 131
8563 137
8564 140
8565 131
8566 152
8567 161
8568 183
8569 181
8570 196
8571 216
8572 215
8573 216
8574 210
8575 211
8576 220
8577 222
8578 223
8579 240
8580 253
8581 272
8582 277
8583 274
8584 291
8585 305
8586 306
8587 319
8588 312
8589 321
8590 330
8591 342
8592 345
8593 360
8594 372
8595 252
8596 246
8597 259
8598 255
8599 257
8600 277
8601 272
8602 267
8603 205
8604 112
8605 126
8606 136
8607 135
8608 131
8609 141
8610 131
8611 145
8612 162
8613 178
8614 175
8615 187
8616 198
8617 218
8618 216
8619 211
8620 223
8621 238
8622 232
8623 239
8624 259
8625 272
8626 296
8627 299
8628 320
8629 344
8630 335
8631 239
8632 263
8633 265
8634 285
8635 276
8636 273
8637 268
8638 278
8639 276
8640 297
8641 287
8642 307
8643 311
8644 316
8645 321
8646 341
8647 351
8648 344
8649 356
8650 372
8651 385
8652 394
8653 316
8654 315
8655 327
8656 349
8657 368
8658 373
8659 367
8660 304
8661 323
8662 313
8663 316
8664 335
8665 351
8666 202
8667 194
8668 189
8669 190
8670 195
8671 219
8672 235
8673 232
8674 237
8675 233
8676 223
8677 137
8678 141
8679 152
8680 164
8681 155
8682 176
8683 194
8684 200
8685 191
8686 210
8687 206
8688 212
8689 216
8690 234
8691 240
8692 248
8693 273
8694 296
8695 294
8696 316
8697 185
8698 206
8699 212
8700 208
8701 202
8702 203
8703 200
8704 192
8705 215
8706 220
8707 234
8708 229
8709 254
8710 269
8711 272
8712 273
8713 264
8714 287
8715 296
8716 297
8717 288
8718 280
8719 275
8720 291
8721 177
8722 170
8723 167
8724 174
8725 182
8726 206
8727 202
8728 214
8729 213
8730 231
8731 236
8732 255
8733 191
8734 160
8735 161
8736 156
8737 171
8738 184
8739 193
8740 158
8741 159
8742 151
8743 152
8744 167
8745 187
8746 186
8747 185
8748 200
8749 194
8750 217
8751 123
8752 132
8753 144
8754 158
8755 162
8756 156
8757 152
8758 170
8759 172
8760 162
8761 156
8762 176
8763 193
8764 188
8765 192
8766 211
8767 202
8768 217
8769 242
8770 256
8771 248
8772 243
8773 235
8774 255
8775 249
8776 253
8777 244
8778 264
8779 285
8780 292
8781 287
8782 307
8783 317
8784 338
8785 267
8786 276
8787 277
8788 295
8789 296
8790 292
8791 300
8792 292
8793 308
8794 324
8795 332
8796 271
8797 262
8798 267
8799 281
8800 298
8801 255
8802 273
8803 292
8804 311
8805 169
8806 189
8807 211
8808 207
8809 211
8810 233
8811 243
8812 264
8813 284
8814 289
8815 307
8816 323
8817 343
8818 366
8819 364
8820 231
8821 239
8822 260
8823 281
8824 283
8825 282
8826 304
8827 324
8828 322
8829 323
8830 328
8831 335
8832 327
8833 320
8834 324
8835 322
8836 343
8837 335
8838 325
8839 329
8840 330
8841 249
8842 267
8843 272
8844 266
8845 286
8846 279
8847 297
8848 311
8849 237
8850 261
8851 275
8852 278
8853 299
8854 302
8855 303
8856 294
8857 305
8858 330
8859 340
8860 341
8861 334
8862 335
8863 358
8864 364
8865 357
8866 347
8867 349
8868 354
8869 363
8870 354
8871 377
8872 382
8873 394
8874 196
8875 198
8876 216
8877 221
8878 212
8879 208
8880 229
8881 235
8882 249
8883 243
8884 246
8885 266
8886 285
8887 293
8888 242
8889 245
8890 268
8891 283
8892 212
8893 214
8894 216
8895 208
8896 222
8897 247
8898 243
8899 261
8900 256
8901 259
8902 272
8903 274
8904 287
8905 280
8906 303
8907 328
8908 318
8909 338
8910 355
8911 356
8912 240
8913 249
8914 263
8915 283
8916 285
8917 297
8918 243
8919 256
8920 263
8921 284
8922 291
8923 297
8924 314
8925 339
8926 333
8927 349
8928 361
8929 360
8930 281
8931 294
8932 307
8933 329
8934 351
8935 355
8936 359
8937 134
8938 153
8939 146
8940 155
8941 148
8942 153
8943 152
8944 150
8945 151
8946 142
8947 154
8948 169
8949 187
8950 191
8951 188
8952 191
8953 187
8954 185
8955 188
8956 206
8957 208
8958 216
8959 210
8960 233
8961 248
8962 239
8963 251
8964 268
8965 278
8966 285
8967 292
8968 304
8969 203
8970 225
8971 219
8972 225
8973 234
8974 257
8975 261
8976 271
8977 293
8978 285
8979 283
8980 276
8981 279
8982 268
8983 288
8984 290
8985 315
8986 251
8987 272
8988 294
8989 284
8990 300
8991 312
8992 336
8993 327
8994 329
8995 336
8996 327
8997 111
8998 135
8999 144
9000 157
9001 172
9002 179
9003 194
9004 191
9005 207
9006 209
9007 233
9008 255
9009 276
9010 208
9011 199
9012 198
9013 191
9014 213
9015 220
9016 233
9017 224
9018 235
9019 246
9020 262
9021 284
9022 281
9023 287
9024 279
9025 286
9026 290
9027 285
9028 303
9029 321
9030 320
9031 343
9032 78
9033 88
9034 99
9035 100
9036 90
9037 81
9038 98
9039 101
9040 126
9041 130
9042 152
9043 154
9044 168
9045 176
9046 174
9047 129
9048 151
9049 153
9050 144
9051 166
9052 189
9053 188
9054 179
9055 193
9056 210
9057 223
9058 224
9059 235
9060 253
9061 148
9062 155
9063 159
9064 150
9065 151
9066 149
9067 143
9068 148
9069 144
9070 167
9071 189
9072 185
9073 194
9074 185
9075 182
9076 197
9077 188
9078 200
9079 196
9080 200
9081 198
9082 193
9083 217
9084 207
9085 223
9086 243
9087 238
9088 247
9089 245
9090 249
9091 253
9092 273
9093 264
9094 274
9095 269
9096 293
9097 311
9098 317
9099 341
9100 357
9101 349
9102 350
9103 352
9104 373
9105 387
9106 400
9107 419
9108 415
9109 405
9110 417
9111 407
9112 273
9113 283
9114 305
9115 328
9116 349
9117 357
9118 234
9119 236
9120 241
9121 236
9122 257
9123 132
9124 149
9125 150
9126 175
9127 191
9128 216
9129 230
9130 253
9131 247
9132 242
9133 243
9134 248
9135 261
9136 253
9137 245
9138 244
9139 268
9140 249
9141 244
9142 249
9143 254
9144 210
9145 227
9146 229
9147 221
9148 243
9149 264
9150 265
9151 255
9152 246
9153 237
9154 233
9155 226
9156 242
9157 235
9158 255
9159 138
9160 129
9161 130
9162 135
9163 151
9164 157
9165 152
9166 153
9167 165
9168 174
9169 173
9170 197
9171 193
9172 218
9173 214
9174 218
9175 242
9176 252
9177 211
9178 226
9179 236
9180 257
9181 262
9182 252
9183 275
9184 269
9185 274
9186 268
9187 267
9188 277
9189 293
9190 303
9191 323
9192 321
9193 319
9194 160
9195 168
9196 193
9197 204
9198 205
9199 170
9200 170
9201 186
9202 199
9203 219
9204 220
9205 226
9206 221
9207 217
9208 225
9209 226
9210 248
9211 249
9212 194
9213 210
9214 222
9215 212
9216 218
9217 217
9218 221
9219 237
9220 202
9221 203
9222 202
9223 227
9224 251
9225 243
9226 234
9227 224
9228 229
9229 234
9230 237
9231 249
9232 254
9233 267
9234 271
9235 278
9236 298
9237 304
9238 316
9239 326
9240 318
9241 312
9242 332
9243 322
9244 339
9245 353
9246 348
9247 339
9248 342
9249 355
9250 378
9251 292
9252 308
9253 120
9254 130
9255 155
9256 172
9257 192
9258 169
9259 192
9260 212
9261 223
9262 236
9263 249
9264 264
9265 268
9266 289
9267 298
9268 258
9269 257
9270 252
9271 254
9272 278
9273 277
9274 214
9275 215
9276 233
9277 245
9278 250
9279 266
9280 265
9281 263
9282 274
9283 264
9284 283
9285 242
9286 263
9287 286
9288 306
9289 323
9290 316
9291 335
9292 336
9293 251
9294 274
9295 268
9296 258
9297 262
9298 269
9299 270
9300 287
9301 201
9302 197
9303 211
9304 224
9305 249
9306 271
9307 278
9308 285
9309 286
9310 288
9311 300
9312 312
9313 303
9314 307
9315 313
9316 329
9317 210
9318 234
9319 248
9320 249
9321 264
9322 274
9323 292
9324 290
9325 307
9326 109
9327 120
9328 112
9329 133
9330 147
9331 155
9332 150
9333 163
9334 185
9335 203
9336 197
9337 199
9338 201
9339 219
9340 241
9341 237
9342 173
9343 198
9344 219
9345 220
9346 213
9347 185
9348 182
9349 201
9350 193
9351 191
9352 192
9353 198
9354 218
9355 230
9356 231
9357 249
9358 143
9359 146
9360 165
9361 163
9362 181
9363 190
9364 205
9365 215
9366 228
9367 233
9368 227
9369 222
9370 230
9371 221
9372 80
9373 98
9374 92
9375 102
9376 95
9377 105
9378 122
9379 132
9380 136
9381 161
9382 181
9383 187
9384 206
9385 196
9386 192
9387 199
9388 194
9389 214
9390 224
9391 249
9392 250
9393 271
9394 262
9395 270
9396 273
9397 263
9398 258
9399 270
9400 265
9401 258
9402 248
9403 272
9404 277
9405 290
9406 304
9407 306
9408 299
9409 304
9410 301
9411 305
9412 309
9413 310
9414 321
9415 345
9416 360
9417 376
9418 398
9419 396
9420 394
9421 385
9422 375
9423 389
9424 388
9425 333
9426 221
9427 226
9428 227
9429 228
9430 247
9431 251
9432 182
9433 185
9434 196
9435 199
9436 214
9437 210
9438 226
9439 232
9440 234
9441 258
9442 282
9443 283
9444 273
9445 288
9446 287
9447 280
9448 230
9449 240
9450 255
9451 255
9452 248
9453 247
9454 262
9455 116
9456 141
9457 151
9458 159
9459 176
9460 190
9461 214
9462 212
9463 220
9464 235
9465 245
9466 259
9467 271
9468 249
9469 250
9470 253
9471 259
9472 263
9473 238
9474 258
9475 273
9476 292
9477 312
9478 328
9479 334
9480 322
9481 325
9482 319
9483 335
9484 215
9485 205
9486 215
9487 229
9488 252
9489 251
9490 266
9491 281
9492 293
9493 278
9494 283
9495 298
9496 302
9497 292
9498 282
9499 179
9500 187
9501 182
9502 206
9503 212
9504 233
9505 229
9506 244
9507 255
9508 270
9509 265
9510 281
9511 202
9512 226
9513 237
9514 230
9515 213
9516 238
9517 147
9518 141
9519 147
9520 157
9521 174
9522 183
9523 176
9524 186
9525 188
9526 181
9527 182
9528 207
9529 220
9530 215
9531 214
9532 209
9533 199
9534 208
9535 213
9536 228
9537 238
9538 245
9539 266
9540 265
9541 253
9542 263
9543 267
9544 276
9545 285
9546 298
9547 293
9548 145
9549 156
9550 149
9551 144
9552 157
9553 152
9554 156
9555 150
9556 172
9557 164
9558 185
9559 197
9560 218
9561 223
9562 214
9563 219
9564 229
9565 228
9566 239
9567 229
9568 244
9569 252
9570 253
9571 269
9572 288
9573 285
9574 276
9575 224
9576 240
9577 233
9578 225
9579 240
9580 265
9581 268
9582 292
9583 300
9584 323
9585 326
9586 351
9587 345
9588 335
9589 340
9590 343
9591 340
9592 351
9593 372
9594 377
9595 390
9596 398
9597 378
9598 368
9599 372
9600 391
9601 138
9602 133
9603 148
9604 152
9605 172
9606 173
9607 187
9608 198
9609 196
9610 207
9611 217
9612 218
9613 214
9614 216
9615 232
9616 239
9617 235
9618 236
9619 244
9620 248
9621 256
9622 265
9623 277
9624 296
9625 297
9626 288
9627 311
9628 301
9629 306
9630 321
9631 325
9632 350
9633 345
9634 337
9635 327
9636 345
9637 352
9638 351
9639 376
9640 375
9641 392
9642 395
9643 398
9644 389
9645 387
9646 388
9647 386
9648 398
9649 389
9650 408
9651 428
9652 448
9653 453
9654 474
9655 373
9656 383
9657 404
9658 396
9659 297
9660 321
9661 340
9662 291
9663 292
9664 313
9665 309
9666 330
9667 322
9668 245
9669 265
9670 285
9671 280
9672 271
9673 277
9674 289
9675 314
9676 325
9677 322
9678 329
9679 342
9680 178
9681 196
9682 187
9683 205
9684 218
9685 234
9686 251
9687 261
9688 284
9689 294
9690 298
9691 289
9692 299
9693 262
9694 253
9695 255
9696 247
9697 269
9698 273
9699 278
9700 302
9701 299
9702 300
9703 312
9704 325
9705 339
9706 336
9707 230
9708 253
9709 121
9710 137
9711 159
9712 122
9713 123
9714 129
9715 150
9716 146
9717 171
9718 178
9719 176
9720 168
9721 190
9722 204
9723 195
9724 194
9725 199
9726 191
9727 181
9728 186
9729 192
9730 187
9731 200
9732 215
9733 235
9734 239
9735 243
9736 249
9737 261
9738 260
9739 253
9740 277
9741 269
9742 273
9743 264
9744 287
9745 288
9746 297
9747 294
9748 303
9749 297
9750 295
9751 314
9752 304
9753 307
9754 315
9755 169
9756 171
9757 192
9758 193
9759 199
9760 207
9761 218
9762 210
9763 220
9764 222
9765 217
9766 242
9767 232
9768 251
9769 243
9770 261
9771 260
9772 277
9773 295
9774 312
9775 312
9776 255
9777 250
9778 258
9779 267
9780 260
9781 266
9782 276
9783 266
9784 261
9785 246
9786 248
9787 272
9788 293
9789 288
9790 299
9791 324
9792 332
9793 357
9794 355
9795 354
9796 264
9797 272
9798 293
9799 309
9800 299
9801 295
9802 234
9803 248
9804 191
9805 193
9806 202
9807 208
9808 206
9809 198
9810 207
9811 229
9812 252
9813 260
9814 281
9815 305
9816 318
9817 329
9818 305
9819 302
9820 205
9821 228
9822 239
9823 246
9824 270
9825 261
9826 280
9827 274
9828 294
9829 295
9830 306
9831 315
9832 308
9833 331
9834 340
9835 349
9836 361
9837 386
9838 379
9839 400
9840 398
9841 392
9842 410
9843 412
9844 316
9845 327
9846 342
9847 364
9848 380
9849 392
9850 397
9851 419
9852 415
9853 335
9854 352
9855 372
9856 240
9857 231
9858 247
9859 241
9860 245
9861 261
9862 266
9863 175
9864 187
9865 200
9866 215
9867 224
9868 226
9869 248
9870 265
9871 276
9872 161
9873 154
9874 173
9875 169
9876 175
9877 179
9878 202
9879 224
9880 240
9881 259
9882 252
9883 274
9884 281
9885 304
9886 308
9887 328
9888 331
9889 347
9890 369
9891 376
9892 368
9893 366
9894 362
9895 354
9896 344
9897 345
9898 360
9899 370
9900 386
9901 409
9902 402
9903 396
9904 414
9905 427
9906 407
9907 403
9908 395
9909 400
9910 418
9911 433
9912 156
9913 174
9914 188
9915 194
9916 208
9917 226
9918 244
9919 258
9920 254
9921 277
9922 298
9923 297
9924 320
9925 321
9926 188
9927 185
9928 165
9929 161
9930 163
9931 180
9932 186
9933 199
9934 221
9935 235
9936 142
9937 150
9938 157
9939 164
9940 159
9941 167
9942 169
9943 170
9944 161
9945 169
9946 194
9947 215
9948 238
9949 231
9950 236
9951 234
9952 235
9953 258
9954 257
9955 281
9956 285
9957 306
9958 322
9959 325
9960 350
9961 343
9962 330
9963 329
9964 352
9965 347
9966 365
9967 386
9968 405
9969 275
9970 280
9971 275
9972 289
9973 297
9974 276
9975 255
9976 182
9977 204
9978 199
9979 206
9980 224
9981 232
9982 233
9983 234
9984 250
9985 267
9986 292
9987 296
9988 316
9989 308
9990 305
9991 303
9992 320
9993 252
9994 247
9995 245
9996 267
9997 291
9998 311
9999 329
10000 321
10001 327
10002 348
10003 131
10004 153
10005 158
10006 161
10007 178
10008 202
10009 217
10010 235
10011 253
10012 244
10013 246
10014 250
10015 232
10016 227
10017 239
10018 240
10019 264
10020 258
10021 252
10022 244
10023 234
10024 246
10025 262
10026 253
10027 254
10028 261
10029 278
10030 288
10031 301
10032 302
10033 297
10034 288
10035 290
10036 299
10037 292
10038 306
10039 313
10040 331
10041 337
10042 353
10043 181
10044 198
10045 201
10046 140
10047 148
10048 152
10049 175
10050 167
10051 177
10052 191
10053 194
10054 192
10055 208
10056 217
10057 236
10058 251
10059 265
10060 255
10061 278
10062 287
10063 309
10064 312
10065 311
10066 323
10067 324
10068 341
10069 339
10070 295
10071 292
10072 290
10073 244
10074 269
10075 272
10076 295
10077 312
10078 307
10079 140
10080 163
10081 181
10082 193
10083 213
10084 223
10085 239
10086 243
10087 240
10088 233
10089 235
10090 256
10091 261
10092 275
10093 291
10094 292
10095 308
10096 304
10097 325
10098 317
10099 311
10100 303
10101 326
10102 316
10103 318
10104 315
10105 331
10106 353
10107 364
10108 382
10109 393
10110 415
10111 407
10112 425
10113 440
10114 453
10115 445
10116 437
10117 435
10118 154
10119 176
10120 181
10121 174
10122 193
10123 183
10124 173
10125 166
10126 164
10127 166
10128 177
10129 185
10130 202
10131 215
10132 214
10133 221
10134 213
10135 209
10136 199
10137 189
10138 211
10139 209
10140 204
10141 216
10142 230
10143 253
10144 261
10145 262
10146 260
10147 253
10148 277
10149 299
10150 314
10151 337
10152 349
10153 305
10154 216
10155 209
10156 222
10157 69
10158 62
10159 67
10160 84
10161 108
10162 126
10163 133
10164 149
10165 162
10166 163
10167 170
10168 175
10169 137
10170 127
10171 148
10172 138
10173 141
10174 145
10175 160
10176 168
10177 164
10178 166
10179 169
10180 177
10181 199
10182 210
10183 230
10184 252
10185 253
10186 266
10187 273
10188 263
10189 261
10190 262
10191 255
10192 254
10193 249
10194 267
10195 259
10196 165
10197 178
10198 170
10199 195
10200 196
10201 201
10202 218
10203 242
10204 261
10205 278
10206 270
10207 260
10208 259
10209 278
10210 270
10211 294
10212 245
10213 248
10214 264
10215 287
10216 279
10217 273
10218 232
10219 247
10220 242
10221 233
10222 255
10223 254
10224 251
10225 234
10226 253
10227 269
10228 278
10229 243
10230 252
10231 276
10232 290
10233 315
10234 316
10235 287
10236 306
10237 299
10238 324
10239 349
10240 360
10241 366
10242 362
10243 381
10244 394
10245 410
10246 378
10247 401
10248 425
10249 181
10250 178
10251 176
10252 187
10253 188
10254 203
10255 218
10256 241
10257 239
10258 264
10259 282
10260 275
10261 290
10262 254
10263 253
10264 195
10265 196
10266 146
10267 169
10268 160
10269 153
10270 157
10271 173
10272 176
10273 182
10274 194
10275 210
10276 218
10277 233
10278 255
10279 272
10280 262
10281 267
10282 280
10283 290
10284 285
10285 301
10286 291
10287 306
10288 210
10289 221
10290 238
10291 202
10292 206
10293 222
10294 234
10295 227
10296 229
10297 246
10298 239
10299 238
10300 214
10301 238
10302 249
10303 266
10304 240
10305 252
10306 242
10307 246
10308 238
10309 261
10310 228
10311 218
10312 217
10313 210
10314 219
10315 216
10316 206
10317 216
10318 228
10319 222
10320 239
10321 258
10322 229
10323 236
10324 247
10325 263
10326 269
10327 285
10328 288
10329 302
10330 325
10331 343
10332 356
10333 247
10334 270
10335 261
10336 275
10337 212
10338 203
10339 226
10340 237
10341 242
10342 267
10343 289
10344 288
10345 295
10346 285
10347 305
10348 275
10349 282
10350 290
10351 298
10352 315
10353 331
10354 332
10355 337
10356 355
10357 319
10358 332
10359 338
10360 343
10361 358
10362 375
10363 257
10364 276
10365 295
10366 302
10367 306
10368 311
10369 314
10370 322
10371 345
10372 312
10373 302
10374 317
10375 321
10376 338
10377 359
10378 349
10379 373
10380 388
10381 313
10382 321
10383 312
10384 324
10385 244
10386 228
10387 221
10388 234
10389 235
10390 227
10391 248
10392 247
10393 242
10394 261
10395 274
10396 275
10397 274
10398 290
10399 285
10400 286
10401 281
10402 278
10403 285
10404 299
10405 297
10406 304
10407 294
10408 317
10409 312
10410 311
10411 305
10412 312
10413 334
10414 352
10415 294
10416 297
10417 294
10418 308
10419 309
10420 152
10421 169
10422 183
10423 196
10424 200
10425 217
10426 209
10427 216
10428 217
10429 209
10430 210
10431 212
10432 228
10433 238
10434 172
10435 195
10436 193
10437 194
10438 208
10439 232
10440 250
10441 265
10442 285
10443 206
10444 202
10445 192
10446 201
10447 196
10448 205
10449 220
10450 232
10451 243
10452 246
10453 256
10454 261
10455 279
10456 226
10457 156
10458 155
10459 170
10460 165
10461 175
10462 181
10463 188
10464 186
10465 201
10466 208
10467 201
10468 209
10469 216
10470 220
10471 221
10472 213
10473 224
10474 226
10475 250
10476 262
10477 278
10478 285
10479 295
10480 300
10481 301
10482 293
10483 296
10484 310
10485 325
10486 337
10487 338
10488 174
10489 188
10490 196
10491 212
10492 213
10493 206
10494 209
10495 201
10496 203
10497 218
10498 223
10499 221
10500 228
10501 219
10502 240
10503 239
10504 242
10505 233
10506 235
10507 253
10508 259
10509 257
10510 282
10511 295
10512 289
10513 294
10514 286
10515 311
10516 302
10517 304
10518 299
10519 306
10520 325
10521 349
10522 180
10523 181
10524 206
10525 196
10526 203
10527 199
10528 215
10529 238
10530 256
10531 281
10532 282
10533 275
10534 268
10535 261
10536 255
10537 227
10538 220
10539 234
10540 253
10541 261
10542 283
10543 308
10544 314
10545 228
10546 229
10547 240
10548 245
10549 258
10550 255
10551 276
10552 293
10553 300
10554 304
10555 310
10556 312
10557 331
10558 337
10559 349
10560 344
10561 346
10562 366
10563 356
10564 357
10565 380
10566 402
10567 223
10568 248
10569 257
10570 261
10571 254
10572 259
10573 267
10574 265
10575 276
10576 274
10577 275
10578 290
10579 291
10580 281
10581 291
10582 293
10583 285
10584 292
10585 304
10586 321
10587 332
10588 346
10589 347
10590 236
10591 240
10592 241
10593 253
10594 266
10595 272
10596 278
10597 153
10598 162
10599 163
10600 158
10601 177
10602 200
10603 191
10604 192
10605 191
10606 192
10607 213
10608 210
10609 227
10610 231
10611 251
10612 254
10613 269
10614 273
10615 280
10616 288
10617 303
10618 305
10619 317
10620 324
10621 349
10622 338
10623 344
10624 362
10625 387
10626 405
10627 400
10628 401
10629 404
10630 408
10631 422
10632 161
10633 165
10634 173
10635 186
10636 211
10637 212
10638 216
10639 206
10640 210
10641 227
10642 243
10643 252
10644 245
10645 265
10646 289
10647 295
10648 314
10649 236
10650 253
10651 266
10652 274
10653 295
10654 255
10655 279
10656 291
10657 301
10658 304
10659 237
10660 235
10661 256
10662 265
10663 273
10664 280
10665 289
10666 249
10667 246
10668 257
10669 271
10670 270
10671 275
10672 267
10673 238
10674 250
10675 251
10676 260
10677 256
10678 264
10679 285
10680 277
10681 290
10682 299
10683 129
10684 119
10685 110
10686 106
10687 112
10688 137
10689 128
10690 149
10691 162
10692 185
10693 207
10694 200
10695 225
10696 221
10697 222
10698 241
10699 244
10700 264
10701 263
10702 275
10703 297
10704 306
10705 299
10706 305
10707 322
10708 339
10709 340
10710 356
10711 360
10712 384
10713 395
10714 410
10715 377
10716 391
10717 392
10718 390
10719 407
10720 404
10721 150
10722 171
10723 187
10724 178
10725 173
10726 168
10727 174
10728 183
10729 195
10730 205
10731 226
10732 217
10733 218
10734 223
10735 164
10736 166
10737 180
10738 185
10739 178
10740 176
10741 185
10742 187
10743 204
10744 216
10745 226
10746 244
10747 254
10748 252
10749 256
10750 257
10751 238
10752 255
10753 256
10754 268
10755 269
10756 273
10757 276
10758 280
10759 295
10760 294
10761 296
10762 177
10763 171
10764 177
10765 186
10766 177
10767 180
10768 195
10769 187
10770 207
10771 211
10772 205
10773 222
10774 220
10775 221
10776 234
10777 246
10778 254
10779 275
10780 296
10781 293
10782 316
10783 305
10784 320
10785 312
10786 326
10787 257
10788 249
10789 157
10790 161
10791 170
10792 160
10793 165
10794 163
10795 186
10796 185
10797 202
10798 223
10799 214
10800 206
10801 229
10802 226
10803 229
10804 222
10805 239
10806 232
10807 234
10808 229
10809 226
10810 228
10811 214
10812 233
10813 234
10814 232
10815 234
10816 239
10817 232
10818 228
10819 247
10820 243
10821 263
10822 275
10823 280
10824 299
10825 293
10826 304
10827 318
10828 311
10829 303
10830 323
10831 340
10832 358
10833 381
10834 400
10835 31
10836 22
10837 27
10838 42
10839 45
10840 35
10841 52
10842 48
10843 56
10844 49
10845 51
10846 72
10847 75
10848 95
10849 105
10850 129
10851 122
10852 112
10853 123
10854 147
10855 139
10856 130
10857 152
10858 163
10859 170
10860 192
10861 185
10862 202
10863 198
10864 222
10865 214
10866 219
10867 242
10868 248
10869 249
10870 248
10871 131
10872 139
10873 147
10874 148
10875 162
10876 175
10877 165
10878 180
10879 203
10880 195
10881 201
10882 73
10883 64
10884 89
10885 102
10886 105
10887 117
10888 132
10889 127
10890 151
10891 152
10892 154
10893 161
10894 181
10895 185
10896 186
10897 176
10898 192
10899 209
10900 64
10901 72
10902 69
10903 71
10904 72
10905 84
10906 106
10907 120
10908 126
10909 124
10910 135
10911 148
10912 145
10913 150
10914 172
10915 195
10916 211
10917 221
10918 211
10919 224
10920 231
10921 222
10922 224
10923 217
10924 207
10925 204
10926 207
10927 221
10928 215
10929 220
10930 243
10931 236
10932 232
10933 238
10934 256
10935 251
10936 244
10937 265
10938 266
10939 257
10940 271
10941 272
10942 267
10943 284
10944 285
10945 299
10946 306
10947 299
10948 320
10949 342
10950 305
10951 311
10952 321
10953 318
10954 332
10955 262
10956 265
10957 257
10958 131
10959 151
10960 146
10961 168
10962 177
10963 169
10964 190
10965 215
10966 214
10967 233
10968 245
10969 138
10970 162
10971 156
10972 181
10973 197
10974 193
10975 195
10976 188
10977 203
10978 217
10979 237
10980 229
10981 223
10982 225
10983 215
10984 216
10985 229
10986 244
10987 245
10988 253
10989 250
10990 261
10991 269
10992 282
10993 209
10994 221
10995 219
10996 226
10997 237
10998 261
10999 283
11000 234
11001 183
11002 191
11003 195
11004 197
11005 151
11006 158
11007 182
11008 193
11009 185
11010 186
11011 190
11012 189
11013 209
11014 224
11015 241
11016 266
11017 280
11018 296
11019 297
11020 297
11021 321
11022 333
11023 342
11024 337
11025 353
11026 317
11027 311
11028 335
11029 331
11030 348
11031 341
11032 349
11033 318
11034 314
11035 67
11036 72
11037 86
11038 96
11039 112
11040 111
11041 110
11042 120
11043 140
11044 154
11045 164
11046 177
11047 179
11048 175
11049 176
11050 187
11051 199
11052 186
11053 195
11054 214
11055 223
11056 227
11057 159
11058 158
11059 105
11060 106
11061 121
11062 141
11063 153
11064 150
11065 99
11066 96
11067 86
11068 110
11069 105
11070 107
11071 106
11072 110
11073 123
11074 131
11075 122
11076 131
11077 19
11078 32
11079 42
11080 48
11081 46
11082 44
11083 48
11084 42
11085 64
11086 83
11087 102
11088 123
11089 130
11090 143
11091 140
11092 136
11093 135
11094 136
11095 156
11096 159
11097 161
11098 180
11099 187
11100 185
11101 192
11102 193
11103 191
11104 198
11105 207
11106 211
11107 210
11108 213
11109 205
11110 196
11111 190
11112 214
11113 237
11114 228
11115 229
11116 233
11117 231
11118 243
11119 252
11120 276
11121 299
11122 304
11123 211
11124 226
11125 231
11126 241
11127 253
11128 263
11129 262
11130 281
11131 277
11132 271
11133 292
11134 301
11135 302
11136 298
11137 308
11138 298
11139 292
11140 305
11141 306
11142 212
11143 204
11144 219
11145 216
11146 222
11147 234
11148 259
11149 270
11150 266
11151 169
11152 193
11153 201
11154 212
11155 231
11156 244
11157 258
11158 266
11159 263
11160 278
11161 133
11162 148
11163 170
11164 161
11165 177
11166 168
11167 189
11168 207
11169 218
11170 222
11171 223
11172 224
11173 249
11174 261
11175 254
11176 275
11177 269
11178 93
11179 99
11180 101
11181 120
11182 111
11183 113
11184 129
11185 139
11186 162
11187 177
11188 170
11189 187
11190 178
11191 156
11192 157
11193 154
11194 121
11195 136
11196 158
11197 155
11198 153
11199 158
11200 167
11201 178
11202 180
11203 196
11204 209
11205 224
11206 227
11207 241
11208 235
11209 232
11210 231
11211 223
11212 193
11213 194
11214 184
11215 196
11216 221
11217 220
11218 231
11219 253
11220 258
11221 260
11222 276
11223 278
11224 303
11225 242
11226 243
11227 259
11228 268
11229 127
11230 130
11231 140
11232 163
11233 181
11234 199
11235 224
11236 237
11237 234
11238 259
11239 258
11240 256
11241 252
11242 264
11243 259
11244 250
11245 250
11246 272
11247 263
11248 269
11249 292
11250 291
11251 307
11252 330
11253 334
11254 352
11255 364
11256 365
11257 361
11258 358
11259 331
11260 326
11261 271
11262 285
11263 284
11264 302
11265 313
11266 334
11267 332
11268 327
11269 352
11270 368
11271 392
11272 393
11273 388
11274 386
11275 211
11276 145
11277 170
11278 175
11279 188
11280 177
11281 184
11282 183
11283 206
11284 210
11285 234
11286 230
11287 236
11288 257
11289 247
11290 164
11291 170
11292 189
11293 196
11294 219
11295 229
11296 220
11297 195
11298 179
11299 169
11300 160
11301 178
11302 193
11303 184
11304 186
11305 197
11306 190
11307 187
11308 206
11309 217
11310 236
11311 227
11312 218
11313 233
11314 244
11315 262
11316 261
11317 274
11318 269
11319 263
11320 258
11321 272
11322 278
11323 273
11324 274
11325 290
11326 292
11327 285
11328 198
11329 189
11330 200
11331 219
11332 227
11333 219
11334 218
11335 213
11336 212
11337 211
11338 204
11339 170
11340 189
11341 191
11342 198
11343 190
11344 172
11345 101
11346 104
11347 100
11348 111
11349 134
11350 143
11351 150
11352 154
11353 150
11354 165
11355 168
11356 161
11357 157
11358 154
11359 164
11360 180
11361 201
11362 202
11363 217
11364 241
11365 245
11366 268
11367 265
11368 274
11369 283
11370 296
11371 305
11372 313
11373 224
11374 148
11375 166
11376 189
11377 196
11378 205
11379 230
11380 233
11381 247
11382 237
11383 241
11384 243
11385 246
11386 247
11387 254
11388 274
11389 289
11390 288
11391 290
11392 309
11393 192
11394 212
11395 207
11396 228
11397 155
11398 166
11399 178
11400 192
11401 183
11402 191
11403 177
11404 193
11405 186
11406 211
11407 217
11408 236
11409 261
11410 277
11411 267
11412 228
11413 230
11414 220
11415 213
11416 229
11417 228
11418 220
11419 211
11420 231
11421 236
11422 230
11423 245
11424 239
11425 233
11426 257
11427 261
11428 283
11429 289
11430 305
11431 312
11432 313
11433 318
11434 333
11435 345
11436 336
11437 332
11438 316
11439 311
11440 327
11441 325
11442 324
11443 230
11444 244
11445 252
11446 248
11447 249
11448 250
11449 274
11450 268
11451 276
11452 266
11453 224
11454 222
11455 244
11456 251
11457 248
11458 271
11459 276
11460 267
11461 265
11462 290
11463 234
11464 239
11465 218
11466 223
11467 240
11468 251
11469 230
11470 253
11471 260
11472 254
11473 263
11474 264
11475 106
11476 114
11477 130
11478 121
11479 120
11480 112
11481 108
11482 100
11483 90
11484 107
11485 118
11486 110
11487 135
11488 130
11489 129
11490 144
11491 156
11492 176
11493 167
11494 168
11495 179
11496 195
11497 214
11498 222
11499 227
11500 226
11501 237
11502 260
11503 275
11504 272
11505 273
11506 212
11507 217
11508 232
11509 225
11510 227
11511 252
11512 246
11513 250
11514 244
11515 255
11516 268
11517 261
11518 270
11519 271
11520 240
11521 242
11522 259
11523 273
11524 265
11525 287
11526 277
11527 276
11528 277
11529 289
11530 311
11531 327
11532 227
11533 244
11534 266
11535 227
11536 237
11537 258
11538 260
11539 269
11540 287
11541 281
11542 294
11543 288
11544 281
11545 285
11546 290
11547 279
11548 292
11549 301
11550 314
11551 311
11552 322
11553 318
11554 324
11555 330
11556 333
11557 337
11558 349
11559 347
11560 338
11561 330
11562 293
11563 318
11564 329
11565 348
11566 362
11567 375
11568 386
11569 349
11570 369
11571 391
11572 353
11573 170
11574 195
11575 162
11576 156
11577 164
11578 154
11579 153
11580 152
11581 153
11582 146
11583 136
11584 158
11585 173
11586 192
11587 203
11588 211
11589 212
11590 215
11591 209
11592 206
11593 201
11594 200
11595 190
11596 198
11597 217
11598 197
11599 212
11600 227
11601 244
11602 265
11603 284
11604 297
11605 311
11606 331
11607 329
11608 350
11609 360
11610 204
11611 221
11612 217
11613 233
11614 231
11615 230
11616 222
11617 226
11618 245
11619 230
11620 227
11621 241
11622 260
11623 272
11624 281
11625 293
11626 314
11627 183
11628 114
11629 112
11630 117
11631 108
11632 121
11633 124
11634 137
11635 108
11636 103
11637 93
11638 92
11639 101
11640 103
11641 111
11642 109
11643 107
11644 64
11645 72
11646 74
11647 94
11648 96
11649 94
11650 90
11651 93
11652 92
11653 114
11654 121
11655 116
11656 136
11657 144
11658 140
11659 164
11660 174
11661 198
11662 194
11663 208
11664 223
11665 213
11666 191
11667 200
11668 184
11669 208
11670 200
11671 213
11672 233
11673 227
11674 228
11675 230
11676 238
11677 229
11678 240
11679 258
11680 252
11681 269
11682 287
11683 303
11684 305
11685 323
11686 332
11687 356
11688 240
11689 237
11690 236
11691 229
11692 241
11693 243
11694 239
11695 263
11696 272
11697 286
11698 298
11699 306
11700 307
11701 286
11702 238
11703 234
11704 224
11705 223
11706 247
11707 244
11708 266
11709 204
11710 205
11711 200
11712 196
11713 197
11714 52
11715 63
11716 85
11717 77
11718 67
11719 73
11720 94
11721 109
11722 103
11723 105
11724 111
11725 121
11726 113
11727 127
11728 121
11729 124
11730 115
11731 123
11732 128
11733 127
11734 119
11735 132
11736 152
11737 145
11738 137
11739 139
11740 146
11741 153
11742 155
11743 153
11744 165
11745 179
11746 189
11747 201
11748 219
11749 153
11750 154
11751 172
11752 182
11753 194
11754 215
11755 217
11756 214
11757 230
11758 240
11759 188
11760 213
11761 223
11762 227
11763 231
11764 233
11765 223
11766 238
11767 251
11768 255
11769 266
11770 276
11771 294
11772 306
11773 298
11774 297
11775 313
11776 314
11777 313
11778 319
11779 285
11780 306
11781 331
11782 324
11783 349
11784 361
11785 360
11786 342
11787 352
11788 344
11789 367
11790 385
11791 325
11792 340
11793 294
11794 298
11795 305
11796 297
11797 289
11798 284
11799 293
11800 223
11801 218
11802 213
11803 219
11804 237
11805 227
11806 251
11807 276
11808 272
11809 271
11810 275
11811 276
11812 286
11813 308
11814 300
11815 209
11816 202
11817 226
11818 243
11819 234
11820 227
11821 232
11822 238
11823 239
11824 257
11825 165
11826 168
11827 193
11828 211
11829 218
11830 210
11831 217
11832 212
11833 220
11834 235
11835 246
11836 268
11837 261
11838 268
11839 258
11840 269
11841 279
11842 128
11843 125
11844 143
11845 158
11846 124
11847 148
11848 140
11849 165
11850 187
11851 206
11852 200
11853 223
11854 244
11855 269
11856 268
11857 271
11858 280
11859 300
11860 298
11861 300
11862 310
11863 294
11864 291
11865 310
11866 325
11867 339
11868 342
11869 334
11870 344
11871 360
11872 365
11873 367
11874 378
11875 396
11876 395
11877 412
11878 402
11879 424
11880 441
11881 433
11882 453
11883 451
11884 460
11885 481
11886 475
11887 474
11888 492
11889 484
11890 474
11891 319
11892 217
11893 222
11894 236
11895 255
11896 73
11897 75
11898 83
11899 100
11900 118
11901 132
11902 141
11903 144
11904 162
11905 156
11906 170
11907 164
11908 174
11909 193
11910 216
11911 236
11912 253
11913 271
11914 295
11915 310
11916 304
11917 312
11918 331
11919 329
11920 350
11921 357
11922 367
11923 76
11924 74
11925 69
11926 91
11927 94
11928 99
11929 107
11930 106
11931 129
11932 145
11933 141
11934 165
11935 159
11936 179
11937 174
11938 164
11939 180
11940 186
11941 197
11942 206
11943 123
11944 119
11945 126
11946 121
11947 115
11948 133
11949 129
11950 142
11951 146
11952 140
11953 141
11954 161
11955 157
11956 167
11957 176
11958 192
11959 185
11960 195
11961 212
11962 217
11963 224
11964 234
11965 227
11966 220
11967 223
11968 247
11969 269
11970 282
11971 279
11972 287
11973 303
11974 93
11975 83
11976 86
11977 96
11978 104
11979 129
11980 154
11981 160
11982 178
11983 185
11984 210
11985 161
11986 175
11987 170
11988 171
11989 193
11990 214
11991 222
11992 232
11993 235
11994 242
11995 178
11996 175
11997 198
11998 208
11999 218
12000 232
12001 249
12002 267
12003 288
12004 298
12005 311
12006 303
12007 227
12008 237
12009 238
12010 236
12011 240
12012 242
12013 241
12014 249
12015 100
12016 112
12017 123
12018 119
12019 115
12020 132
12021 136
12022 140
12023 148
12024 151
12025 171
12026 172
12027 181
12028 111
12029 133
12030 126
12031 144
12032 153
12033 149
12034 155
12035 148
12036 145
12037 147
12038 148
12039 170
12040 182
12041 174
12042 176
12043 166
12044 185
12045 180
12046 193
12047 212
12048 235
12049 231
12050 223
12051 238
12052 228
12053 225
12054 239
12055 247
12056 252
12057 243
12058 242
12059 266
12060 282
12061 279
12062 300
12063 240
12064 231
12065 221
12066 231
12067 152
12068 175
12069 187
12070 181
12071 190
12072 198
12073 201
12074 206
12075 198
12076 206
12077 220
12078 152
12079 142
12080 160
12081 159
12082 173
12083 155
12084 164
12085 184
12086 187
12087 177
12088 168
12089 188
12090 178
12091 168
12092 190
12093 210
12094 223
12095 215
12096 207
12097 218
12098 213
12099 229
12100 245
12101 96
12102 87
12103 89
12104 81
12105 83
12106 92
12107 86
12108 101
12109 120
12110 113
12111 105
12112 111
12113 129
12114 130
12115 140
12116 154
12117 127
12118 130
12119 131
12120 127
12121 125
12122 143
12123 151
12124 161
12125 162
12126 169
12127 194
12128 206
12129 222
12130 240
12131 252
12132 253
12133 246
12134 155
12135 172
12136 180
12137 204
12138 136
12139 150
12140 174
12141 196
12142 193
12143 211
12144 234
12145 222
12146 245
12147 238
12148 237
12149 254
12150 245
12151 152
12152 169
12153 191
12154 207
12155 197
12156 206
12157 203
12158 196
12159 212
12160 205
12161 202
12162 224
12163 192
12164 188
12165 209
12166 212
12167 202
12168 195
12169 189
12170 195
12171 192
12172 153
12173 160
12174 177
12175 35
12176 44
12177 34
12178 59
12179 51
12180 52
12181 66
12182 81
12183 87
12184 98
12185 101
12186 93
12187 84
12188 81
12189 92
12190 94
12191 117
12192 124
12193 144
12194 142
12195 164
12196 178
12197 170
12198 125
12199 145
12200 161
12201 143
12202 134
12203 132
12204 135
12205 126
12206 150
12207 148
12208 164
12209 168
12210 191
12211 210
12212 208
12213 220
12214 236
12215 242
12216 227
12217 250
12218 253
12219 274
12220 267
12221 282
12222 283
12223 279
12224 298
12225 305
12226 323
12227 346
12228 350
12229 293
12230 289
12231 291
12232 285
12233 203
12234 212
12235 226
12236 240
12237 241
12238 233
12239 252
12240 254
12241 278
12242 279
12243 304
12244 321
12245 315
12246 340
12247 350
12248 341
12249 201
12250 200
12251 216
12252 218
12253 239
12254 256
12255 275
12256 265
12257 283
12258 295
12259 310
12260 322
12261 330
12262 255
12263 280
12264 302
12265 77
12266 102
12267 126
12268 136
12269 153
12270 152
12271 145
12272 165
12273 170
12274 171
12275 192
12276 189
12277 202
12278 177
12279 192
12280 201
12281 217
12282 133
12283 141
12284 156
12285 152
12286 153
12287 145
12288 141
12289 139
12290 138
12291 155
12292 175
12293 176
12294 179
12295 186
12296 201
12297 205
12298 198
12299 199
12300 202
12301 211
12302 206
12303 212
12304 225
12305 250
12306 264
12307 283
12308 278
12309 297
12310 304
12311 309
12312 325
12313 324
12314 325
12315 340
12316 339
12317 237
12318 252
12319 266
12320 284
12321 306
12322 314
12323 230
12324 196
12325 206
12326 220
12327 225
12328 228
12329 218
12330 195
12331 205
12332 198
12333 203
12334 197
12335 188
12336 103
12337 94
12338 86
12339 97
12340 104
12341 108
12342 110
12343 105
12344 115
12345 136
12346 142
12347 144
12348 135
12349 131
12350 124
12351 142
12352 137
12353 145
12354 169
12355 194
12356 188
12357 211
12358 94
12359 91
12360 87
12361 97
12362 109
12363 116
12364 126
12365 109
12366 103
12367 120
12368 123
12369 148
12370 141
12371 90
12372 101
12373 102
12374 94
12375 118
12376 141
12377 159
12378 149
12379 152
12380 150
12381 168
12382 160
12383 163
12384 164
12385 158
12386 156
12387 151
12388 172
12389 38
12390 62
12391 58
12392 55
12393 79
12394 75
12395 93
12396 97
12397 102
12398 120
12399 128
12400 134
12401 152
12402 160
12403 180
12404 202
12405 212
12406 204
12407 210
12408 231
12409 226
12410 228
12411 249
12412 267
12413 288
12414 304
12415 300
12416 301
12417 292
12418 187
12419 189
12420 186
12421 194
12422 214
12423 228
12424 235
12425 250
12426 263
12427 254
12428 248
12429 165
12430 160
12431 155
12432 157
12433 161
12434 186
12435 188
12436 190
12437 209
12438 200
12439 224
12440 227
12441 229
12442 241
12443 257
12444 248
12445 258
12446 262
12447 263
12448 140
12449 141
12450 150
12451 159
12452 178
12453 177
12454 190
12455 182
12456 185
12457 190
12458 191
12459 184
12460 195
12461 206
12462 217
12463 228
12464 196
12465 211
12466 213
12467 220
12468 243
12469 204
12470 202
12471 225
12472 216
12473 235
12474 253
12475 269
12476 292
12477 307
12478 331
12479 333
12480 339
12481 215
12482 217
12483 213
12484 230
12485 175
12486 178
12487 186
12488 176
12489 187
12490 178
12491 194
12492 184
12493 190
12494 187
12495 207
12496 211
12497 204
12498 228
12499 233
12500 223
12501 229
12502 251
12503 271
12504 188
12505 211
12506 230
12507 240
12508 265
12509 234
12510 236
12511 238
12512 140
12513 151
12514 148
12515 156
12516 181
12517 206
12518 226
12519 238
12520 245
12521 237
12522 241
12523 233
12524 227
12525 241
12526 250
12527 181
12528 196
12529 218
12530 221
12531 87
12532 91
12533 109
12534 134
12535 131
12536 152
12537 159
12538 167
12539 159
12540 151
12541 167
12542 176
12543 166
12544 159
12545 81
12546 90
12547 103
12548 108
12549 129
12550 138
12551 145
12552 167
12553 172
12554 162
12555 181
12556 198
12557 222
12558 215
12559 230
12560 243
12561 255
12562 216
12563 235
12564 257
12565 275
12566 282
12567 276
12568 279
12569 287
12570 307
12571 304
12572 301
12573 308
12574 299
12575 300
12576 313
12577 330
12578 341
12579 349
12580 365
12581 379
12582 380
12583 310
12584 325
12585 284
12586 287
12587 289
12588 302
12589 230
12590 240
12591 258
12592 261
12593 283
12594 295
12595 316
12596 339
12597 211
12598 230
12599 227
12600 229
12601 179
12602 195
12603 218
12604 219
12605 214
12606 231
12607 234
12608 250
12609 268
12610 290
12611 281
12612 287
12613 308
12614 317
12615 335
12616 352
12617 362
12618 357
12619 379
12620 385
12621 384
12622 383
12623 388
12624 390
12625 386
12626 161
12627 178
12628 192
12629 203
12630 202
12631 221
12632 219
12633 234
12634 248
12635 249
12636 273
12637 279
12638 151
12639 147
12640 170
12641 177
12642 199
12643 207
12644 147
12645 137
12646 161
12647 178
12648 140
12649 143
12650 150
12651 157
12652 170
12653 178
12654 180
12655 182
12656 195
12657 188
12658 180
12659 184
12660 207
12661 214
12662 229
12663 219
12664 227
12665 248
12666 273
12667 282
12668 281
12669 302
12670 179
12671 182
12672 187
12673 211
12674 231
12675 78
12676 100
12677 103
12678 108
12679 103
12680 100
12681 111
12682 130
12683 147
12684 161
12685 152
12686 166
12687 170
12688 183
12689 188
12690 204
12691 194
12692 206
12693 228
12694 231
12695 223
12696 232
12697 229
12698 151
12699 142
12700 148
12701 170
12702 167
12703 186
12704 180
12705 196
12706 199
12707 224
12708 234
12709 228
12710 242
12711 264
12712 273
12713 272
12714 176
12715 173
12716 194
12717 195
12718 200
12719 213
12720 206
12721 197
12722 190
12723 183
12724 205
12725 202
12726 212
12727 57
12728 58
12729 73
12730 75
12731 86
12732 81
12733 90
12734 86
12735 105
12736 119
12737 136
12738 143
12739 149
12740 151
12741 142
12742 146
12743 160
12744 165
12745 156
12746 178
12747 192
12748 204
12749 197
12750 217
12751 242
12752 233
12753 223
12754 248
12755 239
12756 258
12757 269
12758 268
12759 168
12760 167
12761 184
12762 193
12763 196
12764 187
12765 170
12766 178
12767 176
12768 172
12769 179
12770 172
12771 180
12772 190
12773 181
12774 174
12775 173
12776 177
12777 178
12778 201
12779 191
12780 213
12781 207
12782 226
12783 241
12784 232
12785 255
12786 253
12787 247
12788 251
12789 168
12790 171
12791 196
12792 220
12793 226
12794 242
12795 250
12796 269
12797 182
12798 204
12799 201
12800 210
12801 213
12802 56
12803 52
12804 57
12805 72
12806 69
12807 70
12808 82
12809 83
12810 92
12811 82
12812 103
12813 120
12814 117
12815 118
12816 128
12817 148
12818 146
12819 136
12820 149
12821 104
12822 100
12823 95
12824 96
12825 108
12826 130
12827 138
12828 134
12829 142
12830 157
12831 180
12832 182
12833 187
12834 205
12835 220
12836 210
12837 204
12838 178
12839 185
12840 186
12841 192
12842 215
12843 229
12844 252
12845 91
12846 86
12847 103
12848 106
12849 103
12850 104
12851 94
12852 102
12853 111
12854 112
12855 135
12856 146
12857 168
12858 171
12859 168
12860 162
12861 158
12862 154
12863 159
12864 162
12865 175
12866 190
12867 194
12868 216
12869 233
12870 234
12871 233
12872 224
12873 215
12874 234
12875 239
12876 229
12877 220
12878 240
12879 241
12880 254
12881 256
12882 280
12883 281
12884 295
12885 304
12886 309
12887 272
12888 282
12889 304
12890 320
12891 84
12892 82
12893 92
12894 112
12895 110
12896 111
12897 122
12898 113
12899 131
12900 135
12901 137
12902 128
12903 119
12904 125
12905 143
12906 147
12907 168
12908 186
12909 194
12910 198
12911 204
12912 212
12913 229
12914 252
12915 255
12916 274
12917 267
12918 265
12919 280
12920 290
12921 298
12922 208
12923 230
12924 251
12925 270
12926 204
12927 219
12928 215
12929 223
12930 214
12931 233
12932 247
12933 266
12934 257
12935 258
12936 259
12937 256
12938 238
12939 256
12940 124
12941 114
12942 136
12943 151
12944 142
12945 154
12946 145
12947 140
12948 156
12949 161
12950 153
12951 144
12952 140
12953 157
12954 158
12955 150
12956 164
12957 184
12958 199
12959 220
12960 234
12961 240
12962 248
12963 162
12964 153
12965 170
12966 168
12967 186
12968 193
12969 190
12970 189
12971 201
12972 196
12973 202
12974 196
12975 197
12976 212
12977 234
12978 237
12979 231
12980 242
12981 243
12982 250
12983 261
12984 251
12985 271
12986 169
12987 172
12988 163
12989 112
12990 133
12991 140
12992 137
12993 149
12994 140
12995 141
12996 159
12997 165
12998 186
12999 185
13000 210
13001 233
13002 241
13003 247
13004 149
13005 150
13006 175
13007 200
13008 186
13009 192
13010 199
13011 209
13012 229
13013 230
13014 228
13015 211
13016 214
13017 224
13018 237
13019 238
13020 236
13021 240
13022 239
13023 251
13024 269
13025 284
13026 172
13027 174
13028 192
13029 214
13030 227
13031 154
13032 62
13033 58
13034 55
13035 70
13036 61
13037 85
13038 82
13039 84
13040 95
13041 111
13042 125
13043 142
13044 154
13045 145
13046 147
13047 158
13048 152
13049 173
13050 121
13051 120
13052 129
13053 127
13054 129
13055 125
13056 130
13057 153
13058 145
13059 152
13060 162
13061 155
13062 167
13063 186
13064 178
13065 199
13066 209
13067 211
13068 214
13069 168
13070 179
13071 183
13072 201
13073 202
13074 193
13075 194
13076 187
13077 180
13078 195
13079 213
13080 229
13081 235
13082 253
13083 271
13084 274
13085 221
13086 213
13087 228
13088 249
13089 245
13090 115
13091 107
13092 103
13093 98
13094 104
13095 112
13096 110
13097 120
13098 123
13099 140
13100 139
13101 162
13102 180
13103 174
13104 188
13105 200
13106 218
13107 222
13108 223
13109 225
13110 239
13111 212
13112 214
13113 217
13114 236
13115 246
13116 253
13117 246
13118 264
13119 259
13120 251
13121 249
13122 242
13123 225
13124 244
13125 201
13126 209
13127 225
13128 239
13129 202
13130 206
13131 198
13132 192
13133 195
13134 220
13135 237
13136 250
13137 131
13138 145
13139 146
13140 167
13141 168
13142 176
13143 194
13144 195
13145 202
13146 211
13147 193
13148 194
13149 213
13150 200
13151 217
13152 209
13153 223
13154 218
13155 240
13156 257
13157 274
13158 277
13159 292
13160 297
13161 316
13162 278
13163 188
13164 197
13165 172
13166 108
13167 116
13168 107
13169 119
13170 137
13171 138
13172 156
13173 178
13174 170
13175 164
13176 187
13177 193
13178 194
13179 218
13180 223
13181 230
13182 215
13183 239
13184 244
13185 151
13186 152
13187 146
13188 151
13189 32
13190 33
13191 52
13192 70
13193 92
13194 89
13195 85
13196 107
13197 105
13198 103
13199 100
13200 108
13201 109
13202 121
13203 122
13204 133
13205 134
13206 148
13207 161
13208 152
13209 170
13210 189
13211 190
13212 189
13213 156
13214 179
13215 203
13216 185
13217 195
13218 190
13219 184
13220 207
13221 177
13222 172
13223 125
13224 128
13225 126
13226 123
13227 130
13228 148
13229 150
13230 158
13231 161
13232 180
13233 197
13234 208
13235 223
13236 237
13237 238
13238 261
13239 173
13240 190
13241 191
13242 214
13243 198
13244 207
13245 218
13246 222
13247 246
13248 266
13249 262
13250 253
13251 271
13252 274
13253 268
13254 266
13255 277
13256 176
13257 177
13258 153
13259 171
13260 175
13261 198
13262 212
13263 226
13264 220
13265 221
13266 245
13267 139
13268 144
13269 150
13270 160
13271 184
13272 202
13273 202
13274 204
13275 195
13276 178
13277 182
13278 206
13279 219
13280 175
13281 176
13282 189
13283 185
13284 184
13285 197
13286 201
13287 191
13288 198
13289 222
13290 237
13291 238
13292 242
13293 264
13294 261
13295 242
13296 207
13297 214
13298 239
13299 238
13300 259
13301 266
13302 228
13303 222
13304 236
13305 243
13306 250
13307 254
13308 262
13309 281
13310 286
13311 288
13312 296
13313 291
13314 286
13315 307
13316 303
13317 326
13318 250
13319 243
13320 242
13321 138
13322 140
13323 143
13324 158
13325 183
13326 207
13327 201
13328 221
13329 87
13330 94
13331 104
13332 127
13333 121
13334 124
13335 131
13336 148
13337 153
13338 161
13339 179
13340 199
13341 195
13342 103
13343 124
13344 136
13345 156
13346 146
13347 141
13348 136
13349 154
13350 144
13351 147
13352 156
13353 153
13354 157
13355 182
13356 179
13357 172
13358 187
13359 180
13360 179
13361 173
13362 177
13363 181
13364 184
13365 206
13366 222
13367 228
13368 242
13369 237
13370 234
13371 119
13372 139
13373 134
13374 146
13375 162
13376 171
13377 184
13378 192
13379 187
13380 197
13381 211
13382 206
13383 203
13384 227
13385 226
13386 243
13387 256
13388 276
13389 301
13390 326
13391 325
13392 335
13393 351
13394 64
13395 54
13396 78
13397 95
13398 94
13399 96
13400 115
13401 130
13402 137
13403 127
13404 125
13405 126
13406 129
13407 134
13408 128
13409 132
13410 122
13411 144
13412 164
13413 156
13414 169
13415 185
13416 186
13417 195
13418 185
13419 195
13420 208
13421 227
13422 247
13423 258
13424 127
13425 109
13426 113
13427 117
13428 122
13429 131
13430 114
13431 106
13432 98
13433 120
13434 123
13435 134
13436 156
13437 146
13438 169
13439 185
13440 207
13441 202
13442 208
13443 221
13444 245
13445 261
13446 275
13447 293
13448 283
13449 270
13450 286
13451 307
13452 300
13453 216
13454 233
13455 234
13456 246
13457 238
13458 241
13459 239
13460 198
13461 202
13462 201
13463 213
13464 97
13465 118
13466 141
13467 154
13468 174
13469 187
13470 152
13471 100
13472 101
13473 107
13474 121
13475 136
13476 154
13477 176
13478 142
13479 165
13480 172
13481 181
13482 185
13483 186
13484 199
13485 202
13486 192
13487 208
13488 198
13489 214
13490 230
13491 225
13492 236
13493 237
13494 235
13495 245
13496 169
13497 159
13498 155
13499 175
13500 183
13501 202
13502 211
13503 206
13504 228
13505 229
13506 239
13507 263
13508 274
13509 232
13510 224
13511 232
13512 227
13513 230
13514 245
13515 254
13516 270
13517 281
13518 89
13519 88
13520 96
13521 114
13522 110
13523 132
13524 149
13525 148
13526 143
13527 144
13528 129
13529 149
13530 154
13531 155
13532 147
13533 141
13534 152
13535 174
13536 164
13537 176
13538 190
13539 186
13540 201
13541 114
13542 108
13543 104
13544 100
13545 118
13546 121
13547 125
13548 134
13549 147
13550 168
13551 190
13552 192
13553 207
13554 199
13555 218
13556 154
13557 151
13558 176
13559 185
13560 205
13561 206
13562 196
13563 212
13564 211
13565 220
13566 234
13567 252
13568 242
13569 260
13570 268
13571 279
13572 246
13573 175
13574 179
13575 204
13576 223
13577 216
13578 241
13579 235
13580 244
13581 216
13582 221
13583 212
13584 226
13585 250
13586 266
13587 288
13588 138
13589 161
13590 171
13591 161
13592 162
13593 153
13594 178
13595 182
13596 185
13597 186
13598 199
13599 193
13600 185
13601 184
13602 135
13603 126
13604 144
13605 70
13606 93
13607 113
13608 132
13609 123
13610 130
13611 134
13612 143
13613 135
13614 150
13615 170
13616 172
13617 168
13618 170
13619 180
13620 188
13621 212
13622 203
13623 209
13624 200
13625 194
13626 196
13627 188
13628 196
13629 207
13630 201
13631 222
13632 241
13633 263
13634 221
13635 246
13636 147
13637 155
13638 160
13639 151
13640 171
13641 161
13642 181
13643 183
13644 193
13645 183
13646 208
13647 209
13648 216
13649 227
13650 222
13651 247
13652 260
13653 266
13654 245
13655 259
13656 258
13657 259
13658 254
13659 267
13660 288
13661 296
13662 307
13663 297
13664 296
13665 305
13666 286
13667 180
13668 201
13669 206
13670 207
13671 94
13672 84
13673 77
13674 82
13675 105
13676 129
13677 134
13678 139
13679 160
13680 182
13681 205
13682 199
13683 217
13684 207
13685 220
13686 229
13687 226
13688 250
13689 179
13690 204
13691 110
13692 121
13693 140
13694 131
13695 154
13696 175
13697 167
13698 160
13699 175
13700 200
13701 205
13702 206
13703 210
13704 228
13705 249
13706 190
13707 214
13708 235
13709 202
13710 227
13711 231
13712 225
13713 185
13714 193
13715 177
13716 168
13717 172
13718 168
13719 161
13720 173
13721 197
13722 221
13723 231
13724 249
13725 194
13726 200
13727 225
13728 215
13729 216
13730 210
13731 204
13732 211
13733 218
13734 230
13735 221
13736 244
13737 252
13738 273
13739 282
13740 177
13741 180
13742 170
13743 172
13744 166
13745 158
13746 168
13747 165
13748 179
13749 172
13750 193
13751 218
13752 146
13753 150
13754 165
13755 162
13756 152
13757 151
13758 145
13759 151
13760 176
13761 170
13762 188
13763 194
13764 192
13765 207
13766 232
13767 240
13768 259
13769 283
13770 277
13771 294
13772 176
13773 117
13774 131
13775 147
13776 159
13777 147
13778 158
13779 96
13780 98
13781 95
13782 112
13783 119
13784 117
13785 135
13786 159
13787 150
13788 149
13789 155
13790 173
13791 189
13792 198
13793 199
13794 206
13795 224
13796 246
13797 258
13798 260
13799 195
13800 181
13801 195
13802 185
13803 184
13804 176
13805 167
13806 169
13807 191
13808 202
13809 84
13810 86
13811 76
13812 84
13813 85
13814 95
13815 100
13816 107
13817 116
13818 114
13819 108
13820 132
13821 152
13822 168
13823 170
13824 174
13825 190
13826 214
13827 215
13828 220
13829 210
13830 220
13831 216
13832 241
13833 201
13834 173
13835 183
13836 186
13837 207
13838 230
13839 226
13840 213
13841 219
13842 204
13843 214
13844 170
13845 193
13846 207
13847 212
13848 231
13849 176
13850 187
13851 178
13852 193
13853 200
13854 193
13855 199
13856 214
13857 232
13858 253
13859 268
13860 293
13861 285
13862 271
13863 266
13864 271
13865 272
13866 273
13867 267
13868 171
13869 168
13870 169
13871 165
13872 179
13873 199
13874 220
13875 227
13876 243
13877 250
13878 275
13879 299
13880 313
13881 260
13882 264
13883 258
13884 268
13885 280
13886 291
13887 308
13888 329
13889 331
13890 342
13891 306
13892 238
13893 157
13894 165
13895 188
13896 189
13897 201
13898 220
13899 225
13900 234
13901 247
13902 235
13903 237
13904 243
13905 225
13906 231
13907 241
13908 245
13909 269
13910 253
13911 244
13912 252
13913 262
13914 281
13915 290
13916 294
13917 285
13918 283
13919 279
13920 118
13921 111
13922 135
13923 137
13924 151
13925 165
13926 180
13927 171
13928 145
13929 152
13930 142
13931 132
13932 154
13933 178
13934 183
13935 178
13936 201
13937 203
13938 56
13939 65
13940 85
13941 101
13942 109
13943 123
13944 124
13945 145
13946 156
13947 153
13948 172
13949 127
13950 143
13951 133
13952 123
13953 124
13954 120
13955 111
13956 112
13957 132
13958 140
13959 137
13960 128
13961 147
13962 145
13963 154
13964 173
13965 184
13966 189
13967 196
13968 201
13969 186
13970 209
13971 214
13972 238
13973 258
13974 282
13975 290
13976 291
13977 177
13978 186
13979 93
13980 105
13981 100
13982 90
13983 85
13984 101
13985 110
13986 109
13987 124
13988 139
13989 150
13990 140
13991 147
13992 150
13993 147
13994 157
13995 154
13996 175
13997 191
13998 188
13999 187
14000 188
14001 205
14002 158
14003 171
14004 181
14005 195
14006 196
14007 155
14008 156
14009 167
14010 185
14011 177
14012 175
14013 196
14014 205
14015 212
14016 216
14017 239
14018 238
14019 250
14020 98
14021 123
14022 113
14023 118
14024 116
14025 120
14026 89
14027 86
14028 106
14029 104
14030 94
14031 110
14032 121
14033 118
14034 129
14035 143
14036 136
14037 149
14038 141
14039 142
14040 140
14041 144
14042 154
14043 179
14044 171
14045 167
14046 174
14047 182
14048 198
14049 214
14050 225
14051 234
14052 247
14053 269
14054 284
14055 212
14056 236
14057 257
14058 204
14059 189
14060 187
14061 159
14062 149
14063 173
14064 189
14065 213
14066 236
14067 229
14068 243
14069 148
14070 159
14071 180
14072 190
14073 214
14074 236
14075 249
14076 174
14077 181
14078 190
14079 211
14080 204
14081 213
14082 219
14083 196
14084 209
14085 216
14086 226
14087 242
14088 241
14089 231
14090 247
14091 240
14092 237
14093 228
14094 226
14095 228
14096 194
14097 212
14098 213
14099 204
14100 194
14101 210
14102 217
14103 239
14104 245
14105 113
14106 109
14107 102
14108 111
14109 103
14110 128
14111 127
14112 124
14113 80
14114 90
14115 89
14116 83
14117 101
14118 102
14119 103
14120 127
14121 138
14122 161
14123 155
14124 161
14125 175
14126 192
14127 191
14128 207
14129 229
14130 223
14131 193
14132 202
14133 219
14134 238
14135 231
14136 236
14137 259
14138 231
14139 226
14140 225
14141 239
14142 250
14143 251
14144 272
14145 267
14146 269
14147 265
14148 258
14149 259
14150 278
14151 292
14152 279
14153 302
14154 219
14155 220
14156 243
14157 191
14158 193
14159 200
14160 218
14161 221
14162 243
14163 233
14164 229
14165 241
14166 233
14167 240
14168 246
14169 249
14170 263
14171 267
14172 162
14173 165
14174 157
14175 162
14176 170
14177 164
14178 181
14179 192
14180 198
14181 215
14182 232
14183 224
14184 248
14185 250
14186 267
14187 173
14188 139
14189 140
14190 151
14191 155
14192 146
14193 136
14194 130
14195 149
14196 155
14197 160
14198 185
14199 208
14200 110
14201 131
14202 127
14203 131
14204 139
14205 156
14206 14
14207 9
14208 1
14209 12
14210 33
14211 53
14212 57
14213 73
14214 81
14215 79
14216 93
14217 97
14218 96
14219 117
14220 139
14221 145
14222 164
14223 175
14224 176
14225 187
14226 162
14227 182
14228 185
14229 181
14230 186
14231 200
14232 212
14233 223
14234 201
14235 217
14236 150
14237 174
14238 179
14239 201
14240 139
14241 145
14242 156
14243 172
14244 193
14245 194
14246 185
14247 175
14248 200
14249 197
14250 198
14251 221
14252 238
14253 173
14254 191
14255 185
14256 137
14257 145
14258 168
14259 175
14260 182
14261 160
14262 154
14263 146
14264 160
14265 150
14266 144
14267 152
14268 172
14269 149
14270 173
14271 91
14272 109
14273 108
14274 101
14275 95
14276 90
14277 107
14278 98
14279 122
14280 129
14281 139
14282 143
14283 142
14284 133
14285 152
14286 164
14287 76
14288 74
14289 99
14290 123
14291 118
14292 116
14293 107
14294 98
14295 113
14296 105
14297 106
14298 120
14299 126
14300 139
14301 153
14302 172
14303 185
14304 180
14305 188
14306 191
14307 209
14308 202
14309 195
14310 186
14311 195
14312 188
14313 194
14314 205
14315 212
14316 209
14317 214
14318 221
14319 213
14320 208
14321 210
14322 228
14323 220
14324 245
14325 260
14326 261
14327 233
14328 230
14329 208
14330 209
14331 208
14332 210
14333 200
14334 190
14335 212
14336 218
14337 215
14338 226
14339 241
14340 234
14341 230
14342 231
14343 225
14344 207
14345 219
14346 231
14347 245
14348 263
14349 278
14350 295
14351 291
14352 245
14353 112
14354 109
14355 125
14356 126
14357 137
14358 149
14359 161
14360 183
14361 179
14362 164
14363 180
14364 194
14365 199
14366 222
14367 34
14368 28
14369 50
14370 41
14371 51
14372 52
14373 48
14374 47
14375 50
14376 52
14377 46
14378 55
14379 63
14380 69
14381 82
14382 84
14383 94
14384 106
14385 114
14386 136
14387 139
14388 149
14389 162
14390 171
14391 182
14392 203
14393 194
14394 193
14395 201
14396 222
14397 239
14398 240
14399 243
14400 249
14401 254
14402 267
14403 255
14404 263
14405 256
14406 121
14407 119
14408 135
14409 154
14410 169
14411 188
14412 204
14413 194
14414 207
14415 229
14416 244
14417 238
14418 144
14419 165
14420 172
14421 186
14422 196
14423 194
14424 193
14425 217
14426 209
14427 167
14428 171
14429 168
14430 125
14431 132
14432 138
14433 155
14434 148
14435 173
14436 193
14437 111
14438 77
14439 78
14440 102
14441 113
14442 130
14443 141
14444 154
14445 165
14446 161
14447 113
14448 127
14449 142
14450 159
14451 173
14452 184
14453 189
14454 76
14455 82
14456 76
14457 97
14458 103
14459 120
14460 117
14461 140
14462 141
14463 142
14464 155
14465 177
14466 176
14467 179
14468 203
14469 196
14470 191
14471 203
14472 217
14473 208
14474 200
14475 199
14476 207
14477 197
14478 183
14479 139
14480 133
14481 154
14482 175
14483 189
14484 186
14485 182
14486 202
14487 222
14488 238
14489 260
14490 264
14491 283
14492 148
14493 142
14494 163
14495 173
14496 175
14497 173
14498 155
14499 169
14500 172
14501 182
14502 185
14503 178
14504 201
14505 217
14506 226
14507 247
14508 270
14509 281
14510 301
14511 291
14512 294
14513 315
14514 188
14515 191
14516 30
14517 36
14518 57
14519 56
14520 64
14521 82
14522 75
14523 67
14524 89
14525 91
14526 101
14527 123
14528 140
14529 154
14530 144
14531 163
14532 154
14533 155
14534 156
14535 174
14536 180
14537 170
14538 164
14539 158
14540 160
14541 183
14542 203
14543 209
14544 213
14545 214
14546 222
14547 223
14548 231
14549 179
14550 177
14551 170
14552 190
14553 202
14554 203
14555 110
14556 104
14557 123
14558 141
14559 138
14560 148
14561 169
14562 170
14563 171
14564 189
14565 184
14566 179
14567 192
14568 194
14569 201
14570 199
14571 210
14572 136
14573 141
14574 146
14575 153
14576 156
14577 169
14578 167
14579 191
14580 195
14581 185
14582 175
14583 189
14584 185
14585 178
14586 197
14587 198
14588 192
14589 202
14590 204
14591 169
14592 172
14593 183
14594 179
14595 171
14596 174
14597 166
14598 161
14599 169
14600 167
14601 186
14602 181
14603 172
14604 193
14605 211
14606 39
14607 59
14608 53
14609 63
14610 75
14611 82
14612 97
14613 101
14614 103
14615 118
14616 133
14617 124
14618 123
14619 132
14620 138
14621 151
14622 165
14623 158
14624 170
14625 172
14626 184
14627 159
14628 109
14629 108
14630 118
14631 128
14632 120
14633 115
14634 131
14635 148
14636 172
14637 167
14638 180
14639 170
14640 178
14641 203
14642 204
14643 211
14644 225
14645 244
14646 252
14647 274
14648 238
14649 144
14650 146
14651 149
14652 164
14653 181
14654 101
14655 125
14656 149
14657 172
14658 168
14659 150
14660 140
14661 132
14662 145
14663 148
14664 164
14665 159
14666 179
14667 204
14668 202
14669 192
14670 211
14671 139
14672 163
14673 159
14674 151
14675 173
14676 138
14677 139
14678 129
14679 125
14680 144
14681 160
14682 176
14683 181
14684 195
14685 212
14686 202
14687 199
14688 180
14689 111
14690 127
14691 119
14692 143
14693 153
14694 110
14695 113
14696 118
14697 116
14698 126
14699 139
14700 120
14701 135
14702 139
14703 140
14704 155
14705 177
14706 134
14707 142
14708 146
14709 155
14710 156
14711 180
14712 158
14713 151
14714 146
14715 147
14716 144
14717 160
14718 167
14719 191
14720 192
14721 216
14722 235
14723 257
14724 256
14725 265
14726 283
14727 298
14728 307
14729 308
14730 314
14731 321
14732 332
14733 214
14734 130
14735 143
14736 139
14737 145
14738 168
14739 169
14740 78
14741 100
14742 116
14743 129
14744 63
14745 64
14746 87
14747 81
14748 89
14749 101
14750 99
14751 123
14752 116
14753 118
14754 114
14755 129
14756 120
14757 113
14758 109
14759 118
14760 132
14761 144
14762 156
14763 150
14764 160
14765 164
14766 159
14767 172
14768 188
14769 211
14770 222
14771 213
14772 219
14773 216
14774 228
14775 230
14776 180
14777 195
14778 185
14779 181
14780 201
14781 146
14782 141
14783 150
14784 148
14785 143
14786 157
14787 172
14788 183
14789 189
14790 204
14791 202
14792 200
14793 219
14794 146
14795 137
14796 140
14797 138
14798 157
14799 175
14800 83
14801 85
14802 105
14803 115
14804 116
14805 123
14806 121
14807 114
14808 136
14809 144
14810 146
14811 166
14812 169
14813 164
14814 188
14815 186
14816 193
14817 110
14818 102
14819 119
14820 134
14821 152
14822 97
14823 113
14824 125
14825 120
14826 144
14827 156
14828 161
14829 176
14830 171
14831 184
14832 200
14833 196
14834 201
14835 202
14836 207
14837 204
14838 223
14839 166
14840 156
14841 178
14842 141
14843 151
14844 167
14845 157
14846 181
14847 198
14848 195
14849 187
14850 203
14851 228
14852 229
14853 251
14854 244
14855 241
14856 195
14857 204
14858 206
14859 176
14860 185
14861 198
14862 190
14863 198
14864 205
14865 216
14866 196
14867 194
14868 201
14869 217
14870 177
14871 179
14872 194
14873 198
14874 202
14875 193
14876 202
14877 223
14878 239
14879 240
14880 189
14881 208
14882 198
14883 127
14884 121
14885 122
14886 113
14887 116
14888 140
14889 142
14890 139
14891 136
14892 142
14893 157
14894 127
14895 118
14896 110
14897 121
14898 124
14899 121
14900 109
14901 130
14902 134
14903 138
14904 139
14905 143
14906 148
14907 134
14908 145
14909 139
14910 137
14911 155
14912 161
14913 184
14914 176
14915 177
14916 131
14917 128
14918 135
14919 142
14920 136
14921 127
14922 124
14923 129
14924 146
14925 138
14926 155
14927 151
14928 141
14929 166
14930 167
14931 159
14932 179
14933 185
14934 190
14935 187
14936 184
14937 207
14938 188
14939 204
14940 217
14941 147
14942 169
14943 170
14944 188
14945 200
14946 195
14947 184
14948 186
14949 187
14950 198
14951 191
14952 181
14953 178
14954 180
14955 202
14956 197
14957 115
14958 136
14959 154
14960 157
14961 155
14962 153
14963 174
14964 173
14965 163
14966 171
14967 173
14968 191
14969 210
14970 206
14971 215
14972 213
14973 222
14974 240
14975 261
14976 252
14977 91
14978 108
14979 111
14980 101
14981 100
14982 93
14983 117
14984 126
14985 122
14986 123
14987 133
14988 136
14989 149
14990 160
14991 168
14992 132
14993 137
14994 136
14995 154
14996 155
14997 177
14998 191
14999 193
15000 208
15001 229
15002 250
15003 258
15004 266
15005 123
15006 121
15007 146
15008 165
15009 158
15010 157
15011 164
15012 187
15013 163
15014 177
15015 194
15016 197
15017 176
15018 151
15019 140
15020 132
15021 125
15022 134
15023 148
15024 138
15025 137
15026 144
15027 169
15028 165
15029 190
15030 189
15031 184
15032 197
15033 187
15034 182
15035 206
15036 119
15037 121
15038 120
15039 113
15040 122
15041 143
15042 154
15043 177
15044 178
15045 196
15046 218
15047 211
15048 233
15049 230
15050 240
15051 260
15052 285
15053 249
15054 254
15055 255
15056 262
15057 277
15058 278
15059 299
15060 307
15061 243
15062 235
15063 226
15064 238
15065 236
15066 259
15067 213
15068 207
15069 224
15070 130
15071 122
15072 123
15073 117
15074 115
15075 130
15076 136
15077 154
15078 162
15079 183
15080 188
15081 204
15082 220
15083 189
15084 184
15085 193
15086 207
15087 222
15088 244
15089 140
15090 137
15091 153
15092 146
15093 167
15094 158
15095 154
15096 151
15097 174
15098 171
15099 170
15100 175
15101 186
15102 187
15103 210
15104 217
15105 218
15106 217
15107 215
15108 233
15109 238
15110 262
15111 267
15112 288
15113 178
15114 199
15115 72
15116 78
15117 81
15118 85
15119 104
15120 106
15121 123
15122 136
15123 137
15124 156
15125 169
15126 153
15127 166
15128 177
15129 167
15130 172
15131 164
15132 177
15133 186
15134 182
15135 198
15136 194
15137 195
15138 81
15139 82
15140 104
15141 105
15142 130
15143 148
15144 156
15145 168
15146 186
15147 180
15148 121
15149 60
15150 67
15151 72
15152 85
15153 106
15154 116
15155 128
15156 146
15157 120
15158 140
15159 156
15160 151
15161 156
15162 165
15163 159
15164 178
15165 117
15166 125
15167 122
15168 121
15169 115
15170 116
15171 140
15172 134
15173 159
15174 168
15175 169
15176 170
15177 162
15178 176
15179 198
15180 218
15181 240
15182 115
15183 107
15184 129
15185 127
15186 126
15187 140
15188 136
15189 143
15190 156
15191 163
15192 160
15193 150
15194 154
15195 160
15196 168
15197 171
15198 196
15199 217
15200 173
15201 184
15202 177
15203 197
15204 190
15205 212
15206 204
15207 194
15208 211
15209 162
15210 164
15211 166
15212 180
15213 185
15214 183
15215 195
15216 211
15217 112
15218 126
15219 127
15220 142
15221 136
15222 150
15223 151
15224 175
15225 171
15226 186
15227 194
15228 187
15229 155
15230 159
15231 151
15232 155
15233 145
15234 168
15235 171
15236 172
15237 164
15238 168
15239 182
15240 180
15241 190
15242 213
15243 209
15244 225
15245 249
15246 267
15247 143
15248 159
15249 179
15250 94
15251 97
15252 106
15253 98
15254 115
15255 112
15256 137
15257 130
15258 128
15259 118
15260 89
15261 90
15262 107
15263 128
15264 136
15265 146
15266 154
15267 175
15268 171
15269 189
15270 190
15271 186
15272 180
15273 189
15274 206
15275 200
15276 190
15277 181
15278 178
15279 173
15280 182
15281 173
15282 178
15283 172
15284 187
15285 184
15286 206
15287 35
15288 53
15289 68
15290 69
15291 80
15292 81
15293 104
15294 116
15295 107
15296 120
15297 111
15298 130
15299 135
15300 140
15301 153
15302 163
15303 184
15304 187
15305 196
15306 209
15307 216
15308 238
15309 263
15310 257
15311 248
15312 262
15313 278
15314 288
15315 284
15316 299
15317 300
15318 290
15319 292
15320 288
15321 149
15322 157
15323 156
15324 163
15325 173
15326 184
15327 192
15328 193
15329 216
15330 236
15331 245
15332 246
15333 249
15334 254
15335 146
15336 169
15337 165
15338 178
15339 131
15340 132
15341 127
15342 122
15343 116
15344 122
15345 132
15346 134
15347 135
15348 140
15349 165
15350 158
15351 159
15352 149
15353 166
15354 120
15355 110
15356 126
15357 138
15358 154
15359 161
15360 170
15361 166
15362 161
15363 176
15364 189
15365 207
15366 206
15367 215
15368 207
15369 223
15370 224
15371 237
15372 230
15373 233
15374 225
15375 241
15376 265
15377 277
15378 113
15379 107
15380 119
15381 116
15382 130
15383 128
15384 149
15385 162
15386 169
15387 161
15388 168
15389 178
15390 171
15391 174
15392 192
15393 207
15394 220
15395 180
15396 181
15397 125
15398 118
15399 123
15400 126
15401 119
15402 134
15403 158
15404 166
15405 181
15406 205
15407 109
15408 128
15409 141
15410 149
15411 172
15412 175
15413 184
15414 188
15415 187
15416 201
15417 171
15418 161
15419 159
15420 179
15421 110
15422 124
15423 118
15424 119
15425 115
15426 119
15427 121
15428 120
15429 106
15430 127
15431 147
15432 153
15433 148
15434 149
15435 156
15436 151
15437 168
15438 162
15439 159
15440 177
15441 168
15442 167
15443 179
15444 198
15445 193
15446 186
15447 204
15448 223
15449 232
15450 183
15451 180
15452 133
15453 131
15454 138
15455 139
15456 147
15457 170
15458 172
15459 162
15460 153
15461 149
15462 140
15463 146
15464 151
15465 144
15466 134
15467 150
15468 174
15469 165
15470 168
15471 171
15472 175
15473 186
15474 136
15475 126
15476 120
15477 109
15478 134
15479 130
15480 123
15481 145
15482 144
15483 162
15484 114
15485 134
15486 131
15487 133
15488 158
15489 120
15490 132
15491 124
15492 126
15493 143
15494 142
15495 136
15496 147
15497 152
15498 167
15499 159
15500 91
15501 109
15502 130
15503 145
15504 160
15505 165
15506 178
15507 114
15508 127
15509 113
15510 134
15511 131
15512 136
15513 158
15514 183
15515 207
15516 208
15517 209
15518 232
15519 109
15520 100
15521 107
15522 110
15523 119
15524 140
15525 146
15526 157
15527 155
15528 180
15529 183
15530 199
15531 221
15532 227
15533 220
15534 235
15535 248
15536 250
15537 221
15538 230
15539 225
15540 223
15541 122
15542 125
15543 133
15544 140
15545 154
15546 155
15547 135
15548 130
15549 131
15550 68
15551 85
15552 86
15553 82
15554 87
15555 111
15556 102
15557 107
15558 98
15559 110
15560 135
15561 152
15562 153
15563 166
15564 179
15565 176
15566 168
15567 171
15568 180
15569 204
15570 226
15571 222
15572 231
15573 187
15574 202
15575 113
15576 137
15577 128
15578 67
15579 77
15580 74
15581 96
15582 103
15583 102
15584 118
15585 108
15586 128
15587 146
15588 140
15589 144
15590 148
15591 169
15592 159
15593 164
15594 165
15595 179
15596 185
15597 182
15598 189
15599 197
15600 212
15601 117
15602 110
15603 129
15604 151
15605 170
15606 191
15607 188
15608 147
15609 148
15610 151
15611 174
15612 152
15613 166
15614 183
15615 195
15616 192
15617 195
15618 214
15619 233
15620 254
15621 172
15622 170
15623 162
15624 156
15625 162
15626 174
15627 189
15628 191
15629 195
15630 211
15631 214
15632 167
15633 161
15634 154
15635 153
15636 137
15637 147
15638 163
15639 167
15640 173
15641 182
15642 104
15643 128
15644 149
15645 134
15646 142
15647 109
15648 131
15649 151
15650 159
15651 172
15652 186
15653 194
15654 215
15655 236
15656 238
15657 245
15658 262
15659 263
15660 281
15661 149
15662 155
15663 171
15664 181
15665 182
15666 187
15667 206
15668 218
15669 232
15670 255
15671 257
15672 275
15673 194
15674 149
15675 157
15676 148
15677 157
15678 160
15679 154
15680 151
15681 176
15682 169
15683 170
15684 182
15685 196
15686 214
15687 210
15688 218
15689 233
15690 209
15691 229
15692 250
15693 265
15694 266
15695 267
15696 268
15697 279
15698 285
15699 286
15700 242
15701 159
15702 177
15703 158
15704 168
15705 171
15706 162
15707 174
15708 173
15709 165
15710 187
15711 205
15712 218
15713 230
15714 241
15715 252
15716 269
15717 277
15718 297
15719 299
15720 165
15721 173
15722 197
15723 192
15724 186
15725 203
15726 194
15727 205
15728 229
15729 201
15730 226
15731 133
15732 146
15733 138
15734 135
15735 133
15736 125
15737 135
15738 153
15739 155
15740 163
15741 181
15742 185
15743 183
15744 194
15745 208
15746 223
15747 219
15748 220
15749 221
15750 242
15751 202
15752 213
15753 215
15754 228
15755 120
15756 131
15757 136
15758 148
15759 143
15760 140
15761 130
15762 124
15763 139
15764 140
15765 159
15766 149
15767 141
15768 160
15769 184
15770 128
15771 126
15772 121
15773 137
15774 156
15775 157
15776 163
15777 166
15778 164
15779 175
15780 173
15781 183
15782 206
15783 207
15784 232
15785 242
15786 239
15787 250
15788 253
15789 271
15790 291
15791 197
15792 215
15793 221
15794 246
15795 203
15796 207
15797 215
15798 230
15799 115
15800 129
15801 120
15802 121
15803 129
15804 150
15805 171
15806 181
15807 205
15808 141
15809 149
15810 155
15811 162
15812 135
15813 143
15814 141
15815 150
15816 141
15817 146
15818 138
15819 157
15820 182
15821 180
15822 168
15823 188
15824 181
15825 197
15826 218
15827 177
15828 169
15829 189
15830 148
15831 164
15832 171
15833 196
15834 207
15835 216
15836 241
15837 234
15838 256
15839 261
15840 269
15841 165
15842 158
15843 160
15844 175
15845 188
15846 182
15847 183
15848 197
15849 222
15850 233
15851 238
15852 202
15853 226
15854 231
15855 235
15856 232
15857 245
15858 268
15859 280
15860 291
15861 205
15862 222
15863 245
15864 262
15865 274
15866 156
15867 152
15868 143
15869 161
15870 177
15871 164
15872 88
15873 109
15874 106
15875 110
15876 106
15877 100
15878 102
15879 120
15880 71
15881 94
15882 115
15883 116
15884 125
15885 134
15886 127
15887 123
15888 114
15889 134
15890 150
15891 160
15892 172
15893 187
15894 204
15895 209
15896 184
15897 179
15898 200
15899 218
15900 219
15901 142
15902 144
15903 149
15904 157
15905 181
15906 176
15907 171
15908 189
15909 196
15910 122
15911 117
15912 126
15913 150
15914 146
15915 139
15916 134
15917 145
15918 142
15919 144
15920 146
15921 170
15922 186
15923 192
15924 211
15925 223
15926 224
15927 222
15928 227
15929 248
15930 223
15931 220
15932 236
15933 180
15934 171
15935 174
15936 194
15937 115
15938 112
15939 117
15940 131
15941 123
15942 117
15943 114
15944 131
15945 144
15946 160
15947 168
15948 163
15949 160
15950 159
15951 169
15952 163
15953 164
15954 188
15955 177
15956 199
15957 206
15958 200
15959 199
15960 212
15961 235
15962 250
15963 269
15964 68
15965 86
15966 77
15967 67
15968 89
15969 84
15970 76
15971 100
15972 98
15973 91
15974 93
15975 89
15976 113
15977 136
15978 160
15979 183
15980 207
15981 231
15982 251
15983 174
15984 170
15985 169
15986 162
15987 171
15988 182
15989 202
15990 205
15991 211
15992 212
15993 176
15994 182
15995 183
15996 199
15997 210
15998 234
15999 256
16000 221
16001 237
16002 236
16003 157
16004 147
16005 148
16006 141
16007 144
16008 148
16009 159
16010 155
16011 176
16012 196
16013 204
16014 175
16015 174
16016 182
16017 204
16018 199
16019 215
16020 224
16021 239
16022 254
16023 263
16024 279
16025 290
16026 306
16027 327
16028 211
16029 214
16030 216
16031 207
16032 208
16033 159
16034 160
16035 155
16036 165
16037 175
16038 169
16039 163
16040 170
16041 195
16042 188
16043 202
16044 197
16045 157
16046 160
16047 162
16048 102
16049 127
16050 132
16051 146
16052 147
16053 144
16054 150
16055 163
16056 173
16057 174
16058 198
16059 196
16060 197
16061 218
16062 235
16063 240
16064 249
16065 266
16066 277
16067 285
16068 305
16069 313
16070 220
16071 210
16072 214
16073 202
16074 222
16075 191
16076 206
16077 171
16078 166
16079 167
16080 166
16081 182
16082 180
16083 201
16084 223
16085 243
16086 233
16087 234
16088 244
16089 221
16090 216
16091 226
16092 217
16093 223
16094 232
16095 110
16096 119
16097 113
16098 117
16099 129
16100 147
16101 151
16102 146
16103 148
16104 141
16105 159
16106 164
16107 159
16108 176
16109 175
16110 198
16111 199
16112 212
16113 216
16114 231
16115 233
16116 93
16117 69
16118 94
16119 100
16120 122
16121 137
16122 151
16123 149
16124 147
16125 146
16126 171
16127 180
16128 186
16129 210
16130 219
16131 241
16132 265
16133 124
16134 133
16135 135
16136 137
16137 153
16138 166
16139 179
16140 169
16141 170
16142 137
16143 134
16144 155
16145 149
16146 142
16147 140
16148 144
16149 155
16150 173
16151 188
16152 209
16153 207
16154 199
16155 184
16156 175
16157 174
16158 191
16159 197
16160 187
16161 177
16162 174
16163 165
16164 86
16165 110
16166 132
16167 146
16168 154
16169 170
16170 185
16171 187
16172 211
16173 227
16174 222
16175 240
16176 249
16177 244
16178 252
16179 120
16180 141
16181 155
16182 159
16183 153
16184 159
16185 160
16186 185
16187 180
16188 205
16189 217
16190 177
16191 195
16192 215
16193 74
16194 75
16195 71
16196 89
16197 79
16198 73
16199 97
16200 116
16201 123
16202 146
16203 170
16204 147
16205 146
16206 139
16207 156
16208 151
16209 152
16210 146
16211 154
16212 156
16213 172
16214 170
16215 177
16216 183
16217 180
16218 181
16219 182
16220 203
16221 152
16222 166
16223 136
16224 135
16225 140
16226 159
16227 162
16228 163
16229 155
16230 177
16231 194
16232 195
16233 217
16234 221
16235 158
16236 141
16237 138
16238 163
16239 164
16240 159
16241 179
16242 200
16243 202
16244 197
16245 216
16246 231
16247 242
16248 265
16249 288
16250 116
16251 113
16252 130
16253 137
16254 152
16255 146
16256 163
16257 164
16258 171
16259 105
16260 129
16261 151
16262 158
16263 153
16264 163
16265 166
16266 177
16267 200
16268 199
16269 177
16270 183
16271 203
16272 228
16273 252
16274 167
16275 159
16276 174
16277 197
16278 192
16279 191
16280 206
16281 217
16282 240
16283 259
16284 257
16285 248
16286 138
16287 162
16288 169
16289 181
16290 182
16291 201
16292 212
16293 217
16294 232
16295 233
16296 147
16297 138
16298 139
16299 135
16300 148
16301 159
16302 145
16303 127
16304 144
16305 149
16306 167
16307 186
16308 185
16309 210
16310 225
16311 181
16312 180
16313 139
16314 153
16315 149
16316 154
16317 158
16318 176
16319 163
16320 186
16321 138
16322 124
16323 127
16324 151
16325 157
16326 168
16327 129
16328 153
16329 149
16330 163
16331 164
16332 162
16333 148
16334 119
16335 133
16336 147
16337 172
16338 168
16339 173
16340 179
16341 192
16342 116
16343 121
16344 132
16345 145
16346 139
16347 159
16348 179
16349 197
16350 218
16351 200
16352 192
16353 207
16354 221
16355 213
16356 201
16357 191
16358 208
16359 206
16360 199
16361 217
16362 227
16363 246
16364 265
16365 113
16366 117
16367 138
16368 156
16369 178
16370 180
16371 205
16372 134
16373 157
16374 170
16375 174
16376 182
16377 185
16378 197
16379 213
16380 205
16381 215
16382 231
16383 248
16384 239
16385 248
16386 261
16387 262
16388 280
16389 138
16390 139
16391 164
16392 119
16393 134
16394 137
16395 152
16396 151
16397 154
16398 168
16399 167
16400 175
16401 185
16402 190
16403 110
16404 114
16405 131
16406 134
16407 140
16408 141
16409 155
16410 163
16411 160
16412 178
16413 192
16414 188
16415 118
16416 111
16417 113
16418 118
16419 123
16420 125
16421 150
16422 167
16423 168
16424 180
16425 196
16426 205
16427 201
16428 104
16429 119
16430 120
16431 139
16432 140
16433 134
16434 153
16435 161
16436 154
16437 157
16438 160
16439 153
16440 157
16441 158
16442 159
16443 161
16444 157
16445 167
16446 173
16447 169
16448 187
16449 188
16450 209
16451 233
16452 232
16453 250
16454 265
16455 289
16456 291
16457 310
16458 182
16459 174
16460 179
16461 196
16462 220
16463 212
16464 122
16465 141
16466 155
16467 163
16468 183
16469 180
16470 190
16471 188
16472 191
16473 200
16474 117
16475 130
16476 131
16477 155
16478 149
16479 145
16480 143
16481 162
16482 144
16483 137
16484 146
16485 75
16486 72
16487 75
16488 100
16489 103
16490 107
16491 104
16492 99
16493 108
16494 127
16495 149
16496 145
16497 143
16498 156
16499 172
16500 194
16501 206
16502 222
16503 152
16504 171
16505 172
16506 183
16507 208
16508 219
16509 215
16510 208
16511 200
16512 196
16513 214
16514 224
16515 213
16516 203
16517 199
16518 195
16519 194
16520 157
16521 154
16522 167
16523 178
16524 181
16525 198
16526 201
16527 208
16528 206
16529 202
16530 60
16531 68
16532 75
16533 91
16534 93
16535 115
16536 113
16537 112
16538 107
16539 126
16540 144
16541 139
16542 154
16543 152
16544 153
16545 150
16546 162
16547 179
16548 188
16549 210
16550 200
16551 214
16552 221
16553 233
16554 227
16555 240
16556 58
16557 55
16558 77
16559 78
16560 70
16561 67
16562 80
16563 101
16564 116
16565 111
16566 115
16567 129
16568 132
16569 123
16570 122
16571 146
16572 165
16573 149
16574 174
16575 172
16576 162
16577 154
16578 170
16579 189
16580 184
16581 164
16582 189
16583 200
16584 174
16585 90
16586 81
16587 82
16588 99
16589 110
16590 119
16591 136
16592 144
16593 163
16594 156
16595 164
16596 186
16597 185
16598 206
16599 197
16600 187
16601 209
16602 200
16603 221
16604 242
16605 125
16606 148
16607 149
16608 141
16609 158
16610 155
16611 156
16612 167
16613 163
16614 180
16615 170
16616 161
16617 186
16618 210
16619 182
16620 25
16621 18
16622 37
16623 59
16624 83
16625 76
16626 78
16627 92
16628 93
16629 105
16630 130
16631 121
16632 144
16633 164
16634 157
16635 163
16636 152
16637 161
16638 165
16639 136
16640 127
16641 128
16642 127
16643 134
16644 149
16645 161
16646 130
16647 128
16648 146
16649 122
16650 112
16651 134
16652 125
16653 145
16654 151
16655 171
16656 168
16657 176
16658 199
16659 193
16660 205
16661 217
16662 219
16663 216
16664 237
16665 257
16666 262
16667 210
16668 211
16669 209
16670 229
16671 231
16672 226
16673 213
16674 208
16675 103
16676 96
16677 111
16678 105
16679 106
16680 131
16681 152
16682 175
16683 181
16684 138
16685 156
16686 157
16687 180
16688 170
16689 195
16690 184
16691 178
16692 189
16693 116
16694 111
16695 106
16696 123
16697 138
16698 134
16699 129
16700 151
16701 143
16702 165
16703 174
16704 198
16705 195
16706 177
16707 135
16708 83
16709 84
16710 82
16711 104
16712 106
16713 116
16714 59
16715 54
16716 61
16717 85
16718 79
16719 85
16720 106
16721 123
16722 142
16723 143
16724 157
16725 152
16726 150
16727 164
16728 186
16729 200
16730 211
16731 202
16732 179
16733 199
16734 210
16735 203
16736 198
16737 204
16738 76
16739 94
16740 101
16741 125
16742 150
16743 168
16744 187
16745 180
16746 172
16747 164
16748 165
16749 177
16750 185
16751 193
16752 208
16753 209
16754 221
16755 222
16756 191
16757 196
16758 101
16759 104
16760 125
16761 148
16762 123
16763 144
16764 146
16765 166
16766 188
16767 205
16768 195
16769 200
16770 222
16771 214
16772 237
16773 164
16774 160
16775 179
16776 173
16777 193
16778 213
16779 234
16780 244
16781 266
16782 278
16783 274
16784 277
16785 270
16786 295
16787 187
16788 182
16789 176
16790 167
16791 185
16792 181
16793 149
16794 159
16795 152
16796 157
16797 168
16798 166
16799 179
16800 176
16801 176
16802 137
16803 132
16804 123
16805 138
16806 136
16807 130
16808 115
16809 109
16810 125
16811 128
16812 123
16813 137
16814 154
16815 178
16816 187
16817 190
16818 203
16819 186
16820 182
16821 195
16822 203
16823 155
16824 149
16825 166
16826 186
16827 206
16828 197
16829 155
16830 158
16831 162
16832 182
16833 186
16834 176
16835 168
16836 116
16837 128
16838 124
16839 97
16840 119
16841 116
16842 88
16843 113
16844 112
16845 103
16846 99
16847 94
16848 106
16849 114
16850 112
16851 132
16852 136
16853 144
16854 140
16855 159
16856 112
16857 125
16858 127
16859 148
16860 145
16861 140
16862 152
16863 168
16864 174
16865 195
16866 202
16867 208
16868 217
16869 232
16870 233
16871 238
16872 134
16873 145
16874 156
16875 152
16876 174
16877 167
16878 173
16879 182
16880 203
16881 210
16882 228
16883 115
16884 132
16885 130
16886 132
16887 151
16888 161
16889 152
16890 142
16891 132
16892 136
16893 139
16894 131
16895 155
16896 169
16897 162
16898 179
16899 192
16900 58
16901 68
16902 76
16903 81
16904 97
16905 118
16906 133
16907 136
16908 138
16909 158
16910 167
16911 174
16912 176
16913 150
16914 103
16915 120
16916 126
16917 149
16918 161
16919 184
16920 189
16921 199
16922 180
16923 174
16924 190
16925 198
16926 160
16927 153
16928 104
16929 112
16930 113
16931 124
16932 118
16933 139
16934 136
16935 146
16936 151
16937 158
16938 159
16939 178
16940 197
16941 208
16942 172
16943 184
16944 103
16945 104
16946 111
16947 107
16948 108
16949 105
16950 124
16951 136
16952 135
16953 110
16954 133
16955 145
16956 168
16957 167
16958 183
16959 187
16960 188
16961 203
16962 185
16963 181
16964 189
16965 179
16966 199
16967 204
16968 185
16969 192
16970 183
16971 186
16972 190
16973 208
16974 200
16975 210
16976 203
16977 217
16978 222
16979 236
16980 257
16981 229
16982 209
16983 218
16984 213
16985 198
16986 210
16987 209
16988 205
16989 210
16990 146
16991 148
16992 141
16993 133
16994 154
16995 160
16996 140
16997 150
16998 144
16999 162
17000 143
17001 133
17002 124
17003 146
17004 141
17005 151
17006 155
17007 169
17008 183
17009 107
17010 98
17011 113
17012 108
17013 114
17014 135
17015 141
17016 163
17017 162
17018 158
17019 181
17020 202
17021 213
17022 223
17023 230
17024 250
17025 113
17026 118
17027 116
17028 117
17029 138
17030 147
17031 169
17032 189
17033 180
17034 149
17035 142
17036 152
17037 135
17038 140
17039 156
17040 164
17041 162
17042 153
17043 129
17044 140
17045 141
17046 153
17047 164
17048 170
17049 189
17050 137
17051 142
17052 158
17053 139
17054 131
17055 132
17056 140
17057 134
17058 143
17059 146
17060 145
17061 165
17062 184
17063 182
17064 197
17065 149
17066 153
17067 104
17068 99
17069 120
17070 128
17071 142
17072 145
17073 158
17074 155
17075 146
17076 165
17077 180
17078 187
17079 199
17080 211
17081 230
17082 239
17083 253
17084 101
17085 111
17086 112
17087 122
17088 126
17089 130
17090 152
17091 156
17092 168
17093 161
17094 170
17095 177
17096 167
17097 164
17098 188
17099 182
17100 203
17101 227
17102 245
17103 241
17104 156
17105 150
17106 166
17107 172
17108 190
17109 189
17110 206
17111 206
17112 208
17113 209
17114 226
17115 251
17116 274
17117 193
17118 189
17119 180
17120 176
17121 186
17122 196
17123 197
17124 186
17125 208
17126 136
17127 159
17128 165
17129 179
17130 191
17131 187
17132 198
17133 180
17134 181
17135 200
17136 149
17137 173
17138 183
17139 203
17140 127
17141 130
17142 140
17143 145
17144 142
17145 147
17146 156
17147 177
17148 195
17149 190
17150 182
17151 185
17152 181
17153 206
17154 140
17155 146
17156 117
17157 111
17158 110
17159 111
17160 107
17161 125
17162 140
17163 138
17164 73
17165 93
17166 100
17167 98
17168 102
17169 119
17170 126
17171 145
17172 54
17173 55
17174 57
17175 60
17176 79
17177 101
17178 115
17179 105
17180 123
17181 135
17182 134
17183 126
17184 127
17185 123
17186 134
17187 158
17188 148
17189 138
17190 78
17191 88
17192 110
17193 105
17194 127
17195 121
17196 111
17197 136
17198 102
17199 93
17200 101
17201 116
17202 128
17203 129
17204 130
17205 126
17206 148
17207 154
17208 146
17209 140
17210 159
17211 181
17212 191
17213 198
17214 216
17215 212
17216 202
17217 197
17218 188
17219 195
17220 210
17221 202
17222 217
17223 221
17224 148
17225 141
17226 139
17227 137
17228 151
17229 154
17230 92
17231 89
17232 98
17233 122
17234 128
17235 130
17236 122
17237 137
17238 89
17239 101
17240 93
17241 118
17242 130
17243 143
17244 136
17245 141
17246 166
17247 77
17248 98
17249 88
17250 89
17251 102
17252 124
17253 122
17254 139
17255 39
17256 41
17257 39
17258 60
17259 51
17260 53
17261 58
17262 66
17263 68
17264 75
17265 77
17266 96
17267 118
17268 139
17269 143
17270 154
17271 159
17272 163
17273 180
17274 198
17275 208
17276 200
17277 115
17278 129
17279 131
17280 152
17281 169
17282 176
17283 171
17284 167
17285 126
17286 127
17287 128
17288 129
17289 130
17290 120
17291 124
17292 119
17293 143
17294 168
17295 167
17296 166
17297 171
17298 164
17299 171
17300 195
17301 194
17302 207
17303 199
17304 159
17305 177
17306 178
17307 191
17308 198
17309 189
17310 210
17311 235
17312 244
17313 239
17314 198
17315 202
17316 203
17317 104
17318 100
17319 120
17320 106
17321 108
17322 123
17323 130
17324 125
17325 118
17326 120
17327 145
17328 162
17329 181
17330 179
17331 172
17332 181
17333 204
17334 205
17335 202
17336 217
17337 225
17338 228
17339 221
17340 203
17341 196
17342 126
17343 134
17344 129
17345 121
17346 136
17347 148
17348 145
17349 158
17350 159
17351 142
17352 165
17353 163
17354 146
17355 140
17356 121
17357 125
17358 137
17359 162
17360 178
17361 203
17362 199
17363 216
17364 209
17365 184
17366 185
17367 186
17368 206
17369 89
17370 84
17371 108
17372 124
17373 147
17374 148
17375 162
17376 160
17377 130
17378 148
17379 162
17380 159
17381 176
17382 179
17383 184
17384 197
17385 203
17386 115
17387 107
17388 122
17389 136
17390 158
17391 172
17392 194
17393 183
17394 188
17395 196
17396 207
17397 214
17398 223
17399 216
17400 228
17401 231
17402 229
17403 233
17404 246
17405 177
17406 202
17407 207
17408 220
17409 216
17410 217
17411 241
17412 111
17413 120
17414 137
17415 127
17416 134
17417 156
17418 177
17419 181
17420 152
17421 168
17422 172
17423 185
17424 187
17425 185
17426 182
17427 188
17428 160
17429 180
17430 188
17431 205
17432 198
17433 152
17434 173
17435 178
17436 192
17437 189
17438 185
17439 175
17440 193
17441 214
17442 215
17443 236
17444 239
17445 176
17446 168
17447 187
17448 199
17449 211
17450 234
17451 221
17452 241
17453 243
17454 266
17455 181
17456 205
17457 202
17458 152
17459 144
17460 162
17461 178
17462 182
17463 186
17464 177
17465 179
17466 156
17467 119
17468 70
17469 74
17470 68
17471 80
17472 101
17473 120
17474 110
17475 121
17476 124
17477 134
17478 87
17479 110
17480 100
17481 91
17482 93
17483 105
17484 104
17485 121
17486 123
17487 131
17488 145
17489 134
17490 158
17491 169
17492 180
17493 199
17494 193
17495 184
17496 137
17497 138
17498 154
17499 158
17500 164
17501 172
17502 188
17503 203
17504 113
17505 110
17506 108
17507 98
17508 108
17509 121
17510 130
17511 139
17512 161
17513 169
17514 172
17515 171
17516 156
17517 176
17518 178
17519 201
17520 221
17521 240
17522 232
17523 239
17524 178
17525 170
17526 164
17527 157
17528 116
17529 118
17530 20
17531 24
17532 17
17533 19
17534 24
17535 38
17536 63
17537 88
17538 103
17539 117
17540 86
17541 105
17542 96
17543 108
17544 111
17545 117
17546 112
17547 127
17548 137
17549 138
17550 161
17551 145
17552 156
17553 155
17554 158
17555 165
17556 184
17557 206
17558 208
17559 205
17560 209
17561 203
17562 194
17563 193
17564 211
17565 218
17566 222
17567 239
17568 262
17569 267
17570 265
17571 256
17572 261
17573 254
17574 173
17575 180
17576 176
17577 198
17578 195
17579 207
17580 225
17581 223
17582 236
17583 227
17584 223
17585 116
17586 109
17587 119
17588 115
17589 126
17590 117
17591 111
17592 119
17593 129
17594 144
17595 165
17596 171
17597 176
17598 162
17599 180
17600 186
17601 171
17602 183
17603 189
17604 184
17605 197
17606 213
17607 206
17608 214
17609 231
17610 225
17611 226
17612 220
17613 221
17614 212
17615 222
17616 232
17617 234
17618 251
17619 171
17620 180
17621 194
17622 120
17623 142
17624 165
17625 188
17626 128
17627 141
17628 131
17629 150
17630 149
17631 153
17632 177
17633 169
17634 177
17635 145
17636 146
17637 168
17638 61
17639 71
17640 87
17641 103
17642 106
17643 107
17644 127
17645 130
17646 152
17647 144
17648 134
17649 148
17650 165
17651 166
17652 190
17653 214
17654 99
17655 89
17656 76
17657 92
17658 101
17659 100
17660 108
17661 105
17662 97
17663 92
17664 108
17665 124
17666 129
17667 124
17668 122
17669 115
17670 125
17671 140
17672 158
17673 155
17674 148
17675 143
17676 161
17677 171
17678 174
17679 189
17680 207
17681 206
17682 211
17683 154
17684 148
17685 98
17686 88
17687 99
17688 100
17689 121
17690 118
17691 120
17692 144
17693 145
17694 131
17695 82
17696 76
17697 71
17698 92
17699 103
17700 93
17701 86
17702 84
17703 80
17704 103
17705 104
17706 120
17707 121
17708 128
17709 149
17710 156
17711 157
17712 168
17713 158
17714 179
17715 171
17716 186
17717 200
17718 156
17719 179
17720 197
17721 177
17722 169
17723 95
17724 97
17725 101
17726 123
17727 148
17728 153
17729 148
17730 149
17731 160
17732 164
17733 156
17734 164
17735 181
17736 193
17737 194
17738 205
17739 202
17740 216
17741 225
17742 235
17743 245
17744 237
17745 261
17746 260
17747 251
17748 258
17749 187
17750 177
17751 107
17752 105
17753 99
17754 97
17755 121
17756 142
17757 156
17758 146
17759 171
17760 164
17761 158
17762 166
17763 167
17764 162
17765 140
17766 163
17767 153
17768 164
17769 186
17770 170
17771 187
17772 188
17773 196
17774 215
17775 238
17776 243
17777 187
17778 94
17779 104
17780 118
17781 119
17782 133
17783 100
17784 109
17785 132
17786 131
17787 137
17788 143
17789 147
17790 134
17791 148
17792 143
17793 167
17794 123
17795 144
17796 162
17797 167
17798 178
17799 197
17800 200
17801 205
17802 215
17803 180
17804 199
17805 196
17806 200
17807 210
17808 226
17809 251
17810 256
17811 250
17812 254
17813 218
17814 150
17815 157
17816 162
17817 185
17818 210
17819 211
17820 219
17821 217
17822 230
17823 227
17824 232
17825 247
17826 255
17827 272
17828 152
17829 177
17830 199
17831 216
17832 112
17833 113
17834 130
17835 153
17836 152
17837 166
17838 189
17839 184
17840 191
17841 181
17842 188
17843 191
17844 206
17845 227
17846 235
17847 241
17848 250
17849 222
17850 215
17851 225
17852 224
17853 249
17854 230
17855 212
17856 225
17857 198
17858 196
17859 190
17860 198
17861 206
17862 105
17863 125
17864 127
17865 119
17866 133
17867 128
17868 139
17869 151
17870 145
17871 150
17872 145
17873 144
17874 163
17875 166
17876 168
17877 176
17878 169
17879 170
17880 182
17881 195
17882 154
17883 149
17884 162
17885 82
17886 106
17887 114
17888 126
17889 137
17890 127
17891 147
17892 137
17893 145
17894 137
17895 135
17896 139
17897 149
17898 161
17899 169
17900 96
17901 102
17902 124
17903 118
17904 119
17905 113
17906 128
17907 131
17908 146
17909 153
17910 154
17911 175
17912 195
17913 218
17914 234
17915 253
17916 275
17917 291
17918 139
17919 158
17920 164
17921 189
17922 207
17923 206
17924 200
17925 204
17926 205
17927 155
17928 166
17929 190
17930 108
17931 132
17932 154
17933 174
17934 110
17935 102
17936 122
17937 119
17938 140
17939 146
17940 144
17941 138
17942 112
17943 108
17944 123
17945 147
17946 138
17947 139
17948 136
17949 129
17950 121
17951 125
17952 81
17953 85
17954 82
17955 85
17956 108
17957 109
17958 119
17959 131
17960 133
17961 126
17962 122
17963 115
17964 107
17965 101
17966 93
17967 85
17968 84
17969 87
17970 94
17971 92
17972 94
17973 59
17974 81
17975 93
17976 105
17977 112
17978 106
17979 125
17980 141
17981 149
17982 141
17983 133
17984 134
17985 128
17986 125
17987 117
17988 128
17989 127
17990 125
17991 115
17992 128
17993 137
17994 127
17995 145
17996 164
17997 184
17998 197
17999 148
18000 108
18001 102
18002 104
18003 95
18004 94
18005 110
18006 126
18007 138
18008 156
18009 89
18010 103
18011 120
18012 127
18013 123
18014 118
18015 132
18016 128
18017 118
18018 137
18019 143
18020 140
18021 132
18022 143
18023 146
18024 169
18025 188
18026 191
18027 127
18028 109
18029 103
18030 106
18031 119
18032 117
18033 109
18034 114
18035 104
18036 114
18037 130
18038 153
18039 160
18040 111
18041 110
18042 101
18043 100
18044 104
18045 103
18046 123
18047 117
18048 120
18049 127
18050 135
18051 127
18052 145
18053 170
18054 91
18055 108
18056 132
18057 123
18058 134
18059 152
18060 146
18061 171
18062 163
18063 153
18064 149
18065 140
18066 145
18067 164
18068 155
18069 167
18070 181
18071 117
18072 120
18073 112
18074 108
18075 109
18076 99
18077 111
18078 103
18079 116
18080 141
18081 148
18082 125
18083 129
18084 133
18085 145
18086 155
18087 80
18088 81
18089 73
18090 96
18091 102
18092 127
18093 118
18094 127
18095 144
18096 166
18097 169
18098 180
18099 200
18100 170
18101 176
18102 172
18103 168
18104 174
18105 194
18106 211
18107 223
18108 232
18109 249
18110 243
18111 264
18112 272
18113 158
18114 172
18115 173
18116 185
18117 46
18118 40
18119 50
18120 62
18121 56
18122 70
18123 89
18124 106
18125 115
18126 109
18127 103
18128 124
18129 129
18130 136
18131 132
18132 130
18133 139
18134 155
18135 166
18136 190
18137 190
18138 128
18139 139
18140 90
18141 103
18142 117
18143 138
18144 149
18145 152
18146 172
18147 189
18148 88
18149 106
18150 114
18151 124
18152 137
18153 133
18154 156
18155 164
18156 181
18157 176
18158 167
18159 190
18160 201
18161 198
18162 201
18163 212
18164 85
18165 88
18166 104
18167 106
18168 118
18169 134
18170 142
18171 162
18172 155
18173 147
18174 138
18175 152
18176 177
18177 185
18178 203
18179 226
18180 151
18181 153
18182 177
18183 202
18184 222
18185 247
18186 257
18187 259
18188 185
18189 196
18190 214
18191 179
18192 183
18193 181
18194 194
18195 195
18196 196
18197 193
18198 114
18199 115
18200 108
18201 105
18202 99
18203 91
18204 97
18205 121
18206 123
18207 127
18208 141
18209 117
18210 132
18211 133
18212 140
18213 149
18214 164
18215 170
18216 173
18217 120
18218 126
18219 141
18220 125
18221 127
18222 138
18223 141
18224 132
18225 133
18226 128
18227 125
18228 148
18229 144
18230 147
18231 144
18232 164
18233 172
18234 186
18235 203
18236 191
18237 182
18238 199
18239 207
18240 212
18241 236
18242 182
18243 189
18244 197
18245 189
18246 189
18247 182
18248 203
18249 216
18250 206
18251 147
18252 151
18253 167
18254 168
18255 183
18256 184
18257 175
18258 192
18259 204
18260 210
18261 139
18262 146
18263 155
18264 172
18265 166
18266 190
18267 204
18268 203
18269 200
18270 201
18271 215
18272 151
18273 149
18274 146
18275 122
18276 126
18277 125
18278 123
18279 121
18280 137
18281 134
18282 126
18283 127
18284 145
18285 157
18286 154
18287 167
18288 140
18289 153
18290 167
18291 168
18292 170
18293 181
18294 91
18295 95
18296 104
18297 97
18298 98
18299 105
18300 120
18301 139
18302 153
18303 159
18304 163
18305 155
18306 179
18307 188
18308 194
18309 201
18310 29
18311 20
18312 44
18313 67
18314 85
18315 108
18316 133
18317 147
18318 148
18319 149
18320 152
18321 158
18322 176
18323 177
18324 146
18325 159
18326 165
18327 91
18328 105
18329 127
18330 148
18331 168
18332 142
18333 140
18334 149
18335 155
18336 169
18337 189
18338 196
18339 178
18340 192
18341 214
18342 228
18343 251
18344 246
18345 198
18346 122
18347 136
18348 160
18349 151
18350 168
18351 182
18352 120
18353 110
18354 104
18355 110
18356 126
18357 132
18358 153
18359 155
18360 173
18361 174
18362 197
18363 189
18364 213
18365 204
18366 219
18367 234
18368 249
18369 245
18370 218
18371 220
18372 223
18373 229
18374 248
18375 261
18376 275
18377 298
18378 297
18379 321
18380 210
18381 138
18382 156
18383 155
18384 159
18385 179
18386 194
18387 189
18388 211
18389 152
18390 147
18391 137
18392 152
18393 170
18394 190
18395 189
18396 146
18397 120
18398 132
18399 157
18400 160
18401 185
18402 165
18403 166
18404 167
18405 134
18406 142
18407 138
18408 129
18409 138
18410 162
18411 170
18412 96
18413 107
18414 80
18415 91
18416 84
18417 107
18418 100
18419 121
18420 144
18421 145
18422 170
18423 175
18424 174
18425 135
18426 148
18427 144
18428 135
18429 141
18430 158
18431 149
18432 98
18433 99
18434 107
18435 125
18436 136
18437 132
18438 150
18439 154
18440 157
18441 172
18442 177
18443 195
18444 149
18445 156
18446 147
18447 47
18448 43
18449 65
18450 69
18451 75
18452 86
18453 77
18454 81
18455 97
18456 113
18457 122
18458 137
18459 146
18460 119
18461 130
18462 131
18463 138
18464 130
18465 153
18466 148
18467 142
18468 135
18469 131
18470 152
18471 150
18472 172
18473 171
18474 172
18475 190
18476 200
18477 214
18478 200
18479 205
18480 203
18481 228
18482 236
18483 237
18484 229
18485 250
18486 245
18487 241
18488 262
18489 158
18490 162
18491 140
18492 147
18493 161
18494 174
18495 192
18496 188
18497 187
18498 194
18499 188
18500 185
18501 184
18502 189
18503 177
18504 182
18505 173
18506 174
18507 193
18508 133
18509 89
18510 90
18511 109
18512 106
18513 98
18514 94
18515 106
18516 123
18517 119
18518 103
18519 117
18520 132
18521 131
18522 155
18523 148
18524 159
18525 122
18526 129
18527 137
18528 106
18529 129
18530 142
18531 164
18532 154
18533 132
18534 148
18535 159
18536 171
18537 174
18538 175
18539 187
18540 109
18541 103
18542 125
18543 128
18544 124
18545 140
18546 162
18547 175
18548 199
18549 149
18550 82
18551 97
18552 111
18553 106
18554 104
18555 107
18556 108
18557 133
18558 129
18559 121
18560 114
18561 127
18562 125
18563 121
18564 114
18565 113
18566 104
18567 115
18568 114
18569 107
18570 98
18571 120
18572 123
18573 132
18574 154
18575 165
18576 159
18577 173
18578 131
18579 156
18580 124
18581 137
18582 143
18583 165
18584 169
18585 148
18586 160
18587 176
18588 195
18589 189
18590 182
18591 172
18592 184
18593 186
18594 205
18595 226
18596 244
18597 67
18598 61
18599 53
18600 51
18601 66
18602 79
18603 69
18604 77
18605 101
18606 109
18607 133
18608 111
18609 132
18610 135
18611 131
18612 122
18613 113
18614 112
18615 137
18616 135
18617 131
18618 132
18619 129
18620 147
18621 149
18622 115
18623 113
18624 124
18625 114
18626 130
18627 140
18628 161
18629 157
18630 164
18631 165
18632 173
18633 168
18634 90
18635 86
18636 103
18637 94
18638 87
18639 112
18640 128
18641 121
18642 123
18643 146
18644 141
18645 147
18646 144
18647 152
18648 146
18649 167
18650 183
18651 175
18652 190
18653 206
18654 183
18655 187
18656 212
18657 97
18658 100
18659 104
18660 120
18661 121
18662 125
18663 124
18664 144
18665 164
18666 186
18667 146
18668 139
18669 140
18670 154
18671 94
18672 97
18673 118
18674 143
18675 138
18676 148
18677 173
18678 164
18679 167
18680 166
18681 179
18682 135
18683 145
18684 158
18685 165
18686 176
18687 120
18688 111
18689 131
18690 130
18691 149
18692 153
18693 165
18694 162
18695 157
18696 152
18697 161
18698 182
18699 197
18700 196
18701 217
18702 213
18703 228
18704 184
18705 151
18706 172
18707 178
18708 180
18709 167
18710 129
18711 119
18712 136
18713 143
18714 129
18715 144
18716 148
18717 163
18718 169
18719 173
18720 174
18721 186
18722 152
18723 146
18724 169
18725 174
18726 145
18727 169
18728 102
18729 127
18730 130
18731 135
18732 112
18733 135
18734 139
18735 162
18736 173
18737 164
18738 158
18739 155
18740 168
18741 176
18742 193
18743 116
18744 137
18745 140
18746 157
18747 133
18748 152
18749 108
18750 121
18751 130
18752 139
18753 141
18754 134
18755 135
18756 158
18757 154
18758 153
18759 175
18760 178
18761 195
18762 188
18763 182
18764 199
18765 201
18766 149
18767 161
18768 151
18769 172
18770 167
18771 140
18772 159
18773 119
18774 121
18775 145
18776 111
18777 103
18778 117
18779 137
18780 109
18781 125
18782 137
18783 150
18784 170
18785 192
18786 196
18787 200
18788 204
18789 198
18790 201
18791 204
18792 121
18793 131
18794 147
18795 164
18796 165
18797 183
18798 161
18799 185
18800 147
18801 144
18802 146
18803 153
18804 115
18805 120
18806 127
18807 121
18808 126
18809 122
18810 141
18811 140
18812 152
18813 149
18814 158
18815 175
18816 200
18817 214
18818 221
18819 215
18820 234
18821 157
18822 169
18823 185
18824 126
18825 150
18826 175
18827 194
18828 190
18829 191
18830 212
18831 218
18832 229
18833 227
18834 183
18835 177
18836 177
18837 171
18838 148
18839 157
18840 124
18841 114
18842 132
18843 130
18844 141
18845 156
18846 158
18847 149
18848 157
18849 154
18850 167
18851 169
18852 136
18853 137
18854 134
18855 135
18856 136
18857 138
18858 139
18859 155
18860 117
18861 130
18862 152
18863 143
18864 81
18865 88
18866 78
18867 97
18868 101
18869 112
18870 65
18871 82
18872 94
18873 102
18874 109
18875 105
18876 103
18877 115
18878 128
18879 132
18880 156
18881 180
18882 107
18883 105
18884 125
18885 116
18886 129
18887 138
18888 147
18889 139
18890 134
18891 139
18892 155
18893 159
18894 107
18895 127
18896 133
18897 125
18898 135
18899 133
18900 139
18901 164
18902 140
18903 160
18904 154
18905 151
18906 165
18907 172
18908 185
18909 197
18910 216
18911 196
18912 197
18913 207
18914 220
18915 224
18916 238
18917 124
18918 123
18919 126
18920 145
18921 141
18922 152
18923 155
18924 164
18925 183
18926 105
18927 111
18928 114
18929 119
18930 122
18931 134
18932 132
18933 122
18934 113
18935 115
18936 132
18937 130
18938 129
18939 153
18940 154
18941 138
18942 162
18943 156
18944 174
18945 127
18946 140
18947 141
18948 104
18949 122
18950 125
18951 142
18952 153
18953 145
18954 142
18955 159
18956 182
18957 174
18958 128
18959 145
18960 145
18961 156
18962 161
18963 182
18964 191
18965 198
18966 213
18967 212
18968 196
18969 141
18970 152
18971 177
18972 170
18973 192
18974 189
18975 204
18976 117
18977 123
18978 124
18979 134
18980 140
18981 137
18982 154
18983 153
18984 149
18985 140
18986 160
18987 184
18988 197
18989 209
18990 212
18991 166
18992 175
18993 126
18994 131
18995 121
18996 132
18997 91
18998 92
18999 86
19000 105
19001 102
19002 120
19003 133
19004 145
19005 135
19006 158
19007 142
19008 153
19009 117
19010 135
19011 150
19012 145
19013 130
19014 133
19015 129
19016 120
19017 85
19018 109
19019 133
19020 136
19021 128
19022 147
19023 148
19024 159
19025 161
19026 155
19027 172
19028 165
19029 81
19030 101
19031 115
19032 109
19033 116
19034 125
19035 137
19036 138
19037 137
19038 149
19039 166
19040 161
19041 171
19042 180
19043 188
19044 192
19045 191
19046 155
19047 147
19048 172
19049 184
19050 68
19051 87
19052 77
19053 95
19054 96
19055 99
19056 102
19057 103
19058 109
19059 127
19060 123
19061 128
19062 78
19063 94
19064 101
19065 111
19066 112
19067 106
19068 118
19069 139
19070 162
19071 161
19072 155
19073 130
19074 144
19075 154
19076 157
19077 102
19078 111
19079 125
19080 121
19081 142
19082 160
19083 156
19084 154
19085 133
19086 148
19087 167
19088 163
19089 169
19090 182
19091 137
19092 138
19093 145
19094 164
19095 162
19096 106
19097 113
19098 114
19099 136
19100 150
19101 145
19102 151
19103 166
19104 161
19105 185
19106 192
19107 203
19108 228
19109 110
19110 108
19111 115
19112 131
19113 152
19114 168
19115 171
19116 181
19117 165
19118 149
19119 152
19120 177
19121 137
19122 127
19123 143
19124 138
19125 161
19126 168
19127 189
19128 135
19129 152
19130 143
19131 149
19132 170
19133 161
19134 155
19135 151
19136 165
19137 183
19138 137
19139 151
19140 175
19141 176
19142 179
19143 172
19144 190
19145 206
19146 205
19147 206
19148 214
19149 61
19150 67
19151 92
19152 116
19153 139
19154 156
19155 62
19156 60
19157 77
19158 102
19159 112
19160 105
19161 116
19162 121
19163 122
19164 144
19165 156
19166 169
19167 119
19168 109
19169 111
19170 133
19171 154
19172 176
19173 166
19174 156
19175 175
19176 198
19177 190
19178 191
19179 125
19180 142
19181 159
19182 150
19183 161
19184 185
19185 184
19186 177
19187 183
19188 191
19189 206
19190 220
19191 223
19192 163
19193 153
19194 154
19195 160
19196 179
19197 192
19198 178
19199 202
19200 205
19201 198
19202 194
19203 203
19204 211
19205 227
19206 245
19207 218
19208 233
19209 163
19210 168
19211 169
19212 191
19213 195
19214 220
19215 233
19216 244
19217 198
19218 216
19219 226
19220 242
19221 238
19222 147
19223 138
19224 148
19225 142
19226 158
19227 157
19228 147
19229 146
19230 136
19231 158
19232 153
19233 157
19234 147
19235 160
19236 161
19237 155
19238 146
19239 52
19240 76
19241 80
19242 85
19243 89
19244 98
19245 107
19246 118
19247 114
19248 127
19249 130
19250 151
19251 152
19252 174
19253 45
19254 65
19255 73
19256 78
19257 90
19258 101
19259 99
19260 111
19261 104
19262 105
19263 109
19264 127
19265 135
19266 126
19267 138
19268 144
19269 160
19270 174
19271 170
19272 176
19273 166
19274 181
19275 190
19276 121
19277 129
19278 139
19279 154
19280 153
19281 160
19282 106
19283 100
19284 108
19285 99
19286 117
19287 140
19288 139
19289 147
19290 45
19291 70
19292 80
19293 87
19294 85
19295 96
19296 110
19297 109
19298 99
19299 104
19300 109
19301 102
19302 98
19303 91
19304 90
19305 83
19306 99
19307 89
19308 97
19309 96
19310 106
19311 110
19312 106
19313 126
19314 133
19315 144
19316 155
19317 162
19318 180
19319 170
19320 180
19321 185
19322 194
19323 179
19324 159
19325 154
19326 170
19327 167
19328 157
19329 167
19330 171
19331 102
19332 111
19333 109
19334 129
19335 134
19336 135
19337 125
19338 107
19339 118
19340 133
19341 144
19342 152
19343 160
19344 177
19345 172
19346 124
19347 114
19348 111
19349 107
19350 114
19351 105
19352 119
19353 135
19354 64
19355 83
19356 102
19357 116
19358 132
19359 145
19360 143
19361 146
19362 161
19363 155
19364 148
19365 161
19366 82
19367 105
19368 106
19369 101
19370 116
19371 117
19372 129
19373 139
19374 117
19375 119
19376 120
19377 142
19378 152
19379 145
19380 156
19381 169
19382 158
19383 156
19384 160
19385 174
19386 164
19387 164
19388 110
19389 122
19390 114
19391 128
19392 133
19393 137
19394 101
19395 99
19396 122
19397 119
19398 111
19399 104
19400 110
19401 135
19402 126
19403 148
19404 151
19405 168
19406 129
19407 132
19408 136
19409 138
19410 134
19411 156
19412 157
19413 116
19414 92
19415 108
19416 101
19417 37
19418 38
19419 58
19420 49
19421 66
19422 73
19423 93
19424 102
19425 118
19426 110
19427 126
19428 131
19429 141
19430 118
19431 119
19432 112
19433 125
19434 148
19435 165
19436 156
19437 153
19438 159
19439 155
19440 167
19441 174
19442 172
19443 169
19444 145
19445 136
19446 80
19447 86
19448 107
19449 116
19450 133
19451 153
19452 164
19453 162
19454 163
19455 173
19456 167
19457 189
19458 199
19459 220
19460 176
19461 185
19462 193
19463 126
19464 134
19465 119
19466 133
19467 146
19468 147
19469 146
19470 167
19471 178
19472 173
19473 191
19474 199
19475 190
19476 210
19477 203
19478 200
19479 60
19480 63
19481 77
19482 79
19483 104
19484 96
19485 121
19486 113
19487 123
19488 113
19489 127
19490 121
19491 115
19492 132
19493 133
19494 130
19495 139
19496 140
19497 155
19498 175
19499 196
19500 159
19501 173
19502 174
19503 184
19504 183
19505 156
19506 176
19507 177
19508 116
19509 126
19510 129
19511 119
19512 120
19513 110
19514 134
19515 157
19516 160
19517 172
19518 164
19519 165
19520 160
19521 158
19522 149
19523 130
19524 131
19525 124
19526 80
19527 76
19528 87
19529 83
19530 73
19531 67
19532 77
19533 75
19534 89
19535 82
19536 96
19537 102
19538 127
19539 152
19540 142
19541 167
19542 175
19543 176
19544 167
19545 164
19546 162
19547 177
19548 172
19549 178
19550 181
19551 205
19552 203
19553 228
19554 236
19555 261
19556 265
19557 177
19558 195
19559 218
19560 187
19561 212
19562 206
19563 203
19564 198
19565 154
19566 160
19567 99
19568 96
19569 116
19570 109
19571 108
19572 125
19573 135
19574 138
19575 134
19576 157
19577 167
19578 184
19579 196
19580 205
19581 130
19582 132
19583 142
19584 147
19585 136
19586 133
19587 98
19588 100
19589 91
19590 92
19591 102
19592 103
19593 109
19594 103
19595 96
19596 101
19597 97
19598 120
19599 119
19600 124
19601 140
19602 161
19603 151
19604 73
19605 75
19606 76
19607 88
19608 107
19609 100
19610 118
19611 123
19612 129
19613 152
19614 171
19615 172
19616 194
19617 211
19618 227
19619 251
19620 271
19621 189
19622 211
19623 234
19624 44
19625 54
19626 62
19627 80
19628 93
19629 110
19630 107
19631 110
19632 108
19633 133
19634 125
19635 150
19636 146
19637 148
19638 139
19639 152
19640 148
19641 171
19642 93
19643 92
19644 111
19645 103
19646 111
19647 114
19648 105
19649 112
19650 118
19651 143
19652 155
19653 138
19654 135
19655 148
19656 110
19657 113
19658 116
19659 136
19660 160
19661 169
19662 177
19663 169
19664 133
19665 150
19666 168
19667 170
19668 167
19669 157
19670 161
19671 175
19672 165
19673 180
19674 163
19675 140
19676 126
19677 115
19678 110
19679 112
19680 109
19681 103
19682 98
19683 104
19684 100
19685 103
19686 95
19687 94
19688 110
19689 119
19690 133
19691 143
19692 140
19693 154
19694 171
19695 196
19696 187
19697 177
19698 186
19699 194
19700 185
19701 208
19702 141
19703 161
19704 163
19705 159
19706 182
19707 200
19708 194
19709 189
19710 135
19711 129
19712 140
19713 142
19714 147
19715 137
19716 141
19717 163
19718 110
19719 133
19720 144
19721 154
19722 169
19723 146
19724 147
19725 166
19726 168
19727 181
19728 186
19729 208
19730 103
19731 127
19732 130
19733 155
19734 147
19735 142
19736 151
19737 154
19738 152
19739 162
19740 178
19741 136
19742 154
19743 163
19744 157
19745 172
19746 174
19747 181
19748 133
19749 132
19750 122
19751 118
19752 139
19753 150
19754 151
19755 159
19756 167
19757 166
19758 160
19759 107
19760 111
19761 132
19762 153
19763 78
19764 79
19765 80
19766 96
19767 112
19768 105
19769 101
19770 113
19771 123
19772 114
19773 17
19774 28
19775 18
19776 12
19777 14
19778 6
19779 27
19780 52
19781 46
19782 65
19783 56
19784 65
19785 60
19786 57
19787 51
19788 56
19789 60
19790 67
19791 82
19792 91
19793 106
19794 114
19795 126
19796 148
19797 161
19798 156
19799 172
19800 182
19801 183
19802 177
19803 120
19804 115
19805 127
19806 143
19807 168
19808 177
19809 196
19810 140
19811 142
19812 121
19813 81
19814 85
19815 88
19816 113
19817 135
19818 131
19819 151
19820 168
19821 185
19822 190
19823 183
19824 195
19825 197
19826 198
19827 210
19828 204
19829 209
19830 228
19831 168
19832 191
19833 181
19834 187
19835 184
19836 121
19837 106
19838 99
19839 96
19840 116
19841 131
19842 101
19843 120
19844 125
19845 118
19846 123
19847 138
19848 151
19849 170
19850 183
19851 113
19852 108
19853 105
19854 107
19855 121
19856 146
19857 147
19858 102
19859 108
19860 115
19861 68
19862 79
19863 80
19864 75
19865 66
19866 79
19867 102
19868 117
19869 99
19870 119
19871 124
19872 125
19873 145
19874 170
19875 128
19876 132
19877 152
19878 135
19879 158
19880 126
19881 136
19882 148
19883 98
19884 103
19885 113
19886 120
19887 122
19888 114
19889 116
19890 108
19891 110
19892 100
19893 108
19894 111
19895 123
19896 122
19897 143
19898 165
19899 161
19900 170
19901 168
19902 170
19903 181
19904 205
19905 160
19906 144
19907 156
19908 158
19909 172
19910 178
19911 177
19912 196
19913 210
19914 226
19915 217
19916 100
19917 101
19918 98
19919 123
19920 113
19921 121
19922 124
19923 138
19924 157
19925 160
19926 168
19927 151
19928 144
19929 161
19930 163
19931 167
19932 161
19933 160
19934 173
19935 191
19936 203
19937 117
19938 112
19939 120
19940 124
19941 149
19942 167
19943 170
19944 177
19945 173
19946 192
19947 202
19948 121
19949 146
19950 102
19951 105
19952 100
19953 101
19954 94
19955 106
19956 123
19957 124
19958 129
19959 151
19960 162
19961 161
19962 170
19963 130
19964 122
19965 145
19966 138
19967 154
19968 163
19969 100
19970 118
19971 119
19972 128
19973 118
19974 120
19975 111
19976 108
19977 126
19978 131
19979 151
19980 148
19981 170
19982 186
19983 202
19984 196
19985 194
19986 184
19987 198
19988 149
19989 141
19990 144
19991 158
19992 148
19993 147
19994 143
19995 157
19996 165
19997 163
19998 157
19999 152
20000 163
20001 167
20002 177
20003 178
20004 143
20005 162
20006 164
20007 163
20008 185
20009 193
20010 210
20011 190
20012 182
20013 198
20014 157
20015 178
20016 190
20017 132
20018 144
20019 126
20020 118
20021 120
20022 124
20023 130
20024 141
20025 164
20026 178
20027 190
20028 181
20029 201
20030 206
20031 199
20032 104
20033 95
20034 114
20035 118
20036 143
20037 147
20038 84
20039 76
20040 98
20041 115
20042 129
20043 122
20044 144
20045 158
20046 163
20047 73
20048 66
20049 60
20050 78
20051 98
20052 115
20053 124
20054 125
20055 148
20056 146
20057 147
20058 137
20059 141
20060 146
20061 158
20062 156
20063 109
20064 111
20065 120
20066 125
20067 118
20068 141
20069 136
20070 127
20071 133
20072 129
20073 132
20074 140
20075 153
20076 148
20077 158
20078 172
20079 188
20080 196
20081 129
20082 138
20083 133
20084 138
20085 141
20086 86
20087 96
20088 90
20089 115
20090 123
20091 130
20092 135
20093 127
20094 138
20095 129
20096 133
20097 156
20098 178
20099 85
20100 101
20101 124
20102 149
20103 170
20104 194
20105 120
20106 122
20107 125
20108 146
20109 159
20110 172
20111 195
20112 219
20113 132
20114 144
20115 141
20116 161
20117 186
20118 194
20119 203
20120 227
20121 180
20122 124
20123 135
20124 143
20125 146
20126 167
20127 177
20128 132
20129 135
20130 74
20131 93
20132 113
20133 115
20134 120
20135 132
20136 152
20137 143
20138 140
20139 134
20140 124
20141 118
20142 110
20143 116
20144 140
20145 149
20146 150
20147 153
20148 170
20149 176
20150 183
20151 190
20152 122
20153 134
20154 123
20155 116
20156 128
20157 118
20158 135
20159 153
20160 175
20161 191
20162 202
20163 197
20164 165
20165 168
20166 175
20167 168
20168 187
20169 193
20170 182
20171 192
20172 191
20173 188
20174 187
20175 183
20176 185
20177 119
20178 135
20179 66
20180 68
20181 72
20182 82
20183 91
20184 87
20185 102
20186 116
20187 112
20188 113
20189 122
20190 119
20191 135
20192 156
20193 164
20194 159
20195 163
20196 185
20197 187
20198 204
20199 209
20200 234
20201 243
20202 244
20203 252
20204 268
20205 288
20206 177
20207 199
20208 152
20209 159
20210 116
20211 110
20212 135
20213 137
20214 138
20215 162
20216 168
20217 165
20218 153
20219 102
20220 106
20221 82
20222 85
20223 87
20224 106
20225 127
20226 124
20227 135
20228 105
20229 111
20230 102
20231 117
20232 119
20233 122
20234 137
20235 100
20236 118
20237 135
20238 157
20239 180
20240 187
20241 186
20242 197
20243 205
20244 118
20245 127
20246 145
20247 135
20248 136
20249 152
20250 167
20251 129
20252 122
20253 123
20254 127
20255 145
20256 159
20257 163
20258 166
20259 148
20260 167
20261 129
20262 127
20263 141
20264 131
20265 130
20266 146
20267 120
20268 119
20269 135
20270 132
20271 153
20272 161
20273 170
20274 167
20275 163
20276 166
20277 185
20278 192
20279 193
20280 100
20281 91
20282 100
20283 101
20284 105
20285 127
20286 58
20287 65
20288 77
20289 73
20290 87
20291 95
20292 89
20293 84
20294 107
20295 109
20296 130
20297 140
20298 156
20299 94
20300 117
20301 108
20302 86
20303 97
20304 101
20305 98
20306 101
20307 116
20308 112
20309 106
20310 124
20311 116
20312 117
20313 113
20314 105
20315 113
20316 108
20317 103
20318 98
20319 117
20320 121
20321 126
20322 134
20323 123
20324 120
20325 119
20326 138
20327 152
20328 153
20329 138
20330 129
20331 146
20332 130
20333 127
20334 118
20335 103
20336 104
20337 97
20338 112
20339 118
20340 124
20341 143
20342 149
20343 87
20344 100
20345 124
20346 116
20347 140
20348 119
20349 126
20350 120
20351 119
20352 129
20353 144
20354 158
20355 108
20356 109
20357 131
20358 144
20359 135
20360 151
20361 150
20362 145
20363 146
20364 161
20365 182
20366 203
20367 206
20368 223
20369 143
20370 146
20371 117
20372 108
20373 124
20374 129
20375 133
20376 92
20377 109
20378 127
20379 131
20380 131
20381 147
20382 167
20383 189
20384 187
20385 183
20386 188
20387 211
20388 119
20389 138
20390 139
20391 140
20392 163
20393 96
20394 90
20395 103
20396 126
20397 148
20398 162
20399 86
20400 94
20401 104
20402 129
20403 147
20404 139
20405 122
20406 114
20407 139
20408 140
20409 141
20410 132
20411 125
20412 148
20413 145
20414 154
20415 138
20416 162
20417 165
20418 159
20419 181
20420 206
20421 222
20422 236
20423 258
20424 259
20425 269
20426 138
20427 137
20428 145
20429 124
20430 128
20431 119
20432 111
20433 122
20434 131
20435 147
20436 145
20437 162
20438 171
20439 178
20440 193
20441 213
20442 141
20443 104
20444 98
20445 97
20446 117
20447 138
20448 152
20449 148
20450 156
20451 162
20452 160
20453 144
20454 147
20455 78
20456 79
20457 98
20458 99
20459 108
20460 114
20461 119
20462 137
20463 158
20464 161
20465 165
20466 182
20467 206
20468 197
20469 192
20470 197
20471 192
20472 193
20473 191
20474 207
20475 198
20476 218
20477 238
20478 242
20479 182
20480 183
20481 182
20482 198
20483 24
20484 17
20485 9
20486 14
20487 30
20488 46
20489 57
20490 64
20491 76
20492 91
20493 101
20494 102
20495 118
20496 140
20497 132
20498 150
20499 156
20500 180
20501 203
20502 141
20503 134
20504 143
20505 84
20506 74
20507 70
20508 80
20509 90
20510 101
20511 99
20512 121
20513 117
20514 138
20515 142
20516 137
20517 140
20518 132
20519 149
20520 137
20521 143
20522 159
20523 169
20524 121
20525 139
20526 159
20527 180
20528 170
20529 185
20530 177
20531 173
20532 176
20533 177
20534 180
20535 94
20536 116
20537 108
20538 129
20539 132
20540 151
20541 161
20542 103
20543 114
20544 105
20545 109
20546 122
20547 112
20548 73
20549 90
20550 86
20551 96
20552 41
20553 61
20554 67
20555 62
20556 58
20557 68
20558 76
20559 79
20560 82
20561 74
20562 70
20563 82
20564 77
20565 100
20566 111
20567 126
20568 107
20569 100
20570 113
20571 128
20572 146
20573 136
20574 159
20575 158
20576 118
20577 132
20578 149
20579 161
20580 164
20581 175
20582 59
20583 50
20584 41
20585 38
20586 54
20587 59
20588 70
20589 77
20590 102
20591 120
20592 119
20593 97
20594 109
20595 101
20596 110
20597 121
20598 111
20599 103
20600 122
20601 147
20602 142
20603 147
20604 103
20605 120
20606 142
20607 133
20608 152
20609 177
20610 196
20611 144
20612 162
20613 164
20614 189
20615 122
20616 102
20617 127
20618 123
20619 144
20620 134
20621 153
20622 172
20623 170
20624 163
20625 120
20626 119
20627 110
20628 119
20629 143
20630 157
20631 162
20632 129
20633 149
20634 171
20635 54
20636 47
20637 43
20638 38
20639 53
20640 66
20641 73
20642 94
20643 96
20644 87
20645 85
20646 93
20647 99
20648 91
20649 92
20650 93
20651 110
20652 115
20653 109
20654 110
20655 119
20656 116
20657 132
20658 150
20659 96
20660 106
20661 116
20662 130
20663 134
20664 154
20665 165
20666 187
20667 209
20668 200
20669 131
20670 51
20671 69
20672 80
20673 92
20674 105
20675 116
20676 131
20677 135
20678 140
20679 145
20680 162
20681 175
20682 174
20683 134
20684 125
20685 150
20686 90
20687 84
20688 80
20689 96
20690 104
20691 110
20692 123
20693 120
20694 134
20695 145
20696 142
20697 133
20698 134
20699 146
20700 154
20701 153
20702 165
20703 168
20704 159
20705 154
20706 168
20707 166
20708 172
20709 167
20710 160
20711 164
20712 157
20713 171
20714 187
20715 183
20716 128
20717 120
20718 137
20719 154
20720 87
20721 84
20722 108
20723 105
20724 108
20725 102
20726 110
20727 103
20728 93
20729 94
20730 101
20731 92
20732 100
20733 96
20734 112
20735 118
20736 112
20737 113
20738 108
20739 112
20740 134
20741 155
20742 161
20743 139
20744 155
20745 177
20746 185
20747 132
20748 139
20749 140
20750 152
20751 169
20752 125
20753 118
20754 114
20755 127
20756 134
20757 140
20758 142
20759 143
20760 158
20761 151
20762 158
20763 150
20764 111
20765 122
20766 137
20767 154
20768 144
20769 141
20770 154
20771 176
20772 170
20773 187
20774 180
20775 85
20776 94
20777 105
20778 98
20779 106
20780 98
20781 116
20782 110
20783 119
20784 121
20785 126
20786 130
20787 132
20788 138
20789 112
20790 115
20791 105
20792 117
20793 141
20794 135
20795 159
20796 169
20797 162
20798 160
20799 171
20800 173
20801 186
20802 202
20803 213
20804 238
20805 183
20806 205
20807 200
20808 151
20809 144
20810 157
20811 169
20812 182
20813 194
20814 163
20815 154
20816 165
20817 167
20818 192
20819 186
20820 206
20821 191
20822 210
20823 116
20824 126
20825 146
20826 144
20827 139
20828 156
20829 162
20830 148
20831 164
20832 162
20833 158
20834 153
20835 137
20836 140
20837 158
20838 160
20839 169
20840 168
20841 177
20842 173
20843 196
20844 203
20845 228
20846 204
20847 131
20848 140
20849 154
20850 164
20851 186
20852 193
20853 214
20854 158
20855 156
20856 178
20857 203
20858 224
20859 247
20860 244
20861 257
20862 201
20863 134
20864 141
20865 158
20866 154
20867 167
20868 159
20869 156
20870 157
20871 173
20872 154
20873 170
20874 162
20875 178
20876 182
20877 154
20878 165
20879 131
20880 144
20881 157
20882 175
20883 160
20884 161
20885 181
20886 197
20887 169
20888 159
20889 134
20890 137
20891 146
20892 147
20893 67
20894 60
20895 81
20896 87
20897 86
20898 106
20899 125
20900 147
20901 148
20902 155
20903 116
20904 128
20905 140
20906 152
20907 149
20908 140
20909 118
20910 111
20911 121
20912 146
20913 154
20914 179
20915 154
20916 107
20917 109
20918 134
20919 141
20920 147
20921 168
20922 181
20923 198
20924 207
20925 166
20926 171
20927 156
20928 157
20929 159
20930 177
20931 181
20932 166
20933 191
20934 186
20935 207
20936 226
20937 133
20938 134
20939 124
20940 129
20941 153
20942 156
20943 151
20944 153
20945 108
20946 113
20947 136
20948 141
20949 132
20950 147
20951 161
20952 182
20953 200
20954 195
20955 194
20956 169
20957 193
20958 195
20959 140
20960 95
20961 100
20962 117
20963 114
20964 100
20965 90
20966 91
20967 115
20968 109
20969 126
20970 132
20971 130
20972 122
20973 67
20974 61
20975 77
20976 81
20977 74
20978 92
20979 98
20980 108
20981 126
20982 99
20983 110
20984 126
20985 123
20986 132
20987 146
20988 155
20989 175
20990 161
20991 173
20992 175
20993 167
20994 120
20995 139
20996 140
20997 144
20998 166
20999 167
21000 159
21001 184
21002 170
21003 184
21004 185
21005 200
21006 167
21007 189
21008 203
21009 199
21010 81
21011 104
21012 94
21013 116
21014 133
21015 130
21016 150
21017 123
21018 139
21019 149
21020 156
21021 180
21022 203
21023 84
21024 86
21025 95
21026 87
21027 103
21028 97
21029 100
21030 62
21031 72
21032 79
21033 80
21034 77
21035 84
21036 108
21037 101
21038 110
21039 100
21040 110
21041 108
21042 105
21043 128
21044 121
21045 136
21046 135
21047 159
21048 164
21049 169
21050 177
21051 178
21052 174
21053 193
21054 75
21055 81
21056 20
21057 31
21058 53
21059 71
21060 75
21061 88
21062 81
21063 104
21064 126
21065 147
21066 150
21067 151
21068 141
21069 83
21070 79
21071 71
21072 79
21073 94
21074 99
21075 91
21076 110
21077 125
21078 140
21079 130
21080 140
21081 162
21082 152
21083 146
21084 163
21085 161
21086 167
21087 182
21088 175
21089 196
21090 211
21091 210
21092 205
21093 149
21094 168
21095 167
21096 119
21097 143
21098 99
21099 55
21100 45
21101 48
21102 49
21103 61
21104 55
21105 79
21106 101
21107 96
21108 98
21109 114
21110 122
21111 138
21112 148
21113 131
21114 130
21115 153
21116 167
21117 175
21118 137
21119 160
21120 157
21121 153
21122 174
21123 98
21124 99
21125 103
21126 117
21127 116
21128 138
21129 99
21130 95
21131 74
21132 89
21133 90
21134 95
21135 92
21136 102
21137 104
21138 129
21139 119
21140 109
21141 116
21142 108
21143 111
21144 101
21145 112
21146 113
21147 114
21148 121
21149 145
21150 158
21151 148
21152 138
21153 117
21154 133
21155 136
21156 129
21157 150
21158 167
21159 151
21160 154
21161 144
21162 145
21163 166
21164 181
21165 202
21166 182
21167 80
21168 88
21169 81
21170 77
21171 79
21172 91
21173 89
21174 100
21175 103
21176 94
21177 86
21178 87
21179 96
21180 93
21181 88
21182 99
21183 119
21184 135
21185 119
21186 142
21187 147
21188 169
21189 193
21190 199
21191 126
21192 129
21193 137
21194 142
21195 139
21196 118
21197 92
21198 82
21199 79
21200 80
21201 100
21202 103
21203 126
21204 142
21205 166
21206 169
21207 188
21208 161
21209 129
21210 152
21211 147
21212 165
21213 172
21214 163
21215 185
21216 184
21217 82
21218 88
21219 81
21220 89
21221 108
21222 99
21223 98
21224 90
21225 106
21226 91
21227 110
21228 109
21229 117
21230 124
21231 137
21232 156
21233 132
21234 128
21235 133
21236 153
21237 161
21238 151
21239 131
21240 130
21241 120
21242 91
21243 98
21244 109
21245 118
21246 141
21247 162
21248 164
21249 173
21250 184
21251 161
21252 182
21253 196
21254 217
21255 225
21256 231
21257 233
21258 234
21259 201
21260 89
21261 109
21262 133
21263 141
21264 143
21265 142
21266 76
21267 85
21268 104
21269 115
21270 114
21271 125
21272 145
21273 156
21274 154
21275 153
21276 167
21277 179
21278 168
21279 177
21280 190
21281 183
21282 154
21283 177
21284 171
21285 164
21286 176
21287 177
21288 187
21289 149
21290 64
21291 60
21292 54
21293 74
21294 78
21295 88
21296 78
21297 80
21298 68
21299 85
21300 98
21301 112
21302 121
21303 120
21304 140
21305 133
21306 157
21307 172
21308 136
21309 139
21310 144
21311 108
21312 102
21313 109
21314 100
21315 120
21316 113
21317 120
21318 144
21319 143
21320 158
21321 155
21322 162
21323 171
21324 120
21325 125
21326 146
21327 149
21328 152
21329 171
21330 192
21331 167
21332 118
21333 116
21334 120
21335 103
21336 98
21337 88
21338 96
21339 91
21340 100
21341 99
21342 121
21343 135
21344 139
21345 140
21346 105
21347 100
21348 101
21349 113
21350 131
21351 147
21352 138
21353 119
21354 140
21355 153
21356 163
21357 168
21358 161
21359 162
21360 157
21361 175
21362 196
21363 134
21364 97
21365 106
21366 127
21367 147
21368 151
21369 107
21370 101
21371 103
21372 23
21373 22
21374 18
21375 22
21376 19
21377 38
21378 43
21379 55
21380 54
21381 72
21382 94
21383 96
21384 113
21385 126
21386 121
21387 141
21388 159
21389 179
21390 183
21391 203
21392 210
21393 151
21394 132
21395 134
21396 141
21397 142
21398 133
21399 65
21400 68
21401 74
21402 93
21403 100
21404 105
21405 113
21406 104
21407 121
21408 124
21409 146
21410 157
21411 165
21412 133
21413 134
21414 126
21415 114
21416 132
21417 142
21418 148
21419 138
21420 88
21421 104
21422 111
21423 115
21424 131
21425 109
21426 110
21427 109
21428 106
21429 104
21430 103
21431 108
21432 97
21433 105
21434 121
21435 126
21436 121
21437 126
21438 119
21439 120
21440 118
21441 125
21442 126
21443 144
21444 161
21445 138
21446 100
21447 95
21448 106
21449 111
21450 109
21451 132
21452 102
21453 121
21454 128
21455 130
21456 141
21457 138
21458 132
21459 116
21460 108
21461 112
21462 108
21463 119
21464 112
21465 125
21466 129
21467 150
21468 151
21469 159
21470 161
21471 185
21472 130
21473 137
21474 120
21475 141
21476 143
21477 157
21478 152
21479 156
21480 157
21481 133
21482 155
21483 148
21484 102
21485 109
21486 101
21487 110
21488 104
21489 112
21490 133
21491 127
21492 150
21493 156
21494 130
21495 145
21496 138
21497 136
21498 144
21499 166
21500 103
21501 116
21502 118
21503 142
21504 167
21505 174
21506 134
21507 143
21508 134
21509 154
21510 175
21511 186
21512 199
21513 201
21514 124
21515 106
21516 104
21517 112
21518 95
21519 110
21520 109
21521 110
21522 100
21523 103
21524 115
21525 131
21526 137
21527 130
21528 150
21529 144
21530 138
21531 161
21532 175
21533 151
21534 170
21535 171
21536 165
21537 138
21538 163
21539 153
21540 150
21541 167
21542 179
21543 187
21544 171
21545 189
21546 206
21547 199
21548 195
21549 217
21550 208
21551 169
21552 160
21553 153
21554 131
21555 147
21556 87
21557 101
21558 98
21559 94
21560 90
21561 96
21562 92
21563 110
21564 126
21565 136
21566 139
21567 133
21568 151
21569 154
21570 156
21571 120
21572 114
21573 130
21574 127
21575 136
21576 144
21577 167
21578 183
21579 151
21580 149
21581 164
21582 90
21583 113
21584 130
21585 150
21586 149
21587 147
21588 152
21589 175
21590 170
21591 193
21592 180
21593 194
21594 212
21595 202
21596 106
21597 99
21598 93
21599 110
21600 134
21601 147
21602 137
21603 129
21604 148
21605 152
21606 149
21607 155
21608 150
21609 158
21610 150
21611 170
21612 173
21613 183
21614 175
21615 110
21616 111
21617 126
21618 144
21619 149
21620 144
21621 154
21622 162
21623 142
21624 164
21625 162
21626 183
21627 202
21628 203
21629 201
21630 169
21631 186
21632 202
21633 197
21634 102
21635 108
21636 116
21637 133
21638 130
21639 135
21640 151
21641 141
21642 148
21643 142
21644 147
21645 111
21646 109
21647 108
21648 129
21649 141
21650 136
21651 151
21652 146
21653 128
21654 138
21655 132
21656 135
21657 126
21658 136
21659 133
21660 126
21661 140
21662 136
21663 138
21664 139
21665 157
21666 130
21667 137
21668 145
21669 146
21670 137
21671 153
21672 158
21673 162
21674 158
21675 179
21676 200
21677 224
21678 220
21679 217
21680 192
21681 209
21682 211
21683 232
21684 87
21685 103
21686 121
21687 122
21688 145
21689 142
21690 149
21691 165
21692 176
21693 181
21694 189
21695 188
21696 180
21697 170
21698 165
21699 142
21700 146
21701 147
21702 140
21703 163
21704 142
21705 153
21706 147
21707 171
21708 58
21709 68
21710 92
21711 93
21712 94
21713 93
21714 101
21715 117
21716 107
21717 106
21718 100
21719 108
21720 128
21721 138
21722 161
21723 172
21724 187
21725 131
21726 121
21727 132
21728 144
21729 156
21730 175
21731 170
21732 192
21733 204
21734 155
21735 114
21736 110
21737 111
21738 117
21739 107
21740 130
21741 147
21742 141
21743 162
21744 160
21745 126
21746 127
21747 147
21748 154
21749 128
21750 122
21751 125
21752 137
21753 32
21754 28
21755 22
21756 34
21757 26
21758 31
21759 52
21760 75
21761 79
21762 100
21763 116
21764 134
21765 157
21766 175
21767 99
21768 119
21769 121
21770 145
21771 91
21772 88
21773 83
21774 78
21775 81
21776 86
21777 78
21778 92
21779 99
21780 89
21781 99
21782 90
21783 110
21784 135
21785 155
21786 163
21787 133
21788 146
21789 152
21790 146
21791 135
21792 159
21793 137
21794 152
21795 173
21796 190
21797 124
21798 117
21799 109
21800 101
21801 115
21802 120
21803 136
21804 131
21805 132
21806 135
21807 129
21808 139
21809 129
21810 148
21811 112
21812 130
21813 150
21814 119
21815 131
21816 125
21817 77
21818 97
21819 56
21820 50
21821 61
21822 73
21823 96
21824 107
21825 113
21826 135
21827 154
21828 158
21829 122
21830 106
21831 107
21832 102
21833 97
21834 116
21835 122
21836 123
21837 113
21838 122
21839 143
21840 137
21841 132
21842 126
21843 145
21844 157
21845 153
21846 159
21847 172
21848 165
21849 156
21850 162
21851 107
21852 108
21853 128
21854 132
21855 153
21856 162
21857 183
21858 180
21859 177
21860 198
21861 192
21862 147
21863 137
21864 108
21865 111
21866 122
21867 135
21868 136
21869 157
21870 179
21871 81
21872 82
21873 95
21874 117
21875 122
21876 124
21877 138
21878 123
21879 147
21880 142
21881 138
21882 106
21883 105
21884 99
21885 123
21886 126
21887 140
21888 127
21889 146
21890 167
21891 115
21892 112
21893 115
21894 108
21895 107
21896 114
21897 134
21898 145
21899 144
21900 161
21901 178
21902 201
21903 74
21904 95
21905 106
21906 120
21907 121
21908 137
21909 144
21910 136
21911 139
21912 133
21913 134
21914 132
21915 130
21916 85
21917 76
21918 94
21919 95
21920 108
21921 130
21922 141
21923 105
21924 128
21925 118
21926 119
21927 123
21928 129
21929 144
21930 161
21931 175
21932 131
21933 152
21934 171
21935 173
21936 195
21937 204
21938 143
21939 148
21940 76
21941 87
21942 110
21943 121
21944 112
21945 132
21946 151
21947 171
21948 168
21949 154
21950 144
21951 152
21952 159
21953 176
21954 198
21955 117
21956 123
21957 127
21958 138
21959 139
21960 164
21961 160
21962 152
21963 172
21964 112
21965 103
21966 121
21967 131
21968 83
21969 88
21970 82
21971 105
21972 108
21973 118
21974 108
21975 98
21976 90
21977 108
21978 105
21979 97
21980 99
21981 121
21982 122
21983 114
21984 111
21985 106
21986 94
21987 93
21988 114
21989 109
21990 127
21991 119
21992 116
21993 115
21994 136
21995 142
21996 157
21997 159
21998 149
21999 155
22000 161
22001 111
22002 101
22003 115
22004 32
22005 39
22006 63
22007 60
22008 62
22009 64
22010 63
22011 57
22012 73
22013 76
22014 68
22015 75
22016 97
22017 52
22018 53
22019 52
22020 51
22021 43
22022 56
22023 63
22024 86
22025 95
22026 98
22027 93
22028 107
22029 105
22030 106
22031 107
22032 106
22033 112
22034 128
22035 136
22036 142
22037 132
22038 122
22039 95
22040 105
22041 127
22042 151
22043 152
22044 135
22045 112
22046 120
22047 114
22048 125
22049 134
22050 156
22051 157
22052 151
22053 169
22054 45
22055 50
22056 51
22057 72
22058 89
22059 104
22060 125
22061 122
22062 144
22063 154
22064 179
22065 195
22066 95
22067 88
22068 111
22069 129
22070 130
22071 102
22072 126
22073 128
22074 150
22075 103
22076 104
22077 95
22078 94
22079 89
22080 93
22081 83
22082 89
22083 91
22084 92
22085 100
22086 45
22087 68
22088 79
22089 84
22090 76
22091 74
22092 96
22093 115
22094 100
22095 108
22096 123
22097 131
22098 132
22099 122
22100 141
22101 162
22102 172
22103 153
22104 94
22105 95
22106 109
22107 106
22108 127
22109 134
22110 124
22111 142
22112 165
22113 159
22114 114
22115 131
22116 134
22117 132
22118 56
22119 58
22120 56
22121 75
22122 72
22123 85
22124 89
22125 113
22126 104
22127 123
22128 117
22129 135
22130 159
22131 170
22132 166
22133 180
22134 193
22135 135
22136 116
22137 111
22138 126
22139 22
22140 34
22141 33
22142 40
22143 38
22144 39
22145 57
22146 61
22147 66
22148 82
22149 75
22150 89
22151 106
22152 104
22153 112
22154 127
22155 129
22156 113
22157 124
22158 141
22159 147
22160 166
22161 163
22162 161
22163 90
22164 111
22165 135
22166 126
22167 118
22168 131
22169 155
22170 116
22171 46
22172 52
22173 61
22174 77
22175 82
22176 91
22177 102
22178 94
22179 96
22180 105
22181 79
22182 102
22183 118
22184 116
22185 114
22186 134
22187 158
22188 168
22189 152
22190 139
22191 135
22192 160
22193 172
22194 184
22195 174
22196 173
22197 184
22198 139
22199 131
22200 149
22201 166
22202 163
22203 180
22204 133
22205 132
22206 123
22207 130
22208 133
22209 127
22210 147
22211 168
22212 156
22213 159
22214 150
22215 159
22216 154
22217 156
22218 177
22219 181
22220 103
22221 120
22222 121
22223 117
22224 113
22225 129
22226 143
22227 140
22228 139
22229 148
22230 151
22231 147
22232 148
22233 166
22234 115
22235 113
22236 132
22237 129
22238 139
22239 146
22240 157
22241 171
22242 130
22243 127
22244 140
22245 156
22246 141
22247 137
22248 152
22249 150
22250 171
22251 176
22252 131
22253 121
22254 127
22255 129
22256 145
22257 135
22258 160
22259 158
22260 152
22261 170
22262 112
22263 124
22264 135
22265 156
22266 147
22267 155
22268 145
22269 162
22270 187
22271 198
22272 95
22273 110
22274 101
22275 95
22276 87
22277 97
22278 108
22279 133
22280 142
22281 161
22282 152
22283 161
22284 162
22285 70
22286 92
22287 97
22288 88
22289 93
22290 101
22291 118
22292 132
22293 115
22294 128
22295 152
22296 120
22297 113
22298 116
22299 115
22300 113
22301 122
22302 120
22303 142
22304 154
22305 156
22306 155
22307 166
22308 178
22309 145
22310 129
22311 125
22312 119
22313 98
22314 105
22315 117
22316 118
22317 119
22318 122
22319 135
22320 147
22321 143
22322 149
22323 43
22324 63
22325 72
22326 84
22327 92
22328 100
22329 112
22330 114
22331 104
22332 96
22333 97
22334 89
22335 91
22336 96
22337 91
22338 88
22339 99
22340 108
22341 109
22342 110
22343 133
22344 57
22345 48
22346 65
22347 68
22348 79
22349 87
22350 103
22351 122
22352 145
22353 135
22354 131
22355 137
22356 131
22357 122
22358 144
22359 169
22360 175
22361 165
22362 138
22363 158
22364 159
22365 104
22366 129
22367 122
22368 131
22369 125
22370 144
22371 131
22372 136
22373 124
22374 130
22375 133
22376 140
22377 157
22378 158
22379 154
22380 85
22381 100
22382 99
22383 101
22384 92
22385 103
22386 118
22387 109
22388 116
22389 118
22390 116
22391 113
22392 103
22393 115
22394 84
22395 104
22396 105
22397 120
22398 125
22399 126
22400 124
22401 125
22402 148
22403 152
22404 165
22405 166
22406 158
22407 161
22408 178
22409 201
22410 193
22411 194
22412 117
22413 113
22414 116
22415 109
22416 99
22417 95
22418 94
22419 96
22420 94
22421 87
22422 91
22423 107
22424 99
22425 91
22426 37
22427 49
22428 42
22429 37
22430 48
22431 46
22432 47
22433 45
22434 65
22435 88
22436 100
22437 102
22438 92
22439 100
22440 107
22441 104
22442 63
22443 55
22444 52
22445 45
22446 35
22447 41
22448 48
22449 62
22450 84
22451 88
22452 80
22453 104
22454 95
22455 94
22456 108
22457 115
22458 111
22459 108
22460 120
22461 135
22462 109
22463 113
22464 110
22465 107
22466 119
22467 137
22468 134
22469 147
22470 138
22471 146
22472 143
22473 156
22474 157
22475 114
22476 111
22477 114
22478 93
22479 112
22480 114
22481 116
22482 125
22483 136
22484 156
22485 175
22486 190
22487 214
22488 207
22489 171
22490 178
22491 187
22492 183
22493 142
22494 163
22495 177
22496 157
22497 162
22498 167
22499 189
22500 187
22501 195
22502 201
22503 154
22504 84
22505 80
22506 61
22507 57
22508 61
22509 72
22510 91
22511 99
22512 110
22513 111
22514 101
22515 106
22516 103
22517 108
22518 101
22519 101
22520 112
22521 137
22522 130
22523 139
22524 153
22525 174
22526 98
22527 103
22528 106
22529 116
22530 131
22531 137
22532 135
22533 148
22534 138
22535 137
22536 138
22537 161
22538 154
22539 160
22540 185
22541 187
22542 127
22543 141
22544 162
22545 152
22546 164
22547 157
22548 171
22549 172
22550 84
22551 82
22552 106
22553 113
22554 123
22555 125
22556 145
22557 87
22558 112
22559 131
22560 154
22561 165
22562 160
22563 152
22564 167
22565 158
22566 160
22567 152
22568 164
22569 166
22570 161
22571 171
22572 163
22573 160
22574 178
22575 193
22576 186
22577 133
22578 129
22579 136
22580 154
22581 179
22582 130
22583 124
22584 123
22585 145
22586 146
22587 164
22588 117
22589 121
22590 132
22591 147
22592 170
22593 167
22594 174
22595 145
22596 143
22597 165
22598 117
22599 118
22600 45
22601 46
22602 55
22603 47
22604 39
22605 60
22606 53
22607 75
22608 66
22609 60
22610 61
22611 74
22612 85
22613 89
22614 79
22615 90
22616 83
22617 87
22618 104
22619 117
22620 108
22621 115
22622 105
22623 130
22624 131
22625 121
22626 135
22627 150
22628 121
22629 137
22630 138
22631 140
22632 133
22633 150
22634 125
22635 132
22636 122
22637 39
22638 32
22639 43
22640 36
22641 57
22642 68
22643 66
22644 86
22645 111
22646 116
22647 127
22648 135
22649 152
22650 166
22651 183
22652 113
22653 121
22654 121
22655 141
22656 118
22657 131
22658 127
22659 119
22660 129
22661 146
22662 152
22663 165
22664 173
22665 196
22666 125
22667 142
22668 151
22669 145
22670 158
22671 174
22672 180
22673 122
22674 117
22675 98
22676 90
22677 102
22678 109
22679 129
22680 137
22681 154
22682 167
22683 140
22684 136
22685 154
22686 120
22687 123
22688 127
22689 125
22690 123
22691 146
22692 151
22693 153
22694 148
22695 143
22696 134
22697 144
22698 150
22699 159
22700 167
22701 186
22702 205
22703 124
22704 137
22705 116
22706 109
22707 120
22708 145
22709 142
22710 143
22711 151
22712 101
22713 120
22714 133
22715 132
22716 144
22717 152
22718 177
22719 96
22720 112
22721 71
22722 66
22723 67
22724 76
22725 96
22726 110
22727 123
22728 126
22729 147
22730 150
22731 166
22732 184
22733 189
22734 120
22735 119
22736 130
22737 153
22738 121
22739 122
22740 131
22741 128
22742 119
22743 127
22744 137
22745 150
22746 144
22747 168
22748 183
22749 115
22750 99
22751 115
22752 127
22753 118
22754 116
22755 124
22756 139
22757 154
22758 148
22759 51
22760 44
22761 49
22762 62
22763 67
22764 58
22765 55
22766 66
22767 80
22768 97
22769 98
22770 112
22771 117
22772 109
22773 104
22774 84
22775 106
22776 131
22777 132
22778 122
22779 95
22780 104
22781 109
22782 50
22783 49
22784 50
22785 65
22786 62
22787 57
22788 59
22789 69
22790 68
22791 90
22792 80
22793 87
22794 78
22795 89
22796 64
22797 47
22798 68
22799 81
22800 97
22801 118
22802 128
22803 110
22804 104
22805 110
22806 109
22807 100
22808 115
22809 106
22810 103
22811 85
22812 80
22813 75
22814 66
22815 90
22816 89
22817 81
22818 95
22819 114
22820 117
22821 140
22822 152
22823 161
22824 172
22825 142
22826 138
22827 147
22828 162
22829 160
22830 96
22831 106
22832 97
22833 122
22834 115
22835 129
22836 105
22837 118
22838 108
22839 114
22840 124
22841 121
22842 130
22843 143
22844 130
22845 108
22846 120
22847 137
22848 130
22849 87
22850 83
22851 84
22852 83
22853 95
22854 103
22855 107
22856 105
22857 98
22858 107
22859 54
22860 76
22861 92
22862 84
22863 87
22864 111
22865 108
22866 109
22867 110
22868 127
22869 128
22870 124
22871 65
22872 64
22873 70
22874 85
22875 93
22876 83
22877 92
22878 116
22879 141
22880 119
22881 120
22882 139
22883 141
22884 145
22885 164
22886 189
22887 181
22888 179
22889 173
22890 168
22891 163
22892 137
22893 141
22894 78
22895 88
22896 99
22897 118
22898 134
22899 121
22900 125
22901 136
22902 137
22903 160
22904 181
22905 176
22906 157
22907 154
22908 144
22909 159
22910 44
22911 59
22912 65
22913 85
22914 100
22915 108
22916 93
22917 104
22918 102
22919 105
22920 101
22921 116
22922 123
22923 138
22924 151
22925 174
22926 173
22927 164
22928 178
22929 180
22930 158
22931 159
22932 158
22933 163
22934 172
22935 150
22936 86
22937 85
22938 91
22939 86
22940 87
22941 86
22942 104
22943 125
22944 132
22945 133
22946 156
22947 151
22948 98
22949 80
22950 100
22951 101
22952 91
22953 92
22954 106
22955 118
22956 108
22957 116
22958 112
22959 132
22960 155
22961 139
22962 97
22963 98
22964 123
22965 107
22966 98
22967 121
22968 126
22969 42
22970 64
22971 89
22972 83
22973 78
22974 88
22975 91
22976 81
22977 91
22978 97
22979 90
22980 100
22981 107
22982 124
22983 121
22984 145
22985 151
22986 168
22987 84
22988 107
22989 126
22990 125
22991 131
22992 132
22993 138
22994 149
22995 162
22996 144
22997 148
22998 149
22999 160
23000 172
23001 79
23002 69
23003 63
23004 54
23005 79
23006 92
23007 94
23008 102
23009 124
23010 129
23011 119
23012 134
23013 133
23014 122
23015 125
23016 126
23017 69
23018 80
23019 74
23020 92
23021 83
23022 103
23023 117
23024 102
23025 103
23026 98
23027 115
23028 131
23029 146
23030 153
23031 145
23032 139
23033 136
23034 153
23035 152
23036 173
23037 168
23038 140
23039 132
23040 130
23041 120
23042 126
23043 138
23044 145
23045 83
23046 98
23047 96
23048 111
23049 112
23050 110
23051 123
23052 130
23053 131
23054 122
23055 130
23056 128
23057 139
23058 163
23059 161
23060 122
23061 116
23062 119
23063 141
23064 133
23065 134
23066 147
23067 167
23068 170
23069 77
23070 69
23071 89
23072 65
23073 69
23074 89
23075 81
23076 88
23077 110
23078 131
23079 75
23080 67
23081 80
23082 104
23083 110
23084 112
23085 131
23086 90
23087 113
23088 126
23089 131
23090 128
23091 118
23092 131
23093 141
23094 154
23095 169
23096 160
23097 136
23098 137
23099 130
23100 133
23101 115
23102 125
23103 121
23104 112
23105 106
23106 124
23107 147
23108 155
23109 149
23110 154
23111 158
23112 164
23113 175
23114 195
23115 173
23116 170
23117 124
23118 126
23119 129
23120 127
23121 140
23122 161
23123 105
23124 96
23125 119
23126 127
23127 149
23128 140
23129 75
23130 99
23131 93
23132 94
23133 85
23134 109
23135 108
23136 102
23137 99
23138 104
23139 127
23140 124
23141 132
23142 122
23143 142
23144 124
23145 127
23146 138
23147 141
23148 158
23149 59
23150 75
23151 78
23152 103
23153 104
23154 114
23155 111
23156 109
23157 115
23158 122
23159 133
23160 140
23161 136
23162 147
23163 102
23164 92
23165 99
23166 108
23167 99
23168 115
23169 140
23170 151
23171 160
23172 177
23173 184
23174 209
23175 122
23176 134
23177 153
23178 149
23179 148
23180 149
23181 135
23182 157
23183 137
23184 147
23185 143
23186 134
23187 148
23188 160
23189 159
23190 156
23191 146
23192 90
23193 103
23194 126
23195 128
23196 122
23197 132
23198 152
23199 120
23200 134
23201 136
23202 139
23203 100
23204 113
23205 124
23206 128
23207 126
23208 125
23209 142
23210 136
23211 138
23212 129
23213 137
23214 158
23215 112
23216 110
23217 96
23218 101
23219 102
23220 98
23221 94
23222 118
23223 101
23224 112
23225 121
23226 119
23227 67
23228 68
23229 82
23230 107
23231 103
23232 119
23233 121
23234 130
23235 128
23236 151
23237 115
23238 140
23239 133
23240 128
23241 137
23242 146
23243 138
23244 147
23245 140
23246 145
23247 154
23248 137
23249 141
23250 137
23251 149
23252 151
23253 150
23254 160
23255 150
23256 112
23257 131
23258 126
23259 124
23260 125
23261 149
23262 171
23263 117
23264 108
23265 116
23266 112
23267 128
23268 109
23269 122
23270 133
23271 158
23272 176
23273 150
23274 146
23275 157
23276 83
23277 81
23278 87
23279 81
23280 79
23281 81
23282 94
23283 96
23284 112
23285 137
23286 150
23287 141
23288 160
23289 185
23290 131
23291 144
23292 146
23293 58
23294 60
23295 51
23296 45
23297 38
23298 61
23299 66
23300 79
23301 104
23302 105
23303 104
23304 109
23305 117
23306 129
23307 147
23308 155
23309 172
23310 173
23311 163
23312 183
23313 164
23314 177
23315 170
23316 179
23317 182
23318 173
23319 169
23320 189
23321 115
23322 128
23323 136
23324 148
23325 150
23326 163
23327 179
23328 188
23329 132
23330 154
23331 100
23332 101
23333 118
23334 113
23335 130
23336 130
23337 143
23338 152
23339 134
23340 151
23341 163
23342 150
23343 140
23344 153
23345 175
23346 94
23347 95
23348 90
23349 100
23350 108
23351 123
23352 139
23353 151
23354 160
23355 152
23356 66
23357 89
23358 85
23359 97
23360 108
23361 99
23362 108
23363 125
23364 142
23365 163
23366 188
23367 207
23368 201
23369 160
23370 169
23371 108
23372 114
23373 116
23374 111
23375 113
23376 129
23377 146
23378 101
23379 91
23380 84
23381 90
23382 91
23383 95
23384 90
23385 93
23386 115
23387 131
23388 141
23389 41
23390 56
23391 69
23392 84
23393 74
23394 86
23395 92
23396 104
23397 122
23398 104
23399 127
23400 145
23401 141
23402 157
23403 160
23404 140
23405 130
23406 109
23407 108
23408 117
23409 108
23410 100
23411 109
23412 124
23413 124
23414 114
23415 107
23416 101
23417 105
23418 96
23419 100
23420 95
23421 85
23422 109
23423 124
23424 136
23425 128
23426 122
23427 135
23428 144
23429 126
23430 134
23431 151
23432 172
23433 173
23434 165
23435 102
23436 103
23437 115
23438 83
23439 81
23440 77
23441 80
23442 92
23443 91
23444 112
23445 111
23446 131
23447 129
23448 144
23449 120
23450 106
23451 101
23452 114
23453 137
23454 158
23455 170
23456 160
23457 95
23458 100
23459 105
23460 108
23461 107
23462 108
23463 105
23464 113
23465 125
23466 131
23467 139
23468 110
23469 109
23470 112
23471 113
23472 132
23473 127
23474 123
23475 95
23476 104
23477 120
23478 106
23479 116
23480 121
23481 136
23482 161
23483 179
23484 178
23485 177
23486 104
23487 126
23488 117
23489 116
23490 131
23491 101
23492 95
23493 90
23494 91
23495 113
23496 138
23497 134
23498 143
23499 111
23500 132
23501 155
23502 171
23503 186
23504 205
23505 201
23506 207
23507 164
23508 154
23509 155
23510 132
23511 122
23512 112
23513 122
23514 135
23515 141
23516 157
23517 152
23518 161
23519 120
23520 113
23521 116
23522 132
23523 149
23524 163
23525 173
23526 148
23527 164
23528 161
23529 177
23530 185
23531 177
23532 167
23533 183
23534 184
23535 180
23536 177
23537 122
23538 141
23539 135
23540 100
23541 123
23542 139
23543 149
23544 154
23545 109
23546 126
23547 124
23548 131
23549 138
23550 132
23551 143
23552 145
23553 160
23554 150
23555 144
23556 148
23557 147
23558 159
23559 177
23560 179
23561 173
23562 116
23563 112
23564 108
23565 120
23566 142
23567 159
23568 81
23569 71
23570 84
23571 82
23572 81
23573 95
23574 99
23575 90
23576 107
23577 128
23578 143
23579 164
23580 155
23581 161
23582 162
23583 114
23584 106
23585 114
23586 131
23587 125
23588 149
23589 174
23590 128
23591 142
23592 139
23593 67
23594 82
23595 93
23596 92
23597 103
23598 126
23599 127
23600 143
23601 167
23602 188
23603 201
23604 226
23605 173
23606 183
23607 166
23608 123
23609 97
23610 119
23611 113
23612 134
23613 121
23614 115
23615 123
23616 145
23617 133
23618 93
23619 108
23620 121
23621 103
23622 45
23623 38
23624 45
23625 44
23626 50
23627 67
23628 59
23629 81
23630 82
23631 81
23632 93
23633 115
23634 108
23635 101
23636 92
23637 99
23638 124
23639 142
23640 136
23641 146
23642 127
23643 131
23644 149
23645 125
23646 121
23647 140
23648 110
23649 101
23650 100
23651 101
23652 88
23653 108
23654 34
23655 48
23656 55
23657 76
23658 96
23659 104
23660 82
23661 106
23662 104
23663 103
23664 95
23665 107
23666 127
23667 152
23668 104
23669 110
23670 126
23671 103
23672 120
23673 112
23674 114
23675 130
23676 131
23677 136
23678 141
23679 160
23680 122
23681 114
23682 134
23683 150
23684 146
23685 138
23686 128
23687 125
23688 133
23689 125
23690 121
23691 128
23692 152
23693 117
23694 131
23695 109
23696 121
23697 144
23698 104
23699 116
23700 111
23701 114
23702 126
23703 121
23704 139
23705 156
23706 166
23707 187
23708 191
23709 205
23710 60
23711 67
23712 65
23713 73
23714 74
23715 88
23716 86
23717 92
23718 93
23719 111
23720 136
23721 130
23722 120
23723 137
23724 129
23725 56
23726 59
23727 78
23728 73
23729 97
23730 119
23731 109
23732 133
23733 124
23734 121
23735 113
23736 115
23737 128
23738 147
23739 151
23740 118
23741 110
23742 123
23743 134
23744 142
23745 165
23746 43
23747 40
23748 36
23749 50
23750 51
23751 67
23752 57
23753 70
23754 94
23755 90
23756 107
23757 99
23758 116
23759 112
23760 107
23761 108
23762 107
23763 110
23764 121
23765 143
23766 152
23767 105
23768 120
23769 123
23770 134
23771 145
23772 140
23773 132
23774 139
23775 150
23776 165
23777 180
23778 176
23779 113
23780 108
23781 133
23782 156
23783 123
23784 114
23785 138
23786 139
23787 121
23788 124
23789 134
23790 100
23791 99
23792 124
23793 117
23794 126
23795 123
23796 116
23797 137
23798 153
23799 110
23800 100
23801 116
23802 106
23803 107
23804 114
23805 125
23806 119
23807 132
23808 155
23809 172
23810 166
23811 156
23812 172
23813 189
23814 110
23815 102
23816 113
23817 115
23818 126
23819 117
23820 136
23821 152
23822 123
23823 116
23824 114
23825 126
23826 133
23827 113
23828 60
23829 74
23830 64
23831 65
23832 55
23833 71
23834 83
23835 97
23836 96
23837 121
23838 122
23839 136
23840 77
23841 68
23842 81
23843 92
23844 113
23845 117
23846 134
23847 152
23848 169
23849 83
23850 74
23851 82
23852 97
23853 117
23854 126
23855 151
23856 169
23857 177
23858 197
23859 209
23860 218
23861 160
23862 134
23863 88
23864 110
23865 116
23866 107
23867 100
23868 121
23869 50
23870 67
23871 74
23872 90
23873 89
23874 92
23875 82
23876 91
23877 108
23878 128
23879 138
23880 145
23881 159
23882 92
23883 86
23884 106
23885 122
23886 132
23887 129
23888 138
23889 153
23890 167
23891 168
23892 157
23893 161
23894 159
23895 169
23896 181
23897 48
23898 43
23899 61
23900 63
23901 65
23902 77
23903 79
23904 80
23905 77
23906 96
23907 115
23908 115
23909 111
23910 132
23911 119
23912 120
23913 111
23914 130
23915 120
23916 129
23917 119
23918 120
23919 123
23920 116
23921 65
23922 70
23923 86
23924 87
23925 93
23926 102
23927 107
23928 104
23929 103
23930 108
23931 115
23932 114
23933 127
23934 128
23935 129
23936 65
23937 80
23938 99
23939 113
23940 115
23941 140
23942 143
23943 133
23944 124
23945 112
23946 137
23947 140
23948 141
23949 149
23950 152
23951 153
23952 163
23953 83
23954 99
23955 96
23956 95
23957 96
23958 98
23959 89
23960 106
23961 125
23962 141
23963 141
23964 138
23965 145
23966 98
23967 97
23968 106
23969 102
23970 113
23971 39
23972 37
23973 41
23974 60
23975 61
23976 79
23977 70
23978 80
23979 97
23980 115
23981 121
23982 110
23983 89
23984 94
23985 100
23986 92
23987 107
23988 126
23989 143
23990 152
23991 143
23992 154
23993 162
23994 170
23995 87
23996 111
23997 128
23998 127
23999 141
24000 146
24001 154
24002 171
24003 196
24004 218
24005 133
24006 149
24007 155
24008 104
24009 96
24010 98
24011 101
24012 95
24013 96
24014 111
24015 118
24016 109
24017 80
24018 92
24019 104
24020 122
24021 138
24022 118
24023 136
24024 59
24025 53
24026 67
24027 70
24028 90
24029 104
24030 96
24031 93
24032 105
24033 102
24034 99
24035 95
24036 88
24037 82
24038 88
24039 92
24040 82
24041 93
24042 89
24043 103
24044 100
24045 40
24046 54
24047 59
24048 67
24049 60
24050 67
24051 71
24052 93
24053 106
24054 120
24055 110
24056 129
24057 149
24058 168
24059 163
24060 180
24061 56
24062 50
24063 52
24064 50
24065 65
24066 89
24067 113
24068 123
24069 122
24070 127
24071 152
24072 153
24073 129
24074 140
24075 138
24076 148
24077 31
24078 30
24079 53
24080 43
24081 63
24082 70
24083 87
24084 85
24085 95
24086 109
24087 79
24088 83
24089 94
24090 119
24091 122
24092 103
24093 96
24094 106
24095 110
24096 131
24097 137
24098 143
24099 134
24100 145
24101 140
24102 152
24103 119
24104 125
24105 74
24106 64
24107 83
24108 88
24109 92
24110 82
24111 85
24112 99
24113 97
24114 101
24115 93
24116 118
24117 115
24118 122
24119 134
24120 53
24121 56
24122 66
24123 62
24124 69
24125 93
24126 110
24127 87
24128 79
24129 86
24130 101
24131 63
24132 84
24133 78
24134 74
24135 85
24136 98
24137 108
24138 105
24139 109
24140 119
24141 114
24142 110
24143 104
24144 108
24145 122
24146 136
24147 116
24148 114
24149 101
24150 102
24151 111
24152 132
24153 135
24154 119
24155 105
24156 96
24157 99
24158 124
24159 133
24160 153
24161 166
24162 191
24163 194
24164 162
24165 100
24166 96
24167 101
24168 121
24169 129
24170 150
24171 109
24172 113
24173 97
24174 110
24175 99
24176 124
24177 126
24178 110
24179 129
24180 137
24181 114
24182 125
24183 132
24184 131
24185 134
24186 138
24187 147
24188 110
24189 106
24190 78
24191 102
24192 108
24193 84
24194 82
24195 106
24196 111
24197 75
24198 78
24199 98
24200 92
24201 62
24202 56
24203 57
24204 58
24205 53
24206 75
24207 66
24208 72
24209 87
24210 101
24211 112
24212 107
24213 99
24214 103
24215 119
24216 133
24217 131
24218 149
24219 129
24220 131
24221 137
24222 149
24223 130
24224 135
24225 100
24226 118
24227 133
24228 136
24229 135
24230 154
24231 169
24232 179
24233 204
24234 222
24235 153
24236 15
24237 30
24238 46
24239 42
24240 33
24241 30
24242 50
24243 74
24244 89
24245 93
24246 112
24247 103
24248 106
24249 114
24250 131
24251 56
24252 78
24253 81
24254 98
24255 118
24256 105
24257 100
24258 102
24259 99
24260 94
24261 85
24262 98
24263 91
24264 106
24265 98
24266 104
24267 51
24268 67
24269 92
24270 112
24271 114
24272 138
24273 140
24274 156
24275 167
24276 150
24277 166
24278 178
24279 113
24280 109
24281 108
24282 116
24283 114
24284 129
24285 142
24286 135
24287 133
24288 137
24289 139
24290 159
24291 129
24292 137
24293 75
24294 95
24295 120
24296 95
24297 105
24298 96
24299 107
24300 108
24301 118
24302 112
24303 113
24304 130
24305 126
24306 77
24307 92
24308 87
24309 80
24310 94
24311 95
24312 101
24313 90
24314 97
24315 122
24316 112
24317 135
24318 134
24319 157
24320 163
24321 165
24322 158
24323 166
24324 163
24325 86
24326 89
24327 104
24328 129
24329 133
24330 155
24331 163
24332 188
24333 60
24334 80
24335 85
24336 110
24337 131
24338 141
24339 166
24340 186
24341 114
24342 78
24343 100
24344 94
24345 115
24346 94
24347 55
24348 48
24349 64
24350 89
24351 108
24352 127
24353 129
24354 153
24355 159
24356 171
24357 60
24358 84
24359 105
24360 69
24361 60
24362 52
24363 50
24364 70
24365 73
24366 66
24367 91
24368 109
24369 116
24370 121
24371 143
24372 150
24373 91
24374 83
24375 85
24376 93
24377 87
24378 102
24379 99
24380 89
24381 103
24382 95
24383 88
24384 102
24385 98
24386 49
24387 64
24388 72
24389 78
24390 102
24391 51
24392 56
24393 74
24394 82
24395 93
24396 109
24397 104
24398 125
24399 137
24400 158
24401 128
24402 134
24403 130
24404 140
24405 130
24406 127
24407 128
24408 146
24409 159
24410 124
24411 119
24412 139
24413 113
24414 116
24415 116
24416 115
24417 120
24418 136
24419 118
24420 142
24421 120
24422 125
24423 86
24424 103
24425 38
24426 54
24427 64
24428 75
24429 82
24430 75
24431 70
24432 75
24433 74
24434 86
24435 78
24436 72
24437 91
24438 85
24439 82
24440 78
24441 85
24442 107
24443 122
24444 102
24445 115
24446 95
24447 119
24448 109
24449 106
24450 116
24451 136
24452 123
24453 120
24454 124
24455 92
24456 82
24457 102
24458 100
24459 89
24460 104
24461 97
24462 106
24463 99
24464 112
24465 124
24466 127
24467 57
24468 48
24469 61
24470 63
24471 64
24472 69
24473 78
24474 96
24475 99
24476 114
24477 131
24478 122
24479 119
24480 136
24481 157
24482 24
24483 48
24484 71
24485 72
24486 93
24487 117
24488 109
24489 112
24490 132
24491 131
24492 130
24493 128
24494 141
24495 142
24496 157
24497 142
24498 143
24499 142
24500 150
24501 157
24502 103
24503 116
24504 125
24505 62
24506 54
24507 53
24508 51
24509 57
24510 51
24511 75
24512 69
24513 74
24514 86
24515 83
24516 70
24517 68
24518 66
24519 72
24520 78
24521 91
24522 57
24523 68
24524 86
24525 101
24526 122
24527 146
24528 141
24529 118
24530 112
24531 114
24532 125
24533 129
24534 119
24535 133
24536 143
24537 125
24538 108
24539 106
24540 103
24541 116
24542 106
24543 121
24544 110
24545 108
24546 119
24547 129
24548 148
24549 163
24550 107
24551 99
24552 97
24553 86
24554 82
24555 94
24556 98
24557 116
24558 107
24559 112
24560 118
24561 112
24562 127
24563 146
24564 150
24565 141
24566 132
24567 150
24568 92
24569 102
24570 78
24571 74
24572 91
24573 90
24574 102
24575 109
24576 107
24577 97
24578 105
24579 128
24580 133
24581 53
24582 67
24583 78
24584 94
24585 76
24586 79
24587 87
24588 83
24589 97
24590 95
24591 111
24592 87
24593 77
24594 102
24595 100
24596 117
24597 115
24598 108
24599 108
24600 109
24601 108
24602 97
24603 114
24604 115
24605 126
24606 145
24607 139
24608 115
24609 130
24610 102
24611 95
24612 94
24613 92
24614 109
24615 104
24616 125
24617 123
24618 125
24619 129
24620 123
24621 114
24622 123
24623 148
24624 164
24625 170
24626 130
24627 142
24628 149
24629 155
24630 164
24631 159
24632 55
24633 79
24634 76
24635 89
24636 110
24637 133
24638 152
24639 111
24640 112
24641 119
24642 124
24643 93
24644 88
24645 98
24646 93
24647 101
24648 94
24649 85
24650 109
24651 49
24652 65
24653 55
24654 57
24655 49
24656 48
24657 62
24658 55
24659 72
24660 96
24661 90
24662 85
24663 78
24664 83
24665 104
24666 126
24667 46
24668 60
24669 84
24670 83
24671 101
24672 108
24673 81
24674 97
24675 107
24676 127
24677 134
24678 138
24679 129
24680 136
24681 135
24682 142
24683 144
24684 154
24685 172
24686 120
24687 88
24688 105
24689 98
24690 109
24691 126
24692 140
24693 157
24694 149
24695 159
24696 75
24697 72
24698 64
24699 80
24700 77
24701 102
24702 113
24703 122
24704 116
24705 117
24706 91
24707 96
24708 86
24709 88
24710 87
24711 82
24712 86
24713 84
24714 78
24715 87
24716 73
24717 89
24718 102
24719 92
24720 96
24721 117
24722 111
24723 121
24724 143
24725 155
24726 174
24727 144
24728 140
24729 158
24730 127
24731 149
24732 143
24733 147
24734 168
24735 162
24736 113
24737 103
24738 95
24739 118
24740 116
24741 133
24742 126
24743 110
24744 120
24745 112
24746 119
24747 123
24748 133
24749 147
24750 137
24751 140
24752 155
24753 104
24754 129
24755 109
24756 115
24757 138
24758 133
24759 154
24760 131
24761 144
24762 145
24763 96
24764 88
24765 107
24766 128
24767 137
24768 130
24769 143
24770 158
24771 156
24772 133
24773 128
24774 135
24775 134
24776 128
24777 127
24778 136
24779 151
24780 120
24781 118
24782 117
24783 131
24784 103
24785 123
24786 115
24787 107
24788 113
24789 130
24790 102
24791 87
24792 79
24793 103
24794 104
24795 125
24796 150
24797 156
24798 154
24799 155
24800 135
24801 143
24802 145
24803 157
24804 159
24805 150
24806 147
24807 118
24808 128
24809 141
24810 143
24811 155
24812 161
24813 176
24814 185
24815 186
24816 98
24817 99
24818 119
24819 69
24820 63
24821 61
24822 55
24823 49
24824 73
24825 71
24826 66
24827 77
24828 87
24829 110
24830 100
24831 94
24832 92
24833 86
24834 101
24835 121
24836 109
24837 103
24838 97
24839 89
24840 106
24841 101
24842 124
24843 98
24844 115
24845 98
24846 99
24847 89
24848 99
24849 121
24850 144
24851 77
24852 69
24853 64
24854 85
24855 99
24856 115
24857 114
24858 111
24859 105
24860 113
24861 131
24862 145
24863 157
24864 155
24865 142
24866 152
24867 171
24868 138
24869 131
24870 100
24871 97
24872 99
24873 107
24874 114
24875 121
24876 61
24877 69
24878 86
24879 98
24880 89
24881 79
24882 94
24883 103
24884 95
24885 110
24886 100
24887 114
24888 111
24889 121
24890 99
24891 109
24892 116
24893 130
24894 152
24895 150
24896 153
24897 106
24898 105
24899 95
24900 109
24901 112
24902 134
24903 135
24904 160
24905 147
24906 141
24907 135
24908 120
24909 43
24910 67
24911 64
24912 86
24913 89
24914 93
24915 84
24916 108
24917 108
24918 112
24919 107
24920 120
24921 65
24922 75
24923 81
24924 82
24925 92
24926 101
24927 98
24928 122
24929 47
24930 53
24931 68
24932 58
24933 54
24934 65
24935 55
24936 73
24937 74
24938 66
24939 83
24940 63
24941 64
24942 84
24943 99
24944 98
24945 106
24946 100
24947 113
24948 106
24949 129
24950 121
24951 126
24952 141
24953 166
24954 178
24955 186
24956 112
24957 113
24958 60
24959 69
24960 79
24961 88
24962 86
24963 107
24964 126
24965 124
24966 71
24967 95
24968 114
24969 134
24970 159
24971 76
24972 100
24973 106
24974 113
24975 41
24976 37
24977 43
24978 64
24979 88
24980 91
24981 106
24982 103
24983 104
24984 111
24985 117
24986 114
24987 113
24988 135
24989 132
24990 141
24991 120
24992 112
24993 92
24994 104
24995 113
24996 106
24997 105
24998 111
24999 116
25000 121
25001 125
25002 145
25003 82
25004 95
25005 89
25006 108
25007 109
25008 122
25009 114
25010 116
25011 134
25012 139
25013 137
25014 158
25015 153
25016 148
25017 75
25018 76
25019 88
25020 78
25021 102
25022 110
25023 127
25024 145
25025 146
25026 159
25027 122
25028 139
25029 153
25030 154
25031 176
25032 174
25033 177
25034 120
25035 140
25036 158
25037 118
25038 120
25039 116
25040 115
25041 116
25042 87
25043 98
25044 88
25045 107
25046 130
25047 128
25048 121
25049 142
25050 144
25051 136
25052 108
25053 124
25054 119
25055 138
25056 157
25057 109
25058 127
25059 128
25060 107
25061 114
25062 135
25063 140
25064 145
25065 169
25066 185
25067 193
25068 171
25069 161
25070 102
25071 116
25072 118
25073 137
25074 135
25075 83
25076 85
25077 108
25078 130
25079 124
25080 142
25081 164
25082 114
25083 102
25084 100
25085 108
25086 114
25087 125
25088 113
25089 111
25090 106
25091 131
25092 112
25093 102
25094 101
25095 107
25096 127
25097 117
25098 122
25099 135
25100 156
25101 174
25102 177
25103 193
25104 184
25105 185
25106 188
25107 105
25108 109
25109 114
25110 117
25111 110
25112 126
25113 142
25114 141
25115 130
25116 155
25117 137
25118 132
25119 125
25120 115
25121 68
25122 84
25123 55
25124 45
25125 49
25126 44
25127 61
25128 57
25129 71
25130 95
25131 90
25132 104
25133 96
25134 95
25135 98
25136 121
25137 114
25138 118
25139 99
25140 103
25141 96
25142 120
25143 110
25144 100
25145 106
25146 105
25147 100
25148 106
25149 97
25150 114
25151 113
25152 119
25153 129
25154 137
25155 118
25156 35
25157 41
25158 42
25159 58
25160 82
25161 106
25162 84
25163 81
25164 82
25165 73
25166 75
25167 76
25168 69
25169 74
25170 87
25171 107
25172 121
25173 141
25174 159
25175 146
25176 151
25177 157
25178 158
25179 162
25180 181
25181 168
25182 184
25183 177
25184 180
25185 170
25186 168
25187 158
25188 154
25189 174
25190 103
25191 102
25192 127
25193 123
25194 125
25195 148
25196 130
25197 132
25198 119
25199 126
25200 129
25201 153
25202 171
25203 164
25204 165
25205 158
25206 143
25207 154
25208 104
25209 109
25210 123
25211 128
25212 133
25213 125
25214 93
25215 99
25216 94
25217 90
25218 81
25219 93
25220 84
25221 85
25222 78
25223 51
25224 75
25225 88
25226 102
25227 103
25228 93
25229 90
25230 83
25231 90
25232 93
25233 94
25234 84
25235 95
25236 87
25237 94
25238 109
25239 120
25240 140
25241 87
25242 105
25243 122
25244 116
25245 124
25246 130
25247 127
25248 94
25249 91
25250 90
25251 89
25252 81
25253 93
25254 104
25255 110
25256 117
25257 87
25258 93
25259 94
25260 99
25261 112
25262 93
25263 85
25264 81
25265 75
25266 76
25267 75
25268 81
25269 106
25270 107
25271 102
25272 106
25273 87
25274 109
25275 113
25276 115
25277 72
25278 92
25279 47
25280 60
25281 78
25282 84
25283 42
25284 48
25285 39
25286 55
25287 68
25288 90
25289 109
25290 130
25291 131
25292 122
25293 123
25294 119
25295 126
25296 121
25297 122
25298 123
25299 124
25300 139
25301 135
25302 116
25303 117
25304 107
25305 72
25306 68
25307 75
25308 66
25309 73
25310 96
25311 98
25312 108
25313 109
25314 129
25315 147
25316 143
25317 49
25318 45
25319 63
25320 78
25321 101
25322 119
25323 124
25324 129
25325 99
25326 96
25327 110
25328 120
25329 112
25330 124
25331 114
25332 115
25333 106
25334 96
25335 117
25336 107
25337 119
25338 123
25339 131
25340 129
25341 131
25342 127
25343 101
25344 117
25345 111
25346 101
25347 123
25348 136
25349 159
25350 167
25351 173
25352 129
25353 144
25354 137
25355 157
25356 97
25357 102
25358 109
25359 66
25360 82
25361 76
25362 71
25363 61
25364 53
25365 60
25366 68
25367 75
25368 86
25369 87
25370 95
25371 93
25372 102
25373 123
25374 132
25375 146
25376 125
25377 118
25378 112
25379 88
25380 92
25381 105
25382 129
25383 153
25384 92
25385 100
25386 115
25387 105
25388 103
25389 105
25390 129
25391 154
25392 153
25393 80
25394 88
25395 104
25396 128
25397 138
25398 139
25399 148
25400 142
25401 146
25402 152
25403 156
25404 82
25405 89
25406 94
25407 112
25408 128
25409 126
25410 135
25411 125
25412 133
25413 155
25414 156
25415 170
25416 181
25417 121
25418 115
25419 138
25420 146
25421 98
25422 111
25423 94
25424 95
25425 101
25426 114
25427 110
25428 105
25429 129
25430 121
25431 145
25432 154
25433 162
25434 143
25435 77
25436 95
25437 94
25438 85
25439 108
25440 123
25441 125
25442 142
25443 164
25444 176
25445 197
25446 182
25447 192
25448 126
25449 107
25450 106
25451 104
25452 118
25453 125
25454 134
25455 95
25456 115
25457 118
25458 89
25459 83
25460 74
25461 75
25462 82
25463 72
25464 82
25465 80
25466 70
25467 73
25468 85
25469 102
25470 99
25471 77
25472 78
25473 68
25474 62
25475 65
25476 77
25477 74
25478 87
25479 112
25480 127
25481 147
25482 136
25483 132
25484 143
25485 158
25486 79
25487 92
25488 105
25489 102
25490 94
25491 109
25492 123
25493 139
25494 51
25495 52
25496 47
25497 43
25498 58
25499 65
25500 55
25501 65
25502 57
25503 72
25504 71
25505 74
25506 68
25507 91
25508 87
25509 82
25510 103
25511 98
25512 93
25513 72
25514 73
25515 94
25516 116
25517 140
25518 135
25519 91
25520 86
25521 105
25522 108
25523 104
25524 94
25525 85
25526 76
25527 78
25528 72
25529 64
25530 85
25531 93
25532 113
25533 126
25534 124
25535 123
25536 130
25537 128
25538 130
25539 145
25540 160
25541 141
25542 145
25543 139
25544 143
25545 134
25546 138
25547 103
25548 104
25549 117
25550 113
25551 105
25552 112
25553 120
25554 142
25555 160
25556 84
25557 108
25558 103
25559 115
25560 121
25561 137
25562 138
25563 141
25564 109
25565 106
25566 119
25567 134
25568 104
25569 126
25570 124
25571 122
25572 129
25573 127
25574 143
25575 88
25576 100
25577 113
25578 118
25579 141
25580 143
25581 146
25582 137
25583 140
25584 102
25585 108
25586 120
25587 140
25588 137
25589 141
25590 106
25591 124
25592 120
25593 131
25594 55
25595 56
25596 72
25597 63
25598 57
25599 58
25600 65
25601 72
25602 77
25603 69
25604 88
25605 83
25606 86
25607 107
25608 108
25609 124
25610 125
25611 136
25612 149
25613 148
25614 122
25615 142
25616 146
25617 157
25618 114
25619 131
25620 143
25621 133
25622 155
25623 150
25624 169
25625 178
25626 176
25627 125
25628 131
25629 138
25630 139
25631 150
25632 82
25633 92
25634 82
25635 88
25636 92
25637 102
25638 117
25639 136
25640 143
25641 144
25642 148
25643 163
25644 107
25645 117
25646 134
25647 137
25648 60
25649 69
25650 84
25651 109
25652 128
25653 131
25654 130
25655 150
25656 151
25657 162
25658 79
25659 102
25660 122
25661 120
25662 135
25663 147
25664 139
25665 153
25666 106
25667 99
25668 94
25669 82
25670 94
25671 104
25672 101
25673 125
25674 116
25675 119
25676 126
25677 150
25678 164
25679 187
25680 190
25681 180
25682 90
25683 97
25684 109
25685 126
25686 128
25687 134
25688 99
25689 123
25690 126
25691 138
25692 137
25693 127
25694 147
25695 92
25696 98
25697 112
25698 124
25699 129
25700 148
25701 75
25702 82
25703 88
25704 80
25705 94
25706 111
25707 114
25708 121
25709 104
25710 110
25711 115
25712 77
25713 89
25714 76
25715 99
25716 113
25717 104
25718 116
25719 123
25720 67
25721 76
25722 77
25723 84
25724 96
25725 97
25726 116
25727 110
25728 135
25729 137
25730 162
25731 163
25732 176
25733 168
25734 68
25735 77
25736 69
25737 88
25738 96
25739 90
25740 84
25741 94
25742 88
25743 87
25744 96
25745 101
25746 91
25747 114
25748 133
25749 116
25750 130
25751 128
25752 118
25753 131
25754 145
25755 168
25756 146
25757 156
25758 162
25759 93
25760 96
25761 108
25762 105
25763 66
25764 78
25765 92
25766 81
25767 94
25768 114
25769 107
25770 121
25771 115
25772 140
25773 136
25774 62
25775 52
25776 47
25777 40
25778 37
25779 39
25780 58
25781 57
25782 64
25783 57
25784 53
25785 54
25786 48
25787 51
25788 66
25789 90
25790 114
25791 138
25792 157
25793 173
25794 23
25795 20
25796 10
25797 11
25798 19
25799 34
25800 50
25801 72
25802 85
25803 103
25804 118
25805 104
25806 119
25807 116
25808 126
25809 121
25810 142
25811 137
25812 162
25813 115
25814 114
25815 109
25816 128
25817 140
25818 155
25819 165
25820 58
25821 50
25822 51
25823 48
25824 53
25825 71
25826 66
25827 84
25828 82
25829 103
25830 109
25831 130
25832 124
25833 127
25834 94
25835 118
25836 117
25837 76
25838 81
25839 101
25840 120
25841 125
25842 126
25843 122
25844 123
25845 117
25846 94
25847 90
25848 112
25849 123
25850 113
25851 95
25852 114
25853 109
25854 117
25855 128
25856 152
25857 166
25858 174
25859 156
25860 119
25861 120
25862 137
25863 42
25864 33
25865 50
25866 44
25867 45
25868 66
25869 87
25870 95
25871 89
25872 101
25873 94
25874 102
25875 98
25876 94
25877 109
25878 75
25879 69
25880 32
25881 33
25882 45
25883 49
25884 57
25885 50
25886 70
25887 85
25888 96
25889 90
25890 83
25891 99
25892 107
25893 103
25894 121
25895 130
25896 114
25897 101
25898 102
25899 117
25900 126
25901 142
25902 96
25903 99
25904 103
25905 123
25906 84
25907 109
25908 103
25909 128
25910 123
25911 117
25912 135
25913 154
25914 149
25915 141
25916 39
25917 51
25918 75
25919 72
25920 77
25921 79
25922 95
25923 113
25924 121
25925 126
25926 132
25927 101
25928 115
25929 116
25930 119
25931 110
25932 105
25933 116
25934 117
25935 113
25936 117
25937 133
25938 132
25939 154
25940 135
25941 152
25942 153
25943 155
25944 167
25945 104
25946 102
25947 114
25948 113
25949 122
25950 118
25951 133
25952 131
25953 112
25954 114
25955 106
25956 103
25957 99
25958 103
25959 104
25960 128
25961 139
25962 115
25963 125
25964 135
25965 140
25966 71
25967 86
25968 84
25969 94
25970 76
25971 92
25972 117
25973 112
25974 113
25975 105
25976 101
25977 111
25978 135
25979 87
25980 96
25981 106
25982 97
25983 116
25984 126
25985 136
25986 161
25987 184
25988 129
25989 118
25990 109
25991 100
25992 93
25993 74
25994 69
25995 86
25996 101
25997 109
25998 103
25999 119
26000 128
26001 134
26002 157
26003 95
26004 94
26005 97
26006 96
26007 97
26008 115
26009 134
26010 69
26011 64
26012 83
26013 86
26014 79
26015 76
26016 85
26017 80
26018 86
26019 91
26020 110
26021 111
26022 114
26023 124
26024 126
26025 132
26026 116
26027 130
26028 125
26029 91
26030 92
26031 89
26032 94
26033 114
26034 129
26035 135
26036 131
26037 139
26038 135
26039 131
26040 121
26041 141
26042 138
26043 136
26044 66
26045 58
26046 50
26047 67
26048 92
26049 96
26050 102
26051 123
26052 107
26053 124
26054 91
26055 114
26056 108
26057 115
26058 123
26059 126
26060 127
26061 67
26062 78
26063 93
26064 115
26065 128
26066 150
26067 138
26068 77
26069 98
26070 90
26071 104
26072 107
26073 98
26074 94
26075 97
26076 96
26077 93
26078 109
26079 103
26080 125
26081 139
26082 140
26083 67
26084 83
26085 86
26086 110
26087 131
26088 129
26089 122
26090 88
26091 96
26092 94
26093 110
26094 103
26095 127
26096 149
26097 95
26098 111
26099 133
26100 126
26101 137
26102 132
26103 141
26104 145
26105 155
26106 59
26107 74
26108 91
26109 96
26110 103
26111 112
26112 123
26113 126
26114 119
26115 138
26116 112
26117 106
26118 98
26119 102
26120 116
26121 129
26122 126
26123 148
26124 141
26125 119
26126 114
26127 103
26128 126
26129 117
26130 133
26131 52
26132 60
26133 67
26134 60
26135 74
26136 90
26137 104
26138 126
26139 145
26140 159
26141 170
26142 68
26143 76
26144 69
26145 77
26146 70
26147 79
26148 87
26149 105
26150 80
26151 74
26152 69
26153 59
26154 57
26155 72
26156 81
26157 84
26158 78
26159 74
26160 67
26161 88
26162 91
26163 100
26164 114
26165 111
26166 86
26167 94
26168 112
26169 115
26170 135
26171 130
26172 137
26173 138
26174 87
26175 78
26176 88
26177 92
26178 84
26179 101
26180 110
26181 107
26182 58
26183 82
26184 96
26185 100
26186 96
26187 35
26188 36
26189 40
26190 33
26191 37
26192 49
26193 56
26194 48
26195 54
26196 62
26197 63
26198 73
26199 58
26200 68
26201 72
26202 92
26203 73
26204 64
26205 78
26206 75
26207 72
26208 67
26209 83
26210 82
26211 81
26212 87
26213 104
26214 84
26215 69
26216 63
26217 70
26218 76
26219 74
26220 78
26221 86
26222 92
26223 101
26224 123
26225 86
26226 79
26227 70
26228 75
26229 80
26230 48
26231 59
26232 54
26233 67
26234 88
26235 110
26236 118
26237 87
26238 89
26239 102
26240 109
26241 123
26242 118
26243 122
26244 105
26245 78
26246 71
26247 67
26248 60
26249 58
26250 68
26251 83
26252 79
26253 70
26254 86
26255 86
26256 94
26257 115
26258 108
26259 99
26260 98
26261 101
26262 111
26263 75
26264 82
26265 78
26266 91
26267 100
26268 93
26269 89
26270 95
26271 106
26272 59
26273 78
26274 84
26275 77
26276 70
26277 91
26278 102
26279 117
26280 111
26281 102
26282 93
26283 86
26284 88
26285 83
26286 107
26287 91
26288 101
26289 92
26290 86
26291 109
26292 118
26293 102
26294 96
26295 120
26296 124
26297 122
26298 124
26299 121
26300 98
26301 104
26302 89
26303 104
26304 115
26305 123
26306 124
26307 141
26308 139
26309 142
26310 46
26311 53
26312 60
26313 56
26314 81
26315 85
26316 90
26317 115
26318 108
26319 63
26320 57
26321 52
26322 50
26323 40
26324 65
26325 81
26326 87
26327 89
26328 114
26329 111
26330 41
26331 56
26332 48
26333 66
26334 83
26335 76
26336 68
26337 59
26338 70
26339 95
26340 100
26341 105
26342 129
26343 147
26344 145
26345 139
26346 99
26347 100
26348 102
26349 97
26350 120
26351 133
26352 128
26353 146
26354 66
26355 53
26356 76
26357 92
26358 99
26359 113
26360 125
26361 134
26362 136
26363 76
26364 77
26365 75
26366 61
26367 78
26368 69
26369 91
26370 83
26371 98
26372 93
26373 83
26374 99
26375 112
26376 105
26377 127
26378 146
26379 158
26380 151
26381 112
26382 88
26383 98
26384 74
26385 76
26386 74
26387 84
26388 109
26389 108
26390 114
26391 60
26392 64
26393 56
26394 65
26395 59
26396 78
26397 76
26398 78
26399 73
26400 67
26401 82
26402 45
26403 64
26404 76
26405 72
26406 67
26407 81
26408 72
26409 64
26410 76
26411 99
26412 91
26413 59
26414 69
26415 71
26416 51
26417 70
26418 64
26419 74
26420 69
26421 88
26422 96
26423 110
26424 119
26425 111
26426 102
26427 115
26428 110
26429 41
26430 46
26431 60
26432 76
26433 74
26434 81
26435 82
26436 91
26437 84
26438 80
26439 84
26440 106
26441 118
26442 119
26443 113
26444 111
26445 68
26446 65
26447 55
26448 71
26449 93
26450 115
26451 133
26452 88
26453 92
26454 103
26455 66
26456 68
26457 76
26458 85
26459 103
26460 94
26461 96
26462 116
26463 108
26464 104
26465 112
26466 119
26467 143
26468 118
26469 112
26470 108
26471 80
26472 99
26473 90
26474 101
26475 97
26476 98
26477 111
26478 120
26479 94
26480 98
26481 118
26482 90
26483 54
26484 44
26485 34
26486 43
26487 36
26488 60
26489 67
26490 62
26491 63
26492 83
26493 82
26494 94
26495 101
26496 115
26497 112
26498 113
26499 118
26500 137
26501 83
26502 98
26503 82
26504 72
26505 66
26506 74
26507 98
26508 109
26509 106
26510 96
26511 106
26512 118
26513 136
26514 146
26515 110
26516 93
26517 96
26518 97
26519 121
26520 122
26521 144
26522 164
26523 137
26524 109
26525 127
26526 70
26527 71
26528 72
26529 87
26530 99
26531 112
26532 132
26533 135
26534 81
26535 89
26536 108
26537 118
26538 128
26539 120
26540 49
26541 54
26542 70
26543 60
26544 76
26545 72
26546 65
26547 61
26548 72
26549 63
26550 65
26551 60
26552 68
26553 81
26554 97
26555 107
26556 102
26557 109
26558 120
26559 131
26560 124
26561 115
26562 116
26563 140
26564 161
26565 83
26566 93
26567 111
26568 105
26569 103
26570 125
26571 131
26572 90
26573 92
26574 94
26575 90
26576 109
26577 125
26578 145
26579 136
26580 126
26581 75
26582 68
26583 80
26584 84
26585 75
26586 67
26587 59
26588 79
26589 81
26590 96
26591 95
26592 113
26593 134
26594 131
26595 141
26596 150
26597 155
26598 128
26599 131
26600 72
26601 94
26602 102
26603 101
26604 125
26605 132
26606 74
26607 98
26608 92
26609 87
26610 96
26611 96
26612 90
26613 85
26614 93
26615 90
26616 83
26617 81
26618 75
26619 77
26620 102
26621 114
26622 108
26623 113
26624 130
26625 123
26626 113
26627 124
26628 125
26629 93
26630 100
26631 91
26632 94
26633 98
26634 100
26635 92
26636 93
26637 89
26638 93
26639 98
26640 90
26641 93
26642 79
26643 72
26644 86
26645 105
26646 103
26647 121
26648 114
26649 134
26650 65
26651 66
26652 78
26653 83
26654 96
26655 104
26656 85
26657 106
26658 126
26659 136
26660 135
26661 145
26662 166
26663 138
26664 117
26665 101
26666 97
26667 100
26668 96
26669 92
26670 110
26671 118
26672 112
26673 68
26674 83
26675 64
26676 65
26677 73
26678 76
26679 92
26680 113
26681 105
26682 119
26683 133
26684 86
26685 102
26686 95
26687 94
26688 89
26689 108
26690 121
26691 123
26692 110
26693 106
26694 130
26695 151
26696 89
26697 103
26698 100
26699 92
26700 98
26701 97
26702 87
26703 107
26704 92
26705 101
26706 110
26707 108
26708 115
26709 107
26710 104
26711 87
26712 85
26713 98
26714 90
26715 99
26716 113
26717 120
26718 100
26719 75
26720 66
26721 57
26722 71
26723 86
26724 76
26725 75
26726 65
26727 63
26728 61
26729 74
26730 94
26731 102
26732 111
26733 114
26734 107
26735 117
26736 74
26737 92
26738 97
26739 92
26740 111
26741 116
26742 97
26743 114
26744 75
26745 21
26746 38
26747 47
26748 37
26749 40
26750 42
26751 65
26752 57
26753 75
26754 74
26755 90
26756 84
26757 78
26758 81
26759 104
26760 112
26761 104
26762 63
26763 74
26764 94
26765 116
26766 47
26767 38
26768 56
26769 69
26770 70
26771 78
26772 97
26773 88
26774 105
26775 116
26776 126
26777 149
26778 95
26779 112
26780 102
26781 125
26782 105
26783 107
26784 100
26785 119
26786 137
26787 143
26788 165
26789 172
26790 117
26791 98
26792 103
26793 96
26794 87
26795 104
26796 63
26797 62
26798 74
26799 67
26800 77
26801 90
26802 104
26803 124
26804 58
26805 78
26806 95
26807 111
26808 80
26809 83
26810 84
26811 80
26812 97
26813 83
26814 85
26815 101
26816 100
26817 76
26818 73
26819 81
26820 106
26821 60
26822 85
26823 75
26824 68
26825 88
26826 97
26827 89
26828 76
26829 70
26830 51
26831 55
26832 59
26833 52
26834 64
26835 72
26836 63
26837 71
26838 65
26839 76
26840 85
26841 75
26842 78
26843 88
26844 34
26845 27
26846 28
26847 26
26848 51
26849 54
26850 56
26851 50
26852 45
26853 69
26854 59
26855 51
26856 56
26857 49
26858 40
26859 45
26860 60
26861 73
26862 75
26863 69
26864 94
26865 108
26866 119
26867 109
26868 117
26869 140
26870 149
26871 171
26872 166
26873 172
26874 192
26875 201
26876 79
26877 81
26878 97
26879 81
26880 88
26881 113
26882 102
26883 101
26884 98
26885 88
26886 113
26887 103
26888 38
26889 61
26890 67
26891 71
26892 79
26893 101
26894 120
26895 60
26896 65
26897 60
26898 66
26899 58
26900 54
26901 51
26902 65
26903 71
26904 80
26905 99
26906 119
26907 113
26908 104
26909 120
26910 122
26911 124
26912 114
26913 125
26914 134
26915 134
26916 63
26917 59
26918 73
26919 70
26920 89
26921 84
26922 109
26923 130
26924 74
26925 74
26926 65
26927 78
26928 75
26929 87
26930 92
26931 84
26932 106
26933 107
26934 125
26935 123
26936 98
26937 101
26938 123
26939 133
26940 109
26941 104
26942 98
26943 104
26944 113
26945 112
26946 89
26947 104
26948 105
26949 78
26950 91
26951 114
26952 105
26953 117
26954 107
26955 97
26956 94
26957 104
26958 123
26959 96
26960 105
26961 98
26962 112
26963 132
26964 133
26965 69
26966 82
26967 97
26968 118
26969 110
26970 125
26971 127
26972 121
26973 140
26974 112
26975 66
26976 78
26977 87
26978 85
26979 91
26980 95
26981 86
26982 99
26983 93
26984 103
26985 94
26986 58
26987 68
26988 77
26989 69
26990 85
26991 109
26992 99
26993 100
26994 99
26995 91
26996 97
26997 99
26998 105
26999 102
27000 92
27001 94
27002 84
27003 77
27004 100
27005 112
27006 114
27007 51
27008 71
27009 67
27010 86
27011 101
27012 113
27013 104
27014 103
27015 90
27016 95
27017 92
27018 116
27019 106
27020 110
27021 127
27022 104
27023 127
27024 118
27025 139
27026 150
27027 133
27028 134
27029 151
27030 132
27031 152
27032 151
27033 153
27034 143
27035 141
27036 148
27037 165
27038 176
27039 180
27040 121
27041 120
27042 123
27043 116
27044 126
27045 125
27046 126
27047 129
27048 140
27049 58
27050 52
27051 51
27052 49
27053 43
27054 66
27055 65
27056 73
27057 89
27058 82
27059 72
27060 68
27061 86
27062 93
27063 96
27064 92
27065 103
27066 113
27067 71
27068 66
27069 62
27070 72
27071 70
27072 61
27073 52
27074 56
27075 81
27076 104
27077 117
27078 99
27079 118
27080 138
27081 130
27082 126
27083 150
27084 124
27085 140
27086 138
27087 157
27088 160
27089 178
27090 190
27091 192
27092 212
27093 121
27094 138
27095 140
27096 158
27097 102
27098 110
27099 119
27100 115
27101 81
27102 75
27103 96
27104 103
27105 106
27106 112
27107 117
27108 133
27109 136
27110 153
27111 89
27112 104
27113 100
27114 113
27115 131
27116 143
27117 140
27118 129
27119 133
27120 120
27121 138
27122 107
27123 99
27124 91
27125 82
27126 80
27127 83
27128 67
27129 81
27130 87
27131 107
27132 66
27133 67
27134 62
27135 80
27136 97
27137 117
27138 133
27139 117
27140 62
27141 67
27142 78
27143 97
27144 107
27145 68
27146 83
27147 84
27148 87
27149 81
27150 84
27151 90
27152 63
27153 84
27154 108
27155 106
27156 108
27157 104
27158 99
27159 122
27160 115
27161 117
27162 107
27163 111
27164 116
27165 63
27166 88
27167 100
27168 124
27169 108
27170 129
27171 135
27172 147
27173 171
27174 151
27175 107
27176 65
27177 56
27178 63
27179 69
27180 79
27181 92
27182 102
27183 122
27184 123
27185 121
27186 114
27187 127
27188 125
27189 100
27190 111
27191 76
27192 81
27193 77
27194 85
27195 83
27196 73
27197 87
27198 104
27199 108
27200 98
27201 93
27202 110
27203 132
27204 156
27205 136
27206 103
27207 119
27208 27
27209 29
27210 30
27211 47
27212 39
27213 30
27214 29
27215 42
27216 33
27217 50
27218 56
27219 46
27220 70
27221 73
27222 96
27223 94
27224 99
27225 105
27226 99
27227 89
27228 108
27229 123
27230 130
27231 88
27232 89
27233 96
27234 74
27235 65
27236 66
27237 77
27238 74
27239 91
27240 99
27241 104
27242 107
27243 106
27244 117
27245 110
27246 95
27247 83
27248 82
27249 75
27250 97
27251 87
27252 109
27253 120
27254 99
27255 100
27256 83
27257 75
27258 87
27259 88
27260 109
27261 114
27262 107
27263 101
27264 103
27265 102
27266 109
27267 132
27268 133
27269 123
27270 140
27271 131
27272 95
27273 115
27274 124
27275 142
27276 135
27277 141
27278 149
27279 165
27280 137
27281 129
27282 54
27283 71
27284 77
27285 93
27286 107
27287 98
27288 64
27289 80
27290 99
27291 111
27292 128
27293 140
27294 134
27295 144
27296 70
27297 83
27298 76
27299 77
27300 70
27301 79
27302 103
27303 105
27304 113
27305 93
27306 107
27307 123
27308 77
27309 87
27310 109
27311 114
27312 104
27313 128
27314 141
27315 151
27316 146
27317 147
27318 152
27319 114
27320 110
27321 127
27322 124
27323 99
27324 111
27325 109
27326 130
27327 139
27328 117
27329 125
27330 122
27331 112
27332 103
27333 106
27334 130
27335 132
27336 99
27337 114
27338 115
27339 121
27340 83
27341 93
27342 85
27343 84
27344 94
27345 119
27346 141
27347 119
27348 112
27349 136
27350 123
27351 124
27352 68
27353 77
27354 95
27355 112
27356 119
27357 120
27358 144
27359 139
27360 129
27361 117
27362 116
27363 132
27364 156
27365 159
27366 49
27367 44
27368 49
27369 73
27370 85
27371 95
27372 95
27373 91
27374 108
27375 55
27376 49
27377 58
27378 53
27379 45
27380 61
27381 77
27382 76
27383 97
27384 110
27385 113
27386 97
27387 118
27388 103
27389 122
27390 143
27391 162
27392 71
27393 86
27394 110
27395 120
27396 141
27397 95
27398 87
27399 103
27400 120
27401 117
27402 127
27403 129
27404 132
27405 157
27406 53
27407 59
27408 53
27409 74
27410 66
27411 73
27412 98
27413 111
27414 105
27415 116
27416 85
27417 76
27418 68
27419 71
27420 62
27421 77
27422 72
27423 89
27424 91
27425 92
27426 85
27427 107
27428 105
27429 116
27430 138
27431 157
27432 51
27433 42
27434 64
27435 84
27436 105
27437 128
27438 153
27439 154
27440 94
27441 113
27442 132
27443 122
27444 142
27445 148
27446 173
27447 116
27448 113
27449 54
27450 44
27451 47
27452 43
27453 58
27454 53
27455 56
27456 65
27457 25
27458 30
27459 54
27460 25
27461 44
27462 68
27463 64
27464 77
27465 102
27466 92
27467 59
27468 75
27469 85
27470 88
27471 91
27472 108
27473 109
27474 114
27475 111
27476 132
27477 125
27478 100
27479 101
27480 118
27481 93
27482 110
27483 128
27484 138
27485 149
27486 152
27487 158
27488 161
27489 185
27490 75
27491 68
27492 70
27493 72
27494 74
27495 85
27496 102
27497 99
27498 119
27499 114
27500 136
27501 138
27502 139
27503 136
27504 149
27505 164
27506 67
27507 70
27508 84
27509 87
27510 103
27511 121
27512 69
27513 89
27514 82
27515 86
27516 84
27517 78
27518 80
27519 37
27520 48
27521 38
27522 32
27523 57
27524 67
27525 59
27526 58
27527 70
27528 87
27529 88
27530 99
27531 113
27532 116
27533 133
27534 99
27535 111
27536 112
27537 105
27538 54
27539 51
27540 54
27541 75
27542 77
27543 83
27544 92
27545 92
27546 82
27547 72
27548 97
27549 98
27550 92
27551 105
27552 97
27553 112
27554 122
27555 112
27556 123
27557 120
27558 127
27559 151
27560 157
27561 122
27562 131
27563 37
27564 33
27565 43
27566 47
27567 40
27568 41
27569 54
27570 63
27571 88
27572 70
27573 90
27574 94
27575 83
27576 94
27577 88
27578 94
27579 102
27580 113
27581 122
27582 107
27583 101
27584 93
27585 108
27586 111
27587 101
27588 91
27589 115
27590 128
27591 121
27592 45
27593 42
27594 51
27595 47
27596 50
27597 41
27598 55
27599 75
27600 92
27601 91
27602 60
27603 54
27604 61
27605 78
27606 81
27607 97
27608 105
27609 103
27610 101
27611 60
27612 55
27613 78
27614 99
27615 97
27616 106
27617 76
27618 92
27619 94
27620 116
27621 140
27622 134
27623 36
27624 31
27625 56
27626 63
27627 69
27628 84
27629 85
27630 81
27631 92
27632 93
27633 76
27634 77
27635 92
27636 110
27637 129
27638 66
27639 62
27640 63
27641 61
27642 66
27643 91
27644 98
27645 102
27646 104
27647 125
27648 109
27649 110
27650 101
27651 105
27652 123
27653 99
27654 53
27655 46
27656 60
27657 61
27658 51
27659 53
27660 51
27661 40
27662 46
27663 48
27664 47
27665 55
27666 70
27667 41
27668 59
27669 72
27670 84
27671 67
27672 68
27673 69
27674 68
27675 73
27676 65
27677 58
27678 61
27679 53
27680 66
27681 87
27682 94
27683 109
27684 133
27685 128
27686 136
27687 110
27688 118
27689 138
27690 152
27691 127
27692 141
27693 100
27694 91
27695 97
27696 93
27697 97
27698 99
27699 94
27700 115
27701 140
27702 132
27703 151
27704 143
27705 135
27706 99
27707 85
27708 103
27709 69
27710 63
27711 64
27712 87
27713 98
27714 78
27715 94
27716 58
27717 36
27718 45
27719 65
27720 60
27721 73
27722 90
27723 81
27724 83
27725 103
27726 101
27727 118
27728 140
27729 141
27730 137
27731 132
27732 131
27733 147
27734 160
27735 53
27736 43
27737 48
27738 72
27739 73
27740 71
27741 72
27742 74
27743 69
27744 61
27745 66
27746 70
27747 80
27748 93
27749 74
27750 79
27751 77
27752 78
27753 70
27754 91
27755 81
27756 82
27757 35
27758 53
27759 73
27760 67
27761 81
27762 102
27763 117
27764 135
27765 115
27766 111
27767 129
27768 147
27769 137
27770 140
27771 130
27772 120
27773 123
27774 129
27775 142
27776 136
27777 115
27778 139
27779 133
27780 49
27781 39
27782 44
27783 38
27784 54
27785 44
27786 40
27787 54
27788 44
27789 68
27790 82
27791 90
27792 94
27793 88
27794 82
27795 101
27796 91
27797 92
27798 96
27799 118
27800 92
27801 116
27802 107
27803 98
27804 102
27805 100
27806 104
27807 111
27808 121
27809 66
27810 73
27811 56
27812 79
27813 91
27814 94
27815 85
27816 79
27817 97
27818 57
27819 76
27820 83
27821 85
27822 98
27823 108
27824 114
27825 121
27826 55
27827 45
27828 64
27829 82
27830 73
27831 89
27832 61
27833 52
27834 50
27835 44
27836 57
27837 60
27838 68
27839 78
27840 70
27841 72
27842 79
27843 100
27844 119
27845 120
27846 142
27847 133
27848 136
27849 128
27850 125
27851 145
27852 160
27853 161
27854 127
27855 95
27856 110
27857 116
27858 127
27859 137
27860 138
27861 139
27862 89
27863 101
27864 125
27865 120
27866 129
27867 147
27868 152
27869 160
27870 167
27871 172
27872 170
27873 124
27874 134
27875 113
27876 138
27877 155
27878 144
27879 130
27880 102
27881 92
27882 64
27883 81
27884 96
27885 114
27886 106
27887 82
27888 101
27889 121
27890 106
27891 100
27892 108
27893 111
27894 76
27895 95
27896 113
27897 130
27898 56
27899 46
27900 38
27901 54
27902 65
27903 61
27904 75
27905 100
27906 101
27907 108
27908 101
27909 53
27910 76
27911 71
27912 91
27913 96
27914 89
27915 92
27916 83
27917 100
27918 106
27919 111
27920 108
27921 98
27922 89
27923 110
27924 107
27925 114
27926 107
27927 126
27928 143
27929 93
27930 85
27931 103
27932 106
27933 126
27934 98
27935 120
27936 125
27937 128
27938 152
27939 176
27940 76
27941 84
27942 73
27943 71
27944 65
27945 79
27946 71
27947 78
27948 76
27949 77
27950 88
27951 85
27952 76
27953 66
27954 69
27955 61
27956 68
27957 87
27958 83
27959 104
27960 107
27961 100
27962 107
27963 121
27964 118
27965 114
27966 117
27967 53
27968 70
27969 78
27970 85
27971 52
27972 64
27973 77
27974 100
27975 101
27976 113
27977 80
27978 77
27979 99
27980 93
27981 93
27982 87
27983 78
27984 88
27985 94
27986 100
27987 98
27988 78
27989 85
27990 109
27991 125
27992 118
27993 138
27994 139
27995 163
27996 168
27997 182
27998 148
27999 103
28000 101
28001 125
28002 119
28003 120
28004 134
28005 152
28006 117
28007 122
28008 130
28009 139
28010 141
28011 148
28012 104
28013 94
28014 88
28015 60
28016 61
28017 70
28018 68
28019 67
28020 82
28021 87
28022 97
28023 109
28024 118
28025 112
28026 106
28027 83
28028 77
28029 93
28030 85
28031 84
28032 104
28033 83
28034 86
28035 84
28036 94
28037 93
28038 101
28039 123
28040 58
28041 52
28042 54
28043 70
28044 95
28045 94
28046 110
28047 104
28048 50
28049 65
28050 81
28051 73
28052 89
28053 35
28054 54
28055 52
28056 47
28057 71
28058 75
28059 82
28060 76
28061 75
28062 67
28063 47
28064 52
28065 44
28066 65
28067 75
28068 65
28069 61
28070 78
28071 80
28072 72
28073 81
28074 79
28075 85
28076 76
28077 80
28078 84
28079 94
28080 98
28081 101
28082 113
28083 93
28084 85
28085 110
28086 98
28087 70
28088 95
28089 88
28090 94
28091 101
28092 117
28093 105
28094 100
28095 80
28096 78
28097 87
28098 105
28099 96
28100 84
28101 90
28102 76
28103 80
28104 81
28105 84
28106 104
28107 111
28108 114
28109 133
28110 145
28111 137
28112 158
28113 95
28114 90
28115 110
28116 105
28117 111
28118 136
28119 147
28120 69
28121 81
28122 106
28123 114
28124 72
28125 92
28126 108
28127 113
28128 117
28129 140
28130 141
28131 145
28132 164
28133 122
28134 130
28135 133
28136 116
28137 83
28138 76
28139 96
28140 98
28141 122
28142 71
28143 87
28144 105
28145 118
28146 126
28147 143
28148 67
28149 88
28150 107
28151 40
28152 41
28153 39
28154 38
28155 62
28156 76
28157 96
28158 107
28159 110
28160 115
28161 99
28162 110
28163 129
28164 140
28165 92
28166 103
28167 72
28168 64
28169 78
28170 102
28171 1
28172 -2
28173 5
28174 21
28175 35
28176 28
28177 51
28178 57
28179 49
28180 42
28181 47
28182 60
28183 57
28184 60
28185 55
28186 47
28187 55
28188 66
28189 56
28190 69
28191 83
28192 84
28193 90
28194 106
28195 78
28196 85
28197 84
28198 77
28199 93
28200 94
28201 100
28202 123
28203 124
28204 129
28205 136
28206 152
28207 92
28208 84
28209 74
28210 70
28211 93
28212 97
28213 99
28214 93
28215 74
28216 89
28217 106
28218 115
28219 106
28220 93
28221 97
28222 52
28223 45
28224 43
28225 35
28226 36
28227 37
28228 41
28229 46
28230 38
28231 32
28232 30
28233 39
28234 60
28235 61
28236 74
28237 77
28238 88
28239 80
28240 91
28241 95
28242 104
28243 103
28244 101
28245 91
28246 82
28247 79
28248 80
28249 99
28250 105
28251 103
28252 114
28253 105
28254 95
28255 120
28256 137
28257 131
28258 120
28259 112
28260 119
28261 127
28262 145
28263 148
28264 139
28265 110
28266 100
28267 117
28268 119
28269 68
28270 84
28271 95
28272 116
28273 137
28274 154
28275 32
28276 54
28277 49
28278 52
28279 70
28280 95
28281 87
28282 90
28283 77
28284 22
28285 19
28286 38
28287 35
28288 25
28289 48
28290 73
28291 98
28292 111
28293 109
28294 82
28295 84
28296 95
28297 96
28298 99
28299 112
28300 119
28301 127
28302 114
28303 106
28304 60
28305 73
28306 79
28307 57
28308 50
28309 50
28310 45
28311 37
28312 38
28313 39
28314 32
28315 30
28316 50
28317 56
28318 76
28319 77
28320 78
28321 77
28322 100
28323 123
28324 147
28325 92
28326 89
28327 85
28328 78
28329 88
28330 113
28331 70
28332 88
28333 70
28334 65
28335 85
28336 101
28337 103
28338 76
28339 86
28340 100
28341 102
28342 61
28343 66
28344 73
28345 70
28346 71
28347 73
28348 78
28349 71
28350 82
28351 89
28352 93
28353 105
28354 57
28355 66
28356 87
28357 91
28358 104
28359 126
28360 150
28361 170
28362 193
28363 86
28364 87
28365 92
28366 85
28367 99
28368 90
28369 98
28370 92
28371 98
28372 110
28373 110
28374 122
28375 106
28376 105
28377 127
28378 143
28379 131
28380 123
28381 124
28382 141
28383 38
28384 35
28385 53
28386 69
28387 74
28388 71
28389 65
28390 69
28391 89
28392 97
28393 104
28394 94
28395 96
28396 116
28397 98
28398 45
28399 65
28400 76
28401 69
28402 59
28403 58
28404 50
28405 58
28406 68
28407 65
28408 58
28409 50
28410 54
28411 55
28412 65
28413 76
28414 86
28415 87
28416 81
28417 74
28418 91
28419 37
28420 51
28421 42
28422 52
28423 62
28424 69
28425 78
28426 103
28427 122
28428 87
28429 89
28430 102
28431 96
28432 104
28433 71
28434 70
28435 85
28436 103
28437 104
28438 127
28439 118
28440 131
28441 149
28442 174
28443 128
28444 149
28445 51
28446 43
28447 48
28448 47
28449 56
28450 50
28451 43
28452 37
28453 52
28454 57
28455 72
28456 93
28457 100
28458 63
28459 55
28460 62
28461 85
28462 95
28463 90
28464 107
28465 77
28466 91
28467 105
28468 102
28469 26
28470 21
28471 42
28472 53
28473 60
28474 55
28475 57
28476 79
28477 76
28478 77
28479 97
28480 104
28481 111
28482 114
28483 96
28484 103
28485 78
28486 99
28487 89
28488 102
28489 108
28490 102
28491 115
28492 133
28493 74
28494 85
28495 39
28496 58
28497 63
28498 79
28499 75
28500 85
28501 29
28502 48
28503 49
28504 62
28505 80
28506 105
28507 130
28508 121
28509 117
28510 87
28511 83
28512 101
28513 108
28514 105
28515 107
28516 113
28517 133
28518 18
28519 24
28520 18
28521 21
28522 12
28523 26
28524 44
28525 47
28526 59
28527 58
28528 55
28529 66
28530 76
28531 82
28532 72
28533 89
28534 97
28535 113
28536 116
28537 122
28538 121
28539 115
28540 113
28541 125
28542 120
28543 121
28544 95
28545 103
28546 78
28547 86
28548 81
28549 82
28550 73
28551 90
28552 95
28553 88
28554 109
28555 101
28556 102
28557 70
28558 89
28559 108
28560 105
28561 106
28562 102
28563 114
28564 91
28565 81
28566 102
28567 101
28568 106
28569 60
28570 66
28571 73
28572 68
28573 76
28574 86
28575 92
28576 87
28577 100
28578 112
28579 129
28580 101
28581 103
28582 120
28583 104
28584 50
28585 65
28586 78
28587 89
28588 100
28589 109
28590 113
28591 87
28592 94
28593 79
28594 84
28595 76
28596 74
28597 96
28598 78
28599 102
28600 111
28601 108
28602 109
28603 109
28604 106
28605 127
28606 144
28607 143
28608 147
28609 132
28610 142
28611 158
28612 141
28613 164
28614 101
28615 97
28616 110
28617 133
28618 85
28619 105
28620 100
28621 117
28622 48
28623 72
28624 96
28625 98
28626 99
28627 107
28628 100
28629 103
28630 85
28631 83
28632 106
28633 115
28634 113
28635 63
28636 55
28637 71
28638 91
28639 110
28640 114
28641 130
28642 141
28643 54
28644 48
28645 56
28646 57
28647 73
28648 71
28649 62
28650 59
28651 64
28652 69
28653 94
28654 19
28655 14
28656 39
28657 55
28658 50
28659 54
28660 70
28661 67
28662 84
28663 109
28664 123
28665 64
28666 57
28667 53
28668 46
28669 67
28670 73
28671 81
28672 84
28673 76
28674 83
28675 73
28676 29
28677 39
28678 51
28679 69
28680 82
28681 90
28682 113
28683 107
28684 106
28685 57
28686 53
28687 55
28688 33
28689 43
28690 41
28691 40
28692 31
28693 41
28694 66
28695 59
28696 53
28697 50
28698 49
28699 50
28700 53
28701 76
28702 72
28703 84
28704 82
28705 105
28706 120
28707 93
28708 74
28709 71
28710 74
28711 86
28712 102
28713 123
28714 125
28715 31
28716 24
28717 47
28718 58
28719 51
28720 48
28721 49
28722 71
28723 67
28724 81
28725 82
28726 85
28727 108
28728 121
28729 56
28730 64
28731 79
28732 80
28733 100
28734 98
28735 115
28736 93
28737 100
28738 88
28739 107
28740 117
28741 78
28742 81
28743 72
28744 63
28745 62
28746 80
28747 84
28748 102
28749 96
28750 111
28751 74
28752 69
28753 88
28754 85
28755 82
28756 97
28757 117
28758 129
28759 70
28760 71
28761 64
28762 68
28763 81
28764 82
28765 83
28766 76
28767 85
28768 100
28769 111
28770 104
28771 129
28772 148
28773 138
28774 50
28775 51
28776 60
28777 71
28778 47
28779 55
28780 74
28781 86
28782 77
28783 90
28784 109
28785 84
28786 75
28787 66
28788 84
28789 78
28790 69
28791 80
28792 102
28793 87
28794 63
28795 60
28796 52
28797 48
28798 61
28799 56
28800 62
28801 68
28802 59
28803 83
28804 104
28805 102
28806 40
28807 48
28808 62
28809 67
28810 81
28811 76
28812 75
28813 99
28814 95
28815 86
28816 101
28817 117
28818 132
28819 102
28820 110
28821 113
28822 74
28823 98
28824 99
28825 114
28826 128
28827 36
28828 46
28829 61
28830 62
28831 78
28832 85
28833 87
28834 94
28835 97
28836 87
28837 110
28838 111
28839 85
28840 78
28841 82
28842 87
28843 67
28844 63
28845 88
28846 110
28847 102
28848 40
28849 64
28850 57
28851 59
28852 77
28853 71
28854 90
28855 85
28856 94
28857 95
28858 73
28859 81
28860 82
28861 61
28862 82
28863 91
28864 101
28865 98
28866 113
28867 118
28868 117
28869 111
28870 99
28871 78
28872 75
28873 100
28874 101
28875 123
28876 131
28877 150
28878 149
28879 166
28880 146
28881 136
28882 105
28883 103
28884 104
28885 89
28886 114
28887 129
28888 128
28889 153
28890 80
28891 88
28892 82
28893 73
28894 93
28895 105
28896 99
28897 94
28898 110
28899 109
28900 97
28901 98
28902 115
28903 48
28904 43
28905 57
28906 58
28907 67
28908 80
28909 90
28910 112
28911 109
28912 112
28913 119
28914 90
28915 53
28916 56
28917 59
28918 68
28919 69
28920 70
28921 71
28922 72
28923 80
28924 96
28925 95
28926 103
28927 96
28928 97
28929 101
28930 96
28931 88
28932 99
28933 106
28934 85
28935 75
28936 95
28937 107
28938 116
28939 123
28940 75
28941 66
28942 69
28943 62
28944 60
28945 85
28946 104
28947 96
28948 65
28949 67
28950 90
28951 102
28952 95
28953 117
28954 45
28955 64
28956 87
28957 105
28958 36
28959 44
28960 58
28961 65
28962 86
28963 76
28964 66
28965 90
28966 104
28967 120
28968 121
28969 81
28970 66
28971 70
28972 90
28973 83
28974 66
28975 82
28976 107
28977 122
28978 125
28979 120
28980 53
28981 76
28982 75
28983 88
28984 105
28985 96
28986 89
28987 85
28988 76
28989 97
28990 81
28991 93
28992 89
28993 111
28994 126
28995 103
28996 80
28997 81
28998 87
28999 23
29000 42
29001 59
29002 79
29003 63
29004 58
29005 64
29006 63
29007 72
29008 73
29009 68
29010 87
29011 99
29012 111
29013 105
29014 114
29015 113
29016 133
29017 109
29018 73
29019 82
29020 50
29021 51
29022 71
29023 65
29024 79
29025 71
29026 96
29027 97
29028 82
29029 85
29030 55
29031 73
29032 88
29033 99
29034 108
29035 106
29036 40
29037 65
29038 79
29039 51
29040 58
29041 48
29042 40
29043 65
29044 90
29045 103
29046 122
29047 133
29048 131
29049 143
29050 75
29051 83
29052 94
29053 116
29054 101
29055 114
29056 134
29057 127
29058 134
29059 148
29060 143
29061 31
29062 40
29063 46
29064 45
29065 61
29066 54
29067 46
29068 40
29069 62
29070 61
29071 77
29072 83
29073 88
29074 113
29075 110
29076 114
29077 131
29078 76
29079 66
29080 87
29081 92
29082 100
29083 99
29084 120
29085 144
29086 108
29087 111
29088 107
29089 124
29090 140
29091 141
29092 86
29093 95
29094 94
29095 103
29096 120
29097 133
29098 123
29099 147
29100 108
29101 113
29102 129
29103 122
29104 119
29105 133
29106 144
29107 146
29108 31
29109 22
29110 47
29111 43
29112 42
29113 39
29114 32
29115 56
29116 79
29117 78
29118 90
29119 38
29120 37
29121 39
29122 41
29123 42
29124 65
29125 57
29126 55
29127 76
29128 75
29129 67
29130 70
29131 77
29132 102
29133 93
29134 99
29135 103
29136 97
29137 82
29138 87
29139 96
29140 99
29141 112
29142 114
29143 104
29144 110
29145 106
29146 123
29147 131
29148 141
29149 92
29150 86
29151 83
29152 46
29153 64
29154 86
29155 95
29156 91
29157 89
29158 94
29159 84
29160 103
29161 72
29162 70
29163 64
29164 74
29165 97
29166 72
29167 68
29168 61
29169 59
29170 66
29171 85
29172 92
29173 114
29174 136
29175 139
29176 160
29177 151
29178 111
29179 94
29180 85
29181 67
29182 64
29183 68
29184 60
29185 64
29186 69
29187 35
29188 28
29189 47
29190 62
29191 61
29192 57
29193 53
29194 68
29195 80
29196 88
29197 93
29198 105
29199 91
29200 103
29201 104
29202 119
29203 109
29204 131
29205 143
29206 107
29207 109
29208 57
29209 71
29210 80
29211 87
29212 77
29213 84
29214 108
29215 128
29216 103
29217 112
29218 80
29219 91
29220 97
29221 118
29222 88
29223 69
29224 91
29225 90
29226 110
29227 57
29228 56
29229 55
29230 52
29231 49
29232 68
29233 47
29234 47
29235 39
29236 48
29237 64
29238 85
29239 99
29240 46
29241 38
29242 29
29243 24
29244 19
29245 39
29246 59
29247 83
29248 84
29249 79
29250 72
29251 80
29252 95
29253 102
29254 102
29255 94
29256 107
29257 116
29258 140
29259 77
29260 86
29261 96
29262 105
29263 114
29264 57
29265 64
29266 68
29267 60
29268 64
29269 55
29270 51
29271 43
29272 41
29273 54
29274 60
29275 61
29276 51
29277 54
29278 55
29279 61
29280 62
29281 84
29282 89
29283 54
29284 76
29285 37
29286 29
29287 34
29288 40
29289 46
29290 57
29291 48
29292 40
29293 43
29294 59
29295 73
29296 63
29297 72
29298 70
29299 71
29300 86
29301 76
29302 44
29303 50
29304 54
29305 67
29306 71
29307 89
29308 85
29309 80
29310 83
29311 49
29312 57
29313 64
29314 77
29315 68
29316 64
29317 66
29318 28
29319 36
29320 34
29321 49
29322 73
29323 89
29324 85
29325 83
29326 77
29327 89
29328 76
29329 75
29330 64
29331 55
29332 56
29333 59
29334 58
29335 81
29336 90
29337 109
29338 121
29339 62
29340 84
29341 61
29342 65
29343 34
29344 33
29345 48
29346 45
29347 40
29348 62
29349 63
29350 70
29351 93
29352 102
29353 119
29354 84
29355 89
29356 94
29357 97
29358 60
29359 64
29360 65
29361 67
29362 87
29363 85
29364 86
29365 110
29366 104
29367 83
29368 88
29369 98
29370 92
29371 110
29372 86
29373 81
29374 86
29375 110
29376 76
29377 100
29378 92
29379 82
29380 85
29381 93
29382 84
29383 100
29384 120
29385 113
29386 100
29387 116
29388 109
29389 37
29390 27
29391 30
29392 37
29393 36
29394 53
29395 66
29396 74
29397 60
29398 65
29399 58
29400 72
29401 82
29402 83
29403 95
29404 115
29405 109
29406 82
29407 77
29408 85
29409 109
29410 108
29411 68
29412 60
29413 56
29414 71
29415 82
29416 50
29417 59
29418 72
29419 93
29420 72
29421 92
29422 58
29423 62
29424 61
29425 66
29426 88
29427 99
29428 90
29429 81
29430 83
29431 48
29432 50
29433 44
29434 45
29435 37
29436 31
29437 43
29438 44
29439 35
29440 30
29441 48
29442 40
29443 52
29444 54
29445 62
29446 68
29447 87
29448 95
29449 89
29450 85
29451 109
29452 127
29453 152
29454 128
29455 121
29456 104
29457 120
29458 131
29459 122
29460 75
29461 76
29462 58
29463 57
29464 79
29465 93
29466 94
29467 119
29468 77
29469 81
29470 101
29471 115
29472 140
29473 73
29474 40
29475 31
29476 52
29477 73
29478 78
29479 97
29480 87
29481 92
29482 112
29483 119
29484 144
29485 113
29486 127
29487 144
29488 136
29489 137
29490 50
29491 75
29492 95
29493 68
29494 59
29495 58
29496 74
29497 68
29498 64
29499 54
29500 45
29501 39
29502 32
29503 53
29504 54
29505 45
29506 58
29507 75
29508 97
29509 87
29510 79
29511 74
29512 75
29513 90
29514 100
29515 54
29516 78
29517 71
29518 81
29519 95
29520 93
29521 94
29522 110
29523 103
29524 100
29525 95
29526 49
29527 50
29528 43
29529 35
29530 45
29531 63
29532 80
29533 96
29534 114
29535 115
29536 112
29537 125
29538 141
29539 143
29540 109
29541 110
29542 63
29543 60
29544 61
29545 76
29546 84
29547 85
29548 86
29549 79
29550 90
29551 80
29552 62
29553 67
29554 83
29555 22
29556 38
29557 41
29558 33
29559 30
29560 52
29561 54
29562 69
29563 70
29564 61
29565 81
29566 67
29567 70
29568 62
29569 53
29570 61
29571 66
29572 71
29573 66
29574 56
29575 46
29576 62
29577 53
29578 73
29579 85
29580 106
29581 113
29582 122
29583 145
29584 99
29585 103
29586 51
29587 75
29588 90
29589 42
29590 48
29591 62
29592 80
29593 92
29594 104
29595 110
29596 59
29597 54
29598 47
29599 60
29600 54
29601 68
29602 71
29603 72
29604 77
29605 69
29606 77
29607 102
29608 96
29609 102
29610 50
29611 49
29612 40
29613 32
29614 51
29615 72
29616 90
29617 109
29618 106
29619 109
29620 129
29621 131
29622 144
29623 51
29624 71
29625 67
29626 77
29627 81
29628 73
29629 63
29630 10
29631 13
29632 7
29633 27
29634 48
29635 70
29636 90
29637 102
29638 114
29639 130
29640 121
29641 132
29642 141
29643 132
29644 86
29645 70
29646 82
29647 100
29648 95
29649 34
29650 24
29651 16
29652 7
29653 9
29654 22
29655 25
29656 36
29657 39
29658 62
29659 53
29660 57
29661 58
29662 68
29663 65
29664 78
29665 82
29666 43
29667 37
29668 34
29669 44
29670 54
29671 45
29672 51
29673 60
29674 64
29675 53
29676 76
29677 95
29678 102
29679 120
29680 126
29681 101
29682 45
29683 60
29684 78
29685 73
29686 82
29687 97
29688 113
29689 47
29690 59
29691 74
29692 98
29693 102
29694 93
29695 85
29696 107
29697 50
29698 58
29699 53
29700 68
29701 89
29702 78
29703 69
29704 77
29705 78
29706 77
29707 88
29708 90
29709 87
29710 84
29711 78
29712 75
29713 93
29714 91
29715 98
29716 95
29717 96
29718 87
29719 107
29720 95
29721 105
29722 114
29723 53
29724 44
29725 47
29726 68
29727 54
29728 79
29729 89
29730 95
29731 107
29732 40
29733 63
29734 75
29735 88
29736 106
29737 96
29738 59
29739 56
29740 45
29741 60
29742 61
29743 51
29744 57
29745 58
29746 68
29747 88
29748 55
29749 56
29750 51
29751 55
29752 71
29753 66
29754 83
29755 56
29756 49
29757 66
29758 72
29759 89
29760 87
29761 111
29762 113
29763 112
29764 71
29765 89
29766 83
29767 100
29768 123
29769 126
29770 99
29771 102
29772 82
29773 101
29774 120
29775 109
29776 116
29777 126
29778 121
29779 103
29780 111
29781 133
29782 130
29783 68
29784 59
29785 53
29786 64
29787 83
29788 93
29789 100
29790 121
29791 109
29792 123
29793 133
29794 122
29795 62
29796 54
29797 53
29798 51
29799 50
29800 56
29801 76
29802 84
29803 85
29804 80
29805 99
29806 96
29807 112
29808 110
29809 104
29810 99
29811 113
29812 101
29813 41
29814 36
29815 42
29816 57
29817 58
29818 59
29819 84
29820 74
29821 72
29822 75
29823 80
29824 84
29825 82
29826 76
29827 94
29828 63
29829 66
29830 77
29831 83
29832 95
29833 88
29834 90
29835 94
29836 102
29837 89
29838 67
29839 68
29840 70
29841 64
29842 69
29843 61
29844 44
29845 50
29846 73
29847 74
29848 97
29849 89
29850 104
29851 105
29852 87
29853 107
29854 108
29855 84
29856 83
29857 78
29858 69
29859 61
29860 66
29861 69
29862 90
29863 84
29864 91
29865 104
29866 111
29867 123
29868 110
29869 35
29870 52
29871 77
29872 71
29873 67
29874 57
29875 59
29876 63
29877 88
29878 89
29879 93
29880 100
29881 121
29882 89
29883 79
29884 87
29885 96
29886 88
29887 82
29888 51
29889 69
29890 59
29891 66
29892 56
29893 70
29894 65
29895 69
29896 80
29897 92
29898 101
29899 111
29900 131
29901 139
29902 135
29903 98
29904 115
29905 48
29906 41
29907 60
29908 79
29909 69
29910 83
29911 92
29912 82
29913 90
29914 95
29915 114
29916 113
29917 127
29918 108
29919 104
29920 95
29921 89
29922 75
29923 60
29924 52
29925 55
29926 66
29927 73
29928 64
29929 82
29930 75
29931 74
29932 84
29933 74
29934 73
29935 76
29936 83
29937 90
29938 97
29939 118
29940 134
29941 129
29942 145
29943 73
29944 81
29945 89
29946 85
29947 102
29948 98
29949 118
29950 135
29951 151
29952 86
29953 110
29954 29
29955 25
29956 43
29957 59
29958 83
29959 95
29960 94
29961 88
29962 84
29963 100
29964 93
29965 60
29966 53
29967 50
29968 58
29969 57
29970 47
29971 49
29972 51
29973 44
29974 63
29975 84
29976 82
29977 106
29978 99
29979 106
29980 109
29981 107
29982 117
29983 37
29984 55
29985 56
29986 62
29987 78
29988 53
29989 67
29990 74
29991 95
29992 112
29993 129
29994 134
29995 136
29996 80
29997 89
29998 82
29999 77
30000 73
30001 74
30002 78
30003 79
30004 80
30005 49
30006 42
30007 50
30008 48
30009 72
30010 79
30011 52
30012 76
30013 77
30014 84
30015 99
30016 95
30017 99
30018 121
30019 118
30020 126
30021 135
30022 95
30023 106
30024 94
30025 89
30026 60
30027 64
30028 78
30029 103
30030 106
30031 108
30032 43
30033 65
30034 90
30035 93
30036 91
30037 84
30038 105
30039 107
30040 103
30041 98
30042 121
30043 116
30044 104
30045 63
30046 82
30047 83
30048 91
30049 68
30050 63
30051 73
30052 67
30053 78
30054 99
30055 96
30056 112
30057 57
30058 70
30059 78
30060 94
30061 46
30062 59
30063 69
30064 67
30065 62
30066 58
30067 63
30068 75
30069 91
30070 93
30071 112
30072 103
30073 51
30074 42
30075 45
30076 63
30077 78
30078 81
30079 82
30080 74
30081 89
30082 79
30083 100
30084 96
30085 99
30086 95
30087 90
30088 82
30089 87
30090 88
30091 77
30092 71
30093 87
30094 81
30095 104
30096 30
30097 35
30098 50
30099 65
30100 72
30101 74
30102 92
30103 112
30104 120
30105 128
30106 107
30107 68
30108 79
30109 72
30110 71
30111 31
30112 29
30113 39
30114 64
30115 62
30116 86
30117 85
30118 96
30119 100
30120 102
30121 57
30122 58
30123 78
30124 100
30125 77
30126 72
30127 88
30128 86
30129 81
30130 75
30131 94
30132 85
30133 98
30134 96
30135 63
30136 30
30137 50
30138 48
30139 50
30140 42
30141 48
30142 58
30143 67
30144 64
30145 58
30146 80
30147 79
30148 62
30149 68
30150 64
30151 57
30152 73
30153 96
30154 104
30155 102
30156 86
30157 108
30158 83
30159 78
30160 82
30161 74
30162 76
30163 91
30164 102
30165 98
30166 121
30167 66
30168 80
30169 72
30170 93
30171 88
30172 84
30173 108
30174 59
30175 65
30176 41
30177 65
30178 57
30179 75
30180 78
30181 93
30182 92
30183 106
30184 123
30185 119
30186 136
30187 96
30188 119
30189 141
30190 156
30191 56
30192 69
30193 83
30194 73
30195 75
30196 74
30197 55
30198 62
30199 65
30200 73
30201 72
30202 63
30203 55
30204 76
30205 59
30206 72
30207 84
30208 51
30209 47
30210 68
30211 71
30212 79
30213 94
30214 96
30215 117
30216 113
30217 107
30218 99
30219 87
30220 77
30221 92
30222 96
30223 118
30224 125
30225 126
30226 132
30227 57
30228 78
30229 92
30230 76
30231 72
30232 86
30233 77
30234 73
30235 74
30236 84
30237 74
30238 72
30239 66
30240 55
30241 59
30242 62
30243 73
30244 64
30245 73
30246 81
30247 62
30248 86
30249 107
30250 112
30251 64
30252 86
30253 93
30254 109
30255 61
30256 79
30257 90
30258 83
30259 73
30260 93
30261 101
30262 73
30263 83
30264 105
30265 102
30266 126
30267 128
30268 58
30269 77
30270 65
30271 77
30272 82
30273 92
30274 106
30275 84
30276 101
30277 56
30278 47
30279 38
30280 48
30281 66
30282 69
30283 61
30284 64
30285 60
30286 58
30287 48
30288 66
30289 57
30290 49
30291 57
30292 59
30293 62
30294 84
30295 91
30296 94
30297 86
30298 61
30299 57
30300 79
30301 77
30302 67
30303 71
30304 87
30305 99
30306 81
30307 80
30308 71
30309 80
30310 64
30311 61
30312 64
30313 79
30314 46
30315 36
30316 57
30317 68
30318 45
30319 46
30320 71
30321 85
30322 67
30323 44
30324 55
30325 77
30326 88
30327 80
30328 76
30329 98
30330 72
30331 83
30332 49
30333 40
30334 64
30335 75
30336 93
30337 83
30338 80
30339 97
30340 98
30341 59
30342 78
30343 72
30344 74
30345 66
30346 89
30347 108
30348 98
30349 103
30350 114
30351 136
30352 140
30353 86
30354 81
30355 71
30356 83
30357 103
30358 93
30359 90
30360 83
30361 106
30362 98
30363 88
30364 79
30365 70
30366 76
30367 86
30368 103
30369 115
30370 124
30371 106
30372 96
30373 92
30374 93
30375 109
30376 62
30377 63
30378 42
30379 67
30380 63
30381 68
30382 64
30383 83
30384 78
30385 95
30386 93
30387 26
30388 50
30389 51
30390 44
30391 36
30392 61
30393 51
30394 32
30395 40
30396 58
30397 64
30398 60
30399 77
30400 102
30401 62
30402 73
30403 67
30404 83
30405 82
30406 91
30407 108
30408 99
30409 103
30410 109
30411 88
30412 82
30413 80
30414 75
30415 74
30416 82
30417 81
30418 101
30419 123
30420 89
30421 70
30422 84
30423 85
30424 102
30425 117
30426 82
30427 65
30428 82
30429 94
30430 108
30431 132
30432 106
30433 100
30434 112
30435 111
30436 107
30437 113
30438 119
30439 122
30440 145
30441 86
30442 87
30443 76
30444 95
30445 89
30446 100
30447 69
30448 67
30449 75
30450 83
30451 87
30452 84
30453 97
30454 106
30455 99
30456 108
30457 104
30458 71
30459 79
30460 85
30461 65
30462 81
30463 82
30464 54
30465 69
30466 91
30467 87
30468 86
30469 95
30470 67
30471 88
30472 79
30473 51
30474 69
30475 60
30476 61
30477 62
30478 77
30479 79
30480 98
30481 122
30482 118
30483 142
30484 105
30485 56
30486 51
30487 58
30488 49
30489 72
30490 73
30491 90
30492 86
30493 104
30494 99
30495 113
30496 121
30497 139
30498 140
30499 165
30500 155
30501 66
30502 58
30503 51
30504 72
30505 47
30506 55
30507 66
30508 65
30509 78
30510 103
30511 115
30512 112
30513 127
30514 128
30515 53
30516 51
30517 47
30518 37
30519 31
30520 34
30521 49
30522 62
30523 81
30524 99
30525 93
30526 115
30527 123
30528 124
30529 56
30530 48
30531 73
30532 72
30533 62
30534 75
30535 73
30536 77
30537 70
30538 57
30539 52
30540 34
30541 28
30542 39
30543 33
30544 50
30545 67
30546 68
30547 86
30548 77
30549 61
30550 76
30551 67
30552 80
30553 76
30554 97
30555 93
30556 99
30557 107
30558 87
30559 82
30560 74
30561 64
30562 87
30563 108
30564 87
30565 100
30566 113
30567 137
30568 82
30569 88
30570 112
30571 67
30572 63
30573 83
30574 77
30575 99
30576 120
30577 53
30578 59
30579 55
30580 56
30581 59
30582 70
30583 83
30584 97
30585 49
30586 72
30587 70
30588 75
30589 53
30590 47
30591 66
30592 83
30593 88
30594 108
30595 119
30596 91
30597 55
30598 64
30599 85
30600 89
30601 61
30602 52
30603 65
30604 77
30605 88
30606 103
30607 110
30608 81
30609 94
30610 118
30611 112
30612 104
30613 106
30614 104
30615 110
30616 100
30617 114
30618 135
30619 140
30620 43
30621 56
30622 61
30623 53
30624 59
30625 61
30626 65
30627 62
30628 79
30629 92
30630 107
30631 104
30632 105
30633 115
30634 116
30635 73
30636 83
30637 84
30638 85
30639 82
30640 84
30641 88
30642 113
30643 60
30644 65
30645 73
30646 79
30647 75
30648 88
30649 81
30650 89
30651 45
30652 63
30653 63
30654 69
30655 80
30656 98
30657 121
30658 125
30659 96
30660 105
30661 74
30662 75
30663 72
30664 96
30665 75
30666 100
30667 119
30668 99
30669 102
30670 117
30671 70
30672 68
30673 73
30674 80
30675 81
30676 73
30677 80
30678 91
30679 98
30680 70
30681 77
30682 71
30683 83
30684 92
30685 46
30686 54
30687 44
30688 51
30689 76
30690 68
30691 64
30692 87
30693 93
30694 114
30695 79
30696 87
30697 88
30698 78
30699 80
30700 90
30701 86
30702 76
30703 91
30704 87
30705 95
30706 120
30707 124
30708 133
30709 144
30710 100
30711 85
30712 98
30713 88
30714 84
30715 81
30716 71
30717 80
30718 103
30719 55
30720 76
30721 81
30722 99
30723 101
30724 104
30725 117
30726 133
30727 151
30728 119
30729 82
30730 83
30731 99
30732 93
30733 83
30734 92
30735 72
30736 65
30737 67
30738 65
30739 55
30740 62
30741 60
30742 70
30743 77
30744 79
30745 81
30746 102
30747 121
30748 135
30749 142
30750 92
30751 63
30752 54
30753 47
30754 72
30755 78
30756 69
30757 67
30758 77
30759 100
30760 108
30761 98
30762 83
30763 92
30764 79
30765 83
30766 101
30767 105
30768 47
30769 60
30770 57
30771 75
30772 95
30773 99
30774 90
30775 85
30776 87
30777 108
30778 115
30779 100
30780 116
30781 91
30782 89
30783 47
30784 68
30785 83
30786 101
30787 91
30788 113
30789 114
30790 116
30791 109
30792 118
30793 128
30794 141
30795 136
30796 160
30797 177
30798 109
30799 120
30800 138
30801 112
30802 105
30803 76
30804 92
30805 111
30806 78
30807 98
30808 113
30809 114
30810 139
30811 137
30812 162
30813 153
30814 122
30815 132
30816 95
30817 57
30818 55
30819 52
30820 68
30821 75
30822 92
30823 79
30824 92
30825 86
30826 104
30827 91
30828 116
30829 98
30830 76
30831 82
30832 79
30833 36
30834 28
30835 24
30836 47
30837 60
30838 63
30839 75
30840 84
30841 74
30842 70
30843 64
30844 61
30845 67
30846 70
30847 88
30848 84
30849 46
30850 41
30851 45
30852 55
30853 48
30854 68
30855 69
30856 59
30857 72
30858 79
30859 69
30860 80
30861 61
30862 74
30863 40
30864 37
30865 38
30866 33
30867 52
30868 51
30869 48
30870 62
30871 75
30872 54
30873 77
30874 67
30875 87
30876 82
30877 81
30878 77
30879 84
30880 81
30881 91
30882 44
30883 38
30884 29
30885 44
30886 68
30887 80
30888 71
30889 88
30890 88
30891 113
30892 59
30893 60
30894 82
30895 85
30896 109
30897 42
30898 44
30899 48
30900 40
30901 54
30902 56
30903 78
30904 68
30905 64
30906 68
30907 66
30908 75
30909 65
30910 58
30911 52
30912 75
30913 71
30914 72
30915 77
30916 76
30917 79
30918 77
30919 91
30920 66
30921 62
30922 70
30923 74
30924 88
30925 113
30926 126
30927 117
30928 141
30929 142
30930 124
30931 107
30932 117
30933 127
30934 107
30935 105
30936 103
30937 108
30938 105
30939 55
30940 75
30941 82
30942 94
30943 99
30944 54
30945 65
30946 60
30947 67
30948 88
30949 98
30950 103
30951 116
30952 103
30953 105
30954 129
30955 137
30956 147
30957 88
30958 97
30959 88
30960 63
30961 87
30962 33
30963 49
30964 47
30965 38
30966 35
30967 58
30968 54
30969 65
30970 44
30971 61
30972 77
30973 74
30974 75
30975 62
30976 77
30977 39
30978 63
30979 86
30980 105
30981 115
30982 112
30983 102
30984 108
30985 103
30986 94
30987 83
30988 91
30989 89
30990 111
30991 126
30992 147
30993 94
30994 91
30995 94
30996 100
30997 96
30998 64
30999 60
31000 55
31001 79
31002 87
31003 81
31004 91
31005 57
31006 78
31007 98
31008 117
31009 138
31010 100
31011 103
31012 105
31013 78
31014 73
31015 66
31016 57
31017 53
31018 54
31019 29
31020 42
31021 41
31022 63
31023 79
31024 93
31025 87
31026 73
31027 83
31028 77
31029 74
31030 73
31031 96
31032 74
31033 79
31034 18
31035 26
31036 29
31037 31
31038 41
31039 39
31040 40
31041 43
31042 39
31043 36
31044 49
31045 59
31046 69
31047 61
31048 70
31049 85
31050 89
31051 96
31052 113
31053 119
31054 135
31055 108
31056 55
31057 58
31058 73
31059 70
31060 74
31061 65
31062 71
31063 39
31064 31
31065 46
31066 60
31067 59
31068 67
31069 62
31070 70
31071 72
31072 65
31073 66
31074 86
31075 75
31076 76
31077 80
31078 97
31079 100
31080 113
31081 75
31082 82
31083 91
31084 84
31085 87
31086 97
31087 94
31088 85
31089 86
31090 102
31091 92
31092 86
31093 85
31094 91
31095 94
31096 91
31097 111
31098 130
31099 148
31100 159
31101 133
31102 110
31103 116
31104 99
31105 57
31106 46
31107 47
31108 45
31109 54
31110 49
31111 55
31112 41
31113 48
31114 53
31115 47
31116 59
31117 49
31118 48
31119 46
31120 61
31121 44
31122 59
31123 49
31124 68
31125 83
31126 74
31127 64
31128 81
31129 100
31130 97
31131 118
31132 39
31133 40
31134 63
31135 86
31136 96
31137 118
31138 119
31139 56
31140 58
31141 63
31142 43
31143 50
31144 63
31145 79
31146 73
31147 89
31148 111
31149 92
31150 63
31151 83
31152 97
31153 63
31154 67
31155 73
31156 62
31157 80
31158 104
31159 105
31160 89
31161 107
31162 110
31163 69
31164 70
31165 61
31166 54
31167 44
31168 56
31169 80
31170 75
31171 56
31172 53
31173 69
31174 60
31175 55
31176 48
31177 41
31178 36
31179 49
31180 66
31181 80
31182 103
31183 125
31184 137
31185 77
31186 86
31187 84
31188 106
31189 88
31190 78
31191 83
31192 60
31193 60
31194 53
31195 65
31196 71
31197 80
31198 94
31199 74
31200 75
31201 90
31202 72
31203 76
31204 85
31205 106
31206 99
31207 94
31208 91
31209 99
31210 92
31211 80
31212 94
31213 57
31214 54
31215 59
31216 62
31217 47
31218 51
31219 54
31220 75
31221 85
31222 96
31223 115
31224 109
31225 37
31226 47
31227 72
31228 95
31229 101
31230 95
31231 90
31232 62
31233 58
31234 72
31235 90
31236 85
31237 87
31238 74
31239 74
31240 94
31241 88
31242 108
31243 115
31244 133
31245 146
31246 36
31247 58
31248 82
31249 93
31250 88
31251 109
31252 92
31253 36
31254 54
31255 45
31256 70
31257 79
31258 76
31259 81
31260 93
31261 96
31262 116
31263 128
31264 118
31265 119
31266 128
31267 127
31268 145
31269 65
31270 69
31271 94
31272 107
31273 109
31274 123
31275 73
31276 69
31277 65
31278 85
31279 98
31280 112
31281 106
31282 75
31283 89
31284 92
31285 115
31286 107
31287 110
31288 104
31289 110
31290 132
31291 86
31292 93
31293 72
31294 91
31295 106
31296 116
31297 112
31298 113
31299 111
31300 136
31301 39
31302 30
31303 20
31304 21
31305 41
31306 32
31307 24
31308 38
31309 31
31310 24
31311 47
31312 72
31313 71
31314 45
31315 59
31316 69
31317 91
31318 116
31319 130
31320 137
31321 116
31322 45
31323 36
31324 58
31325 76
31326 98
31327 99
31328 98
31329 64
31330 71
31331 61
31332 59
31333 58
31334 73
31335 66
31336 66
31337 88
31338 98
31339 108
31340 72
31341 83
31342 88
31343 100
31344 62
31345 76
31346 78
31347 96
31348 75
31349 61
31350 62
31351 70
31352 92
31353 99
31354 87
31355 88
31356 80
31357 78
31358 87
31359 98
31360 112
31361 72
31362 49
31363 56
31364 70
31365 67
31366 66
31367 83
31368 98
31369 95
31370 90
31371 81
31372 74
31373 69
31374 94
31375 83
31376 41
31377 53
31378 44
31379 39
31380 54
31381 78
31382 102
31383 92
31384 68
31385 69
31386 79
31387 74
31388 70
31389 95
31390 92
31391 67
31392 64
31393 56
31394 70
31395 63
31396 82
31397 94
31398 74
31399 46
31400 39
31401 35
31402 42
31403 59
31404 71
31405 92
31406 57
31407 72
31408 72
31409 73
31410 79
31411 93
31412 98
31413 114
31414 30
31415 50
31416 59
31417 52
31418 51
31419 70
31420 88
31421 60
31422 76
31423 82
31424 83
31425 103
31426 82
31427 78
31428 72
31429 70
31430 39
31431 64
31432 69
31433 59
31434 76
31435 47
31436 37
31437 35
31438 36
31439 30
31440 54
31441 58
31442 59
31443 77
31444 70
31445 88
31446 75
31447 60
31448 70
31449 79
31450 99
31451 109
31452 104
31453 110
31454 71
31455 80
31456 89
31457 80
31458 71
31459 38
31460 45
31461 57
31462 74
31463 73
31464 76
31465 101
31466 100
31467 118
31468 133
31469 146
31470 130
31471 89
31472 91
31473 82
31474 100
31475 69
31476 76
31477 67
31478 62
31479 59
31480 65
31481 88
31482 92
31483 82
31484 83
31485 93
31486 94
31487 93
31488 96
31489 117
31490 58
31491 59
31492 52
31493 75
31494 87
31495 77
31496 94
31497 110
31498 56
31499 47
31500 53
31501 55
31502 70
31503 48
31504 41
31505 32
31506 37
31507 38
31508 62
31509 56
31510 49
31511 64
31512 62
31513 83
31514 95
31515 110
31516 78
31517 93
31518 100
31519 104
31520 96
31521 97
31522 68
31523 71
31524 62
31525 85
31526 76
31527 72
31528 91
31529 100
31530 99
31531 105
31532 97
31533 55
31534 76
31535 65
31536 68
31537 76
31538 74
31539 79
31540 47
31541 63
31542 81
31543 46
31544 37
31545 30
31546 38
31547 39
31548 37
31549 53
31550 71
31551 61
31552 64
31553 62
31554 84
31555 83
31556 84
31557 101
31558 106
31559 103
31560 65
31561 40
31562 63
31563 78
31564 85
31565 101
31566 93
31567 99
31568 89
31569 60
31570 68
31571 75
31572 79
31573 86
31574 99
31575 97
31576 109
31577 116
31578 75
31579 57
31580 80
31581 86
31582 87
31583 45
31584 46
31585 49
31586 51
31587 46
31588 37
31589 38
31590 41
31591 33
31592 34
31593 51
31594 54
31595 52
31596 42
31597 40
31598 63
31599 72
31600 91
31601 62
31602 81
31603 61
31604 60
31605 61
31606 52
31607 59
31608 72
31609 63
31610 62
31611 59
31612 84
31613 92
31614 66
31615 67
31616 59
31617 81
31618 101
31619 126
31620 116
31621 117
31622 124
31623 71
31624 87
31625 104
31626 120
31627 59
31628 68
31629 74
31630 70
31631 44
31632 64
31633 66
31634 65
31635 74
31636 93
31637 92
31638 82
31639 94
31640 103
31641 96
31642 115
31643 118
31644 51
31645 65
31646 69
31647 49
31648 60
31649 64
31650 56
31651 49
31652 41
31653 36
31654 29
31655 38
31656 44
31657 58
31658 49
31659 74
31660 66
31661 90
31662 81
31663 99
31664 107
31665 107
31666 130
31667 87
31668 78
31669 76
31670 86
31671 33
31672 25
31673 29
31674 19
31675 23
31676 22
31677 17
31678 20
31679 32
31680 31
31681 42
31682 61
31683 73
31684 63
31685 55
31686 77
31687 101
31688 57
31689 51
31690 54
31691 69
31692 61
31693 78
31694 95
31695 98
31696 77
31697 57
31698 71
31699 88
31700 91
31701 53
31702 50
31703 58
31704 71
31705 72
31706 74
31707 70
31708 91
31709 67
31710 63
31711 59
31712 77
31713 84
31714 95
31715 115
31716 48
31717 55
31718 57
31719 78
31720 77
31721 94
31722 47
31723 58
31724 66
31725 72
31726 78
31727 66
31728 60
31729 55
31730 78
31731 87
31732 111
31733 49
31734 73
31735 75
31736 69
31737 93
31738 46
31739 50
31740 74
31741 94
31742 113
31743 114
31744 110
31745 120
31746 132
31747 130
31748 74
31749 90
31750 98
31751 97
31752 98
31753 89
31754 87
31755 99
31756 79
31757 44
31758 53
31759 45
31760 54
31761 60
31762 49
31763 59
31764 64
31765 79
31766 55
31767 68
31768 81
31769 74
31770 86
31771 82
31772 38
31773 50
31774 68
31775 64
31776 64
31777 61
31778 59
31779 60
31780 79
31781 77
31782 73
31783 77
31784 91
31785 84
31786 83
31787 97
31788 113
31789 109
31790 121
31791 129
31792 114
31793 64
31794 85
31795 87
31796 97
31797 98
31798 96
31799 113
31800 61
31801 53
31802 54
31803 64
31804 57
31805 56
31806 72
31807 64
31808 65
31809 60
31810 80
31811 89
31812 97
31813 117
31814 111
31815 102
31816 73
31817 74
31818 83
31819 67
31820 60
31821 71
31822 86
31823 96
31824 86
31825 97
31826 95
31827 107
31828 98
31829 110
31830 64
31831 63
31832 64
31833 62
31834 70
31835 88
31836 85
31837 84
31838 85
31839 92
31840 108
31841 107
31842 113
31843 110
31844 106
31845 24
31846 37
31847 34
31848 36
31849 34
31850 54
31851 57
31852 80
31853 81
31854 48
31855 41
31856 46
31857 69
31858 78
31859 87
31860 77
31861 67
31862 84
31863 93
31864 86
31865 62
31866 72
31867 74
31868 64
31869 62
31870 72
31871 62
31872 76
31873 45
31874 57
31875 65
31876 68
31877 58
31878 75
31879 87
31880 97
31881 95
31882 104
31883 123
31884 77
31885 84
31886 80
31887 79
31888 85
31889 86
31890 81
31891 100
31892 107
31893 103
31894 123
31895 116
31896 117
31897 65
31898 89
31899 79
31900 72
31901 88
31902 52
31903 73
31904 68
31905 67
31906 83
31907 73
31908 88
31909 65
31910 72
31911 82
31912 95
31913 82
31914 85
31915 20
31916 19
31917 41
31918 29
31919 54
31920 26
31921 25
31922 39
31923 37
31924 45
31925 64
31926 57
31927 66
31928 85
31929 69
31930 60
31931 68
31932 70
31933 59
31934 82
31935 94
31936 97
31937 103
31938 125
31939 134
31940 150
31941 117
31942 133
31943 146
31944 88
31945 79
31946 51
31947 49
31948 51
31949 56
31950 64
31951 71
31952 72
31953 71
31954 91
31955 110
31956 77
31957 65
31958 89
31959 81
31960 60
31961 82
31962 85
31963 84
31964 85
31965 43
31966 66
31967 68
31968 63
31969 69
31970 62
31971 68
31972 49
31973 62
31974 78
31975 90
31976 92
31977 101
31978 91
31979 89
31980 88
31981 37
31982 40
31983 62
31984 86
31985 90
31986 62
31987 69
31988 90
31989 97
31990 98
31991 105
31992 122
31993 76
31994 91
31995 102
31996 92
31997 103
31998 98
31999 95
32000 41
32001 33
32002 41
32003 38
32004 37
32005 42
32006 36
32007 33
32008 28
32009 26
32010 20
32011 26
32012 42
32013 63
32014 79
32015 69
32016 67
32017 90
32018 89
32019 75
32020 66
32021 69
32022 62
32023 84
32024 75
32025 79
32026 96
32027 92
32028 67
32029 73
32030 69
32031 94
32032 58
32033 51
32034 66
32035 38
32036 36
32037 28
32038 49
32039 54
32040 69
32041 68
32042 67
32043 66
32044 59
32045 78
32046 80
32047 82
32048 106
32049 111
32050 109
32051 100
32052 69
32053 68
32054 61
32055 68
32056 75
32057 100
32058 59
32059 82
32060 75
32061 68
32062 51
32063 43
32064 64
32065 75
32066 78
32067 72
32068 69
32069 89
32070 102
32071 92
32072 110
32073 109
32074 109
32075 78
32076 49
32077 46
32078 66
32079 90
32080 99
32081 100
32082 117
32083 110
32084 125
32085 120
32086 121
32087 137
32088 87
32089 106
32090 100
32091 96
32092 112
32093 110
32094 121
32095 105
32096 90
32097 97
32098 108
32099 82
32100 101
32101 79
32102 92
32103 89
32104 109
32105 62
32106 67
32107 74
32108 96
32109 112
32110 100
32111 38
32112 37
32113 36
32114 37
32115 46
32116 71
32117 55
32118 77
32119 53
32120 65
32121 59
32122 56
32123 47
32124 72
32125 69
32126 87
32127 61
32128 68
32129 77
32130 74
32131 54
32132 59
32133 68
32134 69
32135 71
32136 82
32137 92
32138 46
32139 51
32140 48
32141 73
32142 44
32143 41
32144 39
32145 62
32146 87
32147 94
32148 103
32149 104
32150 97
32151 39
32152 64
32153 58
32154 80
32155 84
32156 59
32157 66
32158 85
32159 110
32160 54
32161 47
32162 52
32163 68
32164 92
32165 83
32166 85
32167 90
32168 83
32169 79
32170 76
32171 72
32172 69
32173 80
32174 103
32175 89
32176 113
32177 77
32178 73
32179 79
32180 84
32181 42
32182 33
32183 55
32184 75
32185 74
32186 93
32187 106
32188 121
32189 71
32190 83
32191 80
32192 83
32193 71
32194 47
32195 61
32196 58
32197 48
32198 45
32199 69
32200 82
32201 37
32202 46
32203 56
32204 35
32205 28
32206 32
32207 22
32208 44
32209 61
32210 57
32211 70
32212 74
32213 92
32214 87
32215 108
32216 99
32217 112
32218 53
32219 19
32220 22
32221 39
32222 63
32223 80
32224 54
32225 53
32226 43
32227 46
32228 47
32229 49
32230 73
32231 84
32232 76
32233 37
32234 34
32235 38
32236 43
32237 68
32238 61
32239 70
32240 82
32241 76
32242 80
32243 73
32244 70
32245 86
32246 88
32247 82
32248 71
32249 68
32250 87
32251 84
32252 59
32253 54
32254 76
32255 94
32256 112
32257 104
32258 97
32259 105
32260 107
32261 104
32262 99
32263 100
32264 73
32265 90
32266 48
32267 41
32268 53
32269 47
32270 60
32271 74
32272 64
32273 60
32274 82
32275 73
32276 76
32277 80
32278 51
32279 52
32280 48
32281 38
32282 28
32283 30
32284 33
32285 40
32286 63
32287 62
32288 71
32289 88
32290 57
32291 69
32292 86
32293 91
32294 93
32295 82
32296 97
32297 115
32298 131
32299 53
32300 58
32301 68
32302 66
32303 78
32304 101
32305 101
32306 94
32307 116
32308 124
32309 128
32310 120
32311 111
32312 62
32313 61
32314 64
32315 85
32316 81
32317 79
32318 71
32319 72
32320 84
32321 74
32322 82
32323 86
32324 84
32325 38
32326 29
32327 20
32328 31
32329 34
32330 32
32331 16
32332 36
32333 46
32334 59
32335 39
32336 36
32337 48
32338 68
32339 47
32340 62
32341 62
32342 73
32343 76
32344 101
32345 113
32346 60
32347 48
32348 61
32349 58
32350 68
32351 54
32352 61
32353 80
32354 78
32355 51
32356 74
32357 65
32358 71
32359 62
32360 29
32361 43
32362 50
32363 57
32364 76
32365 81
32366 42
32367 54
32368 67
32369 44
32370 54
32371 71
32372 89
32373 82
32374 101
32375 118
32376 121
32377 113
32378 32
32379 22
32380 14
32381 21
32382 23
32383 39
32384 34
32385 58
32386 72
32387 50
32388 62
32389 67
32390 71
32391 71
32392 65
32393 79
32394 55
32395 64
32396 65
32397 87
32398 94
32399 98
32400 101
32401 79
32402 80
32403 97
32404 81
32405 92
32406 13
32407 5
32408 -5
32409 -11
32410 9
32411 33
32412 44
32413 40
32414 41
32415 50
32416 43
32417 34
32418 38
32419 28
32420 41
32421 34
32422 25
32423 32
32424 51
32425 46
32426 45
32427 57
32428 47
32429 45
32430 44
32431 43
32432 61
32433 60
32434 76
32435 68
32436 75
32437 84
32438 108
32439 94
32440 68
32441 82
32442 66
32443 62
32444 64
32445 74
32446 86
32447 96
32448 101
32449 78
32450 68
32451 58
32452 57
32453 51
32454 76
32455 81
32456 78
32457 80
32458 70
32459 80
32460 79
32461 77
32462 73
32463 94
32464 62
32465 83
32466 94
32467 84
32468 50
32469 30
32470 47
32471 67
32472 63
32473 81
32474 85
32475 95
32476 91
32477 116
32478 131
32479 100
32480 107
32481 84
32482 81
32483 64
32484 84
32485 77
32486 93
32487 88
32488 79
32489 88
32490 68
32491 85
32492 79
32493 63
32494 73
32495 15
32496 23
32497 24
32498 17
32499 10
32500 21
32501 36
32502 40
32503 48
32504 38
32505 42
32506 46
32507 36
32508 47
32509 52
32510 53
32511 43
32512 59
32513 63
32514 84
32515 85
32516 73
32517 65
32518 62
32519 66
32520 81
32521 89
32522 51
32523 70
32524 65
32525 82
32526 50
32527 49
32528 26
32529 42
32530 43
32531 66
32532 59
32533 62
32534 75
32535 45
32536 41
32537 53
32538 58
32539 68
32540 88
32541 96
32542 117
32543 97
32544 63
32545 58
32546 80
32547 86
32548 89
32549 87
32550 24
32551 39
32552 53
32553 50
32554 40
32555 52
32556 68
32557 72
32558 88
32559 101
32560 125
32561 137
32562 138
32563 38
32564 35
32565 58
32566 56
32567 49
32568 62
32569 73
32570 64
32571 80
32572 42
32573 55
32574 68
32575 58
32576 60
32577 61
32578 62
32579 43
32580 40
32581 65
32582 75
32583 95
32584 96
32585 86
32586 16
32587 30
32588 55
32589 49
32590 72
32591 69
32592 31
32593 49
32594 31
32595 56
32596 46
32597 42
32598 34
32599 31
32600 49
32601 39
32602 44
32603 57
32604 77
32605 73
32606 70
32607 59
32608 77
32609 80
32610 77
32611 67
32612 74
32613 75
32614 72
32615 67
32616 68
32617 72
32618 81
32619 93
32620 110
32621 64
32622 65
32623 64
32624 60
32625 45
32626 64
32627 70
32628 87
32629 82
32630 44
32631 56
32632 73
32633 74
32634 85
32635 92
32636 101
32637 89
32638 55
32639 43
32640 47
32641 50
32642 67
32643 62
32644 52
32645 64
32646 55
32647 72
32648 65
32649 85
32650 83
32651 89
32652 56
32653 52
32654 66
32655 46
32656 43
32657 36
32658 57
32659 76
32660 92
32661 105
32662 56
32663 52
32664 62
32665 72
32666 85
32667 59
32668 77
32669 73
32670 58
32671 59
32672 55
32673 68
32674 86
32675 82
32676 83
32677 78
32678 58
32679 74
32680 94
32681 112
32682 131
32683 127
32684 125
32685 102
32686 97
32687 115
32688 137
32689 133
32690 53
32691 78
32692 97
32693 115
32694 90
32695 69
32696 85
32697 96
32698 87
32699 90
32700 107
32701 67
32702 70
32703 63
32704 78
32705 95
32706 50
32707 45
32708 40
32709 52
32710 70
32711 77
32712 87
32713 102
32714 104
32715 50
32716 33
32717 24
32718 20
32719 45
32720 55
32721 75
32722 79
32723 72
32724 96
32725 81
32726 94
32727 89
32728 80
32729 77
32730 45
32731 40
32732 50
32733 51
32734 52
32735 68
32736 60
32737 79
32738 82
32739 77
32740 78
32741 87
32742 80
32743 71
32744 68
32745 64
32746 76
32747 94
32748 93
32749 114
32750 35
32751 31
32752 40
32753 47
32754 63
32755 75
32756 71
32757 68
32758 77
32759 91
32760 85
32761 58
32762 67
32763 76
32764 70
32765 56
32766 74
32767 91
32768 110
32769 124
32770 130
32771 155
32772 107
32773 97
32774 102
32775 111
32776 100
32777 112
32778 136
32779 135
32780 140
32781 128
32782 83
32783 84
32784 63
32785 56
32786 51
32787 65
32788 52
32789 71
32790 83
32791 105
32792 114
32793 135
32794 113
32795 107
32796 108
32797 88
32798 100
32799 59
32800 61
32801 51
32802 63
32803 55
32804 54
32805 55
32806 77
32807 71
32808 69
32809 88
32810 82
32811 77
32812 81
32813 98
32814 93
32815 99
32816 59
32817 69
32818 73
32819 70
32820 78
32821 99
32822 88
32823 89
32824 82
32825 75
32826 96
32827 63
32828 69
32829 84
32830 94
32831 113
32832 115
32833 111
32834 51
32835 54
32836 69
32837 33
32838 45
32839 64
32840 65
32841 57
32842 47
32843 56
32844 62
32845 79
32846 80
32847 71
32848 84
32849 76
32850 72
32851 73
32852 80
32853 36
32854 41
32855 42
32856 36
32857 26
32858 36
32859 58
32860 73
32861 63
32862 79
32863 80
32864 76
32865 80
32866 62
32867 70
32868 84
32869 66
32870 89
32871 85
32872 104
32873 129
32874 144
32875 69
32876 70
32877 89
32878 85
32879 89
32880 92
32881 101
32882 27
32883 32
32884 33
32885 32
32886 38
32887 57
32888 61
32889 65
32890 85
32891 67
32892 81
32893 72
32894 67
32895 83
32896 96
32897 104
32898 22
32899 47
32900 55
32901 66
32902 66
32903 58
32904 81
32905 79
32906 97
32907 52
32908 60
32909 76
32910 98
32911 99
32912 90
32913 88
32914 90
32915 104
32916 95
32917 52
32918 56
32919 49
32920 45
32921 39
32922 60
32923 69
32924 67
32925 62
32926 49
32927 57
32928 64
32929 55
32930 47
32931 34
32932 29
32933 42
32934 67
32935 83
32936 99
32937 66
32938 72
32939 79
32940 92
32941 69
32942 78
32943 79
32944 102
32945 103
32946 47
32947 64
32948 56
32949 67
32950 86
32951 91
32952 67
32953 69
32954 64
32955 77
32956 80
32957 84
32958 76
32959 73
32960 96
32961 95
32962 73
32963 74
32964 83
32965 89
32966 75
32967 59
32968 74
32969 55
32970 79
32971 66
32972 68
32973 80
32974 99
32975 106
32976 115
32977 131
32978 126
32979 117
32980 77
32981 93
32982 95
32983 116
32984 92
32985 85
32986 83
32987 88
32988 94
32989 85
32990 96
32991 94
32992 35
32993 33
32994 34
32995 40
32996 64
32997 71
32998 89
32999 61
33000 75
33001 82
33002 93
33003 114
33004 68
33005 71
33006 92
33007 49
33008 41
33009 50
33010 52
33011 53
33012 51
33013 65
33014 57
33015 69
33016 90
33017 87
33018 107
33019 128
33020 136
33021 148
33022 94
33023 116
33024 129
33025 101
33026 103
33027 122
33028 109
33029 85
33030 91
33031 85
33032 65
33033 64
33034 55
33035 69
33036 77
33037 67
33038 61
33039 46
33040 56
33041 71
33042 76
33043 30
33044 40
33045 30
33046 31
33047 33
33048 43
33049 37
33050 54
33051 79
33052 87
33053 90
33054 83
33055 72
33056 55
33057 29
33058 46
33059 36
33060 44
33061 54
33062 62
33063 52
33064 45
33065 47
33066 59
33067 50
33068 49
33069 68
33070 77
33071 67
33072 65
33073 73
33074 93
33075 90
33076 99
33077 122
33078 104
33079 61
33080 55
33081 45
33082 60
33083 63
33084 53
33085 66
33086 85
33087 48
33088 70
33089 65
33090 31
33091 36
33092 55
33093 56
33094 67
33095 82
33096 86
33097 83
33098 79
33099 77
33100 97
33101 78
33102 68
33103 75
33104 76
33105 43
33106 47
33107 22
33108 40
33109 42
33110 67
33111 79
33112 90
33113 107
33114 109
33115 105
33116 95
33117 64
33118 57
33119 56
33120 57
33121 77
33122 96
33123 89
33124 85
33125 77
33126 78
33127 101
33128 111
33129 42
33130 63
33131 69
33132 60
33133 61
33134 53
33135 48
33136 65
33137 83
33138 107
33139 104
33140 57
33141 64
33142 83
33143 76
33144 81
33145 92
33146 56
33147 47
33148 39
33149 37
33150 29
33151 23
33152 24
33153 38
33154 35
33155 32
33156 40
33157 57
33158 6
33159 13
33160 4
33161 29
33162 21
33163 40
33164 50
33165 48
33166 39
33167 56
33168 55
33169 45
33170 67
33171 62
33172 64
33173 82
33174 77
33175 102
33176 95
33177 114
33178 48
33179 66
33180 79
33181 91
33182 87
33183 99
33184 118
33185 116
33186 129
33187 121
33188 137
33189 143
33190 153
33191 88
33192 52
33193 76
33194 90
33195 47
33196 72
33197 97
33198 68
33199 72
33200 89
33201 88
33202 50
33203 56
33204 74
33205 69
33206 61
33207 78
33208 72
33209 97
33210 99
33211 109
33212 100
33213 86
33214 87
33215 101
33216 68
33217 83
33218 108
33219 98
33220 116
33221 83
33222 62
33223 87
33224 93
33225 91
33226 81
33227 76
33228 82
33229 105
33230 108
33231 128
33232 129
33233 75
33234 88
33235 51
33236 73
33237 74
33238 69
33239 83
33240 107
33241 123
33242 51
33243 49
33244 50
33245 66
33246 91
33247 94
33248 75
33249 65
33250 67
33251 70
33252 83
33253 84
33254 69
33255 91
33256 95
33257 75
33258 59
33259 64
33260 66
33261 61
33262 69
33263 76
33264 94
33265 95
33266 52
33267 68
33268 58
33269 53
33270 43
33271 37
33272 48
33273 45
33274 54
33275 67
33276 77
33277 78
33278 74
33279 41
33280 31
33281 50
33282 74
33283 66
33284 87
33285 84
33286 85
33287 79
33288 75
33289 48
33290 63
33291 88
33292 103
33293 81
33294 74
33295 70
33296 63
33297 55
33298 59
33299 51
33300 58
33301 54
33302 65
33303 58
33304 63
33305 71
33306 73
33307 87
33308 86
33309 89
33310 88
33311 98
33312 101
33313 97
33314 80
33315 87
33316 86
33317 72
33318 62
33319 59
33320 76
33321 78
33322 86
33323 80
33324 89
33325 110
33326 89
33327 105
33328 98
33329 114
33330 92
33331 95
33332 90
33333 37
33334 27
33335 48
33336 39
33337 52
33338 68
33339 93
33340 89
33341 91
33342 52
33343 74
33344 62
33345 85
33346 109
33347 40
33348 37
33349 39
33350 38
33351 37
33352 48
33353 73
33354 63
33355 65
33356 63
33357 62
33358 72
33359 68
33360 75
33361 93
33362 80
33363 52
33364 51
33365 50
33366 22
33367 21
33368 28
33369 19
33370 33
33371 46
33372 69
33373 66
33374 56
33375 58
33376 64
33377 63
33378 65
33379 74
33380 11
33381 6
33382 27
33383 51
33384 43
33385 7
33386 20
33387 27
33388 52
33389 72
33390 92
33391 90
33392 84
33393 92
33394 103
33395 111
33396 66
33397 86
33398 92
33399 68
33400 92
33401 82
33402 57
33403 58
33404 72
33405 80
33406 73
33407 63
33408 62
33409 56
33410 48
33411 39
33412 36
33413 47
33414 55
33415 47
33416 51
33417 49
33418 48
33419 69
33420 91
33421 73
33422 85
33423 76
33424 80
33425 70
33426 61
33427 76
33428 9
33429 28
33430 39
33431 60
33432 63
33433 85
33434 103
33435 67
33436 84
33437 75
33438 66
33439 76
33440 98
33441 93
33442 87
33443 74
33444 87
33445 49
33446 48
33447 70
33448 69
33449 67
33450 49
33451 30
33452 35
33453 36
33454 56
33455 32
33456 53
33457 75
33458 90
33459 47
33460 70
33461 83
33462 70
33463 69
33464 60
33465 61
33466 63
33467 68
33468 78
33469 73
33470 66
33471 58
33472 60
33473 79
33474 89
33475 83
33476 90
33477 109
33478 85
33479 38
33480 42
33481 44
33482 34
33483 28
33484 43
33485 51
33486 44
33487 69
33488 81
33489 91
33490 82
33491 24
33492 40
33493 38
33494 41
33495 65
33496 74
33497 67
33498 57
33499 75
33500 74
33501 87
33502 68
33503 73
33504 36
33505 46
33506 53
33507 64
33508 54
33509 63
33510 65
33511 83
33512 87
33513 25
33514 41
33515 63
33516 75
33517 67
33518 87
33519 86
33520 41
33521 38
33522 34
33523 54
33524 75
33525 84
33526 92
33527 78
33528 89
33529 84
33530 68
33531 73
33532 72
33533 76
33534 64
33535 77
33536 97
33537 117
33538 61
33539 63
33540 70
33541 83
33542 93
33543 106
33544 101
33545 76
33546 54
33547 34
33548 26
33549 28
33550 22
33551 17
33552 33
33553 41
33554 47
33555 48
33556 42
33557 47
33558 38
33559 63
33560 68
33561 23
33562 37
33563 30
33564 38
33565 53
33566 62
33567 80
33568 104
33569 45
33570 40
33571 49
33572 61
33573 80
33574 86
33575 93
33576 97
33577 113
33578 118
33579 114
33580 110
33581 123
33582 111
33583 102
33584 98
33585 34
33586 31
33587 43
33588 34
33589 43
33590 61
33591 81
33592 82
33593 90
33594 69
33595 68
33596 89
33597 106
33598 124
33599 135
33600 95
33601 85
33602 78
33603 89
33604 90
33605 90
33606 47
33607 50
33608 50
33609 59
33610 65
33611 62
33612 67
33613 41
33614 47
33615 46
33616 50
33617 72
33618 73
33619 70
33620 63
33621 48
33622 70
33623 76
33624 77
33625 53
33626 43
33627 65
33628 63
33629 61
33630 73
33631 8
33632 15
33633 16
33634 31
33635 52
33636 42
33637 46
33638 70
33639 93
33640 71
33641 78
33642 71
33643 61
33644 66
33645 90
33646 89
33647 58
33648 50
33649 61
33650 69
33651 84
33652 77
33653 98
33654 67
33655 65
33656 80
33657 73
33658 76
33659 66
33660 82
33661 75
33662 94
33663 108
33664 85
33665 75
33666 90
33667 73
33668 65
33669 77
33670 75
33671 76
33672 23
33673 42
33674 35
33675 55
33676 55
33677 45
33678 39
33679 40
33680 58
33681 62
33682 80
33683 74
33684 52
33685 51
33686 63
33687 62
33688 52
33689 64
33690 60
33691 61
33692 29
33693 28
33694 30
33695 40
33696 37
33697 27
33698 47
33699 58
33700 60
33701 35
33702 32
33703 44
33704 54
33705 78
33706 83
33707 104
33708 85
33709 61
33710 84
33711 49
33712 59
33713 81
33714 55
33715 53
33716 50
33717 49
33718 51
33719 50
33720 72
33721 91
33722 102
33723 106
33724 110
33725 110
33726 84
33727 98
33728 64
33729 77
33730 90
33731 82
33732 34
33733 37
33734 38
33735 37
33736 51
33737 65
33738 69
33739 60
33740 66
33741 46
33742 54
33743 47
33744 69
33745 63
33746 75
33747 83
33748 75
33749 96
33750 97
33751 57
33752 78
33753 91
33754 97
33755 98
33756 63
33757 36
33758 37
33759 52
33760 54
33761 68
33762 67
33763 89
33764 90
33765 84
33766 94
33767 108
33768 107
33769 40
33770 49
33771 54
33772 49
33773 68
33774 75
33775 67
33776 66
33777 57
33778 74
33779 89
33780 22
33781 21
33782 44
33783 49
33784 50
33785 59
33786 62
33787 64
33788 67
33789 64
33790 75
33791 77
33792 48
33793 40
33794 56
33795 57
33796 78
33797 93
33798 88
33799 68
33800 60
33801 55
33802 61
33803 70
33804 61
33805 46
33806 41
33807 23
33808 18
33809 37
33810 32
33811 33
33812 41
33813 38
33814 54
33815 40
33816 56
33817 35
33818 26
33819 17
33820 42
33821 54
33822 51
33823 56
33824 68
33825 64
33826 65
33827 75
33828 79
33829 74
33830 64
33831 62
33832 84
33833 98
33834 91
33835 92
33836 109
33837 87
33838 102
33839 95
33840 58
33841 69
33842 90
33843 92
33844 78
33845 95
33846 57
33847 48
33848 67
33849 66
33850 80
33851 56
33852 77
33853 96
33854 65
33855 72
33856 93
33857 102
33858 46
33859 51
33860 47
33861 70
33862 58
33863 75
33864 79
33865 97
33866 93
33867 116
33868 141
33869 139
33870 140
33871 151
33872 70
33873 87
33874 88
33875 95
33876 118
33877 121
33878 70
33879 71
33880 60
33881 63
33882 66
33883 80
33884 73
33885 71
33886 80
33887 104
33888 99
33889 103
33890 99
33891 57
33892 56
33893 62
33894 71
33895 71
33896 67
33897 83
33898 94
33899 103
33900 94
33901 91
33902 74
33903 89
33904 107
33905 118
33906 140
33907 75
33908 80
33909 103
33910 97
33911 98
33912 104
33913 101
33914 99
33915 97
33916 120
33917 108
33918 98
33919 87
33920 90
33921 73
33922 87
33923 105
33924 49
33925 72
33926 77
33927 80
33928 72
33929 83
33930 43
33931 56
33932 54
33933 63
33934 51
33935 66
33936 59
33937 65
33938 86
33939 76
33940 99
33941 98
33942 106
33943 70
33944 88
33945 90
33946 105
33947 115
33948 138
33949 77
33950 59
33951 81
33952 78
33953 92
33954 97
33955 96
33956 117
33957 71
33958 91
33959 111
33960 50
33961 61
33962 82
33963 107
33964 119
33965 102
33966 101
33967 82
33968 73
33969 48
33970 44
33971 56
33972 80
33973 75
33974 94
33975 95
33976 98
33977 92
33978 82
33979 83
33980 81
33981 74
33982 89
33983 70
33984 80
33985 79
33986 64
33987 60
33988 61
33989 84
33990 42
33991 34
33992 43
33993 38
33994 44
33995 54
33996 42
33997 44
33998 47
33999 62
34000 51
34001 54
34002 51
34003 46
34004 71
34005 72
34006 95
34007 118
34008 30
34009 32
34010 28
34011 33
34012 45
34013 59
34014 70
34015 68
34016 58
34017 75
34018 65
34019 61
34020 68
34021 58
34022 49
34023 43
34024 48
34025 50
34026 54
34027 34
34028 30
34029 29
34030 26
34031 40
34032 34
34033 40
34034 62
34035 86
34036 75
34037 77
34038 101
34039 105
34040 34
34041 36
34042 45
34043 55
34044 62
34045 85
34046 99
34047 94
34048 74
34049 89
34050 68
34051 69
34052 73
34053 37
34054 52
34055 61
34056 55
34057 64
34058 72
34059 82
34060 64
34061 74
34062 50
34063 65
34064 55
34065 50
34066 54
34067 69
34068 70
34069 30
34070 28
34071 29
34072 32
34073 25
34074 27
34075 18
34076 20
34077 31
34078 25
34079 33
34080 39
34081 23
34082 14
34083 9
34084 5
34085 19
34086 23
34087 21
34088 39
34089 44
34090 35
34091 34
34092 43
34093 34
34094 35
34095 45
34096 46
34097 65
34098 56
34099 61
34100 86
34101 105
34102 106
34103 128
34104 101
34105 85
34106 77
34107 78
34108 89
34109 33
34110 56
34111 62
34112 57
34113 79
34114 95
34115 62
34116 71
34117 67
34118 68
34119 84
34120 95
34121 95
34122 110
34123 104
34124 105
34125 67
34126 75
34127 89
34128 83
34129 91
34130 55
34131 50
34132 54
34133 57
34134 30
34135 21
34136 23
34137 17
34138 21
34139 41
34140 54
34141 47
34142 62
34143 70
34144 42
34145 46
34146 41
34147 63
34148 63
34149 67
34150 60
34151 53
34152 49
34153 68
34154 82
34155 103
34156 61
34157 54
34158 67
34159 80
34160 87
34161 81
34162 79
34163 87
34164 105
34165 96
34166 101
34167 113
34168 111
34169 64
34170 68
34171 52
34172 52
34173 61
34174 70
34175 77
34176 72
34177 74
34178 75
34179 87
34180 91
34181 115
34182 128
34183 118
34184 103
34185 77
34186 80
34187 79
34188 70
34189 90
34190 97
34191 92
34192 47
34193 66
34194 75
34195 78
34196 70
34197 89
34198 74
34199 87
34200 93
34201 59
34202 58
34203 43
34204 46
34205 55
34206 67
34207 78
34208 94
34209 101
34210 82
34211 68
34212 78
34213 62
34214 67
34215 84
34216 108
34217 129
34218 64
34219 56
34220 61
34221 70
34222 91
34223 103
34224 73
34225 96
34226 58
34227 62
34228 80
34229 82
34230 84
34231 86
34232 71
34233 86
34234 57
34235 81
34236 86
34237 93
34238 83
34239 75
34240 55
34241 70
34242 68
34243 53
34244 64
34245 75
34246 80
34247 76
34248 100
34249 123
34250 120
34251 84
34252 91
34253 95
34254 72
34255 85
34256 66
34257 60
34258 74
34259 82
34260 72
34261 88
34262 83
34263 94
34264 108
34265 120
34266 141
34267 98
34268 64
34269 60
34270 61
34271 59
34272 64
34273 82
34274 93
34275 88
34276 105
34277 119
34278 139
34279 69
34280 70
34281 61
34282 68
34283 86
34284 98
34285 43
34286 65
34287 67
34288 75
34289 73
34290 50
34291 70
34292 79
34293 90
34294 80
34295 81
34296 101
34297 79
34298 47
34299 44
34300 36
34301 56
34302 73
34303 76
34304 95
34305 113
34306 130
34307 43
34308 60
34309 50
34310 71
34311 77
34312 76
34313 82
34314 89
34315 41
34316 37
34317 31
34318 36
34319 33
34320 46
34321 43
34322 60
34323 41
34324 52
34325 49
34326 73
34327 74
34328 81
34329 79
34330 96
34331 67
34332 88
34333 87
34334 78
34335 96
34336 120
34337 28
34338 25
34339 48
34340 35
34341 32
34342 54
34343 57
34344 37
34345 27
34346 32
34347 47
34348 41
34349 49
34350 60
34351 82
34352 71
34353 89
34354 84
34355 78
34356 68
34357 75
34358 89
34359 105
34360 116
34361 42
34362 64
34363 60
34364 71
34365 74
34366 80
34367 90
34368 87
34369 85
34370 104
34371 114
34372 112
34373 115
34374 70
34375 67
34376 84
34377 74
34378 97
34379 102
34380 92
34381 99
34382 90
34383 85
34384 86
34385 62
34386 58
34387 66
34388 91
34389 50
34390 65
34391 66
34392 75
34393 96
34394 75
34395 78
34396 88
34397 78
34398 79
34399 86
34400 72
34401 61
34402 79
34403 95
34404 115
34405 107
34406 76
34407 86
34408 63
34409 36
34410 60
34411 79
34412 82
34413 88
34414 70
34415 24
34416 20
34417 39
34418 43
34419 50
34420 73
34421 97
34422 103
34423 95
34424 103
34425 100
34426 90
34427 93
34428 87
34429 98
34430 110
34431 62
34432 63
34433 81
34434 77
34435 80
34436 92
34437 59
34438 73
34439 92
34440 54
34441 66
34442 74
34443 75
34444 83
34445 102
34446 112
34447 63
34448 65
34449 73
34450 66
34451 71
34452 82
34453 61
34454 40
34455 48
34456 12
34457 17
34458 41
34459 33
34460 38
34461 34
34462 32
34463 53
34464 43
34465 65
34466 72
34467 91
34468 82
34469 83
34470 87
34471 108
34472 100
34473 111
34474 123
34475 122
34476 126
34477 136
34478 73
34479 70
34480 76
34481 83
34482 65
34483 60
34484 52
34485 74
34486 90
34487 58
34488 66
34489 70
34490 93
34491 93
34492 116
34493 120
34494 57
34495 73
34496 36
34497 28
34498 45
34499 12
34500 13
34501 17
34502 11
34503 2
34504 3
34505 9
34506 19
34507 27
34508 49
34509 52
34510 73
34511 63
34512 48
34513 47
34514 45
34515 44
34516 40
34517 32
34518 47
34519 51
34520 64
34521 55
34522 61
34523 40
34524 63
34525 60
34526 55
34527 70
34528 62
34529 57
34530 63
34531 67
34532 78
34533 100
34534 60
34535 61
34536 49
34537 73
34538 77
34539 82
34540 69
34541 59
34542 50
34543 52
34544 71
34545 42
34546 62
34547 64
34548 89
34549 31
34550 35
34551 28
34552 50
34553 75
34554 79
34555 95
34556 97
34557 70
34558 89
34559 57
34560 65
34561 82
34562 106
34563 59
34564 73
34565 95
34566 109
34567 89
34568 95
34569 119
34570 111
34571 66
34572 63
34573 61
34574 62
34575 49
34576 74
34577 94
34578 105
34579 84
34580 76
34581 90
34582 74
34583 92
34584 93
34585 48
34586 46
34587 40
34588 48
34589 40
34590 31
34591 29
34592 19
34593 9
34594 -1
34595 -6
34596 6
34597 1
34598 17
34599 25
34600 17
34601 38
34602 31
34603 37
34604 44
34605 47
34606 58
34607 62
34608 61
34609 67
34610 73
34611 93
34612 86
34613 19
34614 10
34615 30
34616 45
34617 46
34618 36
34619 60
34620 53
34621 69
34622 49
34623 50
34624 56
34625 61
34626 61
34627 23
34628 38
34629 45
34630 41
34631 44
34632 17
34633 12
34634 20
34635 17
34636 20
34637 41
34638 53
34639 40
34640 41
34641 62
34642 63
34643 81
34644 55
34645 80
34646 87
34647 95
34648 110
34649 66
34650 41
34651 46
34652 43
34653 42
34654 41
34655 39
34656 59
34657 41
34658 40
34659 42
34660 53
34661 61
34662 78
34663 84
34664 75
34665 66
34666 70
34667 61
34668 74
34669 93
34670 91
34671 84
34672 78
34673 77
34674 73
34675 76
34676 77
34677 83
34678 52
34679 55
34680 64
34681 76
34682 77
34683 73
34684 56
34685 81
34686 89
34687 93
34688 92
34689 87
34690 77
34691 91
34692 89
34693 66
34694 78
34695 95
34696 51
34697 54
34698 53
34699 61
34700 78
34701 88
34702 94
34703 85
34704 21
34705 20
34706 38
34707 50
34708 44
34709 60
34710 82
34711 84
34712 36
34713 32
34714 45
34715 64
34716 67
34717 60
34718 65
34719 63
34720 55
34721 48
34722 63
34723 58
34724 57
34725 60
34726 70
34727 84
34728 77
34729 53
34730 45
34731 57
34732 71
34733 79
34734 83
34735 93
34736 27
34737 44
34738 52
34739 61
34740 54
34741 76
34742 67
34743 87
34744 57
34745 65
34746 63
34747 54
34748 45
34749 38
34750 63
34751 71
34752 63
34753 68
34754 89
34755 68
34756 74
34757 66
34758 72
34759 78
34760 73
34761 90
34762 107
34763 67
34764 78
34765 35
34766 38
34767 33
34768 29
34769 40
34770 34
34771 31
34772 46
34773 53
34774 64
34775 55
34776 67
34777 77
34778 72
34779 96
34780 102
34781 65
34782 84
34783 75
34784 72
34785 62
34786 57
34787 68
34788 93
34789 100
34790 57
34791 59
34792 29
34793 48
34794 53
34795 49
34796 41
34797 33
34798 47
34799 43
34800 65
34801 38
34802 51
34803 57
34804 75
34805 69
34806 65
34807 59
34808 80
34809 74
34810 79
34811 40
34812 35
34813 27
34814 44
34815 47
34816 48
34817 55
34818 61
34819 64
34820 66
34821 73
34822 36
34823 33
34824 34
34825 29
34826 54
34827 49
34828 66
34829 70
34830 72
34831 69
34832 58
34833 83
34834 80
34835 81
34836 73
34837 63
34838 55
34839 47
34840 61
34841 68
34842 73
34843 66
34844 33
34845 35
34846 57
34847 59
34848 79
34849 39
34850 41
34851 35
34852 57
34853 72
34854 66
34855 73
34856 71
34857 72
34858 70
34859 91
34860 99
34861 34
34862 29
34863 33
34864 24
34865 29
34866 26
34867 35
34868 27
34869 25
34870 36
34871 32
34872 55
34873 47
34874 48
34875 44
34876 64
34877 71
34878 76
34879 94
34880 101
34881 65
34882 77
34883 79
34884 94
34885 100
34886 65
34887 84
34888 80
34889 85
34890 91
34891 66
34892 65
34893 39
34894 64
34895 54
34896 69
34897 60
34898 77
34899 73
34900 77
34901 61
34902 84
34903 58
34904 83
34905 57
34906 66
34907 81
34908 52
34909 77
34910 49
34911 44
34912 61
34913 81
34914 80
34915 81
34916 99
34917 113
34918 117
34919 64
34920 39
34921 40
34922 52
34923 69
34924 55
34925 66
34926 78
34927 35
34928 45
34929 44
34930 40
34931 48
34932 68
34933 64
34934 86
34935 87
34936 97
34937 102
34938 47
34939 60
34940 51
34941 71
34942 82
34943 89
34944 84
34945 85
34946 98
34947 108
34948 123
34949 31
34950 47
34951 45
34952 57
34953 71
34954 64
34955 70
34956 80
34957 100
34958 25
34959 28
34960 29
34961 30
34962 47
34963 56
34964 68
34965 76
34966 69
34967 93
34968 95
34969 78
34970 58
34971 68
34972 87
34973 56
34974 69
34975 58
34976 64
34977 54
34978 39
34979 31
34980 50
34981 69
34982 58
34983 50
34984 44
34985 66
34986 65
34987 87
34988 33
34989 45
34990 46
34991 71
34992 80
34993 75
34994 53
34995 56
34996 75
34997 64
34998 65
34999 36
35000 32
35001 55
35002 51
35003 49
35004 51
35005 62
35006 71
35007 66
35008 65
35009 57
35010 38
35011 48
35012 47
35013 64
35014 69
35015 67
35016 64
35017 39
35018 62
35019 55
35020 50
35021 73
35022 75
35023 78
35024 101
35025 88
35026 84
35027 85
35028 91
35029 55
35030 64
35031 79
35032 35
35033 25
35034 39
35035 31
35036 55
35037 60
35038 58
35039 69
35040 64
35041 34
35042 39
35043 42
35044 67
35045 59
35046 65
35047 57
35048 65
35049 56
35050 70
35051 93
35052 70
35053 63
35054 54
35055 52
35056 74
35057 74
35058 75
35059 40
35060 46
35061 64
35062 54
35063 65
35064 75
35065 71
35066 72
35067 68
35068 73
35069 70
35070 63
35071 54
35072 79
35073 73
35074 74
35075 67
35076 69
35077 64
35078 74
35079 40
35080 42
35081 61
35082 53
35083 65
35084 90
35085 91
35086 85
35087 98
35088 41
35089 42
35090 67
35091 63
35092 62
35093 53
35094 28
35095 27
35096 31
35097 46
35098 54
35099 74
35100 67
35101 46
35102 32
35103 34
35104 47
35105 38
35106 42
35107 45
35108 41
35109 50
35110 63
35111 68
35112 72
35113 85
35114 31
35115 21
35116 29
35117 40
35118 37
35119 61
35120 69
35121 77
35122 84
35123 96
35124 87
35125 78
35126 77
35127 86
35128 104
35129 99
35130 93
35131 114
35132 107
35133 113
35134 76
35135 83
35136 76
35137 25
35138 50
35139 69
35140 59
35141 64
35142 82
35143 54
35144 58
35145 67
35146 85
35147 108
35148 132
35149 47
35150 63
35151 51
35152 56
35153 52
35154 45
35155 37
35156 47
35157 71
35158 79
35159 69
35160 77
35161 86
35162 44
35163 38
35164 44
35165 43
35166 59
35167 78
35168 37
35169 62
35170 76
35171 70
35172 80
35173 57
35174 47
35175 60
35176 52
35177 75
35178 68
35179 90
35180 100
35181 96
35182 109
35183 86
35184 79
35185 75
35186 34
35187 25
35188 38
35189 31
35190 9
35191 19
35192 44
35193 53
35194 54
35195 36
35196 32
35197 22
35198 29
35199 32
35200 23
35201 25
35202 40
35203 44
35204 50
35205 49
35206 42
35207 63
35208 84
35209 72
35210 76
35211 99
35212 97
35213 83
35214 102
35215 90
35216 102
35217 73
35218 86
35219 80
35220 34
35221 41
35222 45
35223 64
35224 59
35225 62
35226 70
35227 73
35228 37
35229 61
35230 52
35231 45
35232 46
35233 56
35234 50
35235 51
35236 61
35237 46
35238 42
35239 38
35240 50
35241 72
35242 73
35243 55
35244 75
35245 87
35246 80
35247 105
35248 101
35249 99
35250 109
35251 73
35252 69
35253 66
35254 54
35255 78
35256 95
35257 84
35258 93
35259 49
35260 53
35261 57
35262 66
35263 63
35264 60
35265 80
35266 51
35267 63
35268 37
35269 45
35270 44
35271 58
35272 67
35273 78
35274 81
35275 79
35276 98
35277 92
35278 78
35279 51
35280 68
35281 65
35282 84
35283 34
35284 44
35285 36
35286 47
35287 51
35288 63
35289 50
35290 63
35291 72
35292 73
35293 79
35294 72
35295 34
35296 52
35297 76
35298 63
35299 59
35300 32
35301 34
35302 57
35303 47
35304 55
35305 34
35306 25
35307 22
35308 32
35309 37
35310 47
35311 70
35312 78
35313 77
35314 71
35315 72
35316 45
35317 44
35318 31
35319 53
35320 57
35321 79
35322 90
35323 83
35324 92
35325 49
35326 46
35327 70
35328 30
35329 37
35330 62
35331 57
35332 65
35333 52
35334 60
35335 65
35336 71
35337 64
35338 81
35339 81
35340 88
35341 101
35342 110
35343 103
35344 84
35345 86
35346 103
35347 57
35348 74
35349 83
35350 91
35351 101
35352 99
35353 83
35354 71
35355 64
35356 61
35357 60
35358 64
35359 77
35360 52
35361 41
35362 48
35363 53
35364 58
35365 68
35366 31
35367 25
35368 27
35369 33
35370 47
35371 57
35372 53
35373 50
35374 35
35375 41
35376 31
35377 34
35378 44
35379 61
35380 63
35381 86
35382 97
35383 82
35384 107
35385 103
35386 73
35387 67
35388 90
35389 113
35390 105
35391 101
35392 84
35393 99
35394 114
35395 116
35396 43
35397 43
35398 63
35399 43
35400 44
35401 68
35402 62
35403 71
35404 51
35405 66
35406 41
35407 65
35408 52
35409 42
35410 34
35411 36
35412 35
35413 25
35414 27
35415 18
35416 9
35417 11
35418 18
35419 31
35420 37
35421 60
35422 80
35423 75
35424 56
35425 65
35426 73
35427 46
35428 44
35429 50
35430 55
35431 72
35432 70
35433 63
35434 70
35435 93
35436 34
35437 28
35438 49
35439 74
35440 97
35441 93
35442 97
35443 51
35444 44
35445 67
35446 75
35447 76
35448 89
35449 75
35450 66
35451 74
35452 95
35453 28
35454 24
35455 35
35456 30
35457 48
35458 44
35459 47
35460 55
35461 58
35462 65
35463 63
35464 84
35465 94
35466 31
35467 55
35468 68
35469 84
35470 77
35471 59
35472 68
35473 70
35474 64
35475 57
35476 54
35477 46
35478 17
35479 21
35480 28
35481 32
35482 51
35483 56
35484 46
35485 36
35486 42
35487 44
35488 33
35489 32
35490 46
35491 58
35492 71
35493 66
35494 71
35495 86
35496 82
35497 79
35498 78
35499 58
35500 60
35501 70
35502 36
35503 44
35504 32
35505 28
35506 30
35507 37
35508 55
35509 60
35510 34
35511 30
35512 35
35513 29
35514 37
35515 38
35516 37
35517 30
35518 24
35519 35
35520 33
35521 31
35522 21
35523 40
35524 57
35525 76
35526 86
35527 57
35528 79
35529 83
35530 93
35531 94
35532 82
35533 77
35534 96
35535 37
35536 46
35537 57
35538 67
35539 59
35540 31
35541 55
35542 52
35543 62
35544 80
35545 69
35546 63
35547 54
35548 52
35549 53
35550 45
35551 46
35552 48
35553 51
35554 41
35555 20
35556 36
35557 56
35558 55
35559 77
35560 83
35561 53
35562 44
35563 34
35564 59
35565 67
35566 73
35567 83
35568 34
35569 25
35570 16
35571 36
35572 53
35573 61
35574 40
35575 63
35576 67
35577 59
35578 49
35579 50
35580 51
35581 60
35582 68
35583 50
35584 52
35585 68
35586 59
35587 64
35588 55
35589 65
35590 70
35591 92
35592 106
35593 110
35594 97
35595 41
35596 60
35597 85
35598 65
35599 42
35600 44
35601 35
35602 29
35603 28
35604 46
35605 40
35606 38
35607 32
35608 27
35609 34
35610 36
35611 33
35612 52
35613 59
35614 69
35615 61
35616 79
35617 70
35618 85
35619 76
35620 42
35621 65
35622 85
35623 75
35624 33
35625 51
35626 67
35627 68
35628 89
35629 57
35630 80
35631 81
35632 95
35633 115
35634 116
35635 72
35636 75
35637 88
35638 71
35639 22
35640 30
35641 21
35642 17
35643 28
35644 36
35645 48
35646 55
35647 59
35648 68
35649 73
35650 77
35651 81
35652 87
35653 74
35654 64
35655 88
35656 94
35657 78
35658 71
35659 92
35660 88
35661 25
35662 22
35663 33
35664 47
35665 28
35666 29
35667 43
35668 46
35669 66
35670 58
35671 82
35672 58
35673 61
35674 63
35675 56
35676 75
35677 53
35678 49
35679 41
35680 37
35681 40
35682 57
35683 67
35684 64
35685 60
35686 50
35687 47
35688 46
35689 57
35690 49
35691 64
35692 84
35693 94
35694 65
35695 83
35696 81
35697 91
35698 107
35699 48
35700 47
35701 48
35702 59
35703 55
35704 74
35705 95
35706 49
35707 71
35708 72
35709 91
35710 39
35711 44
35712 44
35713 35
35714 41
35715 40
35716 39
35717 45
35718 65
35719 77
35720 56
35721 56
35722 75
35723 54
35724 56
35725 60
35726 69
35727 78
35728 95
35729 120
35730 94
35731 116
35732 36
35733 54
35734 47
35735 47
35736 56
35737 60
35738 55
35739 45
35740 43
35741 41
35742 42
35743 50
35744 37
35745 27
35746 48
35747 63
35748 83
35749 84
35750 91
35751 114
35752 126
35753 61
35754 68
35755 65
35756 55
35757 73
35758 72
35759 79
35760 71
35761 89
35762 84
35763 59
35764 77
35765 98
35766 89
35767 90
35768 106
35769 79
35770 70
35771 71
35772 69
35773 71
35774 69
35775 70
35776 67
35777 69
35778 51
35779 68
35780 82
35781 82
35782 90
35783 89
35784 47
35785 56
35786 76
35787 99
35788 41
35789 55
35790 62
35791 54
35792 61
35793 47
35794 49
35795 40
35796 31
35797 51
35798 49
35799 54
35800 46
35801 48
35802 43
35803 56
35804 66
35805 63
35806 71
35807 72
35808 91
35809 107
35810 79
35811 73
35812 84
35813 74
35814 67
35815 56
35816 73
35817 68
35818 52
35819 66
35820 63
35821 77
35822 73
35823 95
35824 100
35825 90
35826 90
35827 91
35828 97
35829 94
35830 101
35831 37
35832 36
35833 28
35834 18
35835 38
35836 62
35837 68
35838 84
35839 74
35840 65
35841 56
35842 51
35843 56
35844 49
35845 61
35846 70
35847 67
35848 57
35849 56
35850 60
35851 62
35852 76
35853 47
35854 33
35855 38
35856 60
35857 85
35858 83
35859 16
35860 13
35861 8
35862 16
35863 9
35864 10
35865 4
35866 21
35867 28
35868 46
35869 60
35870 52
35871 74
35872 76
35873 73
35874 54
35875 67
35876 87
35877 108
35878 116
35879 52
35880 76
35881 97
35882 94
35883 76
35884 77
35885 86
35886 101
35887 86
35888 102
35889 103
35890 49
35891 37
35892 54
35893 56
35894 30
35895 36
35896 34
35897 27
35898 31
35899 49
35900 50
35901 54
35902 45
35903 52
35904 49
35905 72
35906 76
35907 96
35908 101
35909 67
35910 75
35911 64
35912 68
35913 28
35914 33
35915 30
35916 20
35917 14
35918 6
35919 18
35920 43
35921 66
35922 89
35923 73
35924 90
35925 44
35926 17
35927 42
35928 -4
35929 9
35930 8
35931 27
35932 50
35933 42
35934 57
35935 64
35936 68
35937 38
35938 29
35939 37
35940 28
35941 51
35942 52
35943 70
35944 90
35945 87
35946 110
35947 125
35948 79
35949 95
35950 117
35951 122
35952 27
35953 48
35954 32
35955 42
35956 29
35957 34
35958 45
35959 43
35960 60
35961 74
35962 65
35963 78
35964 90
35965 115
35966 98
35967 29
35968 31
35969 28
35970 26
35971 45
35972 37
35973 45
35974 38
35975 44
35976 65
35977 70
35978 69
35979 43
35980 38
35981 36
35982 33
35983 27
35984 37
35985 61
35986 63
35987 76
35988 80
35989 81
35990 66
35991 70
35992 35
35993 38
35994 36
35995 33
35996 37
35997 54
35998 56
35999 74
36000 73
36001 69
36002 59
36003 76
36004 73
36005 79
36006 83
36007 80
36008 14
36009 34
36010 32
36011 40
36012 65
36013 77
36014 78
36015 80
36016 76
36017 75
36018 8
36019 33
36020 47
36021 58
36022 68
36023 69
36024 70
36025 80
36026 40
36027 43
36028 60
36029 83
36030 73
36031 45
36032 41
36033 44
36034 45
36035 46
36036 52
36037 58
36038 60
36039 68
36040 66
36041 72
36042 71
36043 82
36044 95
36045 96
36046 92
36047 90
36048 73
36049 69
36050 78
36051 95
36052 120
36053 63
36054 61
36055 64
36056 55
36057 60
36058 68
36059 71
36060 52
36061 53
36062 43
36063 28
36064 53
36065 46
36066 25
36067 22
36068 30
36069 27
36070 4
36071 -5
36072 20
36073 12
36074 24
36075 41
36076 54
36077 51
36078 63
36079 64
36080 59
36081 83
36082 101
36083 68
36084 57
36085 49
36086 7
36087 9
36088 20
36089 45
36090 68
36091 23
36092 43
36093 33
36094 32
36095 39
36096 35
36097 37
36098 43
36099 37
36100 34
36101 35
36102 25
36103 18
36104 38
36105 50
36106 75
36107 51
36108 47
36109 37
36110 47
36111 44
36112 41
36113 44
36114 45
36115 41
36116 8
36117 -2
36118 0
36119 22
36120 15
36121 6
36122 31
36123 30
36124 37
36125 39
36126 45
36127 53
36128 48
36129 53
36130 54
36131 60
36132 69
36133 91
36134 39
36135 46
36136 55
36137 68
36138 87
36139 102
36140 101
36141 109
36142 88
36143 48
36144 51
36145 52
36146 45
36147 54
36148 53
36149 36
36150 34
36151 27
36152 49
36153 57
36154 73
36155 92
36156 105
36157 51
36158 59
36159 57
36160 73
36161 68
36162 72
36163 83
36164 101
36165 84
36166 57
36167 66
36168 67
36169 47
36170 54
36171 69
36172 36
36173 33
36174 29
36175 39
36176 48
36177 45
36178 53
36179 43
36180 38
36181 35
36182 39
36183 31
36184 32
36185 34
36186 45
36187 52
36188 55
36189 54
36190 79
36191 103
36192 120
36193 49
36194 61
36195 63
36196 59
36197 76
36198 36
36199 32
36200 43
36201 57
36202 60
36203 69
36204 66
36205 54
36206 75
36207 73
36208 79
36209 78
36210 39
36211 42
36212 32
36213 35
36214 32
36215 51
36216 52
36217 54
36218 58
36219 57
36220 56
36221 66
36222 71
36223 83
36224 75
36225 89
36226 53
36227 35
36228 54
36229 49
36230 43
36231 55
36232 51
36233 41
36234 44
36235 68
36236 83
36237 56
36238 63
36239 21
36240 28
36241 46
36242 47
36243 68
36244 49
36245 70
36246 67
36247 68
36248 73
36249 56
36250 65
36251 64
36252 88
36253 65
36254 71
36255 75
36256 99
36257 107
36258 60
36259 81
36260 86
36261 87
36262 93
36263 114
36264 -9
36265 -12
36266 -15
36267 0
36268 1
36269 3
36270 23
36271 29
36272 40
36273 55
36274 48
36275 51
36276 60
36277 50
36278 63
36279 61
36280 53
36281 48
36282 51
36283 44
36284 38
36285 32
36286 42
36287 54
36288 46
36289 61
36290 68
36291 77
36292 76
36293 85
36294 76
36295 27
36296 25
36297 20
36298 30
36299 41
36300 53
36301 72
36302 95
36303 40
36304 33
36305 41
36306 54
36307 57
36308 76
36309 94
36310 69
36311 90
36312 91
36313 39
36314 46
36315 42
36316 34
36317 36
36318 32
36319 35
36320 33
36321 34
36322 50
36323 36
36324 37
36325 44
36326 35
36327 57
36328 47
36329 39
36330 34
36331 44
36332 62
36333 47
36334 66
36335 47
36336 65
36337 84
36338 76
36339 49
36340 70
36341 63
36342 73
36343 93
36344 36
36345 29
36346 40
36347 41
36348 48
36349 34
36350 35
36351 37
36352 52
36353 55
36354 62
36355 81
36356 49
36357 58
36358 59
36359 73
36360 71
36361 60
36362 51
36363 44
36364 45
36365 56
36366 45
36367 14
36368 28
36369 32
36370 27
36371 35
36372 38
36373 28
36374 36
36375 60
36376 72
36377 63
36378 58
36379 28
36380 44
36381 57
36382 75
36383 64
36384 71
36385 66
36386 83
36387 73
36388 67
36389 68
36390 26
36391 28
36392 36
36393 43
36394 42
36395 56
36396 62
36397 57
36398 39
36399 31
36400 26
36401 27
36402 37
36403 38
36404 32
36405 52
36406 69
36407 59
36408 66
36409 54
36410 77
36411 101
36412 48
36413 59
36414 64
36415 83
36416 75
36417 32
36418 54
36419 58
36420 52
36421 55
36422 74
36423 99
36424 82
36425 49
36426 55
36427 54
36428 59
36429 71
36430 66
36431 63
36432 87
36433 63
36434 39
36435 32
36436 33
36437 34
36438 56
36439 67
36440 62
36441 61
36442 85
36443 74
36444 38
36445 59
36446 67
36447 87
36448 65
36449 58
36450 76
36451 77
36452 79
36453 76
36454 69
36455 63
36456 81
36457 55
36458 53
36459 58
36460 78
36461 68
36462 57
36463 37
36464 49
36465 42
36466 43
36467 56
36468 49
36469 52
36470 57
36471 73
36472 80
36473 76
36474 66
36475 58
36476 57
36477 15
36478 39
36479 58
36480 60
36481 75
36482 50
36483 47
36484 58
36485 63
36486 24
36487 46
36488 44
36489 58
36490 51
36491 55
36492 74
36493 76
36494 41
36495 58
36496 52
36497 58
36498 80
36499 71
36500 80
36501 77
36502 82
36503 76
36504 82
36505 60
36506 61
36507 48
36508 61
36509 58
36510 52
36511 73
36512 72
36513 70
36514 89
36515 82
36516 77
36517 90
36518 81
36519 59
36520 54
36521 49
36522 62
36523 63
36524 44
36525 53
36526 67
36527 69
36528 87
36529 103
36530 79
36531 75
36532 87
36533 99
36534 13
36535 8
36536 31
36537 54
36538 62
36539 86
36540 99
36541 112
36542 113
36543 84
36544 100
36545 121
36546 49
36547 70
36548 66
36549 86
36550 74
36551 90
36552 94
36553 62
36554 67
36555 74
36556 72
36557 23
36558 25
36559 26
36560 29
36561 37
36562 28
36563 33
36564 30
36565 27
36566 32
36567 44
36568 46
36569 21
36570 19
36571 32
36572 44
36573 37
36574 28
36575 20
36576 16
36577 9
36578 29
36579 40
36580 40
36581 52
36582 43
36583 33
36584 34
36585 46
36586 69
36587 39
36588 58
36589 64
36590 89
36591 87
36592 59
36593 81
36594 88
36595 73
36596 87
36597 58
36598 62
36599 73
36600 71
36601 86
36602 97
36603 89
36604 60
36605 44
36606 66
36607 84
36608 48
36609 39
36610 55
36611 52
36612 54
36613 47
36614 63
36615 54
36616 74
36617 63
36618 69
36619 87
36620 98
36621 42
36622 37
36623 45
36624 58
36625 61
36626 55
36627 62
36628 72
36629 76
36630 60
36631 61
36632 33
36633 47
36634 55
36635 77
36636 56
36637 52
36638 57
36639 67
36640 60
36641 -1
36642 22
36643 21
36644 22
36645 13
36646 16
36647 13
36648 24
36649 27
36650 25
36651 28
36652 53
36653 63
36654 31
36655 49
36656 70
36657 64
36658 57
36659 64
36660 89
36661 81
36662 56
36663 46
36664 45
36665 41
36666 34
36667 49
36668 73
36669 89
36670 91
36671 53
36672 73
36673 65
36674 62
36675 65
36676 60
36677 32
36678 47
36679 45
36680 36
36681 47
36682 37
36683 50
36684 64
36685 54
36686 56
36687 80
36688 85
36689 93
36690 19
36691 36
36692 54
36693 55
36694 54
36695 49
36696 44
36697 8
36698 7
36699 8
36700 1
36701 0
36702 -10
36703 -17
36704 -27
36705 -33
36706 -32
36707 -12
36708 9
36709 34
36710 55
36711 48
36712 63
36713 68
36714 88
36715 109
36716 100
36717 62
36718 53
36719 51
36720 53
36721 69
36722 32
36723 36
36724 45
36725 51
36726 58
36727 50
36728 61
36729 60
36730 59
36731 63
36732 72
36733 74
36734 50
36735 29
36736 13
36737 28
36738 29
36739 31
36740 22
36741 31
36742 24
36743 35
36744 39
36745 52
36746 61
36747 70
36748 38
36749 36
36750 29
36751 47
36752 42
36753 40
36754 41
36755 42
36756 52
36757 58
36758 67
36759 60
36760 83
36761 70
36762 72
36763 82
36764 78
36765 68
36766 76
36767 84
36768 94
36769 105
36770 33
36771 44
36772 48
36773 66
36774 59
36775 43
36776 53
36777 54
36778 79
36779 98
36780 116
36781 44
36782 62
36783 50
36784 52
36785 65
36786 82
36787 61
36788 65
36789 62
36790 58
36791 76
36792 67
36793 72
36794 73
36795 89
36796 82
36797 79
36798 78
36799 75
36800 65
36801 61
36802 64
36803 58
36804 59
36805 53
36806 74
36807 66
36808 50
36809 63
36810 58
36811 71
36812 70
36813 65
36814 77
36815 72
36816 88
36817 79
36818 70
36819 66
36820 31
36821 32
36822 52
36823 48
36824 65
36825 72
36826 69
36827 77
36828 49
36829 67
36830 42
36831 33
36832 47
36833 54
36834 55
36835 49
36836 39
36837 59
36838 84
36839 38
36840 34
36841 40
36842 52
36843 56
36844 59
36845 80
36846 79
36847 61
36848 53
36849 64
36850 63
36851 54
36852 48
36853 40
36854 36
36855 43
36856 48
36857 54
36858 62
36859 66
36860 78
36861 79
36862 38
36863 30
36864 31
36865 40
36866 44
36867 56
36868 80
36869 70
36870 70
36871 64
36872 69
36873 62
36874 58
36875 72
36876 83
36877 79
36878 73
36879 55
36880 62
36881 62
36882 69
36883 62
36884 66
36885 62
36886 71
36887 84
36888 85
36889 68
36890 62
36891 62
36892 57
36893 68
36894 64
36895 58
36896 59
36897 28
36898 48
36899 70
36900 63
36901 39
36902 30
36903 38
36904 45
36905 29
36906 19
36907 21
36908 30
36909 36
36910 27
36911 25
36912 15
36913 25
36914 41
36915 42
36916 37
36917 38
36918 43
36919 35
36920 59
36921 44
36922 50
36923 46
36924 70
36925 71
36926 67
36927 59
36928 80
36929 96
36930 9
36931 19
36932 22
36933 30
36934 33
36935 34
36936 59
36937 50
36938 41
36939 49
36940 48
36941 41
36942 45
36943 40
36944 61
36945 85
36946 84
36947 85
36948 106
36949 45
36950 46
36951 64
36952 58
36953 54
36954 50
36955 54
36956 45
36957 37
36958 39
36959 43
36960 56
36961 71
36962 63
36963 77
36964 76
36965 72
36966 66
36967 81
36968 62
36969 78
36970 68
36971 82
36972 74
36973 64
36974 55
36975 71
36976 56
36977 38
36978 39
36979 45
36980 43
36981 66
36982 27
36983 19
36984 25
36985 27
36986 21
36987 33
36988 25
36989 19
36990 39
36991 58
36992 55
36993 43
36994 35
36995 33
36996 51
36997 57
36998 66
36999 59
37000 30
37001 35
37002 58
37003 77
37004 14
37005 23
37006 37
37007 3
37008 11
37009 28
37010 39
37011 59
37012 57
37013 46
37014 67
37015 77
37016 95
37017 49
37018 23
37019 36
37020 37
37021 27
37022 28
37023 45
37024 39
37025 28
37026 50
37027 48
37028 64
37029 62
37030 57
37031 49
37032 45
37033 43
37034 47
37035 43
37036 33
37037 41
37038 36
37039 30
37040 31
37041 33
37042 37
37043 42
37044 31
37045 30
37046 31
37047 36
37048 46
37049 70
37050 90
37051 79
37052 85
37053 92
37054 65
37055 54
37056 55
37057 52
37058 54
37059 53
37060 43
37061 46
37062 50
37063 30
37064 20
37065 44
37066 48
37067 53
37068 54
37069 13
37070 32
37071 43
37072 64
37073 56
37074 49
37075 23
37076 36
37077 46
37078 63
37079 66
37080 58
37081 81
37082 69
37083 73
37084 65
37085 71
37086 94
37087 98
37088 101
37089 22
37090 36
37091 39
37092 40
37093 54
37094 47
37095 70
37096 64
37097 78
37098 72
37099 92
37100 114
37101 87
37102 19
37103 20
37104 25
37105 41
37106 49
37107 70
37108 81
37109 50
37110 48
37111 49
37112 45
37113 42
37114 47
37115 45
37116 50
37117 61
37118 52
37119 45
37120 68
37121 71
37122 64
37123 64
37124 76
37125 74
37126 45
37127 26
37128 19
37129 27
37130 49
37131 65
37132 40
37133 51
37134 71
37135 72
37136 50
37137 58
37138 72
37139 88
37140 81
37141 75
37142 50
37143 42
37144 38
37145 51
37146 76
37147 77
37148 92
37149 47
37150 43
37151 37
37152 44
37153 53
37154 68
37155 83
37156 -2
37157 -7
37158 -1
37159 -10
37160 7
37161 11
37162 1
37163 -1
37164 7
37165 -3
37166 -11
37167 -8
37168 -13
37169 4
37170 20
37171 40
37172 57
37173 55
37174 58
37175 62
37176 70
37177 60
37178 50
37179 61
37180 82
37181 80
37182 90
37183 43
37184 53
37185 39
37186 36
37187 33
37188 41
37189 45
37190 47
37191 70
37192 43
37193 61
37194 52
37195 67
37196 68
37197 84
37198 81
37199 73
37200 94
37201 97
37202 87
37203 74
37204 73
37205 89
37206 36
37207 31
37208 46
37209 64
37210 67
37211 77
37212 72
37213 70
37214 83
37215 45
37216 64
37217 25
37218 43
37219 50
37220 27
37221 24
37222 30
37223 23
37224 25
37225 29
37226 40
37227 53
37228 61
37229 77
37230 52
37231 49
37232 42
37233 44
37234 64
37235 86
37236 78
37237 102
37238 71
37239 37
37240 49
37241 47
37242 65
37243 35
37244 54
37245 61
37246 86
37247 71
37248 95
37249 114
37250 111
37251 67
37252 84
37253 75
37254 49
37255 45
37256 57
37257 77
37258 52
37259 48
37260 28
37261 50
37262 52
37263 54
37264 56
37265 61
37266 51
37267 45
37268 41
37269 54
37270 46
37271 64
37272 59
37273 68
37274 90
37275 6
37276 10
37277 6
37278 -2
37279 17
37280 21
37281 34
37282 58
37283 48
37284 22
37285 33
37286 36
37287 40
37288 45
37289 40
37290 39
37291 10
37292 8
37293 7
37294 16
37295 34
37296 47
37297 59
37298 42
37299 62
37300 52
37301 53
37302 62
37303 30
37304 31
37305 40
37306 36
37307 27
37308 41
37309 58
37310 52
37311 51
37312 45
37313 22
37314 30
37315 31
37316 55
37317 29
37318 42
37319 51
37320 42
37321 65
37322 57
37323 74
37324 62
37325 84
37326 61
37327 86
37328 9
37329 3
37330 21
37331 29
37332 28
37333 30
37334 37
37335 54
37336 58
37337 63
37338 72
37339 77
37340 69
37341 64
37342 82
37343 65
37344 56
37345 73
37346 63
37347 58
37348 56
37349 33
37350 24
37351 42
37352 52
37353 53
37354 65
37355 60
37356 14
37357 32
37358 45
37359 35
37360 55
37361 71
37362 58
37363 30
37364 29
37365 50
37366 48
37367 70
37368 78
37369 91
37370 59
37371 50
37372 34
37373 25
37374 18
37375 20
37376 13
37377 20
37378 22
37379 25
37380 27
37381 34
37382 24
37383 32
37384 35
37385 28
37386 32
37387 30
37388 35
37389 43
37390 24
37391 37
37392 35
37393 28
37394 20
37395 31
37396 35
37397 50
37398 49
37399 59
37400 23
37401 25
37402 41
37403 44
37404 33
37405 27
37406 17
37407 15
37408 38
37409 34
37410 50
37411 45
37412 55
37413 51
37414 50
37415 55
37416 48
37417 67
37418 92
37419 68
37420 85
37421 54
37422 55
37423 47
37424 29
37425 34
37426 32
37427 55
37428 46
37429 40
37430 41
37431 52
37432 52
37433 54
37434 44
37435 36
37436 27
37437 28
37438 47
37439 44
37440 64
37441 77
37442 78
37443 79
37444 47
37445 22
37446 24
37447 27
37448 43
37449 48
37450 57
37451 55
37452 28
37453 29
37454 34
37455 37
37456 32
37457 53
37458 57
37459 -5
37460 0
37461 23
37462 31
37463 32
37464 39
37465 44
37466 46
37467 55
37468 63
37469 66
37470 62
37471 38
37472 47
37473 67
37474 75
37475 72
37476 74
37477 64
37478 58
37479 49
37480 55
37481 31
37482 45
37483 67
37484 48
37485 39
37486 56
37487 79
37488 50
37489 74
37490 84
37491 48
37492 66
37493 70
37494 63
37495 20
37496 44
37497 38
37498 48
37499 72
37500 67
37501 85
37502 60
37503 50
37504 72
37505 66
37506 54
37507 75
37508 62
37509 62
37510 38
37511 43
37512 36
37513 27
37514 14
37515 7
37516 28
37517 23
37518 34
37519 48
37520 39
37521 61
37522 77
37523 67
37524 68
37525 73
37526 80
37527 78
37528 82
37529 52
37530 50
37531 50
37532 49
37533 63
37534 63
37535 87
37536 86
37537 83
37538 45
37539 56
37540 57
37541 27
37542 12
37543 25
37544 40
37545 38
37546 34
37547 39
37548 50
37549 53
37550 76
37551 43
37552 32
37553 56
37554 69
37555 76
37556 67
37557 72
37558 83
37559 60
37560 51
37561 43
37562 35
37563 41
37564 58
37565 59
37566 64
37567 63
37568 44
37569 51
37570 70
37571 88
37572 46
37573 41
37574 37
37575 46
37576 59
37577 81
37578 54
37579 70
37580 64
37581 71
37582 76
37583 57
37584 77
37585 35
37586 57
37587 60
37588 55
37589 58
37590 67
37591 50
37592 50
37593 12
37594 21
37595 11
37596 31
37597 26
37598 16
37599 15
37600 30
37601 35
37602 34
37603 31
37604 50
37605 48
37606 42
37607 65
37608 70
37609 53
37610 62
37611 71
37612 46
37613 70
37614 58
37615 74
37616 94
37617 70
37618 30
37619 31
37620 38
37621 43
37622 64
37623 61
37624 67
37625 16
37626 31
37627 50
37628 43
37629 45
37630 69
37631 93
37632 96
37633 55
37634 69
37635 91
37636 79
37637 86
37638 19
37639 10
37640 11
37641 22
37642 46
37643 44
37644 36
37645 28
37646 43
37647 52
37648 31
37649 38
37650 30
37651 42
37652 46
37653 37
37654 57
37655 53
37656 70
37657 83
37658 63
37659 76
37660 82
37661 95
37662 86
37663 78
37664 39
37665 53
37666 71
37667 77
37668 75
37669 91
37670 95
37671 66
37672 55
37673 45
37674 57
37675 72
37676 68
37677 62
37678 59
37679 55
37680 80
37681 52
37682 74
37683 89
37684 89
37685 79
37686 70
37687 76
37688 29
37689 45
37690 64
37691 72
37692 65
37693 57
37694 62
37695 45
37696 47
37697 60
37698 58
37699 68
37700 74
37701 67
37702 87
37703 89
37704 73
37705 74
37706 32
37707 32
37708 26
37709 45
37710 37
37711 35
37712 47
37713 49
37714 46
37715 42
37716 54
37717 79
37718 69
37719 68
37720 60
37721 50
37722 51
37723 25
37724 15
37725 27
37726 47
37727 37
37728 40
37729 34
37730 16
37731 32
37732 28
37733 42
37734 57
37735 62
37736 34
37737 53
37738 51
37739 69
37740 67
37741 65
37742 75
37743 61
37744 31
37745 23
37746 22
37747 23
37748 22
37749 14
37750 25
37751 23
37752 27
37753 34
37754 28
37755 47
37756 43
37757 50
37758 53
37759 52
37760 53
37761 58
37762 67
37763 55
37764 71
37765 88
37766 95
37767 87
37768 60
37769 71
37770 96
37771 105
37772 34
37773 29
37774 24
37775 48
37776 38
37777 52
37778 43
37779 57
37780 28
37781 43
37782 44
37783 45
37784 47
37785 43
37786 62
37787 55
37788 58
37789 55
37790 62
37791 54
37792 72
37793 76
37794 82
37795 76
37796 99
37797 112
37798 72
37799 65
37800 73
37801 80
37802 54
37803 69
37804 26
37805 36
37806 61
37807 73
37808 49
37809 51
37810 62
37811 77
37812 48
37813 52
37814 54
37815 46
37816 49
37817 69
37818 62
37819 82
37820 65
37821 14
37822 28
37823 53
37824 56
37825 57
37826 59
37827 76
37828 71
37829 77
37830 60
37831 67
37832 43
37833 46
37834 40
37835 52
37836 57
37837 64
37838 54
37839 57
37840 40
37841 36
37842 50
37843 55
37844 50
37845 58
37846 56
37847 13
37848 16
37849 21
37850 40
37851 45
37852 42
37853 63
37854 -25
37855 -4
37856 -14
37857 -11
37858 -3
37859 15
37860 38
37861 34
37862 26
37863 16
37864 41
37865 66
37866 57
37867 60
37868 52
37869 76
37870 71
37871 67
37872 33
37873 46
37874 62
37875 85
37876 22
37877 22
37878 31
37879 23
37880 37
37881 36
37882 52
37883 46
37884 64
37885 66
37886 82
37887 87
37888 41
37889 32
37890 53
37891 35
37892 27
37893 47
37894 71
37895 63
37896 55
37897 46
37898 62
37899 56
37900 64
37901 70
37902 88
37903 98
37904 99
37905 109
37906 0
37907 -1
37908 20
37909 27
37910 42
37911 36
37912 33
37913 25
37914 40
37915 32
37916 39
37917 47
37918 59
37919 59
37920 65
37921 9
37922 7
37923 26
37924 19
37925 14
37926 29
37927 37
37928 52
37929 54
37930 50
37931 51
37932 32
37933 24
37934 40
37935 46
37936 36
37937 43
37938 41
37939 51
37940 53
37941 46
37942 63
37943 71
37944 63
37945 62
37946 86
37947 55
37948 50
37949 68
37950 83
37951 108
37952 66
37953 50
37954 73
37955 75
37956 50
37957 62
37958 44
37959 46
37960 20
37961 21
37962 39
37963 24
37964 17
37965 30
37966 51
37967 45
37968 43
37969 35
37970 38
37971 57
37972 65
37973 73
37974 71
37975 68
37976 78
37977 93
37978 103
37979 76
37980 77
37981 79
37982 44
37983 37
37984 23
37985 38
37986 49
37987 47
37988 51
37989 52
37990 63
37991 73
37992 54
37993 50
37994 40
37995 43
37996 58
37997 70
37998 75
37999 85
38000 82
38001 46
38002 50
38003 3
38004 5
38005 18
38006 39
38007 43
38008 35
38009 55
38010 58
38011 70
38012 64
38013 83
38014 73
38015 82
38016 28
38017 26
38018 24
38019 29
38020 30
38021 46
38022 56
38023 74
38024 93
38025 68
38026 42
38027 64
38028 74
38029 -10
38030 -16
38031 0
38032 14
38033 28
38034 21
38035 22
38036 21
38037 44
38038 52
38039 66
38040 69
38041 93
38042 67
38043 61
38044 82
38045 38
38046 30
38047 25
38048 33
38049 26
38050 39
38051 35
38052 54
38053 78
38054 89
38055 81
38056 25
38057 46
38058 45
38059 46
38060 66
38061 65
38062 39
38063 21
38064 33
38065 43
38066 37
38067 29
38068 24
38069 28
38070 29
38071 22
38072 23
38073 32
38074 48
38075 57
38076 68
38077 64
38078 54
38079 53
38080 29
38081 39
38082 58
38083 70
38084 67
38085 78
38086 35
38087 42
38088 44
38089 35
38090 47
38091 40
38092 30
38093 22
38094 13
38095 10
38096 1
38097 -4
38098 6
38099 15
38100 22
38101 32
38102 41
38103 48
38104 39
38105 53
38106 35
38107 38
38108 29
38109 36
38110 28
38111 31
38112 42
38113 48
38114 46
38115 41
38116 47
38117 68
38118 70
38119 71
38120 36
38121 31
38122 43
38123 37
38124 47
38125 46
38126 52
38127 50
38128 55
38129 59
38130 75
38131 68
38132 72
38133 90
38134 84
38135 51
38136 63
38137 56
38138 62
38139 63
38140 64
38141 45
38142 36
38143 21
38144 20
38145 25
38146 24
38147 21
38148 29
38149 44
38150 63
38151 61
38152 60
38153 75
38154 69
38155 84
38156 74
38157 38
38158 55
38159 45
38160 68
38161 73
38162 81
38163 66
38164 62
38165 58
38166 70
38167 95
38168 97
38169 118
38170 109
38171 64
38172 40
38173 47
38174 69
38175 70
38176 68
38177 73
38178 67
38179 78
38180 74
38181 66
38182 71
38183 17
38184 39
38185 57
38186 63
38187 42
38188 53
38189 57
38190 75
38191 83
38192 61
38193 81
38194 2
38195 27
38196 36
38197 54
38198 26
38199 32
38200 50
38201 32
38202 26
38203 44
38204 51
38205 44
38206 48
38207 59
38208 54
38209 53
38210 63
38211 62
38212 85
38213 81
38214 93
38215 48
38216 46
38217 51
38218 32
38219 30
38220 42
38221 50
38222 47
38223 37
38224 39
38225 52
38226 25
38227 24
38228 49
38229 31
38230 32
38231 40
38232 22
38233 34
38234 26
38235 16
38236 22
38237 44
38238 59
38239 68
38240 67
38241 64
38242 66
38243 32
38244 34
38245 49
38246 50
38247 41
38248 42
38249 66
38250 69
38251 63
38252 32
38253 36
38254 39
38255 43
38256 46
38257 42
38258 43
38259 44
38260 48
38261 28
38262 32
38263 35
38264 41
38265 64
38266 65
38267 58
38268 57
38269 76
38270 52
38271 14
38272 31
38273 51
38274 43
38275 59
38276 44
38277 43
38278 57
38279 52
38280 67
38281 57
38282 49
38283 59
38284 63
38285 79
38286 87
38287 54
38288 56
38289 50
38290 40
38291 61
38292 81
38293 93
38294 25
38295 32
38296 29
38297 22
38298 24
38299 29
38300 53
38301 51
38302 41
38303 42
38304 50
38305 69
38306 68
38307 53
38308 46
38309 44
38310 38
38311 31
38312 56
38313 68
38314 69
38315 79
38316 57
38317 50
38318 63
38319 51
38320 37
38321 29
38322 37
38323 33
38324 46
38325 20
38326 14
38327 4
38328 24
38329 43
38330 42
38331 65
38332 61
38333 66
38334 47
38335 70
38336 82
38337 99
38338 43
38339 44
38340 45
38341 55
38342 25
38343 30
38344 53
38345 50
38346 48
38347 43
38348 39
38349 62
38350 74
38351 60
38352 50
38353 46
38354 47
38355 56
38356 11
38357 26
38358 27
38359 25
38360 37
38361 52
38362 50
38363 34
38364 37
38365 60
38366 71
38367 79
38368 76
38369 74
38370 60
38371 35
38372 33
38373 41
38374 55
38375 66
38376 56
38377 62
38378 76
38379 81
38380 60
38381 50
38382 67
38383 79
38384 78
38385 10
38386 31
38387 34
38388 36
38389 61
38390 51
38391 48
38392 41
38393 39
38394 33
38395 31
38396 21
38397 14
38398 12
38399 20
38400 35
38401 16
38402 21
38403 22
38404 31
38405 27
38406 34
38407 38
38408 44
38409 38
38410 32
38411 55
38412 56
38413 64
38414 70
38415 34
38416 1
38417 16
38418 29
38419 52
38420 49
38421 48
38422 44
38423 48
38424 42
38425 44
38426 45
38427 39
38428 57
38429 52
38430 54
38431 66
38432 68
38433 80
38434 34
38435 24
38436 43
38437 36
38438 46
38439 68
38440 67
38441 82
38442 58
38443 43
38444 4
38445 5
38446 29
38447 27
38448 52
38449 22
38450 37
38451 27
38452 50
38453 43
38454 36
38455 10
38456 22
38457 20
38458 33
38459 42
38460 34
38461 33
38462 50
38463 25
38464 20
38465 23
38466 33
38467 49
38468 40
38469 38
38470 41
38471 47
38472 71
38473 87
38474 79
38475 68
38476 50
38477 69
38478 82
38479 91
38480 84
38481 62
38482 56
38483 59
38484 51
38485 66
38486 54
38487 55
38488 47
38489 70
38490 74
38491 58
38492 60
38493 76
38494 29
38495 22
38496 19
38497 40
38498 45
38499 42
38500 42
38501 65
38502 49
38503 44
38504 39
38505 53
38506 51
38507 56
38508 64
38509 53
38510 55
38511 50
38512 40
38513 38
38514 59
38515 71
38516 71
38517 63
38518 45
38519 62
38520 57
38521 58
38522 53
38523 51
38524 71
38525 90
38526 25
38527 49
38528 50
38529 20
38530 16
38531 11
38532 34
38533 42
38534 39
38535 60
38536 83
38537 36
38538 38
38539 -6
38540 -2
38541 7
38542 15
38543 7
38544 11
38545 35
38546 35
38547 26
38548 41
38549 47
38550 39
38551 30
38552 35
38553 37
38554 44
38555 51
38556 72
38557 69
38558 46
38559 38
38560 26
38561 37
38562 51
38563 23
38564 31
38565 -15
38566 -25
38567 -22
38568 -16
38569 -10
38570 -18
38571 -4
38572 -14
38573 -13
38574 -21
38575 -14
38576 -10
38577 2
38578 16
38579 28
38580 35
38581 36
38582 59
38583 72
38584 82
38585 36
38586 40
38587 45
38588 54
38589 56
38590 66
38591 86
38592 45
38593 44
38594 67
38595 77
38596 70
38597 91
38598 60
38599 75
38600 70
38601 82
38602 30
38603 27
38604 52
38605 74
38606 56
38607 81
38608 61
38609 76
38610 47
38611 52
38612 49
38613 52
38614 43
38615 60
38616 56
38617 64
38618 36
38619 60
38620 70
38621 52
38622 41
38623 22
38624 47
38625 47
38626 53
38627 71
38628 71
38629 57
38630 68
38631 67
38632 45
38633 58
38634 23
38635 28
38636 26
38637 43
38638 58
38639 52
38640 65
38641 71
38642 60
38643 76
38644 66
38645 87
38646 49
38647 10
38648 31
38649 28
38650 18
38651 24
38652 15
38653 16
38654 32
38655 43
38656 61
38657 42
38658 12
38659 13
38660 6
38661 -2
38662 -3
38663 -6
38664 15
38665 35
38666 44
38667 60
38668 71
38669 62
38670 75
38671 78
38672 13
38673 38
38674 39
38675 51
38676 68
38677 79
38678 76
38679 52
38680 56
38681 62
38682 73
38683 48
38684 71
38685 30
38686 30
38687 48
38688 53
38689 54
38690 31
38691 36
38692 26
38693 21
38694 27
38695 37
38696 50
38697 45
38698 64
38699 67
38700 49
38701 21
38702 14
38703 11
38704 15
38705 8
38706 1
38707 26
38708 32
38709 24
38710 45
38711 40
38712 49
38713 22
38714 42
38715 37
38716 40
38717 56
38718 52
38719 55
38720 56
38721 75
38722 91
38723 83
38724 97
38725 87
38726 61
38727 62
38728 52
38729 56
38730 30
38731 44
38732 38
38733 48
38734 47
38735 41
38736 64
38737 43
38738 39
38739 26
38740 17
38741 34
38742 29
38743 34
38744 35
38745 23
38746 27
38747 31
38748 49
38749 46
38750 67
38751 59
38752 63
38753 28
38754 27
38755 23
38756 48
38757 50
38758 45
38759 37
38760 45
38761 48
38762 44
38763 45
38764 44
38765 61
38766 58
38767 41
38768 32
38769 53
38770 52
38771 67
38772 71
38773 62
38774 54
38775 52
38776 41
38777 52
38778 62
38779 64
38780 59
38781 68
38782 47
38783 44
38784 26
38785 27
38786 41
38787 54
38788 35
38789 39
38790 29
38791 21
38792 37
38793 27
38794 28
38795 46
38796 61
38797 57
38798 64
38799 60
38800 17
38801 15
38802 14
38803 26
38804 0
38805 5
38806 -1
38807 19
38808 9
38809 2
38810 -4
38811 7
38812 8
38813 22
38814 19
38815 13
38816 25
38817 28
38818 39
38819 54
38820 67
38821 73
38822 92
38823 47
38824 69
38825 45
38826 46
38827 62
38828 51
38829 68
38830 58
38831 83
38832 62
38833 69
38834 34
38835 57
38836 48
38837 40
38838 -13
38839 5
38840 0
38841 22
38842 34
38843 32
38844 33
38845 53
38846 77
38847 42
38848 59
38849 37
38850 45
38851 50
38852 49
38853 62
38854 60
38855 81
38856 45
38857 41
38858 65
38859 84
38860 88
38861 45
38862 39
38863 51
38864 67
38865 68
38866 61
38867 28
38868 35
38869 25
38870 31
38871 38
38872 42
38873 45
38874 31
38875 30
38876 53
38877 56
38878 36
38879 -22
38880 -29
38881 -18
38882 2
38883 10
38884 11
38885 2
38886 -2
38887 11
38888 5
38889 25
38890 26
38891 38
38892 29
38893 32
38894 40
38895 46
38896 70
38897 49
38898 63
38899 50
38900 73
38901 57
38902 76
38903 72
38904 68
38905 54
38906 64
38907 84
38908 36
38909 27
38910 26
38911 47
38912 43
38913 23
38914 30
38915 21
38916 18
38917 5
38918 27
38919 36
38920 45
38921 59
38922 24
38923 36
38924 57
38925 64
38926 43
38927 38
38928 48
38929 40
38930 23
38931 47
38932 39
38933 33
38934 27
38935 36
38936 37
38937 39
38938 35
38939 55
38940 62
38941 80
38942 12
38943 31
38944 19
38945 28
38946 32
38947 43
38948 44
38949 42
38950 56
38951 68
38952 72
38953 89
38954 76
38955 72
38956 63
38957 76
38958 45
38959 38
38960 59
38961 52
38962 63
38963 59
38964 62
38965 53
38966 49
38967 44
38968 68
38969 58
38970 59
38971 75
38972 29
38973 32
38974 45
38975 55
38976 46
38977 49
38978 63
38979 69
38980 93
38981 85
38982 63
38983 50
38984 53
38985 43
38986 59
38987 54
38988 37
38989 55
38990 58
38991 75
38992 63
38993 61
38994 45
38995 60
38996 35
38997 43
38998 37
38999 46
39000 67
39001 48
39002 70
39003 73
39004 60
39005 67
39006 54
39007 70
39008 38
39009 33
39010 32
39011 44
39012 11
39013 29
39014 36
39015 57
39016 69
39017 60
39018 62
39019 75
39020 70
39021 59
39022 64
39023 26
39024 31
39025 33
39026 38
39027 53
39028 44
39029 35
39030 29
39031 37
39032 32
39033 34
39034 39
39035 36
39036 35
39037 52
39038 71
39039 73
39040 53
39041 39
39042 48
39043 22
39044 30
39045 28
39046 38
39047 30
39048 25
39049 20
39050 18
39051 30
39052 31
39053 43
39054 41
39055 42
39056 66
39057 61
39058 69
39059 73
39060 24
39061 37
39062 46
39063 50
39064 36
39065 59
39066 77
39067 49
39068 -10
39069 -11
39070 -16
39071 -21
39072 -13
39073 -21
39074 2
39075 21
39076 42
39077 58
39078 60
39079 57
39080 47
39081 39
39082 38
39083 34
39084 30
39085 27
39086 31
39087 37
39088 56
39089 27
39090 22
39091 35
39092 58
39093 48
39094 62
39095 77
39096 49
39097 60
39098 45
39099 48
39100 60
39101 81
39102 67
39103 71
39104 31
39105 43
39106 40
39107 44
39108 37
39109 28
39110 29
39111 44
39112 43
39113 48
39114 69
39115 61
39116 36
39117 42
39118 58
39119 64
39120 57
39121 68
39122 70
39123 66
39124 59
39125 42
39126 50
39127 68
39128 64
39129 72
39130 84
39131 74
39132 -14
39133 -5
39134 -3
39135 -6
39136 19
39137 -8
39138 7
39139 10
39140 15
39141 18
39142 21
39143 38
39144 58
39145 73
39146 83
39147 65
39148 34
39149 39
39150 35
39151 58
39152 31
39153 15
39154 5
39155 -2
39156 6
39157 10
39158 3
39159 -1
39160 3
39161 10
39162 26
39163 21
39164 30
39165 34
39166 24
39167 21
39168 22
39169 15
39170 5
39171 -5
39172 -9
39173 -7
39174 11
39175 27
39176 24
39177 43
39178 41
39179 59
39180 56
39181 59
39182 50
39183 49
39184 29
39185 44
39186 64
39187 75
39188 66
39189 86
39190 79
39191 16
39192 20
39193 22
39194 31
39195 26
39196 51
39197 40
39198 53
39199 47
39200 55
39201 36
39202 41
39203 60
39204 17
39205 42
39206 43
39207 37
39208 48
39209 37
39210 48
39211 60
39212 47
39213 46
39214 41
39215 35
39216 48
39217 46
39218 37
39219 47
39220 50
39221 48
39222 65
39223 65
39224 73
39225 93
39226 117
39227 95
39228 53
39229 41
39230 35
39231 40
39232 35
39233 0
39234 25
39235 15
39236 36
39237 36
39238 24
39239 21
39240 18
39241 10
39242 11
39243 12
39244 10
39245 35
39246 51
39247 73
39248 38
39249 62
39250 58
39251 53
39252 32
39253 51
39254 43
39255 49
39256 29
39257 54
39258 71
39259 73
39260 62
39261 79
39262 79
39263 44
39264 37
39265 50
39266 75
39267 66
39268 49
39269 47
39270 23
39271 38
39272 43
39273 42
39274 53
39275 43
39276 49
39277 54
39278 78
39279 47
39280 48
39281 32
39282 22
39283 -33
39284 -32
39285 -23
39286 -9
39287 -8
39288 -16
39289 -15
39290 8
39291 0
39292 2
39293 5
39294 0
39295 9
39296 -1
39297 18
39298 24
39299 43
39300 46
39301 22
39302 20
39303 40
39304 25
39305 19
39306 25
39307 30
39308 26
39309 22
39310 34
39311 38
39312 29
39313 34
39314 26
39315 50
39316 44
39317 46
39318 40
39319 37
39320 56
39321 72
39322 23
39323 30
39324 42
39325 43
39326 34
39327 33
39328 33
39329 32
39330 27
39331 21
39332 33
39333 29
39334 44
39335 40
39336 45
39337 67
39338 87
39339 83
39340 64
39341 53
39342 38
39343 43
39344 33
39345 46
39346 7
39347 13
39348 18
39349 26
39350 36
39351 32
39352 38
39353 33
39354 50
39355 64
39356 33
39357 44
39358 58
39359 -17
39360 -20
39361 -26
39362 -24
39363 -15
39364 -17
39365 -4
39366 -1
39367 -3
39368 11
39369 7
39370 27
39371 23
39372 18
39373 22
39374 18
39375 -4
39376 -5
39377 -6
39378 4
39379 -1
39380 1
39381 -4
39382 11
39383 18
39384 16
39385 8
39386 18
39387 20
39388 41
39389 36
39390 29
39391 43
39392 56
39393 51
39394 44
39395 45
39396 35
39397 33
39398 30
39399 55
39400 63
39401 67
39402 72
39403 66
39404 38
39405 30
39406 25
39407 39
39408 33
39409 30
39410 46
39411 57
39412 72
39413 83
39414 60
39415 65
39416 64
39417 45
39418 54
39419 65
39420 72
39421 49
39422 68
39423 93
39424 75
39425 69
39426 50
39427 20
39428 13
39429 16
39430 18
39431 26
39432 16
39433 26
39434 50
39435 53
39436 66
39437 44
39438 18
39439 20
39440 36
39441 56
39442 48
39443 53
39444 52
39445 23
39446 20
39447 25
39448 16
39449 40
39450 60
39451 75
39452 48
39453 30
39454 20
39455 21
39456 38
39457 41
39458 43
39459 46
39460 63
39461 3
39462 7
39463 -3
39464 -1
39465 -2
39466 -12
39467 -4
39468 10
39469 20
39470 34
39471 50
39472 42
39473 45
39474 44
39475 51
39476 34
39477 46
39478 47
39479 36
39480 29
39481 49
39482 62
39483 35
39484 28
39485 49
39486 55
39487 61
39488 40
39489 56
39490 58
39491 67
39492 81
39493 65
39494 6
39495 4
39496 14
39497 4
39498 -5
39499 14
39500 15
39501 5
39502 6
39503 2
39504 20
39505 23
39506 18
39507 23
39508 41
39509 34
39510 53
39511 70
39512 65
39513 54
39514 73
39515 91
39516 102
39517 22
39518 30
39519 28
39520 29
39521 19
39522 20
39523 29
39524 44
39525 53
39526 56
39527 30
39528 33
39529 50
39530 46
39531 49
39532 43
39533 34
39534 -2
39535 -5
39536 -4
39537 -6
39538 -8
39539 -12
39540 0
39541 24
39542 16
39543 23
39544 18
39545 16
39546 21
39547 35
39548 51
39549 25
39550 26
39551 20
39552 34
39553 28
39554 49
39555 47
39556 40
39557 46
39558 49
39559 24
39560 49
39561 45
39562 53
39563 74
39564 65
39565 44
39566 38
39567 35
39568 58
39569 50
39570 47
39571 66
39572 59
39573 57
39574 69
39575 61
39576 82
39577 72
39578 49
39579 37
39580 55
39581 59
39582 18
39583 15
39584 26
39585 47
39586 42
39587 36
39588 30
39589 27
39590 41
39591 29
39592 32
39593 18
39594 15
39595 29
39596 34
39597 25
39598 22
39599 12
39600 28
39601 47
39602 67
39603 60
39604 59
39605 58
39606 62
39607 40
39608 26
39609 21
39610 45
39611 15
39612 14
39613 13
39614 15
39615 26
39616 32
39617 37
39618 39
39619 29
39620 39
39621 48
39622 38
39623 59
39624 52
39625 18
39626 43
39627 34
39628 52
39629 56
39630 45
39631 47
39632 58
39633 50
39634 59
39635 77
39636 80
39637 33
39638 28
39639 25
39640 32
39641 36
39642 39
39643 9
39644 22
39645 12
39646 8
39647 29
39648 45
39649 34
39650 29
39651 42
39652 38
39653 18
39654 12
39655 10
39656 11
39657 24
39658 18
39659 24
39660 43
39661 58
39662 75
39663 96
39664 67
39665 10
39666 3
39667 2
39668 1
39669 24
39670 41
39671 34
39672 47
39673 39
39674 52
39675 71
39676 0
39677 25
39678 29
39679 20
39680 26
39681 42
39682 41
39683 60
39684 63
39685 78
39686 54
39687 49
39688 24
39689 46
39690 58
39691 63
39692 52
39693 51
39694 45
39695 57
39696 32
39697 46
39698 51
39699 66
39700 68
39701 36
39702 49
39703 70
39704 11
39705 12
39706 17
39707 24
39708 30
39709 35
39710 30
39711 52
39712 30
39713 49
39714 12
39715 31
39716 32
39717 31
39718 47
39719 16
39720 6
39721 29
39722 40
39723 50
39724 62
39725 2
39726 5
39727 -3
39728 20
39729 27
39730 11
39731 4
39732 28
39733 28
39734 22
39735 30
39736 40
39737 47
39738 64
39739 44
39740 46
39741 44
39742 31
39743 34
39744 33
39745 32
39746 32
39747 22
39748 29
39749 32
39750 34
39751 29
39752 20
39753 11
39754 6
39755 28
39756 41
39757 32
39758 26
39759 41
39760 55
39761 74
39762 40
39763 19
39764 12
39765 10
39766 24
39767 45
39768 36
39769 41
39770 39
39771 42
39772 40
39773 36
39774 27
39775 18
39776 32
39777 24
39778 29
39779 36
39780 57
39781 56
39782 66
39783 45
39784 -25
39785 -22
39786 -32
39787 -26
39788 -23
39789 -25
39790 -14
39791 -23
39792 -26
39793 -36
39794 -43
39795 -26
39796 -28
39797 -38
39798 -16
39799 -15
39800 7
39801 23
39802 47
39803 37
39804 54
39805 69
39806 37
39807 38
39808 31
39809 50
39810 60
39811 65
39812 63
39813 64
39814 40
39815 33
39816 37
39817 7
39818 27
39819 47
39820 45
39821 46
39822 51
39823 75
39824 25
39825 43
39826 54
39827 46
39828 70
39829 82
39830 40
39831 -2
39832 4
39833 -2
39834 -13
39835 -6
39836 -5
39837 8
39838 23
39839 15
39840 16
39841 28
39842 32
39843 40
39844 31
39845 22
39846 23
39847 19
39848 28
39849 9
39850 10
39851 22
39852 47
39853 56
39854 54
39855 60
39856 59
39857 71
39858 94
39859 58
39860 57
39861 60
39862 22
39863 21
39864 26
39865 47
39866 43
39867 44
39868 35
39869 44
39870 6
39871 12
39872 10
39873 33
39874 34
39875 36
39876 56
39877 76
39878 41
39879 55
39880 56
39881 61
39882 75
39883 9
39884 12
39885 4
39886 3
39887 0
39888 6
39889 31
39890 53
39891 45
39892 50
39893 56
39894 50
39895 38
39896 55
39897 66
39898 76
39899 86
39900 80
39901 73
39902 83
39903 62
39904 35
39905 46
39906 50
39907 46
39908 37
39909 60
39910 65
39911 43
39912 36
39913 37
39914 -5
39915 10
39916 3
39917 18
39918 29
39919 24
39920 32
39921 26
39922 19
39923 17
39924 10
39925 27
39926 32
39927 27
39928 33
39929 34
39930 31
39931 32
39932 47
39933 60
39934 53
39935 35
39936 39
39937 42
39938 13
39939 24
39940 20
39941 -1
39942 20
39943 44
39944 40
39945 57
39946 64
39947 36
39948 43
39949 51
39950 64
39951 40
39952 50
39953 57
39954 76
39955 8
39956 12
39957 14
39958 25
39959 45
39960 3
39961 25
39962 24
39963 23
39964 27
39965 37
39966 40
39967 38
39968 52
39969 49
39970 12
39971 23
39972 27
39973 47
39974 49
39975 51
39976 25
39977 19
39978 17
39979 9
39980 -4
39981 -1
39982 -10
39983 -6
39984 10
39985 17
39986 19
39987 36
39988 33
39989 38
39990 40
39991 35
39992 46
39993 60
39994 82
39995 40
39996 36
39997 60
39998 46
39999 39
40000 49
40001 52
40002 71
40003 45
40004 41
40005 20
40006 22
40007 18
40008 20
40009 16
40010 30
40011 -39
40012 -46
40013 -31
40014 -8
40015 3
40016 21
40017 30
40018 32
40019 53
40020 70
40021 58
40022 50
40023 47
40024 56
40025 47
40026 46
40027 45
40028 33
40029 28
40030 21
40031 38
40032 63
40033 -8
40034 -12
40035 1
40036 24
40037 22
40038 34
40039 52
40040 38
40041 45
40042 20
40043 26
40044 22
40045 40
40046 42
40047 30
40048 37
40049 58
40050 53
40051 44
40052 60
40053 39
40054 40
40055 47
40056 29
40057 50
40058 58
40059 30
40060 50
40061 46
40062 38
40063 30
40064 28
40065 46
40066 37
40067 40
40068 47
40069 40
40070 37
40071 35
40072 33
40073 22
40074 14
40075 20
40076 30
40077 26
40078 28
40079 42
40080 64
40081 71
40082 54
40083 59
40084 30
40085 31
40086 33
40087 50
40088 48
40089 45
40090 35
40091 36
40092 49
40093 43
40094 50
40095 43
40096 63
40097 69
40098 59
40099 34
40100 41
40101 42
40102 36
40103 57
40104 50
40105 51
40106 66
40107 52
40108 33
40109 55
40110 19
40111 32
40112 51
40113 2
40114 20
40115 18
40116 23
40117 28
40118 25
40119 47
40120 52
40121 73
40122 48
40123 71
40124 61
40125 17
40126 30
40127 52
40128 42
40129 47
40130 43
40131 61
40132 74
40133 59
40134 20
40135 26
40136 49
40137 55
40138 41
40139 34
40140 39
40141 62
40142 80
40143 86
40144 48
40145 26
40146 24
40147 25
40148 34
40149 51
40150 41
40151 64
40152 69
40153 61
40154 63
40155 42
40156 43
40157 54
40158 55
40159 47
40160 65
40161 56
40162 55
40163 58
40164 75
40165 44
40166 43
40167 39
40168 56
40169 58
40170 35
40171 43
40172 33
40173 47
40174 53
40175 45
40176 39
40177 27
40178 30
40179 50
40180 56
40181 48
40182 42
40183 28
40184 42
40185 26
40186 14
40187 33
40188 29
40189 50
40190 26
40191 44
40192 60
40193 85
40194 55
40195 52
40196 43
40197 51
40198 57
40199 19
40200 23
40201 13
40202 6
40203 -4
40204 -5
40205 -13
40206 -4
40207 -2
40208 -9
40209 -4
40210 3
40211 5
40212 12
40213 21
40214 44
40215 44
40216 51
40217 52
40218 56
40219 53
40220 48
40221 53
40222 44
40223 47
40224 39
40225 31
40226 41
40227 33
40228 47
40229 42
40230 15
40231 34
40232 7
40233 16
40234 24
40235 17
40236 8
40237 19
40238 32
40239 33
40240 45
40241 22
40242 40
40243 47
40244 19
40245 32
40246 54
40247 56
40248 52
40249 53
40250 50
40251 33
40252 34
40253 41
40254 41
40255 21
40256 35
40257 34
40258 5
40259 28
40260 30
40261 35
40262 29
40263 24
40264 34
40265 45
40266 30
40267 29
40268 27
40269 44
40270 31
40271 27
40272 39
40273 40
40274 52
40275 46
40276 33
40277 45
40278 60
40279 81
40280 71
40281 51
40282 44
40283 53
40284 64
40285 28
40286 -34
40287 -14
40288 4
40289 11
40290 33
40291 35
40292 36
40293 43
40294 35
40295 14
40296 23
40297 28
40298 37
40299 60
40300 44
40301 35
40302 27
40303 37
40304 30
40305 44
40306 34
40307 14
40308 18
40309 30
40310 37
40311 38
40312 21
40313 35
40314 27
40315 33
40316 35
40317 33
40318 36
40319 49
40320 70
40321 25
40322 49
40323 47
40324 60
40325 76
40326 9
40327 25
40328 48
40329 54
40330 24
40331 42
40332 27
40333 39
40334 46
40335 62
40336 60
40337 65
40338 48
40339 35
40340 38
40341 45
40342 14
40343 -38
40344 -36
40345 -16
40346 -2
40347 -44
40348 -30
40349 -12
40350 -7
40351 -12
40352 -15
40353 7
40354 4
40355 25
40356 46
40357 40
40358 64
40359 64
40360 51
40361 47
40362 55
40363 35
40364 50
40365 42
40366 32
40367 50
40368 47
40369 63
40370 46
40371 45
40372 35
40373 26
40374 32
40375 50
40376 44
40377 41
40378 66
40379 67
40380 39
40381 52
40382 34
40383 25
40384 31
40385 50
40386 41
40387 26
40388 23
40389 18
40390 19
40391 14
40392 19
40393 27
40394 32
40395 28
40396 19
40397 32
40398 53
40399 19
40400 11
40401 29
40402 31
40403 40
40404 34
40405 -11
40406 12
40407 13
40408 8
40409 -1
40410 2
40411 18
40412 41
40413 55
40414 55
40415 19
40416 23
40417 31
40418 41
40419 53
40420 28
40421 24
40422 29
40423 16
40424 34
40425 25
40426 37
40427 38
40428 51
40429 55
40430 57
40431 36
40432 40
40433 51
40434 35
40435 50
40436 58
40437 75
40438 39
40439 35
40440 26
40441 23
40442 14
40443 27
40444 26
40445 37
40446 43
40447 53
40448 54
40449 20
40450 32
40451 50
40452 32
40453 30
40454 13
40455 6
40456 18
40457 28
40458 19
40459 20
40460 35
40461 37
40462 39
40463 58
40464 51
40465 23
40466 13
40467 10
40468 15
40469 34
40470 59
40471 24
40472 35
40473 42
40474 45
40475 56
40476 66
40477 31
40478 36
40479 23
40480 22
40481 42
40482 49
40483 59
40484 71
40485 38
40486 26
40487 49
40488 69
40489 44
40490 27
40491 20
40492 24
40493 49
40494 53
40495 46
40496 60
40497 54
40498 25
40499 45
40500 39
40501 44
40502 38
40503 -16
40504 1
40505 22
40506 25
40507 44
40508 67
40509 82
40510 41
40511 50
40512 49
40513 57
40514 51
40515 40
40516 56
40517 36
40518 35
40519 54
40520 38
40521 32
40522 33
40523 29
40524 21
40525 26
40526 38
40527 55
40528 27
40529 25
40530 48
40531 67
40532 82
40533 83
40534 56
40535 39
40536 0
40537 1
40538 16
40539 27
40540 22
40541 17
40542 4
40543 22
40544 14
40545 28
40546 27
40547 31
40548 16
40549 38
40550 51
40551 39
40552 32
40553 48
40554 -11
40555 11
40556 28
40557 38
40558 28
40559 39
40560 41
40561 38
40562 39
40563 32
40564 24
40565 27
40566 41
40567 65
40568 16
40569 15
40570 7
40571 28
40572 29
40573 37
40574 18
40575 42
40576 44
40577 48
40578 63
40579 32
40580 30
40581 39
40582 54
40583 50
40584 6
40585 -1
40586 -5
40587 9
40588 14
40589 25
40590 28
40591 32
40592 41
40593 24
40594 30
40595 24
40596 26
40597 34
40598 42
40599 63
40600 78
40601 52
40602 43
40603 32
40604 42
40605 55
40606 41
40607 55
40608 45
40609 60
40610 50
40611 44
40612 0
40613 -10
40614 -7
40615 9
40616 13
40617 5
40618 18
40619 12
40620 22
40621 27
40622 21
40623 15
40624 32
40625 50
40626 53
40627 71
40628 33
40629 47
40630 60
40631 69
40632 46
40633 51
40634 37
40635 47
40636 57
40637 58
40638 26
40639 50
40640 22
40641 18
40642 25
40643 18
40644 42
40645 39
40646 32
40647 35
40648 35
40649 43
40650 18
40651 25
40652 30
40653 22
40654 18
40655 34
40656 25
40657 30
40658 44
40659 35
40660 5
40661 20
40662 27
40663 43
40664 56
40665 50
40666 51
40667 44
40668 32
40669 39
40670 8
40671 32
40672 26
40673 18
40674 31
40675 37
40676 46
40677 44
40678 38
40679 53
40680 37
40681 48
40682 40
40683 44
40684 58
40685 64
40686 81
40687 90
40688 36
40689 28
40690 13
40691 -4
40692 -8
40693 5
40694 -5
40695 -11
40696 -7
40697 0
40698 8
40699 -10
40700 7
40701 26
40702 21
40703 31
40704 36
40705 57
40706 80
40707 79
40708 92
40709 88
40710 76
40711 79
40712 70
40713 38
40714 51
40715 35
40716 13
40717 24
40718 34
40719 30
40720 36
40721 22
40722 33
40723 24
40724 18
40725 15
40726 10
40727 35
40728 44
40729 67
40730 74
40731 84
40732 68
40733 48
40734 73
40735 44
40736 52
40737 61
40738 62
40739 55
40740 63
40741 23
40742 24
40743 17
40744 18
40745 33
40746 35
40747 36
40748 35
40749 60
40750 58
40751 55
40752 51
40753 55
40754 45
40755 38
40756 33
40757 57
40758 41
40759 54
40760 24
40761 4
40762 21
40763 20
40764 17
40765 16
40766 9
40767 15
40768 37
40769 53
40770 29
40771 27
40772 28
40773 46
40774 27
40775 22
40776 23
40777 40
40778 14
40779 9
40780 5
40781 12
40782 35
40783 45
40784 38
40785 33
40786 39
40787 34
40788 26
40789 43
40790 55
40791 73
40792 80
40793 31
40794 36
40795 34
40796 24
40797 40
40798 58
40799 58
40800 24
40801 47
40802 34
40803 37
40804 31
40805 32
40806 42
40807 3
40808 16
40809 12
40810 6
40811 -2
40812 -10
40813 -9
40814 15
40815 5
40816 26
40817 43
40818 32
40819 50
40820 73
40821 85
40822 93
40823 74
40824 25
40825 40
40826 46
40827 34
40828 32
40829 -7
40830 -9
40831 -13
40832 4
40833 -5
40834 1
40835 11
40836 34
40837 55
40838 53
40839 54
40840 51
40841 58
40842 55
40843 41
40844 45
40845 34
40846 43
40847 36
40848 51
40849 42
40850 53
40851 34
40852 26
40853 23
40854 19
40855 20
40856 33
40857 29
40858 28
40859 24
40860 35
40861 25
40862 30
40863 22
40864 34
40865 32
40866 26
40867 21
40868 34
40869 29
40870 48
40871 49
40872 30
40873 33
40874 40
40875 32
40876 53
40877 40
40878 57
40879 43
40880 45
40881 58
40882 61
40883 -3
40884 2
40885 17
40886 36
40887 44
40888 41
40889 -12
40890 -6
40891 13
40892 21
40893 13
40894 36
40895 48
40896 70
40897 74
40898 43
40899 62
40900 38
40901 43
40902 49
40903 37
40904 44
40905 26
40906 44
40907 34
40908 40
40909 47
40910 38
40911 36
40912 40
40913 53
40914 45
40915 58
40916 64
40917 31
40918 28
40919 20
40920 12
40921 35
40922 25
40923 26
40924 17
40925 20
40926 13
40927 14
40928 6
40929 28
40930 39
40931 30
40932 23
40933 34
40934 31
40935 27
40936 36
40937 42
40938 20
40939 38
40940 16
40941 12
40942 13
40943 14
40944 37
40945 29
40946 52
40947 45
40948 53
40949 47
40950 65
40951 84
40952 12
40953 5
40954 3
40955 8
40956 23
40957 19
40958 23
40959 24
40960 -4
40961 21
40962 15
40963 26
40964 45
40965 49
40966 70
40967 34
40968 32
40969 30
40970 28
40971 29
40972 54
40973 60
40974 66
40975 31
40976 32
40977 50
40978 42
40979 41
40980 53
40981 42
40982 25
40983 38
40984 58
40985 81
40986 42
40987 54
40988 51
40989 52
40990 26
40991 44
40992 63
40993 79
40994 45
40995 45
40996 36
40997 56
40998 75
40999 54
41000 55
41001 58
41002 74
41003 71
41004 96
41005 77
41006 76
41007 28
41008 38
41009 34
41010 53
41011 62
41012 6
41013 21
41014 17
41015 36
41016 27
41017 40
41018 42
41019 58
41020 37
41021 50
41022 32
41023 40
41024 29
41025 49
41026 6
41027 18
41028 40
41029 62
41030 54
41031 52
41032 63
41033 34
41034 46
41035 53
41036 72
41037 61
41038 48
41039 35
41040 50
41041 50
41042 38
41043 5
41044 14
41045 17
41046 9
41047 24
41048 30
41049 35
41050 24
41051 30
41052 32
41053 43
41054 10
41055 4
41056 3
41057 2
41058 26
41059 31
41060 23
41061 17
41062 26
41063 23
41064 13
41065 31
41066 23
41067 16
41068 22
41069 32
41070 34
41071 -4
41072 3
41073 -6
41074 14
41075 30
41076 36
41077 33
41078 25
41079 10
41080 29
41081 53
41082 68
41083 30
41084 26
41085 16
41086 14
41087 23
41088 16
41089 26
41090 43
41091 52
41092 46
41093 52
41094 29
41095 46
41096 42
41097 48
41098 42
41099 18
41100 23
41101 24
41102 14
41103 5
41104 0
41105 25
41106 42
41107 32
41108 33
41109 43
41110 37
41111 35
41112 21
41113 20
41114 21
41115 16
41116 22
41117 19
41118 27
41119 38
41120 60
41121 70
41122 76
41123 79
41124 47
41125 64
41126 45
41127 55
41128 7
41129 22
41130 28
41131 2
41132 -2
41133 3
41134 8
41135 9
41136 2
41137 16
41138 29
41139 50
41140 49
41141 45
41142 28
41143 52
41144 29
41145 53
41146 49
41147 57
41148 47
41149 25
41150 14
41151 9
41152 -12
41153 -22
41154 -17
41155 -2
41156 4
41157 21
41158 38
41159 28
41160 29
41161 31
41162 14
41163 6
41164 25
41165 15
41166 13
41167 21
41168 13
41169 15
41170 33
41171 19
41172 41
41173 44
41174 26
41175 36
41176 40
41177 29
41178 30
41179 37
41180 -7
41181 1
41182 10
41183 9
41184 23
41185 31
41186 43
41187 52
41188 20
41189 18
41190 20
41191 15
41192 31
41193 36
41194 26
41195 17
41196 31
41197 50
41198 30
41199 26
41200 5
41201 6
41202 28
41203 27
41204 38
41205 31
41206 39
41207 29
41208 48
41209 7
41210 30
41211 42
41212 40
41213 37
41214 34
41215 49
41216 61
41217 55
41218 68
41219 62
41220 67
41221 21
41222 36
41223 44
41224 56
41225 37
41226 56
41227 21
41228 17
41229 -27
41230 -35
41231 -37
41232 -29
41233 -37
41234 -25
41235 -26
41236 -3
41237 12
41238 16
41239 36
41240 37
41241 22
41242 18
41243 -4
41244 3
41245 25
41246 -6
41247 2
41248 6
41249 28
41250 31
41251 41
41252 60
41253 -12
41254 12
41255 30
41256 35
41257 11
41258 12
41259 20
41260 34
41261 2
41262 0
41263 11
41264 12
41265 3
41266 2
41267 11
41268 23
41269 44
41270 4
41271 5
41272 8
41273 -2
41274 -7
41275 -5
41276 -12
41277 -10
41278 -4
41279 -13
41280 -10
41281 -19
41282 4
41283 11
41284 10
41285 9
41286 7
41287 24
41288 41
41289 50
41290 21
41291 40
41292 22
41293 23
41294 35
41295 28
41296 27
41297 -8
41298 -17
41299 -24
41300 -10
41301 -9
41302 10
41303 32
41304 43
41305 27
41306 26
41307 42
41308 34
41309 26
41310 35
41311 29
41312 25
41313 2
41314 25
41315 38
41316 42
41317 41
41318 36
41319 31
41320 29
41321 48
41322 46
41323 63
41324 66
41325 39
41326 40
41327 39
41328 43
41329 32
41330 33
41331 56
41332 48
41333 59
41334 -6
41335 13
41336 -18
41337 -14
41338 -39
41339 -14
41340 -17
41341 0
41342 6
41343 12
41344 21
41345 20
41346 19
41347 18
41348 10
41349 26
41350 28
41351 29
41352 35
41353 43
41354 57
41355 3
41356 28
41357 41
41358 48
41359 15
41360 11
41361 5
41362 -16
41363 -25
41364 -17
41365 -16
41366 -26
41367 -2
41368 6
41369 15
41370 18
41371 9
41372 11
41373 -8
41374 0
41375 -1
41376 11
41377 12
41378 6
41379 4
41380 -4
41381 -14
41382 -8
41383 7
41384 8
41385 1
41386 4
41387 13
41388 25
41389 18
41390 4
41391 25
41392 20
41393 13
41394 29
41395 28
41396 37
41397 38
41398 39
41399 11
41400 24
41401 18
41402 -25
41403 -17
41404 -6
41405 -11
41406 5
41407 16
41408 27
41409 18
41410 40
41411 38
41412 60
41413 45
41414 57
41415 39
41416 19
41417 33
41418 18
41419 30
41420 37
41421 30
41422 51
41423 42
41424 52
41425 53
41426 38
41427 40
41428 36
41429 37
41430 39
41431 47
41432 39
41433 39
41434 31
41435 36
41436 35
41437 27
41438 16
41439 30
41440 52
41441 3
41442 -2
41443 8
41444 19
41445 17
41446 14
41447 20
41448 24
41449 28
41450 34
41451 58
41452 56
41453 11
41454 14
41455 26
41456 29
41457 27
41458 26
41459 28
41460 -21
41461 2
41462 8
41463 6
41464 23
41465 30
41466 31
41467 49
41468 39
41469 47
41470 61
41471 17
41472 22
41473 29
41474 23
41475 45
41476 61
41477 71
41478 27
41479 34
41480 48
41481 26
41482 46
41483 63
41484 62
41485 85
41486 84
41487 37
41488 45
41489 -24
41490 -17
41491 -23
41492 2
41493 -5
41494 -4
41495 -7
41496 -11
41497 7
41498 14
41499 6
41500 17
41501 35
41502 -25
41503 -8
41504 -18
41505 5
41506 16
41507 13
41508 27
41509 23
41510 27
41511 2
41512 20
41513 24
41514 30
41515 22
41516 18
41517 21
41518 9
41519 10
41520 2
41521 -8
41522 0
41523 -4
41524 9
41525 27
41526 33
41527 43
41528 55
41529 0
41530 1
41531 -4
41532 15
41533 -5
41534 -9
41535 -8
41536 -26
41537 -32
41538 -28
41539 -3
41540 14
41541 20
41542 29
41543 29
41544 42
41545 40
41546 47
41547 32
41548 32
41549 -9
41550 1
41551 8
41552 4
41553 1
41554 -9
41555 13
41556 23
41557 44
41558 39
41559 32
41560 23
41561 42
41562 -7
41563 -9
41564 -19
41565 -6
41566 -15
41567 -19
41568 -6
41569 -1
41570 18
41571 26
41572 31
41573 43
41574 33
41575 19
41576 37
41577 34
41578 59
41579 57
41580 80
41581 74
41582 40
41583 24
41584 15
41585 32
41586 42
41587 37
41588 31
41589 30
41590 46
41591 37
41592 46
41593 41
41594 26
41595 24
41596 25
41597 5
41598 16
41599 17
41600 42
41601 65
41602 84
41603 22
41604 43
41605 32
41606 1
41607 17
41608 17
41609 14
41610 17
41611 41
41612 36
41613 30
41614 36
41615 30
41616 33
41617 34
41618 25
41619 17
41620 10
41621 14
41622 34
41623 14
41624 17
41625 13
41626 14
41627 29
41628 30
41629 42
41630 66
41631 14
41632 5
41633 3
41634 -7
41635 8
41636 6
41637 21
41638 27
41639 39
41640 41
41641 11
41642 18
41643 30
41644 31
41645 27
41646 33
41647 25
41648 17
41649 33
41650 36
41651 52
41652 49
41653 27
41654 23
41655 24
41656 28
41657 22
41658 22
41659 41
41660 38
41661 31
41662 28
41663 27
41664 18
41665 36
41666 29
41667 36
41668 37
41669 57
41670 58
41671 79
41672 42
41673 43
41674 46
41675 12
41676 4
41677 13
41678 18
41679 38
41680 36
41681 30
41682 52
41683 61
41684 52
41685 24
41686 42
41687 42
41688 59
41689 66
41690 16
41691 22
41692 -4
41693 19
41694 30
41695 22
41696 27
41697 20
41698 10
41699 16
41700 10
41701 14
41702 26
41703 24
41704 22
41705 38
41706 33
41707 44
41708 43
41709 66
41710 46
41711 19
41712 21
41713 0
41714 1
41715 20
41716 36
41717 26
41718 16
41719 -21
41720 -18
41721 -22
41722 -26
41723 -33
41724 -28
41725 -9
41726 -17
41727 -15
41728 0
41729 -6
41730 10
41731 11
41732 31
41733 27
41734 49
41735 57
41736 27
41737 22
41738 15
41739 16
41740 17
41741 35
41742 34
41743 -1
41744 -3
41745 -4
41746 -3
41747 13
41748 -9
41749 -11
41750 -12
41751 -21
41752 -9
41753 -1
41754 11
41755 12
41756 27
41757 32
41758 44
41759 19
41760 37
41761 42
41762 38
41763 36
41764 44
41765 36
41766 35
41767 -20
41768 -25
41769 -29
41770 -12
41771 6
41772 19
41773 20
41774 28
41775 29
41776 28
41777 21
41778 13
41779 4
41780 0
41781 -1
41782 -10
41783 -12
41784 -6
41785 -16
41786 -21
41787 -19
41788 -21
41789 -23
41790 -31
41791 -30
41792 -15
41793 -21
41794 -7
41795 9
41796 17
41797 26
41798 18
41799 30
41800 9
41801 33
41802 25
41803 19
41804 24
41805 27
41806 17
41807 -19
41808 -10
41809 -9
41810 -1
41811 -6
41812 -13
41813 -14
41814 -4
41815 7
41816 18
41817 15
41818 11
41819 13
41820 37
41821 35
41822 22
41823 46
41824 51
41825 49
41826 54
41827 50
41828 -38
41829 -36
41830 -33
41831 -25
41832 0
41833 9
41834 30
41835 32
41836 37
41837 44
41838 39
41839 34
41840 26
41841 43
41842 -2
41843 -8
41844 -10
41845 1
41846 12
41847 29
41848 37
41849 35
41850 49
41851 74
41852 66
41853 65
41854 23
41855 22
41856 31
41857 56
41858 78
41859 60
41860 50
41861 73
41862 29
41863 49
41864 10
41865 8
41866 11
41867 14
41868 29
41869 23
41870 42
41871 42
41872 44
41873 61
41874 49
41875 47
41876 21
41877 23
41878 41
41879 36
41880 61
41881 57
41882 53
41883 68
41884 79
41885 53
41886 40
41887 43
41888 3
41889 8
41890 15
41891 32
41892 2
41893 1
41894 -17
41895 -21
41896 -29
41897 -22
41898 -6
41899 -8
41900 3
41901 11
41902 14
41903 9
41904 0
41905 -8
41906 -1
41907 24
41908 36
41909 31
41910 46
41911 54
41912 -5
41913 14
41914 15
41915 13
41916 16
41917 15
41918 14
41919 22
41920 31
41921 36
41922 61
41923 46
41924 37
41925 62
41926 84
41927 48
41928 -15
41929 -18
41930 -12
41931 12
41932 24
41933 45
41934 28
41935 24
41936 49
41937 47
41938 53
41939 42
41940 44
41941 40
41942 39
41943 -21
41944 -20
41945 -29
41946 -33
41947 -26
41948 -22
41949 -9
41950 -7
41951 -24
41952 -10
41953 -16
41954 -23
41955 -1
41956 11
41957 11
41958 2
41959 11
41960 6
41961 2
41962 4
41963 -5
41964 9
41965 18
41966 23
41967 43
41968 33
41969 39
41970 32
41971 -6
41972 -23
41973 -10
41974 -6
41975 -13
41976 1
41977 25
41978 28
41979 46
41980 36
41981 51
41982 -16
41983 -18
41984 -27
41985 -22
41986 -10
41987 1
41988 7
41989 23
41990 -6
41991 -1
41992 12
41993 28
41994 -26
41995 -10
41996 -1
41997 -2
41998 12
41999 25
42000 28
42001 50
42002 30
42003 31
42004 51
42005 64
42006 48
42007 73
42008 37
42009 22
42010 29
42011 24
42012 -15
42013 -33
42014 -19
42015 -24
42016 -21
42017 -39
42018 -15
42019 -24
42020 -21
42021 -31
42022 -7
42023 5
42024 6
42025 2
42026 7
42027 29
42028 21
42029 39
42030 48
42031 20
42032 42
42033 43
42034 -1
42035 10
42036 33
42037 24
42038 42
42039 40
42040 18
42041 -11
42042 -8
42043 3
42044 -2
42045 -5
42046 -2
42047 -4
42048 -9
42049 13
42050 25
42051 39
42052 27
42053 26
42054 21
42055 32
42056 2
42057 5
42058 11
42059 14
42060 27
42061 23
42062 16
42063 8
42064 13
42065 25
42066 42
42067 62
42068 59
42069 26
42070 28
42071 47
42072 29
42073 20
42074 25
42075 11
42076 14
42077 12
42078 13
42079 23
42080 22
42081 25
42082 6
42083 -1
42084 0
42085 18
42086 31
42087 27
42088 47
42089 59
42090 73
42091 6
42092 2
42093 8
42094 5
42095 22
42096 40
42097 27
42098 30
42099 -5
42100 -8
42101 7
42102 6
42103 7
42104 12
42105 22
42106 17
42107 40
42108 43
42109 56
42110 50
42111 40
42112 13
42113 5
42114 -33
42115 -29
42116 -17
42117 -26
42118 -15
42119 -16
42120 -7
42121 -6
42122 -14
42123 -8
42124 -6
42125 1
42126 2
42127 9
42128 12
42129 8
42130 17
42131 11
42132 8
42133 3
42134 18
42135 23
42136 21
42137 44
42138 -26
42139 -35
42140 -12
42141 -1
42142 -7
42143 7
42144 23
42145 13
42146 -9
42147 5
42148 11
42149 9
42150 2
42151 -7
42152 -17
42153 -15
42154 -22
42155 -32
42156 -13
42157 -12
42158 10
42159 13
42160 28
42161 41
42162 31
42163 42
42164 2
42165 -1
42166 21
42167 39
42168 54
42169 4
42170 -6
42171 5
42172 13
42173 32
42174 49
42175 4
42176 25
42177 19
42178 34
42179 24
42180 11
42181 9
42182 28
42183 33
42184 48
42185 25
42186 15
42187 29
42188 35
42189 49
42190 61
42191 54
42192 6
42193 19
42194 18
42195 33
42196 49
42197 18
42198 26
42199 -10
42200 11
42201 16
42202 -2
42203 -8
42204 -5
42205 20
42206 12
42207 32
42208 42
42209 52
42210 52
42211 1
42212 9
42213 20
42214 14
42215 36
42216 42
42217 26
42218 47
42219 54
42220 48
42221 57
42222 34
42223 32
42224 21
42225 38
42226 43
42227 34
42228 41
42229 58
42230 73
42231 32
42232 -10
42233 -20
42234 -25
42235 -1
42236 -2
42237 22
42238 13
42239 22
42240 36
42241 39
42242 48
42243 32
42244 46
42245 -10
42246 -1
42247 5
42248 25
42249 32
42250 48
42251 44
42252 49
42253 50
42254 39
42255 56
42256 34
42257 14
42258 -2
42259 12
42260 16
42261 34
42262 38
42263 45
42264 57
42265 16
42266 13
42267 29
42268 2
42269 3
42270 24
42271 43
42272 41
42273 20
42274 12
42275 3
42276 10
42277 16
42278 25
42279 37
42280 40
42281 33
42282 25
42283 33
42284 -26
42285 -16
42286 -22
42287 -11
42288 -14
42289 -16
42290 -25
42291 -3
42292 -2
42293 0
42294 24
42295 -9
42296 14
42297 25
42298 24
42299 38
42300 61
42301 -4
42302 -5
42303 19
42304 20
42305 17
42306 35
42307 31
42308 50
42309 54
42310 46
42311 45
42312 22
42313 45
42314 36
42315 30
42316 44
42317 23
42318 -7
42319 -16
42320 -4
42321 17
42322 23
42323 23
42324 38
42325 36
42326 50
42327 25
42328 48
42329 20
42330 19
42331 29
42332 19
42333 20
42334 31
42335 37
42336 -10
42337 -2
42338 13
42339 23
42340 11
42341 10
42342 24
42343 18
42344 21
42345 18
42346 13
42347 22
42348 -1
42349 21
42350 36
42351 22
42352 17
42353 12
42354 18
42355 29
42356 8
42357 16
42358 9
42359 21
42360 10
42361 15
42362 12
42363 20
42364 19
42365 39
42366 50
42367 41
42368 39
42369 26
42370 48
42371 67
42372 51
42373 67
42374 60
42375 36
42376 30
42377 25
42378 17
42379 7
42380 6
42381 9
42382 32
42383 33
42384 23
42385 21
42386 41
42387 14
42388 15
42389 19
42390 43
42391 16
42392 37
42393 59
42394 42
42395 14
42396 2
42397 11
42398 25
42399 39
42400 34
42401 37
42402 40
42403 -3
42404 18
42405 21
42406 -10
42407 -4
42408 20
42409 21
42410 42
42411 34
42412 35
42413 39
42414 31
42415 23
42416 26
42417 12
42418 6
42419 2
42420 19
42421 11
42422 7
42423 26
42424 40
42425 24
42426 28
42427 21
42428 15
42429 26
42430 22
42431 24
42432 -7
42433 -15
42434 0
42435 -9
42436 3
42437 21
42438 12
42439 -13
42440 0
42441 16
42442 23
42443 19
42444 18
42445 -36
42446 -22
42447 -7
42448 -6
42449 -15
42450 -22
42451 -14
42452 4
42453 17
42454 -13
42455 8
42456 6
42457 22
42458 23
42459 3
42460 15
42461 12
42462 6
42463 27
42464 40
42465 31
42466 48
42467 69
42468 30
42469 52
42470 20
42471 10
42472 12
42473 30
42474 28
42475 52
42476 24
42477 32
42478 16
42479 17
42480 11
42481 33
42482 41
42483 30
42484 32
42485 27
42486 10
42487 -3
42488 21
42489 46
42490 -5
42491 -24
42492 -3
42493 5
42494 21
42495 -14
42496 -19
42497 -9
42498 8
42499 19
42500 2
42501 18
42502 23
42503 33
42504 49
42505 49
42506 -1
42507 23
42508 13
42509 28
42510 23
42511 15
42512 20
42513 32
42514 18
42515 34
42516 -6
42517 18
42518 33
42519 32
42520 44
42521 7
42522 3
42523 14
42524 38
42525 3
42526 -6
42527 10
42528 11
42529 17
42530 23
42531 -17
42532 -24
42533 -9
42534 -14
42535 0
42536 19
42537 39
42538 47
42539 56
42540 47
42541 46
42542 55
42543 44
42544 44
42545 40
42546 34
42547 36
42548 34
42549 51
42550 9
42551 26
42552 18
42553 27
42554 12
42555 -14
42556 8
42557 15
42558 34
42559 29
42560 45
42561 46
42562 69
42563 58
42564 76
42565 71
42566 45
42567 34
42568 49
42569 -11
42570 8
42571 20
42572 30
42573 31
42574 22
42575 23
42576 43
42577 29
42578 22
42579 24
42580 29
42581 19
42582 17
42583 22
42584 17
42585 26
42586 21
42587 16
42588 19
42589 18
42590 22
42591 26
42592 23
42593 35
42594 10
42595 28
42596 10
42597 13
42598 14
42599 15
42600 16
42601 -19
42602 -4
42603 15
42604 4
42605 13
42606 12
42607 9
42608 23
42609 44
42610 49
42611 -3
42612 -12
42613 -6
42614 -11
42615 -7
42616 -15
42617 -9
42618 9
42619 -1
42620 21
42621 24
42622 28
42623 45
42624 17
42625 22
42626 26
42627 46
42628 9
42629 23
42630 14
42631 17
42632 2
42633 7
42634 28
42635 46
42636 49
42637 -3
42638 -4
42639 2
42640 3
42641 12
42642 33
42643 2
42644 -5
42645 -13
42646 -8
42647 -13
42648 -23
42649 -12
42650 6
42651 0
42652 -10
42653 -7
42654 4
42655 2
42656 3
42657 24
42658 15
42659 32
42660 38
42661 31
42662 21
42663 26
42664 51
42665 25
42666 42
42667 39
42668 64
42669 21
42670 11
42671 13
42672 -5
42673 5
42674 17
42675 1
42676 2
42677 11
42678 6
42679 12
42680 3
42681 -4
42682 3
42683 -7
42684 11
42685 19
42686 33
42687 38
42688 29
42689 43
42690 19
42691 17
42692 -17
42693 -21
42694 -20
42695 -19
42696 -16
42697 -15
42698 -25
42699 -26
42700 -1
42701 18
42702 26
42703 -12
42704 -20
42705 -31
42706 -6
42707 -1
42708 22
42709 9
42710 23
42711 37
42712 46
42713 27
42714 17
42715 32
42716 25
42717 37
42718 23
42719 33
42720 32
42721 45
42722 59
42723 30
42724 16
42725 18
42726 10
42727 11
42728 33
42729 20
42730 37
42731 49
42732 37
42733 -15
42734 -19
42735 -10
42736 -6
42737 -16
42738 -10
42739 10
42740 12
42741 33
42742 -1
42743 0
42744 1
42745 15
42746 32
42747 30
42748 -4
42749 14
42750 19
42751 25
42752 33
42753 35
42754 25
42755 30
42756 27
42757 36
42758 35
42759 25
42760 23
42761 27
42762 26
42763 22
42764 18
42765 30
42766 48
42767 39
42768 12
42769 -3
42770 5
42771 8
42772 28
42773 47
42774 51
42775 46
42776 48
42777 33
42778 51
42779 52
42780 60
42781 64
42782 24
42783 26
42784 6
42785 19
42786 16
42787 26
42788 46
42789 12
42790 3
42791 4
42792 16
42793 18
42794 31
42795 29
42796 32
42797 14
42798 7
42799 27
42800 38
42801 50
42802 68
42803 74
42804 26
42805 20
42806 26
42807 47
42808 37
42809 46
42810 19
42811 12
42812 6
42813 9
42814 14
42815 15
42816 33
42817 -27
42818 -25
42819 -26
42820 -25
42821 -15
42822 -22
42823 -19
42824 -1
42825 -4
42826 -1
42827 13
42828 37
42829 33
42830 31
42831 32
42832 25
42833 37
42834 40
42835 15
42836 10
42837 28
42838 35
42839 21
42840 33
42841 30
42842 53
42843 44
42844 59
42845 50
42846 -35
42847 -30
42848 -31
42849 -29
42850 -12
42851 -15
42852 -19
42853 -26
42854 -29
42855 -8
42856 1
42857 9
42858 23
42859 24
42860 39
42861 27
42862 9
42863 0
42864 -2
42865 7
42866 3
42867 13
42868 26
42869 45
42870 24
42871 20
42872 34
42873 26
42874 24
42875 37
42876 61
42877 56
42878 33
42879 42
42880 -4
42881 -9
42882 -7
42883 -8
42884 -18
42885 -1
42886 21
42887 22
42888 35
42889 55
42890 48
42891 39
42892 32
42893 43
42894 5
42895 3
42896 24
42897 26
42898 40
42899 40
42900 37
42901 56
42902 4
42903 26
42904 36
42905 26
42906 40
42907 53
42908 75
42909 15
42910 20
42911 17
42912 34
42913 49
42914 0
42915 12
42916 15
42917 28
42918 20
42919 -25
42920 -33
42921 -28
42922 -34
42923 -41
42924 -42
42925 -19
42926 -25
42927 -24
42928 -9
42929 0
42930 15
42931 2
42932 24
42933 47
42934 58
42935 51
42936 52
42937 57
42938 72
42939 17
42940 34
42941 25
42942 45
42943 32
42944 34
42945 26
42946 23
42947 19
42948 11
42949 7
42950 21
42951 -6
42952 2
42953 -2
42954 2
42955 12
42956 2
42957 -1
42958 5
42959 0
42960 1
42961 2
42962 27
42963 21
42964 -16
42965 0
42966 -4
42967 14
42968 27
42969 29
42970 42
42971 47
42972 15
42973 26
42974 49
42975 33
42976 27
42977 20
42978 16
42979 26
42980 46
42981 54
42982 27
42983 38
42984 39
42985 43
42986 34
42987 29
42988 8
42989 11
42990 -5
42991 -15
42992 -14
42993 -18
42994 -17
42995 -25
42996 -28
42997 -24
42998 -2
42999 -12
43000 3
43001 14
43002 21
43003 3
43004 11
43005 10
43006 15
43007 32
43008 51
43009 69
43010 18
43011 21
43012 -30
43013 -34
43014 -39
43015 -20
43016 -17
43017 -19
43018 -4
43019 15
43020 30
43021 23
43022 41
43023 40
43024 -10
43025 1
43026 10
43027 0
43028 -35
43029 -37
43030 -22
43031 -1
43032 17
43033 26
43034 35
43035 41
43036 31
43037 25
43038 6
43039 16
43040 6
43041 14
43042 29
43043 27
43044 27
43045 35
43046 52
43047 45
43048 4
43049 -9
43050 -5
43051 13
43052 7
43053 28
43054 53
43055 48
43056 51
43057 2
43058 11
43059 4
43060 -6
43061 -10
43062 -16
43063 -17
43064 -13
43065 10
43066 0
43067 -7
43068 -13
43069 9
43070 2
43071 18
43072 32
43073 -5
43074 17
43075 23
43076 1
43077 -16
43078 -5
43079 0
43080 11
43081 35
43082 29
43083 19
43084 23
43085 22
43086 21
43087 5
43088 11
43089 25
43090 12
43091 23
43092 21
43093 28
43094 25
43095 34
43096 -23
43097 -10
43098 -8
43099 -10
43100 -13
43101 12
43102 29
43103 24
43104 17
43105 15
43106 17
43107 15
43108 31
43109 43
43110 24
43111 -17
43112 -5
43113 -13
43114 -19
43115 -20
43116 3
43117 0
43118 25
43119 38
43120 9
43121 5
43122 16
43123 40
43124 39
43125 38
43126 58
43127 53
43128 56
43129 28
43130 28
43131 24
43132 24
43133 34
43134 17
43135 37
43136 24
43137 29
43138 35
43139 11
43140 -10
43141 -3
43142 7
43143 11
43144 10
43145 -24
43146 -13
43147 -11
43148 -3
43149 4
43150 25
43151 11
43152 4
43153 -7
43154 -17
43155 -1
43156 0
43157 -3
43158 13
43159 22
43160 14
43161 15
43162 -32
43163 -23
43164 -4
43165 -10
43166 6
43167 18
43168 13
43169 23
43170 22
43171 16
43172 21
43173 31
43174 -3
43175 -13
43176 -14
43177 -6
43178 4
43179 9
43180 2
43181 13
43182 7
43183 15
43184 33
43185 -4
43186 21
43187 22
43188 15
43189 7
43190 11
43191 29
43192 15
43193 -7
43194 -5
43195 9
43196 4
43197 1
43198 16
43199 17
43200 -8
43201 -10
43202 -7
43203 -2
43204 7
43205 18
43206 32
43207 37
43208 -14
43209 -4
43210 5
43211 -1
43212 -6
43213 4
43214 25
43215 28
43216 44
43217 69
43218 69
43219 26
43220 -11
43221 -7
43222 15
43223 8
43224 1
43225 23
43226 22
43227 38
43228 39
43229 -23
43230 -25
43231 -5
43232 -4
43233 18
43234 9
43235 31
43236 33
43237 -19
43238 -11
43239 10
43240 16
43241 34
43242 13
43243 28
43244 33
43245 55
43246 48
43247 39
43248 31
43249 43
43250 31
43251 24
43252 37
43253 33
43254 43
43255 33
43256 30
43257 35
43258 -5
43259 10
43260 0
43261 12
43262 4
43263 0
43264 1
43265 15
43266 6
43267 7
43268 1
43269 11
43270 6
43271 1
43272 -10
43273 9
43274 19
43275 15
43276 23
43277 15
43278 16
43279 13
43280 24
43281 44
43282 48
43283 32
43284 50
43285 -16
43286 3
43287 1
43288 -3
43289 3
43290 -2
43291 13
43292 7
43293 6
43294 31
43295 17
43296 2
43297 0
43298 -5
43299 -11
43300 -19
43301 -23
43302 -19
43303 -6
43304 9
43305 1
43306 -5
43307 -13
43308 -23
43309 1
43310 -7
43311 -16
43312 3
43313 7
43314 18
43315 26
43316 22
43317 21
43318 13
43319 8
43320 17
43321 8
43322 20
43323 21
43324 45
43325 12
43326 14
43327 -2
43328 20
43329 0
43330 18
43331 29
43332 34
43333 51
43334 43
43335 20
43336 17
43337 10
43338 12
43339 1
43340 12
43341 -11
43342 -45
43343 -42
43344 -29
43345 -32
43346 -25
43347 -24
43348 -1
43349 12
43350 -7
43351 15
43352 20
43353 30
43354 6
43355 4
43356 18
43357 19
43358 5
43359 10
43360 2
43361 -24
43362 -11
43363 8
43364 9
43365 5
43366 0
43367 6
43368 12
43369 9
43370 29
43371 11
43372 -5
43373 4
43374 0
43375 14
43376 23
43377 24
43378 7
43379 8
43380 4
43381 23
43382 -9
43383 -12
43384 7
43385 23
43386 25
43387 26
43388 30
43389 44
43390 58
43391 -31
43392 -26
43393 -30
43394 -38
43395 -47
43396 -23
43397 -2
43398 23
43399 29
43400 -28
43401 -7
43402 3
43403 21
43404 11
43405 -25
43406 -40
43407 -46
43408 -34
43409 -24
43410 -32
43411 -27
43412 -36
43413 -11
43414 5
43415 14
43416 11
43417 29
43418 21
43419 -6
43420 11
43421 6
43422 20
43423 24
43424 12
43425 8
43426 7
43427 -22
43428 -21
43429 -30
43430 -6
43431 12
43432 11
43433 24
43434 30
43435 29
43436 19
43437 41
43438 1
43439 -13
43440 -18
43441 -17
43442 -16
43443 2
43444 9
43445 -2
43446 6
43447 21
43448 22
43449 -10
43450 6
43451 16
43452 10
43453 17
43454 36
43455 29
43456 32
43457 23
43458 13
43459 19
43460 13
43461 4
43462 -1
43463 6
43464 -2
43465 7
43466 13
43467 32
43468 22
43469 -10
43470 12
43471 2
43472 -4
43473 21
43474 11
43475 23
43476 30
43477 36
43478 33
43479 28
43480 12
43481 7
43482 1
43483 9
43484 31
43485 -36
43486 -25
43487 -1
43488 -8
43489 -7
43490 -10
43491 -13
43492 -20
43493 -8
43494 -11
43495 8
43496 -2
43497 12
43498 15
43499 29
43500 -5
43501 11
43502 36
43503 28
43504 18
43505 11
43506 3
43507 -7
43508 -9
43509 -16
43510 7
43511 3
43512 -1
43513 2
43514 -6
43515 3
43516 16
43517 37
43518 -5
43519 -1
43520 -4
43521 -11
43522 11
43523 4
43524 13
43525 14
43526 9
43527 25
43528 48
43529 11
43530 22
43531 18
43532 10
43533 11
43534 2
43535 8
43536 15
43537 13
43538 38
43539 2
43540 9
43541 22
43542 -15
43543 2
43544 5
43545 4
43546 19
43547 43
43548 46
43549 45
43550 50
43551 17
43552 -7
43553 -2
43554 7
43555 1
43556 -2
43557 2
43558 12
43559 20
43560 41
43561 39
43562 44
43563 29
43564 36
43565 32
43566 41
43567 33
43568 20
43569 -4
43570 -10
43571 12
43572 4
43573 -5
43574 12
43575 4
43576 -1
43577 -2
43578 -3
43579 11
43580 31
43581 40
43582 -19
43583 -6
43584 -22
43585 -1
43586 12
43587 15
43588 9
43589 29
43590 18
43591 21
43592 15
43593 19
43594 28
43595 14
43596 29
43597 15
43598 14
43599 7
43600 -5
43601 -14
43602 -17
43603 -20
43604 -23
43605 -4
43606 15
43607 -8
43608 0
43609 18
43610 22
43611 17
43612 10
43613 22
43614 33
43615 36
43616 1
43617 18
43618 14
43619 5
43620 13
43621 5
43622 -2
43623 16
43624 20
43625 28
43626 37
43627 11
43628 21
43629 9
43630 27
43631 35
43632 40
43633 55
43634 66
43635 -3
43636 11
43637 14
43638 28
43639 25
43640 -6
43641 4
43642 -6
43643 -12
43644 -6
43645 -27
43646 -35
43647 -10
43648 -7
43649 -27
43650 -23
43651 -10
43652 -1
43653 19
43654 26
43655 -21
43656 -31
43657 -21
43658 -15
43659 -22
43660 -30
43661 -24
43662 -13
43663 -15
43664 6
43665 -4
43666 -14
43667 -18
43668 -9
43669 9
43670 -3
43671 18
43672 15
43673 -11
43674 -15
43675 -10
43676 -6
43677 -13
43678 -15
43679 -23
43680 -4
43681 -25
43682 -32
43683 -38
43684 -46
43685 -27
43686 -7
43687 14
43688 -13
43689 -3
43690 -1
43691 -6
43692 19
43693 24
43694 14
43695 28
43696 31
43697 44
43698 34
43699 26
43700 12
43701 35
43702 31
43703 24
43704 23
43705 29
43706 34
43707 26
43708 24
43709 47
43710 32
43711 9
43712 10
43713 23
43714 19
43715 37
43716 58
43717 43
43718 25
43719 20
43720 26
43721 24
43722 47
43723 70
43724 29
43725 38
43726 49
43727 20
43728 13
43729 28
43730 32
43731 8
43732 0
43733 9
43734 10
43735 31
43736 39
43737 33
43738 52
43739 47
43740 4
43741 -5
43742 8
43743 9
43744 8
43745 15
43746 9
43747 2
43748 21
43749 18
43750 24
43751 21
43752 -41
43753 -21
43754 -28
43755 -24
43756 -30
43757 -22
43758 -26
43759 -34
43760 -13
43761 -16
43762 -3
43763 -12
43764 -7
43765 11
43766 30
43767 23
43768 28
43769 26
43770 42
43771 11
43772 12
43773 11
43774 10
43775 4
43776 18
43777 32
43778 43
43779 -19
43780 -10
43781 8
43782 7
43783 2
43784 -16
43785 -9
43786 -19
43787 -21
43788 -3
43789 -12
43790 3
43791 -24
43792 -20
43793 -14
43794 -23
43795 2
43796 23
43797 15
43798 20
43799 11
43800 4
43801 18
43802 23
43803 24
43804 13
43805 4
43806 8
43807 21
43808 15
43809 33
43810 30
43811 16
43812 28
43813 37
43814 53
43815 60
43816 -1
43817 18
43818 23
43819 -10
43820 -13
43821 0
43822 1
43823 9
43824 32
43825 37
43826 -16
43827 -12
43828 3
43829 19
43830 26
43831 30
43832 43
43833 -33
43834 -29
43835 -39
43836 -47
43837 -24
43838 0
43839 -31
43840 -24
43841 -28
43842 -9
43843 12
43844 3
43845 -1
43846 1
43847 -4
43848 12
43849 32
43850 37
43851 28
43852 37
43853 -9
43854 3
43855 -7
43856 -5
43857 17
43858 23
43859 23
43860 8
43861 18
43862 -5
43863 10
43864 8
43865 21
43866 15
43867 -31
43868 -27
43869 -36
43870 -28
43871 -37
43872 -34
43873 -36
43874 -27
43875 -26
43876 -27
43877 -29
43878 -22
43879 -27
43880 -15
43881 -21
43882 -12
43883 -18
43884 -20
43885 -10
43886 -13
43887 -18
43888 -8
43889 -16
43890 0
43891 13
43892 11
43893 21
43894 28
43895 21
43896 12
43897 34
43898 52
43899 31
43900 14
43901 35
43902 43
43903 53
43904 -11
43905 -21
43906 -31
43907 -21
43908 -20
43909 -16
43910 -26
43911 -3
43912 -13
43913 -1
43914 2
43915 8
43916 9
43917 -8
43918 -5
43919 18
43920 2
43921 -21
43922 -24
43923 -7
43924 7
43925 8
43926 19
43927 12
43928 -4
43929 -35
43930 -37
43931 -28
43932 -8
43933 -15
43934 -11
43935 -51
43936 -61
43937 -65
43938 -48
43939 -54
43940 -62
43941 -57
43942 -49
43943 -25
43944 -11
43945 -9
43946 -17
43947 0
43948 13
43949 -1
43950 7
43951 9
43952 30
43953 2
43954 10
43955 12
43956 31
43957 31
43958 -14
43959 -11
43960 2
43961 27
43962 -23
43963 -21
43964 -25
43965 -11
43966 12
43967 4
43968 21
43969 32
43970 19
43971 -5
43972 2
43973 3
43974 4
43975 12
43976 9
43977 2
43978 -8
43979 10
43980 25
43981 17
43982 33
43983 11
43984 20
43985 16
43986 23
43987 30
43988 50
43989 53
43990 35
43991 28
43992 41
43993 -16
43994 -9
43995 5
43996 1
43997 2
43998 10
43999 1
44000 16
44001 12
44002 6
44003 27
44004 20
44005 38
44006 33
44007 -6
44008 -10
44009 -8
44010 4
44011 6
44012 27
44013 15
44014 29
44015 22
44016 -12
44017 1
44018 -10
44019 -7
44020 -6
44021 -30
44022 -37
44023 -44
44024 -43
44025 -28
44026 -26
44027 -7
44028 -13
44029 -16
44030 6
44031 29
44032 24
44033 4
44034 -21
44035 -23
44036 -4
44037 12
44038 23
44039 33
44040 18
44041 11
44042 -17
44043 6
44044 1
44045 13
44046 29
44047 -6
44048 4
44049 22
44050 -18
44051 -19
44052 -26
44053 -32
44054 -7
44055 10
44056 22
44057 21
44058 20
44059 19
44060 3
44061 7
44062 -32
44063 -38
44064 -22
44065 -19
44066 3
44067 26
44068 -23
44069 -24
44070 0
44071 -5
44072 20
44073 31
44074 50
44075 39
44076 38
44077 16
44078 -26
44079 -4
44080 1
44081 4
44082 22
44083 23
44084 30
44085 -17
44086 -8
44087 -6
44088 -2
44089 0
44090 11
44091 34
44092 50
44093 -16
44094 -18
44095 -11
44096 5
44097 13
44098 16
44099 18
44100 22
44101 16
44102 24
44103 35
44104 25
44105 17
44106 12
44107 13
44108 7
44109 -1
44110 -13
44111 -9
44112 -4
44113 7
44114 2
44115 27
44116 45
44117 46
44118 20
44119 14
44120 21
44121 26
44122 1
44123 6
44124 13
44125 25
44126 19
44127 9
44128 -11
44129 1
44130 2
44131 -8
44132 -4
44133 3
44134 -6
44135 13
44136 -3
44137 -1
44138 12
44139 25
44140 35
44141 58
44142 34
44143 25
44144 -26
44145 -29
44146 -39
44147 -26
44148 -15
44149 0
44150 1
44151 11
44152 33
44153 32
44154 39
44155 -13
44156 -18
44157 -25
44158 -28
44159 -18
44160 -26
44161 -27
44162 -16
44163 -16
44164 -4
44165 11
44166 30
44167 18
44168 9
44169 24
44170 14
44171 38
44172 30
44173 -11
44174 -10
44175 -16
44176 -24
44177 -10
44178 -29
44179 -28
44180 -14
44181 5
44182 19
44183 -1
44184 16
44185 31
44186 35
44187 -7
44188 -15
44189 -22
44190 -8
44191 -3
44192 -1
44193 -6
44194 4
44195 -4
44196 18
44197 -3
44198 6
44199 -2
44200 22
44201 -4
44202 18
44203 21
44204 45
44205 58
44206 38
44207 58
44208 7
44209 19
44210 -23
44211 -3
44212 -12
44213 9
44214 21
44215 -53
44216 -63
44217 -59
44218 -61
44219 -69
44220 -53
44221 -50
44222 -51
44223 -45
44224 -28
44225 -17
44226 2
44227 -7
44228 -8
44229 8
44230 29
44231 21
44232 -17
44233 -13
44234 -3
44235 1
44236 -9
44237 -19
44238 1
44239 14
44240 -38
44241 -48
44242 -29
44243 -9
44244 -19
44245 -23
44246 -30
44247 -36
44248 -38
44249 -48
44250 -31
44251 -27
44252 -7
44253 -32
44254 -7
44255 17
44256 12
44257 5
44258 10
44259 6
44260 11
44261 -10
44262 -1
44263 -27
44264 -14
44265 -21
44266 -19
44267 3
44268 -4
44269 -3
44270 10
44271 22
44272 -5
44273 9
44274 28
44275 22
44276 19
44277 -3
44278 4
44279 -16
44280 -17
44281 -1
44282 19
44283 -9
44284 16
44285 14
44286 37
44287 33
44288 22
44289 -4
44290 -6
44291 -9
44292 1
44293 26
44294 21
44295 19
44296 23
44297 8
44298 26
44299 16
44300 15
44301 18
44302 14
44303 19
44304 42
44305 -19
44306 -11
44307 -21
44308 -6
44309 -5
44310 -10
44311 -17
44312 4
44313 13
44314 15
44315 12
44316 14
44317 15
44318 21
44319 -16
44320 -21
44321 -2
44322 19
44323 -15
44324 10
44325 7
44326 9
44327 -14
44328 -16
44329 5
44330 14
44331 8
44332 7
44333 21
44334 46
44335 29
44336 46
44337 -24
44338 -23
44339 -31
44340 -8
44341 -7
44342 10
44343 9
44344 -36
44345 -28
44346 -21
44347 -5
44348 -12
44349 -2
44350 22
44351 -4
44352 -12
44353 -2
44354 -71
44355 -81
44356 -80
44357 -63
44358 -60
44359 -35
44360 -29
44361 -26
44362 -25
44363 -35
44364 -28
44365 -4
44366 1
44367 13
44368 7
44369 -16
44370 -14
44371 -8
44372 4
44373 -30
44374 -20
44375 -13
44376 -18
44377 -10
44378 -20
44379 -13
44380 -7
44381 5
44382 29
44383 10
44384 15
44385 -2
44386 10
44387 1
44388 -11
44389 -23
44390 -13
44391 -7
44392 -11
44393 -6
44394 2
44395 -4
44396 0
44397 -6
44398 -2
44399 -1
44400 20
44401 28
44402 49
44403 59
44404 39
44405 53
44406 22
44407 26
44408 24
44409 25
44410 16
44411 23
44412 15
44413 21
44414 6
44415 1
44416 -5
44417 -6
44418 15
44419 35
44420 8
44421 10
44422 13
44423 15
44424 -24
44425 -26
44426 -18
44427 5
44428 -1
44429 20
44430 -34
44431 -18
44432 -5
44433 5
44434 15
44435 28
44436 -21
44437 -7
44438 -13
44439 -23
44440 -14
44441 7
44442 13
44443 -2
44444 3
44445 8
44446 0
44447 10
44448 6
44449 27
44450 -24
44451 -33
44452 -36
44453 -32
44454 -42
44455 -22
44456 -21
44457 -7
44458 -15
44459 -12
44460 -30
44461 -36
44462 -34
44463 -40
44464 -17
44465 -11
44466 13
44467 6
44468 12
44469 -11
44470 7
44471 8
44472 17
44473 25
44474 49
44475 43
44476 17
44477 35
44478 -3
44479 -9
44480 6
44481 29
44482 21
44483 25
44484 26
44485 19
44486 22
44487 18
44488 26
44489 9
44490 10
44491 0
44492 -10
44493 -15
44494 -14
44495 -16
44496 7
44497 23
44498 28
44499 30
44500 -25
44501 -2
44502 3
44503 17
44504 -10
44505 -19
44506 -16
44507 -13
44508 -17
44509 4
44510 26
44511 6
44512 7
44513 20
44514 24
44515 23
44516 17
44517 -17
44518 -38
44519 -47
44520 -51
44521 -38
44522 -19
44523 -24
44524 -7
44525 -16
44526 -3
44527 10
44528 -7
44529 6
44530 6
44531 10
44532 14
44533 31
44534 1
44535 22
44536 18
44537 -37
44538 -17
44539 6
44540 2
44541 13
44542 -4
44543 -9
44544 -12
44545 -3
44546 14
44547 36
44548 38
44549 38
44550 28
44551 25
44552 2
44553 -20
44554 -40
44555 -27
44556 -33
44557 -26
44558 -4
44559 -12
44560 7
44561 14
44562 18
44563 39
44564 33
44565 31
44566 -19
44567 -23
44568 -30
44569 -17
44570 -26
44571 -5
44572 15
44573 21
44574 14
44575 16
44576 8
44577 19
44578 24
44579 35
44580 35
44581 -3
44582 4
44583 3
44584 -24
44585 -29
44586 -20
44587 -14
44588 8
44589 11
44590 26
44591 49
44592 13
44593 2
44594 -8
44595 11
44596 36
44597 33
44598 16
44599 11
44600 8
44601 26
44602 16
44603 21
44604 22
44605 19
44606 -3
44607 -9
44608 -11
44609 5
44610 9
44611 8
44612 3
44613 -26
44614 -18
44615 -5
44616 10
44617 11
44618 -10
44619 -9
44620 5
44621 27
44622 24
44623 28
44624 44
44625 29
44626 39
44627 3
44628 25
44629 0
44630 20
44631 -2
44632 -3
44633 9
44634 -16
44635 -22
44636 -10
44637 -11
44638 -14
44639 8
44640 8
44641 5
44642 -3
44643 -7
44644 -10
44645 -13
44646 -14
44647 -24
44648 -26
44649 -1
44650 -8
44651 -1
44652 13
44653 -7
44654 15
44655 17
44656 3
44657 4
44658 28
44659 36
44660 26
44661 20
44662 14
44663 -47
44664 -46
44665 -47
44666 -33
44667 -36
44668 -23
44669 -21
44670 -16
44671 -4
44672 19
44673 27
44674 -16
44675 7
44676 16
44677 16
44678 15
44679 9
44680 32
44681 23
44682 15
44683 -11
44684 -18
44685 -10
44686 -15
44687 -23
44688 -4
44689 1
44690 -12
44691 -8
44692 5
44693 17
44694 21
44695 -6
44696 5
44697 -22
44698 -23
44699 -34
44700 -18
44701 -6
44702 -10
44703 -4
44704 -6
44705 -1
44706 -13
44707 -20
44708 -8
44709 3
44710 -4
44711 -7
44712 2
44713 3
44714 7
44715 31
44716 28
44717 -15
44718 2
44719 14
44720 39
44721 -10
44722 -15
44723 6
44724 13
44725 19
44726 -59
44727 -63
44728 -62
44729 -52
44730 -38
44731 -48
44732 -54
44733 -61
44734 -66
44735 -45
44736 -61
44737 -56
44738 -66
44739 -70
44740 -75
44741 -85
44742 -81
44743 -68
44744 -45
44745 -24
44746 -7
44747 -2
44748 -9
44749 16
44750 11
44751 16
44752 37
44753 58
44754 77
44755 -32
44756 -9
44757 8
44758 1
44759 2
44760 -2
44761 -7
44762 -15
44763 3
44764 13
44765 17
44766 -58
44767 -48
44768 -46
44769 -42
44770 -20
44771 -22
44772 -14
44773 -3
44774 12
44775 14
44776 35
44777 20
44778 14
44779 13
44780 7
44781 29
44782 43
44783 20
44784 35
44785 14
44786 -3
44787 3
44788 17
44789 8
44790 -16
44791 -13
44792 8
44793 -16
44794 3
44795 1
44796 19
44797 39
44798 28
44799 22
44800 -5
44801 0
44802 -9
44803 -19
44804 -26
44805 -48
44806 -51
44807 -37
44808 -21
44809 -17
44810 -18
44811 0
44812 12
44813 -59
44814 -56
44815 -45
44816 -24
44817 -5
44818 9
44819 29
44820 37
44821 -37
44822 -41
44823 -47
44824 -38
44825 -29
44826 -12
44827 2
44828 -10
44829 -20
44830 -19
44831 -17
44832 -23
44833 -17
44834 -14
44835 -7
44836 -9
44837 8
44838 17
44839 19
44840 34
44841 25
44842 23
44843 -71
44844 -75
44845 -70
44846 -78
44847 -77
44848 -73
44849 -67
44850 -65
44851 -46
44852 -33
44853 -21
44854 -28
44855 -20
44856 -22
44857 -21
44858 -8
44859 -6
44860 -7
44861 3
44862 7
44863 11
44864 24
44865 27
44866 -10
44867 -9
44868 -2
44869 1
44870 -5
44871 -15
44872 -9
44873 -14
44874 -12
44875 -2
44876 5
44877 -4
44878 21
44879 30
44880 -8
44881 12
44882 -17
44883 -1
44884 13
44885 -55
44886 -39
44887 -35
44888 -15
44889 -4
44890 -12
44891 -22
44892 -16
44893 -22
44894 -6
44895 7
44896 -55
44897 -43
44898 -44
44899 -29
44900 -37
44901 -25
44902 -17
44903 -20
44904 1
44905 -2
44906 -8
44907 -12
44908 -11
44909 7
44910 29
44911 30
44912 16
44913 5
44914 0
44915 21
44916 29
44917 29
44918 -3
44919 -6
44920 -12
44921 -8
44922 -13
44923 -17
44924 -12
44925 -13
44926 -16
44927 -23
44928 -3
44929 -1
44930 0
44931 -2
44932 22
44933 16
44934 -16
44935 -11
44936 8
44937 4
44938 28
44939 29
44940 0
44941 -25
44942 -8
44943 -8
44944 10
44945 33
44946 8
44947 8
44948 12
44949 -15
44950 -12
44951 -15
44952 5
44953 -4
44954 18
44955 40
44956 32
44957 29
44958 33
44959 -50
44960 -49
44961 -40
44962 -41
44963 -38
44964 -22
44965 -28
44966 -17
44967 -1
44968 -15
44969 -19
44970 -2
44971 4
44972 12
44973 2
44974 15
44975 1
44976 -38
44977 -14
44978 -3
44979 -3
44980 -33
44981 -32
44982 -29
44983 -38
44984 -48
44985 -41
44986 -44
44987 -54
44988 -37
44989 -12
44990 -11
44991 -14
44992 -3
44993 -59
44994 -43
44995 -20
44996 -26
44997 -3
44998 -13
44999 -23
45000 -4
45001 10
45002 14
45003 24
45004 5
45005 -23
45006 -6
45007 -13
45008 -7
45009 7
45010 20
45011 -6
45012 1
45013 3
45014 -64
45015 -39
45016 -26
45017 -19
45018 -27
45019 -28
45020 -27
45021 -3
45022 -17
45023 -26
45024 -56
45025 -31
45026 -32
45027 -15
45028 -23
45029 -18
45030 5
45031 13
45032 -4
45033 -11
45034 -8
45035 14
45036 18
45037 20
45038 26
45039 45
45040 6
45041 -44
45042 -28
45043 -9
45044 7
45045 -19
45046 -52
45047 -29
45048 -18
45049 -11
45050 0
45051 24
45052 35
45053 -2
45054 -39
45055 -38
45056 -24
45057 -31
45058 -41
45059 -26
45060 -32
45061 -18
45062 -14
45063 -16
45064 -30
45065 -39
45066 -37
45067 -38
45068 -42
45069 -48
45070 -40
45071 -50
45072 -35
45073 -27
45074 -28
45075 -8
45076 5
45077 20
45078 1
45079 -15
45080 2
45081 10
45082 6
45083 -4
45084 -15
45085 -16
45086 -47
45087 -51
45088 -53
45089 -35
45090 -22
45091 -15
45092 -21
45093 -8
45094 -12
45095 -5
45096 16
45097 14
45098 -14
45099 -3
45100 -11
45101 -5
45102 -7
45103 5
45104 -8
45105 -5
45106 -11
45107 -20
45108 -29
45109 -6
45110 -29
45111 -25
45112 -68
45113 -66
45114 -76
45115 -57
45116 -56
45117 -49
45118 -42
45119 -30
45120 -16
45121 -64
45122 -73
45123 -48
45124 -34
45125 -32
45126 -26
45127 -15
45128 -20
45129 -5
45130 -8
45131 -10
45132 0
45133 -2
45134 -26
45135 -22
45136 -20
45137 -27
45138 -33
45139 -11
45140 -13
45141 -21
45142 -14
45143 11
45144 27
45145 17
45146 7
45147 25
45148 29
45149 6
45150 -2
45151 11
45152 7
45153 -1
45154 7
45155 13
45156 35
45157 41
45158 28
45159 26
45160 28
45161 20
45162 -10
45163 6
45164 7
45165 -5
45166 -10
45167 -8
45168 7
45169 -23
45170 -42
45171 -25
45172 -2
45173 7
45174 -17
45175 -3
45176 -8
45177 -1
45178 -24
45179 -2
45180 0
45181 17
45182 23
45183 7
45184 3
45185 -6
45186 5
45187 -4
45188 -9
45189 16
45190 20
45191 43
45192 48
45193 -21
45194 -1
45195 22
45196 21
45197 -7
45198 -13
45199 -15
45200 -1
45201 -2
45202 -1
45203 24
45204 17
45205 18
45206 2
45207 -7
45208 -12
45209 -8
45210 8
45211 30
45212 30
45213 -21
45214 -25
45215 -26
45216 -36
45217 -46
45218 -42
45219 -36
45220 -35
45221 -39
45222 -35
45223 -45
45224 -44
45225 -31
45226 -7
45227 -30
45228 -34
45229 -17
45230 8
45231 28
45232 8
45233 11
45234 -20
45235 4
45236 -6
45237 -10
45238 5
45239 18
45240 13
45241 -6
45242 -5
45243 -22
45244 -27
45245 -20
45246 -13
45247 -19
45248 -5
45249 15
45250 21
45251 -16
45252 -10
45253 -14
45254 -7
45255 -13
45256 -21
45257 -3
45258 3
45259 -19
45260 -38
45261 -45
45262 -50
45263 -58
45264 -52
45265 -29
45266 -23
45267 -3
45268 5
45269 3
45270 -46
45271 -21
45272 -21
45273 -37
45274 -31
45275 -22
45276 -9
45277 -15
45278 8
45279 26
45280 -8
45281 2
45282 -30
45283 -11
45284 5
45285 21
45286 -55
45287 -51
45288 -26
45289 -4
45290 19
45291 -61
45292 -43
45293 -21
45294 -21
45295 -24
45296 -10
45297 -15
45298 -2
45299 -6
45300 17
45301 -25
45302 -4
45303 -14
45304 -16
45305 -10
45306 -15
45307 -18
45308 -9
45309 -19
45310 -9
45311 -66
45312 -71
45313 -55
45314 -30
45315 -13
45316 -1
45317 7
45318 2
45319 1
45320 -58
45321 -43
45322 -49
45323 -42
45324 -39
45325 -26
45326 -51
45327 -49
45328 -39
45329 -23
45330 -33
45331 -35
45332 -20
45333 -13
45334 -18
45335 -7
45336 -50
45337 -48
45338 -47
45339 -42
45340 -23
45341 -19
45342 -26
45343 -13
45344 -9
45345 -24
45346 -18
45347 -28
45348 -33
45349 -28
45350 -37
45351 -22
45352 -27
45353 -26
45354 -14
45355 0
45356 -10
45357 -5
45358 -6
45359 -16
45360 8
45361 24
45362 25
45363 38
45364 4
45365 7
45366 -21
45367 -6
45368 -10
45369 9
45370 21
45371 44
45372 0
45373 21
45374 -38
45375 -45
45376 -43
45377 -29
45378 -22
45379 -14
45380 -15
45381 -3
45382 -11
45383 -7
45384 1
45385 2
45386 -15
45387 -9
45388 1
45389 -9
45390 -5
45391 7
45392 9
45393 8
45394 0
45395 -7
45396 15
45397 -29
45398 -20
45399 -22
45400 -19
45401 -15
45402 -12
45403 2
45404 -6
45405 -13
45406 -17
45407 -25
45408 -7
45409 -46
45410 -24
45411 -34
45412 -28
45413 -19
45414 6
45415 5
45416 18
45417 23
45418 20
45419 26
45420 24
45421 33
45422 -12
45423 -11
45424 -24
45425 -6
45426 -30
45427 -40
45428 -39
45429 -28
45430 -12
45431 -49
45432 -24
45433 -19
45434 -26
45435 -19
45436 -4
45437 -5
45438 17
45439 38
45440 20
45441 -63
45442 -56
45443 -38
45444 -47
45445 -54
45446 -44
45447 -20
45448 -3
45449 14
45450 -3
45451 2
45452 -7
45453 11
45454 -52
45455 -42
45456 -35
45457 -33
45458 -40
45459 -44
45460 -50
45461 -37
45462 -32
45463 -23
45464 -16
45465 -6
45466 -14
45467 -22
45468 -38
45469 -47
45470 -56
45471 -55
45472 -62
45473 -53
45474 -60
45475 -42
45476 -28
45477 -23
45478 -51
45479 -50
45480 -53
45481 -52
45482 -68
45483 -71
45484 -62
45485 -64
45486 -72
45487 -61
45488 -60
45489 -69
45490 -76
45491 -59
45492 -49
45493 -50
45494 -60
45495 -41
45496 -30
45497 -34
45498 -32
45499 -15
45500 -53
45501 -41
45502 -35
45503 -16
45504 -21
45505 -20
45506 -2
45507 -3
45508 10
45509 -21
45510 4
45511 5
45512 13
45513 14
45514 -11
45515 -15
45516 -8
45517 2
45518 3
45519 11
45520 7
45521 -48
45522 -32
45523 -17
45524 -18
45525 -14
45526 7
45527 -16
45528 -14
45529 -7
45530 -48
45531 -55
45532 -31
45533 -10
45534 -3
45535 -36
45536 -24
45537 -7
45538 -17
45539 -4
45540 -21
45541 -5
45542 -15
45543 -8
45544 12
45545 -1
45546 -49
45547 -52
45548 -42
45549 -47
45550 -45
45551 -44
45552 -29
45553 -28
45554 -33
45555 -29
45556 -38
45557 -29
45558 -12
45559 4
45560 10
45561 0
45562 -6
45563 -14
45564 1
45565 -2
45566 -1
45567 18
45568 12
45569 -19
45570 -4
45571 -1
45572 -21
45573 -1
45574 10
45575 11
45576 29
45577 1
45578 16
45579 -13
45580 6
45581 7
45582 -68
45583 -50
45584 -59
45585 -58
45586 -57
45587 -47
45588 -38
45589 -37
45590 -35
45591 -29
45592 -32
45593 -37
45594 -31
45595 -33
45596 -10
45597 -2
45598 -4
45599 -10
45600 -4
45601 -23
45602 -26
45603 -34
45604 -14
45605 -22
45606 -12
45607 -3
45608 0
45609 -6
45610 -72
45611 -70
45612 -62
45613 -69
45614 -75
45615 -53
45616 -31
45617 -15
45618 -18
45619 -17
45620 -28
45621 -10
45622 -20
45623 1
45624 11
45625 10
45626 -45
45627 -65
45628 -48
45629 -50
45630 -49
45631 -37
45632 -39
45633 -36
45634 -41
45635 -46
45636 -51
45637 -27
45638 -15
45639 -7
45640 -25
45641 -32
45642 -10
45643 -6
45644 5
45645 -7
45646 12
45647 -18
45648 -1
45649 5
45650 -13
45651 -8
45652 -6
45653 -16
45654 3
45655 -22
45656 -41
45657 -42
45658 -17
45659 -29
45660 -58
45661 -51
45662 -56
45663 -36
45664 -20
45665 -9
45666 -1
45667 -11
45668 -9
45669 -12
45670 -7
45671 -4
45672 -5
45673 -24
45674 -34
45675 -40
45676 -26
45677 -9
45678 -21
45679 -5
45680 -50
45681 -36
45682 -26
45683 -18
45684 -24
45685 -8
45686 -7
45687 -1
45688 18
45689 -45
45690 -48
45691 -33
45692 -11
45693 -18
45694 -24
45695 -43
45696 -34
45697 -36
45698 -40
45699 -46
45700 -40
45701 -43
45702 -36
45703 -34
45704 -44
45705 -33
45706 -14
45707 -5
45708 -6
45709 -51
45710 -56
45711 -39
45712 -37
45713 -38
45714 -26
45715 -10
45716 0
45717 6
45718 5
45719 17
45720 20
45721 -36
45722 -43
45723 -21
45724 -38
45725 -37
45726 -34
45727 -38
45728 -48
45729 -23
45730 -21
45731 -67
45732 -60
45733 -46
45734 -38
45735 -32
45736 -24
45737 -6
45738 -16
45739 -21
45740 -2
45741 10
45742 -57
45743 -50
45744 -48
45745 -52
45746 -32
45747 -20
45748 -4
45749 7
45750 -14
45751 -11
45752 8
45753 11
45754 -16
45755 -16
45756 -58
45757 -38
45758 -17
45759 2
45760 -4
45761 -14
45762 -10
45763 -24
45764 -16
45765 -19
45766 -22
45767 -21
45768 -33
45769 -14
45770 -7
45771 0
45772 -2
45773 -5
45774 -4
45775 1
45776 -2
45777 -4
45778 -8
45779 -8
45780 -4
45781 11
45782 22
45783 8
45784 1
45785 1
45786 -7
45787 -49
45788 -41
45789 -45
45790 -28
45791 -37
45792 -18
45793 -7
45794 -42
45795 -43
45796 -33
45797 -14
45798 -40
45799 -42
45800 -45
45801 -51
45802 -60
45803 -56
45804 -46
45805 -26
45806 -2
45807 -20
45808 -5
45809 3
45810 -30
45811 -38
45812 -27
45813 -21
45814 -13
45815 5
45816 -39
45817 -37
45818 -17
45819 -16
45820 -60
45821 -66
45822 -44
45823 -43
45824 -32
45825 -40
45826 -22
45827 -6
45828 15
45829 -15
45830 -24
45831 -19
45832 -10
45833 -18
45834 -25
45835 -19
45836 -14
45837 4
45838 12
45839 24
45840 -14
45841 -25
45842 -2
45843 -19
45844 -15
45845 -18
45846 -16
45847 -1
45848 6
45849 28
45850 -15
45851 -18
45852 7
45853 -13
45854 1
45855 25
45856 26
45857 -6
45858 -38
45859 -21
45860 -2
45861 -5
45862 -30
45863 -6
45864 -8
45865 -13
45866 2
45867 14
45868 36
45869 -15
45870 0
45871 5
45872 -39
45873 -19
45874 -14
45875 -27
45876 -68
45877 -48
45878 -51
45879 -27
45880 -13
45881 -4
45882 -25
45883 -5
45884 -4
45885 -10
45886 -13
45887 -12
45888 -1
45889 -7
45890 4
45891 2
45892 -6
45893 -1
45894 0
45895 -37
45896 -32
45897 -15
45898 -12
45899 -63
45900 -62
45901 -52
45902 -31
45903 -39
45904 -25
45905 -30
45906 -34
45907 -36
45908 -44
45909 -43
45910 -26
45911 -29
45912 -34
45913 -38
45914 -46
45915 -31
45916 -20
45917 -24
45918 -58
45919 -36
45920 -19
45921 5
45922 -21
45923 -31
45924 -6
45925 -20
45926 -20
45927 -15
45928 -6
45929 -16
45930 -23
45931 -36
45932 -39
45933 -26
45934 -8
45935 -2
45936 8
45937 21
45938 12
45939 6
45940 -7
45941 -7
45942 -19
45943 -18
45944 -9
45945 -4
45946 5
45947 12
45948 -36
45949 -32
45950 -21
45951 -28
45952 -3
45953 7
45954 -21
45955 -20
45956 -15
45957 -16
45958 4
45959 -7
45960 -5
45961 -1
45962 18
45963 13
45964 -79
45965 -85
45966 -93
45967 -69
45968 -53
45969 -39
45970 -34
45971 -19
45972 -3
45973 -19
45974 -22
45975 -21
45976 -55
45977 -45
45978 -41
45979 -51
45980 -53
45981 -57
45982 -34
45983 -22
45984 -28
45985 -8
45986 -16
45987 -34
45988 -31
45989 -29
45990 -16
45991 -16
45992 -14
45993 -23
45994 -3
45995 -21
45996 -13
45997 10
45998 -55
45999 -43
46000 -28
46001 -18
46002 -2
46003 -11
46004 -70
46005 -76
46006 -51
46007 -38
46008 -30
46009 -12
46010 -17
46011 -16
46012 1
46013 6
46014 20
46015 7
46016 8
46017 28
46018 52
46019 -44
46020 -40
46021 -42
46022 -25
46023 -31
46024 -40
46025 -33
46026 -36
46027 -40
46028 -17
46029 -7
46030 -22
46031 -6
46032 -23
46033 -22
46034 -6
46035 -7
46036 5
46037 -44
46038 -24
46039 -31
46040 -24
46041 -21
46042 0
46043 11
46044 -3
46045 -6
46046 -3
46047 -36
46048 -25
46049 -6
46050 8
46051 3
46052 -3
46053 -23
46054 -31
46055 -21
46056 -20
46057 -9
46058 -27
46059 -52
46060 -56
46061 -50
46062 -37
46063 -40
46064 -26
46065 -30
46066 -38
46067 -40
46068 -50
46069 -39
46070 -49
46071 -39
46072 -72
46073 -81
46074 -65
46075 -71
46076 -74
46077 -80
46078 -63
46079 -53
46080 -42
46081 -59
46082 -51
46083 -49
46084 -37
46085 -38
46086 -41
46087 -29
46088 -24
46089 -15
46090 -4
46091 0
46092 -16
46093 -19
46094 -30
46095 -11
46096 -67
46097 -73
46098 -61
46099 -37
46100 -24
46101 -33
46102 -53
46103 -55
46104 -49
46105 -29
46106 -9
46107 -10
46108 -60
46109 -74
46110 -73
46111 -58
46112 -43
46113 -51
46114 -55
46115 -35
46116 -21
46117 -15
46118 -14
46119 -24
46120 -20
46121 -15
46122 -36
46123 -45
46124 -52
46125 -56
46126 -34
46127 -33
46128 -27
46129 -29
46130 -28
46131 -21
46132 -10
46133 3
46134 4
46135 10
46136 21
46137 -33
46138 -37
46139 -19
46140 -8
46141 -32
46142 -22
46143 -16
46144 -24
46145 -14
46146 -33
46147 -11
46148 -31
46149 -12
46150 -20
46151 -28
46152 -27
46153 -26
46154 -19
46155 -26
46156 -15
46157 -11
46158 -1
46159 -5
46160 3
46161 -28
46162 -12
46163 -24
46164 -18
46165 -14
46166 -31
46167 -22
46168 -7
46169 8
46170 0
46171 -21
46172 -34
46173 -36
46174 -42
46175 -19
46176 -16
46177 -4
46178 12
46179 16
46180 -14
46181 3
46182 -51
46183 -52
46184 -50
46185 -53
46186 -56
46187 -36
46188 -55
46189 -61
46190 -53
46191 -29
46192 -34
46193 -22
46194 -30
46195 -48
46196 -55
46197 -45
46198 -27
46199 -31
46200 -13
46201 -20
46202 -9
46203 -61
46204 -58
46205 -50
46206 -51
46207 -49
46208 -54
46209 -33
46210 -29
46211 -9
46212 12
46213 5
46214 -14
46215 -19
46216 -28
46217 -19
46218 -24
46219 -22
46220 -58
46221 -59
46222 -45
46223 -41
46224 -21
46225 -17
46226 -26
46227 -29
46228 -10
46229 -13
46230 2
46231 -31
46232 -39
46233 -43
46234 -27
46235 -4
46236 -14
46237 -35
46238 -41
46239 -43
46240 -21
46241 0
46242 -19
46243 -40
46244 -19
46245 -3
46246 -10
46247 -6
46248 -2
46249 -35
46250 -30
46251 -32
46252 -37
46253 -36
46254 -54
46255 -33
46256 -20
46257 -14
46258 -21
46259 -3
46260 -46
46261 -27
46262 -32
46263 -7
46264 -70
46265 -73
46266 -56
46267 -42
46268 -52
46269 -60
46270 -53
46271 -47
46272 -44
46273 -41
46274 -40
46275 -76
46276 -51
46277 -43
46278 -47
46279 -39
46280 -16
46281 -3
46282 -2
46283 -47
46284 -26
46285 -13
46286 -20
46287 -3
46288 1
46289 1
46290 -28
46291 -27
46292 -8
46293 -18
46294 -28
46295 -17
46296 -16
46297 -56
46298 -59
46299 -35
46300 -45
46301 -44
46302 -23
46303 -27
46304 -3
46305 14
46306 27
46307 -15
46308 -5
46309 3
46310 25
46311 19
46312 -36
46313 -45
46314 -50
46315 -27
46316 -35
46317 -39
46318 -41
46319 -28
46320 -39
46321 -18
46322 -9
46323 -1
46324 -31
46325 -12
46326 -43
46327 -25
46328 -16
46329 -17
46330 -5
46331 -15
46332 -18
46333 -12
46334 -35
46335 -29
46336 -8
46337 -15
46338 -34
46339 -74
46340 -67
46341 -54
46342 -48
46343 -38
46344 -31
46345 -27
46346 -26
46347 -33
46348 -42
46349 -41
46350 -36
46351 -43
46352 -41
46353 -25
46354 -18
46355 -16
46356 1
46357 -45
46358 -25
46359 -14
46360 -30
46361 -16
46362 -15
46363 -25
46364 -18
46365 -15
46366 -23
46367 -68
46368 -43
46369 -32
46370 -7
46371 -13
46372 -16
46373 -8
46374 -17
46375 -16
46376 -2
46377 8
46378 -22
46379 -23
46380 -2
46381 -16
46382 -6
46383 -39
46384 -33
46385 -15
46386 -5
46387 5
46388 10
46389 -27
46390 -37
46391 -73
46392 -76
46393 -84
46394 -77
46395 -60
46396 -40
46397 -37
46398 -49
46399 -58
46400 -61
46401 -60
46402 -56
46403 -59
46404 -69
46405 -45
46406 -41
46407 -40
46408 -33
46409 -32
46410 -59
46411 -52
46412 -48
46413 -42
46414 -28
46415 -18
46416 -27
46417 -20
46418 3
46419 -4
46420 -4
46421 -44
46422 -41
46423 -22
46424 -7
46425 -51
46426 -53
46427 -49
46428 -47
46429 -33
46430 -10
46431 -1
46432 1
46433 -54
46434 -64
46435 -56
46436 -42
46437 -37
46438 -13
46439 -54
46440 -37
46441 -36
46442 -38
46443 -40
46444 -21
46445 -41
46446 -48
46447 -34
46448 -28
46449 -60
46450 -57
46451 -43
46452 -44
46453 -69
46454 -55
46455 -54
46456 -47
46457 -43
46458 -27
46459 -12
46460 -11
46461 -27
46462 -27
46463 -10
46464 -15
46465 3
46466 12
46467 -25
46468 -12
46469 0
46470 -23
46471 -33
46472 -17
46473 0
46474 -33
46475 -27
46476 -21
46477 -3
46478 -30
46479 -49
46480 -43
46481 -45
46482 -34
46483 -42
46484 -30
46485 -14
46486 -13
46487 -4
46488 -30
46489 -16
46490 -3
46491 -21
46492 -23
46493 -60
46494 -49
46495 -55
46496 -49
46497 -30
46498 -41
46499 -21
46500 -24
46501 -54
46502 -53
46503 -44
46504 -47
46505 -49
46506 -37
46507 -29
46508 -16
46509 -21
46510 -20
46511 -6
46512 5
46513 3
46514 -29
46515 -15
46516 -24
46517 -33
46518 -19
46519 -24
46520 -23
46521 -53
46522 -45
46523 -25
46524 -13
46525 -10
46526 -2
46527 -9
46528 -32
46529 -35
46530 -20
46531 -47
46532 -53
46533 -58
46534 -45
46535 -48
46536 -44
46537 -19
46538 -10
46539 4
46540 21
46541 -2
46542 6
46543 -12
46544 -16
46545 -29
46546 -15
46547 -4
46548 -46
46549 -49
46550 -36
46551 -34
46552 -47
46553 -43
46554 -27
46555 -29
46556 -7
46557 -24
46558 0
46559 -25
46560 -24
46561 -29
46562 -24
46563 -7
46564 -49
46565 -63
46566 -50
46567 -48
46568 -68
46569 -65
46570 -55
46571 -44
46572 -60
46573 -50
46574 -59
46575 -60
46576 -62
46577 -71
46578 -70
46579 -50
46580 -48
46581 -23
46582 -41
46583 -27
46584 -21
46585 -20
46586 2
46587 -19
46588 -31
46589 -38
46590 -35
46591 -81
46592 -79
46593 -84
46594 -74
46595 -52
46596 -30
46597 -36
46598 -32
46599 -31
46600 -12
46601 -11
46602 -33
46603 -35
46604 -33
46605 -58
46606 -53
46607 -49
46608 -46
46609 -41
46610 -45
46611 -47
46612 -30
46613 -33
46614 -12
46615 -21
46616 -30
46617 -20
46618 3
46619 -12
46620 -16
46621 -32
46622 -24
46623 -46
46624 -41
46625 -31
46626 -56
46627 -46
46628 -42
46629 -24
46630 -11
46631 -47
46632 -48
46633 -46
46634 -71
46635 -68
46636 -48
46637 -40
46638 -38
46639 -34
46640 -24
46641 -25
46642 -2
46643 3
46644 -27
46645 -10
46646 -16
46647 -63
46648 -66
46649 -58
46650 -88
46651 -64
46652 -54
46653 -38
46654 -40
46655 -25
46656 -4
46657 -2
46658 21
46659 20
46660 9
46661 -35
46662 -77
46663 -76
46664 -64
46665 -62
46666 -68
46667 -75
46668 -57
46669 -59
46670 -48
46671 -53
46672 -29
46673 -41
46674 -48
46675 -42
46676 -28
46677 -19
46678 -22
46679 -52
46680 -49
46681 -38
46682 -32
46683 -40
46684 -41
46685 -24
46686 -8
46687 -12
46688 -34
46689 -70
46690 -60
46691 -63
46692 -70
46693 -56
46694 -59
46695 -39
46696 -19
46697 -21
46698 -2
46699 -5
46700 17
46701 25
46702 24
46703 -18
46704 1
46705 -9
46706 -55
46707 -54
46708 -29
46709 -8
46710 5
46711 -26
46712 -13
46713 -22
46714 -41
46715 -30
46716 -16
46717 -30
46718 -22
46719 0
46720 8
46721 -1
46722 13
46723 32
46724 -32
46725 -40
46726 -73
46727 -53
46728 -41
46729 -44
46730 -52
46731 -59
46732 -37
46733 -39
46734 -23
46735 -11
46736 -16
46737 -7
46738 -2
46739 4
46740 -1
46741 -8
46742 -15
46743 -55
46744 -49
46745 -48
46746 -46
46747 -54
46748 -43
46749 -45
46750 -36
46751 -24
46752 -23
46753 -27
46754 -49
46755 -57
46756 -37
46757 -21
46758 -22
46759 0
46760 -18
46761 -23
46762 -8
46763 -2
46764 6
46765 7
46766 -23
46767 -41
46768 -17
46769 -3
46770 1
46771 -36
46772 -13
46773 -44
46774 -58
46775 -66
46776 -69
46777 -59
46778 -56
46779 -42
46780 -35
46781 -42
46782 -55
46783 -38
46784 -56
46785 -59
46786 -60
46787 -52
46788 -60
46789 -39
46790 -17
46791 -6
46792 -31
46793 -29
46794 -21
46795 -20
46796 -30
46797 -26
46798 -21
46799 -53
46800 -36
46801 -41
46802 -33
46803 -40
46804 -31
46805 -43
46806 -21
46807 -40
46808 -31
46809 -34
46810 -32
46811 -36
46812 -30
46813 -40
46814 -34
46815 -35
46816 -12
46817 5
46818 -50
46819 -49
46820 -50
46821 -28
46822 -39
46823 -47
46824 -59
46825 -38
46826 -30
46827 -16
46828 -64
46829 -59
46830 -39
46831 -28
46832 -32
46833 -26
46834 -34
46835 -20
46836 -21
46837 3
46838 -3
46839 -32
46840 -23
46841 -19
46842 2
46843 8
46844 -50
46845 -31
46846 -47
46847 -50
46848 -52
46849 -46
46850 -40
46851 -32
46852 -41
46853 -50
46854 -40
46855 -18
46856 -14
46857 -8
46858 -13
46859 -17
46860 -4
46861 2
46862 -21
46863 -20
46864 -36
46865 -46
46866 -38
46867 -44
46868 -46
46869 -42
46870 -35
46871 -25
46872 -24
46873 -22
46874 -48
46875 -35
46876 -12
46877 -45
46878 -60
46879 -67
46880 -51
46881 -39
46882 -49
46883 -52
46884 -61
46885 -58
46886 -60
46887 -45
46888 -38
46889 -28
46890 -25
46891 -57
46892 -60
46893 -57
46894 -59
46895 -61
46896 -64
46897 -47
46898 -33
46899 -46
46900 -59
46901 -66
46902 -72
46903 -53
46904 -36
46905 -26
46906 -47
46907 -24
46908 -8
46909 2
46910 -16
46911 -15
46912 -13
46913 1
46914 20
46915 14
46916 8
46917 -9
46918 -5
46919 -7
46920 -33
46921 -42
46922 -25
46923 -6
46924 -23
46925 -58
46926 -36
46927 -46
46928 -29
46929 -13
46930 -69
46931 -68
46932 -64
46933 -71
46934 -70
46935 -50
46936 -45
46937 -22
46938 -55
46939 -44
46940 -51
46941 -43
46942 -23
46943 -4
46944 -11
46945 -16
46946 -41
46947 -34
46948 -44
46949 -53
46950 -30
46951 -37
46952 -42
46953 -51
46954 -27
46955 -58
46956 -60
46957 -41
46958 -29
46959 -35
46960 -36
46961 -52
46962 -62
46963 -59
46964 -34
46965 -42
46966 -52
46967 -62
46968 -42
46969 -42
46970 -39
46971 -49
46972 -54
46973 -45
46974 -53
46975 -45
46976 -53
46977 -44
46978 -32
46979 -53
46980 -28
46981 -30
46982 -22
46983 -32
46984 -31
46985 -26
46986 -51
46987 -48
46988 -73
46989 -55
46990 -39
46991 -15
46992 -25
46993 -16
46994 -21
46995 -42
46996 -21
46997 -25
46998 -19
46999 -42
47000 -57
47001 -46
47002 -41
47003 -50
47004 -53
47005 -55
47006 -32
47007 -59
47008 -61
47009 -55
47010 -33
47011 -41
47012 -40
47013 -20
47014 -26
47015 -34
47016 -57
47017 -36
47018 -64
47019 -44
47020 -40
47021 -25
47022 -46
47023 -43
47024 -25
47025 -30
47026 -45
47027 -23
47028 -26
47029 -13
47030 -17
47031 -23
47032 -31
47033 -27
47034 -79
47035 -78
47036 -65
47037 -58
47038 -66
47039 -51
47040 -74
47041 -79
47042 -76
47043 -81
47044 -70
47045 -75
47046 -64
47047 -66
47048 -70
47049 -59
47050 -62
47051 -38
47052 -25
47053 -18
47054 -30
47055 -24
47056 -14
47057 -6
47058 -37
47059 -60
47060 -62
47061 -42
47062 -41
47063 -46
47064 -42
47065 -33
47066 -23
47067 -24
47068 -51
47069 -37
47070 -44
47071 -25
47072 -30
47073 -36
47074 -60
47075 -59
47076 -40
47077 -26
47078 -21
47079 -20
47080 -35
47081 -38
47082 -37
47083 -24
47084 -45
47085 -38
47086 -67
47087 -46
47088 -40
47089 -22
47090 -23
47091 -55
47092 -56
47093 -57
47094 -44
47095 -29
47096 -20
47097 -49
47098 -38
47099 -37
47100 -56
47101 -55
47102 -40
47103 -45
47104 -24
47105 -27
47106 -22
47107 0
47108 -3
47109 0
47110 -19
47111 -65
47112 -64
47113 -48
47114 -57
47115 -54
47116 -56
47117 -31
47118 -28
47119 -65
47120 -44
47121 -43
47122 -48
47123 -26
47124 -26
47125 -16
47126 -18
47127 -28
47128 -36
47129 -39
47130 -36
47131 -36
47132 -65
47133 -53
47134 -57
47135 -60
47136 -53
47137 -41
47138 -49
47139 -52
47140 -67
47141 -57
47142 -59
47143 -54
47144 -40
47145 -19
47146 -19
47147 -3
47148 7
47149 -23
47150 -11
47151 -74
47152 -55
47153 -58
47154 -40
47155 -67
47156 -48
47157 -32
47158 -48
47159 -35
47160 -27
47161 -6
47162 -5
47163 -12
47164 8
47165 -73
47166 -82
47167 -92
47168 -98
47169 -92
47170 -85
47171 -84
47172 -74
47173 -49
47174 -58
47175 -68
47176 -59
47177 -64
47178 -41
47179 -44
47180 -26
47181 -3
47182 -20
47183 -25
47184 -13
47185 -31
47186 -40
47187 -37
47188 -38
47189 -37
47190 -40
47191 -36
47192 -37
47193 -43
47194 -23
47195 -20
47196 -32
47197 -31
47198 -37
47199 -24
47200 -21
47201 -27
47202 -5
47203 3
47204 -7
47205 -31
47206 -68
47207 -47
47208 -50
47209 -60
47210 -52
47211 -51
47212 -30
47213 -36
47214 -29
47215 -33
47216 -48
47217 -75
47218 -51
47219 -54
47220 -46
47221 -27
47222 -45
47223 -46
47224 -35
47225 -17
47226 -58
47227 -42
47228 -21
47229 -30
47230 -50
47231 -82
47232 -62
47233 -58
47234 -64
47235 -50
47236 -57
47237 -36
47238 -37
47239 -24
47240 -26
47241 -50
47242 -56
47243 -41
47244 -26
47245 -12
47246 -21
47247 -43
47248 -25
47249 -24
47250 -27
47251 -42
47252 -47
47253 -28
47254 -11
47255 -37
47256 -25
47257 -57
47258 -54
47259 -68
47260 -78
47261 -64
47262 -57
47263 -60
47264 -37
47265 -36
47266 -42
47267 -36
47268 -32
47269 -30
47270 -31
47271 -33
47272 -19
47273 -13
47274 -12
47275 -13
47276 -25
47277 -30
47278 -44
47279 -56
47280 -63
47281 -39
47282 -49
47283 -53
47284 -55
47285 -53
47286 -61
47287 -36
47288 -63
47289 -61
47290 -74
47291 -67
47292 -60
47293 -69
47294 -71
47295 -54
47296 -53
47297 -56
47298 -52
47299 -56
47300 -32
47301 -37
47302 -33
47303 -28
47304 -24
47305 -47
47306 -53
47307 -61
47308 -68
47309 -76
47310 -58
47311 -57
47312 -46
47313 -32
47314 -52
47315 -39
47316 -49
47317 -56
47318 -31
47319 -105
47320 -95
47321 -102
47322 -85
47323 -62
47324 -54
47325 -43
47326 -58
47327 -68
47328 -60
47329 -72
47330 -67
47331 -72
47332 -68
47333 -78
47334 -66
47335 -58
47336 -73
47337 -55
47338 -58
47339 -46
47340 -49
47341 -38
47342 -46
47343 -50
47344 -49
47345 -59
47346 -64
47347 -52
47348 -54
47349 -32
47350 -66
47351 -51
47352 -44
47353 -49
47354 -41
47355 -59
47356 -43
47357 -24
47358 -32
47359 -45
47360 -24
47361 -5
47362 -41
47363 -84
47364 -77
47365 -58
47366 -61
47367 -51
47368 -73
47369 -58
47370 -54
47371 -38
47372 -55
47373 -42
47374 -57
47375 -37
47376 -38
47377 -41
47378 -80
47379 -73
47380 -57
47381 -43
47382 -62
47383 -65
47384 -57
47385 -44
47386 -43
47387 -40
47388 -46
47389 -42
47390 -17
47391 -38
47392 -42
47393 -60
47394 -62
47395 -43
47396 -31
47397 -52
47398 -42
47399 -27
47400 -42
47401 -35
47402 -14
47403 -3
47404 -22
47405 -26
47406 -23
47407 -47
47408 -23
47409 -42
47410 -34
47411 -23
47412 -33
47413 -61
47414 -49
47415 -69
47416 -54
47417 -43
47418 -55
47419 -60
47420 -68
47421 -70
47422 -74
47423 -59
47424 -46
47425 -55
47426 -47
47427 -51
47428 -69
47429 -47
47430 -39
47431 -72
47432 -82
47433 -70
47434 -54
47435 -38
47436 -53
47437 -50
47438 -46
47439 -83
47440 -69
47441 -56
47442 -64
47443 -49
47444 -42
47445 -47
47446 -63
47447 -50
47448 -40
47449 -45
47450 -39
47451 -15
47452 -11
47453 -51
47454 -51
47455 -56
47456 -59
47457 -36
47458 -48
47459 -55
47460 -31
47461 -27
47462 -5
47463 -38
47464 -15
47465 -19
47466 -12
47467 6
47468 -2
47469 16
47470 6
47471 25
47472 -13
47473 -41
47474 -32
47475 -81
47476 -80
47477 -76
47478 -75
47479 -71
47480 -83
47481 -80
47482 -88
47483 -84
47484 -61
47485 -55
47486 -62
47487 -68
47488 -65
47489 -53
47490 -28
47491 -33
47492 -33
47493 -43
47494 -59
47495 -57
47496 -67
47497 -72
47498 -59
47499 -69
47500 -68
47501 -70
47502 -58
47503 -50
47504 -54
47505 -64
47506 -73
47507 -56
47508 -59
47509 -43
47510 -42
47511 -22
47512 2
47513 -55
47514 -47
47515 -48
47516 -59
47517 -53
47518 -50
47519 -53
47520 -33
47521 -23
47522 -47
47523 -67
47524 -76
47525 -79
47526 -76
47527 -52
47528 -34
47529 -28
47530 -37
47531 -42
47532 -45
47533 -38
47534 -59
47535 -68
47536 -61
47537 -52
47538 -37
47539 -78
47540 -69
47541 -73
47542 -72
47543 -82
47544 -81
47545 -77
47546 -68
47547 -52
47548 -33
47549 -28
47550 -66
47551 -76
47552 -68
47553 -55
47554 -41
47555 -44
47556 -45
47557 -50
47558 -53
47559 -60
47560 -47
47561 -52
47562 -53
47563 -60
47564 -64
47565 -48
47566 -36
47567 -55
47568 -35
47569 -75
47570 -73
47571 -75
47572 -68
47573 -67
47574 -72
47575 -61
47576 -47
47577 -49
47578 -40
47579 -15
47580 -51
47581 -48
47582 -38
47583 -63
47584 -65
47585 -49
47586 -52
47587 -56
47588 -64
47589 -51
47590 -61
47591 -68
47592 -51
47593 -42
47594 -43
47595 -25
47596 -37
47597 -24
47598 -63
47599 -51
47600 -37
47601 -72
47602 -82
47603 -65
47604 -73
47605 -83
47606 -62
47607 -50
47608 -54
47609 -47
47610 -34
47611 -47
47612 -26
47613 -18
47614 -40
47615 -67
47616 -49
47617 -44
47618 -28
47619 -29
47620 -61
47621 -57
47622 -54
47623 -35
47624 -43
47625 -36
47626 -39
47627 -50
47628 -26
47629 -70
47630 -57
47631 -45
47632 -56
47633 -53
47634 -57
47635 -50
47636 -26
47637 -70
47638 -49
47639 -46
47640 -61
47641 -59
47642 -43
47643 -45
47644 -64
47645 -56
47646 -68
47647 -73
47648 -65
47649 -52
47650 -55
47651 -61
47652 -57
47653 -40
47654 -43
47655 -29
47656 -11
47657 -6
47658 -32
47659 -39
47660 -36
47661 -45
47662 -52
47663 -36
47664 -36
47665 -36
47666 -56
47667 -85
47668 -83
47669 -82
47670 -81
47671 -71
47672 -65
47673 -71
47674 -63
47675 -90
47676 -86
47677 -70
47678 -68
47679 -56
47680 -52
47681 -49
47682 -58
47683 -41
47684 -42
47685 -25
47686 -60
47687 -55
47688 -79
47689 -54
47690 -37
47691 -54
47692 -63
47693 -69
47694 -44
47695 -53
47696 -58
47697 -52
47698 -30
47699 -37
47700 -32
47701 -62
47702 -59
47703 -52
47704 -56
47705 -49
47706 -71
47707 -47
47708 -48
47709 -59
47710 -61
47711 -54
47712 -41
47713 -44
47714 -61
47715 -68
47716 -47
47717 -83
47718 -75
47719 -50
47720 -80
47721 -63
47722 -59
47723 -67
47724 -56
47725 -47
47726 -28
47727 -29
47728 -66
47729 -54
47730 -53
47731 -66
47732 -65
47733 -45
47734 -80
47735 -61
47736 -65
47737 -57
47738 -59
47739 -58
47740 -66
47741 -42
47742 -64
47743 -65
47744 -55
47745 -50
47746 -55
47747 -85
47748 -70
47749 -62
47750 -66
47751 -76
47752 -72
47753 -51
47754 -62
47755 -66
47756 -59
47757 -42
47758 -22
47759 -64
47760 -44
47761 -54
47762 -60
47763 -55
47764 -71
47765 -68
47766 -48
47767 -39
47768 -70
47769 -68
47770 -61
47771 -52
47772 -46
47773 -23
47774 -61
47775 -69
47776 -52
47777 -39
47778 -73
47779 -72
47780 -67
47781 -58
47782 -60
47783 -38
47784 -34
47785 -31
47786 -29
47787 -77
47788 -57
47789 -63
47790 -69
47791 -48
47792 -37
47793 -49
47794 -44
47795 -46
47796 -42
47797 -57
47798 -34
47799 -62
47800 -39
47801 -32
47802 -62
47803 -41
47804 -57
47805 -75
47806 -80
47807 -64
47808 -74
47809 -68
47810 -69
47811 -83
47812 -91
47813 -100
47814 -93
47815 -69
47816 -65
47817 -94
47818 -83
47819 -67
47820 -71
47821 -49
47822 -29
47823 -26
47824 -43
47825 -36
47826 -29
47827 -36
47828 -31
47829 -38
47830 -15
47831 -27
47832 -36
47833 -46
47834 -45
47835 -21
47836 -81
47837 -69
47838 -46
47839 -21
47840 -53
47841 -68
47842 -65
47843 -64
47844 -74
47845 -67
47846 -77
47847 -79
47848 -77
47849 -63
47850 -58
47851 -50
47852 -47
47853 -48
47854 -49
47855 -57
47856 -69
47857 -54
47858 -35
47859 -58
47860 -62
47861 -71
47862 -69
47863 -57
47864 -50
47865 -35
47866 -65
47867 -70
47868 -75
47869 -72
47870 -53
47871 -60
47872 -61
47873 -92
47874 -90
47875 -87
47876 -90
47877 -92
47878 -79
47879 -61
47880 -68
47881 -44
47882 -24
47883 -74
47884 -65
47885 -70
47886 -54
47887 -51
47888 -61
47889 -55
47890 -54
47891 -52
47892 -32
47893 -75
47894 -55
47895 -54
47896 -35
47897 -36
47898 -94
47899 -77
47900 -80
47901 -83
47902 -65
47903 -72
47904 -50
47905 -57
47906 -52
47907 -39
47908 -57
47909 -64
47910 -72
47911 -74
47912 -66
47913 -47
47914 -33
47915 -69
47916 -64
47917 -65
47918 -64
47919 -66
47920 -54
47921 -49
47922 -59
47923 -73
47924 -79
47925 -86
47926 -96
47927 -104
47928 -91
47929 -98
47930 -93
47931 -100
47932 -81
47933 -90
47934 -75
47935 -64
47936 -51
47937 -52
47938 -48
47939 -47
47940 -38
47941 -34
47942 -44
47943 -51
47944 -41
47945 -62
47946 -66
47947 -72
47948 -71
47949 -58
47950 -52
47951 -69
47952 -78
47953 -88
47954 -94
47955 -72
47956 -82
47957 -62
47958 -46
47959 -47
47960 -57
47961 -41
47962 -67
47963 -77
47964 -67
47965 -70
47966 -73
47967 -51
47968 -61
47969 -54
47970 -59
47971 -67
47972 -65
47973 -72
47974 -62
47975 -38
47976 -37
47977 -40
47978 -88
47979 -74
47980 -50
47981 -55
47982 -36
47983 -35
47984 -49
47985 -47
47986 -55
47987 -79
47988 -54
47989 -74
47990 -56
47991 -56
47992 -45
47993 -67
47994 -64
47995 -41
47996 -42
47997 -39
47998 -38
47999 -37
48000 -46
48001 -23
48002 -26
48003 -38
48004 -37
48005 -46
48006 -56
48007 -66
48008 -67
48009 -42
48010 -51
48011 -69
48012 -74
48013 -63
48014 -69
48015 -56
48016 -64
48017 -55
48018 -66
48019 -49
48020 -52
48021 -46
48022 -30
48023 -37
48024 -48
48025 -29
48026 -61
48027 -41
48028 -83
48029 -77
48030 -61
48031 -47
48032 -47
48033 -39
48034 -52
48035 -71
48036 -56
48037 -46
48038 -53
48039 -49
48040 -73
48041 -62
48042 -64
48043 -52
48044 -54
48045 -53
48046 -68
48047 -56
48048 -32
48049 -38
48050 -56
48051 -64
48052 -72
48053 -48
48054 -69
48055 -46
48056 -40
48057 -18
48058 -44
48059 -54
48060 -58
48061 -59
48062 -55
48063 -58
48064 -42
48065 -17
48066 -40
48067 -24
48068 -30
48069 -6
48070 -56
48071 -49
48072 -67
48073 -50
48074 -84
48075 -92
48076 -83
48077 -75
48078 -77
48079 -68
48080 -75
48081 -79
48082 -71
48083 -72
48084 -47
48085 -83
48086 -69
48087 -68
48088 -55
48089 -53
48090 -48
48091 -62
48092 -52
48093 -35
48094 -81
48095 -65
48096 -67
48097 -66
48098 -68
48099 -76
48100 -64
48101 -70
48102 -59
48103 -34
48104 -39
48105 -74
48106 -58
48107 -61
48108 -70
48109 -62
48110 -48
48111 -73
48112 -74
48113 -73
48114 -68
48115 -68
48116 -71
48117 -68
48118 -47
48119 -38
48120 -48
48121 -52
48122 -47
48123 -35
48124 -49
48125 -64
48126 -54
48127 -43
48128 -30
48129 -69
48130 -79
48131 -78
48132 -67
48133 -56
48134 -33
48135 -94
48136 -85
48137 -64
48138 -60
48139 -62
48140 -84
48141 -88
48142 -81
48143 -77
48144 -76
48145 -86
48146 -79
48147 -74
48148 -61
48149 -60
48150 -36
48151 -78
48152 -82
48153 -79
48154 -86
48155 -80
48156 -81
48157 -63
48158 -71
48159 -54
48160 -39
48161 -41
48162 -46
48163 -64
48164 -71
48165 -88
48166 -83
48167 -93
48168 -90
48169 -86
48170 -62
48171 -84
48172 -75
48173 -82
48174 -86
48175 -75
48176 -59
48177 -58
48178 -71
48179 -63
48180 -55
48181 -65
48182 -51
48183 -42
48184 -54
48185 -53
48186 -49
48187 -83
48188 -65
48189 -49
48190 -71
48191 -59
48192 -64
48193 -56
48194 -89
48195 -78
48196 -55
48197 -64
48198 -91
48199 -82
48200 -61
48201 -47
48202 -56
48203 -47
48204 -46
48205 -49
48206 -50
48207 -49
48208 -37
48209 -14
48210 -25
48211 -27
48212 -35
48213 -56
48214 -61
48215 -57
48216 -49
48217 -38
48218 -51
48219 -58
48220 -56
48221 -72
48222 -71
48223 -71
48224 -89
48225 -91
48226 -89
48227 -94
48228 -85
48229 -84
48230 -73
48231 -67
48232 -54
48233 -44
48234 -43
48235 -72
48236 -76
48237 -75
48238 -61
48239 -65
48240 -93
48241 -100
48242 -78
48243 -74
48244 -57
48245 -60
48246 -66
48247 -59
48248 -66
48249 -64
48250 -66
48251 -73
48252 -55
48253 -63
48254 -73
48255 -91
48256 -68
48257 -69
48258 -58
48259 -62
48260 -57
48261 -78
48262 -71
48263 -69
48264 -84
48265 -77
48266 -64
48267 -73
48268 -61
48269 -49
48270 -61
48271 -49
48272 -29
48273 -42
48274 -64
48275 -47
48276 -38
48277 -25
48278 -51
48279 -42
48280 -52
48281 -54
48282 -77
48283 -76
48284 -86
48285 -92
48286 -83
48287 -80
48288 -74
48289 -82
48290 -79
48291 -71
48292 -76
48293 -52
48294 -64
48295 -62
48296 -56
48297 -65
48298 -72
48299 -81
48300 -59
48301 -74
48302 -76
48303 -87
48304 -62
48305 -54
48306 -57
48307 -48
48308 -81
48309 -80
48310 -61
48311 -48
48312 -63
48313 -50
48314 -89
48315 -83
48316 -64
48317 -64
48318 -84
48319 -61
48320 -57
48321 -61
48322 -100
48323 -99
48324 -75
48325 -82
48326 -79
48327 -67
48328 -68
48329 -62
48330 -65
48331 -61
48332 -43
48333 -58
48334 -48
48335 -55
48336 -33
48337 -87
48338 -65
48339 -78
48340 -80
48341 -73
48342 -80
48343 -65
48344 -65
48345 -64
48346 -51
48347 -61
48348 -58
48349 -80
48350 -83
48351 -78
48352 -81
48353 -81
48354 -90
48355 -78
48356 -72
48357 -64
48358 -55
48359 -39
48360 -63
48361 -72
48362 -49
48363 -52
48364 -89
48365 -92
48366 -101
48367 -107
48368 -84
48369 -70
48370 -76
48371 -68
48372 -73
48373 -82
48374 -70
48375 -86
48376 -74
48377 -66
48378 -69
48379 -44
48380 -64
48381 -73
48382 -59
48383 -83
48384 -63
48385 -56
48386 -66
48387 -64
48388 -66
48389 -69
48390 -85
48391 -87
48392 -79
48393 -66
48394 -73
48395 -50
48396 -33
48397 -75
48398 -72
48399 -81
48400 -76
48401 -61
48402 -46
48403 -53
48404 -39
48405 -62
48406 -97
48407 -98
48408 -77
48409 -55
48410 -63
48411 -46
48412 -51
48413 -61
48414 -68
48415 -93
48416 -94
48417 -88
48418 -83
48419 -77
48420 -58
48421 -59
48422 -65
48423 -91
48424 -99
48425 -78
48426 -61
48427 -69
48428 -71
48429 -55
48430 -74
48431 -76
48432 -66
48433 -78
48434 -54
48435 -56
48436 -44
48437 -47
48438 -54
48439 -45
48440 -31
48441 -62
48442 -72
48443 -74
48444 -54
48445 -66
48446 -70
48447 -64
48448 -85
48449 -82
48450 -87
48451 -94
48452 -83
48453 -89
48454 -69
48455 -52
48456 -58
48457 -70
48458 -92
48459 -76
48460 -72
48461 -82
48462 -80
48463 -82
48464 -58
48465 -68
48466 -61
48467 -69
48468 -64
48469 -44
48470 -46
48471 -72
48472 -75
48473 -71
48474 -63
48475 -67
48476 -47
48477 -76
48478 -74
48479 -73
48480 -96
48481 -101
48482 -83
48483 -85
48484 -84
48485 -74
48486 -75
48487 -62
48488 -71
48489 -79
48490 -88
48491 -77
48492 -71
48493 -64
48494 -45
48495 -46
48496 -23
48497 -58
48498 -66
48499 -58
48500 -55
48501 -75
48502 -78
48503 -69
48504 -79
48505 -63
48506 -74
48507 -80
48508 -64
48509 -47
48510 -46
48511 -32
48512 -51
48513 -50
48514 -49
48515 -45
48516 -50
48517 -96
48518 -84
48519 -80
48520 -73
48521 -95
48522 -70
48523 -86
48524 -78
48525 -60
48526 -51
48527 -57
48528 -65
48529 -46
48530 -33
48531 -76
48532 -53
48533 -79
48534 -74
48535 -84
48536 -89
48537 -70
48538 -78
48539 -86
48540 -65
48541 -83
48542 -72
48543 -77
48544 -72
48545 -47
48546 -73
48547 -77
48548 -83
48549 -64
48550 -84
48551 -88
48552 -83
48553 -73
48554 -53
48555 -69
48556 -93
48557 -75
48558 -65
48559 -51
48560 -56
48561 -56
48562 -38
48563 -30
48564 -63
48565 -71
48566 -81
48567 -84
48568 -85
48569 -84
48570 -67
48571 -51
48572 -79
48573 -73
48574 -61
48575 -43
48576 -80
48577 -95
48578 -103
48579 -106
48580 -112
48581 -101
48582 -88
48583 -82
48584 -77
48585 -59
48586 -70
48587 -65
48588 -67
48589 -53
48590 -83
48591 -70
48592 -72
48593 -81
48594 -67
48595 -87
48596 -90
48597 -86
48598 -87
48599 -102
48600 -78
48601 -61
48602 -57
48603 -46
48604 -40
48605 -36
48606 -37
48607 -56
48608 -55
48609 -57
48610 -63
48611 -55
48612 -63
48613 -54
48614 -39
48615 -78
48616 -70
48617 -63
48618 -64
48619 -51
48620 -67
48621 -85
48622 -75
48623 -72
48624 -50
48625 -53
48626 -43
48627 -63
48628 -53
48629 -72
48630 -75
48631 -83
48632 -82
48633 -84
48634 -83
48635 -93
48636 -100
48637 -95
48638 -86
48639 -94
48640 -99
48641 -108
48642 -90
48643 -69
48644 -68
48645 -65
48646 -69
48647 -54
48648 -69
48649 -94
48650 -95
48651 -101
48652 -107
48653 -95
48654 -105
48655 -83
48656 -67
48657 -68
48658 -58
48659 -51
48660 -54
48661 -75
48662 -60
48663 -76
48664 -77
48665 -58
48666 -59
48667 -68
48668 -65
48669 -52
48670 -94
48671 -74
48672 -61
48673 -65
48674 -48
48675 -88
48676 -69
48677 -64
48678 -49
48679 -65
48680 -74
48681 -84
48682 -62
48683 -52
48684 -72
48685 -68
48686 -73
48687 -77
48688 -66
48689 -63
48690 -59
48691 -68
48692 -97
48693 -96
48694 -76
48695 -85
48696 -92
48697 -94
48698 -90
48699 -73
48700 -61
48701 -54
48702 -41
48703 -52
48704 -57
48705 -62
48706 -65
48707 -81
48708 -73
48709 -84
48710 -73
48711 -78
48712 -97
48713 -105
48714 -104
48715 -79
48716 -62
48717 -49
48718 -90
48719 -78
48720 -71
48721 -86
48722 -68
48723 -70
48724 -80
48725 -83
48726 -80
48727 -63
48728 -68
48729 -72
48730 -68
48731 -78
48732 -84
48733 -80
48734 -58
48735 -71
48736 -78
48737 -86
48738 -77
48739 -55
48740 -86
48741 -79
48742 -71
48743 -70
48744 -69
48745 -46
48746 -44
48747 -44
48748 -79
48749 -67
48750 -59
48751 -70
48752 -77
48753 -79
48754 -68
48755 -71
48756 -87
48757 -82
48758 -76
48759 -75
48760 -58
48761 -90
48762 -89
48763 -96
48764 -99
48765 -96
48766 -104
48767 -108
48768 -100
48769 -105
48770 -80
48771 -79
48772 -92
48773 -87
48774 -71
48775 -87
48776 -67
48777 -71
48778 -53
48779 -76
48780 -57
48781 -55
48782 -70
48783 -65
48784 -83
48785 -61
48786 -47
48787 -42
48788 -91
48789 -79
48790 -54
48791 -63
48792 -69
48793 -72
48794 -65
48795 -70
48796 -63
48797 -71
48798 -76
48799 -64
48800 -91
48801 -75
48802 -51
48803 -91
48804 -78
48805 -70
48806 -75
48807 -54
48808 -90
48809 -70
48810 -57
48811 -53
48812 -87
48813 -73
48814 -77
48815 -62
48816 -85
48817 -93
48818 -96
48819 -94
48820 -71
48821 -63
48822 -104
48823 -109
48824 -108
48825 -110
48826 -108
48827 -85
48828 -86
48829 -83
48830 -82
48831 -86
48832 -85
48833 -73
48834 -83
48835 -76
48836 -74
48837 -71
48838 -110
48839 -108
48840 -84
48841 -70
48842 -78
48843 -96
48844 -89
48845 -98
48846 -81
48847 -79
48848 -78
48849 -75
48850 -55
48851 -63
48852 -71
48853 -90
48854 -97
48855 -83
48856 -78
48857 -70
48858 -64
48859 -74
48860 -88
48861 -63
48862 -38
48863 -31
48864 -63
48865 -63
48866 -96
48867 -105
48868 -92
48869 -106
48870 -103
48871 -102
48872 -93
48873 -100
48874 -91
48875 -90
48876 -100
48877 -101
48878 -100
48879 -103
48880 -92
48881 -95
48882 -105
48883 -95
48884 -98
48885 -96
48886 -104
48887 -99
48888 -80
48889 -71
48890 -77
48891 -58
48892 -56
48893 -87
48894 -63
48895 -55
48896 -84
48897 -77
48898 -65
48899 -98
48900 -76
48901 -77
48902 -57
48903 -50
48904 -36
48905 -76
48906 -60
48907 -88
48908 -90
48909 -72
48910 -52
48911 -55
48912 -65
48913 -71
48914 -56
48915 -68
48916 -102
48917 -93
48918 -81
48919 -71
48920 -82
48921 -86
48922 -72
48923 -81
48924 -65
48925 -75
48926 -72
48927 -78
48928 -70
48929 -88
48930 -95
48931 -93
48932 -94
48933 -80
48934 -79
48935 -83
48936 -71
48937 -78
48938 -69
48939 -86
48940 -83
48941 -87
48942 -83
48943 -81
48944 -94
48945 -83
48946 -80
48947 -87
48948 -83
48949 -74
48950 -89
48951 -77
48952 -86
48953 -83
48954 -77
48955 -97
48956 -107
48957 -111
48958 -104
48959 -92
48960 -82
48961 -79
48962 -54
48963 -60
48964 -81
48965 -88
48966 -96
48967 -77
48968 -96
48969 -82
48970 -83
48971 -84
48972 -75
48973 -69
48974 -74
48975 -76
48976 -61
48977 -77
48978 -78
48979 -60
48980 -70
48981 -64
48982 -85
48983 -103
48984 -107
48985 -116
48986 -115
48987 -102
48988 -94
48989 -97
48990 -90
48991 -88
48992 -114
48993 -124
48994 -122
48995 -103
48996 -108
48997 -96
48998 -93
48999 -90
49000 -73
49001 -72
49002 -78
49003 -74
49004 -71
49005 -99
49006 -85
49007 -80
49008 -97
49009 -87
49010 -81
49011 -90
49012 -88
49013 -77
49014 -79
49015 -79
49016 -85
49017 -70
49018 -62
49019 -63
49020 -69
49021 -91
49022 -90
49023 -83
49024 -93
49025 -108
49026 -113
49027 -100
49028 -82
49029 -111
49030 -94
49031 -98
49032 -108
49033 -101
49034 -105
49035 -112
49036 -111
49037 -109
49038 -115
49039 -99
49040 -93
49041 -113
49042 -112
49043 -100
49044 -89
49045 -101
49046 -77
49047 -86
49048 -87
49049 -69
49050 -71
49051 -111
49052 -110
49053 -118
49054 -112
49055 -117
49056 -127
49057 -132
49058 -139
49059 -149
49060 -156
49061 -157
49062 -145
49063 -147
49064 -144
49065 -153
49066 -151
49067 -160
49068 -135
49069 -120
49070 -129
49071 -121
49072 -106
49073 -91
49074 -90
49075 -70
49076 -83
49077 -145
49078 -153
49079 -133
49080 -121
49081 -98
49082 -103
49083 -104
49084 -113
49085 -123
49086 -127
49087 -123
49088 -124
49089 -128
49090 -116
49091 -109
49092 -114
49093 -123
49094 -128
49095 -106
49096 -114
49097 -119
49098 -112
49099 -113
49100 -102
49101 -96
49102 -74
49103 -67
49104 -78
49105 -102
49106 -100
49107 -110
49108 -90
49109 -97
49110 -127
49111 -126
49112 -102
49113 -109
49114 -130
49115 -116
49116 -115
49117 -110
49118 -95
49119 -89
49120 -98
49121 -94
49122 -81
49123 -84
49124 -65
49125 -64
49126 -88
49127 -98
49128 -73
49129 -98
49130 -81
49131 -87
49132 -91
49133 -144
49134 -143
49135 -139
49136 -121
49137 -97
49138 -80
49139 -73
49140 -76
49141 -70
49142 -102
49143 -111
49144 -94
49145 -117
49146 -102
49147 -98
49148 -92
49149 -92
49150 -96
49151 -101
49152 -96
49153 -95
49154 -70
49155 -80
49156 -99
49157 -101
49158 -100
49159 -103
49160 -122
49161 -116
49162 -99
49163 -96
49164 -102
49165 -102
49166 -104
49167 -90
49168 -85
49169 -89
49170 -90
49171 -118
49172 -123
49173 -99
49174 -85
49175 -87
49176 -96
49177 -90
49178 -94
49179 -96
49180 -85
49181 -92
49182 -79
49183 -76
49184 -98
49185 -114
49186 -101
49187 -109
49188 -113
49189 -143
49190 -131
49191 -115
49192 -94
49193 -89
49194 -75
49195 -72
49196 -82
49197 -58
49198 -87
49199 -92
49200 -85
49201 -79
49202 -104
49203 -84
49204 -86
49205 -75
49206 -95
49207 -92
49208 -114
49209 -107
49210 -85
49211 -95
49212 -90
49213 -98
49214 -105
49215 -108
49216 -87
49217 -73
49218 -70
49219 -58
49220 -67
49221 -93
49222 -95
49223 -94
49224 -93
49225 -100
49226 -77
49227 -101
49228 -98
49229 -73
49230 -79
49231 -108
49232 -94
49233 -95
49234 -102
49235 -96
49236 -73
49237 -70
49238 -55
49239 -93
49240 -85
49241 -82
49242 -60
49243 -86
49244 -79
49245 -65
49246 -81
49247 -89
49248 -92
49249 -121
49250 -123
49251 -119
49252 -120
49253 -125
49254 -114
49255 -124
49256 -99
49257 -98
49258 -137
49259 -130
49260 -135
49261 -139
49262 -125
49263 -124
49264 -129
49265 -106
49266 -113
49267 -100
49268 -106
49269 -109
49270 -90
49271 -113
49272 -102
49273 -100
49274 -89
49275 -135
49276 -120
49277 -124
49278 -113
49279 -111
49280 -96
49281 -112
49282 -120
49283 -126
49284 -116
49285 -121
49286 -130
49287 -107
49288 -101
49289 -93
49290 -77
49291 -142
49292 -141
49293 -144
49294 -130
49295 -127
49296 -128
49297 -130
49298 -126
49299 -108
49300 -105
49301 -112
49302 -114
49303 -112
49304 -90
49305 -95
49306 -109
49307 -103
49308 -102
49309 -111
49310 -118
49311 -124
49312 -134
49313 -123
49314 -106
49315 -139
49316 -137
49317 -139
49318 -146
49319 -139
49320 -147
49321 -155
49322 -165
49323 -170
49324 -172
49325 -177
49326 -175
49327 -160
49328 -153
49329 -152
49330 -143
49331 -120
49332 -119
49333 -119
49334 -112
49335 -109
49336 -118
49337 -123
49338 -130
49339 -128
49340 -131
49341 -126
49342 -136
49343 -130
49344 -115
49345 -114
49346 -121
49347 -104
49348 -101
49349 -110
49350 -98
49351 -100
49352 -102
49353 -99
49354 -93
49355 -84
49356 -75
49357 -79
49358 -137
49359 -134
49360 -121
49361 -128
49362 -106
49363 -104
49364 -97
49365 -91
49366 -91
49367 -102
49368 -110
49369 -116
49370 -167
49371 -151
49372 -143
49373 -125
49374 -110
49375 -102
49376 -104
49377 -112
49378 -116
49379 -125
49380 -108
49381 -115
49382 -113
49383 -102
49384 -97
49385 -102
49386 -101
49387 -136
49388 -145
49389 -144
49390 -163
49391 -141
49392 -137
49393 -123
49394 -107
49395 -110
49396 -118
49397 -116
49398 -99
49399 -85
49400 -101
49401 -115
49402 -117
49403 -124
49404 -99
49405 -76
49406 -127
49407 -129
49408 -113
49409 -122
49410 -115
49411 -91
49412 -167
49413 -158
49414 -145
49415 -126
49416 -107
49417 -112
49418 -106
49419 -113
49420 -153
49421 -140
49422 -115
49423 -124
49424 -112
49425 -113
49426 -109
49427 -100
49428 -108
49429 -88
49430 -124
49431 -102
49432 -96
49433 -123
49434 -103
49435 -117
49436 -99
49437 -83
49438 -163
49439 -166
49440 -165
49441 -160
49442 -157
49443 -142
49444 -130
49445 -120
49446 -155
49447 -156
49448 -144
49449 -145
49450 -150
49451 -151
49452 -153
49453 -143
49454 -133
49455 -134
49456 -112
49457 -150
49458 -149
49459 -137
49460 -118
49461 -121
49462 -126
49463 -135
49464 -134
49465 -131
49466 -132
49467 -137
49468 -114
49469 -107
49470 -113
49471 -108
49472 -124
49473 -130
49474 -113
49475 -107
49476 -127
49477 -111
49478 -107
49479 -115
49480 -119
49481 -116
49482 -107
49483 -116
49484 -100
49485 -102
49486 -168
49487 -169
49488 -152
49489 -141
49490 -150
49491 -136
49492 -119
49493 -121
49494 -110
49495 -170
49496 -175
49497 -174
49498 -159
49499 -145
49500 -130
49501 -129
49502 -128
49503 -126
49504 -143
49505 -137
49506 -124
49507 -124
49508 -106
49509 -101
49510 -116
49511 -91
49512 -145
49513 -144
49514 -153
49515 -146
49516 -131
49517 -115
49518 -136
49519 -126
49520 -141
49521 -125
49522 -138
49523 -132
49524 -137
49525 -144
49526 -139
49527 -150
49528 -153
49529 -141
49530 -125
49531 -130
49532 -133
49533 -129
49534 -134
49535 -149
49536 -141
49537 -129
49538 -125
49539 -110
49540 -146
49541 -149
49542 -155
49543 -138
49544 -146
49545 -122
49546 -129
49547 -176
49548 -154
49549 -132
49550 -129
49551 -126
49552 -110
49553 -119
49554 -105
49555 -90
49556 -129
49557 -146
49558 -150
49559 -142
49560 -130
49561 -124
49562 -121
49563 -117
49564 -104
49565 -145
49566 -160
49567 -153
49568 -156
49569 -134
49570 -129
49571 -154
49572 -159
49573 -141
49574 -120
49575 -152
49576 -130
49577 -128
49578 -119
49579 -125
49580 -111
49581 -159
49582 -142
49583 -124
49584 -118
49585 -137
49586 -143
49587 -128
49588 -145
49589 -146
49590 -154
49591 -161
49592 -161
49593 -169
49594 -167
49595 -160
49596 -151
49597 -136
49598 -145
49599 -144
49600 -127
49601 -127
49602 -118
49603 -167
49604 -150
49605 -152
49606 -145
49607 -143
49608 -148
49609 -139
49610 -143
49611 -126
49612 -130
49613 -115
49614 -162
49615 -141
49616 -144
49617 -135
49618 -137
49619 -115
49620 -110
49621 -100
49622 -90
49623 -139
49624 -128
49625 -135
49626 -132
49627 -114
49628 -169
49629 -173
49630 -178
49631 -176
49632 -157
49633 -159
49634 -138
49635 -137
49636 -140
49637 -146
49638 -159
49639 -151
49640 -158
49641 -157
49642 -159
49643 -152
49644 -148
49645 -132
49646 -134
49647 -144
49648 -133
49649 -136
49650 -135
49651 -116
49652 -132
49653 -151
49654 -130
49655 -138
49656 -147
49657 -163
49658 -150
49659 -169
49660 -175
49661 -161
49662 -171
49663 -148
49664 -156
49665 -154
49666 -147
49667 -152
49668 -133
49669 -154
49670 -131
49671 -111
49672 -137
49673 -119
49674 -129
49675 -128
49676 -111
49677 -127
49678 -126
49679 -139
49680 -156
49681 -179
49682 -155
49683 -143
49684 -129
49685 -150
49686 -153
49687 -128
49688 -142
49689 -141
49690 -150
49691 -152
49692 -149
49693 -157
49694 -160
49695 -168
49696 -167
49697 -170
49698 -166
49699 -144
49700 -149
49701 -150
49702 -155
49703 -149
49704 -157
49705 -138
49706 -118
49707 -112
49708 -133
49709 -139
49710 -167
49711 -157
49712 -135
49713 -166
49714 -157
49715 -153
49716 -148
49717 -158
49718 -155
49719 -161
49720 -167
49721 -177
49722 -178
49723 -172
49724 -175
49725 -152
49726 -159
49727 -140
49728 -177
49729 -170
49730 -177
49731 -171
49732 -169
49733 -167
49734 -159
49735 -175
49736 -171
49737 -169
49738 -165
49739 -176
49740 -171
49741 -177
49742 -154
49743 -136
49744 -142
49745 -143
49746 -142
49747 -144
49748 -152
49749 -151
49750 -144
49751 -149
49752 -148
49753 -155
49754 -163
49755 -158
49756 -165
49757 -157
49758 -156
49759 -163
49760 -186
49761 -168
49762 -145
49763 -150
49764 -184
49765 -191
49766 -168
49767 -158
49768 -161
49769 -176
49770 -177
49771 -182
49772 -174
49773 -179
49774 -166
49775 -156
49776 -182
49777 -189
49778 -193
49779 -196
49780 -199
49781 -198
49782 -182
49783 -180
49784 -188
49785 -191
49786 -197
49787 -205
49788 -186
49789 -176
49790 -173
49791 -171
49792 -155
49793 -147
49794 -186
49795 -177
49796 -174
49797 -181
49798 -165
49799 -158
49800 -166
49801 -181
49802 -190
49803 -187
49804 -174
49805 -175
49806 -181
49807 -164
49808 -152
49809 -156
49810 -179
49811 -171
49812 -174
49813 -150
49814 -156
49815 -188
49816 -179
49817 -166
49818 -165
49819 -171
49820 -156
49821 -193
49822 -188
49823 -202
49824 -198
49825 -177
49826 -192
49827 -179
49828 -180
49829 -175
49830 -185
49831 -177
49832 -178
49833 -158
49834 -162
49835 -147
49836 -172
49837 -176
49838 -189
49839 -174
49840 -180
49841 -170
49842 -174
49843 -183
49844 -184
49845 -183
49846 -173
49847 -166
49848 -176
49849 -154
49850 -207
49851 -192
49852 -200
49853 -189
49854 -196
49855 -195
49856 -191
49857 -171
49858 -164
49859 -150
49860 -181
49861 -180
49862 -165
49863 -154
49864 -175
49865 -170
49866 -180
49867 -187
49868 -172
49869 -195
49870 -199
49871 -203
49872 -186
49873 -179
49874 -178
49875 -181
49876 -190
49877 -180
49878 -190
49879 -196
49880 -190
49881 -195
49882 -198
49883 -198
49884 -184
49885 -173
49886 -180
49887 -179
49888 -179
49889 -158
49890 -183
49891 -174
49892 -169
49893 -184
49894 -163
49895 -171
49896 -175
49897 -201
49898 -210
49899 -191
49900 -212
49901 -222
49902 -231
49903 -234
49904 -221
49905 -219
49906 -211
49907 -197
49908 -173
49909 -207
49910 -194
49911 -181
49912 -157
49913 -217
49914 -193
49915 -180
49916 -203
49917 -226
49918 -210
49919 -213
49920 -219
49921 -210
49922 -219
49923 -221
49924 -199
49925 -202
49926 -187
49927 -175
49928 -206
49929 -189
49930 -193
49931 -169
49932 -214
49933 -221
49934 -205
49935 -206
49936 -213
49937 -191
49938 -208
49939 -215
49940 -218
49941 -198
49942 -206
49943 -188
49944 -176
49945 -238
49946 -231
49947 -223
49948 -215
49949 -200
49950 -206
49951 -208
49952 -195
49953 -227
49954 -214
49955 -219
49956 -195
49957 -218
49958 -205
49959 -202
49960 -238
49961 -230
49962 -215
49963 -233
49964 -222
49965 -226
49966 -225
49967 -232
49968 -233
49969 -232
49970 -219
49971 -221
49972 -217
49973 -219
49974 -207
49975 -216
49976 -247
49977 -229
49978 -233
49979 -225
49980 -213
49981 -248
49982 -229
49983 -222
49984 -222
49985 -236
49986 -242
49987 -242
49988 -226
49989 -246
49990 -227
49991 -236
49992 -234
49993 -234
49994 -245
49995 -241
49996 -243
49997 -250
49998 -256
49999 -250
Negative cycle: none
Execution time: 2.579858 ms
