Algorithm: PageRank
Damping: 0.850000
Vertex ranks:
0 0.000024
1 0.000015
2 0.000021
3 0.000014
4 0.000017
5 0.000021
6 0.000020
7 0.000021
8 0.000023
9 0.000023
10 0.000024
11 0.000015
12 0.000021
13 0.000014
14 0.000017
15 0.000021
16 0.000020
17 0.000021
18 0.000023
19 0.000023
20 0.000024
21 0.000015
22 0.000021
23 0.000014
24 0.000017
25 0.000021
26 0.000020
27 0.000021
28 0.000023
29 0.000023
30 0.000024
31 0.000015
32 0.000021
33 0.000014
34 0.000017
35 0.000021
36 0.000020
37 0.000021
38 0.000023
39 0.000023
40 0.000024
41 0.000015
42 0.000021
43 0.000014
44 0.000017
45 0.000021
46 0.000020
47 0.000021
48 0.000023
49 0.000023
50 0.000024
51 0.000015
52 0.000021
53 0.000014
54 0.000017
55 0.000021
56 0.000020
57 0.000021
58 0.000023
59 0.000023
60 0.000024
61 0.000015
62 0.000021
63 0.000014
64 0.000017
65 0.000021
66 0.000020
67 0.000021
68 0.000023
69 0.000023
70 0.000024
71 0.000015
72 0.000021
73 0.000014
74 0.000017
75 0.000021
76 0.000020
77 0.000021
78 0.000023
79 0.000023
80 0.000024
81 0.000015
82 0.000021
83 0.000014
84 0.000017
85 0.000021
86 0.000020
87 0.000021
88 0.000023
89 0.000023
90 0.000024
91 0.000015
92 0.000021
93 0.000014
94 0.000017
95 0.000021
96 0.000020
97 0.000021
98 0.000023
99 0.000023
100 0.000024
101 0.000015
102 0.000021
103 0.000014
104 0.000017
105 0.000021
106 0.000020
107 0.000021
108 0.000023
109 0.000023
110 0.000024
111 0.000015
112 0.000021
113 0.000014
114 0.000017
115 0.000021
116 0.000020
117 0.000021
118 0.000023
119 0.000023
120 0.000024
121 0.000015
122 0.000021
123 0.000014
124 0.000017
125 0.000021
126 0.000020
127 0.000021
128 0.000023
129 0.000023
130 0.000024
131 0.000015
132 0.000021
133 0.000014
134 0.000017
135 0.000021
136 0.000020
137 0.000021
138 0.000023
139 0.000023
140 0.000024
141 0.000015
142 0.000021
143 0.000014
144 0.000017
145 0.000021
146 0.000020
147 0.000021
148 0.000023
149 0.000023
150 0.000024
151 0.000015
152 0.000021
153 0.000014
154 0.000017
155 0.000021
156 0.000020
157 0.000021
158 0.000023
159 0.000023
160 0.000024
161 0.000015
162 0.000021
163 0.000014
164 0.000017
165 0.000021
166 0.000020
167 0.000021
168 0.000023
169 0.000023
170 0.000024
171 0.000015
172 0.000021
173 0.000014
174 0.000017
175 0.000021
176 0.000020
177 0.000021
178 0.000023
179 0.000023
180 0.000024
181 0.000015
182 0.000021
183 0.000014
184 0.000017
185 0.000021
186 0.000020
187 0.000021
188 0.000023
189 0.000023
190 0.000024
191 0.000015
192 0.000021
193 0.000014
194 0.000017
195 0.000021
196 0.000020
197 0.000021
198 0.000023
199 0.000023
200 0.000024
201 0.000015
202 0.000021
203 0.000014
204 0.000017
205 0.000021
206 0.000020
207 0.000021
208 0.000023
209 0.000023
210 0.000024
211 0.000015
212 0.000021
213 0.000014
214 0.000017
215 0.000021
216 0.000020
217 0.000021
218 0.000023
219 0.000023
220 0.000024
221 0.000015
222 0.000021
223 0.000014
224 0.000017
225 0.000021
226 0.000020
227 0.000021
228 0.000023
229 0.000023
230 0.000024
231 0.000015
232 0.000021
233 0.000014
234 0.000017
235 0.000021
236 0.000020
237 0.000021
238 0.000023
239 0.000023
240 0.000024
241 0.000015
242 0.000021
243 0.000014
244 0.000017
245 0.000021
246 0.000020
247 0.000021
248 0.000023
249 0.000023
250 0.000024
251 0.000015
252 0.000021
253 0.000014
254 0.000017
255 0.000021
256 0.000020
257 0.000021
258 0.000023
259 0.000023
260 0.000024
261 0.000015
262 0.000021
263 0.000014
264 0.000017
265 0.000021
266 0.000020
267 0.000021
268 0.000023
269 0.000023
270 0.000024
271 0.000015
272 0.000021
273 0.000014
274 0.000017
275 0.000021
276 0.000020
277 0.000021
278 0.000023
279 0.000023
280 0.000024
281 0.000015
282 0.000021
283 0.000014
284 0.000017
285 0.000021
286 0.000020
287 0.000021
288 0.000023
289 0.000023
290 0.000024
291 0.000015
292 0.000021
293 0.000014
294 0.000017
295 0.000021
296 0.000020
297 0.000021
298 0.000023
299 0.000023
300 0.000024
301 0.000015
302 0.000021
303 0.000014
304 0.000017
305 0.000021
306 0.000020
307 0.000021
308 0.000023
309 0.000023
310 0.000024
311 0.000015
312 0.000021
313 0.000014
314 0.000017
315 0.000021
316 0.000020
317 0.000021
318 0.000023
319 0.000023
320 0.000024
321 0.000015
322 0.000021
323 0.000014
324 0.000017
325 0.000021
326 0.000020
327 0.000021
328 0.000023
329 0.000023
330 0.000024
331 0.000015
332 0.000021
333 0.000014
334 0.000017
335 0.000021
336 0.000020
337 0.000021
338 0.000023
339 0.000023
340 0.000024
341 0.000015
342 0.000021
343 0.000014
344 0.000017
345 0.000021
346 0.000020
347 0.000021
348 0.000023
349 0.000023
350 0.000024
351 0.000015
352 0.000021
353 0.000014
354 0.000017
355 0.000021
356 0.000020
357 0.000021
358 0.000023
359 0.000023
360 0.000024
361 0.000015
362 0.000021
363 0.000014
364 0.000017
365 0.000021
366 0.000020
367 0.000021
368 0.000023
369 0.000023
370 0.000024
371 0.000015
372 0.000021
373 0.000014
374 0.000017
375 0.000021
376 0.000020
377 0.000021
378 0.000023
379 0.000023
380 0.000024
381 0.000015
382 0.000021
383 0.000014
384 0.000017
385 0.000021
386 0.000020
387 0.000021
388 0.000023
389 0.000023
390 0.000024
391 0.000015
392 0.000021
393 0.000014
394 0.000017
395 0.000021
396 0.000020
397 0.000021
398 0.000023
399 0.000023
400 0.000024
401 0.000015
402 0.000021
403 0.000014
404 0.000017
405 0.000021
406 0.000020
407 0.000021
408 0.000023
409 0.000023
410 0.000024
411 0.000015
412 0.000021
413 0.000014
414 0.000017
415 0.000021
416 0.000020
417 0.000021
418 0.000023
419 0.000023
420 0.000024
421 0.000015
422 0.000021
423 0.000014
424 0.000017
425 0.000021
426 0.000020
427 0.000021
428 0.000023
429 0.000023
430 0.000024
431 0.000015
432 0.000021
433 0.000014
434 0.000017
435 0.000021
436 0.000020
437 0.000021
438 0.000023
439 0.000023
440 0.000024
441 0.000015
442 0.000021
443 0.000014
444 0.000017
445 0.000021
446 0.000020
447 0.000021
448 0.000023
449 0.000023
450 0.000024
451 0.000015
452 0.000021
453 0.000014
454 0.000017
455 0.000021
456 0.000020
457 0.000021
458 0.000023
459 0.000023
460 0.000024
461 0.000015
462 0.000021
463 0.000014
464 0.000017
465 0.000021
466 0.000020
467 0.000021
468 0.000023
469 0.000023
470 0.000024
471 0.000015
472 0.000021
473 0.000014
474 0.000017
475 0.000021
476 0.000020
477 0.000021
478 0.000023
479 0.000023
480 0.000024
481 0.000015
482 0.000021
483 0.000014
484 0.000017
485 0.000021
486 0.000020
487 0.000021
488 0.000023
489 0.000023
490 0.000024
491 0.000015
492 0.000021
493 0.000014
494 0.000017
495 0.000021
496 0.000020
497 0.000021
498 0.000023
499 0.000023
500 0.000024
501 0.000015
502 0.000021
503 0.000014
504 0.000017
505 0.000021
506 0.000020
507 0.000021
508 0.000023
509 0.000023
510 0.000024
511 0.000015
512 0.000021
513 0.000014
514 0.000017
515 0.000021
516 0.000020
517 0.000021
518 0.000023
519 0.000023
520 0.000024
521 0.000015
522 0.000021
523 0.000014
524 0.000017
525 0.000021
526 0.000020
527 0.000021
528 0.000023
529 0.000023
530 0.000024
531 0.000015
532 0.000021
533 0.000014
534 0.000017
535 0.000021
536 0.000020
537 0.000021
538 0.000023
539 0.000023
540 0.000024
541 0.000015
542 0.000021
543 0.000014
544 0.000017
545 0.000021
546 0.000020
547 0.000021
548 0.000023
549 0.000023
550 0.000024
551 0.000015
552 0.000021
553 0.000014
554 0.000017
555 0.000021
556 0.000020
557 0.000021
558 0.000023
559 0.000023
560 0.000024
561 0.000015
562 0.000021
563 0.000014
564 0.000017
565 0.000021
566 0.000020
567 0.000021
568 0.000023
569 0.000023
570 0.000024
571 0.000015
572 0.000021
573 0.000014
574 0.000017
575 0.000021
576 0.000020
577 0.000021
578 0.000023
579 0.000023
580 0.000024
581 0.000015
582 0.000021
583 0.000014
584 0.000017
585 0.000021
586 0.000020
587 0.000021
588 0.000023
589 0.000023
590 0.000024
591 0.000015
592 0.000021
593 0.000014
594 0.000017
595 0.000021
596 0.000020
597 0.000021
598 0.000023
599 0.000023
600 0.000024
601 0.000015
602 0.000021
603 0.000014
604 0.000017
605 0.000021
606 0.000020
607 0.000021
608 0.000023
609 0.000023
610 0.000024
611 0.000015
612 0.000021
613 0.000014
614 0.000017
615 0.000021
616 0.000020
617 0.000021
618 0.000023
619 0.000023
620 0.000024
621 0.000015
622 0.000021
623 0.000014
624 0.000017
625 0.000021
626 0.000020
627 0.000021
628 0.000023
629 0.000023
630 0.000024
631 0.000015
632 0.000021
633 0.000014
634 0.000017
635 0.000021
636 0.000020
637 0.000021
638 0.000023
639 0.000023
640 0.000024
641 0.000015
642 0.000021
643 0.000014
644 0.000017
645 0.000021
646 0.000020
647 0.000021
648 0.000023
649 0.000023
650 0.000024
651 0.000015
652 0.000021
653 0.000014
654 0.000017
655 0.000021
656 0.000020
657 0.000021
658 0.000023
659 0.000023
660 0.000024
661 0.000015
662 0.000021
663 0.000014
664 0.000017
665 0.000021
666 0.000020
667 0.000021
668 0.000023
669 0.000023
670 0.000024
671 0.000015
672 0.000021
673 0.000014
674 0.000017
675 0.000021
676 0.000020
677 0.000021
678 0.000023
679 0.000023
680 0.000024
681 0.000015
682 0.000021
683 0.000014
684 0.000017
685 0.000021
686 0.000020
687 0.000021
688 0.000023
689 0.000023
690 0.000024
691 0.000015
692 0.000021
693 0.000014
694 0.000017
695 0.000021
696 0.000020
697 0.000021
698 0.000023
699 0.000023
700 0.000024
701 0.000015
702 0.000021
703 0.000014
704 0.000017
705 0.000021
706 0.000020
707 0.000021
708 0.000023
709 0.000023
710 0.000024
711 0.000015
712 0.000021
713 0.000014
714 0.000017
715 0.000021
716 0.000020
717 0.000021
718 0.000023
719 0.000023
720 0.000024
721 0.000015
722 0.000021
723 0.000014
724 0.000017
725 0.000021
726 0.000020
727 0.000021
728 0.000023
729 0.000023
730 0.000024
731 0.000015
732 0.000021
733 0.000014
734 0.000017
735 0.000021
736 0.000020
737 0.000021
738 0.000023
739 0.000023
740 0.000024
741 0.000015
742 0.000021
743 0.000014
744 0.000017
745 0.000021
746 0.000020
747 0.000021
748 0.000023
749 0.000023
750 0.000024
751 0.000015
752 0.000021
753 0.000014
754 0.000017
755 0.000021
756 0.000020
757 0.000021
758 0.000023
759 0.000023
760 0.000024
761 0.000015
762 0.000021
763 0.000014
764 0.000017
765 0.000021
766 0.000020
767 0.000021
768 0.000023
769 0.000023
770 0.000024
771 0.000015
772 0.000021
773 0.000014
774 0.000017
775 0.000021
776 0.000020
777 0.000021
778 0.000023
779 0.000023
780 0.000024
781 0.000015
782 0.000021
783 0.000014
784 0.000017
785 0.000021
786 0.000020
787 0.000021
788 0.000023
789 0.000023
790 0.000024
791 0.000015
792 0.000021
793 0.000014
794 0.000017
795 0.000021
796 0.000020
797 0.000021
798 0.000023
799 0.000023
800 0.000024
801 0.000015
802 0.000021
803 0.000014
804 0.000017
805 0.000021
806 0.000020
807 0.000021
808 0.000023
809 0.000023
810 0.000024
811 0.000015
812 0.000021
813 0.000014
814 0.000017
815 0.000021
816 0.000020
817 0.000021
818 0.000023
819 0.000023
820 0.000024
821 0.000015
822 0.000021
823 0.000014
824 0.000017
825 0.000021
826 0.000020
827 0.000021
828 0.000023
829 0.000023
830 0.000024
831 0.000015
832 0.000021
833 0.000014
834 0.000017
835 0.000021
836 0.000020
837 0.000021
838 0.000023
839 0.000023
840 0.000024
841 0.000015
842 0.000021
843 0.000014
844 0.000017
845 0.000021
846 0.000020
847 0.000021
848 0.000023
849 0.000023
850 0.000024
851 0.000015
852 0.000021
853 0.000014
854 0.000017
855 0.000021
856 0.000020
857 0.000021
858 0.000023
859 0.000023
860 0.000024
861 0.000015
862 0.000021
863 0.000014
864 0.000017
865 0.000021
866 0.000020
867 0.000021
868 0.000023
869 0.000023
870 0.000024
871 0.000015
872 0.000021
873 0.000014
874 0.000017
875 0.000021
876 0.000020
877 0.000021
878 0.000023
879 0.000023
880 0.000024
881 0.000015
882 0.000021
883 0.000014
884 0.000017
885 0.000021
886 0.000020
887 0.000021
888 0.000023
889 0.000023
890 0.000024
891 0.000015
892 0.000021
893 0.000014
894 0.000017
895 0.000021
896 0.000020
897 0.000021
898 0.000023
899 0.000023
900 0.000024
901 0.000015
902 0.000021
903 0.000014
904 0.000017
905 0.000021
906 0.000020
907 0.000021
908 0.000023
909 0.000023
910 0.000024
911 0.000015
912 0.000021
913 0.000014
914 0.000017
915 0.000021
916 0.000020
917 0.000021
918 0.000023
919 0.000023
920 0.000024
921 0.000015
922 0.000021
923 0.000014
924 0.000017
925 0.000021
926 0.000020
927 0.000021
928 0.000023
929 0.000023
930 0.000024
931 0.000015
932 0.000021
933 0.000014
934 0.000017
935 0.000021
936 0.000020
937 0.000021
938 0.000023
939 0.000023
940 0.000024
941 0.000015
942 0.000021
943 0.000014
944 0.000017
945 0.000021
946 0.000020
947 0.000021
948 0.000023
949 0.000023
950 0.000024
951 0.000015
952 0.000021
953 0.000014
954 0.000017
955 0.000021
956 0.000020
957 0.000021
958 0.000023
959 0.000023
960 0.000024
961 0.000015
962 0.000021
963 0.000014
964 0.000017
965 0.000021
966 0.000020
967 0.000021
968 0.000023
969 0.000023
970 0.000024
971 0.000015
972 0.000021
973 0.000014
974 0.000017
975 0.000021
976 0.000020
977 0.000021
978 0.000023
979 0.000023
980 0.000024
981 0.000015
982 0.000021
983 0.000014
984 0.000017
985 0.000021
986 0.000020
987 0.000021
988 0.000023
989 0.000023
990 0.000024
991 0.000015
992 0.000021
993 0.000014
994 0.000017
995 0.000021
996 0.000020
997 0.000021
998 0.000023
999 0.000023
1000 0.000024
1001 0.000015
1002 0.000021
1003 0.000014
1004 0.000017
1005 0.000021
1006 0.000020
1007 0.000021
1008 0.000023
1009 0.000023
1010 0.000024
1011 0.000015
1012 0.000021
1013 0.000014
1014 0.000017
1015 0.000021
1016 0.000020
1017 0.000021
1018 0.000023
1019 0.000023
1020 0.000024
1021 0.000015
1022 0.000021
1023 0.000014
1024 0.000017
1025 0.000021
1026 0.000020
1027 0.000021
1028 0.000023
1029 0.000023
1030 0.000024
1031 0.000015
1032 0.000021
1033 0.000014
1034 0.000017
1035 0.000021
1036 0.000020
1037 0.000021
1038 0.000023
1039 0.000023
1040 0.000024
1041 0.000015
1042 0.000021
1043 0.000014
1044 0.000017
1045 0.000021
1046 0.000020
1047 0.000021
1048 0.000023
1049 0.000023
1050 0.000024
1051 0.000015
1052 0.000021
1053 0.000014
1054 0.000017
1055 0.000021
1056 0.000020
1057 0.000021
1058 0.000023
1059 0.000023
1060 0.000024
1061 0.000015
1062 0.000021
1063 0.000014
1064 0.000017
1065 0.000021
1066 0.000020
1067 0.000021
1068 0.000023
1069 0.000023
1070 0.000024
1071 0.000015
1072 0.000021
1073 0.000014
1074 0.000017
1075 0.000021
1076 0.000020
1077 0.000021
1078 0.000023
1079 0.000023
1080 0.000024
1081 0.000015
1082 0.000021
1083 0.000014
1084 0.000017
1085 0.000021
1086 0.000020
1087 0.000021
1088 0.000023
1089 0.000023
1090 0.000024
1091 0.000015
1092 0.000021
1093 0.000014
1094 0.000017
1095 0.000021
1096 0.000020
1097 0.000021
1098 0.000023
1099 0.000023
1100 0.000024
1101 0.000015
1102 0.000021
1103 0.000014
1104 0.000017
1105 0.000021
1106 0.000020
1107 0.000021
1108 0.000023
1109 0.000023
1110 0.000024
1111 0.000015
1112 0.000021
1113 0.000014
1114 0.000017
1115 0.000021
1116 0.000020
1117 0.000021
1118 0.000023
1119 0.000023
1120 0.000024
1121 0.000015
1122 0.000021
1123 0.000014
1124 0.000017
1125 0.000021
1126 0.000020
1127 0.000021
1128 0.000023
1129 0.000023
1130 0.000024
1131 0.000015
1132 0.000021
1133 0.000014
1134 0.000017
1135 0.000021
1136 0.000020
1137 0.000021
1138 0.000023
1139 0.000023
1140 0.000024
1141 0.000015
1142 0.000021
1143 0.000014
1144 0.000017
1145 0.000021
1146 0.000020
1147 0.000021
1148 0.000023
1149 0.000023
1150 0.000024
1151 0.000015
1152 0.000021
1153 0.000014
1154 0.000017
1155 0.000021
1156 0.000020
1157 0.000021
1158 0.000023
1159 0.000023
1160 0.000024
1161 0.000015
1162 0.000021
1163 0.000014
1164 0.000017
1165 0.000021
1166 0.000020
1167 0.000021
1168 0.000023
1169 0.000023
1170 0.000024
1171 0.000015
1172 0.000021
1173 0.000014
1174 0.000017
1175 0.000021
1176 0.000020
1177 0.000021
1178 0.000023
1179 0.000023
1180 0.000024
1181 0.000015
1182 0.000021
1183 0.000014
1184 0.000017
1185 0.000021
1186 0.000020
1187 0.000021
1188 0.000023
1189 0.000023
1190 0.000024
1191 0.000015
1192 0.000021
1193 0.000014
1194 0.000017
1195 0.000021
1196 0.000020
1197 0.000021
1198 0.000023
1199 0.000023
1200 0.000024
1201 0.000015
1202 0.000021
1203 0.000014
1204 0.000017
1205 0.000021
1206 0.000020
1207 0.000021
1208 0.000023
1209 0.000023
1210 0.000024
1211 0.000015
1212 0.000021
1213 0.000014
1214 0.000017
1215 0.000021
1216 0.000020
1217 0.000021
1218 0.000023
1219 0.000023
1220 0.000024
1221 0.000015
1222 0.000021
1223 0.000014
1224 0.000017
1225 0.000021
1226 0.000020
1227 0.000021
1228 0.000023
1229 0.000023
1230 0.000024
1231 0.000015
1232 0.000021
1233 0.000014
1234 0.000017
1235 0.000021
1236 0.000020
1237 0.000021
1238 0.000023
1239 0.000023
1240 0.000024
1241 0.000015
1242 0.000021
1243 0.000014
1244 0.000017
1245 0.000021
1246 0.000020
1247 0.000021
1248 0.000023
1249 0.000023
1250 0.000024
1251 0.000015
1252 0.000021
1253 0.000014
1254 0.000017
1255 0.000021
1256 0.000020
1257 0.000021
1258 0.000023
1259 0.000023
1260 0.000024
1261 0.000015
1262 0.000021
1263 0.000014
1264 0.000017
1265 0.000021
1266 0.000020
1267 0.000021
1268 0.000023
1269 0.000023
1270 0.000024
1271 0.000015
1272 0.000021
1273 0.000014
1274 0.000017
1275 0.000021
1276 0.000020
1277 0.000021
1278 0.000023
1279 0.000023
1280 0.000024
1281 0.000015
1282 0.000021
1283 0.000014
1284 0.000017
1285 0.000021
1286 0.000020
1287 0.000021
1288 0.000023
1289 0.000023
1290 0.000024
1291 0.000015
1292 0.000021
1293 0.000014
1294 0.000017
1295 0.000021
1296 0.000020
1297 0.000021
1298 0.000023
1299 0.000023
1300 0.000024
1301 0.000015
1302 0.000021
1303 0.000014
1304 0.000017
1305 0.000021
1306 0.000020
1307 0.000021
1308 0.000023
1309 0.000023
1310 0.000024
1311 0.000015
1312 0.000021
1313 0.000014
1314 0.000017
1315 0.000021
1316 0.000020
1317 0.000021
1318 0.000023
1319 0.000023
1320 0.000024
1321 0.000015
1322 0.000021
1323 0.000014
1324 0.000017
1325 0.000021
1326 0.000020
1327 0.000021
1328 0.000023
1329 0.000023
1330 0.000024
1331 0.000015
1332 0.000021
1333 0.000014
1334 0.000017
1335 0.000021
1336 0.000020
1337 0.000021
1338 0.000023
1339 0.000023
1340 0.000024
1341 0.000015
1342 0.000021
1343 0.000014
1344 0.000017
1345 0.000021
1346 0.000020
1347 0.000021
1348 0.000023
1349 0.000023
1350 0.000024
1351 0.000015
1352 0.000021
1353 0.000014
1354 0.000017
1355 0.000021
1356 0.000020
1357 0.000021
1358 0.000023
1359 0.000023
1360 0.000024
1361 0.000015
1362 0.000021
1363 0.000014
1364 0.000017
1365 0.000021
1366 0.000020
1367 0.000021
1368 0.000023
1369 0.000023
1370 0.000024
1371 0.000015
1372 0.000021
1373 0.000014
1374 0.000017
1375 0.000021
1376 0.000020
1377 0.000021
1378 0.000023
1379 0.000023
1380 0.000024
1381 0.000015
1382 0.000021
1383 0.000014
1384 0.000017
1385 0.000021
1386 0.000020
1387 0.000021
1388 0.000023
1389 0.000023
1390 0.000024
1391 0.000015
1392 0.000021
1393 0.000014
1394 0.000017
1395 0.000021
1396 0.000020
1397 0.000021
1398 0.000023
1399 0.000023
1400 0.000024
1401 0.000015
1402 0.000021
1403 0.000014
1404 0.000017
1405 0.000021
1406 0.000020
1407 0.000021
1408 0.000023
1409 0.000023
1410 0.000024
1411 0.000015
1412 0.000021
1413 0.000014
1414 0.000017
1415 0.000021
1416 0.000020
1417 0.000021
1418 0.000023
1419 0.000023
1420 0.000024
1421 0.000015
1422 0.000021
1423 0.000014
1424 0.000017
1425 0.000021
1426 0.000020
1427 0.000021
1428 0.000023
1429 0.000023
1430 0.000024
1431 0.000015
1432 0.000021
1433 0.000014
1434 0.000017
1435 0.000021
1436 0.000020
1437 0.000021
1438 0.000023
1439 0.000023
1440 0.000024
1441 0.000015
1442 0.000021
1443 0.000014
1444 0.000017
1445 0.000021
1446 0.000020
1447 0.000021
1448 0.000023
1449 0.000023
1450 0.000024
1451 0.000015
1452 0.000021
1453 0.000014
1454 0.000017
1455 0.000021
1456 0.000020
1457 0.000021
1458 0.000023
1459 0.000023
1460 0.000024
1461 0.000015
1462 0.000021
1463 0.000014
1464 0.000017
1465 0.000021
1466 0.000020
1467 0.000021
1468 0.000023
1469 0.000023
1470 0.000024
1471 0.000015
1472 0.000021
1473 0.000014
1474 0.000017
1475 0.000021
1476 0.000020
1477 0.000021
1478 0.000023
1479 0.000023
1480 0.000024
1481 0.000015
1482 0.000021
1483 0.000014
1484 0.000017
1485 0.000021
1486 0.000020
1487 0.000021
1488 0.000023
1489 0.000023
1490 0.000024
1491 0.000015
1492 0.000021
1493 0.000014
1494 0.000017
1495 0.000021
1496 0.000020
1497 0.000021
1498 0.000023
1499 0.000023
1500 0.000024
1501 0.000015
1502 0.000021
1503 0.000014
1504 0.000017
1505 0.000021
1506 0.000020
1507 0.000021
1508 0.000023
1509 0.000023
1510 0.000024
1511 0.000015
1512 0.000021
1513 0.000014
1514 0.000017
1515 0.000021
1516 0.000020
1517 0.000021
1518 0.000023
1519 0.000023
1520 0.000024
1521 0.000015
1522 0.000021
1523 0.000014
1524 0.000017
1525 0.000021
1526 0.000020
1527 0.000021
1528 0.000023
1529 0.000023
1530 0.000024
1531 0.000015
1532 0.000021
1533 0.000014
1534 0.000017
1535 0.000021
1536 0.000020
1537 0.000021
1538 0.000023
1539 0.000023
1540 0.000024
1541 0.000015
1542 0.000021
1543 0.000014
1544 0.000017
1545 0.000021
1546 0.000020
1547 0.000021
1548 0.000023
1549 0.000023
1550 0.000024
1551 0.000015
1552 0.000021
1553 0.000014
1554 0.000017
1555 0.000021
1556 0.000020
1557 0.000021
1558 0.000023
1559 0.000023
1560 0.000024
1561 0.000015
1562 0.000021
1563 0.000014
1564 0.000017
1565 0.000021
1566 0.000020
1567 0.000021
1568 0.000023
1569 0.000023
1570 0.000024
1571 0.000015
1572 0.000021
1573 0.000014
1574 0.000017
1575 0.000021
1576 0.000020
1577 0.000021
1578 0.000023
1579 0.000023
1580 0.000024
1581 0.000015
1582 0.000021
1583 0.000014
1584 0.000017
1585 0.000021
1586 0.000020
1587 0.000021
1588 0.000023
1589 0.000023
1590 0.000024
1591 0.000015
1592 0.000021
1593 0.000014
1594 0.000017
1595 0.000021
1596 0.000020
1597 0.000021
1598 0.000023
1599 0.000023
1600 0.000024
1601 0.000015
1602 0.000021
1603 0.000014
1604 0.000017
1605 0.000021
1606 0.000020
1607 0.000021
1608 0.000023
1609 0.000023
1610 0.000024
1611 0.000015
1612 0.000021
1613 0.000014
1614 0.000017
1615 0.000021
1616 0.000020
1617 0.000021
1618 0.000023
1619 0.000023
1620 0.000024
1621 0.000015
1622 0.000021
1623 0.000014
1624 0.000017
1625 0.000021
1626 0.000020
1627 0.000021
1628 0.000023
1629 0.000023
1630 0.000024
1631 0.000015
1632 0.000021
1633 0.000014
1634 0.000017
1635 0.000021
1636 0.000020
1637 0.000021
1638 0.000023
1639 0.000023
1640 0.000024
1641 0.000015
1642 0.000021
1643 0.000014
1644 0.000017
1645 0.000021
1646 0.000020
1647 0.000021
1648 0.000023
1649 0.000023
1650 0.000024
1651 0.000015
1652 0.000021
1653 0.000014
1654 0.000017
1655 0.000021
1656 0.000020
1657 0.000021
1658 0.000023
1659 0.000023
1660 0.000024
1661 0.000015
1662 0.000021
1663 0.000014
1664 0.000017
1665 0.000021
1666 0.000020
1667 0.000021
1668 0.000023
1669 0.000023
1670 0.000024
1671 0.000015
1672 0.000021
1673 0.000014
1674 0.000017
1675 0.000021
1676 0.000020
1677 0.000021
1678 0.000023
1679 0.000023
1680 0.000024
1681 0.000015
1682 0.000021
1683 0.000014
1684 0.000017
1685 0.000021
1686 0.000020
1687 0.000021
1688 0.000023
1689 0.000023
1690 0.000024
1691 0.000015
1692 0.000021
1693 0.000014
1694 0.000017
1695 0.000021
1696 0.000020
1697 0.000021
1698 0.000023
1699 0.000023
1700 0.000024
1701 0.000015
1702 0.000021
1703 0.000014
1704 0.000017
1705 0.000021
1706 0.000020
1707 0.000021
1708 0.000023
1709 0.000023
1710 0.000024
1711 0.000015
1712 0.000021
1713 0.000014
1714 0.000017
1715 0.000021
1716 0.000020
1717 0.000021
1718 0.000023
1719 0.000023
1720 0.000024
1721 0.000015
1722 0.000021
1723 0.000014
1724 0.000017
1725 0.000021
1726 0.000020
1727 0.000021
1728 0.000023
1729 0.000023
1730 0.000024
1731 0.000015
1732 0.000021
1733 0.000014
1734 0.000017
1735 0.000021
1736 0.000020
1737 0.000021
1738 0.000023
1739 0.000023
1740 0.000024
1741 0.000015
1742 0.000021
1743 0.000014
1744 0.000017
1745 0.000021
1746 0.000020
1747 0.000021
1748 0.000023
1749 0.000023
1750 0.000024
1751 0.000015
1752 0.000021
1753 0.000014
1754 0.000017
1755 0.000021
1756 0.000020
1757 0.000021
1758 0.000023
1759 0.000023
1760 0.000024
1761 0.000015
1762 0.000021
1763 0.000014
1764 0.000017
1765 0.000021
1766 0.000020
1767 0.000021
1768 0.000023
1769 0.000023
1770 0.000024
1771 0.000015
1772 0.000021
1773 0.000014
1774 0.000017
1775 0.000021
1776 0.000020
1777 0.000021
1778 0.000023
1779 0.000023
1780 0.000024
1781 0.000015
1782 0.000021
1783 0.000014
1784 0.000017
1785 0.000021
1786 0.000020
1787 0.000021
1788 0.000023
1789 0.000023
1790 0.000024
1791 0.000015
1792 0.000021
1793 0.000014
1794 0.000017
1795 0.000021
1796 0.000020
1797 0.000021
1798 0.000023
1799 0.000023
1800 0.000024
1801 0.000015
1802 0.000021
1803 0.000014
1804 0.000017
1805 0.000021
1806 0.000020
1807 0.000021
1808 0.000023
1809 0.000023
1810 0.000024
1811 0.000015
1812 0.000021
1813 0.000014
1814 0.000017
1815 0.000021
1816 0.000020
1817 0.000021
1818 0.000023
1819 0.000023
1820 0.000024
1821 0.000015
1822 0.000021
1823 0.000014
1824 0.000017
1825 0.000021
1826 0.000020
1827 0.000021
1828 0.000023
1829 0.000023
1830 0.000024
1831 0.000015
1832 0.000021
1833 0.000014
1834 0.000017
1835 0.000021
1836 0.000020
1837 0.000021
1838 0.000023
1839 0.000023
1840 0.000024
1841 0.000015
1842 0.000021
1843 0.000014
1844 0.000017
1845 0.000021
1846 0.000020
1847 0.000021
1848 0.000023
1849 0.000023
1850 0.000024
1851 0.000015
1852 0.000021
1853 0.000014
1854 0.000017
1855 0.000021
1856 0.000020
1857 0.000021
1858 0.000023
1859 0.000023
1860 0.000024
1861 0.000015
1862 0.000021
1863 0.000014
1864 0.000017
1865 0.000021
1866 0.000020
1867 0.000021
1868 0.000023
1869 0.000023
1870 0.000024
1871 0.000015
1872 0.000021
1873 0.000014
1874 0.000017
1875 0.000021
1876 0.000020
1877 0.000021
1878 0.000023
1879 0.000023
1880 0.000024
1881 0.000015
1882 0.000021
1883 0.000014
1884 0.000017
1885 0.000021
1886 0.000020
1887 0.000021
1888 0.000023
1889 0.000023
1890 0.000024
1891 0.000015
1892 0.000021
1893 0.000014
1894 0.000017
1895 0.000021
1896 0.000020
1897 0.000021
1898 0.000023
1899 0.000023
1900 0.000024
1901 0.000015
1902 0.000021
1903 0.000014
1904 0.000017
1905 0.000021
1906 0.000020
1907 0.000021
1908 0.000023
1909 0.000023
1910 0.000024
1911 0.000015
1912 0.000021
1913 0.000014
1914 0.000017
1915 0.000021
1916 0.000020
1917 0.000021
1918 0.000023
1919 0.000023
1920 0.000024
1921 0.000015
1922 0.000021
1923 0.000014
1924 0.000017
1925 0.000021
1926 0.000020
1927 0.000021
1928 0.000023
1929 0.000023
1930 0.000024
1931 0.000015
1932 0.000021
1933 0.000014
1934 0.000017
1935 0.000021
1936 0.000020
1937 0.000021
1938 0.000023
1939 0.000023
1940 0.000024
1941 0.000015
1942 0.000021
1943 0.000014
1944 0.000017
1945 0.000021
1946 0.000020
1947 0.000021
1948 0.000023
1949 0.000023
1950 0.000024
1951 0.000015
1952 0.000021
1953 0.000014
1954 0.000017
1955 0.000021
1956 0.000020
1957 0.000021
1958 0.000023
1959 0.000023
1960 0.000024
1961 0.000015
1962 0.000021
1963 0.000014
1964 0.000017
1965 0.000021
1966 0.000020
1967 0.000021
1968 0.000023
1969 0.000023
1970 0.000024
1971 0.000015
1972 0.000021
1973 0.000014
1974 0.000017
1975 0.000021
1976 0.000020
1977 0.000021
1978 0.000023
1979 0.000023
1980 0.000024
1981 0.000015
1982 0.000021
1983 0.000014
1984 0.000017
1985 0.000021
1986 0.000020
1987 0.000021
1988 0.000023
1989 0.000023
1990 0.000024
1991 0.000015
1992 0.000021
1993 0.000014
1994 0.000017
1995 0.000021
1996 0.000020
1997 0.000021
1998 0.000023
1999 0.000023
2000 0.000024
2001 0.000015
2002 0.000021
2003 0.000014
2004 0.000017
2005 0.000021
2006 0.000020
2007 0.000021
2008 0.000023
2009 0.000023
2010 0.000024
2011 0.000015
2012 0.000021
2013 0.000014
2014 0.000017
2015 0.000021
2016 0.000020
2017 0.000021
2018 0.000023
2019 0.000023
2020 0.000024
2021 0.000015
2022 0.000021
2023 0.000014
2024 0.000017
2025 0.000021
2026 0.000020
2027 0.000021
2028 0.000023
2029 0.000023
2030 0.000024
2031 0.000015
2032 0.000021
2033 0.000014
2034 0.000017
2035 0.000021
2036 0.000020
2037 0.000021
2038 0.000023
2039 0.000023
2040 0.000024
2041 0.000015
2042 0.000021
2043 0.000014
2044 0.000017
2045 0.000021
2046 0.000020
2047 0.000021
2048 0.000023
2049 0.000023
2050 0.000024
2051 0.000015
2052 0.000021
2053 0.000014
2054 0.000017
2055 0.000021
2056 0.000020
2057 0.000021
2058 0.000023
2059 0.000023
2060 0.000024
2061 0.000015
2062 0.000021
2063 0.000014
2064 0.000017
2065 0.000021
2066 0.000020
2067 0.000021
2068 0.000023
2069 0.000023
2070 0.000024
2071 0.000015
2072 0.000021
2073 0.000014
2074 0.000017
2075 0.000021
2076 0.000020
2077 0.000021
2078 0.000023
2079 0.000023
2080 0.000024
2081 0.000015
2082 0.000021
2083 0.000014
2084 0.000017
2085 0.000021
2086 0.000020
2087 0.000021
2088 0.000023
2089 0.000023
2090 0.000024
2091 0.000015
2092 0.000021
2093 0.000014
2094 0.000017
2095 0.000021
2096 0.000020
2097 0.000021
2098 0.000023
2099 0.000023
2100 0.000024
2101 0.000015
2102 0.000021
2103 0.000014
2104 0.000017
2105 0.000021
2106 0.000020
2107 0.000021
2108 0.000023
2109 0.000023
2110 0.000024
2111 0.000015
2112 0.000021
2113 0.000014
2114 0.000017
2115 0.000021
2116 0.000020
2117 0.000021
2118 0.000023
2119 0.000023
2120 0.000024
2121 0.000015
2122 0.000021
2123 0.000014
2124 0.000017
2125 0.000021
2126 0.000020
2127 0.000021
2128 0.000023
2129 0.000023
2130 0.000024
2131 0.000015
2132 0.000021
2133 0.000014
2134 0.000017
2135 0.000021
2136 0.000020
2137 0.000021
2138 0.000023
2139 0.000023
2140 0.000024
2141 0.000015
2142 0.000021
2143 0.000014
2144 0.000017
2145 0.000021
2146 0.000020
2147 0.000021
2148 0.000023
2149 0.000023
2150 0.000024
2151 0.000015
2152 0.000021
2153 0.000014
2154 0.000017
2155 0.000021
2156 0.000020
2157 0.000021
2158 0.000023
2159 0.000023
2160 0.000024
2161 0.000015
2162 0.000021
2163 0.000014
2164 0.000017
2165 0.000021
2166 0.000020
2167 0.000021
2168 0.000023
2169 0.000023
2170 0.000024
2171 0.000015
2172 0.000021
2173 0.000014
2174 0.000017
2175 0.000021
2176 0.000020
2177 0.000021
2178 0.000023
2179 0.000023
2180 0.000024
2181 0.000015
2182 0.000021
2183 0.000014
2184 0.000017
2185 0.000021
2186 0.000020
2187 0.000021
2188 0.000023
2189 0.000023
2190 0.000024
2191 0.000015
2192 0.000021
2193 0.000014
2194 0.000017
2195 0.000021
2196 0.000020
2197 0.000021
2198 0.000023
2199 0.000023
2200 0.000024
2201 0.000015
2202 0.000021
2203 0.000014
2204 0.000017
2205 0.000021
2206 0.000020
2207 0.000021
2208 0.000023
2209 0.000023
2210 0.000024
2211 0.000015
2212 0.000021
2213 0.000014
2214 0.000017
2215 0.000021
2216 0.000020
2217 0.000021
2218 0.000023
2219 0.000023
2220 0.000024
2221 0.000015
2222 0.000021
2223 0.000014
2224 0.000017
2225 0.000021
2226 0.000020
2227 0.000021
2228 0.000023
2229 0.000023
2230 0.000024
2231 0.000015
2232 0.000021
2233 0.000014
2234 0.000017
2235 0.000021
2236 0.000020
2237 0.000021
2238 0.000023
2239 0.000023
2240 0.000024
2241 0.000015
2242 0.000021
2243 0.000014
2244 0.000017
2245 0.000021
2246 0.000020
2247 0.000021
2248 0.000023
2249 0.000023
2250 0.000024
2251 0.000015
2252 0.000021
2253 0.000014
2254 0.000017
2255 0.000021
2256 0.000020
2257 0.000021
2258 0.000023
2259 0.000023
2260 0.000024
2261 0.000015
2262 0.000021
2263 0.000014
2264 0.000017
2265 0.000021
2266 0.000020
2267 0.000021
2268 0.000023
2269 0.000023
2270 0.000024
2271 0.000015
2272 0.000021
2273 0.000014
2274 0.000017
2275 0.000021
2276 0.000020
2277 0.000021
2278 0.000023
2279 0.000023
2280 0.000024
2281 0.000015
2282 0.000021
2283 0.000014
2284 0.000017
2285 0.000021
2286 0.000020
2287 0.000021
2288 0.000023
2289 0.000023
2290 0.000024
2291 0.000015
2292 0.000021
2293 0.000014
2294 0.000017
2295 0.000021
2296 0.000020
2297 0.000021
2298 0.000023
2299 0.000023
2300 0.000024
2301 0.000015
2302 0.000021
2303 0.000014
2304 0.000017
2305 0.000021
2306 0.000020
2307 0.000021
2308 0.000023
2309 0.000023
2310 0.000024
2311 0.000015
2312 0.000021
2313 0.000014
2314 0.000017
2315 0.000021
2316 0.000020
2317 0.000021
2318 0.000023
2319 0.000023
2320 0.000024
2321 0.000015
2322 0.000021
2323 0.000014
2324 0.000017
2325 0.000021
2326 0.000020
2327 0.000021
2328 0.000023
2329 0.000023
2330 0.000024
2331 0.000015
2332 0.000021
2333 0.000014
2334 0.000017
2335 0.000021
2336 0.000020
2337 0.000021
2338 0.000023
2339 0.000023
2340 0.000024
2341 0.000015
2342 0.000021
2343 0.000014
2344 0.000017
2345 0.000021
2346 0.000020
2347 0.000021
2348 0.000023
2349 0.000023
2350 0.000024
2351 0.000015
2352 0.000021
2353 0.000014
2354 0.000017
2355 0.000021
2356 0.000020
2357 0.000021
2358 0.000023
2359 0.000023
2360 0.000024
2361 0.000015
2362 0.000021
2363 0.000014
2364 0.000017
2365 0.000021
2366 0.000020
2367 0.000021
2368 0.000023
2369 0.000023
2370 0.000024
2371 0.000015
2372 0.000021
2373 0.000014
2374 0.000017
2375 0.000021
2376 0.000020
2377 0.000021
2378 0.000023
2379 0.000023
2380 0.000024
2381 0.000015
2382 0.000021
2383 0.000014
2384 0.000017
2385 0.000021
2386 0.000020
2387 0.000021
2388 0.000023
2389 0.000023
2390 0.000024
2391 0.000015
2392 0.000021
2393 0.000014
2394 0.000017
2395 0.000021
2396 0.000020
2397 0.000021
2398 0.000023
2399 0.000023
2400 0.000024
2401 0.000015
2402 0.000021
2403 0.000014
2404 0.000017
2405 0.000021
2406 0.000020
2407 0.000021
2408 0.000023
2409 0.000023
2410 0.000024
2411 0.000015
2412 0.000021
2413 0.000014
2414 0.000017
2415 0.000021
2416 0.000020
2417 0.000021
2418 0.000023
2419 0.000023
2420 0.000024
2421 0.000015
2422 0.000021
2423 0.000014
2424 0.000017
2425 0.000021
2426 0.000020
2427 0.000021
2428 0.000023
2429 0.000023
2430 0.000024
2431 0.000015
2432 0.000021
2433 0.000014
2434 0.000017
2435 0.000021
2436 0.000020
2437 0.000021
2438 0.000023
2439 0.000023
2440 0.000024
2441 0.000015
2442 0.000021
2443 0.000014
2444 0.000017
2445 0.000021
2446 0.000020
2447 0.000021
2448 0.000023
2449 0.000023
2450 0.000024
2451 0.000015
2452 0.000021
2453 0.000014
2454 0.000017
2455 0.000021
2456 0.000020
2457 0.000021
2458 0.000023
2459 0.000023
2460 0.000024
2461 0.000015
2462 0.000021
2463 0.000014
2464 0.000017
2465 0.000021
2466 0.000020
2467 0.000021
2468 0.000023
2469 0.000023
2470 0.000024
2471 0.000015
2472 0.000021
2473 0.000014
2474 0.000017
2475 0.000021
2476 0.000020
2477 0.000021
2478 0.000023
2479 0.000023
2480 0.000024
2481 0.000015
2482 0.000021
2483 0.000014
2484 0.000017
2485 0.000021
2486 0.000020
2487 0.000021
2488 0.000023
2489 0.000023
2490 0.000024
2491 0.000015
2492 0.000021
2493 0.000014
2494 0.000017
2495 0.000021
2496 0.000020
2497 0.000021
2498 0.000023
2499 0.000023
2500 0.000024
2501 0.000015
2502 0.000021
2503 0.000014
2504 0.000017
2505 0.000021
2506 0.000020
2507 0.000021
2508 0.000023
2509 0.000023
2510 0.000024
2511 0.000015
2512 0.000021
2513 0.000014
2514 0.000017
2515 0.000021
2516 0.000020
2517 0.000021
2518 0.000023
2519 0.000023
2520 0.000024
2521 0.000015
2522 0.000021
2523 0.000014
2524 0.000017
2525 0.000021
2526 0.000020
2527 0.000021
2528 0.000023
2529 0.000023
2530 0.000024
2531 0.000015
2532 0.000021
2533 0.000014
2534 0.000017
2535 0.000021
2536 0.000020
2537 0.000021
2538 0.000023
2539 0.000023
2540 0.000024
2541 0.000015
2542 0.000021
2543 0.000014
2544 0.000017
2545 0.000021
2546 0.000020
2547 0.000021
2548 0.000023
2549 0.000023
2550 0.000024
2551 0.000015
2552 0.000021
2553 0.000014
2554 0.000017
2555 0.000021
2556 0.000020
2557 0.000021
2558 0.000023
2559 0.000023
2560 0.000024
2561 0.000015
2562 0.000021
2563 0.000014
2564 0.000017
2565 0.000021
2566 0.000020
2567 0.000021
2568 0.000023
2569 0.000023
2570 0.000024
2571 0.000015
2572 0.000021
2573 0.000014
2574 0.000017
2575 0.000021
2576 0.000020
2577 0.000021
2578 0.000023
2579 0.000023
2580 0.000024
2581 0.000015
2582 0.000021
2583 0.000014
2584 0.000017
2585 0.000021
2586 0.000020
2587 0.000021
2588 0.000023
2589 0.000023
2590 0.000024
2591 0.000015
2592 0.000021
2593 0.000014
2594 0.000017
2595 0.000021
2596 0.000020
2597 0.000021
2598 0.000023
2599 0.000023
2600 0.000024
2601 0.000015
2602 0.000021
2603 0.000014
2604 0.000017
2605 0.000021
2606 0.000020
2607 0.000021
2608 0.000023
2609 0.000023
2610 0.000024
2611 0.000015
2612 0.000021
2613 0.000014
2614 0.000017
2615 0.000021
2616 0.000020
2617 0.000021
2618 0.000023
2619 0.000023
2620 0.000024
2621 0.000015
2622 0.000021
2623 0.000014
2624 0.000017
2625 0.000021
2626 0.000020
2627 0.000021
2628 0.000023
2629 0.000023
2630 0.000024
2631 0.000015
2632 0.000021
2633 0.000014
2634 0.000017
2635 0.000021
2636 0.000020
2637 0.000021
2638 0.000023
2639 0.000023
2640 0.000024
2641 0.000015
2642 0.000021
2643 0.000014
2644 0.000017
2645 0.000021
2646 0.000020
2647 0.000021
2648 0.000023
2649 0.000023
2650 0.000024
2651 0.000015
2652 0.000021
2653 0.000014
2654 0.000017
2655 0.000021
2656 0.000020
2657 0.000021
2658 0.000023
2659 0.000023
2660 0.000024
2661 0.000015
2662 0.000021
2663 0.000014
2664 0.000017
2665 0.000021
2666 0.000020
2667 0.000021
2668 0.000023
2669 0.000023
2670 0.000024
2671 0.000015
2672 0.000021
2673 0.000014
2674 0.000017
2675 0.000021
2676 0.000020
2677 0.000021
2678 0.000023
2679 0.000023
2680 0.000024
2681 0.000015
2682 0.000021
2683 0.000014
2684 0.000017
2685 0.000021
2686 0.000020
2687 0.000021
2688 0.000023
2689 0.000023
2690 0.000024
2691 0.000015
2692 0.000021
2693 0.000014
2694 0.000017
2695 0.000021
2696 0.000020
2697 0.000021
2698 0.000023
2699 0.000023
2700 0.000024
2701 0.000015
2702 0.000021
2703 0.000014
2704 0.000017
2705 0.000021
2706 0.000020
2707 0.000021
2708 0.000023
2709 0.000023
2710 0.000024
2711 0.000015
2712 0.000021
2713 0.000014
2714 0.000017
2715 0.000021
2716 0.000020
2717 0.000021
2718 0.000023
2719 0.000023
2720 0.000024
2721 0.000015
2722 0.000021
2723 0.000014
2724 0.000017
2725 0.000021
2726 0.000020
2727 0.000021
2728 0.000023
2729 0.000023
2730 0.000024
2731 0.000015
2732 0.000021
2733 0.000014
2734 0.000017
2735 0.000021
2736 0.000020
2737 0.000021
2738 0.000023
2739 0.000023
2740 0.000024
2741 0.000015
2742 0.000021
2743 0.000014
2744 0.000017
2745 0.000021
2746 0.000020
2747 0.000021
2748 0.000023
2749 0.000023
2750 0.000024
2751 0.000015
2752 0.000021
2753 0.000014
2754 0.000017
2755 0.000021
2756 0.000020
2757 0.000021
2758 0.000023
2759 0.000023
2760 0.000024
2761 0.000015
2762 0.000021
2763 0.000014
2764 0.000017
2765 0.000021
2766 0.000020
2767 0.000021
2768 0.000023
2769 0.000023
2770 0.000024
2771 0.000015
2772 0.000021
2773 0.000014
2774 0.000017
2775 0.000021
2776 0.000020
2777 0.000021
2778 0.000023
2779 0.000023
2780 0.000024
2781 0.000015
2782 0.000021
2783 0.000014
2784 0.000017
2785 0.000021
2786 0.000020
2787 0.000021
2788 0.000023
2789 0.000023
2790 0.000024
2791 0.000015
2792 0.000021
2793 0.000014
2794 0.000017
2795 0.000021
2796 0.000020
2797 0.000021
2798 0.000023
2799 0.000023
2800 0.000024
2801 0.000015
2802 0.000021
2803 0.000014
2804 0.000017
2805 0.000021
2806 0.000020
2807 0.000021
2808 0.000023
2809 0.000023
2810 0.000024
2811 0.000015
2812 0.000021
2813 0.000014
2814 0.000017
2815 0.000021
2816 0.000020
2817 0.000021
2818 0.000023
2819 0.000023
2820 0.000024
2821 0.000015
2822 0.000021
2823 0.000014
2824 0.000017
2825 0.000021
2826 0.000020
2827 0.000021
2828 0.000023
2829 0.000023
2830 0.000024
2831 0.000015
2832 0.000021
2833 0.000014
2834 0.000017
2835 0.000021
2836 0.000020
2837 0.000021
2838 0.000023
2839 0.000023
2840 0.000024
2841 0.000015
2842 0.000021
2843 0.000014
2844 0.000017
2845 0.000021
2846 0.000020
2847 0.000021
2848 0.000023
2849 0.000023
2850 0.000024
2851 0.000015
2852 0.000021
2853 0.000014
2854 0.000017
2855 0.000021
2856 0.000020
2857 0.000021
2858 0.000023
2859 0.000023
2860 0.000024
2861 0.000015
2862 0.000021
2863 0.000014
2864 0.000017
2865 0.000021
2866 0.000020
2867 0.000021
2868 0.000023
2869 0.000023
2870 0.000024
2871 0.000015
2872 0.000021
2873 0.000014
2874 0.000017
2875 0.000021
2876 0.000020
2877 0.000021
2878 0.000023
2879 0.000023
2880 0.000024
2881 0.000015
2882 0.000021
2883 0.000014
2884 0.000017
2885 0.000021
2886 0.000020
2887 0.000021
2888 0.000023
2889 0.000023
2890 0.000024
2891 0.000015
2892 0.000021
2893 0.000014
2894 0.000017
2895 0.000021
2896 0.000020
2897 0.000021
2898 0.000023
2899 0.000023
2900 0.000024
2901 0.000015
2902 0.000021
2903 0.000014
2904 0.000017
2905 0.000021
2906 0.000020
2907 0.000021
2908 0.000023
2909 0.000023
2910 0.000024
2911 0.000015
2912 0.000021
2913 0.000014
2914 0.000017
2915 0.000021
2916 0.000020
2917 0.000021
2918 0.000023
2919 0.000023
2920 0.000024
2921 0.000015
2922 0.000021
2923 0.000014
2924 0.000017
2925 0.000021
2926 0.000020
2927 0.000021
2928 0.000023
2929 0.000023
2930 0.000024
2931 0.000015
2932 0.000021
2933 0.000014
2934 0.000017
2935 0.000021
2936 0.000020
2937 0.000021
2938 0.000023
2939 0.000023
2940 0.000024
2941 0.000015
2942 0.000021
2943 0.000014
2944 0.000017
2945 0.000021
2946 0.000020
2947 0.000021
2948 0.000023
2949 0.000023
2950 0.000024
2951 0.000015
2952 0.000021
2953 0.000014
2954 0.000017
2955 0.000021
2956 0.000020
2957 0.000021
2958 0.000023
2959 0.000023
2960 0.000024
2961 0.000015
2962 0.000021
2963 0.000014
2964 0.000017
2965 0.000021
2966 0.000020
2967 0.000021
2968 0.000023
2969 0.000023
2970 0.000024
2971 0.000015
2972 0.000021
2973 0.000014
2974 0.000017
2975 0.000021
2976 0.000020
2977 0.000021
2978 0.000023
2979 0.000023
2980 0.000024
2981 0.000015
2982 0.000021
2983 0.000014
2984 0.000017
2985 0.000021
2986 0.000020
2987 0.000021
2988 0.000023
2989 0.000023
2990 0.000024
2991 0.000015
2992 0.000021
2993 0.000014
2994 0.000017
2995 0.000021
2996 0.000020
2997 0.000021
2998 0.000023
2999 0.000023
3000 0.000024
3001 0.000015
3002 0.000021
3003 0.000014
3004 0.000017
3005 0.000021
3006 0.000020
3007 0.000021
3008 0.000023
3009 0.000023
3010 0.000024
3011 0.000015
3012 0.000021
3013 0.000014
3014 0.000017
3015 0.000021
3016 0.000020
3017 0.000021
3018 0.000023
3019 0.000023
3020 0.000024
3021 0.000015
3022 0.000021
3023 0.000014
3024 0.000017
3025 0.000021
3026 0.000020
3027 0.000021
3028 0.000023
3029 0.000023
3030 0.000024
3031 0.000015
3032 0.000021
3033 0.000014
3034 0.000017
3035 0.000021
3036 0.000020
3037 0.000021
3038 0.000023
3039 0.000023
3040 0.000024
3041 0.000015
3042 0.000021
3043 0.000014
3044 0.000017
3045 0.000021
3046 0.000020
3047 0.000021
3048 0.000023
3049 0.000023
3050 0.000024
3051 0.000015
3052 0.000021
3053 0.000014
3054 0.000017
3055 0.000021
3056 0.000020
3057 0.000021
3058 0.000023
3059 0.000023
3060 0.000024
3061 0.000015
3062 0.000021
3063 0.000014
3064 0.000017
3065 0.000021
3066 0.000020
3067 0.000021
3068 0.000023
3069 0.000023
3070 0.000024
3071 0.000015
3072 0.000021
3073 0.000014
3074 0.000017
3075 0.000021
3076 0.000020
3077 0.000021
3078 0.000023
3079 0.000023
3080 0.000024
3081 0.000015
3082 0.000021
3083 0.000014
3084 0.000017
3085 0.000021
3086 0.000020
3087 0.000021
3088 0.000023
3089 0.000023
3090 0.000024
3091 0.000015
3092 0.000021
3093 0.000014
3094 0.000017
3095 0.000021
3096 0.000020
3097 0.000021
3098 0.000023
3099 0.000023
3100 0.000024
3101 0.000015
3102 0.000021
3103 0.000014
3104 0.000017
3105 0.000021
3106 0.000020
3107 0.000021
3108 0.000023
3109 0.000023
3110 0.000024
3111 0.000015
3112 0.000021
3113 0.000014
3114 0.000017
3115 0.000021
3116 0.000020
3117 0.000021
3118 0.000023
3119 0.000023
3120 0.000024
3121 0.000015
3122 0.000021
3123 0.000014
3124 0.000017
3125 0.000021
3126 0.000020
3127 0.000021
3128 0.000023
3129 0.000023
3130 0.000024
3131 0.000015
3132 0.000021
3133 0.000014
3134 0.000017
3135 0.000021
3136 0.000020
3137 0.000021
3138 0.000023
3139 0.000023
3140 0.000024
3141 0.000015
3142 0.000021
3143 0.000014
3144 0.000017
3145 0.000021
3146 0.000020
3147 0.000021
3148 0.000023
3149 0.000023
3150 0.000024
3151 0.000015
3152 0.000021
3153 0.000014
3154 0.000017
3155 0.000021
3156 0.000020
3157 0.000021
3158 0.000023
3159 0.000023
3160 0.000024
3161 0.000015
3162 0.000021
3163 0.000014
3164 0.000017
3165 0.000021
3166 0.000020
3167 0.000021
3168 0.000023
3169 0.000023
3170 0.000024
3171 0.000015
3172 0.000021
3173 0.000014
3174 0.000017
3175 0.000021
3176 0.000020
3177 0.000021
3178 0.000023
3179 0.000023
3180 0.000024
3181 0.000015
3182 0.000021
3183 0.000014
3184 0.000017
3185 0.000021
3186 0.000020
3187 0.000021
3188 0.000023
3189 0.000023
3190 0.000024
3191 0.000015
3192 0.000021
3193 0.000014
3194 0.000017
3195 0.000021
3196 0.000020
3197 0.000021
3198 0.000023
3199 0.000023
3200 0.000024
3201 0.000015
3202 0.000021
3203 0.000014
3204 0.000017
3205 0.000021
3206 0.000020
3207 0.000021
3208 0.000023
3209 0.000023
3210 0.000024
3211 0.000015
3212 0.000021
3213 0.000014
3214 0.000017
3215 0.000021
3216 0.000020
3217 0.000021
3218 0.000023
3219 0.000023
3220 0.000024
3221 0.000015
3222 0.000021
3223 0.000014
3224 0.000017
3225 0.000021
3226 0.000020
3227 0.000021
3228 0.000023
3229 0.000023
3230 0.000024
3231 0.000015
3232 0.000021
3233 0.000014
3234 0.000017
3235 0.000021
3236 0.000020
3237 0.000021
3238 0.000023
3239 0.000023
3240 0.000024
3241 0.000015
3242 0.000021
3243 0.000014
3244 0.000017
3245 0.000021
3246 0.000020
3247 0.000021
3248 0.000023
3249 0.000023
3250 0.000024
3251 0.000015
3252 0.000021
3253 0.000014
3254 0.000017
3255 0.000021
3256 0.000020
3257 0.000021
3258 0.000023
3259 0.000023
3260 0.000024
3261 0.000015
3262 0.000021
3263 0.000014
3264 0.000017
3265 0.000021
3266 0.000020
3267 0.000021
3268 0.000023
3269 0.000023
3270 0.000024
3271 0.000015
3272 0.000021
3273 0.000014
3274 0.000017
3275 0.000021
3276 0.000020
3277 0.000021
3278 0.000023
3279 0.000023
3280 0.000024
3281 0.000015
3282 0.000021
3283 0.000014
3284 0.000017
3285 0.000021
3286 0.000020
3287 0.000021
3288 0.000023
3289 0.000023
3290 0.000024
3291 0.000015
3292 0.000021
3293 0.000014
3294 0.000017
3295 0.000021
3296 0.000020
3297 0.000021
3298 0.000023
3299 0.000023
3300 0.000024
3301 0.000015
3302 0.000021
3303 0.000014
3304 0.000017
3305 0.000021
3306 0.000020
3307 0.000021
3308 0.000023
3309 0.000023
3310 0.000024
3311 0.000015
3312 0.000021
3313 0.000014
3314 0.000017
3315 0.000021
3316 0.000020
3317 0.000021
3318 0.000023
3319 0.000023
3320 0.000024
3321 0.000015
3322 0.000021
3323 0.000014
3324 0.000017
3325 0.000021
3326 0.000020
3327 0.000021
3328 0.000023
3329 0.000023
3330 0.000024
3331 0.000015
3332 0.000021
3333 0.000014
3334 0.000017
3335 0.000021
3336 0.000020
3337 0.000021
3338 0.000023
3339 0.000023
3340 0.000024
3341 0.000015
3342 0.000021
3343 0.000014
3344 0.000017
3345 0.000021
3346 0.000020
3347 0.000021
3348 0.000023
3349 0.000023
3350 0.000024
3351 0.000015
3352 0.000021
3353 0.000014
3354 0.000017
3355 0.000021
3356 0.000020
3357 0.000021
3358 0.000023
3359 0.000023
3360 0.000024
3361 0.000015
3362 0.000021
3363 0.000014
3364 0.000017
3365 0.000021
3366 0.000020
3367 0.000021
3368 0.000023
3369 0.000023
3370 0.000024
3371 0.000015
3372 0.000021
3373 0.000014
3374 0.000017
3375 0.000021
3376 0.000020
3377 0.000021
3378 0.000023
3379 0.000023
3380 0.000024
3381 0.000015
3382 0.000021
3383 0.000014
3384 0.000017
3385 0.000021
3386 0.000020
3387 0.000021
3388 0.000023
3389 0.000023
3390 0.000024
3391 0.000015
3392 0.000021
3393 0.000014
3394 0.000017
3395 0.000021
3396 0.000020
3397 0.000021
3398 0.000023
3399 0.000023
3400 0.000024
3401 0.000015
3402 0.000021
3403 0.000014
3404 0.000017
3405 0.000021
3406 0.000020
3407 0.000021
3408 0.000023
3409 0.000023
3410 0.000024
3411 0.000015
3412 0.000021
3413 0.000014
3414 0.000017
3415 0.000021
3416 0.000020
3417 0.000021
3418 0.000023
3419 0.000023
3420 0.000024
3421 0.000015
3422 0.000021
3423 0.000014
3424 0.000017
3425 0.000021
3426 0.000020
3427 0.000021
3428 0.000023
3429 0.000023
3430 0.000024
3431 0.000015
3432 0.000021
3433 0.000014
3434 0.000017
3435 0.000021
3436 0.000020
3437 0.000021
3438 0.000023
3439 0.000023
3440 0.000024
3441 0.000015
3442 0.000021
3443 0.000014
3444 0.000017
3445 0.000021
3446 0.000020
3447 0.000021
3448 0.000023
3449 0.000023
3450 0.000024
3451 0.000015
3452 0.000021
3453 0.000014
3454 0.000017
3455 0.000021
3456 0.000020
3457 0.000021
3458 0.000023
3459 0.000023
3460 0.000024
3461 0.000015
3462 0.000021
3463 0.000014
3464 0.000017
3465 0.000021
3466 0.000020
3467 0.000021
3468 0.000023
3469 0.000023
3470 0.000024
3471 0.000015
3472 0.000021
3473 0.000014
3474 0.000017
3475 0.000021
3476 0.000020
3477 0.000021
3478 0.000023
3479 0.000023
3480 0.000024
3481 0.000015
3482 0.000021
3483 0.000014
3484 0.000017
3485 0.000021
3486 0.000020
3487 0.000021
3488 0.000023
3489 0.000023
3490 0.000024
3491 0.000015
3492 0.000021
3493 0.000014
3494 0.000017
3495 0.000021
3496 0.000020
3497 0.000021
3498 0.000023
3499 0.000023
3500 0.000024
3501 0.000015
3502 0.000021
3503 0.000014
3504 0.000017
3505 0.000021
3506 0.000020
3507 0.000021
3508 0.000023
3509 0.000023
3510 0.000024
3511 0.000015
3512 0.000021
3513 0.000014
3514 0.000017
3515 0.000021
3516 0.000020
3517 0.000021
3518 0.000023
3519 0.000023
3520 0.000024
3521 0.000015
3522 0.000021
3523 0.000014
3524 0.000017
3525 0.000021
3526 0.000020
3527 0.000021
3528 0.000023
3529 0.000023
3530 0.000024
3531 0.000015
3532 0.000021
3533 0.000014
3534 0.000017
3535 0.000021
3536 0.000020
3537 0.000021
3538 0.000023
3539 0.000023
3540 0.000024
3541 0.000015
3542 0.000021
3543 0.000014
3544 0.000017
3545 0.000021
3546 0.000020
3547 0.000021
3548 0.000023
3549 0.000023
3550 0.000024
3551 0.000015
3552 0.000021
3553 0.000014
3554 0.000017
3555 0.000021
3556 0.000020
3557 0.000021
3558 0.000023
3559 0.000023
3560 0.000024
3561 0.000015
3562 0.000021
3563 0.000014
3564 0.000017
3565 0.000021
3566 0.000020
3567 0.000021
3568 0.000023
3569 0.000023
3570 0.000024
3571 0.000015
3572 0.000021
3573 0.000014
3574 0.000017
3575 0.000021
3576 0.000020
3577 0.000021
3578 0.000023
3579 0.000023
3580 0.000024
3581 0.000015
3582 0.000021
3583 0.000014
3584 0.000017
3585 0.000021
3586 0.000020
3587 0.000021
3588 0.000023
3589 0.000023
3590 0.000024
3591 0.000015
3592 0.000021
3593 0.000014
3594 0.000017
3595 0.000021
3596 0.000020
3597 0.000021
3598 0.000023
3599 0.000023
3600 0.000024
3601 0.000015
3602 0.000021
3603 0.000014
3604 0.000017
3605 0.000021
3606 0.000020
3607 0.000021
3608 0.000023
3609 0.000023
3610 0.000024
3611 0.000015
3612 0.000021
3613 0.000014
3614 0.000017
3615 0.000021
3616 0.000020
3617 0.000021
3618 0.000023
3619 0.000023
3620 0.000024
3621 0.000015
3622 0.000021
3623 0.000014
3624 0.000017
3625 0.000021
3626 0.000020
3627 0.000021
3628 0.000023
3629 0.000023
3630 0.000024
3631 0.000015
3632 0.000021
3633 0.000014
3634 0.000017
3635 0.000021
3636 0.000020
3637 0.000021
3638 0.000023
3639 0.000023
3640 0.000024
3641 0.000015
3642 0.000021
3643 0.000014
3644 0.000017
3645 0.000021
3646 0.000020
3647 0.000021
3648 0.000023
3649 0.000023
3650 0.000024
3651 0.000015
3652 0.000021
3653 0.000014
3654 0.000017
3655 0.000021
3656 0.000020
3657 0.000021
3658 0.000023
3659 0.000023
3660 0.000024
3661 0.000015
3662 0.000021
3663 0.000014
3664 0.000017
3665 0.000021
3666 0.000020
3667 0.000021
3668 0.000023
3669 0.000023
3670 0.000024
3671 0.000015
3672 0.000021
3673 0.000014
3674 0.000017
3675 0.000021
3676 0.000020
3677 0.000021
3678 0.000023
3679 0.000023
3680 0.000024
3681 0.000015
3682 0.000021
3683 0.000014
3684 0.000017
3685 0.000021
3686 0.000020
3687 0.000021
3688 0.000023
3689 0.000023
3690 0.000024
3691 0.000015
3692 0.000021
3693 0.000014
3694 0.000017
3695 0.000021
3696 0.000020
3697 0.000021
3698 0.000023
3699 0.000023
3700 0.000024
3701 0.000015
3702 0.000021
3703 0.000014
3704 0.000017
3705 0.000021
3706 0.000020
3707 0.000021
3708 0.000023
3709 0.000023
3710 0.000024
3711 0.000015
3712 0.000021
3713 0.000014
3714 0.000017
3715 0.000021
3716 0.000020
3717 0.000021
3718 0.000023
3719 0.000023
3720 0.000024
3721 0.000015
3722 0.000021
3723 0.000014
3724 0.000017
3725 0.000021
3726 0.000020
3727 0.000021
3728 0.000023
3729 0.000023
3730 0.000024
3731 0.000015
3732 0.000021
3733 0.000014
3734 0.000017
3735 0.000021
3736 0.000020
3737 0.000021
3738 0.000023
3739 0.000023
3740 0.000024
3741 0.000015
3742 0.000021
3743 0.000014
3744 0.000017
3745 0.000021
3746 0.000020
3747 0.000021
3748 0.000023
3749 0.000023
3750 0.000024
3751 0.000015
3752 0.000021
3753 0.000014
3754 0.000017
3755 0.000021
3756 0.000020
3757 0.000021
3758 0.000023
3759 0.000023
3760 0.000024
3761 0.000015
3762 0.000021
3763 0.000014
3764 0.000017
3765 0.000021
3766 0.000020
3767 0.000021
3768 0.000023
3769 0.000023
3770 0.000024
3771 0.000015
3772 0.000021
3773 0.000014
3774 0.000017
3775 0.000021
3776 0.000020
3777 0.000021
3778 0.000023
3779 0.000023
3780 0.000024
3781 0.000015
3782 0.000021
3783 0.000014
3784 0.000017
3785 0.000021
3786 0.000020
3787 0.000021
3788 0.000023
3789 0.000023
3790 0.000024
3791 0.000015
3792 0.000021
3793 0.000014
3794 0.000017
3795 0.000021
3796 0.000020
3797 0.000021
3798 0.000023
3799 0.000023
3800 0.000024
3801 0.000015
3802 0.000021
3803 0.000014
3804 0.000017
3805 0.000021
3806 0.000020
3807 0.000021
3808 0.000023
3809 0.000023
3810 0.000024
3811 0.000015
3812 0.000021
3813 0.000014
3814 0.000017
3815 0.000021
3816 0.000020
3817 0.000021
3818 0.000023
3819 0.000023
3820 0.000024
3821 0.000015
3822 0.000021
3823 0.000014
3824 0.000017
3825 0.000021
3826 0.000020
3827 0.000021
3828 0.000023
3829 0.000023
3830 0.000024
3831 0.000015
3832 0.000021
3833 0.000014
3834 0.000017
3835 0.000021
3836 0.000020
3837 0.000021
3838 0.000023
3839 0.000023
3840 0.000024
3841 0.000015
3842 0.000021
3843 0.000014
3844 0.000017
3845 0.000021
3846 0.000020
3847 0.000021
3848 0.000023
3849 0.000023
3850 0.000024
3851 0.000015
3852 0.000021
3853 0.000014
3854 0.000017
3855 0.000021
3856 0.000020
3857 0.000021
3858 0.000023
3859 0.000023
3860 0.000024
3861 0.000015
3862 0.000021
3863 0.000014
3864 0.000017
3865 0.000021
3866 0.000020
3867 0.000021
3868 0.000023
3869 0.000023
3870 0.000024
3871 0.000015
3872 0.000021
3873 0.000014
3874 0.000017
3875 0.000021
3876 0.000020
3877 0.000021
3878 0.000023
3879 0.000023
3880 0.000024
3881 0.000015
3882 0.000021
3883 0.000014
3884 0.000017
3885 0.000021
3886 0.000020
3887 0.000021
3888 0.000023
3889 0.000023
3890 0.000024
3891 0.000015
3892 0.000021
3893 0.000014
3894 0.000017
3895 0.000021
3896 0.000020
3897 0.000021
3898 0.000023
3899 0.000023
3900 0.000024
3901 0.000015
3902 0.000021
3903 0.000014
3904 0.000017
3905 0.000021
3906 0.000020
3907 0.000021
3908 0.000023
3909 0.000023
3910 0.000024
3911 0.000015
3912 0.000021
3913 0.000014
3914 0.000017
3915 0.000021
3916 0.000020
3917 0.000021
3918 0.000023
3919 0.000023
3920 0.000024
3921 0.000015
3922 0.000021
3923 0.000014
3924 0.000017
3925 0.000021
3926 0.000020
3927 0.000021
3928 0.000023
3929 0.000023
3930 0.000024
3931 0.000015
3932 0.000021
3933 0.000014
3934 0.000017
3935 0.000021
3936 0.000020
3937 0.000021
3938 0.000023
3939 0.000023
3940 0.000024
3941 0.000015
3942 0.000021
3943 0.000014
3944 0.000017
3945 0.000021
3946 0.000020
3947 0.000021
3948 0.000023
3949 0.000023
3950 0.000024
3951 0.000015
3952 0.000021
3953 0.000014
3954 0.000017
3955 0.000021
3956 0.000020
3957 0.000021
3958 0.000023
3959 0.000023
3960 0.000024
3961 0.000015
3962 0.000021
3963 0.000014
3964 0.000017
3965 0.000021
3966 0.000020
3967 0.000021
3968 0.000023
3969 0.000023
3970 0.000024
3971 0.000015
3972 0.000021
3973 0.000014
3974 0.000017
3975 0.000021
3976 0.000020
3977 0.000021
3978 0.000023
3979 0.000023
3980 0.000024
3981 0.000015
3982 0.000021
3983 0.000014
3984 0.000017
3985 0.000021
3986 0.000020
3987 0.000021
3988 0.000023
3989 0.000023
3990 0.000024
3991 0.000015
3992 0.000021
3993 0.000014
3994 0.000017
3995 0.000021
3996 0.000020
3997 0.000021
3998 0.000023
3999 0.000023
4000 0.000024
4001 0.000015
4002 0.000021
4003 0.000014
4004 0.000017
4005 0.000021
4006 0.000020
4007 0.000021
4008 0.000023
4009 0.000023
4010 0.000024
4011 0.000015
4012 0.000021
4013 0.000014
4014 0.000017
4015 0.000021
4016 0.000020
4017 0.000021
4018 0.000023
4019 0.000023
4020 0.000024
4021 0.000015
4022 0.000021
4023 0.000014
4024 0.000017
4025 0.000021
4026 0.000020
4027 0.000021
4028 0.000023
4029 0.000023
4030 0.000024
4031 0.000015
4032 0.000021
4033 0.000014
4034 0.000017
4035 0.000021
4036 0.000020
4037 0.000021
4038 0.000023
4039 0.000023
4040 0.000024
4041 0.000015
4042 0.000021
4043 0.000014
4044 0.000017
4045 0.000021
4046 0.000020
4047 0.000021
4048 0.000023
4049 0.000023
4050 0.000024
4051 0.000015
4052 0.000021
4053 0.000014
4054 0.000017
4055 0.000021
4056 0.000020
4057 0.000021
4058 0.000023
4059 0.000023
4060 0.000024
4061 0.000015
4062 0.000021
4063 0.000014
4064 0.000017
4065 0.000021
4066 0.000020
4067 0.000021
4068 0.000023
4069 0.000023
4070 0.000024
4071 0.000015
4072 0.000021
4073 0.000014
4074 0.000017
4075 0.000021
4076 0.000020
4077 0.000021
4078 0.000023
4079 0.000023
4080 0.000024
4081 0.000015
4082 0.000021
4083 0.000014
4084 0.000017
4085 0.000021
4086 0.000020
4087 0.000021
4088 0.000023
4089 0.000023
4090 0.000024
4091 0.000015
4092 0.000021
4093 0.000014
4094 0.000017
4095 0.000021
4096 0.000020
4097 0.000021
4098 0.000023
4099 0.000023
4100 0.000024
4101 0.000015
4102 0.000021
4103 0.000014
4104 0.000017
4105 0.000021
4106 0.000020
4107 0.000021
4108 0.000023
4109 0.000023
4110 0.000024
4111 0.000015
4112 0.000021
4113 0.000014
4114 0.000017
4115 0.000021
4116 0.000020
4117 0.000021
4118 0.000023
4119 0.000023
4120 0.000024
4121 0.000015
4122 0.000021
4123 0.000014
4124 0.000017
4125 0.000021
4126 0.000020
4127 0.000021
4128 0.000023
4129 0.000023
4130 0.000024
4131 0.000015
4132 0.000021
4133 0.000014
4134 0.000017
4135 0.000021
4136 0.000020
4137 0.000021
4138 0.000023
4139 0.000023
4140 0.000024
4141 0.000015
4142 0.000021
4143 0.000014
4144 0.000017
4145 0.000021
4146 0.000020
4147 0.000021
4148 0.000023
4149 0.000023
4150 0.000024
4151 0.000015
4152 0.000021
4153 0.000014
4154 0.000017
4155 0.000021
4156 0.000020
4157 0.000021
4158 0.000023
4159 0.000023
4160 0.000024
4161 0.000015
4162 0.000021
4163 0.000014
4164 0.000017
4165 0.000021
4166 0.000020
4167 0.000021
4168 0.000023
4169 0.000023
4170 0.000024
4171 0.000015
4172 0.000021
4173 0.000014
4174 0.000017
4175 0.000021
4176 0.000020
4177 0.000021
4178 0.000023
4179 0.000023
4180 0.000024
4181 0.000015
4182 0.000021
4183 0.000014
4184 0.000017
4185 0.000021
4186 0.000020
4187 0.000021
4188 0.000023
4189 0.000023
4190 0.000024
4191 0.000015
4192 0.000021
4193 0.000014
4194 0.000017
4195 0.000021
4196 0.000020
4197 0.000021
4198 0.000023
4199 0.000023
4200 0.000024
4201 0.000015
4202 0.000021
4203 0.000014
4204 0.000017
4205 0.000021
4206 0.000020
4207 0.000021
4208 0.000023
4209 0.000023
4210 0.000024
4211 0.000015
4212 0.000021
4213 0.000014
4214 0.000017
4215 0.000021
4216 0.000020
4217 0.000021
4218 0.000023
4219 0.000023
4220 0.000024
4221 0.000015
4222 0.000021
4223 0.000014
4224 0.000017
4225 0.000021
4226 0.000020
4227 0.000021
4228 0.000023
4229 0.000023
4230 0.000024
4231 0.000015
4232 0.000021
4233 0.000014
4234 0.000017
4235 0.000021
4236 0.000020
4237 0.000021
4238 0.000023
4239 0.000023
4240 0.000024
4241 0.000015
4242 0.000021
4243 0.000014
4244 0.000017
4245 0.000021
4246 0.000020
4247 0.000021
4248 0.000023
4249 0.000023
4250 0.000024
4251 0.000015
4252 0.000021
4253 0.000014
4254 0.000017
4255 0.000021
4256 0.000020
4257 0.000021
4258 0.000023
4259 0.000023
4260 0.000024
4261 0.000015
4262 0.000021
4263 0.000014
4264 0.000017
4265 0.000021
4266 0.000020
4267 0.000021
4268 0.000023
4269 0.000023
4270 0.000024
4271 0.000015
4272 0.000021
4273 0.000014
4274 0.000017
4275 0.000021
4276 0.000020
4277 0.000021
4278 0.000023
4279 0.000023
4280 0.000024
4281 0.000015
4282 0.000021
4283 0.000014
4284 0.000017
4285 0.000021
4286 0.000020
4287 0.000021
4288 0.000023
4289 0.000023
4290 0.000024
4291 0.000015
4292 0.000021
4293 0.000014
4294 0.000017
4295 0.000021
4296 0.000020
4297 0.000021
4298 0.000023
4299 0.000023
4300 0.000024
4301 0.000015
4302 0.000021
4303 0.000014
4304 0.000017
4305 0.000021
4306 0.000020
4307 0.000021
4308 0.000023
4309 0.000023
4310 0.000024
4311 0.000015
4312 0.000021
4313 0.000014
4314 0.000017
4315 0.000021
4316 0.000020
4317 0.000021
4318 0.000023
4319 0.000023
4320 0.000024
4321 0.000015
4322 0.000021
4323 0.000014
4324 0.000017
4325 0.000021
4326 0.000020
4327 0.000021
4328 0.000023
4329 0.000023
4330 0.000024
4331 0.000015
4332 0.000021
4333 0.000014
4334 0.000017
4335 0.000021
4336 0.000020
4337 0.000021
4338 0.000023
4339 0.000023
4340 0.000024
4341 0.000015
4342 0.000021
4343 0.000014
4344 0.000017
4345 0.000021
4346 0.000020
4347 0.000021
4348 0.000023
4349 0.000023
4350 0.000024
4351 0.000015
4352 0.000021
4353 0.000014
4354 0.000017
4355 0.000021
4356 0.000020
4357 0.000021
4358 0.000023
4359 0.000023
4360 0.000024
4361 0.000015
4362 0.000021
4363 0.000014
4364 0.000017
4365 0.000021
4366 0.000020
4367 0.000021
4368 0.000023
4369 0.000023
4370 0.000024
4371 0.000015
4372 0.000021
4373 0.000014
4374 0.000017
4375 0.000021
4376 0.000020
4377 0.000021
4378 0.000023
4379 0.000023
4380 0.000024
4381 0.000015
4382 0.000021
4383 0.000014
4384 0.000017
4385 0.000021
4386 0.000020
4387 0.000021
4388 0.000023
4389 0.000023
4390 0.000024
4391 0.000015
4392 0.000021
4393 0.000014
4394 0.000017
4395 0.000021
4396 0.000020
4397 0.000021
4398 0.000023
4399 0.000023
4400 0.000024
4401 0.000015
4402 0.000021
4403 0.000014
4404 0.000017
4405 0.000021
4406 0.000020
4407 0.000021
4408 0.000023
4409 0.000023
4410 0.000024
4411 0.000015
4412 0.000021
4413 0.000014
4414 0.000017
4415 0.000021
4416 0.000020
4417 0.000021
4418 0.000023
4419 0.000023
4420 0.000024
4421 0.000015
4422 0.000021
4423 0.000014
4424 0.000017
4425 0.000021
4426 0.000020
4427 0.000021
4428 0.000023
4429 0.000023
4430 0.000024
4431 0.000015
4432 0.000021
4433 0.000014
4434 0.000017
4435 0.000021
4436 0.000020
4437 0.000021
4438 0.000023
4439 0.000023
4440 0.000024
4441 0.000015
4442 0.000021
4443 0.000014
4444 0.000017
4445 0.000021
4446 0.000020
4447 0.000021
4448 0.000023
4449 0.000023
4450 0.000024
4451 0.000015
4452 0.000021
4453 0.000014
4454 0.000017
4455 0.000021
4456 0.000020
4457 0.000021
4458 0.000023
4459 0.000023
4460 0.000024
4461 0.000015
4462 0.000021
4463 0.000014
4464 0.000017
4465 0.000021
4466 0.000020
4467 0.000021
4468 0.000023
4469 0.000023
4470 0.000024
4471 0.000015
4472 0.000021
4473 0.000014
4474 0.000017
4475 0.000021
4476 0.000020
4477 0.000021
4478 0.000023
4479 0.000023
4480 0.000024
4481 0.000015
4482 0.000021
4483 0.000014
4484 0.000017
4485 0.000021
4486 0.000020
4487 0.000021
4488 0.000023
4489 0.000023
4490 0.000024
4491 0.000015
4492 0.000021
4493 0.000014
4494 0.000017
4495 0.000021
4496 0.000020
4497 0.000021
4498 0.000023
4499 0.000023
4500 0.000024
4501 0.000015
4502 0.000021
4503 0.000014
4504 0.000017
4505 0.000021
4506 0.000020
4507 0.000021
4508 0.000023
4509 0.000023
4510 0.000024
4511 0.000015
4512 0.000021
4513 0.000014
4514 0.000017
4515 0.000021
4516 0.000020
4517 0.000021
4518 0.000023
4519 0.000023
4520 0.000024
4521 0.000015
4522 0.000021
4523 0.000014
4524 0.000017
4525 0.000021
4526 0.000020
4527 0.000021
4528 0.000023
4529 0.000023
4530 0.000024
4531 0.000015
4532 0.000021
4533 0.000014
4534 0.000017
4535 0.000021
4536 0.000020
4537 0.000021
4538 0.000023
4539 0.000023
4540 0.000024
4541 0.000015
4542 0.000021
4543 0.000014
4544 0.000017
4545 0.000021
4546 0.000020
4547 0.000021
4548 0.000023
4549 0.000023
4550 0.000024
4551 0.000015
4552 0.000021
4553 0.000014
4554 0.000017
4555 0.000021
4556 0.000020
4557 0.000021
4558 0.000023
4559 0.000023
4560 0.000024
4561 0.000015
4562 0.000021
4563 0.000014
4564 0.000017
4565 0.000021
4566 0.000020
4567 0.000021
4568 0.000023
4569 0.000023
4570 0.000024
4571 0.000015
4572 0.000021
4573 0.000014
4574 0.000017
4575 0.000021
4576 0.000020
4577 0.000021
4578 0.000023
4579 0.000023
4580 0.000024
4581 0.000015
4582 0.000021
4583 0.000014
4584 0.000017
4585 0.000021
4586 0.000020
4587 0.000021
4588 0.000023
4589 0.000023
4590 0.000024
4591 0.000015
4592 0.000021
4593 0.000014
4594 0.000017
4595 0.000021
4596 0.000020
4597 0.000021
4598 0.000023
4599 0.000023
4600 0.000024
4601 0.000015
4602 0.000021
4603 0.000014
4604 0.000017
4605 0.000021
4606 0.000020
4607 0.000021
4608 0.000023
4609 0.000023
4610 0.000024
4611 0.000015
4612 0.000021
4613 0.000014
4614 0.000017
4615 0.000021
4616 0.000020
4617 0.000021
4618 0.000023
4619 0.000023
4620 0.000024
4621 0.000015
4622 0.000021
4623 0.000014
4624 0.000017
4625 0.000021
4626 0.000020
4627 0.000021
4628 0.000023
4629 0.000023
4630 0.000024
4631 0.000015
4632 0.000021
4633 0.000014
4634 0.000017
4635 0.000021
4636 0.000020
4637 0.000021
4638 0.000023
4639 0.000023
4640 0.000024
4641 0.000015
4642 0.000021
4643 0.000014
4644 0.000017
4645 0.000021
4646 0.000020
4647 0.000021
4648 0.000023
4649 0.000023
4650 0.000024
4651 0.000015
4652 0.000021
4653 0.000014
4654 0.000017
4655 0.000021
4656 0.000020
4657 0.000021
4658 0.000023
4659 0.000023
4660 0.000024
4661 0.000015
4662 0.000021
4663 0.000014
4664 0.000017
4665 0.000021
4666 0.000020
4667 0.000021
4668 0.000023
4669 0.000023
4670 0.000024
4671 0.000015
4672 0.000021
4673 0.000014
4674 0.000017
4675 0.000021
4676 0.000020
4677 0.000021
4678 0.000023
4679 0.000023
4680 0.000024
4681 0.000015
4682 0.000021
4683 0.000014
4684 0.000017
4685 0.000021
4686 0.000020
4687 0.000021
4688 0.000023
4689 0.000023
4690 0.000024
4691 0.000015
4692 0.000021
4693 0.000014
4694 0.000017
4695 0.000021
4696 0.000020
4697 0.000021
4698 0.000023
4699 0.000023
4700 0.000024
4701 0.000015
4702 0.000021
4703 0.000014
4704 0.000017
4705 0.000021
4706 0.000020
4707 0.000021
4708 0.000023
4709 0.000023
4710 0.000024
4711 0.000015
4712 0.000021
4713 0.000014
4714 0.000017
4715 0.000021
4716 0.000020
4717 0.000021
4718 0.000023
4719 0.000023
4720 0.000024
4721 0.000015
4722 0.000021
4723 0.000014
4724 0.000017
4725 0.000021
4726 0.000020
4727 0.000021
4728 0.000023
4729 0.000023
4730 0.000024
4731 0.000015
4732 0.000021
4733 0.000014
4734 0.000017
4735 0.000021
4736 0.000020
4737 0.000021
4738 0.000023
4739 0.000023
4740 0.000024
4741 0.000015
4742 0.000021
4743 0.000014
4744 0.000017
4745 0.000021
4746 0.000020
4747 0.000021
4748 0.000023
4749 0.000023
4750 0.000024
4751 0.000015
4752 0.000021
4753 0.000014
4754 0.000017
4755 0.000021
4756 0.000020
4757 0.000021
4758 0.000023
4759 0.000023
4760 0.000024
4761 0.000015
4762 0.000021
4763 0.000014
4764 0.000017
4765 0.000021
4766 0.000020
4767 0.000021
4768 0.000023
4769 0.000023
4770 0.000024
4771 0.000015
4772 0.000021
4773 0.000014
4774 0.000017
4775 0.000021
4776 0.000020
4777 0.000021
4778 0.000023
4779 0.000023
4780 0.000024
4781 0.000015
4782 0.000021
4783 0.000014
4784 0.000017
4785 0.000021
4786 0.000020
4787 0.000021
4788 0.000023
4789 0.000023
4790 0.000024
4791 0.000015
4792 0.000021
4793 0.000014
4794 0.000017
4795 0.000021
4796 0.000020
4797 0.000021
4798 0.000023
4799 0.000023
4800 0.000024
4801 0.000015
4802 0.000021
4803 0.000014
4804 0.000017
4805 0.000021
4806 0.000020
4807 0.000021
4808 0.000023
4809 0.000023
4810 0.000024
4811 0.000015
4812 0.000021
4813 0.000014
4814 0.000017
4815 0.000021
4816 0.000020
4817 0.000021
4818 0.000023
4819 0.000023
4820 0.000024
4821 0.000015
4822 0.000021
4823 0.000014
4824 0.000017
4825 0.000021
4826 0.000020
4827 0.000021
4828 0.000023
4829 0.000023
4830 0.000024
4831 0.000015
4832 0.000021
4833 0.000014
4834 0.000017
4835 0.000021
4836 0.000020
4837 0.000021
4838 0.000023
4839 0.000023
4840 0.000024
4841 0.000015
4842 0.000021
4843 0.000014
4844 0.000017
4845 0.000021
4846 0.000020
4847 0.000021
4848 0.000023
4849 0.000023
4850 0.000024
4851 0.000015
4852 0.000021
4853 0.000014
4854 0.000017
4855 0.000021
4856 0.000020
4857 0.000021
4858 0.000023
4859 0.000023
4860 0.000024
4861 0.000015
4862 0.000021
4863 0.000014
4864 0.000017
4865 0.000021
4866 0.000020
4867 0.000021
4868 0.000023
4869 0.000023
4870 0.000024
4871 0.000015
4872 0.000021
4873 0.000014
4874 0.000017
4875 0.000021
4876 0.000020
4877 0.000021
4878 0.000023
4879 0.000023
4880 0.000024
4881 0.000015
4882 0.000021
4883 0.000014
4884 0.000017
4885 0.000021
4886 0.000020
4887 0.000021
4888 0.000023
4889 0.000023
4890 0.000024
4891 0.000015
4892 0.000021
4893 0.000014
4894 0.000017
4895 0.000021
4896 0.000020
4897 0.000021
4898 0.000023
4899 0.000023
4900 0.000024
4901 0.000015
4902 0.000021
4903 0.000014
4904 0.000017
4905 0.000021
4906 0.000020
4907 0.000021
4908 0.000023
4909 0.000023
4910 0.000024
4911 0.000015
4912 0.000021
4913 0.000014
4914 0.000017
4915 0.000021
4916 0.000020
4917 0.000021
4918 0.000023
4919 0.000023
4920 0.000024
4921 0.000015
4922 0.000021
4923 0.000014
4924 0.000017
4925 0.000021
4926 0.000020
4927 0.000021
4928 0.000023
4929 0.000023
4930 0.000024
4931 0.000015
4932 0.000021
4933 0.000014
4934 0.000017
4935 0.000021
4936 0.000020
4937 0.000021
4938 0.000023
4939 0.000023
4940 0.000024
4941 0.000015
4942 0.000021
4943 0.000014
4944 0.000017
4945 0.000021
4946 0.000020
4947 0.000021
4948 0.000023
4949 0.000023
4950 0.000024
4951 0.000015
4952 0.000021
4953 0.000014
4954 0.000017
4955 0.000021
4956 0.000020
4957 0.000021
4958 0.000023
4959 0.000023
4960 0.000024
4961 0.000015
4962 0.000021
4963 0.000014
4964 0.000017
4965 0.000021
4966 0.000020
4967 0.000021
4968 0.000023
4969 0.000023
4970 0.000024
4971 0.000015
4972 0.000021
4973 0.000014
4974 0.000017
4975 0.000021
4976 0.000020
4977 0.000021
4978 0.000023
4979 0.000023
4980 0.000024
4981 0.000015
4982 0.000021
4983 0.000014
4984 0.000017
4985 0.000021
4986 0.000020
4987 0.000021
4988 0.000023
4989 0.000023
4990 0.000024
4991 0.000015
4992 0.000021
4993 0.000014
4994 0.000017
4995 0.000021
4996 0.000020
4997 0.000021
4998 0.000023
4999 0.000023
5000 0.000024
5001 0.000015
5002 0.000021
5003 0.000014
5004 0.000017
5005 0.000021
5006 0.000020
5007 0.000021
5008 0.000023
5009 0.000023
5010 0.000024
5011 0.000015
5012 0.000021
5013 0.000014
5014 0.000017
5015 0.000021
5016 0.000020
5017 0.000021
5018 0.000023
5019 0.000023
5020 0.000024
5021 0.000015
5022 0.000021
5023 0.000014
5024 0.000017
5025 0.000021
5026 0.000020
5027 0.000021
5028 0.000023
5029 0.000023
5030 0.000024
5031 0.000015
5032 0.000021
5033 0.000014
5034 0.000017
5035 0.000021
5036 0.000020
5037 0.000021
5038 0.000023
5039 0.000023
5040 0.000024
5041 0.000015
5042 0.000021
5043 0.000014
5044 0.000017
5045 0.000021
5046 0.000020
5047 0.000021
5048 0.000023
5049 0.000023
5050 0.000024
5051 0.000015
5052 0.000021
5053 0.000014
5054 0.000017
5055 0.000021
5056 0.000020
5057 0.000021
5058 0.000023
5059 0.000023
5060 0.000024
5061 0.000015
5062 0.000021
5063 0.000014
5064 0.000017
5065 0.000021
5066 0.000020
5067 0.000021
5068 0.000023
5069 0.000023
5070 0.000024
5071 0.000015
5072 0.000021
5073 0.000014
5074 0.000017
5075 0.000021
5076 0.000020
5077 0.000021
5078 0.000023
5079 0.000023
5080 0.000024
5081 0.000015
5082 0.000021
5083 0.000014
5084 0.000017
5085 0.000021
5086 0.000020
5087 0.000021
5088 0.000023
5089 0.000023
5090 0.000024
5091 0.000015
5092 0.000021
5093 0.000014
5094 0.000017
5095 0.000021
5096 0.000020
5097 0.000021
5098 0.000023
5099 0.000023
5100 0.000024
5101 0.000015
5102 0.000021
5103 0.000014
5104 0.000017
5105 0.000021
5106 0.000020
5107 0.000021
5108 0.000023
5109 0.000023
5110 0.000024
5111 0.000015
5112 0.000021
5113 0.000014
5114 0.000017
5115 0.000021
5116 0.000020
5117 0.000021
5118 0.000023
5119 0.000023
5120 0.000024
5121 0.000015
5122 0.000021
5123 0.000014
5124 0.000017
5125 0.000021
5126 0.000020
5127 0.000021
5128 0.000023
5129 0.000023
5130 0.000024
5131 0.000015
5132 0.000021
5133 0.000014
5134 0.000017
5135 0.000021
5136 0.000020
5137 0.000021
5138 0.000023
5139 0.000023
5140 0.000024
5141 0.000015
5142 0.000021
5143 0.000014
5144 0.000017
5145 0.000021
5146 0.000020
5147 0.000021
5148 0.000023
5149 0.000023
5150 0.000024
5151 0.000015
5152 0.000021
5153 0.000014
5154 0.000017
5155 0.000021
5156 0.000020
5157 0.000021
5158 0.000023
5159 0.000023
5160 0.000024
5161 0.000015
5162 0.000021
5163 0.000014
5164 0.000017
5165 0.000021
5166 0.000020
5167 0.000021
5168 0.000023
5169 0.000023
5170 0.000024
5171 0.000015
5172 0.000021
5173 0.000014
5174 0.000017
5175 0.000021
5176 0.000020
5177 0.000021
5178 0.000023
5179 0.000023
5180 0.000024
5181 0.000015
5182 0.000021
5183 0.000014
5184 0.000017
5185 0.000021
5186 0.000020
5187 0.000021
5188 0.000023
5189 0.000023
5190 0.000024
5191 0.000015
5192 0.000021
5193 0.000014
5194 0.000017
5195 0.000021
5196 0.000020
5197 0.000021
5198 0.000023
5199 0.000023
5200 0.000024
5201 0.000015
5202 0.000021
5203 0.000014
5204 0.000017
5205 0.000021
5206 0.000020
5207 0.000021
5208 0.000023
5209 0.000023
5210 0.000024
5211 0.000015
5212 0.000021
5213 0.000014
5214 0.000017
5215 0.000021
5216 0.000020
5217 0.000021
5218 0.000023
5219 0.000023
5220 0.000024
5221 0.000015
5222 0.000021
5223 0.000014
5224 0.000017
5225 0.000021
5226 0.000020
5227 0.000021
5228 0.000023
5229 0.000023
5230 0.000024
5231 0.000015
5232 0.000021
5233 0.000014
5234 0.000017
5235 0.000021
5236 0.000020
5237 0.000021
5238 0.000023
5239 0.000023
5240 0.000024
5241 0.000015
5242 0.000021
5243 0.000014
5244 0.000017
5245 0.000021
5246 0.000020
5247 0.000021
5248 0.000023
5249 0.000023
5250 0.000024
5251 0.000015
5252 0.000021
5253 0.000014
5254 0.000017
5255 0.000021
5256 0.000020
5257 0.000021
5258 0.000023
5259 0.000023
5260 0.000024
5261 0.000015
5262 0.000021
5263 0.000014
5264 0.000017
5265 0.000021
5266 0.000020
5267 0.000021
5268 0.000023
5269 0.000023
5270 0.000024
5271 0.000015
5272 0.000021
5273 0.000014
5274 0.000017
5275 0.000021
5276 0.000020
5277 0.000021
5278 0.000023
5279 0.000023
5280 0.000024
5281 0.000015
5282 0.000021
5283 0.000014
5284 0.000017
5285 0.000021
5286 0.000020
5287 0.000021
5288 0.000023
5289 0.000023
5290 0.000024
5291 0.000015
5292 0.000021
5293 0.000014
5294 0.000017
5295 0.000021
5296 0.000020
5297 0.000021
5298 0.000023
5299 0.000023
5300 0.000024
5301 0.000015
5302 0.000021
5303 0.000014
5304 0.000017
5305 0.000021
5306 0.000020
5307 0.000021
5308 0.000023
5309 0.000023
5310 0.000024
5311 0.000015
5312 0.000021
5313 0.000014
5314 0.000017
5315 0.000021
5316 0.000020
5317 0.000021
5318 0.000023
5319 0.000023
5320 0.000024
5321 0.000015
5322 0.000021
5323 0.000014
5324 0.000017
5325 0.000021
5326 0.000020
5327 0.000021
5328 0.000023
5329 0.000023
5330 0.000024
5331 0.000015
5332 0.000021
5333 0.000014
5334 0.000017
5335 0.000021
5336 0.000020
5337 0.000021
5338 0.000023
5339 0.000023
5340 0.000024
5341 0.000015
5342 0.000021
5343 0.000014
5344 0.000017
5345 0.000021
5346 0.000020
5347 0.000021
5348 0.000023
5349 0.000023
5350 0.000024
5351 0.000015
5352 0.000021
5353 0.000014
5354 0.000017
5355 0.000021
5356 0.000020
5357 0.000021
5358 0.000023
5359 0.000023
5360 0.000024
5361 0.000015
5362 0.000021
5363 0.000014
5364 0.000017
5365 0.000021
5366 0.000020
5367 0.000021
5368 0.000023
5369 0.000023
5370 0.000024
5371 0.000015
5372 0.000021
5373 0.000014
5374 0.000017
5375 0.000021
5376 0.000020
5377 0.000021
5378 0.000023
5379 0.000023
5380 0.000024
5381 0.000015
5382 0.000021
5383 0.000014
5384 0.000017
5385 0.000021
5386 0.000020
5387 0.000021
5388 0.000023
5389 0.000023
5390 0.000024
5391 0.000015
5392 0.000021
5393 0.000014
5394 0.000017
5395 0.000021
5396 0.000020
5397 0.000021
5398 0.000023
5399 0.000023
5400 0.000024
5401 0.000015
5402 0.000021
5403 0.000014
5404 0.000017
5405 0.000021
5406 0.000020
5407 0.000021
5408 0.000023
5409 0.000023
5410 0.000024
5411 0.000015
5412 0.000021
5413 0.000014
5414 0.000017
5415 0.000021
5416 0.000020
5417 0.000021
5418 0.000023
5419 0.000023
5420 0.000024
5421 0.000015
5422 0.000021
5423 0.000014
5424 0.000017
5425 0.000021
5426 0.000020
5427 0.000021
5428 0.000023
5429 0.000023
5430 0.000024
5431 0.000015
5432 0.000021
5433 0.000014
5434 0.000017
5435 0.000021
5436 0.000020
5437 0.000021
5438 0.000023
5439 0.000023
5440 0.000024
5441 0.000015
5442 0.000021
5443 0.000014
5444 0.000017
5445 0.000021
5446 0.000020
5447 0.000021
5448 0.000023
5449 0.000023
5450 0.000024
5451 0.000015
5452 0.000021
5453 0.000014
5454 0.000017
5455 0.000021
5456 0.000020
5457 0.000021
5458 0.000023
5459 0.000023
5460 0.000024
5461 0.000015
5462 0.000021
5463 0.000014
5464 0.000017
5465 0.000021
5466 0.000020
5467 0.000021
5468 0.000023
5469 0.000023
5470 0.000024
5471 0.000015
5472 0.000021
5473 0.000014
5474 0.000017
5475 0.000021
5476 0.000020
5477 0.000021
5478 0.000023
5479 0.000023
5480 0.000024
5481 0.000015
5482 0.000021
5483 0.000014
5484 0.000017
5485 0.000021
5486 0.000020
5487 0.000021
5488 0.000023
5489 0.000023
5490 0.000024
5491 0.000015
5492 0.000021
5493 0.000014
5494 0.000017
5495 0.000021
5496 0.000020
5497 0.000021
5498 0.000023
5499 0.000023
5500 0.000024
5501 0.000015
5502 0.000021
5503 0.000014
5504 0.000017
5505 0.000021
5506 0.000020
5507 0.000021
5508 0.000023
5509 0.000023
5510 0.000024
5511 0.000015
5512 0.000021
5513 0.000014
5514 0.000017
5515 0.000021
5516 0.000020
5517 0.000021
5518 0.000023
5519 0.000023
5520 0.000024
5521 0.000015
5522 0.000021
5523 0.000014
5524 0.000017
5525 0.000021
5526 0.000020
5527 0.000021
5528 0.000023
5529 0.000023
5530 0.000024
5531 0.000015
5532 0.000021
5533 0.000014
5534 0.000017
5535 0.000021
5536 0.000020
5537 0.000021
5538 0.000023
5539 0.000023
5540 0.000024
5541 0.000015
5542 0.000021
5543 0.000014
5544 0.000017
5545 0.000021
5546 0.000020
5547 0.000021
5548 0.000023
5549 0.000023
5550 0.000024
5551 0.000015
5552 0.000021
5553 0.000014
5554 0.000017
5555 0.000021
5556 0.000020
5557 0.000021
5558 0.000023
5559 0.000023
5560 0.000024
5561 0.000015
5562 0.000021
5563 0.000014
5564 0.000017
5565 0.000021
5566 0.000020
5567 0.000021
5568 0.000023
5569 0.000023
5570 0.000024
5571 0.000015
5572 0.000021
5573 0.000014
5574 0.000017
5575 0.000021
5576 0.000020
5577 0.000021
5578 0.000023
5579 0.000023
5580 0.000024
5581 0.000015
5582 0.000021
5583 0.000014
5584 0.000017
5585 0.000021
5586 0.000020
5587 0.000021
5588 0.000023
5589 0.000023
5590 0.000024
5591 0.000015
5592 0.000021
5593 0.000014
5594 0.000017
5595 0.000021
5596 0.000020
5597 0.000021
5598 0.000023
5599 0.000023
5600 0.000024
5601 0.000015
5602 0.000021
5603 0.000014
5604 0.000017
5605 0.000021
5606 0.000020
5607 0.000021
5608 0.000023
5609 0.000023
5610 0.000024
5611 0.000015
5612 0.000021
5613 0.000014
5614 0.000017
5615 0.000021
5616 0.000020
5617 0.000021
5618 0.000023
5619 0.000023
5620 0.000024
5621 0.000015
5622 0.000021
5623 0.000014
5624 0.000017
5625 0.000021
5626 0.000020
5627 0.000021
5628 0.000023
5629 0.000023
5630 0.000024
5631 0.000015
5632 0.000021
5633 0.000014
5634 0.000017
5635 0.000021
5636 0.000020
5637 0.000021
5638 0.000023
5639 0.000023
5640 0.000024
5641 0.000015
5642 0.000021
5643 0.000014
5644 0.000017
5645 0.000021
5646 0.000020
5647 0.000021
5648 0.000023
5649 0.000023
5650 0.000024
5651 0.000015
5652 0.000021
5653 0.000014
5654 0.000017
5655 0.000021
5656 0.000020
5657 0.000021
5658 0.000023
5659 0.000023
5660 0.000024
5661 0.000015
5662 0.000021
5663 0.000014
5664 0.000017
5665 0.000021
5666 0.000020
5667 0.000021
5668 0.000023
5669 0.000023
5670 0.000024
5671 0.000015
5672 0.000021
5673 0.000014
5674 0.000017
5675 0.000021
5676 0.000020
5677 0.000021
5678 0.000023
5679 0.000023
5680 0.000024
5681 0.000015
5682 0.000021
5683 0.000014
5684 0.000017
5685 0.000021
5686 0.000020
5687 0.000021
5688 0.000023
5689 0.000023
5690 0.000024
5691 0.000015
5692 0.000021
5693 0.000014
5694 0.000017
5695 0.000021
5696 0.000020
5697 0.000021
5698 0.000023
5699 0.000023
5700 0.000024
5701 0.000015
5702 0.000021
5703 0.000014
5704 0.000017
5705 0.000021
5706 0.000020
5707 0.000021
5708 0.000023
5709 0.000023
5710 0.000024
5711 0.000015
5712 0.000021
5713 0.000014
5714 0.000017
5715 0.000021
5716 0.000020
5717 0.000021
5718 0.000023
5719 0.000023
5720 0.000024
5721 0.000015
5722 0.000021
5723 0.000014
5724 0.000017
5725 0.000021
5726 0.000020
5727 0.000021
5728 0.000023
5729 0.000023
5730 0.000024
5731 0.000015
5732 0.000021
5733 0.000014
5734 0.000017
5735 0.000021
5736 0.000020
5737 0.000021
5738 0.000023
5739 0.000023
5740 0.000024
5741 0.000015
5742 0.000021
5743 0.000014
5744 0.000017
5745 0.000021
5746 0.000020
5747 0.000021
5748 0.000023
5749 0.000023
5750 0.000024
5751 0.000015
5752 0.000021
5753 0.000014
5754 0.000017
5755 0.000021
5756 0.000020
5757 0.000021
5758 0.000023
5759 0.000023
5760 0.000024
5761 0.000015
5762 0.000021
5763 0.000014
5764 0.000017
5765 0.000021
5766 0.000020
5767 0.000021
5768 0.000023
5769 0.000023
5770 0.000024
5771 0.000015
5772 0.000021
5773 0.000014
5774 0.000017
5775 0.000021
5776 0.000020
5777 0.000021
5778 0.000023
5779 0.000023
5780 0.000024
5781 0.000015
5782 0.000021
5783 0.000014
5784 0.000017
5785 0.000021
5786 0.000020
5787 0.000021
5788 0.000023
5789 0.000023
5790 0.000024
5791 0.000015
5792 0.000021
5793 0.000014
5794 0.000017
5795 0.000021
5796 0.000020
5797 0.000021
5798 0.000023
5799 0.000023
5800 0.000024
5801 0.000015
5802 0.000021
5803 0.000014
5804 0.000017
5805 0.000021
5806 0.000020
5807 0.000021
5808 0.000023
5809 0.000023
5810 0.000024
5811 0.000015
5812 0.000021
5813 0.000014
5814 0.000017
5815 0.000021
5816 0.000020
5817 0.000021
5818 0.000023
5819 0.000023
5820 0.000024
5821 0.000015
5822 0.000021
5823 0.000014
5824 0.000017
5825 0.000021
5826 0.000020
5827 0.000021
5828 0.000023
5829 0.000023
5830 0.000024
5831 0.000015
5832 0.000021
5833 0.000014
5834 0.000017
5835 0.000021
5836 0.000020
5837 0.000021
5838 0.000023
5839 0.000023
5840 0.000024
5841 0.000015
5842 0.000021
5843 0.000014
5844 0.000017
5845 0.000021
5846 0.000020
5847 0.000021
5848 0.000023
5849 0.000023
5850 0.000024
5851 0.000015
5852 0.000021
5853 0.000014
5854 0.000017
5855 0.000021
5856 0.000020
5857 0.000021
5858 0.000023
5859 0.000023
5860 0.000024
5861 0.000015
5862 0.000021
5863 0.000014
5864 0.000017
5865 0.000021
5866 0.000020
5867 0.000021
5868 0.000023
5869 0.000023
5870 0.000024
5871 0.000015
5872 0.000021
5873 0.000014
5874 0.000017
5875 0.000021
5876 0.000020
5877 0.000021
5878 0.000023
5879 0.000023
5880 0.000024
5881 0.000015
5882 0.000021
5883 0.000014
5884 0.000017
5885 0.000021
5886 0.000020
5887 0.000021
5888 0.000023
5889 0.000023
5890 0.000024
5891 0.000015
5892 0.000021
5893 0.000014
5894 0.000017
5895 0.000021
5896 0.000020
5897 0.000021
5898 0.000023
5899 0.000023
5900 0.000024
5901 0.000015
5902 0.000021
5903 0.000014
5904 0.000017
5905 0.000021
5906 0.000020
5907 0.000021
5908 0.000023
5909 0.000023
5910 0.000024
5911 0.000015
5912 0.000021
5913 0.000014
5914 0.000017
5915 0.000021
5916 0.000020
5917 0.000021
5918 0.000023
5919 0.000023
5920 0.000024
5921 0.000015
5922 0.000021
5923 0.000014
5924 0.000017
5925 0.000021
5926 0.000020
5927 0.000021
5928 0.000023
5929 0.000023
5930 0.000024
5931 0.000015
5932 0.000021
5933 0.000014
5934 0.000017
5935 0.000021
5936 0.000020
5937 0.000021
5938 0.000023
5939 0.000023
5940 0.000024
5941 0.000015
5942 0.000021
5943 0.000014
5944 0.000017
5945 0.000021
5946 0.000020
5947 0.000021
5948 0.000023
5949 0.000023
5950 0.000024
5951 0.000015
5952 0.000021
5953 0.000014
5954 0.000017
5955 0.000021
5956 0.000020
5957 0.000021
5958 0.000023
5959 0.000023
5960 0.000024
5961 0.000015
5962 0.000021
5963 0.000014
5964 0.000017
5965 0.000021
5966 0.000020
5967 0.000021
5968 0.000023
5969 0.000023
5970 0.000024
5971 0.000015
5972 0.000021
5973 0.000014
5974 0.000017
5975 0.000021
5976 0.000020
5977 0.000021
5978 0.000023
5979 0.000023
5980 0.000024
5981 0.000015
5982 0.000021
5983 0.000014
5984 0.000017
5985 0.000021
5986 0.000020
5987 0.000021
5988 0.000023
5989 0.000023
5990 0.000024
5991 0.000015
5992 0.000021
5993 0.000014
5994 0.000017
5995 0.000021
5996 0.000020
5997 0.000021
5998 0.000023
5999 0.000023
6000 0.000024
6001 0.000015
6002 0.000021
6003 0.000014
6004 0.000017
6005 0.000021
6006 0.000020
6007 0.000021
6008 0.000023
6009 0.000023
6010 0.000024
6011 0.000015
6012 0.000021
6013 0.000014
6014 0.000017
6015 0.000021
6016 0.000020
6017 0.000021
6018 0.000023
6019 0.000023
6020 0.000024
6021 0.000015
6022 0.000021
6023 0.000014
6024 0.000017
6025 0.000021
6026 0.000020
6027 0.000021
6028 0.000023
6029 0.000023
6030 0.000024
6031 0.000015
6032 0.000021
6033 0.000014
6034 0.000017
6035 0.000021
6036 0.000020
6037 0.000021
6038 0.000023
6039 0.000023
6040 0.000024
6041 0.000015
6042 0.000021
6043 0.000014
6044 0.000017
6045 0.000021
6046 0.000020
6047 0.000021
6048 0.000023
6049 0.000023
6050 0.000024
6051 0.000015
6052 0.000021
6053 0.000014
6054 0.000017
6055 0.000021
6056 0.000020
6057 0.000021
6058 0.000023
6059 0.000023
6060 0.000024
6061 0.000015
6062 0.000021
6063 0.000014
6064 0.000017
6065 0.000021
6066 0.000020
6067 0.000021
6068 0.000023
6069 0.000023
6070 0.000024
6071 0.000015
6072 0.000021
6073 0.000014
6074 0.000017
6075 0.000021
6076 0.000020
6077 0.000021
6078 0.000023
6079 0.000023
6080 0.000024
6081 0.000015
6082 0.000021
6083 0.000014
6084 0.000017
6085 0.000021
6086 0.000020
6087 0.000021
6088 0.000023
6089 0.000023
6090 0.000024
6091 0.000015
6092 0.000021
6093 0.000014
6094 0.000017
6095 0.000021
6096 0.000020
6097 0.000021
6098 0.000023
6099 0.000023
6100 0.000024
6101 0.000015
6102 0.000021
6103 0.000014
6104 0.000017
6105 0.000021
6106 0.000020
6107 0.000021
6108 0.000023
6109 0.000023
6110 0.000024
6111 0.000015
6112 0.000021
6113 0.000014
6114 0.000017
6115 0.000021
6116 0.000020
6117 0.000021
6118 0.000023
6119 0.000023
6120 0.000024
6121 0.000015
6122 0.000021
6123 0.000014
6124 0.000017
6125 0.000021
6126 0.000020
6127 0.000021
6128 0.000023
6129 0.000023
6130 0.000024
6131 0.000015
6132 0.000021
6133 0.000014
6134 0.000017
6135 0.000021
6136 0.000020
6137 0.000021
6138 0.000023
6139 0.000023
6140 0.000024
6141 0.000015
6142 0.000021
6143 0.000014
6144 0.000017
6145 0.000021
6146 0.000020
6147 0.000021
6148 0.000023
6149 0.000023
6150 0.000024
6151 0.000015
6152 0.000021
6153 0.000014
6154 0.000017
6155 0.000021
6156 0.000020
6157 0.000021
6158 0.000023
6159 0.000023
6160 0.000024
6161 0.000015
6162 0.000021
6163 0.000014
6164 0.000017
6165 0.000021
6166 0.000020
6167 0.000021
6168 0.000023
6169 0.000023
6170 0.000024
6171 0.000015
6172 0.000021
6173 0.000014
6174 0.000017
6175 0.000021
6176 0.000020
6177 0.000021
6178 0.000023
6179 0.000023
6180 0.000024
6181 0.000015
6182 0.000021
6183 0.000014
6184 0.000017
6185 0.000021
6186 0.000020
6187 0.000021
6188 0.000023
6189 0.000023
6190 0.000024
6191 0.000015
6192 0.000021
6193 0.000014
6194 0.000017
6195 0.000021
6196 0.000020
6197 0.000021
6198 0.000023
6199 0.000023
6200 0.000024
6201 0.000015
6202 0.000021
6203 0.000014
6204 0.000017
6205 0.000021
6206 0.000020
6207 0.000021
6208 0.000023
6209 0.000023
6210 0.000024
6211 0.000015
6212 0.000021
6213 0.000014
6214 0.000017
6215 0.000021
6216 0.000020
6217 0.000021
6218 0.000023
6219 0.000023
6220 0.000024
6221 0.000015
6222 0.000021
6223 0.000014
6224 0.000017
6225 0.000021
6226 0.000020
6227 0.000021
6228 0.000023
6229 0.000023
6230 0.000024
6231 0.000015
6232 0.000021
6233 0.000014
6234 0.000017
6235 0.000021
6236 0.000020
6237 0.000021
6238 0.000023
6239 0.000023
6240 0.000024
6241 0.000015
6242 0.000021
6243 0.000014
6244 0.000017
6245 0.000021
6246 0.000020
6247 0.000021
6248 0.000023
6249 0.000023
6250 0.000024
6251 0.000015
6252 0.000021
6253 0.000014
6254 0.000017
6255 0.000021
6256 0.000020
6257 0.000021
6258 0.000023
6259 0.000023
6260 0.000024
6261 0.000015
6262 0.000021
6263 0.000014
6264 0.000017
6265 0.000021
6266 0.000020
6267 0.000021
6268 0.000023
6269 0.000023
6270 0.000024
6271 0.000015
6272 0.000021
6273 0.000014
6274 0.000017
6275 0.000021
6276 0.000020
6277 0.000021
6278 0.000023
6279 0.000023
6280 0.000024
6281 0.000015
6282 0.000021
6283 0.000014
6284 0.000017
6285 0.000021
6286 0.000020
6287 0.000021
6288 0.000023
6289 0.000023
6290 0.000024
6291 0.000015
6292 0.000021
6293 0.000014
6294 0.000017
6295 0.000021
6296 0.000020
6297 0.000021
6298 0.000023
6299 0.000023
6300 0.000024
6301 0.000015
6302 0.000021
6303 0.000014
6304 0.000017
6305 0.000021
6306 0.000020
6307 0.000021
6308 0.000023
6309 0.000023
6310 0.000024
6311 0.000015
6312 0.000021
6313 0.000014
6314 0.000017
6315 0.000021
6316 0.000020
6317 0.000021
6318 0.000023
6319 0.000023
6320 0.000024
6321 0.000015
6322 0.000021
6323 0.000014
6324 0.000017
6325 0.000021
6326 0.000020
6327 0.000021
6328 0.000023
6329 0.000023
6330 0.000024
6331 0.000015
6332 0.000021
6333 0.000014
6334 0.000017
6335 0.000021
6336 0.000020
6337 0.000021
6338 0.000023
6339 0.000023
6340 0.000024
6341 0.000015
6342 0.000021
6343 0.000014
6344 0.000017
6345 0.000021
6346 0.000020
6347 0.000021
6348 0.000023
6349 0.000023
6350 0.000024
6351 0.000015
6352 0.000021
6353 0.000014
6354 0.000017
6355 0.000021
6356 0.000020
6357 0.000021
6358 0.000023
6359 0.000023
6360 0.000024
6361 0.000015
6362 0.000021
6363 0.000014
6364 0.000017
6365 0.000021
6366 0.000020
6367 0.000021
6368 0.000023
6369 0.000023
6370 0.000024
6371 0.000015
6372 0.000021
6373 0.000014
6374 0.000017
6375 0.000021
6376 0.000020
6377 0.000021
6378 0.000023
6379 0.000023
6380 0.000024
6381 0.000015
6382 0.000021
6383 0.000014
6384 0.000017
6385 0.000021
6386 0.000020
6387 0.000021
6388 0.000023
6389 0.000023
6390 0.000024
6391 0.000015
6392 0.000021
6393 0.000014
6394 0.000017
6395 0.000021
6396 0.000020
6397 0.000021
6398 0.000023
6399 0.000023
6400 0.000024
6401 0.000015
6402 0.000021
6403 0.000014
6404 0.000017
6405 0.000021
6406 0.000020
6407 0.000021
6408 0.000023
6409 0.000023
6410 0.000024
6411 0.000015
6412 0.000021
6413 0.000014
6414 0.000017
6415 0.000021
6416 0.000020
6417 0.000021
6418 0.000023
6419 0.000023
6420 0.000024
6421 0.000015
6422 0.000021
6423 0.000014
6424 0.000017
6425 0.000021
6426 0.000020
6427 0.000021
6428 0.000023
6429 0.000023
6430 0.000024
6431 0.000015
6432 0.000021
6433 0.000014
6434 0.000017
6435 0.000021
6436 0.000020
6437 0.000021
6438 0.000023
6439 0.000023
6440 0.000024
6441 0.000015
6442 0.000021
6443 0.000014
6444 0.000017
6445 0.000021
6446 0.000020
6447 0.000021
6448 0.000023
6449 0.000023
6450 0.000024
6451 0.000015
6452 0.000021
6453 0.000014
6454 0.000017
6455 0.000021
6456 0.000020
6457 0.000021
6458 0.000023
6459 0.000023
6460 0.000024
6461 0.000015
6462 0.000021
6463 0.000014
6464 0.000017
6465 0.000021
6466 0.000020
6467 0.000021
6468 0.000023
6469 0.000023
6470 0.000024
6471 0.000015
6472 0.000021
6473 0.000014
6474 0.000017
6475 0.000021
6476 0.000020
6477 0.000021
6478 0.000023
6479 0.000023
6480 0.000024
6481 0.000015
6482 0.000021
6483 0.000014
6484 0.000017
6485 0.000021
6486 0.000020
6487 0.000021
6488 0.000023
6489 0.000023
6490 0.000024
6491 0.000015
6492 0.000021
6493 0.000014
6494 0.000017
6495 0.000021
6496 0.000020
6497 0.000021
6498 0.000023
6499 0.000023
6500 0.000024
6501 0.000015
6502 0.000021
6503 0.000014
6504 0.000017
6505 0.000021
6506 0.000020
6507 0.000021
6508 0.000023
6509 0.000023
6510 0.000024
6511 0.000015
6512 0.000021
6513 0.000014
6514 0.000017
6515 0.000021
6516 0.000020
6517 0.000021
6518 0.000023
6519 0.000023
6520 0.000024
6521 0.000015
6522 0.000021
6523 0.000014
6524 0.000017
6525 0.000021
6526 0.000020
6527 0.000021
6528 0.000023
6529 0.000023
6530 0.000024
6531 0.000015
6532 0.000021
6533 0.000014
6534 0.000017
6535 0.000021
6536 0.000020
6537 0.000021
6538 0.000023
6539 0.000023
6540 0.000024
6541 0.000015
6542 0.000021
6543 0.000014
6544 0.000017
6545 0.000021
6546 0.000020
6547 0.000021
6548 0.000023
6549 0.000023
6550 0.000024
6551 0.000015
6552 0.000021
6553 0.000014
6554 0.000017
6555 0.000021
6556 0.000020
6557 0.000021
6558 0.000023
6559 0.000023
6560 0.000024
6561 0.000015
6562 0.000021
6563 0.000014
6564 0.000017
6565 0.000021
6566 0.000020
6567 0.000021
6568 0.000023
6569 0.000023
6570 0.000024
6571 0.000015
6572 0.000021
6573 0.000014
6574 0.000017
6575 0.000021
6576 0.000020
6577 0.000021
6578 0.000023
6579 0.000023
6580 0.000024
6581 0.000015
6582 0.000021
6583 0.000014
6584 0.000017
6585 0.000021
6586 0.000020
6587 0.000021
6588 0.000023
6589 0.000023
6590 0.000024
6591 0.000015
6592 0.000021
6593 0.000014
6594 0.000017
6595 0.000021
6596 0.000020
6597 0.000021
6598 0.000023
6599 0.000023
6600 0.000024
6601 0.000015
6602 0.000021
6603 0.000014
6604 0.000017
6605 0.000021
6606 0.000020
6607 0.000021
6608 0.000023
6609 0.000023
6610 0.000024
6611 0.000015
6612 0.000021
6613 0.000014
6614 0.000017
6615 0.000021
6616 0.000020
6617 0.000021
6618 0.000023
6619 0.000023
6620 0.000024
6621 0.000015
6622 0.000021
6623 0.000014
6624 0.000017
6625 0.000021
6626 0.000020
6627 0.000021
6628 0.000023
6629 0.000023
6630 0.000024
6631 0.000015
6632 0.000021
6633 0.000014
6634 0.000017
6635 0.000021
6636 0.000020
6637 0.000021
6638 0.000023
6639 0.000023
6640 0.000024
6641 0.000015
6642 0.000021
6643 0.000014
6644 0.000017
6645 0.000021
6646 0.000020
6647 0.000021
6648 0.000023
6649 0.000023
6650 0.000024
6651 0.000015
6652 0.000021
6653 0.000014
6654 0.000017
6655 0.000021
6656 0.000020
6657 0.000021
6658 0.000023
6659 0.000023
6660 0.000024
6661 0.000015
6662 0.000021
6663 0.000014
6664 0.000017
6665 0.000021
6666 0.000020
6667 0.000021
6668 0.000023
6669 0.000023
6670 0.000024
6671 0.000015
6672 0.000021
6673 0.000014
6674 0.000017
6675 0.000021
6676 0.000020
6677 0.000021
6678 0.000023
6679 0.000023
6680 0.000024
6681 0.000015
6682 0.000021
6683 0.000014
6684 0.000017
6685 0.000021
6686 0.000020
6687 0.000021
6688 0.000023
6689 0.000023
6690 0.000024
6691 0.000015
6692 0.000021
6693 0.000014
6694 0.000017
6695 0.000021
6696 0.000020
6697 0.000021
6698 0.000023
6699 0.000023
6700 0.000024
6701 0.000015
6702 0.000021
6703 0.000014
6704 0.000017
6705 0.000021
6706 0.000020
6707 0.000021
6708 0.000023
6709 0.000023
6710 0.000024
6711 0.000015
6712 0.000021
6713 0.000014
6714 0.000017
6715 0.000021
6716 0.000020
6717 0.000021
6718 0.000023
6719 0.000023
6720 0.000024
6721 0.000015
6722 0.000021
6723 0.000014
6724 0.000017
6725 0.000021
6726 0.000020
6727 0.000021
6728 0.000023
6729 0.000023
6730 0.000024
6731 0.000015
6732 0.000021
6733 0.000014
6734 0.000017
6735 0.000021
6736 0.000020
6737 0.000021
6738 0.000023
6739 0.000023
6740 0.000024
6741 0.000015
6742 0.000021
6743 0.000014
6744 0.000017
6745 0.000021
6746 0.000020
6747 0.000021
6748 0.000023
6749 0.000023
6750 0.000024
6751 0.000015
6752 0.000021
6753 0.000014
6754 0.000017
6755 0.000021
6756 0.000020
6757 0.000021
6758 0.000023
6759 0.000023
6760 0.000024
6761 0.000015
6762 0.000021
6763 0.000014
6764 0.000017
6765 0.000021
6766 0.000020
6767 0.000021
6768 0.000023
6769 0.000023
6770 0.000024
6771 0.000015
6772 0.000021
6773 0.000014
6774 0.000017
6775 0.000021
6776 0.000020
6777 0.000021
6778 0.000023
6779 0.000023
6780 0.000024
6781 0.000015
6782 0.000021
6783 0.000014
6784 0.000017
6785 0.000021
6786 0.000020
6787 0.000021
6788 0.000023
6789 0.000023
6790 0.000024
6791 0.000015
6792 0.000021
6793 0.000014
6794 0.000017
6795 0.000021
6796 0.000020
6797 0.000021
6798 0.000023
6799 0.000023
6800 0.000024
6801 0.000015
6802 0.000021
6803 0.000014
6804 0.000017
6805 0.000021
6806 0.000020
6807 0.000021
6808 0.000023
6809 0.000023
6810 0.000024
6811 0.000015
6812 0.000021
6813 0.000014
6814 0.000017
6815 0.000021
6816 0.000020
6817 0.000021
6818 0.000023
6819 0.000023
6820 0.000024
6821 0.000015
6822 0.000021
6823 0.000014
6824 0.000017
6825 0.000021
6826 0.000020
6827 0.000021
6828 0.000023
6829 0.000023
6830 0.000024
6831 0.000015
6832 0.000021
6833 0.000014
6834 0.000017
6835 0.000021
6836 0.000020
6837 0.000021
6838 0.000023
6839 0.000023
6840 0.000024
6841 0.000015
6842 0.000021
6843 0.000014
6844 0.000017
6845 0.000021
6846 0.000020
6847 0.000021
6848 0.000023
6849 0.000023
6850 0.000024
6851 0.000015
6852 0.000021
6853 0.000014
6854 0.000017
6855 0.000021
6856 0.000020
6857 0.000021
6858 0.000023
6859 0.000023
6860 0.000024
6861 0.000015
6862 0.000021
6863 0.000014
6864 0.000017
6865 0.000021
6866 0.000020
6867 0.000021
6868 0.000023
6869 0.000023
6870 0.000024
6871 0.000015
6872 0.000021
6873 0.000014
6874 0.000017
6875 0.000021
6876 0.000020
6877 0.000021
6878 0.000023
6879 0.000023
6880 0.000024
6881 0.000015
6882 0.000021
6883 0.000014
6884 0.000017
6885 0.000021
6886 0.000020
6887 0.000021
6888 0.000023
6889 0.000023
6890 0.000024
6891 0.000015
6892 0.000021
6893 0.000014
6894 0.000017
6895 0.000021
6896 0.000020
6897 0.000021
6898 0.000023
6899 0.000023
6900 0.000024
6901 0.000015
6902 0.000021
6903 0.000014
6904 0.000017
6905 0.000021
6906 0.000020
6907 0.000021
6908 0.000023
6909 0.000023
6910 0.000024
6911 0.000015
6912 0.000021
6913 0.000014
6914 0.000017
6915 0.000021
6916 0.000020
6917 0.000021
6918 0.000023
6919 0.000023
6920 0.000024
6921 0.000015
6922 0.000021
6923 0.000014
6924 0.000017
6925 0.000021
6926 0.000020
6927 0.000021
6928 0.000023
6929 0.000023
6930 0.000024
6931 0.000015
6932 0.000021
6933 0.000014
6934 0.000017
6935 0.000021
6936 0.000020
6937 0.000021
6938 0.000023
6939 0.000023
6940 0.000024
6941 0.000015
6942 0.000021
6943 0.000014
6944 0.000017
6945 0.000021
6946 0.000020
6947 0.000021
6948 0.000023
6949 0.000023
6950 0.000024
6951 0.000015
6952 0.000021
6953 0.000014
6954 0.000017
6955 0.000021
6956 0.000020
6957 0.000021
6958 0.000023
6959 0.000023
6960 0.000024
6961 0.000015
6962 0.000021
6963 0.000014
6964 0.000017
6965 0.000021
6966 0.000020
6967 0.000021
6968 0.000023
6969 0.000023
6970 0.000024
6971 0.000015
6972 0.000021
6973 0.000014
6974 0.000017
6975 0.000021
6976 0.000020
6977 0.000021
6978 0.000023
6979 0.000023
6980 0.000024
6981 0.000015
6982 0.000021
6983 0.000014
6984 0.000017
6985 0.000021
6986 0.000020
6987 0.000021
6988 0.000023
6989 0.000023
6990 0.000024
6991 0.000015
6992 0.000021
6993 0.000014
6994 0.000017
6995 0.000021
6996 0.000020
6997 0.000021
6998 0.000023
6999 0.000023
7000 0.000024
7001 0.000015
7002 0.000021
7003 0.000014
7004 0.000017
7005 0.000021
7006 0.000020
7007 0.000021
7008 0.000023
7009 0.000023
7010 0.000024
7011 0.000015
7012 0.000021
7013 0.000014
7014 0.000017
7015 0.000021
7016 0.000020
7017 0.000021
7018 0.000023
7019 0.000023
7020 0.000024
7021 0.000015
7022 0.000021
7023 0.000014
7024 0.000017
7025 0.000021
7026 0.000020
7027 0.000021
7028 0.000023
7029 0.000023
7030 0.000024
7031 0.000015
7032 0.000021
7033 0.000014
7034 0.000017
7035 0.000021
7036 0.000020
7037 0.000021
7038 0.000023
7039 0.000023
7040 0.000024
7041 0.000015
7042 0.000021
7043 0.000014
7044 0.000017
7045 0.000021
7046 0.000020
7047 0.000021
7048 0.000023
7049 0.000023
7050 0.000024
7051 0.000015
7052 0.000021
7053 0.000014
7054 0.000017
7055 0.000021
7056 0.000020
7057 0.000021
7058 0.000023
7059 0.000023
7060 0.000024
7061 0.000015
7062 0.000021
7063 0.000014
7064 0.000017
7065 0.000021
7066 0.000020
7067 0.000021
7068 0.000023
7069 0.000023
7070 0.000024
7071 0.000015
7072 0.000021
7073 0.000014
7074 0.000017
7075 0.000021
7076 0.000020
7077 0.000021
7078 0.000023
7079 0.000023
7080 0.000024
7081 0.000015
7082 0.000021
7083 0.000014
7084 0.000017
7085 0.000021
7086 0.000020
7087 0.000021
7088 0.000023
7089 0.000023
7090 0.000024
7091 0.000015
7092 0.000021
7093 0.000014
7094 0.000017
7095 0.000021
7096 0.000020
7097 0.000021
7098 0.000023
7099 0.000023
7100 0.000024
7101 0.000015
7102 0.000021
7103 0.000014
7104 0.000017
7105 0.000021
7106 0.000020
7107 0.000021
7108 0.000023
7109 0.000023
7110 0.000024
7111 0.000015
7112 0.000021
7113 0.000014
7114 0.000017
7115 0.000021
7116 0.000020
7117 0.000021
7118 0.000023
7119 0.000023
7120 0.000024
7121 0.000015
7122 0.000021
7123 0.000014
7124 0.000017
7125 0.000021
7126 0.000020
7127 0.000021
7128 0.000023
7129 0.000023
7130 0.000024
7131 0.000015
7132 0.000021
7133 0.000014
7134 0.000017
7135 0.000021
7136 0.000020
7137 0.000021
7138 0.000023
7139 0.000023
7140 0.000024
7141 0.000015
7142 0.000021
7143 0.000014
7144 0.000017
7145 0.000021
7146 0.000020
7147 0.000021
7148 0.000023
7149 0.000023
7150 0.000024
7151 0.000015
7152 0.000021
7153 0.000014
7154 0.000017
7155 0.000021
7156 0.000020
7157 0.000021
7158 0.000023
7159 0.000023
7160 0.000024
7161 0.000015
7162 0.000021
7163 0.000014
7164 0.000017
7165 0.000021
7166 0.000020
7167 0.000021
7168 0.000023
7169 0.000023
7170 0.000024
7171 0.000015
7172 0.000021
7173 0.000014
7174 0.000017
7175 0.000021
7176 0.000020
7177 0.000021
7178 0.000023
7179 0.000023
7180 0.000024
7181 0.000015
7182 0.000021
7183 0.000014
7184 0.000017
7185 0.000021
7186 0.000020
7187 0.000021
7188 0.000023
7189 0.000023
7190 0.000024
7191 0.000015
7192 0.000021
7193 0.000014
7194 0.000017
7195 0.000021
7196 0.000020
7197 0.000021
7198 0.000023
7199 0.000023
7200 0.000024
7201 0.000015
7202 0.000021
7203 0.000014
7204 0.000017
7205 0.000021
7206 0.000020
7207 0.000021
7208 0.000023
7209 0.000023
7210 0.000024
7211 0.000015
7212 0.000021
7213 0.000014
7214 0.000017
7215 0.000021
7216 0.000020
7217 0.000021
7218 0.000023
7219 0.000023
7220 0.000024
7221 0.000015
7222 0.000021
7223 0.000014
7224 0.000017
7225 0.000021
7226 0.000020
7227 0.000021
7228 0.000023
7229 0.000023
7230 0.000024
7231 0.000015
7232 0.000021
7233 0.000014
7234 0.000017
7235 0.000021
7236 0.000020
7237 0.000021
7238 0.000023
7239 0.000023
7240 0.000024
7241 0.000015
7242 0.000021
7243 0.000014
7244 0.000017
7245 0.000021
7246 0.000020
7247 0.000021
7248 0.000023
7249 0.000023
7250 0.000024
7251 0.000015
7252 0.000021
7253 0.000014
7254 0.000017
7255 0.000021
7256 0.000020
7257 0.000021
7258 0.000023
7259 0.000023
7260 0.000024
7261 0.000015
7262 0.000021
7263 0.000014
7264 0.000017
7265 0.000021
7266 0.000020
7267 0.000021
7268 0.000023
7269 0.000023
7270 0.000024
7271 0.000015
7272 0.000021
7273 0.000014
7274 0.000017
7275 0.000021
7276 0.000020
7277 0.000021
7278 0.000023
7279 0.000023
7280 0.000024
7281 0.000015
7282 0.000021
7283 0.000014
7284 0.000017
7285 0.000021
7286 0.000020
7287 0.000021
7288 0.000023
7289 0.000023
7290 0.000024
7291 0.000015
7292 0.000021
7293 0.000014
7294 0.000017
7295 0.000021
7296 0.000020
7297 0.000021
7298 0.000023
7299 0.000023
7300 0.000024
7301 0.000015
7302 0.000021
7303 0.000014
7304 0.000017
7305 0.000021
7306 0.000020
7307 0.000021
7308 0.000023
7309 0.000023
7310 0.000024
7311 0.000015
7312 0.000021
7313 0.000014
7314 0.000017
7315 0.000021
7316 0.000020
7317 0.000021
7318 0.000023
7319 0.000023
7320 0.000024
7321 0.000015
7322 0.000021
7323 0.000014
7324 0.000017
7325 0.000021
7326 0.000020
7327 0.000021
7328 0.000023
7329 0.000023
7330 0.000024
7331 0.000015
7332 0.000021
7333 0.000014
7334 0.000017
7335 0.000021
7336 0.000020
7337 0.000021
7338 0.000023
7339 0.000023
7340 0.000024
7341 0.000015
7342 0.000021
7343 0.000014
7344 0.000017
7345 0.000021
7346 0.000020
7347 0.000021
7348 0.000023
7349 0.000023
7350 0.000024
7351 0.000015
7352 0.000021
7353 0.000014
7354 0.000017
7355 0.000021
7356 0.000020
7357 0.000021
7358 0.000023
7359 0.000023
7360 0.000024
7361 0.000015
7362 0.000021
7363 0.000014
7364 0.000017
7365 0.000021
7366 0.000020
7367 0.000021
7368 0.000023
7369 0.000023
7370 0.000024
7371 0.000015
7372 0.000021
7373 0.000014
7374 0.000017
7375 0.000021
7376 0.000020
7377 0.000021
7378 0.000023
7379 0.000023
7380 0.000024
7381 0.000015
7382 0.000021
7383 0.000014
7384 0.000017
7385 0.000021
7386 0.000020
7387 0.000021
7388 0.000023
7389 0.000023
7390 0.000024
7391 0.000015
7392 0.000021
7393 0.000014
7394 0.000017
7395 0.000021
7396 0.000020
7397 0.000021
7398 0.000023
7399 0.000023
7400 0.000024
7401 0.000015
7402 0.000021
7403 0.000014
7404 0.000017
7405 0.000021
7406 0.000020
7407 0.000021
7408 0.000023
7409 0.000023
7410 0.000024
7411 0.000015
7412 0.000021
7413 0.000014
7414 0.000017
7415 0.000021
7416 0.000020
7417 0.000021
7418 0.000023
7419 0.000023
7420 0.000024
7421 0.000015
7422 0.000021
7423 0.000014
7424 0.000017
7425 0.000021
7426 0.000020
7427 0.000021
7428 0.000023
7429 0.000023
7430 0.000024
7431 0.000015
7432 0.000021
7433 0.000014
7434 0.000017
7435 0.000021
7436 0.000020
7437 0.000021
7438 0.000023
7439 0.000023
7440 0.000024
7441 0.000015
7442 0.000021
7443 0.000014
7444 0.000017
7445 0.000021
7446 0.000020
7447 0.000021
7448 0.000023
7449 0.000023
7450 0.000024
7451 0.000015
7452 0.000021
7453 0.000014
7454 0.000017
7455 0.000021
7456 0.000020
7457 0.000021
7458 0.000023
7459 0.000023
7460 0.000024
7461 0.000015
7462 0.000021
7463 0.000014
7464 0.000017
7465 0.000021
7466 0.000020
7467 0.000021
7468 0.000023
7469 0.000023
7470 0.000024
7471 0.000015
7472 0.000021
7473 0.000014
7474 0.000017
7475 0.000021
7476 0.000020
7477 0.000021
7478 0.000023
7479 0.000023
7480 0.000024
7481 0.000015
7482 0.000021
7483 0.000014
7484 0.000017
7485 0.000021
7486 0.000020
7487 0.000021
7488 0.000023
7489 0.000023
7490 0.000024
7491 0.000015
7492 0.000021
7493 0.000014
7494 0.000017
7495 0.000021
7496 0.000020
7497 0.000021
7498 0.000023
7499 0.000023
7500 0.000024
7501 0.000015
7502 0.000021
7503 0.000014
7504 0.000017
7505 0.000021
7506 0.000020
7507 0.000021
7508 0.000023
7509 0.000023
7510 0.000024
7511 0.000015
7512 0.000021
7513 0.000014
7514 0.000017
7515 0.000021
7516 0.000020
7517 0.000021
7518 0.000023
7519 0.000023
7520 0.000024
7521 0.000015
7522 0.000021
7523 0.000014
7524 0.000017
7525 0.000021
7526 0.000020
7527 0.000021
7528 0.000023
7529 0.000023
7530 0.000024
7531 0.000015
7532 0.000021
7533 0.000014
7534 0.000017
7535 0.000021
7536 0.000020
7537 0.000021
7538 0.000023
7539 0.000023
7540 0.000024
7541 0.000015
7542 0.000021
7543 0.000014
7544 0.000017
7545 0.000021
7546 0.000020
7547 0.000021
7548 0.000023
7549 0.000023
7550 0.000024
7551 0.000015
7552 0.000021
7553 0.000014
7554 0.000017
7555 0.000021
7556 0.000020
7557 0.000021
7558 0.000023
7559 0.000023
7560 0.000024
7561 0.000015
7562 0.000021
7563 0.000014
7564 0.000017
7565 0.000021
7566 0.000020
7567 0.000021
7568 0.000023
7569 0.000023
7570 0.000024
7571 0.000015
7572 0.000021
7573 0.000014
7574 0.000017
7575 0.000021
7576 0.000020
7577 0.000021
7578 0.000023
7579 0.000023
7580 0.000024
7581 0.000015
7582 0.000021
7583 0.000014
7584 0.000017
7585 0.000021
7586 0.000020
7587 0.000021
7588 0.000023
7589 0.000023
7590 0.000024
7591 0.000015
7592 0.000021
7593 0.000014
7594 0.000017
7595 0.000021
7596 0.000020
7597 0.000021
7598 0.000023
7599 0.000023
7600 0.000024
7601 0.000015
7602 0.000021
7603 0.000014
7604 0.000017
7605 0.000021
7606 0.000020
7607 0.000021
7608 0.000023
7609 0.000023
7610 0.000024
7611 0.000015
7612 0.000021
7613 0.000014
7614 0.000017
7615 0.000021
7616 0.000020
7617 0.000021
7618 0.000023
7619 0.000023
7620 0.000024
7621 0.000015
7622 0.000021
7623 0.000014
7624 0.000017
7625 0.000021
7626 0.000020
7627 0.000021
7628 0.000023
7629 0.000023
7630 0.000024
7631 0.000015
7632 0.000021
7633 0.000014
7634 0.000017
7635 0.000021
7636 0.000020
7637 0.000021
7638 0.000023
7639 0.000023
7640 0.000024
7641 0.000015
7642 0.000021
7643 0.000014
7644 0.000017
7645 0.000021
7646 0.000020
7647 0.000021
7648 0.000023
7649 0.000023
7650 0.000024
7651 0.000015
7652 0.000021
7653 0.000014
7654 0.000017
7655 0.000021
7656 0.000020
7657 0.000021
7658 0.000023
7659 0.000023
7660 0.000024
7661 0.000015
7662 0.000021
7663 0.000014
7664 0.000017
7665 0.000021
7666 0.000020
7667 0.000021
7668 0.000023
7669 0.000023
7670 0.000024
7671 0.000015
7672 0.000021
7673 0.000014
7674 0.000017
7675 0.000021
7676 0.000020
7677 0.000021
7678 0.000023
7679 0.000023
7680 0.000024
7681 0.000015
7682 0.000021
7683 0.000014
7684 0.000017
7685 0.000021
7686 0.000020
7687 0.000021
7688 0.000023
7689 0.000023
7690 0.000024
7691 0.000015
7692 0.000021
7693 0.000014
7694 0.000017
7695 0.000021
7696 0.000020
7697 0.000021
7698 0.000023
7699 0.000023
7700 0.000024
7701 0.000015
7702 0.000021
7703 0.000014
7704 0.000017
7705 0.000021
7706 0.000020
7707 0.000021
7708 0.000023
7709 0.000023
7710 0.000024
7711 0.000015
7712 0.000021
7713 0.000014
7714 0.000017
7715 0.000021
7716 0.000020
7717 0.000021
7718 0.000023
7719 0.000023
7720 0.000024
7721 0.000015
7722 0.000021
7723 0.000014
7724 0.000017
7725 0.000021
7726 0.000020
7727 0.000021
7728 0.000023
7729 0.000023
7730 0.000024
7731 0.000015
7732 0.000021
7733 0.000014
7734 0.000017
7735 0.000021
7736 0.000020
7737 0.000021
7738 0.000023
7739 0.000023
7740 0.000024
7741 0.000015
7742 0.000021
7743 0.000014
7744 0.000017
7745 0.000021
7746 0.000020
7747 0.000021
7748 0.000023
7749 0.000023
7750 0.000024
7751 0.000015
7752 0.000021
7753 0.000014
7754 0.000017
7755 0.000021
7756 0.000020
7757 0.000021
7758 0.000023
7759 0.000023
7760 0.000024
7761 0.000015
7762 0.000021
7763 0.000014
7764 0.000017
7765 0.000021
7766 0.000020
7767 0.000021
7768 0.000023
7769 0.000023
7770 0.000024
7771 0.000015
7772 0.000021
7773 0.000014
7774 0.000017
7775 0.000021
7776 0.000020
7777 0.000021
7778 0.000023
7779 0.000023
7780 0.000024
7781 0.000015
7782 0.000021
7783 0.000014
7784 0.000017
7785 0.000021
7786 0.000020
7787 0.000021
7788 0.000023
7789 0.000023
7790 0.000024
7791 0.000015
7792 0.000021
7793 0.000014
7794 0.000017
7795 0.000021
7796 0.000020
7797 0.000021
7798 0.000023
7799 0.000023
7800 0.000024
7801 0.000015
7802 0.000021
7803 0.000014
7804 0.000017
7805 0.000021
7806 0.000020
7807 0.000021
7808 0.000023
7809 0.000023
7810 0.000024
7811 0.000015
7812 0.000021
7813 0.000014
7814 0.000017
7815 0.000021
7816 0.000020
7817 0.000021
7818 0.000023
7819 0.000023
7820 0.000024
7821 0.000015
7822 0.000021
7823 0.000014
7824 0.000017
7825 0.000021
7826 0.000020
7827 0.000021
7828 0.000023
7829 0.000023
7830 0.000024
7831 0.000015
7832 0.000021
7833 0.000014
7834 0.000017
7835 0.000021
7836 0.000020
7837 0.000021
7838 0.000023
7839 0.000023
7840 0.000024
7841 0.000015
7842 0.000021
7843 0.000014
7844 0.000017
7845 0.000021
7846 0.000020
7847 0.000021
7848 0.000023
7849 0.000023
7850 0.000024
7851 0.000015
7852 0.000021
7853 0.000014
7854 0.000017
7855 0.000021
7856 0.000020
7857 0.000021
7858 0.000023
7859 0.000023
7860 0.000024
7861 0.000015
7862 0.000021
7863 0.000014
7864 0.000017
7865 0.000021
7866 0.000020
7867 0.000021
7868 0.000023
7869 0.000023
7870 0.000024
7871 0.000015
7872 0.000021
7873 0.000014
7874 0.000017
7875 0.000021
7876 0.000020
7877 0.000021
7878 0.000023
7879 0.000023
7880 0.000024
7881 0.000015
7882 0.000021
7883 0.000014
7884 0.000017
7885 0.000021
7886 0.000020
7887 0.000021
7888 0.000023
7889 0.000023
7890 0.000024
7891 0.000015
7892 0.000021
7893 0.000014
7894 0.000017
7895 0.000021
7896 0.000020
7897 0.000021
7898 0.000023
7899 0.000023
7900 0.000024
7901 0.000015
7902 0.000021
7903 0.000014
7904 0.000017
7905 0.000021
7906 0.000020
7907 0.000021
7908 0.000023
7909 0.000023
7910 0.000024
7911 0.000015
7912 0.000021
7913 0.000014
7914 0.000017
7915 0.000021
7916 0.000020
7917 0.000021
7918 0.000023
7919 0.000023
7920 0.000024
7921 0.000015
7922 0.000021
7923 0.000014
7924 0.000017
7925 0.000021
7926 0.000020
7927 0.000021
7928 0.000023
7929 0.000023
7930 0.000024
7931 0.000015
7932 0.000021
7933 0.000014
7934 0.000017
7935 0.000021
7936 0.000020
7937 0.000021
7938 0.000023
7939 0.000023
7940 0.000024
7941 0.000015
7942 0.000021
7943 0.000014
7944 0.000017
7945 0.000021
7946 0.000020
7947 0.000021
7948 0.000023
7949 0.000023
7950 0.000024
7951 0.000015
7952 0.000021
7953 0.000014
7954 0.000017
7955 0.000021
7956 0.000020
7957 0.000021
7958 0.000023
7959 0.000023
7960 0.000024
7961 0.000015
7962 0.000021
7963 0.000014
7964 0.000017
7965 0.000021
7966 0.000020
7967 0.000021
7968 0.000023
7969 0.000023
7970 0.000024
7971 0.000015
7972 0.000021
7973 0.000014
7974 0.000017
7975 0.000021
7976 0.000020
7977 0.000021
7978 0.000023
7979 0.000023
7980 0.000024
7981 0.000015
7982 0.000021
7983 0.000014
7984 0.000017
7985 0.000021
7986 0.000020
7987 0.000021
7988 0.000023
7989 0.000023
7990 0.000024
7991 0.000015
7992 0.000021
7993 0.000014
7994 0.000017
7995 0.000021
7996 0.000020
7997 0.000021
7998 0.000023
7999 0.000023
8000 0.000024
8001 0.000015
8002 0.000021
8003 0.000014
8004 0.000017
8005 0.000021
8006 0.000020
8007 0.000021
8008 0.000023
8009 0.000023
8010 0.000024
8011 0.000015
8012 0.000021
8013 0.000014
8014 0.000017
8015 0.000021
8016 0.000020
8017 0.000021
8018 0.000023
8019 0.000023
8020 0.000024
8021 0.000015
8022 0.000021
8023 0.000014
8024 0.000017
8025 0.000021
8026 0.000020
8027 0.000021
8028 0.000023
8029 0.000023
8030 0.000024
8031 0.000015
8032 0.000021
8033 0.000014
8034 0.000017
8035 0.000021
8036 0.000020
8037 0.000021
8038 0.000023
8039 0.000023
8040 0.000024
8041 0.000015
8042 0.000021
8043 0.000014
8044 0.000017
8045 0.000021
8046 0.000020
8047 0.000021
8048 0.000023
8049 0.000023
8050 0.000024
8051 0.000015
8052 0.000021
8053 0.000014
8054 0.000017
8055 0.000021
8056 0.000020
8057 0.000021
8058 0.000023
8059 0.000023
8060 0.000024
8061 0.000015
8062 0.000021
8063 0.000014
8064 0.000017
8065 0.000021
8066 0.000020
8067 0.000021
8068 0.000023
8069 0.000023
8070 0.000024
8071 0.000015
8072 0.000021
8073 0.000014
8074 0.000017
8075 0.000021
8076 0.000020
8077 0.000021
8078 0.000023
8079 0.000023
8080 0.000024
8081 0.000015
8082 0.000021
8083 0.000014
8084 0.000017
8085 0.000021
8086 0.000020
8087 0.000021
8088 0.000023
8089 0.000023
8090 0.000024
8091 0.000015
8092 0.000021
8093 0.000014
8094 0.000017
8095 0.000021
8096 0.000020
8097 0.000021
8098 0.000023
8099 0.000023
8100 0.000024
8101 0.000015
8102 0.000021
8103 0.000014
8104 0.000017
8105 0.000021
8106 0.000020
8107 0.000021
8108 0.000023
8109 0.000023
8110 0.000024
8111 0.000015
8112 0.000021
8113 0.000014
8114 0.000017
8115 0.000021
8116 0.000020
8117 0.000021
8118 0.000023
8119 0.000023
8120 0.000024
8121 0.000015
8122 0.000021
8123 0.000014
8124 0.000017
8125 0.000021
8126 0.000020
8127 0.000021
8128 0.000023
8129 0.000023
8130 0.000024
8131 0.000015
8132 0.000021
8133 0.000014
8134 0.000017
8135 0.000021
8136 0.000020
8137 0.000021
8138 0.000023
8139 0.000023
8140 0.000024
8141 0.000015
8142 0.000021
8143 0.000014
8144 0.000017
8145 0.000021
8146 0.000020
8147 0.000021
8148 0.000023
8149 0.000023
8150 0.000024
8151 0.000015
8152 0.000021
8153 0.000014
8154 0.000017
8155 0.000021
8156 0.000020
8157 0.000021
8158 0.000023
8159 0.000023
8160 0.000024
8161 0.000015
8162 0.000021
8163 0.000014
8164 0.000017
8165 0.000021
8166 0.000020
8167 0.000021
8168 0.000023
8169 0.000023
8170 0.000024
8171 0.000015
8172 0.000021
8173 0.000014
8174 0.000017
8175 0.000021
8176 0.000020
8177 0.000021
8178 0.000023
8179 0.000023
8180 0.000024
8181 0.000015
8182 0.000021
8183 0.000014
8184 0.000017
8185 0.000021
8186 0.000020
8187 0.000021
8188 0.000023
8189 0.000023
8190 0.000024
8191 0.000015
8192 0.000021
8193 0.000014
8194 0.000017
8195 0.000021
8196 0.000020
8197 0.000021
8198 0.000023
8199 0.000023
8200 0.000024
8201 0.000015
8202 0.000021
8203 0.000014
8204 0.000017
8205 0.000021
8206 0.000020
8207 0.000021
8208 0.000023
8209 0.000023
8210 0.000024
8211 0.000015
8212 0.000021
8213 0.000014
8214 0.000017
8215 0.000021
8216 0.000020
8217 0.000021
8218 0.000023
8219 0.000023
8220 0.000024
8221 0.000015
8222 0.000021
8223 0.000014
8224 0.000017
8225 0.000021
8226 0.000020
8227 0.000021
8228 0.000023
8229 0.000023
8230 0.000024
8231 0.000015
8232 0.000021
8233 0.000014
8234 0.000017
8235 0.000021
8236 0.000020
8237 0.000021
8238 0.000023
8239 0.000023
8240 0.000024
8241 0.000015
8242 0.000021
8243 0.000014
8244 0.000017
8245 0.000021
8246 0.000020
8247 0.000021
8248 0.000023
8249 0.000023
8250 0.000024
8251 0.000015
8252 0.000021
8253 0.000014
8254 0.000017
8255 0.000021
8256 0.000020
8257 0.000021
8258 0.000023
8259 0.000023
8260 0.000024
8261 0.000015
8262 0.000021
8263 0.000014
8264 0.000017
8265 0.000021
8266 0.000020
8267 0.000021
8268 0.000023
8269 0.000023
8270 0.000024
8271 0.000015
8272 0.000021
8273 0.000014
8274 0.000017
8275 0.000021
8276 0.000020
8277 0.000021
8278 0.000023
8279 0.000023
8280 0.000024
8281 0.000015
8282 0.000021
8283 0.000014
8284 0.000017
8285 0.000021
8286 0.000020
8287 0.000021
8288 0.000023
8289 0.000023
8290 0.000024
8291 0.000015
8292 0.000021
8293 0.000014
8294 0.000017
8295 0.000021
8296 0.000020
8297 0.000021
8298 0.000023
8299 0.000023
8300 0.000024
8301 0.000015
8302 0.000021
8303 0.000014
8304 0.000017
8305 0.000021
8306 0.000020
8307 0.000021
8308 0.000023
8309 0.000023
8310 0.000024
8311 0.000015
8312 0.000021
8313 0.000014
8314 0.000017
8315 0.000021
8316 0.000020
8317 0.000021
8318 0.000023
8319 0.000023
8320 0.000024
8321 0.000015
8322 0.000021
8323 0.000014
8324 0.000017
8325 0.000021
8326 0.000020
8327 0.000021
8328 0.000023
8329 0.000023
8330 0.000024
8331 0.000015
8332 0.000021
8333 0.000014
8334 0.000017
8335 0.000021
8336 0.000020
8337 0.000021
8338 0.000023
8339 0.000023
8340 0.000024
8341 0.000015
8342 0.000021
8343 0.000014
8344 0.000017
8345 0.000021
8346 0.000020
8347 0.000021
8348 0.000023
8349 0.000023
8350 0.000024
8351 0.000015
8352 0.000021
8353 0.000014
8354 0.000017
8355 0.000021
8356 0.000020
8357 0.000021
8358 0.000023
8359 0.000023
8360 0.000024
8361 0.000015
8362 0.000021
8363 0.000014
8364 0.000017
8365 0.000021
8366 0.000020
8367 0.000021
8368 0.000023
8369 0.000023
8370 0.000024
8371 0.000015
8372 0.000021
8373 0.000014
8374 0.000017
8375 0.000021
8376 0.000020
8377 0.000021
8378 0.000023
8379 0.000023
8380 0.000024
8381 0.000015
8382 0.000021
8383 0.000014
8384 0.000017
8385 0.000021
8386 0.000020
8387 0.000021
8388 0.000023
8389 0.000023
8390 0.000024
8391 0.000015
8392 0.000021
8393 0.000014
8394 0.000017
8395 0.000021
8396 0.000020
8397 0.000021
8398 0.000023
8399 0.000023
8400 0.000024
8401 0.000015
8402 0.000021
8403 0.000014
8404 0.000017
8405 0.000021
8406 0.000020
8407 0.000021
8408 0.000023
8409 0.000023
8410 0.000024
8411 0.000015
8412 0.000021
8413 0.000014
8414 0.000017
8415 0.000021
8416 0.000020
8417 0.000021
8418 0.000023
8419 0.000023
8420 0.000024
8421 0.000015
8422 0.000021
8423 0.000014
8424 0.000017
8425 0.000021
8426 0.000020
8427 0.000021
8428 0.000023
8429 0.000023
8430 0.000024
8431 0.000015
8432 0.000021
8433 0.000014
8434 0.000017
8435 0.000021
8436 0.000020
8437 0.000021
8438 0.000023
8439 0.000023
8440 0.000024
8441 0.000015
8442 0.000021
8443 0.000014
8444 0.000017
8445 0.000021
8446 0.000020
8447 0.000021
8448 0.000023
8449 0.000023
8450 0.000024
8451 0.000015
8452 0.000021
8453 0.000014
8454 0.000017
8455 0.000021
8456 0.000020
8457 0.000021
8458 0.000023
8459 0.000023
8460 0.000024
8461 0.000015
8462 0.000021
8463 0.000014
8464 0.000017
8465 0.000021
8466 0.000020
8467 0.000021
8468 0.000023
8469 0.000023
8470 0.000024
8471 0.000015
8472 0.000021
8473 0.000014
8474 0.000017
8475 0.000021
8476 0.000020
8477 0.000021
8478 0.000023
8479 0.000023
8480 0.000024
8481 0.000015
8482 0.000021
8483 0.000014
8484 0.000017
8485 0.000021
8486 0.000020
8487 0.000021
8488 0.000023
8489 0.000023
8490 0.000024
8491 0.000015
8492 0.000021
8493 0.000014
8494 0.000017
8495 0.000021
8496 0.000020
8497 0.000021
8498 0.000023
8499 0.000023
8500 0.000024
8501 0.000015
8502 0.000021
8503 0.000014
8504 0.000017
8505 0.000021
8506 0.000020
8507 0.000021
8508 0.000023
8509 0.000023
8510 0.000024
8511 0.000015
8512 0.000021
8513 0.000014
8514 0.000017
8515 0.000021
8516 0.000020
8517 0.000021
8518 0.000023
8519 0.000023
8520 0.000024
8521 0.000015
8522 0.000021
8523 0.000014
8524 0.000017
8525 0.000021
8526 0.000020
8527 0.000021
8528 0.000023
8529 0.000023
8530 0.000024
8531 0.000015
8532 0.000021
8533 0.000014
8534 0.000017
8535 0.000021
8536 0.000020
8537 0.000021
8538 0.000023
8539 0.000023
8540 0.000024
8541 0.000015
8542 0.000021
8543 0.000014
8544 0.000017
8545 0.000021
8546 0.000020
8547 0.000021
8548 0.000023
8549 0.000023
8550 0.000024
8551 0.000015
8552 0.000021
8553 0.000014
8554 0.000017
8555 0.000021
8556 0.000020
8557 0.000021
8558 0.000023
8559 0.000023
8560 0.000024
8561 0.000015
8562 0.000021
8563 0.000014
8564 0.000017
8565 0.000021
8566 0.000020
8567 0.000021
8568 0.000023
8569 0.000023
8570 0.000024
8571 0.000015
8572 0.000021
8573 0.000014
8574 0.000017
8575 0.000021
8576 0.000020
8577 0.000021
8578 0.000023
8579 0.000023
8580 0.000024
8581 0.000015
8582 0.000021
8583 0.000014
8584 0.000017
8585 0.000021
8586 0.000020
8587 0.000021
8588 0.000023
8589 0.000023
8590 0.000024
8591 0.000015
8592 0.000021
8593 0.000014
8594 0.000017
8595 0.000021
8596 0.000020
8597 0.000021
8598 0.000023
8599 0.000023
8600 0.000024
8601 0.000015
8602 0.000021
8603 0.000014
8604 0.000017
8605 0.000021
8606 0.000020
8607 0.000021
8608 0.000023
8609 0.000023
8610 0.000024
8611 0.000015
8612 0.000021
8613 0.000014
8614 0.000017
8615 0.000021
8616 0.000020
8617 0.000021
8618 0.000023
8619 0.000023
8620 0.000024
8621 0.000015
8622 0.000021
8623 0.000014
8624 0.000017
8625 0.000021
8626 0.000020
8627 0.000021
8628 0.000023
8629 0.000023
8630 0.000024
8631 0.000015
8632 0.000021
8633 0.000014
8634 0.000017
8635 0.000021
8636 0.000020
8637 0.000021
8638 0.000023
8639 0.000023
8640 0.000024
8641 0.000015
8642 0.000021
8643 0.000014
8644 0.000017
8645 0.000021
8646 0.000020
8647 0.000021
8648 0.000023
8649 0.000023
8650 0.000024
8651 0.000015
8652 0.000021
8653 0.000014
8654 0.000017
8655 0.000021
8656 0.000020
8657 0.000021
8658 0.000023
8659 0.000023
8660 0.000024
8661 0.000015
8662 0.000021
8663 0.000014
8664 0.000017
8665 0.000021
8666 0.000020
8667 0.000021
8668 0.000023
8669 0.000023
8670 0.000024
8671 0.000015
8672 0.000021
8673 0.000014
8674 0.000017
8675 0.000021
8676 0.000020
8677 0.000021
8678 0.000023
8679 0.000023
8680 0.000024
8681 0.000015
8682 0.000021
8683 0.000014
8684 0.000017
8685 0.000021
8686 0.000020
8687 0.000021
8688 0.000023
8689 0.000023
8690 0.000024
8691 0.000015
8692 0.000021
8693 0.000014
8694 0.000017
8695 0.000021
8696 0.000020
8697 0.000021
8698 0.000023
8699 0.000023
8700 0.000024
8701 0.000015
8702 0.000021
8703 0.000014
8704 0.000017
8705 0.000021
8706 0.000020
8707 0.000021
8708 0.000023
8709 0.000023
8710 0.000024
8711 0.000015
8712 0.000021
8713 0.000014
8714 0.000017
8715 0.000021
8716 0.000020
8717 0.000021
8718 0.000023
8719 0.000023
8720 0.000024
8721 0.000015
8722 0.000021
8723 0.000014
8724 0.000017
8725 0.000021
8726 0.000020
8727 0.000021
8728 0.000023
8729 0.000023
8730 0.000024
8731 0.000015
8732 0.000021
8733 0.000014
8734 0.000017
8735 0.000021
8736 0.000020
8737 0.000021
8738 0.000023
8739 0.000023
8740 0.000024
8741 0.000015
8742 0.000021
8743 0.000014
8744 0.000017
8745 0.000021
8746 0.000020
8747 0.000021
8748 0.000023
8749 0.000023
8750 0.000024
8751 0.000015
8752 0.000021
8753 0.000014
8754 0.000017
8755 0.000021
8756 0.000020
8757 0.000021
8758 0.000023
8759 0.000023
8760 0.000024
8761 0.000015
8762 0.000021
8763 0.000014
8764 0.000017
8765 0.000021
8766 0.000020
8767 0.000021
8768 0.000023
8769 0.000023
8770 0.000024
8771 0.000015
8772 0.000021
8773 0.000014
8774 0.000017
8775 0.000021
8776 0.000020
8777 0.000021
8778 0.000023
8779 0.000023
8780 0.000024
8781 0.000015
8782 0.000021
8783 0.000014
8784 0.000017
8785 0.000021
8786 0.000020
8787 0.000021
8788 0.000023
8789 0.000023
8790 0.000024
8791 0.000015
8792 0.000021
8793 0.000014
8794 0.000017
8795 0.000021
8796 0.000020
8797 0.000021
8798 0.000023
8799 0.000023
8800 0.000024
8801 0.000015
8802 0.000021
8803 0.000014
8804 0.000017
8805 0.000021
8806 0.000020
8807 0.000021
8808 0.000023
8809 0.000023
8810 0.000024
8811 0.000015
8812 0.000021
8813 0.000014
8814 0.000017
8815 0.000021
8816 0.000020
8817 0.000021
8818 0.000023
8819 0.000023
8820 0.000024
8821 0.000015
8822 0.000021
8823 0.000014
8824 0.000017
8825 0.000021
8826 0.000020
8827 0.000021
8828 0.000023
8829 0.000023
8830 0.000024
8831 0.000015
8832 0.000021
8833 0.000014
8834 0.000017
8835 0.000021
8836 0.000020
8837 0.000021
8838 0.000023
8839 0.000023
8840 0.000024
8841 0.000015
8842 0.000021
8843 0.000014
8844 0.000017
8845 0.000021
8846 0.000020
8847 0.000021
8848 0.000023
8849 0.000023
8850 0.000024
8851 0.000015
8852 0.000021
8853 0.000014
8854 0.000017
8855 0.000021
8856 0.000020
8857 0.000021
8858 0.000023
8859 0.000023
8860 0.000024
8861 0.000015
8862 0.000021
8863 0.000014
8864 0.000017
8865 0.000021
8866 0.000020
8867 0.000021
8868 0.000023
8869 0.000023
8870 0.000024
8871 0.000015
8872 0.000021
8873 0.000014
8874 0.000017
8875 0.000021
8876 0.000020
8877 0.000021
8878 0.000023
8879 0.000023
8880 0.000024
8881 0.000015
8882 0.000021
8883 0.000014
8884 0.000017
8885 0.000021
8886 0.000020
8887 0.000021
8888 0.000023
8889 0.000023
8890 0.000024
8891 0.000015
8892 0.000021
8893 0.000014
8894 0.000017
8895 0.000021
8896 0.000020
8897 0.000021
8898 0.000023
8899 0.000023
8900 0.000024
8901 0.000015
8902 0.000021
8903 0.000014
8904 0.000017
8905 0.000021
8906 0.000020
8907 0.000021
8908 0.000023
8909 0.000023
8910 0.000024
8911 0.000015
8912 0.000021
8913 0.000014
8914 0.000017
8915 0.000021
8916 0.000020
8917 0.000021
8918 0.000023
8919 0.000023
8920 0.000024
8921 0.000015
8922 0.000021
8923 0.000014
8924 0.000017
8925 0.000021
8926 0.000020
8927 0.000021
8928 0.000023
8929 0.000023
8930 0.000024
8931 0.000015
8932 0.000021
8933 0.000014
8934 0.000017
8935 0.000021
8936 0.000020
8937 0.000021
8938 0.000023
8939 0.000023
8940 0.000024
8941 0.000015
8942 0.000021
8943 0.000014
8944 0.000017
8945 0.000021
8946 0.000020
8947 0.000021
8948 0.000023
8949 0.000023
8950 0.000024
8951 0.000015
8952 0.000021
8953 0.000014
8954 0.000017
8955 0.000021
8956 0.000020
8957 0.000021
8958 0.000023
8959 0.000023
8960 0.000024
8961 0.000015
8962 0.000021
8963 0.000014
8964 0.000017
8965 0.000021
8966 0.000020
8967 0.000021
8968 0.000023
8969 0.000023
8970 0.000024
8971 0.000015
8972 0.000021
8973 0.000014
8974 0.000017
8975 0.000021
8976 0.000020
8977 0.000021
8978 0.000023
8979 0.000023
8980 0.000024
8981 0.000015
8982 0.000021
8983 0.000014
8984 0.000017
8985 0.000021
8986 0.000020
8987 0.000021
8988 0.000023
8989 0.000023
8990 0.000024
8991 0.000015
8992 0.000021
8993 0.000014
8994 0.000017
8995 0.000021
8996 0.000020
8997 0.000021
8998 0.000023
8999 0.000023
9000 0.000024
9001 0.000015
9002 0.000021
9003 0.000014
9004 0.000017
9005 0.000021
9006 0.000020
9007 0.000021
9008 0.000023
9009 0.000023
9010 0.000024
9011 0.000015
9012 0.000021
9013 0.000014
9014 0.000017
9015 0.000021
9016 0.000020
9017 0.000021
9018 0.000023
9019 0.000023
9020 0.000024
9021 0.000015
9022 0.000021
9023 0.000014
9024 0.000017
9025 0.000021
9026 0.000020
9027 0.000021
9028 0.000023
9029 0.000023
9030 0.000024
9031 0.000015
9032 0.000021
9033 0.000014
9034 0.000017
9035 0.000021
9036 0.000020
9037 0.000021
9038 0.000023
9039 0.000023
9040 0.000024
9041 0.000015
9042 0.000021
9043 0.000014
9044 0.000017
9045 0.000021
9046 0.000020
9047 0.000021
9048 0.000023
9049 0.000023
9050 0.000024
9051 0.000015
9052 0.000021
9053 0.000014
9054 0.000017
9055 0.000021
9056 0.000020
9057 0.000021
9058 0.000023
9059 0.000023
9060 0.000024
9061 0.000015
9062 0.000021
9063 0.000014
9064 0.000017
9065 0.000021
9066 0.000020
9067 0.000021
9068 0.000023
9069 0.000023
9070 0.000024
9071 0.000015
9072 0.000021
9073 0.000014
9074 0.000017
9075 0.000021
9076 0.000020
9077 0.000021
9078 0.000023
9079 0.000023
9080 0.000024
9081 0.000015
9082 0.000021
9083 0.000014
9084 0.000017
9085 0.000021
9086 0.000020
9087 0.000021
9088 0.000023
9089 0.000023
9090 0.000024
9091 0.000015
9092 0.000021
9093 0.000014
9094 0.000017
9095 0.000021
9096 0.000020
9097 0.000021
9098 0.000023
9099 0.000023
9100 0.000024
9101 0.000015
9102 0.000021
9103 0.000014
9104 0.000017
9105 0.000021
9106 0.000020
9107 0.000021
9108 0.000023
9109 0.000023
9110 0.000024
9111 0.000015
9112 0.000021
9113 0.000014
9114 0.000017
9115 0.000021
9116 0.000020
9117 0.000021
9118 0.000023
9119 0.000023
9120 0.000024
9121 0.000015
9122 0.000021
9123 0.000014
9124 0.000017
9125 0.000021
9126 0.000020
9127 0.000021
9128 0.000023
9129 0.000023
9130 0.000024
9131 0.000015
9132 0.000021
9133 0.000014
9134 0.000017
9135 0.000021
9136 0.000020
9137 0.000021
9138 0.000023
9139 0.000023
9140 0.000024
9141 0.000015
9142 0.000021
9143 0.000014
9144 0.000017
9145 0.000021
9146 0.000020
9147 0.000021
9148 0.000023
9149 0.000023
9150 0.000024
9151 0.000015
9152 0.000021
9153 0.000014
9154 0.000017
9155 0.000021
9156 0.000020
9157 0.000021
9158 0.000023
9159 0.000023
9160 0.000024
9161 0.000015
9162 0.000021
9163 0.000014
9164 0.000017
9165 0.000021
9166 0.000020
9167 0.000021
9168 0.000023
9169 0.000023
9170 0.000024
9171 0.000015
9172 0.000021
9173 0.000014
9174 0.000017
9175 0.000021
9176 0.000020
9177 0.000021
9178 0.000023
9179 0.000023
9180 0.000024
9181 0.000015
9182 0.000021
9183 0.000014
9184 0.000017
9185 0.000021
9186 0.000020
9187 0.000021
9188 0.000023
9189 0.000023
9190 0.000024
9191 0.000015
9192 0.000021
9193 0.000014
9194 0.000017
9195 0.000021
9196 0.000020
9197 0.000021
9198 0.000023
9199 0.000023
9200 0.000024
9201 0.000015
9202 0.000021
9203 0.000014
9204 0.000017
9205 0.000021
9206 0.000020
9207 0.000021
9208 0.000023
9209 0.000023
9210 0.000024
9211 0.000015
9212 0.000021
9213 0.000014
9214 0.000017
9215 0.000021
9216 0.000020
9217 0.000021
9218 0.000023
9219 0.000023
9220 0.000024
9221 0.000015
9222 0.000021
9223 0.000014
9224 0.000017
9225 0.000021
9226 0.000020
9227 0.000021
9228 0.000023
9229 0.000023
9230 0.000024
9231 0.000015
9232 0.000021
9233 0.000014
9234 0.000017
9235 0.000021
9236 0.000020
9237 0.000021
9238 0.000023
9239 0.000023
9240 0.000024
9241 0.000015
9242 0.000021
9243 0.000014
9244 0.000017
9245 0.000021
9246 0.000020
9247 0.000021
9248 0.000023
9249 0.000023
9250 0.000024
9251 0.000015
9252 0.000021
9253 0.000014
9254 0.000017
9255 0.000021
9256 0.000020
9257 0.000021
9258 0.000023
9259 0.000023
9260 0.000024
9261 0.000015
9262 0.000021
9263 0.000014
9264 0.000017
9265 0.000021
9266 0.000020
9267 0.000021
9268 0.000023
9269 0.000023
9270 0.000024
9271 0.000015
9272 0.000021
9273 0.000014
9274 0.000017
9275 0.000021
9276 0.000020
9277 0.000021
9278 0.000023
9279 0.000023
9280 0.000024
9281 0.000015
9282 0.000021
9283 0.000014
9284 0.000017
9285 0.000021
9286 0.000020
9287 0.000021
9288 0.000023
9289 0.000023
9290 0.000024
9291 0.000015
9292 0.000021
9293 0.000014
9294 0.000017
9295 0.000021
9296 0.000020
9297 0.000021
9298 0.000023
9299 0.000023
9300 0.000024
9301 0.000015
9302 0.000021
9303 0.000014
9304 0.000017
9305 0.000021
9306 0.000020
9307 0.000021
9308 0.000023
9309 0.000023
9310 0.000024
9311 0.000015
9312 0.000021
9313 0.000014
9314 0.000017
9315 0.000021
9316 0.000020
9317 0.000021
9318 0.000023
9319 0.000023
9320 0.000024
9321 0.000015
9322 0.000021
9323 0.000014
9324 0.000017
9325 0.000021
9326 0.000020
9327 0.000021
9328 0.000023
9329 0.000023
9330 0.000024
9331 0.000015
9332 0.000021
9333 0.000014
9334 0.000017
9335 0.000021
9336 0.000020
9337 0.000021
9338 0.000023
9339 0.000023
9340 0.000024
9341 0.000015
9342 0.000021
9343 0.000014
9344 0.000017
9345 0.000021
9346 0.000020
9347 0.000021
9348 0.000023
9349 0.000023
9350 0.000024
9351 0.000015
9352 0.000021
9353 0.000014
9354 0.000017
9355 0.000021
9356 0.000020
9357 0.000021
9358 0.000023
9359 0.000023
9360 0.000024
9361 0.000015
9362 0.000021
9363 0.000014
9364 0.000017
9365 0.000021
9366 0.000020
9367 0.000021
9368 0.000023
9369 0.000023
9370 0.000024
9371 0.000015
9372 0.000021
9373 0.000014
9374 0.000017
9375 0.000021
9376 0.000020
9377 0.000021
9378 0.000023
9379 0.000023
9380 0.000024
9381 0.000015
9382 0.000021
9383 0.000014
9384 0.000017
9385 0.000021
9386 0.000020
9387 0.000021
9388 0.000023
9389 0.000023
9390 0.000024
9391 0.000015
9392 0.000021
9393 0.000014
9394 0.000017
9395 0.000021
9396 0.000020
9397 0.000021
9398 0.000023
9399 0.000023
9400 0.000024
9401 0.000015
9402 0.000021
9403 0.000014
9404 0.000017
9405 0.000021
9406 0.000020
9407 0.000021
9408 0.000023
9409 0.000023
9410 0.000024
9411 0.000015
9412 0.000021
9413 0.000014
9414 0.000017
9415 0.000021
9416 0.000020
9417 0.000021
9418 0.000023
9419 0.000023
9420 0.000024
9421 0.000015
9422 0.000021
9423 0.000014
9424 0.000017
9425 0.000021
9426 0.000020
9427 0.000021
9428 0.000023
9429 0.000023
9430 0.000024
9431 0.000015
9432 0.000021
9433 0.000014
9434 0.000017
9435 0.000021
9436 0.000020
9437 0.000021
9438 0.000023
9439 0.000023
9440 0.000024
9441 0.000015
9442 0.000021
9443 0.000014
9444 0.000017
9445 0.000021
9446 0.000020
9447 0.000021
9448 0.000023
9449 0.000023
9450 0.000024
9451 0.000015
9452 0.000021
9453 0.000014
9454 0.000017
9455 0.000021
9456 0.000020
9457 0.000021
9458 0.000023
9459 0.000023
9460 0.000024
9461 0.000015
9462 0.000021
9463 0.000014
9464 0.000017
9465 0.000021
9466 0.000020
9467 0.000021
9468 0.000023
9469 0.000023
9470 0.000024
9471 0.000015
9472 0.000021
9473 0.000014
9474 0.000017
9475 0.000021
9476 0.000020
9477 0.000021
9478 0.000023
9479 0.000023
9480 0.000024
9481 0.000015
9482 0.000021
9483 0.000014
9484 0.000017
9485 0.000021
9486 0.000020
9487 0.000021
9488 0.000023
9489 0.000023
9490 0.000024
9491 0.000015
9492 0.000021
9493 0.000014
9494 0.000017
9495 0.000021
9496 0.000020
9497 0.000021
9498 0.000023
9499 0.000023
9500 0.000024
9501 0.000015
9502 0.000021
9503 0.000014
9504 0.000017
9505 0.000021
9506 0.000020
9507 0.000021
9508 0.000023
9509 0.000023
9510 0.000024
9511 0.000015
9512 0.000021
9513 0.000014
9514 0.000017
9515 0.000021
9516 0.000020
9517 0.000021
9518 0.000023
9519 0.000023
9520 0.000024
9521 0.000015
9522 0.000021
9523 0.000014
9524 0.000017
9525 0.000021
9526 0.000020
9527 0.000021
9528 0.000023
9529 0.000023
9530 0.000024
9531 0.000015
9532 0.000021
9533 0.000014
9534 0.000017
9535 0.000021
9536 0.000020
9537 0.000021
9538 0.000023
9539 0.000023
9540 0.000024
9541 0.000015
9542 0.000021
9543 0.000014
9544 0.000017
9545 0.000021
9546 0.000020
9547 0.000021
9548 0.000023
9549 0.000023
9550 0.000024
9551 0.000015
9552 0.000021
9553 0.000014
9554 0.000017
9555 0.000021
9556 0.000020
9557 0.000021
9558 0.000023
9559 0.000023
9560 0.000024
9561 0.000015
9562 0.000021
9563 0.000014
9564 0.000017
9565 0.000021
9566 0.000020
9567 0.000021
9568 0.000023
9569 0.000023
9570 0.000024
9571 0.000015
9572 0.000021
9573 0.000014
9574 0.000017
9575 0.000021
9576 0.000020
9577 0.000021
9578 0.000023
9579 0.000023
9580 0.000024
9581 0.000015
9582 0.000021
9583 0.000014
9584 0.000017
9585 0.000021
9586 0.000020
9587 0.000021
9588 0.000023
9589 0.000023
9590 0.000024
9591 0.000015
9592 0.000021
9593 0.000014
9594 0.000017
9595 0.000021
9596 0.000020
9597 0.000021
9598 0.000023
9599 0.000023
9600 0.000024
9601 0.000015
9602 0.000021
9603 0.000014
9604 0.000017
9605 0.000021
9606 0.000020
9607 0.000021
9608 0.000023
9609 0.000023
9610 0.000024
9611 0.000015
9612 0.000021
9613 0.000014
9614 0.000017
9615 0.000021
9616 0.000020
9617 0.000021
9618 0.000023
9619 0.000023
9620 0.000024
9621 0.000015
9622 0.000021
9623 0.000014
9624 0.000017
9625 0.000021
9626 0.000020
9627 0.000021
9628 0.000023
9629 0.000023
9630 0.000024
9631 0.000015
9632 0.000021
9633 0.000014
9634 0.000017
9635 0.000021
9636 0.000020
9637 0.000021
9638 0.000023
9639 0.000023
9640 0.000024
9641 0.000015
9642 0.000021
9643 0.000014
9644 0.000017
9645 0.000021
9646 0.000020
9647 0.000021
9648 0.000023
9649 0.000023
9650 0.000024
9651 0.000015
9652 0.000021
9653 0.000014
9654 0.000017
9655 0.000021
9656 0.000020
9657 0.000021
9658 0.000023
9659 0.000023
9660 0.000024
9661 0.000015
9662 0.000021
9663 0.000014
9664 0.000017
9665 0.000021
9666 0.000020
9667 0.000021
9668 0.000023
9669 0.000023
9670 0.000024
9671 0.000015
9672 0.000021
9673 0.000014
9674 0.000017
9675 0.000021
9676 0.000020
9677 0.000021
9678 0.000023
9679 0.000023
9680 0.000024
9681 0.000015
9682 0.000021
9683 0.000014
9684 0.000017
9685 0.000021
9686 0.000020
9687 0.000021
9688 0.000023
9689 0.000023
9690 0.000024
9691 0.000015
9692 0.000021
9693 0.000014
9694 0.000017
9695 0.000021
9696 0.000020
9697 0.000021
9698 0.000023
9699 0.000023
9700 0.000024
9701 0.000015
9702 0.000021
9703 0.000014
9704 0.000017
9705 0.000021
9706 0.000020
9707 0.000021
9708 0.000023
9709 0.000023
9710 0.000024
9711 0.000015
9712 0.000021
9713 0.000014
9714 0.000017
9715 0.000021
9716 0.000020
9717 0.000021
9718 0.000023
9719 0.000023
9720 0.000024
9721 0.000015
9722 0.000021
9723 0.000014
9724 0.000017
9725 0.000021
9726 0.000020
9727 0.000021
9728 0.000023
9729 0.000023
9730 0.000024
9731 0.000015
9732 0.000021
9733 0.000014
9734 0.000017
9735 0.000021
9736 0.000020
9737 0.000021
9738 0.000023
9739 0.000023
9740 0.000024
9741 0.000015
9742 0.000021
9743 0.000014
9744 0.000017
9745 0.000021
9746 0.000020
9747 0.000021
9748 0.000023
9749 0.000023
9750 0.000024
9751 0.000015
9752 0.000021
9753 0.000014
9754 0.000017
9755 0.000021
9756 0.000020
9757 0.000021
9758 0.000023
9759 0.000023
9760 0.000024
9761 0.000015
9762 0.000021
9763 0.000014
9764 0.000017
9765 0.000021
9766 0.000020
9767 0.000021
9768 0.000023
9769 0.000023
9770 0.000024
9771 0.000015
9772 0.000021
9773 0.000014
9774 0.000017
9775 0.000021
9776 0.000020
9777 0.000021
9778 0.000023
9779 0.000023
9780 0.000024
9781 0.000015
9782 0.000021
9783 0.000014
9784 0.000017
9785 0.000021
9786 0.000020
9787 0.000021
9788 0.000023
9789 0.000023
9790 0.000024
9791 0.000015
9792 0.000021
9793 0.000014
9794 0.000017
9795 0.000021
9796 0.000020
9797 0.000021
9798 0.000023
9799 0.000023
9800 0.000024
9801 0.000015
9802 0.000021
9803 0.000014
9804 0.000017
9805 0.000021
9806 0.000020
9807 0.000021
9808 0.000023
9809 0.000023
9810 0.000024
9811 0.000015
9812 0.000021
9813 0.000014
9814 0.000017
9815 0.000021
9816 0.000020
9817 0.000021
9818 0.000023
9819 0.000023
9820 0.000024
9821 0.000015
9822 0.000021
9823 0.000014
9824 0.000017
9825 0.000021
9826 0.000020
9827 0.000021
9828 0.000023
9829 0.000023
9830 0.000024
9831 0.000015
9832 0.000021
9833 0.000014
9834 0.000017
9835 0.000021
9836 0.000020
9837 0.000021
9838 0.000023
9839 0.000023
9840 0.000024
9841 0.000015
9842 0.000021
9843 0.000014
9844 0.000017
9845 0.000021
9846 0.000020
9847 0.000021
9848 0.000023
9849 0.000023
9850 0.000024
9851 0.000015
9852 0.000021
9853 0.000014
9854 0.000017
9855 0.000021
9856 0.000020
9857 0.000021
9858 0.000023
9859 0.000023
9860 0.000024
9861 0.000015
9862 0.000021
9863 0.000014
9864 0.000017
9865 0.000021
9866 0.000020
9867 0.000021
9868 0.000023
9869 0.000023
9870 0.000024
9871 0.000015
9872 0.000021
9873 0.000014
9874 0.000017
9875 0.000021
9876 0.000020
9877 0.000021
9878 0.000023
9879 0.000023
9880 0.000024
9881 0.000015
9882 0.000021
9883 0.000014
9884 0.000017
9885 0.000021
9886 0.000020
9887 0.000021
9888 0.000023
9889 0.000023
9890 0.000024
9891 0.000015
9892 0.000021
9893 0.000014
9894 0.000017
9895 0.000021
9896 0.000020
9897 0.000021
9898 0.000023
9899 0.000023
9900 0.000024
9901 0.000015
9902 0.000021
9903 0.000014
9904 0.000017
9905 0.000021
9906 0.000020
9907 0.000021
9908 0.000023
9909 0.000023
9910 0.000024
9911 0.000015
9912 0.000021
9913 0.000014
9914 0.000017
9915 0.000021
9916 0.000020
9917 0.000021
9918 0.000023
9919 0.000023
9920 0.000024
9921 0.000015
9922 0.000021
9923 0.000014
9924 0.000017
9925 0.000021
9926 0.000020
9927 0.000021
9928 0.000023
9929 0.000023
9930 0.000024
9931 0.000015
9932 0.000021
9933 0.000014
9934 0.000017
9935 0.000021
9936 0.000020
9937 0.000021
9938 0.000023
9939 0.000023
9940 0.000024
9941 0.000015
9942 0.000021
9943 0.000014
9944 0.000017
9945 0.000021
9946 0.000020
9947 0.000021
9948 0.000023
9949 0.000023
9950 0.000024
9951 0.000015
9952 0.000021
9953 0.000014
9954 0.000017
9955 0.000021
9956 0.000020
9957 0.000021
9958 0.000023
9959 0.000023
9960 0.000024
9961 0.000015
9962 0.000021
9963 0.000014
9964 0.000017
9965 0.000021
9966 0.000020
9967 0.000021
9968 0.000023
9969 0.000023
9970 0.000024
9971 0.000015
9972 0.000021
9973 0.000014
9974 0.000017
9975 0.000021
9976 0.000020
9977 0.000021
9978 0.000023
9979 0.000023
9980 0.000024
9981 0.000015
9982 0.000021
9983 0.000014
9984 0.000017
9985 0.000021
9986 0.000020
9987 0.000021
9988 0.000023
9989 0.000023
9990 0.000024
9991 0.000015
9992 0.000021
9993 0.000014
9994 0.000017
9995 0.000021
9996 0.000020
9997 0.000021
9998 0.000023
9999 0.000023
10000 0.000024
10001 0.000015
10002 0.000021
10003 0.000014
10004 0.000017
10005 0.000021
10006 0.000020
10007 0.000021
10008 0.000023
10009 0.000023
10010 0.000024
10011 0.000015
10012 0.000021
10013 0.000014
10014 0.000017
10015 0.000021
10016 0.000020
10017 0.000021
10018 0.000023
10019 0.000023
10020 0.000024
10021 0.000015
10022 0.000021
10023 0.000014
10024 0.000017
10025 0.000021
10026 0.000020
10027 0.000021
10028 0.000023
10029 0.000023
10030 0.000024
10031 0.000015
10032 0.000021
10033 0.000014
10034 0.000017
10035 0.000021
10036 0.000020
10037 0.000021
10038 0.000023
10039 0.000023
10040 0.000024
10041 0.000015
10042 0.000021
10043 0.000014
10044 0.000017
10045 0.000021
10046 0.000020
10047 0.000021
10048 0.000023
10049 0.000023
10050 0.000024
10051 0.000015
10052 0.000021
10053 0.000014
10054 0.000017
10055 0.000021
10056 0.000020
10057 0.000021
10058 0.000023
10059 0.000023
10060 0.000024
10061 0.000015
10062 0.000021
10063 0.000014
10064 0.000017
10065 0.000021
10066 0.000020
10067 0.000021
10068 0.000023
10069 0.000023
10070 0.000024
10071 0.000015
10072 0.000021
10073 0.000014
10074 0.000017
10075 0.000021
10076 0.000020
10077 0.000021
10078 0.000023
10079 0.000023
10080 0.000024
10081 0.000015
10082 0.000021
10083 0.000014
10084 0.000017
10085 0.000021
10086 0.000020
10087 0.000021
10088 0.000023
10089 0.000023
10090 0.000024
10091 0.000015
10092 0.000021
10093 0.000014
10094 0.000017
10095 0.000021
10096 0.000020
10097 0.000021
10098 0.000023
10099 0.000023
10100 0.000024
10101 0.000015
10102 0.000021
10103 0.000014
10104 0.000017
10105 0.000021
10106 0.000020
10107 0.000021
10108 0.000023
10109 0.000023
10110 0.000024
10111 0.000015
10112 0.000021
10113 0.000014
10114 0.000017
10115 0.000021
10116 0.000020
10117 0.000021
10118 0.000023
10119 0.000023
10120 0.000024
10121 0.000015
10122 0.000021
10123 0.000014
10124 0.000017
10125 0.000021
10126 0.000020
10127 0.000021
10128 0.000023
10129 0.000023
10130 0.000024
10131 0.000015
10132 0.000021
10133 0.000014
10134 0.000017
10135 0.000021
10136 0.000020
10137 0.000021
10138 0.000023
10139 0.000023
10140 0.000024
10141 0.000015
10142 0.000021
10143 0.000014
10144 0.000017
10145 0.000021
10146 0.000020
10147 0.000021
10148 0.000023
10149 0.000023
10150 0.000024
10151 0.000015
10152 0.000021
10153 0.000014
10154 0.000017
10155 0.000021
10156 0.000020
10157 0.000021
10158 0.000023
10159 0.000023
10160 0.000024
10161 0.000015
10162 0.000021
10163 0.000014
10164 0.000017
10165 0.000021
10166 0.000020
10167 0.000021
10168 0.000023
10169 0.000023
10170 0.000024
10171 0.000015
10172 0.000021
10173 0.000014
10174 0.000017
10175 0.000021
10176 0.000020
10177 0.000021
10178 0.000023
10179 0.000023
10180 0.000024
10181 0.000015
10182 0.000021
10183 0.000014
10184 0.000017
10185 0.000021
10186 0.000020
10187 0.000021
10188 0.000023
10189 0.000023
10190 0.000024
10191 0.000015
10192 0.000021
10193 0.000014
10194 0.000017
10195 0.000021
10196 0.000020
10197 0.000021
10198 0.000023
10199 0.000023
10200 0.000024
10201 0.000015
10202 0.000021
10203 0.000014
10204 0.000017
10205 0.000021
10206 0.000020
10207 0.000021
10208 0.000023
10209 0.000023
10210 0.000024
10211 0.000015
10212 0.000021
10213 0.000014
10214 0.000017
10215 0.000021
10216 0.000020
10217 0.000021
10218 0.000023
10219 0.000023
10220 0.000024
10221 0.000015
10222 0.000021
10223 0.000014
10224 0.000017
10225 0.000021
10226 0.000020
10227 0.000021
10228 0.000023
10229 0.000023
10230 0.000024
10231 0.000015
10232 0.000021
10233 0.000014
10234 0.000017
10235 0.000021
10236 0.000020
10237 0.000021
10238 0.000023
10239 0.000023
10240 0.000024
10241 0.000015
10242 0.000021
10243 0.000014
10244 0.000017
10245 0.000021
10246 0.000020
10247 0.000021
10248 0.000023
10249 0.000023
10250 0.000024
10251 0.000015
10252 0.000021
10253 0.000014
10254 0.000017
10255 0.000021
10256 0.000020
10257 0.000021
10258 0.000023
10259 0.000023
10260 0.000024
10261 0.000015
10262 0.000021
10263 0.000014
10264 0.000017
10265 0.000021
10266 0.000020
10267 0.000021
10268 0.000023
10269 0.000023
10270 0.000024
10271 0.000015
10272 0.000021
10273 0.000014
10274 0.000017
10275 0.000021
10276 0.000020
10277 0.000021
10278 0.000023
10279 0.000023
10280 0.000024
10281 0.000015
10282 0.000021
10283 0.000014
10284 0.000017
10285 0.000021
10286 0.000020
10287 0.000021
10288 0.000023
10289 0.000023
10290 0.000024
10291 0.000015
10292 0.000021
10293 0.000014
10294 0.000017
10295 0.000021
10296 0.000020
10297 0.000021
10298 0.000023
10299 0.000023
10300 0.000024
10301 0.000015
10302 0.000021
10303 0.000014
10304 0.000017
10305 0.000021
10306 0.000020
10307 0.000021
10308 0.000023
10309 0.000023
10310 0.000024
10311 0.000015
10312 0.000021
10313 0.000014
10314 0.000017
10315 0.000021
10316 0.000020
10317 0.000021
10318 0.000023
10319 0.000023
10320 0.000024
10321 0.000015
10322 0.000021
10323 0.000014
10324 0.000017
10325 0.000021
10326 0.000020
10327 0.000021
10328 0.000023
10329 0.000023
10330 0.000024
10331 0.000015
10332 0.000021
10333 0.000014
10334 0.000017
10335 0.000021
10336 0.000020
10337 0.000021
10338 0.000023
10339 0.000023
10340 0.000024
10341 0.000015
10342 0.000021
10343 0.000014
10344 0.000017
10345 0.000021
10346 0.000020
10347 0.000021
10348 0.000023
10349 0.000023
10350 0.000024
10351 0.000015
10352 0.000021
10353 0.000014
10354 0.000017
10355 0.000021
10356 0.000020
10357 0.000021
10358 0.000023
10359 0.000023
10360 0.000024
10361 0.000015
10362 0.000021
10363 0.000014
10364 0.000017
10365 0.000021
10366 0.000020
10367 0.000021
10368 0.000023
10369 0.000023
10370 0.000024
10371 0.000015
10372 0.000021
10373 0.000014
10374 0.000017
10375 0.000021
10376 0.000020
10377 0.000021
10378 0.000023
10379 0.000023
10380 0.000024
10381 0.000015
10382 0.000021
10383 0.000014
10384 0.000017
10385 0.000021
10386 0.000020
10387 0.000021
10388 0.000023
10389 0.000023
10390 0.000024
10391 0.000015
10392 0.000021
10393 0.000014
10394 0.000017
10395 0.000021
10396 0.000020
10397 0.000021
10398 0.000023
10399 0.000023
10400 0.000024
10401 0.000015
10402 0.000021
10403 0.000014
10404 0.000017
10405 0.000021
10406 0.000020
10407 0.000021
10408 0.000023
10409 0.000023
10410 0.000024
10411 0.000015
10412 0.000021
10413 0.000014
10414 0.000017
10415 0.000021
10416 0.000020
10417 0.000021
10418 0.000023
10419 0.000023
10420 0.000024
10421 0.000015
10422 0.000021
10423 0.000014
10424 0.000017
10425 0.000021
10426 0.000020
10427 0.000021
10428 0.000023
10429 0.000023
10430 0.000024
10431 0.000015
10432 0.000021
10433 0.000014
10434 0.000017
10435 0.000021
10436 0.000020
10437 0.000021
10438 0.000023
10439 0.000023
10440 0.000024
10441 0.000015
10442 0.000021
10443 0.000014
10444 0.000017
10445 0.000021
10446 0.000020
10447 0.000021
10448 0.000023
10449 0.000023
10450 0.000024
10451 0.000015
10452 0.000021
10453 0.000014
10454 0.000017
10455 0.000021
10456 0.000020
10457 0.000021
10458 0.000023
10459 0.000023
10460 0.000024
10461 0.000015
10462 0.000021
10463 0.000014
10464 0.000017
10465 0.000021
10466 0.000020
10467 0.000021
10468 0.000023
10469 0.000023
10470 0.000024
10471 0.000015
10472 0.000021
10473 0.000014
10474 0.000017
10475 0.000021
10476 0.000020
10477 0.000021
10478 0.000023
10479 0.000023
10480 0.000024
10481 0.000015
10482 0.000021
10483 0.000014
10484 0.000017
10485 0.000021
10486 0.000020
10487 0.000021
10488 0.000023
10489 0.000023
10490 0.000024
10491 0.000015
10492 0.000021
10493 0.000014
10494 0.000017
10495 0.000021
10496 0.000020
10497 0.000021
10498 0.000023
10499 0.000023
10500 0.000024
10501 0.000015
10502 0.000021
10503 0.000014
10504 0.000017
10505 0.000021
10506 0.000020
10507 0.000021
10508 0.000023
10509 0.000023
10510 0.000024
10511 0.000015
10512 0.000021
10513 0.000014
10514 0.000017
10515 0.000021
10516 0.000020
10517 0.000021
10518 0.000023
10519 0.000023
10520 0.000024
10521 0.000015
10522 0.000021
10523 0.000014
10524 0.000017
10525 0.000021
10526 0.000020
10527 0.000021
10528 0.000023
10529 0.000023
10530 0.000024
10531 0.000015
10532 0.000021
10533 0.000014
10534 0.000017
10535 0.000021
10536 0.000020
10537 0.000021
10538 0.000023
10539 0.000023
10540 0.000024
10541 0.000015
10542 0.000021
10543 0.000014
10544 0.000017
10545 0.000021
10546 0.000020
10547 0.000021
10548 0.000023
10549 0.000023
10550 0.000024
10551 0.000015
10552 0.000021
10553 0.000014
10554 0.000017
10555 0.000021
10556 0.000020
10557 0.000021
10558 0.000023
10559 0.000023
10560 0.000024
10561 0.000015
10562 0.000021
10563 0.000014
10564 0.000017
10565 0.000021
10566 0.000020
10567 0.000021
10568 0.000023
10569 0.000023
10570 0.000024
10571 0.000015
10572 0.000021
10573 0.000014
10574 0.000017
10575 0.000021
10576 0.000020
10577 0.000021
10578 0.000023
10579 0.000023
10580 0.000024
10581 0.000015
10582 0.000021
10583 0.000014
10584 0.000017
10585 0.000021
10586 0.000020
10587 0.000021
10588 0.000023
10589 0.000023
10590 0.000024
10591 0.000015
10592 0.000021
10593 0.000014
10594 0.000017
10595 0.000021
10596 0.000020
10597 0.000021
10598 0.000023
10599 0.000023
10600 0.000024
10601 0.000015
10602 0.000021
10603 0.000014
10604 0.000017
10605 0.000021
10606 0.000020
10607 0.000021
10608 0.000023
10609 0.000023
10610 0.000024
10611 0.000015
10612 0.000021
10613 0.000014
10614 0.000017
10615 0.000021
10616 0.000020
10617 0.000021
10618 0.000023
10619 0.000023
10620 0.000024
10621 0.000015
10622 0.000021
10623 0.000014
10624 0.000017
10625 0.000021
10626 0.000020
10627 0.000021
10628 0.000023
10629 0.000023
10630 0.000024
10631 0.000015
10632 0.000021
10633 0.000014
10634 0.000017
10635 0.000021
10636 0.000020
10637 0.000021
10638 0.000023
10639 0.000023
10640 0.000024
10641 0.000015
10642 0.000021
10643 0.000014
10644 0.000017
10645 0.000021
10646 0.000020
10647 0.000021
10648 0.000023
10649 0.000023
10650 0.000024
10651 0.000015
10652 0.000021
10653 0.000014
10654 0.000017
10655 0.000021
10656 0.000020
10657 0.000021
10658 0.000023
10659 0.000023
10660 0.000024
10661 0.000015
10662 0.000021
10663 0.000014
10664 0.000017
10665 0.000021
10666 0.000020
10667 0.000021
10668 0.000023
10669 0.000023
10670 0.000024
10671 0.000015
10672 0.000021
10673 0.000014
10674 0.000017
10675 0.000021
10676 0.000020
10677 0.000021
10678 0.000023
10679 0.000023
10680 0.000024
10681 0.000015
10682 0.000021
10683 0.000014
10684 0.000017
10685 0.000021
10686 0.000020
10687 0.000021
10688 0.000023
10689 0.000023
10690 0.000024
10691 0.000015
10692 0.000021
10693 0.000014
10694 0.000017
10695 0.000021
10696 0.000020
10697 0.000021
10698 0.000023
10699 0.000023
10700 0.000024
10701 0.000015
10702 0.000021
10703 0.000014
10704 0.000017
10705 0.000021
10706 0.000020
10707 0.000021
10708 0.000023
10709 0.000023
10710 0.000024
10711 0.000015
10712 0.000021
10713 0.000014
10714 0.000017
10715 0.000021
10716 0.000020
10717 0.000021
10718 0.000023
10719 0.000023
10720 0.000024
10721 0.000015
10722 0.000021
10723 0.000014
10724 0.000017
10725 0.000021
10726 0.000020
10727 0.000021
10728 0.000023
10729 0.000023
10730 0.000024
10731 0.000015
10732 0.000021
10733 0.000014
10734 0.000017
10735 0.000021
10736 0.000020
10737 0.000021
10738 0.000023
10739 0.000023
10740 0.000024
10741 0.000015
10742 0.000021
10743 0.000014
10744 0.000017
10745 0.000021
10746 0.000020
10747 0.000021
10748 0.000023
10749 0.000023
10750 0.000024
10751 0.000015
10752 0.000021
10753 0.000014
10754 0.000017
10755 0.000021
10756 0.000020
10757 0.000021
10758 0.000023
10759 0.000023
10760 0.000024
10761 0.000015
10762 0.000021
10763 0.000014
10764 0.000017
10765 0.000021
10766 0.000020
10767 0.000021
10768 0.000023
10769 0.000023
10770 0.000024
10771 0.000015
10772 0.000021
10773 0.000014
10774 0.000017
10775 0.000021
10776 0.000020
10777 0.000021
10778 0.000023
10779 0.000023
10780 0.000024
10781 0.000015
10782 0.000021
10783 0.000014
10784 0.000017
10785 0.000021
10786 0.000020
10787 0.000021
10788 0.000023
10789 0.000023
10790 0.000024
10791 0.000015
10792 0.000021
10793 0.000014
10794 0.000017
10795 0.000021
10796 0.000020
10797 0.000021
10798 0.000023
10799 0.000023
10800 0.000024
10801 0.000015
10802 0.000021
10803 0.000014
10804 0.000017
10805 0.000021
10806 0.000020
10807 0.000021
10808 0.000023
10809 0.000023
10810 0.000024
10811 0.000015
10812 0.000021
10813 0.000014
10814 0.000017
10815 0.000021
10816 0.000020
10817 0.000021
10818 0.000023
10819 0.000023
10820 0.000024
10821 0.000015
10822 0.000021
10823 0.000014
10824 0.000017
10825 0.000021
10826 0.000020
10827 0.000021
10828 0.000023
10829 0.000023
10830 0.000024
10831 0.000015
10832 0.000021
10833 0.000014
10834 0.000017
10835 0.000021
10836 0.000020
10837 0.000021
10838 0.000023
10839 0.000023
10840 0.000024
10841 0.000015
10842 0.000021
10843 0.000014
10844 0.000017
10845 0.000021
10846 0.000020
10847 0.000021
10848 0.000023
10849 0.000023
10850 0.000024
10851 0.000015
10852 0.000021
10853 0.000014
10854 0.000017
10855 0.000021
10856 0.000020
10857 0.000021
10858 0.000023
10859 0.000023
10860 0.000024
10861 0.000015
10862 0.000021
10863 0.000014
10864 0.000017
10865 0.000021
10866 0.000020
10867 0.000021
10868 0.000023
10869 0.000023
10870 0.000024
10871 0.000015
10872 0.000021
10873 0.000014
10874 0.000017
10875 0.000021
10876 0.000020
10877 0.000021
10878 0.000023
10879 0.000023
10880 0.000024
10881 0.000015
10882 0.000021
10883 0.000014
10884 0.000017
10885 0.000021
10886 0.000020
10887 0.000021
10888 0.000023
10889 0.000023
10890 0.000024
10891 0.000015
10892 0.000021
10893 0.000014
10894 0.000017
10895 0.000021
10896 0.000020
10897 0.000021
10898 0.000023
10899 0.000023
10900 0.000024
10901 0.000015
10902 0.000021
10903 0.000014
10904 0.000017
10905 0.000021
10906 0.000020
10907 0.000021
10908 0.000023
10909 0.000023
10910 0.000024
10911 0.000015
10912 0.000021
10913 0.000014
10914 0.000017
10915 0.000021
10916 0.000020
10917 0.000021
10918 0.000023
10919 0.000023
10920 0.000024
10921 0.000015
10922 0.000021
10923 0.000014
10924 0.000017
10925 0.000021
10926 0.000020
10927 0.000021
10928 0.000023
10929 0.000023
10930 0.000024
10931 0.000015
10932 0.000021
10933 0.000014
10934 0.000017
10935 0.000021
10936 0.000020
10937 0.000021
10938 0.000023
10939 0.000023
10940 0.000024
10941 0.000015
10942 0.000021
10943 0.000014
10944 0.000017
10945 0.000021
10946 0.000020
10947 0.000021
10948 0.000023
10949 0.000023
10950 0.000024
10951 0.000015
10952 0.000021
10953 0.000014
10954 0.000017
10955 0.000021
10956 0.000020
10957 0.000021
10958 0.000023
10959 0.000023
10960 0.000024
10961 0.000015
10962 0.000021
10963 0.000014
10964 0.000017
10965 0.000021
10966 0.000020
10967 0.000021
10968 0.000023
10969 0.000023
10970 0.000024
10971 0.000015
10972 0.000021
10973 0.000014
10974 0.000017
10975 0.000021
10976 0.000020
10977 0.000021
10978 0.000023
10979 0.000023
10980 0.000024
10981 0.000015
10982 0.000021
10983 0.000014
10984 0.000017
10985 0.000021
10986 0.000020
10987 0.000021
10988 0.000023
10989 0.000023
10990 0.000024
10991 0.000015
10992 0.000021
10993 0.000014
10994 0.000017
10995 0.000021
10996 0.000020
10997 0.000021
10998 0.000023
10999 0.000023
11000 0.000024
11001 0.000015
11002 0.000021
11003 0.000014
11004 0.000017
11005 0.000021
11006 0.000020
11007 0.000021
11008 0.000023
11009 0.000023
11010 0.000024
11011 0.000015
11012 0.000021
11013 0.000014
11014 0.000017
11015 0.000021
11016 0.000020
11017 0.000021
11018 0.000023
11019 0.000023
11020 0.000024
11021 0.000015
11022 0.000021
11023 0.000014
11024 0.000017
11025 0.000021
11026 0.000020
11027 0.000021
11028 0.000023
11029 0.000023
11030 0.000024
11031 0.000015
11032 0.000021
11033 0.000014
11034 0.000017
11035 0.000021
11036 0.000020
11037 0.000021
11038 0.000023
11039 0.000023
11040 0.000024
11041 0.000015
11042 0.000021
11043 0.000014
11044 0.000017
11045 0.000021
11046 0.000020
11047 0.000021
11048 0.000023
11049 0.000023
11050 0.000024
11051 0.000015
11052 0.000021
11053 0.000014
11054 0.000017
11055 0.000021
11056 0.000020
11057 0.000021
11058 0.000023
11059 0.000023
11060 0.000024
11061 0.000015
11062 0.000021
11063 0.000014
11064 0.000017
11065 0.000021
11066 0.000020
11067 0.000021
11068 0.000023
11069 0.000023
11070 0.000024
11071 0.000015
11072 0.000021
11073 0.000014
11074 0.000017
11075 0.000021
11076 0.000020
11077 0.000021
11078 0.000023
11079 0.000023
11080 0.000024
11081 0.000015
11082 0.000021
11083 0.000014
11084 0.000017
11085 0.000021
11086 0.000020
11087 0.000021
11088 0.000023
11089 0.000023
11090 0.000024
11091 0.000015
11092 0.000021
11093 0.000014
11094 0.000017
11095 0.000021
11096 0.000020
11097 0.000021
11098 0.000023
11099 0.000023
11100 0.000024
11101 0.000015
11102 0.000021
11103 0.000014
11104 0.000017
11105 0.000021
11106 0.000020
11107 0.000021
11108 0.000023
11109 0.000023
11110 0.000024
11111 0.000015
11112 0.000021
11113 0.000014
11114 0.000017
11115 0.000021
11116 0.000020
11117 0.000021
11118 0.000023
11119 0.000023
11120 0.000024
11121 0.000015
11122 0.000021
11123 0.000014
11124 0.000017
11125 0.000021
11126 0.000020
11127 0.000021
11128 0.000023
11129 0.000023
11130 0.000024
11131 0.000015
11132 0.000021
11133 0.000014
11134 0.000017
11135 0.000021
11136 0.000020
11137 0.000021
11138 0.000023
11139 0.000023
11140 0.000024
11141 0.000015
11142 0.000021
11143 0.000014
11144 0.000017
11145 0.000021
11146 0.000020
11147 0.000021
11148 0.000023
11149 0.000023
11150 0.000024
11151 0.000015
11152 0.000021
11153 0.000014
11154 0.000017
11155 0.000021
11156 0.000020
11157 0.000021
11158 0.000023
11159 0.000023
11160 0.000024
11161 0.000015
11162 0.000021
11163 0.000014
11164 0.000017
11165 0.000021
11166 0.000020
11167 0.000021
11168 0.000023
11169 0.000023
11170 0.000024
11171 0.000015
11172 0.000021
11173 0.000014
11174 0.000017
11175 0.000021
11176 0.000020
11177 0.000021
11178 0.000023
11179 0.000023
11180 0.000024
11181 0.000015
11182 0.000021
11183 0.000014
11184 0.000017
11185 0.000021
11186 0.000020
11187 0.000021
11188 0.000023
11189 0.000023
11190 0.000024
11191 0.000015
11192 0.000021
11193 0.000014
11194 0.000017
11195 0.000021
11196 0.000020
11197 0.000021
11198 0.000023
11199 0.000023
11200 0.000024
11201 0.000015
11202 0.000021
11203 0.000014
11204 0.000017
11205 0.000021
11206 0.000020
11207 0.000021
11208 0.000023
11209 0.000023
11210 0.000024
11211 0.000015
11212 0.000021
11213 0.000014
11214 0.000017
11215 0.000021
11216 0.000020
11217 0.000021
11218 0.000023
11219 0.000023
11220 0.000024
11221 0.000015
11222 0.000021
11223 0.000014
11224 0.000017
11225 0.000021
11226 0.000020
11227 0.000021
11228 0.000023
11229 0.000023
11230 0.000024
11231 0.000015
11232 0.000021
11233 0.000014
11234 0.000017
11235 0.000021
11236 0.000020
11237 0.000021
11238 0.000023
11239 0.000023
11240 0.000024
11241 0.000015
11242 0.000021
11243 0.000014
11244 0.000017
11245 0.000021
11246 0.000020
11247 0.000021
11248 0.000023
11249 0.000023
11250 0.000024
11251 0.000015
11252 0.000021
11253 0.000014
11254 0.000017
11255 0.000021
11256 0.000020
11257 0.000021
11258 0.000023
11259 0.000023
11260 0.000024
11261 0.000015
11262 0.000021
11263 0.000014
11264 0.000017
11265 0.000021
11266 0.000020
11267 0.000021
11268 0.000023
11269 0.000023
11270 0.000024
11271 0.000015
11272 0.000021
11273 0.000014
11274 0.000017
11275 0.000021
11276 0.000020
11277 0.000021
11278 0.000023
11279 0.000023
11280 0.000024
11281 0.000015
11282 0.000021
11283 0.000014
11284 0.000017
11285 0.000021
11286 0.000020
11287 0.000021
11288 0.000023
11289 0.000023
11290 0.000024
11291 0.000015
11292 0.000021
11293 0.000014
11294 0.000017
11295 0.000021
11296 0.000020
11297 0.000021
11298 0.000023
11299 0.000023
11300 0.000024
11301 0.000015
11302 0.000021
11303 0.000014
11304 0.000017
11305 0.000021
11306 0.000020
11307 0.000021
11308 0.000023
11309 0.000023
11310 0.000024
11311 0.000015
11312 0.000021
11313 0.000014
11314 0.000017
11315 0.000021
11316 0.000020
11317 0.000021
11318 0.000023
11319 0.000023
11320 0.000024
11321 0.000015
11322 0.000021
11323 0.000014
11324 0.000017
11325 0.000021
11326 0.000020
11327 0.000021
11328 0.000023
11329 0.000023
11330 0.000024
11331 0.000015
11332 0.000021
11333 0.000014
11334 0.000017
11335 0.000021
11336 0.000020
11337 0.000021
11338 0.000023
11339 0.000023
11340 0.000024
11341 0.000015
11342 0.000021
11343 0.000014
11344 0.000017
11345 0.000021
11346 0.000020
11347 0.000021
11348 0.000023
11349 0.000023
11350 0.000024
11351 0.000015
11352 0.000021
11353 0.000014
11354 0.000017
11355 0.000021
11356 0.000020
11357 0.000021
11358 0.000023
11359 0.000023
11360 0.000024
11361 0.000015
11362 0.000021
11363 0.000014
11364 0.000017
11365 0.000021
11366 0.000020
11367 0.000021
11368 0.000023
11369 0.000023
11370 0.000024
11371 0.000015
11372 0.000021
11373 0.000014
11374 0.000017
11375 0.000021
11376 0.000020
11377 0.000021
11378 0.000023
11379 0.000023
11380 0.000024
11381 0.000015
11382 0.000021
11383 0.000014
11384 0.000017
11385 0.000021
11386 0.000020
11387 0.000021
11388 0.000023
11389 0.000023
11390 0.000024
11391 0.000015
11392 0.000021
11393 0.000014
11394 0.000017
11395 0.000021
11396 0.000020
11397 0.000021
11398 0.000023
11399 0.000023
11400 0.000024
11401 0.000015
11402 0.000021
11403 0.000014
11404 0.000017
11405 0.000021
11406 0.000020
11407 0.000021
11408 0.000023
11409 0.000023
11410 0.000024
11411 0.000015
11412 0.000021
11413 0.000014
11414 0.000017
11415 0.000021
11416 0.000020
11417 0.000021
11418 0.000023
11419 0.000023
11420 0.000024
11421 0.000015
11422 0.000021
11423 0.000014
11424 0.000017
11425 0.000021
11426 0.000020
11427 0.000021
11428 0.000023
11429 0.000023
11430 0.000024
11431 0.000015
11432 0.000021
11433 0.000014
11434 0.000017
11435 0.000021
11436 0.000020
11437 0.000021
11438 0.000023
11439 0.000023
11440 0.000024
11441 0.000015
11442 0.000021
11443 0.000014
11444 0.000017
11445 0.000021
11446 0.000020
11447 0.000021
11448 0.000023
11449 0.000023
11450 0.000024
11451 0.000015
11452 0.000021
11453 0.000014
11454 0.000017
11455 0.000021
11456 0.000020
11457 0.000021
11458 0.000023
11459 0.000023
11460 0.000024
11461 0.000015
11462 0.000021
11463 0.000014
11464 0.000017
11465 0.000021
11466 0.000020
11467 0.000021
11468 0.000023
11469 0.000023
11470 0.000024
11471 0.000015
11472 0.000021
11473 0.000014
11474 0.000017
11475 0.000021
11476 0.000020
11477 0.000021
11478 0.000023
11479 0.000023
11480 0.000024
11481 0.000015
11482 0.000021
11483 0.000014
11484 0.000017
11485 0.000021
11486 0.000020
11487 0.000021
11488 0.000023
11489 0.000023
11490 0.000024
11491 0.000015
11492 0.000021
11493 0.000014
11494 0.000017
11495 0.000021
11496 0.000020
11497 0.000021
11498 0.000023
11499 0.000023
11500 0.000024
11501 0.000015
11502 0.000021
11503 0.000014
11504 0.000017
11505 0.000021
11506 0.000020
11507 0.000021
11508 0.000023
11509 0.000023
11510 0.000024
11511 0.000015
11512 0.000021
11513 0.000014
11514 0.000017
11515 0.000021
11516 0.000020
11517 0.000021
11518 0.000023
11519 0.000023
11520 0.000024
11521 0.000015
11522 0.000021
11523 0.000014
11524 0.000017
11525 0.000021
11526 0.000020
11527 0.000021
11528 0.000023
11529 0.000023
11530 0.000024
11531 0.000015
11532 0.000021
11533 0.000014
11534 0.000017
11535 0.000021
11536 0.000020
11537 0.000021
11538 0.000023
11539 0.000023
11540 0.000024
11541 0.000015
11542 0.000021
11543 0.000014
11544 0.000017
11545 0.000021
11546 0.000020
11547 0.000021
11548 0.000023
11549 0.000023
11550 0.000024
11551 0.000015
11552 0.000021
11553 0.000014
11554 0.000017
11555 0.000021
11556 0.000020
11557 0.000021
11558 0.000023
11559 0.000023
11560 0.000024
11561 0.000015
11562 0.000021
11563 0.000014
11564 0.000017
11565 0.000021
11566 0.000020
11567 0.000021
11568 0.000023
11569 0.000023
11570 0.000024
11571 0.000015
11572 0.000021
11573 0.000014
11574 0.000017
11575 0.000021
11576 0.000020
11577 0.000021
11578 0.000023
11579 0.000023
11580 0.000024
11581 0.000015
11582 0.000021
11583 0.000014
11584 0.000017
11585 0.000021
11586 0.000020
11587 0.000021
11588 0.000023
11589 0.000023
11590 0.000024
11591 0.000015
11592 0.000021
11593 0.000014
11594 0.000017
11595 0.000021
11596 0.000020
11597 0.000021
11598 0.000023
11599 0.000023
11600 0.000024
11601 0.000015
11602 0.000021
11603 0.000014
11604 0.000017
11605 0.000021
11606 0.000020
11607 0.000021
11608 0.000023
11609 0.000023
11610 0.000024
11611 0.000015
11612 0.000021
11613 0.000014
11614 0.000017
11615 0.000021
11616 0.000020
11617 0.000021
11618 0.000023
11619 0.000023
11620 0.000024
11621 0.000015
11622 0.000021
11623 0.000014
11624 0.000017
11625 0.000021
11626 0.000020
11627 0.000021
11628 0.000023
11629 0.000023
11630 0.000024
11631 0.000015
11632 0.000021
11633 0.000014
11634 0.000017
11635 0.000021
11636 0.000020
11637 0.000021
11638 0.000023
11639 0.000023
11640 0.000024
11641 0.000015
11642 0.000021
11643 0.000014
11644 0.000017
11645 0.000021
11646 0.000020
11647 0.000021
11648 0.000023
11649 0.000023
11650 0.000024
11651 0.000015
11652 0.000021
11653 0.000014
11654 0.000017
11655 0.000021
11656 0.000020
11657 0.000021
11658 0.000023
11659 0.000023
11660 0.000024
11661 0.000015
11662 0.000021
11663 0.000014
11664 0.000017
11665 0.000021
11666 0.000020
11667 0.000021
11668 0.000023
11669 0.000023
11670 0.000024
11671 0.000015
11672 0.000021
11673 0.000014
11674 0.000017
11675 0.000021
11676 0.000020
11677 0.000021
11678 0.000023
11679 0.000023
11680 0.000024
11681 0.000015
11682 0.000021
11683 0.000014
11684 0.000017
11685 0.000021
11686 0.000020
11687 0.000021
11688 0.000023
11689 0.000023
11690 0.000024
11691 0.000015
11692 0.000021
11693 0.000014
11694 0.000017
11695 0.000021
11696 0.000020
11697 0.000021
11698 0.000023
11699 0.000023
11700 0.000024
11701 0.000015
11702 0.000021
11703 0.000014
11704 0.000017
11705 0.000021
11706 0.000020
11707 0.000021
11708 0.000023
11709 0.000023
11710 0.000024
11711 0.000015
11712 0.000021
11713 0.000014
11714 0.000017
11715 0.000021
11716 0.000020
11717 0.000021
11718 0.000023
11719 0.000023
11720 0.000024
11721 0.000015
11722 0.000021
11723 0.000014
11724 0.000017
11725 0.000021
11726 0.000020
11727 0.000021
11728 0.000023
11729 0.000023
11730 0.000024
11731 0.000015
11732 0.000021
11733 0.000014
11734 0.000017
11735 0.000021
11736 0.000020
11737 0.000021
11738 0.000023
11739 0.000023
11740 0.000024
11741 0.000015
11742 0.000021
11743 0.000014
11744 0.000017
11745 0.000021
11746 0.000020
11747 0.000021
11748 0.000023
11749 0.000023
11750 0.000024
11751 0.000015
11752 0.000021
11753 0.000014
11754 0.000017
11755 0.000021
11756 0.000020
11757 0.000021
11758 0.000023
11759 0.000023
11760 0.000024
11761 0.000015
11762 0.000021
11763 0.000014
11764 0.000017
11765 0.000021
11766 0.000020
11767 0.000021
11768 0.000023
11769 0.000023
11770 0.000024
11771 0.000015
11772 0.000021
11773 0.000014
11774 0.000017
11775 0.000021
11776 0.000020
11777 0.000021
11778 0.000023
11779 0.000023
11780 0.000024
11781 0.000015
11782 0.000021
11783 0.000014
11784 0.000017
11785 0.000021
11786 0.000020
11787 0.000021
11788 0.000023
11789 0.000023
11790 0.000024
11791 0.000015
11792 0.000021
11793 0.000014
11794 0.000017
11795 0.000021
11796 0.000020
11797 0.000021
11798 0.000023
11799 0.000023
11800 0.000024
11801 0.000015
11802 0.000021
11803 0.000014
11804 0.000017
11805 0.000021
11806 0.000020
11807 0.000021
11808 0.000023
11809 0.000023
11810 0.000024
11811 0.000015
11812 0.000021
11813 0.000014
11814 0.000017
11815 0.000021
11816 0.000020
11817 0.000021
11818 0.000023
11819 0.000023
11820 0.000024
11821 0.000015
11822 0.000021
11823 0.000014
11824 0.000017
11825 0.000021
11826 0.000020
11827 0.000021
11828 0.000023
11829 0.000023
11830 0.000024
11831 0.000015
11832 0.000021
11833 0.000014
11834 0.000017
11835 0.000021
11836 0.000020
11837 0.000021
11838 0.000023
11839 0.000023
11840 0.000024
11841 0.000015
11842 0.000021
11843 0.000014
11844 0.000017
11845 0.000021
11846 0.000020
11847 0.000021
11848 0.000023
11849 0.000023
11850 0.000024
11851 0.000015
11852 0.000021
11853 0.000014
11854 0.000017
11855 0.000021
11856 0.000020
11857 0.000021
11858 0.000023
11859 0.000023
11860 0.000024
11861 0.000015
11862 0.000021
11863 0.000014
11864 0.000017
11865 0.000021
11866 0.000020
11867 0.000021
11868 0.000023
11869 0.000023
11870 0.000024
11871 0.000015
11872 0.000021
11873 0.000014
11874 0.000017
11875 0.000021
11876 0.000020
11877 0.000021
11878 0.000023
11879 0.000023
11880 0.000024
11881 0.000015
11882 0.000021
11883 0.000014
11884 0.000017
11885 0.000021
11886 0.000020
11887 0.000021
11888 0.000023
11889 0.000023
11890 0.000024
11891 0.000015
11892 0.000021
11893 0.000014
11894 0.000017
11895 0.000021
11896 0.000020
11897 0.000021
11898 0.000023
11899 0.000023
11900 0.000024
11901 0.000015
11902 0.000021
11903 0.000014
11904 0.000017
11905 0.000021
11906 0.000020
11907 0.000021
11908 0.000023
11909 0.000023
11910 0.000024
11911 0.000015
11912 0.000021
11913 0.000014
11914 0.000017
11915 0.000021
11916 0.000020
11917 0.000021
11918 0.000023
11919 0.000023
11920 0.000024
11921 0.000015
11922 0.000021
11923 0.000014
11924 0.000017
11925 0.000021
11926 0.000020
11927 0.000021
11928 0.000023
11929 0.000023
11930 0.000024
11931 0.000015
11932 0.000021
11933 0.000014
11934 0.000017
11935 0.000021
11936 0.000020
11937 0.000021
11938 0.000023
11939 0.000023
11940 0.000024
11941 0.000015
11942 0.000021
11943 0.000014
11944 0.000017
11945 0.000021
11946 0.000020
11947 0.000021
11948 0.000023
11949 0.000023
11950 0.000024
11951 0.000015
11952 0.000021
11953 0.000014
11954 0.000017
11955 0.000021
11956 0.000020
11957 0.000021
11958 0.000023
11959 0.000023
11960 0.000024
11961 0.000015
11962 0.000021
11963 0.000014
11964 0.000017
11965 0.000021
11966 0.000020
11967 0.000021
11968 0.000023
11969 0.000023
11970 0.000024
11971 0.000015
11972 0.000021
11973 0.000014
11974 0.000017
11975 0.000021
11976 0.000020
11977 0.000021
11978 0.000023
11979 0.000023
11980 0.000024
11981 0.000015
11982 0.000021
11983 0.000014
11984 0.000017
11985 0.000021
11986 0.000020
11987 0.000021
11988 0.000023
11989 0.000023
11990 0.000024
11991 0.000015
11992 0.000021
11993 0.000014
11994 0.000017
11995 0.000021
11996 0.000020
11997 0.000021
11998 0.000023
11999 0.000023
12000 0.000024
12001 0.000015
12002 0.000021
12003 0.000014
12004 0.000017
12005 0.000021
12006 0.000020
12007 0.000021
12008 0.000023
12009 0.000023
12010 0.000024
12011 0.000015
12012 0.000021
12013 0.000014
12014 0.000017
12015 0.000021
12016 0.000020
12017 0.000021
12018 0.000023
12019 0.000023
12020 0.000024
12021 0.000015
12022 0.000021
12023 0.000014
12024 0.000017
12025 0.000021
12026 0.000020
12027 0.000021
12028 0.000023
12029 0.000023
12030 0.000024
12031 0.000015
12032 0.000021
12033 0.000014
12034 0.000017
12035 0.000021
12036 0.000020
12037 0.000021
12038 0.000023
12039 0.000023
12040 0.000024
12041 0.000015
12042 0.000021
12043 0.000014
12044 0.000017
12045 0.000021
12046 0.000020
12047 0.000021
12048 0.000023
12049 0.000023
12050 0.000024
12051 0.000015
12052 0.000021
12053 0.000014
12054 0.000017
12055 0.000021
12056 0.000020
12057 0.000021
12058 0.000023
12059 0.000023
12060 0.000024
12061 0.000015
12062 0.000021
12063 0.000014
12064 0.000017
12065 0.000021
12066 0.000020
12067 0.000021
12068 0.000023
12069 0.000023
12070 0.000024
12071 0.000015
12072 0.000021
12073 0.000014
12074 0.000017
12075 0.000021
12076 0.000020
12077 0.000021
12078 0.000023
12079 0.000023
12080 0.000024
12081 0.000015
12082 0.000021
12083 0.000014
12084 0.000017
12085 0.000021
12086 0.000020
12087 0.000021
12088 0.000023
12089 0.000023
12090 0.000024
12091 0.000015
12092 0.000021
12093 0.000014
12094 0.000017
12095 0.000021
12096 0.000020
12097 0.000021
12098 0.000023
12099 0.000023
12100 0.000024
12101 0.000015
12102 0.000021
12103 0.000014
12104 0.000017
12105 0.000021
12106 0.000020
12107 0.000021
12108 0.000023
12109 0.000023
12110 0.000024
12111 0.000015
12112 0.000021
12113 0.000014
12114 0.000017
12115 0.000021
12116 0.000020
12117 0.000021
12118 0.000023
12119 0.000023
12120 0.000024
12121 0.000015
12122 0.000021
12123 0.000014
12124 0.000017
12125 0.000021
12126 0.000020
12127 0.000021
12128 0.000023
12129 0.000023
12130 0.000024
12131 0.000015
12132 0.000021
12133 0.000014
12134 0.000017
12135 0.000021
12136 0.000020
12137 0.000021
12138 0.000023
12139 0.000023
12140 0.000024
12141 0.000015
12142 0.000021
12143 0.000014
12144 0.000017
12145 0.000021
12146 0.000020
12147 0.000021
12148 0.000023
12149 0.000023
12150 0.000024
12151 0.000015
12152 0.000021
12153 0.000014
12154 0.000017
12155 0.000021
12156 0.000020
12157 0.000021
12158 0.000023
12159 0.000023
12160 0.000024
12161 0.000015
12162 0.000021
12163 0.000014
12164 0.000017
12165 0.000021
12166 0.000020
12167 0.000021
12168 0.000023
12169 0.000023
12170 0.000024
12171 0.000015
12172 0.000021
12173 0.000014
12174 0.000017
12175 0.000021
12176 0.000020
12177 0.000021
12178 0.000023
12179 0.000023
12180 0.000024
12181 0.000015
12182 0.000021
12183 0.000014
12184 0.000017
12185 0.000021
12186 0.000020
12187 0.000021
12188 0.000023
12189 0.000023
12190 0.000024
12191 0.000015
12192 0.000021
12193 0.000014
12194 0.000017
12195 0.000021
12196 0.000020
12197 0.000021
12198 0.000023
12199 0.000023
12200 0.000024
12201 0.000015
12202 0.000021
12203 0.000014
12204 0.000017
12205 0.000021
12206 0.000020
12207 0.000021
12208 0.000023
12209 0.000023
12210 0.000024
12211 0.000015
12212 0.000021
12213 0.000014
12214 0.000017
12215 0.000021
12216 0.000020
12217 0.000021
12218 0.000023
12219 0.000023
12220 0.000024
12221 0.000015
12222 0.000021
12223 0.000014
12224 0.000017
12225 0.000021
12226 0.000020
12227 0.000021
12228 0.000023
12229 0.000023
12230 0.000024
12231 0.000015
12232 0.000021
12233 0.000014
12234 0.000017
12235 0.000021
12236 0.000020
12237 0.000021
12238 0.000023
12239 0.000023
12240 0.000024
12241 0.000015
12242 0.000021
12243 0.000014
12244 0.000017
12245 0.000021
12246 0.000020
12247 0.000021
12248 0.000023
12249 0.000023
12250 0.000024
12251 0.000015
12252 0.000021
12253 0.000014
12254 0.000017
12255 0.000021
12256 0.000020
12257 0.000021
12258 0.000023
12259 0.000023
12260 0.000024
12261 0.000015
12262 0.000021
12263 0.000014
12264 0.000017
12265 0.000021
12266 0.000020
12267 0.000021
12268 0.000023
12269 0.000023
12270 0.000024
12271 0.000015
12272 0.000021
12273 0.000014
12274 0.000017
12275 0.000021
12276 0.000020
12277 0.000021
12278 0.000023
12279 0.000023
12280 0.000024
12281 0.000015
12282 0.000021
12283 0.000014
12284 0.000017
12285 0.000021
12286 0.000020
12287 0.000021
12288 0.000023
12289 0.000023
12290 0.000024
12291 0.000015
12292 0.000021
12293 0.000014
12294 0.000017
12295 0.000021
12296 0.000020
12297 0.000021
12298 0.000023
12299 0.000023
12300 0.000024
12301 0.000015
12302 0.000021
12303 0.000014
12304 0.000017
12305 0.000021
12306 0.000020
12307 0.000021
12308 0.000023
12309 0.000023
12310 0.000024
12311 0.000015
12312 0.000021
12313 0.000014
12314 0.000017
12315 0.000021
12316 0.000020
12317 0.000021
12318 0.000023
12319 0.000023
12320 0.000024
12321 0.000015
12322 0.000021
12323 0.000014
12324 0.000017
12325 0.000021
12326 0.000020
12327 0.000021
12328 0.000023
12329 0.000023
12330 0.000024
12331 0.000015
12332 0.000021
12333 0.000014
12334 0.000017
12335 0.000021
12336 0.000020
12337 0.000021
12338 0.000023
12339 0.000023
12340 0.000024
12341 0.000015
12342 0.000021
12343 0.000014
12344 0.000017
12345 0.000021
12346 0.000020
12347 0.000021
12348 0.000023
12349 0.000023
12350 0.000024
12351 0.000015
12352 0.000021
12353 0.000014
12354 0.000017
12355 0.000021
12356 0.000020
12357 0.000021
12358 0.000023
12359 0.000023
12360 0.000024
12361 0.000015
12362 0.000021
12363 0.000014
12364 0.000017
12365 0.000021
12366 0.000020
12367 0.000021
12368 0.000023
12369 0.000023
12370 0.000024
12371 0.000015
12372 0.000021
12373 0.000014
12374 0.000017
12375 0.000021
12376 0.000020
12377 0.000021
12378 0.000023
12379 0.000023
12380 0.000024
12381 0.000015
12382 0.000021
12383 0.000014
12384 0.000017
12385 0.000021
12386 0.000020
12387 0.000021
12388 0.000023
12389 0.000023
12390 0.000024
12391 0.000015
12392 0.000021
12393 0.000014
12394 0.000017
12395 0.000021
12396 0.000020
12397 0.000021
12398 0.000023
12399 0.000023
12400 0.000024
12401 0.000015
12402 0.000021
12403 0.000014
12404 0.000017
12405 0.000021
12406 0.000020
12407 0.000021
12408 0.000023
12409 0.000023
12410 0.000024
12411 0.000015
12412 0.000021
12413 0.000014
12414 0.000017
12415 0.000021
12416 0.000020
12417 0.000021
12418 0.000023
12419 0.000023
12420 0.000024
12421 0.000015
12422 0.000021
12423 0.000014
12424 0.000017
12425 0.000021
12426 0.000020
12427 0.000021
12428 0.000023
12429 0.000023
12430 0.000024
12431 0.000015
12432 0.000021
12433 0.000014
12434 0.000017
12435 0.000021
12436 0.000020
12437 0.000021
12438 0.000023
12439 0.000023
12440 0.000024
12441 0.000015
12442 0.000021
12443 0.000014
12444 0.000017
12445 0.000021
12446 0.000020
12447 0.000021
12448 0.000023
12449 0.000023
12450 0.000024
12451 0.000015
12452 0.000021
12453 0.000014
12454 0.000017
12455 0.000021
12456 0.000020
12457 0.000021
12458 0.000023
12459 0.000023
12460 0.000024
12461 0.000015
12462 0.000021
12463 0.000014
12464 0.000017
12465 0.000021
12466 0.000020
12467 0.000021
12468 0.000023
12469 0.000023
12470 0.000024
12471 0.000015
12472 0.000021
12473 0.000014
12474 0.000017
12475 0.000021
12476 0.000020
12477 0.000021
12478 0.000023
12479 0.000023
12480 0.000024
12481 0.000015
12482 0.000021
12483 0.000014
12484 0.000017
12485 0.000021
12486 0.000020
12487 0.000021
12488 0.000023
12489 0.000023
12490 0.000024
12491 0.000015
12492 0.000021
12493 0.000014
12494 0.000017
12495 0.000021
12496 0.000020
12497 0.000021
12498 0.000023
12499 0.000023
12500 0.000024
12501 0.000015
12502 0.000021
12503 0.000014
12504 0.000017
12505 0.000021
12506 0.000020
12507 0.000021
12508 0.000023
12509 0.000023
12510 0.000024
12511 0.000015
12512 0.000021
12513 0.000014
12514 0.000017
12515 0.000021
12516 0.000020
12517 0.000021
12518 0.000023
12519 0.000023
12520 0.000024
12521 0.000015
12522 0.000021
12523 0.000014
12524 0.000017
12525 0.000021
12526 0.000020
12527 0.000021
12528 0.000023
12529 0.000023
12530 0.000024
12531 0.000015
12532 0.000021
12533 0.000014
12534 0.000017
12535 0.000021
12536 0.000020
12537 0.000021
12538 0.000023
12539 0.000023
12540 0.000024
12541 0.000015
12542 0.000021
12543 0.000014
12544 0.000017
12545 0.000021
12546 0.000020
12547 0.000021
12548 0.000023
12549 0.000023
12550 0.000024
12551 0.000015
12552 0.000021
12553 0.000014
12554 0.000017
12555 0.000021
12556 0.000020
12557 0.000021
12558 0.000023
12559 0.000023
12560 0.000024
12561 0.000015
12562 0.000021
12563 0.000014
12564 0.000017
12565 0.000021
12566 0.000020
12567 0.000021
12568 0.000023
12569 0.000023
12570 0.000024
12571 0.000015
12572 0.000021
12573 0.000014
12574 0.000017
12575 0.000021
12576 0.000020
12577 0.000021
12578 0.000023
12579 0.000023
12580 0.000024
12581 0.000015
12582 0.000021
12583 0.000014
12584 0.000017
12585 0.000021
12586 0.000020
12587 0.000021
12588 0.000023
12589 0.000023
12590 0.000024
12591 0.000015
12592 0.000021
12593 0.000014
12594 0.000017
12595 0.000021
12596 0.000020
12597 0.000021
12598 0.000023
12599 0.000023
12600 0.000024
12601 0.000015
12602 0.000021
12603 0.000014
12604 0.000017
12605 0.000021
12606 0.000020
12607 0.000021
12608 0.000023
12609 0.000023
12610 0.000024
12611 0.000015
12612 0.000021
12613 0.000014
12614 0.000017
12615 0.000021
12616 0.000020
12617 0.000021
12618 0.000023
12619 0.000023
12620 0.000024
12621 0.000015
12622 0.000021
12623 0.000014
12624 0.000017
12625 0.000021
12626 0.000020
12627 0.000021
12628 0.000023
12629 0.000023
12630 0.000024
12631 0.000015
12632 0.000021
12633 0.000014
12634 0.000017
12635 0.000021
12636 0.000020
12637 0.000021
12638 0.000023
12639 0.000023
12640 0.000024
12641 0.000015
12642 0.000021
12643 0.000014
12644 0.000017
12645 0.000021
12646 0.000020
12647 0.000021
12648 0.000023
12649 0.000023
12650 0.000024
12651 0.000015
12652 0.000021
12653 0.000014
12654 0.000017
12655 0.000021
12656 0.000020
12657 0.000021
12658 0.000023
12659 0.000023
12660 0.000024
12661 0.000015
12662 0.000021
12663 0.000014
12664 0.000017
12665 0.000021
12666 0.000020
12667 0.000021
12668 0.000023
12669 0.000023
12670 0.000024
12671 0.000015
12672 0.000021
12673 0.000014
12674 0.000017
12675 0.000021
12676 0.000020
12677 0.000021
12678 0.000023
12679 0.000023
12680 0.000024
12681 0.000015
12682 0.000021
12683 0.000014
12684 0.000017
12685 0.000021
12686 0.000020
12687 0.000021
12688 0.000023
12689 0.000023
12690 0.000024
12691 0.000015
12692 0.000021
12693 0.000014
12694 0.000017
12695 0.000021
12696 0.000020
12697 0.000021
12698 0.000023
12699 0.000023
12700 0.000024
12701 0.000015
12702 0.000021
12703 0.000014
12704 0.000017
12705 0.000021
12706 0.000020
12707 0.000021
12708 0.000023
12709 0.000023
12710 0.000024
12711 0.000015
12712 0.000021
12713 0.000014
12714 0.000017
12715 0.000021
12716 0.000020
12717 0.000021
12718 0.000023
12719 0.000023
12720 0.000024
12721 0.000015
12722 0.000021
12723 0.000014
12724 0.000017
12725 0.000021
12726 0.000020
12727 0.000021
12728 0.000023
12729 0.000023
12730 0.000024
12731 0.000015
12732 0.000021
12733 0.000014
12734 0.000017
12735 0.000021
12736 0.000020
12737 0.000021
12738 0.000023
12739 0.000023
12740 0.000024
12741 0.000015
12742 0.000021
12743 0.000014
12744 0.000017
12745 0.000021
12746 0.000020
12747 0.000021
12748 0.000023
12749 0.000023
12750 0.000024
12751 0.000015
12752 0.000021
12753 0.000014
12754 0.000017
12755 0.000021
12756 0.000020
12757 0.000021
12758 0.000023
12759 0.000023
12760 0.000024
12761 0.000015
12762 0.000021
12763 0.000014
12764 0.000017
12765 0.000021
12766 0.000020
12767 0.000021
12768 0.000023
12769 0.000023
12770 0.000024
12771 0.000015
12772 0.000021
12773 0.000014
12774 0.000017
12775 0.000021
12776 0.000020
12777 0.000021
12778 0.000023
12779 0.000023
12780 0.000024
12781 0.000015
12782 0.000021
12783 0.000014
12784 0.000017
12785 0.000021
12786 0.000020
12787 0.000021
12788 0.000023
12789 0.000023
12790 0.000024
12791 0.000015
12792 0.000021
12793 0.000014
12794 0.000017
12795 0.000021
12796 0.000020
12797 0.000021
12798 0.000023
12799 0.000023
12800 0.000024
12801 0.000015
12802 0.000021
12803 0.000014
12804 0.000017
12805 0.000021
12806 0.000020
12807 0.000021
12808 0.000023
12809 0.000023
12810 0.000024
12811 0.000015
12812 0.000021
12813 0.000014
12814 0.000017
12815 0.000021
12816 0.000020
12817 0.000021
12818 0.000023
12819 0.000023
12820 0.000024
12821 0.000015
12822 0.000021
12823 0.000014
12824 0.000017
12825 0.000021
12826 0.000020
12827 0.000021
12828 0.000023
12829 0.000023
12830 0.000024
12831 0.000015
12832 0.000021
12833 0.000014
12834 0.000017
12835 0.000021
12836 0.000020
12837 0.000021
12838 0.000023
12839 0.000023
12840 0.000024
12841 0.000015
12842 0.000021
12843 0.000014
12844 0.000017
12845 0.000021
12846 0.000020
12847 0.000021
12848 0.000023
12849 0.000023
12850 0.000024
12851 0.000015
12852 0.000021
12853 0.000014
12854 0.000017
12855 0.000021
12856 0.000020
12857 0.000021
12858 0.000023
12859 0.000023
12860 0.000024
12861 0.000015
12862 0.000021
12863 0.000014
12864 0.000017
12865 0.000021
12866 0.000020
12867 0.000021
12868 0.000023
12869 0.000023
12870 0.000024
12871 0.000015
12872 0.000021
12873 0.000014
12874 0.000017
12875 0.000021
12876 0.000020
12877 0.000021
12878 0.000023
12879 0.000023
12880 0.000024
12881 0.000015
12882 0.000021
12883 0.000014
12884 0.000017
12885 0.000021
12886 0.000020
12887 0.000021
12888 0.000023
12889 0.000023
12890 0.000024
12891 0.000015
12892 0.000021
12893 0.000014
12894 0.000017
12895 0.000021
12896 0.000020
12897 0.000021
12898 0.000023
12899 0.000023
12900 0.000024
12901 0.000015
12902 0.000021
12903 0.000014
12904 0.000017
12905 0.000021
12906 0.000020
12907 0.000021
12908 0.000023
12909 0.000023
12910 0.000024
12911 0.000015
12912 0.000021
12913 0.000014
12914 0.000017
12915 0.000021
12916 0.000020
12917 0.000021
12918 0.000023
12919 0.000023
12920 0.000024
12921 0.000015
12922 0.000021
12923 0.000014
12924 0.000017
12925 0.000021
12926 0.000020
12927 0.000021
12928 0.000023
12929 0.000023
12930 0.000024
12931 0.000015
12932 0.000021
12933 0.000014
12934 0.000017
12935 0.000021
12936 0.000020
12937 0.000021
12938 0.000023
12939 0.000023
12940 0.000024
12941 0.000015
12942 0.000021
12943 0.000014
12944 0.000017
12945 0.000021
12946 0.000020
12947 0.000021
12948 0.000023
12949 0.000023
12950 0.000024
12951 0.000015
12952 0.000021
12953 0.000014
12954 0.000017
12955 0.000021
12956 0.000020
12957 0.000021
12958 0.000023
12959 0.000023
12960 0.000024
12961 0.000015
12962 0.000021
12963 0.000014
12964 0.000017
12965 0.000021
12966 0.000020
12967 0.000021
12968 0.000023
12969 0.000023
12970 0.000024
12971 0.000015
12972 0.000021
12973 0.000014
12974 0.000017
12975 0.000021
12976 0.000020
12977 0.000021
12978 0.000023
12979 0.000023
12980 0.000024
12981 0.000015
12982 0.000021
12983 0.000014
12984 0.000017
12985 0.000021
12986 0.000020
12987 0.000021
12988 0.000023
12989 0.000023
12990 0.000024
12991 0.000015
12992 0.000021
12993 0.000014
12994 0.000017
12995 0.000021
12996 0.000020
12997 0.000021
12998 0.000023
12999 0.000023
13000 0.000024
13001 0.000015
13002 0.000021
13003 0.000014
13004 0.000017
13005 0.000021
13006 0.000020
13007 0.000021
13008 0.000023
13009 0.000023
13010 0.000024
13011 0.000015
13012 0.000021
13013 0.000014
13014 0.000017
13015 0.000021
13016 0.000020
13017 0.000021
13018 0.000023
13019 0.000023
13020 0.000024
13021 0.000015
13022 0.000021
13023 0.000014
13024 0.000017
13025 0.000021
13026 0.000020
13027 0.000021
13028 0.000023
13029 0.000023
13030 0.000024
13031 0.000015
13032 0.000021
13033 0.000014
13034 0.000017
13035 0.000021
13036 0.000020
13037 0.000021
13038 0.000023
13039 0.000023
13040 0.000024
13041 0.000015
13042 0.000021
13043 0.000014
13044 0.000017
13045 0.000021
13046 0.000020
13047 0.000021
13048 0.000023
13049 0.000023
13050 0.000024
13051 0.000015
13052 0.000021
13053 0.000014
13054 0.000017
13055 0.000021
13056 0.000020
13057 0.000021
13058 0.000023
13059 0.000023
13060 0.000024
13061 0.000015
13062 0.000021
13063 0.000014
13064 0.000017
13065 0.000021
13066 0.000020
13067 0.000021
13068 0.000023
13069 0.000023
13070 0.000024
13071 0.000015
13072 0.000021
13073 0.000014
13074 0.000017
13075 0.000021
13076 0.000020
13077 0.000021
13078 0.000023
13079 0.000023
13080 0.000024
13081 0.000015
13082 0.000021
13083 0.000014
13084 0.000017
13085 0.000021
13086 0.000020
13087 0.000021
13088 0.000023
13089 0.000023
13090 0.000024
13091 0.000015
13092 0.000021
13093 0.000014
13094 0.000017
13095 0.000021
13096 0.000020
13097 0.000021
13098 0.000023
13099 0.000023
13100 0.000024
13101 0.000015
13102 0.000021
13103 0.000014
13104 0.000017
13105 0.000021
13106 0.000020
13107 0.000021
13108 0.000023
13109 0.000023
13110 0.000024
13111 0.000015
13112 0.000021
13113 0.000014
13114 0.000017
13115 0.000021
13116 0.000020
13117 0.000021
13118 0.000023
13119 0.000023
13120 0.000024
13121 0.000015
13122 0.000021
13123 0.000014
13124 0.000017
13125 0.000021
13126 0.000020
13127 0.000021
13128 0.000023
13129 0.000023
13130 0.000024
13131 0.000015
13132 0.000021
13133 0.000014
13134 0.000017
13135 0.000021
13136 0.000020
13137 0.000021
13138 0.000023
13139 0.000023
13140 0.000024
13141 0.000015
13142 0.000021
13143 0.000014
13144 0.000017
13145 0.000021
13146 0.000020
13147 0.000021
13148 0.000023
13149 0.000023
13150 0.000024
13151 0.000015
13152 0.000021
13153 0.000014
13154 0.000017
13155 0.000021
13156 0.000020
13157 0.000021
13158 0.000023
13159 0.000023
13160 0.000024
13161 0.000015
13162 0.000021
13163 0.000014
13164 0.000017
13165 0.000021
13166 0.000020
13167 0.000021
13168 0.000023
13169 0.000023
13170 0.000024
13171 0.000015
13172 0.000021
13173 0.000014
13174 0.000017
13175 0.000021
13176 0.000020
13177 0.000021
13178 0.000023
13179 0.000023
13180 0.000024
13181 0.000015
13182 0.000021
13183 0.000014
13184 0.000017
13185 0.000021
13186 0.000020
13187 0.000021
13188 0.000023
13189 0.000023
13190 0.000024
13191 0.000015
13192 0.000021
13193 0.000014
13194 0.000017
13195 0.000021
13196 0.000020
13197 0.000021
13198 0.000023
13199 0.000023
13200 0.000024
13201 0.000015
13202 0.000021
13203 0.000014
13204 0.000017
13205 0.000021
13206 0.000020
13207 0.000021
13208 0.000023
13209 0.000023
13210 0.000024
13211 0.000015
13212 0.000021
13213 0.000014
13214 0.000017
13215 0.000021
13216 0.000020
13217 0.000021
13218 0.000023
13219 0.000023
13220 0.000024
13221 0.000015
13222 0.000021
13223 0.000014
13224 0.000017
13225 0.000021
13226 0.000020
13227 0.000021
13228 0.000023
13229 0.000023
13230 0.000024
13231 0.000015
13232 0.000021
13233 0.000014
13234 0.000017
13235 0.000021
13236 0.000020
13237 0.000021
13238 0.000023
13239 0.000023
13240 0.000024
13241 0.000015
13242 0.000021
13243 0.000014
13244 0.000017
13245 0.000021
13246 0.000020
13247 0.000021
13248 0.000023
13249 0.000023
13250 0.000024
13251 0.000015
13252 0.000021
13253 0.000014
13254 0.000017
13255 0.000021
13256 0.000020
13257 0.000021
13258 0.000023
13259 0.000023
13260 0.000024
13261 0.000015
13262 0.000021
13263 0.000014
13264 0.000017
13265 0.000021
13266 0.000020
13267 0.000021
13268 0.000023
13269 0.000023
13270 0.000024
13271 0.000015
13272 0.000021
13273 0.000014
13274 0.000017
13275 0.000021
13276 0.000020
13277 0.000021
13278 0.000023
13279 0.000023
13280 0.000024
13281 0.000015
13282 0.000021
13283 0.000014
13284 0.000017
13285 0.000021
13286 0.000020
13287 0.000021
13288 0.000023
13289 0.000023
13290 0.000024
13291 0.000015
13292 0.000021
13293 0.000014
13294 0.000017
13295 0.000021
13296 0.000020
13297 0.000021
13298 0.000023
13299 0.000023
13300 0.000024
13301 0.000015
13302 0.000021
13303 0.000014
13304 0.000017
13305 0.000021
13306 0.000020
13307 0.000021
13308 0.000023
13309 0.000023
13310 0.000024
13311 0.000015
13312 0.000021
13313 0.000014
13314 0.000017
13315 0.000021
13316 0.000020
13317 0.000021
13318 0.000023
13319 0.000023
13320 0.000024
13321 0.000015
13322 0.000021
13323 0.000014
13324 0.000017
13325 0.000021
13326 0.000020
13327 0.000021
13328 0.000023
13329 0.000023
13330 0.000024
13331 0.000015
13332 0.000021
13333 0.000014
13334 0.000017
13335 0.000021
13336 0.000020
13337 0.000021
13338 0.000023
13339 0.000023
13340 0.000024
13341 0.000015
13342 0.000021
13343 0.000014
13344 0.000017
13345 0.000021
13346 0.000020
13347 0.000021
13348 0.000023
13349 0.000023
13350 0.000024
13351 0.000015
13352 0.000021
13353 0.000014
13354 0.000017
13355 0.000021
13356 0.000020
13357 0.000021
13358 0.000023
13359 0.000023
13360 0.000024
13361 0.000015
13362 0.000021
13363 0.000014
13364 0.000017
13365 0.000021
13366 0.000020
13367 0.000021
13368 0.000023
13369 0.000023
13370 0.000024
13371 0.000015
13372 0.000021
13373 0.000014
13374 0.000017
13375 0.000021
13376 0.000020
13377 0.000021
13378 0.000023
13379 0.000023
13380 0.000024
13381 0.000015
13382 0.000021
13383 0.000014
13384 0.000017
13385 0.000021
13386 0.000020
13387 0.000021
13388 0.000023
13389 0.000023
13390 0.000024
13391 0.000015
13392 0.000021
13393 0.000014
13394 0.000017
13395 0.000021
13396 0.000020
13397 0.000021
13398 0.000023
13399 0.000023
13400 0.000024
13401 0.000015
13402 0.000021
13403 0.000014
13404 0.000017
13405 0.000021
13406 0.000020
13407 0.000021
13408 0.000023
13409 0.000023
13410 0.000024
13411 0.000015
13412 0.000021
13413 0.000014
13414 0.000017
13415 0.000021
13416 0.000020
13417 0.000021
13418 0.000023
13419 0.000023
13420 0.000024
13421 0.000015
13422 0.000021
13423 0.000014
13424 0.000017
13425 0.000021
13426 0.000020
13427 0.000021
13428 0.000023
13429 0.000023
13430 0.000024
13431 0.000015
13432 0.000021
13433 0.000014
13434 0.000017
13435 0.000021
13436 0.000020
13437 0.000021
13438 0.000023
13439 0.000023
13440 0.000024
13441 0.000015
13442 0.000021
13443 0.000014
13444 0.000017
13445 0.000021
13446 0.000020
13447 0.000021
13448 0.000023
13449 0.000023
13450 0.000024
13451 0.000015
13452 0.000021
13453 0.000014
13454 0.000017
13455 0.000021
13456 0.000020
13457 0.000021
13458 0.000023
13459 0.000023
13460 0.000024
13461 0.000015
13462 0.000021
13463 0.000014
13464 0.000017
13465 0.000021
13466 0.000020
13467 0.000021
13468 0.000023
13469 0.000023
13470 0.000024
13471 0.000015
13472 0.000021
13473 0.000014
13474 0.000017
13475 0.000021
13476 0.000020
13477 0.000021
13478 0.000023
13479 0.000023
13480 0.000024
13481 0.000015
13482 0.000021
13483 0.000014
13484 0.000017
13485 0.000021
13486 0.000020
13487 0.000021
13488 0.000023
13489 0.000023
13490 0.000024
13491 0.000015
13492 0.000021
13493 0.000014
13494 0.000017
13495 0.000021
13496 0.000020
13497 0.000021
13498 0.000023
13499 0.000023
13500 0.000024
13501 0.000015
13502 0.000021
13503 0.000014
13504 0.000017
13505 0.000021
13506 0.000020
13507 0.000021
13508 0.000023
13509 0.000023
13510 0.000024
13511 0.000015
13512 0.000021
13513 0.000014
13514 0.000017
13515 0.000021
13516 0.000020
13517 0.000021
13518 0.000023
13519 0.000023
13520 0.000024
13521 0.000015
13522 0.000021
13523 0.000014
13524 0.000017
13525 0.000021
13526 0.000020
13527 0.000021
13528 0.000023
13529 0.000023
13530 0.000024
13531 0.000015
13532 0.000021
13533 0.000014
13534 0.000017
13535 0.000021
13536 0.000020
13537 0.000021
13538 0.000023
13539 0.000023
13540 0.000024
13541 0.000015
13542 0.000021
13543 0.000014
13544 0.000017
13545 0.000021
13546 0.000020
13547 0.000021
13548 0.000023
13549 0.000023
13550 0.000024
13551 0.000015
13552 0.000021
13553 0.000014
13554 0.000017
13555 0.000021
13556 0.000020
13557 0.000021
13558 0.000023
13559 0.000023
13560 0.000024
13561 0.000015
13562 0.000021
13563 0.000014
13564 0.000017
13565 0.000021
13566 0.000020
13567 0.000021
13568 0.000023
13569 0.000023
13570 0.000024
13571 0.000015
13572 0.000021
13573 0.000014
13574 0.000017
13575 0.000021
13576 0.000020
13577 0.000021
13578 0.000023
13579 0.000023
13580 0.000024
13581 0.000015
13582 0.000021
13583 0.000014
13584 0.000017
13585 0.000021
13586 0.000020
13587 0.000021
13588 0.000023
13589 0.000023
13590 0.000024
13591 0.000015
13592 0.000021
13593 0.000014
13594 0.000017
13595 0.000021
13596 0.000020
13597 0.000021
13598 0.000023
13599 0.000023
13600 0.000024
13601 0.000015
13602 0.000021
13603 0.000014
13604 0.000017
13605 0.000021
13606 0.000020
13607 0.000021
13608 0.000023
13609 0.000023
13610 0.000024
13611 0.000015
13612 0.000021
13613 0.000014
13614 0.000017
13615 0.000021
13616 0.000020
13617 0.000021
13618 0.000023
13619 0.000023
13620 0.000024
13621 0.000015
13622 0.000021
13623 0.000014
13624 0.000017
13625 0.000021
13626 0.000020
13627 0.000021
13628 0.000023
13629 0.000023
13630 0.000024
13631 0.000015
13632 0.000021
13633 0.000014
13634 0.000017
13635 0.000021
13636 0.000020
13637 0.000021
13638 0.000023
13639 0.000023
13640 0.000024
13641 0.000015
13642 0.000021
13643 0.000014
13644 0.000017
13645 0.000021
13646 0.000020
13647 0.000021
13648 0.000023
13649 0.000023
13650 0.000024
13651 0.000015
13652 0.000021
13653 0.000014
13654 0.000017
13655 0.000021
13656 0.000020
13657 0.000021
13658 0.000023
13659 0.000023
13660 0.000024
13661 0.000015
13662 0.000021
13663 0.000014
13664 0.000017
13665 0.000021
13666 0.000020
13667 0.000021
13668 0.000023
13669 0.000023
13670 0.000024
13671 0.000015
13672 0.000021
13673 0.000014
13674 0.000017
13675 0.000021
13676 0.000020
13677 0.000021
13678 0.000023
13679 0.000023
13680 0.000024
13681 0.000015
13682 0.000021
13683 0.000014
13684 0.000017
13685 0.000021
13686 0.000020
13687 0.000021
13688 0.000023
13689 0.000023
13690 0.000024
13691 0.000015
13692 0.000021
13693 0.000014
13694 0.000017
13695 0.000021
13696 0.000020
13697 0.000021
13698 0.000023
13699 0.000023
13700 0.000024
13701 0.000015
13702 0.000021
13703 0.000014
13704 0.000017
13705 0.000021
13706 0.000020
13707 0.000021
13708 0.000023
13709 0.000023
13710 0.000024
13711 0.000015
13712 0.000021
13713 0.000014
13714 0.000017
13715 0.000021
13716 0.000020
13717 0.000021
13718 0.000023
13719 0.000023
13720 0.000024
13721 0.000015
13722 0.000021
13723 0.000014
13724 0.000017
13725 0.000021
13726 0.000020
13727 0.000021
13728 0.000023
13729 0.000023
13730 0.000024
13731 0.000015
13732 0.000021
13733 0.000014
13734 0.000017
13735 0.000021
13736 0.000020
13737 0.000021
13738 0.000023
13739 0.000023
13740 0.000024
13741 0.000015
13742 0.000021
13743 0.000014
13744 0.000017
13745 0.000021
13746 0.000020
13747 0.000021
13748 0.000023
13749 0.000023
13750 0.000024
13751 0.000015
13752 0.000021
13753 0.000014
13754 0.000017
13755 0.000021
13756 0.000020
13757 0.000021
13758 0.000023
13759 0.000023
13760 0.000024
13761 0.000015
13762 0.000021
13763 0.000014
13764 0.000017
13765 0.000021
13766 0.000020
13767 0.000021
13768 0.000023
13769 0.000023
13770 0.000024
13771 0.000015
13772 0.000021
13773 0.000014
13774 0.000017
13775 0.000021
13776 0.000020
13777 0.000021
13778 0.000023
13779 0.000023
13780 0.000024
13781 0.000015
13782 0.000021
13783 0.000014
13784 0.000017
13785 0.000021
13786 0.000020
13787 0.000021
13788 0.000023
13789 0.000023
13790 0.000024
13791 0.000015
13792 0.000021
13793 0.000014
13794 0.000017
13795 0.000021
13796 0.000020
13797 0.000021
13798 0.000023
13799 0.000023
13800 0.000024
13801 0.000015
13802 0.000021
13803 0.000014
13804 0.000017
13805 0.000021
13806 0.000020
13807 0.000021
13808 0.000023
13809 0.000023
13810 0.000024
13811 0.000015
13812 0.000021
13813 0.000014
13814 0.000017
13815 0.000021
13816 0.000020
13817 0.000021
13818 0.000023
13819 0.000023
13820 0.000024
13821 0.000015
13822 0.000021
13823 0.000014
13824 0.000017
13825 0.000021
13826 0.000020
13827 0.000021
13828 0.000023
13829 0.000023
13830 0.000024
13831 0.000015
13832 0.000021
13833 0.000014
13834 0.000017
13835 0.000021
13836 0.000020
13837 0.000021
13838 0.000023
13839 0.000023
13840 0.000024
13841 0.000015
13842 0.000021
13843 0.000014
13844 0.000017
13845 0.000021
13846 0.000020
13847 0.000021
13848 0.000023
13849 0.000023
13850 0.000024
13851 0.000015
13852 0.000021
13853 0.000014
13854 0.000017
13855 0.000021
13856 0.000020
13857 0.000021
13858 0.000023
13859 0.000023
13860 0.000024
13861 0.000015
13862 0.000021
13863 0.000014
13864 0.000017
13865 0.000021
13866 0.000020
13867 0.000021
13868 0.000023
13869 0.000023
13870 0.000024
13871 0.000015
13872 0.000021
13873 0.000014
13874 0.000017
13875 0.000021
13876 0.000020
13877 0.000021
13878 0.000023
13879 0.000023
13880 0.000024
13881 0.000015
13882 0.000021
13883 0.000014
13884 0.000017
13885 0.000021
13886 0.000020
13887 0.000021
13888 0.000023
13889 0.000023
13890 0.000024
13891 0.000015
13892 0.000021
13893 0.000014
13894 0.000017
13895 0.000021
13896 0.000020
13897 0.000021
13898 0.000023
13899 0.000023
13900 0.000024
13901 0.000015
13902 0.000021
13903 0.000014
13904 0.000017
13905 0.000021
13906 0.000020
13907 0.000021
13908 0.000023
13909 0.000023
13910 0.000024
13911 0.000015
13912 0.000021
13913 0.000014
13914 0.000017
13915 0.000021
13916 0.000020
13917 0.000021
13918 0.000023
13919 0.000023
13920 0.000024
13921 0.000015
13922 0.000021
13923 0.000014
13924 0.000017
13925 0.000021
13926 0.000020
13927 0.000021
13928 0.000023
13929 0.000023
13930 0.000024
13931 0.000015
13932 0.000021
13933 0.000014
13934 0.000017
13935 0.000021
13936 0.000020
13937 0.000021
13938 0.000023
13939 0.000023
13940 0.000024
13941 0.000015
13942 0.000021
13943 0.000014
13944 0.000017
13945 0.000021
13946 0.000020
13947 0.000021
13948 0.000023
13949 0.000023
13950 0.000024
13951 0.000015
13952 0.000021
13953 0.000014
13954 0.000017
13955 0.000021
13956 0.000020
13957 0.000021
13958 0.000023
13959 0.000023
13960 0.000024
13961 0.000015
13962 0.000021
13963 0.000014
13964 0.000017
13965 0.000021
13966 0.000020
13967 0.000021
13968 0.000023
13969 0.000023
13970 0.000024
13971 0.000015
13972 0.000021
13973 0.000014
13974 0.000017
13975 0.000021
13976 0.000020
13977 0.000021
13978 0.000023
13979 0.000023
13980 0.000024
13981 0.000015
13982 0.000021
13983 0.000014
13984 0.000017
13985 0.000021
13986 0.000020
13987 0.000021
13988 0.000023
13989 0.000023
13990 0.000024
13991 0.000015
13992 0.000021
13993 0.000014
13994 0.000017
13995 0.000021
13996 0.000020
13997 0.000021
13998 0.000023
13999 0.000023
14000 0.000024
14001 0.000015
14002 0.000021
14003 0.000014
14004 0.000017
14005 0.000021
14006 0.000020
14007 0.000021
14008 0.000023
14009 0.000023
14010 0.000024
14011 0.000015
14012 0.000021
14013 0.000014
14014 0.000017
14015 0.000021
14016 0.000020
14017 0.000021
14018 0.000023
14019 0.000023
14020 0.000024
14021 0.000015
14022 0.000021
14023 0.000014
14024 0.000017
14025 0.000021
14026 0.000020
14027 0.000021
14028 0.000023
14029 0.000023
14030 0.000024
14031 0.000015
14032 0.000021
14033 0.000014
14034 0.000017
14035 0.000021
14036 0.000020
14037 0.000021
14038 0.000023
14039 0.000023
14040 0.000024
14041 0.000015
14042 0.000021
14043 0.000014
14044 0.000017
14045 0.000021
14046 0.000020
14047 0.000021
14048 0.000023
14049 0.000023
14050 0.000024
14051 0.000015
14052 0.000021
14053 0.000014
14054 0.000017
14055 0.000021
14056 0.000020
14057 0.000021
14058 0.000023
14059 0.000023
14060 0.000024
14061 0.000015
14062 0.000021
14063 0.000014
14064 0.000017
14065 0.000021
14066 0.000020
14067 0.000021
14068 0.000023
14069 0.000023
14070 0.000024
14071 0.000015
14072 0.000021
14073 0.000014
14074 0.000017
14075 0.000021
14076 0.000020
14077 0.000021
14078 0.000023
14079 0.000023
14080 0.000024
14081 0.000015
14082 0.000021
14083 0.000014
14084 0.000017
14085 0.000021
14086 0.000020
14087 0.000021
14088 0.000023
14089 0.000023
14090 0.000024
14091 0.000015
14092 0.000021
14093 0.000014
14094 0.000017
14095 0.000021
14096 0.000020
14097 0.000021
14098 0.000023
14099 0.000023
14100 0.000024
14101 0.000015
14102 0.000021
14103 0.000014
14104 0.000017
14105 0.000021
14106 0.000020
14107 0.000021
14108 0.000023
14109 0.000023
14110 0.000024
14111 0.000015
14112 0.000021
14113 0.000014
14114 0.000017
14115 0.000021
14116 0.000020
14117 0.000021
14118 0.000023
14119 0.000023
14120 0.000024
14121 0.000015
14122 0.000021
14123 0.000014
14124 0.000017
14125 0.000021
14126 0.000020
14127 0.000021
14128 0.000023
14129 0.000023
14130 0.000024
14131 0.000015
14132 0.000021
14133 0.000014
14134 0.000017
14135 0.000021
14136 0.000020
14137 0.000021
14138 0.000023
14139 0.000023
14140 0.000024
14141 0.000015
14142 0.000021
14143 0.000014
14144 0.000017
14145 0.000021
14146 0.000020
14147 0.000021
14148 0.000023
14149 0.000023
14150 0.000024
14151 0.000015
14152 0.000021
14153 0.000014
14154 0.000017
14155 0.000021
14156 0.000020
14157 0.000021
14158 0.000023
14159 0.000023
14160 0.000024
14161 0.000015
14162 0.000021
14163 0.000014
14164 0.000017
14165 0.000021
14166 0.000020
14167 0.000021
14168 0.000023
14169 0.000023
14170 0.000024
14171 0.000015
14172 0.000021
14173 0.000014
14174 0.000017
14175 0.000021
14176 0.000020
14177 0.000021
14178 0.000023
14179 0.000023
14180 0.000024
14181 0.000015
14182 0.000021
14183 0.000014
14184 0.000017
14185 0.000021
14186 0.000020
14187 0.000021
14188 0.000023
14189 0.000023
14190 0.000024
14191 0.000015
14192 0.000021
14193 0.000014
14194 0.000017
14195 0.000021
14196 0.000020
14197 0.000021
14198 0.000023
14199 0.000023
14200 0.000024
14201 0.000015
14202 0.000021
14203 0.000014
14204 0.000017
14205 0.000021
14206 0.000020
14207 0.000021
14208 0.000023
14209 0.000023
14210 0.000024
14211 0.000015
14212 0.000021
14213 0.000014
14214 0.000017
14215 0.000021
14216 0.000020
14217 0.000021
14218 0.000023
14219 0.000023
14220 0.000024
14221 0.000015
14222 0.000021
14223 0.000014
14224 0.000017
14225 0.000021
14226 0.000020
14227 0.000021
14228 0.000023
14229 0.000023
14230 0.000024
14231 0.000015
14232 0.000021
14233 0.000014
14234 0.000017
14235 0.000021
14236 0.000020
14237 0.000021
14238 0.000023
14239 0.000023
14240 0.000024
14241 0.000015
14242 0.000021
14243 0.000014
14244 0.000017
14245 0.000021
14246 0.000020
14247 0.000021
14248 0.000023
14249 0.000023
14250 0.000024
14251 0.000015
14252 0.000021
14253 0.000014
14254 0.000017
14255 0.000021
14256 0.000020
14257 0.000021
14258 0.000023
14259 0.000023
14260 0.000024
14261 0.000015
14262 0.000021
14263 0.000014
14264 0.000017
14265 0.000021
14266 0.000020
14267 0.000021
14268 0.000023
14269 0.000023
14270 0.000024
14271 0.000015
14272 0.000021
14273 0.000014
14274 0.000017
14275 0.000021
14276 0.000020
14277 0.000021
14278 0.000023
14279 0.000023
14280 0.000024
14281 0.000015
14282 0.000021
14283 0.000014
14284 0.000017
14285 0.000021
14286 0.000020
14287 0.000021
14288 0.000023
14289 0.000023
14290 0.000024
14291 0.000015
14292 0.000021
14293 0.000014
14294 0.000017
14295 0.000021
14296 0.000020
14297 0.000021
14298 0.000023
14299 0.000023
14300 0.000024
14301 0.000015
14302 0.000021
14303 0.000014
14304 0.000017
14305 0.000021
14306 0.000020
14307 0.000021
14308 0.000023
14309 0.000023
14310 0.000024
14311 0.000015
14312 0.000021
14313 0.000014
14314 0.000017
14315 0.000021
14316 0.000020
14317 0.000021
14318 0.000023
14319 0.000023
14320 0.000024
14321 0.000015
14322 0.000021
14323 0.000014
14324 0.000017
14325 0.000021
14326 0.000020
14327 0.000021
14328 0.000023
14329 0.000023
14330 0.000024
14331 0.000015
14332 0.000021
14333 0.000014
14334 0.000017
14335 0.000021
14336 0.000020
14337 0.000021
14338 0.000023
14339 0.000023
14340 0.000024
14341 0.000015
14342 0.000021
14343 0.000014
14344 0.000017
14345 0.000021
14346 0.000020
14347 0.000021
14348 0.000023
14349 0.000023
14350 0.000024
14351 0.000015
14352 0.000021
14353 0.000014
14354 0.000017
14355 0.000021
14356 0.000020
14357 0.000021
14358 0.000023
14359 0.000023
14360 0.000024
14361 0.000015
14362 0.000021
14363 0.000014
14364 0.000017
14365 0.000021
14366 0.000020
14367 0.000021
14368 0.000023
14369 0.000023
14370 0.000024
14371 0.000015
14372 0.000021
14373 0.000014
14374 0.000017
14375 0.000021
14376 0.000020
14377 0.000021
14378 0.000023
14379 0.000023
14380 0.000024
14381 0.000015
14382 0.000021
14383 0.000014
14384 0.000017
14385 0.000021
14386 0.000020
14387 0.000021
14388 0.000023
14389 0.000023
14390 0.000024
14391 0.000015
14392 0.000021
14393 0.000014
14394 0.000017
14395 0.000021
14396 0.000020
14397 0.000021
14398 0.000023
14399 0.000023
14400 0.000024
14401 0.000015
14402 0.000021
14403 0.000014
14404 0.000017
14405 0.000021
14406 0.000020
14407 0.000021
14408 0.000023
14409 0.000023
14410 0.000024
14411 0.000015
14412 0.000021
14413 0.000014
14414 0.000017
14415 0.000021
14416 0.000020
14417 0.000021
14418 0.000023
14419 0.000023
14420 0.000024
14421 0.000015
14422 0.000021
14423 0.000014
14424 0.000017
14425 0.000021
14426 0.000020
14427 0.000021
14428 0.000023
14429 0.000023
14430 0.000024
14431 0.000015
14432 0.000021
14433 0.000014
14434 0.000017
14435 0.000021
14436 0.000020
14437 0.000021
14438 0.000023
14439 0.000023
14440 0.000024
14441 0.000015
14442 0.000021
14443 0.000014
14444 0.000017
14445 0.000021
14446 0.000020
14447 0.000021
14448 0.000023
14449 0.000023
14450 0.000024
14451 0.000015
14452 0.000021
14453 0.000014
14454 0.000017
14455 0.000021
14456 0.000020
14457 0.000021
14458 0.000023
14459 0.000023
14460 0.000024
14461 0.000015
14462 0.000021
14463 0.000014
14464 0.000017
14465 0.000021
14466 0.000020
14467 0.000021
14468 0.000023
14469 0.000023
14470 0.000024
14471 0.000015
14472 0.000021
14473 0.000014
14474 0.000017
14475 0.000021
14476 0.000020
14477 0.000021
14478 0.000023
14479 0.000023
14480 0.000024
14481 0.000015
14482 0.000021
14483 0.000014
14484 0.000017
14485 0.000021
14486 0.000020
14487 0.000021
14488 0.000023
14489 0.000023
14490 0.000024
14491 0.000015
14492 0.000021
14493 0.000014
14494 0.000017
14495 0.000021
14496 0.000020
14497 0.000021
14498 0.000023
14499 0.000023
14500 0.000024
14501 0.000015
14502 0.000021
14503 0.000014
14504 0.000017
14505 0.000021
14506 0.000020
14507 0.000021
14508 0.000023
14509 0.000023
14510 0.000024
14511 0.000015
14512 0.000021
14513 0.000014
14514 0.000017
14515 0.000021
14516 0.000020
14517 0.000021
14518 0.000023
14519 0.000023
14520 0.000024
14521 0.000015
14522 0.000021
14523 0.000014
14524 0.000017
14525 0.000021
14526 0.000020
14527 0.000021
14528 0.000023
14529 0.000023
14530 0.000024
14531 0.000015
14532 0.000021
14533 0.000014
14534 0.000017
14535 0.000021
14536 0.000020
14537 0.000021
14538 0.000023
14539 0.000023
14540 0.000024
14541 0.000015
14542 0.000021
14543 0.000014
14544 0.000017
14545 0.000021
14546 0.000020
14547 0.000021
14548 0.000023
14549 0.000023
14550 0.000024
14551 0.000015
14552 0.000021
14553 0.000014
14554 0.000017
14555 0.000021
14556 0.000020
14557 0.000021
14558 0.000023
14559 0.000023
14560 0.000024
14561 0.000015
14562 0.000021
14563 0.000014
14564 0.000017
14565 0.000021
14566 0.000020
14567 0.000021
14568 0.000023
14569 0.000023
14570 0.000024
14571 0.000015
14572 0.000021
14573 0.000014
14574 0.000017
14575 0.000021
14576 0.000020
14577 0.000021
14578 0.000023
14579 0.000023
14580 0.000024
14581 0.000015
14582 0.000021
14583 0.000014
14584 0.000017
14585 0.000021
14586 0.000020
14587 0.000021
14588 0.000023
14589 0.000023
14590 0.000024
14591 0.000015
14592 0.000021
14593 0.000014
14594 0.000017
14595 0.000021
14596 0.000020
14597 0.000021
14598 0.000023
14599 0.000023
14600 0.000024
14601 0.000015
14602 0.000021
14603 0.000014
14604 0.000017
14605 0.000021
14606 0.000020
14607 0.000021
14608 0.000023
14609 0.000023
14610 0.000024
14611 0.000015
14612 0.000021
14613 0.000014
14614 0.000017
14615 0.000021
14616 0.000020
14617 0.000021
14618 0.000023
14619 0.000023
14620 0.000024
14621 0.000015
14622 0.000021
14623 0.000014
14624 0.000017
14625 0.000021
14626 0.000020
14627 0.000021
14628 0.000023
14629 0.000023
14630 0.000024
14631 0.000015
14632 0.000021
14633 0.000014
14634 0.000017
14635 0.000021
14636 0.000020
14637 0.000021
14638 0.000023
14639 0.000023
14640 0.000024
14641 0.000015
14642 0.000021
14643 0.000014
14644 0.000017
14645 0.000021
14646 0.000020
14647 0.000021
14648 0.000023
14649 0.000023
14650 0.000024
14651 0.000015
14652 0.000021
14653 0.000014
14654 0.000017
14655 0.000021
14656 0.000020
14657 0.000021
14658 0.000023
14659 0.000023
14660 0.000024
14661 0.000015
14662 0.000021
14663 0.000014
14664 0.000017
14665 0.000021
14666 0.000020
14667 0.000021
14668 0.000023
14669 0.000023
14670 0.000024
14671 0.000015
14672 0.000021
14673 0.000014
14674 0.000017
14675 0.000021
14676 0.000020
14677 0.000021
14678 0.000023
14679 0.000023
14680 0.000024
14681 0.000015
14682 0.000021
14683 0.000014
14684 0.000017
14685 0.000021
14686 0.000020
14687 0.000021
14688 0.000023
14689 0.000023
14690 0.000024
14691 0.000015
14692 0.000021
14693 0.000014
14694 0.000017
14695 0.000021
14696 0.000020
14697 0.000021
14698 0.000023
14699 0.000023
14700 0.000024
14701 0.000015
14702 0.000021
14703 0.000014
14704 0.000017
14705 0.000021
14706 0.000020
14707 0.000021
14708 0.000023
14709 0.000023
14710 0.000024
14711 0.000015
14712 0.000021
14713 0.000014
14714 0.000017
14715 0.000021
14716 0.000020
14717 0.000021
14718 0.000023
14719 0.000023
14720 0.000024
14721 0.000015
14722 0.000021
14723 0.000014
14724 0.000017
14725 0.000021
14726 0.000020
14727 0.000021
14728 0.000023
14729 0.000023
14730 0.000024
14731 0.000015
14732 0.000021
14733 0.000014
14734 0.000017
14735 0.000021
14736 0.000020
14737 0.000021
14738 0.000023
14739 0.000023
14740 0.000024
14741 0.000015
14742 0.000021
14743 0.000014
14744 0.000017
14745 0.000021
14746 0.000020
14747 0.000021
14748 0.000023
14749 0.000023
14750 0.000024
14751 0.000015
14752 0.000021
14753 0.000014
14754 0.000017
14755 0.000021
14756 0.000020
14757 0.000021
14758 0.000023
14759 0.000023
14760 0.000024
14761 0.000015
14762 0.000021
14763 0.000014
14764 0.000017
14765 0.000021
14766 0.000020
14767 0.000021
14768 0.000023
14769 0.000023
14770 0.000024
14771 0.000015
14772 0.000021
14773 0.000014
14774 0.000017
14775 0.000021
14776 0.000020
14777 0.000021
14778 0.000023
14779 0.000023
14780 0.000024
14781 0.000015
14782 0.000021
14783 0.000014
14784 0.000017
14785 0.000021
14786 0.000020
14787 0.000021
14788 0.000023
14789 0.000023
14790 0.000024
14791 0.000015
14792 0.000021
14793 0.000014
14794 0.000017
14795 0.000021
14796 0.000020
14797 0.000021
14798 0.000023
14799 0.000023
14800 0.000024
14801 0.000015
14802 0.000021
14803 0.000014
14804 0.000017
14805 0.000021
14806 0.000020
14807 0.000021
14808 0.000023
14809 0.000023
14810 0.000024
14811 0.000015
14812 0.000021
14813 0.000014
14814 0.000017
14815 0.000021
14816 0.000020
14817 0.000021
14818 0.000023
14819 0.000023
14820 0.000024
14821 0.000015
14822 0.000021
14823 0.000014
14824 0.000017
14825 0.000021
14826 0.000020
14827 0.000021
14828 0.000023
14829 0.000023
14830 0.000024
14831 0.000015
14832 0.000021
14833 0.000014
14834 0.000017
14835 0.000021
14836 0.000020
14837 0.000021
14838 0.000023
14839 0.000023
14840 0.000024
14841 0.000015
14842 0.000021
14843 0.000014
14844 0.000017
14845 0.000021
14846 0.000020
14847 0.000021
14848 0.000023
14849 0.000023
14850 0.000024
14851 0.000015
14852 0.000021
14853 0.000014
14854 0.000017
14855 0.000021
14856 0.000020
14857 0.000021
14858 0.000023
14859 0.000023
14860 0.000024
14861 0.000015
14862 0.000021
14863 0.000014
14864 0.000017
14865 0.000021
14866 0.000020
14867 0.000021
14868 0.000023
14869 0.000023
14870 0.000024
14871 0.000015
14872 0.000021
14873 0.000014
14874 0.000017
14875 0.000021
14876 0.000020
14877 0.000021
14878 0.000023
14879 0.000023
14880 0.000024
14881 0.000015
14882 0.000021
14883 0.000014
14884 0.000017
14885 0.000021
14886 0.000020
14887 0.000021
14888 0.000023
14889 0.000023
14890 0.000024
14891 0.000015
14892 0.000021
14893 0.000014
14894 0.000017
14895 0.000021
14896 0.000020
14897 0.000021
14898 0.000023
14899 0.000023
14900 0.000024
14901 0.000015
14902 0.000021
14903 0.000014
14904 0.000017
14905 0.000021
14906 0.000020
14907 0.000021
14908 0.000023
14909 0.000023
14910 0.000024
14911 0.000015
14912 0.000021
14913 0.000014
14914 0.000017
14915 0.000021
14916 0.000020
14917 0.000021
14918 0.000023
14919 0.000023
14920 0.000024
14921 0.000015
14922 0.000021
14923 0.000014
14924 0.000017
14925 0.000021
14926 0.000020
14927 0.000021
14928 0.000023
14929 0.000023
14930 0.000024
14931 0.000015
14932 0.000021
14933 0.000014
14934 0.000017
14935 0.000021
14936 0.000020
14937 0.000021
14938 0.000023
14939 0.000023
14940 0.000024
14941 0.000015
14942 0.000021
14943 0.000014
14944 0.000017
14945 0.000021
14946 0.000020
14947 0.000021
14948 0.000023
14949 0.000023
14950 0.000024
14951 0.000015
14952 0.000021
14953 0.000014
14954 0.000017
14955 0.000021
14956 0.000020
14957 0.000021
14958 0.000023
14959 0.000023
14960 0.000024
14961 0.000015
14962 0.000021
14963 0.000014
14964 0.000017
14965 0.000021
14966 0.000020
14967 0.000021
14968 0.000023
14969 0.000023
14970 0.000024
14971 0.000015
14972 0.000021
14973 0.000014
14974 0.000017
14975 0.000021
14976 0.000020
14977 0.000021
14978 0.000023
14979 0.000023
14980 0.000024
14981 0.000015
14982 0.000021
14983 0.000014
14984 0.000017
14985 0.000021
14986 0.000020
14987 0.000021
14988 0.000023
14989 0.000023
14990 0.000024
14991 0.000015
14992 0.000021
14993 0.000014
14994 0.000017
14995 0.000021
14996 0.000020
14997 0.000021
14998 0.000023
14999 0.000023
15000 0.000024
15001 0.000015
15002 0.000021
15003 0.000014
15004 0.000017
15005 0.000021
15006 0.000020
15007 0.000021
15008 0.000023
15009 0.000023
15010 0.000024
15011 0.000015
15012 0.000021
15013 0.000014
15014 0.000017
15015 0.000021
15016 0.000020
15017 0.000021
15018 0.000023
15019 0.000023
15020 0.000024
15021 0.000015
15022 0.000021
15023 0.000014
15024 0.000017
15025 0.000021
15026 0.000020
15027 0.000021
15028 0.000023
15029 0.000023
15030 0.000024
15031 0.000015
15032 0.000021
15033 0.000014
15034 0.000017
15035 0.000021
15036 0.000020
15037 0.000021
15038 0.000023
15039 0.000023
15040 0.000024
15041 0.000015
15042 0.000021
15043 0.000014
15044 0.000017
15045 0.000021
15046 0.000020
15047 0.000021
15048 0.000023
15049 0.000023
15050 0.000024
15051 0.000015
15052 0.000021
15053 0.000014
15054 0.000017
15055 0.000021
15056 0.000020
15057 0.000021
15058 0.000023
15059 0.000023
15060 0.000024
15061 0.000015
15062 0.000021
15063 0.000014
15064 0.000017
15065 0.000021
15066 0.000020
15067 0.000021
15068 0.000023
15069 0.000023
15070 0.000024
15071 0.000015
15072 0.000021
15073 0.000014
15074 0.000017
15075 0.000021
15076 0.000020
15077 0.000021
15078 0.000023
15079 0.000023
15080 0.000024
15081 0.000015
15082 0.000021
15083 0.000014
15084 0.000017
15085 0.000021
15086 0.000020
15087 0.000021
15088 0.000023
15089 0.000023
15090 0.000024
15091 0.000015
15092 0.000021
15093 0.000014
15094 0.000017
15095 0.000021
15096 0.000020
15097 0.000021
15098 0.000023
15099 0.000023
15100 0.000024
15101 0.000015
15102 0.000021
15103 0.000014
15104 0.000017
15105 0.000021
15106 0.000020
15107 0.000021
15108 0.000023
15109 0.000023
15110 0.000024
15111 0.000015
15112 0.000021
15113 0.000014
15114 0.000017
15115 0.000021
15116 0.000020
15117 0.000021
15118 0.000023
15119 0.000023
15120 0.000024
15121 0.000015
15122 0.000021
15123 0.000014
15124 0.000017
15125 0.000021
15126 0.000020
15127 0.000021
15128 0.000023
15129 0.000023
15130 0.000024
15131 0.000015
15132 0.000021
15133 0.000014
15134 0.000017
15135 0.000021
15136 0.000020
15137 0.000021
15138 0.000023
15139 0.000023
15140 0.000024
15141 0.000015
15142 0.000021
15143 0.000014
15144 0.000017
15145 0.000021
15146 0.000020
15147 0.000021
15148 0.000023
15149 0.000023
15150 0.000024
15151 0.000015
15152 0.000021
15153 0.000014
15154 0.000017
15155 0.000021
15156 0.000020
15157 0.000021
15158 0.000023
15159 0.000023
15160 0.000024
15161 0.000015
15162 0.000021
15163 0.000014
15164 0.000017
15165 0.000021
15166 0.000020
15167 0.000021
15168 0.000023
15169 0.000023
15170 0.000024
15171 0.000015
15172 0.000021
15173 0.000014
15174 0.000017
15175 0.000021
15176 0.000020
15177 0.000021
15178 0.000023
15179 0.000023
15180 0.000024
15181 0.000015
15182 0.000021
15183 0.000014
15184 0.000017
15185 0.000021
15186 0.000020
15187 0.000021
15188 0.000023
15189 0.000023
15190 0.000024
15191 0.000015
15192 0.000021
15193 0.000014
15194 0.000017
15195 0.000021
15196 0.000020
15197 0.000021
15198 0.000023
15199 0.000023
15200 0.000024
15201 0.000015
15202 0.000021
15203 0.000014
15204 0.000017
15205 0.000021
15206 0.000020
15207 0.000021
15208 0.000023
15209 0.000023
15210 0.000024
15211 0.000015
15212 0.000021
15213 0.000014
15214 0.000017
15215 0.000021
15216 0.000020
15217 0.000021
15218 0.000023
15219 0.000023
15220 0.000024
15221 0.000015
15222 0.000021
15223 0.000014
15224 0.000017
15225 0.000021
15226 0.000020
15227 0.000021
15228 0.000023
15229 0.000023
15230 0.000024
15231 0.000015
15232 0.000021
15233 0.000014
15234 0.000017
15235 0.000021
15236 0.000020
15237 0.000021
15238 0.000023
15239 0.000023
15240 0.000024
15241 0.000015
15242 0.000021
15243 0.000014
15244 0.000017
15245 0.000021
15246 0.000020
15247 0.000021
15248 0.000023
15249 0.000023
15250 0.000024
15251 0.000015
15252 0.000021
15253 0.000014
15254 0.000017
15255 0.000021
15256 0.000020
15257 0.000021
15258 0.000023
15259 0.000023
15260 0.000024
15261 0.000015
15262 0.000021
15263 0.000014
15264 0.000017
15265 0.000021
15266 0.000020
15267 0.000021
15268 0.000023
15269 0.000023
15270 0.000024
15271 0.000015
15272 0.000021
15273 0.000014
15274 0.000017
15275 0.000021
15276 0.000020
15277 0.000021
15278 0.000023
15279 0.000023
15280 0.000024
15281 0.000015
15282 0.000021
15283 0.000014
15284 0.000017
15285 0.000021
15286 0.000020
15287 0.000021
15288 0.000023
15289 0.000023
15290 0.000024
15291 0.000015
15292 0.000021
15293 0.000014
15294 0.000017
15295 0.000021
15296 0.000020
15297 0.000021
15298 0.000023
15299 0.000023
15300 0.000024
15301 0.000015
15302 0.000021
15303 0.000014
15304 0.000017
15305 0.000021
15306 0.000020
15307 0.000021
15308 0.000023
15309 0.000023
15310 0.000024
15311 0.000015
15312 0.000021
15313 0.000014
15314 0.000017
15315 0.000021
15316 0.000020
15317 0.000021
15318 0.000023
15319 0.000023
15320 0.000024
15321 0.000015
15322 0.000021
15323 0.000014
15324 0.000017
15325 0.000021
15326 0.000020
15327 0.000021
15328 0.000023
15329 0.000023
15330 0.000024
15331 0.000015
15332 0.000021
15333 0.000014
15334 0.000017
15335 0.000021
15336 0.000020
15337 0.000021
15338 0.000023
15339 0.000023
15340 0.000024
15341 0.000015
15342 0.000021
15343 0.000014
15344 0.000017
15345 0.000021
15346 0.000020
15347 0.000021
15348 0.000023
15349 0.000023
15350 0.000024
15351 0.000015
15352 0.000021
15353 0.000014
15354 0.000017
15355 0.000021
15356 0.000020
15357 0.000021
15358 0.000023
15359 0.000023
15360 0.000024
15361 0.000015
15362 0.000021
15363 0.000014
15364 0.000017
15365 0.000021
15366 0.000020
15367 0.000021
15368 0.000023
15369 0.000023
15370 0.000024
15371 0.000015
15372 0.000021
15373 0.000014
15374 0.000017
15375 0.000021
15376 0.000020
15377 0.000021
15378 0.000023
15379 0.000023
15380 0.000024
15381 0.000015
15382 0.000021
15383 0.000014
15384 0.000017
15385 0.000021
15386 0.000020
15387 0.000021
15388 0.000023
15389 0.000023
15390 0.000024
15391 0.000015
15392 0.000021
15393 0.000014
15394 0.000017
15395 0.000021
15396 0.000020
15397 0.000021
15398 0.000023
15399 0.000023
15400 0.000024
15401 0.000015
15402 0.000021
15403 0.000014
15404 0.000017
15405 0.000021
15406 0.000020
15407 0.000021
15408 0.000023
15409 0.000023
15410 0.000024
15411 0.000015
15412 0.000021
15413 0.000014
15414 0.000017
15415 0.000021
15416 0.000020
15417 0.000021
15418 0.000023
15419 0.000023
15420 0.000024
15421 0.000015
15422 0.000021
15423 0.000014
15424 0.000017
15425 0.000021
15426 0.000020
15427 0.000021
15428 0.000023
15429 0.000023
15430 0.000024
15431 0.000015
15432 0.000021
15433 0.000014
15434 0.000017
15435 0.000021
15436 0.000020
15437 0.000021
15438 0.000023
15439 0.000023
15440 0.000024
15441 0.000015
15442 0.000021
15443 0.000014
15444 0.000017
15445 0.000021
15446 0.000020
15447 0.000021
15448 0.000023
15449 0.000023
15450 0.000024
15451 0.000015
15452 0.000021
15453 0.000014
15454 0.000017
15455 0.000021
15456 0.000020
15457 0.000021
15458 0.000023
15459 0.000023
15460 0.000024
15461 0.000015
15462 0.000021
15463 0.000014
15464 0.000017
15465 0.000021
15466 0.000020
15467 0.000021
15468 0.000023
15469 0.000023
15470 0.000024
15471 0.000015
15472 0.000021
15473 0.000014
15474 0.000017
15475 0.000021
15476 0.000020
15477 0.000021
15478 0.000023
15479 0.000023
15480 0.000024
15481 0.000015
15482 0.000021
15483 0.000014
15484 0.000017
15485 0.000021
15486 0.000020
15487 0.000021
15488 0.000023
15489 0.000023
15490 0.000024
15491 0.000015
15492 0.000021
15493 0.000014
15494 0.000017
15495 0.000021
15496 0.000020
15497 0.000021
15498 0.000023
15499 0.000023
15500 0.000024
15501 0.000015
15502 0.000021
15503 0.000014
15504 0.000017
15505 0.000021
15506 0.000020
15507 0.000021
15508 0.000023
15509 0.000023
15510 0.000024
15511 0.000015
15512 0.000021
15513 0.000014
15514 0.000017
15515 0.000021
15516 0.000020
15517 0.000021
15518 0.000023
15519 0.000023
15520 0.000024
15521 0.000015
15522 0.000021
15523 0.000014
15524 0.000017
15525 0.000021
15526 0.000020
15527 0.000021
15528 0.000023
15529 0.000023
15530 0.000024
15531 0.000015
15532 0.000021
15533 0.000014
15534 0.000017
15535 0.000021
15536 0.000020
15537 0.000021
15538 0.000023
15539 0.000023
15540 0.000024
15541 0.000015
15542 0.000021
15543 0.000014
15544 0.000017
15545 0.000021
15546 0.000020
15547 0.000021
15548 0.000023
15549 0.000023
15550 0.000024
15551 0.000015
15552 0.000021
15553 0.000014
15554 0.000017
15555 0.000021
15556 0.000020
15557 0.000021
15558 0.000023
15559 0.000023
15560 0.000024
15561 0.000015
15562 0.000021
15563 0.000014
15564 0.000017
15565 0.000021
15566 0.000020
15567 0.000021
15568 0.000023
15569 0.000023
15570 0.000024
15571 0.000015
15572 0.000021
15573 0.000014
15574 0.000017
15575 0.000021
15576 0.000020
15577 0.000021
15578 0.000023
15579 0.000023
15580 0.000024
15581 0.000015
15582 0.000021
15583 0.000014
15584 0.000017
15585 0.000021
15586 0.000020
15587 0.000021
15588 0.000023
15589 0.000023
15590 0.000024
15591 0.000015
15592 0.000021
15593 0.000014
15594 0.000017
15595 0.000021
15596 0.000020
15597 0.000021
15598 0.000023
15599 0.000023
15600 0.000024
15601 0.000015
15602 0.000021
15603 0.000014
15604 0.000017
15605 0.000021
15606 0.000020
15607 0.000021
15608 0.000023
15609 0.000023
15610 0.000024
15611 0.000015
15612 0.000021
15613 0.000014
15614 0.000017
15615 0.000021
15616 0.000020
15617 0.000021
15618 0.000023
15619 0.000023
15620 0.000024
15621 0.000015
15622 0.000021
15623 0.000014
15624 0.000017
15625 0.000021
15626 0.000020
15627 0.000021
15628 0.000023
15629 0.000023
15630 0.000024
15631 0.000015
15632 0.000021
15633 0.000014
15634 0.000017
15635 0.000021
15636 0.000020
15637 0.000021
15638 0.000023
15639 0.000023
15640 0.000024
15641 0.000015
15642 0.000021
15643 0.000014
15644 0.000017
15645 0.000021
15646 0.000020
15647 0.000021
15648 0.000023
15649 0.000023
15650 0.000024
15651 0.000015
15652 0.000021
15653 0.000014
15654 0.000017
15655 0.000021
15656 0.000020
15657 0.000021
15658 0.000023
15659 0.000023
15660 0.000024
15661 0.000015
15662 0.000021
15663 0.000014
15664 0.000017
15665 0.000021
15666 0.000020
15667 0.000021
15668 0.000023
15669 0.000023
15670 0.000024
15671 0.000015
15672 0.000021
15673 0.000014
15674 0.000017
15675 0.000021
15676 0.000020
15677 0.000021
15678 0.000023
15679 0.000023
15680 0.000024
15681 0.000015
15682 0.000021
15683 0.000014
15684 0.000017
15685 0.000021
15686 0.000020
15687 0.000021
15688 0.000023
15689 0.000023
15690 0.000024
15691 0.000015
15692 0.000021
15693 0.000014
15694 0.000017
15695 0.000021
15696 0.000020
15697 0.000021
15698 0.000023
15699 0.000023
15700 0.000024
15701 0.000015
15702 0.000021
15703 0.000014
15704 0.000017
15705 0.000021
15706 0.000020
15707 0.000021
15708 0.000023
15709 0.000023
15710 0.000024
15711 0.000015
15712 0.000021
15713 0.000014
15714 0.000017
15715 0.000021
15716 0.000020
15717 0.000021
15718 0.000023
15719 0.000023
15720 0.000024
15721 0.000015
15722 0.000021
15723 0.000014
15724 0.000017
15725 0.000021
15726 0.000020
15727 0.000021
15728 0.000023
15729 0.000023
15730 0.000024
15731 0.000015
15732 0.000021
15733 0.000014
15734 0.000017
15735 0.000021
15736 0.000020
15737 0.000021
15738 0.000023
15739 0.000023
15740 0.000024
15741 0.000015
15742 0.000021
15743 0.000014
15744 0.000017
15745 0.000021
15746 0.000020
15747 0.000021
15748 0.000023
15749 0.000023
15750 0.000024
15751 0.000015
15752 0.000021
15753 0.000014
15754 0.000017
15755 0.000021
15756 0.000020
15757 0.000021
15758 0.000023
15759 0.000023
15760 0.000024
15761 0.000015
15762 0.000021
15763 0.000014
15764 0.000017
15765 0.000021
15766 0.000020
15767 0.000021
15768 0.000023
15769 0.000023
15770 0.000024
15771 0.000015
15772 0.000021
15773 0.000014
15774 0.000017
15775 0.000021
15776 0.000020
15777 0.000021
15778 0.000023
15779 0.000023
15780 0.000024
15781 0.000015
15782 0.000021
15783 0.000014
15784 0.000017
15785 0.000021
15786 0.000020
15787 0.000021
15788 0.000023
15789 0.000023
15790 0.000024
15791 0.000015
15792 0.000021
15793 0.000014
15794 0.000017
15795 0.000021
15796 0.000020
15797 0.000021
15798 0.000023
15799 0.000023
15800 0.000024
15801 0.000015
15802 0.000021
15803 0.000014
15804 0.000017
15805 0.000021
15806 0.000020
15807 0.000021
15808 0.000023
15809 0.000023
15810 0.000024
15811 0.000015
15812 0.000021
15813 0.000014
15814 0.000017
15815 0.000021
15816 0.000020
15817 0.000021
15818 0.000023
15819 0.000023
15820 0.000024
15821 0.000015
15822 0.000021
15823 0.000014
15824 0.000017
15825 0.000021
15826 0.000020
15827 0.000021
15828 0.000023
15829 0.000023
15830 0.000024
15831 0.000015
15832 0.000021
15833 0.000014
15834 0.000017
15835 0.000021
15836 0.000020
15837 0.000021
15838 0.000023
15839 0.000023
15840 0.000024
15841 0.000015
15842 0.000021
15843 0.000014
15844 0.000017
15845 0.000021
15846 0.000020
15847 0.000021
15848 0.000023
15849 0.000023
15850 0.000024
15851 0.000015
15852 0.000021
15853 0.000014
15854 0.000017
15855 0.000021
15856 0.000020
15857 0.000021
15858 0.000023
15859 0.000023
15860 0.000024
15861 0.000015
15862 0.000021
15863 0.000014
15864 0.000017
15865 0.000021
15866 0.000020
15867 0.000021
15868 0.000023
15869 0.000023
15870 0.000024
15871 0.000015
15872 0.000021
15873 0.000014
15874 0.000017
15875 0.000021
15876 0.000020
15877 0.000021
15878 0.000023
15879 0.000023
15880 0.000024
15881 0.000015
15882 0.000021
15883 0.000014
15884 0.000017
15885 0.000021
15886 0.000020
15887 0.000021
15888 0.000023
15889 0.000023
15890 0.000024
15891 0.000015
15892 0.000021
15893 0.000014
15894 0.000017
15895 0.000021
15896 0.000020
15897 0.000021
15898 0.000023
15899 0.000023
15900 0.000024
15901 0.000015
15902 0.000021
15903 0.000014
15904 0.000017
15905 0.000021
15906 0.000020
15907 0.000021
15908 0.000023
15909 0.000023
15910 0.000024
15911 0.000015
15912 0.000021
15913 0.000014
15914 0.000017
15915 0.000021
15916 0.000020
15917 0.000021
15918 0.000023
15919 0.000023
15920 0.000024
15921 0.000015
15922 0.000021
15923 0.000014
15924 0.000017
15925 0.000021
15926 0.000020
15927 0.000021
15928 0.000023
15929 0.000023
15930 0.000024
15931 0.000015
15932 0.000021
15933 0.000014
15934 0.000017
15935 0.000021
15936 0.000020
15937 0.000021
15938 0.000023
15939 0.000023
15940 0.000024
15941 0.000015
15942 0.000021
15943 0.000014
15944 0.000017
15945 0.000021
15946 0.000020
15947 0.000021
15948 0.000023
15949 0.000023
15950 0.000024
15951 0.000015
15952 0.000021
15953 0.000014
15954 0.000017
15955 0.000021
15956 0.000020
15957 0.000021
15958 0.000023
15959 0.000023
15960 0.000024
15961 0.000015
15962 0.000021
15963 0.000014
15964 0.000017
15965 0.000021
15966 0.000020
15967 0.000021
15968 0.000023
15969 0.000023
15970 0.000024
15971 0.000015
15972 0.000021
15973 0.000014
15974 0.000017
15975 0.000021
15976 0.000020
15977 0.000021
15978 0.000023
15979 0.000023
15980 0.000024
15981 0.000015
15982 0.000021
15983 0.000014
15984 0.000017
15985 0.000021
15986 0.000020
15987 0.000021
15988 0.000023
15989 0.000023
15990 0.000024
15991 0.000015
15992 0.000021
15993 0.000014
15994 0.000017
15995 0.000021
15996 0.000020
15997 0.000021
15998 0.000023
15999 0.000023
16000 0.000024
16001 0.000015
16002 0.000021
16003 0.000014
16004 0.000017
16005 0.000021
16006 0.000020
16007 0.000021
16008 0.000023
16009 0.000023
16010 0.000024
16011 0.000015
16012 0.000021
16013 0.000014
16014 0.000017
16015 0.000021
16016 0.000020
16017 0.000021
16018 0.000023
16019 0.000023
16020 0.000024
16021 0.000015
16022 0.000021
16023 0.000014
16024 0.000017
16025 0.000021
16026 0.000020
16027 0.000021
16028 0.000023
16029 0.000023
16030 0.000024
16031 0.000015
16032 0.000021
16033 0.000014
16034 0.000017
16035 0.000021
16036 0.000020
16037 0.000021
16038 0.000023
16039 0.000023
16040 0.000024
16041 0.000015
16042 0.000021
16043 0.000014
16044 0.000017
16045 0.000021
16046 0.000020
16047 0.000021
16048 0.000023
16049 0.000023
16050 0.000024
16051 0.000015
16052 0.000021
16053 0.000014
16054 0.000017
16055 0.000021
16056 0.000020
16057 0.000021
16058 0.000023
16059 0.000023
16060 0.000024
16061 0.000015
16062 0.000021
16063 0.000014
16064 0.000017
16065 0.000021
16066 0.000020
16067 0.000021
16068 0.000023
16069 0.000023
16070 0.000024
16071 0.000015
16072 0.000021
16073 0.000014
16074 0.000017
16075 0.000021
16076 0.000020
16077 0.000021
16078 0.000023
16079 0.000023
16080 0.000024
16081 0.000015
16082 0.000021
16083 0.000014
16084 0.000017
16085 0.000021
16086 0.000020
16087 0.000021
16088 0.000023
16089 0.000023
16090 0.000024
16091 0.000015
16092 0.000021
16093 0.000014
16094 0.000017
16095 0.000021
16096 0.000020
16097 0.000021
16098 0.000023
16099 0.000023
16100 0.000024
16101 0.000015
16102 0.000021
16103 0.000014
16104 0.000017
16105 0.000021
16106 0.000020
16107 0.000021
16108 0.000023
16109 0.000023
16110 0.000024
16111 0.000015
16112 0.000021
16113 0.000014
16114 0.000017
16115 0.000021
16116 0.000020
16117 0.000021
16118 0.000023
16119 0.000023
16120 0.000024
16121 0.000015
16122 0.000021
16123 0.000014
16124 0.000017
16125 0.000021
16126 0.000020
16127 0.000021
16128 0.000023
16129 0.000023
16130 0.000024
16131 0.000015
16132 0.000021
16133 0.000014
16134 0.000017
16135 0.000021
16136 0.000020
16137 0.000021
16138 0.000023
16139 0.000023
16140 0.000024
16141 0.000015
16142 0.000021
16143 0.000014
16144 0.000017
16145 0.000021
16146 0.000020
16147 0.000021
16148 0.000023
16149 0.000023
16150 0.000024
16151 0.000015
16152 0.000021
16153 0.000014
16154 0.000017
16155 0.000021
16156 0.000020
16157 0.000021
16158 0.000023
16159 0.000023
16160 0.000024
16161 0.000015
16162 0.000021
16163 0.000014
16164 0.000017
16165 0.000021
16166 0.000020
16167 0.000021
16168 0.000023
16169 0.000023
16170 0.000024
16171 0.000015
16172 0.000021
16173 0.000014
16174 0.000017
16175 0.000021
16176 0.000020
16177 0.000021
16178 0.000023
16179 0.000023
16180 0.000024
16181 0.000015
16182 0.000021
16183 0.000014
16184 0.000017
16185 0.000021
16186 0.000020
16187 0.000021
16188 0.000023
16189 0.000023
16190 0.000024
16191 0.000015
16192 0.000021
16193 0.000014
16194 0.000017
16195 0.000021
16196 0.000020
16197 0.000021
16198 0.000023
16199 0.000023
16200 0.000024
16201 0.000015
16202 0.000021
16203 0.000014
16204 0.000017
16205 0.000021
16206 0.000020
16207 0.000021
16208 0.000023
16209 0.000023
16210 0.000024
16211 0.000015
16212 0.000021
16213 0.000014
16214 0.000017
16215 0.000021
16216 0.000020
16217 0.000021
16218 0.000023
16219 0.000023
16220 0.000024
16221 0.000015
16222 0.000021
16223 0.000014
16224 0.000017
16225 0.000021
16226 0.000020
16227 0.000021
16228 0.000023
16229 0.000023
16230 0.000024
16231 0.000015
16232 0.000021
16233 0.000014
16234 0.000017
16235 0.000021
16236 0.000020
16237 0.000021
16238 0.000023
16239 0.000023
16240 0.000024
16241 0.000015
16242 0.000021
16243 0.000014
16244 0.000017
16245 0.000021
16246 0.000020
16247 0.000021
16248 0.000023
16249 0.000023
16250 0.000024
16251 0.000015
16252 0.000021
16253 0.000014
16254 0.000017
16255 0.000021
16256 0.000020
16257 0.000021
16258 0.000023
16259 0.000023
16260 0.000024
16261 0.000015
16262 0.000021
16263 0.000014
16264 0.000017
16265 0.000021
16266 0.000020
16267 0.000021
16268 0.000023
16269 0.000023
16270 0.000024
16271 0.000015
16272 0.000021
16273 0.000014
16274 0.000017
16275 0.000021
16276 0.000020
16277 0.000021
16278 0.000023
16279 0.000023
16280 0.000024
16281 0.000015
16282 0.000021
16283 0.000014
16284 0.000017
16285 0.000021
16286 0.000020
16287 0.000021
16288 0.000023
16289 0.000023
16290 0.000024
16291 0.000015
16292 0.000021
16293 0.000014
16294 0.000017
16295 0.000021
16296 0.000020
16297 0.000021
16298 0.000023
16299 0.000023
16300 0.000024
16301 0.000015
16302 0.000021
16303 0.000014
16304 0.000017
16305 0.000021
16306 0.000020
16307 0.000021
16308 0.000023
16309 0.000023
16310 0.000024
16311 0.000015
16312 0.000021
16313 0.000014
16314 0.000017
16315 0.000021
16316 0.000020
16317 0.000021
16318 0.000023
16319 0.000023
16320 0.000024
16321 0.000015
16322 0.000021
16323 0.000014
16324 0.000017
16325 0.000021
16326 0.000020
16327 0.000021
16328 0.000023
16329 0.000023
16330 0.000024
16331 0.000015
16332 0.000021
16333 0.000014
16334 0.000017
16335 0.000021
16336 0.000020
16337 0.000021
16338 0.000023
16339 0.000023
16340 0.000024
16341 0.000015
16342 0.000021
16343 0.000014
16344 0.000017
16345 0.000021
16346 0.000020
16347 0.000021
16348 0.000023
16349 0.000023
16350 0.000024
16351 0.000015
16352 0.000021
16353 0.000014
16354 0.000017
16355 0.000021
16356 0.000020
16357 0.000021
16358 0.000023
16359 0.000023
16360 0.000024
16361 0.000015
16362 0.000021
16363 0.000014
16364 0.000017
16365 0.000021
16366 0.000020
16367 0.000021
16368 0.000023
16369 0.000023
16370 0.000024
16371 0.000015
16372 0.000021
16373 0.000014
16374 0.000017
16375 0.000021
16376 0.000020
16377 0.000021
16378 0.000023
16379 0.000023
16380 0.000024
16381 0.000015
16382 0.000021
16383 0.000014
16384 0.000017
16385 0.000021
16386 0.000020
16387 0.000021
16388 0.000023
16389 0.000023
16390 0.000024
16391 0.000015
16392 0.000021
16393 0.000014
16394 0.000017
16395 0.000021
16396 0.000020
16397 0.000021
16398 0.000023
16399 0.000023
16400 0.000024
16401 0.000015
16402 0.000021
16403 0.000014
16404 0.000017
16405 0.000021
16406 0.000020
16407 0.000021
16408 0.000023
16409 0.000023
16410 0.000024
16411 0.000015
16412 0.000021
16413 0.000014
16414 0.000017
16415 0.000021
16416 0.000020
16417 0.000021
16418 0.000023
16419 0.000023
16420 0.000024
16421 0.000015
16422 0.000021
16423 0.000014
16424 0.000017
16425 0.000021
16426 0.000020
16427 0.000021
16428 0.000023
16429 0.000023
16430 0.000024
16431 0.000015
16432 0.000021
16433 0.000014
16434 0.000017
16435 0.000021
16436 0.000020
16437 0.000021
16438 0.000023
16439 0.000023
16440 0.000024
16441 0.000015
16442 0.000021
16443 0.000014
16444 0.000017
16445 0.000021
16446 0.000020
16447 0.000021
16448 0.000023
16449 0.000023
16450 0.000024
16451 0.000015
16452 0.000021
16453 0.000014
16454 0.000017
16455 0.000021
16456 0.000020
16457 0.000021
16458 0.000023
16459 0.000023
16460 0.000024
16461 0.000015
16462 0.000021
16463 0.000014
16464 0.000017
16465 0.000021
16466 0.000020
16467 0.000021
16468 0.000023
16469 0.000023
16470 0.000024
16471 0.000015
16472 0.000021
16473 0.000014
16474 0.000017
16475 0.000021
16476 0.000020
16477 0.000021
16478 0.000023
16479 0.000023
16480 0.000024
16481 0.000015
16482 0.000021
16483 0.000014
16484 0.000017
16485 0.000021
16486 0.000020
16487 0.000021
16488 0.000023
16489 0.000023
16490 0.000024
16491 0.000015
16492 0.000021
16493 0.000014
16494 0.000017
16495 0.000021
16496 0.000020
16497 0.000021
16498 0.000023
16499 0.000023
16500 0.000024
16501 0.000015
16502 0.000021
16503 0.000014
16504 0.000017
16505 0.000021
16506 0.000020
16507 0.000021
16508 0.000023
16509 0.000023
16510 0.000024
16511 0.000015
16512 0.000021
16513 0.000014
16514 0.000017
16515 0.000021
16516 0.000020
16517 0.000021
16518 0.000023
16519 0.000023
16520 0.000024
16521 0.000015
16522 0.000021
16523 0.000014
16524 0.000017
16525 0.000021
16526 0.000020
16527 0.000021
16528 0.000023
16529 0.000023
16530 0.000024
16531 0.000015
16532 0.000021
16533 0.000014
16534 0.000017
16535 0.000021
16536 0.000020
16537 0.000021
16538 0.000023
16539 0.000023
16540 0.000024
16541 0.000015
16542 0.000021
16543 0.000014
16544 0.000017
16545 0.000021
16546 0.000020
16547 0.000021
16548 0.000023
16549 0.000023
16550 0.000024
16551 0.000015
16552 0.000021
16553 0.000014
16554 0.000017
16555 0.000021
16556 0.000020
16557 0.000021
16558 0.000023
16559 0.000023
16560 0.000024
16561 0.000015
16562 0.000021
16563 0.000014
16564 0.000017
16565 0.000021
16566 0.000020
16567 0.000021
16568 0.000023
16569 0.000023
16570 0.000024
16571 0.000015
16572 0.000021
16573 0.000014
16574 0.000017
16575 0.000021
16576 0.000020
16577 0.000021
16578 0.000023
16579 0.000023
16580 0.000024
16581 0.000015
16582 0.000021
16583 0.000014
16584 0.000017
16585 0.000021
16586 0.000020
16587 0.000021
16588 0.000023
16589 0.000023
16590 0.000024
16591 0.000015
16592 0.000021
16593 0.000014
16594 0.000017
16595 0.000021
16596 0.000020
16597 0.000021
16598 0.000023
16599 0.000023
16600 0.000024
16601 0.000015
16602 0.000021
16603 0.000014
16604 0.000017
16605 0.000021
16606 0.000020
16607 0.000021
16608 0.000023
16609 0.000023
16610 0.000024
16611 0.000015
16612 0.000021
16613 0.000014
16614 0.000017
16615 0.000021
16616 0.000020
16617 0.000021
16618 0.000023
16619 0.000023
16620 0.000024
16621 0.000015
16622 0.000021
16623 0.000014
16624 0.000017
16625 0.000021
16626 0.000020
16627 0.000021
16628 0.000023
16629 0.000023
16630 0.000024
16631 0.000015
16632 0.000021
16633 0.000014
16634 0.000017
16635 0.000021
16636 0.000020
16637 0.000021
16638 0.000023
16639 0.000023
16640 0.000024
16641 0.000015
16642 0.000021
16643 0.000014
16644 0.000017
16645 0.000021
16646 0.000020
16647 0.000021
16648 0.000023
16649 0.000023
16650 0.000024
16651 0.000015
16652 0.000021
16653 0.000014
16654 0.000017
16655 0.000021
16656 0.000020
16657 0.000021
16658 0.000023
16659 0.000023
16660 0.000024
16661 0.000015
16662 0.000021
16663 0.000014
16664 0.000017
16665 0.000021
16666 0.000020
16667 0.000021
16668 0.000023
16669 0.000023
16670 0.000024
16671 0.000015
16672 0.000021
16673 0.000014
16674 0.000017
16675 0.000021
16676 0.000020
16677 0.000021
16678 0.000023
16679 0.000023
16680 0.000024
16681 0.000015
16682 0.000021
16683 0.000014
16684 0.000017
16685 0.000021
16686 0.000020
16687 0.000021
16688 0.000023
16689 0.000023
16690 0.000024
16691 0.000015
16692 0.000021
16693 0.000014
16694 0.000017
16695 0.000021
16696 0.000020
16697 0.000021
16698 0.000023
16699 0.000023
16700 0.000024
16701 0.000015
16702 0.000021
16703 0.000014
16704 0.000017
16705 0.000021
16706 0.000020
16707 0.000021
16708 0.000023
16709 0.000023
16710 0.000024
16711 0.000015
16712 0.000021
16713 0.000014
16714 0.000017
16715 0.000021
16716 0.000020
16717 0.000021
16718 0.000023
16719 0.000023
16720 0.000024
16721 0.000015
16722 0.000021
16723 0.000014
16724 0.000017
16725 0.000021
16726 0.000020
16727 0.000021
16728 0.000023
16729 0.000023
16730 0.000024
16731 0.000015
16732 0.000021
16733 0.000014
16734 0.000017
16735 0.000021
16736 0.000020
16737 0.000021
16738 0.000023
16739 0.000023
16740 0.000024
16741 0.000015
16742 0.000021
16743 0.000014
16744 0.000017
16745 0.000021
16746 0.000020
16747 0.000021
16748 0.000023
16749 0.000023
16750 0.000024
16751 0.000015
16752 0.000021
16753 0.000014
16754 0.000017
16755 0.000021
16756 0.000020
16757 0.000021
16758 0.000023
16759 0.000023
16760 0.000024
16761 0.000015
16762 0.000021
16763 0.000014
16764 0.000017
16765 0.000021
16766 0.000020
16767 0.000021
16768 0.000023
16769 0.000023
16770 0.000024
16771 0.000015
16772 0.000021
16773 0.000014
16774 0.000017
16775 0.000021
16776 0.000020
16777 0.000021
16778 0.000023
16779 0.000023
16780 0.000024
16781 0.000015
16782 0.000021
16783 0.000014
16784 0.000017
16785 0.000021
16786 0.000020
16787 0.000021
16788 0.000023
16789 0.000023
16790 0.000024
16791 0.000015
16792 0.000021
16793 0.000014
16794 0.000017
16795 0.000021
16796 0.000020
16797 0.000021
16798 0.000023
16799 0.000023
16800 0.000024
16801 0.000015
16802 0.000021
16803 0.000014
16804 0.000017
16805 0.000021
16806 0.000020
16807 0.000021
16808 0.000023
16809 0.000023
16810 0.000024
16811 0.000015
16812 0.000021
16813 0.000014
16814 0.000017
16815 0.000021
16816 0.000020
16817 0.000021
16818 0.000023
16819 0.000023
16820 0.000024
16821 0.000015
16822 0.000021
16823 0.000014
16824 0.000017
16825 0.000021
16826 0.000020
16827 0.000021
16828 0.000023
16829 0.000023
16830 0.000024
16831 0.000015
16832 0.000021
16833 0.000014
16834 0.000017
16835 0.000021
16836 0.000020
16837 0.000021
16838 0.000023
16839 0.000023
16840 0.000024
16841 0.000015
16842 0.000021
16843 0.000014
16844 0.000017
16845 0.000021
16846 0.000020
16847 0.000021
16848 0.000023
16849 0.000023
16850 0.000024
16851 0.000015
16852 0.000021
16853 0.000014
16854 0.000017
16855 0.000021
16856 0.000020
16857 0.000021
16858 0.000023
16859 0.000023
16860 0.000024
16861 0.000015
16862 0.000021
16863 0.000014
16864 0.000017
16865 0.000021
16866 0.000020
16867 0.000021
16868 0.000023
16869 0.000023
16870 0.000024
16871 0.000015
16872 0.000021
16873 0.000014
16874 0.000017
16875 0.000021
16876 0.000020
16877 0.000021
16878 0.000023
16879 0.000023
16880 0.000024
16881 0.000015
16882 0.000021
16883 0.000014
16884 0.000017
16885 0.000021
16886 0.000020
16887 0.000021
16888 0.000023
16889 0.000023
16890 0.000024
16891 0.000015
16892 0.000021
16893 0.000014
16894 0.000017
16895 0.000021
16896 0.000020
16897 0.000021
16898 0.000023
16899 0.000023
16900 0.000024
16901 0.000015
16902 0.000021
16903 0.000014
16904 0.000017
16905 0.000021
16906 0.000020
16907 0.000021
16908 0.000023
16909 0.000023
16910 0.000024
16911 0.000015
16912 0.000021
16913 0.000014
16914 0.000017
16915 0.000021
16916 0.000020
16917 0.000021
16918 0.000023
16919 0.000023
16920 0.000024
16921 0.000015
16922 0.000021
16923 0.000014
16924 0.000017
16925 0.000021
16926 0.000020
16927 0.000021
16928 0.000023
16929 0.000023
16930 0.000024
16931 0.000015
16932 0.000021
16933 0.000014
16934 0.000017
16935 0.000021
16936 0.000020
16937 0.000021
16938 0.000023
16939 0.000023
16940 0.000024
16941 0.000015
16942 0.000021
16943 0.000014
16944 0.000017
16945 0.000021
16946 0.000020
16947 0.000021
16948 0.000023
16949 0.000023
16950 0.000024
16951 0.000015
16952 0.000021
16953 0.000014
16954 0.000017
16955 0.000021
16956 0.000020
16957 0.000021
16958 0.000023
16959 0.000023
16960 0.000024
16961 0.000015
16962 0.000021
16963 0.000014
16964 0.000017
16965 0.000021
16966 0.000020
16967 0.000021
16968 0.000023
16969 0.000023
16970 0.000024
16971 0.000015
16972 0.000021
16973 0.000014
16974 0.000017
16975 0.000021
16976 0.000020
16977 0.000021
16978 0.000023
16979 0.000023
16980 0.000024
16981 0.000015
16982 0.000021
16983 0.000014
16984 0.000017
16985 0.000021
16986 0.000020
16987 0.000021
16988 0.000023
16989 0.000023
16990 0.000024
16991 0.000015
16992 0.000021
16993 0.000014
16994 0.000017
16995 0.000021
16996 0.000020
16997 0.000021
16998 0.000023
16999 0.000023
17000 0.000024
17001 0.000015
17002 0.000021
17003 0.000014
17004 0.000017
17005 0.000021
17006 0.000020
17007 0.000021
17008 0.000023
17009 0.000023
17010 0.000024
17011 0.000015
17012 0.000021
17013 0.000014
17014 0.000017
17015 0.000021
17016 0.000020
17017 0.000021
17018 0.000023
17019 0.000023
17020 0.000024
17021 0.000015
17022 0.000021
17023 0.000014
17024 0.000017
17025 0.000021
17026 0.000020
17027 0.000021
17028 0.000023
17029 0.000023
17030 0.000024
17031 0.000015
17032 0.000021
17033 0.000014
17034 0.000017
17035 0.000021
17036 0.000020
17037 0.000021
17038 0.000023
17039 0.000023
17040 0.000024
17041 0.000015
17042 0.000021
17043 0.000014
17044 0.000017
17045 0.000021
17046 0.000020
17047 0.000021
17048 0.000023
17049 0.000023
17050 0.000024
17051 0.000015
17052 0.000021
17053 0.000014
17054 0.000017
17055 0.000021
17056 0.000020
17057 0.000021
17058 0.000023
17059 0.000023
17060 0.000024
17061 0.000015
17062 0.000021
17063 0.000014
17064 0.000017
17065 0.000021
17066 0.000020
17067 0.000021
17068 0.000023
17069 0.000023
17070 0.000024
17071 0.000015
17072 0.000021
17073 0.000014
17074 0.000017
17075 0.000021
17076 0.000020
17077 0.000021
17078 0.000023
17079 0.000023
17080 0.000024
17081 0.000015
17082 0.000021
17083 0.000014
17084 0.000017
17085 0.000021
17086 0.000020
17087 0.000021
17088 0.000023
17089 0.000023
17090 0.000024
17091 0.000015
17092 0.000021
17093 0.000014
17094 0.000017
17095 0.000021
17096 0.000020
17097 0.000021
17098 0.000023
17099 0.000023
17100 0.000024
17101 0.000015
17102 0.000021
17103 0.000014
17104 0.000017
17105 0.000021
17106 0.000020
17107 0.000021
17108 0.000023
17109 0.000023
17110 0.000024
17111 0.000015
17112 0.000021
17113 0.000014
17114 0.000017
17115 0.000021
17116 0.000020
17117 0.000021
17118 0.000023
17119 0.000023
17120 0.000024
17121 0.000015
17122 0.000021
17123 0.000014
17124 0.000017
17125 0.000021
17126 0.000020
17127 0.000021
17128 0.000023
17129 0.000023
17130 0.000024
17131 0.000015
17132 0.000021
17133 0.000014
17134 0.000017
17135 0.000021
17136 0.000020
17137 0.000021
17138 0.000023
17139 0.000023
17140 0.000024
17141 0.000015
17142 0.000021
17143 0.000014
17144 0.000017
17145 0.000021
17146 0.000020
17147 0.000021
17148 0.000023
17149 0.000023
17150 0.000024
17151 0.000015
17152 0.000021
17153 0.000014
17154 0.000017
17155 0.000021
17156 0.000020
17157 0.000021
17158 0.000023
17159 0.000023
17160 0.000024
17161 0.000015
17162 0.000021
17163 0.000014
17164 0.000017
17165 0.000021
17166 0.000020
17167 0.000021
17168 0.000023
17169 0.000023
17170 0.000024
17171 0.000015
17172 0.000021
17173 0.000014
17174 0.000017
17175 0.000021
17176 0.000020
17177 0.000021
17178 0.000023
17179 0.000023
17180 0.000024
17181 0.000015
17182 0.000021
17183 0.000014
17184 0.000017
17185 0.000021
17186 0.000020
17187 0.000021
17188 0.000023
17189 0.000023
17190 0.000024
17191 0.000015
17192 0.000021
17193 0.000014
17194 0.000017
17195 0.000021
17196 0.000020
17197 0.000021
17198 0.000023
17199 0.000023
17200 0.000024
17201 0.000015
17202 0.000021
17203 0.000014
17204 0.000017
17205 0.000021
17206 0.000020
17207 0.000021
17208 0.000023
17209 0.000023
17210 0.000024
17211 0.000015
17212 0.000021
17213 0.000014
17214 0.000017
17215 0.000021
17216 0.000020
17217 0.000021
17218 0.000023
17219 0.000023
17220 0.000024
17221 0.000015
17222 0.000021
17223 0.000014
17224 0.000017
17225 0.000021
17226 0.000020
17227 0.000021
17228 0.000023
17229 0.000023
17230 0.000024
17231 0.000015
17232 0.000021
17233 0.000014
17234 0.000017
17235 0.000021
17236 0.000020
17237 0.000021
17238 0.000023
17239 0.000023
17240 0.000024
17241 0.000015
17242 0.000021
17243 0.000014
17244 0.000017
17245 0.000021
17246 0.000020
17247 0.000021
17248 0.000023
17249 0.000023
17250 0.000024
17251 0.000015
17252 0.000021
17253 0.000014
17254 0.000017
17255 0.000021
17256 0.000020
17257 0.000021
17258 0.000023
17259 0.000023
17260 0.000024
17261 0.000015
17262 0.000021
17263 0.000014
17264 0.000017
17265 0.000021
17266 0.000020
17267 0.000021
17268 0.000023
17269 0.000023
17270 0.000024
17271 0.000015
17272 0.000021
17273 0.000014
17274 0.000017
17275 0.000021
17276 0.000020
17277 0.000021
17278 0.000023
17279 0.000023
17280 0.000024
17281 0.000015
17282 0.000021
17283 0.000014
17284 0.000017
17285 0.000021
17286 0.000020
17287 0.000021
17288 0.000023
17289 0.000023
17290 0.000024
17291 0.000015
17292 0.000021
17293 0.000014
17294 0.000017
17295 0.000021
17296 0.000020
17297 0.000021
17298 0.000023
17299 0.000023
17300 0.000024
17301 0.000015
17302 0.000021
17303 0.000014
17304 0.000017
17305 0.000021
17306 0.000020
17307 0.000021
17308 0.000023
17309 0.000023
17310 0.000024
17311 0.000015
17312 0.000021
17313 0.000014
17314 0.000017
17315 0.000021
17316 0.000020
17317 0.000021
17318 0.000023
17319 0.000023
17320 0.000024
17321 0.000015
17322 0.000021
17323 0.000014
17324 0.000017
17325 0.000021
17326 0.000020
17327 0.000021
17328 0.000023
17329 0.000023
17330 0.000024
17331 0.000015
17332 0.000021
17333 0.000014
17334 0.000017
17335 0.000021
17336 0.000020
17337 0.000021
17338 0.000023
17339 0.000023
17340 0.000024
17341 0.000015
17342 0.000021
17343 0.000014
17344 0.000017
17345 0.000021
17346 0.000020
17347 0.000021
17348 0.000023
17349 0.000023
17350 0.000024
17351 0.000015
17352 0.000021
17353 0.000014
17354 0.000017
17355 0.000021
17356 0.000020
17357 0.000021
17358 0.000023
17359 0.000023
17360 0.000024
17361 0.000015
17362 0.000021
17363 0.000014
17364 0.000017
17365 0.000021
17366 0.000020
17367 0.000021
17368 0.000023
17369 0.000023
17370 0.000024
17371 0.000015
17372 0.000021
17373 0.000014
17374 0.000017
17375 0.000021
17376 0.000020
17377 0.000021
17378 0.000023
17379 0.000023
17380 0.000024
17381 0.000015
17382 0.000021
17383 0.000014
17384 0.000017
17385 0.000021
17386 0.000020
17387 0.000021
17388 0.000023
17389 0.000023
17390 0.000024
17391 0.000015
17392 0.000021
17393 0.000014
17394 0.000017
17395 0.000021
17396 0.000020
17397 0.000021
17398 0.000023
17399 0.000023
17400 0.000024
17401 0.000015
17402 0.000021
17403 0.000014
17404 0.000017
17405 0.000021
17406 0.000020
17407 0.000021
17408 0.000023
17409 0.000023
17410 0.000024
17411 0.000015
17412 0.000021
17413 0.000014
17414 0.000017
17415 0.000021
17416 0.000020
17417 0.000021
17418 0.000023
17419 0.000023
17420 0.000024
17421 0.000015
17422 0.000021
17423 0.000014
17424 0.000017
17425 0.000021
17426 0.000020
17427 0.000021
17428 0.000023
17429 0.000023
17430 0.000024
17431 0.000015
17432 0.000021
17433 0.000014
17434 0.000017
17435 0.000021
17436 0.000020
17437 0.000021
17438 0.000023
17439 0.000023
17440 0.000024
17441 0.000015
17442 0.000021
17443 0.000014
17444 0.000017
17445 0.000021
17446 0.000020
17447 0.000021
17448 0.000023
17449 0.000023
17450 0.000024
17451 0.000015
17452 0.000021
17453 0.000014
17454 0.000017
17455 0.000021
17456 0.000020
17457 0.000021
17458 0.000023
17459 0.000023
17460 0.000024
17461 0.000015
17462 0.000021
17463 0.000014
17464 0.000017
17465 0.000021
17466 0.000020
17467 0.000021
17468 0.000023
17469 0.000023
17470 0.000024
17471 0.000015
17472 0.000021
17473 0.000014
17474 0.000017
17475 0.000021
17476 0.000020
17477 0.000021
17478 0.000023
17479 0.000023
17480 0.000024
17481 0.000015
17482 0.000021
17483 0.000014
17484 0.000017
17485 0.000021
17486 0.000020
17487 0.000021
17488 0.000023
17489 0.000023
17490 0.000024
17491 0.000015
17492 0.000021
17493 0.000014
17494 0.000017
17495 0.000021
17496 0.000020
17497 0.000021
17498 0.000023
17499 0.000023
17500 0.000024
17501 0.000015
17502 0.000021
17503 0.000014
17504 0.000017
17505 0.000021
17506 0.000020
17507 0.000021
17508 0.000023
17509 0.000023
17510 0.000024
17511 0.000015
17512 0.000021
17513 0.000014
17514 0.000017
17515 0.000021
17516 0.000020
17517 0.000021
17518 0.000023
17519 0.000023
17520 0.000024
17521 0.000015
17522 0.000021
17523 0.000014
17524 0.000017
17525 0.000021
17526 0.000020
17527 0.000021
17528 0.000023
17529 0.000023
17530 0.000024
17531 0.000015
17532 0.000021
17533 0.000014
17534 0.000017
17535 0.000021
17536 0.000020
17537 0.000021
17538 0.000023
17539 0.000023
17540 0.000024
17541 0.000015
17542 0.000021
17543 0.000014
17544 0.000017
17545 0.000021
17546 0.000020
17547 0.000021
17548 0.000023
17549 0.000023
17550 0.000024
17551 0.000015
17552 0.000021
17553 0.000014
17554 0.000017
17555 0.000021
17556 0.000020
17557 0.000021
17558 0.000023
17559 0.000023
17560 0.000024
17561 0.000015
17562 0.000021
17563 0.000014
17564 0.000017
17565 0.000021
17566 0.000020
17567 0.000021
17568 0.000023
17569 0.000023
17570 0.000024
17571 0.000015
17572 0.000021
17573 0.000014
17574 0.000017
17575 0.000021
17576 0.000020
17577 0.000021
17578 0.000023
17579 0.000023
17580 0.000024
17581 0.000015
17582 0.000021
17583 0.000014
17584 0.000017
17585 0.000021
17586 0.000020
17587 0.000021
17588 0.000023
17589 0.000023
17590 0.000024
17591 0.000015
17592 0.000021
17593 0.000014
17594 0.000017
17595 0.000021
17596 0.000020
17597 0.000021
17598 0.000023
17599 0.000023
17600 0.000024
17601 0.000015
17602 0.000021
17603 0.000014
17604 0.000017
17605 0.000021
17606 0.000020
17607 0.000021
17608 0.000023
17609 0.000023
17610 0.000024
17611 0.000015
17612 0.000021
17613 0.000014
17614 0.000017
17615 0.000021
17616 0.000020
17617 0.000021
17618 0.000023
17619 0.000023
17620 0.000024
17621 0.000015
17622 0.000021
17623 0.000014
17624 0.000017
17625 0.000021
17626 0.000020
17627 0.000021
17628 0.000023
17629 0.000023
17630 0.000024
17631 0.000015
17632 0.000021
17633 0.000014
17634 0.000017
17635 0.000021
17636 0.000020
17637 0.000021
17638 0.000023
17639 0.000023
17640 0.000024
17641 0.000015
17642 0.000021
17643 0.000014
17644 0.000017
17645 0.000021
17646 0.000020
17647 0.000021
17648 0.000023
17649 0.000023
17650 0.000024
17651 0.000015
17652 0.000021
17653 0.000014
17654 0.000017
17655 0.000021
17656 0.000020
17657 0.000021
17658 0.000023
17659 0.000023
17660 0.000024
17661 0.000015
17662 0.000021
17663 0.000014
17664 0.000017
17665 0.000021
17666 0.000020
17667 0.000021
17668 0.000023
17669 0.000023
17670 0.000024
17671 0.000015
17672 0.000021
17673 0.000014
17674 0.000017
17675 0.000021
17676 0.000020
17677 0.000021
17678 0.000023
17679 0.000023
17680 0.000024
17681 0.000015
17682 0.000021
17683 0.000014
17684 0.000017
17685 0.000021
17686 0.000020
17687 0.000021
17688 0.000023
17689 0.000023
17690 0.000024
17691 0.000015
17692 0.000021
17693 0.000014
17694 0.000017
17695 0.000021
17696 0.000020
17697 0.000021
17698 0.000023
17699 0.000023
17700 0.000024
17701 0.000015
17702 0.000021
17703 0.000014
17704 0.000017
17705 0.000021
17706 0.000020
17707 0.000021
17708 0.000023
17709 0.000023
17710 0.000024
17711 0.000015
17712 0.000021
17713 0.000014
17714 0.000017
17715 0.000021
17716 0.000020
17717 0.000021
17718 0.000023
17719 0.000023
17720 0.000024
17721 0.000015
17722 0.000021
17723 0.000014
17724 0.000017
17725 0.000021
17726 0.000020
17727 0.000021
17728 0.000023
17729 0.000023
17730 0.000024
17731 0.000015
17732 0.000021
17733 0.000014
17734 0.000017
17735 0.000021
17736 0.000020
17737 0.000021
17738 0.000023
17739 0.000023
17740 0.000024
17741 0.000015
17742 0.000021
17743 0.000014
17744 0.000017
17745 0.000021
17746 0.000020
17747 0.000021
17748 0.000023
17749 0.000023
17750 0.000024
17751 0.000015
17752 0.000021
17753 0.000014
17754 0.000017
17755 0.000021
17756 0.000020
17757 0.000021
17758 0.000023
17759 0.000023
17760 0.000024
17761 0.000015
17762 0.000021
17763 0.000014
17764 0.000017
17765 0.000021
17766 0.000020
17767 0.000021
17768 0.000023
17769 0.000023
17770 0.000024
17771 0.000015
17772 0.000021
17773 0.000014
17774 0.000017
17775 0.000021
17776 0.000020
17777 0.000021
17778 0.000023
17779 0.000023
17780 0.000024
17781 0.000015
17782 0.000021
17783 0.000014
17784 0.000017
17785 0.000021
17786 0.000020
17787 0.000021
17788 0.000023
17789 0.000023
17790 0.000024
17791 0.000015
17792 0.000021
17793 0.000014
17794 0.000017
17795 0.000021
17796 0.000020
17797 0.000021
17798 0.000023
17799 0.000023
17800 0.000024
17801 0.000015
17802 0.000021
17803 0.000014
17804 0.000017
17805 0.000021
17806 0.000020
17807 0.000021
17808 0.000023
17809 0.000023
17810 0.000024
17811 0.000015
17812 0.000021
17813 0.000014
17814 0.000017
17815 0.000021
17816 0.000020
17817 0.000021
17818 0.000023
17819 0.000023
17820 0.000024
17821 0.000015
17822 0.000021
17823 0.000014
17824 0.000017
17825 0.000021
17826 0.000020
17827 0.000021
17828 0.000023
17829 0.000023
17830 0.000024
17831 0.000015
17832 0.000021
17833 0.000014
17834 0.000017
17835 0.000021
17836 0.000020
17837 0.000021
17838 0.000023
17839 0.000023
17840 0.000024
17841 0.000015
17842 0.000021
17843 0.000014
17844 0.000017
17845 0.000021
17846 0.000020
17847 0.000021
17848 0.000023
17849 0.000023
17850 0.000024
17851 0.000015
17852 0.000021
17853 0.000014
17854 0.000017
17855 0.000021
17856 0.000020
17857 0.000021
17858 0.000023
17859 0.000023
17860 0.000024
17861 0.000015
17862 0.000021
17863 0.000014
17864 0.000017
17865 0.000021
17866 0.000020
17867 0.000021
17868 0.000023
17869 0.000023
17870 0.000024
17871 0.000015
17872 0.000021
17873 0.000014
17874 0.000017
17875 0.000021
17876 0.000020
17877 0.000021
17878 0.000023
17879 0.000023
17880 0.000024
17881 0.000015
17882 0.000021
17883 0.000014
17884 0.000017
17885 0.000021
17886 0.000020
17887 0.000021
17888 0.000023
17889 0.000023
17890 0.000024
17891 0.000015
17892 0.000021
17893 0.000014
17894 0.000017
17895 0.000021
17896 0.000020
17897 0.000021
17898 0.000023
17899 0.000023
17900 0.000024
17901 0.000015
17902 0.000021
17903 0.000014
17904 0.000017
17905 0.000021
17906 0.000020
17907 0.000021
17908 0.000023
17909 0.000023
17910 0.000024
17911 0.000015
17912 0.000021
17913 0.000014
17914 0.000017
17915 0.000021
17916 0.000020
17917 0.000021
17918 0.000023
17919 0.000023
17920 0.000024
17921 0.000015
17922 0.000021
17923 0.000014
17924 0.000017
17925 0.000021
17926 0.000020
17927 0.000021
17928 0.000023
17929 0.000023
17930 0.000024
17931 0.000015
17932 0.000021
17933 0.000014
17934 0.000017
17935 0.000021
17936 0.000020
17937 0.000021
17938 0.000023
17939 0.000023
17940 0.000024
17941 0.000015
17942 0.000021
17943 0.000014
17944 0.000017
17945 0.000021
17946 0.000020
17947 0.000021
17948 0.000023
17949 0.000023
17950 0.000024
17951 0.000015
17952 0.000021
17953 0.000014
17954 0.000017
17955 0.000021
17956 0.000020
17957 0.000021
17958 0.000023
17959 0.000023
17960 0.000024
17961 0.000015
17962 0.000021
17963 0.000014
17964 0.000017
17965 0.000021
17966 0.000020
17967 0.000021
17968 0.000023
17969 0.000023
17970 0.000024
17971 0.000015
17972 0.000021
17973 0.000014
17974 0.000017
17975 0.000021
17976 0.000020
17977 0.000021
17978 0.000023
17979 0.000023
17980 0.000024
17981 0.000015
17982 0.000021
17983 0.000014
17984 0.000017
17985 0.000021
17986 0.000020
17987 0.000021
17988 0.000023
17989 0.000023
17990 0.000024
17991 0.000015
17992 0.000021
17993 0.000014
17994 0.000017
17995 0.000021
17996 0.000020
17997 0.000021
17998 0.000023
17999 0.000023
18000 0.000024
18001 0.000015
18002 0.000021
18003 0.000014
18004 0.000017
18005 0.000021
18006 0.000020
18007 0.000021
18008 0.000023
18009 0.000023
18010 0.000024
18011 0.000015
18012 0.000021
18013 0.000014
18014 0.000017
18015 0.000021
18016 0.000020
18017 0.000021
18018 0.000023
18019 0.000023
18020 0.000024
18021 0.000015
18022 0.000021
18023 0.000014
18024 0.000017
18025 0.000021
18026 0.000020
18027 0.000021
18028 0.000023
18029 0.000023
18030 0.000024
18031 0.000015
18032 0.000021
18033 0.000014
18034 0.000017
18035 0.000021
18036 0.000020
18037 0.000021
18038 0.000023
18039 0.000023
18040 0.000024
18041 0.000015
18042 0.000021
18043 0.000014
18044 0.000017
18045 0.000021
18046 0.000020
18047 0.000021
18048 0.000023
18049 0.000023
18050 0.000024
18051 0.000015
18052 0.000021
18053 0.000014
18054 0.000017
18055 0.000021
18056 0.000020
18057 0.000021
18058 0.000023
18059 0.000023
18060 0.000024
18061 0.000015
18062 0.000021
18063 0.000014
18064 0.000017
18065 0.000021
18066 0.000020
18067 0.000021
18068 0.000023
18069 0.000023
18070 0.000024
18071 0.000015
18072 0.000021
18073 0.000014
18074 0.000017
18075 0.000021
18076 0.000020
18077 0.000021
18078 0.000023
18079 0.000023
18080 0.000024
18081 0.000015
18082 0.000021
18083 0.000014
18084 0.000017
18085 0.000021
18086 0.000020
18087 0.000021
18088 0.000023
18089 0.000023
18090 0.000024
18091 0.000015
18092 0.000021
18093 0.000014
18094 0.000017
18095 0.000021
18096 0.000020
18097 0.000021
18098 0.000023
18099 0.000023
18100 0.000024
18101 0.000015
18102 0.000021
18103 0.000014
18104 0.000017
18105 0.000021
18106 0.000020
18107 0.000021
18108 0.000023
18109 0.000023
18110 0.000024
18111 0.000015
18112 0.000021
18113 0.000014
18114 0.000017
18115 0.000021
18116 0.000020
18117 0.000021
18118 0.000023
18119 0.000023
18120 0.000024
18121 0.000015
18122 0.000021
18123 0.000014
18124 0.000017
18125 0.000021
18126 0.000020
18127 0.000021
18128 0.000023
18129 0.000023
18130 0.000024
18131 0.000015
18132 0.000021
18133 0.000014
18134 0.000017
18135 0.000021
18136 0.000020
18137 0.000021
18138 0.000023
18139 0.000023
18140 0.000024
18141 0.000015
18142 0.000021
18143 0.000014
18144 0.000017
18145 0.000021
18146 0.000020
18147 0.000021
18148 0.000023
18149 0.000023
18150 0.000024
18151 0.000015
18152 0.000021
18153 0.000014
18154 0.000017
18155 0.000021
18156 0.000020
18157 0.000021
18158 0.000023
18159 0.000023
18160 0.000024
18161 0.000015
18162 0.000021
18163 0.000014
18164 0.000017
18165 0.000021
18166 0.000020
18167 0.000021
18168 0.000023
18169 0.000023
18170 0.000024
18171 0.000015
18172 0.000021
18173 0.000014
18174 0.000017
18175 0.000021
18176 0.000020
18177 0.000021
18178 0.000023
18179 0.000023
18180 0.000024
18181 0.000015
18182 0.000021
18183 0.000014
18184 0.000017
18185 0.000021
18186 0.000020
18187 0.000021
18188 0.000023
18189 0.000023
18190 0.000024
18191 0.000015
18192 0.000021
18193 0.000014
18194 0.000017
18195 0.000021
18196 0.000020
18197 0.000021
18198 0.000023
18199 0.000023
18200 0.000024
18201 0.000015
18202 0.000021
18203 0.000014
18204 0.000017
18205 0.000021
18206 0.000020
18207 0.000021
18208 0.000023
18209 0.000023
18210 0.000024
18211 0.000015
18212 0.000021
18213 0.000014
18214 0.000017
18215 0.000021
18216 0.000020
18217 0.000021
18218 0.000023
18219 0.000023
18220 0.000024
18221 0.000015
18222 0.000021
18223 0.000014
18224 0.000017
18225 0.000021
18226 0.000020
18227 0.000021
18228 0.000023
18229 0.000023
18230 0.000024
18231 0.000015
18232 0.000021
18233 0.000014
18234 0.000017
18235 0.000021
18236 0.000020
18237 0.000021
18238 0.000023
18239 0.000023
18240 0.000024
18241 0.000015
18242 0.000021
18243 0.000014
18244 0.000017
18245 0.000021
18246 0.000020
18247 0.000021
18248 0.000023
18249 0.000023
18250 0.000024
18251 0.000015
18252 0.000021
18253 0.000014
18254 0.000017
18255 0.000021
18256 0.000020
18257 0.000021
18258 0.000023
18259 0.000023
18260 0.000024
18261 0.000015
18262 0.000021
18263 0.000014
18264 0.000017
18265 0.000021
18266 0.000020
18267 0.000021
18268 0.000023
18269 0.000023
18270 0.000024
18271 0.000015
18272 0.000021
18273 0.000014
18274 0.000017
18275 0.000021
18276 0.000020
18277 0.000021
18278 0.000023
18279 0.000023
18280 0.000024
18281 0.000015
18282 0.000021
18283 0.000014
18284 0.000017
18285 0.000021
18286 0.000020
18287 0.000021
18288 0.000023
18289 0.000023
18290 0.000024
18291 0.000015
18292 0.000021
18293 0.000014
18294 0.000017
18295 0.000021
18296 0.000020
18297 0.000021
18298 0.000023
18299 0.000023
18300 0.000024
18301 0.000015
18302 0.000021
18303 0.000014
18304 0.000017
18305 0.000021
18306 0.000020
18307 0.000021
18308 0.000023
18309 0.000023
18310 0.000024
18311 0.000015
18312 0.000021
18313 0.000014
18314 0.000017
18315 0.000021
18316 0.000020
18317 0.000021
18318 0.000023
18319 0.000023
18320 0.000024
18321 0.000015
18322 0.000021
18323 0.000014
18324 0.000017
18325 0.000021
18326 0.000020
18327 0.000021
18328 0.000023
18329 0.000023
18330 0.000024
18331 0.000015
18332 0.000021
18333 0.000014
18334 0.000017
18335 0.000021
18336 0.000020
18337 0.000021
18338 0.000023
18339 0.000023
18340 0.000024
18341 0.000015
18342 0.000021
18343 0.000014
18344 0.000017
18345 0.000021
18346 0.000020
18347 0.000021
18348 0.000023
18349 0.000023
18350 0.000024
18351 0.000015
18352 0.000021
18353 0.000014
18354 0.000017
18355 0.000021
18356 0.000020
18357 0.000021
18358 0.000023
18359 0.000023
18360 0.000024
18361 0.000015
18362 0.000021
18363 0.000014
18364 0.000017
18365 0.000021
18366 0.000020
18367 0.000021
18368 0.000023
18369 0.000023
18370 0.000024
18371 0.000015
18372 0.000021
18373 0.000014
18374 0.000017
18375 0.000021
18376 0.000020
18377 0.000021
18378 0.000023
18379 0.000023
18380 0.000024
18381 0.000015
18382 0.000021
18383 0.000014
18384 0.000017
18385 0.000021
18386 0.000020
18387 0.000021
18388 0.000023
18389 0.000023
18390 0.000024
18391 0.000015
18392 0.000021
18393 0.000014
18394 0.000017
18395 0.000021
18396 0.000020
18397 0.000021
18398 0.000023
18399 0.000023
18400 0.000024
18401 0.000015
18402 0.000021
18403 0.000014
18404 0.000017
18405 0.000021
18406 0.000020
18407 0.000021
18408 0.000023
18409 0.000023
18410 0.000024
18411 0.000015
18412 0.000021
18413 0.000014
18414 0.000017
18415 0.000021
18416 0.000020
18417 0.000021
18418 0.000023
18419 0.000023
18420 0.000024
18421 0.000015
18422 0.000021
18423 0.000014
18424 0.000017
18425 0.000021
18426 0.000020
18427 0.000021
18428 0.000023
18429 0.000023
18430 0.000024
18431 0.000015
18432 0.000021
18433 0.000014
18434 0.000017
18435 0.000021
18436 0.000020
18437 0.000021
18438 0.000023
18439 0.000023
18440 0.000024
18441 0.000015
18442 0.000021
18443 0.000014
18444 0.000017
18445 0.000021
18446 0.000020
18447 0.000021
18448 0.000023
18449 0.000023
18450 0.000024
18451 0.000015
18452 0.000021
18453 0.000014
18454 0.000017
18455 0.000021
18456 0.000020
18457 0.000021
18458 0.000023
18459 0.000023
18460 0.000024
18461 0.000015
18462 0.000021
18463 0.000014
18464 0.000017
18465 0.000021
18466 0.000020
18467 0.000021
18468 0.000023
18469 0.000023
18470 0.000024
18471 0.000015
18472 0.000021
18473 0.000014
18474 0.000017
18475 0.000021
18476 0.000020
18477 0.000021
18478 0.000023
18479 0.000023
18480 0.000024
18481 0.000015
18482 0.000021
18483 0.000014
18484 0.000017
18485 0.000021
18486 0.000020
18487 0.000021
18488 0.000023
18489 0.000023
18490 0.000024
18491 0.000015
18492 0.000021
18493 0.000014
18494 0.000017
18495 0.000021
18496 0.000020
18497 0.000021
18498 0.000023
18499 0.000023
18500 0.000024
18501 0.000015
18502 0.000021
18503 0.000014
18504 0.000017
18505 0.000021
18506 0.000020
18507 0.000021
18508 0.000023
18509 0.000023
18510 0.000024
18511 0.000015
18512 0.000021
18513 0.000014
18514 0.000017
18515 0.000021
18516 0.000020
18517 0.000021
18518 0.000023
18519 0.000023
18520 0.000024
18521 0.000015
18522 0.000021
18523 0.000014
18524 0.000017
18525 0.000021
18526 0.000020
18527 0.000021
18528 0.000023
18529 0.000023
18530 0.000024
18531 0.000015
18532 0.000021
18533 0.000014
18534 0.000017
18535 0.000021
18536 0.000020
18537 0.000021
18538 0.000023
18539 0.000023
18540 0.000024
18541 0.000015
18542 0.000021
18543 0.000014
18544 0.000017
18545 0.000021
18546 0.000020
18547 0.000021
18548 0.000023
18549 0.000023
18550 0.000024
18551 0.000015
18552 0.000021
18553 0.000014
18554 0.000017
18555 0.000021
18556 0.000020
18557 0.000021
18558 0.000023
18559 0.000023
18560 0.000024
18561 0.000015
18562 0.000021
18563 0.000014
18564 0.000017
18565 0.000021
18566 0.000020
18567 0.000021
18568 0.000023
18569 0.000023
18570 0.000024
18571 0.000015
18572 0.000021
18573 0.000014
18574 0.000017
18575 0.000021
18576 0.000020
18577 0.000021
18578 0.000023
18579 0.000023
18580 0.000024
18581 0.000015
18582 0.000021
18583 0.000014
18584 0.000017
18585 0.000021
18586 0.000020
18587 0.000021
18588 0.000023
18589 0.000023
18590 0.000024
18591 0.000015
18592 0.000021
18593 0.000014
18594 0.000017
18595 0.000021
18596 0.000020
18597 0.000021
18598 0.000023
18599 0.000023
18600 0.000024
18601 0.000015
18602 0.000021
18603 0.000014
18604 0.000017
18605 0.000021
18606 0.000020
18607 0.000021
18608 0.000023
18609 0.000023
18610 0.000024
18611 0.000015
18612 0.000021
18613 0.000014
18614 0.000017
18615 0.000021
18616 0.000020
18617 0.000021
18618 0.000023
18619 0.000023
18620 0.000024
18621 0.000015
18622 0.000021
18623 0.000014
18624 0.000017
18625 0.000021
18626 0.000020
18627 0.000021
18628 0.000023
18629 0.000023
18630 0.000024
18631 0.000015
18632 0.000021
18633 0.000014
18634 0.000017
18635 0.000021
18636 0.000020
18637 0.000021
18638 0.000023
18639 0.000023
18640 0.000024
18641 0.000015
18642 0.000021
18643 0.000014
18644 0.000017
18645 0.000021
18646 0.000020
18647 0.000021
18648 0.000023
18649 0.000023
18650 0.000024
18651 0.000015
18652 0.000021
18653 0.000014
18654 0.000017
18655 0.000021
18656 0.000020
18657 0.000021
18658 0.000023
18659 0.000023
18660 0.000024
18661 0.000015
18662 0.000021
18663 0.000014
18664 0.000017
18665 0.000021
18666 0.000020
18667 0.000021
18668 0.000023
18669 0.000023
18670 0.000024
18671 0.000015
18672 0.000021
18673 0.000014
18674 0.000017
18675 0.000021
18676 0.000020
18677 0.000021
18678 0.000023
18679 0.000023
18680 0.000024
18681 0.000015
18682 0.000021
18683 0.000014
18684 0.000017
18685 0.000021
18686 0.000020
18687 0.000021
18688 0.000023
18689 0.000023
18690 0.000024
18691 0.000015
18692 0.000021
18693 0.000014
18694 0.000017
18695 0.000021
18696 0.000020
18697 0.000021
18698 0.000023
18699 0.000023
18700 0.000024
18701 0.000015
18702 0.000021
18703 0.000014
18704 0.000017
18705 0.000021
18706 0.000020
18707 0.000021
18708 0.000023
18709 0.000023
18710 0.000024
18711 0.000015
18712 0.000021
18713 0.000014
18714 0.000017
18715 0.000021
18716 0.000020
18717 0.000021
18718 0.000023
18719 0.000023
18720 0.000024
18721 0.000015
18722 0.000021
18723 0.000014
18724 0.000017
18725 0.000021
18726 0.000020
18727 0.000021
18728 0.000023
18729 0.000023
18730 0.000024
18731 0.000015
18732 0.000021
18733 0.000014
18734 0.000017
18735 0.000021
18736 0.000020
18737 0.000021
18738 0.000023
18739 0.000023
18740 0.000024
18741 0.000015
18742 0.000021
18743 0.000014
18744 0.000017
18745 0.000021
18746 0.000020
18747 0.000021
18748 0.000023
18749 0.000023
18750 0.000024
18751 0.000015
18752 0.000021
18753 0.000014
18754 0.000017
18755 0.000021
18756 0.000020
18757 0.000021
18758 0.000023
18759 0.000023
18760 0.000024
18761 0.000015
18762 0.000021
18763 0.000014
18764 0.000017
18765 0.000021
18766 0.000020
18767 0.000021
18768 0.000023
18769 0.000023
18770 0.000024
18771 0.000015
18772 0.000021
18773 0.000014
18774 0.000017
18775 0.000021
18776 0.000020
18777 0.000021
18778 0.000023
18779 0.000023
18780 0.000024
18781 0.000015
18782 0.000021
18783 0.000014
18784 0.000017
18785 0.000021
18786 0.000020
18787 0.000021
18788 0.000023
18789 0.000023
18790 0.000024
18791 0.000015
18792 0.000021
18793 0.000014
18794 0.000017
18795 0.000021
18796 0.000020
18797 0.000021
18798 0.000023
18799 0.000023
18800 0.000024
18801 0.000015
18802 0.000021
18803 0.000014
18804 0.000017
18805 0.000021
18806 0.000020
18807 0.000021
18808 0.000023
18809 0.000023
18810 0.000024
18811 0.000015
18812 0.000021
18813 0.000014
18814 0.000017
18815 0.000021
18816 0.000020
18817 0.000021
18818 0.000023
18819 0.000023
18820 0.000024
18821 0.000015
18822 0.000021
18823 0.000014
18824 0.000017
18825 0.000021
18826 0.000020
18827 0.000021
18828 0.000023
18829 0.000023
18830 0.000024
18831 0.000015
18832 0.000021
18833 0.000014
18834 0.000017
18835 0.000021
18836 0.000020
18837 0.000021
18838 0.000023
18839 0.000023
18840 0.000024
18841 0.000015
18842 0.000021
18843 0.000014
18844 0.000017
18845 0.000021
18846 0.000020
18847 0.000021
18848 0.000023
18849 0.000023
18850 0.000024
18851 0.000015
18852 0.000021
18853 0.000014
18854 0.000017
18855 0.000021
18856 0.000020
18857 0.000021
18858 0.000023
18859 0.000023
18860 0.000024
18861 0.000015
18862 0.000021
18863 0.000014
18864 0.000017
18865 0.000021
18866 0.000020
18867 0.000021
18868 0.000023
18869 0.000023
18870 0.000024
18871 0.000015
18872 0.000021
18873 0.000014
18874 0.000017
18875 0.000021
18876 0.000020
18877 0.000021
18878 0.000023
18879 0.000023
18880 0.000024
18881 0.000015
18882 0.000021
18883 0.000014
18884 0.000017
18885 0.000021
18886 0.000020
18887 0.000021
18888 0.000023
18889 0.000023
18890 0.000024
18891 0.000015
18892 0.000021
18893 0.000014
18894 0.000017
18895 0.000021
18896 0.000020
18897 0.000021
18898 0.000023
18899 0.000023
18900 0.000024
18901 0.000015
18902 0.000021
18903 0.000014
18904 0.000017
18905 0.000021
18906 0.000020
18907 0.000021
18908 0.000023
18909 0.000023
18910 0.000024
18911 0.000015
18912 0.000021
18913 0.000014
18914 0.000017
18915 0.000021
18916 0.000020
18917 0.000021
18918 0.000023
18919 0.000023
18920 0.000024
18921 0.000015
18922 0.000021
18923 0.000014
18924 0.000017
18925 0.000021
18926 0.000020
18927 0.000021
18928 0.000023
18929 0.000023
18930 0.000024
18931 0.000015
18932 0.000021
18933 0.000014
18934 0.000017
18935 0.000021
18936 0.000020
18937 0.000021
18938 0.000023
18939 0.000023
18940 0.000024
18941 0.000015
18942 0.000021
18943 0.000014
18944 0.000017
18945 0.000021
18946 0.000020
18947 0.000021
18948 0.000023
18949 0.000023
18950 0.000024
18951 0.000015
18952 0.000021
18953 0.000014
18954 0.000017
18955 0.000021
18956 0.000020
18957 0.000021
18958 0.000023
18959 0.000023
18960 0.000024
18961 0.000015
18962 0.000021
18963 0.000014
18964 0.000017
18965 0.000021
18966 0.000020
18967 0.000021
18968 0.000023
18969 0.000023
18970 0.000024
18971 0.000015
18972 0.000021
18973 0.000014
18974 0.000017
18975 0.000021
18976 0.000020
18977 0.000021
18978 0.000023
18979 0.000023
18980 0.000024
18981 0.000015
18982 0.000021
18983 0.000014
18984 0.000017
18985 0.000021
18986 0.000020
18987 0.000021
18988 0.000023
18989 0.000023
18990 0.000024
18991 0.000015
18992 0.000021
18993 0.000014
18994 0.000017
18995 0.000021
18996 0.000020
18997 0.000021
18998 0.000023
18999 0.000023
19000 0.000024
19001 0.000015
19002 0.000021
19003 0.000014
19004 0.000017
19005 0.000021
19006 0.000020
19007 0.000021
19008 0.000023
19009 0.000023
19010 0.000024
19011 0.000015
19012 0.000021
19013 0.000014
19014 0.000017
19015 0.000021
19016 0.000020
19017 0.000021
19018 0.000023
19019 0.000023
19020 0.000024
19021 0.000015
19022 0.000021
19023 0.000014
19024 0.000017
19025 0.000021
19026 0.000020
19027 0.000021
19028 0.000023
19029 0.000023
19030 0.000024
19031 0.000015
19032 0.000021
19033 0.000014
19034 0.000017
19035 0.000021
19036 0.000020
19037 0.000021
19038 0.000023
19039 0.000023
19040 0.000024
19041 0.000015
19042 0.000021
19043 0.000014
19044 0.000017
19045 0.000021
19046 0.000020
19047 0.000021
19048 0.000023
19049 0.000023
19050 0.000024
19051 0.000015
19052 0.000021
19053 0.000014
19054 0.000017
19055 0.000021
19056 0.000020
19057 0.000021
19058 0.000023
19059 0.000023
19060 0.000024
19061 0.000015
19062 0.000021
19063 0.000014
19064 0.000017
19065 0.000021
19066 0.000020
19067 0.000021
19068 0.000023
19069 0.000023
19070 0.000024
19071 0.000015
19072 0.000021
19073 0.000014
19074 0.000017
19075 0.000021
19076 0.000020
19077 0.000021
19078 0.000023
19079 0.000023
19080 0.000024
19081 0.000015
19082 0.000021
19083 0.000014
19084 0.000017
19085 0.000021
19086 0.000020
19087 0.000021
19088 0.000023
19089 0.000023
19090 0.000024
19091 0.000015
19092 0.000021
19093 0.000014
19094 0.000017
19095 0.000021
19096 0.000020
19097 0.000021
19098 0.000023
19099 0.000023
19100 0.000024
19101 0.000015
19102 0.000021
19103 0.000014
19104 0.000017
19105 0.000021
19106 0.000020
19107 0.000021
19108 0.000023
19109 0.000023
19110 0.000024
19111 0.000015
19112 0.000021
19113 0.000014
19114 0.000017
19115 0.000021
19116 0.000020
19117 0.000021
19118 0.000023
19119 0.000023
19120 0.000024
19121 0.000015
19122 0.000021
19123 0.000014
19124 0.000017
19125 0.000021
19126 0.000020
19127 0.000021
19128 0.000023
19129 0.000023
19130 0.000024
19131 0.000015
19132 0.000021
19133 0.000014
19134 0.000017
19135 0.000021
19136 0.000020
19137 0.000021
19138 0.000023
19139 0.000023
19140 0.000024
19141 0.000015
19142 0.000021
19143 0.000014
19144 0.000017
19145 0.000021
19146 0.000020
19147 0.000021
19148 0.000023
19149 0.000023
19150 0.000024
19151 0.000015
19152 0.000021
19153 0.000014
19154 0.000017
19155 0.000021
19156 0.000020
19157 0.000021
19158 0.000023
19159 0.000023
19160 0.000024
19161 0.000015
19162 0.000021
19163 0.000014
19164 0.000017
19165 0.000021
19166 0.000020
19167 0.000021
19168 0.000023
19169 0.000023
19170 0.000024
19171 0.000015
19172 0.000021
19173 0.000014
19174 0.000017
19175 0.000021
19176 0.000020
19177 0.000021
19178 0.000023
19179 0.000023
19180 0.000024
19181 0.000015
19182 0.000021
19183 0.000014
19184 0.000017
19185 0.000021
19186 0.000020
19187 0.000021
19188 0.000023
19189 0.000023
19190 0.000024
19191 0.000015
19192 0.000021
19193 0.000014
19194 0.000017
19195 0.000021
19196 0.000020
19197 0.000021
19198 0.000023
19199 0.000023
19200 0.000024
19201 0.000015
19202 0.000021
19203 0.000014
19204 0.000017
19205 0.000021
19206 0.000020
19207 0.000021
19208 0.000023
19209 0.000023
19210 0.000024
19211 0.000015
19212 0.000021
19213 0.000014
19214 0.000017
19215 0.000021
19216 0.000020
19217 0.000021
19218 0.000023
19219 0.000023
19220 0.000024
19221 0.000015
19222 0.000021
19223 0.000014
19224 0.000017
19225 0.000021
19226 0.000020
19227 0.000021
19228 0.000023
19229 0.000023
19230 0.000024
19231 0.000015
19232 0.000021
19233 0.000014
19234 0.000017
19235 0.000021
19236 0.000020
19237 0.000021
19238 0.000023
19239 0.000023
19240 0.000024
19241 0.000015
19242 0.000021
19243 0.000014
19244 0.000017
19245 0.000021
19246 0.000020
19247 0.000021
19248 0.000023
19249 0.000023
19250 0.000024
19251 0.000015
19252 0.000021
19253 0.000014
19254 0.000017
19255 0.000021
19256 0.000020
19257 0.000021
19258 0.000023
19259 0.000023
19260 0.000024
19261 0.000015
19262 0.000021
19263 0.000014
19264 0.000017
19265 0.000021
19266 0.000020
19267 0.000021
19268 0.000023
19269 0.000023
19270 0.000024
19271 0.000015
19272 0.000021
19273 0.000014
19274 0.000017
19275 0.000021
19276 0.000020
19277 0.000021
19278 0.000023
19279 0.000023
19280 0.000024
19281 0.000015
19282 0.000021
19283 0.000014
19284 0.000017
19285 0.000021
19286 0.000020
19287 0.000021
19288 0.000023
19289 0.000023
19290 0.000024
19291 0.000015
19292 0.000021
19293 0.000014
19294 0.000017
19295 0.000021
19296 0.000020
19297 0.000021
19298 0.000023
19299 0.000023
19300 0.000024
19301 0.000015
19302 0.000021
19303 0.000014
19304 0.000017
19305 0.000021
19306 0.000020
19307 0.000021
19308 0.000023
19309 0.000023
19310 0.000024
19311 0.000015
19312 0.000021
19313 0.000014
19314 0.000017
19315 0.000021
19316 0.000020
19317 0.000021
19318 0.000023
19319 0.000023
19320 0.000024
19321 0.000015
19322 0.000021
19323 0.000014
19324 0.000017
19325 0.000021
19326 0.000020
19327 0.000021
19328 0.000023
19329 0.000023
19330 0.000024
19331 0.000015
19332 0.000021
19333 0.000014
19334 0.000017
19335 0.000021
19336 0.000020
19337 0.000021
19338 0.000023
19339 0.000023
19340 0.000024
19341 0.000015
19342 0.000021
19343 0.000014
19344 0.000017
19345 0.000021
19346 0.000020
19347 0.000021
19348 0.000023
19349 0.000023
19350 0.000024
19351 0.000015
19352 0.000021
19353 0.000014
19354 0.000017
19355 0.000021
19356 0.000020
19357 0.000021
19358 0.000023
19359 0.000023
19360 0.000024
19361 0.000015
19362 0.000021
19363 0.000014
19364 0.000017
19365 0.000021
19366 0.000020
19367 0.000021
19368 0.000023
19369 0.000023
19370 0.000024
19371 0.000015
19372 0.000021
19373 0.000014
19374 0.000017
19375 0.000021
19376 0.000020
19377 0.000021
19378 0.000023
19379 0.000023
19380 0.000024
19381 0.000015
19382 0.000021
19383 0.000014
19384 0.000017
19385 0.000021
19386 0.000020
19387 0.000021
19388 0.000023
19389 0.000023
19390 0.000024
19391 0.000015
19392 0.000021
19393 0.000014
19394 0.000017
19395 0.000021
19396 0.000020
19397 0.000021
19398 0.000023
19399 0.000023
19400 0.000024
19401 0.000015
19402 0.000021
19403 0.000014
19404 0.000017
19405 0.000021
19406 0.000020
19407 0.000021
19408 0.000023
19409 0.000023
19410 0.000024
19411 0.000015
19412 0.000021
19413 0.000014
19414 0.000017
19415 0.000021
19416 0.000020
19417 0.000021
19418 0.000023
19419 0.000023
19420 0.000024
19421 0.000015
19422 0.000021
19423 0.000014
19424 0.000017
19425 0.000021
19426 0.000020
19427 0.000021
19428 0.000023
19429 0.000023
19430 0.000024
19431 0.000015
19432 0.000021
19433 0.000014
19434 0.000017
19435 0.000021
19436 0.000020
19437 0.000021
19438 0.000023
19439 0.000023
19440 0.000024
19441 0.000015
19442 0.000021
19443 0.000014
19444 0.000017
19445 0.000021
19446 0.000020
19447 0.000021
19448 0.000023
19449 0.000023
19450 0.000024
19451 0.000015
19452 0.000021
19453 0.000014
19454 0.000017
19455 0.000021
19456 0.000020
19457 0.000021
19458 0.000023
19459 0.000023
19460 0.000024
19461 0.000015
19462 0.000021
19463 0.000014
19464 0.000017
19465 0.000021
19466 0.000020
19467 0.000021
19468 0.000023
19469 0.000023
19470 0.000024
19471 0.000015
19472 0.000021
19473 0.000014
19474 0.000017
19475 0.000021
19476 0.000020
19477 0.000021
19478 0.000023
19479 0.000023
19480 0.000024
19481 0.000015
19482 0.000021
19483 0.000014
19484 0.000017
19485 0.000021
19486 0.000020
19487 0.000021
19488 0.000023
19489 0.000023
19490 0.000024
19491 0.000015
19492 0.000021
19493 0.000014
19494 0.000017
19495 0.000021
19496 0.000020
19497 0.000021
19498 0.000023
19499 0.000023
19500 0.000024
19501 0.000015
19502 0.000021
19503 0.000014
19504 0.000017
19505 0.000021
19506 0.000020
19507 0.000021
19508 0.000023
19509 0.000023
19510 0.000024
19511 0.000015
19512 0.000021
19513 0.000014
19514 0.000017
19515 0.000021
19516 0.000020
19517 0.000021
19518 0.000023
19519 0.000023
19520 0.000024
19521 0.000015
19522 0.000021
19523 0.000014
19524 0.000017
19525 0.000021
19526 0.000020
19527 0.000021
19528 0.000023
19529 0.000023
19530 0.000024
19531 0.000015
19532 0.000021
19533 0.000014
19534 0.000017
19535 0.000021
19536 0.000020
19537 0.000021
19538 0.000023
19539 0.000023
19540 0.000024
19541 0.000015
19542 0.000021
19543 0.000014
19544 0.000017
19545 0.000021
19546 0.000020
19547 0.000021
19548 0.000023
19549 0.000023
19550 0.000024
19551 0.000015
19552 0.000021
19553 0.000014
19554 0.000017
19555 0.000021
19556 0.000020
19557 0.000021
19558 0.000023
19559 0.000023
19560 0.000024
19561 0.000015
19562 0.000021
19563 0.000014
19564 0.000017
19565 0.000021
19566 0.000020
19567 0.000021
19568 0.000023
19569 0.000023
19570 0.000024
19571 0.000015
19572 0.000021
19573 0.000014
19574 0.000017
19575 0.000021
19576 0.000020
19577 0.000021
19578 0.000023
19579 0.000023
19580 0.000024
19581 0.000015
19582 0.000021
19583 0.000014
19584 0.000017
19585 0.000021
19586 0.000020
19587 0.000021
19588 0.000023
19589 0.000023
19590 0.000024
19591 0.000015
19592 0.000021
19593 0.000014
19594 0.000017
19595 0.000021
19596 0.000020
19597 0.000021
19598 0.000023
19599 0.000023
19600 0.000024
19601 0.000015
19602 0.000021
19603 0.000014
19604 0.000017
19605 0.000021
19606 0.000020
19607 0.000021
19608 0.000023
19609 0.000023
19610 0.000024
19611 0.000015
19612 0.000021
19613 0.000014
19614 0.000017
19615 0.000021
19616 0.000020
19617 0.000021
19618 0.000023
19619 0.000023
19620 0.000024
19621 0.000015
19622 0.000021
19623 0.000014
19624 0.000017
19625 0.000021
19626 0.000020
19627 0.000021
19628 0.000023
19629 0.000023
19630 0.000024
19631 0.000015
19632 0.000021
19633 0.000014
19634 0.000017
19635 0.000021
19636 0.000020
19637 0.000021
19638 0.000023
19639 0.000023
19640 0.000024
19641 0.000015
19642 0.000021
19643 0.000014
19644 0.000017
19645 0.000021
19646 0.000020
19647 0.000021
19648 0.000023
19649 0.000023
19650 0.000024
19651 0.000015
19652 0.000021
19653 0.000014
19654 0.000017
19655 0.000021
19656 0.000020
19657 0.000021
19658 0.000023
19659 0.000023
19660 0.000024
19661 0.000015
19662 0.000021
19663 0.000014
19664 0.000017
19665 0.000021
19666 0.000020
19667 0.000021
19668 0.000023
19669 0.000023
19670 0.000024
19671 0.000015
19672 0.000021
19673 0.000014
19674 0.000017
19675 0.000021
19676 0.000020
19677 0.000021
19678 0.000023
19679 0.000023
19680 0.000024
19681 0.000015
19682 0.000021
19683 0.000014
19684 0.000017
19685 0.000021
19686 0.000020
19687 0.000021
19688 0.000023
19689 0.000023
19690 0.000024
19691 0.000015
19692 0.000021
19693 0.000014
19694 0.000017
19695 0.000021
19696 0.000020
19697 0.000021
19698 0.000023
19699 0.000023
19700 0.000024
19701 0.000015
19702 0.000021
19703 0.000014
19704 0.000017
19705 0.000021
19706 0.000020
19707 0.000021
19708 0.000023
19709 0.000023
19710 0.000024
19711 0.000015
19712 0.000021
19713 0.000014
19714 0.000017
19715 0.000021
19716 0.000020
19717 0.000021
19718 0.000023
19719 0.000023
19720 0.000024
19721 0.000015
19722 0.000021
19723 0.000014
19724 0.000017
19725 0.000021
19726 0.000020
19727 0.000021
19728 0.000023
19729 0.000023
19730 0.000024
19731 0.000015
19732 0.000021
19733 0.000014
19734 0.000017
19735 0.000021
19736 0.000020
19737 0.000021
19738 0.000023
19739 0.000023
19740 0.000024
19741 0.000015
19742 0.000021
19743 0.000014
19744 0.000017
19745 0.000021
19746 0.000020
19747 0.000021
19748 0.000023
19749 0.000023
19750 0.000024
19751 0.000015
19752 0.000021
19753 0.000014
19754 0.000017
19755 0.000021
19756 0.000020
19757 0.000021
19758 0.000023
19759 0.000023
19760 0.000024
19761 0.000015
19762 0.000021
19763 0.000014
19764 0.000017
19765 0.000021
19766 0.000020
19767 0.000021
19768 0.000023
19769 0.000023
19770 0.000024
19771 0.000015
19772 0.000021
19773 0.000014
19774 0.000017
19775 0.000021
19776 0.000020
19777 0.000021
19778 0.000023
19779 0.000023
19780 0.000024
19781 0.000015
19782 0.000021
19783 0.000014
19784 0.000017
19785 0.000021
19786 0.000020
19787 0.000021
19788 0.000023
19789 0.000023
19790 0.000024
19791 0.000015
19792 0.000021
19793 0.000014
19794 0.000017
19795 0.000021
19796 0.000020
19797 0.000021
19798 0.000023
19799 0.000023
19800 0.000024
19801 0.000015
19802 0.000021
19803 0.000014
19804 0.000017
19805 0.000021
19806 0.000020
19807 0.000021
19808 0.000023
19809 0.000023
19810 0.000024
19811 0.000015
19812 0.000021
19813 0.000014
19814 0.000017
19815 0.000021
19816 0.000020
19817 0.000021
19818 0.000023
19819 0.000023
19820 0.000024
19821 0.000015
19822 0.000021
19823 0.000014
19824 0.000017
19825 0.000021
19826 0.000020
19827 0.000021
19828 0.000023
19829 0.000023
19830 0.000024
19831 0.000015
19832 0.000021
19833 0.000014
19834 0.000017
19835 0.000021
19836 0.000020
19837 0.000021
19838 0.000023
19839 0.000023
19840 0.000024
19841 0.000015
19842 0.000021
19843 0.000014
19844 0.000017
19845 0.000021
19846 0.000020
19847 0.000021
19848 0.000023
19849 0.000023
19850 0.000024
19851 0.000015
19852 0.000021
19853 0.000014
19854 0.000017
19855 0.000021
19856 0.000020
19857 0.000021
19858 0.000023
19859 0.000023
19860 0.000024
19861 0.000015
19862 0.000021
19863 0.000014
19864 0.000017
19865 0.000021
19866 0.000020
19867 0.000021
19868 0.000023
19869 0.000023
19870 0.000024
19871 0.000015
19872 0.000021
19873 0.000014
19874 0.000017
19875 0.000021
19876 0.000020
19877 0.000021
19878 0.000023
19879 0.000023
19880 0.000024
19881 0.000015
19882 0.000021
19883 0.000014
19884 0.000017
19885 0.000021
19886 0.000020
19887 0.000021
19888 0.000023
19889 0.000023
19890 0.000024
19891 0.000015
19892 0.000021
19893 0.000014
19894 0.000017
19895 0.000021
19896 0.000020
19897 0.000021
19898 0.000023
19899 0.000023
19900 0.000024
19901 0.000015
19902 0.000021
19903 0.000014
19904 0.000017
19905 0.000021
19906 0.000020
19907 0.000021
19908 0.000023
19909 0.000023
19910 0.000024
19911 0.000015
19912 0.000021
19913 0.000014
19914 0.000017
19915 0.000021
19916 0.000020
19917 0.000021
19918 0.000023
19919 0.000023
19920 0.000024
19921 0.000015
19922 0.000021
19923 0.000014
19924 0.000017
19925 0.000021
19926 0.000020
19927 0.000021
19928 0.000023
19929 0.000023
19930 0.000024
19931 0.000015
19932 0.000021
19933 0.000014
19934 0.000017
19935 0.000021
19936 0.000020
19937 0.000021
19938 0.000023
19939 0.000023
19940 0.000024
19941 0.000015
19942 0.000021
19943 0.000014
19944 0.000017
19945 0.000021
19946 0.000020
19947 0.000021
19948 0.000023
19949 0.000023
19950 0.000024
19951 0.000015
19952 0.000021
19953 0.000014
19954 0.000017
19955 0.000021
19956 0.000020
19957 0.000021
19958 0.000023
19959 0.000023
19960 0.000024
19961 0.000015
19962 0.000021
19963 0.000014
19964 0.000017
19965 0.000021
19966 0.000020
19967 0.000021
19968 0.000023
19969 0.000023
19970 0.000024
19971 0.000015
19972 0.000021
19973 0.000014
19974 0.000017
19975 0.000021
19976 0.000020
19977 0.000021
19978 0.000023
19979 0.000023
19980 0.000024
19981 0.000015
19982 0.000021
19983 0.000014
19984 0.000017
19985 0.000021
19986 0.000020
19987 0.000021
19988 0.000023
19989 0.000023
19990 0.000024
19991 0.000015
19992 0.000021
19993 0.000014
19994 0.000017
19995 0.000021
19996 0.000020
19997 0.000021
19998 0.000023
19999 0.000023
20000 0.000024
20001 0.000015
20002 0.000021
20003 0.000014
20004 0.000017
20005 0.000021
20006 0.000020
20007 0.000021
20008 0.000023
20009 0.000023
20010 0.000024
20011 0.000015
20012 0.000021
20013 0.000014
20014 0.000017
20015 0.000021
20016 0.000020
20017 0.000021
20018 0.000023
20019 0.000023
20020 0.000024
20021 0.000015
20022 0.000021
20023 0.000014
20024 0.000017
20025 0.000021
20026 0.000020
20027 0.000021
20028 0.000023
20029 0.000023
20030 0.000024
20031 0.000015
20032 0.000021
20033 0.000014
20034 0.000017
20035 0.000021
20036 0.000020
20037 0.000021
20038 0.000023
20039 0.000023
20040 0.000024
20041 0.000015
20042 0.000021
20043 0.000014
20044 0.000017
20045 0.000021
20046 0.000020
20047 0.000021
20048 0.000023
20049 0.000023
20050 0.000024
20051 0.000015
20052 0.000021
20053 0.000014
20054 0.000017
20055 0.000021
20056 0.000020
20057 0.000021
20058 0.000023
20059 0.000023
20060 0.000024
20061 0.000015
20062 0.000021
20063 0.000014
20064 0.000017
20065 0.000021
20066 0.000020
20067 0.000021
20068 0.000023
20069 0.000023
20070 0.000024
20071 0.000015
20072 0.000021
20073 0.000014
20074 0.000017
20075 0.000021
20076 0.000020
20077 0.000021
20078 0.000023
20079 0.000023
20080 0.000024
20081 0.000015
20082 0.000021
20083 0.000014
20084 0.000017
20085 0.000021
20086 0.000020
20087 0.000021
20088 0.000023
20089 0.000023
20090 0.000024
20091 0.000015
20092 0.000021
20093 0.000014
20094 0.000017
20095 0.000021
20096 0.000020
20097 0.000021
20098 0.000023
20099 0.000023
20100 0.000024
20101 0.000015
20102 0.000021
20103 0.000014
20104 0.000017
20105 0.000021
20106 0.000020
20107 0.000021
20108 0.000023
20109 0.000023
20110 0.000024
20111 0.000015
20112 0.000021
20113 0.000014
20114 0.000017
20115 0.000021
20116 0.000020
20117 0.000021
20118 0.000023
20119 0.000023
20120 0.000024
20121 0.000015
20122 0.000021
20123 0.000014
20124 0.000017
20125 0.000021
20126 0.000020
20127 0.000021
20128 0.000023
20129 0.000023
20130 0.000024
20131 0.000015
20132 0.000021
20133 0.000014
20134 0.000017
20135 0.000021
20136 0.000020
20137 0.000021
20138 0.000023
20139 0.000023
20140 0.000024
20141 0.000015
20142 0.000021
20143 0.000014
20144 0.000017
20145 0.000021
20146 0.000020
20147 0.000021
20148 0.000023
20149 0.000023
20150 0.000024
20151 0.000015
20152 0.000021
20153 0.000014
20154 0.000017
20155 0.000021
20156 0.000020
20157 0.000021
20158 0.000023
20159 0.000023
20160 0.000024
20161 0.000015
20162 0.000021
20163 0.000014
20164 0.000017
20165 0.000021
20166 0.000020
20167 0.000021
20168 0.000023
20169 0.000023
20170 0.000024
20171 0.000015
20172 0.000021
20173 0.000014
20174 0.000017
20175 0.000021
20176 0.000020
20177 0.000021
20178 0.000023
20179 0.000023
20180 0.000024
20181 0.000015
20182 0.000021
20183 0.000014
20184 0.000017
20185 0.000021
20186 0.000020
20187 0.000021
20188 0.000023
20189 0.000023
20190 0.000024
20191 0.000015
20192 0.000021
20193 0.000014
20194 0.000017
20195 0.000021
20196 0.000020
20197 0.000021
20198 0.000023
20199 0.000023
20200 0.000024
20201 0.000015
20202 0.000021
20203 0.000014
20204 0.000017
20205 0.000021
20206 0.000020
20207 0.000021
20208 0.000023
20209 0.000023
20210 0.000024
20211 0.000015
20212 0.000021
20213 0.000014
20214 0.000017
20215 0.000021
20216 0.000020
20217 0.000021
20218 0.000023
20219 0.000023
20220 0.000024
20221 0.000015
20222 0.000021
20223 0.000014
20224 0.000017
20225 0.000021
20226 0.000020
20227 0.000021
20228 0.000023
20229 0.000023
20230 0.000024
20231 0.000015
20232 0.000021
20233 0.000014
20234 0.000017
20235 0.000021
20236 0.000020
20237 0.000021
20238 0.000023
20239 0.000023
20240 0.000024
20241 0.000015
20242 0.000021
20243 0.000014
20244 0.000017
20245 0.000021
20246 0.000020
20247 0.000021
20248 0.000023
20249 0.000023
20250 0.000024
20251 0.000015
20252 0.000021
20253 0.000014
20254 0.000017
20255 0.000021
20256 0.000020
20257 0.000021
20258 0.000023
20259 0.000023
20260 0.000024
20261 0.000015
20262 0.000021
20263 0.000014
20264 0.000017
20265 0.000021
20266 0.000020
20267 0.000021
20268 0.000023
20269 0.000023
20270 0.000024
20271 0.000015
20272 0.000021
20273 0.000014
20274 0.000017
20275 0.000021
20276 0.000020
20277 0.000021
20278 0.000023
20279 0.000023
20280 0.000024
20281 0.000015
20282 0.000021
20283 0.000014
20284 0.000017
20285 0.000021
20286 0.000020
20287 0.000021
20288 0.000023
20289 0.000023
20290 0.000024
20291 0.000015
20292 0.000021
20293 0.000014
20294 0.000017
20295 0.000021
20296 0.000020
20297 0.000021
20298 0.000023
20299 0.000023
20300 0.000024
20301 0.000015
20302 0.000021
20303 0.000014
20304 0.000017
20305 0.000021
20306 0.000020
20307 0.000021
20308 0.000023
20309 0.000023
20310 0.000024
20311 0.000015
20312 0.000021
20313 0.000014
20314 0.000017
20315 0.000021
20316 0.000020
20317 0.000021
20318 0.000023
20319 0.000023
20320 0.000024
20321 0.000015
20322 0.000021
20323 0.000014
20324 0.000017
20325 0.000021
20326 0.000020
20327 0.000021
20328 0.000023
20329 0.000023
20330 0.000024
20331 0.000015
20332 0.000021
20333 0.000014
20334 0.000017
20335 0.000021
20336 0.000020
20337 0.000021
20338 0.000023
20339 0.000023
20340 0.000024
20341 0.000015
20342 0.000021
20343 0.000014
20344 0.000017
20345 0.000021
20346 0.000020
20347 0.000021
20348 0.000023
20349 0.000023
20350 0.000024
20351 0.000015
20352 0.000021
20353 0.000014
20354 0.000017
20355 0.000021
20356 0.000020
20357 0.000021
20358 0.000023
20359 0.000023
20360 0.000024
20361 0.000015
20362 0.000021
20363 0.000014
20364 0.000017
20365 0.000021
20366 0.000020
20367 0.000021
20368 0.000023
20369 0.000023
20370 0.000024
20371 0.000015
20372 0.000021
20373 0.000014
20374 0.000017
20375 0.000021
20376 0.000020
20377 0.000021
20378 0.000023
20379 0.000023
20380 0.000024
20381 0.000015
20382 0.000021
20383 0.000014
20384 0.000017
20385 0.000021
20386 0.000020
20387 0.000021
20388 0.000023
20389 0.000023
20390 0.000024
20391 0.000015
20392 0.000021
20393 0.000014
20394 0.000017
20395 0.000021
20396 0.000020
20397 0.000021
20398 0.000023
20399 0.000023
20400 0.000024
20401 0.000015
20402 0.000021
20403 0.000014
20404 0.000017
20405 0.000021
20406 0.000020
20407 0.000021
20408 0.000023
20409 0.000023
20410 0.000024
20411 0.000015
20412 0.000021
20413 0.000014
20414 0.000017
20415 0.000021
20416 0.000020
20417 0.000021
20418 0.000023
20419 0.000023
20420 0.000024
20421 0.000015
20422 0.000021
20423 0.000014
20424 0.000017
20425 0.000021
20426 0.000020
20427 0.000021
20428 0.000023
20429 0.000023
20430 0.000024
20431 0.000015
20432 0.000021
20433 0.000014
20434 0.000017
20435 0.000021
20436 0.000020
20437 0.000021
20438 0.000023
20439 0.000023
20440 0.000024
20441 0.000015
20442 0.000021
20443 0.000014
20444 0.000017
20445 0.000021
20446 0.000020
20447 0.000021
20448 0.000023
20449 0.000023
20450 0.000024
20451 0.000015
20452 0.000021
20453 0.000014
20454 0.000017
20455 0.000021
20456 0.000020
20457 0.000021
20458 0.000023
20459 0.000023
20460 0.000024
20461 0.000015
20462 0.000021
20463 0.000014
20464 0.000017
20465 0.000021
20466 0.000020
20467 0.000021
20468 0.000023
20469 0.000023
20470 0.000024
20471 0.000015
20472 0.000021
20473 0.000014
20474 0.000017
20475 0.000021
20476 0.000020
20477 0.000021
20478 0.000023
20479 0.000023
20480 0.000024
20481 0.000015
20482 0.000021
20483 0.000014
20484 0.000017
20485 0.000021
20486 0.000020
20487 0.000021
20488 0.000023
20489 0.000023
20490 0.000024
20491 0.000015
20492 0.000021
20493 0.000014
20494 0.000017
20495 0.000021
20496 0.000020
20497 0.000021
20498 0.000023
20499 0.000023
20500 0.000024
20501 0.000015
20502 0.000021
20503 0.000014
20504 0.000017
20505 0.000021
20506 0.000020
20507 0.000021
20508 0.000023
20509 0.000023
20510 0.000024
20511 0.000015
20512 0.000021
20513 0.000014
20514 0.000017
20515 0.000021
20516 0.000020
20517 0.000021
20518 0.000023
20519 0.000023
20520 0.000024
20521 0.000015
20522 0.000021
20523 0.000014
20524 0.000017
20525 0.000021
20526 0.000020
20527 0.000021
20528 0.000023
20529 0.000023
20530 0.000024
20531 0.000015
20532 0.000021
20533 0.000014
20534 0.000017
20535 0.000021
20536 0.000020
20537 0.000021
20538 0.000023
20539 0.000023
20540 0.000024
20541 0.000015
20542 0.000021
20543 0.000014
20544 0.000017
20545 0.000021
20546 0.000020
20547 0.000021
20548 0.000023
20549 0.000023
20550 0.000024
20551 0.000015
20552 0.000021
20553 0.000014
20554 0.000017
20555 0.000021
20556 0.000020
20557 0.000021
20558 0.000023
20559 0.000023
20560 0.000024
20561 0.000015
20562 0.000021
20563 0.000014
20564 0.000017
20565 0.000021
20566 0.000020
20567 0.000021
20568 0.000023
20569 0.000023
20570 0.000024
20571 0.000015
20572 0.000021
20573 0.000014
20574 0.000017
20575 0.000021
20576 0.000020
20577 0.000021
20578 0.000023
20579 0.000023
20580 0.000024
20581 0.000015
20582 0.000021
20583 0.000014
20584 0.000017
20585 0.000021
20586 0.000020
20587 0.000021
20588 0.000023
20589 0.000023
20590 0.000024
20591 0.000015
20592 0.000021
20593 0.000014
20594 0.000017
20595 0.000021
20596 0.000020
20597 0.000021
20598 0.000023
20599 0.000023
20600 0.000024
20601 0.000015
20602 0.000021
20603 0.000014
20604 0.000017
20605 0.000021
20606 0.000020
20607 0.000021
20608 0.000023
20609 0.000023
20610 0.000024
20611 0.000015
20612 0.000021
20613 0.000014
20614 0.000017
20615 0.000021
20616 0.000020
20617 0.000021
20618 0.000023
20619 0.000023
20620 0.000024
20621 0.000015
20622 0.000021
20623 0.000014
20624 0.000017
20625 0.000021
20626 0.000020
20627 0.000021
20628 0.000023
20629 0.000023
20630 0.000024
20631 0.000015
20632 0.000021
20633 0.000014
20634 0.000017
20635 0.000021
20636 0.000020
20637 0.000021
20638 0.000023
20639 0.000023
20640 0.000024
20641 0.000015
20642 0.000021
20643 0.000014
20644 0.000017
20645 0.000021
20646 0.000020
20647 0.000021
20648 0.000023
20649 0.000023
20650 0.000024
20651 0.000015
20652 0.000021
20653 0.000014
20654 0.000017
20655 0.000021
20656 0.000020
20657 0.000021
20658 0.000023
20659 0.000023
20660 0.000024
20661 0.000015
20662 0.000021
20663 0.000014
20664 0.000017
20665 0.000021
20666 0.000020
20667 0.000021
20668 0.000023
20669 0.000023
20670 0.000024
20671 0.000015
20672 0.000021
20673 0.000014
20674 0.000017
20675 0.000021
20676 0.000020
20677 0.000021
20678 0.000023
20679 0.000023
20680 0.000024
20681 0.000015
20682 0.000021
20683 0.000014
20684 0.000017
20685 0.000021
20686 0.000020
20687 0.000021
20688 0.000023
20689 0.000023
20690 0.000024
20691 0.000015
20692 0.000021
20693 0.000014
20694 0.000017
20695 0.000021
20696 0.000020
20697 0.000021
20698 0.000023
20699 0.000023
20700 0.000024
20701 0.000015
20702 0.000021
20703 0.000014
20704 0.000017
20705 0.000021
20706 0.000020
20707 0.000021
20708 0.000023
20709 0.000023
20710 0.000024
20711 0.000015
20712 0.000021
20713 0.000014
20714 0.000017
20715 0.000021
20716 0.000020
20717 0.000021
20718 0.000023
20719 0.000023
20720 0.000024
20721 0.000015
20722 0.000021
20723 0.000014
20724 0.000017
20725 0.000021
20726 0.000020
20727 0.000021
20728 0.000023
20729 0.000023
20730 0.000024
20731 0.000015
20732 0.000021
20733 0.000014
20734 0.000017
20735 0.000021
20736 0.000020
20737 0.000021
20738 0.000023
20739 0.000023
20740 0.000024
20741 0.000015
20742 0.000021
20743 0.000014
20744 0.000017
20745 0.000021
20746 0.000020
20747 0.000021
20748 0.000023
20749 0.000023
20750 0.000024
20751 0.000015
20752 0.000021
20753 0.000014
20754 0.000017
20755 0.000021
20756 0.000020
20757 0.000021
20758 0.000023
20759 0.000023
20760 0.000024
20761 0.000015
20762 0.000021
20763 0.000014
20764 0.000017
20765 0.000021
20766 0.000020
20767 0.000021
20768 0.000023
20769 0.000023
20770 0.000024
20771 0.000015
20772 0.000021
20773 0.000014
20774 0.000017
20775 0.000021
20776 0.000020
20777 0.000021
20778 0.000023
20779 0.000023
20780 0.000024
20781 0.000015
20782 0.000021
20783 0.000014
20784 0.000017
20785 0.000021
20786 0.000020
20787 0.000021
20788 0.000023
20789 0.000023
20790 0.000024
20791 0.000015
20792 0.000021
20793 0.000014
20794 0.000017
20795 0.000021
20796 0.000020
20797 0.000021
20798 0.000023
20799 0.000023
20800 0.000024
20801 0.000015
20802 0.000021
20803 0.000014
20804 0.000017
20805 0.000021
20806 0.000020
20807 0.000021
20808 0.000023
20809 0.000023
20810 0.000024
20811 0.000015
20812 0.000021
20813 0.000014
20814 0.000017
20815 0.000021
20816 0.000020
20817 0.000021
20818 0.000023
20819 0.000023
20820 0.000024
20821 0.000015
20822 0.000021
20823 0.000014
20824 0.000017
20825 0.000021
20826 0.000020
20827 0.000021
20828 0.000023
20829 0.000023
20830 0.000024
20831 0.000015
20832 0.000021
20833 0.000014
20834 0.000017
20835 0.000021
20836 0.000020
20837 0.000021
20838 0.000023
20839 0.000023
20840 0.000024
20841 0.000015
20842 0.000021
20843 0.000014
20844 0.000017
20845 0.000021
20846 0.000020
20847 0.000021
20848 0.000023
20849 0.000023
20850 0.000024
20851 0.000015
20852 0.000021
20853 0.000014
20854 0.000017
20855 0.000021
20856 0.000020
20857 0.000021
20858 0.000023
20859 0.000023
20860 0.000024
20861 0.000015
20862 0.000021
20863 0.000014
20864 0.000017
20865 0.000021
20866 0.000020
20867 0.000021
20868 0.000023
20869 0.000023
20870 0.000024
20871 0.000015
20872 0.000021
20873 0.000014
20874 0.000017
20875 0.000021
20876 0.000020
20877 0.000021
20878 0.000023
20879 0.000023
20880 0.000024
20881 0.000015
20882 0.000021
20883 0.000014
20884 0.000017
20885 0.000021
20886 0.000020
20887 0.000021
20888 0.000023
20889 0.000023
20890 0.000024
20891 0.000015
20892 0.000021
20893 0.000014
20894 0.000017
20895 0.000021
20896 0.000020
20897 0.000021
20898 0.000023
20899 0.000023
20900 0.000024
20901 0.000015
20902 0.000021
20903 0.000014
20904 0.000017
20905 0.000021
20906 0.000020
20907 0.000021
20908 0.000023
20909 0.000023
20910 0.000024
20911 0.000015
20912 0.000021
20913 0.000014
20914 0.000017
20915 0.000021
20916 0.000020
20917 0.000021
20918 0.000023
20919 0.000023
20920 0.000024
20921 0.000015
20922 0.000021
20923 0.000014
20924 0.000017
20925 0.000021
20926 0.000020
20927 0.000021
20928 0.000023
20929 0.000023
20930 0.000024
20931 0.000015
20932 0.000021
20933 0.000014
20934 0.000017
20935 0.000021
20936 0.000020
20937 0.000021
20938 0.000023
20939 0.000023
20940 0.000024
20941 0.000015
20942 0.000021
20943 0.000014
20944 0.000017
20945 0.000021
20946 0.000020
20947 0.000021
20948 0.000023
20949 0.000023
20950 0.000024
20951 0.000015
20952 0.000021
20953 0.000014
20954 0.000017
20955 0.000021
20956 0.000020
20957 0.000021
20958 0.000023
20959 0.000023
20960 0.000024
20961 0.000015
20962 0.000021
20963 0.000014
20964 0.000017
20965 0.000021
20966 0.000020
20967 0.000021
20968 0.000023
20969 0.000023
20970 0.000024
20971 0.000015
20972 0.000021
20973 0.000014
20974 0.000017
20975 0.000021
20976 0.000020
20977 0.000021
20978 0.000023
20979 0.000023
20980 0.000024
20981 0.000015
20982 0.000021
20983 0.000014
20984 0.000017
20985 0.000021
20986 0.000020
20987 0.000021
20988 0.000023
20989 0.000023
20990 0.000024
20991 0.000015
20992 0.000021
20993 0.000014
20994 0.000017
20995 0.000021
20996 0.000020
20997 0.000021
20998 0.000023
20999 0.000023
21000 0.000024
21001 0.000015
21002 0.000021
21003 0.000014
21004 0.000017
21005 0.000021
21006 0.000020
21007 0.000021
21008 0.000023
21009 0.000023
21010 0.000024
21011 0.000015
21012 0.000021
21013 0.000014
21014 0.000017
21015 0.000021
21016 0.000020
21017 0.000021
21018 0.000023
21019 0.000023
21020 0.000024
21021 0.000015
21022 0.000021
21023 0.000014
21024 0.000017
21025 0.000021
21026 0.000020
21027 0.000021
21028 0.000023
21029 0.000023
21030 0.000024
21031 0.000015
21032 0.000021
21033 0.000014
21034 0.000017
21035 0.000021
21036 0.000020
21037 0.000021
21038 0.000023
21039 0.000023
21040 0.000024
21041 0.000015
21042 0.000021
21043 0.000014
21044 0.000017
21045 0.000021
21046 0.000020
21047 0.000021
21048 0.000023
21049 0.000023
21050 0.000024
21051 0.000015
21052 0.000021
21053 0.000014
21054 0.000017
21055 0.000021
21056 0.000020
21057 0.000021
21058 0.000023
21059 0.000023
21060 0.000024
21061 0.000015
21062 0.000021
21063 0.000014
21064 0.000017
21065 0.000021
21066 0.000020
21067 0.000021
21068 0.000023
21069 0.000023
21070 0.000024
21071 0.000015
21072 0.000021
21073 0.000014
21074 0.000017
21075 0.000021
21076 0.000020
21077 0.000021
21078 0.000023
21079 0.000023
21080 0.000024
21081 0.000015
21082 0.000021
21083 0.000014
21084 0.000017
21085 0.000021
21086 0.000020
21087 0.000021
21088 0.000023
21089 0.000023
21090 0.000024
21091 0.000015
21092 0.000021
21093 0.000014
21094 0.000017
21095 0.000021
21096 0.000020
21097 0.000021
21098 0.000023
21099 0.000023
21100 0.000024
21101 0.000015
21102 0.000021
21103 0.000014
21104 0.000017
21105 0.000021
21106 0.000020
21107 0.000021
21108 0.000023
21109 0.000023
21110 0.000024
21111 0.000015
21112 0.000021
21113 0.000014
21114 0.000017
21115 0.000021
21116 0.000020
21117 0.000021
21118 0.000023
21119 0.000023
21120 0.000024
21121 0.000015
21122 0.000021
21123 0.000014
21124 0.000017
21125 0.000021
21126 0.000020
21127 0.000021
21128 0.000023
21129 0.000023
21130 0.000024
21131 0.000015
21132 0.000021
21133 0.000014
21134 0.000017
21135 0.000021
21136 0.000020
21137 0.000021
21138 0.000023
21139 0.000023
21140 0.000024
21141 0.000015
21142 0.000021
21143 0.000014
21144 0.000017
21145 0.000021
21146 0.000020
21147 0.000021
21148 0.000023
21149 0.000023
21150 0.000024
21151 0.000015
21152 0.000021
21153 0.000014
21154 0.000017
21155 0.000021
21156 0.000020
21157 0.000021
21158 0.000023
21159 0.000023
21160 0.000024
21161 0.000015
21162 0.000021
21163 0.000014
21164 0.000017
21165 0.000021
21166 0.000020
21167 0.000021
21168 0.000023
21169 0.000023
21170 0.000024
21171 0.000015
21172 0.000021
21173 0.000014
21174 0.000017
21175 0.000021
21176 0.000020
21177 0.000021
21178 0.000023
21179 0.000023
21180 0.000024
21181 0.000015
21182 0.000021
21183 0.000014
21184 0.000017
21185 0.000021
21186 0.000020
21187 0.000021
21188 0.000023
21189 0.000023
21190 0.000024
21191 0.000015
21192 0.000021
21193 0.000014
21194 0.000017
21195 0.000021
21196 0.000020
21197 0.000021
21198 0.000023
21199 0.000023
21200 0.000024
21201 0.000015
21202 0.000021
21203 0.000014
21204 0.000017
21205 0.000021
21206 0.000020
21207 0.000021
21208 0.000023
21209 0.000023
21210 0.000024
21211 0.000015
21212 0.000021
21213 0.000014
21214 0.000017
21215 0.000021
21216 0.000020
21217 0.000021
21218 0.000023
21219 0.000023
21220 0.000024
21221 0.000015
21222 0.000021
21223 0.000014
21224 0.000017
21225 0.000021
21226 0.000020
21227 0.000021
21228 0.000023
21229 0.000023
21230 0.000024
21231 0.000015
21232 0.000021
21233 0.000014
21234 0.000017
21235 0.000021
21236 0.000020
21237 0.000021
21238 0.000023
21239 0.000023
21240 0.000024
21241 0.000015
21242 0.000021
21243 0.000014
21244 0.000017
21245 0.000021
21246 0.000020
21247 0.000021
21248 0.000023
21249 0.000023
21250 0.000024
21251 0.000015
21252 0.000021
21253 0.000014
21254 0.000017
21255 0.000021
21256 0.000020
21257 0.000021
21258 0.000023
21259 0.000023
21260 0.000024
21261 0.000015
21262 0.000021
21263 0.000014
21264 0.000017
21265 0.000021
21266 0.000020
21267 0.000021
21268 0.000023
21269 0.000023
21270 0.000024
21271 0.000015
21272 0.000021
21273 0.000014
21274 0.000017
21275 0.000021
21276 0.000020
21277 0.000021
21278 0.000023
21279 0.000023
21280 0.000024
21281 0.000015
21282 0.000021
21283 0.000014
21284 0.000017
21285 0.000021
21286 0.000020
21287 0.000021
21288 0.000023
21289 0.000023
21290 0.000024
21291 0.000015
21292 0.000021
21293 0.000014
21294 0.000017
21295 0.000021
21296 0.000020
21297 0.000021
21298 0.000023
21299 0.000023
21300 0.000024
21301 0.000015
21302 0.000021
21303 0.000014
21304 0.000017
21305 0.000021
21306 0.000020
21307 0.000021
21308 0.000023
21309 0.000023
21310 0.000024
21311 0.000015
21312 0.000021
21313 0.000014
21314 0.000017
21315 0.000021
21316 0.000020
21317 0.000021
21318 0.000023
21319 0.000023
21320 0.000024
21321 0.000015
21322 0.000021
21323 0.000014
21324 0.000017
21325 0.000021
21326 0.000020
21327 0.000021
21328 0.000023
21329 0.000023
21330 0.000024
21331 0.000015
21332 0.000021
21333 0.000014
21334 0.000017
21335 0.000021
21336 0.000020
21337 0.000021
21338 0.000023
21339 0.000023
21340 0.000024
21341 0.000015
21342 0.000021
21343 0.000014
21344 0.000017
21345 0.000021
21346 0.000020
21347 0.000021
21348 0.000023
21349 0.000023
21350 0.000024
21351 0.000015
21352 0.000021
21353 0.000014
21354 0.000017
21355 0.000021
21356 0.000020
21357 0.000021
21358 0.000023
21359 0.000023
21360 0.000024
21361 0.000015
21362 0.000021
21363 0.000014
21364 0.000017
21365 0.000021
21366 0.000020
21367 0.000021
21368 0.000023
21369 0.000023
21370 0.000024
21371 0.000015
21372 0.000021
21373 0.000014
21374 0.000017
21375 0.000021
21376 0.000020
21377 0.000021
21378 0.000023
21379 0.000023
21380 0.000024
21381 0.000015
21382 0.000021
21383 0.000014
21384 0.000017
21385 0.000021
21386 0.000020
21387 0.000021
21388 0.000023
21389 0.000023
21390 0.000024
21391 0.000015
21392 0.000021
21393 0.000014
21394 0.000017
21395 0.000021
21396 0.000020
21397 0.000021
21398 0.000023
21399 0.000023
21400 0.000024
21401 0.000015
21402 0.000021
21403 0.000014
21404 0.000017
21405 0.000021
21406 0.000020
21407 0.000021
21408 0.000023
21409 0.000023
21410 0.000024
21411 0.000015
21412 0.000021
21413 0.000014
21414 0.000017
21415 0.000021
21416 0.000020
21417 0.000021
21418 0.000023
21419 0.000023
21420 0.000024
21421 0.000015
21422 0.000021
21423 0.000014
21424 0.000017
21425 0.000021
21426 0.000020
21427 0.000021
21428 0.000023
21429 0.000023
21430 0.000024
21431 0.000015
21432 0.000021
21433 0.000014
21434 0.000017
21435 0.000021
21436 0.000020
21437 0.000021
21438 0.000023
21439 0.000023
21440 0.000024
21441 0.000015
21442 0.000021
21443 0.000014
21444 0.000017
21445 0.000021
21446 0.000020
21447 0.000021
21448 0.000023
21449 0.000023
21450 0.000024
21451 0.000015
21452 0.000021
21453 0.000014
21454 0.000017
21455 0.000021
21456 0.000020
21457 0.000021
21458 0.000023
21459 0.000023
21460 0.000024
21461 0.000015
21462 0.000021
21463 0.000014
21464 0.000017
21465 0.000021
21466 0.000020
21467 0.000021
21468 0.000023
21469 0.000023
21470 0.000024
21471 0.000015
21472 0.000021
21473 0.000014
21474 0.000017
21475 0.000021
21476 0.000020
21477 0.000021
21478 0.000023
21479 0.000023
21480 0.000024
21481 0.000015
21482 0.000021
21483 0.000014
21484 0.000017
21485 0.000021
21486 0.000020
21487 0.000021
21488 0.000023
21489 0.000023
21490 0.000024
21491 0.000015
21492 0.000021
21493 0.000014
21494 0.000017
21495 0.000021
21496 0.000020
21497 0.000021
21498 0.000023
21499 0.000023
21500 0.000024
21501 0.000015
21502 0.000021
21503 0.000014
21504 0.000017
21505 0.000021
21506 0.000020
21507 0.000021
21508 0.000023
21509 0.000023
21510 0.000024
21511 0.000015
21512 0.000021
21513 0.000014
21514 0.000017
21515 0.000021
21516 0.000020
21517 0.000021
21518 0.000023
21519 0.000023
21520 0.000024
21521 0.000015
21522 0.000021
21523 0.000014
21524 0.000017
21525 0.000021
21526 0.000020
21527 0.000021
21528 0.000023
21529 0.000023
21530 0.000024
21531 0.000015
21532 0.000021
21533 0.000014
21534 0.000017
21535 0.000021
21536 0.000020
21537 0.000021
21538 0.000023
21539 0.000023
21540 0.000024
21541 0.000015
21542 0.000021
21543 0.000014
21544 0.000017
21545 0.000021
21546 0.000020
21547 0.000021
21548 0.000023
21549 0.000023
21550 0.000024
21551 0.000015
21552 0.000021
21553 0.000014
21554 0.000017
21555 0.000021
21556 0.000020
21557 0.000021
21558 0.000023
21559 0.000023
21560 0.000024
21561 0.000015
21562 0.000021
21563 0.000014
21564 0.000017
21565 0.000021
21566 0.000020
21567 0.000021
21568 0.000023
21569 0.000023
21570 0.000024
21571 0.000015
21572 0.000021
21573 0.000014
21574 0.000017
21575 0.000021
21576 0.000020
21577 0.000021
21578 0.000023
21579 0.000023
21580 0.000024
21581 0.000015
21582 0.000021
21583 0.000014
21584 0.000017
21585 0.000021
21586 0.000020
21587 0.000021
21588 0.000023
21589 0.000023
21590 0.000024
21591 0.000015
21592 0.000021
21593 0.000014
21594 0.000017
21595 0.000021
21596 0.000020
21597 0.000021
21598 0.000023
21599 0.000023
21600 0.000024
21601 0.000015
21602 0.000021
21603 0.000014
21604 0.000017
21605 0.000021
21606 0.000020
21607 0.000021
21608 0.000023
21609 0.000023
21610 0.000024
21611 0.000015
21612 0.000021
21613 0.000014
21614 0.000017
21615 0.000021
21616 0.000020
21617 0.000021
21618 0.000023
21619 0.000023
21620 0.000024
21621 0.000015
21622 0.000021
21623 0.000014
21624 0.000017
21625 0.000021
21626 0.000020
21627 0.000021
21628 0.000023
21629 0.000023
21630 0.000024
21631 0.000015
21632 0.000021
21633 0.000014
21634 0.000017
21635 0.000021
21636 0.000020
21637 0.000021
21638 0.000023
21639 0.000023
21640 0.000024
21641 0.000015
21642 0.000021
21643 0.000014
21644 0.000017
21645 0.000021
21646 0.000020
21647 0.000021
21648 0.000023
21649 0.000023
21650 0.000024
21651 0.000015
21652 0.000021
21653 0.000014
21654 0.000017
21655 0.000021
21656 0.000020
21657 0.000021
21658 0.000023
21659 0.000023
21660 0.000024
21661 0.000015
21662 0.000021
21663 0.000014
21664 0.000017
21665 0.000021
21666 0.000020
21667 0.000021
21668 0.000023
21669 0.000023
21670 0.000024
21671 0.000015
21672 0.000021
21673 0.000014
21674 0.000017
21675 0.000021
21676 0.000020
21677 0.000021
21678 0.000023
21679 0.000023
21680 0.000024
21681 0.000015
21682 0.000021
21683 0.000014
21684 0.000017
21685 0.000021
21686 0.000020
21687 0.000021
21688 0.000023
21689 0.000023
21690 0.000024
21691 0.000015
21692 0.000021
21693 0.000014
21694 0.000017
21695 0.000021
21696 0.000020
21697 0.000021
21698 0.000023
21699 0.000023
21700 0.000024
21701 0.000015
21702 0.000021
21703 0.000014
21704 0.000017
21705 0.000021
21706 0.000020
21707 0.000021
21708 0.000023
21709 0.000023
21710 0.000024
21711 0.000015
21712 0.000021
21713 0.000014
21714 0.000017
21715 0.000021
21716 0.000020
21717 0.000021
21718 0.000023
21719 0.000023
21720 0.000024
21721 0.000015
21722 0.000021
21723 0.000014
21724 0.000017
21725 0.000021
21726 0.000020
21727 0.000021
21728 0.000023
21729 0.000023
21730 0.000024
21731 0.000015
21732 0.000021
21733 0.000014
21734 0.000017
21735 0.000021
21736 0.000020
21737 0.000021
21738 0.000023
21739 0.000023
21740 0.000024
21741 0.000015
21742 0.000021
21743 0.000014
21744 0.000017
21745 0.000021
21746 0.000020
21747 0.000021
21748 0.000023
21749 0.000023
21750 0.000024
21751 0.000015
21752 0.000021
21753 0.000014
21754 0.000017
21755 0.000021
21756 0.000020
21757 0.000021
21758 0.000023
21759 0.000023
21760 0.000024
21761 0.000015
21762 0.000021
21763 0.000014
21764 0.000017
21765 0.000021
21766 0.000020
21767 0.000021
21768 0.000023
21769 0.000023
21770 0.000024
21771 0.000015
21772 0.000021
21773 0.000014
21774 0.000017
21775 0.000021
21776 0.000020
21777 0.000021
21778 0.000023
21779 0.000023
21780 0.000024
21781 0.000015
21782 0.000021
21783 0.000014
21784 0.000017
21785 0.000021
21786 0.000020
21787 0.000021
21788 0.000023
21789 0.000023
21790 0.000024
21791 0.000015
21792 0.000021
21793 0.000014
21794 0.000017
21795 0.000021
21796 0.000020
21797 0.000021
21798 0.000023
21799 0.000023
21800 0.000024
21801 0.000015
21802 0.000021
21803 0.000014
21804 0.000017
21805 0.000021
21806 0.000020
21807 0.000021
21808 0.000023
21809 0.000023
21810 0.000024
21811 0.000015
21812 0.000021
21813 0.000014
21814 0.000017
21815 0.000021
21816 0.000020
21817 0.000021
21818 0.000023
21819 0.000023
21820 0.000024
21821 0.000015
21822 0.000021
21823 0.000014
21824 0.000017
21825 0.000021
21826 0.000020
21827 0.000021
21828 0.000023
21829 0.000023
21830 0.000024
21831 0.000015
21832 0.000021
21833 0.000014
21834 0.000017
21835 0.000021
21836 0.000020
21837 0.000021
21838 0.000023
21839 0.000023
21840 0.000024
21841 0.000015
21842 0.000021
21843 0.000014
21844 0.000017
21845 0.000021
21846 0.000020
21847 0.000021
21848 0.000023
21849 0.000023
21850 0.000024
21851 0.000015
21852 0.000021
21853 0.000014
21854 0.000017
21855 0.000021
21856 0.000020
21857 0.000021
21858 0.000023
21859 0.000023
21860 0.000024
21861 0.000015
21862 0.000021
21863 0.000014
21864 0.000017
21865 0.000021
21866 0.000020
21867 0.000021
21868 0.000023
21869 0.000023
21870 0.000024
21871 0.000015
21872 0.000021
21873 0.000014
21874 0.000017
21875 0.000021
21876 0.000020
21877 0.000021
21878 0.000023
21879 0.000023
21880 0.000024
21881 0.000015
21882 0.000021
21883 0.000014
21884 0.000017
21885 0.000021
21886 0.000020
21887 0.000021
21888 0.000023
21889 0.000023
21890 0.000024
21891 0.000015
21892 0.000021
21893 0.000014
21894 0.000017
21895 0.000021
21896 0.000020
21897 0.000021
21898 0.000023
21899 0.000023
21900 0.000024
21901 0.000015
21902 0.000021
21903 0.000014
21904 0.000017
21905 0.000021
21906 0.000020
21907 0.000021
21908 0.000023
21909 0.000023
21910 0.000024
21911 0.000015
21912 0.000021
21913 0.000014
21914 0.000017
21915 0.000021
21916 0.000020
21917 0.000021
21918 0.000023
21919 0.000023
21920 0.000024
21921 0.000015
21922 0.000021
21923 0.000014
21924 0.000017
21925 0.000021
21926 0.000020
21927 0.000021
21928 0.000023
21929 0.000023
21930 0.000024
21931 0.000015
21932 0.000021
21933 0.000014
21934 0.000017
21935 0.000021
21936 0.000020
21937 0.000021
21938 0.000023
21939 0.000023
21940 0.000024
21941 0.000015
21942 0.000021
21943 0.000014
21944 0.000017
21945 0.000021
21946 0.000020
21947 0.000021
21948 0.000023
21949 0.000023
21950 0.000024
21951 0.000015
21952 0.000021
21953 0.000014
21954 0.000017
21955 0.000021
21956 0.000020
21957 0.000021
21958 0.000023
21959 0.000023
21960 0.000024
21961 0.000015
21962 0.000021
21963 0.000014
21964 0.000017
21965 0.000021
21966 0.000020
21967 0.000021
21968 0.000023
21969 0.000023
21970 0.000024
21971 0.000015
21972 0.000021
21973 0.000014
21974 0.000017
21975 0.000021
21976 0.000020
21977 0.000021
21978 0.000023
21979 0.000023
21980 0.000024
21981 0.000015
21982 0.000021
21983 0.000014
21984 0.000017
21985 0.000021
21986 0.000020
21987 0.000021
21988 0.000023
21989 0.000023
21990 0.000024
21991 0.000015
21992 0.000021
21993 0.000014
21994 0.000017
21995 0.000021
21996 0.000020
21997 0.000021
21998 0.000023
21999 0.000023
22000 0.000024
22001 0.000015
22002 0.000021
22003 0.000014
22004 0.000017
22005 0.000021
22006 0.000020
22007 0.000021
22008 0.000023
22009 0.000023
22010 0.000024
22011 0.000015
22012 0.000021
22013 0.000014
22014 0.000017
22015 0.000021
22016 0.000020
22017 0.000021
22018 0.000023
22019 0.000023
22020 0.000024
22021 0.000015
22022 0.000021
22023 0.000014
22024 0.000017
22025 0.000021
22026 0.000020
22027 0.000021
22028 0.000023
22029 0.000023
22030 0.000024
22031 0.000015
22032 0.000021
22033 0.000014
22034 0.000017
22035 0.000021
22036 0.000020
22037 0.000021
22038 0.000023
22039 0.000023
22040 0.000024
22041 0.000015
22042 0.000021
22043 0.000014
22044 0.000017
22045 0.000021
22046 0.000020
22047 0.000021
22048 0.000023
22049 0.000023
22050 0.000024
22051 0.000015
22052 0.000021
22053 0.000014
22054 0.000017
22055 0.000021
22056 0.000020
22057 0.000021
22058 0.000023
22059 0.000023
22060 0.000024
22061 0.000015
22062 0.000021
22063 0.000014
22064 0.000017
22065 0.000021
22066 0.000020
22067 0.000021
22068 0.000023
22069 0.000023
22070 0.000024
22071 0.000015
22072 0.000021
22073 0.000014
22074 0.000017
22075 0.000021
22076 0.000020
22077 0.000021
22078 0.000023
22079 0.000023
22080 0.000024
22081 0.000015
22082 0.000021
22083 0.000014
22084 0.000017
22085 0.000021
22086 0.000020
22087 0.000021
22088 0.000023
22089 0.000023
22090 0.000024
22091 0.000015
22092 0.000021
22093 0.000014
22094 0.000017
22095 0.000021
22096 0.000020
22097 0.000021
22098 0.000023
22099 0.000023
22100 0.000024
22101 0.000015
22102 0.000021
22103 0.000014
22104 0.000017
22105 0.000021
22106 0.000020
22107 0.000021
22108 0.000023
22109 0.000023
22110 0.000024
22111 0.000015
22112 0.000021
22113 0.000014
22114 0.000017
22115 0.000021
22116 0.000020
22117 0.000021
22118 0.000023
22119 0.000023
22120 0.000024
22121 0.000015
22122 0.000021
22123 0.000014
22124 0.000017
22125 0.000021
22126 0.000020
22127 0.000021
22128 0.000023
22129 0.000023
22130 0.000024
22131 0.000015
22132 0.000021
22133 0.000014
22134 0.000017
22135 0.000021
22136 0.000020
22137 0.000021
22138 0.000023
22139 0.000023
22140 0.000024
22141 0.000015
22142 0.000021
22143 0.000014
22144 0.000017
22145 0.000021
22146 0.000020
22147 0.000021
22148 0.000023
22149 0.000023
22150 0.000024
22151 0.000015
22152 0.000021
22153 0.000014
22154 0.000017
22155 0.000021
22156 0.000020
22157 0.000021
22158 0.000023
22159 0.000023
22160 0.000024
22161 0.000015
22162 0.000021
22163 0.000014
22164 0.000017
22165 0.000021
22166 0.000020
22167 0.000021
22168 0.000023
22169 0.000023
22170 0.000024
22171 0.000015
22172 0.000021
22173 0.000014
22174 0.000017
22175 0.000021
22176 0.000020
22177 0.000021
22178 0.000023
22179 0.000023
22180 0.000024
22181 0.000015
22182 0.000021
22183 0.000014
22184 0.000017
22185 0.000021
22186 0.000020
22187 0.000021
22188 0.000023
22189 0.000023
22190 0.000024
22191 0.000015
22192 0.000021
22193 0.000014
22194 0.000017
22195 0.000021
22196 0.000020
22197 0.000021
22198 0.000023
22199 0.000023
22200 0.000024
22201 0.000015
22202 0.000021
22203 0.000014
22204 0.000017
22205 0.000021
22206 0.000020
22207 0.000021
22208 0.000023
22209 0.000023
22210 0.000024
22211 0.000015
22212 0.000021
22213 0.000014
22214 0.000017
22215 0.000021
22216 0.000020
22217 0.000021
22218 0.000023
22219 0.000023
22220 0.000024
22221 0.000015
22222 0.000021
22223 0.000014
22224 0.000017
22225 0.000021
22226 0.000020
22227 0.000021
22228 0.000023
22229 0.000023
22230 0.000024
22231 0.000015
22232 0.000021
22233 0.000014
22234 0.000017
22235 0.000021
22236 0.000020
22237 0.000021
22238 0.000023
22239 0.000023
22240 0.000024
22241 0.000015
22242 0.000021
22243 0.000014
22244 0.000017
22245 0.000021
22246 0.000020
22247 0.000021
22248 0.000023
22249 0.000023
22250 0.000024
22251 0.000015
22252 0.000021
22253 0.000014
22254 0.000017
22255 0.000021
22256 0.000020
22257 0.000021
22258 0.000023
22259 0.000023
22260 0.000024
22261 0.000015
22262 0.000021
22263 0.000014
22264 0.000017
22265 0.000021
22266 0.000020
22267 0.000021
22268 0.000023
22269 0.000023
22270 0.000024
22271 0.000015
22272 0.000021
22273 0.000014
22274 0.000017
22275 0.000021
22276 0.000020
22277 0.000021
22278 0.000023
22279 0.000023
22280 0.000024
22281 0.000015
22282 0.000021
22283 0.000014
22284 0.000017
22285 0.000021
22286 0.000020
22287 0.000021
22288 0.000023
22289 0.000023
22290 0.000024
22291 0.000015
22292 0.000021
22293 0.000014
22294 0.000017
22295 0.000021
22296 0.000020
22297 0.000021
22298 0.000023
22299 0.000023
22300 0.000024
22301 0.000015
22302 0.000021
22303 0.000014
22304 0.000017
22305 0.000021
22306 0.000020
22307 0.000021
22308 0.000023
22309 0.000023
22310 0.000024
22311 0.000015
22312 0.000021
22313 0.000014
22314 0.000017
22315 0.000021
22316 0.000020
22317 0.000021
22318 0.000023
22319 0.000023
22320 0.000024
22321 0.000015
22322 0.000021
22323 0.000014
22324 0.000017
22325 0.000021
22326 0.000020
22327 0.000021
22328 0.000023
22329 0.000023
22330 0.000024
22331 0.000015
22332 0.000021
22333 0.000014
22334 0.000017
22335 0.000021
22336 0.000020
22337 0.000021
22338 0.000023
22339 0.000023
22340 0.000024
22341 0.000015
22342 0.000021
22343 0.000014
22344 0.000017
22345 0.000021
22346 0.000020
22347 0.000021
22348 0.000023
22349 0.000023
22350 0.000024
22351 0.000015
22352 0.000021
22353 0.000014
22354 0.000017
22355 0.000021
22356 0.000020
22357 0.000021
22358 0.000023
22359 0.000023
22360 0.000024
22361 0.000015
22362 0.000021
22363 0.000014
22364 0.000017
22365 0.000021
22366 0.000020
22367 0.000021
22368 0.000023
22369 0.000023
22370 0.000024
22371 0.000015
22372 0.000021
22373 0.000014
22374 0.000017
22375 0.000021
22376 0.000020
22377 0.000021
22378 0.000023
22379 0.000023
22380 0.000024
22381 0.000015
22382 0.000021
22383 0.000014
22384 0.000017
22385 0.000021
22386 0.000020
22387 0.000021
22388 0.000023
22389 0.000023
22390 0.000024
22391 0.000015
22392 0.000021
22393 0.000014
22394 0.000017
22395 0.000021
22396 0.000020
22397 0.000021
22398 0.000023
22399 0.000023
22400 0.000024
22401 0.000015
22402 0.000021
22403 0.000014
22404 0.000017
22405 0.000021
22406 0.000020
22407 0.000021
22408 0.000023
22409 0.000023
22410 0.000024
22411 0.000015
22412 0.000021
22413 0.000014
22414 0.000017
22415 0.000021
22416 0.000020
22417 0.000021
22418 0.000023
22419 0.000023
22420 0.000024
22421 0.000015
22422 0.000021
22423 0.000014
22424 0.000017
22425 0.000021
22426 0.000020
22427 0.000021
22428 0.000023
22429 0.000023
22430 0.000024
22431 0.000015
22432 0.000021
22433 0.000014
22434 0.000017
22435 0.000021
22436 0.000020
22437 0.000021
22438 0.000023
22439 0.000023
22440 0.000024
22441 0.000015
22442 0.000021
22443 0.000014
22444 0.000017
22445 0.000021
22446 0.000020
22447 0.000021
22448 0.000023
22449 0.000023
22450 0.000024
22451 0.000015
22452 0.000021
22453 0.000014
22454 0.000017
22455 0.000021
22456 0.000020
22457 0.000021
22458 0.000023
22459 0.000023
22460 0.000024
22461 0.000015
22462 0.000021
22463 0.000014
22464 0.000017
22465 0.000021
22466 0.000020
22467 0.000021
22468 0.000023
22469 0.000023
22470 0.000024
22471 0.000015
22472 0.000021
22473 0.000014
22474 0.000017
22475 0.000021
22476 0.000020
22477 0.000021
22478 0.000023
22479 0.000023
22480 0.000024
22481 0.000015
22482 0.000021
22483 0.000014
22484 0.000017
22485 0.000021
22486 0.000020
22487 0.000021
22488 0.000023
22489 0.000023
22490 0.000024
22491 0.000015
22492 0.000021
22493 0.000014
22494 0.000017
22495 0.000021
22496 0.000020
22497 0.000021
22498 0.000023
22499 0.000023
22500 0.000024
22501 0.000015
22502 0.000021
22503 0.000014
22504 0.000017
22505 0.000021
22506 0.000020
22507 0.000021
22508 0.000023
22509 0.000023
22510 0.000024
22511 0.000015
22512 0.000021
22513 0.000014
22514 0.000017
22515 0.000021
22516 0.000020
22517 0.000021
22518 0.000023
22519 0.000023
22520 0.000024
22521 0.000015
22522 0.000021
22523 0.000014
22524 0.000017
22525 0.000021
22526 0.000020
22527 0.000021
22528 0.000023
22529 0.000023
22530 0.000024
22531 0.000015
22532 0.000021
22533 0.000014
22534 0.000017
22535 0.000021
22536 0.000020
22537 0.000021
22538 0.000023
22539 0.000023
22540 0.000024
22541 0.000015
22542 0.000021
22543 0.000014
22544 0.000017
22545 0.000021
22546 0.000020
22547 0.000021
22548 0.000023
22549 0.000023
22550 0.000024
22551 0.000015
22552 0.000021
22553 0.000014
22554 0.000017
22555 0.000021
22556 0.000020
22557 0.000021
22558 0.000023
22559 0.000023
22560 0.000024
22561 0.000015
22562 0.000021
22563 0.000014
22564 0.000017
22565 0.000021
22566 0.000020
22567 0.000021
22568 0.000023
22569 0.000023
22570 0.000024
22571 0.000015
22572 0.000021
22573 0.000014
22574 0.000017
22575 0.000021
22576 0.000020
22577 0.000021
22578 0.000023
22579 0.000023
22580 0.000024
22581 0.000015
22582 0.000021
22583 0.000014
22584 0.000017
22585 0.000021
22586 0.000020
22587 0.000021
22588 0.000023
22589 0.000023
22590 0.000024
22591 0.000015
22592 0.000021
22593 0.000014
22594 0.000017
22595 0.000021
22596 0.000020
22597 0.000021
22598 0.000023
22599 0.000023
22600 0.000024
22601 0.000015
22602 0.000021
22603 0.000014
22604 0.000017
22605 0.000021
22606 0.000020
22607 0.000021
22608 0.000023
22609 0.000023
22610 0.000024
22611 0.000015
22612 0.000021
22613 0.000014
22614 0.000017
22615 0.000021
22616 0.000020
22617 0.000021
22618 0.000023
22619 0.000023
22620 0.000024
22621 0.000015
22622 0.000021
22623 0.000014
22624 0.000017
22625 0.000021
22626 0.000020
22627 0.000021
22628 0.000023
22629 0.000023
22630 0.000024
22631 0.000015
22632 0.000021
22633 0.000014
22634 0.000017
22635 0.000021
22636 0.000020
22637 0.000021
22638 0.000023
22639 0.000023
22640 0.000024
22641 0.000015
22642 0.000021
22643 0.000014
22644 0.000017
22645 0.000021
22646 0.000020
22647 0.000021
22648 0.000023
22649 0.000023
22650 0.000024
22651 0.000015
22652 0.000021
22653 0.000014
22654 0.000017
22655 0.000021
22656 0.000020
22657 0.000021
22658 0.000023
22659 0.000023
22660 0.000024
22661 0.000015
22662 0.000021
22663 0.000014
22664 0.000017
22665 0.000021
22666 0.000020
22667 0.000021
22668 0.000023
22669 0.000023
22670 0.000024
22671 0.000015
22672 0.000021
22673 0.000014
22674 0.000017
22675 0.000021
22676 0.000020
22677 0.000021
22678 0.000023
22679 0.000023
22680 0.000024
22681 0.000015
22682 0.000021
22683 0.000014
22684 0.000017
22685 0.000021
22686 0.000020
22687 0.000021
22688 0.000023
22689 0.000023
22690 0.000024
22691 0.000015
22692 0.000021
22693 0.000014
22694 0.000017
22695 0.000021
22696 0.000020
22697 0.000021
22698 0.000023
22699 0.000023
22700 0.000024
22701 0.000015
22702 0.000021
22703 0.000014
22704 0.000017
22705 0.000021
22706 0.000020
22707 0.000021
22708 0.000023
22709 0.000023
22710 0.000024
22711 0.000015
22712 0.000021
22713 0.000014
22714 0.000017
22715 0.000021
22716 0.000020
22717 0.000021
22718 0.000023
22719 0.000023
22720 0.000024
22721 0.000015
22722 0.000021
22723 0.000014
22724 0.000017
22725 0.000021
22726 0.000020
22727 0.000021
22728 0.000023
22729 0.000023
22730 0.000024
22731 0.000015
22732 0.000021
22733 0.000014
22734 0.000017
22735 0.000021
22736 0.000020
22737 0.000021
22738 0.000023
22739 0.000023
22740 0.000024
22741 0.000015
22742 0.000021
22743 0.000014
22744 0.000017
22745 0.000021
22746 0.000020
22747 0.000021
22748 0.000023
22749 0.000023
22750 0.000024
22751 0.000015
22752 0.000021
22753 0.000014
22754 0.000017
22755 0.000021
22756 0.000020
22757 0.000021
22758 0.000023
22759 0.000023
22760 0.000024
22761 0.000015
22762 0.000021
22763 0.000014
22764 0.000017
22765 0.000021
22766 0.000020
22767 0.000021
22768 0.000023
22769 0.000023
22770 0.000024
22771 0.000015
22772 0.000021
22773 0.000014
22774 0.000017
22775 0.000021
22776 0.000020
22777 0.000021
22778 0.000023
22779 0.000023
22780 0.000024
22781 0.000015
22782 0.000021
22783 0.000014
22784 0.000017
22785 0.000021
22786 0.000020
22787 0.000021
22788 0.000023
22789 0.000023
22790 0.000024
22791 0.000015
22792 0.000021
22793 0.000014
22794 0.000017
22795 0.000021
22796 0.000020
22797 0.000021
22798 0.000023
22799 0.000023
22800 0.000024
22801 0.000015
22802 0.000021
22803 0.000014
22804 0.000017
22805 0.000021
22806 0.000020
22807 0.000021
22808 0.000023
22809 0.000023
22810 0.000024
22811 0.000015
22812 0.000021
22813 0.000014
22814 0.000017
22815 0.000021
22816 0.000020
22817 0.000021
22818 0.000023
22819 0.000023
22820 0.000024
22821 0.000015
22822 0.000021
22823 0.000014
22824 0.000017
22825 0.000021
22826 0.000020
22827 0.000021
22828 0.000023
22829 0.000023
22830 0.000024
22831 0.000015
22832 0.000021
22833 0.000014
22834 0.000017
22835 0.000021
22836 0.000020
22837 0.000021
22838 0.000023
22839 0.000023
22840 0.000024
22841 0.000015
22842 0.000021
22843 0.000014
22844 0.000017
22845 0.000021
22846 0.000020
22847 0.000021
22848 0.000023
22849 0.000023
22850 0.000024
22851 0.000015
22852 0.000021
22853 0.000014
22854 0.000017
22855 0.000021
22856 0.000020
22857 0.000021
22858 0.000023
22859 0.000023
22860 0.000024
22861 0.000015
22862 0.000021
22863 0.000014
22864 0.000017
22865 0.000021
22866 0.000020
22867 0.000021
22868 0.000023
22869 0.000023
22870 0.000024
22871 0.000015
22872 0.000021
22873 0.000014
22874 0.000017
22875 0.000021
22876 0.000020
22877 0.000021
22878 0.000023
22879 0.000023
22880 0.000024
22881 0.000015
22882 0.000021
22883 0.000014
22884 0.000017
22885 0.000021
22886 0.000020
22887 0.000021
22888 0.000023
22889 0.000023
22890 0.000024
22891 0.000015
22892 0.000021
22893 0.000014
22894 0.000017
22895 0.000021
22896 0.000020
22897 0.000021
22898 0.000023
22899 0.000023
22900 0.000024
22901 0.000015
22902 0.000021
22903 0.000014
22904 0.000017
22905 0.000021
22906 0.000020
22907 0.000021
22908 0.000023
22909 0.000023
22910 0.000024
22911 0.000015
22912 0.000021
22913 0.000014
22914 0.000017
22915 0.000021
22916 0.000020
22917 0.000021
22918 0.000023
22919 0.000023
22920 0.000024
22921 0.000015
22922 0.000021
22923 0.000014
22924 0.000017
22925 0.000021
22926 0.000020
22927 0.000021
22928 0.000023
22929 0.000023
22930 0.000024
22931 0.000015
22932 0.000021
22933 0.000014
22934 0.000017
22935 0.000021
22936 0.000020
22937 0.000021
22938 0.000023
22939 0.000023
22940 0.000024
22941 0.000015
22942 0.000021
22943 0.000014
22944 0.000017
22945 0.000021
22946 0.000020
22947 0.000021
22948 0.000023
22949 0.000023
22950 0.000024
22951 0.000015
22952 0.000021
22953 0.000014
22954 0.000017
22955 0.000021
22956 0.000020
22957 0.000021
22958 0.000023
22959 0.000023
22960 0.000024
22961 0.000015
22962 0.000021
22963 0.000014
22964 0.000017
22965 0.000021
22966 0.000020
22967 0.000021
22968 0.000023
22969 0.000023
22970 0.000024
22971 0.000015
22972 0.000021
22973 0.000014
22974 0.000017
22975 0.000021
22976 0.000020
22977 0.000021
22978 0.000023
22979 0.000023
22980 0.000024
22981 0.000015
22982 0.000021
22983 0.000014
22984 0.000017
22985 0.000021
22986 0.000020
22987 0.000021
22988 0.000023
22989 0.000023
22990 0.000024
22991 0.000015
22992 0.000021
22993 0.000014
22994 0.000017
22995 0.000021
22996 0.000020
22997 0.000021
22998 0.000023
22999 0.000023
23000 0.000024
23001 0.000015
23002 0.000021
23003 0.000014
23004 0.000017
23005 0.000021
23006 0.000020
23007 0.000021
23008 0.000023
23009 0.000023
23010 0.000024
23011 0.000015
23012 0.000021
23013 0.000014
23014 0.000017
23015 0.000021
23016 0.000020
23017 0.000021
23018 0.000023
23019 0.000023
23020 0.000024
23021 0.000015
23022 0.000021
23023 0.000014
23024 0.000017
23025 0.000021
23026 0.000020
23027 0.000021
23028 0.000023
23029 0.000023
23030 0.000024
23031 0.000015
23032 0.000021
23033 0.000014
23034 0.000017
23035 0.000021
23036 0.000020
23037 0.000021
23038 0.000023
23039 0.000023
23040 0.000024
23041 0.000015
23042 0.000021
23043 0.000014
23044 0.000017
23045 0.000021
23046 0.000020
23047 0.000021
23048 0.000023
23049 0.000023
23050 0.000024
23051 0.000015
23052 0.000021
23053 0.000014
23054 0.000017
23055 0.000021
23056 0.000020
23057 0.000021
23058 0.000023
23059 0.000023
23060 0.000024
23061 0.000015
23062 0.000021
23063 0.000014
23064 0.000017
23065 0.000021
23066 0.000020
23067 0.000021
23068 0.000023
23069 0.000023
23070 0.000024
23071 0.000015
23072 0.000021
23073 0.000014
23074 0.000017
23075 0.000021
23076 0.000020
23077 0.000021
23078 0.000023
23079 0.000023
23080 0.000024
23081 0.000015
23082 0.000021
23083 0.000014
23084 0.000017
23085 0.000021
23086 0.000020
23087 0.000021
23088 0.000023
23089 0.000023
23090 0.000024
23091 0.000015
23092 0.000021
23093 0.000014
23094 0.000017
23095 0.000021
23096 0.000020
23097 0.000021
23098 0.000023
23099 0.000023
23100 0.000024
23101 0.000015
23102 0.000021
23103 0.000014
23104 0.000017
23105 0.000021
23106 0.000020
23107 0.000021
23108 0.000023
23109 0.000023
23110 0.000024
23111 0.000015
23112 0.000021
23113 0.000014
23114 0.000017
23115 0.000021
23116 0.000020
23117 0.000021
23118 0.000023
23119 0.000023
23120 0.000024
23121 0.000015
23122 0.000021
23123 0.000014
23124 0.000017
23125 0.000021
23126 0.000020
23127 0.000021
23128 0.000023
23129 0.000023
23130 0.000024
23131 0.000015
23132 0.000021
23133 0.000014
23134 0.000017
23135 0.000021
23136 0.000020
23137 0.000021
23138 0.000023
23139 0.000023
23140 0.000024
23141 0.000015
23142 0.000021
23143 0.000014
23144 0.000017
23145 0.000021
23146 0.000020
23147 0.000021
23148 0.000023
23149 0.000023
23150 0.000024
23151 0.000015
23152 0.000021
23153 0.000014
23154 0.000017
23155 0.000021
23156 0.000020
23157 0.000021
23158 0.000023
23159 0.000023
23160 0.000024
23161 0.000015
23162 0.000021
23163 0.000014
23164 0.000017
23165 0.000021
23166 0.000020
23167 0.000021
23168 0.000023
23169 0.000023
23170 0.000024
23171 0.000015
23172 0.000021
23173 0.000014
23174 0.000017
23175 0.000021
23176 0.000020
23177 0.000021
23178 0.000023
23179 0.000023
23180 0.000024
23181 0.000015
23182 0.000021
23183 0.000014
23184 0.000017
23185 0.000021
23186 0.000020
23187 0.000021
23188 0.000023
23189 0.000023
23190 0.000024
23191 0.000015
23192 0.000021
23193 0.000014
23194 0.000017
23195 0.000021
23196 0.000020
23197 0.000021
23198 0.000023
23199 0.000023
23200 0.000024
23201 0.000015
23202 0.000021
23203 0.000014
23204 0.000017
23205 0.000021
23206 0.000020
23207 0.000021
23208 0.000023
23209 0.000023
23210 0.000024
23211 0.000015
23212 0.000021
23213 0.000014
23214 0.000017
23215 0.000021
23216 0.000020
23217 0.000021
23218 0.000023
23219 0.000023
23220 0.000024
23221 0.000015
23222 0.000021
23223 0.000014
23224 0.000017
23225 0.000021
23226 0.000020
23227 0.000021
23228 0.000023
23229 0.000023
23230 0.000024
23231 0.000015
23232 0.000021
23233 0.000014
23234 0.000017
23235 0.000021
23236 0.000020
23237 0.000021
23238 0.000023
23239 0.000023
23240 0.000024
23241 0.000015
23242 0.000021
23243 0.000014
23244 0.000017
23245 0.000021
23246 0.000020
23247 0.000021
23248 0.000023
23249 0.000023
23250 0.000024
23251 0.000015
23252 0.000021
23253 0.000014
23254 0.000017
23255 0.000021
23256 0.000020
23257 0.000021
23258 0.000023
23259 0.000023
23260 0.000024
23261 0.000015
23262 0.000021
23263 0.000014
23264 0.000017
23265 0.000021
23266 0.000020
23267 0.000021
23268 0.000023
23269 0.000023
23270 0.000024
23271 0.000015
23272 0.000021
23273 0.000014
23274 0.000017
23275 0.000021
23276 0.000020
23277 0.000021
23278 0.000023
23279 0.000023
23280 0.000024
23281 0.000015
23282 0.000021
23283 0.000014
23284 0.000017
23285 0.000021
23286 0.000020
23287 0.000021
23288 0.000023
23289 0.000023
23290 0.000024
23291 0.000015
23292 0.000021
23293 0.000014
23294 0.000017
23295 0.000021
23296 0.000020
23297 0.000021
23298 0.000023
23299 0.000023
23300 0.000024
23301 0.000015
23302 0.000021
23303 0.000014
23304 0.000017
23305 0.000021
23306 0.000020
23307 0.000021
23308 0.000023
23309 0.000023
23310 0.000024
23311 0.000015
23312 0.000021
23313 0.000014
23314 0.000017
23315 0.000021
23316 0.000020
23317 0.000021
23318 0.000023
23319 0.000023
23320 0.000024
23321 0.000015
23322 0.000021
23323 0.000014
23324 0.000017
23325 0.000021
23326 0.000020
23327 0.000021
23328 0.000023
23329 0.000023
23330 0.000024
23331 0.000015
23332 0.000021
23333 0.000014
23334 0.000017
23335 0.000021
23336 0.000020
23337 0.000021
23338 0.000023
23339 0.000023
23340 0.000024
23341 0.000015
23342 0.000021
23343 0.000014
23344 0.000017
23345 0.000021
23346 0.000020
23347 0.000021
23348 0.000023
23349 0.000023
23350 0.000024
23351 0.000015
23352 0.000021
23353 0.000014
23354 0.000017
23355 0.000021
23356 0.000020
23357 0.000021
23358 0.000023
23359 0.000023
23360 0.000024
23361 0.000015
23362 0.000021
23363 0.000014
23364 0.000017
23365 0.000021
23366 0.000020
23367 0.000021
23368 0.000023
23369 0.000023
23370 0.000024
23371 0.000015
23372 0.000021
23373 0.000014
23374 0.000017
23375 0.000021
23376 0.000020
23377 0.000021
23378 0.000023
23379 0.000023
23380 0.000024
23381 0.000015
23382 0.000021
23383 0.000014
23384 0.000017
23385 0.000021
23386 0.000020
23387 0.000021
23388 0.000023
23389 0.000023
23390 0.000024
23391 0.000015
23392 0.000021
23393 0.000014
23394 0.000017
23395 0.000021
23396 0.000020
23397 0.000021
23398 0.000023
23399 0.000023
23400 0.000024
23401 0.000015
23402 0.000021
23403 0.000014
23404 0.000017
23405 0.000021
23406 0.000020
23407 0.000021
23408 0.000023
23409 0.000023
23410 0.000024
23411 0.000015
23412 0.000021
23413 0.000014
23414 0.000017
23415 0.000021
23416 0.000020
23417 0.000021
23418 0.000023
23419 0.000023
23420 0.000024
23421 0.000015
23422 0.000021
23423 0.000014
23424 0.000017
23425 0.000021
23426 0.000020
23427 0.000021
23428 0.000023
23429 0.000023
23430 0.000024
23431 0.000015
23432 0.000021
23433 0.000014
23434 0.000017
23435 0.000021
23436 0.000020
23437 0.000021
23438 0.000023
23439 0.000023
23440 0.000024
23441 0.000015
23442 0.000021
23443 0.000014
23444 0.000017
23445 0.000021
23446 0.000020
23447 0.000021
23448 0.000023
23449 0.000023
23450 0.000024
23451 0.000015
23452 0.000021
23453 0.000014
23454 0.000017
23455 0.000021
23456 0.000020
23457 0.000021
23458 0.000023
23459 0.000023
23460 0.000024
23461 0.000015
23462 0.000021
23463 0.000014
23464 0.000017
23465 0.000021
23466 0.000020
23467 0.000021
23468 0.000023
23469 0.000023
23470 0.000024
23471 0.000015
23472 0.000021
23473 0.000014
23474 0.000017
23475 0.000021
23476 0.000020
23477 0.000021
23478 0.000023
23479 0.000023
23480 0.000024
23481 0.000015
23482 0.000021
23483 0.000014
23484 0.000017
23485 0.000021
23486 0.000020
23487 0.000021
23488 0.000023
23489 0.000023
23490 0.000024
23491 0.000015
23492 0.000021
23493 0.000014
23494 0.000017
23495 0.000021
23496 0.000020
23497 0.000021
23498 0.000023
23499 0.000023
23500 0.000024
23501 0.000015
23502 0.000021
23503 0.000014
23504 0.000017
23505 0.000021
23506 0.000020
23507 0.000021
23508 0.000023
23509 0.000023
23510 0.000024
23511 0.000015
23512 0.000021
23513 0.000014
23514 0.000017
23515 0.000021
23516 0.000020
23517 0.000021
23518 0.000023
23519 0.000023
23520 0.000024
23521 0.000015
23522 0.000021
23523 0.000014
23524 0.000017
23525 0.000021
23526 0.000020
23527 0.000021
23528 0.000023
23529 0.000023
23530 0.000024
23531 0.000015
23532 0.000021
23533 0.000014
23534 0.000017
23535 0.000021
23536 0.000020
23537 0.000021
23538 0.000023
23539 0.000023
23540 0.000024
23541 0.000015
23542 0.000021
23543 0.000014
23544 0.000017
23545 0.000021
23546 0.000020
23547 0.000021
23548 0.000023
23549 0.000023
23550 0.000024
23551 0.000015
23552 0.000021
23553 0.000014
23554 0.000017
23555 0.000021
23556 0.000020
23557 0.000021
23558 0.000023
23559 0.000023
23560 0.000024
23561 0.000015
23562 0.000021
23563 0.000014
23564 0.000017
23565 0.000021
23566 0.000020
23567 0.000021
23568 0.000023
23569 0.000023
23570 0.000024
23571 0.000015
23572 0.000021
23573 0.000014
23574 0.000017
23575 0.000021
23576 0.000020
23577 0.000021
23578 0.000023
23579 0.000023
23580 0.000024
23581 0.000015
23582 0.000021
23583 0.000014
23584 0.000017
23585 0.000021
23586 0.000020
23587 0.000021
23588 0.000023
23589 0.000023
23590 0.000024
23591 0.000015
23592 0.000021
23593 0.000014
23594 0.000017
23595 0.000021
23596 0.000020
23597 0.000021
23598 0.000023
23599 0.000023
23600 0.000024
23601 0.000015
23602 0.000021
23603 0.000014
23604 0.000017
23605 0.000021
23606 0.000020
23607 0.000021
23608 0.000023
23609 0.000023
23610 0.000024
23611 0.000015
23612 0.000021
23613 0.000014
23614 0.000017
23615 0.000021
23616 0.000020
23617 0.000021
23618 0.000023
23619 0.000023
23620 0.000024
23621 0.000015
23622 0.000021
23623 0.000014
23624 0.000017
23625 0.000021
23626 0.000020
23627 0.000021
23628 0.000023
23629 0.000023
23630 0.000024
23631 0.000015
23632 0.000021
23633 0.000014
23634 0.000017
23635 0.000021
23636 0.000020
23637 0.000021
23638 0.000023
23639 0.000023
23640 0.000024
23641 0.000015
23642 0.000021
23643 0.000014
23644 0.000017
23645 0.000021
23646 0.000020
23647 0.000021
23648 0.000023
23649 0.000023
23650 0.000024
23651 0.000015
23652 0.000021
23653 0.000014
23654 0.000017
23655 0.000021
23656 0.000020
23657 0.000021
23658 0.000023
23659 0.000023
23660 0.000024
23661 0.000015
23662 0.000021
23663 0.000014
23664 0.000017
23665 0.000021
23666 0.000020
23667 0.000021
23668 0.000023
23669 0.000023
23670 0.000024
23671 0.000015
23672 0.000021
23673 0.000014
23674 0.000017
23675 0.000021
23676 0.000020
23677 0.000021
23678 0.000023
23679 0.000023
23680 0.000024
23681 0.000015
23682 0.000021
23683 0.000014
23684 0.000017
23685 0.000021
23686 0.000020
23687 0.000021
23688 0.000023
23689 0.000023
23690 0.000024
23691 0.000015
23692 0.000021
23693 0.000014
23694 0.000017
23695 0.000021
23696 0.000020
23697 0.000021
23698 0.000023
23699 0.000023
23700 0.000024
23701 0.000015
23702 0.000021
23703 0.000014
23704 0.000017
23705 0.000021
23706 0.000020
23707 0.000021
23708 0.000023
23709 0.000023
23710 0.000024
23711 0.000015
23712 0.000021
23713 0.000014
23714 0.000017
23715 0.000021
23716 0.000020
23717 0.000021
23718 0.000023
23719 0.000023
23720 0.000024
23721 0.000015
23722 0.000021
23723 0.000014
23724 0.000017
23725 0.000021
23726 0.000020
23727 0.000021
23728 0.000023
23729 0.000023
23730 0.000024
23731 0.000015
23732 0.000021
23733 0.000014
23734 0.000017
23735 0.000021
23736 0.000020
23737 0.000021
23738 0.000023
23739 0.000023
23740 0.000024
23741 0.000015
23742 0.000021
23743 0.000014
23744 0.000017
23745 0.000021
23746 0.000020
23747 0.000021
23748 0.000023
23749 0.000023
23750 0.000024
23751 0.000015
23752 0.000021
23753 0.000014
23754 0.000017
23755 0.000021
23756 0.000020
23757 0.000021
23758 0.000023
23759 0.000023
23760 0.000024
23761 0.000015
23762 0.000021
23763 0.000014
23764 0.000017
23765 0.000021
23766 0.000020
23767 0.000021
23768 0.000023
23769 0.000023
23770 0.000024
23771 0.000015
23772 0.000021
23773 0.000014
23774 0.000017
23775 0.000021
23776 0.000020
23777 0.000021
23778 0.000023
23779 0.000023
23780 0.000024
23781 0.000015
23782 0.000021
23783 0.000014
23784 0.000017
23785 0.000021
23786 0.000020
23787 0.000021
23788 0.000023
23789 0.000023
23790 0.000024
23791 0.000015
23792 0.000021
23793 0.000014
23794 0.000017
23795 0.000021
23796 0.000020
23797 0.000021
23798 0.000023
23799 0.000023
23800 0.000024
23801 0.000015
23802 0.000021
23803 0.000014
23804 0.000017
23805 0.000021
23806 0.000020
23807 0.000021
23808 0.000023
23809 0.000023
23810 0.000024
23811 0.000015
23812 0.000021
23813 0.000014
23814 0.000017
23815 0.000021
23816 0.000020
23817 0.000021
23818 0.000023
23819 0.000023
23820 0.000024
23821 0.000015
23822 0.000021
23823 0.000014
23824 0.000017
23825 0.000021
23826 0.000020
23827 0.000021
23828 0.000023
23829 0.000023
23830 0.000024
23831 0.000015
23832 0.000021
23833 0.000014
23834 0.000017
23835 0.000021
23836 0.000020
23837 0.000021
23838 0.000023
23839 0.000023
23840 0.000024
23841 0.000015
23842 0.000021
23843 0.000014
23844 0.000017
23845 0.000021
23846 0.000020
23847 0.000021
23848 0.000023
23849 0.000023
23850 0.000024
23851 0.000015
23852 0.000021
23853 0.000014
23854 0.000017
23855 0.000021
23856 0.000020
23857 0.000021
23858 0.000023
23859 0.000023
23860 0.000024
23861 0.000015
23862 0.000021
23863 0.000014
23864 0.000017
23865 0.000021
23866 0.000020
23867 0.000021
23868 0.000023
23869 0.000023
23870 0.000024
23871 0.000015
23872 0.000021
23873 0.000014
23874 0.000017
23875 0.000021
23876 0.000020
23877 0.000021
23878 0.000023
23879 0.000023
23880 0.000024
23881 0.000015
23882 0.000021
23883 0.000014
23884 0.000017
23885 0.000021
23886 0.000020
23887 0.000021
23888 0.000023
23889 0.000023
23890 0.000024
23891 0.000015
23892 0.000021
23893 0.000014
23894 0.000017
23895 0.000021
23896 0.000020
23897 0.000021
23898 0.000023
23899 0.000023
23900 0.000024
23901 0.000015
23902 0.000021
23903 0.000014
23904 0.000017
23905 0.000021
23906 0.000020
23907 0.000021
23908 0.000023
23909 0.000023
23910 0.000024
23911 0.000015
23912 0.000021
23913 0.000014
23914 0.000017
23915 0.000021
23916 0.000020
23917 0.000021
23918 0.000023
23919 0.000023
23920 0.000024
23921 0.000015
23922 0.000021
23923 0.000014
23924 0.000017
23925 0.000021
23926 0.000020
23927 0.000021
23928 0.000023
23929 0.000023
23930 0.000024
23931 0.000015
23932 0.000021
23933 0.000014
23934 0.000017
23935 0.000021
23936 0.000020
23937 0.000021
23938 0.000023
23939 0.000023
23940 0.000024
23941 0.000015
23942 0.000021
23943 0.000014
23944 0.000017
23945 0.000021
23946 0.000020
23947 0.000021
23948 0.000023
23949 0.000023
23950 0.000024
23951 0.000015
23952 0.000021
23953 0.000014
23954 0.000017
23955 0.000021
23956 0.000020
23957 0.000021
23958 0.000023
23959 0.000023
23960 0.000024
23961 0.000015
23962 0.000021
23963 0.000014
23964 0.000017
23965 0.000021
23966 0.000020
23967 0.000021
23968 0.000023
23969 0.000023
23970 0.000024
23971 0.000015
23972 0.000021
23973 0.000014
23974 0.000017
23975 0.000021
23976 0.000020
23977 0.000021
23978 0.000023
23979 0.000023
23980 0.000024
23981 0.000015
23982 0.000021
23983 0.000014
23984 0.000017
23985 0.000021
23986 0.000020
23987 0.000021
23988 0.000023
23989 0.000023
23990 0.000024
23991 0.000015
23992 0.000021
23993 0.000014
23994 0.000017
23995 0.000021
23996 0.000020
23997 0.000021
23998 0.000023
23999 0.000023
24000 0.000024
24001 0.000015
24002 0.000021
24003 0.000014
24004 0.000017
24005 0.000021
24006 0.000020
24007 0.000021
24008 0.000023
24009 0.000023
24010 0.000024
24011 0.000015
24012 0.000021
24013 0.000014
24014 0.000017
24015 0.000021
24016 0.000020
24017 0.000021
24018 0.000023
24019 0.000023
24020 0.000024
24021 0.000015
24022 0.000021
24023 0.000014
24024 0.000017
24025 0.000021
24026 0.000020
24027 0.000021
24028 0.000023
24029 0.000023
24030 0.000024
24031 0.000015
24032 0.000021
24033 0.000014
24034 0.000017
24035 0.000021
24036 0.000020
24037 0.000021
24038 0.000023
24039 0.000023
24040 0.000024
24041 0.000015
24042 0.000021
24043 0.000014
24044 0.000017
24045 0.000021
24046 0.000020
24047 0.000021
24048 0.000023
24049 0.000023
24050 0.000024
24051 0.000015
24052 0.000021
24053 0.000014
24054 0.000017
24055 0.000021
24056 0.000020
24057 0.000021
24058 0.000023
24059 0.000023
24060 0.000024
24061 0.000015
24062 0.000021
24063 0.000014
24064 0.000017
24065 0.000021
24066 0.000020
24067 0.000021
24068 0.000023
24069 0.000023
24070 0.000024
24071 0.000015
24072 0.000021
24073 0.000014
24074 0.000017
24075 0.000021
24076 0.000020
24077 0.000021
24078 0.000023
24079 0.000023
24080 0.000024
24081 0.000015
24082 0.000021
24083 0.000014
24084 0.000017
24085 0.000021
24086 0.000020
24087 0.000021
24088 0.000023
24089 0.000023
24090 0.000024
24091 0.000015
24092 0.000021
24093 0.000014
24094 0.000017
24095 0.000021
24096 0.000020
24097 0.000021
24098 0.000023
24099 0.000023
24100 0.000024
24101 0.000015
24102 0.000021
24103 0.000014
24104 0.000017
24105 0.000021
24106 0.000020
24107 0.000021
24108 0.000023
24109 0.000023
24110 0.000024
24111 0.000015
24112 0.000021
24113 0.000014
24114 0.000017
24115 0.000021
24116 0.000020
24117 0.000021
24118 0.000023
24119 0.000023
24120 0.000024
24121 0.000015
24122 0.000021
24123 0.000014
24124 0.000017
24125 0.000021
24126 0.000020
24127 0.000021
24128 0.000023
24129 0.000023
24130 0.000024
24131 0.000015
24132 0.000021
24133 0.000014
24134 0.000017
24135 0.000021
24136 0.000020
24137 0.000021
24138 0.000023
24139 0.000023
24140 0.000024
24141 0.000015
24142 0.000021
24143 0.000014
24144 0.000017
24145 0.000021
24146 0.000020
24147 0.000021
24148 0.000023
24149 0.000023
24150 0.000024
24151 0.000015
24152 0.000021
24153 0.000014
24154 0.000017
24155 0.000021
24156 0.000020
24157 0.000021
24158 0.000023
24159 0.000023
24160 0.000024
24161 0.000015
24162 0.000021
24163 0.000014
24164 0.000017
24165 0.000021
24166 0.000020
24167 0.000021
24168 0.000023
24169 0.000023
24170 0.000024
24171 0.000015
24172 0.000021
24173 0.000014
24174 0.000017
24175 0.000021
24176 0.000020
24177 0.000021
24178 0.000023
24179 0.000023
24180 0.000024
24181 0.000015
24182 0.000021
24183 0.000014
24184 0.000017
24185 0.000021
24186 0.000020
24187 0.000021
24188 0.000023
24189 0.000023
24190 0.000024
24191 0.000015
24192 0.000021
24193 0.000014
24194 0.000017
24195 0.000021
24196 0.000020
24197 0.000021
24198 0.000023
24199 0.000023
24200 0.000024
24201 0.000015
24202 0.000021
24203 0.000014
24204 0.000017
24205 0.000021
24206 0.000020
24207 0.000021
24208 0.000023
24209 0.000023
24210 0.000024
24211 0.000015
24212 0.000021
24213 0.000014
24214 0.000017
24215 0.000021
24216 0.000020
24217 0.000021
24218 0.000023
24219 0.000023
24220 0.000024
24221 0.000015
24222 0.000021
24223 0.000014
24224 0.000017
24225 0.000021
24226 0.000020
24227 0.000021
24228 0.000023
24229 0.000023
24230 0.000024
24231 0.000015
24232 0.000021
24233 0.000014
24234 0.000017
24235 0.000021
24236 0.000020
24237 0.000021
24238 0.000023
24239 0.000023
24240 0.000024
24241 0.000015
24242 0.000021
24243 0.000014
24244 0.000017
24245 0.000021
24246 0.000020
24247 0.000021
24248 0.000023
24249 0.000023
24250 0.000024
24251 0.000015
24252 0.000021
24253 0.000014
24254 0.000017
24255 0.000021
24256 0.000020
24257 0.000021
24258 0.000023
24259 0.000023
24260 0.000024
24261 0.000015
24262 0.000021
24263 0.000014
24264 0.000017
24265 0.000021
24266 0.000020
24267 0.000021
24268 0.000023
24269 0.000023
24270 0.000024
24271 0.000015
24272 0.000021
24273 0.000014
24274 0.000017
24275 0.000021
24276 0.000020
24277 0.000021
24278 0.000023
24279 0.000023
24280 0.000024
24281 0.000015
24282 0.000021
24283 0.000014
24284 0.000017
24285 0.000021
24286 0.000020
24287 0.000021
24288 0.000023
24289 0.000023
24290 0.000024
24291 0.000015
24292 0.000021
24293 0.000014
24294 0.000017
24295 0.000021
24296 0.000020
24297 0.000021
24298 0.000023
24299 0.000023
24300 0.000024
24301 0.000015
24302 0.000021
24303 0.000014
24304 0.000017
24305 0.000021
24306 0.000020
24307 0.000021
24308 0.000023
24309 0.000023
24310 0.000024
24311 0.000015
24312 0.000021
24313 0.000014
24314 0.000017
24315 0.000021
24316 0.000020
24317 0.000021
24318 0.000023
24319 0.000023
24320 0.000024
24321 0.000015
24322 0.000021
24323 0.000014
24324 0.000017
24325 0.000021
24326 0.000020
24327 0.000021
24328 0.000023
24329 0.000023
24330 0.000024
24331 0.000015
24332 0.000021
24333 0.000014
24334 0.000017
24335 0.000021
24336 0.000020
24337 0.000021
24338 0.000023
24339 0.000023
24340 0.000024
24341 0.000015
24342 0.000021
24343 0.000014
24344 0.000017
24345 0.000021
24346 0.000020
24347 0.000021
24348 0.000023
24349 0.000023
24350 0.000024
24351 0.000015
24352 0.000021
24353 0.000014
24354 0.000017
24355 0.000021
24356 0.000020
24357 0.000021
24358 0.000023
24359 0.000023
24360 0.000024
24361 0.000015
24362 0.000021
24363 0.000014
24364 0.000017
24365 0.000021
24366 0.000020
24367 0.000021
24368 0.000023
24369 0.000023
24370 0.000024
24371 0.000015
24372 0.000021
24373 0.000014
24374 0.000017
24375 0.000021
24376 0.000020
24377 0.000021
24378 0.000023
24379 0.000023
24380 0.000024
24381 0.000015
24382 0.000021
24383 0.000014
24384 0.000017
24385 0.000021
24386 0.000020
24387 0.000021
24388 0.000023
24389 0.000023
24390 0.000024
24391 0.000015
24392 0.000021
24393 0.000014
24394 0.000017
24395 0.000021
24396 0.000020
24397 0.000021
24398 0.000023
24399 0.000023
24400 0.000024
24401 0.000015
24402 0.000021
24403 0.000014
24404 0.000017
24405 0.000021
24406 0.000020
24407 0.000021
24408 0.000023
24409 0.000023
24410 0.000024
24411 0.000015
24412 0.000021
24413 0.000014
24414 0.000017
24415 0.000021
24416 0.000020
24417 0.000021
24418 0.000023
24419 0.000023
24420 0.000024
24421 0.000015
24422 0.000021
24423 0.000014
24424 0.000017
24425 0.000021
24426 0.000020
24427 0.000021
24428 0.000023
24429 0.000023
24430 0.000024
24431 0.000015
24432 0.000021
24433 0.000014
24434 0.000017
24435 0.000021
24436 0.000020
24437 0.000021
24438 0.000023
24439 0.000023
24440 0.000024
24441 0.000015
24442 0.000021
24443 0.000014
24444 0.000017
24445 0.000021
24446 0.000020
24447 0.000021
24448 0.000023
24449 0.000023
24450 0.000024
24451 0.000015
24452 0.000021
24453 0.000014
24454 0.000017
24455 0.000021
24456 0.000020
24457 0.000021
24458 0.000023
24459 0.000023
24460 0.000024
24461 0.000015
24462 0.000021
24463 0.000014
24464 0.000017
24465 0.000021
24466 0.000020
24467 0.000021
24468 0.000023
24469 0.000023
24470 0.000024
24471 0.000015
24472 0.000021
24473 0.000014
24474 0.000017
24475 0.000021
24476 0.000020
24477 0.000021
24478 0.000023
24479 0.000023
24480 0.000024
24481 0.000015
24482 0.000021
24483 0.000014
24484 0.000017
24485 0.000021
24486 0.000020
24487 0.000021
24488 0.000023
24489 0.000023
24490 0.000024
24491 0.000015
24492 0.000021
24493 0.000014
24494 0.000017
24495 0.000021
24496 0.000020
24497 0.000021
24498 0.000023
24499 0.000023
24500 0.000024
24501 0.000015
24502 0.000021
24503 0.000014
24504 0.000017
24505 0.000021
24506 0.000020
24507 0.000021
24508 0.000023
24509 0.000023
24510 0.000024
24511 0.000015
24512 0.000021
24513 0.000014
24514 0.000017
24515 0.000021
24516 0.000020
24517 0.000021
24518 0.000023
24519 0.000023
24520 0.000024
24521 0.000015
24522 0.000021
24523 0.000014
24524 0.000017
24525 0.000021
24526 0.000020
24527 0.000021
24528 0.000023
24529 0.000023
24530 0.000024
24531 0.000015
24532 0.000021
24533 0.000014
24534 0.000017
24535 0.000021
24536 0.000020
24537 0.000021
24538 0.000023
24539 0.000023
24540 0.000024
24541 0.000015
24542 0.000021
24543 0.000014
24544 0.000017
24545 0.000021
24546 0.000020
24547 0.000021
24548 0.000023
24549 0.000023
24550 0.000024
24551 0.000015
24552 0.000021
24553 0.000014
24554 0.000017
24555 0.000021
24556 0.000020
24557 0.000021
24558 0.000023
24559 0.000023
24560 0.000024
24561 0.000015
24562 0.000021
24563 0.000014
24564 0.000017
24565 0.000021
24566 0.000020
24567 0.000021
24568 0.000023
24569 0.000023
24570 0.000024
24571 0.000015
24572 0.000021
24573 0.000014
24574 0.000017
24575 0.000021
24576 0.000020
24577 0.000021
24578 0.000023
24579 0.000023
24580 0.000024
24581 0.000015
24582 0.000021
24583 0.000014
24584 0.000017
24585 0.000021
24586 0.000020
24587 0.000021
24588 0.000023
24589 0.000023
24590 0.000024
24591 0.000015
24592 0.000021
24593 0.000014
24594 0.000017
24595 0.000021
24596 0.000020
24597 0.000021
24598 0.000023
24599 0.000023
24600 0.000024
24601 0.000015
24602 0.000021
24603 0.000014
24604 0.000017
24605 0.000021
24606 0.000020
24607 0.000021
24608 0.000023
24609 0.000023
24610 0.000024
24611 0.000015
24612 0.000021
24613 0.000014
24614 0.000017
24615 0.000021
24616 0.000020
24617 0.000021
24618 0.000023
24619 0.000023
24620 0.000024
24621 0.000015
24622 0.000021
24623 0.000014
24624 0.000017
24625 0.000021
24626 0.000020
24627 0.000021
24628 0.000023
24629 0.000023
24630 0.000024
24631 0.000015
24632 0.000021
24633 0.000014
24634 0.000017
24635 0.000021
24636 0.000020
24637 0.000021
24638 0.000023
24639 0.000023
24640 0.000024
24641 0.000015
24642 0.000021
24643 0.000014
24644 0.000017
24645 0.000021
24646 0.000020
24647 0.000021
24648 0.000023
24649 0.000023
24650 0.000024
24651 0.000015
24652 0.000021
24653 0.000014
24654 0.000017
24655 0.000021
24656 0.000020
24657 0.000021
24658 0.000023
24659 0.000023
24660 0.000024
24661 0.000015
24662 0.000021
24663 0.000014
24664 0.000017
24665 0.000021
24666 0.000020
24667 0.000021
24668 0.000023
24669 0.000023
24670 0.000024
24671 0.000015
24672 0.000021
24673 0.000014
24674 0.000017
24675 0.000021
24676 0.000020
24677 0.000021
24678 0.000023
24679 0.000023
24680 0.000024
24681 0.000015
24682 0.000021
24683 0.000014
24684 0.000017
24685 0.000021
24686 0.000020
24687 0.000021
24688 0.000023
24689 0.000023
24690 0.000024
24691 0.000015
24692 0.000021
24693 0.000014
24694 0.000017
24695 0.000021
24696 0.000020
24697 0.000021
24698 0.000023
24699 0.000023
24700 0.000024
24701 0.000015
24702 0.000021
24703 0.000014
24704 0.000017
24705 0.000021
24706 0.000020
24707 0.000021
24708 0.000023
24709 0.000023
24710 0.000024
24711 0.000015
24712 0.000021
24713 0.000014
24714 0.000017
24715 0.000021
24716 0.000020
24717 0.000021
24718 0.000023
24719 0.000023
24720 0.000024
24721 0.000015
24722 0.000021
24723 0.000014
24724 0.000017
24725 0.000021
24726 0.000020
24727 0.000021
24728 0.000023
24729 0.000023
24730 0.000024
24731 0.000015
24732 0.000021
24733 0.000014
24734 0.000017
24735 0.000021
24736 0.000020
24737 0.000021
24738 0.000023
24739 0.000023
24740 0.000024
24741 0.000015
24742 0.000021
24743 0.000014
24744 0.000017
24745 0.000021
24746 0.000020
24747 0.000021
24748 0.000023
24749 0.000023
24750 0.000024
24751 0.000015
24752 0.000021
24753 0.000014
24754 0.000017
24755 0.000021
24756 0.000020
24757 0.000021
24758 0.000023
24759 0.000023
24760 0.000024
24761 0.000015
24762 0.000021
24763 0.000014
24764 0.000017
24765 0.000021
24766 0.000020
24767 0.000021
24768 0.000023
24769 0.000023
24770 0.000024
24771 0.000015
24772 0.000021
24773 0.000014
24774 0.000017
24775 0.000021
24776 0.000020
24777 0.000021
24778 0.000023
24779 0.000023
24780 0.000024
24781 0.000015
24782 0.000021
24783 0.000014
24784 0.000017
24785 0.000021
24786 0.000020
24787 0.000021
24788 0.000023
24789 0.000023
24790 0.000024
24791 0.000015
24792 0.000021
24793 0.000014
24794 0.000017
24795 0.000021
24796 0.000020
24797 0.000021
24798 0.000023
24799 0.000023
24800 0.000024
24801 0.000015
24802 0.000021
24803 0.000014
24804 0.000017
24805 0.000021
24806 0.000020
24807 0.000021
24808 0.000023
24809 0.000023
24810 0.000024
24811 0.000015
24812 0.000021
24813 0.000014
24814 0.000017
24815 0.000021
24816 0.000020
24817 0.000021
24818 0.000023
24819 0.000023
24820 0.000024
24821 0.000015
24822 0.000021
24823 0.000014
24824 0.000017
24825 0.000021
24826 0.000020
24827 0.000021
24828 0.000023
24829 0.000023
24830 0.000024
24831 0.000015
24832 0.000021
24833 0.000014
24834 0.000017
24835 0.000021
24836 0.000020
24837 0.000021
24838 0.000023
24839 0.000023
24840 0.000024
24841 0.000015
24842 0.000021
24843 0.000014
24844 0.000017
24845 0.000021
24846 0.000020
24847 0.000021
24848 0.000023
24849 0.000023
24850 0.000024
24851 0.000015
24852 0.000021
24853 0.000014
24854 0.000017
24855 0.000021
24856 0.000020
24857 0.000021
24858 0.000023
24859 0.000023
24860 0.000024
24861 0.000015
24862 0.000021
24863 0.000014
24864 0.000017
24865 0.000021
24866 0.000020
24867 0.000021
24868 0.000023
24869 0.000023
24870 0.000024
24871 0.000015
24872 0.000021
24873 0.000014
24874 0.000017
24875 0.000021
24876 0.000020
24877 0.000021
24878 0.000023
24879 0.000023
24880 0.000024
24881 0.000015
24882 0.000021
24883 0.000014
24884 0.000017
24885 0.000021
24886 0.000020
24887 0.000021
24888 0.000023
24889 0.000023
24890 0.000024
24891 0.000015
24892 0.000021
24893 0.000014
24894 0.000017
24895 0.000021
24896 0.000020
24897 0.000021
24898 0.000023
24899 0.000023
24900 0.000024
24901 0.000015
24902 0.000021
24903 0.000014
24904 0.000017
24905 0.000021
24906 0.000020
24907 0.000021
24908 0.000023
24909 0.000023
24910 0.000024
24911 0.000015
24912 0.000021
24913 0.000014
24914 0.000017
24915 0.000021
24916 0.000020
24917 0.000021
24918 0.000023
24919 0.000023
24920 0.000024
24921 0.000015
24922 0.000021
24923 0.000014
24924 0.000017
24925 0.000021
24926 0.000020
24927 0.000021
24928 0.000023
24929 0.000023
24930 0.000024
24931 0.000015
24932 0.000021
24933 0.000014
24934 0.000017
24935 0.000021
24936 0.000020
24937 0.000021
24938 0.000023
24939 0.000023
24940 0.000024
24941 0.000015
24942 0.000021
24943 0.000014
24944 0.000017
24945 0.000021
24946 0.000020
24947 0.000021
24948 0.000023
24949 0.000023
24950 0.000024
24951 0.000015
24952 0.000021
24953 0.000014
24954 0.000017
24955 0.000021
24956 0.000020
24957 0.000021
24958 0.000023
24959 0.000023
24960 0.000024
24961 0.000015
24962 0.000021
24963 0.000014
24964 0.000017
24965 0.000021
24966 0.000020
24967 0.000021
24968 0.000023
24969 0.000023
24970 0.000024
24971 0.000015
24972 0.000021
24973 0.000014
24974 0.000017
24975 0.000021
24976 0.000020
24977 0.000021
24978 0.000023
24979 0.000023
24980 0.000024
24981 0.000015
24982 0.000021
24983 0.000014
24984 0.000017
24985 0.000021
24986 0.000020
24987 0.000021
24988 0.000023
24989 0.000023
24990 0.000024
24991 0.000015
24992 0.000021
24993 0.000014
24994 0.000017
24995 0.000021
24996 0.000020
24997 0.000021
24998 0.000023
24999 0.000023
25000 0.000024
25001 0.000015
25002 0.000021
25003 0.000014
25004 0.000017
25005 0.000021
25006 0.000020
25007 0.000021
25008 0.000023
25009 0.000023
25010 0.000024
25011 0.000015
25012 0.000021
25013 0.000014
25014 0.000017
25015 0.000021
25016 0.000020
25017 0.000021
25018 0.000023
25019 0.000023
25020 0.000024
25021 0.000015
25022 0.000021
25023 0.000014
25024 0.000017
25025 0.000021
25026 0.000020
25027 0.000021
25028 0.000023
25029 0.000023
25030 0.000024
25031 0.000015
25032 0.000021
25033 0.000014
25034 0.000017
25035 0.000021
25036 0.000020
25037 0.000021
25038 0.000023
25039 0.000023
25040 0.000024
25041 0.000015
25042 0.000021
25043 0.000014
25044 0.000017
25045 0.000021
25046 0.000020
25047 0.000021
25048 0.000023
25049 0.000023
25050 0.000024
25051 0.000015
25052 0.000021
25053 0.000014
25054 0.000017
25055 0.000021
25056 0.000020
25057 0.000021
25058 0.000023
25059 0.000023
25060 0.000024
25061 0.000015
25062 0.000021
25063 0.000014
25064 0.000017
25065 0.000021
25066 0.000020
25067 0.000021
25068 0.000023
25069 0.000023
25070 0.000024
25071 0.000015
25072 0.000021
25073 0.000014
25074 0.000017
25075 0.000021
25076 0.000020
25077 0.000021
25078 0.000023
25079 0.000023
25080 0.000024
25081 0.000015
25082 0.000021
25083 0.000014
25084 0.000017
25085 0.000021
25086 0.000020
25087 0.000021
25088 0.000023
25089 0.000023
25090 0.000024
25091 0.000015
25092 0.000021
25093 0.000014
25094 0.000017
25095 0.000021
25096 0.000020
25097 0.000021
25098 0.000023
25099 0.000023
25100 0.000024
25101 0.000015
25102 0.000021
25103 0.000014
25104 0.000017
25105 0.000021
25106 0.000020
25107 0.000021
25108 0.000023
25109 0.000023
25110 0.000024
25111 0.000015
25112 0.000021
25113 0.000014
25114 0.000017
25115 0.000021
25116 0.000020
25117 0.000021
25118 0.000023
25119 0.000023
25120 0.000024
25121 0.000015
25122 0.000021
25123 0.000014
25124 0.000017
25125 0.000021
25126 0.000020
25127 0.000021
25128 0.000023
25129 0.000023
25130 0.000024
25131 0.000015
25132 0.000021
25133 0.000014
25134 0.000017
25135 0.000021
25136 0.000020
25137 0.000021
25138 0.000023
25139 0.000023
25140 0.000024
25141 0.000015
25142 0.000021
25143 0.000014
25144 0.000017
25145 0.000021
25146 0.000020
25147 0.000021
25148 0.000023
25149 0.000023
25150 0.000024
25151 0.000015
25152 0.000021
25153 0.000014
25154 0.000017
25155 0.000021
25156 0.000020
25157 0.000021
25158 0.000023
25159 0.000023
25160 0.000024
25161 0.000015
25162 0.000021
25163 0.000014
25164 0.000017
25165 0.000021
25166 0.000020
25167 0.000021
25168 0.000023
25169 0.000023
25170 0.000024
25171 0.000015
25172 0.000021
25173 0.000014
25174 0.000017
25175 0.000021
25176 0.000020
25177 0.000021
25178 0.000023
25179 0.000023
25180 0.000024
25181 0.000015
25182 0.000021
25183 0.000014
25184 0.000017
25185 0.000021
25186 0.000020
25187 0.000021
25188 0.000023
25189 0.000023
25190 0.000024
25191 0.000015
25192 0.000021
25193 0.000014
25194 0.000017
25195 0.000021
25196 0.000020
25197 0.000021
25198 0.000023
25199 0.000023
25200 0.000024
25201 0.000015
25202 0.000021
25203 0.000014
25204 0.000017
25205 0.000021
25206 0.000020
25207 0.000021
25208 0.000023
25209 0.000023
25210 0.000024
25211 0.000015
25212 0.000021
25213 0.000014
25214 0.000017
25215 0.000021
25216 0.000020
25217 0.000021
25218 0.000023
25219 0.000023
25220 0.000024
25221 0.000015
25222 0.000021
25223 0.000014
25224 0.000017
25225 0.000021
25226 0.000020
25227 0.000021
25228 0.000023
25229 0.000023
25230 0.000024
25231 0.000015
25232 0.000021
25233 0.000014
25234 0.000017
25235 0.000021
25236 0.000020
25237 0.000021
25238 0.000023
25239 0.000023
25240 0.000024
25241 0.000015
25242 0.000021
25243 0.000014
25244 0.000017
25245 0.000021
25246 0.000020
25247 0.000021
25248 0.000023
25249 0.000023
25250 0.000024
25251 0.000015
25252 0.000021
25253 0.000014
25254 0.000017
25255 0.000021
25256 0.000020
25257 0.000021
25258 0.000023
25259 0.000023
25260 0.000024
25261 0.000015
25262 0.000021
25263 0.000014
25264 0.000017
25265 0.000021
25266 0.000020
25267 0.000021
25268 0.000023
25269 0.000023
25270 0.000024
25271 0.000015
25272 0.000021
25273 0.000014
25274 0.000017
25275 0.000021
25276 0.000020
25277 0.000021
25278 0.000023
25279 0.000023
25280 0.000024
25281 0.000015
25282 0.000021
25283 0.000014
25284 0.000017
25285 0.000021
25286 0.000020
25287 0.000021
25288 0.000023
25289 0.000023
25290 0.000024
25291 0.000015
25292 0.000021
25293 0.000014
25294 0.000017
25295 0.000021
25296 0.000020
25297 0.000021
25298 0.000023
25299 0.000023
25300 0.000024
25301 0.000015
25302 0.000021
25303 0.000014
25304 0.000017
25305 0.000021
25306 0.000020
25307 0.000021
25308 0.000023
25309 0.000023
25310 0.000024
25311 0.000015
25312 0.000021
25313 0.000014
25314 0.000017
25315 0.000021
25316 0.000020
25317 0.000021
25318 0.000023
25319 0.000023
25320 0.000024
25321 0.000015
25322 0.000021
25323 0.000014
25324 0.000017
25325 0.000021
25326 0.000020
25327 0.000021
25328 0.000023
25329 0.000023
25330 0.000024
25331 0.000015
25332 0.000021
25333 0.000014
25334 0.000017
25335 0.000021
25336 0.000020
25337 0.000021
25338 0.000023
25339 0.000023
25340 0.000024
25341 0.000015
25342 0.000021
25343 0.000014
25344 0.000017
25345 0.000021
25346 0.000020
25347 0.000021
25348 0.000023
25349 0.000023
25350 0.000024
25351 0.000015
25352 0.000021
25353 0.000014
25354 0.000017
25355 0.000021
25356 0.000020
25357 0.000021
25358 0.000023
25359 0.000023
25360 0.000024
25361 0.000015
25362 0.000021
25363 0.000014
25364 0.000017
25365 0.000021
25366 0.000020
25367 0.000021
25368 0.000023
25369 0.000023
25370 0.000024
25371 0.000015
25372 0.000021
25373 0.000014
25374 0.000017
25375 0.000021
25376 0.000020
25377 0.000021
25378 0.000023
25379 0.000023
25380 0.000024
25381 0.000015
25382 0.000021
25383 0.000014
25384 0.000017
25385 0.000021
25386 0.000020
25387 0.000021
25388 0.000023
25389 0.000023
25390 0.000024
25391 0.000015
25392 0.000021
25393 0.000014
25394 0.000017
25395 0.000021
25396 0.000020
25397 0.000021
25398 0.000023
25399 0.000023
25400 0.000024
25401 0.000015
25402 0.000021
25403 0.000014
25404 0.000017
25405 0.000021
25406 0.000020
25407 0.000021
25408 0.000023
25409 0.000023
25410 0.000024
25411 0.000015
25412 0.000021
25413 0.000014
25414 0.000017
25415 0.000021
25416 0.000020
25417 0.000021
25418 0.000023
25419 0.000023
25420 0.000024
25421 0.000015
25422 0.000021
25423 0.000014
25424 0.000017
25425 0.000021
25426 0.000020
25427 0.000021
25428 0.000023
25429 0.000023
25430 0.000024
25431 0.000015
25432 0.000021
25433 0.000014
25434 0.000017
25435 0.000021
25436 0.000020
25437 0.000021
25438 0.000023
25439 0.000023
25440 0.000024
25441 0.000015
25442 0.000021
25443 0.000014
25444 0.000017
25445 0.000021
25446 0.000020
25447 0.000021
25448 0.000023
25449 0.000023
25450 0.000024
25451 0.000015
25452 0.000021
25453 0.000014
25454 0.000017
25455 0.000021
25456 0.000020
25457 0.000021
25458 0.000023
25459 0.000023
25460 0.000024
25461 0.000015
25462 0.000021
25463 0.000014
25464 0.000017
25465 0.000021
25466 0.000020
25467 0.000021
25468 0.000023
25469 0.000023
25470 0.000024
25471 0.000015
25472 0.000021
25473 0.000014
25474 0.000017
25475 0.000021
25476 0.000020
25477 0.000021
25478 0.000023
25479 0.000023
25480 0.000024
25481 0.000015
25482 0.000021
25483 0.000014
25484 0.000017
25485 0.000021
25486 0.000020
25487 0.000021
25488 0.000023
25489 0.000023
25490 0.000024
25491 0.000015
25492 0.000021
25493 0.000014
25494 0.000017
25495 0.000021
25496 0.000020
25497 0.000021
25498 0.000023
25499 0.000023
25500 0.000024
25501 0.000015
25502 0.000021
25503 0.000014
25504 0.000017
25505 0.000021
25506 0.000020
25507 0.000021
25508 0.000023
25509 0.000023
25510 0.000024
25511 0.000015
25512 0.000021
25513 0.000014
25514 0.000017
25515 0.000021
25516 0.000020
25517 0.000021
25518 0.000023
25519 0.000023
25520 0.000024
25521 0.000015
25522 0.000021
25523 0.000014
25524 0.000017
25525 0.000021
25526 0.000020
25527 0.000021
25528 0.000023
25529 0.000023
25530 0.000024
25531 0.000015
25532 0.000021
25533 0.000014
25534 0.000017
25535 0.000021
25536 0.000020
25537 0.000021
25538 0.000023
25539 0.000023
25540 0.000024
25541 0.000015
25542 0.000021
25543 0.000014
25544 0.000017
25545 0.000021
25546 0.000020
25547 0.000021
25548 0.000023
25549 0.000023
25550 0.000024
25551 0.000015
25552 0.000021
25553 0.000014
25554 0.000017
25555 0.000021
25556 0.000020
25557 0.000021
25558 0.000023
25559 0.000023
25560 0.000024
25561 0.000015
25562 0.000021
25563 0.000014
25564 0.000017
25565 0.000021
25566 0.000020
25567 0.000021
25568 0.000023
25569 0.000023
25570 0.000024
25571 0.000015
25572 0.000021
25573 0.000014
25574 0.000017
25575 0.000021
25576 0.000020
25577 0.000021
25578 0.000023
25579 0.000023
25580 0.000024
25581 0.000015
25582 0.000021
25583 0.000014
25584 0.000017
25585 0.000021
25586 0.000020
25587 0.000021
25588 0.000023
25589 0.000023
25590 0.000024
25591 0.000015
25592 0.000021
25593 0.000014
25594 0.000017
25595 0.000021
25596 0.000020
25597 0.000021
25598 0.000023
25599 0.000023
25600 0.000024
25601 0.000015
25602 0.000021
25603 0.000014
25604 0.000017
25605 0.000021
25606 0.000020
25607 0.000021
25608 0.000023
25609 0.000023
25610 0.000024
25611 0.000015
25612 0.000021
25613 0.000014
25614 0.000017
25615 0.000021
25616 0.000020
25617 0.000021
25618 0.000023
25619 0.000023
25620 0.000024
25621 0.000015
25622 0.000021
25623 0.000014
25624 0.000017
25625 0.000021
25626 0.000020
25627 0.000021
25628 0.000023
25629 0.000023
25630 0.000024
25631 0.000015
25632 0.000021
25633 0.000014
25634 0.000017
25635 0.000021
25636 0.000020
25637 0.000021
25638 0.000023
25639 0.000023
25640 0.000024
25641 0.000015
25642 0.000021
25643 0.000014
25644 0.000017
25645 0.000021
25646 0.000020
25647 0.000021
25648 0.000023
25649 0.000023
25650 0.000024
25651 0.000015
25652 0.000021
25653 0.000014
25654 0.000017
25655 0.000021
25656 0.000020
25657 0.000021
25658 0.000023
25659 0.000023
25660 0.000024
25661 0.000015
25662 0.000021
25663 0.000014
25664 0.000017
25665 0.000021
25666 0.000020
25667 0.000021
25668 0.000023
25669 0.000023
25670 0.000024
25671 0.000015
25672 0.000021
25673 0.000014
25674 0.000017
25675 0.000021
25676 0.000020
25677 0.000021
25678 0.000023
25679 0.000023
25680 0.000024
25681 0.000015
25682 0.000021
25683 0.000014
25684 0.000017
25685 0.000021
25686 0.000020
25687 0.000021
25688 0.000023
25689 0.000023
25690 0.000024
25691 0.000015
25692 0.000021
25693 0.000014
25694 0.000017
25695 0.000021
25696 0.000020
25697 0.000021
25698 0.000023
25699 0.000023
25700 0.000024
25701 0.000015
25702 0.000021
25703 0.000014
25704 0.000017
25705 0.000021
25706 0.000020
25707 0.000021
25708 0.000023
25709 0.000023
25710 0.000024
25711 0.000015
25712 0.000021
25713 0.000014
25714 0.000017
25715 0.000021
25716 0.000020
25717 0.000021
25718 0.000023
25719 0.000023
25720 0.000024
25721 0.000015
25722 0.000021
25723 0.000014
25724 0.000017
25725 0.000021
25726 0.000020
25727 0.000021
25728 0.000023
25729 0.000023
25730 0.000024
25731 0.000015
25732 0.000021
25733 0.000014
25734 0.000017
25735 0.000021
25736 0.000020
25737 0.000021
25738 0.000023
25739 0.000023
25740 0.000024
25741 0.000015
25742 0.000021
25743 0.000014
25744 0.000017
25745 0.000021
25746 0.000020
25747 0.000021
25748 0.000023
25749 0.000023
25750 0.000024
25751 0.000015
25752 0.000021
25753 0.000014
25754 0.000017
25755 0.000021
25756 0.000020
25757 0.000021
25758 0.000023
25759 0.000023
25760 0.000024
25761 0.000015
25762 0.000021
25763 0.000014
25764 0.000017
25765 0.000021
25766 0.000020
25767 0.000021
25768 0.000023
25769 0.000023
25770 0.000024
25771 0.000015
25772 0.000021
25773 0.000014
25774 0.000017
25775 0.000021
25776 0.000020
25777 0.000021
25778 0.000023
25779 0.000023
25780 0.000024
25781 0.000015
25782 0.000021
25783 0.000014
25784 0.000017
25785 0.000021
25786 0.000020
25787 0.000021
25788 0.000023
25789 0.000023
25790 0.000024
25791 0.000015
25792 0.000021
25793 0.000014
25794 0.000017
25795 0.000021
25796 0.000020
25797 0.000021
25798 0.000023
25799 0.000023
25800 0.000024
25801 0.000015
25802 0.000021
25803 0.000014
25804 0.000017
25805 0.000021
25806 0.000020
25807 0.000021
25808 0.000023
25809 0.000023
25810 0.000024
25811 0.000015
25812 0.000021
25813 0.000014
25814 0.000017
25815 0.000021
25816 0.000020
25817 0.000021
25818 0.000023
25819 0.000023
25820 0.000024
25821 0.000015
25822 0.000021
25823 0.000014
25824 0.000017
25825 0.000021
25826 0.000020
25827 0.000021
25828 0.000023
25829 0.000023
25830 0.000024
25831 0.000015
25832 0.000021
25833 0.000014
25834 0.000017
25835 0.000021
25836 0.000020
25837 0.000021
25838 0.000023
25839 0.000023
25840 0.000024
25841 0.000015
25842 0.000021
25843 0.000014
25844 0.000017
25845 0.000021
25846 0.000020
25847 0.000021
25848 0.000023
25849 0.000023
25850 0.000024
25851 0.000015
25852 0.000021
25853 0.000014
25854 0.000017
25855 0.000021
25856 0.000020
25857 0.000021
25858 0.000023
25859 0.000023
25860 0.000024
25861 0.000015
25862 0.000021
25863 0.000014
25864 0.000017
25865 0.000021
25866 0.000020
25867 0.000021
25868 0.000023
25869 0.000023
25870 0.000024
25871 0.000015
25872 0.000021
25873 0.000014
25874 0.000017
25875 0.000021
25876 0.000020
25877 0.000021
25878 0.000023
25879 0.000023
25880 0.000024
25881 0.000015
25882 0.000021
25883 0.000014
25884 0.000017
25885 0.000021
25886 0.000020
25887 0.000021
25888 0.000023
25889 0.000023
25890 0.000024
25891 0.000015
25892 0.000021
25893 0.000014
25894 0.000017
25895 0.000021
25896 0.000020
25897 0.000021
25898 0.000023
25899 0.000023
25900 0.000024
25901 0.000015
25902 0.000021
25903 0.000014
25904 0.000017
25905 0.000021
25906 0.000020
25907 0.000021
25908 0.000023
25909 0.000023
25910 0.000024
25911 0.000015
25912 0.000021
25913 0.000014
25914 0.000017
25915 0.000021
25916 0.000020
25917 0.000021
25918 0.000023
25919 0.000023
25920 0.000024
25921 0.000015
25922 0.000021
25923 0.000014
25924 0.000017
25925 0.000021
25926 0.000020
25927 0.000021
25928 0.000023
25929 0.000023
25930 0.000024
25931 0.000015
25932 0.000021
25933 0.000014
25934 0.000017
25935 0.000021
25936 0.000020
25937 0.000021
25938 0.000023
25939 0.000023
25940 0.000024
25941 0.000015
25942 0.000021
25943 0.000014
25944 0.000017
25945 0.000021
25946 0.000020
25947 0.000021
25948 0.000023
25949 0.000023
25950 0.000024
25951 0.000015
25952 0.000021
25953 0.000014
25954 0.000017
25955 0.000021
25956 0.000020
25957 0.000021
25958 0.000023
25959 0.000023
25960 0.000024
25961 0.000015
25962 0.000021
25963 0.000014
25964 0.000017
25965 0.000021
25966 0.000020
25967 0.000021
25968 0.000023
25969 0.000023
25970 0.000024
25971 0.000015
25972 0.000021
25973 0.000014
25974 0.000017
25975 0.000021
25976 0.000020
25977 0.000021
25978 0.000023
25979 0.000023
25980 0.000024
25981 0.000015
25982 0.000021
25983 0.000014
25984 0.000017
25985 0.000021
25986 0.000020
25987 0.000021
25988 0.000023
25989 0.000023
25990 0.000024
25991 0.000015
25992 0.000021
25993 0.000014
25994 0.000017
25995 0.000021
25996 0.000020
25997 0.000021
25998 0.000023
25999 0.000023
26000 0.000024
26001 0.000015
26002 0.000021
26003 0.000014
26004 0.000017
26005 0.000021
26006 0.000020
26007 0.000021
26008 0.000023
26009 0.000023
26010 0.000024
26011 0.000015
26012 0.000021
26013 0.000014
26014 0.000017
26015 0.000021
26016 0.000020
26017 0.000021
26018 0.000023
26019 0.000023
26020 0.000024
26021 0.000015
26022 0.000021
26023 0.000014
26024 0.000017
26025 0.000021
26026 0.000020
26027 0.000021
26028 0.000023
26029 0.000023
26030 0.000024
26031 0.000015
26032 0.000021
26033 0.000014
26034 0.000017
26035 0.000021
26036 0.000020
26037 0.000021
26038 0.000023
26039 0.000023
26040 0.000024
26041 0.000015
26042 0.000021
26043 0.000014
26044 0.000017
26045 0.000021
26046 0.000020
26047 0.000021
26048 0.000023
26049 0.000023
26050 0.000024
26051 0.000015
26052 0.000021
26053 0.000014
26054 0.000017
26055 0.000021
26056 0.000020
26057 0.000021
26058 0.000023
26059 0.000023
26060 0.000024
26061 0.000015
26062 0.000021
26063 0.000014
26064 0.000017
26065 0.000021
26066 0.000020
26067 0.000021
26068 0.000023
26069 0.000023
26070 0.000024
26071 0.000015
26072 0.000021
26073 0.000014
26074 0.000017
26075 0.000021
26076 0.000020
26077 0.000021
26078 0.000023
26079 0.000023
26080 0.000024
26081 0.000015
26082 0.000021
26083 0.000014
26084 0.000017
26085 0.000021
26086 0.000020
26087 0.000021
26088 0.000023
26089 0.000023
26090 0.000024
26091 0.000015
26092 0.000021
26093 0.000014
26094 0.000017
26095 0.000021
26096 0.000020
26097 0.000021
26098 0.000023
26099 0.000023
26100 0.000024
26101 0.000015
26102 0.000021
26103 0.000014
26104 0.000017
26105 0.000021
26106 0.000020
26107 0.000021
26108 0.000023
26109 0.000023
26110 0.000024
26111 0.000015
26112 0.000021
26113 0.000014
26114 0.000017
26115 0.000021
26116 0.000020
26117 0.000021
26118 0.000023
26119 0.000023
26120 0.000024
26121 0.000015
26122 0.000021
26123 0.000014
26124 0.000017
26125 0.000021
26126 0.000020
26127 0.000021
26128 0.000023
26129 0.000023
26130 0.000024
26131 0.000015
26132 0.000021
26133 0.000014
26134 0.000017
26135 0.000021
26136 0.000020
26137 0.000021
26138 0.000023
26139 0.000023
26140 0.000024
26141 0.000015
26142 0.000021
26143 0.000014
26144 0.000017
26145 0.000021
26146 0.000020
26147 0.000021
26148 0.000023
26149 0.000023
26150 0.000024
26151 0.000015
26152 0.000021
26153 0.000014
26154 0.000017
26155 0.000021
26156 0.000020
26157 0.000021
26158 0.000023
26159 0.000023
26160 0.000024
26161 0.000015
26162 0.000021
26163 0.000014
26164 0.000017
26165 0.000021
26166 0.000020
26167 0.000021
26168 0.000023
26169 0.000023
26170 0.000024
26171 0.000015
26172 0.000021
26173 0.000014
26174 0.000017
26175 0.000021
26176 0.000020
26177 0.000021
26178 0.000023
26179 0.000023
26180 0.000024
26181 0.000015
26182 0.000021
26183 0.000014
26184 0.000017
26185 0.000021
26186 0.000020
26187 0.000021
26188 0.000023
26189 0.000023
26190 0.000024
26191 0.000015
26192 0.000021
26193 0.000014
26194 0.000017
26195 0.000021
26196 0.000020
26197 0.000021
26198 0.000023
26199 0.000023
26200 0.000024
26201 0.000015
26202 0.000021
26203 0.000014
26204 0.000017
26205 0.000021
26206 0.000020
26207 0.000021
26208 0.000023
26209 0.000023
26210 0.000024
26211 0.000015
26212 0.000021
26213 0.000014
26214 0.000017
26215 0.000021
26216 0.000020
26217 0.000021
26218 0.000023
26219 0.000023
26220 0.000024
26221 0.000015
26222 0.000021
26223 0.000014
26224 0.000017
26225 0.000021
26226 0.000020
26227 0.000021
26228 0.000023
26229 0.000023
26230 0.000024
26231 0.000015
26232 0.000021
26233 0.000014
26234 0.000017
26235 0.000021
26236 0.000020
26237 0.000021
26238 0.000023
26239 0.000023
26240 0.000024
26241 0.000015
26242 0.000021
26243 0.000014
26244 0.000017
26245 0.000021
26246 0.000020
26247 0.000021
26248 0.000023
26249 0.000023
26250 0.000024
26251 0.000015
26252 0.000021
26253 0.000014
26254 0.000017
26255 0.000021
26256 0.000020
26257 0.000021
26258 0.000023
26259 0.000023
26260 0.000024
26261 0.000015
26262 0.000021
26263 0.000014
26264 0.000017
26265 0.000021
26266 0.000020
26267 0.000021
26268 0.000023
26269 0.000023
26270 0.000024
26271 0.000015
26272 0.000021
26273 0.000014
26274 0.000017
26275 0.000021
26276 0.000020
26277 0.000021
26278 0.000023
26279 0.000023
26280 0.000024
26281 0.000015
26282 0.000021
26283 0.000014
26284 0.000017
26285 0.000021
26286 0.000020
26287 0.000021
26288 0.000023
26289 0.000023
26290 0.000024
26291 0.000015
26292 0.000021
26293 0.000014
26294 0.000017
26295 0.000021
26296 0.000020
26297 0.000021
26298 0.000023
26299 0.000023
26300 0.000024
26301 0.000015
26302 0.000021
26303 0.000014
26304 0.000017
26305 0.000021
26306 0.000020
26307 0.000021
26308 0.000023
26309 0.000023
26310 0.000024
26311 0.000015
26312 0.000021
26313 0.000014
26314 0.000017
26315 0.000021
26316 0.000020
26317 0.000021
26318 0.000023
26319 0.000023
26320 0.000024
26321 0.000015
26322 0.000021
26323 0.000014
26324 0.000017
26325 0.000021
26326 0.000020
26327 0.000021
26328 0.000023
26329 0.000023
26330 0.000024
26331 0.000015
26332 0.000021
26333 0.000014
26334 0.000017
26335 0.000021
26336 0.000020
26337 0.000021
26338 0.000023
26339 0.000023
26340 0.000024
26341 0.000015
26342 0.000021
26343 0.000014
26344 0.000017
26345 0.000021
26346 0.000020
26347 0.000021
26348 0.000023
26349 0.000023
26350 0.000024
26351 0.000015
26352 0.000021
26353 0.000014
26354 0.000017
26355 0.000021
26356 0.000020
26357 0.000021
26358 0.000023
26359 0.000023
26360 0.000024
26361 0.000015
26362 0.000021
26363 0.000014
26364 0.000017
26365 0.000021
26366 0.000020
26367 0.000021
26368 0.000023
26369 0.000023
26370 0.000024
26371 0.000015
26372 0.000021
26373 0.000014
26374 0.000017
26375 0.000021
26376 0.000020
26377 0.000021
26378 0.000023
26379 0.000023
26380 0.000024
26381 0.000015
26382 0.000021
26383 0.000014
26384 0.000017
26385 0.000021
26386 0.000020
26387 0.000021
26388 0.000023
26389 0.000023
26390 0.000024
26391 0.000015
26392 0.000021
26393 0.000014
26394 0.000017
26395 0.000021
26396 0.000020
26397 0.000021
26398 0.000023
26399 0.000023
26400 0.000024
26401 0.000015
26402 0.000021
26403 0.000014
26404 0.000017
26405 0.000021
26406 0.000020
26407 0.000021
26408 0.000023
26409 0.000023
26410 0.000024
26411 0.000015
26412 0.000021
26413 0.000014
26414 0.000017
26415 0.000021
26416 0.000020
26417 0.000021
26418 0.000023
26419 0.000023
26420 0.000024
26421 0.000015
26422 0.000021
26423 0.000014
26424 0.000017
26425 0.000021
26426 0.000020
26427 0.000021
26428 0.000023
26429 0.000023
26430 0.000024
26431 0.000015
26432 0.000021
26433 0.000014
26434 0.000017
26435 0.000021
26436 0.000020
26437 0.000021
26438 0.000023
26439 0.000023
26440 0.000024
26441 0.000015
26442 0.000021
26443 0.000014
26444 0.000017
26445 0.000021
26446 0.000020
26447 0.000021
26448 0.000023
26449 0.000023
26450 0.000024
26451 0.000015
26452 0.000021
26453 0.000014
26454 0.000017
26455 0.000021
26456 0.000020
26457 0.000021
26458 0.000023
26459 0.000023
26460 0.000024
26461 0.000015
26462 0.000021
26463 0.000014
26464 0.000017
26465 0.000021
26466 0.000020
26467 0.000021
26468 0.000023
26469 0.000023
26470 0.000024
26471 0.000015
26472 0.000021
26473 0.000014
26474 0.000017
26475 0.000021
26476 0.000020
26477 0.000021
26478 0.000023
26479 0.000023
26480 0.000024
26481 0.000015
26482 0.000021
26483 0.000014
26484 0.000017
26485 0.000021
26486 0.000020
26487 0.000021
26488 0.000023
26489 0.000023
26490 0.000024
26491 0.000015
26492 0.000021
26493 0.000014
26494 0.000017
26495 0.000021
26496 0.000020
26497 0.000021
26498 0.000023
26499 0.000023
26500 0.000024
26501 0.000015
26502 0.000021
26503 0.000014
26504 0.000017
26505 0.000021
26506 0.000020
26507 0.000021
26508 0.000023
26509 0.000023
26510 0.000024
26511 0.000015
26512 0.000021
26513 0.000014
26514 0.000017
26515 0.000021
26516 0.000020
26517 0.000021
26518 0.000023
26519 0.000023
26520 0.000024
26521 0.000015
26522 0.000021
26523 0.000014
26524 0.000017
26525 0.000021
26526 0.000020
26527 0.000021
26528 0.000023
26529 0.000023
26530 0.000024
26531 0.000015
26532 0.000021
26533 0.000014
26534 0.000017
26535 0.000021
26536 0.000020
26537 0.000021
26538 0.000023
26539 0.000023
26540 0.000024
26541 0.000015
26542 0.000021
26543 0.000014
26544 0.000017
26545 0.000021
26546 0.000020
26547 0.000021
26548 0.000023
26549 0.000023
26550 0.000024
26551 0.000015
26552 0.000021
26553 0.000014
26554 0.000017
26555 0.000021
26556 0.000020
26557 0.000021
26558 0.000023
26559 0.000023
26560 0.000024
26561 0.000015
26562 0.000021
26563 0.000014
26564 0.000017
26565 0.000021
26566 0.000020
26567 0.000021
26568 0.000023
26569 0.000023
26570 0.000024
26571 0.000015
26572 0.000021
26573 0.000014
26574 0.000017
26575 0.000021
26576 0.000020
26577 0.000021
26578 0.000023
26579 0.000023
26580 0.000024
26581 0.000015
26582 0.000021
26583 0.000014
26584 0.000017
26585 0.000021
26586 0.000020
26587 0.000021
26588 0.000023
26589 0.000023
26590 0.000024
26591 0.000015
26592 0.000021
26593 0.000014
26594 0.000017
26595 0.000021
26596 0.000020
26597 0.000021
26598 0.000023
26599 0.000023
26600 0.000024
26601 0.000015
26602 0.000021
26603 0.000014
26604 0.000017
26605 0.000021
26606 0.000020
26607 0.000021
26608 0.000023
26609 0.000023
26610 0.000024
26611 0.000015
26612 0.000021
26613 0.000014
26614 0.000017
26615 0.000021
26616 0.000020
26617 0.000021
26618 0.000023
26619 0.000023
26620 0.000024
26621 0.000015
26622 0.000021
26623 0.000014
26624 0.000017
26625 0.000021
26626 0.000020
26627 0.000021
26628 0.000023
26629 0.000023
26630 0.000024
26631 0.000015
26632 0.000021
26633 0.000014
26634 0.000017
26635 0.000021
26636 0.000020
26637 0.000021
26638 0.000023
26639 0.000023
26640 0.000024
26641 0.000015
26642 0.000021
26643 0.000014
26644 0.000017
26645 0.000021
26646 0.000020
26647 0.000021
26648 0.000023
26649 0.000023
26650 0.000024
26651 0.000015
26652 0.000021
26653 0.000014
26654 0.000017
26655 0.000021
26656 0.000020
26657 0.000021
26658 0.000023
26659 0.000023
26660 0.000024
26661 0.000015
26662 0.000021
26663 0.000014
26664 0.000017
26665 0.000021
26666 0.000020
26667 0.000021
26668 0.000023
26669 0.000023
26670 0.000024
26671 0.000015
26672 0.000021
26673 0.000014
26674 0.000017
26675 0.000021
26676 0.000020
26677 0.000021
26678 0.000023
26679 0.000023
26680 0.000024
26681 0.000015
26682 0.000021
26683 0.000014
26684 0.000017
26685 0.000021
26686 0.000020
26687 0.000021
26688 0.000023
26689 0.000023
26690 0.000024
26691 0.000015
26692 0.000021
26693 0.000014
26694 0.000017
26695 0.000021
26696 0.000020
26697 0.000021
26698 0.000023
26699 0.000023
26700 0.000024
26701 0.000015
26702 0.000021
26703 0.000014
26704 0.000017
26705 0.000021
26706 0.000020
26707 0.000021
26708 0.000023
26709 0.000023
26710 0.000024
26711 0.000015
26712 0.000021
26713 0.000014
26714 0.000017
26715 0.000021
26716 0.000020
26717 0.000021
26718 0.000023
26719 0.000023
26720 0.000024
26721 0.000015
26722 0.000021
26723 0.000014
26724 0.000017
26725 0.000021
26726 0.000020
26727 0.000021
26728 0.000023
26729 0.000023
26730 0.000024
26731 0.000015
26732 0.000021
26733 0.000014
26734 0.000017
26735 0.000021
26736 0.000020
26737 0.000021
26738 0.000023
26739 0.000023
26740 0.000024
26741 0.000015
26742 0.000021
26743 0.000014
26744 0.000017
26745 0.000021
26746 0.000020
26747 0.000021
26748 0.000023
26749 0.000023
26750 0.000024
26751 0.000015
26752 0.000021
26753 0.000014
26754 0.000017
26755 0.000021
26756 0.000020
26757 0.000021
26758 0.000023
26759 0.000023
26760 0.000024
26761 0.000015
26762 0.000021
26763 0.000014
26764 0.000017
26765 0.000021
26766 0.000020
26767 0.000021
26768 0.000023
26769 0.000023
26770 0.000024
26771 0.000015
26772 0.000021
26773 0.000014
26774 0.000017
26775 0.000021
26776 0.000020
26777 0.000021
26778 0.000023
26779 0.000023
26780 0.000024
26781 0.000015
26782 0.000021
26783 0.000014
26784 0.000017
26785 0.000021
26786 0.000020
26787 0.000021
26788 0.000023
26789 0.000023
26790 0.000024
26791 0.000015
26792 0.000021
26793 0.000014
26794 0.000017
26795 0.000021
26796 0.000020
26797 0.000021
26798 0.000023
26799 0.000023
26800 0.000024
26801 0.000015
26802 0.000021
26803 0.000014
26804 0.000017
26805 0.000021
26806 0.000020
26807 0.000021
26808 0.000023
26809 0.000023
26810 0.000024
26811 0.000015
26812 0.000021
26813 0.000014
26814 0.000017
26815 0.000021
26816 0.000020
26817 0.000021
26818 0.000023
26819 0.000023
26820 0.000024
26821 0.000015
26822 0.000021
26823 0.000014
26824 0.000017
26825 0.000021
26826 0.000020
26827 0.000021
26828 0.000023
26829 0.000023
26830 0.000024
26831 0.000015
26832 0.000021
26833 0.000014
26834 0.000017
26835 0.000021
26836 0.000020
26837 0.000021
26838 0.000023
26839 0.000023
26840 0.000024
26841 0.000015
26842 0.000021
26843 0.000014
26844 0.000017
26845 0.000021
26846 0.000020
26847 0.000021
26848 0.000023
26849 0.000023
26850 0.000024
26851 0.000015
26852 0.000021
26853 0.000014
26854 0.000017
26855 0.000021
26856 0.000020
26857 0.000021
26858 0.000023
26859 0.000023
26860 0.000024
26861 0.000015
26862 0.000021
26863 0.000014
26864 0.000017
26865 0.000021
26866 0.000020
26867 0.000021
26868 0.000023
26869 0.000023
26870 0.000024
26871 0.000015
26872 0.000021
26873 0.000014
26874 0.000017
26875 0.000021
26876 0.000020
26877 0.000021
26878 0.000023
26879 0.000023
26880 0.000024
26881 0.000015
26882 0.000021
26883 0.000014
26884 0.000017
26885 0.000021
26886 0.000020
26887 0.000021
26888 0.000023
26889 0.000023
26890 0.000024
26891 0.000015
26892 0.000021
26893 0.000014
26894 0.000017
26895 0.000021
26896 0.000020
26897 0.000021
26898 0.000023
26899 0.000023
26900 0.000024
26901 0.000015
26902 0.000021
26903 0.000014
26904 0.000017
26905 0.000021
26906 0.000020
26907 0.000021
26908 0.000023
26909 0.000023
26910 0.000024
26911 0.000015
26912 0.000021
26913 0.000014
26914 0.000017
26915 0.000021
26916 0.000020
26917 0.000021
26918 0.000023
26919 0.000023
26920 0.000024
26921 0.000015
26922 0.000021
26923 0.000014
26924 0.000017
26925 0.000021
26926 0.000020
26927 0.000021
26928 0.000023
26929 0.000023
26930 0.000024
26931 0.000015
26932 0.000021
26933 0.000014
26934 0.000017
26935 0.000021
26936 0.000020
26937 0.000021
26938 0.000023
26939 0.000023
26940 0.000024
26941 0.000015
26942 0.000021
26943 0.000014
26944 0.000017
26945 0.000021
26946 0.000020
26947 0.000021
26948 0.000023
26949 0.000023
26950 0.000024
26951 0.000015
26952 0.000021
26953 0.000014
26954 0.000017
26955 0.000021
26956 0.000020
26957 0.000021
26958 0.000023
26959 0.000023
26960 0.000024
26961 0.000015
26962 0.000021
26963 0.000014
26964 0.000017
26965 0.000021
26966 0.000020
26967 0.000021
26968 0.000023
26969 0.000023
26970 0.000024
26971 0.000015
26972 0.000021
26973 0.000014
26974 0.000017
26975 0.000021
26976 0.000020
26977 0.000021
26978 0.000023
26979 0.000023
26980 0.000024
26981 0.000015
26982 0.000021
26983 0.000014
26984 0.000017
26985 0.000021
26986 0.000020
26987 0.000021
26988 0.000023
26989 0.000023
26990 0.000024
26991 0.000015
26992 0.000021
26993 0.000014
26994 0.000017
26995 0.000021
26996 0.000020
26997 0.000021
26998 0.000023
26999 0.000023
27000 0.000024
27001 0.000015
27002 0.000021
27003 0.000014
27004 0.000017
27005 0.000021
27006 0.000020
27007 0.000021
27008 0.000023
27009 0.000023
27010 0.000024
27011 0.000015
27012 0.000021
27013 0.000014
27014 0.000017
27015 0.000021
27016 0.000020
27017 0.000021
27018 0.000023
27019 0.000023
27020 0.000024
27021 0.000015
27022 0.000021
27023 0.000014
27024 0.000017
27025 0.000021
27026 0.000020
27027 0.000021
27028 0.000023
27029 0.000023
27030 0.000024
27031 0.000015
27032 0.000021
27033 0.000014
27034 0.000017
27035 0.000021
27036 0.000020
27037 0.000021
27038 0.000023
27039 0.000023
27040 0.000024
27041 0.000015
27042 0.000021
27043 0.000014
27044 0.000017
27045 0.000021
27046 0.000020
27047 0.000021
27048 0.000023
27049 0.000023
27050 0.000024
27051 0.000015
27052 0.000021
27053 0.000014
27054 0.000017
27055 0.000021
27056 0.000020
27057 0.000021
27058 0.000023
27059 0.000023
27060 0.000024
27061 0.000015
27062 0.000021
27063 0.000014
27064 0.000017
27065 0.000021
27066 0.000020
27067 0.000021
27068 0.000023
27069 0.000023
27070 0.000024
27071 0.000015
27072 0.000021
27073 0.000014
27074 0.000017
27075 0.000021
27076 0.000020
27077 0.000021
27078 0.000023
27079 0.000023
27080 0.000024
27081 0.000015
27082 0.000021
27083 0.000014
27084 0.000017
27085 0.000021
27086 0.000020
27087 0.000021
27088 0.000023
27089 0.000023
27090 0.000024
27091 0.000015
27092 0.000021
27093 0.000014
27094 0.000017
27095 0.000021
27096 0.000020
27097 0.000021
27098 0.000023
27099 0.000023
27100 0.000024
27101 0.000015
27102 0.000021
27103 0.000014
27104 0.000017
27105 0.000021
27106 0.000020
27107 0.000021
27108 0.000023
27109 0.000023
27110 0.000024
27111 0.000015
27112 0.000021
27113 0.000014
27114 0.000017
27115 0.000021
27116 0.000020
27117 0.000021
27118 0.000023
27119 0.000023
27120 0.000024
27121 0.000015
27122 0.000021
27123 0.000014
27124 0.000017
27125 0.000021
27126 0.000020
27127 0.000021
27128 0.000023
27129 0.000023
27130 0.000024
27131 0.000015
27132 0.000021
27133 0.000014
27134 0.000017
27135 0.000021
27136 0.000020
27137 0.000021
27138 0.000023
27139 0.000023
27140 0.000024
27141 0.000015
27142 0.000021
27143 0.000014
27144 0.000017
27145 0.000021
27146 0.000020
27147 0.000021
27148 0.000023
27149 0.000023
27150 0.000024
27151 0.000015
27152 0.000021
27153 0.000014
27154 0.000017
27155 0.000021
27156 0.000020
27157 0.000021
27158 0.000023
27159 0.000023
27160 0.000024
27161 0.000015
27162 0.000021
27163 0.000014
27164 0.000017
27165 0.000021
27166 0.000020
27167 0.000021
27168 0.000023
27169 0.000023
27170 0.000024
27171 0.000015
27172 0.000021
27173 0.000014
27174 0.000017
27175 0.000021
27176 0.000020
27177 0.000021
27178 0.000023
27179 0.000023
27180 0.000024
27181 0.000015
27182 0.000021
27183 0.000014
27184 0.000017
27185 0.000021
27186 0.000020
27187 0.000021
27188 0.000023
27189 0.000023
27190 0.000024
27191 0.000015
27192 0.000021
27193 0.000014
27194 0.000017
27195 0.000021
27196 0.000020
27197 0.000021
27198 0.000023
27199 0.000023
27200 0.000024
27201 0.000015
27202 0.000021
27203 0.000014
27204 0.000017
27205 0.000021
27206 0.000020
27207 0.000021
27208 0.000023
27209 0.000023
27210 0.000024
27211 0.000015
27212 0.000021
27213 0.000014
27214 0.000017
27215 0.000021
27216 0.000020
27217 0.000021
27218 0.000023
27219 0.000023
27220 0.000024
27221 0.000015
27222 0.000021
27223 0.000014
27224 0.000017
27225 0.000021
27226 0.000020
27227 0.000021
27228 0.000023
27229 0.000023
27230 0.000024
27231 0.000015
27232 0.000021
27233 0.000014
27234 0.000017
27235 0.000021
27236 0.000020
27237 0.000021
27238 0.000023
27239 0.000023
27240 0.000024
27241 0.000015
27242 0.000021
27243 0.000014
27244 0.000017
27245 0.000021
27246 0.000020
27247 0.000021
27248 0.000023
27249 0.000023
27250 0.000024
27251 0.000015
27252 0.000021
27253 0.000014
27254 0.000017
27255 0.000021
27256 0.000020
27257 0.000021
27258 0.000023
27259 0.000023
27260 0.000024
27261 0.000015
27262 0.000021
27263 0.000014
27264 0.000017
27265 0.000021
27266 0.000020
27267 0.000021
27268 0.000023
27269 0.000023
27270 0.000024
27271 0.000015
27272 0.000021
27273 0.000014
27274 0.000017
27275 0.000021
27276 0.000020
27277 0.000021
27278 0.000023
27279 0.000023
27280 0.000024
27281 0.000015
27282 0.000021
27283 0.000014
27284 0.000017
27285 0.000021
27286 0.000020
27287 0.000021
27288 0.000023
27289 0.000023
27290 0.000024
27291 0.000015
27292 0.000021
27293 0.000014
27294 0.000017
27295 0.000021
27296 0.000020
27297 0.000021
27298 0.000023
27299 0.000023
27300 0.000024
27301 0.000015
27302 0.000021
27303 0.000014
27304 0.000017
27305 0.000021
27306 0.000020
27307 0.000021
27308 0.000023
27309 0.000023
27310 0.000024
27311 0.000015
27312 0.000021
27313 0.000014
27314 0.000017
27315 0.000021
27316 0.000020
27317 0.000021
27318 0.000023
27319 0.000023
27320 0.000024
27321 0.000015
27322 0.000021
27323 0.000014
27324 0.000017
27325 0.000021
27326 0.000020
27327 0.000021
27328 0.000023
27329 0.000023
27330 0.000024
27331 0.000015
27332 0.000021
27333 0.000014
27334 0.000017
27335 0.000021
27336 0.000020
27337 0.000021
27338 0.000023
27339 0.000023
27340 0.000024
27341 0.000015
27342 0.000021
27343 0.000014
27344 0.000017
27345 0.000021
27346 0.000020
27347 0.000021
27348 0.000023
27349 0.000023
27350 0.000024
27351 0.000015
27352 0.000021
27353 0.000014
27354 0.000017
27355 0.000021
27356 0.000020
27357 0.000021
27358 0.000023
27359 0.000023
27360 0.000024
27361 0.000015
27362 0.000021
27363 0.000014
27364 0.000017
27365 0.000021
27366 0.000020
27367 0.000021
27368 0.000023
27369 0.000023
27370 0.000024
27371 0.000015
27372 0.000021
27373 0.000014
27374 0.000017
27375 0.000021
27376 0.000020
27377 0.000021
27378 0.000023
27379 0.000023
27380 0.000024
27381 0.000015
27382 0.000021
27383 0.000014
27384 0.000017
27385 0.000021
27386 0.000020
27387 0.000021
27388 0.000023
27389 0.000023
27390 0.000024
27391 0.000015
27392 0.000021
27393 0.000014
27394 0.000017
27395 0.000021
27396 0.000020
27397 0.000021
27398 0.000023
27399 0.000023
27400 0.000024
27401 0.000015
27402 0.000021
27403 0.000014
27404 0.000017
27405 0.000021
27406 0.000020
27407 0.000021
27408 0.000023
27409 0.000023
27410 0.000024
27411 0.000015
27412 0.000021
27413 0.000014
27414 0.000017
27415 0.000021
27416 0.000020
27417 0.000021
27418 0.000023
27419 0.000023
27420 0.000024
27421 0.000015
27422 0.000021
27423 0.000014
27424 0.000017
27425 0.000021
27426 0.000020
27427 0.000021
27428 0.000023
27429 0.000023
27430 0.000024
27431 0.000015
27432 0.000021
27433 0.000014
27434 0.000017
27435 0.000021
27436 0.000020
27437 0.000021
27438 0.000023
27439 0.000023
27440 0.000024
27441 0.000015
27442 0.000021
27443 0.000014
27444 0.000017
27445 0.000021
27446 0.000020
27447 0.000021
27448 0.000023
27449 0.000023
27450 0.000024
27451 0.000015
27452 0.000021
27453 0.000014
27454 0.000017
27455 0.000021
27456 0.000020
27457 0.000021
27458 0.000023
27459 0.000023
27460 0.000024
27461 0.000015
27462 0.000021
27463 0.000014
27464 0.000017
27465 0.000021
27466 0.000020
27467 0.000021
27468 0.000023
27469 0.000023
27470 0.000024
27471 0.000015
27472 0.000021
27473 0.000014
27474 0.000017
27475 0.000021
27476 0.000020
27477 0.000021
27478 0.000023
27479 0.000023
27480 0.000024
27481 0.000015
27482 0.000021
27483 0.000014
27484 0.000017
27485 0.000021
27486 0.000020
27487 0.000021
27488 0.000023
27489 0.000023
27490 0.000024
27491 0.000015
27492 0.000021
27493 0.000014
27494 0.000017
27495 0.000021
27496 0.000020
27497 0.000021
27498 0.000023
27499 0.000023
27500 0.000024
27501 0.000015
27502 0.000021
27503 0.000014
27504 0.000017
27505 0.000021
27506 0.000020
27507 0.000021
27508 0.000023
27509 0.000023
27510 0.000024
27511 0.000015
27512 0.000021
27513 0.000014
27514 0.000017
27515 0.000021
27516 0.000020
27517 0.000021
27518 0.000023
27519 0.000023
27520 0.000024
27521 0.000015
27522 0.000021
27523 0.000014
27524 0.000017
27525 0.000021
27526 0.000020
27527 0.000021
27528 0.000023
27529 0.000023
27530 0.000024
27531 0.000015
27532 0.000021
27533 0.000014
27534 0.000017
27535 0.000021
27536 0.000020
27537 0.000021
27538 0.000023
27539 0.000023
27540 0.000024
27541 0.000015
27542 0.000021
27543 0.000014
27544 0.000017
27545 0.000021
27546 0.000020
27547 0.000021
27548 0.000023
27549 0.000023
27550 0.000024
27551 0.000015
27552 0.000021
27553 0.000014
27554 0.000017
27555 0.000021
27556 0.000020
27557 0.000021
27558 0.000023
27559 0.000023
27560 0.000024
27561 0.000015
27562 0.000021
27563 0.000014
27564 0.000017
27565 0.000021
27566 0.000020
27567 0.000021
27568 0.000023
27569 0.000023
27570 0.000024
27571 0.000015
27572 0.000021
27573 0.000014
27574 0.000017
27575 0.000021
27576 0.000020
27577 0.000021
27578 0.000023
27579 0.000023
27580 0.000024
27581 0.000015
27582 0.000021
27583 0.000014
27584 0.000017
27585 0.000021
27586 0.000020
27587 0.000021
27588 0.000023
27589 0.000023
27590 0.000024
27591 0.000015
27592 0.000021
27593 0.000014
27594 0.000017
27595 0.000021
27596 0.000020
27597 0.000021
27598 0.000023
27599 0.000023
27600 0.000024
27601 0.000015
27602 0.000021
27603 0.000014
27604 0.000017
27605 0.000021
27606 0.000020
27607 0.000021
27608 0.000023
27609 0.000023
27610 0.000024
27611 0.000015
27612 0.000021
27613 0.000014
27614 0.000017
27615 0.000021
27616 0.000020
27617 0.000021
27618 0.000023
27619 0.000023
27620 0.000024
27621 0.000015
27622 0.000021
27623 0.000014
27624 0.000017
27625 0.000021
27626 0.000020
27627 0.000021
27628 0.000023
27629 0.000023
27630 0.000024
27631 0.000015
27632 0.000021
27633 0.000014
27634 0.000017
27635 0.000021
27636 0.000020
27637 0.000021
27638 0.000023
27639 0.000023
27640 0.000024
27641 0.000015
27642 0.000021
27643 0.000014
27644 0.000017
27645 0.000021
27646 0.000020
27647 0.000021
27648 0.000023
27649 0.000023
27650 0.000024
27651 0.000015
27652 0.000021
27653 0.000014
27654 0.000017
27655 0.000021
27656 0.000020
27657 0.000021
27658 0.000023
27659 0.000023
27660 0.000024
27661 0.000015
27662 0.000021
27663 0.000014
27664 0.000017
27665 0.000021
27666 0.000020
27667 0.000021
27668 0.000023
27669 0.000023
27670 0.000024
27671 0.000015
27672 0.000021
27673 0.000014
27674 0.000017
27675 0.000021
27676 0.000020
27677 0.000021
27678 0.000023
27679 0.000023
27680 0.000024
27681 0.000015
27682 0.000021
27683 0.000014
27684 0.000017
27685 0.000021
27686 0.000020
27687 0.000021
27688 0.000023
27689 0.000023
27690 0.000024
27691 0.000015
27692 0.000021
27693 0.000014
27694 0.000017
27695 0.000021
27696 0.000020
27697 0.000021
27698 0.000023
27699 0.000023
27700 0.000024
27701 0.000015
27702 0.000021
27703 0.000014
27704 0.000017
27705 0.000021
27706 0.000020
27707 0.000021
27708 0.000023
27709 0.000023
27710 0.000024
27711 0.000015
27712 0.000021
27713 0.000014
27714 0.000017
27715 0.000021
27716 0.000020
27717 0.000021
27718 0.000023
27719 0.000023
27720 0.000024
27721 0.000015
27722 0.000021
27723 0.000014
27724 0.000017
27725 0.000021
27726 0.000020
27727 0.000021
27728 0.000023
27729 0.000023
27730 0.000024
27731 0.000015
27732 0.000021
27733 0.000014
27734 0.000017
27735 0.000021
27736 0.000020
27737 0.000021
27738 0.000023
27739 0.000023
27740 0.000024
27741 0.000015
27742 0.000021
27743 0.000014
27744 0.000017
27745 0.000021
27746 0.000020
27747 0.000021
27748 0.000023
27749 0.000023
27750 0.000024
27751 0.000015
27752 0.000021
27753 0.000014
27754 0.000017
27755 0.000021
27756 0.000020
27757 0.000021
27758 0.000023
27759 0.000023
27760 0.000024
27761 0.000015
27762 0.000021
27763 0.000014
27764 0.000017
27765 0.000021
27766 0.000020
27767 0.000021
27768 0.000023
27769 0.000023
27770 0.000024
27771 0.000015
27772 0.000021
27773 0.000014
27774 0.000017
27775 0.000021
27776 0.000020
27777 0.000021
27778 0.000023
27779 0.000023
27780 0.000024
27781 0.000015
27782 0.000021
27783 0.000014
27784 0.000017
27785 0.000021
27786 0.000020
27787 0.000021
27788 0.000023
27789 0.000023
27790 0.000024
27791 0.000015
27792 0.000021
27793 0.000014
27794 0.000017
27795 0.000021
27796 0.000020
27797 0.000021
27798 0.000023
27799 0.000023
27800 0.000024
27801 0.000015
27802 0.000021
27803 0.000014
27804 0.000017
27805 0.000021
27806 0.000020
27807 0.000021
27808 0.000023
27809 0.000023
27810 0.000024
27811 0.000015
27812 0.000021
27813 0.000014
27814 0.000017
27815 0.000021
27816 0.000020
27817 0.000021
27818 0.000023
27819 0.000023
27820 0.000024
27821 0.000015
27822 0.000021
27823 0.000014
27824 0.000017
27825 0.000021
27826 0.000020
27827 0.000021
27828 0.000023
27829 0.000023
27830 0.000024
27831 0.000015
27832 0.000021
27833 0.000014
27834 0.000017
27835 0.000021
27836 0.000020
27837 0.000021
27838 0.000023
27839 0.000023
27840 0.000024
27841 0.000015
27842 0.000021
27843 0.000014
27844 0.000017
27845 0.000021
27846 0.000020
27847 0.000021
27848 0.000023
27849 0.000023
27850 0.000024
27851 0.000015
27852 0.000021
27853 0.000014
27854 0.000017
27855 0.000021
27856 0.000020
27857 0.000021
27858 0.000023
27859 0.000023
27860 0.000024
27861 0.000015
27862 0.000021
27863 0.000014
27864 0.000017
27865 0.000021
27866 0.000020
27867 0.000021
27868 0.000023
27869 0.000023
27870 0.000024
27871 0.000015
27872 0.000021
27873 0.000014
27874 0.000017
27875 0.000021
27876 0.000020
27877 0.000021
27878 0.000023
27879 0.000023
27880 0.000024
27881 0.000015
27882 0.000021
27883 0.000014
27884 0.000017
27885 0.000021
27886 0.000020
27887 0.000021
27888 0.000023
27889 0.000023
27890 0.000024
27891 0.000015
27892 0.000021
27893 0.000014
27894 0.000017
27895 0.000021
27896 0.000020
27897 0.000021
27898 0.000023
27899 0.000023
27900 0.000024
27901 0.000015
27902 0.000021
27903 0.000014
27904 0.000017
27905 0.000021
27906 0.000020
27907 0.000021
27908 0.000023
27909 0.000023
27910 0.000024
27911 0.000015
27912 0.000021
27913 0.000014
27914 0.000017
27915 0.000021
27916 0.000020
27917 0.000021
27918 0.000023
27919 0.000023
27920 0.000024
27921 0.000015
27922 0.000021
27923 0.000014
27924 0.000017
27925 0.000021
27926 0.000020
27927 0.000021
27928 0.000023
27929 0.000023
27930 0.000024
27931 0.000015
27932 0.000021
27933 0.000014
27934 0.000017
27935 0.000021
27936 0.000020
27937 0.000021
27938 0.000023
27939 0.000023
27940 0.000024
27941 0.000015
27942 0.000021
27943 0.000014
27944 0.000017
27945 0.000021
27946 0.000020
27947 0.000021
27948 0.000023
27949 0.000023
27950 0.000024
27951 0.000015
27952 0.000021
27953 0.000014
27954 0.000017
27955 0.000021
27956 0.000020
27957 0.000021
27958 0.000023
27959 0.000023
27960 0.000024
27961 0.000015
27962 0.000021
27963 0.000014
27964 0.000017
27965 0.000021
27966 0.000020
27967 0.000021
27968 0.000023
27969 0.000023
27970 0.000024
27971 0.000015
27972 0.000021
27973 0.000014
27974 0.000017
27975 0.000021
27976 0.000020
27977 0.000021
27978 0.000023
27979 0.000023
27980 0.000024
27981 0.000015
27982 0.000021
27983 0.000014
27984 0.000017
27985 0.000021
27986 0.000020
27987 0.000021
27988 0.000023
27989 0.000023
27990 0.000024
27991 0.000015
27992 0.000021
27993 0.000014
27994 0.000017
27995 0.000021
27996 0.000020
27997 0.000021
27998 0.000023
27999 0.000023
28000 0.000024
28001 0.000015
28002 0.000021
28003 0.000014
28004 0.000017
28005 0.000021
28006 0.000020
28007 0.000021
28008 0.000023
28009 0.000023
28010 0.000024
28011 0.000015
28012 0.000021
28013 0.000014
28014 0.000017
28015 0.000021
28016 0.000020
28017 0.000021
28018 0.000023
28019 0.000023
28020 0.000024
28021 0.000015
28022 0.000021
28023 0.000014
28024 0.000017
28025 0.000021
28026 0.000020
28027 0.000021
28028 0.000023
28029 0.000023
28030 0.000024
28031 0.000015
28032 0.000021
28033 0.000014
28034 0.000017
28035 0.000021
28036 0.000020
28037 0.000021
28038 0.000023
28039 0.000023
28040 0.000024
28041 0.000015
28042 0.000021
28043 0.000014
28044 0.000017
28045 0.000021
28046 0.000020
28047 0.000021
28048 0.000023
28049 0.000023
28050 0.000024
28051 0.000015
28052 0.000021
28053 0.000014
28054 0.000017
28055 0.000021
28056 0.000020
28057 0.000021
28058 0.000023
28059 0.000023
28060 0.000024
28061 0.000015
28062 0.000021
28063 0.000014
28064 0.000017
28065 0.000021
28066 0.000020
28067 0.000021
28068 0.000023
28069 0.000023
28070 0.000024
28071 0.000015
28072 0.000021
28073 0.000014
28074 0.000017
28075 0.000021
28076 0.000020
28077 0.000021
28078 0.000023
28079 0.000023
28080 0.000024
28081 0.000015
28082 0.000021
28083 0.000014
28084 0.000017
28085 0.000021
28086 0.000020
28087 0.000021
28088 0.000023
28089 0.000023
28090 0.000024
28091 0.000015
28092 0.000021
28093 0.000014
28094 0.000017
28095 0.000021
28096 0.000020
28097 0.000021
28098 0.000023
28099 0.000023
28100 0.000024
28101 0.000015
28102 0.000021
28103 0.000014
28104 0.000017
28105 0.000021
28106 0.000020
28107 0.000021
28108 0.000023
28109 0.000023
28110 0.000024
28111 0.000015
28112 0.000021
28113 0.000014
28114 0.000017
28115 0.000021
28116 0.000020
28117 0.000021
28118 0.000023
28119 0.000023
28120 0.000024
28121 0.000015
28122 0.000021
28123 0.000014
28124 0.000017
28125 0.000021
28126 0.000020
28127 0.000021
28128 0.000023
28129 0.000023
28130 0.000024
28131 0.000015
28132 0.000021
28133 0.000014
28134 0.000017
28135 0.000021
28136 0.000020
28137 0.000021
28138 0.000023
28139 0.000023
28140 0.000024
28141 0.000015
28142 0.000021
28143 0.000014
28144 0.000017
28145 0.000021
28146 0.000020
28147 0.000021
28148 0.000023
28149 0.000023
28150 0.000024
28151 0.000015
28152 0.000021
28153 0.000014
28154 0.000017
28155 0.000021
28156 0.000020
28157 0.000021
28158 0.000023
28159 0.000023
28160 0.000024
28161 0.000015
28162 0.000021
28163 0.000014
28164 0.000017
28165 0.000021
28166 0.000020
28167 0.000021
28168 0.000023
28169 0.000023
28170 0.000024
28171 0.000015
28172 0.000021
28173 0.000014
28174 0.000017
28175 0.000021
28176 0.000020
28177 0.000021
28178 0.000023
28179 0.000023
28180 0.000024
28181 0.000015
28182 0.000021
28183 0.000014
28184 0.000017
28185 0.000021
28186 0.000020
28187 0.000021
28188 0.000023
28189 0.000023
28190 0.000024
28191 0.000015
28192 0.000021
28193 0.000014
28194 0.000017
28195 0.000021
28196 0.000020
28197 0.000021
28198 0.000023
28199 0.000023
28200 0.000024
28201 0.000015
28202 0.000021
28203 0.000014
28204 0.000017
28205 0.000021
28206 0.000020
28207 0.000021
28208 0.000023
28209 0.000023
28210 0.000024
28211 0.000015
28212 0.000021
28213 0.000014
28214 0.000017
28215 0.000021
28216 0.000020
28217 0.000021
28218 0.000023
28219 0.000023
28220 0.000024
28221 0.000015
28222 0.000021
28223 0.000014
28224 0.000017
28225 0.000021
28226 0.000020
28227 0.000021
28228 0.000023
28229 0.000023
28230 0.000024
28231 0.000015
28232 0.000021
28233 0.000014
28234 0.000017
28235 0.000021
28236 0.000020
28237 0.000021
28238 0.000023
28239 0.000023
28240 0.000024
28241 0.000015
28242 0.000021
28243 0.000014
28244 0.000017
28245 0.000021
28246 0.000020
28247 0.000021
28248 0.000023
28249 0.000023
28250 0.000024
28251 0.000015
28252 0.000021
28253 0.000014
28254 0.000017
28255 0.000021
28256 0.000020
28257 0.000021
28258 0.000023
28259 0.000023
28260 0.000024
28261 0.000015
28262 0.000021
28263 0.000014
28264 0.000017
28265 0.000021
28266 0.000020
28267 0.000021
28268 0.000023
28269 0.000023
28270 0.000024
28271 0.000015
28272 0.000021
28273 0.000014
28274 0.000017
28275 0.000021
28276 0.000020
28277 0.000021
28278 0.000023
28279 0.000023
28280 0.000024
28281 0.000015
28282 0.000021
28283 0.000014
28284 0.000017
28285 0.000021
28286 0.000020
28287 0.000021
28288 0.000023
28289 0.000023
28290 0.000024
28291 0.000015
28292 0.000021
28293 0.000014
28294 0.000017
28295 0.000021
28296 0.000020
28297 0.000021
28298 0.000023
28299 0.000023
28300 0.000024
28301 0.000015
28302 0.000021
28303 0.000014
28304 0.000017
28305 0.000021
28306 0.000020
28307 0.000021
28308 0.000023
28309 0.000023
28310 0.000024
28311 0.000015
28312 0.000021
28313 0.000014
28314 0.000017
28315 0.000021
28316 0.000020
28317 0.000021
28318 0.000023
28319 0.000023
28320 0.000024
28321 0.000015
28322 0.000021
28323 0.000014
28324 0.000017
28325 0.000021
28326 0.000020
28327 0.000021
28328 0.000023
28329 0.000023
28330 0.000024
28331 0.000015
28332 0.000021
28333 0.000014
28334 0.000017
28335 0.000021
28336 0.000020
28337 0.000021
28338 0.000023
28339 0.000023
28340 0.000024
28341 0.000015
28342 0.000021
28343 0.000014
28344 0.000017
28345 0.000021
28346 0.000020
28347 0.000021
28348 0.000023
28349 0.000023
28350 0.000024
28351 0.000015
28352 0.000021
28353 0.000014
28354 0.000017
28355 0.000021
28356 0.000020
28357 0.000021
28358 0.000023
28359 0.000023
28360 0.000024
28361 0.000015
28362 0.000021
28363 0.000014
28364 0.000017
28365 0.000021
28366 0.000020
28367 0.000021
28368 0.000023
28369 0.000023
28370 0.000024
28371 0.000015
28372 0.000021
28373 0.000014
28374 0.000017
28375 0.000021
28376 0.000020
28377 0.000021
28378 0.000023
28379 0.000023
28380 0.000024
28381 0.000015
28382 0.000021
28383 0.000014
28384 0.000017
28385 0.000021
28386 0.000020
28387 0.000021
28388 0.000023
28389 0.000023
28390 0.000024
28391 0.000015
28392 0.000021
28393 0.000014
28394 0.000017
28395 0.000021
28396 0.000020
28397 0.000021
28398 0.000023
28399 0.000023
28400 0.000024
28401 0.000015
28402 0.000021
28403 0.000014
28404 0.000017
28405 0.000021
28406 0.000020
28407 0.000021
28408 0.000023
28409 0.000023
28410 0.000024
28411 0.000015
28412 0.000021
28413 0.000014
28414 0.000017
28415 0.000021
28416 0.000020
28417 0.000021
28418 0.000023
28419 0.000023
28420 0.000024
28421 0.000015
28422 0.000021
28423 0.000014
28424 0.000017
28425 0.000021
28426 0.000020
28427 0.000021
28428 0.000023
28429 0.000023
28430 0.000024
28431 0.000015
28432 0.000021
28433 0.000014
28434 0.000017
28435 0.000021
28436 0.000020
28437 0.000021
28438 0.000023
28439 0.000023
28440 0.000024
28441 0.000015
28442 0.000021
28443 0.000014
28444 0.000017
28445 0.000021
28446 0.000020
28447 0.000021
28448 0.000023
28449 0.000023
28450 0.000024
28451 0.000015
28452 0.000021
28453 0.000014
28454 0.000017
28455 0.000021
28456 0.000020
28457 0.000021
28458 0.000023
28459 0.000023
28460 0.000024
28461 0.000015
28462 0.000021
28463 0.000014
28464 0.000017
28465 0.000021
28466 0.000020
28467 0.000021
28468 0.000023
28469 0.000023
28470 0.000024
28471 0.000015
28472 0.000021
28473 0.000014
28474 0.000017
28475 0.000021
28476 0.000020
28477 0.000021
28478 0.000023
28479 0.000023
28480 0.000024
28481 0.000015
28482 0.000021
28483 0.000014
28484 0.000017
28485 0.000021
28486 0.000020
28487 0.000021
28488 0.000023
28489 0.000023
28490 0.000024
28491 0.000015
28492 0.000021
28493 0.000014
28494 0.000017
28495 0.000021
28496 0.000020
28497 0.000021
28498 0.000023
28499 0.000023
28500 0.000024
28501 0.000015
28502 0.000021
28503 0.000014
28504 0.000017
28505 0.000021
28506 0.000020
28507 0.000021
28508 0.000023
28509 0.000023
28510 0.000024
28511 0.000015
28512 0.000021
28513 0.000014
28514 0.000017
28515 0.000021
28516 0.000020
28517 0.000021
28518 0.000023
28519 0.000023
28520 0.000024
28521 0.000015
28522 0.000021
28523 0.000014
28524 0.000017
28525 0.000021
28526 0.000020
28527 0.000021
28528 0.000023
28529 0.000023
28530 0.000024
28531 0.000015
28532 0.000021
28533 0.000014
28534 0.000017
28535 0.000021
28536 0.000020
28537 0.000021
28538 0.000023
28539 0.000023
28540 0.000024
28541 0.000015
28542 0.000021
28543 0.000014
28544 0.000017
28545 0.000021
28546 0.000020
28547 0.000021
28548 0.000023
28549 0.000023
28550 0.000024
28551 0.000015
28552 0.000021
28553 0.000014
28554 0.000017
28555 0.000021
28556 0.000020
28557 0.000021
28558 0.000023
28559 0.000023
28560 0.000024
28561 0.000015
28562 0.000021
28563 0.000014
28564 0.000017
28565 0.000021
28566 0.000020
28567 0.000021
28568 0.000023
28569 0.000023
28570 0.000024
28571 0.000015
28572 0.000021
28573 0.000014
28574 0.000017
28575 0.000021
28576 0.000020
28577 0.000021
28578 0.000023
28579 0.000023
28580 0.000024
28581 0.000015
28582 0.000021
28583 0.000014
28584 0.000017
28585 0.000021
28586 0.000020
28587 0.000021
28588 0.000023
28589 0.000023
28590 0.000024
28591 0.000015
28592 0.000021
28593 0.000014
28594 0.000017
28595 0.000021
28596 0.000020
28597 0.000021
28598 0.000023
28599 0.000023
28600 0.000024
28601 0.000015
28602 0.000021
28603 0.000014
28604 0.000017
28605 0.000021
28606 0.000020
28607 0.000021
28608 0.000023
28609 0.000023
28610 0.000024
28611 0.000015
28612 0.000021
28613 0.000014
28614 0.000017
28615 0.000021
28616 0.000020
28617 0.000021
28618 0.000023
28619 0.000023
28620 0.000024
28621 0.000015
28622 0.000021
28623 0.000014
28624 0.000017
28625 0.000021
28626 0.000020
28627 0.000021
28628 0.000023
28629 0.000023
28630 0.000024
28631 0.000015
28632 0.000021
28633 0.000014
28634 0.000017
28635 0.000021
28636 0.000020
28637 0.000021
28638 0.000023
28639 0.000023
28640 0.000024
28641 0.000015
28642 0.000021
28643 0.000014
28644 0.000017
28645 0.000021
28646 0.000020
28647 0.000021
28648 0.000023
28649 0.000023
28650 0.000024
28651 0.000015
28652 0.000021
28653 0.000014
28654 0.000017
28655 0.000021
28656 0.000020
28657 0.000021
28658 0.000023
28659 0.000023
28660 0.000024
28661 0.000015
28662 0.000021
28663 0.000014
28664 0.000017
28665 0.000021
28666 0.000020
28667 0.000021
28668 0.000023
28669 0.000023
28670 0.000024
28671 0.000015
28672 0.000021
28673 0.000014
28674 0.000017
28675 0.000021
28676 0.000020
28677 0.000021
28678 0.000023
28679 0.000023
28680 0.000024
28681 0.000015
28682 0.000021
28683 0.000014
28684 0.000017
28685 0.000021
28686 0.000020
28687 0.000021
28688 0.000023
28689 0.000023
28690 0.000024
28691 0.000015
28692 0.000021
28693 0.000014
28694 0.000017
28695 0.000021
28696 0.000020
28697 0.000021
28698 0.000023
28699 0.000023
28700 0.000024
28701 0.000015
28702 0.000021
28703 0.000014
28704 0.000017
28705 0.000021
28706 0.000020
28707 0.000021
28708 0.000023
28709 0.000023
28710 0.000024
28711 0.000015
28712 0.000021
28713 0.000014
28714 0.000017
28715 0.000021
28716 0.000020
28717 0.000021
28718 0.000023
28719 0.000023
28720 0.000024
28721 0.000015
28722 0.000021
28723 0.000014
28724 0.000017
28725 0.000021
28726 0.000020
28727 0.000021
28728 0.000023
28729 0.000023
28730 0.000024
28731 0.000015
28732 0.000021
28733 0.000014
28734 0.000017
28735 0.000021
28736 0.000020
28737 0.000021
28738 0.000023
28739 0.000023
28740 0.000024
28741 0.000015
28742 0.000021
28743 0.000014
28744 0.000017
28745 0.000021
28746 0.000020
28747 0.000021
28748 0.000023
28749 0.000023
28750 0.000024
28751 0.000015
28752 0.000021
28753 0.000014
28754 0.000017
28755 0.000021
28756 0.000020
28757 0.000021
28758 0.000023
28759 0.000023
28760 0.000024
28761 0.000015
28762 0.000021
28763 0.000014
28764 0.000017
28765 0.000021
28766 0.000020
28767 0.000021
28768 0.000023
28769 0.000023
28770 0.000024
28771 0.000015
28772 0.000021
28773 0.000014
28774 0.000017
28775 0.000021
28776 0.000020
28777 0.000021
28778 0.000023
28779 0.000023
28780 0.000024
28781 0.000015
28782 0.000021
28783 0.000014
28784 0.000017
28785 0.000021
28786 0.000020
28787 0.000021
28788 0.000023
28789 0.000023
28790 0.000024
28791 0.000015
28792 0.000021
28793 0.000014
28794 0.000017
28795 0.000021
28796 0.000020
28797 0.000021
28798 0.000023
28799 0.000023
28800 0.000024
28801 0.000015
28802 0.000021
28803 0.000014
28804 0.000017
28805 0.000021
28806 0.000020
28807 0.000021
28808 0.000023
28809 0.000023
28810 0.000024
28811 0.000015
28812 0.000021
28813 0.000014
28814 0.000017
28815 0.000021
28816 0.000020
28817 0.000021
28818 0.000023
28819 0.000023
28820 0.000024
28821 0.000015
28822 0.000021
28823 0.000014
28824 0.000017
28825 0.000021
28826 0.000020
28827 0.000021
28828 0.000023
28829 0.000023
28830 0.000024
28831 0.000015
28832 0.000021
28833 0.000014
28834 0.000017
28835 0.000021
28836 0.000020
28837 0.000021
28838 0.000023
28839 0.000023
28840 0.000024
28841 0.000015
28842 0.000021
28843 0.000014
28844 0.000017
28845 0.000021
28846 0.000020
28847 0.000021
28848 0.000023
28849 0.000023
28850 0.000024
28851 0.000015
28852 0.000021
28853 0.000014
28854 0.000017
28855 0.000021
28856 0.000020
28857 0.000021
28858 0.000023
28859 0.000023
28860 0.000024
28861 0.000015
28862 0.000021
28863 0.000014
28864 0.000017
28865 0.000021
28866 0.000020
28867 0.000021
28868 0.000023
28869 0.000023
28870 0.000024
28871 0.000015
28872 0.000021
28873 0.000014
28874 0.000017
28875 0.000021
28876 0.000020
28877 0.000021
28878 0.000023
28879 0.000023
28880 0.000024
28881 0.000015
28882 0.000021
28883 0.000014
28884 0.000017
28885 0.000021
28886 0.000020
28887 0.000021
28888 0.000023
28889 0.000023
28890 0.000024
28891 0.000015
28892 0.000021
28893 0.000014
28894 0.000017
28895 0.000021
28896 0.000020
28897 0.000021
28898 0.000023
28899 0.000023
28900 0.000024
28901 0.000015
28902 0.000021
28903 0.000014
28904 0.000017
28905 0.000021
28906 0.000020
28907 0.000021
28908 0.000023
28909 0.000023
28910 0.000024
28911 0.000015
28912 0.000021
28913 0.000014
28914 0.000017
28915 0.000021
28916 0.000020
28917 0.000021
28918 0.000023
28919 0.000023
28920 0.000024
28921 0.000015
28922 0.000021
28923 0.000014
28924 0.000017
28925 0.000021
28926 0.000020
28927 0.000021
28928 0.000023
28929 0.000023
28930 0.000024
28931 0.000015
28932 0.000021
28933 0.000014
28934 0.000017
28935 0.000021
28936 0.000020
28937 0.000021
28938 0.000023
28939 0.000023
28940 0.000024
28941 0.000015
28942 0.000021
28943 0.000014
28944 0.000017
28945 0.000021
28946 0.000020
28947 0.000021
28948 0.000023
28949 0.000023
28950 0.000024
28951 0.000015
28952 0.000021
28953 0.000014
28954 0.000017
28955 0.000021
28956 0.000020
28957 0.000021
28958 0.000023
28959 0.000023
28960 0.000024
28961 0.000015
28962 0.000021
28963 0.000014
28964 0.000017
28965 0.000021
28966 0.000020
28967 0.000021
28968 0.000023
28969 0.000023
28970 0.000024
28971 0.000015
28972 0.000021
28973 0.000014
28974 0.000017
28975 0.000021
28976 0.000020
28977 0.000021
28978 0.000023
28979 0.000023
28980 0.000024
28981 0.000015
28982 0.000021
28983 0.000014
28984 0.000017
28985 0.000021
28986 0.000020
28987 0.000021
28988 0.000023
28989 0.000023
28990 0.000024
28991 0.000015
28992 0.000021
28993 0.000014
28994 0.000017
28995 0.000021
28996 0.000020
28997 0.000021
28998 0.000023
28999 0.000023
29000 0.000024
29001 0.000015
29002 0.000021
29003 0.000014
29004 0.000017
29005 0.000021
29006 0.000020
29007 0.000021
29008 0.000023
29009 0.000023
29010 0.000024
29011 0.000015
29012 0.000021
29013 0.000014
29014 0.000017
29015 0.000021
29016 0.000020
29017 0.000021
29018 0.000023
29019 0.000023
29020 0.000024
29021 0.000015
29022 0.000021
29023 0.000014
29024 0.000017
29025 0.000021
29026 0.000020
29027 0.000021
29028 0.000023
29029 0.000023
29030 0.000024
29031 0.000015
29032 0.000021
29033 0.000014
29034 0.000017
29035 0.000021
29036 0.000020
29037 0.000021
29038 0.000023
29039 0.000023
29040 0.000024
29041 0.000015
29042 0.000021
29043 0.000014
29044 0.000017
29045 0.000021
29046 0.000020
29047 0.000021
29048 0.000023
29049 0.000023
29050 0.000024
29051 0.000015
29052 0.000021
29053 0.000014
29054 0.000017
29055 0.000021
29056 0.000020
29057 0.000021
29058 0.000023
29059 0.000023
29060 0.000024
29061 0.000015
29062 0.000021
29063 0.000014
29064 0.000017
29065 0.000021
29066 0.000020
29067 0.000021
29068 0.000023
29069 0.000023
29070 0.000024
29071 0.000015
29072 0.000021
29073 0.000014
29074 0.000017
29075 0.000021
29076 0.000020
29077 0.000021
29078 0.000023
29079 0.000023
29080 0.000024
29081 0.000015
29082 0.000021
29083 0.000014
29084 0.000017
29085 0.000021
29086 0.000020
29087 0.000021
29088 0.000023
29089 0.000023
29090 0.000024
29091 0.000015
29092 0.000021
29093 0.000014
29094 0.000017
29095 0.000021
29096 0.000020
29097 0.000021
29098 0.000023
29099 0.000023
29100 0.000024
29101 0.000015
29102 0.000021
29103 0.000014
29104 0.000017
29105 0.000021
29106 0.000020
29107 0.000021
29108 0.000023
29109 0.000023
29110 0.000024
29111 0.000015
29112 0.000021
29113 0.000014
29114 0.000017
29115 0.000021
29116 0.000020
29117 0.000021
29118 0.000023
29119 0.000023
29120 0.000024
29121 0.000015
29122 0.000021
29123 0.000014
29124 0.000017
29125 0.000021
29126 0.000020
29127 0.000021
29128 0.000023
29129 0.000023
29130 0.000024
29131 0.000015
29132 0.000021
29133 0.000014
29134 0.000017
29135 0.000021
29136 0.000020
29137 0.000021
29138 0.000023
29139 0.000023
29140 0.000024
29141 0.000015
29142 0.000021
29143 0.000014
29144 0.000017
29145 0.000021
29146 0.000020
29147 0.000021
29148 0.000023
29149 0.000023
29150 0.000024
29151 0.000015
29152 0.000021
29153 0.000014
29154 0.000017
29155 0.000021
29156 0.000020
29157 0.000021
29158 0.000023
29159 0.000023
29160 0.000024
29161 0.000015
29162 0.000021
29163 0.000014
29164 0.000017
29165 0.000021
29166 0.000020
29167 0.000021
29168 0.000023
29169 0.000023
29170 0.000024
29171 0.000015
29172 0.000021
29173 0.000014
29174 0.000017
29175 0.000021
29176 0.000020
29177 0.000021
29178 0.000023
29179 0.000023
29180 0.000024
29181 0.000015
29182 0.000021
29183 0.000014
29184 0.000017
29185 0.000021
29186 0.000020
29187 0.000021
29188 0.000023
29189 0.000023
29190 0.000024
29191 0.000015
29192 0.000021
29193 0.000014
29194 0.000017
29195 0.000021
29196 0.000020
29197 0.000021
29198 0.000023
29199 0.000023
29200 0.000024
29201 0.000015
29202 0.000021
29203 0.000014
29204 0.000017
29205 0.000021
29206 0.000020
29207 0.000021
29208 0.000023
29209 0.000023
29210 0.000024
29211 0.000015
29212 0.000021
29213 0.000014
29214 0.000017
29215 0.000021
29216 0.000020
29217 0.000021
29218 0.000023
29219 0.000023
29220 0.000024
29221 0.000015
29222 0.000021
29223 0.000014
29224 0.000017
29225 0.000021
29226 0.000020
29227 0.000021
29228 0.000023
29229 0.000023
29230 0.000024
29231 0.000015
29232 0.000021
29233 0.000014
29234 0.000017
29235 0.000021
29236 0.000020
29237 0.000021
29238 0.000023
29239 0.000023
29240 0.000024
29241 0.000015
29242 0.000021
29243 0.000014
29244 0.000017
29245 0.000021
29246 0.000020
29247 0.000021
29248 0.000023
29249 0.000023
29250 0.000024
29251 0.000015
29252 0.000021
29253 0.000014
29254 0.000017
29255 0.000021
29256 0.000020
29257 0.000021
29258 0.000023
29259 0.000023
29260 0.000024
29261 0.000015
29262 0.000021
29263 0.000014
29264 0.000017
29265 0.000021
29266 0.000020
29267 0.000021
29268 0.000023
29269 0.000023
29270 0.000024
29271 0.000015
29272 0.000021
29273 0.000014
29274 0.000017
29275 0.000021
29276 0.000020
29277 0.000021
29278 0.000023
29279 0.000023
29280 0.000024
29281 0.000015
29282 0.000021
29283 0.000014
29284 0.000017
29285 0.000021
29286 0.000020
29287 0.000021
29288 0.000023
29289 0.000023
29290 0.000024
29291 0.000015
29292 0.000021
29293 0.000014
29294 0.000017
29295 0.000021
29296 0.000020
29297 0.000021
29298 0.000023
29299 0.000023
29300 0.000024
29301 0.000015
29302 0.000021
29303 0.000014
29304 0.000017
29305 0.000021
29306 0.000020
29307 0.000021
29308 0.000023
29309 0.000023
29310 0.000024
29311 0.000015
29312 0.000021
29313 0.000014
29314 0.000017
29315 0.000021
29316 0.000020
29317 0.000021
29318 0.000023
29319 0.000023
29320 0.000024
29321 0.000015
29322 0.000021
29323 0.000014
29324 0.000017
29325 0.000021
29326 0.000020
29327 0.000021
29328 0.000023
29329 0.000023
29330 0.000024
29331 0.000015
29332 0.000021
29333 0.000014
29334 0.000017
29335 0.000021
29336 0.000020
29337 0.000021
29338 0.000023
29339 0.000023
29340 0.000024
29341 0.000015
29342 0.000021
29343 0.000014
29344 0.000017
29345 0.000021
29346 0.000020
29347 0.000021
29348 0.000023
29349 0.000023
29350 0.000024
29351 0.000015
29352 0.000021
29353 0.000014
29354 0.000017
29355 0.000021
29356 0.000020
29357 0.000021
29358 0.000023
29359 0.000023
29360 0.000024
29361 0.000015
29362 0.000021
29363 0.000014
29364 0.000017
29365 0.000021
29366 0.000020
29367 0.000021
29368 0.000023
29369 0.000023
29370 0.000024
29371 0.000015
29372 0.000021
29373 0.000014
29374 0.000017
29375 0.000021
29376 0.000020
29377 0.000021
29378 0.000023
29379 0.000023
29380 0.000024
29381 0.000015
29382 0.000021
29383 0.000014
29384 0.000017
29385 0.000021
29386 0.000020
29387 0.000021
29388 0.000023
29389 0.000023
29390 0.000024
29391 0.000015
29392 0.000021
29393 0.000014
29394 0.000017
29395 0.000021
29396 0.000020
29397 0.000021
29398 0.000023
29399 0.000023
29400 0.000024
29401 0.000015
29402 0.000021
29403 0.000014
29404 0.000017
29405 0.000021
29406 0.000020
29407 0.000021
29408 0.000023
29409 0.000023
29410 0.000024
29411 0.000015
29412 0.000021
29413 0.000014
29414 0.000017
29415 0.000021
29416 0.000020
29417 0.000021
29418 0.000023
29419 0.000023
29420 0.000024
29421 0.000015
29422 0.000021
29423 0.000014
29424 0.000017
29425 0.000021
29426 0.000020
29427 0.000021
29428 0.000023
29429 0.000023
29430 0.000024
29431 0.000015
29432 0.000021
29433 0.000014
29434 0.000017
29435 0.000021
29436 0.000020
29437 0.000021
29438 0.000023
29439 0.000023
29440 0.000024
29441 0.000015
29442 0.000021
29443 0.000014
29444 0.000017
29445 0.000021
29446 0.000020
29447 0.000021
29448 0.000023
29449 0.000023
29450 0.000024
29451 0.000015
29452 0.000021
29453 0.000014
29454 0.000017
29455 0.000021
29456 0.000020
29457 0.000021
29458 0.000023
29459 0.000023
29460 0.000024
29461 0.000015
29462 0.000021
29463 0.000014
29464 0.000017
29465 0.000021
29466 0.000020
29467 0.000021
29468 0.000023
29469 0.000023
29470 0.000024
29471 0.000015
29472 0.000021
29473 0.000014
29474 0.000017
29475 0.000021
29476 0.000020
29477 0.000021
29478 0.000023
29479 0.000023
29480 0.000024
29481 0.000015
29482 0.000021
29483 0.000014
29484 0.000017
29485 0.000021
29486 0.000020
29487 0.000021
29488 0.000023
29489 0.000023
29490 0.000024
29491 0.000015
29492 0.000021
29493 0.000014
29494 0.000017
29495 0.000021
29496 0.000020
29497 0.000021
29498 0.000023
29499 0.000023
29500 0.000024
29501 0.000015
29502 0.000021
29503 0.000014
29504 0.000017
29505 0.000021
29506 0.000020
29507 0.000021
29508 0.000023
29509 0.000023
29510 0.000024
29511 0.000015
29512 0.000021
29513 0.000014
29514 0.000017
29515 0.000021
29516 0.000020
29517 0.000021
29518 0.000023
29519 0.000023
29520 0.000024
29521 0.000015
29522 0.000021
29523 0.000014
29524 0.000017
29525 0.000021
29526 0.000020
29527 0.000021
29528 0.000023
29529 0.000023
29530 0.000024
29531 0.000015
29532 0.000021
29533 0.000014
29534 0.000017
29535 0.000021
29536 0.000020
29537 0.000021
29538 0.000023
29539 0.000023
29540 0.000024
29541 0.000015
29542 0.000021
29543 0.000014
29544 0.000017
29545 0.000021
29546 0.000020
29547 0.000021
29548 0.000023
29549 0.000023
29550 0.000024
29551 0.000015
29552 0.000021
29553 0.000014
29554 0.000017
29555 0.000021
29556 0.000020
29557 0.000021
29558 0.000023
29559 0.000023
29560 0.000024
29561 0.000015
29562 0.000021
29563 0.000014
29564 0.000017
29565 0.000021
29566 0.000020
29567 0.000021
29568 0.000023
29569 0.000023
29570 0.000024
29571 0.000015
29572 0.000021
29573 0.000014
29574 0.000017
29575 0.000021
29576 0.000020
29577 0.000021
29578 0.000023
29579 0.000023
29580 0.000024
29581 0.000015
29582 0.000021
29583 0.000014
29584 0.000017
29585 0.000021
29586 0.000020
29587 0.000021
29588 0.000023
29589 0.000023
29590 0.000024
29591 0.000015
29592 0.000021
29593 0.000014
29594 0.000017
29595 0.000021
29596 0.000020
29597 0.000021
29598 0.000023
29599 0.000023
29600 0.000024
29601 0.000015
29602 0.000021
29603 0.000014
29604 0.000017
29605 0.000021
29606 0.000020
29607 0.000021
29608 0.000023
29609 0.000023
29610 0.000024
29611 0.000015
29612 0.000021
29613 0.000014
29614 0.000017
29615 0.000021
29616 0.000020
29617 0.000021
29618 0.000023
29619 0.000023
29620 0.000024
29621 0.000015
29622 0.000021
29623 0.000014
29624 0.000017
29625 0.000021
29626 0.000020
29627 0.000021
29628 0.000023
29629 0.000023
29630 0.000024
29631 0.000015
29632 0.000021
29633 0.000014
29634 0.000017
29635 0.000021
29636 0.000020
29637 0.000021
29638 0.000023
29639 0.000023
29640 0.000024
29641 0.000015
29642 0.000021
29643 0.000014
29644 0.000017
29645 0.000021
29646 0.000020
29647 0.000021
29648 0.000023
29649 0.000023
29650 0.000024
29651 0.000015
29652 0.000021
29653 0.000014
29654 0.000017
29655 0.000021
29656 0.000020
29657 0.000021
29658 0.000023
29659 0.000023
29660 0.000024
29661 0.000015
29662 0.000021
29663 0.000014
29664 0.000017
29665 0.000021
29666 0.000020
29667 0.000021
29668 0.000023
29669 0.000023
29670 0.000024
29671 0.000015
29672 0.000021
29673 0.000014
29674 0.000017
29675 0.000021
29676 0.000020
29677 0.000021
29678 0.000023
29679 0.000023
29680 0.000024
29681 0.000015
29682 0.000021
29683 0.000014
29684 0.000017
29685 0.000021
29686 0.000020
29687 0.000021
29688 0.000023
29689 0.000023
29690 0.000024
29691 0.000015
29692 0.000021
29693 0.000014
29694 0.000017
29695 0.000021
29696 0.000020
29697 0.000021
29698 0.000023
29699 0.000023
29700 0.000024
29701 0.000015
29702 0.000021
29703 0.000014
29704 0.000017
29705 0.000021
29706 0.000020
29707 0.000021
29708 0.000023
29709 0.000023
29710 0.000024
29711 0.000015
29712 0.000021
29713 0.000014
29714 0.000017
29715 0.000021
29716 0.000020
29717 0.000021
29718 0.000023
29719 0.000023
29720 0.000024
29721 0.000015
29722 0.000021
29723 0.000014
29724 0.000017
29725 0.000021
29726 0.000020
29727 0.000021
29728 0.000023
29729 0.000023
29730 0.000024
29731 0.000015
29732 0.000021
29733 0.000014
29734 0.000017
29735 0.000021
29736 0.000020
29737 0.000021
29738 0.000023
29739 0.000023
29740 0.000024
29741 0.000015
29742 0.000021
29743 0.000014
29744 0.000017
29745 0.000021
29746 0.000020
29747 0.000021
29748 0.000023
29749 0.000023
29750 0.000024
29751 0.000015
29752 0.000021
29753 0.000014
29754 0.000017
29755 0.000021
29756 0.000020
29757 0.000021
29758 0.000023
29759 0.000023
29760 0.000024
29761 0.000015
29762 0.000021
29763 0.000014
29764 0.000017
29765 0.000021
29766 0.000020
29767 0.000021
29768 0.000023
29769 0.000023
29770 0.000024
29771 0.000015
29772 0.000021
29773 0.000014
29774 0.000017
29775 0.000021
29776 0.000020
29777 0.000021
29778 0.000023
29779 0.000023
29780 0.000024
29781 0.000015
29782 0.000021
29783 0.000014
29784 0.000017
29785 0.000021
29786 0.000020
29787 0.000021
29788 0.000023
29789 0.000023
29790 0.000024
29791 0.000015
29792 0.000021
29793 0.000014
29794 0.000017
29795 0.000021
29796 0.000020
29797 0.000021
29798 0.000023
29799 0.000023
29800 0.000024
29801 0.000015
29802 0.000021
29803 0.000014
29804 0.000017
29805 0.000021
29806 0.000020
29807 0.000021
29808 0.000023
29809 0.000023
29810 0.000024
29811 0.000015
29812 0.000021
29813 0.000014
29814 0.000017
29815 0.000021
29816 0.000020
29817 0.000021
29818 0.000023
29819 0.000023
29820 0.000024
29821 0.000015
29822 0.000021
29823 0.000014
29824 0.000017
29825 0.000021
29826 0.000020
29827 0.000021
29828 0.000023
29829 0.000023
29830 0.000024
29831 0.000015
29832 0.000021
29833 0.000014
29834 0.000017
29835 0.000021
29836 0.000020
29837 0.000021
29838 0.000023
29839 0.000023
29840 0.000024
29841 0.000015
29842 0.000021
29843 0.000014
29844 0.000017
29845 0.000021
29846 0.000020
29847 0.000021
29848 0.000023
29849 0.000023
29850 0.000024
29851 0.000015
29852 0.000021
29853 0.000014
29854 0.000017
29855 0.000021
29856 0.000020
29857 0.000021
29858 0.000023
29859 0.000023
29860 0.000024
29861 0.000015
29862 0.000021
29863 0.000014
29864 0.000017
29865 0.000021
29866 0.000020
29867 0.000021
29868 0.000023
29869 0.000023
29870 0.000024
29871 0.000015
29872 0.000021
29873 0.000014
29874 0.000017
29875 0.000021
29876 0.000020
29877 0.000021
29878 0.000023
29879 0.000023
29880 0.000024
29881 0.000015
29882 0.000021
29883 0.000014
29884 0.000017
29885 0.000021
29886 0.000020
29887 0.000021
29888 0.000023
29889 0.000023
29890 0.000024
29891 0.000015
29892 0.000021
29893 0.000014
29894 0.000017
29895 0.000021
29896 0.000020
29897 0.000021
29898 0.000023
29899 0.000023
29900 0.000024
29901 0.000015
29902 0.000021
29903 0.000014
29904 0.000017
29905 0.000021
29906 0.000020
29907 0.000021
29908 0.000023
29909 0.000023
29910 0.000024
29911 0.000015
29912 0.000021
29913 0.000014
29914 0.000017
29915 0.000021
29916 0.000020
29917 0.000021
29918 0.000023
29919 0.000023
29920 0.000024
29921 0.000015
29922 0.000021
29923 0.000014
29924 0.000017
29925 0.000021
29926 0.000020
29927 0.000021
29928 0.000023
29929 0.000023
29930 0.000024
29931 0.000015
29932 0.000021
29933 0.000014
29934 0.000017
29935 0.000021
29936 0.000020
29937 0.000021
29938 0.000023
29939 0.000023
29940 0.000024
29941 0.000015
29942 0.000021
29943 0.000014
29944 0.000017
29945 0.000021
29946 0.000020
29947 0.000021
29948 0.000023
29949 0.000023
29950 0.000024
29951 0.000015
29952 0.000021
29953 0.000014
29954 0.000017
29955 0.000021
29956 0.000020
29957 0.000021
29958 0.000023
29959 0.000023
29960 0.000024
29961 0.000015
29962 0.000021
29963 0.000014
29964 0.000017
29965 0.000021
29966 0.000020
29967 0.000021
29968 0.000023
29969 0.000023
29970 0.000024
29971 0.000015
29972 0.000021
29973 0.000014
29974 0.000017
29975 0.000021
29976 0.000020
29977 0.000021
29978 0.000023
29979 0.000023
29980 0.000024
29981 0.000015
29982 0.000021
29983 0.000014
29984 0.000017
29985 0.000021
29986 0.000020
29987 0.000021
29988 0.000023
29989 0.000023
29990 0.000024
29991 0.000015
29992 0.000021
29993 0.000014
29994 0.000017
29995 0.000021
29996 0.000020
29997 0.000021
29998 0.000023
29999 0.000023
30000 0.000024
30001 0.000015
30002 0.000021
30003 0.000014
30004 0.000017
30005 0.000021
30006 0.000020
30007 0.000021
30008 0.000023
30009 0.000023
30010 0.000024
30011 0.000015
30012 0.000021
30013 0.000014
30014 0.000017
30015 0.000021
30016 0.000020
30017 0.000021
30018 0.000023
30019 0.000023
30020 0.000024
30021 0.000015
30022 0.000021
30023 0.000014
30024 0.000017
30025 0.000021
30026 0.000020
30027 0.000021
30028 0.000023
30029 0.000023
30030 0.000024
30031 0.000015
30032 0.000021
30033 0.000014
30034 0.000017
30035 0.000021
30036 0.000020
30037 0.000021
30038 0.000023
30039 0.000023
30040 0.000024
30041 0.000015
30042 0.000021
30043 0.000014
30044 0.000017
30045 0.000021
30046 0.000020
30047 0.000021
30048 0.000023
30049 0.000023
30050 0.000024
30051 0.000015
30052 0.000021
30053 0.000014
30054 0.000017
30055 0.000021
30056 0.000020
30057 0.000021
30058 0.000023
30059 0.000023
30060 0.000024
30061 0.000015
30062 0.000021
30063 0.000014
30064 0.000017
30065 0.000021
30066 0.000020
30067 0.000021
30068 0.000023
30069 0.000023
30070 0.000024
30071 0.000015
30072 0.000021
30073 0.000014
30074 0.000017
30075 0.000021
30076 0.000020
30077 0.000021
30078 0.000023
30079 0.000023
30080 0.000024
30081 0.000015
30082 0.000021
30083 0.000014
30084 0.000017
30085 0.000021
30086 0.000020
30087 0.000021
30088 0.000023
30089 0.000023
30090 0.000024
30091 0.000015
30092 0.000021
30093 0.000014
30094 0.000017
30095 0.000021
30096 0.000020
30097 0.000021
30098 0.000023
30099 0.000023
30100 0.000024
30101 0.000015
30102 0.000021
30103 0.000014
30104 0.000017
30105 0.000021
30106 0.000020
30107 0.000021
30108 0.000023
30109 0.000023
30110 0.000024
30111 0.000015
30112 0.000021
30113 0.000014
30114 0.000017
30115 0.000021
30116 0.000020
30117 0.000021
30118 0.000023
30119 0.000023
30120 0.000024
30121 0.000015
30122 0.000021
30123 0.000014
30124 0.000017
30125 0.000021
30126 0.000020
30127 0.000021
30128 0.000023
30129 0.000023
30130 0.000024
30131 0.000015
30132 0.000021
30133 0.000014
30134 0.000017
30135 0.000021
30136 0.000020
30137 0.000021
30138 0.000023
30139 0.000023
30140 0.000024
30141 0.000015
30142 0.000021
30143 0.000014
30144 0.000017
30145 0.000021
30146 0.000020
30147 0.000021
30148 0.000023
30149 0.000023
30150 0.000024
30151 0.000015
30152 0.000021
30153 0.000014
30154 0.000017
30155 0.000021
30156 0.000020
30157 0.000021
30158 0.000023
30159 0.000023
30160 0.000024
30161 0.000015
30162 0.000021
30163 0.000014
30164 0.000017
30165 0.000021
30166 0.000020
30167 0.000021
30168 0.000023
30169 0.000023
30170 0.000024
30171 0.000015
30172 0.000021
30173 0.000014
30174 0.000017
30175 0.000021
30176 0.000020
30177 0.000021
30178 0.000023
30179 0.000023
30180 0.000024
30181 0.000015
30182 0.000021
30183 0.000014
30184 0.000017
30185 0.000021
30186 0.000020
30187 0.000021
30188 0.000023
30189 0.000023
30190 0.000024
30191 0.000015
30192 0.000021
30193 0.000014
30194 0.000017
30195 0.000021
30196 0.000020
30197 0.000021
30198 0.000023
30199 0.000023
30200 0.000024
30201 0.000015
30202 0.000021
30203 0.000014
30204 0.000017
30205 0.000021
30206 0.000020
30207 0.000021
30208 0.000023
30209 0.000023
30210 0.000024
30211 0.000015
30212 0.000021
30213 0.000014
30214 0.000017
30215 0.000021
30216 0.000020
30217 0.000021
30218 0.000023
30219 0.000023
30220 0.000024
30221 0.000015
30222 0.000021
30223 0.000014
30224 0.000017
30225 0.000021
30226 0.000020
30227 0.000021
30228 0.000023
30229 0.000023
30230 0.000024
30231 0.000015
30232 0.000021
30233 0.000014
30234 0.000017
30235 0.000021
30236 0.000020
30237 0.000021
30238 0.000023
30239 0.000023
30240 0.000024
30241 0.000015
30242 0.000021
30243 0.000014
30244 0.000017
30245 0.000021
30246 0.000020
30247 0.000021
30248 0.000023
30249 0.000023
30250 0.000024
30251 0.000015
30252 0.000021
30253 0.000014
30254 0.000017
30255 0.000021
30256 0.000020
30257 0.000021
30258 0.000023
30259 0.000023
30260 0.000024
30261 0.000015
30262 0.000021
30263 0.000014
30264 0.000017
30265 0.000021
30266 0.000020
30267 0.000021
30268 0.000023
30269 0.000023
30270 0.000024
30271 0.000015
30272 0.000021
30273 0.000014
30274 0.000017
30275 0.000021
30276 0.000020
30277 0.000021
30278 0.000023
30279 0.000023
30280 0.000024
30281 0.000015
30282 0.000021
30283 0.000014
30284 0.000017
30285 0.000021
30286 0.000020
30287 0.000021
30288 0.000023
30289 0.000023
30290 0.000024
30291 0.000015
30292 0.000021
30293 0.000014
30294 0.000017
30295 0.000021
30296 0.000020
30297 0.000021
30298 0.000023
30299 0.000023
30300 0.000024
30301 0.000015
30302 0.000021
30303 0.000014
30304 0.000017
30305 0.000021
30306 0.000020
30307 0.000021
30308 0.000023
30309 0.000023
30310 0.000024
30311 0.000015
30312 0.000021
30313 0.000014
30314 0.000017
30315 0.000021
30316 0.000020
30317 0.000021
30318 0.000023
30319 0.000023
30320 0.000024
30321 0.000015
30322 0.000021
30323 0.000014
30324 0.000017
30325 0.000021
30326 0.000020
30327 0.000021
30328 0.000023
30329 0.000023
30330 0.000024
30331 0.000015
30332 0.000021
30333 0.000014
30334 0.000017
30335 0.000021
30336 0.000020
30337 0.000021
30338 0.000023
30339 0.000023
30340 0.000024
30341 0.000015
30342 0.000021
30343 0.000014
30344 0.000017
30345 0.000021
30346 0.000020
30347 0.000021
30348 0.000023
30349 0.000023
30350 0.000024
30351 0.000015
30352 0.000021
30353 0.000014
30354 0.000017
30355 0.000021
30356 0.000020
30357 0.000021
30358 0.000023
30359 0.000023
30360 0.000024
30361 0.000015
30362 0.000021
30363 0.000014
30364 0.000017
30365 0.000021
30366 0.000020
30367 0.000021
30368 0.000023
30369 0.000023
30370 0.000024
30371 0.000015
30372 0.000021
30373 0.000014
30374 0.000017
30375 0.000021
30376 0.000020
30377 0.000021
30378 0.000023
30379 0.000023
30380 0.000024
30381 0.000015
30382 0.000021
30383 0.000014
30384 0.000017
30385 0.000021
30386 0.000020
30387 0.000021
30388 0.000023
30389 0.000023
30390 0.000024
30391 0.000015
30392 0.000021
30393 0.000014
30394 0.000017
30395 0.000021
30396 0.000020
30397 0.000021
30398 0.000023
30399 0.000023
30400 0.000024
30401 0.000015
30402 0.000021
30403 0.000014
30404 0.000017
30405 0.000021
30406 0.000020
30407 0.000021
30408 0.000023
30409 0.000023
30410 0.000024
30411 0.000015
30412 0.000021
30413 0.000014
30414 0.000017
30415 0.000021
30416 0.000020
30417 0.000021
30418 0.000023
30419 0.000023
30420 0.000024
30421 0.000015
30422 0.000021
30423 0.000014
30424 0.000017
30425 0.000021
30426 0.000020
30427 0.000021
30428 0.000023
30429 0.000023
30430 0.000024
30431 0.000015
30432 0.000021
30433 0.000014
30434 0.000017
30435 0.000021
30436 0.000020
30437 0.000021
30438 0.000023
30439 0.000023
30440 0.000024
30441 0.000015
30442 0.000021
30443 0.000014
30444 0.000017
30445 0.000021
30446 0.000020
30447 0.000021
30448 0.000023
30449 0.000023
30450 0.000024
30451 0.000015
30452 0.000021
30453 0.000014
30454 0.000017
30455 0.000021
30456 0.000020
30457 0.000021
30458 0.000023
30459 0.000023
30460 0.000024
30461 0.000015
30462 0.000021
30463 0.000014
30464 0.000017
30465 0.000021
30466 0.000020
30467 0.000021
30468 0.000023
30469 0.000023
30470 0.000024
30471 0.000015
30472 0.000021
30473 0.000014
30474 0.000017
30475 0.000021
30476 0.000020
30477 0.000021
30478 0.000023
30479 0.000023
30480 0.000024
30481 0.000015
30482 0.000021
30483 0.000014
30484 0.000017
30485 0.000021
30486 0.000020
30487 0.000021
30488 0.000023
30489 0.000023
30490 0.000024
30491 0.000015
30492 0.000021
30493 0.000014
30494 0.000017
30495 0.000021
30496 0.000020
30497 0.000021
30498 0.000023
30499 0.000023
30500 0.000024
30501 0.000015
30502 0.000021
30503 0.000014
30504 0.000017
30505 0.000021
30506 0.000020
30507 0.000021
30508 0.000023
30509 0.000023
30510 0.000024
30511 0.000015
30512 0.000021
30513 0.000014
30514 0.000017
30515 0.000021
30516 0.000020
30517 0.000021
30518 0.000023
30519 0.000023
30520 0.000024
30521 0.000015
30522 0.000021
30523 0.000014
30524 0.000017
30525 0.000021
30526 0.000020
30527 0.000021
30528 0.000023
30529 0.000023
30530 0.000024
30531 0.000015
30532 0.000021
30533 0.000014
30534 0.000017
30535 0.000021
30536 0.000020
30537 0.000021
30538 0.000023
30539 0.000023
30540 0.000024
30541 0.000015
30542 0.000021
30543 0.000014
30544 0.000017
30545 0.000021
30546 0.000020
30547 0.000021
30548 0.000023
30549 0.000023
30550 0.000024
30551 0.000015
30552 0.000021
30553 0.000014
30554 0.000017
30555 0.000021
30556 0.000020
30557 0.000021
30558 0.000023
30559 0.000023
30560 0.000024
30561 0.000015
30562 0.000021
30563 0.000014
30564 0.000017
30565 0.000021
30566 0.000020
30567 0.000021
30568 0.000023
30569 0.000023
30570 0.000024
30571 0.000015
30572 0.000021
30573 0.000014
30574 0.000017
30575 0.000021
30576 0.000020
30577 0.000021
30578 0.000023
30579 0.000023
30580 0.000024
30581 0.000015
30582 0.000021
30583 0.000014
30584 0.000017
30585 0.000021
30586 0.000020
30587 0.000021
30588 0.000023
30589 0.000023
30590 0.000024
30591 0.000015
30592 0.000021
30593 0.000014
30594 0.000017
30595 0.000021
30596 0.000020
30597 0.000021
30598 0.000023
30599 0.000023
30600 0.000024
30601 0.000015
30602 0.000021
30603 0.000014
30604 0.000017
30605 0.000021
30606 0.000020
30607 0.000021
30608 0.000023
30609 0.000023
30610 0.000024
30611 0.000015
30612 0.000021
30613 0.000014
30614 0.000017
30615 0.000021
30616 0.000020
30617 0.000021
30618 0.000023
30619 0.000023
30620 0.000024
30621 0.000015
30622 0.000021
30623 0.000014
30624 0.000017
30625 0.000021
30626 0.000020
30627 0.000021
30628 0.000023
30629 0.000023
30630 0.000024
30631 0.000015
30632 0.000021
30633 0.000014
30634 0.000017
30635 0.000021
30636 0.000020
30637 0.000021
30638 0.000023
30639 0.000023
30640 0.000024
30641 0.000015
30642 0.000021
30643 0.000014
30644 0.000017
30645 0.000021
30646 0.000020
30647 0.000021
30648 0.000023
30649 0.000023
30650 0.000024
30651 0.000015
30652 0.000021
30653 0.000014
30654 0.000017
30655 0.000021
30656 0.000020
30657 0.000021
30658 0.000023
30659 0.000023
30660 0.000024
30661 0.000015
30662 0.000021
30663 0.000014
30664 0.000017
30665 0.000021
30666 0.000020
30667 0.000021
30668 0.000023
30669 0.000023
30670 0.000024
30671 0.000015
30672 0.000021
30673 0.000014
30674 0.000017
30675 0.000021
30676 0.000020
30677 0.000021
30678 0.000023
30679 0.000023
30680 0.000024
30681 0.000015
30682 0.000021
30683 0.000014
30684 0.000017
30685 0.000021
30686 0.000020
30687 0.000021
30688 0.000023
30689 0.000023
30690 0.000024
30691 0.000015
30692 0.000021
30693 0.000014
30694 0.000017
30695 0.000021
30696 0.000020
30697 0.000021
30698 0.000023
30699 0.000023
30700 0.000024
30701 0.000015
30702 0.000021
30703 0.000014
30704 0.000017
30705 0.000021
30706 0.000020
30707 0.000021
30708 0.000023
30709 0.000023
30710 0.000024
30711 0.000015
30712 0.000021
30713 0.000014
30714 0.000017
30715 0.000021
30716 0.000020
30717 0.000021
30718 0.000023
30719 0.000023
30720 0.000024
30721 0.000015
30722 0.000021
30723 0.000014
30724 0.000017
30725 0.000021
30726 0.000020
30727 0.000021
30728 0.000023
30729 0.000023
30730 0.000024
30731 0.000015
30732 0.000021
30733 0.000014
30734 0.000017
30735 0.000021
30736 0.000020
30737 0.000021
30738 0.000023
30739 0.000023
30740 0.000024
30741 0.000015
30742 0.000021
30743 0.000014
30744 0.000017
30745 0.000021
30746 0.000020
30747 0.000021
30748 0.000023
30749 0.000023
30750 0.000024
30751 0.000015
30752 0.000021
30753 0.000014
30754 0.000017
30755 0.000021
30756 0.000020
30757 0.000021
30758 0.000023
30759 0.000023
30760 0.000024
30761 0.000015
30762 0.000021
30763 0.000014
30764 0.000017
30765 0.000021
30766 0.000020
30767 0.000021
30768 0.000023
30769 0.000023
30770 0.000024
30771 0.000015
30772 0.000021
30773 0.000014
30774 0.000017
30775 0.000021
30776 0.000020
30777 0.000021
30778 0.000023
30779 0.000023
30780 0.000024
30781 0.000015
30782 0.000021
30783 0.000014
30784 0.000017
30785 0.000021
30786 0.000020
30787 0.000021
30788 0.000023
30789 0.000023
30790 0.000024
30791 0.000015
30792 0.000021
30793 0.000014
30794 0.000017
30795 0.000021
30796 0.000020
30797 0.000021
30798 0.000023
30799 0.000023
30800 0.000024
30801 0.000015
30802 0.000021
30803 0.000014
30804 0.000017
30805 0.000021
30806 0.000020
30807 0.000021
30808 0.000023
30809 0.000023
30810 0.000024
30811 0.000015
30812 0.000021
30813 0.000014
30814 0.000017
30815 0.000021
30816 0.000020
30817 0.000021
30818 0.000023
30819 0.000023
30820 0.000024
30821 0.000015
30822 0.000021
30823 0.000014
30824 0.000017
30825 0.000021
30826 0.000020
30827 0.000021
30828 0.000023
30829 0.000023
30830 0.000024
30831 0.000015
30832 0.000021
30833 0.000014
30834 0.000017
30835 0.000021
30836 0.000020
30837 0.000021
30838 0.000023
30839 0.000023
30840 0.000024
30841 0.000015
30842 0.000021
30843 0.000014
30844 0.000017
30845 0.000021
30846 0.000020
30847 0.000021
30848 0.000023
30849 0.000023
30850 0.000024
30851 0.000015
30852 0.000021
30853 0.000014
30854 0.000017
30855 0.000021
30856 0.000020
30857 0.000021
30858 0.000023
30859 0.000023
30860 0.000024
30861 0.000015
30862 0.000021
30863 0.000014
30864 0.000017
30865 0.000021
30866 0.000020
30867 0.000021
30868 0.000023
30869 0.000023
30870 0.000024
30871 0.000015
30872 0.000021
30873 0.000014
30874 0.000017
30875 0.000021
30876 0.000020
30877 0.000021
30878 0.000023
30879 0.000023
30880 0.000024
30881 0.000015
30882 0.000021
30883 0.000014
30884 0.000017
30885 0.000021
30886 0.000020
30887 0.000021
30888 0.000023
30889 0.000023
30890 0.000024
30891 0.000015
30892 0.000021
30893 0.000014
30894 0.000017
30895 0.000021
30896 0.000020
30897 0.000021
30898 0.000023
30899 0.000023
30900 0.000024
30901 0.000015
30902 0.000021
30903 0.000014
30904 0.000017
30905 0.000021
30906 0.000020
30907 0.000021
30908 0.000023
30909 0.000023
30910 0.000024
30911 0.000015
30912 0.000021
30913 0.000014
30914 0.000017
30915 0.000021
30916 0.000020
30917 0.000021
30918 0.000023
30919 0.000023
30920 0.000024
30921 0.000015
30922 0.000021
30923 0.000014
30924 0.000017
30925 0.000021
30926 0.000020
30927 0.000021
30928 0.000023
30929 0.000023
30930 0.000024
30931 0.000015
30932 0.000021
30933 0.000014
30934 0.000017
30935 0.000021
30936 0.000020
30937 0.000021
30938 0.000023
30939 0.000023
30940 0.000024
30941 0.000015
30942 0.000021
30943 0.000014
30944 0.000017
30945 0.000021
30946 0.000020
30947 0.000021
30948 0.000023
30949 0.000023
30950 0.000024
30951 0.000015
30952 0.000021
30953 0.000014
30954 0.000017
30955 0.000021
30956 0.000020
30957 0.000021
30958 0.000023
30959 0.000023
30960 0.000024
30961 0.000015
30962 0.000021
30963 0.000014
30964 0.000017
30965 0.000021
30966 0.000020
30967 0.000021
30968 0.000023
30969 0.000023
30970 0.000024
30971 0.000015
30972 0.000021
30973 0.000014
30974 0.000017
30975 0.000021
30976 0.000020
30977 0.000021
30978 0.000023
30979 0.000023
30980 0.000024
30981 0.000015
30982 0.000021
30983 0.000014
30984 0.000017
30985 0.000021
30986 0.000020
30987 0.000021
30988 0.000023
30989 0.000023
30990 0.000024
30991 0.000015
30992 0.000021
30993 0.000014
30994 0.000017
30995 0.000021
30996 0.000020
30997 0.000021
30998 0.000023
30999 0.000023
31000 0.000024
31001 0.000015
31002 0.000021
31003 0.000014
31004 0.000017
31005 0.000021
31006 0.000020
31007 0.000021
31008 0.000023
31009 0.000023
31010 0.000024
31011 0.000015
31012 0.000021
31013 0.000014
31014 0.000017
31015 0.000021
31016 0.000020
31017 0.000021
31018 0.000023
31019 0.000023
31020 0.000024
31021 0.000015
31022 0.000021
31023 0.000014
31024 0.000017
31025 0.000021
31026 0.000020
31027 0.000021
31028 0.000023
31029 0.000023
31030 0.000024
31031 0.000015
31032 0.000021
31033 0.000014
31034 0.000017
31035 0.000021
31036 0.000020
31037 0.000021
31038 0.000023
31039 0.000023
31040 0.000024
31041 0.000015
31042 0.000021
31043 0.000014
31044 0.000017
31045 0.000021
31046 0.000020
31047 0.000021
31048 0.000023
31049 0.000023
31050 0.000024
31051 0.000015
31052 0.000021
31053 0.000014
31054 0.000017
31055 0.000021
31056 0.000020
31057 0.000021
31058 0.000023
31059 0.000023
31060 0.000024
31061 0.000015
31062 0.000021
31063 0.000014
31064 0.000017
31065 0.000021
31066 0.000020
31067 0.000021
31068 0.000023
31069 0.000023
31070 0.000024
31071 0.000015
31072 0.000021
31073 0.000014
31074 0.000017
31075 0.000021
31076 0.000020
31077 0.000021
31078 0.000023
31079 0.000023
31080 0.000024
31081 0.000015
31082 0.000021
31083 0.000014
31084 0.000017
31085 0.000021
31086 0.000020
31087 0.000021
31088 0.000023
31089 0.000023
31090 0.000024
31091 0.000015
31092 0.000021
31093 0.000014
31094 0.000017
31095 0.000021
31096 0.000020
31097 0.000021
31098 0.000023
31099 0.000023
31100 0.000024
31101 0.000015
31102 0.000021
31103 0.000014
31104 0.000017
31105 0.000021
31106 0.000020
31107 0.000021
31108 0.000023
31109 0.000023
31110 0.000024
31111 0.000015
31112 0.000021
31113 0.000014
31114 0.000017
31115 0.000021
31116 0.000020
31117 0.000021
31118 0.000023
31119 0.000023
31120 0.000024
31121 0.000015
31122 0.000021
31123 0.000014
31124 0.000017
31125 0.000021
31126 0.000020
31127 0.000021
31128 0.000023
31129 0.000023
31130 0.000024
31131 0.000015
31132 0.000021
31133 0.000014
31134 0.000017
31135 0.000021
31136 0.000020
31137 0.000021
31138 0.000023
31139 0.000023
31140 0.000024
31141 0.000015
31142 0.000021
31143 0.000014
31144 0.000017
31145 0.000021
31146 0.000020
31147 0.000021
31148 0.000023
31149 0.000023
31150 0.000024
31151 0.000015
31152 0.000021
31153 0.000014
31154 0.000017
31155 0.000021
31156 0.000020
31157 0.000021
31158 0.000023
31159 0.000023
31160 0.000024
31161 0.000015
31162 0.000021
31163 0.000014
31164 0.000017
31165 0.000021
31166 0.000020
31167 0.000021
31168 0.000023
31169 0.000023
31170 0.000024
31171 0.000015
31172 0.000021
31173 0.000014
31174 0.000017
31175 0.000021
31176 0.000020
31177 0.000021
31178 0.000023
31179 0.000023
31180 0.000024
31181 0.000015
31182 0.000021
31183 0.000014
31184 0.000017
31185 0.000021
31186 0.000020
31187 0.000021
31188 0.000023
31189 0.000023
31190 0.000024
31191 0.000015
31192 0.000021
31193 0.000014
31194 0.000017
31195 0.000021
31196 0.000020
31197 0.000021
31198 0.000023
31199 0.000023
31200 0.000024
31201 0.000015
31202 0.000021
31203 0.000014
31204 0.000017
31205 0.000021
31206 0.000020
31207 0.000021
31208 0.000023
31209 0.000023
31210 0.000024
31211 0.000015
31212 0.000021
31213 0.000014
31214 0.000017
31215 0.000021
31216 0.000020
31217 0.000021
31218 0.000023
31219 0.000023
31220 0.000024
31221 0.000015
31222 0.000021
31223 0.000014
31224 0.000017
31225 0.000021
31226 0.000020
31227 0.000021
31228 0.000023
31229 0.000023
31230 0.000024
31231 0.000015
31232 0.000021
31233 0.000014
31234 0.000017
31235 0.000021
31236 0.000020
31237 0.000021
31238 0.000023
31239 0.000023
31240 0.000024
31241 0.000015
31242 0.000021
31243 0.000014
31244 0.000017
31245 0.000021
31246 0.000020
31247 0.000021
31248 0.000023
31249 0.000023
31250 0.000024
31251 0.000015
31252 0.000021
31253 0.000014
31254 0.000017
31255 0.000021
31256 0.000020
31257 0.000021
31258 0.000023
31259 0.000023
31260 0.000024
31261 0.000015
31262 0.000021
31263 0.000014
31264 0.000017
31265 0.000021
31266 0.000020
31267 0.000021
31268 0.000023
31269 0.000023
31270 0.000024
31271 0.000015
31272 0.000021
31273 0.000014
31274 0.000017
31275 0.000021
31276 0.000020
31277 0.000021
31278 0.000023
31279 0.000023
31280 0.000024
31281 0.000015
31282 0.000021
31283 0.000014
31284 0.000017
31285 0.000021
31286 0.000020
31287 0.000021
31288 0.000023
31289 0.000023
31290 0.000024
31291 0.000015
31292 0.000021
31293 0.000014
31294 0.000017
31295 0.000021
31296 0.000020
31297 0.000021
31298 0.000023
31299 0.000023
31300 0.000024
31301 0.000015
31302 0.000021
31303 0.000014
31304 0.000017
31305 0.000021
31306 0.000020
31307 0.000021
31308 0.000023
31309 0.000023
31310 0.000024
31311 0.000015
31312 0.000021
31313 0.000014
31314 0.000017
31315 0.000021
31316 0.000020
31317 0.000021
31318 0.000023
31319 0.000023
31320 0.000024
31321 0.000015
31322 0.000021
31323 0.000014
31324 0.000017
31325 0.000021
31326 0.000020
31327 0.000021
31328 0.000023
31329 0.000023
31330 0.000024
31331 0.000015
31332 0.000021
31333 0.000014
31334 0.000017
31335 0.000021
31336 0.000020
31337 0.000021
31338 0.000023
31339 0.000023
31340 0.000024
31341 0.000015
31342 0.000021
31343 0.000014
31344 0.000017
31345 0.000021
31346 0.000020
31347 0.000021
31348 0.000023
31349 0.000023
31350 0.000024
31351 0.000015
31352 0.000021
31353 0.000014
31354 0.000017
31355 0.000021
31356 0.000020
31357 0.000021
31358 0.000023
31359 0.000023
31360 0.000024
31361 0.000015
31362 0.000021
31363 0.000014
31364 0.000017
31365 0.000021
31366 0.000020
31367 0.000021
31368 0.000023
31369 0.000023
31370 0.000024
31371 0.000015
31372 0.000021
31373 0.000014
31374 0.000017
31375 0.000021
31376 0.000020
31377 0.000021
31378 0.000023
31379 0.000023
31380 0.000024
31381 0.000015
31382 0.000021
31383 0.000014
31384 0.000017
31385 0.000021
31386 0.000020
31387 0.000021
31388 0.000023
31389 0.000023
31390 0.000024
31391 0.000015
31392 0.000021
31393 0.000014
31394 0.000017
31395 0.000021
31396 0.000020
31397 0.000021
31398 0.000023
31399 0.000023
31400 0.000024
31401 0.000015
31402 0.000021
31403 0.000014
31404 0.000017
31405 0.000021
31406 0.000020
31407 0.000021
31408 0.000023
31409 0.000023
31410 0.000024
31411 0.000015
31412 0.000021
31413 0.000014
31414 0.000017
31415 0.000021
31416 0.000020
31417 0.000021
31418 0.000023
31419 0.000023
31420 0.000024
31421 0.000015
31422 0.000021
31423 0.000014
31424 0.000017
31425 0.000021
31426 0.000020
31427 0.000021
31428 0.000023
31429 0.000023
31430 0.000024
31431 0.000015
31432 0.000021
31433 0.000014
31434 0.000017
31435 0.000021
31436 0.000020
31437 0.000021
31438 0.000023
31439 0.000023
31440 0.000024
31441 0.000015
31442 0.000021
31443 0.000014
31444 0.000017
31445 0.000021
31446 0.000020
31447 0.000021
31448 0.000023
31449 0.000023
31450 0.000024
31451 0.000015
31452 0.000021
31453 0.000014
31454 0.000017
31455 0.000021
31456 0.000020
31457 0.000021
31458 0.000023
31459 0.000023
31460 0.000024
31461 0.000015
31462 0.000021
31463 0.000014
31464 0.000017
31465 0.000021
31466 0.000020
31467 0.000021
31468 0.000023
31469 0.000023
31470 0.000024
31471 0.000015
31472 0.000021
31473 0.000014
31474 0.000017
31475 0.000021
31476 0.000020
31477 0.000021
31478 0.000023
31479 0.000023
31480 0.000024
31481 0.000015
31482 0.000021
31483 0.000014
31484 0.000017
31485 0.000021
31486 0.000020
31487 0.000021
31488 0.000023
31489 0.000023
31490 0.000024
31491 0.000015
31492 0.000021
31493 0.000014
31494 0.000017
31495 0.000021
31496 0.000020
31497 0.000021
31498 0.000023
31499 0.000023
31500 0.000024
31501 0.000015
31502 0.000021
31503 0.000014
31504 0.000017
31505 0.000021
31506 0.000020
31507 0.000021
31508 0.000023
31509 0.000023
31510 0.000024
31511 0.000015
31512 0.000021
31513 0.000014
31514 0.000017
31515 0.000021
31516 0.000020
31517 0.000021
31518 0.000023
31519 0.000023
31520 0.000024
31521 0.000015
31522 0.000021
31523 0.000014
31524 0.000017
31525 0.000021
31526 0.000020
31527 0.000021
31528 0.000023
31529 0.000023
31530 0.000024
31531 0.000015
31532 0.000021
31533 0.000014
31534 0.000017
31535 0.000021
31536 0.000020
31537 0.000021
31538 0.000023
31539 0.000023
31540 0.000024
31541 0.000015
31542 0.000021
31543 0.000014
31544 0.000017
31545 0.000021
31546 0.000020
31547 0.000021
31548 0.000023
31549 0.000023
31550 0.000024
31551 0.000015
31552 0.000021
31553 0.000014
31554 0.000017
31555 0.000021
31556 0.000020
31557 0.000021
31558 0.000023
31559 0.000023
31560 0.000024
31561 0.000015
31562 0.000021
31563 0.000014
31564 0.000017
31565 0.000021
31566 0.000020
31567 0.000021
31568 0.000023
31569 0.000023
31570 0.000024
31571 0.000015
31572 0.000021
31573 0.000014
31574 0.000017
31575 0.000021
31576 0.000020
31577 0.000021
31578 0.000023
31579 0.000023
31580 0.000024
31581 0.000015
31582 0.000021
31583 0.000014
31584 0.000017
31585 0.000021
31586 0.000020
31587 0.000021
31588 0.000023
31589 0.000023
31590 0.000024
31591 0.000015
31592 0.000021
31593 0.000014
31594 0.000017
31595 0.000021
31596 0.000020
31597 0.000021
31598 0.000023
31599 0.000023
31600 0.000024
31601 0.000015
31602 0.000021
31603 0.000014
31604 0.000017
31605 0.000021
31606 0.000020
31607 0.000021
31608 0.000023
31609 0.000023
31610 0.000024
31611 0.000015
31612 0.000021
31613 0.000014
31614 0.000017
31615 0.000021
31616 0.000020
31617 0.000021
31618 0.000023
31619 0.000023
31620 0.000024
31621 0.000015
31622 0.000021
31623 0.000014
31624 0.000017
31625 0.000021
31626 0.000020
31627 0.000021
31628 0.000023
31629 0.000023
31630 0.000024
31631 0.000015
31632 0.000021
31633 0.000014
31634 0.000017
31635 0.000021
31636 0.000020
31637 0.000021
31638 0.000023
31639 0.000023
31640 0.000024
31641 0.000015
31642 0.000021
31643 0.000014
31644 0.000017
31645 0.000021
31646 0.000020
31647 0.000021
31648 0.000023
31649 0.000023
31650 0.000024
31651 0.000015
31652 0.000021
31653 0.000014
31654 0.000017
31655 0.000021
31656 0.000020
31657 0.000021
31658 0.000023
31659 0.000023
31660 0.000024
31661 0.000015
31662 0.000021
31663 0.000014
31664 0.000017
31665 0.000021
31666 0.000020
31667 0.000021
31668 0.000023
31669 0.000023
31670 0.000024
31671 0.000015
31672 0.000021
31673 0.000014
31674 0.000017
31675 0.000021
31676 0.000020
31677 0.000021
31678 0.000023
31679 0.000023
31680 0.000024
31681 0.000015
31682 0.000021
31683 0.000014
31684 0.000017
31685 0.000021
31686 0.000020
31687 0.000021
31688 0.000023
31689 0.000023
31690 0.000024
31691 0.000015
31692 0.000021
31693 0.000014
31694 0.000017
31695 0.000021
31696 0.000020
31697 0.000021
31698 0.000023
31699 0.000023
31700 0.000024
31701 0.000015
31702 0.000021
31703 0.000014
31704 0.000017
31705 0.000021
31706 0.000020
31707 0.000021
31708 0.000023
31709 0.000023
31710 0.000024
31711 0.000015
31712 0.000021
31713 0.000014
31714 0.000017
31715 0.000021
31716 0.000020
31717 0.000021
31718 0.000023
31719 0.000023
31720 0.000024
31721 0.000015
31722 0.000021
31723 0.000014
31724 0.000017
31725 0.000021
31726 0.000020
31727 0.000021
31728 0.000023
31729 0.000023
31730 0.000024
31731 0.000015
31732 0.000021
31733 0.000014
31734 0.000017
31735 0.000021
31736 0.000020
31737 0.000021
31738 0.000023
31739 0.000023
31740 0.000024
31741 0.000015
31742 0.000021
31743 0.000014
31744 0.000017
31745 0.000021
31746 0.000020
31747 0.000021
31748 0.000023
31749 0.000023
31750 0.000024
31751 0.000015
31752 0.000021
31753 0.000014
31754 0.000017
31755 0.000021
31756 0.000020
31757 0.000021
31758 0.000023
31759 0.000023
31760 0.000024
31761 0.000015
31762 0.000021
31763 0.000014
31764 0.000017
31765 0.000021
31766 0.000020
31767 0.000021
31768 0.000023
31769 0.000023
31770 0.000024
31771 0.000015
31772 0.000021
31773 0.000014
31774 0.000017
31775 0.000021
31776 0.000020
31777 0.000021
31778 0.000023
31779 0.000023
31780 0.000024
31781 0.000015
31782 0.000021
31783 0.000014
31784 0.000017
31785 0.000021
31786 0.000020
31787 0.000021
31788 0.000023
31789 0.000023
31790 0.000024
31791 0.000015
31792 0.000021
31793 0.000014
31794 0.000017
31795 0.000021
31796 0.000020
31797 0.000021
31798 0.000023
31799 0.000023
31800 0.000024
31801 0.000015
31802 0.000021
31803 0.000014
31804 0.000017
31805 0.000021
31806 0.000020
31807 0.000021
31808 0.000023
31809 0.000023
31810 0.000024
31811 0.000015
31812 0.000021
31813 0.000014
31814 0.000017
31815 0.000021
31816 0.000020
31817 0.000021
31818 0.000023
31819 0.000023
31820 0.000024
31821 0.000015
31822 0.000021
31823 0.000014
31824 0.000017
31825 0.000021
31826 0.000020
31827 0.000021
31828 0.000023
31829 0.000023
31830 0.000024
31831 0.000015
31832 0.000021
31833 0.000014
31834 0.000017
31835 0.000021
31836 0.000020
31837 0.000021
31838 0.000023
31839 0.000023
31840 0.000024
31841 0.000015
31842 0.000021
31843 0.000014
31844 0.000017
31845 0.000021
31846 0.000020
31847 0.000021
31848 0.000023
31849 0.000023
31850 0.000024
31851 0.000015
31852 0.000021
31853 0.000014
31854 0.000017
31855 0.000021
31856 0.000020
31857 0.000021
31858 0.000023
31859 0.000023
31860 0.000024
31861 0.000015
31862 0.000021
31863 0.000014
31864 0.000017
31865 0.000021
31866 0.000020
31867 0.000021
31868 0.000023
31869 0.000023
31870 0.000024
31871 0.000015
31872 0.000021
31873 0.000014
31874 0.000017
31875 0.000021
31876 0.000020
31877 0.000021
31878 0.000023
31879 0.000023
31880 0.000024
31881 0.000015
31882 0.000021
31883 0.000014
31884 0.000017
31885 0.000021
31886 0.000020
31887 0.000021
31888 0.000023
31889 0.000023
31890 0.000024
31891 0.000015
31892 0.000021
31893 0.000014
31894 0.000017
31895 0.000021
31896 0.000020
31897 0.000021
31898 0.000023
31899 0.000023
31900 0.000024
31901 0.000015
31902 0.000021
31903 0.000014
31904 0.000017
31905 0.000021
31906 0.000020
31907 0.000021
31908 0.000023
31909 0.000023
31910 0.000024
31911 0.000015
31912 0.000021
31913 0.000014
31914 0.000017
31915 0.000021
31916 0.000020
31917 0.000021
31918 0.000023
31919 0.000023
31920 0.000024
31921 0.000015
31922 0.000021
31923 0.000014
31924 0.000017
31925 0.000021
31926 0.000020
31927 0.000021
31928 0.000023
31929 0.000023
31930 0.000024
31931 0.000015
31932 0.000021
31933 0.000014
31934 0.000017
31935 0.000021
31936 0.000020
31937 0.000021
31938 0.000023
31939 0.000023
31940 0.000024
31941 0.000015
31942 0.000021
31943 0.000014
31944 0.000017
31945 0.000021
31946 0.000020
31947 0.000021
31948 0.000023
31949 0.000023
31950 0.000024
31951 0.000015
31952 0.000021
31953 0.000014
31954 0.000017
31955 0.000021
31956 0.000020
31957 0.000021
31958 0.000023
31959 0.000023
31960 0.000024
31961 0.000015
31962 0.000021
31963 0.000014
31964 0.000017
31965 0.000021
31966 0.000020
31967 0.000021
31968 0.000023
31969 0.000023
31970 0.000024
31971 0.000015
31972 0.000021
31973 0.000014
31974 0.000017
31975 0.000021
31976 0.000020
31977 0.000021
31978 0.000023
31979 0.000023
31980 0.000024
31981 0.000015
31982 0.000021
31983 0.000014
31984 0.000017
31985 0.000021
31986 0.000020
31987 0.000021
31988 0.000023
31989 0.000023
31990 0.000024
31991 0.000015
31992 0.000021
31993 0.000014
31994 0.000017
31995 0.000021
31996 0.000020
31997 0.000021
31998 0.000023
31999 0.000023
32000 0.000024
32001 0.000015
32002 0.000021
32003 0.000014
32004 0.000017
32005 0.000021
32006 0.000020
32007 0.000021
32008 0.000023
32009 0.000023
32010 0.000024
32011 0.000015
32012 0.000021
32013 0.000014
32014 0.000017
32015 0.000021
32016 0.000020
32017 0.000021
32018 0.000023
32019 0.000023
32020 0.000024
32021 0.000015
32022 0.000021
32023 0.000014
32024 0.000017
32025 0.000021
32026 0.000020
32027 0.000021
32028 0.000023
32029 0.000023
32030 0.000024
32031 0.000015
32032 0.000021
32033 0.000014
32034 0.000017
32035 0.000021
32036 0.000020
32037 0.000021
32038 0.000023
32039 0.000023
32040 0.000024
32041 0.000015
32042 0.000021
32043 0.000014
32044 0.000017
32045 0.000021
32046 0.000020
32047 0.000021
32048 0.000023
32049 0.000023
32050 0.000024
32051 0.000015
32052 0.000021
32053 0.000014
32054 0.000017
32055 0.000021
32056 0.000020
32057 0.000021
32058 0.000023
32059 0.000023
32060 0.000024
32061 0.000015
32062 0.000021
32063 0.000014
32064 0.000017
32065 0.000021
32066 0.000020
32067 0.000021
32068 0.000023
32069 0.000023
32070 0.000024
32071 0.000015
32072 0.000021
32073 0.000014
32074 0.000017
32075 0.000021
32076 0.000020
32077 0.000021
32078 0.000023
32079 0.000023
32080 0.000024
32081 0.000015
32082 0.000021
32083 0.000014
32084 0.000017
32085 0.000021
32086 0.000020
32087 0.000021
32088 0.000023
32089 0.000023
32090 0.000024
32091 0.000015
32092 0.000021
32093 0.000014
32094 0.000017
32095 0.000021
32096 0.000020
32097 0.000021
32098 0.000023
32099 0.000023
32100 0.000024
32101 0.000015
32102 0.000021
32103 0.000014
32104 0.000017
32105 0.000021
32106 0.000020
32107 0.000021
32108 0.000023
32109 0.000023
32110 0.000024
32111 0.000015
32112 0.000021
32113 0.000014
32114 0.000017
32115 0.000021
32116 0.000020
32117 0.000021
32118 0.000023
32119 0.000023
32120 0.000024
32121 0.000015
32122 0.000021
32123 0.000014
32124 0.000017
32125 0.000021
32126 0.000020
32127 0.000021
32128 0.000023
32129 0.000023
32130 0.000024
32131 0.000015
32132 0.000021
32133 0.000014
32134 0.000017
32135 0.000021
32136 0.000020
32137 0.000021
32138 0.000023
32139 0.000023
32140 0.000024
32141 0.000015
32142 0.000021
32143 0.000014
32144 0.000017
32145 0.000021
32146 0.000020
32147 0.000021
32148 0.000023
32149 0.000023
32150 0.000024
32151 0.000015
32152 0.000021
32153 0.000014
32154 0.000017
32155 0.000021
32156 0.000020
32157 0.000021
32158 0.000023
32159 0.000023
32160 0.000024
32161 0.000015
32162 0.000021
32163 0.000014
32164 0.000017
32165 0.000021
32166 0.000020
32167 0.000021
32168 0.000023
32169 0.000023
32170 0.000024
32171 0.000015
32172 0.000021
32173 0.000014
32174 0.000017
32175 0.000021
32176 0.000020
32177 0.000021
32178 0.000023
32179 0.000023
32180 0.000024
32181 0.000015
32182 0.000021
32183 0.000014
32184 0.000017
32185 0.000021
32186 0.000020
32187 0.000021
32188 0.000023
32189 0.000023
32190 0.000024
32191 0.000015
32192 0.000021
32193 0.000014
32194 0.000017
32195 0.000021
32196 0.000020
32197 0.000021
32198 0.000023
32199 0.000023
32200 0.000024
32201 0.000015
32202 0.000021
32203 0.000014
32204 0.000017
32205 0.000021
32206 0.000020
32207 0.000021
32208 0.000023
32209 0.000023
32210 0.000024
32211 0.000015
32212 0.000021
32213 0.000014
32214 0.000017
32215 0.000021
32216 0.000020
32217 0.000021
32218 0.000023
32219 0.000023
32220 0.000024
32221 0.000015
32222 0.000021
32223 0.000014
32224 0.000017
32225 0.000021
32226 0.000020
32227 0.000021
32228 0.000023
32229 0.000023
32230 0.000024
32231 0.000015
32232 0.000021
32233 0.000014
32234 0.000017
32235 0.000021
32236 0.000020
32237 0.000021
32238 0.000023
32239 0.000023
32240 0.000024
32241 0.000015
32242 0.000021
32243 0.000014
32244 0.000017
32245 0.000021
32246 0.000020
32247 0.000021
32248 0.000023
32249 0.000023
32250 0.000024
32251 0.000015
32252 0.000021
32253 0.000014
32254 0.000017
32255 0.000021
32256 0.000020
32257 0.000021
32258 0.000023
32259 0.000023
32260 0.000024
32261 0.000015
32262 0.000021
32263 0.000014
32264 0.000017
32265 0.000021
32266 0.000020
32267 0.000021
32268 0.000023
32269 0.000023
32270 0.000024
32271 0.000015
32272 0.000021
32273 0.000014
32274 0.000017
32275 0.000021
32276 0.000020
32277 0.000021
32278 0.000023
32279 0.000023
32280 0.000024
32281 0.000015
32282 0.000021
32283 0.000014
32284 0.000017
32285 0.000021
32286 0.000020
32287 0.000021
32288 0.000023
32289 0.000023
32290 0.000024
32291 0.000015
32292 0.000021
32293 0.000014
32294 0.000017
32295 0.000021
32296 0.000020
32297 0.000021
32298 0.000023
32299 0.000023
32300 0.000024
32301 0.000015
32302 0.000021
32303 0.000014
32304 0.000017
32305 0.000021
32306 0.000020
32307 0.000021
32308 0.000023
32309 0.000023
32310 0.000024
32311 0.000015
32312 0.000021
32313 0.000014
32314 0.000017
32315 0.000021
32316 0.000020
32317 0.000021
32318 0.000023
32319 0.000023
32320 0.000024
32321 0.000015
32322 0.000021
32323 0.000014
32324 0.000017
32325 0.000021
32326 0.000020
32327 0.000021
32328 0.000023
32329 0.000023
32330 0.000024
32331 0.000015
32332 0.000021
32333 0.000014
32334 0.000017
32335 0.000021
32336 0.000020
32337 0.000021
32338 0.000023
32339 0.000023
32340 0.000024
32341 0.000015
32342 0.000021
32343 0.000014
32344 0.000017
32345 0.000021
32346 0.000020
32347 0.000021
32348 0.000023
32349 0.000023
32350 0.000024
32351 0.000015
32352 0.000021
32353 0.000014
32354 0.000017
32355 0.000021
32356 0.000020
32357 0.000021
32358 0.000023
32359 0.000023
32360 0.000024
32361 0.000015
32362 0.000021
32363 0.000014
32364 0.000017
32365 0.000021
32366 0.000020
32367 0.000021
32368 0.000023
32369 0.000023
32370 0.000024
32371 0.000015
32372 0.000021
32373 0.000014
32374 0.000017
32375 0.000021
32376 0.000020
32377 0.000021
32378 0.000023
32379 0.000023
32380 0.000024
32381 0.000015
32382 0.000021
32383 0.000014
32384 0.000017
32385 0.000021
32386 0.000020
32387 0.000021
32388 0.000023
32389 0.000023
32390 0.000024
32391 0.000015
32392 0.000021
32393 0.000014
32394 0.000017
32395 0.000021
32396 0.000020
32397 0.000021
32398 0.000023
32399 0.000023
32400 0.000024
32401 0.000015
32402 0.000021
32403 0.000014
32404 0.000017
32405 0.000021
32406 0.000020
32407 0.000021
32408 0.000023
32409 0.000023
32410 0.000024
32411 0.000015
32412 0.000021
32413 0.000014
32414 0.000017
32415 0.000021
32416 0.000020
32417 0.000021
32418 0.000023
32419 0.000023
32420 0.000024
32421 0.000015
32422 0.000021
32423 0.000014
32424 0.000017
32425 0.000021
32426 0.000020
32427 0.000021
32428 0.000023
32429 0.000023
32430 0.000024
32431 0.000015
32432 0.000021
32433 0.000014
32434 0.000017
32435 0.000021
32436 0.000020
32437 0.000021
32438 0.000023
32439 0.000023
32440 0.000024
32441 0.000015
32442 0.000021
32443 0.000014
32444 0.000017
32445 0.000021
32446 0.000020
32447 0.000021
32448 0.000023
32449 0.000023
32450 0.000024
32451 0.000015
32452 0.000021
32453 0.000014
32454 0.000017
32455 0.000021
32456 0.000020
32457 0.000021
32458 0.000023
32459 0.000023
32460 0.000024
32461 0.000015
32462 0.000021
32463 0.000014
32464 0.000017
32465 0.000021
32466 0.000020
32467 0.000021
32468 0.000023
32469 0.000023
32470 0.000024
32471 0.000015
32472 0.000021
32473 0.000014
32474 0.000017
32475 0.000021
32476 0.000020
32477 0.000021
32478 0.000023
32479 0.000023
32480 0.000024
32481 0.000015
32482 0.000021
32483 0.000014
32484 0.000017
32485 0.000021
32486 0.000020
32487 0.000021
32488 0.000023
32489 0.000023
32490 0.000024
32491 0.000015
32492 0.000021
32493 0.000014
32494 0.000017
32495 0.000021
32496 0.000020
32497 0.000021
32498 0.000023
32499 0.000023
32500 0.000024
32501 0.000015
32502 0.000021
32503 0.000014
32504 0.000017
32505 0.000021
32506 0.000020
32507 0.000021
32508 0.000023
32509 0.000023
32510 0.000024
32511 0.000015
32512 0.000021
32513 0.000014
32514 0.000017
32515 0.000021
32516 0.000020
32517 0.000021
32518 0.000023
32519 0.000023
32520 0.000024
32521 0.000015
32522 0.000021
32523 0.000014
32524 0.000017
32525 0.000021
32526 0.000020
32527 0.000021
32528 0.000023
32529 0.000023
32530 0.000024
32531 0.000015
32532 0.000021
32533 0.000014
32534 0.000017
32535 0.000021
32536 0.000020
32537 0.000021
32538 0.000023
32539 0.000023
32540 0.000024
32541 0.000015
32542 0.000021
32543 0.000014
32544 0.000017
32545 0.000021
32546 0.000020
32547 0.000021
32548 0.000023
32549 0.000023
32550 0.000024
32551 0.000015
32552 0.000021
32553 0.000014
32554 0.000017
32555 0.000021
32556 0.000020
32557 0.000021
32558 0.000023
32559 0.000023
32560 0.000024
32561 0.000015
32562 0.000021
32563 0.000014
32564 0.000017
32565 0.000021
32566 0.000020
32567 0.000021
32568 0.000023
32569 0.000023
32570 0.000024
32571 0.000015
32572 0.000021
32573 0.000014
32574 0.000017
32575 0.000021
32576 0.000020
32577 0.000021
32578 0.000023
32579 0.000023
32580 0.000024
32581 0.000015
32582 0.000021
32583 0.000014
32584 0.000017
32585 0.000021
32586 0.000020
32587 0.000021
32588 0.000023
32589 0.000023
32590 0.000024
32591 0.000015
32592 0.000021
32593 0.000014
32594 0.000017
32595 0.000021
32596 0.000020
32597 0.000021
32598 0.000023
32599 0.000023
32600 0.000024
32601 0.000015
32602 0.000021
32603 0.000014
32604 0.000017
32605 0.000021
32606 0.000020
32607 0.000021
32608 0.000023
32609 0.000023
32610 0.000024
32611 0.000015
32612 0.000021
32613 0.000014
32614 0.000017
32615 0.000021
32616 0.000020
32617 0.000021
32618 0.000023
32619 0.000023
32620 0.000024
32621 0.000015
32622 0.000021
32623 0.000014
32624 0.000017
32625 0.000021
32626 0.000020
32627 0.000021
32628 0.000023
32629 0.000023
32630 0.000024
32631 0.000015
32632 0.000021
32633 0.000014
32634 0.000017
32635 0.000021
32636 0.000020
32637 0.000021
32638 0.000023
32639 0.000023
32640 0.000024
32641 0.000015
32642 0.000021
32643 0.000014
32644 0.000017
32645 0.000021
32646 0.000020
32647 0.000021
32648 0.000023
32649 0.000023
32650 0.000024
32651 0.000015
32652 0.000021
32653 0.000014
32654 0.000017
32655 0.000021
32656 0.000020
32657 0.000021
32658 0.000023
32659 0.000023
32660 0.000024
32661 0.000015
32662 0.000021
32663 0.000014
32664 0.000017
32665 0.000021
32666 0.000020
32667 0.000021
32668 0.000023
32669 0.000023
32670 0.000024
32671 0.000015
32672 0.000021
32673 0.000014
32674 0.000017
32675 0.000021
32676 0.000020
32677 0.000021
32678 0.000023
32679 0.000023
32680 0.000024
32681 0.000015
32682 0.000021
32683 0.000014
32684 0.000017
32685 0.000021
32686 0.000020
32687 0.000021
32688 0.000023
32689 0.000023
32690 0.000024
32691 0.000015
32692 0.000021
32693 0.000014
32694 0.000017
32695 0.000021
32696 0.000020
32697 0.000021
32698 0.000023
32699 0.000023
32700 0.000024
32701 0.000015
32702 0.000021
32703 0.000014
32704 0.000017
32705 0.000021
32706 0.000020
32707 0.000021
32708 0.000023
32709 0.000023
32710 0.000024
32711 0.000015
32712 0.000021
32713 0.000014
32714 0.000017
32715 0.000021
32716 0.000020
32717 0.000021
32718 0.000023
32719 0.000023
32720 0.000024
32721 0.000015
32722 0.000021
32723 0.000014
32724 0.000017
32725 0.000021
32726 0.000020
32727 0.000021
32728 0.000023
32729 0.000023
32730 0.000024
32731 0.000015
32732 0.000021
32733 0.000014
32734 0.000017
32735 0.000021
32736 0.000020
32737 0.000021
32738 0.000023
32739 0.000023
32740 0.000024
32741 0.000015
32742 0.000021
32743 0.000014
32744 0.000017
32745 0.000021
32746 0.000020
32747 0.000021
32748 0.000023
32749 0.000023
32750 0.000024
32751 0.000015
32752 0.000021
32753 0.000014
32754 0.000017
32755 0.000021
32756 0.000020
32757 0.000021
32758 0.000023
32759 0.000023
32760 0.000024
32761 0.000015
32762 0.000021
32763 0.000014
32764 0.000017
32765 0.000021
32766 0.000020
32767 0.000021
32768 0.000023
32769 0.000023
32770 0.000024
32771 0.000015
32772 0.000021
32773 0.000014
32774 0.000017
32775 0.000021
32776 0.000020
32777 0.000021
32778 0.000023
32779 0.000023
32780 0.000024
32781 0.000015
32782 0.000021
32783 0.000014
32784 0.000017
32785 0.000021
32786 0.000020
32787 0.000021
32788 0.000023
32789 0.000023
32790 0.000024
32791 0.000015
32792 0.000021
32793 0.000014
32794 0.000017
32795 0.000021
32796 0.000020
32797 0.000021
32798 0.000023
32799 0.000023
32800 0.000024
32801 0.000015
32802 0.000021
32803 0.000014
32804 0.000017
32805 0.000021
32806 0.000020
32807 0.000021
32808 0.000023
32809 0.000023
32810 0.000024
32811 0.000015
32812 0.000021
32813 0.000014
32814 0.000017
32815 0.000021
32816 0.000020
32817 0.000021
32818 0.000023
32819 0.000023
32820 0.000024
32821 0.000015
32822 0.000021
32823 0.000014
32824 0.000017
32825 0.000021
32826 0.000020
32827 0.000021
32828 0.000023
32829 0.000023
32830 0.000024
32831 0.000015
32832 0.000021
32833 0.000014
32834 0.000017
32835 0.000021
32836 0.000020
32837 0.000021
32838 0.000023
32839 0.000023
32840 0.000024
32841 0.000015
32842 0.000021
32843 0.000014
32844 0.000017
32845 0.000021
32846 0.000020
32847 0.000021
32848 0.000023
32849 0.000023
32850 0.000024
32851 0.000015
32852 0.000021
32853 0.000014
32854 0.000017
32855 0.000021
32856 0.000020
32857 0.000021
32858 0.000023
32859 0.000023
32860 0.000024
32861 0.000015
32862 0.000021
32863 0.000014
32864 0.000017
32865 0.000021
32866 0.000020
32867 0.000021
32868 0.000023
32869 0.000023
32870 0.000024
32871 0.000015
32872 0.000021
32873 0.000014
32874 0.000017
32875 0.000021
32876 0.000020
32877 0.000021
32878 0.000023
32879 0.000023
32880 0.000024
32881 0.000015
32882 0.000021
32883 0.000014
32884 0.000017
32885 0.000021
32886 0.000020
32887 0.000021
32888 0.000023
32889 0.000023
32890 0.000024
32891 0.000015
32892 0.000021
32893 0.000014
32894 0.000017
32895 0.000021
32896 0.000020
32897 0.000021
32898 0.000023
32899 0.000023
32900 0.000024
32901 0.000015
32902 0.000021
32903 0.000014
32904 0.000017
32905 0.000021
32906 0.000020
32907 0.000021
32908 0.000023
32909 0.000023
32910 0.000024
32911 0.000015
32912 0.000021
32913 0.000014
32914 0.000017
32915 0.000021
32916 0.000020
32917 0.000021
32918 0.000023
32919 0.000023
32920 0.000024
32921 0.000015
32922 0.000021
32923 0.000014
32924 0.000017
32925 0.000021
32926 0.000020
32927 0.000021
32928 0.000023
32929 0.000023
32930 0.000024
32931 0.000015
32932 0.000021
32933 0.000014
32934 0.000017
32935 0.000021
32936 0.000020
32937 0.000021
32938 0.000023
32939 0.000023
32940 0.000024
32941 0.000015
32942 0.000021
32943 0.000014
32944 0.000017
32945 0.000021
32946 0.000020
32947 0.000021
32948 0.000023
32949 0.000023
32950 0.000024
32951 0.000015
32952 0.000021
32953 0.000014
32954 0.000017
32955 0.000021
32956 0.000020
32957 0.000021
32958 0.000023
32959 0.000023
32960 0.000024
32961 0.000015
32962 0.000021
32963 0.000014
32964 0.000017
32965 0.000021
32966 0.000020
32967 0.000021
32968 0.000023
32969 0.000023
32970 0.000024
32971 0.000015
32972 0.000021
32973 0.000014
32974 0.000017
32975 0.000021
32976 0.000020
32977 0.000021
32978 0.000023
32979 0.000023
32980 0.000024
32981 0.000015
32982 0.000021
32983 0.000014
32984 0.000017
32985 0.000021
32986 0.000020
32987 0.000021
32988 0.000023
32989 0.000023
32990 0.000024
32991 0.000015
32992 0.000021
32993 0.000014
32994 0.000017
32995 0.000021
32996 0.000020
32997 0.000021
32998 0.000023
32999 0.000023
33000 0.000024
33001 0.000015
33002 0.000021
33003 0.000014
33004 0.000017
33005 0.000021
33006 0.000020
33007 0.000021
33008 0.000023
33009 0.000023
33010 0.000024
33011 0.000015
33012 0.000021
33013 0.000014
33014 0.000017
33015 0.000021
33016 0.000020
33017 0.000021
33018 0.000023
33019 0.000023
33020 0.000024
33021 0.000015
33022 0.000021
33023 0.000014
33024 0.000017
33025 0.000021
33026 0.000020
33027 0.000021
33028 0.000023
33029 0.000023
33030 0.000024
33031 0.000015
33032 0.000021
33033 0.000014
33034 0.000017
33035 0.000021
33036 0.000020
33037 0.000021
33038 0.000023
33039 0.000023
33040 0.000024
33041 0.000015
33042 0.000021
33043 0.000014
33044 0.000017
33045 0.000021
33046 0.000020
33047 0.000021
33048 0.000023
33049 0.000023
33050 0.000024
33051 0.000015
33052 0.000021
33053 0.000014
33054 0.000017
33055 0.000021
33056 0.000020
33057 0.000021
33058 0.000023
33059 0.000023
33060 0.000024
33061 0.000015
33062 0.000021
33063 0.000014
33064 0.000017
33065 0.000021
33066 0.000020
33067 0.000021
33068 0.000023
33069 0.000023
33070 0.000024
33071 0.000015
33072 0.000021
33073 0.000014
33074 0.000017
33075 0.000021
33076 0.000020
33077 0.000021
33078 0.000023
33079 0.000023
33080 0.000024
33081 0.000015
33082 0.000021
33083 0.000014
33084 0.000017
33085 0.000021
33086 0.000020
33087 0.000021
33088 0.000023
33089 0.000023
33090 0.000024
33091 0.000015
33092 0.000021
33093 0.000014
33094 0.000017
33095 0.000021
33096 0.000020
33097 0.000021
33098 0.000023
33099 0.000023
33100 0.000024
33101 0.000015
33102 0.000021
33103 0.000014
33104 0.000017
33105 0.000021
33106 0.000020
33107 0.000021
33108 0.000023
33109 0.000023
33110 0.000024
33111 0.000015
33112 0.000021
33113 0.000014
33114 0.000017
33115 0.000021
33116 0.000020
33117 0.000021
33118 0.000023
33119 0.000023
33120 0.000024
33121 0.000015
33122 0.000021
33123 0.000014
33124 0.000017
33125 0.000021
33126 0.000020
33127 0.000021
33128 0.000023
33129 0.000023
33130 0.000024
33131 0.000015
33132 0.000021
33133 0.000014
33134 0.000017
33135 0.000021
33136 0.000020
33137 0.000021
33138 0.000023
33139 0.000023
33140 0.000024
33141 0.000015
33142 0.000021
33143 0.000014
33144 0.000017
33145 0.000021
33146 0.000020
33147 0.000021
33148 0.000023
33149 0.000023
33150 0.000024
33151 0.000015
33152 0.000021
33153 0.000014
33154 0.000017
33155 0.000021
33156 0.000020
33157 0.000021
33158 0.000023
33159 0.000023
33160 0.000024
33161 0.000015
33162 0.000021
33163 0.000014
33164 0.000017
33165 0.000021
33166 0.000020
33167 0.000021
33168 0.000023
33169 0.000023
33170 0.000024
33171 0.000015
33172 0.000021
33173 0.000014
33174 0.000017
33175 0.000021
33176 0.000020
33177 0.000021
33178 0.000023
33179 0.000023
33180 0.000024
33181 0.000015
33182 0.000021
33183 0.000014
33184 0.000017
33185 0.000021
33186 0.000020
33187 0.000021
33188 0.000023
33189 0.000023
33190 0.000024
33191 0.000015
33192 0.000021
33193 0.000014
33194 0.000017
33195 0.000021
33196 0.000020
33197 0.000021
33198 0.000023
33199 0.000023
33200 0.000024
33201 0.000015
33202 0.000021
33203 0.000014
33204 0.000017
33205 0.000021
33206 0.000020
33207 0.000021
33208 0.000023
33209 0.000023
33210 0.000024
33211 0.000015
33212 0.000021
33213 0.000014
33214 0.000017
33215 0.000021
33216 0.000020
33217 0.000021
33218 0.000023
33219 0.000023
33220 0.000024
33221 0.000015
33222 0.000021
33223 0.000014
33224 0.000017
33225 0.000021
33226 0.000020
33227 0.000021
33228 0.000023
33229 0.000023
33230 0.000024
33231 0.000015
33232 0.000021
33233 0.000014
33234 0.000017
33235 0.000021
33236 0.000020
33237 0.000021
33238 0.000023
33239 0.000023
33240 0.000024
33241 0.000015
33242 0.000021
33243 0.000014
33244 0.000017
33245 0.000021
33246 0.000020
33247 0.000021
33248 0.000023
33249 0.000023
33250 0.000024
33251 0.000015
33252 0.000021
33253 0.000014
33254 0.000017
33255 0.000021
33256 0.000020
33257 0.000021
33258 0.000023
33259 0.000023
33260 0.000024
33261 0.000015
33262 0.000021
33263 0.000014
33264 0.000017
33265 0.000021
33266 0.000020
33267 0.000021
33268 0.000023
33269 0.000023
33270 0.000024
33271 0.000015
33272 0.000021
33273 0.000014
33274 0.000017
33275 0.000021
33276 0.000020
33277 0.000021
33278 0.000023
33279 0.000023
33280 0.000024
33281 0.000015
33282 0.000021
33283 0.000014
33284 0.000017
33285 0.000021
33286 0.000020
33287 0.000021
33288 0.000023
33289 0.000023
33290 0.000024
33291 0.000015
33292 0.000021
33293 0.000014
33294 0.000017
33295 0.000021
33296 0.000020
33297 0.000021
33298 0.000023
33299 0.000023
33300 0.000024
33301 0.000015
33302 0.000021
33303 0.000014
33304 0.000017
33305 0.000021
33306 0.000020
33307 0.000021
33308 0.000023
33309 0.000023
33310 0.000024
33311 0.000015
33312 0.000021
33313 0.000014
33314 0.000017
33315 0.000021
33316 0.000020
33317 0.000021
33318 0.000023
33319 0.000023
33320 0.000024
33321 0.000015
33322 0.000021
33323 0.000014
33324 0.000017
33325 0.000021
33326 0.000020
33327 0.000021
33328 0.000023
33329 0.000023
33330 0.000024
33331 0.000015
33332 0.000021
33333 0.000014
33334 0.000017
33335 0.000021
33336 0.000020
33337 0.000021
33338 0.000023
33339 0.000023
33340 0.000024
33341 0.000015
33342 0.000021
33343 0.000014
33344 0.000017
33345 0.000021
33346 0.000020
33347 0.000021
33348 0.000023
33349 0.000023
33350 0.000024
33351 0.000015
33352 0.000021
33353 0.000014
33354 0.000017
33355 0.000021
33356 0.000020
33357 0.000021
33358 0.000023
33359 0.000023
33360 0.000024
33361 0.000015
33362 0.000021
33363 0.000014
33364 0.000017
33365 0.000021
33366 0.000020
33367 0.000021
33368 0.000023
33369 0.000023
33370 0.000024
33371 0.000015
33372 0.000021
33373 0.000014
33374 0.000017
33375 0.000021
33376 0.000020
33377 0.000021
33378 0.000023
33379 0.000023
33380 0.000024
33381 0.000015
33382 0.000021
33383 0.000014
33384 0.000017
33385 0.000021
33386 0.000020
33387 0.000021
33388 0.000023
33389 0.000023
33390 0.000024
33391 0.000015
33392 0.000021
33393 0.000014
33394 0.000017
33395 0.000021
33396 0.000020
33397 0.000021
33398 0.000023
33399 0.000023
33400 0.000024
33401 0.000015
33402 0.000021
33403 0.000014
33404 0.000017
33405 0.000021
33406 0.000020
33407 0.000021
33408 0.000023
33409 0.000023
33410 0.000024
33411 0.000015
33412 0.000021
33413 0.000014
33414 0.000017
33415 0.000021
33416 0.000020
33417 0.000021
33418 0.000023
33419 0.000023
33420 0.000024
33421 0.000015
33422 0.000021
33423 0.000014
33424 0.000017
33425 0.000021
33426 0.000020
33427 0.000021
33428 0.000023
33429 0.000023
33430 0.000024
33431 0.000015
33432 0.000021
33433 0.000014
33434 0.000017
33435 0.000021
33436 0.000020
33437 0.000021
33438 0.000023
33439 0.000023
33440 0.000024
33441 0.000015
33442 0.000021
33443 0.000014
33444 0.000017
33445 0.000021
33446 0.000020
33447 0.000021
33448 0.000023
33449 0.000023
33450 0.000024
33451 0.000015
33452 0.000021
33453 0.000014
33454 0.000017
33455 0.000021
33456 0.000020
33457 0.000021
33458 0.000023
33459 0.000023
33460 0.000024
33461 0.000015
33462 0.000021
33463 0.000014
33464 0.000017
33465 0.000021
33466 0.000020
33467 0.000021
33468 0.000023
33469 0.000023
33470 0.000024
33471 0.000015
33472 0.000021
33473 0.000014
33474 0.000017
33475 0.000021
33476 0.000020
33477 0.000021
33478 0.000023
33479 0.000023
33480 0.000024
33481 0.000015
33482 0.000021
33483 0.000014
33484 0.000017
33485 0.000021
33486 0.000020
33487 0.000021
33488 0.000023
33489 0.000023
33490 0.000024
33491 0.000015
33492 0.000021
33493 0.000014
33494 0.000017
33495 0.000021
33496 0.000020
33497 0.000021
33498 0.000023
33499 0.000023
33500 0.000024
33501 0.000015
33502 0.000021
33503 0.000014
33504 0.000017
33505 0.000021
33506 0.000020
33507 0.000021
33508 0.000023
33509 0.000023
33510 0.000024
33511 0.000015
33512 0.000021
33513 0.000014
33514 0.000017
33515 0.000021
33516 0.000020
33517 0.000021
33518 0.000023
33519 0.000023
33520 0.000024
33521 0.000015
33522 0.000021
33523 0.000014
33524 0.000017
33525 0.000021
33526 0.000020
33527 0.000021
33528 0.000023
33529 0.000023
33530 0.000024
33531 0.000015
33532 0.000021
33533 0.000014
33534 0.000017
33535 0.000021
33536 0.000020
33537 0.000021
33538 0.000023
33539 0.000023
33540 0.000024
33541 0.000015
33542 0.000021
33543 0.000014
33544 0.000017
33545 0.000021
33546 0.000020
33547 0.000021
33548 0.000023
33549 0.000023
33550 0.000024
33551 0.000015
33552 0.000021
33553 0.000014
33554 0.000017
33555 0.000021
33556 0.000020
33557 0.000021
33558 0.000023
33559 0.000023
33560 0.000024
33561 0.000015
33562 0.000021
33563 0.000014
33564 0.000017
33565 0.000021
33566 0.000020
33567 0.000021
33568 0.000023
33569 0.000023
33570 0.000024
33571 0.000015
33572 0.000021
33573 0.000014
33574 0.000017
33575 0.000021
33576 0.000020
33577 0.000021
33578 0.000023
33579 0.000023
33580 0.000024
33581 0.000015
33582 0.000021
33583 0.000014
33584 0.000017
33585 0.000021
33586 0.000020
33587 0.000021
33588 0.000023
33589 0.000023
33590 0.000024
33591 0.000015
33592 0.000021
33593 0.000014
33594 0.000017
33595 0.000021
33596 0.000020
33597 0.000021
33598 0.000023
33599 0.000023
33600 0.000024
33601 0.000015
33602 0.000021
33603 0.000014
33604 0.000017
33605 0.000021
33606 0.000020
33607 0.000021
33608 0.000023
33609 0.000023
33610 0.000024
33611 0.000015
33612 0.000021
33613 0.000014
33614 0.000017
33615 0.000021
33616 0.000020
33617 0.000021
33618 0.000023
33619 0.000023
33620 0.000024
33621 0.000015
33622 0.000021
33623 0.000014
33624 0.000017
33625 0.000021
33626 0.000020
33627 0.000021
33628 0.000023
33629 0.000023
33630 0.000024
33631 0.000015
33632 0.000021
33633 0.000014
33634 0.000017
33635 0.000021
33636 0.000020
33637 0.000021
33638 0.000023
33639 0.000023
33640 0.000024
33641 0.000015
33642 0.000021
33643 0.000014
33644 0.000017
33645 0.000021
33646 0.000020
33647 0.000021
33648 0.000023
33649 0.000023
33650 0.000024
33651 0.000015
33652 0.000021
33653 0.000014
33654 0.000017
33655 0.000021
33656 0.000020
33657 0.000021
33658 0.000023
33659 0.000023
33660 0.000024
33661 0.000015
33662 0.000021
33663 0.000014
33664 0.000017
33665 0.000021
33666 0.000020
33667 0.000021
33668 0.000023
33669 0.000023
33670 0.000024
33671 0.000015
33672 0.000021
33673 0.000014
33674 0.000017
33675 0.000021
33676 0.000020
33677 0.000021
33678 0.000023
33679 0.000023
33680 0.000024
33681 0.000015
33682 0.000021
33683 0.000014
33684 0.000017
33685 0.000021
33686 0.000020
33687 0.000021
33688 0.000023
33689 0.000023
33690 0.000024
33691 0.000015
33692 0.000021
33693 0.000014
33694 0.000017
33695 0.000021
33696 0.000020
33697 0.000021
33698 0.000023
33699 0.000023
33700 0.000024
33701 0.000015
33702 0.000021
33703 0.000014
33704 0.000017
33705 0.000021
33706 0.000020
33707 0.000021
33708 0.000023
33709 0.000023
33710 0.000024
33711 0.000015
33712 0.000021
33713 0.000014
33714 0.000017
33715 0.000021
33716 0.000020
33717 0.000021
33718 0.000023
33719 0.000023
33720 0.000024
33721 0.000015
33722 0.000021
33723 0.000014
33724 0.000017
33725 0.000021
33726 0.000020
33727 0.000021
33728 0.000023
33729 0.000023
33730 0.000024
33731 0.000015
33732 0.000021
33733 0.000014
33734 0.000017
33735 0.000021
33736 0.000020
33737 0.000021
33738 0.000023
33739 0.000023
33740 0.000024
33741 0.000015
33742 0.000021
33743 0.000014
33744 0.000017
33745 0.000021
33746 0.000020
33747 0.000021
33748 0.000023
33749 0.000023
33750 0.000024
33751 0.000015
33752 0.000021
33753 0.000014
33754 0.000017
33755 0.000021
33756 0.000020
33757 0.000021
33758 0.000023
33759 0.000023
33760 0.000024
33761 0.000015
33762 0.000021
33763 0.000014
33764 0.000017
33765 0.000021
33766 0.000020
33767 0.000021
33768 0.000023
33769 0.000023
33770 0.000024
33771 0.000015
33772 0.000021
33773 0.000014
33774 0.000017
33775 0.000021
33776 0.000020
33777 0.000021
33778 0.000023
33779 0.000023
33780 0.000024
33781 0.000015
33782 0.000021
33783 0.000014
33784 0.000017
33785 0.000021
33786 0.000020
33787 0.000021
33788 0.000023
33789 0.000023
33790 0.000024
33791 0.000015
33792 0.000021
33793 0.000014
33794 0.000017
33795 0.000021
33796 0.000020
33797 0.000021
33798 0.000023
33799 0.000023
33800 0.000024
33801 0.000015
33802 0.000021
33803 0.000014
33804 0.000017
33805 0.000021
33806 0.000020
33807 0.000021
33808 0.000023
33809 0.000023
33810 0.000024
33811 0.000015
33812 0.000021
33813 0.000014
33814 0.000017
33815 0.000021
33816 0.000020
33817 0.000021
33818 0.000023
33819 0.000023
33820 0.000024
33821 0.000015
33822 0.000021
33823 0.000014
33824 0.000017
33825 0.000021
33826 0.000020
33827 0.000021
33828 0.000023
33829 0.000023
33830 0.000024
33831 0.000015
33832 0.000021
33833 0.000014
33834 0.000017
33835 0.000021
33836 0.000020
33837 0.000021
33838 0.000023
33839 0.000023
33840 0.000024
33841 0.000015
33842 0.000021
33843 0.000014
33844 0.000017
33845 0.000021
33846 0.000020
33847 0.000021
33848 0.000023
33849 0.000023
33850 0.000024
33851 0.000015
33852 0.000021
33853 0.000014
33854 0.000017
33855 0.000021
33856 0.000020
33857 0.000021
33858 0.000023
33859 0.000023
33860 0.000024
33861 0.000015
33862 0.000021
33863 0.000014
33864 0.000017
33865 0.000021
33866 0.000020
33867 0.000021
33868 0.000023
33869 0.000023
33870 0.000024
33871 0.000015
33872 0.000021
33873 0.000014
33874 0.000017
33875 0.000021
33876 0.000020
33877 0.000021
33878 0.000023
33879 0.000023
33880 0.000024
33881 0.000015
33882 0.000021
33883 0.000014
33884 0.000017
33885 0.000021
33886 0.000020
33887 0.000021
33888 0.000023
33889 0.000023
33890 0.000024
33891 0.000015
33892 0.000021
33893 0.000014
33894 0.000017
33895 0.000021
33896 0.000020
33897 0.000021
33898 0.000023
33899 0.000023
33900 0.000024
33901 0.000015
33902 0.000021
33903 0.000014
33904 0.000017
33905 0.000021
33906 0.000020
33907 0.000021
33908 0.000023
33909 0.000023
33910 0.000024
33911 0.000015
33912 0.000021
33913 0.000014
33914 0.000017
33915 0.000021
33916 0.000020
33917 0.000021
33918 0.000023
33919 0.000023
33920 0.000024
33921 0.000015
33922 0.000021
33923 0.000014
33924 0.000017
33925 0.000021
33926 0.000020
33927 0.000021
33928 0.000023
33929 0.000023
33930 0.000024
33931 0.000015
33932 0.000021
33933 0.000014
33934 0.000017
33935 0.000021
33936 0.000020
33937 0.000021
33938 0.000023
33939 0.000023
33940 0.000024
33941 0.000015
33942 0.000021
33943 0.000014
33944 0.000017
33945 0.000021
33946 0.000020
33947 0.000021
33948 0.000023
33949 0.000023
33950 0.000024
33951 0.000015
33952 0.000021
33953 0.000014
33954 0.000017
33955 0.000021
33956 0.000020
33957 0.000021
33958 0.000023
33959 0.000023
33960 0.000024
33961 0.000015
33962 0.000021
33963 0.000014
33964 0.000017
33965 0.000021
33966 0.000020
33967 0.000021
33968 0.000023
33969 0.000023
33970 0.000024
33971 0.000015
33972 0.000021
33973 0.000014
33974 0.000017
33975 0.000021
33976 0.000020
33977 0.000021
33978 0.000023
33979 0.000023
33980 0.000024
33981 0.000015
33982 0.000021
33983 0.000014
33984 0.000017
33985 0.000021
33986 0.000020
33987 0.000021
33988 0.000023
33989 0.000023
33990 0.000024
33991 0.000015
33992 0.000021
33993 0.000014
33994 0.000017
33995 0.000021
33996 0.000020
33997 0.000021
33998 0.000023
33999 0.000023
34000 0.000024
34001 0.000015
34002 0.000021
34003 0.000014
34004 0.000017
34005 0.000021
34006 0.000020
34007 0.000021
34008 0.000023
34009 0.000023
34010 0.000024
34011 0.000015
34012 0.000021
34013 0.000014
34014 0.000017
34015 0.000021
34016 0.000020
34017 0.000021
34018 0.000023
34019 0.000023
34020 0.000024
34021 0.000015
34022 0.000021
34023 0.000014
34024 0.000017
34025 0.000021
34026 0.000020
34027 0.000021
34028 0.000023
34029 0.000023
34030 0.000024
34031 0.000015
34032 0.000021
34033 0.000014
34034 0.000017
34035 0.000021
34036 0.000020
34037 0.000021
34038 0.000023
34039 0.000023
34040 0.000024
34041 0.000015
34042 0.000021
34043 0.000014
34044 0.000017
34045 0.000021
34046 0.000020
34047 0.000021
34048 0.000023
34049 0.000023
34050 0.000024
34051 0.000015
34052 0.000021
34053 0.000014
34054 0.000017
34055 0.000021
34056 0.000020
34057 0.000021
34058 0.000023
34059 0.000023
34060 0.000024
34061 0.000015
34062 0.000021
34063 0.000014
34064 0.000017
34065 0.000021
34066 0.000020
34067 0.000021
34068 0.000023
34069 0.000023
34070 0.000024
34071 0.000015
34072 0.000021
34073 0.000014
34074 0.000017
34075 0.000021
34076 0.000020
34077 0.000021
34078 0.000023
34079 0.000023
34080 0.000024
34081 0.000015
34082 0.000021
34083 0.000014
34084 0.000017
34085 0.000021
34086 0.000020
34087 0.000021
34088 0.000023
34089 0.000023
34090 0.000024
34091 0.000015
34092 0.000021
34093 0.000014
34094 0.000017
34095 0.000021
34096 0.000020
34097 0.000021
34098 0.000023
34099 0.000023
34100 0.000024
34101 0.000015
34102 0.000021
34103 0.000014
34104 0.000017
34105 0.000021
34106 0.000020
34107 0.000021
34108 0.000023
34109 0.000023
34110 0.000024
34111 0.000015
34112 0.000021
34113 0.000014
34114 0.000017
34115 0.000021
34116 0.000020
34117 0.000021
34118 0.000023
34119 0.000023
34120 0.000024
34121 0.000015
34122 0.000021
34123 0.000014
34124 0.000017
34125 0.000021
34126 0.000020
34127 0.000021
34128 0.000023
34129 0.000023
34130 0.000024
34131 0.000015
34132 0.000021
34133 0.000014
34134 0.000017
34135 0.000021
34136 0.000020
34137 0.000021
34138 0.000023
34139 0.000023
34140 0.000024
34141 0.000015
34142 0.000021
34143 0.000014
34144 0.000017
34145 0.000021
34146 0.000020
34147 0.000021
34148 0.000023
34149 0.000023
34150 0.000024
34151 0.000015
34152 0.000021
34153 0.000014
34154 0.000017
34155 0.000021
34156 0.000020
34157 0.000021
34158 0.000023
34159 0.000023
34160 0.000024
34161 0.000015
34162 0.000021
34163 0.000014
34164 0.000017
34165 0.000021
34166 0.000020
34167 0.000021
34168 0.000023
34169 0.000023
34170 0.000024
34171 0.000015
34172 0.000021
34173 0.000014
34174 0.000017
34175 0.000021
34176 0.000020
34177 0.000021
34178 0.000023
34179 0.000023
34180 0.000024
34181 0.000015
34182 0.000021
34183 0.000014
34184 0.000017
34185 0.000021
34186 0.000020
34187 0.000021
34188 0.000023
34189 0.000023
34190 0.000024
34191 0.000015
34192 0.000021
34193 0.000014
34194 0.000017
34195 0.000021
34196 0.000020
34197 0.000021
34198 0.000023
34199 0.000023
34200 0.000024
34201 0.000015
34202 0.000021
34203 0.000014
34204 0.000017
34205 0.000021
34206 0.000020
34207 0.000021
34208 0.000023
34209 0.000023
34210 0.000024
34211 0.000015
34212 0.000021
34213 0.000014
34214 0.000017
34215 0.000021
34216 0.000020
34217 0.000021
34218 0.000023
34219 0.000023
34220 0.000024
34221 0.000015
34222 0.000021
34223 0.000014
34224 0.000017
34225 0.000021
34226 0.000020
34227 0.000021
34228 0.000023
34229 0.000023
34230 0.000024
34231 0.000015
34232 0.000021
34233 0.000014
34234 0.000017
34235 0.000021
34236 0.000020
34237 0.000021
34238 0.000023
34239 0.000023
34240 0.000024
34241 0.000015
34242 0.000021
34243 0.000014
34244 0.000017
34245 0.000021
34246 0.000020
34247 0.000021
34248 0.000023
34249 0.000023
34250 0.000024
34251 0.000015
34252 0.000021
34253 0.000014
34254 0.000017
34255 0.000021
34256 0.000020
34257 0.000021
34258 0.000023
34259 0.000023
34260 0.000024
34261 0.000015
34262 0.000021
34263 0.000014
34264 0.000017
34265 0.000021
34266 0.000020
34267 0.000021
34268 0.000023
34269 0.000023
34270 0.000024
34271 0.000015
34272 0.000021
34273 0.000014
34274 0.000017
34275 0.000021
34276 0.000020
34277 0.000021
34278 0.000023
34279 0.000023
34280 0.000024
34281 0.000015
34282 0.000021
34283 0.000014
34284 0.000017
34285 0.000021
34286 0.000020
34287 0.000021
34288 0.000023
34289 0.000023
34290 0.000024
34291 0.000015
34292 0.000021
34293 0.000014
34294 0.000017
34295 0.000021
34296 0.000020
34297 0.000021
34298 0.000023
34299 0.000023
34300 0.000024
34301 0.000015
34302 0.000021
34303 0.000014
34304 0.000017
34305 0.000021
34306 0.000020
34307 0.000021
34308 0.000023
34309 0.000023
34310 0.000024
34311 0.000015
34312 0.000021
34313 0.000014
34314 0.000017
34315 0.000021
34316 0.000020
34317 0.000021
34318 0.000023
34319 0.000023
34320 0.000024
34321 0.000015
34322 0.000021
34323 0.000014
34324 0.000017
34325 0.000021
34326 0.000020
34327 0.000021
34328 0.000023
34329 0.000023
34330 0.000024
34331 0.000015
34332 0.000021
34333 0.000014
34334 0.000017
34335 0.000021
34336 0.000020
34337 0.000021
34338 0.000023
34339 0.000023
34340 0.000024
34341 0.000015
34342 0.000021
34343 0.000014
34344 0.000017
34345 0.000021
34346 0.000020
34347 0.000021
34348 0.000023
34349 0.000023
34350 0.000024
34351 0.000015
34352 0.000021
34353 0.000014
34354 0.000017
34355 0.000021
34356 0.000020
34357 0.000021
34358 0.000023
34359 0.000023
34360 0.000024
34361 0.000015
34362 0.000021
34363 0.000014
34364 0.000017
34365 0.000021
34366 0.000020
34367 0.000021
34368 0.000023
34369 0.000023
34370 0.000024
34371 0.000015
34372 0.000021
34373 0.000014
34374 0.000017
34375 0.000021
34376 0.000020
34377 0.000021
34378 0.000023
34379 0.000023
34380 0.000024
34381 0.000015
34382 0.000021
34383 0.000014
34384 0.000017
34385 0.000021
34386 0.000020
34387 0.000021
34388 0.000023
34389 0.000023
34390 0.000024
34391 0.000015
34392 0.000021
34393 0.000014
34394 0.000017
34395 0.000021
34396 0.000020
34397 0.000021
34398 0.000023
34399 0.000023
34400 0.000024
34401 0.000015
34402 0.000021
34403 0.000014
34404 0.000017
34405 0.000021
34406 0.000020
34407 0.000021
34408 0.000023
34409 0.000023
34410 0.000024
34411 0.000015
34412 0.000021
34413 0.000014
34414 0.000017
34415 0.000021
34416 0.000020
34417 0.000021
34418 0.000023
34419 0.000023
34420 0.000024
34421 0.000015
34422 0.000021
34423 0.000014
34424 0.000017
34425 0.000021
34426 0.000020
34427 0.000021
34428 0.000023
34429 0.000023
34430 0.000024
34431 0.000015
34432 0.000021
34433 0.000014
34434 0.000017
34435 0.000021
34436 0.000020
34437 0.000021
34438 0.000023
34439 0.000023
34440 0.000024
34441 0.000015
34442 0.000021
34443 0.000014
34444 0.000017
34445 0.000021
34446 0.000020
34447 0.000021
34448 0.000023
34449 0.000023
34450 0.000024
34451 0.000015
34452 0.000021
34453 0.000014
34454 0.000017
34455 0.000021
34456 0.000020
34457 0.000021
34458 0.000023
34459 0.000023
34460 0.000024
34461 0.000015
34462 0.000021
34463 0.000014
34464 0.000017
34465 0.000021
34466 0.000020
34467 0.000021
34468 0.000023
34469 0.000023
34470 0.000024
34471 0.000015
34472 0.000021
34473 0.000014
34474 0.000017
34475 0.000021
34476 0.000020
34477 0.000021
34478 0.000023
34479 0.000023
34480 0.000024
34481 0.000015
34482 0.000021
34483 0.000014
34484 0.000017
34485 0.000021
34486 0.000020
34487 0.000021
34488 0.000023
34489 0.000023
34490 0.000024
34491 0.000015
34492 0.000021
34493 0.000014
34494 0.000017
34495 0.000021
34496 0.000020
34497 0.000021
34498 0.000023
34499 0.000023
34500 0.000024
34501 0.000015
34502 0.000021
34503 0.000014
34504 0.000017
34505 0.000021
34506 0.000020
34507 0.000021
34508 0.000023
34509 0.000023
34510 0.000024
34511 0.000015
34512 0.000021
34513 0.000014
34514 0.000017
34515 0.000021
34516 0.000020
34517 0.000021
34518 0.000023
34519 0.000023
34520 0.000024
34521 0.000015
34522 0.000021
34523 0.000014
34524 0.000017
34525 0.000021
34526 0.000020
34527 0.000021
34528 0.000023
34529 0.000023
34530 0.000024
34531 0.000015
34532 0.000021
34533 0.000014
34534 0.000017
34535 0.000021
34536 0.000020
34537 0.000021
34538 0.000023
34539 0.000023
34540 0.000024
34541 0.000015
34542 0.000021
34543 0.000014
34544 0.000017
34545 0.000021
34546 0.000020
34547 0.000021
34548 0.000023
34549 0.000023
34550 0.000024
34551 0.000015
34552 0.000021
34553 0.000014
34554 0.000017
34555 0.000021
34556 0.000020
34557 0.000021
34558 0.000023
34559 0.000023
34560 0.000024
34561 0.000015
34562 0.000021
34563 0.000014
34564 0.000017
34565 0.000021
34566 0.000020
34567 0.000021
34568 0.000023
34569 0.000023
34570 0.000024
34571 0.000015
34572 0.000021
34573 0.000014
34574 0.000017
34575 0.000021
34576 0.000020
34577 0.000021
34578 0.000023
34579 0.000023
34580 0.000024
34581 0.000015
34582 0.000021
34583 0.000014
34584 0.000017
34585 0.000021
34586 0.000020
34587 0.000021
34588 0.000023
34589 0.000023
34590 0.000024
34591 0.000015
34592 0.000021
34593 0.000014
34594 0.000017
34595 0.000021
34596 0.000020
34597 0.000021
34598 0.000023
34599 0.000023
34600 0.000024
34601 0.000015
34602 0.000021
34603 0.000014
34604 0.000017
34605 0.000021
34606 0.000020
34607 0.000021
34608 0.000023
34609 0.000023
34610 0.000024
34611 0.000015
34612 0.000021
34613 0.000014
34614 0.000017
34615 0.000021
34616 0.000020
34617 0.000021
34618 0.000023
34619 0.000023
34620 0.000024
34621 0.000015
34622 0.000021
34623 0.000014
34624 0.000017
34625 0.000021
34626 0.000020
34627 0.000021
34628 0.000023
34629 0.000023
34630 0.000024
34631 0.000015
34632 0.000021
34633 0.000014
34634 0.000017
34635 0.000021
34636 0.000020
34637 0.000021
34638 0.000023
34639 0.000023
34640 0.000024
34641 0.000015
34642 0.000021
34643 0.000014
34644 0.000017
34645 0.000021
34646 0.000020
34647 0.000021
34648 0.000023
34649 0.000023
34650 0.000024
34651 0.000015
34652 0.000021
34653 0.000014
34654 0.000017
34655 0.000021
34656 0.000020
34657 0.000021
34658 0.000023
34659 0.000023
34660 0.000024
34661 0.000015
34662 0.000021
34663 0.000014
34664 0.000017
34665 0.000021
34666 0.000020
34667 0.000021
34668 0.000023
34669 0.000023
34670 0.000024
34671 0.000015
34672 0.000021
34673 0.000014
34674 0.000017
34675 0.000021
34676 0.000020
34677 0.000021
34678 0.000023
34679 0.000023
34680 0.000024
34681 0.000015
34682 0.000021
34683 0.000014
34684 0.000017
34685 0.000021
34686 0.000020
34687 0.000021
34688 0.000023
34689 0.000023
34690 0.000024
34691 0.000015
34692 0.000021
34693 0.000014
34694 0.000017
34695 0.000021
34696 0.000020
34697 0.000021
34698 0.000023
34699 0.000023
34700 0.000024
34701 0.000015
34702 0.000021
34703 0.000014
34704 0.000017
34705 0.000021
34706 0.000020
34707 0.000021
34708 0.000023
34709 0.000023
34710 0.000024
34711 0.000015
34712 0.000021
34713 0.000014
34714 0.000017
34715 0.000021
34716 0.000020
34717 0.000021
34718 0.000023
34719 0.000023
34720 0.000024
34721 0.000015
34722 0.000021
34723 0.000014
34724 0.000017
34725 0.000021
34726 0.000020
34727 0.000021
34728 0.000023
34729 0.000023
34730 0.000024
34731 0.000015
34732 0.000021
34733 0.000014
34734 0.000017
34735 0.000021
34736 0.000020
34737 0.000021
34738 0.000023
34739 0.000023
34740 0.000024
34741 0.000015
34742 0.000021
34743 0.000014
34744 0.000017
34745 0.000021
34746 0.000020
34747 0.000021
34748 0.000023
34749 0.000023
34750 0.000024
34751 0.000015
34752 0.000021
34753 0.000014
34754 0.000017
34755 0.000021
34756 0.000020
34757 0.000021
34758 0.000023
34759 0.000023
34760 0.000024
34761 0.000015
34762 0.000021
34763 0.000014
34764 0.000017
34765 0.000021
34766 0.000020
34767 0.000021
34768 0.000023
34769 0.000023
34770 0.000024
34771 0.000015
34772 0.000021
34773 0.000014
34774 0.000017
34775 0.000021
34776 0.000020
34777 0.000021
34778 0.000023
34779 0.000023
34780 0.000024
34781 0.000015
34782 0.000021
34783 0.000014
34784 0.000017
34785 0.000021
34786 0.000020
34787 0.000021
34788 0.000023
34789 0.000023
34790 0.000024
34791 0.000015
34792 0.000021
34793 0.000014
34794 0.000017
34795 0.000021
34796 0.000020
34797 0.000021
34798 0.000023
34799 0.000023
34800 0.000024
34801 0.000015
34802 0.000021
34803 0.000014
34804 0.000017
34805 0.000021
34806 0.000020
34807 0.000021
34808 0.000023
34809 0.000023
34810 0.000024
34811 0.000015
34812 0.000021
34813 0.000014
34814 0.000017
34815 0.000021
34816 0.000020
34817 0.000021
34818 0.000023
34819 0.000023
34820 0.000024
34821 0.000015
34822 0.000021
34823 0.000014
34824 0.000017
34825 0.000021
34826 0.000020
34827 0.000021
34828 0.000023
34829 0.000023
34830 0.000024
34831 0.000015
34832 0.000021
34833 0.000014
34834 0.000017
34835 0.000021
34836 0.000020
34837 0.000021
34838 0.000023
34839 0.000023
34840 0.000024
34841 0.000015
34842 0.000021
34843 0.000014
34844 0.000017
34845 0.000021
34846 0.000020
34847 0.000021
34848 0.000023
34849 0.000023
34850 0.000024
34851 0.000015
34852 0.000021
34853 0.000014
34854 0.000017
34855 0.000021
34856 0.000020
34857 0.000021
34858 0.000023
34859 0.000023
34860 0.000024
34861 0.000015
34862 0.000021
34863 0.000014
34864 0.000017
34865 0.000021
34866 0.000020
34867 0.000021
34868 0.000023
34869 0.000023
34870 0.000024
34871 0.000015
34872 0.000021
34873 0.000014
34874 0.000017
34875 0.000021
34876 0.000020
34877 0.000021
34878 0.000023
34879 0.000023
34880 0.000024
34881 0.000015
34882 0.000021
34883 0.000014
34884 0.000017
34885 0.000021
34886 0.000020
34887 0.000021
34888 0.000023
34889 0.000023
34890 0.000024
34891 0.000015
34892 0.000021
34893 0.000014
34894 0.000017
34895 0.000021
34896 0.000020
34897 0.000021
34898 0.000023
34899 0.000023
34900 0.000024
34901 0.000015
34902 0.000021
34903 0.000014
34904 0.000017
34905 0.000021
34906 0.000020
34907 0.000021
34908 0.000023
34909 0.000023
34910 0.000024
34911 0.000015
34912 0.000021
34913 0.000014
34914 0.000017
34915 0.000021
34916 0.000020
34917 0.000021
34918 0.000023
34919 0.000023
34920 0.000024
34921 0.000015
34922 0.000021
34923 0.000014
34924 0.000017
34925 0.000021
34926 0.000020
34927 0.000021
34928 0.000023
34929 0.000023
34930 0.000024
34931 0.000015
34932 0.000021
34933 0.000014
34934 0.000017
34935 0.000021
34936 0.000020
34937 0.000021
34938 0.000023
34939 0.000023
34940 0.000024
34941 0.000015
34942 0.000021
34943 0.000014
34944 0.000017
34945 0.000021
34946 0.000020
34947 0.000021
34948 0.000023
34949 0.000023
34950 0.000024
34951 0.000015
34952 0.000021
34953 0.000014
34954 0.000017
34955 0.000021
34956 0.000020
34957 0.000021
34958 0.000023
34959 0.000023
34960 0.000024
34961 0.000015
34962 0.000021
34963 0.000014
34964 0.000017
34965 0.000021
34966 0.000020
34967 0.000021
34968 0.000023
34969 0.000023
34970 0.000024
34971 0.000015
34972 0.000021
34973 0.000014
34974 0.000017
34975 0.000021
34976 0.000020
34977 0.000021
34978 0.000023
34979 0.000023
34980 0.000024
34981 0.000015
34982 0.000021
34983 0.000014
34984 0.000017
34985 0.000021
34986 0.000020
34987 0.000021
34988 0.000023
34989 0.000023
34990 0.000024
34991 0.000015
34992 0.000021
34993 0.000014
34994 0.000017
34995 0.000021
34996 0.000020
34997 0.000021
34998 0.000023
34999 0.000023
35000 0.000024
35001 0.000015
35002 0.000021
35003 0.000014
35004 0.000017
35005 0.000021
35006 0.000020
35007 0.000021
35008 0.000023
35009 0.000023
35010 0.000024
35011 0.000015
35012 0.000021
35013 0.000014
35014 0.000017
35015 0.000021
35016 0.000020
35017 0.000021
35018 0.000023
35019 0.000023
35020 0.000024
35021 0.000015
35022 0.000021
35023 0.000014
35024 0.000017
35025 0.000021
35026 0.000020
35027 0.000021
35028 0.000023
35029 0.000023
35030 0.000024
35031 0.000015
35032 0.000021
35033 0.000014
35034 0.000017
35035 0.000021
35036 0.000020
35037 0.000021
35038 0.000023
35039 0.000023
35040 0.000024
35041 0.000015
35042 0.000021
35043 0.000014
35044 0.000017
35045 0.000021
35046 0.000020
35047 0.000021
35048 0.000023
35049 0.000023
35050 0.000024
35051 0.000015
35052 0.000021
35053 0.000014
35054 0.000017
35055 0.000021
35056 0.000020
35057 0.000021
35058 0.000023
35059 0.000023
35060 0.000024
35061 0.000015
35062 0.000021
35063 0.000014
35064 0.000017
35065 0.000021
35066 0.000020
35067 0.000021
35068 0.000023
35069 0.000023
35070 0.000024
35071 0.000015
35072 0.000021
35073 0.000014
35074 0.000017
35075 0.000021
35076 0.000020
35077 0.000021
35078 0.000023
35079 0.000023
35080 0.000024
35081 0.000015
35082 0.000021
35083 0.000014
35084 0.000017
35085 0.000021
35086 0.000020
35087 0.000021
35088 0.000023
35089 0.000023
35090 0.000024
35091 0.000015
35092 0.000021
35093 0.000014
35094 0.000017
35095 0.000021
35096 0.000020
35097 0.000021
35098 0.000023
35099 0.000023
35100 0.000024
35101 0.000015
35102 0.000021
35103 0.000014
35104 0.000017
35105 0.000021
35106 0.000020
35107 0.000021
35108 0.000023
35109 0.000023
35110 0.000024
35111 0.000015
35112 0.000021
35113 0.000014
35114 0.000017
35115 0.000021
35116 0.000020
35117 0.000021
35118 0.000023
35119 0.000023
35120 0.000024
35121 0.000015
35122 0.000021
35123 0.000014
35124 0.000017
35125 0.000021
35126 0.000020
35127 0.000021
35128 0.000023
35129 0.000023
35130 0.000024
35131 0.000015
35132 0.000021
35133 0.000014
35134 0.000017
35135 0.000021
35136 0.000020
35137 0.000021
35138 0.000023
35139 0.000023
35140 0.000024
35141 0.000015
35142 0.000021
35143 0.000014
35144 0.000017
35145 0.000021
35146 0.000020
35147 0.000021
35148 0.000023
35149 0.000023
35150 0.000024
35151 0.000015
35152 0.000021
35153 0.000014
35154 0.000017
35155 0.000021
35156 0.000020
35157 0.000021
35158 0.000023
35159 0.000023
35160 0.000024
35161 0.000015
35162 0.000021
35163 0.000014
35164 0.000017
35165 0.000021
35166 0.000020
35167 0.000021
35168 0.000023
35169 0.000023
35170 0.000024
35171 0.000015
35172 0.000021
35173 0.000014
35174 0.000017
35175 0.000021
35176 0.000020
35177 0.000021
35178 0.000023
35179 0.000023
35180 0.000024
35181 0.000015
35182 0.000021
35183 0.000014
35184 0.000017
35185 0.000021
35186 0.000020
35187 0.000021
35188 0.000023
35189 0.000023
35190 0.000024
35191 0.000015
35192 0.000021
35193 0.000014
35194 0.000017
35195 0.000021
35196 0.000020
35197 0.000021
35198 0.000023
35199 0.000023
35200 0.000024
35201 0.000015
35202 0.000021
35203 0.000014
35204 0.000017
35205 0.000021
35206 0.000020
35207 0.000021
35208 0.000023
35209 0.000023
35210 0.000024
35211 0.000015
35212 0.000021
35213 0.000014
35214 0.000017
35215 0.000021
35216 0.000020
35217 0.000021
35218 0.000023
35219 0.000023
35220 0.000024
35221 0.000015
35222 0.000021
35223 0.000014
35224 0.000017
35225 0.000021
35226 0.000020
35227 0.000021
35228 0.000023
35229 0.000023
35230 0.000024
35231 0.000015
35232 0.000021
35233 0.000014
35234 0.000017
35235 0.000021
35236 0.000020
35237 0.000021
35238 0.000023
35239 0.000023
35240 0.000024
35241 0.000015
35242 0.000021
35243 0.000014
35244 0.000017
35245 0.000021
35246 0.000020
35247 0.000021
35248 0.000023
35249 0.000023
35250 0.000024
35251 0.000015
35252 0.000021
35253 0.000014
35254 0.000017
35255 0.000021
35256 0.000020
35257 0.000021
35258 0.000023
35259 0.000023
35260 0.000024
35261 0.000015
35262 0.000021
35263 0.000014
35264 0.000017
35265 0.000021
35266 0.000020
35267 0.000021
35268 0.000023
35269 0.000023
35270 0.000024
35271 0.000015
35272 0.000021
35273 0.000014
35274 0.000017
35275 0.000021
35276 0.000020
35277 0.000021
35278 0.000023
35279 0.000023
35280 0.000024
35281 0.000015
35282 0.000021
35283 0.000014
35284 0.000017
35285 0.000021
35286 0.000020
35287 0.000021
35288 0.000023
35289 0.000023
35290 0.000024
35291 0.000015
35292 0.000021
35293 0.000014
35294 0.000017
35295 0.000021
35296 0.000020
35297 0.000021
35298 0.000023
35299 0.000023
35300 0.000024
35301 0.000015
35302 0.000021
35303 0.000014
35304 0.000017
35305 0.000021
35306 0.000020
35307 0.000021
35308 0.000023
35309 0.000023
35310 0.000024
35311 0.000015
35312 0.000021
35313 0.000014
35314 0.000017
35315 0.000021
35316 0.000020
35317 0.000021
35318 0.000023
35319 0.000023
35320 0.000024
35321 0.000015
35322 0.000021
35323 0.000014
35324 0.000017
35325 0.000021
35326 0.000020
35327 0.000021
35328 0.000023
35329 0.000023
35330 0.000024
35331 0.000015
35332 0.000021
35333 0.000014
35334 0.000017
35335 0.000021
35336 0.000020
35337 0.000021
35338 0.000023
35339 0.000023
35340 0.000024
35341 0.000015
35342 0.000021
35343 0.000014
35344 0.000017
35345 0.000021
35346 0.000020
35347 0.000021
35348 0.000023
35349 0.000023
35350 0.000024
35351 0.000015
35352 0.000021
35353 0.000014
35354 0.000017
35355 0.000021
35356 0.000020
35357 0.000021
35358 0.000023
35359 0.000023
35360 0.000024
35361 0.000015
35362 0.000021
35363 0.000014
35364 0.000017
35365 0.000021
35366 0.000020
35367 0.000021
35368 0.000023
35369 0.000023
35370 0.000024
35371 0.000015
35372 0.000021
35373 0.000014
35374 0.000017
35375 0.000021
35376 0.000020
35377 0.000021
35378 0.000023
35379 0.000023
35380 0.000024
35381 0.000015
35382 0.000021
35383 0.000014
35384 0.000017
35385 0.000021
35386 0.000020
35387 0.000021
35388 0.000023
35389 0.000023
35390 0.000024
35391 0.000015
35392 0.000021
35393 0.000014
35394 0.000017
35395 0.000021
35396 0.000020
35397 0.000021
35398 0.000023
35399 0.000023
35400 0.000024
35401 0.000015
35402 0.000021
35403 0.000014
35404 0.000017
35405 0.000021
35406 0.000020
35407 0.000021
35408 0.000023
35409 0.000023
35410 0.000024
35411 0.000015
35412 0.000021
35413 0.000014
35414 0.000017
35415 0.000021
35416 0.000020
35417 0.000021
35418 0.000023
35419 0.000023
35420 0.000024
35421 0.000015
35422 0.000021
35423 0.000014
35424 0.000017
35425 0.000021
35426 0.000020
35427 0.000021
35428 0.000023
35429 0.000023
35430 0.000024
35431 0.000015
35432 0.000021
35433 0.000014
35434 0.000017
35435 0.000021
35436 0.000020
35437 0.000021
35438 0.000023
35439 0.000023
35440 0.000024
35441 0.000015
35442 0.000021
35443 0.000014
35444 0.000017
35445 0.000021
35446 0.000020
35447 0.000021
35448 0.000023
35449 0.000023
35450 0.000024
35451 0.000015
35452 0.000021
35453 0.000014
35454 0.000017
35455 0.000021
35456 0.000020
35457 0.000021
35458 0.000023
35459 0.000023
35460 0.000024
35461 0.000015
35462 0.000021
35463 0.000014
35464 0.000017
35465 0.000021
35466 0.000020
35467 0.000021
35468 0.000023
35469 0.000023
35470 0.000024
35471 0.000015
35472 0.000021
35473 0.000014
35474 0.000017
35475 0.000021
35476 0.000020
35477 0.000021
35478 0.000023
35479 0.000023
35480 0.000024
35481 0.000015
35482 0.000021
35483 0.000014
35484 0.000017
35485 0.000021
35486 0.000020
35487 0.000021
35488 0.000023
35489 0.000023
35490 0.000024
35491 0.000015
35492 0.000021
35493 0.000014
35494 0.000017
35495 0.000021
35496 0.000020
35497 0.000021
35498 0.000023
35499 0.000023
35500 0.000024
35501 0.000015
35502 0.000021
35503 0.000014
35504 0.000017
35505 0.000021
35506 0.000020
35507 0.000021
35508 0.000023
35509 0.000023
35510 0.000024
35511 0.000015
35512 0.000021
35513 0.000014
35514 0.000017
35515 0.000021
35516 0.000020
35517 0.000021
35518 0.000023
35519 0.000023
35520 0.000024
35521 0.000015
35522 0.000021
35523 0.000014
35524 0.000017
35525 0.000021
35526 0.000020
35527 0.000021
35528 0.000023
35529 0.000023
35530 0.000024
35531 0.000015
35532 0.000021
35533 0.000014
35534 0.000017
35535 0.000021
35536 0.000020
35537 0.000021
35538 0.000023
35539 0.000023
35540 0.000024
35541 0.000015
35542 0.000021
35543 0.000014
35544 0.000017
35545 0.000021
35546 0.000020
35547 0.000021
35548 0.000023
35549 0.000023
35550 0.000024
35551 0.000015
35552 0.000021
35553 0.000014
35554 0.000017
35555 0.000021
35556 0.000020
35557 0.000021
35558 0.000023
35559 0.000023
35560 0.000024
35561 0.000015
35562 0.000021
35563 0.000014
35564 0.000017
35565 0.000021
35566 0.000020
35567 0.000021
35568 0.000023
35569 0.000023
35570 0.000024
35571 0.000015
35572 0.000021
35573 0.000014
35574 0.000017
35575 0.000021
35576 0.000020
35577 0.000021
35578 0.000023
35579 0.000023
35580 0.000024
35581 0.000015
35582 0.000021
35583 0.000014
35584 0.000017
35585 0.000021
35586 0.000020
35587 0.000021
35588 0.000023
35589 0.000023
35590 0.000024
35591 0.000015
35592 0.000021
35593 0.000014
35594 0.000017
35595 0.000021
35596 0.000020
35597 0.000021
35598 0.000023
35599 0.000023
35600 0.000024
35601 0.000015
35602 0.000021
35603 0.000014
35604 0.000017
35605 0.000021
35606 0.000020
35607 0.000021
35608 0.000023
35609 0.000023
35610 0.000024
35611 0.000015
35612 0.000021
35613 0.000014
35614 0.000017
35615 0.000021
35616 0.000020
35617 0.000021
35618 0.000023
35619 0.000023
35620 0.000024
35621 0.000015
35622 0.000021
35623 0.000014
35624 0.000017
35625 0.000021
35626 0.000020
35627 0.000021
35628 0.000023
35629 0.000023
35630 0.000024
35631 0.000015
35632 0.000021
35633 0.000014
35634 0.000017
35635 0.000021
35636 0.000020
35637 0.000021
35638 0.000023
35639 0.000023
35640 0.000024
35641 0.000015
35642 0.000021
35643 0.000014
35644 0.000017
35645 0.000021
35646 0.000020
35647 0.000021
35648 0.000023
35649 0.000023
35650 0.000024
35651 0.000015
35652 0.000021
35653 0.000014
35654 0.000017
35655 0.000021
35656 0.000020
35657 0.000021
35658 0.000023
35659 0.000023
35660 0.000024
35661 0.000015
35662 0.000021
35663 0.000014
35664 0.000017
35665 0.000021
35666 0.000020
35667 0.000021
35668 0.000023
35669 0.000023
35670 0.000024
35671 0.000015
35672 0.000021
35673 0.000014
35674 0.000017
35675 0.000021
35676 0.000020
35677 0.000021
35678 0.000023
35679 0.000023
35680 0.000024
35681 0.000015
35682 0.000021
35683 0.000014
35684 0.000017
35685 0.000021
35686 0.000020
35687 0.000021
35688 0.000023
35689 0.000023
35690 0.000024
35691 0.000015
35692 0.000021
35693 0.000014
35694 0.000017
35695 0.000021
35696 0.000020
35697 0.000021
35698 0.000023
35699 0.000023
35700 0.000024
35701 0.000015
35702 0.000021
35703 0.000014
35704 0.000017
35705 0.000021
35706 0.000020
35707 0.000021
35708 0.000023
35709 0.000023
35710 0.000024
35711 0.000015
35712 0.000021
35713 0.000014
35714 0.000017
35715 0.000021
35716 0.000020
35717 0.000021
35718 0.000023
35719 0.000023
35720 0.000024
35721 0.000015
35722 0.000021
35723 0.000014
35724 0.000017
35725 0.000021
35726 0.000020
35727 0.000021
35728 0.000023
35729 0.000023
35730 0.000024
35731 0.000015
35732 0.000021
35733 0.000014
35734 0.000017
35735 0.000021
35736 0.000020
35737 0.000021
35738 0.000023
35739 0.000023
35740 0.000024
35741 0.000015
35742 0.000021
35743 0.000014
35744 0.000017
35745 0.000021
35746 0.000020
35747 0.000021
35748 0.000023
35749 0.000023
35750 0.000024
35751 0.000015
35752 0.000021
35753 0.000014
35754 0.000017
35755 0.000021
35756 0.000020
35757 0.000021
35758 0.000023
35759 0.000023
35760 0.000024
35761 0.000015
35762 0.000021
35763 0.000014
35764 0.000017
35765 0.000021
35766 0.000020
35767 0.000021
35768 0.000023
35769 0.000023
35770 0.000024
35771 0.000015
35772 0.000021
35773 0.000014
35774 0.000017
35775 0.000021
35776 0.000020
35777 0.000021
35778 0.000023
35779 0.000023
35780 0.000024
35781 0.000015
35782 0.000021
35783 0.000014
35784 0.000017
35785 0.000021
35786 0.000020
35787 0.000021
35788 0.000023
35789 0.000023
35790 0.000024
35791 0.000015
35792 0.000021
35793 0.000014
35794 0.000017
35795 0.000021
35796 0.000020
35797 0.000021
35798 0.000023
35799 0.000023
35800 0.000024
35801 0.000015
35802 0.000021
35803 0.000014
35804 0.000017
35805 0.000021
35806 0.000020
35807 0.000021
35808 0.000023
35809 0.000023
35810 0.000024
35811 0.000015
35812 0.000021
35813 0.000014
35814 0.000017
35815 0.000021
35816 0.000020
35817 0.000021
35818 0.000023
35819 0.000023
35820 0.000024
35821 0.000015
35822 0.000021
35823 0.000014
35824 0.000017
35825 0.000021
35826 0.000020
35827 0.000021
35828 0.000023
35829 0.000023
35830 0.000024
35831 0.000015
35832 0.000021
35833 0.000014
35834 0.000017
35835 0.000021
35836 0.000020
35837 0.000021
35838 0.000023
35839 0.000023
35840 0.000024
35841 0.000015
35842 0.000021
35843 0.000014
35844 0.000017
35845 0.000021
35846 0.000020
35847 0.000021
35848 0.000023
35849 0.000023
35850 0.000024
35851 0.000015
35852 0.000021
35853 0.000014
35854 0.000017
35855 0.000021
35856 0.000020
35857 0.000021
35858 0.000023
35859 0.000023
35860 0.000024
35861 0.000015
35862 0.000021
35863 0.000014
35864 0.000017
35865 0.000021
35866 0.000020
35867 0.000021
35868 0.000023
35869 0.000023
35870 0.000024
35871 0.000015
35872 0.000021
35873 0.000014
35874 0.000017
35875 0.000021
35876 0.000020
35877 0.000021
35878 0.000023
35879 0.000023
35880 0.000024
35881 0.000015
35882 0.000021
35883 0.000014
35884 0.000017
35885 0.000021
35886 0.000020
35887 0.000021
35888 0.000023
35889 0.000023
35890 0.000024
35891 0.000015
35892 0.000021
35893 0.000014
35894 0.000017
35895 0.000021
35896 0.000020
35897 0.000021
35898 0.000023
35899 0.000023
35900 0.000024
35901 0.000015
35902 0.000021
35903 0.000014
35904 0.000017
35905 0.000021
35906 0.000020
35907 0.000021
35908 0.000023
35909 0.000023
35910 0.000024
35911 0.000015
35912 0.000021
35913 0.000014
35914 0.000017
35915 0.000021
35916 0.000020
35917 0.000021
35918 0.000023
35919 0.000023
35920 0.000024
35921 0.000015
35922 0.000021
35923 0.000014
35924 0.000017
35925 0.000021
35926 0.000020
35927 0.000021
35928 0.000023
35929 0.000023
35930 0.000024
35931 0.000015
35932 0.000021
35933 0.000014
35934 0.000017
35935 0.000021
35936 0.000020
35937 0.000021
35938 0.000023
35939 0.000023
35940 0.000024
35941 0.000015
35942 0.000021
35943 0.000014
35944 0.000017
35945 0.000021
35946 0.000020
35947 0.000021
35948 0.000023
35949 0.000023
35950 0.000024
35951 0.000015
35952 0.000021
35953 0.000014
35954 0.000017
35955 0.000021
35956 0.000020
35957 0.000021
35958 0.000023
35959 0.000023
35960 0.000024
35961 0.000015
35962 0.000021
35963 0.000014
35964 0.000017
35965 0.000021
35966 0.000020
35967 0.000021
35968 0.000023
35969 0.000023
35970 0.000024
35971 0.000015
35972 0.000021
35973 0.000014
35974 0.000017
35975 0.000021
35976 0.000020
35977 0.000021
35978 0.000023
35979 0.000023
35980 0.000024
35981 0.000015
35982 0.000021
35983 0.000014
35984 0.000017
35985 0.000021
35986 0.000020
35987 0.000021
35988 0.000023
35989 0.000023
35990 0.000024
35991 0.000015
35992 0.000021
35993 0.000014
35994 0.000017
35995 0.000021
35996 0.000020
35997 0.000021
35998 0.000023
35999 0.000023
36000 0.000024
36001 0.000015
36002 0.000021
36003 0.000014
36004 0.000017
36005 0.000021
36006 0.000020
36007 0.000021
36008 0.000023
36009 0.000023
36010 0.000024
36011 0.000015
36012 0.000021
36013 0.000014
36014 0.000017
36015 0.000021
36016 0.000020
36017 0.000021
36018 0.000023
36019 0.000023
36020 0.000024
36021 0.000015
36022 0.000021
36023 0.000014
36024 0.000017
36025 0.000021
36026 0.000020
36027 0.000021
36028 0.000023
36029 0.000023
36030 0.000024
36031 0.000015
36032 0.000021
36033 0.000014
36034 0.000017
36035 0.000021
36036 0.000020
36037 0.000021
36038 0.000023
36039 0.000023
36040 0.000024
36041 0.000015
36042 0.000021
36043 0.000014
36044 0.000017
36045 0.000021
36046 0.000020
36047 0.000021
36048 0.000023
36049 0.000023
36050 0.000024
36051 0.000015
36052 0.000021
36053 0.000014
36054 0.000017
36055 0.000021
36056 0.000020
36057 0.000021
36058 0.000023
36059 0.000023
36060 0.000024
36061 0.000015
36062 0.000021
36063 0.000014
36064 0.000017
36065 0.000021
36066 0.000020
36067 0.000021
36068 0.000023
36069 0.000023
36070 0.000024
36071 0.000015
36072 0.000021
36073 0.000014
36074 0.000017
36075 0.000021
36076 0.000020
36077 0.000021
36078 0.000023
36079 0.000023
36080 0.000024
36081 0.000015
36082 0.000021
36083 0.000014
36084 0.000017
36085 0.000021
36086 0.000020
36087 0.000021
36088 0.000023
36089 0.000023
36090 0.000024
36091 0.000015
36092 0.000021
36093 0.000014
36094 0.000017
36095 0.000021
36096 0.000020
36097 0.000021
36098 0.000023
36099 0.000023
36100 0.000024
36101 0.000015
36102 0.000021
36103 0.000014
36104 0.000017
36105 0.000021
36106 0.000020
36107 0.000021
36108 0.000023
36109 0.000023
36110 0.000024
36111 0.000015
36112 0.000021
36113 0.000014
36114 0.000017
36115 0.000021
36116 0.000020
36117 0.000021
36118 0.000023
36119 0.000023
36120 0.000024
36121 0.000015
36122 0.000021
36123 0.000014
36124 0.000017
36125 0.000021
36126 0.000020
36127 0.000021
36128 0.000023
36129 0.000023
36130 0.000024
36131 0.000015
36132 0.000021
36133 0.000014
36134 0.000017
36135 0.000021
36136 0.000020
36137 0.000021
36138 0.000023
36139 0.000023
36140 0.000024
36141 0.000015
36142 0.000021
36143 0.000014
36144 0.000017
36145 0.000021
36146 0.000020
36147 0.000021
36148 0.000023
36149 0.000023
36150 0.000024
36151 0.000015
36152 0.000021
36153 0.000014
36154 0.000017
36155 0.000021
36156 0.000020
36157 0.000021
36158 0.000023
36159 0.000023
36160 0.000024
36161 0.000015
36162 0.000021
36163 0.000014
36164 0.000017
36165 0.000021
36166 0.000020
36167 0.000021
36168 0.000023
36169 0.000023
36170 0.000024
36171 0.000015
36172 0.000021
36173 0.000014
36174 0.000017
36175 0.000021
36176 0.000020
36177 0.000021
36178 0.000023
36179 0.000023
36180 0.000024
36181 0.000015
36182 0.000021
36183 0.000014
36184 0.000017
36185 0.000021
36186 0.000020
36187 0.000021
36188 0.000023
36189 0.000023
36190 0.000024
36191 0.000015
36192 0.000021
36193 0.000014
36194 0.000017
36195 0.000021
36196 0.000020
36197 0.000021
36198 0.000023
36199 0.000023
36200 0.000024
36201 0.000015
36202 0.000021
36203 0.000014
36204 0.000017
36205 0.000021
36206 0.000020
36207 0.000021
36208 0.000023
36209 0.000023
36210 0.000024
36211 0.000015
36212 0.000021
36213 0.000014
36214 0.000017
36215 0.000021
36216 0.000020
36217 0.000021
36218 0.000023
36219 0.000023
36220 0.000024
36221 0.000015
36222 0.000021
36223 0.000014
36224 0.000017
36225 0.000021
36226 0.000020
36227 0.000021
36228 0.000023
36229 0.000023
36230 0.000024
36231 0.000015
36232 0.000021
36233 0.000014
36234 0.000017
36235 0.000021
36236 0.000020
36237 0.000021
36238 0.000023
36239 0.000023
36240 0.000024
36241 0.000015
36242 0.000021
36243 0.000014
36244 0.000017
36245 0.000021
36246 0.000020
36247 0.000021
36248 0.000023
36249 0.000023
36250 0.000024
36251 0.000015
36252 0.000021
36253 0.000014
36254 0.000017
36255 0.000021
36256 0.000020
36257 0.000021
36258 0.000023
36259 0.000023
36260 0.000024
36261 0.000015
36262 0.000021
36263 0.000014
36264 0.000017
36265 0.000021
36266 0.000020
36267 0.000021
36268 0.000023
36269 0.000023
36270 0.000024
36271 0.000015
36272 0.000021
36273 0.000014
36274 0.000017
36275 0.000021
36276 0.000020
36277 0.000021
36278 0.000023
36279 0.000023
36280 0.000024
36281 0.000015
36282 0.000021
36283 0.000014
36284 0.000017
36285 0.000021
36286 0.000020
36287 0.000021
36288 0.000023
36289 0.000023
36290 0.000024
36291 0.000015
36292 0.000021
36293 0.000014
36294 0.000017
36295 0.000021
36296 0.000020
36297 0.000021
36298 0.000023
36299 0.000023
36300 0.000024
36301 0.000015
36302 0.000021
36303 0.000014
36304 0.000017
36305 0.000021
36306 0.000020
36307 0.000021
36308 0.000023
36309 0.000023
36310 0.000024
36311 0.000015
36312 0.000021
36313 0.000014
36314 0.000017
36315 0.000021
36316 0.000020
36317 0.000021
36318 0.000023
36319 0.000023
36320 0.000024
36321 0.000015
36322 0.000021
36323 0.000014
36324 0.000017
36325 0.000021
36326 0.000020
36327 0.000021
36328 0.000023
36329 0.000023
36330 0.000024
36331 0.000015
36332 0.000021
36333 0.000014
36334 0.000017
36335 0.000021
36336 0.000020
36337 0.000021
36338 0.000023
36339 0.000023
36340 0.000024
36341 0.000015
36342 0.000021
36343 0.000014
36344 0.000017
36345 0.000021
36346 0.000020
36347 0.000021
36348 0.000023
36349 0.000023
36350 0.000024
36351 0.000015
36352 0.000021
36353 0.000014
36354 0.000017
36355 0.000021
36356 0.000020
36357 0.000021
36358 0.000023
36359 0.000023
36360 0.000024
36361 0.000015
36362 0.000021
36363 0.000014
36364 0.000017
36365 0.000021
36366 0.000020
36367 0.000021
36368 0.000023
36369 0.000023
36370 0.000024
36371 0.000015
36372 0.000021
36373 0.000014
36374 0.000017
36375 0.000021
36376 0.000020
36377 0.000021
36378 0.000023
36379 0.000023
36380 0.000024
36381 0.000015
36382 0.000021
36383 0.000014
36384 0.000017
36385 0.000021
36386 0.000020
36387 0.000021
36388 0.000023
36389 0.000023
36390 0.000024
36391 0.000015
36392 0.000021
36393 0.000014
36394 0.000017
36395 0.000021
36396 0.000020
36397 0.000021
36398 0.000023
36399 0.000023
36400 0.000024
36401 0.000015
36402 0.000021
36403 0.000014
36404 0.000017
36405 0.000021
36406 0.000020
36407 0.000021
36408 0.000023
36409 0.000023
36410 0.000024
36411 0.000015
36412 0.000021
36413 0.000014
36414 0.000017
36415 0.000021
36416 0.000020
36417 0.000021
36418 0.000023
36419 0.000023
36420 0.000024
36421 0.000015
36422 0.000021
36423 0.000014
36424 0.000017
36425 0.000021
36426 0.000020
36427 0.000021
36428 0.000023
36429 0.000023
36430 0.000024
36431 0.000015
36432 0.000021
36433 0.000014
36434 0.000017
36435 0.000021
36436 0.000020
36437 0.000021
36438 0.000023
36439 0.000023
36440 0.000024
36441 0.000015
36442 0.000021
36443 0.000014
36444 0.000017
36445 0.000021
36446 0.000020
36447 0.000021
36448 0.000023
36449 0.000023
36450 0.000024
36451 0.000015
36452 0.000021
36453 0.000014
36454 0.000017
36455 0.000021
36456 0.000020
36457 0.000021
36458 0.000023
36459 0.000023
36460 0.000024
36461 0.000015
36462 0.000021
36463 0.000014
36464 0.000017
36465 0.000021
36466 0.000020
36467 0.000021
36468 0.000023
36469 0.000023
36470 0.000024
36471 0.000015
36472 0.000021
36473 0.000014
36474 0.000017
36475 0.000021
36476 0.000020
36477 0.000021
36478 0.000023
36479 0.000023
36480 0.000024
36481 0.000015
36482 0.000021
36483 0.000014
36484 0.000017
36485 0.000021
36486 0.000020
36487 0.000021
36488 0.000023
36489 0.000023
36490 0.000024
36491 0.000015
36492 0.000021
36493 0.000014
36494 0.000017
36495 0.000021
36496 0.000020
36497 0.000021
36498 0.000023
36499 0.000023
36500 0.000024
36501 0.000015
36502 0.000021
36503 0.000014
36504 0.000017
36505 0.000021
36506 0.000020
36507 0.000021
36508 0.000023
36509 0.000023
36510 0.000024
36511 0.000015
36512 0.000021
36513 0.000014
36514 0.000017
36515 0.000021
36516 0.000020
36517 0.000021
36518 0.000023
36519 0.000023
36520 0.000024
36521 0.000015
36522 0.000021
36523 0.000014
36524 0.000017
36525 0.000021
36526 0.000020
36527 0.000021
36528 0.000023
36529 0.000023
36530 0.000024
36531 0.000015
36532 0.000021
36533 0.000014
36534 0.000017
36535 0.000021
36536 0.000020
36537 0.000021
36538 0.000023
36539 0.000023
36540 0.000024
36541 0.000015
36542 0.000021
36543 0.000014
36544 0.000017
36545 0.000021
36546 0.000020
36547 0.000021
36548 0.000023
36549 0.000023
36550 0.000024
36551 0.000015
36552 0.000021
36553 0.000014
36554 0.000017
36555 0.000021
36556 0.000020
36557 0.000021
36558 0.000023
36559 0.000023
36560 0.000024
36561 0.000015
36562 0.000021
36563 0.000014
36564 0.000017
36565 0.000021
36566 0.000020
36567 0.000021
36568 0.000023
36569 0.000023
36570 0.000024
36571 0.000015
36572 0.000021
36573 0.000014
36574 0.000017
36575 0.000021
36576 0.000020
36577 0.000021
36578 0.000023
36579 0.000023
36580 0.000024
36581 0.000015
36582 0.000021
36583 0.000014
36584 0.000017
36585 0.000021
36586 0.000020
36587 0.000021
36588 0.000023
36589 0.000023
36590 0.000024
36591 0.000015
36592 0.000021
36593 0.000014
36594 0.000017
36595 0.000021
36596 0.000020
36597 0.000021
36598 0.000023
36599 0.000023
36600 0.000024
36601 0.000015
36602 0.000021
36603 0.000014
36604 0.000017
36605 0.000021
36606 0.000020
36607 0.000021
36608 0.000023
36609 0.000023
36610 0.000024
36611 0.000015
36612 0.000021
36613 0.000014
36614 0.000017
36615 0.000021
36616 0.000020
36617 0.000021
36618 0.000023
36619 0.000023
36620 0.000024
36621 0.000015
36622 0.000021
36623 0.000014
36624 0.000017
36625 0.000021
36626 0.000020
36627 0.000021
36628 0.000023
36629 0.000023
36630 0.000024
36631 0.000015
36632 0.000021
36633 0.000014
36634 0.000017
36635 0.000021
36636 0.000020
36637 0.000021
36638 0.000023
36639 0.000023
36640 0.000024
36641 0.000015
36642 0.000021
36643 0.000014
36644 0.000017
36645 0.000021
36646 0.000020
36647 0.000021
36648 0.000023
36649 0.000023
36650 0.000024
36651 0.000015
36652 0.000021
36653 0.000014
36654 0.000017
36655 0.000021
36656 0.000020
36657 0.000021
36658 0.000023
36659 0.000023
36660 0.000024
36661 0.000015
36662 0.000021
36663 0.000014
36664 0.000017
36665 0.000021
36666 0.000020
36667 0.000021
36668 0.000023
36669 0.000023
36670 0.000024
36671 0.000015
36672 0.000021
36673 0.000014
36674 0.000017
36675 0.000021
36676 0.000020
36677 0.000021
36678 0.000023
36679 0.000023
36680 0.000024
36681 0.000015
36682 0.000021
36683 0.000014
36684 0.000017
36685 0.000021
36686 0.000020
36687 0.000021
36688 0.000023
36689 0.000023
36690 0.000024
36691 0.000015
36692 0.000021
36693 0.000014
36694 0.000017
36695 0.000021
36696 0.000020
36697 0.000021
36698 0.000023
36699 0.000023
36700 0.000024
36701 0.000015
36702 0.000021
36703 0.000014
36704 0.000017
36705 0.000021
36706 0.000020
36707 0.000021
36708 0.000023
36709 0.000023
36710 0.000024
36711 0.000015
36712 0.000021
36713 0.000014
36714 0.000017
36715 0.000021
36716 0.000020
36717 0.000021
36718 0.000023
36719 0.000023
36720 0.000024
36721 0.000015
36722 0.000021
36723 0.000014
36724 0.000017
36725 0.000021
36726 0.000020
36727 0.000021
36728 0.000023
36729 0.000023
36730 0.000024
36731 0.000015
36732 0.000021
36733 0.000014
36734 0.000017
36735 0.000021
36736 0.000020
36737 0.000021
36738 0.000023
36739 0.000023
36740 0.000024
36741 0.000015
36742 0.000021
36743 0.000014
36744 0.000017
36745 0.000021
36746 0.000020
36747 0.000021
36748 0.000023
36749 0.000023
36750 0.000024
36751 0.000015
36752 0.000021
36753 0.000014
36754 0.000017
36755 0.000021
36756 0.000020
36757 0.000021
36758 0.000023
36759 0.000023
36760 0.000024
36761 0.000015
36762 0.000021
36763 0.000014
36764 0.000017
36765 0.000021
36766 0.000020
36767 0.000021
36768 0.000023
36769 0.000023
36770 0.000024
36771 0.000015
36772 0.000021
36773 0.000014
36774 0.000017
36775 0.000021
36776 0.000020
36777 0.000021
36778 0.000023
36779 0.000023
36780 0.000024
36781 0.000015
36782 0.000021
36783 0.000014
36784 0.000017
36785 0.000021
36786 0.000020
36787 0.000021
36788 0.000023
36789 0.000023
36790 0.000024
36791 0.000015
36792 0.000021
36793 0.000014
36794 0.000017
36795 0.000021
36796 0.000020
36797 0.000021
36798 0.000023
36799 0.000023
36800 0.000024
36801 0.000015
36802 0.000021
36803 0.000014
36804 0.000017
36805 0.000021
36806 0.000020
36807 0.000021
36808 0.000023
36809 0.000023
36810 0.000024
36811 0.000015
36812 0.000021
36813 0.000014
36814 0.000017
36815 0.000021
36816 0.000020
36817 0.000021
36818 0.000023
36819 0.000023
36820 0.000024
36821 0.000015
36822 0.000021
36823 0.000014
36824 0.000017
36825 0.000021
36826 0.000020
36827 0.000021
36828 0.000023
36829 0.000023
36830 0.000024
36831 0.000015
36832 0.000021
36833 0.000014
36834 0.000017
36835 0.000021
36836 0.000020
36837 0.000021
36838 0.000023
36839 0.000023
36840 0.000024
36841 0.000015
36842 0.000021
36843 0.000014
36844 0.000017
36845 0.000021
36846 0.000020
36847 0.000021
36848 0.000023
36849 0.000023
36850 0.000024
36851 0.000015
36852 0.000021
36853 0.000014
36854 0.000017
36855 0.000021
36856 0.000020
36857 0.000021
36858 0.000023
36859 0.000023
36860 0.000024
36861 0.000015
36862 0.000021
36863 0.000014
36864 0.000017
36865 0.000021
36866 0.000020
36867 0.000021
36868 0.000023
36869 0.000023
36870 0.000024
36871 0.000015
36872 0.000021
36873 0.000014
36874 0.000017
36875 0.000021
36876 0.000020
36877 0.000021
36878 0.000023
36879 0.000023
36880 0.000024
36881 0.000015
36882 0.000021
36883 0.000014
36884 0.000017
36885 0.000021
36886 0.000020
36887 0.000021
36888 0.000023
36889 0.000023
36890 0.000024
36891 0.000015
36892 0.000021
36893 0.000014
36894 0.000017
36895 0.000021
36896 0.000020
36897 0.000021
36898 0.000023
36899 0.000023
36900 0.000024
36901 0.000015
36902 0.000021
36903 0.000014
36904 0.000017
36905 0.000021
36906 0.000020
36907 0.000021
36908 0.000023
36909 0.000023
36910 0.000024
36911 0.000015
36912 0.000021
36913 0.000014
36914 0.000017
36915 0.000021
36916 0.000020
36917 0.000021
36918 0.000023
36919 0.000023
36920 0.000024
36921 0.000015
36922 0.000021
36923 0.000014
36924 0.000017
36925 0.000021
36926 0.000020
36927 0.000021
36928 0.000023
36929 0.000023
36930 0.000024
36931 0.000015
36932 0.000021
36933 0.000014
36934 0.000017
36935 0.000021
36936 0.000020
36937 0.000021
36938 0.000023
36939 0.000023
36940 0.000024
36941 0.000015
36942 0.000021
36943 0.000014
36944 0.000017
36945 0.000021
36946 0.000020
36947 0.000021
36948 0.000023
36949 0.000023
36950 0.000024
36951 0.000015
36952 0.000021
36953 0.000014
36954 0.000017
36955 0.000021
36956 0.000020
36957 0.000021
36958 0.000023
36959 0.000023
36960 0.000024
36961 0.000015
36962 0.000021
36963 0.000014
36964 0.000017
36965 0.000021
36966 0.000020
36967 0.000021
36968 0.000023
36969 0.000023
36970 0.000024
36971 0.000015
36972 0.000021
36973 0.000014
36974 0.000017
36975 0.000021
36976 0.000020
36977 0.000021
36978 0.000023
36979 0.000023
36980 0.000024
36981 0.000015
36982 0.000021
36983 0.000014
36984 0.000017
36985 0.000021
36986 0.000020
36987 0.000021
36988 0.000023
36989 0.000023
36990 0.000024
36991 0.000015
36992 0.000021
36993 0.000014
36994 0.000017
36995 0.000021
36996 0.000020
36997 0.000021
36998 0.000023
36999 0.000023
37000 0.000024
37001 0.000015
37002 0.000021
37003 0.000014
37004 0.000017
37005 0.000021
37006 0.000020
37007 0.000021
37008 0.000023
37009 0.000023
37010 0.000024
37011 0.000015
37012 0.000021
37013 0.000014
37014 0.000017
37015 0.000021
37016 0.000020
37017 0.000021
37018 0.000023
37019 0.000023
37020 0.000024
37021 0.000015
37022 0.000021
37023 0.000014
37024 0.000017
37025 0.000021
37026 0.000020
37027 0.000021
37028 0.000023
37029 0.000023
37030 0.000024
37031 0.000015
37032 0.000021
37033 0.000014
37034 0.000017
37035 0.000021
37036 0.000020
37037 0.000021
37038 0.000023
37039 0.000023
37040 0.000024
37041 0.000015
37042 0.000021
37043 0.000014
37044 0.000017
37045 0.000021
37046 0.000020
37047 0.000021
37048 0.000023
37049 0.000023
37050 0.000024
37051 0.000015
37052 0.000021
37053 0.000014
37054 0.000017
37055 0.000021
37056 0.000020
37057 0.000021
37058 0.000023
37059 0.000023
37060 0.000024
37061 0.000015
37062 0.000021
37063 0.000014
37064 0.000017
37065 0.000021
37066 0.000020
37067 0.000021
37068 0.000023
37069 0.000023
37070 0.000024
37071 0.000015
37072 0.000021
37073 0.000014
37074 0.000017
37075 0.000021
37076 0.000020
37077 0.000021
37078 0.000023
37079 0.000023
37080 0.000024
37081 0.000015
37082 0.000021
37083 0.000014
37084 0.000017
37085 0.000021
37086 0.000020
37087 0.000021
37088 0.000023
37089 0.000023
37090 0.000024
37091 0.000015
37092 0.000021
37093 0.000014
37094 0.000017
37095 0.000021
37096 0.000020
37097 0.000021
37098 0.000023
37099 0.000023
37100 0.000024
37101 0.000015
37102 0.000021
37103 0.000014
37104 0.000017
37105 0.000021
37106 0.000020
37107 0.000021
37108 0.000023
37109 0.000023
37110 0.000024
37111 0.000015
37112 0.000021
37113 0.000014
37114 0.000017
37115 0.000021
37116 0.000020
37117 0.000021
37118 0.000023
37119 0.000023
37120 0.000024
37121 0.000015
37122 0.000021
37123 0.000014
37124 0.000017
37125 0.000021
37126 0.000020
37127 0.000021
37128 0.000023
37129 0.000023
37130 0.000024
37131 0.000015
37132 0.000021
37133 0.000014
37134 0.000017
37135 0.000021
37136 0.000020
37137 0.000021
37138 0.000023
37139 0.000023
37140 0.000024
37141 0.000015
37142 0.000021
37143 0.000014
37144 0.000017
37145 0.000021
37146 0.000020
37147 0.000021
37148 0.000023
37149 0.000023
37150 0.000024
37151 0.000015
37152 0.000021
37153 0.000014
37154 0.000017
37155 0.000021
37156 0.000020
37157 0.000021
37158 0.000023
37159 0.000023
37160 0.000024
37161 0.000015
37162 0.000021
37163 0.000014
37164 0.000017
37165 0.000021
37166 0.000020
37167 0.000021
37168 0.000023
37169 0.000023
37170 0.000024
37171 0.000015
37172 0.000021
37173 0.000014
37174 0.000017
37175 0.000021
37176 0.000020
37177 0.000021
37178 0.000023
37179 0.000023
37180 0.000024
37181 0.000015
37182 0.000021
37183 0.000014
37184 0.000017
37185 0.000021
37186 0.000020
37187 0.000021
37188 0.000023
37189 0.000023
37190 0.000024
37191 0.000015
37192 0.000021
37193 0.000014
37194 0.000017
37195 0.000021
37196 0.000020
37197 0.000021
37198 0.000023
37199 0.000023
37200 0.000024
37201 0.000015
37202 0.000021
37203 0.000014
37204 0.000017
37205 0.000021
37206 0.000020
37207 0.000021
37208 0.000023
37209 0.000023
37210 0.000024
37211 0.000015
37212 0.000021
37213 0.000014
37214 0.000017
37215 0.000021
37216 0.000020
37217 0.000021
37218 0.000023
37219 0.000023
37220 0.000024
37221 0.000015
37222 0.000021
37223 0.000014
37224 0.000017
37225 0.000021
37226 0.000020
37227 0.000021
37228 0.000023
37229 0.000023
37230 0.000024
37231 0.000015
37232 0.000021
37233 0.000014
37234 0.000017
37235 0.000021
37236 0.000020
37237 0.000021
37238 0.000023
37239 0.000023
37240 0.000024
37241 0.000015
37242 0.000021
37243 0.000014
37244 0.000017
37245 0.000021
37246 0.000020
37247 0.000021
37248 0.000023
37249 0.000023
37250 0.000024
37251 0.000015
37252 0.000021
37253 0.000014
37254 0.000017
37255 0.000021
37256 0.000020
37257 0.000021
37258 0.000023
37259 0.000023
37260 0.000024
37261 0.000015
37262 0.000021
37263 0.000014
37264 0.000017
37265 0.000021
37266 0.000020
37267 0.000021
37268 0.000023
37269 0.000023
37270 0.000024
37271 0.000015
37272 0.000021
37273 0.000014
37274 0.000017
37275 0.000021
37276 0.000020
37277 0.000021
37278 0.000023
37279 0.000023
37280 0.000024
37281 0.000015
37282 0.000021
37283 0.000014
37284 0.000017
37285 0.000021
37286 0.000020
37287 0.000021
37288 0.000023
37289 0.000023
37290 0.000024
37291 0.000015
37292 0.000021
37293 0.000014
37294 0.000017
37295 0.000021
37296 0.000020
37297 0.000021
37298 0.000023
37299 0.000023
37300 0.000024
37301 0.000015
37302 0.000021
37303 0.000014
37304 0.000017
37305 0.000021
37306 0.000020
37307 0.000021
37308 0.000023
37309 0.000023
37310 0.000024
37311 0.000015
37312 0.000021
37313 0.000014
37314 0.000017
37315 0.000021
37316 0.000020
37317 0.000021
37318 0.000023
37319 0.000023
37320 0.000024
37321 0.000015
37322 0.000021
37323 0.000014
37324 0.000017
37325 0.000021
37326 0.000020
37327 0.000021
37328 0.000023
37329 0.000023
37330 0.000024
37331 0.000015
37332 0.000021
37333 0.000014
37334 0.000017
37335 0.000021
37336 0.000020
37337 0.000021
37338 0.000023
37339 0.000023
37340 0.000024
37341 0.000015
37342 0.000021
37343 0.000014
37344 0.000017
37345 0.000021
37346 0.000020
37347 0.000021
37348 0.000023
37349 0.000023
37350 0.000024
37351 0.000015
37352 0.000021
37353 0.000014
37354 0.000017
37355 0.000021
37356 0.000020
37357 0.000021
37358 0.000023
37359 0.000023
37360 0.000024
37361 0.000015
37362 0.000021
37363 0.000014
37364 0.000017
37365 0.000021
37366 0.000020
37367 0.000021
37368 0.000023
37369 0.000023
37370 0.000024
37371 0.000015
37372 0.000021
37373 0.000014
37374 0.000017
37375 0.000021
37376 0.000020
37377 0.000021
37378 0.000023
37379 0.000023
37380 0.000024
37381 0.000015
37382 0.000021
37383 0.000014
37384 0.000017
37385 0.000021
37386 0.000020
37387 0.000021
37388 0.000023
37389 0.000023
37390 0.000024
37391 0.000015
37392 0.000021
37393 0.000014
37394 0.000017
37395 0.000021
37396 0.000020
37397 0.000021
37398 0.000023
37399 0.000023
37400 0.000024
37401 0.000015
37402 0.000021
37403 0.000014
37404 0.000017
37405 0.000021
37406 0.000020
37407 0.000021
37408 0.000023
37409 0.000023
37410 0.000024
37411 0.000015
37412 0.000021
37413 0.000014
37414 0.000017
37415 0.000021
37416 0.000020
37417 0.000021
37418 0.000023
37419 0.000023
37420 0.000024
37421 0.000015
37422 0.000021
37423 0.000014
37424 0.000017
37425 0.000021
37426 0.000020
37427 0.000021
37428 0.000023
37429 0.000023
37430 0.000024
37431 0.000015
37432 0.000021
37433 0.000014
37434 0.000017
37435 0.000021
37436 0.000020
37437 0.000021
37438 0.000023
37439 0.000023
37440 0.000024
37441 0.000015
37442 0.000021
37443 0.000014
37444 0.000017
37445 0.000021
37446 0.000020
37447 0.000021
37448 0.000023
37449 0.000023
37450 0.000024
37451 0.000015
37452 0.000021
37453 0.000014
37454 0.000017
37455 0.000021
37456 0.000020
37457 0.000021
37458 0.000023
37459 0.000023
37460 0.000024
37461 0.000015
37462 0.000021
37463 0.000014
37464 0.000017
37465 0.000021
37466 0.000020
37467 0.000021
37468 0.000023
37469 0.000023
37470 0.000024
37471 0.000015
37472 0.000021
37473 0.000014
37474 0.000017
37475 0.000021
37476 0.000020
37477 0.000021
37478 0.000023
37479 0.000023
37480 0.000024
37481 0.000015
37482 0.000021
37483 0.000014
37484 0.000017
37485 0.000021
37486 0.000020
37487 0.000021
37488 0.000023
37489 0.000023
37490 0.000024
37491 0.000015
37492 0.000021
37493 0.000014
37494 0.000017
37495 0.000021
37496 0.000020
37497 0.000021
37498 0.000023
37499 0.000023
37500 0.000024
37501 0.000015
37502 0.000021
37503 0.000014
37504 0.000017
37505 0.000021
37506 0.000020
37507 0.000021
37508 0.000023
37509 0.000023
37510 0.000024
37511 0.000015
37512 0.000021
37513 0.000014
37514 0.000017
37515 0.000021
37516 0.000020
37517 0.000021
37518 0.000023
37519 0.000023
37520 0.000024
37521 0.000015
37522 0.000021
37523 0.000014
37524 0.000017
37525 0.000021
37526 0.000020
37527 0.000021
37528 0.000023
37529 0.000023
37530 0.000024
37531 0.000015
37532 0.000021
37533 0.000014
37534 0.000017
37535 0.000021
37536 0.000020
37537 0.000021
37538 0.000023
37539 0.000023
37540 0.000024
37541 0.000015
37542 0.000021
37543 0.000014
37544 0.000017
37545 0.000021
37546 0.000020
37547 0.000021
37548 0.000023
37549 0.000023
37550 0.000024
37551 0.000015
37552 0.000021
37553 0.000014
37554 0.000017
37555 0.000021
37556 0.000020
37557 0.000021
37558 0.000023
37559 0.000023
37560 0.000024
37561 0.000015
37562 0.000021
37563 0.000014
37564 0.000017
37565 0.000021
37566 0.000020
37567 0.000021
37568 0.000023
37569 0.000023
37570 0.000024
37571 0.000015
37572 0.000021
37573 0.000014
37574 0.000017
37575 0.000021
37576 0.000020
37577 0.000021
37578 0.000023
37579 0.000023
37580 0.000024
37581 0.000015
37582 0.000021
37583 0.000014
37584 0.000017
37585 0.000021
37586 0.000020
37587 0.000021
37588 0.000023
37589 0.000023
37590 0.000024
37591 0.000015
37592 0.000021
37593 0.000014
37594 0.000017
37595 0.000021
37596 0.000020
37597 0.000021
37598 0.000023
37599 0.000023
37600 0.000024
37601 0.000015
37602 0.000021
37603 0.000014
37604 0.000017
37605 0.000021
37606 0.000020
37607 0.000021
37608 0.000023
37609 0.000023
37610 0.000024
37611 0.000015
37612 0.000021
37613 0.000014
37614 0.000017
37615 0.000021
37616 0.000020
37617 0.000021
37618 0.000023
37619 0.000023
37620 0.000024
37621 0.000015
37622 0.000021
37623 0.000014
37624 0.000017
37625 0.000021
37626 0.000020
37627 0.000021
37628 0.000023
37629 0.000023
37630 0.000024
37631 0.000015
37632 0.000021
37633 0.000014
37634 0.000017
37635 0.000021
37636 0.000020
37637 0.000021
37638 0.000023
37639 0.000023
37640 0.000024
37641 0.000015
37642 0.000021
37643 0.000014
37644 0.000017
37645 0.000021
37646 0.000020
37647 0.000021
37648 0.000023
37649 0.000023
37650 0.000024
37651 0.000015
37652 0.000021
37653 0.000014
37654 0.000017
37655 0.000021
37656 0.000020
37657 0.000021
37658 0.000023
37659 0.000023
37660 0.000024
37661 0.000015
37662 0.000021
37663 0.000014
37664 0.000017
37665 0.000021
37666 0.000020
37667 0.000021
37668 0.000023
37669 0.000023
37670 0.000024
37671 0.000015
37672 0.000021
37673 0.000014
37674 0.000017
37675 0.000021
37676 0.000020
37677 0.000021
37678 0.000023
37679 0.000023
37680 0.000024
37681 0.000015
37682 0.000021
37683 0.000014
37684 0.000017
37685 0.000021
37686 0.000020
37687 0.000021
37688 0.000023
37689 0.000023
37690 0.000024
37691 0.000015
37692 0.000021
37693 0.000014
37694 0.000017
37695 0.000021
37696 0.000020
37697 0.000021
37698 0.000023
37699 0.000023
37700 0.000024
37701 0.000015
37702 0.000021
37703 0.000014
37704 0.000017
37705 0.000021
37706 0.000020
37707 0.000021
37708 0.000023
37709 0.000023
37710 0.000024
37711 0.000015
37712 0.000021
37713 0.000014
37714 0.000017
37715 0.000021
37716 0.000020
37717 0.000021
37718 0.000023
37719 0.000023
37720 0.000024
37721 0.000015
37722 0.000021
37723 0.000014
37724 0.000017
37725 0.000021
37726 0.000020
37727 0.000021
37728 0.000023
37729 0.000023
37730 0.000024
37731 0.000015
37732 0.000021
37733 0.000014
37734 0.000017
37735 0.000021
37736 0.000020
37737 0.000021
37738 0.000023
37739 0.000023
37740 0.000024
37741 0.000015
37742 0.000021
37743 0.000014
37744 0.000017
37745 0.000021
37746 0.000020
37747 0.000021
37748 0.000023
37749 0.000023
37750 0.000024
37751 0.000015
37752 0.000021
37753 0.000014
37754 0.000017
37755 0.000021
37756 0.000020
37757 0.000021
37758 0.000023
37759 0.000023
37760 0.000024
37761 0.000015
37762 0.000021
37763 0.000014
37764 0.000017
37765 0.000021
37766 0.000020
37767 0.000021
37768 0.000023
37769 0.000023
37770 0.000024
37771 0.000015
37772 0.000021
37773 0.000014
37774 0.000017
37775 0.000021
37776 0.000020
37777 0.000021
37778 0.000023
37779 0.000023
37780 0.000024
37781 0.000015
37782 0.000021
37783 0.000014
37784 0.000017
37785 0.000021
37786 0.000020
37787 0.000021
37788 0.000023
37789 0.000023
37790 0.000024
37791 0.000015
37792 0.000021
37793 0.000014
37794 0.000017
37795 0.000021
37796 0.000020
37797 0.000021
37798 0.000023
37799 0.000023
37800 0.000024
37801 0.000015
37802 0.000021
37803 0.000014
37804 0.000017
37805 0.000021
37806 0.000020
37807 0.000021
37808 0.000023
37809 0.000023
37810 0.000024
37811 0.000015
37812 0.000021
37813 0.000014
37814 0.000017
37815 0.000021
37816 0.000020
37817 0.000021
37818 0.000023
37819 0.000023
37820 0.000024
37821 0.000015
37822 0.000021
37823 0.000014
37824 0.000017
37825 0.000021
37826 0.000020
37827 0.000021
37828 0.000023
37829 0.000023
37830 0.000024
37831 0.000015
37832 0.000021
37833 0.000014
37834 0.000017
37835 0.000021
37836 0.000020
37837 0.000021
37838 0.000023
37839 0.000023
37840 0.000024
37841 0.000015
37842 0.000021
37843 0.000014
37844 0.000017
37845 0.000021
37846 0.000020
37847 0.000021
37848 0.000023
37849 0.000023
37850 0.000024
37851 0.000015
37852 0.000021
37853 0.000014
37854 0.000017
37855 0.000021
37856 0.000020
37857 0.000021
37858 0.000023
37859 0.000023
37860 0.000024
37861 0.000015
37862 0.000021
37863 0.000014
37864 0.000017
37865 0.000021
37866 0.000020
37867 0.000021
37868 0.000023
37869 0.000023
37870 0.000024
37871 0.000015
37872 0.000021
37873 0.000014
37874 0.000017
37875 0.000021
37876 0.000020
37877 0.000021
37878 0.000023
37879 0.000023
37880 0.000024
37881 0.000015
37882 0.000021
37883 0.000014
37884 0.000017
37885 0.000021
37886 0.000020
37887 0.000021
37888 0.000023
37889 0.000023
37890 0.000024
37891 0.000015
37892 0.000021
37893 0.000014
37894 0.000017
37895 0.000021
37896 0.000020
37897 0.000021
37898 0.000023
37899 0.000023
37900 0.000024
37901 0.000015
37902 0.000021
37903 0.000014
37904 0.000017
37905 0.000021
37906 0.000020
37907 0.000021
37908 0.000023
37909 0.000023
37910 0.000024
37911 0.000015
37912 0.000021
37913 0.000014
37914 0.000017
37915 0.000021
37916 0.000020
37917 0.000021
37918 0.000023
37919 0.000023
37920 0.000024
37921 0.000015
37922 0.000021
37923 0.000014
37924 0.000017
37925 0.000021
37926 0.000020
37927 0.000021
37928 0.000023
37929 0.000023
37930 0.000024
37931 0.000015
37932 0.000021
37933 0.000014
37934 0.000017
37935 0.000021
37936 0.000020
37937 0.000021
37938 0.000023
37939 0.000023
37940 0.000024
37941 0.000015
37942 0.000021
37943 0.000014
37944 0.000017
37945 0.000021
37946 0.000020
37947 0.000021
37948 0.000023
37949 0.000023
37950 0.000024
37951 0.000015
37952 0.000021
37953 0.000014
37954 0.000017
37955 0.000021
37956 0.000020
37957 0.000021
37958 0.000023
37959 0.000023
37960 0.000024
37961 0.000015
37962 0.000021
37963 0.000014
37964 0.000017
37965 0.000021
37966 0.000020
37967 0.000021
37968 0.000023
37969 0.000023
37970 0.000024
37971 0.000015
37972 0.000021
37973 0.000014
37974 0.000017
37975 0.000021
37976 0.000020
37977 0.000021
37978 0.000023
37979 0.000023
37980 0.000024
37981 0.000015
37982 0.000021
37983 0.000014
37984 0.000017
37985 0.000021
37986 0.000020
37987 0.000021
37988 0.000023
37989 0.000023
37990 0.000024
37991 0.000015
37992 0.000021
37993 0.000014
37994 0.000017
37995 0.000021
37996 0.000020
37997 0.000021
37998 0.000023
37999 0.000023
38000 0.000024
38001 0.000015
38002 0.000021
38003 0.000014
38004 0.000017
38005 0.000021
38006 0.000020
38007 0.000021
38008 0.000023
38009 0.000023
38010 0.000024
38011 0.000015
38012 0.000021
38013 0.000014
38014 0.000017
38015 0.000021
38016 0.000020
38017 0.000021
38018 0.000023
38019 0.000023
38020 0.000024
38021 0.000015
38022 0.000021
38023 0.000014
38024 0.000017
38025 0.000021
38026 0.000020
38027 0.000021
38028 0.000023
38029 0.000023
38030 0.000024
38031 0.000015
38032 0.000021
38033 0.000014
38034 0.000017
38035 0.000021
38036 0.000020
38037 0.000021
38038 0.000023
38039 0.000023
38040 0.000024
38041 0.000015
38042 0.000021
38043 0.000014
38044 0.000017
38045 0.000021
38046 0.000020
38047 0.000021
38048 0.000023
38049 0.000023
38050 0.000024
38051 0.000015
38052 0.000021
38053 0.000014
38054 0.000017
38055 0.000021
38056 0.000020
38057 0.000021
38058 0.000023
38059 0.000023
38060 0.000024
38061 0.000015
38062 0.000021
38063 0.000014
38064 0.000017
38065 0.000021
38066 0.000020
38067 0.000021
38068 0.000023
38069 0.000023
38070 0.000024
38071 0.000015
38072 0.000021
38073 0.000014
38074 0.000017
38075 0.000021
38076 0.000020
38077 0.000021
38078 0.000023
38079 0.000023
38080 0.000024
38081 0.000015
38082 0.000021
38083 0.000014
38084 0.000017
38085 0.000021
38086 0.000020
38087 0.000021
38088 0.000023
38089 0.000023
38090 0.000024
38091 0.000015
38092 0.000021
38093 0.000014
38094 0.000017
38095 0.000021
38096 0.000020
38097 0.000021
38098 0.000023
38099 0.000023
38100 0.000024
38101 0.000015
38102 0.000021
38103 0.000014
38104 0.000017
38105 0.000021
38106 0.000020
38107 0.000021
38108 0.000023
38109 0.000023
38110 0.000024
38111 0.000015
38112 0.000021
38113 0.000014
38114 0.000017
38115 0.000021
38116 0.000020
38117 0.000021
38118 0.000023
38119 0.000023
38120 0.000024
38121 0.000015
38122 0.000021
38123 0.000014
38124 0.000017
38125 0.000021
38126 0.000020
38127 0.000021
38128 0.000023
38129 0.000023
38130 0.000024
38131 0.000015
38132 0.000021
38133 0.000014
38134 0.000017
38135 0.000021
38136 0.000020
38137 0.000021
38138 0.000023
38139 0.000023
38140 0.000024
38141 0.000015
38142 0.000021
38143 0.000014
38144 0.000017
38145 0.000021
38146 0.000020
38147 0.000021
38148 0.000023
38149 0.000023
38150 0.000024
38151 0.000015
38152 0.000021
38153 0.000014
38154 0.000017
38155 0.000021
38156 0.000020
38157 0.000021
38158 0.000023
38159 0.000023
38160 0.000024
38161 0.000015
38162 0.000021
38163 0.000014
38164 0.000017
38165 0.000021
38166 0.000020
38167 0.000021
38168 0.000023
38169 0.000023
38170 0.000024
38171 0.000015
38172 0.000021
38173 0.000014
38174 0.000017
38175 0.000021
38176 0.000020
38177 0.000021
38178 0.000023
38179 0.000023
38180 0.000024
38181 0.000015
38182 0.000021
38183 0.000014
38184 0.000017
38185 0.000021
38186 0.000020
38187 0.000021
38188 0.000023
38189 0.000023
38190 0.000024
38191 0.000015
38192 0.000021
38193 0.000014
38194 0.000017
38195 0.000021
38196 0.000020
38197 0.000021
38198 0.000023
38199 0.000023
38200 0.000024
38201 0.000015
38202 0.000021
38203 0.000014
38204 0.000017
38205 0.000021
38206 0.000020
38207 0.000021
38208 0.000023
38209 0.000023
38210 0.000024
38211 0.000015
38212 0.000021
38213 0.000014
38214 0.000017
38215 0.000021
38216 0.000020
38217 0.000021
38218 0.000023
38219 0.000023
38220 0.000024
38221 0.000015
38222 0.000021
38223 0.000014
38224 0.000017
38225 0.000021
38226 0.000020
38227 0.000021
38228 0.000023
38229 0.000023
38230 0.000024
38231 0.000015
38232 0.000021
38233 0.000014
38234 0.000017
38235 0.000021
38236 0.000020
38237 0.000021
38238 0.000023
38239 0.000023
38240 0.000024
38241 0.000015
38242 0.000021
38243 0.000014
38244 0.000017
38245 0.000021
38246 0.000020
38247 0.000021
38248 0.000023
38249 0.000023
38250 0.000024
38251 0.000015
38252 0.000021
38253 0.000014
38254 0.000017
38255 0.000021
38256 0.000020
38257 0.000021
38258 0.000023
38259 0.000023
38260 0.000024
38261 0.000015
38262 0.000021
38263 0.000014
38264 0.000017
38265 0.000021
38266 0.000020
38267 0.000021
38268 0.000023
38269 0.000023
38270 0.000024
38271 0.000015
38272 0.000021
38273 0.000014
38274 0.000017
38275 0.000021
38276 0.000020
38277 0.000021
38278 0.000023
38279 0.000023
38280 0.000024
38281 0.000015
38282 0.000021
38283 0.000014
38284 0.000017
38285 0.000021
38286 0.000020
38287 0.000021
38288 0.000023
38289 0.000023
38290 0.000024
38291 0.000015
38292 0.000021
38293 0.000014
38294 0.000017
38295 0.000021
38296 0.000020
38297 0.000021
38298 0.000023
38299 0.000023
38300 0.000024
38301 0.000015
38302 0.000021
38303 0.000014
38304 0.000017
38305 0.000021
38306 0.000020
38307 0.000021
38308 0.000023
38309 0.000023
38310 0.000024
38311 0.000015
38312 0.000021
38313 0.000014
38314 0.000017
38315 0.000021
38316 0.000020
38317 0.000021
38318 0.000023
38319 0.000023
38320 0.000024
38321 0.000015
38322 0.000021
38323 0.000014
38324 0.000017
38325 0.000021
38326 0.000020
38327 0.000021
38328 0.000023
38329 0.000023
38330 0.000024
38331 0.000015
38332 0.000021
38333 0.000014
38334 0.000017
38335 0.000021
38336 0.000020
38337 0.000021
38338 0.000023
38339 0.000023
38340 0.000024
38341 0.000015
38342 0.000021
38343 0.000014
38344 0.000017
38345 0.000021
38346 0.000020
38347 0.000021
38348 0.000023
38349 0.000023
38350 0.000024
38351 0.000015
38352 0.000021
38353 0.000014
38354 0.000017
38355 0.000021
38356 0.000020
38357 0.000021
38358 0.000023
38359 0.000023
38360 0.000024
38361 0.000015
38362 0.000021
38363 0.000014
38364 0.000017
38365 0.000021
38366 0.000020
38367 0.000021
38368 0.000023
38369 0.000023
38370 0.000024
38371 0.000015
38372 0.000021
38373 0.000014
38374 0.000017
38375 0.000021
38376 0.000020
38377 0.000021
38378 0.000023
38379 0.000023
38380 0.000024
38381 0.000015
38382 0.000021
38383 0.000014
38384 0.000017
38385 0.000021
38386 0.000020
38387 0.000021
38388 0.000023
38389 0.000023
38390 0.000024
38391 0.000015
38392 0.000021
38393 0.000014
38394 0.000017
38395 0.000021
38396 0.000020
38397 0.000021
38398 0.000023
38399 0.000023
38400 0.000024
38401 0.000015
38402 0.000021
38403 0.000014
38404 0.000017
38405 0.000021
38406 0.000020
38407 0.000021
38408 0.000023
38409 0.000023
38410 0.000024
38411 0.000015
38412 0.000021
38413 0.000014
38414 0.000017
38415 0.000021
38416 0.000020
38417 0.000021
38418 0.000023
38419 0.000023
38420 0.000024
38421 0.000015
38422 0.000021
38423 0.000014
38424 0.000017
38425 0.000021
38426 0.000020
38427 0.000021
38428 0.000023
38429 0.000023
38430 0.000024
38431 0.000015
38432 0.000021
38433 0.000014
38434 0.000017
38435 0.000021
38436 0.000020
38437 0.000021
38438 0.000023
38439 0.000023
38440 0.000024
38441 0.000015
38442 0.000021
38443 0.000014
38444 0.000017
38445 0.000021
38446 0.000020
38447 0.000021
38448 0.000023
38449 0.000023
38450 0.000024
38451 0.000015
38452 0.000021
38453 0.000014
38454 0.000017
38455 0.000021
38456 0.000020
38457 0.000021
38458 0.000023
38459 0.000023
38460 0.000024
38461 0.000015
38462 0.000021
38463 0.000014
38464 0.000017
38465 0.000021
38466 0.000020
38467 0.000021
38468 0.000023
38469 0.000023
38470 0.000024
38471 0.000015
38472 0.000021
38473 0.000014
38474 0.000017
38475 0.000021
38476 0.000020
38477 0.000021
38478 0.000023
38479 0.000023
38480 0.000024
38481 0.000015
38482 0.000021
38483 0.000014
38484 0.000017
38485 0.000021
38486 0.000020
38487 0.000021
38488 0.000023
38489 0.000023
38490 0.000024
38491 0.000015
38492 0.000021
38493 0.000014
38494 0.000017
38495 0.000021
38496 0.000020
38497 0.000021
38498 0.000023
38499 0.000023
38500 0.000024
38501 0.000015
38502 0.000021
38503 0.000014
38504 0.000017
38505 0.000021
38506 0.000020
38507 0.000021
38508 0.000023
38509 0.000023
38510 0.000024
38511 0.000015
38512 0.000021
38513 0.000014
38514 0.000017
38515 0.000021
38516 0.000020
38517 0.000021
38518 0.000023
38519 0.000023
38520 0.000024
38521 0.000015
38522 0.000021
38523 0.000014
38524 0.000017
38525 0.000021
38526 0.000020
38527 0.000021
38528 0.000023
38529 0.000023
38530 0.000024
38531 0.000015
38532 0.000021
38533 0.000014
38534 0.000017
38535 0.000021
38536 0.000020
38537 0.000021
38538 0.000023
38539 0.000023
38540 0.000024
38541 0.000015
38542 0.000021
38543 0.000014
38544 0.000017
38545 0.000021
38546 0.000020
38547 0.000021
38548 0.000023
38549 0.000023
38550 0.000024
38551 0.000015
38552 0.000021
38553 0.000014
38554 0.000017
38555 0.000021
38556 0.000020
38557 0.000021
38558 0.000023
38559 0.000023
38560 0.000024
38561 0.000015
38562 0.000021
38563 0.000014
38564 0.000017
38565 0.000021
38566 0.000020
38567 0.000021
38568 0.000023
38569 0.000023
38570 0.000024
38571 0.000015
38572 0.000021
38573 0.000014
38574 0.000017
38575 0.000021
38576 0.000020
38577 0.000021
38578 0.000023
38579 0.000023
38580 0.000024
38581 0.000015
38582 0.000021
38583 0.000014
38584 0.000017
38585 0.000021
38586 0.000020
38587 0.000021
38588 0.000023
38589 0.000023
38590 0.000024
38591 0.000015
38592 0.000021
38593 0.000014
38594 0.000017
38595 0.000021
38596 0.000020
38597 0.000021
38598 0.000023
38599 0.000023
38600 0.000024
38601 0.000015
38602 0.000021
38603 0.000014
38604 0.000017
38605 0.000021
38606 0.000020
38607 0.000021
38608 0.000023
38609 0.000023
38610 0.000024
38611 0.000015
38612 0.000021
38613 0.000014
38614 0.000017
38615 0.000021
38616 0.000020
38617 0.000021
38618 0.000023
38619 0.000023
38620 0.000024
38621 0.000015
38622 0.000021
38623 0.000014
38624 0.000017
38625 0.000021
38626 0.000020
38627 0.000021
38628 0.000023
38629 0.000023
38630 0.000024
38631 0.000015
38632 0.000021
38633 0.000014
38634 0.000017
38635 0.000021
38636 0.000020
38637 0.000021
38638 0.000023
38639 0.000023
38640 0.000024
38641 0.000015
38642 0.000021
38643 0.000014
38644 0.000017
38645 0.000021
38646 0.000020
38647 0.000021
38648 0.000023
38649 0.000023
38650 0.000024
38651 0.000015
38652 0.000021
38653 0.000014
38654 0.000017
38655 0.000021
38656 0.000020
38657 0.000021
38658 0.000023
38659 0.000023
38660 0.000024
38661 0.000015
38662 0.000021
38663 0.000014
38664 0.000017
38665 0.000021
38666 0.000020
38667 0.000021
38668 0.000023
38669 0.000023
38670 0.000024
38671 0.000015
38672 0.000021
38673 0.000014
38674 0.000017
38675 0.000021
38676 0.000020
38677 0.000021
38678 0.000023
38679 0.000023
38680 0.000024
38681 0.000015
38682 0.000021
38683 0.000014
38684 0.000017
38685 0.000021
38686 0.000020
38687 0.000021
38688 0.000023
38689 0.000023
38690 0.000024
38691 0.000015
38692 0.000021
38693 0.000014
38694 0.000017
38695 0.000021
38696 0.000020
38697 0.000021
38698 0.000023
38699 0.000023
38700 0.000024
38701 0.000015
38702 0.000021
38703 0.000014
38704 0.000017
38705 0.000021
38706 0.000020
38707 0.000021
38708 0.000023
38709 0.000023
38710 0.000024
38711 0.000015
38712 0.000021
38713 0.000014
38714 0.000017
38715 0.000021
38716 0.000020
38717 0.000021
38718 0.000023
38719 0.000023
38720 0.000024
38721 0.000015
38722 0.000021
38723 0.000014
38724 0.000017
38725 0.000021
38726 0.000020
38727 0.000021
38728 0.000023
38729 0.000023
38730 0.000024
38731 0.000015
38732 0.000021
38733 0.000014
38734 0.000017
38735 0.000021
38736 0.000020
38737 0.000021
38738 0.000023
38739 0.000023
38740 0.000024
38741 0.000015
38742 0.000021
38743 0.000014
38744 0.000017
38745 0.000021
38746 0.000020
38747 0.000021
38748 0.000023
38749 0.000023
38750 0.000024
38751 0.000015
38752 0.000021
38753 0.000014
38754 0.000017
38755 0.000021
38756 0.000020
38757 0.000021
38758 0.000023
38759 0.000023
38760 0.000024
38761 0.000015
38762 0.000021
38763 0.000014
38764 0.000017
38765 0.000021
38766 0.000020
38767 0.000021
38768 0.000023
38769 0.000023
38770 0.000024
38771 0.000015
38772 0.000021
38773 0.000014
38774 0.000017
38775 0.000021
38776 0.000020
38777 0.000021
38778 0.000023
38779 0.000023
38780 0.000024
38781 0.000015
38782 0.000021
38783 0.000014
38784 0.000017
38785 0.000021
38786 0.000020
38787 0.000021
38788 0.000023
38789 0.000023
38790 0.000024
38791 0.000015
38792 0.000021
38793 0.000014
38794 0.000017
38795 0.000021
38796 0.000020
38797 0.000021
38798 0.000023
38799 0.000023
38800 0.000024
38801 0.000015
38802 0.000021
38803 0.000014
38804 0.000017
38805 0.000021
38806 0.000020
38807 0.000021
38808 0.000023
38809 0.000023
38810 0.000024
38811 0.000015
38812 0.000021
38813 0.000014
38814 0.000017
38815 0.000021
38816 0.000020
38817 0.000021
38818 0.000023
38819 0.000023
38820 0.000024
38821 0.000015
38822 0.000021
38823 0.000014
38824 0.000017
38825 0.000021
38826 0.000020
38827 0.000021
38828 0.000023
38829 0.000023
38830 0.000024
38831 0.000015
38832 0.000021
38833 0.000014
38834 0.000017
38835 0.000021
38836 0.000020
38837 0.000021
38838 0.000023
38839 0.000023
38840 0.000024
38841 0.000015
38842 0.000021
38843 0.000014
38844 0.000017
38845 0.000021
38846 0.000020
38847 0.000021
38848 0.000023
38849 0.000023
38850 0.000024
38851 0.000015
38852 0.000021
38853 0.000014
38854 0.000017
38855 0.000021
38856 0.000020
38857 0.000021
38858 0.000023
38859 0.000023
38860 0.000024
38861 0.000015
38862 0.000021
38863 0.000014
38864 0.000017
38865 0.000021
38866 0.000020
38867 0.000021
38868 0.000023
38869 0.000023
38870 0.000024
38871 0.000015
38872 0.000021
38873 0.000014
38874 0.000017
38875 0.000021
38876 0.000020
38877 0.000021
38878 0.000023
38879 0.000023
38880 0.000024
38881 0.000015
38882 0.000021
38883 0.000014
38884 0.000017
38885 0.000021
38886 0.000020
38887 0.000021
38888 0.000023
38889 0.000023
38890 0.000024
38891 0.000015
38892 0.000021
38893 0.000014
38894 0.000017
38895 0.000021
38896 0.000020
38897 0.000021
38898 0.000023
38899 0.000023
38900 0.000024
38901 0.000015
38902 0.000021
38903 0.000014
38904 0.000017
38905 0.000021
38906 0.000020
38907 0.000021
38908 0.000023
38909 0.000023
38910 0.000024
38911 0.000015
38912 0.000021
38913 0.000014
38914 0.000017
38915 0.000021
38916 0.000020
38917 0.000021
38918 0.000023
38919 0.000023
38920 0.000024
38921 0.000015
38922 0.000021
38923 0.000014
38924 0.000017
38925 0.000021
38926 0.000020
38927 0.000021
38928 0.000023
38929 0.000023
38930 0.000024
38931 0.000015
38932 0.000021
38933 0.000014
38934 0.000017
38935 0.000021
38936 0.000020
38937 0.000021
38938 0.000023
38939 0.000023
38940 0.000024
38941 0.000015
38942 0.000021
38943 0.000014
38944 0.000017
38945 0.000021
38946 0.000020
38947 0.000021
38948 0.000023
38949 0.000023
38950 0.000024
38951 0.000015
38952 0.000021
38953 0.000014
38954 0.000017
38955 0.000021
38956 0.000020
38957 0.000021
38958 0.000023
38959 0.000023
38960 0.000024
38961 0.000015
38962 0.000021
38963 0.000014
38964 0.000017
38965 0.000021
38966 0.000020
38967 0.000021
38968 0.000023
38969 0.000023
38970 0.000024
38971 0.000015
38972 0.000021
38973 0.000014
38974 0.000017
38975 0.000021
38976 0.000020
38977 0.000021
38978 0.000023
38979 0.000023
38980 0.000024
38981 0.000015
38982 0.000021
38983 0.000014
38984 0.000017
38985 0.000021
38986 0.000020
38987 0.000021
38988 0.000023
38989 0.000023
38990 0.000024
38991 0.000015
38992 0.000021
38993 0.000014
38994 0.000017
38995 0.000021
38996 0.000020
38997 0.000021
38998 0.000023
38999 0.000023
39000 0.000024
39001 0.000015
39002 0.000021
39003 0.000014
39004 0.000017
39005 0.000021
39006 0.000020
39007 0.000021
39008 0.000023
39009 0.000023
39010 0.000024
39011 0.000015
39012 0.000021
39013 0.000014
39014 0.000017
39015 0.000021
39016 0.000020
39017 0.000021
39018 0.000023
39019 0.000023
39020 0.000024
39021 0.000015
39022 0.000021
39023 0.000014
39024 0.000017
39025 0.000021
39026 0.000020
39027 0.000021
39028 0.000023
39029 0.000023
39030 0.000024
39031 0.000015
39032 0.000021
39033 0.000014
39034 0.000017
39035 0.000021
39036 0.000020
39037 0.000021
39038 0.000023
39039 0.000023
39040 0.000024
39041 0.000015
39042 0.000021
39043 0.000014
39044 0.000017
39045 0.000021
39046 0.000020
39047 0.000021
39048 0.000023
39049 0.000023
39050 0.000024
39051 0.000015
39052 0.000021
39053 0.000014
39054 0.000017
39055 0.000021
39056 0.000020
39057 0.000021
39058 0.000023
39059 0.000023
39060 0.000024
39061 0.000015
39062 0.000021
39063 0.000014
39064 0.000017
39065 0.000021
39066 0.000020
39067 0.000021
39068 0.000023
39069 0.000023
39070 0.000024
39071 0.000015
39072 0.000021
39073 0.000014
39074 0.000017
39075 0.000021
39076 0.000020
39077 0.000021
39078 0.000023
39079 0.000023
39080 0.000024
39081 0.000015
39082 0.000021
39083 0.000014
39084 0.000017
39085 0.000021
39086 0.000020
39087 0.000021
39088 0.000023
39089 0.000023
39090 0.000024
39091 0.000015
39092 0.000021
39093 0.000014
39094 0.000017
39095 0.000021
39096 0.000020
39097 0.000021
39098 0.000023
39099 0.000023
39100 0.000024
39101 0.000015
39102 0.000021
39103 0.000014
39104 0.000017
39105 0.000021
39106 0.000020
39107 0.000021
39108 0.000023
39109 0.000023
39110 0.000024
39111 0.000015
39112 0.000021
39113 0.000014
39114 0.000017
39115 0.000021
39116 0.000020
39117 0.000021
39118 0.000023
39119 0.000023
39120 0.000024
39121 0.000015
39122 0.000021
39123 0.000014
39124 0.000017
39125 0.000021
39126 0.000020
39127 0.000021
39128 0.000023
39129 0.000023
39130 0.000024
39131 0.000015
39132 0.000021
39133 0.000014
39134 0.000017
39135 0.000021
39136 0.000020
39137 0.000021
39138 0.000023
39139 0.000023
39140 0.000024
39141 0.000015
39142 0.000021
39143 0.000014
39144 0.000017
39145 0.000021
39146 0.000020
39147 0.000021
39148 0.000023
39149 0.000023
39150 0.000024
39151 0.000015
39152 0.000021
39153 0.000014
39154 0.000017
39155 0.000021
39156 0.000020
39157 0.000021
39158 0.000023
39159 0.000023
39160 0.000024
39161 0.000015
39162 0.000021
39163 0.000014
39164 0.000017
39165 0.000021
39166 0.000020
39167 0.000021
39168 0.000023
39169 0.000023
39170 0.000024
39171 0.000015
39172 0.000021
39173 0.000014
39174 0.000017
39175 0.000021
39176 0.000020
39177 0.000021
39178 0.000023
39179 0.000023
39180 0.000024
39181 0.000015
39182 0.000021
39183 0.000014
39184 0.000017
39185 0.000021
39186 0.000020
39187 0.000021
39188 0.000023
39189 0.000023
39190 0.000024
39191 0.000015
39192 0.000021
39193 0.000014
39194 0.000017
39195 0.000021
39196 0.000020
39197 0.000021
39198 0.000023
39199 0.000023
39200 0.000024
39201 0.000015
39202 0.000021
39203 0.000014
39204 0.000017
39205 0.000021
39206 0.000020
39207 0.000021
39208 0.000023
39209 0.000023
39210 0.000024
39211 0.000015
39212 0.000021
39213 0.000014
39214 0.000017
39215 0.000021
39216 0.000020
39217 0.000021
39218 0.000023
39219 0.000023
39220 0.000024
39221 0.000015
39222 0.000021
39223 0.000014
39224 0.000017
39225 0.000021
39226 0.000020
39227 0.000021
39228 0.000023
39229 0.000023
39230 0.000024
39231 0.000015
39232 0.000021
39233 0.000014
39234 0.000017
39235 0.000021
39236 0.000020
39237 0.000021
39238 0.000023
39239 0.000023
39240 0.000024
39241 0.000015
39242 0.000021
39243 0.000014
39244 0.000017
39245 0.000021
39246 0.000020
39247 0.000021
39248 0.000023
39249 0.000023
39250 0.000024
39251 0.000015
39252 0.000021
39253 0.000014
39254 0.000017
39255 0.000021
39256 0.000020
39257 0.000021
39258 0.000023
39259 0.000023
39260 0.000024
39261 0.000015
39262 0.000021
39263 0.000014
39264 0.000017
39265 0.000021
39266 0.000020
39267 0.000021
39268 0.000023
39269 0.000023
39270 0.000024
39271 0.000015
39272 0.000021
39273 0.000014
39274 0.000017
39275 0.000021
39276 0.000020
39277 0.000021
39278 0.000023
39279 0.000023
39280 0.000024
39281 0.000015
39282 0.000021
39283 0.000014
39284 0.000017
39285 0.000021
39286 0.000020
39287 0.000021
39288 0.000023
39289 0.000023
39290 0.000024
39291 0.000015
39292 0.000021
39293 0.000014
39294 0.000017
39295 0.000021
39296 0.000020
39297 0.000021
39298 0.000023
39299 0.000023
39300 0.000024
39301 0.000015
39302 0.000021
39303 0.000014
39304 0.000017
39305 0.000021
39306 0.000020
39307 0.000021
39308 0.000023
39309 0.000023
39310 0.000024
39311 0.000015
39312 0.000021
39313 0.000014
39314 0.000017
39315 0.000021
39316 0.000020
39317 0.000021
39318 0.000023
39319 0.000023
39320 0.000024
39321 0.000015
39322 0.000021
39323 0.000014
39324 0.000017
39325 0.000021
39326 0.000020
39327 0.000021
39328 0.000023
39329 0.000023
39330 0.000024
39331 0.000015
39332 0.000021
39333 0.000014
39334 0.000017
39335 0.000021
39336 0.000020
39337 0.000021
39338 0.000023
39339 0.000023
39340 0.000024
39341 0.000015
39342 0.000021
39343 0.000014
39344 0.000017
39345 0.000021
39346 0.000020
39347 0.000021
39348 0.000023
39349 0.000023
39350 0.000024
39351 0.000015
39352 0.000021
39353 0.000014
39354 0.000017
39355 0.000021
39356 0.000020
39357 0.000021
39358 0.000023
39359 0.000023
39360 0.000024
39361 0.000015
39362 0.000021
39363 0.000014
39364 0.000017
39365 0.000021
39366 0.000020
39367 0.000021
39368 0.000023
39369 0.000023
39370 0.000024
39371 0.000015
39372 0.000021
39373 0.000014
39374 0.000017
39375 0.000021
39376 0.000020
39377 0.000021
39378 0.000023
39379 0.000023
39380 0.000024
39381 0.000015
39382 0.000021
39383 0.000014
39384 0.000017
39385 0.000021
39386 0.000020
39387 0.000021
39388 0.000023
39389 0.000023
39390 0.000024
39391 0.000015
39392 0.000021
39393 0.000014
39394 0.000017
39395 0.000021
39396 0.000020
39397 0.000021
39398 0.000023
39399 0.000023
39400 0.000024
39401 0.000015
39402 0.000021
39403 0.000014
39404 0.000017
39405 0.000021
39406 0.000020
39407 0.000021
39408 0.000023
39409 0.000023
39410 0.000024
39411 0.000015
39412 0.000021
39413 0.000014
39414 0.000017
39415 0.000021
39416 0.000020
39417 0.000021
39418 0.000023
39419 0.000023
39420 0.000024
39421 0.000015
39422 0.000021
39423 0.000014
39424 0.000017
39425 0.000021
39426 0.000020
39427 0.000021
39428 0.000023
39429 0.000023
39430 0.000024
39431 0.000015
39432 0.000021
39433 0.000014
39434 0.000017
39435 0.000021
39436 0.000020
39437 0.000021
39438 0.000023
39439 0.000023
39440 0.000024
39441 0.000015
39442 0.000021
39443 0.000014
39444 0.000017
39445 0.000021
39446 0.000020
39447 0.000021
39448 0.000023
39449 0.000023
39450 0.000024
39451 0.000015
39452 0.000021
39453 0.000014
39454 0.000017
39455 0.000021
39456 0.000020
39457 0.000021
39458 0.000023
39459 0.000023
39460 0.000024
39461 0.000015
39462 0.000021
39463 0.000014
39464 0.000017
39465 0.000021
39466 0.000020
39467 0.000021
39468 0.000023
39469 0.000023
39470 0.000024
39471 0.000015
39472 0.000021
39473 0.000014
39474 0.000017
39475 0.000021
39476 0.000020
39477 0.000021
39478 0.000023
39479 0.000023
39480 0.000024
39481 0.000015
39482 0.000021
39483 0.000014
39484 0.000017
39485 0.000021
39486 0.000020
39487 0.000021
39488 0.000023
39489 0.000023
39490 0.000024
39491 0.000015
39492 0.000021
39493 0.000014
39494 0.000017
39495 0.000021
39496 0.000020
39497 0.000021
39498 0.000023
39499 0.000023
39500 0.000024
39501 0.000015
39502 0.000021
39503 0.000014
39504 0.000017
39505 0.000021
39506 0.000020
39507 0.000021
39508 0.000023
39509 0.000023
39510 0.000024
39511 0.000015
39512 0.000021
39513 0.000014
39514 0.000017
39515 0.000021
39516 0.000020
39517 0.000021
39518 0.000023
39519 0.000023
39520 0.000024
39521 0.000015
39522 0.000021
39523 0.000014
39524 0.000017
39525 0.000021
39526 0.000020
39527 0.000021
39528 0.000023
39529 0.000023
39530 0.000024
39531 0.000015
39532 0.000021
39533 0.000014
39534 0.000017
39535 0.000021
39536 0.000020
39537 0.000021
39538 0.000023
39539 0.000023
39540 0.000024
39541 0.000015
39542 0.000021
39543 0.000014
39544 0.000017
39545 0.000021
39546 0.000020
39547 0.000021
39548 0.000023
39549 0.000023
39550 0.000024
39551 0.000015
39552 0.000021
39553 0.000014
39554 0.000017
39555 0.000021
39556 0.000020
39557 0.000021
39558 0.000023
39559 0.000023
39560 0.000024
39561 0.000015
39562 0.000021
39563 0.000014
39564 0.000017
39565 0.000021
39566 0.000020
39567 0.000021
39568 0.000023
39569 0.000023
39570 0.000024
39571 0.000015
39572 0.000021
39573 0.000014
39574 0.000017
39575 0.000021
39576 0.000020
39577 0.000021
39578 0.000023
39579 0.000023
39580 0.000024
39581 0.000015
39582 0.000021
39583 0.000014
39584 0.000017
39585 0.000021
39586 0.000020
39587 0.000021
39588 0.000023
39589 0.000023
39590 0.000024
39591 0.000015
39592 0.000021
39593 0.000014
39594 0.000017
39595 0.000021
39596 0.000020
39597 0.000021
39598 0.000023
39599 0.000023
39600 0.000024
39601 0.000015
39602 0.000021
39603 0.000014
39604 0.000017
39605 0.000021
39606 0.000020
39607 0.000021
39608 0.000023
39609 0.000023
39610 0.000024
39611 0.000015
39612 0.000021
39613 0.000014
39614 0.000017
39615 0.000021
39616 0.000020
39617 0.000021
39618 0.000023
39619 0.000023
39620 0.000024
39621 0.000015
39622 0.000021
39623 0.000014
39624 0.000017
39625 0.000021
39626 0.000020
39627 0.000021
39628 0.000023
39629 0.000023
39630 0.000024
39631 0.000015
39632 0.000021
39633 0.000014
39634 0.000017
39635 0.000021
39636 0.000020
39637 0.000021
39638 0.000023
39639 0.000023
39640 0.000024
39641 0.000015
39642 0.000021
39643 0.000014
39644 0.000017
39645 0.000021
39646 0.000020
39647 0.000021
39648 0.000023
39649 0.000023
39650 0.000024
39651 0.000015
39652 0.000021
39653 0.000014
39654 0.000017
39655 0.000021
39656 0.000020
39657 0.000021
39658 0.000023
39659 0.000023
39660 0.000024
39661 0.000015
39662 0.000021
39663 0.000014
39664 0.000017
39665 0.000021
39666 0.000020
39667 0.000021
39668 0.000023
39669 0.000023
39670 0.000024
39671 0.000015
39672 0.000021
39673 0.000014
39674 0.000017
39675 0.000021
39676 0.000020
39677 0.000021
39678 0.000023
39679 0.000023
39680 0.000024
39681 0.000015
39682 0.000021
39683 0.000014
39684 0.000017
39685 0.000021
39686 0.000020
39687 0.000021
39688 0.000023
39689 0.000023
39690 0.000024
39691 0.000015
39692 0.000021
39693 0.000014
39694 0.000017
39695 0.000021
39696 0.000020
39697 0.000021
39698 0.000023
39699 0.000023
39700 0.000024
39701 0.000015
39702 0.000021
39703 0.000014
39704 0.000017
39705 0.000021
39706 0.000020
39707 0.000021
39708 0.000023
39709 0.000023
39710 0.000024
39711 0.000015
39712 0.000021
39713 0.000014
39714 0.000017
39715 0.000021
39716 0.000020
39717 0.000021
39718 0.000023
39719 0.000023
39720 0.000024
39721 0.000015
39722 0.000021
39723 0.000014
39724 0.000017
39725 0.000021
39726 0.000020
39727 0.000021
39728 0.000023
39729 0.000023
39730 0.000024
39731 0.000015
39732 0.000021
39733 0.000014
39734 0.000017
39735 0.000021
39736 0.000020
39737 0.000021
39738 0.000023
39739 0.000023
39740 0.000024
39741 0.000015
39742 0.000021
39743 0.000014
39744 0.000017
39745 0.000021
39746 0.000020
39747 0.000021
39748 0.000023
39749 0.000023
39750 0.000024
39751 0.000015
39752 0.000021
39753 0.000014
39754 0.000017
39755 0.000021
39756 0.000020
39757 0.000021
39758 0.000023
39759 0.000023
39760 0.000024
39761 0.000015
39762 0.000021
39763 0.000014
39764 0.000017
39765 0.000021
39766 0.000020
39767 0.000021
39768 0.000023
39769 0.000023
39770 0.000024
39771 0.000015
39772 0.000021
39773 0.000014
39774 0.000017
39775 0.000021
39776 0.000020
39777 0.000021
39778 0.000023
39779 0.000023
39780 0.000024
39781 0.000015
39782 0.000021
39783 0.000014
39784 0.000017
39785 0.000021
39786 0.000020
39787 0.000021
39788 0.000023
39789 0.000023
39790 0.000024
39791 0.000015
39792 0.000021
39793 0.000014
39794 0.000017
39795 0.000021
39796 0.000020
39797 0.000021
39798 0.000023
39799 0.000023
39800 0.000024
39801 0.000015
39802 0.000021
39803 0.000014
39804 0.000017
39805 0.000021
39806 0.000020
39807 0.000021
39808 0.000023
39809 0.000023
39810 0.000024
39811 0.000015
39812 0.000021
39813 0.000014
39814 0.000017
39815 0.000021
39816 0.000020
39817 0.000021
39818 0.000023
39819 0.000023
39820 0.000024
39821 0.000015
39822 0.000021
39823 0.000014
39824 0.000017
39825 0.000021
39826 0.000020
39827 0.000021
39828 0.000023
39829 0.000023
39830 0.000024
39831 0.000015
39832 0.000021
39833 0.000014
39834 0.000017
39835 0.000021
39836 0.000020
39837 0.000021
39838 0.000023
39839 0.000023
39840 0.000024
39841 0.000015
39842 0.000021
39843 0.000014
39844 0.000017
39845 0.000021
39846 0.000020
39847 0.000021
39848 0.000023
39849 0.000023
39850 0.000024
39851 0.000015
39852 0.000021
39853 0.000014
39854 0.000017
39855 0.000021
39856 0.000020
39857 0.000021
39858 0.000023
39859 0.000023
39860 0.000024
39861 0.000015
39862 0.000021
39863 0.000014
39864 0.000017
39865 0.000021
39866 0.000020
39867 0.000021
39868 0.000023
39869 0.000023
39870 0.000024
39871 0.000015
39872 0.000021
39873 0.000014
39874 0.000017
39875 0.000021
39876 0.000020
39877 0.000021
39878 0.000023
39879 0.000023
39880 0.000024
39881 0.000015
39882 0.000021
39883 0.000014
39884 0.000017
39885 0.000021
39886 0.000020
39887 0.000021
39888 0.000023
39889 0.000023
39890 0.000024
39891 0.000015
39892 0.000021
39893 0.000014
39894 0.000017
39895 0.000021
39896 0.000020
39897 0.000021
39898 0.000023
39899 0.000023
39900 0.000024
39901 0.000015
39902 0.000021
39903 0.000014
39904 0.000017
39905 0.000021
39906 0.000020
39907 0.000021
39908 0.000023
39909 0.000023
39910 0.000024
39911 0.000015
39912 0.000021
39913 0.000014
39914 0.000017
39915 0.000021
39916 0.000020
39917 0.000021
39918 0.000023
39919 0.000023
39920 0.000024
39921 0.000015
39922 0.000021
39923 0.000014
39924 0.000017
39925 0.000021
39926 0.000020
39927 0.000021
39928 0.000023
39929 0.000023
39930 0.000024
39931 0.000015
39932 0.000021
39933 0.000014
39934 0.000017
39935 0.000021
39936 0.000020
39937 0.000021
39938 0.000023
39939 0.000023
39940 0.000024
39941 0.000015
39942 0.000021
39943 0.000014
39944 0.000017
39945 0.000021
39946 0.000020
39947 0.000021
39948 0.000023
39949 0.000023
39950 0.000024
39951 0.000015
39952 0.000021
39953 0.000014
39954 0.000017
39955 0.000021
39956 0.000020
39957 0.000021
39958 0.000023
39959 0.000023
39960 0.000024
39961 0.000015
39962 0.000021
39963 0.000014
39964 0.000017
39965 0.000021
39966 0.000020
39967 0.000021
39968 0.000023
39969 0.000023
39970 0.000024
39971 0.000015
39972 0.000021
39973 0.000014
39974 0.000017
39975 0.000021
39976 0.000020
39977 0.000021
39978 0.000023
39979 0.000023
39980 0.000024
39981 0.000015
39982 0.000021
39983 0.000014
39984 0.000017
39985 0.000021
39986 0.000020
39987 0.000021
39988 0.000023
39989 0.000023
39990 0.000024
39991 0.000015
39992 0.000021
39993 0.000014
39994 0.000017
39995 0.000021
39996 0.000020
39997 0.000021
39998 0.000023
39999 0.000023
40000 0.000024
40001 0.000015
40002 0.000021
40003 0.000014
40004 0.000017
40005 0.000021
40006 0.000020
40007 0.000021
40008 0.000023
40009 0.000023
40010 0.000024
40011 0.000015
40012 0.000021
40013 0.000014
40014 0.000017
40015 0.000021
40016 0.000020
40017 0.000021
40018 0.000023
40019 0.000023
40020 0.000024
40021 0.000015
40022 0.000021
40023 0.000014
40024 0.000017
40025 0.000021
40026 0.000020
40027 0.000021
40028 0.000023
40029 0.000023
40030 0.000024
40031 0.000015
40032 0.000021
40033 0.000014
40034 0.000017
40035 0.000021
40036 0.000020
40037 0.000021
40038 0.000023
40039 0.000023
40040 0.000024
40041 0.000015
40042 0.000021
40043 0.000014
40044 0.000017
40045 0.000021
40046 0.000020
40047 0.000021
40048 0.000023
40049 0.000023
40050 0.000024
40051 0.000015
40052 0.000021
40053 0.000014
40054 0.000017
40055 0.000021
40056 0.000020
40057 0.000021
40058 0.000023
40059 0.000023
40060 0.000024
40061 0.000015
40062 0.000021
40063 0.000014
40064 0.000017
40065 0.000021
40066 0.000020
40067 0.000021
40068 0.000023
40069 0.000023
40070 0.000024
40071 0.000015
40072 0.000021
40073 0.000014
40074 0.000017
40075 0.000021
40076 0.000020
40077 0.000021
40078 0.000023
40079 0.000023
40080 0.000024
40081 0.000015
40082 0.000021
40083 0.000014
40084 0.000017
40085 0.000021
40086 0.000020
40087 0.000021
40088 0.000023
40089 0.000023
40090 0.000024
40091 0.000015
40092 0.000021
40093 0.000014
40094 0.000017
40095 0.000021
40096 0.000020
40097 0.000021
40098 0.000023
40099 0.000023
40100 0.000024
40101 0.000015
40102 0.000021
40103 0.000014
40104 0.000017
40105 0.000021
40106 0.000020
40107 0.000021
40108 0.000023
40109 0.000023
40110 0.000024
40111 0.000015
40112 0.000021
40113 0.000014
40114 0.000017
40115 0.000021
40116 0.000020
40117 0.000021
40118 0.000023
40119 0.000023
40120 0.000024
40121 0.000015
40122 0.000021
40123 0.000014
40124 0.000017
40125 0.000021
40126 0.000020
40127 0.000021
40128 0.000023
40129 0.000023
40130 0.000024
40131 0.000015
40132 0.000021
40133 0.000014
40134 0.000017
40135 0.000021
40136 0.000020
40137 0.000021
40138 0.000023
40139 0.000023
40140 0.000024
40141 0.000015
40142 0.000021
40143 0.000014
40144 0.000017
40145 0.000021
40146 0.000020
40147 0.000021
40148 0.000023
40149 0.000023
40150 0.000024
40151 0.000015
40152 0.000021
40153 0.000014
40154 0.000017
40155 0.000021
40156 0.000020
40157 0.000021
40158 0.000023
40159 0.000023
40160 0.000024
40161 0.000015
40162 0.000021
40163 0.000014
40164 0.000017
40165 0.000021
40166 0.000020
40167 0.000021
40168 0.000023
40169 0.000023
40170 0.000024
40171 0.000015
40172 0.000021
40173 0.000014
40174 0.000017
40175 0.000021
40176 0.000020
40177 0.000021
40178 0.000023
40179 0.000023
40180 0.000024
40181 0.000015
40182 0.000021
40183 0.000014
40184 0.000017
40185 0.000021
40186 0.000020
40187 0.000021
40188 0.000023
40189 0.000023
40190 0.000024
40191 0.000015
40192 0.000021
40193 0.000014
40194 0.000017
40195 0.000021
40196 0.000020
40197 0.000021
40198 0.000023
40199 0.000023
40200 0.000024
40201 0.000015
40202 0.000021
40203 0.000014
40204 0.000017
40205 0.000021
40206 0.000020
40207 0.000021
40208 0.000023
40209 0.000023
40210 0.000024
40211 0.000015
40212 0.000021
40213 0.000014
40214 0.000017
40215 0.000021
40216 0.000020
40217 0.000021
40218 0.000023
40219 0.000023
40220 0.000024
40221 0.000015
40222 0.000021
40223 0.000014
40224 0.000017
40225 0.000021
40226 0.000020
40227 0.000021
40228 0.000023
40229 0.000023
40230 0.000024
40231 0.000015
40232 0.000021
40233 0.000014
40234 0.000017
40235 0.000021
40236 0.000020
40237 0.000021
40238 0.000023
40239 0.000023
40240 0.000024
40241 0.000015
40242 0.000021
40243 0.000014
40244 0.000017
40245 0.000021
40246 0.000020
40247 0.000021
40248 0.000023
40249 0.000023
40250 0.000024
40251 0.000015
40252 0.000021
40253 0.000014
40254 0.000017
40255 0.000021
40256 0.000020
40257 0.000021
40258 0.000023
40259 0.000023
40260 0.000024
40261 0.000015
40262 0.000021
40263 0.000014
40264 0.000017
40265 0.000021
40266 0.000020
40267 0.000021
40268 0.000023
40269 0.000023
40270 0.000024
40271 0.000015
40272 0.000021
40273 0.000014
40274 0.000017
40275 0.000021
40276 0.000020
40277 0.000021
40278 0.000023
40279 0.000023
40280 0.000024
40281 0.000015
40282 0.000021
40283 0.000014
40284 0.000017
40285 0.000021
40286 0.000020
40287 0.000021
40288 0.000023
40289 0.000023
40290 0.000024
40291 0.000015
40292 0.000021
40293 0.000014
40294 0.000017
40295 0.000021
40296 0.000020
40297 0.000021
40298 0.000023
40299 0.000023
40300 0.000024
40301 0.000015
40302 0.000021
40303 0.000014
40304 0.000017
40305 0.000021
40306 0.000020
40307 0.000021
40308 0.000023
40309 0.000023
40310 0.000024
40311 0.000015
40312 0.000021
40313 0.000014
40314 0.000017
40315 0.000021
40316 0.000020
40317 0.000021
40318 0.000023
40319 0.000023
40320 0.000024
40321 0.000015
40322 0.000021
40323 0.000014
40324 0.000017
40325 0.000021
40326 0.000020
40327 0.000021
40328 0.000023
40329 0.000023
40330 0.000024
40331 0.000015
40332 0.000021
40333 0.000014
40334 0.000017
40335 0.000021
40336 0.000020
40337 0.000021
40338 0.000023
40339 0.000023
40340 0.000024
40341 0.000015
40342 0.000021
40343 0.000014
40344 0.000017
40345 0.000021
40346 0.000020
40347 0.000021
40348 0.000023
40349 0.000023
40350 0.000024
40351 0.000015
40352 0.000021
40353 0.000014
40354 0.000017
40355 0.000021
40356 0.000020
40357 0.000021
40358 0.000023
40359 0.000023
40360 0.000024
40361 0.000015
40362 0.000021
40363 0.000014
40364 0.000017
40365 0.000021
40366 0.000020
40367 0.000021
40368 0.000023
40369 0.000023
40370 0.000024
40371 0.000015
40372 0.000021
40373 0.000014
40374 0.000017
40375 0.000021
40376 0.000020
40377 0.000021
40378 0.000023
40379 0.000023
40380 0.000024
40381 0.000015
40382 0.000021
40383 0.000014
40384 0.000017
40385 0.000021
40386 0.000020
40387 0.000021
40388 0.000023
40389 0.000023
40390 0.000024
40391 0.000015
40392 0.000021
40393 0.000014
40394 0.000017
40395 0.000021
40396 0.000020
40397 0.000021
40398 0.000023
40399 0.000023
40400 0.000024
40401 0.000015
40402 0.000021
40403 0.000014
40404 0.000017
40405 0.000021
40406 0.000020
40407 0.000021
40408 0.000023
40409 0.000023
40410 0.000024
40411 0.000015
40412 0.000021
40413 0.000014
40414 0.000017
40415 0.000021
40416 0.000020
40417 0.000021
40418 0.000023
40419 0.000023
40420 0.000024
40421 0.000015
40422 0.000021
40423 0.000014
40424 0.000017
40425 0.000021
40426 0.000020
40427 0.000021
40428 0.000023
40429 0.000023
40430 0.000024
40431 0.000015
40432 0.000021
40433 0.000014
40434 0.000017
40435 0.000021
40436 0.000020
40437 0.000021
40438 0.000023
40439 0.000023
40440 0.000024
40441 0.000015
40442 0.000021
40443 0.000014
40444 0.000017
40445 0.000021
40446 0.000020
40447 0.000021
40448 0.000023
40449 0.000023
40450 0.000024
40451 0.000015
40452 0.000021
40453 0.000014
40454 0.000017
40455 0.000021
40456 0.000020
40457 0.000021
40458 0.000023
40459 0.000023
40460 0.000024
40461 0.000015
40462 0.000021
40463 0.000014
40464 0.000017
40465 0.000021
40466 0.000020
40467 0.000021
40468 0.000023
40469 0.000023
40470 0.000024
40471 0.000015
40472 0.000021
40473 0.000014
40474 0.000017
40475 0.000021
40476 0.000020
40477 0.000021
40478 0.000023
40479 0.000023
40480 0.000024
40481 0.000015
40482 0.000021
40483 0.000014
40484 0.000017
40485 0.000021
40486 0.000020
40487 0.000021
40488 0.000023
40489 0.000023
40490 0.000024
40491 0.000015
40492 0.000021
40493 0.000014
40494 0.000017
40495 0.000021
40496 0.000020
40497 0.000021
40498 0.000023
40499 0.000023
40500 0.000024
40501 0.000015
40502 0.000021
40503 0.000014
40504 0.000017
40505 0.000021
40506 0.000020
40507 0.000021
40508 0.000023
40509 0.000023
40510 0.000024
40511 0.000015
40512 0.000021
40513 0.000014
40514 0.000017
40515 0.000021
40516 0.000020
40517 0.000021
40518 0.000023
40519 0.000023
40520 0.000024
40521 0.000015
40522 0.000021
40523 0.000014
40524 0.000017
40525 0.000021
40526 0.000020
40527 0.000021
40528 0.000023
40529 0.000023
40530 0.000024
40531 0.000015
40532 0.000021
40533 0.000014
40534 0.000017
40535 0.000021
40536 0.000020
40537 0.000021
40538 0.000023
40539 0.000023
40540 0.000024
40541 0.000015
40542 0.000021
40543 0.000014
40544 0.000017
40545 0.000021
40546 0.000020
40547 0.000021
40548 0.000023
40549 0.000023
40550 0.000024
40551 0.000015
40552 0.000021
40553 0.000014
40554 0.000017
40555 0.000021
40556 0.000020
40557 0.000021
40558 0.000023
40559 0.000023
40560 0.000024
40561 0.000015
40562 0.000021
40563 0.000014
40564 0.000017
40565 0.000021
40566 0.000020
40567 0.000021
40568 0.000023
40569 0.000023
40570 0.000024
40571 0.000015
40572 0.000021
40573 0.000014
40574 0.000017
40575 0.000021
40576 0.000020
40577 0.000021
40578 0.000023
40579 0.000023
40580 0.000024
40581 0.000015
40582 0.000021
40583 0.000014
40584 0.000017
40585 0.000021
40586 0.000020
40587 0.000021
40588 0.000023
40589 0.000023
40590 0.000024
40591 0.000015
40592 0.000021
40593 0.000014
40594 0.000017
40595 0.000021
40596 0.000020
40597 0.000021
40598 0.000023
40599 0.000023
40600 0.000024
40601 0.000015
40602 0.000021
40603 0.000014
40604 0.000017
40605 0.000021
40606 0.000020
40607 0.000021
40608 0.000023
40609 0.000023
40610 0.000024
40611 0.000015
40612 0.000021
40613 0.000014
40614 0.000017
40615 0.000021
40616 0.000020
40617 0.000021
40618 0.000023
40619 0.000023
40620 0.000024
40621 0.000015
40622 0.000021
40623 0.000014
40624 0.000017
40625 0.000021
40626 0.000020
40627 0.000021
40628 0.000023
40629 0.000023
40630 0.000024
40631 0.000015
40632 0.000021
40633 0.000014
40634 0.000017
40635 0.000021
40636 0.000020
40637 0.000021
40638 0.000023
40639 0.000023
40640 0.000024
40641 0.000015
40642 0.000021
40643 0.000014
40644 0.000017
40645 0.000021
40646 0.000020
40647 0.000021
40648 0.000023
40649 0.000023
40650 0.000024
40651 0.000015
40652 0.000021
40653 0.000014
40654 0.000017
40655 0.000021
40656 0.000020
40657 0.000021
40658 0.000023
40659 0.000023
40660 0.000024
40661 0.000015
40662 0.000021
40663 0.000014
40664 0.000017
40665 0.000021
40666 0.000020
40667 0.000021
40668 0.000023
40669 0.000023
40670 0.000024
40671 0.000015
40672 0.000021
40673 0.000014
40674 0.000017
40675 0.000021
40676 0.000020
40677 0.000021
40678 0.000023
40679 0.000023
40680 0.000024
40681 0.000015
40682 0.000021
40683 0.000014
40684 0.000017
40685 0.000021
40686 0.000020
40687 0.000021
40688 0.000023
40689 0.000023
40690 0.000024
40691 0.000015
40692 0.000021
40693 0.000014
40694 0.000017
40695 0.000021
40696 0.000020
40697 0.000021
40698 0.000023
40699 0.000023
40700 0.000024
40701 0.000015
40702 0.000021
40703 0.000014
40704 0.000017
40705 0.000021
40706 0.000020
40707 0.000021
40708 0.000023
40709 0.000023
40710 0.000024
40711 0.000015
40712 0.000021
40713 0.000014
40714 0.000017
40715 0.000021
40716 0.000020
40717 0.000021
40718 0.000023
40719 0.000023
40720 0.000024
40721 0.000015
40722 0.000021
40723 0.000014
40724 0.000017
40725 0.000021
40726 0.000020
40727 0.000021
40728 0.000023
40729 0.000023
40730 0.000024
40731 0.000015
40732 0.000021
40733 0.000014
40734 0.000017
40735 0.000021
40736 0.000020
40737 0.000021
40738 0.000023
40739 0.000023
40740 0.000024
40741 0.000015
40742 0.000021
40743 0.000014
40744 0.000017
40745 0.000021
40746 0.000020
40747 0.000021
40748 0.000023
40749 0.000023
40750 0.000024
40751 0.000015
40752 0.000021
40753 0.000014
40754 0.000017
40755 0.000021
40756 0.000020
40757 0.000021
40758 0.000023
40759 0.000023
40760 0.000024
40761 0.000015
40762 0.000021
40763 0.000014
40764 0.000017
40765 0.000021
40766 0.000020
40767 0.000021
40768 0.000023
40769 0.000023
40770 0.000024
40771 0.000015
40772 0.000021
40773 0.000014
40774 0.000017
40775 0.000021
40776 0.000020
40777 0.000021
40778 0.000023
40779 0.000023
40780 0.000024
40781 0.000015
40782 0.000021
40783 0.000014
40784 0.000017
40785 0.000021
40786 0.000020
40787 0.000021
40788 0.000023
40789 0.000023
40790 0.000024
40791 0.000015
40792 0.000021
40793 0.000014
40794 0.000017
40795 0.000021
40796 0.000020
40797 0.000021
40798 0.000023
40799 0.000023
40800 0.000024
40801 0.000015
40802 0.000021
40803 0.000014
40804 0.000017
40805 0.000021
40806 0.000020
40807 0.000021
40808 0.000023
40809 0.000023
40810 0.000024
40811 0.000015
40812 0.000021
40813 0.000014
40814 0.000017
40815 0.000021
40816 0.000020
40817 0.000021
40818 0.000023
40819 0.000023
40820 0.000024
40821 0.000015
40822 0.000021
40823 0.000014
40824 0.000017
40825 0.000021
40826 0.000020
40827 0.000021
40828 0.000023
40829 0.000023
40830 0.000024
40831 0.000015
40832 0.000021
40833 0.000014
40834 0.000017
40835 0.000021
40836 0.000020
40837 0.000021
40838 0.000023
40839 0.000023
40840 0.000024
40841 0.000015
40842 0.000021
40843 0.000014
40844 0.000017
40845 0.000021
40846 0.000020
40847 0.000021
40848 0.000023
40849 0.000023
40850 0.000024
40851 0.000015
40852 0.000021
40853 0.000014
40854 0.000017
40855 0.000021
40856 0.000020
40857 0.000021
40858 0.000023
40859 0.000023
40860 0.000024
40861 0.000015
40862 0.000021
40863 0.000014
40864 0.000017
40865 0.000021
40866 0.000020
40867 0.000021
40868 0.000023
40869 0.000023
40870 0.000024
40871 0.000015
40872 0.000021
40873 0.000014
40874 0.000017
40875 0.000021
40876 0.000020
40877 0.000021
40878 0.000023
40879 0.000023
40880 0.000024
40881 0.000015
40882 0.000021
40883 0.000014
40884 0.000017
40885 0.000021
40886 0.000020
40887 0.000021
40888 0.000023
40889 0.000023
40890 0.000024
40891 0.000015
40892 0.000021
40893 0.000014
40894 0.000017
40895 0.000021
40896 0.000020
40897 0.000021
40898 0.000023
40899 0.000023
40900 0.000024
40901 0.000015
40902 0.000021
40903 0.000014
40904 0.000017
40905 0.000021
40906 0.000020
40907 0.000021
40908 0.000023
40909 0.000023
40910 0.000024
40911 0.000015
40912 0.000021
40913 0.000014
40914 0.000017
40915 0.000021
40916 0.000020
40917 0.000021
40918 0.000023
40919 0.000023
40920 0.000024
40921 0.000015
40922 0.000021
40923 0.000014
40924 0.000017
40925 0.000021
40926 0.000020
40927 0.000021
40928 0.000023
40929 0.000023
40930 0.000024
40931 0.000015
40932 0.000021
40933 0.000014
40934 0.000017
40935 0.000021
40936 0.000020
40937 0.000021
40938 0.000023
40939 0.000023
40940 0.000024
40941 0.000015
40942 0.000021
40943 0.000014
40944 0.000017
40945 0.000021
40946 0.000020
40947 0.000021
40948 0.000023
40949 0.000023
40950 0.000024
40951 0.000015
40952 0.000021
40953 0.000014
40954 0.000017
40955 0.000021
40956 0.000020
40957 0.000021
40958 0.000023
40959 0.000023
40960 0.000024
40961 0.000015
40962 0.000021
40963 0.000014
40964 0.000017
40965 0.000021
40966 0.000020
40967 0.000021
40968 0.000023
40969 0.000023
40970 0.000024
40971 0.000015
40972 0.000021
40973 0.000014
40974 0.000017
40975 0.000021
40976 0.000020
40977 0.000021
40978 0.000023
40979 0.000023
40980 0.000024
40981 0.000015
40982 0.000021
40983 0.000014
40984 0.000017
40985 0.000021
40986 0.000020
40987 0.000021
40988 0.000023
40989 0.000023
40990 0.000024
40991 0.000015
40992 0.000021
40993 0.000014
40994 0.000017
40995 0.000021
40996 0.000020
40997 0.000021
40998 0.000023
40999 0.000023
41000 0.000024
41001 0.000015
41002 0.000021
41003 0.000014
41004 0.000017
41005 0.000021
41006 0.000020
41007 0.000021
41008 0.000023
41009 0.000023
41010 0.000024
41011 0.000015
41012 0.000021
41013 0.000014
41014 0.000017
41015 0.000021
41016 0.000020
41017 0.000021
41018 0.000023
41019 0.000023
41020 0.000024
41021 0.000015
41022 0.000021
41023 0.000014
41024 0.000017
41025 0.000021
41026 0.000020
41027 0.000021
41028 0.000023
41029 0.000023
41030 0.000024
41031 0.000015
41032 0.000021
41033 0.000014
41034 0.000017
41035 0.000021
41036 0.000020
41037 0.000021
41038 0.000023
41039 0.000023
41040 0.000024
41041 0.000015
41042 0.000021
41043 0.000014
41044 0.000017
41045 0.000021
41046 0.000020
41047 0.000021
41048 0.000023
41049 0.000023
41050 0.000024
41051 0.000015
41052 0.000021
41053 0.000014
41054 0.000017
41055 0.000021
41056 0.000020
41057 0.000021
41058 0.000023
41059 0.000023
41060 0.000024
41061 0.000015
41062 0.000021
41063 0.000014
41064 0.000017
41065 0.000021
41066 0.000020
41067 0.000021
41068 0.000023
41069 0.000023
41070 0.000024
41071 0.000015
41072 0.000021
41073 0.000014
41074 0.000017
41075 0.000021
41076 0.000020
41077 0.000021
41078 0.000023
41079 0.000023
41080 0.000024
41081 0.000015
41082 0.000021
41083 0.000014
41084 0.000017
41085 0.000021
41086 0.000020
41087 0.000021
41088 0.000023
41089 0.000023
41090 0.000024
41091 0.000015
41092 0.000021
41093 0.000014
41094 0.000017
41095 0.000021
41096 0.000020
41097 0.000021
41098 0.000023
41099 0.000023
41100 0.000024
41101 0.000015
41102 0.000021
41103 0.000014
41104 0.000017
41105 0.000021
41106 0.000020
41107 0.000021
41108 0.000023
41109 0.000023
41110 0.000024
41111 0.000015
41112 0.000021
41113 0.000014
41114 0.000017
41115 0.000021
41116 0.000020
41117 0.000021
41118 0.000023
41119 0.000023
41120 0.000024
41121 0.000015
41122 0.000021
41123 0.000014
41124 0.000017
41125 0.000021
41126 0.000020
41127 0.000021
41128 0.000023
41129 0.000023
41130 0.000024
41131 0.000015
41132 0.000021
41133 0.000014
41134 0.000017
41135 0.000021
41136 0.000020
41137 0.000021
41138 0.000023
41139 0.000023
41140 0.000024
41141 0.000015
41142 0.000021
41143 0.000014
41144 0.000017
41145 0.000021
41146 0.000020
41147 0.000021
41148 0.000023
41149 0.000023
41150 0.000024
41151 0.000015
41152 0.000021
41153 0.000014
41154 0.000017
41155 0.000021
41156 0.000020
41157 0.000021
41158 0.000023
41159 0.000023
41160 0.000024
41161 0.000015
41162 0.000021
41163 0.000014
41164 0.000017
41165 0.000021
41166 0.000020
41167 0.000021
41168 0.000023
41169 0.000023
41170 0.000024
41171 0.000015
41172 0.000021
41173 0.000014
41174 0.000017
41175 0.000021
41176 0.000020
41177 0.000021
41178 0.000023
41179 0.000023
41180 0.000024
41181 0.000015
41182 0.000021
41183 0.000014
41184 0.000017
41185 0.000021
41186 0.000020
41187 0.000021
41188 0.000023
41189 0.000023
41190 0.000024
41191 0.000015
41192 0.000021
41193 0.000014
41194 0.000017
41195 0.000021
41196 0.000020
41197 0.000021
41198 0.000023
41199 0.000023
41200 0.000024
41201 0.000015
41202 0.000021
41203 0.000014
41204 0.000017
41205 0.000021
41206 0.000020
41207 0.000021
41208 0.000023
41209 0.000023
41210 0.000024
41211 0.000015
41212 0.000021
41213 0.000014
41214 0.000017
41215 0.000021
41216 0.000020
41217 0.000021
41218 0.000023
41219 0.000023
41220 0.000024
41221 0.000015
41222 0.000021
41223 0.000014
41224 0.000017
41225 0.000021
41226 0.000020
41227 0.000021
41228 0.000023
41229 0.000023
41230 0.000024
41231 0.000015
41232 0.000021
41233 0.000014
41234 0.000017
41235 0.000021
41236 0.000020
41237 0.000021
41238 0.000023
41239 0.000023
41240 0.000024
41241 0.000015
41242 0.000021
41243 0.000014
41244 0.000017
41245 0.000021
41246 0.000020
41247 0.000021
41248 0.000023
41249 0.000023
41250 0.000024
41251 0.000015
41252 0.000021
41253 0.000014
41254 0.000017
41255 0.000021
41256 0.000020
41257 0.000021
41258 0.000023
41259 0.000023
41260 0.000024
41261 0.000015
41262 0.000021
41263 0.000014
41264 0.000017
41265 0.000021
41266 0.000020
41267 0.000021
41268 0.000023
41269 0.000023
41270 0.000024
41271 0.000015
41272 0.000021
41273 0.000014
41274 0.000017
41275 0.000021
41276 0.000020
41277 0.000021
41278 0.000023
41279 0.000023
41280 0.000024
41281 0.000015
41282 0.000021
41283 0.000014
41284 0.000017
41285 0.000021
41286 0.000020
41287 0.000021
41288 0.000023
41289 0.000023
41290 0.000024
41291 0.000015
41292 0.000021
41293 0.000014
41294 0.000017
41295 0.000021
41296 0.000020
41297 0.000021
41298 0.000023
41299 0.000023
41300 0.000024
41301 0.000015
41302 0.000021
41303 0.000014
41304 0.000017
41305 0.000021
41306 0.000020
41307 0.000021
41308 0.000023
41309 0.000023
41310 0.000024
41311 0.000015
41312 0.000021
41313 0.000014
41314 0.000017
41315 0.000021
41316 0.000020
41317 0.000021
41318 0.000023
41319 0.000023
41320 0.000024
41321 0.000015
41322 0.000021
41323 0.000014
41324 0.000017
41325 0.000021
41326 0.000020
41327 0.000021
41328 0.000023
41329 0.000023
41330 0.000024
41331 0.000015
41332 0.000021
41333 0.000014
41334 0.000017
41335 0.000021
41336 0.000020
41337 0.000021
41338 0.000023
41339 0.000023
41340 0.000024
41341 0.000015
41342 0.000021
41343 0.000014
41344 0.000017
41345 0.000021
41346 0.000020
41347 0.000021
41348 0.000023
41349 0.000023
41350 0.000024
41351 0.000015
41352 0.000021
41353 0.000014
41354 0.000017
41355 0.000021
41356 0.000020
41357 0.000021
41358 0.000023
41359 0.000023
41360 0.000024
41361 0.000015
41362 0.000021
41363 0.000014
41364 0.000017
41365 0.000021
41366 0.000020
41367 0.000021
41368 0.000023
41369 0.000023
41370 0.000024
41371 0.000015
41372 0.000021
41373 0.000014
41374 0.000017
41375 0.000021
41376 0.000020
41377 0.000021
41378 0.000023
41379 0.000023
41380 0.000024
41381 0.000015
41382 0.000021
41383 0.000014
41384 0.000017
41385 0.000021
41386 0.000020
41387 0.000021
41388 0.000023
41389 0.000023
41390 0.000024
41391 0.000015
41392 0.000021
41393 0.000014
41394 0.000017
41395 0.000021
41396 0.000020
41397 0.000021
41398 0.000023
41399 0.000023
41400 0.000024
41401 0.000015
41402 0.000021
41403 0.000014
41404 0.000017
41405 0.000021
41406 0.000020
41407 0.000021
41408 0.000023
41409 0.000023
41410 0.000024
41411 0.000015
41412 0.000021
41413 0.000014
41414 0.000017
41415 0.000021
41416 0.000020
41417 0.000021
41418 0.000023
41419 0.000023
41420 0.000024
41421 0.000015
41422 0.000021
41423 0.000014
41424 0.000017
41425 0.000021
41426 0.000020
41427 0.000021
41428 0.000023
41429 0.000023
41430 0.000024
41431 0.000015
41432 0.000021
41433 0.000014
41434 0.000017
41435 0.000021
41436 0.000020
41437 0.000021
41438 0.000023
41439 0.000023
41440 0.000024
41441 0.000015
41442 0.000021
41443 0.000014
41444 0.000017
41445 0.000021
41446 0.000020
41447 0.000021
41448 0.000023
41449 0.000023
41450 0.000024
41451 0.000015
41452 0.000021
41453 0.000014
41454 0.000017
41455 0.000021
41456 0.000020
41457 0.000021
41458 0.000023
41459 0.000023
41460 0.000024
41461 0.000015
41462 0.000021
41463 0.000014
41464 0.000017
41465 0.000021
41466 0.000020
41467 0.000021
41468 0.000023
41469 0.000023
41470 0.000024
41471 0.000015
41472 0.000021
41473 0.000014
41474 0.000017
41475 0.000021
41476 0.000020
41477 0.000021
41478 0.000023
41479 0.000023
41480 0.000024
41481 0.000015
41482 0.000021
41483 0.000014
41484 0.000017
41485 0.000021
41486 0.000020
41487 0.000021
41488 0.000023
41489 0.000023
41490 0.000024
41491 0.000015
41492 0.000021
41493 0.000014
41494 0.000017
41495 0.000021
41496 0.000020
41497 0.000021
41498 0.000023
41499 0.000023
41500 0.000024
41501 0.000015
41502 0.000021
41503 0.000014
41504 0.000017
41505 0.000021
41506 0.000020
41507 0.000021
41508 0.000023
41509 0.000023
41510 0.000024
41511 0.000015
41512 0.000021
41513 0.000014
41514 0.000017
41515 0.000021
41516 0.000020
41517 0.000021
41518 0.000023
41519 0.000023
41520 0.000024
41521 0.000015
41522 0.000021
41523 0.000014
41524 0.000017
41525 0.000021
41526 0.000020
41527 0.000021
41528 0.000023
41529 0.000023
41530 0.000024
41531 0.000015
41532 0.000021
41533 0.000014
41534 0.000017
41535 0.000021
41536 0.000020
41537 0.000021
41538 0.000023
41539 0.000023
41540 0.000024
41541 0.000015
41542 0.000021
41543 0.000014
41544 0.000017
41545 0.000021
41546 0.000020
41547 0.000021
41548 0.000023
41549 0.000023
41550 0.000024
41551 0.000015
41552 0.000021
41553 0.000014
41554 0.000017
41555 0.000021
41556 0.000020
41557 0.000021
41558 0.000023
41559 0.000023
41560 0.000024
41561 0.000015
41562 0.000021
41563 0.000014
41564 0.000017
41565 0.000021
41566 0.000020
41567 0.000021
41568 0.000023
41569 0.000023
41570 0.000024
41571 0.000015
41572 0.000021
41573 0.000014
41574 0.000017
41575 0.000021
41576 0.000020
41577 0.000021
41578 0.000023
41579 0.000023
41580 0.000024
41581 0.000015
41582 0.000021
41583 0.000014
41584 0.000017
41585 0.000021
41586 0.000020
41587 0.000021
41588 0.000023
41589 0.000023
41590 0.000024
41591 0.000015
41592 0.000021
41593 0.000014
41594 0.000017
41595 0.000021
41596 0.000020
41597 0.000021
41598 0.000023
41599 0.000023
41600 0.000024
41601 0.000015
41602 0.000021
41603 0.000014
41604 0.000017
41605 0.000021
41606 0.000020
41607 0.000021
41608 0.000023
41609 0.000023
41610 0.000024
41611 0.000015
41612 0.000021
41613 0.000014
41614 0.000017
41615 0.000021
41616 0.000020
41617 0.000021
41618 0.000023
41619 0.000023
41620 0.000024
41621 0.000015
41622 0.000021
41623 0.000014
41624 0.000017
41625 0.000021
41626 0.000020
41627 0.000021
41628 0.000023
41629 0.000023
41630 0.000024
41631 0.000015
41632 0.000021
41633 0.000014
41634 0.000017
41635 0.000021
41636 0.000020
41637 0.000021
41638 0.000023
41639 0.000023
41640 0.000024
41641 0.000015
41642 0.000021
41643 0.000014
41644 0.000017
41645 0.000021
41646 0.000020
41647 0.000021
41648 0.000023
41649 0.000023
41650 0.000024
41651 0.000015
41652 0.000021
41653 0.000014
41654 0.000017
41655 0.000021
41656 0.000020
41657 0.000021
41658 0.000023
41659 0.000023
41660 0.000024
41661 0.000015
41662 0.000021
41663 0.000014
41664 0.000017
41665 0.000021
41666 0.000020
41667 0.000021
41668 0.000023
41669 0.000023
41670 0.000024
41671 0.000015
41672 0.000021
41673 0.000014
41674 0.000017
41675 0.000021
41676 0.000020
41677 0.000021
41678 0.000023
41679 0.000023
41680 0.000024
41681 0.000015
41682 0.000021
41683 0.000014
41684 0.000017
41685 0.000021
41686 0.000020
41687 0.000021
41688 0.000023
41689 0.000023
41690 0.000024
41691 0.000015
41692 0.000021
41693 0.000014
41694 0.000017
41695 0.000021
41696 0.000020
41697 0.000021
41698 0.000023
41699 0.000023
41700 0.000024
41701 0.000015
41702 0.000021
41703 0.000014
41704 0.000017
41705 0.000021
41706 0.000020
41707 0.000021
41708 0.000023
41709 0.000023
41710 0.000024
41711 0.000015
41712 0.000021
41713 0.000014
41714 0.000017
41715 0.000021
41716 0.000020
41717 0.000021
41718 0.000023
41719 0.000023
41720 0.000024
41721 0.000015
41722 0.000021
41723 0.000014
41724 0.000017
41725 0.000021
41726 0.000020
41727 0.000021
41728 0.000023
41729 0.000023
41730 0.000024
41731 0.000015
41732 0.000021
41733 0.000014
41734 0.000017
41735 0.000021
41736 0.000020
41737 0.000021
41738 0.000023
41739 0.000023
41740 0.000024
41741 0.000015
41742 0.000021
41743 0.000014
41744 0.000017
41745 0.000021
41746 0.000020
41747 0.000021
41748 0.000023
41749 0.000023
41750 0.000024
41751 0.000015
41752 0.000021
41753 0.000014
41754 0.000017
41755 0.000021
41756 0.000020
41757 0.000021
41758 0.000023
41759 0.000023
41760 0.000024
41761 0.000015
41762 0.000021
41763 0.000014
41764 0.000017
41765 0.000021
41766 0.000020
41767 0.000021
41768 0.000023
41769 0.000023
41770 0.000024
41771 0.000015
41772 0.000021
41773 0.000014
41774 0.000017
41775 0.000021
41776 0.000020
41777 0.000021
41778 0.000023
41779 0.000023
41780 0.000024
41781 0.000015
41782 0.000021
41783 0.000014
41784 0.000017
41785 0.000021
41786 0.000020
41787 0.000021
41788 0.000023
41789 0.000023
41790 0.000024
41791 0.000015
41792 0.000021
41793 0.000014
41794 0.000017
41795 0.000021
41796 0.000020
41797 0.000021
41798 0.000023
41799 0.000023
41800 0.000024
41801 0.000015
41802 0.000021
41803 0.000014
41804 0.000017
41805 0.000021
41806 0.000020
41807 0.000021
41808 0.000023
41809 0.000023
41810 0.000024
41811 0.000015
41812 0.000021
41813 0.000014
41814 0.000017
41815 0.000021
41816 0.000020
41817 0.000021
41818 0.000023
41819 0.000023
41820 0.000024
41821 0.000015
41822 0.000021
41823 0.000014
41824 0.000017
41825 0.000021
41826 0.000020
41827 0.000021
41828 0.000023
41829 0.000023
41830 0.000024
41831 0.000015
41832 0.000021
41833 0.000014
41834 0.000017
41835 0.000021
41836 0.000020
41837 0.000021
41838 0.000023
41839 0.000023
41840 0.000024
41841 0.000015
41842 0.000021
41843 0.000014
41844 0.000017
41845 0.000021
41846 0.000020
41847 0.000021
41848 0.000023
41849 0.000023
41850 0.000024
41851 0.000015
41852 0.000021
41853 0.000014
41854 0.000017
41855 0.000021
41856 0.000020
41857 0.000021
41858 0.000023
41859 0.000023
41860 0.000024
41861 0.000015
41862 0.000021
41863 0.000014
41864 0.000017
41865 0.000021
41866 0.000020
41867 0.000021
41868 0.000023
41869 0.000023
41870 0.000024
41871 0.000015
41872 0.000021
41873 0.000014
41874 0.000017
41875 0.000021
41876 0.000020
41877 0.000021
41878 0.000023
41879 0.000023
41880 0.000024
41881 0.000015
41882 0.000021
41883 0.000014
41884 0.000017
41885 0.000021
41886 0.000020
41887 0.000021
41888 0.000023
41889 0.000023
41890 0.000024
41891 0.000015
41892 0.000021
41893 0.000014
41894 0.000017
41895 0.000021
41896 0.000020
41897 0.000021
41898 0.000023
41899 0.000023
41900 0.000024
41901 0.000015
41902 0.000021
41903 0.000014
41904 0.000017
41905 0.000021
41906 0.000020
41907 0.000021
41908 0.000023
41909 0.000023
41910 0.000024
41911 0.000015
41912 0.000021
41913 0.000014
41914 0.000017
41915 0.000021
41916 0.000020
41917 0.000021
41918 0.000023
41919 0.000023
41920 0.000024
41921 0.000015
41922 0.000021
41923 0.000014
41924 0.000017
41925 0.000021
41926 0.000020
41927 0.000021
41928 0.000023
41929 0.000023
41930 0.000024
41931 0.000015
41932 0.000021
41933 0.000014
41934 0.000017
41935 0.000021
41936 0.000020
41937 0.000021
41938 0.000023
41939 0.000023
41940 0.000024
41941 0.000015
41942 0.000021
41943 0.000014
41944 0.000017
41945 0.000021
41946 0.000020
41947 0.000021
41948 0.000023
41949 0.000023
41950 0.000024
41951 0.000015
41952 0.000021
41953 0.000014
41954 0.000017
41955 0.000021
41956 0.000020
41957 0.000021
41958 0.000023
41959 0.000023
41960 0.000024
41961 0.000015
41962 0.000021
41963 0.000014
41964 0.000017
41965 0.000021
41966 0.000020
41967 0.000021
41968 0.000023
41969 0.000023
41970 0.000024
41971 0.000015
41972 0.000021
41973 0.000014
41974 0.000017
41975 0.000021
41976 0.000020
41977 0.000021
41978 0.000023
41979 0.000023
41980 0.000024
41981 0.000015
41982 0.000021
41983 0.000014
41984 0.000017
41985 0.000021
41986 0.000020
41987 0.000021
41988 0.000023
41989 0.000023
41990 0.000024
41991 0.000015
41992 0.000021
41993 0.000014
41994 0.000017
41995 0.000021
41996 0.000020
41997 0.000021
41998 0.000023
41999 0.000023
42000 0.000024
42001 0.000015
42002 0.000021
42003 0.000014
42004 0.000017
42005 0.000021
42006 0.000020
42007 0.000021
42008 0.000023
42009 0.000023
42010 0.000024
42011 0.000015
42012 0.000021
42013 0.000014
42014 0.000017
42015 0.000021
42016 0.000020
42017 0.000021
42018 0.000023
42019 0.000023
42020 0.000024
42021 0.000015
42022 0.000021
42023 0.000014
42024 0.000017
42025 0.000021
42026 0.000020
42027 0.000021
42028 0.000023
42029 0.000023
42030 0.000024
42031 0.000015
42032 0.000021
42033 0.000014
42034 0.000017
42035 0.000021
42036 0.000020
42037 0.000021
42038 0.000023
42039 0.000023
42040 0.000024
42041 0.000015
42042 0.000021
42043 0.000014
42044 0.000017
42045 0.000021
42046 0.000020
42047 0.000021
42048 0.000023
42049 0.000023
42050 0.000024
42051 0.000015
42052 0.000021
42053 0.000014
42054 0.000017
42055 0.000021
42056 0.000020
42057 0.000021
42058 0.000023
42059 0.000023
42060 0.000024
42061 0.000015
42062 0.000021
42063 0.000014
42064 0.000017
42065 0.000021
42066 0.000020
42067 0.000021
42068 0.000023
42069 0.000023
42070 0.000024
42071 0.000015
42072 0.000021
42073 0.000014
42074 0.000017
42075 0.000021
42076 0.000020
42077 0.000021
42078 0.000023
42079 0.000023
42080 0.000024
42081 0.000015
42082 0.000021
42083 0.000014
42084 0.000017
42085 0.000021
42086 0.000020
42087 0.000021
42088 0.000023
42089 0.000023
42090 0.000024
42091 0.000015
42092 0.000021
42093 0.000014
42094 0.000017
42095 0.000021
42096 0.000020
42097 0.000021
42098 0.000023
42099 0.000023
42100 0.000024
42101 0.000015
42102 0.000021
42103 0.000014
42104 0.000017
42105 0.000021
42106 0.000020
42107 0.000021
42108 0.000023
42109 0.000023
42110 0.000024
42111 0.000015
42112 0.000021
42113 0.000014
42114 0.000017
42115 0.000021
42116 0.000020
42117 0.000021
42118 0.000023
42119 0.000023
42120 0.000024
42121 0.000015
42122 0.000021
42123 0.000014
42124 0.000017
42125 0.000021
42126 0.000020
42127 0.000021
42128 0.000023
42129 0.000023
42130 0.000024
42131 0.000015
42132 0.000021
42133 0.000014
42134 0.000017
42135 0.000021
42136 0.000020
42137 0.000021
42138 0.000023
42139 0.000023
42140 0.000024
42141 0.000015
42142 0.000021
42143 0.000014
42144 0.000017
42145 0.000021
42146 0.000020
42147 0.000021
42148 0.000023
42149 0.000023
42150 0.000024
42151 0.000015
42152 0.000021
42153 0.000014
42154 0.000017
42155 0.000021
42156 0.000020
42157 0.000021
42158 0.000023
42159 0.000023
42160 0.000024
42161 0.000015
42162 0.000021
42163 0.000014
42164 0.000017
42165 0.000021
42166 0.000020
42167 0.000021
42168 0.000023
42169 0.000023
42170 0.000024
42171 0.000015
42172 0.000021
42173 0.000014
42174 0.000017
42175 0.000021
42176 0.000020
42177 0.000021
42178 0.000023
42179 0.000023
42180 0.000024
42181 0.000015
42182 0.000021
42183 0.000014
42184 0.000017
42185 0.000021
42186 0.000020
42187 0.000021
42188 0.000023
42189 0.000023
42190 0.000024
42191 0.000015
42192 0.000021
42193 0.000014
42194 0.000017
42195 0.000021
42196 0.000020
42197 0.000021
42198 0.000023
42199 0.000023
42200 0.000024
42201 0.000015
42202 0.000021
42203 0.000014
42204 0.000017
42205 0.000021
42206 0.000020
42207 0.000021
42208 0.000023
42209 0.000023
42210 0.000024
42211 0.000015
42212 0.000021
42213 0.000014
42214 0.000017
42215 0.000021
42216 0.000020
42217 0.000021
42218 0.000023
42219 0.000023
42220 0.000024
42221 0.000015
42222 0.000021
42223 0.000014
42224 0.000017
42225 0.000021
42226 0.000020
42227 0.000021
42228 0.000023
42229 0.000023
42230 0.000024
42231 0.000015
42232 0.000021
42233 0.000014
42234 0.000017
42235 0.000021
42236 0.000020
42237 0.000021
42238 0.000023
42239 0.000023
42240 0.000024
42241 0.000015
42242 0.000021
42243 0.000014
42244 0.000017
42245 0.000021
42246 0.000020
42247 0.000021
42248 0.000023
42249 0.000023
42250 0.000024
42251 0.000015
42252 0.000021
42253 0.000014
42254 0.000017
42255 0.000021
42256 0.000020
42257 0.000021
42258 0.000023
42259 0.000023
42260 0.000024
42261 0.000015
42262 0.000021
42263 0.000014
42264 0.000017
42265 0.000021
42266 0.000020
42267 0.000021
42268 0.000023
42269 0.000023
42270 0.000024
42271 0.000015
42272 0.000021
42273 0.000014
42274 0.000017
42275 0.000021
42276 0.000020
42277 0.000021
42278 0.000023
42279 0.000023
42280 0.000024
42281 0.000015
42282 0.000021
42283 0.000014
42284 0.000017
42285 0.000021
42286 0.000020
42287 0.000021
42288 0.000023
42289 0.000023
42290 0.000024
42291 0.000015
42292 0.000021
42293 0.000014
42294 0.000017
42295 0.000021
42296 0.000020
42297 0.000021
42298 0.000023
42299 0.000023
42300 0.000024
42301 0.000015
42302 0.000021
42303 0.000014
42304 0.000017
42305 0.000021
42306 0.000020
42307 0.000021
42308 0.000023
42309 0.000023
42310 0.000024
42311 0.000015
42312 0.000021
42313 0.000014
42314 0.000017
42315 0.000021
42316 0.000020
42317 0.000021
42318 0.000023
42319 0.000023
42320 0.000024
42321 0.000015
42322 0.000021
42323 0.000014
42324 0.000017
42325 0.000021
42326 0.000020
42327 0.000021
42328 0.000023
42329 0.000023
42330 0.000024
42331 0.000015
42332 0.000021
42333 0.000014
42334 0.000017
42335 0.000021
42336 0.000020
42337 0.000021
42338 0.000023
42339 0.000023
42340 0.000024
42341 0.000015
42342 0.000021
42343 0.000014
42344 0.000017
42345 0.000021
42346 0.000020
42347 0.000021
42348 0.000023
42349 0.000023
42350 0.000024
42351 0.000015
42352 0.000021
42353 0.000014
42354 0.000017
42355 0.000021
42356 0.000020
42357 0.000021
42358 0.000023
42359 0.000023
42360 0.000024
42361 0.000015
42362 0.000021
42363 0.000014
42364 0.000017
42365 0.000021
42366 0.000020
42367 0.000021
42368 0.000023
42369 0.000023
42370 0.000024
42371 0.000015
42372 0.000021
42373 0.000014
42374 0.000017
42375 0.000021
42376 0.000020
42377 0.000021
42378 0.000023
42379 0.000023
42380 0.000024
42381 0.000015
42382 0.000021
42383 0.000014
42384 0.000017
42385 0.000021
42386 0.000020
42387 0.000021
42388 0.000023
42389 0.000023
42390 0.000024
42391 0.000015
42392 0.000021
42393 0.000014
42394 0.000017
42395 0.000021
42396 0.000020
42397 0.000021
42398 0.000023
42399 0.000023
42400 0.000024
42401 0.000015
42402 0.000021
42403 0.000014
42404 0.000017
42405 0.000021
42406 0.000020
42407 0.000021
42408 0.000023
42409 0.000023
42410 0.000024
42411 0.000015
42412 0.000021
42413 0.000014
42414 0.000017
42415 0.000021
42416 0.000020
42417 0.000021
42418 0.000023
42419 0.000023
42420 0.000024
42421 0.000015
42422 0.000021
42423 0.000014
42424 0.000017
42425 0.000021
42426 0.000020
42427 0.000021
42428 0.000023
42429 0.000023
42430 0.000024
42431 0.000015
42432 0.000021
42433 0.000014
42434 0.000017
42435 0.000021
42436 0.000020
42437 0.000021
42438 0.000023
42439 0.000023
42440 0.000024
42441 0.000015
42442 0.000021
42443 0.000014
42444 0.000017
42445 0.000021
42446 0.000020
42447 0.000021
42448 0.000023
42449 0.000023
42450 0.000024
42451 0.000015
42452 0.000021
42453 0.000014
42454 0.000017
42455 0.000021
42456 0.000020
42457 0.000021
42458 0.000023
42459 0.000023
42460 0.000024
42461 0.000015
42462 0.000021
42463 0.000014
42464 0.000017
42465 0.000021
42466 0.000020
42467 0.000021
42468 0.000023
42469 0.000023
42470 0.000024
42471 0.000015
42472 0.000021
42473 0.000014
42474 0.000017
42475 0.000021
42476 0.000020
42477 0.000021
42478 0.000023
42479 0.000023
42480 0.000024
42481 0.000015
42482 0.000021
42483 0.000014
42484 0.000017
42485 0.000021
42486 0.000020
42487 0.000021
42488 0.000023
42489 0.000023
42490 0.000024
42491 0.000015
42492 0.000021
42493 0.000014
42494 0.000017
42495 0.000021
42496 0.000020
42497 0.000021
42498 0.000023
42499 0.000023
42500 0.000024
42501 0.000015
42502 0.000021
42503 0.000014
42504 0.000017
42505 0.000021
42506 0.000020
42507 0.000021
42508 0.000023
42509 0.000023
42510 0.000024
42511 0.000015
42512 0.000021
42513 0.000014
42514 0.000017
42515 0.000021
42516 0.000020
42517 0.000021
42518 0.000023
42519 0.000023
42520 0.000024
42521 0.000015
42522 0.000021
42523 0.000014
42524 0.000017
42525 0.000021
42526 0.000020
42527 0.000021
42528 0.000023
42529 0.000023
42530 0.000024
42531 0.000015
42532 0.000021
42533 0.000014
42534 0.000017
42535 0.000021
42536 0.000020
42537 0.000021
42538 0.000023
42539 0.000023
42540 0.000024
42541 0.000015
42542 0.000021
42543 0.000014
42544 0.000017
42545 0.000021
42546 0.000020
42547 0.000021
42548 0.000023
42549 0.000023
42550 0.000024
42551 0.000015
42552 0.000021
42553 0.000014
42554 0.000017
42555 0.000021
42556 0.000020
42557 0.000021
42558 0.000023
42559 0.000023
42560 0.000024
42561 0.000015
42562 0.000021
42563 0.000014
42564 0.000017
42565 0.000021
42566 0.000020
42567 0.000021
42568 0.000023
42569 0.000023
42570 0.000024
42571 0.000015
42572 0.000021
42573 0.000014
42574 0.000017
42575 0.000021
42576 0.000020
42577 0.000021
42578 0.000023
42579 0.000023
42580 0.000024
42581 0.000015
42582 0.000021
42583 0.000014
42584 0.000017
42585 0.000021
42586 0.000020
42587 0.000021
42588 0.000023
42589 0.000023
42590 0.000024
42591 0.000015
42592 0.000021
42593 0.000014
42594 0.000017
42595 0.000021
42596 0.000020
42597 0.000021
42598 0.000023
42599 0.000023
42600 0.000024
42601 0.000015
42602 0.000021
42603 0.000014
42604 0.000017
42605 0.000021
42606 0.000020
42607 0.000021
42608 0.000023
42609 0.000023
42610 0.000024
42611 0.000015
42612 0.000021
42613 0.000014
42614 0.000017
42615 0.000021
42616 0.000020
42617 0.000021
42618 0.000023
42619 0.000023
42620 0.000024
42621 0.000015
42622 0.000021
42623 0.000014
42624 0.000017
42625 0.000021
42626 0.000020
42627 0.000021
42628 0.000023
42629 0.000023
42630 0.000024
42631 0.000015
42632 0.000021
42633 0.000014
42634 0.000017
42635 0.000021
42636 0.000020
42637 0.000021
42638 0.000023
42639 0.000023
42640 0.000024
42641 0.000015
42642 0.000021
42643 0.000014
42644 0.000017
42645 0.000021
42646 0.000020
42647 0.000021
42648 0.000023
42649 0.000023
42650 0.000024
42651 0.000015
42652 0.000021
42653 0.000014
42654 0.000017
42655 0.000021
42656 0.000020
42657 0.000021
42658 0.000023
42659 0.000023
42660 0.000024
42661 0.000015
42662 0.000021
42663 0.000014
42664 0.000017
42665 0.000021
42666 0.000020
42667 0.000021
42668 0.000023
42669 0.000023
42670 0.000024
42671 0.000015
42672 0.000021
42673 0.000014
42674 0.000017
42675 0.000021
42676 0.000020
42677 0.000021
42678 0.000023
42679 0.000023
42680 0.000024
42681 0.000015
42682 0.000021
42683 0.000014
42684 0.000017
42685 0.000021
42686 0.000020
42687 0.000021
42688 0.000023
42689 0.000023
42690 0.000024
42691 0.000015
42692 0.000021
42693 0.000014
42694 0.000017
42695 0.000021
42696 0.000020
42697 0.000021
42698 0.000023
42699 0.000023
42700 0.000024
42701 0.000015
42702 0.000021
42703 0.000014
42704 0.000017
42705 0.000021
42706 0.000020
42707 0.000021
42708 0.000023
42709 0.000023
42710 0.000024
42711 0.000015
42712 0.000021
42713 0.000014
42714 0.000017
42715 0.000021
42716 0.000020
42717 0.000021
42718 0.000023
42719 0.000023
42720 0.000024
42721 0.000015
42722 0.000021
42723 0.000014
42724 0.000017
42725 0.000021
42726 0.000020
42727 0.000021
42728 0.000023
42729 0.000023
42730 0.000024
42731 0.000015
42732 0.000021
42733 0.000014
42734 0.000017
42735 0.000021
42736 0.000020
42737 0.000021
42738 0.000023
42739 0.000023
42740 0.000024
42741 0.000015
42742 0.000021
42743 0.000014
42744 0.000017
42745 0.000021
42746 0.000020
42747 0.000021
42748 0.000023
42749 0.000023
42750 0.000024
42751 0.000015
42752 0.000021
42753 0.000014
42754 0.000017
42755 0.000021
42756 0.000020
42757 0.000021
42758 0.000023
42759 0.000023
42760 0.000024
42761 0.000015
42762 0.000021
42763 0.000014
42764 0.000017
42765 0.000021
42766 0.000020
42767 0.000021
42768 0.000023
42769 0.000023
42770 0.000024
42771 0.000015
42772 0.000021
42773 0.000014
42774 0.000017
42775 0.000021
42776 0.000020
42777 0.000021
42778 0.000023
42779 0.000023
42780 0.000024
42781 0.000015
42782 0.000021
42783 0.000014
42784 0.000017
42785 0.000021
42786 0.000020
42787 0.000021
42788 0.000023
42789 0.000023
42790 0.000024
42791 0.000015
42792 0.000021
42793 0.000014
42794 0.000017
42795 0.000021
42796 0.000020
42797 0.000021
42798 0.000023
42799 0.000023
42800 0.000024
42801 0.000015
42802 0.000021
42803 0.000014
42804 0.000017
42805 0.000021
42806 0.000020
42807 0.000021
42808 0.000023
42809 0.000023
42810 0.000024
42811 0.000015
42812 0.000021
42813 0.000014
42814 0.000017
42815 0.000021
42816 0.000020
42817 0.000021
42818 0.000023
42819 0.000023
42820 0.000024
42821 0.000015
42822 0.000021
42823 0.000014
42824 0.000017
42825 0.000021
42826 0.000020
42827 0.000021
42828 0.000023
42829 0.000023
42830 0.000024
42831 0.000015
42832 0.000021
42833 0.000014
42834 0.000017
42835 0.000021
42836 0.000020
42837 0.000021
42838 0.000023
42839 0.000023
42840 0.000024
42841 0.000015
42842 0.000021
42843 0.000014
42844 0.000017
42845 0.000021
42846 0.000020
42847 0.000021
42848 0.000023
42849 0.000023
42850 0.000024
42851 0.000015
42852 0.000021
42853 0.000014
42854 0.000017
42855 0.000021
42856 0.000020
42857 0.000021
42858 0.000023
42859 0.000023
42860 0.000024
42861 0.000015
42862 0.000021
42863 0.000014
42864 0.000017
42865 0.000021
42866 0.000020
42867 0.000021
42868 0.000023
42869 0.000023
42870 0.000024
42871 0.000015
42872 0.000021
42873 0.000014
42874 0.000017
42875 0.000021
42876 0.000020
42877 0.000021
42878 0.000023
42879 0.000023
42880 0.000024
42881 0.000015
42882 0.000021
42883 0.000014
42884 0.000017
42885 0.000021
42886 0.000020
42887 0.000021
42888 0.000023
42889 0.000023
42890 0.000024
42891 0.000015
42892 0.000021
42893 0.000014
42894 0.000017
42895 0.000021
42896 0.000020
42897 0.000021
42898 0.000023
42899 0.000023
42900 0.000024
42901 0.000015
42902 0.000021
42903 0.000014
42904 0.000017
42905 0.000021
42906 0.000020
42907 0.000021
42908 0.000023
42909 0.000023
42910 0.000024
42911 0.000015
42912 0.000021
42913 0.000014
42914 0.000017
42915 0.000021
42916 0.000020
42917 0.000021
42918 0.000023
42919 0.000023
42920 0.000024
42921 0.000015
42922 0.000021
42923 0.000014
42924 0.000017
42925 0.000021
42926 0.000020
42927 0.000021
42928 0.000023
42929 0.000023
42930 0.000024
42931 0.000015
42932 0.000021
42933 0.000014
42934 0.000017
42935 0.000021
42936 0.000020
42937 0.000021
42938 0.000023
42939 0.000023
42940 0.000024
42941 0.000015
42942 0.000021
42943 0.000014
42944 0.000017
42945 0.000021
42946 0.000020
42947 0.000021
42948 0.000023
42949 0.000023
42950 0.000024
42951 0.000015
42952 0.000021
42953 0.000014
42954 0.000017
42955 0.000021
42956 0.000020
42957 0.000021
42958 0.000023
42959 0.000023
42960 0.000024
42961 0.000015
42962 0.000021
42963 0.000014
42964 0.000017
42965 0.000021
42966 0.000020
42967 0.000021
42968 0.000023
42969 0.000023
42970 0.000024
42971 0.000015
42972 0.000021
42973 0.000014
42974 0.000017
42975 0.000021
42976 0.000020
42977 0.000021
42978 0.000023
42979 0.000023
42980 0.000024
42981 0.000015
42982 0.000021
42983 0.000014
42984 0.000017
42985 0.000021
42986 0.000020
42987 0.000021
42988 0.000023
42989 0.000023
42990 0.000024
42991 0.000015
42992 0.000021
42993 0.000014
42994 0.000017
42995 0.000021
42996 0.000020
42997 0.000021
42998 0.000023
42999 0.000023
43000 0.000024
43001 0.000015
43002 0.000021
43003 0.000014
43004 0.000017
43005 0.000021
43006 0.000020
43007 0.000021
43008 0.000023
43009 0.000023
43010 0.000024
43011 0.000015
43012 0.000021
43013 0.000014
43014 0.000017
43015 0.000021
43016 0.000020
43017 0.000021
43018 0.000023
43019 0.000023
43020 0.000024
43021 0.000015
43022 0.000021
43023 0.000014
43024 0.000017
43025 0.000021
43026 0.000020
43027 0.000021
43028 0.000023
43029 0.000023
43030 0.000024
43031 0.000015
43032 0.000021
43033 0.000014
43034 0.000017
43035 0.000021
43036 0.000020
43037 0.000021
43038 0.000023
43039 0.000023
43040 0.000024
43041 0.000015
43042 0.000021
43043 0.000014
43044 0.000017
43045 0.000021
43046 0.000020
43047 0.000021
43048 0.000023
43049 0.000023
43050 0.000024
43051 0.000015
43052 0.000021
43053 0.000014
43054 0.000017
43055 0.000021
43056 0.000020
43057 0.000021
43058 0.000023
43059 0.000023
43060 0.000024
43061 0.000015
43062 0.000021
43063 0.000014
43064 0.000017
43065 0.000021
43066 0.000020
43067 0.000021
43068 0.000023
43069 0.000023
43070 0.000024
43071 0.000015
43072 0.000021
43073 0.000014
43074 0.000017
43075 0.000021
43076 0.000020
43077 0.000021
43078 0.000023
43079 0.000023
43080 0.000024
43081 0.000015
43082 0.000021
43083 0.000014
43084 0.000017
43085 0.000021
43086 0.000020
43087 0.000021
43088 0.000023
43089 0.000023
43090 0.000024
43091 0.000015
43092 0.000021
43093 0.000014
43094 0.000017
43095 0.000021
43096 0.000020
43097 0.000021
43098 0.000023
43099 0.000023
43100 0.000024
43101 0.000015
43102 0.000021
43103 0.000014
43104 0.000017
43105 0.000021
43106 0.000020
43107 0.000021
43108 0.000023
43109 0.000023
43110 0.000024
43111 0.000015
43112 0.000021
43113 0.000014
43114 0.000017
43115 0.000021
43116 0.000020
43117 0.000021
43118 0.000023
43119 0.000023
43120 0.000024
43121 0.000015
43122 0.000021
43123 0.000014
43124 0.000017
43125 0.000021
43126 0.000020
43127 0.000021
43128 0.000023
43129 0.000023
43130 0.000024
43131 0.000015
43132 0.000021
43133 0.000014
43134 0.000017
43135 0.000021
43136 0.000020
43137 0.000021
43138 0.000023
43139 0.000023
43140 0.000024
43141 0.000015
43142 0.000021
43143 0.000014
43144 0.000017
43145 0.000021
43146 0.000020
43147 0.000021
43148 0.000023
43149 0.000023
43150 0.000024
43151 0.000015
43152 0.000021
43153 0.000014
43154 0.000017
43155 0.000021
43156 0.000020
43157 0.000021
43158 0.000023
43159 0.000023
43160 0.000024
43161 0.000015
43162 0.000021
43163 0.000014
43164 0.000017
43165 0.000021
43166 0.000020
43167 0.000021
43168 0.000023
43169 0.000023
43170 0.000024
43171 0.000015
43172 0.000021
43173 0.000014
43174 0.000017
43175 0.000021
43176 0.000020
43177 0.000021
43178 0.000023
43179 0.000023
43180 0.000024
43181 0.000015
43182 0.000021
43183 0.000014
43184 0.000017
43185 0.000021
43186 0.000020
43187 0.000021
43188 0.000023
43189 0.000023
43190 0.000024
43191 0.000015
43192 0.000021
43193 0.000014
43194 0.000017
43195 0.000021
43196 0.000020
43197 0.000021
43198 0.000023
43199 0.000023
43200 0.000024
43201 0.000015
43202 0.000021
43203 0.000014
43204 0.000017
43205 0.000021
43206 0.000020
43207 0.000021
43208 0.000023
43209 0.000023
43210 0.000024
43211 0.000015
43212 0.000021
43213 0.000014
43214 0.000017
43215 0.000021
43216 0.000020
43217 0.000021
43218 0.000023
43219 0.000023
43220 0.000024
43221 0.000015
43222 0.000021
43223 0.000014
43224 0.000017
43225 0.000021
43226 0.000020
43227 0.000021
43228 0.000023
43229 0.000023
43230 0.000024
43231 0.000015
43232 0.000021
43233 0.000014
43234 0.000017
43235 0.000021
43236 0.000020
43237 0.000021
43238 0.000023
43239 0.000023
43240 0.000024
43241 0.000015
43242 0.000021
43243 0.000014
43244 0.000017
43245 0.000021
43246 0.000020
43247 0.000021
43248 0.000023
43249 0.000023
43250 0.000024
43251 0.000015
43252 0.000021
43253 0.000014
43254 0.000017
43255 0.000021
43256 0.000020
43257 0.000021
43258 0.000023
43259 0.000023
43260 0.000024
43261 0.000015
43262 0.000021
43263 0.000014
43264 0.000017
43265 0.000021
43266 0.000020
43267 0.000021
43268 0.000023
43269 0.000023
43270 0.000024
43271 0.000015
43272 0.000021
43273 0.000014
43274 0.000017
43275 0.000021
43276 0.000020
43277 0.000021
43278 0.000023
43279 0.000023
43280 0.000024
43281 0.000015
43282 0.000021
43283 0.000014
43284 0.000017
43285 0.000021
43286 0.000020
43287 0.000021
43288 0.000023
43289 0.000023
43290 0.000024
43291 0.000015
43292 0.000021
43293 0.000014
43294 0.000017
43295 0.000021
43296 0.000020
43297 0.000021
43298 0.000023
43299 0.000023
43300 0.000024
43301 0.000015
43302 0.000021
43303 0.000014
43304 0.000017
43305 0.000021
43306 0.000020
43307 0.000021
43308 0.000023
43309 0.000023
43310 0.000024
43311 0.000015
43312 0.000021
43313 0.000014
43314 0.000017
43315 0.000021
43316 0.000020
43317 0.000021
43318 0.000023
43319 0.000023
43320 0.000024
43321 0.000015
43322 0.000021
43323 0.000014
43324 0.000017
43325 0.000021
43326 0.000020
43327 0.000021
43328 0.000023
43329 0.000023
43330 0.000024
43331 0.000015
43332 0.000021
43333 0.000014
43334 0.000017
43335 0.000021
43336 0.000020
43337 0.000021
43338 0.000023
43339 0.000023
43340 0.000024
43341 0.000015
43342 0.000021
43343 0.000014
43344 0.000017
43345 0.000021
43346 0.000020
43347 0.000021
43348 0.000023
43349 0.000023
43350 0.000024
43351 0.000015
43352 0.000021
43353 0.000014
43354 0.000017
43355 0.000021
43356 0.000020
43357 0.000021
43358 0.000023
43359 0.000023
43360 0.000024
43361 0.000015
43362 0.000021
43363 0.000014
43364 0.000017
43365 0.000021
43366 0.000020
43367 0.000021
43368 0.000023
43369 0.000023
43370 0.000024
43371 0.000015
43372 0.000021
43373 0.000014
43374 0.000017
43375 0.000021
43376 0.000020
43377 0.000021
43378 0.000023
43379 0.000023
43380 0.000024
43381 0.000015
43382 0.000021
43383 0.000014
43384 0.000017
43385 0.000021
43386 0.000020
43387 0.000021
43388 0.000023
43389 0.000023
43390 0.000024
43391 0.000015
43392 0.000021
43393 0.000014
43394 0.000017
43395 0.000021
43396 0.000020
43397 0.000021
43398 0.000023
43399 0.000023
43400 0.000024
43401 0.000015
43402 0.000021
43403 0.000014
43404 0.000017
43405 0.000021
43406 0.000020
43407 0.000021
43408 0.000023
43409 0.000023
43410 0.000024
43411 0.000015
43412 0.000021
43413 0.000014
43414 0.000017
43415 0.000021
43416 0.000020
43417 0.000021
43418 0.000023
43419 0.000023
43420 0.000024
43421 0.000015
43422 0.000021
43423 0.000014
43424 0.000017
43425 0.000021
43426 0.000020
43427 0.000021
43428 0.000023
43429 0.000023
43430 0.000024
43431 0.000015
43432 0.000021
43433 0.000014
43434 0.000017
43435 0.000021
43436 0.000020
43437 0.000021
43438 0.000023
43439 0.000023
43440 0.000024
43441 0.000015
43442 0.000021
43443 0.000014
43444 0.000017
43445 0.000021
43446 0.000020
43447 0.000021
43448 0.000023
43449 0.000023
43450 0.000024
43451 0.000015
43452 0.000021
43453 0.000014
43454 0.000017
43455 0.000021
43456 0.000020
43457 0.000021
43458 0.000023
43459 0.000023
43460 0.000024
43461 0.000015
43462 0.000021
43463 0.000014
43464 0.000017
43465 0.000021
43466 0.000020
43467 0.000021
43468 0.000023
43469 0.000023
43470 0.000024
43471 0.000015
43472 0.000021
43473 0.000014
43474 0.000017
43475 0.000021
43476 0.000020
43477 0.000021
43478 0.000023
43479 0.000023
43480 0.000024
43481 0.000015
43482 0.000021
43483 0.000014
43484 0.000017
43485 0.000021
43486 0.000020
43487 0.000021
43488 0.000023
43489 0.000023
43490 0.000024
43491 0.000015
43492 0.000021
43493 0.000014
43494 0.000017
43495 0.000021
43496 0.000020
43497 0.000021
43498 0.000023
43499 0.000023
43500 0.000024
43501 0.000015
43502 0.000021
43503 0.000014
43504 0.000017
43505 0.000021
43506 0.000020
43507 0.000021
43508 0.000023
43509 0.000023
43510 0.000024
43511 0.000015
43512 0.000021
43513 0.000014
43514 0.000017
43515 0.000021
43516 0.000020
43517 0.000021
43518 0.000023
43519 0.000023
43520 0.000024
43521 0.000015
43522 0.000021
43523 0.000014
43524 0.000017
43525 0.000021
43526 0.000020
43527 0.000021
43528 0.000023
43529 0.000023
43530 0.000024
43531 0.000015
43532 0.000021
43533 0.000014
43534 0.000017
43535 0.000021
43536 0.000020
43537 0.000021
43538 0.000023
43539 0.000023
43540 0.000024
43541 0.000015
43542 0.000021
43543 0.000014
43544 0.000017
43545 0.000021
43546 0.000020
43547 0.000021
43548 0.000023
43549 0.000023
43550 0.000024
43551 0.000015
43552 0.000021
43553 0.000014
43554 0.000017
43555 0.000021
43556 0.000020
43557 0.000021
43558 0.000023
43559 0.000023
43560 0.000024
43561 0.000015
43562 0.000021
43563 0.000014
43564 0.000017
43565 0.000021
43566 0.000020
43567 0.000021
43568 0.000023
43569 0.000023
43570 0.000024
43571 0.000015
43572 0.000021
43573 0.000014
43574 0.000017
43575 0.000021
43576 0.000020
43577 0.000021
43578 0.000023
43579 0.000023
43580 0.000024
43581 0.000015
43582 0.000021
43583 0.000014
43584 0.000017
43585 0.000021
43586 0.000020
43587 0.000021
43588 0.000023
43589 0.000023
43590 0.000024
43591 0.000015
43592 0.000021
43593 0.000014
43594 0.000017
43595 0.000021
43596 0.000020
43597 0.000021
43598 0.000023
43599 0.000023
43600 0.000024
43601 0.000015
43602 0.000021
43603 0.000014
43604 0.000017
43605 0.000021
43606 0.000020
43607 0.000021
43608 0.000023
43609 0.000023
43610 0.000024
43611 0.000015
43612 0.000021
43613 0.000014
43614 0.000017
43615 0.000021
43616 0.000020
43617 0.000021
43618 0.000023
43619 0.000023
43620 0.000024
43621 0.000015
43622 0.000021
43623 0.000014
43624 0.000017
43625 0.000021
43626 0.000020
43627 0.000021
43628 0.000023
43629 0.000023
43630 0.000024
43631 0.000015
43632 0.000021
43633 0.000014
43634 0.000017
43635 0.000021
43636 0.000020
43637 0.000021
43638 0.000023
43639 0.000023
43640 0.000024
43641 0.000015
43642 0.000021
43643 0.000014
43644 0.000017
43645 0.000021
43646 0.000020
43647 0.000021
43648 0.000023
43649 0.000023
43650 0.000024
43651 0.000015
43652 0.000021
43653 0.000014
43654 0.000017
43655 0.000021
43656 0.000020
43657 0.000021
43658 0.000023
43659 0.000023
43660 0.000024
43661 0.000015
43662 0.000021
43663 0.000014
43664 0.000017
43665 0.000021
43666 0.000020
43667 0.000021
43668 0.000023
43669 0.000023
43670 0.000024
43671 0.000015
43672 0.000021
43673 0.000014
43674 0.000017
43675 0.000021
43676 0.000020
43677 0.000021
43678 0.000023
43679 0.000023
43680 0.000024
43681 0.000015
43682 0.000021
43683 0.000014
43684 0.000017
43685 0.000021
43686 0.000020
43687 0.000021
43688 0.000023
43689 0.000023
43690 0.000024
43691 0.000015
43692 0.000021
43693 0.000014
43694 0.000017
43695 0.000021
43696 0.000020
43697 0.000021
43698 0.000023
43699 0.000023
43700 0.000024
43701 0.000015
43702 0.000021
43703 0.000014
43704 0.000017
43705 0.000021
43706 0.000020
43707 0.000021
43708 0.000023
43709 0.000023
43710 0.000024
43711 0.000015
43712 0.000021
43713 0.000014
43714 0.000017
43715 0.000021
43716 0.000020
43717 0.000021
43718 0.000023
43719 0.000023
43720 0.000024
43721 0.000015
43722 0.000021
43723 0.000014
43724 0.000017
43725 0.000021
43726 0.000020
43727 0.000021
43728 0.000023
43729 0.000023
43730 0.000024
43731 0.000015
43732 0.000021
43733 0.000014
43734 0.000017
43735 0.000021
43736 0.000020
43737 0.000021
43738 0.000023
43739 0.000023
43740 0.000024
43741 0.000015
43742 0.000021
43743 0.000014
43744 0.000017
43745 0.000021
43746 0.000020
43747 0.000021
43748 0.000023
43749 0.000023
43750 0.000024
43751 0.000015
43752 0.000021
43753 0.000014
43754 0.000017
43755 0.000021
43756 0.000020
43757 0.000021
43758 0.000023
43759 0.000023
43760 0.000024
43761 0.000015
43762 0.000021
43763 0.000014
43764 0.000017
43765 0.000021
43766 0.000020
43767 0.000021
43768 0.000023
43769 0.000023
43770 0.000024
43771 0.000015
43772 0.000021
43773 0.000014
43774 0.000017
43775 0.000021
43776 0.000020
43777 0.000021
43778 0.000023
43779 0.000023
43780 0.000024
43781 0.000015
43782 0.000021
43783 0.000014
43784 0.000017
43785 0.000021
43786 0.000020
43787 0.000021
43788 0.000023
43789 0.000023
43790 0.000024
43791 0.000015
43792 0.000021
43793 0.000014
43794 0.000017
43795 0.000021
43796 0.000020
43797 0.000021
43798 0.000023
43799 0.000023
43800 0.000024
43801 0.000015
43802 0.000021
43803 0.000014
43804 0.000017
43805 0.000021
43806 0.000020
43807 0.000021
43808 0.000023
43809 0.000023
43810 0.000024
43811 0.000015
43812 0.000021
43813 0.000014
43814 0.000017
43815 0.000021
43816 0.000020
43817 0.000021
43818 0.000023
43819 0.000023
43820 0.000024
43821 0.000015
43822 0.000021
43823 0.000014
43824 0.000017
43825 0.000021
43826 0.000020
43827 0.000021
43828 0.000023
43829 0.000023
43830 0.000024
43831 0.000015
43832 0.000021
43833 0.000014
43834 0.000017
43835 0.000021
43836 0.000020
43837 0.000021
43838 0.000023
43839 0.000023
43840 0.000024
43841 0.000015
43842 0.000021
43843 0.000014
43844 0.000017
43845 0.000021
43846 0.000020
43847 0.000021
43848 0.000023
43849 0.000023
43850 0.000024
43851 0.000015
43852 0.000021
43853 0.000014
43854 0.000017
43855 0.000021
43856 0.000020
43857 0.000021
43858 0.000023
43859 0.000023
43860 0.000024
43861 0.000015
43862 0.000021
43863 0.000014
43864 0.000017
43865 0.000021
43866 0.000020
43867 0.000021
43868 0.000023
43869 0.000023
43870 0.000024
43871 0.000015
43872 0.000021
43873 0.000014
43874 0.000017
43875 0.000021
43876 0.000020
43877 0.000021
43878 0.000023
43879 0.000023
43880 0.000024
43881 0.000015
43882 0.000021
43883 0.000014
43884 0.000017
43885 0.000021
43886 0.000020
43887 0.000021
43888 0.000023
43889 0.000023
43890 0.000024
43891 0.000015
43892 0.000021
43893 0.000014
43894 0.000017
43895 0.000021
43896 0.000020
43897 0.000021
43898 0.000023
43899 0.000023
43900 0.000024
43901 0.000015
43902 0.000021
43903 0.000014
43904 0.000017
43905 0.000021
43906 0.000020
43907 0.000021
43908 0.000023
43909 0.000023
43910 0.000024
43911 0.000015
43912 0.000021
43913 0.000014
43914 0.000017
43915 0.000021
43916 0.000020
43917 0.000021
43918 0.000023
43919 0.000023
43920 0.000024
43921 0.000015
43922 0.000021
43923 0.000014
43924 0.000017
43925 0.000021
43926 0.000020
43927 0.000021
43928 0.000023
43929 0.000023
43930 0.000024
43931 0.000015
43932 0.000021
43933 0.000014
43934 0.000017
43935 0.000021
43936 0.000020
43937 0.000021
43938 0.000023
43939 0.000023
43940 0.000024
43941 0.000015
43942 0.000021
43943 0.000014
43944 0.000017
43945 0.000021
43946 0.000020
43947 0.000021
43948 0.000023
43949 0.000023
43950 0.000024
43951 0.000015
43952 0.000021
43953 0.000014
43954 0.000017
43955 0.000021
43956 0.000020
43957 0.000021
43958 0.000023
43959 0.000023
43960 0.000024
43961 0.000015
43962 0.000021
43963 0.000014
43964 0.000017
43965 0.000021
43966 0.000020
43967 0.000021
43968 0.000023
43969 0.000023
43970 0.000024
43971 0.000015
43972 0.000021
43973 0.000014
43974 0.000017
43975 0.000021
43976 0.000020
43977 0.000021
43978 0.000023
43979 0.000023
43980 0.000024
43981 0.000015
43982 0.000021
43983 0.000014
43984 0.000017
43985 0.000021
43986 0.000020
43987 0.000021
43988 0.000023
43989 0.000023
43990 0.000024
43991 0.000015
43992 0.000021
43993 0.000014
43994 0.000017
43995 0.000021
43996 0.000020
43997 0.000021
43998 0.000023
43999 0.000023
44000 0.000024
44001 0.000015
44002 0.000021
44003 0.000014
44004 0.000017
44005 0.000021
44006 0.000020
44007 0.000021
44008 0.000023
44009 0.000023
44010 0.000024
44011 0.000015
44012 0.000021
44013 0.000014
44014 0.000017
44015 0.000021
44016 0.000020
44017 0.000021
44018 0.000023
44019 0.000023
44020 0.000024
44021 0.000015
44022 0.000021
44023 0.000014
44024 0.000017
44025 0.000021
44026 0.000020
44027 0.000021
44028 0.000023
44029 0.000023
44030 0.000024
44031 0.000015
44032 0.000021
44033 0.000014
44034 0.000017
44035 0.000021
44036 0.000020
44037 0.000021
44038 0.000023
44039 0.000023
44040 0.000024
44041 0.000015
44042 0.000021
44043 0.000014
44044 0.000017
44045 0.000021
44046 0.000020
44047 0.000021
44048 0.000023
44049 0.000023
44050 0.000024
44051 0.000015
44052 0.000021
44053 0.000014
44054 0.000017
44055 0.000021
44056 0.000020
44057 0.000021
44058 0.000023
44059 0.000023
44060 0.000024
44061 0.000015
44062 0.000021
44063 0.000014
44064 0.000017
44065 0.000021
44066 0.000020
44067 0.000021
44068 0.000023
44069 0.000023
44070 0.000024
44071 0.000015
44072 0.000021
44073 0.000014
44074 0.000017
44075 0.000021
44076 0.000020
44077 0.000021
44078 0.000023
44079 0.000023
44080 0.000024
44081 0.000015
44082 0.000021
44083 0.000014
44084 0.000017
44085 0.000021
44086 0.000020
44087 0.000021
44088 0.000023
44089 0.000023
44090 0.000024
44091 0.000015
44092 0.000021
44093 0.000014
44094 0.000017
44095 0.000021
44096 0.000020
44097 0.000021
44098 0.000023
44099 0.000023
44100 0.000024
44101 0.000015
44102 0.000021
44103 0.000014
44104 0.000017
44105 0.000021
44106 0.000020
44107 0.000021
44108 0.000023
44109 0.000023
44110 0.000024
44111 0.000015
44112 0.000021
44113 0.000014
44114 0.000017
44115 0.000021
44116 0.000020
44117 0.000021
44118 0.000023
44119 0.000023
44120 0.000024
44121 0.000015
44122 0.000021
44123 0.000014
44124 0.000017
44125 0.000021
44126 0.000020
44127 0.000021
44128 0.000023
44129 0.000023
44130 0.000024
44131 0.000015
44132 0.000021
44133 0.000014
44134 0.000017
44135 0.000021
44136 0.000020
44137 0.000021
44138 0.000023
44139 0.000023
44140 0.000024
44141 0.000015
44142 0.000021
44143 0.000014
44144 0.000017
44145 0.000021
44146 0.000020
44147 0.000021
44148 0.000023
44149 0.000023
44150 0.000024
44151 0.000015
44152 0.000021
44153 0.000014
44154 0.000017
44155 0.000021
44156 0.000020
44157 0.000021
44158 0.000023
44159 0.000023
44160 0.000024
44161 0.000015
44162 0.000021
44163 0.000014
44164 0.000017
44165 0.000021
44166 0.000020
44167 0.000021
44168 0.000023
44169 0.000023
44170 0.000024
44171 0.000015
44172 0.000021
44173 0.000014
44174 0.000017
44175 0.000021
44176 0.000020
44177 0.000021
44178 0.000023
44179 0.000023
44180 0.000024
44181 0.000015
44182 0.000021
44183 0.000014
44184 0.000017
44185 0.000021
44186 0.000020
44187 0.000021
44188 0.000023
44189 0.000023
44190 0.000024
44191 0.000015
44192 0.000021
44193 0.000014
44194 0.000017
44195 0.000021
44196 0.000020
44197 0.000021
44198 0.000023
44199 0.000023
44200 0.000024
44201 0.000015
44202 0.000021
44203 0.000014
44204 0.000017
44205 0.000021
44206 0.000020
44207 0.000021
44208 0.000023
44209 0.000023
44210 0.000024
44211 0.000015
44212 0.000021
44213 0.000014
44214 0.000017
44215 0.000021
44216 0.000020
44217 0.000021
44218 0.000023
44219 0.000023
44220 0.000024
44221 0.000015
44222 0.000021
44223 0.000014
44224 0.000017
44225 0.000021
44226 0.000020
44227 0.000021
44228 0.000023
44229 0.000023
44230 0.000024
44231 0.000015
44232 0.000021
44233 0.000014
44234 0.000017
44235 0.000021
44236 0.000020
44237 0.000021
44238 0.000023
44239 0.000023
44240 0.000024
44241 0.000015
44242 0.000021
44243 0.000014
44244 0.000017
44245 0.000021
44246 0.000020
44247 0.000021
44248 0.000023
44249 0.000023
44250 0.000024
44251 0.000015
44252 0.000021
44253 0.000014
44254 0.000017
44255 0.000021
44256 0.000020
44257 0.000021
44258 0.000023
44259 0.000023
44260 0.000024
44261 0.000015
44262 0.000021
44263 0.000014
44264 0.000017
44265 0.000021
44266 0.000020
44267 0.000021
44268 0.000023
44269 0.000023
44270 0.000024
44271 0.000015
44272 0.000021
44273 0.000014
44274 0.000017
44275 0.000021
44276 0.000020
44277 0.000021
44278 0.000023
44279 0.000023
44280 0.000024
44281 0.000015
44282 0.000021
44283 0.000014
44284 0.000017
44285 0.000021
44286 0.000020
44287 0.000021
44288 0.000023
44289 0.000023
44290 0.000024
44291 0.000015
44292 0.000021
44293 0.000014
44294 0.000017
44295 0.000021
44296 0.000020
44297 0.000021
44298 0.000023
44299 0.000023
44300 0.000024
44301 0.000015
44302 0.000021
44303 0.000014
44304 0.000017
44305 0.000021
44306 0.000020
44307 0.000021
44308 0.000023
44309 0.000023
44310 0.000024
44311 0.000015
44312 0.000021
44313 0.000014
44314 0.000017
44315 0.000021
44316 0.000020
44317 0.000021
44318 0.000023
44319 0.000023
44320 0.000024
44321 0.000015
44322 0.000021
44323 0.000014
44324 0.000017
44325 0.000021
44326 0.000020
44327 0.000021
44328 0.000023
44329 0.000023
44330 0.000024
44331 0.000015
44332 0.000021
44333 0.000014
44334 0.000017
44335 0.000021
44336 0.000020
44337 0.000021
44338 0.000023
44339 0.000023
44340 0.000024
44341 0.000015
44342 0.000021
44343 0.000014
44344 0.000017
44345 0.000021
44346 0.000020
44347 0.000021
44348 0.000023
44349 0.000023
44350 0.000024
44351 0.000015
44352 0.000021
44353 0.000014
44354 0.000017
44355 0.000021
44356 0.000020
44357 0.000021
44358 0.000023
44359 0.000023
44360 0.000024
44361 0.000015
44362 0.000021
44363 0.000014
44364 0.000017
44365 0.000021
44366 0.000020
44367 0.000021
44368 0.000023
44369 0.000023
44370 0.000024
44371 0.000015
44372 0.000021
44373 0.000014
44374 0.000017
44375 0.000021
44376 0.000020
44377 0.000021
44378 0.000023
44379 0.000023
44380 0.000024
44381 0.000015
44382 0.000021
44383 0.000014
44384 0.000017
44385 0.000021
44386 0.000020
44387 0.000021
44388 0.000023
44389 0.000023
44390 0.000024
44391 0.000015
44392 0.000021
44393 0.000014
44394 0.000017
44395 0.000021
44396 0.000020
44397 0.000021
44398 0.000023
44399 0.000023
44400 0.000024
44401 0.000015
44402 0.000021
44403 0.000014
44404 0.000017
44405 0.000021
44406 0.000020
44407 0.000021
44408 0.000023
44409 0.000023
44410 0.000024
44411 0.000015
44412 0.000021
44413 0.000014
44414 0.000017
44415 0.000021
44416 0.000020
44417 0.000021
44418 0.000023
44419 0.000023
44420 0.000024
44421 0.000015
44422 0.000021
44423 0.000014
44424 0.000017
44425 0.000021
44426 0.000020
44427 0.000021
44428 0.000023
44429 0.000023
44430 0.000024
44431 0.000015
44432 0.000021
44433 0.000014
44434 0.000017
44435 0.000021
44436 0.000020
44437 0.000021
44438 0.000023
44439 0.000023
44440 0.000024
44441 0.000015
44442 0.000021
44443 0.000014
44444 0.000017
44445 0.000021
44446 0.000020
44447 0.000021
44448 0.000023
44449 0.000023
44450 0.000024
44451 0.000015
44452 0.000021
44453 0.000014
44454 0.000017
44455 0.000021
44456 0.000020
44457 0.000021
44458 0.000023
44459 0.000023
44460 0.000024
44461 0.000015
44462 0.000021
44463 0.000014
44464 0.000017
44465 0.000021
44466 0.000020
44467 0.000021
44468 0.000023
44469 0.000023
44470 0.000024
44471 0.000015
44472 0.000021
44473 0.000014
44474 0.000017
44475 0.000021
44476 0.000020
44477 0.000021
44478 0.000023
44479 0.000023
44480 0.000024
44481 0.000015
44482 0.000021
44483 0.000014
44484 0.000017
44485 0.000021
44486 0.000020
44487 0.000021
44488 0.000023
44489 0.000023
44490 0.000024
44491 0.000015
44492 0.000021
44493 0.000014
44494 0.000017
44495 0.000021
44496 0.000020
44497 0.000021
44498 0.000023
44499 0.000023
44500 0.000024
44501 0.000015
44502 0.000021
44503 0.000014
44504 0.000017
44505 0.000021
44506 0.000020
44507 0.000021
44508 0.000023
44509 0.000023
44510 0.000024
44511 0.000015
44512 0.000021
44513 0.000014
44514 0.000017
44515 0.000021
44516 0.000020
44517 0.000021
44518 0.000023
44519 0.000023
44520 0.000024
44521 0.000015
44522 0.000021
44523 0.000014
44524 0.000017
44525 0.000021
44526 0.000020
44527 0.000021
44528 0.000023
44529 0.000023
44530 0.000024
44531 0.000015
44532 0.000021
44533 0.000014
44534 0.000017
44535 0.000021
44536 0.000020
44537 0.000021
44538 0.000023
44539 0.000023
44540 0.000024
44541 0.000015
44542 0.000021
44543 0.000014
44544 0.000017
44545 0.000021
44546 0.000020
44547 0.000021
44548 0.000023
44549 0.000023
44550 0.000024
44551 0.000015
44552 0.000021
44553 0.000014
44554 0.000017
44555 0.000021
44556 0.000020
44557 0.000021
44558 0.000023
44559 0.000023
44560 0.000024
44561 0.000015
44562 0.000021
44563 0.000014
44564 0.000017
44565 0.000021
44566 0.000020
44567 0.000021
44568 0.000023
44569 0.000023
44570 0.000024
44571 0.000015
44572 0.000021
44573 0.000014
44574 0.000017
44575 0.000021
44576 0.000020
44577 0.000021
44578 0.000023
44579 0.000023
44580 0.000024
44581 0.000015
44582 0.000021
44583 0.000014
44584 0.000017
44585 0.000021
44586 0.000020
44587 0.000021
44588 0.000023
44589 0.000023
44590 0.000024
44591 0.000015
44592 0.000021
44593 0.000014
44594 0.000017
44595 0.000021
44596 0.000020
44597 0.000021
44598 0.000023
44599 0.000023
44600 0.000024
44601 0.000015
44602 0.000021
44603 0.000014
44604 0.000017
44605 0.000021
44606 0.000020
44607 0.000021
44608 0.000023
44609 0.000023
44610 0.000024
44611 0.000015
44612 0.000021
44613 0.000014
44614 0.000017
44615 0.000021
44616 0.000020
44617 0.000021
44618 0.000023
44619 0.000023
44620 0.000024
44621 0.000015
44622 0.000021
44623 0.000014
44624 0.000017
44625 0.000021
44626 0.000020
44627 0.000021
44628 0.000023
44629 0.000023
44630 0.000024
44631 0.000015
44632 0.000021
44633 0.000014
44634 0.000017
44635 0.000021
44636 0.000020
44637 0.000021
44638 0.000023
44639 0.000023
44640 0.000024
44641 0.000015
44642 0.000021
44643 0.000014
44644 0.000017
44645 0.000021
44646 0.000020
44647 0.000021
44648 0.000023
44649 0.000023
44650 0.000024
44651 0.000015
44652 0.000021
44653 0.000014
44654 0.000017
44655 0.000021
44656 0.000020
44657 0.000021
44658 0.000023
44659 0.000023
44660 0.000024
44661 0.000015
44662 0.000021
44663 0.000014
44664 0.000017
44665 0.000021
44666 0.000020
44667 0.000021
44668 0.000023
44669 0.000023
44670 0.000024
44671 0.000015
44672 0.000021
44673 0.000014
44674 0.000017
44675 0.000021
44676 0.000020
44677 0.000021
44678 0.000023
44679 0.000023
44680 0.000024
44681 0.000015
44682 0.000021
44683 0.000014
44684 0.000017
44685 0.000021
44686 0.000020
44687 0.000021
44688 0.000023
44689 0.000023
44690 0.000024
44691 0.000015
44692 0.000021
44693 0.000014
44694 0.000017
44695 0.000021
44696 0.000020
44697 0.000021
44698 0.000023
44699 0.000023
44700 0.000024
44701 0.000015
44702 0.000021
44703 0.000014
44704 0.000017
44705 0.000021
44706 0.000020
44707 0.000021
44708 0.000023
44709 0.000023
44710 0.000024
44711 0.000015
44712 0.000021
44713 0.000014
44714 0.000017
44715 0.000021
44716 0.000020
44717 0.000021
44718 0.000023
44719 0.000023
44720 0.000024
44721 0.000015
44722 0.000021
44723 0.000014
44724 0.000017
44725 0.000021
44726 0.000020
44727 0.000021
44728 0.000023
44729 0.000023
44730 0.000024
44731 0.000015
44732 0.000021
44733 0.000014
44734 0.000017
44735 0.000021
44736 0.000020
44737 0.000021
44738 0.000023
44739 0.000023
44740 0.000024
44741 0.000015
44742 0.000021
44743 0.000014
44744 0.000017
44745 0.000021
44746 0.000020
44747 0.000021
44748 0.000023
44749 0.000023
44750 0.000024
44751 0.000015
44752 0.000021
44753 0.000014
44754 0.000017
44755 0.000021
44756 0.000020
44757 0.000021
44758 0.000023
44759 0.000023
44760 0.000024
44761 0.000015
44762 0.000021
44763 0.000014
44764 0.000017
44765 0.000021
44766 0.000020
44767 0.000021
44768 0.000023
44769 0.000023
44770 0.000024
44771 0.000015
44772 0.000021
44773 0.000014
44774 0.000017
44775 0.000021
44776 0.000020
44777 0.000021
44778 0.000023
44779 0.000023
44780 0.000024
44781 0.000015
44782 0.000021
44783 0.000014
44784 0.000017
44785 0.000021
44786 0.000020
44787 0.000021
44788 0.000023
44789 0.000023
44790 0.000024
44791 0.000015
44792 0.000021
44793 0.000014
44794 0.000017
44795 0.000021
44796 0.000020
44797 0.000021
44798 0.000023
44799 0.000023
44800 0.000024
44801 0.000015
44802 0.000021
44803 0.000014
44804 0.000017
44805 0.000021
44806 0.000020
44807 0.000021
44808 0.000023
44809 0.000023
44810 0.000024
44811 0.000015
44812 0.000021
44813 0.000014
44814 0.000017
44815 0.000021
44816 0.000020
44817 0.000021
44818 0.000023
44819 0.000023
44820 0.000024
44821 0.000015
44822 0.000021
44823 0.000014
44824 0.000017
44825 0.000021
44826 0.000020
44827 0.000021
44828 0.000023
44829 0.000023
44830 0.000024
44831 0.000015
44832 0.000021
44833 0.000014
44834 0.000017
44835 0.000021
44836 0.000020
44837 0.000021
44838 0.000023
44839 0.000023
44840 0.000024
44841 0.000015
44842 0.000021
44843 0.000014
44844 0.000017
44845 0.000021
44846 0.000020
44847 0.000021
44848 0.000023
44849 0.000023
44850 0.000024
44851 0.000015
44852 0.000021
44853 0.000014
44854 0.000017
44855 0.000021
44856 0.000020
44857 0.000021
44858 0.000023
44859 0.000023
44860 0.000024
44861 0.000015
44862 0.000021
44863 0.000014
44864 0.000017
44865 0.000021
44866 0.000020
44867 0.000021
44868 0.000023
44869 0.000023
44870 0.000024
44871 0.000015
44872 0.000021
44873 0.000014
44874 0.000017
44875 0.000021
44876 0.000020
44877 0.000021
44878 0.000023
44879 0.000023
44880 0.000024
44881 0.000015
44882 0.000021
44883 0.000014
44884 0.000017
44885 0.000021
44886 0.000020
44887 0.000021
44888 0.000023
44889 0.000023
44890 0.000024
44891 0.000015
44892 0.000021
44893 0.000014
44894 0.000017
44895 0.000021
44896 0.000020
44897 0.000021
44898 0.000023
44899 0.000023
44900 0.000024
44901 0.000015
44902 0.000021
44903 0.000014
44904 0.000017
44905 0.000021
44906 0.000020
44907 0.000021
44908 0.000023
44909 0.000023
44910 0.000024
44911 0.000015
44912 0.000021
44913 0.000014
44914 0.000017
44915 0.000021
44916 0.000020
44917 0.000021
44918 0.000023
44919 0.000023
44920 0.000024
44921 0.000015
44922 0.000021
44923 0.000014
44924 0.000017
44925 0.000021
44926 0.000020
44927 0.000021
44928 0.000023
44929 0.000023
44930 0.000024
44931 0.000015
44932 0.000021
44933 0.000014
44934 0.000017
44935 0.000021
44936 0.000020
44937 0.000021
44938 0.000023
44939 0.000023
44940 0.000024
44941 0.000015
44942 0.000021
44943 0.000014
44944 0.000017
44945 0.000021
44946 0.000020
44947 0.000021
44948 0.000023
44949 0.000023
44950 0.000024
44951 0.000015
44952 0.000021
44953 0.000014
44954 0.000017
44955 0.000021
44956 0.000020
44957 0.000021
44958 0.000023
44959 0.000023
44960 0.000024
44961 0.000015
44962 0.000021
44963 0.000014
44964 0.000017
44965 0.000021
44966 0.000020
44967 0.000021
44968 0.000023
44969 0.000023
44970 0.000024
44971 0.000015
44972 0.000021
44973 0.000014
44974 0.000017
44975 0.000021
44976 0.000020
44977 0.000021
44978 0.000023
44979 0.000023
44980 0.000024
44981 0.000015
44982 0.000021
44983 0.000014
44984 0.000017
44985 0.000021
44986 0.000020
44987 0.000021
44988 0.000023
44989 0.000023
44990 0.000024
44991 0.000015
44992 0.000021
44993 0.000014
44994 0.000017
44995 0.000021
44996 0.000020
44997 0.000021
44998 0.000023
44999 0.000023
45000 0.000024
45001 0.000015
45002 0.000021
45003 0.000014
45004 0.000017
45005 0.000021
45006 0.000020
45007 0.000021
45008 0.000023
45009 0.000023
45010 0.000024
45011 0.000015
45012 0.000021
45013 0.000014
45014 0.000017
45015 0.000021
45016 0.000020
45017 0.000021
45018 0.000023
45019 0.000023
45020 0.000024
45021 0.000015
45022 0.000021
45023 0.000014
45024 0.000017
45025 0.000021
45026 0.000020
45027 0.000021
45028 0.000023
45029 0.000023
45030 0.000024
45031 0.000015
45032 0.000021
45033 0.000014
45034 0.000017
45035 0.000021
45036 0.000020
45037 0.000021
45038 0.000023
45039 0.000023
45040 0.000024
45041 0.000015
45042 0.000021
45043 0.000014
45044 0.000017
45045 0.000021
45046 0.000020
45047 0.000021
45048 0.000023
45049 0.000023
45050 0.000024
45051 0.000015
45052 0.000021
45053 0.000014
45054 0.000017
45055 0.000021
45056 0.000020
45057 0.000021
45058 0.000023
45059 0.000023
45060 0.000024
45061 0.000015
45062 0.000021
45063 0.000014
45064 0.000017
45065 0.000021
45066 0.000020
45067 0.000021
45068 0.000023
45069 0.000023
45070 0.000024
45071 0.000015
45072 0.000021
45073 0.000014
45074 0.000017
45075 0.000021
45076 0.000020
45077 0.000021
45078 0.000023
45079 0.000023
45080 0.000024
45081 0.000015
45082 0.000021
45083 0.000014
45084 0.000017
45085 0.000021
45086 0.000020
45087 0.000021
45088 0.000023
45089 0.000023
45090 0.000024
45091 0.000015
45092 0.000021
45093 0.000014
45094 0.000017
45095 0.000021
45096 0.000020
45097 0.000021
45098 0.000023
45099 0.000023
45100 0.000024
45101 0.000015
45102 0.000021
45103 0.000014
45104 0.000017
45105 0.000021
45106 0.000020
45107 0.000021
45108 0.000023
45109 0.000023
45110 0.000024
45111 0.000015
45112 0.000021
45113 0.000014
45114 0.000017
45115 0.000021
45116 0.000020
45117 0.000021
45118 0.000023
45119 0.000023
45120 0.000024
45121 0.000015
45122 0.000021
45123 0.000014
45124 0.000017
45125 0.000021
45126 0.000020
45127 0.000021
45128 0.000023
45129 0.000023
45130 0.000024
45131 0.000015
45132 0.000021
45133 0.000014
45134 0.000017
45135 0.000021
45136 0.000020
45137 0.000021
45138 0.000023
45139 0.000023
45140 0.000024
45141 0.000015
45142 0.000021
45143 0.000014
45144 0.000017
45145 0.000021
45146 0.000020
45147 0.000021
45148 0.000023
45149 0.000023
45150 0.000024
45151 0.000015
45152 0.000021
45153 0.000014
45154 0.000017
45155 0.000021
45156 0.000020
45157 0.000021
45158 0.000023
45159 0.000023
45160 0.000024
45161 0.000015
45162 0.000021
45163 0.000014
45164 0.000017
45165 0.000021
45166 0.000020
45167 0.000021
45168 0.000023
45169 0.000023
45170 0.000024
45171 0.000015
45172 0.000021
45173 0.000014
45174 0.000017
45175 0.000021
45176 0.000020
45177 0.000021
45178 0.000023
45179 0.000023
45180 0.000024
45181 0.000015
45182 0.000021
45183 0.000014
45184 0.000017
45185 0.000021
45186 0.000020
45187 0.000021
45188 0.000023
45189 0.000023
45190 0.000024
45191 0.000015
45192 0.000021
45193 0.000014
45194 0.000017
45195 0.000021
45196 0.000020
45197 0.000021
45198 0.000023
45199 0.000023
45200 0.000024
45201 0.000015
45202 0.000021
45203 0.000014
45204 0.000017
45205 0.000021
45206 0.000020
45207 0.000021
45208 0.000023
45209 0.000023
45210 0.000024
45211 0.000015
45212 0.000021
45213 0.000014
45214 0.000017
45215 0.000021
45216 0.000020
45217 0.000021
45218 0.000023
45219 0.000023
45220 0.000024
45221 0.000015
45222 0.000021
45223 0.000014
45224 0.000017
45225 0.000021
45226 0.000020
45227 0.000021
45228 0.000023
45229 0.000023
45230 0.000024
45231 0.000015
45232 0.000021
45233 0.000014
45234 0.000017
45235 0.000021
45236 0.000020
45237 0.000021
45238 0.000023
45239 0.000023
45240 0.000024
45241 0.000015
45242 0.000021
45243 0.000014
45244 0.000017
45245 0.000021
45246 0.000020
45247 0.000021
45248 0.000023
45249 0.000023
45250 0.000024
45251 0.000015
45252 0.000021
45253 0.000014
45254 0.000017
45255 0.000021
45256 0.000020
45257 0.000021
45258 0.000023
45259 0.000023
45260 0.000024
45261 0.000015
45262 0.000021
45263 0.000014
45264 0.000017
45265 0.000021
45266 0.000020
45267 0.000021
45268 0.000023
45269 0.000023
45270 0.000024
45271 0.000015
45272 0.000021
45273 0.000014
45274 0.000017
45275 0.000021
45276 0.000020
45277 0.000021
45278 0.000023
45279 0.000023
45280 0.000024
45281 0.000015
45282 0.000021
45283 0.000014
45284 0.000017
45285 0.000021
45286 0.000020
45287 0.000021
45288 0.000023
45289 0.000023
45290 0.000024
45291 0.000015
45292 0.000021
45293 0.000014
45294 0.000017
45295 0.000021
45296 0.000020
45297 0.000021
45298 0.000023
45299 0.000023
45300 0.000024
45301 0.000015
45302 0.000021
45303 0.000014
45304 0.000017
45305 0.000021
45306 0.000020
45307 0.000021
45308 0.000023
45309 0.000023
45310 0.000024
45311 0.000015
45312 0.000021
45313 0.000014
45314 0.000017
45315 0.000021
45316 0.000020
45317 0.000021
45318 0.000023
45319 0.000023
45320 0.000024
45321 0.000015
45322 0.000021
45323 0.000014
45324 0.000017
45325 0.000021
45326 0.000020
45327 0.000021
45328 0.000023
45329 0.000023
45330 0.000024
45331 0.000015
45332 0.000021
45333 0.000014
45334 0.000017
45335 0.000021
45336 0.000020
45337 0.000021
45338 0.000023
45339 0.000023
45340 0.000024
45341 0.000015
45342 0.000021
45343 0.000014
45344 0.000017
45345 0.000021
45346 0.000020
45347 0.000021
45348 0.000023
45349 0.000023
45350 0.000024
45351 0.000015
45352 0.000021
45353 0.000014
45354 0.000017
45355 0.000021
45356 0.000020
45357 0.000021
45358 0.000023
45359 0.000023
45360 0.000024
45361 0.000015
45362 0.000021
45363 0.000014
45364 0.000017
45365 0.000021
45366 0.000020
45367 0.000021
45368 0.000023
45369 0.000023
45370 0.000024
45371 0.000015
45372 0.000021
45373 0.000014
45374 0.000017
45375 0.000021
45376 0.000020
45377 0.000021
45378 0.000023
45379 0.000023
45380 0.000024
45381 0.000015
45382 0.000021
45383 0.000014
45384 0.000017
45385 0.000021
45386 0.000020
45387 0.000021
45388 0.000023
45389 0.000023
45390 0.000024
45391 0.000015
45392 0.000021
45393 0.000014
45394 0.000017
45395 0.000021
45396 0.000020
45397 0.000021
45398 0.000023
45399 0.000023
45400 0.000024
45401 0.000015
45402 0.000021
45403 0.000014
45404 0.000017
45405 0.000021
45406 0.000020
45407 0.000021
45408 0.000023
45409 0.000023
45410 0.000024
45411 0.000015
45412 0.000021
45413 0.000014
45414 0.000017
45415 0.000021
45416 0.000020
45417 0.000021
45418 0.000023
45419 0.000023
45420 0.000024
45421 0.000015
45422 0.000021
45423 0.000014
45424 0.000017
45425 0.000021
45426 0.000020
45427 0.000021
45428 0.000023
45429 0.000023
45430 0.000024
45431 0.000015
45432 0.000021
45433 0.000014
45434 0.000017
45435 0.000021
45436 0.000020
45437 0.000021
45438 0.000023
45439 0.000023
45440 0.000024
45441 0.000015
45442 0.000021
45443 0.000014
45444 0.000017
45445 0.000021
45446 0.000020
45447 0.000021
45448 0.000023
45449 0.000023
45450 0.000024
45451 0.000015
45452 0.000021
45453 0.000014
45454 0.000017
45455 0.000021
45456 0.000020
45457 0.000021
45458 0.000023
45459 0.000023
45460 0.000024
45461 0.000015
45462 0.000021
45463 0.000014
45464 0.000017
45465 0.000021
45466 0.000020
45467 0.000021
45468 0.000023
45469 0.000023
45470 0.000024
45471 0.000015
45472 0.000021
45473 0.000014
45474 0.000017
45475 0.000021
45476 0.000020
45477 0.000021
45478 0.000023
45479 0.000023
45480 0.000024
45481 0.000015
45482 0.000021
45483 0.000014
45484 0.000017
45485 0.000021
45486 0.000020
45487 0.000021
45488 0.000023
45489 0.000023
45490 0.000024
45491 0.000015
45492 0.000021
45493 0.000014
45494 0.000017
45495 0.000021
45496 0.000020
45497 0.000021
45498 0.000023
45499 0.000023
45500 0.000024
45501 0.000015
45502 0.000021
45503 0.000014
45504 0.000017
45505 0.000021
45506 0.000020
45507 0.000021
45508 0.000023
45509 0.000023
45510 0.000024
45511 0.000015
45512 0.000021
45513 0.000014
45514 0.000017
45515 0.000021
45516 0.000020
45517 0.000021
45518 0.000023
45519 0.000023
45520 0.000024
45521 0.000015
45522 0.000021
45523 0.000014
45524 0.000017
45525 0.000021
45526 0.000020
45527 0.000021
45528 0.000023
45529 0.000023
45530 0.000024
45531 0.000015
45532 0.000021
45533 0.000014
45534 0.000017
45535 0.000021
45536 0.000020
45537 0.000021
45538 0.000023
45539 0.000023
45540 0.000024
45541 0.000015
45542 0.000021
45543 0.000014
45544 0.000017
45545 0.000021
45546 0.000020
45547 0.000021
45548 0.000023
45549 0.000023
45550 0.000024
45551 0.000015
45552 0.000021
45553 0.000014
45554 0.000017
45555 0.000021
45556 0.000020
45557 0.000021
45558 0.000023
45559 0.000023
45560 0.000024
45561 0.000015
45562 0.000021
45563 0.000014
45564 0.000017
45565 0.000021
45566 0.000020
45567 0.000021
45568 0.000023
45569 0.000023
45570 0.000024
45571 0.000015
45572 0.000021
45573 0.000014
45574 0.000017
45575 0.000021
45576 0.000020
45577 0.000021
45578 0.000023
45579 0.000023
45580 0.000024
45581 0.000015
45582 0.000021
45583 0.000014
45584 0.000017
45585 0.000021
45586 0.000020
45587 0.000021
45588 0.000023
45589 0.000023
45590 0.000024
45591 0.000015
45592 0.000021
45593 0.000014
45594 0.000017
45595 0.000021
45596 0.000020
45597 0.000021
45598 0.000023
45599 0.000023
45600 0.000024
45601 0.000015
45602 0.000021
45603 0.000014
45604 0.000017
45605 0.000021
45606 0.000020
45607 0.000021
45608 0.000023
45609 0.000023
45610 0.000024
45611 0.000015
45612 0.000021
45613 0.000014
45614 0.000017
45615 0.000021
45616 0.000020
45617 0.000021
45618 0.000023
45619 0.000023
45620 0.000024
45621 0.000015
45622 0.000021
45623 0.000014
45624 0.000017
45625 0.000021
45626 0.000020
45627 0.000021
45628 0.000023
45629 0.000023
45630 0.000024
45631 0.000015
45632 0.000021
45633 0.000014
45634 0.000017
45635 0.000021
45636 0.000020
45637 0.000021
45638 0.000023
45639 0.000023
45640 0.000024
45641 0.000015
45642 0.000021
45643 0.000014
45644 0.000017
45645 0.000021
45646 0.000020
45647 0.000021
45648 0.000023
45649 0.000023
45650 0.000024
45651 0.000015
45652 0.000021
45653 0.000014
45654 0.000017
45655 0.000021
45656 0.000020
45657 0.000021
45658 0.000023
45659 0.000023
45660 0.000024
45661 0.000015
45662 0.000021
45663 0.000014
45664 0.000017
45665 0.000021
45666 0.000020
45667 0.000021
45668 0.000023
45669 0.000023
45670 0.000024
45671 0.000015
45672 0.000021
45673 0.000014
45674 0.000017
45675 0.000021
45676 0.000020
45677 0.000021
45678 0.000023
45679 0.000023
45680 0.000024
45681 0.000015
45682 0.000021
45683 0.000014
45684 0.000017
45685 0.000021
45686 0.000020
45687 0.000021
45688 0.000023
45689 0.000023
45690 0.000024
45691 0.000015
45692 0.000021
45693 0.000014
45694 0.000017
45695 0.000021
45696 0.000020
45697 0.000021
45698 0.000023
45699 0.000023
45700 0.000024
45701 0.000015
45702 0.000021
45703 0.000014
45704 0.000017
45705 0.000021
45706 0.000020
45707 0.000021
45708 0.000023
45709 0.000023
45710 0.000024
45711 0.000015
45712 0.000021
45713 0.000014
45714 0.000017
45715 0.000021
45716 0.000020
45717 0.000021
45718 0.000023
45719 0.000023
45720 0.000024
45721 0.000015
45722 0.000021
45723 0.000014
45724 0.000017
45725 0.000021
45726 0.000020
45727 0.000021
45728 0.000023
45729 0.000023
45730 0.000024
45731 0.000015
45732 0.000021
45733 0.000014
45734 0.000017
45735 0.000021
45736 0.000020
45737 0.000021
45738 0.000023
45739 0.000023
45740 0.000024
45741 0.000015
45742 0.000021
45743 0.000014
45744 0.000017
45745 0.000021
45746 0.000020
45747 0.000021
45748 0.000023
45749 0.000023
45750 0.000024
45751 0.000015
45752 0.000021
45753 0.000014
45754 0.000017
45755 0.000021
45756 0.000020
45757 0.000021
45758 0.000023
45759 0.000023
45760 0.000024
45761 0.000015
45762 0.000021
45763 0.000014
45764 0.000017
45765 0.000021
45766 0.000020
45767 0.000021
45768 0.000023
45769 0.000023
45770 0.000024
45771 0.000015
45772 0.000021
45773 0.000014
45774 0.000017
45775 0.000021
45776 0.000020
45777 0.000021
45778 0.000023
45779 0.000023
45780 0.000024
45781 0.000015
45782 0.000021
45783 0.000014
45784 0.000017
45785 0.000021
45786 0.000020
45787 0.000021
45788 0.000023
45789 0.000023
45790 0.000024
45791 0.000015
45792 0.000021
45793 0.000014
45794 0.000017
45795 0.000021
45796 0.000020
45797 0.000021
45798 0.000023
45799 0.000023
45800 0.000024
45801 0.000015
45802 0.000021
45803 0.000014
45804 0.000017
45805 0.000021
45806 0.000020
45807 0.000021
45808 0.000023
45809 0.000023
45810 0.000024
45811 0.000015
45812 0.000021
45813 0.000014
45814 0.000017
45815 0.000021
45816 0.000020
45817 0.000021
45818 0.000023
45819 0.000023
45820 0.000024
45821 0.000015
45822 0.000021
45823 0.000014
45824 0.000017
45825 0.000021
45826 0.000020
45827 0.000021
45828 0.000023
45829 0.000023
45830 0.000024
45831 0.000015
45832 0.000021
45833 0.000014
45834 0.000017
45835 0.000021
45836 0.000020
45837 0.000021
45838 0.000023
45839 0.000023
45840 0.000024
45841 0.000015
45842 0.000021
45843 0.000014
45844 0.000017
45845 0.000021
45846 0.000020
45847 0.000021
45848 0.000023
45849 0.000023
45850 0.000024
45851 0.000015
45852 0.000021
45853 0.000014
45854 0.000017
45855 0.000021
45856 0.000020
45857 0.000021
45858 0.000023
45859 0.000023
45860 0.000024
45861 0.000015
45862 0.000021
45863 0.000014
45864 0.000017
45865 0.000021
45866 0.000020
45867 0.000021
45868 0.000023
45869 0.000023
45870 0.000024
45871 0.000015
45872 0.000021
45873 0.000014
45874 0.000017
45875 0.000021
45876 0.000020
45877 0.000021
45878 0.000023
45879 0.000023
45880 0.000024
45881 0.000015
45882 0.000021
45883 0.000014
45884 0.000017
45885 0.000021
45886 0.000020
45887 0.000021
45888 0.000023
45889 0.000023
45890 0.000024
45891 0.000015
45892 0.000021
45893 0.000014
45894 0.000017
45895 0.000021
45896 0.000020
45897 0.000021
45898 0.000023
45899 0.000023
45900 0.000024
45901 0.000015
45902 0.000021
45903 0.000014
45904 0.000017
45905 0.000021
45906 0.000020
45907 0.000021
45908 0.000023
45909 0.000023
45910 0.000024
45911 0.000015
45912 0.000021
45913 0.000014
45914 0.000017
45915 0.000021
45916 0.000020
45917 0.000021
45918 0.000023
45919 0.000023
45920 0.000024
45921 0.000015
45922 0.000021
45923 0.000014
45924 0.000017
45925 0.000021
45926 0.000020
45927 0.000021
45928 0.000023
45929 0.000023
45930 0.000024
45931 0.000015
45932 0.000021
45933 0.000014
45934 0.000017
45935 0.000021
45936 0.000020
45937 0.000021
45938 0.000023
45939 0.000023
45940 0.000024
45941 0.000015
45942 0.000021
45943 0.000014
45944 0.000017
45945 0.000021
45946 0.000020
45947 0.000021
45948 0.000023
45949 0.000023
45950 0.000024
45951 0.000015
45952 0.000021
45953 0.000014
45954 0.000017
45955 0.000021
45956 0.000020
45957 0.000021
45958 0.000023
45959 0.000023
45960 0.000024
45961 0.000015
45962 0.000021
45963 0.000014
45964 0.000017
45965 0.000021
45966 0.000020
45967 0.000021
45968 0.000023
45969 0.000023
45970 0.000024
45971 0.000015
45972 0.000021
45973 0.000014
45974 0.000017
45975 0.000021
45976 0.000020
45977 0.000021
45978 0.000023
45979 0.000023
45980 0.000024
45981 0.000015
45982 0.000021
45983 0.000014
45984 0.000017
45985 0.000021
45986 0.000020
45987 0.000021
45988 0.000023
45989 0.000023
45990 0.000024
45991 0.000015
45992 0.000021
45993 0.000014
45994 0.000017
45995 0.000021
45996 0.000020
45997 0.000021
45998 0.000023
45999 0.000023
46000 0.000024
46001 0.000015
46002 0.000021
46003 0.000014
46004 0.000017
46005 0.000021
46006 0.000020
46007 0.000021
46008 0.000023
46009 0.000023
46010 0.000024
46011 0.000015
46012 0.000021
46013 0.000014
46014 0.000017
46015 0.000021
46016 0.000020
46017 0.000021
46018 0.000023
46019 0.000023
46020 0.000024
46021 0.000015
46022 0.000021
46023 0.000014
46024 0.000017
46025 0.000021
46026 0.000020
46027 0.000021
46028 0.000023
46029 0.000023
46030 0.000024
46031 0.000015
46032 0.000021
46033 0.000014
46034 0.000017
46035 0.000021
46036 0.000020
46037 0.000021
46038 0.000023
46039 0.000023
46040 0.000024
46041 0.000015
46042 0.000021
46043 0.000014
46044 0.000017
46045 0.000021
46046 0.000020
46047 0.000021
46048 0.000023
46049 0.000023
46050 0.000024
46051 0.000015
46052 0.000021
46053 0.000014
46054 0.000017
46055 0.000021
46056 0.000020
46057 0.000021
46058 0.000023
46059 0.000023
46060 0.000024
46061 0.000015
46062 0.000021
46063 0.000014
46064 0.000017
46065 0.000021
46066 0.000020
46067 0.000021
46068 0.000023
46069 0.000023
46070 0.000024
46071 0.000015
46072 0.000021
46073 0.000014
46074 0.000017
46075 0.000021
46076 0.000020
46077 0.000021
46078 0.000023
46079 0.000023
46080 0.000024
46081 0.000015
46082 0.000021
46083 0.000014
46084 0.000017
46085 0.000021
46086 0.000020
46087 0.000021
46088 0.000023
46089 0.000023
46090 0.000024
46091 0.000015
46092 0.000021
46093 0.000014
46094 0.000017
46095 0.000021
46096 0.000020
46097 0.000021
46098 0.000023
46099 0.000023
46100 0.000024
46101 0.000015
46102 0.000021
46103 0.000014
46104 0.000017
46105 0.000021
46106 0.000020
46107 0.000021
46108 0.000023
46109 0.000023
46110 0.000024
46111 0.000015
46112 0.000021
46113 0.000014
46114 0.000017
46115 0.000021
46116 0.000020
46117 0.000021
46118 0.000023
46119 0.000023
46120 0.000024
46121 0.000015
46122 0.000021
46123 0.000014
46124 0.000017
46125 0.000021
46126 0.000020
46127 0.000021
46128 0.000023
46129 0.000023
46130 0.000024
46131 0.000015
46132 0.000021
46133 0.000014
46134 0.000017
46135 0.000021
46136 0.000020
46137 0.000021
46138 0.000023
46139 0.000023
46140 0.000024
46141 0.000015
46142 0.000021
46143 0.000014
46144 0.000017
46145 0.000021
46146 0.000020
46147 0.000021
46148 0.000023
46149 0.000023
46150 0.000024
46151 0.000015
46152 0.000021
46153 0.000014
46154 0.000017
46155 0.000021
46156 0.000020
46157 0.000021
46158 0.000023
46159 0.000023
46160 0.000024
46161 0.000015
46162 0.000021
46163 0.000014
46164 0.000017
46165 0.000021
46166 0.000020
46167 0.000021
46168 0.000023
46169 0.000023
46170 0.000024
46171 0.000015
46172 0.000021
46173 0.000014
46174 0.000017
46175 0.000021
46176 0.000020
46177 0.000021
46178 0.000023
46179 0.000023
46180 0.000024
46181 0.000015
46182 0.000021
46183 0.000014
46184 0.000017
46185 0.000021
46186 0.000020
46187 0.000021
46188 0.000023
46189 0.000023
46190 0.000024
46191 0.000015
46192 0.000021
46193 0.000014
46194 0.000017
46195 0.000021
46196 0.000020
46197 0.000021
46198 0.000023
46199 0.000023
46200 0.000024
46201 0.000015
46202 0.000021
46203 0.000014
46204 0.000017
46205 0.000021
46206 0.000020
46207 0.000021
46208 0.000023
46209 0.000023
46210 0.000024
46211 0.000015
46212 0.000021
46213 0.000014
46214 0.000017
46215 0.000021
46216 0.000020
46217 0.000021
46218 0.000023
46219 0.000023
46220 0.000024
46221 0.000015
46222 0.000021
46223 0.000014
46224 0.000017
46225 0.000021
46226 0.000020
46227 0.000021
46228 0.000023
46229 0.000023
46230 0.000024
46231 0.000015
46232 0.000021
46233 0.000014
46234 0.000017
46235 0.000021
46236 0.000020
46237 0.000021
46238 0.000023
46239 0.000023
46240 0.000024
46241 0.000015
46242 0.000021
46243 0.000014
46244 0.000017
46245 0.000021
46246 0.000020
46247 0.000021
46248 0.000023
46249 0.000023
46250 0.000024
46251 0.000015
46252 0.000021
46253 0.000014
46254 0.000017
46255 0.000021
46256 0.000020
46257 0.000021
46258 0.000023
46259 0.000023
46260 0.000024
46261 0.000015
46262 0.000021
46263 0.000014
46264 0.000017
46265 0.000021
46266 0.000020
46267 0.000021
46268 0.000023
46269 0.000023
46270 0.000024
46271 0.000015
46272 0.000021
46273 0.000014
46274 0.000017
46275 0.000021
46276 0.000020
46277 0.000021
46278 0.000023
46279 0.000023
46280 0.000024
46281 0.000015
46282 0.000021
46283 0.000014
46284 0.000017
46285 0.000021
46286 0.000020
46287 0.000021
46288 0.000023
46289 0.000023
46290 0.000024
46291 0.000015
46292 0.000021
46293 0.000014
46294 0.000017
46295 0.000021
46296 0.000020
46297 0.000021
46298 0.000023
46299 0.000023
46300 0.000024
46301 0.000015
46302 0.000021
46303 0.000014
46304 0.000017
46305 0.000021
46306 0.000020
46307 0.000021
46308 0.000023
46309 0.000023
46310 0.000024
46311 0.000015
46312 0.000021
46313 0.000014
46314 0.000017
46315 0.000021
46316 0.000020
46317 0.000021
46318 0.000023
46319 0.000023
46320 0.000024
46321 0.000015
46322 0.000021
46323 0.000014
46324 0.000017
46325 0.000021
46326 0.000020
46327 0.000021
46328 0.000023
46329 0.000023
46330 0.000024
46331 0.000015
46332 0.000021
46333 0.000014
46334 0.000017
46335 0.000021
46336 0.000020
46337 0.000021
46338 0.000023
46339 0.000023
46340 0.000024
46341 0.000015
46342 0.000021
46343 0.000014
46344 0.000017
46345 0.000021
46346 0.000020
46347 0.000021
46348 0.000023
46349 0.000023
46350 0.000024
46351 0.000015
46352 0.000021
46353 0.000014
46354 0.000017
46355 0.000021
46356 0.000020
46357 0.000021
46358 0.000023
46359 0.000023
46360 0.000024
46361 0.000015
46362 0.000021
46363 0.000014
46364 0.000017
46365 0.000021
46366 0.000020
46367 0.000021
46368 0.000023
46369 0.000023
46370 0.000024
46371 0.000015
46372 0.000021
46373 0.000014
46374 0.000017
46375 0.000021
46376 0.000020
46377 0.000021
46378 0.000023
46379 0.000023
46380 0.000024
46381 0.000015
46382 0.000021
46383 0.000014
46384 0.000017
46385 0.000021
46386 0.000020
46387 0.000021
46388 0.000023
46389 0.000023
46390 0.000024
46391 0.000015
46392 0.000021
46393 0.000014
46394 0.000017
46395 0.000021
46396 0.000020
46397 0.000021
46398 0.000023
46399 0.000023
46400 0.000024
46401 0.000015
46402 0.000021
46403 0.000014
46404 0.000017
46405 0.000021
46406 0.000020
46407 0.000021
46408 0.000023
46409 0.000023
46410 0.000024
46411 0.000015
46412 0.000021
46413 0.000014
46414 0.000017
46415 0.000021
46416 0.000020
46417 0.000021
46418 0.000023
46419 0.000023
46420 0.000024
46421 0.000015
46422 0.000021
46423 0.000014
46424 0.000017
46425 0.000021
46426 0.000020
46427 0.000021
46428 0.000023
46429 0.000023
46430 0.000024
46431 0.000015
46432 0.000021
46433 0.000014
46434 0.000017
46435 0.000021
46436 0.000020
46437 0.000021
46438 0.000023
46439 0.000023
46440 0.000024
46441 0.000015
46442 0.000021
46443 0.000014
46444 0.000017
46445 0.000021
46446 0.000020
46447 0.000021
46448 0.000023
46449 0.000023
46450 0.000024
46451 0.000015
46452 0.000021
46453 0.000014
46454 0.000017
46455 0.000021
46456 0.000020
46457 0.000021
46458 0.000023
46459 0.000023
46460 0.000024
46461 0.000015
46462 0.000021
46463 0.000014
46464 0.000017
46465 0.000021
46466 0.000020
46467 0.000021
46468 0.000023
46469 0.000023
46470 0.000024
46471 0.000015
46472 0.000021
46473 0.000014
46474 0.000017
46475 0.000021
46476 0.000020
46477 0.000021
46478 0.000023
46479 0.000023
46480 0.000024
46481 0.000015
46482 0.000021
46483 0.000014
46484 0.000017
46485 0.000021
46486 0.000020
46487 0.000021
46488 0.000023
46489 0.000023
46490 0.000024
46491 0.000015
46492 0.000021
46493 0.000014
46494 0.000017
46495 0.000021
46496 0.000020
46497 0.000021
46498 0.000023
46499 0.000023
46500 0.000024
46501 0.000015
46502 0.000021
46503 0.000014
46504 0.000017
46505 0.000021
46506 0.000020
46507 0.000021
46508 0.000023
46509 0.000023
46510 0.000024
46511 0.000015
46512 0.000021
46513 0.000014
46514 0.000017
46515 0.000021
46516 0.000020
46517 0.000021
46518 0.000023
46519 0.000023
46520 0.000024
46521 0.000015
46522 0.000021
46523 0.000014
46524 0.000017
46525 0.000021
46526 0.000020
46527 0.000021
46528 0.000023
46529 0.000023
46530 0.000024
46531 0.000015
46532 0.000021
46533 0.000014
46534 0.000017
46535 0.000021
46536 0.000020
46537 0.000021
46538 0.000023
46539 0.000023
46540 0.000024
46541 0.000015
46542 0.000021
46543 0.000014
46544 0.000017
46545 0.000021
46546 0.000020
46547 0.000021
46548 0.000023
46549 0.000023
46550 0.000024
46551 0.000015
46552 0.000021
46553 0.000014
46554 0.000017
46555 0.000021
46556 0.000020
46557 0.000021
46558 0.000023
46559 0.000023
46560 0.000024
46561 0.000015
46562 0.000021
46563 0.000014
46564 0.000017
46565 0.000021
46566 0.000020
46567 0.000021
46568 0.000023
46569 0.000023
46570 0.000024
46571 0.000015
46572 0.000021
46573 0.000014
46574 0.000017
46575 0.000021
46576 0.000020
46577 0.000021
46578 0.000023
46579 0.000023
46580 0.000024
46581 0.000015
46582 0.000021
46583 0.000014
46584 0.000017
46585 0.000021
46586 0.000020
46587 0.000021
46588 0.000023
46589 0.000023
46590 0.000024
46591 0.000015
46592 0.000021
46593 0.000014
46594 0.000017
46595 0.000021
46596 0.000020
46597 0.000021
46598 0.000023
46599 0.000023
46600 0.000024
46601 0.000015
46602 0.000021
46603 0.000014
46604 0.000017
46605 0.000021
46606 0.000020
46607 0.000021
46608 0.000023
46609 0.000023
46610 0.000024
46611 0.000015
46612 0.000021
46613 0.000014
46614 0.000017
46615 0.000021
46616 0.000020
46617 0.000021
46618 0.000023
46619 0.000023
46620 0.000024
46621 0.000015
46622 0.000021
46623 0.000014
46624 0.000017
46625 0.000021
46626 0.000020
46627 0.000021
46628 0.000023
46629 0.000023
46630 0.000024
46631 0.000015
46632 0.000021
46633 0.000014
46634 0.000017
46635 0.000021
46636 0.000020
46637 0.000021
46638 0.000023
46639 0.000023
46640 0.000024
46641 0.000015
46642 0.000021
46643 0.000014
46644 0.000017
46645 0.000021
46646 0.000020
46647 0.000021
46648 0.000023
46649 0.000023
46650 0.000024
46651 0.000015
46652 0.000021
46653 0.000014
46654 0.000017
46655 0.000021
46656 0.000020
46657 0.000021
46658 0.000023
46659 0.000023
46660 0.000024
46661 0.000015
46662 0.000021
46663 0.000014
46664 0.000017
46665 0.000021
46666 0.000020
46667 0.000021
46668 0.000023
46669 0.000023
46670 0.000024
46671 0.000015
46672 0.000021
46673 0.000014
46674 0.000017
46675 0.000021
46676 0.000020
46677 0.000021
46678 0.000023
46679 0.000023
46680 0.000024
46681 0.000015
46682 0.000021
46683 0.000014
46684 0.000017
46685 0.000021
46686 0.000020
46687 0.000021
46688 0.000023
46689 0.000023
46690 0.000024
46691 0.000015
46692 0.000021
46693 0.000014
46694 0.000017
46695 0.000021
46696 0.000020
46697 0.000021
46698 0.000023
46699 0.000023
46700 0.000024
46701 0.000015
46702 0.000021
46703 0.000014
46704 0.000017
46705 0.000021
46706 0.000020
46707 0.000021
46708 0.000023
46709 0.000023
46710 0.000024
46711 0.000015
46712 0.000021
46713 0.000014
46714 0.000017
46715 0.000021
46716 0.000020
46717 0.000021
46718 0.000023
46719 0.000023
46720 0.000024
46721 0.000015
46722 0.000021
46723 0.000014
46724 0.000017
46725 0.000021
46726 0.000020
46727 0.000021
46728 0.000023
46729 0.000023
46730 0.000024
46731 0.000015
46732 0.000021
46733 0.000014
46734 0.000017
46735 0.000021
46736 0.000020
46737 0.000021
46738 0.000023
46739 0.000023
46740 0.000024
46741 0.000015
46742 0.000021
46743 0.000014
46744 0.000017
46745 0.000021
46746 0.000020
46747 0.000021
46748 0.000023
46749 0.000023
46750 0.000024
46751 0.000015
46752 0.000021
46753 0.000014
46754 0.000017
46755 0.000021
46756 0.000020
46757 0.000021
46758 0.000023
46759 0.000023
46760 0.000024
46761 0.000015
46762 0.000021
46763 0.000014
46764 0.000017
46765 0.000021
46766 0.000020
46767 0.000021
46768 0.000023
46769 0.000023
46770 0.000024
46771 0.000015
46772 0.000021
46773 0.000014
46774 0.000017
46775 0.000021
46776 0.000020
46777 0.000021
46778 0.000023
46779 0.000023
46780 0.000024
46781 0.000015
46782 0.000021
46783 0.000014
46784 0.000017
46785 0.000021
46786 0.000020
46787 0.000021
46788 0.000023
46789 0.000023
46790 0.000024
46791 0.000015
46792 0.000021
46793 0.000014
46794 0.000017
46795 0.000021
46796 0.000020
46797 0.000021
46798 0.000023
46799 0.000023
46800 0.000024
46801 0.000015
46802 0.000021
46803 0.000014
46804 0.000017
46805 0.000021
46806 0.000020
46807 0.000021
46808 0.000023
46809 0.000023
46810 0.000024
46811 0.000015
46812 0.000021
46813 0.000014
46814 0.000017
46815 0.000021
46816 0.000020
46817 0.000021
46818 0.000023
46819 0.000023
46820 0.000024
46821 0.000015
46822 0.000021
46823 0.000014
46824 0.000017
46825 0.000021
46826 0.000020
46827 0.000021
46828 0.000023
46829 0.000023
46830 0.000024
46831 0.000015
46832 0.000021
46833 0.000014
46834 0.000017
46835 0.000021
46836 0.000020
46837 0.000021
46838 0.000023
46839 0.000023
46840 0.000024
46841 0.000015
46842 0.000021
46843 0.000014
46844 0.000017
46845 0.000021
46846 0.000020
46847 0.000021
46848 0.000023
46849 0.000023
46850 0.000024
46851 0.000015
46852 0.000021
46853 0.000014
46854 0.000017
46855 0.000021
46856 0.000020
46857 0.000021
46858 0.000023
46859 0.000023
46860 0.000024
46861 0.000015
46862 0.000021
46863 0.000014
46864 0.000017
46865 0.000021
46866 0.000020
46867 0.000021
46868 0.000023
46869 0.000023
46870 0.000024
46871 0.000015
46872 0.000021
46873 0.000014
46874 0.000017
46875 0.000021
46876 0.000020
46877 0.000021
46878 0.000023
46879 0.000023
46880 0.000024
46881 0.000015
46882 0.000021
46883 0.000014
46884 0.000017
46885 0.000021
46886 0.000020
46887 0.000021
46888 0.000023
46889 0.000023
46890 0.000024
46891 0.000015
46892 0.000021
46893 0.000014
46894 0.000017
46895 0.000021
46896 0.000020
46897 0.000021
46898 0.000023
46899 0.000023
46900 0.000024
46901 0.000015
46902 0.000021
46903 0.000014
46904 0.000017
46905 0.000021
46906 0.000020
46907 0.000021
46908 0.000023
46909 0.000023
46910 0.000024
46911 0.000015
46912 0.000021
46913 0.000014
46914 0.000017
46915 0.000021
46916 0.000020
46917 0.000021
46918 0.000023
46919 0.000023
46920 0.000024
46921 0.000015
46922 0.000021
46923 0.000014
46924 0.000017
46925 0.000021
46926 0.000020
46927 0.000021
46928 0.000023
46929 0.000023
46930 0.000024
46931 0.000015
46932 0.000021
46933 0.000014
46934 0.000017
46935 0.000021
46936 0.000020
46937 0.000021
46938 0.000023
46939 0.000023
46940 0.000024
46941 0.000015
46942 0.000021
46943 0.000014
46944 0.000017
46945 0.000021
46946 0.000020
46947 0.000021
46948 0.000023
46949 0.000023
46950 0.000024
46951 0.000015
46952 0.000021
46953 0.000014
46954 0.000017
46955 0.000021
46956 0.000020
46957 0.000021
46958 0.000023
46959 0.000023
46960 0.000024
46961 0.000015
46962 0.000021
46963 0.000014
46964 0.000017
46965 0.000021
46966 0.000020
46967 0.000021
46968 0.000023
46969 0.000023
46970 0.000024
46971 0.000015
46972 0.000021
46973 0.000014
46974 0.000017
46975 0.000021
46976 0.000020
46977 0.000021
46978 0.000023
46979 0.000023
46980 0.000024
46981 0.000015
46982 0.000021
46983 0.000014
46984 0.000017
46985 0.000021
46986 0.000020
46987 0.000021
46988 0.000023
46989 0.000023
46990 0.000024
46991 0.000015
46992 0.000021
46993 0.000014
46994 0.000017
46995 0.000021
46996 0.000020
46997 0.000021
46998 0.000023
46999 0.000023
47000 0.000024
47001 0.000015
47002 0.000021
47003 0.000014
47004 0.000017
47005 0.000021
47006 0.000020
47007 0.000021
47008 0.000023
47009 0.000023
47010 0.000024
47011 0.000015
47012 0.000021
47013 0.000014
47014 0.000017
47015 0.000021
47016 0.000020
47017 0.000021
47018 0.000023
47019 0.000023
47020 0.000024
47021 0.000015
47022 0.000021
47023 0.000014
47024 0.000017
47025 0.000021
47026 0.000020
47027 0.000021
47028 0.000023
47029 0.000023
47030 0.000024
47031 0.000015
47032 0.000021
47033 0.000014
47034 0.000017
47035 0.000021
47036 0.000020
47037 0.000021
47038 0.000023
47039 0.000023
47040 0.000024
47041 0.000015
47042 0.000021
47043 0.000014
47044 0.000017
47045 0.000021
47046 0.000020
47047 0.000021
47048 0.000023
47049 0.000023
47050 0.000024
47051 0.000015
47052 0.000021
47053 0.000014
47054 0.000017
47055 0.000021
47056 0.000020
47057 0.000021
47058 0.000023
47059 0.000023
47060 0.000024
47061 0.000015
47062 0.000021
47063 0.000014
47064 0.000017
47065 0.000021
47066 0.000020
47067 0.000021
47068 0.000023
47069 0.000023
47070 0.000024
47071 0.000015
47072 0.000021
47073 0.000014
47074 0.000017
47075 0.000021
47076 0.000020
47077 0.000021
47078 0.000023
47079 0.000023
47080 0.000024
47081 0.000015
47082 0.000021
47083 0.000014
47084 0.000017
47085 0.000021
47086 0.000020
47087 0.000021
47088 0.000023
47089 0.000023
47090 0.000024
47091 0.000015
47092 0.000021
47093 0.000014
47094 0.000017
47095 0.000021
47096 0.000020
47097 0.000021
47098 0.000023
47099 0.000023
47100 0.000024
47101 0.000015
47102 0.000021
47103 0.000014
47104 0.000017
47105 0.000021
47106 0.000020
47107 0.000021
47108 0.000023
47109 0.000023
47110 0.000024
47111 0.000015
47112 0.000021
47113 0.000014
47114 0.000017
47115 0.000021
47116 0.000020
47117 0.000021
47118 0.000023
47119 0.000023
47120 0.000024
47121 0.000015
47122 0.000021
47123 0.000014
47124 0.000017
47125 0.000021
47126 0.000020
47127 0.000021
47128 0.000023
47129 0.000023
47130 0.000024
47131 0.000015
47132 0.000021
47133 0.000014
47134 0.000017
47135 0.000021
47136 0.000020
47137 0.000021
47138 0.000023
47139 0.000023
47140 0.000024
47141 0.000015
47142 0.000021
47143 0.000014
47144 0.000017
47145 0.000021
47146 0.000020
47147 0.000021
47148 0.000023
47149 0.000023
47150 0.000024
47151 0.000015
47152 0.000021
47153 0.000014
47154 0.000017
47155 0.000021
47156 0.000020
47157 0.000021
47158 0.000023
47159 0.000023
47160 0.000024
47161 0.000015
47162 0.000021
47163 0.000014
47164 0.000017
47165 0.000021
47166 0.000020
47167 0.000021
47168 0.000023
47169 0.000023
47170 0.000024
47171 0.000015
47172 0.000021
47173 0.000014
47174 0.000017
47175 0.000021
47176 0.000020
47177 0.000021
47178 0.000023
47179 0.000023
47180 0.000024
47181 0.000015
47182 0.000021
47183 0.000014
47184 0.000017
47185 0.000021
47186 0.000020
47187 0.000021
47188 0.000023
47189 0.000023
47190 0.000024
47191 0.000015
47192 0.000021
47193 0.000014
47194 0.000017
47195 0.000021
47196 0.000020
47197 0.000021
47198 0.000023
47199 0.000023
47200 0.000024
47201 0.000015
47202 0.000021
47203 0.000014
47204 0.000017
47205 0.000021
47206 0.000020
47207 0.000021
47208 0.000023
47209 0.000023
47210 0.000024
47211 0.000015
47212 0.000021
47213 0.000014
47214 0.000017
47215 0.000021
47216 0.000020
47217 0.000021
47218 0.000023
47219 0.000023
47220 0.000024
47221 0.000015
47222 0.000021
47223 0.000014
47224 0.000017
47225 0.000021
47226 0.000020
47227 0.000021
47228 0.000023
47229 0.000023
47230 0.000024
47231 0.000015
47232 0.000021
47233 0.000014
47234 0.000017
47235 0.000021
47236 0.000020
47237 0.000021
47238 0.000023
47239 0.000023
47240 0.000024
47241 0.000015
47242 0.000021
47243 0.000014
47244 0.000017
47245 0.000021
47246 0.000020
47247 0.000021
47248 0.000023
47249 0.000023
47250 0.000024
47251 0.000015
47252 0.000021
47253 0.000014
47254 0.000017
47255 0.000021
47256 0.000020
47257 0.000021
47258 0.000023
47259 0.000023
47260 0.000024
47261 0.000015
47262 0.000021
47263 0.000014
47264 0.000017
47265 0.000021
47266 0.000020
47267 0.000021
47268 0.000023
47269 0.000023
47270 0.000024
47271 0.000015
47272 0.000021
47273 0.000014
47274 0.000017
47275 0.000021
47276 0.000020
47277 0.000021
47278 0.000023
47279 0.000023
47280 0.000024
47281 0.000015
47282 0.000021
47283 0.000014
47284 0.000017
47285 0.000021
47286 0.000020
47287 0.000021
47288 0.000023
47289 0.000023
47290 0.000024
47291 0.000015
47292 0.000021
47293 0.000014
47294 0.000017
47295 0.000021
47296 0.000020
47297 0.000021
47298 0.000023
47299 0.000023
47300 0.000024
47301 0.000015
47302 0.000021
47303 0.000014
47304 0.000017
47305 0.000021
47306 0.000020
47307 0.000021
47308 0.000023
47309 0.000023
47310 0.000024
47311 0.000015
47312 0.000021
47313 0.000014
47314 0.000017
47315 0.000021
47316 0.000020
47317 0.000021
47318 0.000023
47319 0.000023
47320 0.000024
47321 0.000015
47322 0.000021
47323 0.000014
47324 0.000017
47325 0.000021
47326 0.000020
47327 0.000021
47328 0.000023
47329 0.000023
47330 0.000024
47331 0.000015
47332 0.000021
47333 0.000014
47334 0.000017
47335 0.000021
47336 0.000020
47337 0.000021
47338 0.000023
47339 0.000023
47340 0.000024
47341 0.000015
47342 0.000021
47343 0.000014
47344 0.000017
47345 0.000021
47346 0.000020
47347 0.000021
47348 0.000023
47349 0.000023
47350 0.000024
47351 0.000015
47352 0.000021
47353 0.000014
47354 0.000017
47355 0.000021
47356 0.000020
47357 0.000021
47358 0.000023
47359 0.000023
47360 0.000024
47361 0.000015
47362 0.000021
47363 0.000014
47364 0.000017
47365 0.000021
47366 0.000020
47367 0.000021
47368 0.000023
47369 0.000023
47370 0.000024
47371 0.000015
47372 0.000021
47373 0.000014
47374 0.000017
47375 0.000021
47376 0.000020
47377 0.000021
47378 0.000023
47379 0.000023
47380 0.000024
47381 0.000015
47382 0.000021
47383 0.000014
47384 0.000017
47385 0.000021
47386 0.000020
47387 0.000021
47388 0.000023
47389 0.000023
47390 0.000024
47391 0.000015
47392 0.000021
47393 0.000014
47394 0.000017
47395 0.000021
47396 0.000020
47397 0.000021
47398 0.000023
47399 0.000023
47400 0.000024
47401 0.000015
47402 0.000021
47403 0.000014
47404 0.000017
47405 0.000021
47406 0.000020
47407 0.000021
47408 0.000023
47409 0.000023
47410 0.000024
47411 0.000015
47412 0.000021
47413 0.000014
47414 0.000017
47415 0.000021
47416 0.000020
47417 0.000021
47418 0.000023
47419 0.000023
47420 0.000024
47421 0.000015
47422 0.000021
47423 0.000014
47424 0.000017
47425 0.000021
47426 0.000020
47427 0.000021
47428 0.000023
47429 0.000023
47430 0.000024
47431 0.000015
47432 0.000021
47433 0.000014
47434 0.000017
47435 0.000021
47436 0.000020
47437 0.000021
47438 0.000023
47439 0.000023
47440 0.000024
47441 0.000015
47442 0.000021
47443 0.000014
47444 0.000017
47445 0.000021
47446 0.000020
47447 0.000021
47448 0.000023
47449 0.000023
47450 0.000024
47451 0.000015
47452 0.000021
47453 0.000014
47454 0.000017
47455 0.000021
47456 0.000020
47457 0.000021
47458 0.000023
47459 0.000023
47460 0.000024
47461 0.000015
47462 0.000021
47463 0.000014
47464 0.000017
47465 0.000021
47466 0.000020
47467 0.000021
47468 0.000023
47469 0.000023
47470 0.000024
47471 0.000015
47472 0.000021
47473 0.000014
47474 0.000017
47475 0.000021
47476 0.000020
47477 0.000021
47478 0.000023
47479 0.000023
47480 0.000024
47481 0.000015
47482 0.000021
47483 0.000014
47484 0.000017
47485 0.000021
47486 0.000020
47487 0.000021
47488 0.000023
47489 0.000023
47490 0.000024
47491 0.000015
47492 0.000021
47493 0.000014
47494 0.000017
47495 0.000021
47496 0.000020
47497 0.000021
47498 0.000023
47499 0.000023
47500 0.000024
47501 0.000015
47502 0.000021
47503 0.000014
47504 0.000017
47505 0.000021
47506 0.000020
47507 0.000021
47508 0.000023
47509 0.000023
47510 0.000024
47511 0.000015
47512 0.000021
47513 0.000014
47514 0.000017
47515 0.000021
47516 0.000020
47517 0.000021
47518 0.000023
47519 0.000023
47520 0.000024
47521 0.000015
47522 0.000021
47523 0.000014
47524 0.000017
47525 0.000021
47526 0.000020
47527 0.000021
47528 0.000023
47529 0.000023
47530 0.000024
47531 0.000015
47532 0.000021
47533 0.000014
47534 0.000017
47535 0.000021
47536 0.000020
47537 0.000021
47538 0.000023
47539 0.000023
47540 0.000024
47541 0.000015
47542 0.000021
47543 0.000014
47544 0.000017
47545 0.000021
47546 0.000020
47547 0.000021
47548 0.000023
47549 0.000023
47550 0.000024
47551 0.000015
47552 0.000021
47553 0.000014
47554 0.000017
47555 0.000021
47556 0.000020
47557 0.000021
47558 0.000023
47559 0.000023
47560 0.000024
47561 0.000015
47562 0.000021
47563 0.000014
47564 0.000017
47565 0.000021
47566 0.000020
47567 0.000021
47568 0.000023
47569 0.000023
47570 0.000024
47571 0.000015
47572 0.000021
47573 0.000014
47574 0.000017
47575 0.000021
47576 0.000020
47577 0.000021
47578 0.000023
47579 0.000023
47580 0.000024
47581 0.000015
47582 0.000021
47583 0.000014
47584 0.000017
47585 0.000021
47586 0.000020
47587 0.000021
47588 0.000023
47589 0.000023
47590 0.000024
47591 0.000015
47592 0.000021
47593 0.000014
47594 0.000017
47595 0.000021
47596 0.000020
47597 0.000021
47598 0.000023
47599 0.000023
47600 0.000024
47601 0.000015
47602 0.000021
47603 0.000014
47604 0.000017
47605 0.000021
47606 0.000020
47607 0.000021
47608 0.000023
47609 0.000023
47610 0.000024
47611 0.000015
47612 0.000021
47613 0.000014
47614 0.000017
47615 0.000021
47616 0.000020
47617 0.000021
47618 0.000023
47619 0.000023
47620 0.000024
47621 0.000015
47622 0.000021
47623 0.000014
47624 0.000017
47625 0.000021
47626 0.000020
47627 0.000021
47628 0.000023
47629 0.000023
47630 0.000024
47631 0.000015
47632 0.000021
47633 0.000014
47634 0.000017
47635 0.000021
47636 0.000020
47637 0.000021
47638 0.000023
47639 0.000023
47640 0.000024
47641 0.000015
47642 0.000021
47643 0.000014
47644 0.000017
47645 0.000021
47646 0.000020
47647 0.000021
47648 0.000023
47649 0.000023
47650 0.000024
47651 0.000015
47652 0.000021
47653 0.000014
47654 0.000017
47655 0.000021
47656 0.000020
47657 0.000021
47658 0.000023
47659 0.000023
47660 0.000024
47661 0.000015
47662 0.000021
47663 0.000014
47664 0.000017
47665 0.000021
47666 0.000020
47667 0.000021
47668 0.000023
47669 0.000023
47670 0.000024
47671 0.000015
47672 0.000021
47673 0.000014
47674 0.000017
47675 0.000021
47676 0.000020
47677 0.000021
47678 0.000023
47679 0.000023
47680 0.000024
47681 0.000015
47682 0.000021
47683 0.000014
47684 0.000017
47685 0.000021
47686 0.000020
47687 0.000021
47688 0.000023
47689 0.000023
47690 0.000024
47691 0.000015
47692 0.000021
47693 0.000014
47694 0.000017
47695 0.000021
47696 0.000020
47697 0.000021
47698 0.000023
47699 0.000023
47700 0.000024
47701 0.000015
47702 0.000021
47703 0.000014
47704 0.000017
47705 0.000021
47706 0.000020
47707 0.000021
47708 0.000023
47709 0.000023
47710 0.000024
47711 0.000015
47712 0.000021
47713 0.000014
47714 0.000017
47715 0.000021
47716 0.000020
47717 0.000021
47718 0.000023
47719 0.000023
47720 0.000024
47721 0.000015
47722 0.000021
47723 0.000014
47724 0.000017
47725 0.000021
47726 0.000020
47727 0.000021
47728 0.000023
47729 0.000023
47730 0.000024
47731 0.000015
47732 0.000021
47733 0.000014
47734 0.000017
47735 0.000021
47736 0.000020
47737 0.000021
47738 0.000023
47739 0.000023
47740 0.000024
47741 0.000015
47742 0.000021
47743 0.000014
47744 0.000017
47745 0.000021
47746 0.000020
47747 0.000021
47748 0.000023
47749 0.000023
47750 0.000024
47751 0.000015
47752 0.000021
47753 0.000014
47754 0.000017
47755 0.000021
47756 0.000020
47757 0.000021
47758 0.000023
47759 0.000023
47760 0.000024
47761 0.000015
47762 0.000021
47763 0.000014
47764 0.000017
47765 0.000021
47766 0.000020
47767 0.000021
47768 0.000023
47769 0.000023
47770 0.000024
47771 0.000015
47772 0.000021
47773 0.000014
47774 0.000017
47775 0.000021
47776 0.000020
47777 0.000021
47778 0.000023
47779 0.000023
47780 0.000024
47781 0.000015
47782 0.000021
47783 0.000014
47784 0.000017
47785 0.000021
47786 0.000020
47787 0.000021
47788 0.000023
47789 0.000023
47790 0.000024
47791 0.000015
47792 0.000021
47793 0.000014
47794 0.000017
47795 0.000021
47796 0.000020
47797 0.000021
47798 0.000023
47799 0.000023
47800 0.000024
47801 0.000015
47802 0.000021
47803 0.000014
47804 0.000017
47805 0.000021
47806 0.000020
47807 0.000021
47808 0.000023
47809 0.000023
47810 0.000024
47811 0.000015
47812 0.000021
47813 0.000014
47814 0.000017
47815 0.000021
47816 0.000020
47817 0.000021
47818 0.000023
47819 0.000023
47820 0.000024
47821 0.000015
47822 0.000021
47823 0.000014
47824 0.000017
47825 0.000021
47826 0.000020
47827 0.000021
47828 0.000023
47829 0.000023
47830 0.000024
47831 0.000015
47832 0.000021
47833 0.000014
47834 0.000017
47835 0.000021
47836 0.000020
47837 0.000021
47838 0.000023
47839 0.000023
47840 0.000024
47841 0.000015
47842 0.000021
47843 0.000014
47844 0.000017
47845 0.000021
47846 0.000020
47847 0.000021
47848 0.000023
47849 0.000023
47850 0.000024
47851 0.000015
47852 0.000021
47853 0.000014
47854 0.000017
47855 0.000021
47856 0.000020
47857 0.000021
47858 0.000023
47859 0.000023
47860 0.000024
47861 0.000015
47862 0.000021
47863 0.000014
47864 0.000017
47865 0.000021
47866 0.000020
47867 0.000021
47868 0.000023
47869 0.000023
47870 0.000024
47871 0.000015
47872 0.000021
47873 0.000014
47874 0.000017
47875 0.000021
47876 0.000020
47877 0.000021
47878 0.000023
47879 0.000023
47880 0.000024
47881 0.000015
47882 0.000021
47883 0.000014
47884 0.000017
47885 0.000021
47886 0.000020
47887 0.000021
47888 0.000023
47889 0.000023
47890 0.000024
47891 0.000015
47892 0.000021
47893 0.000014
47894 0.000017
47895 0.000021
47896 0.000020
47897 0.000021
47898 0.000023
47899 0.000023
47900 0.000024
47901 0.000015
47902 0.000021
47903 0.000014
47904 0.000017
47905 0.000021
47906 0.000020
47907 0.000021
47908 0.000023
47909 0.000023
47910 0.000024
47911 0.000015
47912 0.000021
47913 0.000014
47914 0.000017
47915 0.000021
47916 0.000020
47917 0.000021
47918 0.000023
47919 0.000023
47920 0.000024
47921 0.000015
47922 0.000021
47923 0.000014
47924 0.000017
47925 0.000021
47926 0.000020
47927 0.000021
47928 0.000023
47929 0.000023
47930 0.000024
47931 0.000015
47932 0.000021
47933 0.000014
47934 0.000017
47935 0.000021
47936 0.000020
47937 0.000021
47938 0.000023
47939 0.000023
47940 0.000024
47941 0.000015
47942 0.000021
47943 0.000014
47944 0.000017
47945 0.000021
47946 0.000020
47947 0.000021
47948 0.000023
47949 0.000023
47950 0.000024
47951 0.000015
47952 0.000021
47953 0.000014
47954 0.000017
47955 0.000021
47956 0.000020
47957 0.000021
47958 0.000023
47959 0.000023
47960 0.000024
47961 0.000015
47962 0.000021
47963 0.000014
47964 0.000017
47965 0.000021
47966 0.000020
47967 0.000021
47968 0.000023
47969 0.000023
47970 0.000024
47971 0.000015
47972 0.000021
47973 0.000014
47974 0.000017
47975 0.000021
47976 0.000020
47977 0.000021
47978 0.000023
47979 0.000023
47980 0.000024
47981 0.000015
47982 0.000021
47983 0.000014
47984 0.000017
47985 0.000021
47986 0.000020
47987 0.000021
47988 0.000023
47989 0.000023
47990 0.000024
47991 0.000015
47992 0.000021
47993 0.000014
47994 0.000017
47995 0.000021
47996 0.000020
47997 0.000021
47998 0.000023
47999 0.000023
48000 0.000024
48001 0.000015
48002 0.000021
48003 0.000014
48004 0.000017
48005 0.000021
48006 0.000020
48007 0.000021
48008 0.000023
48009 0.000023
48010 0.000024
48011 0.000015
48012 0.000021
48013 0.000014
48014 0.000017
48015 0.000021
48016 0.000020
48017 0.000021
48018 0.000023
48019 0.000023
48020 0.000024
48021 0.000015
48022 0.000021
48023 0.000014
48024 0.000017
48025 0.000021
48026 0.000020
48027 0.000021
48028 0.000023
48029 0.000023
48030 0.000024
48031 0.000015
48032 0.000021
48033 0.000014
48034 0.000017
48035 0.000021
48036 0.000020
48037 0.000021
48038 0.000023
48039 0.000023
48040 0.000024
48041 0.000015
48042 0.000021
48043 0.000014
48044 0.000017
48045 0.000021
48046 0.000020
48047 0.000021
48048 0.000023
48049 0.000023
48050 0.000024
48051 0.000015
48052 0.000021
48053 0.000014
48054 0.000017
48055 0.000021
48056 0.000020
48057 0.000021
48058 0.000023
48059 0.000023
48060 0.000024
48061 0.000015
48062 0.000021
48063 0.000014
48064 0.000017
48065 0.000021
48066 0.000020
48067 0.000021
48068 0.000023
48069 0.000023
48070 0.000024
48071 0.000015
48072 0.000021
48073 0.000014
48074 0.000017
48075 0.000021
48076 0.000020
48077 0.000021
48078 0.000023
48079 0.000023
48080 0.000024
48081 0.000015
48082 0.000021
48083 0.000014
48084 0.000017
48085 0.000021
48086 0.000020
48087 0.000021
48088 0.000023
48089 0.000023
48090 0.000024
48091 0.000015
48092 0.000021
48093 0.000014
48094 0.000017
48095 0.000021
48096 0.000020
48097 0.000021
48098 0.000023
48099 0.000023
48100 0.000024
48101 0.000015
48102 0.000021
48103 0.000014
48104 0.000017
48105 0.000021
48106 0.000020
48107 0.000021
48108 0.000023
48109 0.000023
48110 0.000024
48111 0.000015
48112 0.000021
48113 0.000014
48114 0.000017
48115 0.000021
48116 0.000020
48117 0.000021
48118 0.000023
48119 0.000023
48120 0.000024
48121 0.000015
48122 0.000021
48123 0.000014
48124 0.000017
48125 0.000021
48126 0.000020
48127 0.000021
48128 0.000023
48129 0.000023
48130 0.000024
48131 0.000015
48132 0.000021
48133 0.000014
48134 0.000017
48135 0.000021
48136 0.000020
48137 0.000021
48138 0.000023
48139 0.000023
48140 0.000024
48141 0.000015
48142 0.000021
48143 0.000014
48144 0.000017
48145 0.000021
48146 0.000020
48147 0.000021
48148 0.000023
48149 0.000023
48150 0.000024
48151 0.000015
48152 0.000021
48153 0.000014
48154 0.000017
48155 0.000021
48156 0.000020
48157 0.000021
48158 0.000023
48159 0.000023
48160 0.000024
48161 0.000015
48162 0.000021
48163 0.000014
48164 0.000017
48165 0.000021
48166 0.000020
48167 0.000021
48168 0.000023
48169 0.000023
48170 0.000024
48171 0.000015
48172 0.000021
48173 0.000014
48174 0.000017
48175 0.000021
48176 0.000020
48177 0.000021
48178 0.000023
48179 0.000023
48180 0.000024
48181 0.000015
48182 0.000021
48183 0.000014
48184 0.000017
48185 0.000021
48186 0.000020
48187 0.000021
48188 0.000023
48189 0.000023
48190 0.000024
48191 0.000015
48192 0.000021
48193 0.000014
48194 0.000017
48195 0.000021
48196 0.000020
48197 0.000021
48198 0.000023
48199 0.000023
48200 0.000024
48201 0.000015
48202 0.000021
48203 0.000014
48204 0.000017
48205 0.000021
48206 0.000020
48207 0.000021
48208 0.000023
48209 0.000023
48210 0.000024
48211 0.000015
48212 0.000021
48213 0.000014
48214 0.000017
48215 0.000021
48216 0.000020
48217 0.000021
48218 0.000023
48219 0.000023
48220 0.000024
48221 0.000015
48222 0.000021
48223 0.000014
48224 0.000017
48225 0.000021
48226 0.000020
48227 0.000021
48228 0.000023
48229 0.000023
48230 0.000024
48231 0.000015
48232 0.000021
48233 0.000014
48234 0.000017
48235 0.000021
48236 0.000020
48237 0.000021
48238 0.000023
48239 0.000023
48240 0.000024
48241 0.000015
48242 0.000021
48243 0.000014
48244 0.000017
48245 0.000021
48246 0.000020
48247 0.000021
48248 0.000023
48249 0.000023
48250 0.000024
48251 0.000015
48252 0.000021
48253 0.000014
48254 0.000017
48255 0.000021
48256 0.000020
48257 0.000021
48258 0.000023
48259 0.000023
48260 0.000024
48261 0.000015
48262 0.000021
48263 0.000014
48264 0.000017
48265 0.000021
48266 0.000020
48267 0.000021
48268 0.000023
48269 0.000023
48270 0.000024
48271 0.000015
48272 0.000021
48273 0.000014
48274 0.000017
48275 0.000021
48276 0.000020
48277 0.000021
48278 0.000023
48279 0.000023
48280 0.000024
48281 0.000015
48282 0.000021
48283 0.000014
48284 0.000017
48285 0.000021
48286 0.000020
48287 0.000021
48288 0.000023
48289 0.000023
48290 0.000024
48291 0.000015
48292 0.000021
48293 0.000014
48294 0.000017
48295 0.000021
48296 0.000020
48297 0.000021
48298 0.000023
48299 0.000023
48300 0.000024
48301 0.000015
48302 0.000021
48303 0.000014
48304 0.000017
48305 0.000021
48306 0.000020
48307 0.000021
48308 0.000023
48309 0.000023
48310 0.000024
48311 0.000015
48312 0.000021
48313 0.000014
48314 0.000017
48315 0.000021
48316 0.000020
48317 0.000021
48318 0.000023
48319 0.000023
48320 0.000024
48321 0.000015
48322 0.000021
48323 0.000014
48324 0.000017
48325 0.000021
48326 0.000020
48327 0.000021
48328 0.000023
48329 0.000023
48330 0.000024
48331 0.000015
48332 0.000021
48333 0.000014
48334 0.000017
48335 0.000021
48336 0.000020
48337 0.000021
48338 0.000023
48339 0.000023
48340 0.000024
48341 0.000015
48342 0.000021
48343 0.000014
48344 0.000017
48345 0.000021
48346 0.000020
48347 0.000021
48348 0.000023
48349 0.000023
48350 0.000024
48351 0.000015
48352 0.000021
48353 0.000014
48354 0.000017
48355 0.000021
48356 0.000020
48357 0.000021
48358 0.000023
48359 0.000023
48360 0.000024
48361 0.000015
48362 0.000021
48363 0.000014
48364 0.000017
48365 0.000021
48366 0.000020
48367 0.000021
48368 0.000023
48369 0.000023
48370 0.000024
48371 0.000015
48372 0.000021
48373 0.000014
48374 0.000017
48375 0.000021
48376 0.000020
48377 0.000021
48378 0.000023
48379 0.000023
48380 0.000024
48381 0.000015
48382 0.000021
48383 0.000014
48384 0.000017
48385 0.000021
48386 0.000020
48387 0.000021
48388 0.000023
48389 0.000023
48390 0.000024
48391 0.000015
48392 0.000021
48393 0.000014
48394 0.000017
48395 0.000021
48396 0.000020
48397 0.000021
48398 0.000023
48399 0.000023
48400 0.000024
48401 0.000015
48402 0.000021
48403 0.000014
48404 0.000017
48405 0.000021
48406 0.000020
48407 0.000021
48408 0.000023
48409 0.000023
48410 0.000024
48411 0.000015
48412 0.000021
48413 0.000014
48414 0.000017
48415 0.000021
48416 0.000020
48417 0.000021
48418 0.000023
48419 0.000023
48420 0.000024
48421 0.000015
48422 0.000021
48423 0.000014
48424 0.000017
48425 0.000021
48426 0.000020
48427 0.000021
48428 0.000023
48429 0.000023
48430 0.000024
48431 0.000015
48432 0.000021
48433 0.000014
48434 0.000017
48435 0.000021
48436 0.000020
48437 0.000021
48438 0.000023
48439 0.000023
48440 0.000024
48441 0.000015
48442 0.000021
48443 0.000014
48444 0.000017
48445 0.000021
48446 0.000020
48447 0.000021
48448 0.000023
48449 0.000023
48450 0.000024
48451 0.000015
48452 0.000021
48453 0.000014
48454 0.000017
48455 0.000021
48456 0.000020
48457 0.000021
48458 0.000023
48459 0.000023
48460 0.000024
48461 0.000015
48462 0.000021
48463 0.000014
48464 0.000017
48465 0.000021
48466 0.000020
48467 0.000021
48468 0.000023
48469 0.000023
48470 0.000024
48471 0.000015
48472 0.000021
48473 0.000014
48474 0.000017
48475 0.000021
48476 0.000020
48477 0.000021
48478 0.000023
48479 0.000023
48480 0.000024
48481 0.000015
48482 0.000021
48483 0.000014
48484 0.000017
48485 0.000021
48486 0.000020
48487 0.000021
48488 0.000023
48489 0.000023
48490 0.000024
48491 0.000015
48492 0.000021
48493 0.000014
48494 0.000017
48495 0.000021
48496 0.000020
48497 0.000021
48498 0.000023
48499 0.000023
48500 0.000024
48501 0.000015
48502 0.000021
48503 0.000014
48504 0.000017
48505 0.000021
48506 0.000020
48507 0.000021
48508 0.000023
48509 0.000023
48510 0.000024
48511 0.000015
48512 0.000021
48513 0.000014
48514 0.000017
48515 0.000021
48516 0.000020
48517 0.000021
48518 0.000023
48519 0.000023
48520 0.000024
48521 0.000015
48522 0.000021
48523 0.000014
48524 0.000017
48525 0.000021
48526 0.000020
48527 0.000021
48528 0.000023
48529 0.000023
48530 0.000024
48531 0.000015
48532 0.000021
48533 0.000014
48534 0.000017
48535 0.000021
48536 0.000020
48537 0.000021
48538 0.000023
48539 0.000023
48540 0.000024
48541 0.000015
48542 0.000021
48543 0.000014
48544 0.000017
48545 0.000021
48546 0.000020
48547 0.000021
48548 0.000023
48549 0.000023
48550 0.000024
48551 0.000015
48552 0.000021
48553 0.000014
48554 0.000017
48555 0.000021
48556 0.000020
48557 0.000021
48558 0.000023
48559 0.000023
48560 0.000024
48561 0.000015
48562 0.000021
48563 0.000014
48564 0.000017
48565 0.000021
48566 0.000020
48567 0.000021
48568 0.000023
48569 0.000023
48570 0.000024
48571 0.000015
48572 0.000021
48573 0.000014
48574 0.000017
48575 0.000021
48576 0.000020
48577 0.000021
48578 0.000023
48579 0.000023
48580 0.000024
48581 0.000015
48582 0.000021
48583 0.000014
48584 0.000017
48585 0.000021
48586 0.000020
48587 0.000021
48588 0.000023
48589 0.000023
48590 0.000024
48591 0.000015
48592 0.000021
48593 0.000014
48594 0.000017
48595 0.000021
48596 0.000020
48597 0.000021
48598 0.000023
48599 0.000023
48600 0.000024
48601 0.000015
48602 0.000021
48603 0.000014
48604 0.000017
48605 0.000021
48606 0.000020
48607 0.000021
48608 0.000023
48609 0.000023
48610 0.000024
48611 0.000015
48612 0.000021
48613 0.000014
48614 0.000017
48615 0.000021
48616 0.000020
48617 0.000021
48618 0.000023
48619 0.000023
48620 0.000024
48621 0.000015
48622 0.000021
48623 0.000014
48624 0.000017
48625 0.000021
48626 0.000020
48627 0.000021
48628 0.000023
48629 0.000023
48630 0.000024
48631 0.000015
48632 0.000021
48633 0.000014
48634 0.000017
48635 0.000021
48636 0.000020
48637 0.000021
48638 0.000023
48639 0.000023
48640 0.000024
48641 0.000015
48642 0.000021
48643 0.000014
48644 0.000017
48645 0.000021
48646 0.000020
48647 0.000021
48648 0.000023
48649 0.000023
48650 0.000024
48651 0.000015
48652 0.000021
48653 0.000014
48654 0.000017
48655 0.000021
48656 0.000020
48657 0.000021
48658 0.000023
48659 0.000023
48660 0.000024
48661 0.000015
48662 0.000021
48663 0.000014
48664 0.000017
48665 0.000021
48666 0.000020
48667 0.000021
48668 0.000023
48669 0.000023
48670 0.000024
48671 0.000015
48672 0.000021
48673 0.000014
48674 0.000017
48675 0.000021
48676 0.000020
48677 0.000021
48678 0.000023
48679 0.000023
48680 0.000024
48681 0.000015
48682 0.000021
48683 0.000014
48684 0.000017
48685 0.000021
48686 0.000020
48687 0.000021
48688 0.000023
48689 0.000023
48690 0.000024
48691 0.000015
48692 0.000021
48693 0.000014
48694 0.000017
48695 0.000021
48696 0.000020
48697 0.000021
48698 0.000023
48699 0.000023
48700 0.000024
48701 0.000015
48702 0.000021
48703 0.000014
48704 0.000017
48705 0.000021
48706 0.000020
48707 0.000021
48708 0.000023
48709 0.000023
48710 0.000024
48711 0.000015
48712 0.000021
48713 0.000014
48714 0.000017
48715 0.000021
48716 0.000020
48717 0.000021
48718 0.000023
48719 0.000023
48720 0.000024
48721 0.000015
48722 0.000021
48723 0.000014
48724 0.000017
48725 0.000021
48726 0.000020
48727 0.000021
48728 0.000023
48729 0.000023
48730 0.000024
48731 0.000015
48732 0.000021
48733 0.000014
48734 0.000017
48735 0.000021
48736 0.000020
48737 0.000021
48738 0.000023
48739 0.000023
48740 0.000024
48741 0.000015
48742 0.000021
48743 0.000014
48744 0.000017
48745 0.000021
48746 0.000020
48747 0.000021
48748 0.000023
48749 0.000023
48750 0.000024
48751 0.000015
48752 0.000021
48753 0.000014
48754 0.000017
48755 0.000021
48756 0.000020
48757 0.000021
48758 0.000023
48759 0.000023
48760 0.000024
48761 0.000015
48762 0.000021
48763 0.000014
48764 0.000017
48765 0.000021
48766 0.000020
48767 0.000021
48768 0.000023
48769 0.000023
48770 0.000024
48771 0.000015
48772 0.000021
48773 0.000014
48774 0.000017
48775 0.000021
48776 0.000020
48777 0.000021
48778 0.000023
48779 0.000023
48780 0.000024
48781 0.000015
48782 0.000021
48783 0.000014
48784 0.000017
48785 0.000021
48786 0.000020
48787 0.000021
48788 0.000023
48789 0.000023
48790 0.000024
48791 0.000015
48792 0.000021
48793 0.000014
48794 0.000017
48795 0.000021
48796 0.000020
48797 0.000021
48798 0.000023
48799 0.000023
48800 0.000024
48801 0.000015
48802 0.000021
48803 0.000014
48804 0.000017
48805 0.000021
48806 0.000020
48807 0.000021
48808 0.000023
48809 0.000023
48810 0.000024
48811 0.000015
48812 0.000021
48813 0.000014
48814 0.000017
48815 0.000021
48816 0.000020
48817 0.000021
48818 0.000023
48819 0.000023
48820 0.000024
48821 0.000015
48822 0.000021
48823 0.000014
48824 0.000017
48825 0.000021
48826 0.000020
48827 0.000021
48828 0.000023
48829 0.000023
48830 0.000024
48831 0.000015
48832 0.000021
48833 0.000014
48834 0.000017
48835 0.000021
48836 0.000020
48837 0.000021
48838 0.000023
48839 0.000023
48840 0.000024
48841 0.000015
48842 0.000021
48843 0.000014
48844 0.000017
48845 0.000021
48846 0.000020
48847 0.000021
48848 0.000023
48849 0.000023
48850 0.000024
48851 0.000015
48852 0.000021
48853 0.000014
48854 0.000017
48855 0.000021
48856 0.000020
48857 0.000021
48858 0.000023
48859 0.000023
48860 0.000024
48861 0.000015
48862 0.000021
48863 0.000014
48864 0.000017
48865 0.000021
48866 0.000020
48867 0.000021
48868 0.000023
48869 0.000023
48870 0.000024
48871 0.000015
48872 0.000021
48873 0.000014
48874 0.000017
48875 0.000021
48876 0.000020
48877 0.000021
48878 0.000023
48879 0.000023
48880 0.000024
48881 0.000015
48882 0.000021
48883 0.000014
48884 0.000017
48885 0.000021
48886 0.000020
48887 0.000021
48888 0.000023
48889 0.000023
48890 0.000024
48891 0.000015
48892 0.000021
48893 0.000014
48894 0.000017
48895 0.000021
48896 0.000020
48897 0.000021
48898 0.000023
48899 0.000023
48900 0.000024
48901 0.000015
48902 0.000021
48903 0.000014
48904 0.000017
48905 0.000021
48906 0.000020
48907 0.000021
48908 0.000023
48909 0.000023
48910 0.000024
48911 0.000015
48912 0.000021
48913 0.000014
48914 0.000017
48915 0.000021
48916 0.000020
48917 0.000021
48918 0.000023
48919 0.000023
48920 0.000024
48921 0.000015
48922 0.000021
48923 0.000014
48924 0.000017
48925 0.000021
48926 0.000020
48927 0.000021
48928 0.000023
48929 0.000023
48930 0.000024
48931 0.000015
48932 0.000021
48933 0.000014
48934 0.000017
48935 0.000021
48936 0.000020
48937 0.000021
48938 0.000023
48939 0.000023
48940 0.000024
48941 0.000015
48942 0.000021
48943 0.000014
48944 0.000017
48945 0.000021
48946 0.000020
48947 0.000021
48948 0.000023
48949 0.000023
48950 0.000024
48951 0.000015
48952 0.000021
48953 0.000014
48954 0.000017
48955 0.000021
48956 0.000020
48957 0.000021
48958 0.000023
48959 0.000023
48960 0.000024
48961 0.000015
48962 0.000021
48963 0.000014
48964 0.000017
48965 0.000021
48966 0.000020
48967 0.000021
48968 0.000023
48969 0.000023
48970 0.000024
48971 0.000015
48972 0.000021
48973 0.000014
48974 0.000017
48975 0.000021
48976 0.000020
48977 0.000021
48978 0.000023
48979 0.000023
48980 0.000024
48981 0.000015
48982 0.000021
48983 0.000014
48984 0.000017
48985 0.000021
48986 0.000020
48987 0.000021
48988 0.000023
48989 0.000023
48990 0.000024
48991 0.000015
48992 0.000021
48993 0.000014
48994 0.000017
48995 0.000021
48996 0.000020
48997 0.000021
48998 0.000023
48999 0.000023
49000 0.000024
49001 0.000015
49002 0.000021
49003 0.000014
49004 0.000017
49005 0.000021
49006 0.000020
49007 0.000021
49008 0.000023
49009 0.000023
49010 0.000024
49011 0.000015
49012 0.000021
49013 0.000014
49014 0.000017
49015 0.000021
49016 0.000020
49017 0.000021
49018 0.000023
49019 0.000023
49020 0.000024
49021 0.000015
49022 0.000021
49023 0.000014
49024 0.000017
49025 0.000021
49026 0.000020
49027 0.000021
49028 0.000023
49029 0.000023
49030 0.000024
49031 0.000015
49032 0.000021
49033 0.000014
49034 0.000017
49035 0.000021
49036 0.000020
49037 0.000021
49038 0.000023
49039 0.000023
49040 0.000024
49041 0.000015
49042 0.000021
49043 0.000014
49044 0.000017
49045 0.000021
49046 0.000020
49047 0.000021
49048 0.000023
49049 0.000023
49050 0.000024
49051 0.000015
49052 0.000021
49053 0.000014
49054 0.000017
49055 0.000021
49056 0.000020
49057 0.000021
49058 0.000023
49059 0.000023
49060 0.000024
49061 0.000015
49062 0.000021
49063 0.000014
49064 0.000017
49065 0.000021
49066 0.000020
49067 0.000021
49068 0.000023
49069 0.000023
49070 0.000024
49071 0.000015
49072 0.000021
49073 0.000014
49074 0.000017
49075 0.000021
49076 0.000020
49077 0.000021
49078 0.000023
49079 0.000023
49080 0.000024
49081 0.000015
49082 0.000021
49083 0.000014
49084 0.000017
49085 0.000021
49086 0.000020
49087 0.000021
49088 0.000023
49089 0.000023
49090 0.000024
49091 0.000015
49092 0.000021
49093 0.000014
49094 0.000017
49095 0.000021
49096 0.000020
49097 0.000021
49098 0.000023
49099 0.000023
49100 0.000024
49101 0.000015
49102 0.000021
49103 0.000014
49104 0.000017
49105 0.000021
49106 0.000020
49107 0.000021
49108 0.000023
49109 0.000023
49110 0.000024
49111 0.000015
49112 0.000021
49113 0.000014
49114 0.000017
49115 0.000021
49116 0.000020
49117 0.000021
49118 0.000023
49119 0.000023
49120 0.000024
49121 0.000015
49122 0.000021
49123 0.000014
49124 0.000017
49125 0.000021
49126 0.000020
49127 0.000021
49128 0.000023
49129 0.000023
49130 0.000024
49131 0.000015
49132 0.000021
49133 0.000014
49134 0.000017
49135 0.000021
49136 0.000020
49137 0.000021
49138 0.000023
49139 0.000023
49140 0.000024
49141 0.000015
49142 0.000021
49143 0.000014
49144 0.000017
49145 0.000021
49146 0.000020
49147 0.000021
49148 0.000023
49149 0.000023
49150 0.000024
49151 0.000015
49152 0.000021
49153 0.000014
49154 0.000017
49155 0.000021
49156 0.000020
49157 0.000021
49158 0.000023
49159 0.000023
49160 0.000024
49161 0.000015
49162 0.000021
49163 0.000014
49164 0.000017
49165 0.000021
49166 0.000020
49167 0.000021
49168 0.000023
49169 0.000023
49170 0.000024
49171 0.000015
49172 0.000021
49173 0.000014
49174 0.000017
49175 0.000021
49176 0.000020
49177 0.000021
49178 0.000023
49179 0.000023
49180 0.000024
49181 0.000015
49182 0.000021
49183 0.000014
49184 0.000017
49185 0.000021
49186 0.000020
49187 0.000021
49188 0.000023
49189 0.000023
49190 0.000024
49191 0.000015
49192 0.000021
49193 0.000014
49194 0.000017
49195 0.000021
49196 0.000020
49197 0.000021
49198 0.000023
49199 0.000023
49200 0.000024
49201 0.000015
49202 0.000021
49203 0.000014
49204 0.000017
49205 0.000021
49206 0.000020
49207 0.000021
49208 0.000023
49209 0.000023
49210 0.000024
49211 0.000015
49212 0.000021
49213 0.000014
49214 0.000017
49215 0.000021
49216 0.000020
49217 0.000021
49218 0.000023
49219 0.000023
49220 0.000024
49221 0.000015
49222 0.000021
49223 0.000014
49224 0.000017
49225 0.000021
49226 0.000020
49227 0.000021
49228 0.000023
49229 0.000023
49230 0.000024
49231 0.000015
49232 0.000021
49233 0.000014
49234 0.000017
49235 0.000021
49236 0.000020
49237 0.000021
49238 0.000023
49239 0.000023
49240 0.000024
49241 0.000015
49242 0.000021
49243 0.000014
49244 0.000017
49245 0.000021
49246 0.000020
49247 0.000021
49248 0.000023
49249 0.000023
49250 0.000024
49251 0.000015
49252 0.000021
49253 0.000014
49254 0.000017
49255 0.000021
49256 0.000020
49257 0.000021
49258 0.000023
49259 0.000023
49260 0.000024
49261 0.000015
49262 0.000021
49263 0.000014
49264 0.000017
49265 0.000021
49266 0.000020
49267 0.000021
49268 0.000023
49269 0.000023
49270 0.000024
49271 0.000015
49272 0.000021
49273 0.000014
49274 0.000017
49275 0.000021
49276 0.000020
49277 0.000021
49278 0.000023
49279 0.000023
49280 0.000024
49281 0.000015
49282 0.000021
49283 0.000014
49284 0.000017
49285 0.000021
49286 0.000020
49287 0.000021
49288 0.000023
49289 0.000023
49290 0.000024
49291 0.000015
49292 0.000021
49293 0.000014
49294 0.000017
49295 0.000021
49296 0.000020
49297 0.000021
49298 0.000023
49299 0.000023
49300 0.000024
49301 0.000015
49302 0.000021
49303 0.000014
49304 0.000017
49305 0.000021
49306 0.000020
49307 0.000021
49308 0.000023
49309 0.000023
49310 0.000024
49311 0.000015
49312 0.000021
49313 0.000014
49314 0.000017
49315 0.000021
49316 0.000020
49317 0.000021
49318 0.000023
49319 0.000023
49320 0.000024
49321 0.000015
49322 0.000021
49323 0.000014
49324 0.000017
49325 0.000021
49326 0.000020
49327 0.000021
49328 0.000023
49329 0.000023
49330 0.000024
49331 0.000015
49332 0.000021
49333 0.000014
49334 0.000017
49335 0.000021
49336 0.000020
49337 0.000021
49338 0.000023
49339 0.000023
49340 0.000024
49341 0.000015
49342 0.000021
49343 0.000014
49344 0.000017
49345 0.000021
49346 0.000020
49347 0.000021
49348 0.000023
49349 0.000023
49350 0.000024
49351 0.000015
49352 0.000021
49353 0.000014
49354 0.000017
49355 0.000021
49356 0.000020
49357 0.000021
49358 0.000023
49359 0.000023
49360 0.000024
49361 0.000015
49362 0.000021
49363 0.000014
49364 0.000017
49365 0.000021
49366 0.000020
49367 0.000021
49368 0.000023
49369 0.000023
49370 0.000024
49371 0.000015
49372 0.000021
49373 0.000014
49374 0.000017
49375 0.000021
49376 0.000020
49377 0.000021
49378 0.000023
49379 0.000023
49380 0.000024
49381 0.000015
49382 0.000021
49383 0.000014
49384 0.000017
49385 0.000021
49386 0.000020
49387 0.000021
49388 0.000023
49389 0.000023
49390 0.000024
49391 0.000015
49392 0.000021
49393 0.000014
49394 0.000017
49395 0.000021
49396 0.000020
49397 0.000021
49398 0.000023
49399 0.000023
49400 0.000024
49401 0.000015
49402 0.000021
49403 0.000014
49404 0.000017
49405 0.000021
49406 0.000020
49407 0.000021
49408 0.000023
49409 0.000023
49410 0.000024
49411 0.000015
49412 0.000021
49413 0.000014
49414 0.000017
49415 0.000021
49416 0.000020
49417 0.000021
49418 0.000023
49419 0.000023
49420 0.000024
49421 0.000015
49422 0.000021
49423 0.000014
49424 0.000017
49425 0.000021
49426 0.000020
49427 0.000021
49428 0.000023
49429 0.000023
49430 0.000024
49431 0.000015
49432 0.000021
49433 0.000014
49434 0.000017
49435 0.000021
49436 0.000020
49437 0.000021
49438 0.000023
49439 0.000023
49440 0.000024
49441 0.000015
49442 0.000021
49443 0.000014
49444 0.000017
49445 0.000021
49446 0.000020
49447 0.000021
49448 0.000023
49449 0.000023
49450 0.000024
49451 0.000015
49452 0.000021
49453 0.000014
49454 0.000017
49455 0.000021
49456 0.000020
49457 0.000021
49458 0.000023
49459 0.000023
49460 0.000024
49461 0.000015
49462 0.000021
49463 0.000014
49464 0.000017
49465 0.000021
49466 0.000020
49467 0.000021
49468 0.000023
49469 0.000023
49470 0.000024
49471 0.000015
49472 0.000021
49473 0.000014
49474 0.000017
49475 0.000021
49476 0.000020
49477 0.000021
49478 0.000023
49479 0.000023
49480 0.000024
49481 0.000015
49482 0.000021
49483 0.000014
49484 0.000017
49485 0.000021
49486 0.000020
49487 0.000021
49488 0.000023
49489 0.000023
49490 0.000024
49491 0.000015
49492 0.000021
49493 0.000014
49494 0.000017
49495 0.000021
49496 0.000020
49497 0.000021
49498 0.000023
49499 0.000023
49500 0.000024
49501 0.000015
49502 0.000021
49503 0.000014
49504 0.000017
49505 0.000021
49506 0.000020
49507 0.000021
49508 0.000023
49509 0.000023
49510 0.000024
49511 0.000015
49512 0.000021
49513 0.000014
49514 0.000017
49515 0.000021
49516 0.000020
49517 0.000021
49518 0.000023
49519 0.000023
49520 0.000024
49521 0.000015
49522 0.000021
49523 0.000014
49524 0.000017
49525 0.000021
49526 0.000020
49527 0.000021
49528 0.000023
49529 0.000023
49530 0.000024
49531 0.000015
49532 0.000021
49533 0.000014
49534 0.000017
49535 0.000021
49536 0.000020
49537 0.000021
49538 0.000023
49539 0.000023
49540 0.000024
49541 0.000015
49542 0.000021
49543 0.000014
49544 0.000017
49545 0.000021
49546 0.000020
49547 0.000021
49548 0.000023
49549 0.000023
49550 0.000024
49551 0.000015
49552 0.000021
49553 0.000014
49554 0.000017
49555 0.000021
49556 0.000020
49557 0.000021
49558 0.000023
49559 0.000023
49560 0.000024
49561 0.000015
49562 0.000021
49563 0.000014
49564 0.000017
49565 0.000021
49566 0.000020
49567 0.000021
49568 0.000023
49569 0.000023
49570 0.000024
49571 0.000015
49572 0.000021
49573 0.000014
49574 0.000017
49575 0.000021
49576 0.000020
49577 0.000021
49578 0.000023
49579 0.000023
49580 0.000024
49581 0.000015
49582 0.000021
49583 0.000014
49584 0.000017
49585 0.000021
49586 0.000020
49587 0.000021
49588 0.000023
49589 0.000023
49590 0.000024
49591 0.000015
49592 0.000021
49593 0.000014
49594 0.000017
49595 0.000021
49596 0.000020
49597 0.000021
49598 0.000023
49599 0.000023
49600 0.000024
49601 0.000015
49602 0.000021
49603 0.000014
49604 0.000017
49605 0.000021
49606 0.000020
49607 0.000021
49608 0.000023
49609 0.000023
49610 0.000024
49611 0.000015
49612 0.000021
49613 0.000014
49614 0.000017
49615 0.000021
49616 0.000020
49617 0.000021
49618 0.000023
49619 0.000023
49620 0.000024
49621 0.000015
49622 0.000021
49623 0.000014
49624 0.000017
49625 0.000021
49626 0.000020
49627 0.000021
49628 0.000023
49629 0.000023
49630 0.000024
49631 0.000015
49632 0.000021
49633 0.000014
49634 0.000017
49635 0.000021
49636 0.000020
49637 0.000021
49638 0.000023
49639 0.000023
49640 0.000024
49641 0.000015
49642 0.000021
49643 0.000014
49644 0.000017
49645 0.000021
49646 0.000020
49647 0.000021
49648 0.000023
49649 0.000023
49650 0.000024
49651 0.000015
49652 0.000021
49653 0.000014
49654 0.000017
49655 0.000021
49656 0.000020
49657 0.000021
49658 0.000023
49659 0.000023
49660 0.000024
49661 0.000015
49662 0.000021
49663 0.000014
49664 0.000017
49665 0.000021
49666 0.000020
49667 0.000021
49668 0.000023
49669 0.000023
49670 0.000024
49671 0.000015
49672 0.000021
49673 0.000014
49674 0.000017
49675 0.000021
49676 0.000020
49677 0.000021
49678 0.000023
49679 0.000023
49680 0.000024
49681 0.000015
49682 0.000021
49683 0.000014
49684 0.000017
49685 0.000021
49686 0.000020
49687 0.000021
49688 0.000023
49689 0.000023
49690 0.000024
49691 0.000015
49692 0.000021
49693 0.000014
49694 0.000017
49695 0.000021
49696 0.000020
49697 0.000021
49698 0.000023
49699 0.000023
49700 0.000024
49701 0.000015
49702 0.000021
49703 0.000014
49704 0.000017
49705 0.000021
49706 0.000020
49707 0.000021
49708 0.000023
49709 0.000023
49710 0.000024
49711 0.000015
49712 0.000021
49713 0.000014
49714 0.000017
49715 0.000021
49716 0.000020
49717 0.000021
49718 0.000023
49719 0.000023
49720 0.000024
49721 0.000015
49722 0.000021
49723 0.000014
49724 0.000017
49725 0.000021
49726 0.000020
49727 0.000021
49728 0.000023
49729 0.000023
49730 0.000024
49731 0.000015
49732 0.000021
49733 0.000014
49734 0.000017
49735 0.000021
49736 0.000020
49737 0.000021
49738 0.000023
49739 0.000023
49740 0.000024
49741 0.000015
49742 0.000021
49743 0.000014
49744 0.000017
49745 0.000021
49746 0.000020
49747 0.000021
49748 0.000023
49749 0.000023
49750 0.000024
49751 0.000015
49752 0.000021
49753 0.000014
49754 0.000017
49755 0.000021
49756 0.000020
49757 0.000021
49758 0.000023
49759 0.000023
49760 0.000024
49761 0.000015
49762 0.000021
49763 0.000014
49764 0.000017
49765 0.000021
49766 0.000020
49767 0.000021
49768 0.000023
49769 0.000023
49770 0.000024
49771 0.000015
49772 0.000021
49773 0.000014
49774 0.000017
49775 0.000021
49776 0.000020
49777 0.000021
49778 0.000023
49779 0.000023
49780 0.000024
49781 0.000015
49782 0.000021
49783 0.000014
49784 0.000017
49785 0.000021
49786 0.000020
49787 0.000021
49788 0.000023
49789 0.000023
49790 0.000024
49791 0.000015
49792 0.000021
49793 0.000014
49794 0.000017
49795 0.000021
49796 0.000020
49797 0.000021
49798 0.000023
49799 0.000023
49800 0.000024
49801 0.000015
49802 0.000021
49803 0.000014
49804 0.000017
49805 0.000021
49806 0.000020
49807 0.000021
49808 0.000023
49809 0.000023
49810 0.000024
49811 0.000015
49812 0.000021
49813 0.000014
49814 0.000017
49815 0.000021
49816 0.000020
49817 0.000021
49818 0.000023
49819 0.000023
49820 0.000024
49821 0.000015
49822 0.000021
49823 0.000014
49824 0.000017
49825 0.000021
49826 0.000020
49827 0.000021
49828 0.000023
49829 0.000023
49830 0.000024
49831 0.000015
49832 0.000021
49833 0.000014
49834 0.000017
49835 0.000021
49836 0.000020
49837 0.000021
49838 0.000023
49839 0.000023
49840 0.000024
49841 0.000015
49842 0.000021
49843 0.000014
49844 0.000017
49845 0.000021
49846 0.000020
49847 0.000021
49848 0.000023
49849 0.000023
49850 0.000024
49851 0.000015
49852 0.000021
49853 0.000014
49854 0.000017
49855 0.000021
49856 0.000020
49857 0.000021
49858 0.000023
49859 0.000023
49860 0.000024
49861 0.000015
49862 0.000021
49863 0.000014
49864 0.000017
49865 0.000021
49866 0.000020
49867 0.000021
49868 0.000023
49869 0.000023
49870 0.000024
49871 0.000015
49872 0.000021
49873 0.000014
49874 0.000017
49875 0.000021
49876 0.000020
49877 0.000021
49878 0.000023
49879 0.000023
49880 0.000024
49881 0.000015
49882 0.000021
49883 0.000014
49884 0.000017
49885 0.000021
49886 0.000020
49887 0.000021
49888 0.000023
49889 0.000023
49890 0.000024
49891 0.000015
49892 0.000021
49893 0.000014
49894 0.000017
49895 0.000021
49896 0.000020
49897 0.000021
49898 0.000023
49899 0.000023
49900 0.000024
49901 0.000015
49902 0.000021
49903 0.000014
49904 0.000017
49905 0.000021
49906 0.000020
49907 0.000021
49908 0.000023
49909 0.000023
49910 0.000024
49911 0.000015
49912 0.000021
49913 0.000014
49914 0.000017
49915 0.000021
49916 0.000020
49917 0.000021
49918 0.000023
49919 0.000023
49920 0.000024
49921 0.000015
49922 0.000021
49923 0.000014
49924 0.000017
49925 0.000021
49926 0.000020
49927 0.000021
49928 0.000023
49929 0.000023
49930 0.000024
49931 0.000015
49932 0.000021
49933 0.000014
49934 0.000017
49935 0.000021
49936 0.000020
49937 0.000021
49938 0.000023
49939 0.000023
49940 0.000024
49941 0.000015
49942 0.000021
49943 0.000014
49944 0.000017
49945 0.000021
49946 0.000020
49947 0.000021
49948 0.000023
49949 0.000023
49950 0.000024
49951 0.000015
49952 0.000021
49953 0.000014
49954 0.000017
49955 0.000021
49956 0.000020
49957 0.000021
49958 0.000023
49959 0.000023
49960 0.000024
49961 0.000015
49962 0.000021
49963 0.000014
49964 0.000017
49965 0.000021
49966 0.000020
49967 0.000021
49968 0.000023
49969 0.000023
49970 0.000024
49971 0.000015
49972 0.000021
49973 0.000014
49974 0.000017
49975 0.000021
49976 0.000020
49977 0.000021
49978 0.000023
49979 0.000023
49980 0.000024
49981 0.000015
49982 0.000021
49983 0.000014
49984 0.000017
49985 0.000021
49986 0.000020
49987 0.000021
49988 0.000023
49989 0.000023
49990 0.000024
49991 0.000015
49992 0.000021
49993 0.000014
49994 0.000017
49995 0.000021
49996 0.000020
49997 0.000021
49998 0.000023
49999 0.000023
Sum of ranks: 1.000000
Iterations: 41
Converged: true
Execution time: 16.675437 ms
