Algorithm: PageRank
Damping: 0.850000
Vertex ranks:
0 0.000119
1 0.000074
2 0.000106
3 0.000070
4 0.000086
5 0.000107
6 0.000100
7 0.000105
8 0.000115
9 0.000117
10 0.000119
11 0.000074
12 0.000106
13 0.000070
14 0.000086
15 0.000107
16 0.000100
17 0.000105
18 0.000115
19 0.000117
20 0.000119
21 0.000074
22 0.000106
23 0.000070
24 0.000086
25 0.000107
26 0.000100
27 0.000105
28 0.000115
29 0.000117
30 0.000119
31 0.000074
32 0.000106
33 0.000070
34 0.000086
35 0.000107
36 0.000100
37 0.000105
38 0.000115
39 0.000117
40 0.000119
41 0.000074
42 0.000106
43 0.000070
44 0.000086
45 0.000107
46 0.000100
47 0.000105
48 0.000115
49 0.000117
50 0.000119
51 0.000074
52 0.000106
53 0.000070
54 0.000086
55 0.000107
56 0.000100
57 0.000105
58 0.000115
59 0.000117
60 0.000119
61 0.000074
62 0.000106
63 0.000070
64 0.000086
65 0.000107
66 0.000100
67 0.000105
68 0.000115
69 0.000117
70 0.000119
71 0.000074
72 0.000106
73 0.000070
74 0.000086
75 0.000107
76 0.000100
77 0.000105
78 0.000115
79 0.000117
80 0.000119
81 0.000074
82 0.000106
83 0.000070
84 0.000086
85 0.000107
86 0.000100
87 0.000105
88 0.000115
89 0.000117
90 0.000119
91 0.000074
92 0.000106
93 0.000070
94 0.000086
95 0.000107
96 0.000100
97 0.000105
98 0.000115
99 0.000117
100 0.000119
101 0.000074
102 0.000106
103 0.000070
104 0.000086
105 0.000107
106 0.000100
107 0.000105
108 0.000115
109 0.000117
110 0.000119
111 0.000074
112 0.000106
113 0.000070
114 0.000086
115 0.000107
116 0.000100
117 0.000105
118 0.000115
119 0.000117
120 0.000119
121 0.000074
122 0.000106
123 0.000070
124 0.000086
125 0.000107
126 0.000100
127 0.000105
128 0.000115
129 0.000117
130 0.000119
131 0.000074
132 0.000106
133 0.000070
134 0.000086
135 0.000107
136 0.000100
137 0.000105
138 0.000115
139 0.000117
140 0.000119
141 0.000074
142 0.000106
143 0.000070
144 0.000086
145 0.000107
146 0.000100
147 0.000105
148 0.000115
149 0.000117
150 0.000119
151 0.000074
152 0.000106
153 0.000070
154 0.000086
155 0.000107
156 0.000100
157 0.000105
158 0.000115
159 0.000117
160 0.000119
161 0.000074
162 0.000106
163 0.000070
164 0.000086
165 0.000107
166 0.000100
167 0.000105
168 0.000115
169 0.000117
170 0.000119
171 0.000074
172 0.000106
173 0.000070
174 0.000086
175 0.000107
176 0.000100
177 0.000105
178 0.000115
179 0.000117
180 0.000119
181 0.000074
182 0.000106
183 0.000070
184 0.000086
185 0.000107
186 0.000100
187 0.000105
188 0.000115
189 0.000117
190 0.000119
191 0.000074
192 0.000106
193 0.000070
194 0.000086
195 0.000107
196 0.000100
197 0.000105
198 0.000115
199 0.000117
200 0.000119
201 0.000074
202 0.000106
203 0.000070
204 0.000086
205 0.000107
206 0.000100
207 0.000105
208 0.000115
209 0.000117
210 0.000119
211 0.000074
212 0.000106
213 0.000070
214 0.000086
215 0.000107
216 0.000100
217 0.000105
218 0.000115
219 0.000117
220 0.000119
221 0.000074
222 0.000106
223 0.000070
224 0.000086
225 0.000107
226 0.000100
227 0.000105
228 0.000115
229 0.000117
230 0.000119
231 0.000074
232 0.000106
233 0.000070
234 0.000086
235 0.000107
236 0.000100
237 0.000105
238 0.000115
239 0.000117
240 0.000119
241 0.000074
242 0.000106
243 0.000070
244 0.000086
245 0.000107
246 0.000100
247 0.000105
248 0.000115
249 0.000117
250 0.000119
251 0.000074
252 0.000106
253 0.000070
254 0.000086
255 0.000107
256 0.000100
257 0.000105
258 0.000115
259 0.000117
260 0.000119
261 0.000074
262 0.000106
263 0.000070
264 0.000086
265 0.000107
266 0.000100
267 0.000105
268 0.000115
269 0.000117
270 0.000119
271 0.000074
272 0.000106
273 0.000070
274 0.000086
275 0.000107
276 0.000100
277 0.000105
278 0.000115
279 0.000117
280 0.000119
281 0.000074
282 0.000106
283 0.000070
284 0.000086
285 0.000107
286 0.000100
287 0.000105
288 0.000115
289 0.000117
290 0.000119
291 0.000074
292 0.000106
293 0.000070
294 0.000086
295 0.000107
296 0.000100
297 0.000105
298 0.000115
299 0.000117
300 0.000119
301 0.000074
302 0.000106
303 0.000070
304 0.000086
305 0.000107
306 0.000100
307 0.000105
308 0.000115
309 0.000117
310 0.000119
311 0.000074
312 0.000106
313 0.000070
314 0.000086
315 0.000107
316 0.000100
317 0.000105
318 0.000115
319 0.000117
320 0.000119
321 0.000074
322 0.000106
323 0.000070
324 0.000086
325 0.000107
326 0.000100
327 0.000105
328 0.000115
329 0.000117
330 0.000119
331 0.000074
332 0.000106
333 0.000070
334 0.000086
335 0.000107
336 0.000100
337 0.000105
338 0.000115
339 0.000117
340 0.000119
341 0.000074
342 0.000106
343 0.000070
344 0.000086
345 0.000107
346 0.000100
347 0.000105
348 0.000115
349 0.000117
350 0.000119
351 0.000074
352 0.000106
353 0.000070
354 0.000086
355 0.000107
356 0.000100
357 0.000105
358 0.000115
359 0.000117
360 0.000119
361 0.000074
362 0.000106
363 0.000070
364 0.000086
365 0.000107
366 0.000100
367 0.000105
368 0.000115
369 0.000117
370 0.000119
371 0.000074
372 0.000106
373 0.000070
374 0.000086
375 0.000107
376 0.000100
377 0.000105
378 0.000115
379 0.000117
380 0.000119
381 0.000074
382 0.000106
383 0.000070
384 0.000086
385 0.000107
386 0.000100
387 0.000105
388 0.000115
389 0.000117
390 0.000119
391 0.000074
392 0.000106
393 0.000070
394 0.000086
395 0.000107
396 0.000100
397 0.000105
398 0.000115
399 0.000117
400 0.000119
401 0.000074
402 0.000106
403 0.000070
404 0.000086
405 0.000107
406 0.000100
407 0.000105
408 0.000115
409 0.000117
410 0.000119
411 0.000074
412 0.000106
413 0.000070
414 0.000086
415 0.000107
416 0.000100
417 0.000105
418 0.000115
419 0.000117
420 0.000119
421 0.000074
422 0.000106
423 0.000070
424 0.000086
425 0.000107
426 0.000100
427 0.000105
428 0.000115
429 0.000117
430 0.000119
431 0.000074
432 0.000106
433 0.000070
434 0.000086
435 0.000107
436 0.000100
437 0.000105
438 0.000115
439 0.000117
440 0.000119
441 0.000074
442 0.000106
443 0.000070
444 0.000086
445 0.000107
446 0.000100
447 0.000105
448 0.000115
449 0.000117
450 0.000119
451 0.000074
452 0.000106
453 0.000070
454 0.000086
455 0.000107
456 0.000100
457 0.000105
458 0.000115
459 0.000117
460 0.000119
461 0.000074
462 0.000106
463 0.000070
464 0.000086
465 0.000107
466 0.000100
467 0.000105
468 0.000115
469 0.000117
470 0.000119
471 0.000074
472 0.000106
473 0.000070
474 0.000086
475 0.000107
476 0.000100
477 0.000105
478 0.000115
479 0.000117
480 0.000119
481 0.000074
482 0.000106
483 0.000070
484 0.000086
485 0.000107
486 0.000100
487 0.000105
488 0.000115
489 0.000117
490 0.000119
491 0.000074
492 0.000106
493 0.000070
494 0.000086
495 0.000107
496 0.000100
497 0.000105
498 0.000115
499 0.000117
500 0.000119
501 0.000074
502 0.000106
503 0.000070
504 0.000086
505 0.000107
506 0.000100
507 0.000105
508 0.000115
509 0.000117
510 0.000119
511 0.000074
512 0.000106
513 0.000070
514 0.000086
515 0.000107
516 0.000100
517 0.000105
518 0.000115
519 0.000117
520 0.000119
521 0.000074
522 0.000106
523 0.000070
524 0.000086
525 0.000107
526 0.000100
527 0.000105
528 0.000115
529 0.000117
530 0.000119
531 0.000074
532 0.000106
533 0.000070
534 0.000086
535 0.000107
536 0.000100
537 0.000105
538 0.000115
539 0.000117
540 0.000119
541 0.000074
542 0.000106
543 0.000070
544 0.000086
545 0.000107
546 0.000100
547 0.000105
548 0.000115
549 0.000117
550 0.000119
551 0.000074
552 0.000106
553 0.000070
554 0.000086
555 0.000107
556 0.000100
557 0.000105
558 0.000115
559 0.000117
560 0.000119
561 0.000074
562 0.000106
563 0.000070
564 0.000086
565 0.000107
566 0.000100
567 0.000105
568 0.000115
569 0.000117
570 0.000119
571 0.000074
572 0.000106
573 0.000070
574 0.000086
575 0.000107
576 0.000100
577 0.000105
578 0.000115
579 0.000117
580 0.000119
581 0.000074
582 0.000106
583 0.000070
584 0.000086
585 0.000107
586 0.000100
587 0.000105
588 0.000115
589 0.000117
590 0.000119
591 0.000074
592 0.000106
593 0.000070
594 0.000086
595 0.000107
596 0.000100
597 0.000105
598 0.000115
599 0.000117
600 0.000119
601 0.000074
602 0.000106
603 0.000070
604 0.000086
605 0.000107
606 0.000100
607 0.000105
608 0.000115
609 0.000117
610 0.000119
611 0.000074
612 0.000106
613 0.000070
614 0.000086
615 0.000107
616 0.000100
617 0.000105
618 0.000115
619 0.000117
620 0.000119
621 0.000074
622 0.000106
623 0.000070
624 0.000086
625 0.000107
626 0.000100
627 0.000105
628 0.000115
629 0.000117
630 0.000119
631 0.000074
632 0.000106
633 0.000070
634 0.000086
635 0.000107
636 0.000100
637 0.000105
638 0.000115
639 0.000117
640 0.000119
641 0.000074
642 0.000106
643 0.000070
644 0.000086
645 0.000107
646 0.000100
647 0.000105
648 0.000115
649 0.000117
650 0.000119
651 0.000074
652 0.000106
653 0.000070
654 0.000086
655 0.000107
656 0.000100
657 0.000105
658 0.000115
659 0.000117
660 0.000119
661 0.000074
662 0.000106
663 0.000070
664 0.000086
665 0.000107
666 0.000100
667 0.000105
668 0.000115
669 0.000117
670 0.000119
671 0.000074
672 0.000106
673 0.000070
674 0.000086
675 0.000107
676 0.000100
677 0.000105
678 0.000115
679 0.000117
680 0.000119
681 0.000074
682 0.000106
683 0.000070
684 0.000086
685 0.000107
686 0.000100
687 0.000105
688 0.000115
689 0.000117
690 0.000119
691 0.000074
692 0.000106
693 0.000070
694 0.000086
695 0.000107
696 0.000100
697 0.000105
698 0.000115
699 0.000117
700 0.000119
701 0.000074
702 0.000106
703 0.000070
704 0.000086
705 0.000107
706 0.000100
707 0.000105
708 0.000115
709 0.000117
710 0.000119
711 0.000074
712 0.000106
713 0.000070
714 0.000086
715 0.000107
716 0.000100
717 0.000105
718 0.000115
719 0.000117
720 0.000119
721 0.000074
722 0.000106
723 0.000070
724 0.000086
725 0.000107
726 0.000100
727 0.000105
728 0.000115
729 0.000117
730 0.000119
731 0.000074
732 0.000106
733 0.000070
734 0.000086
735 0.000107
736 0.000100
737 0.000105
738 0.000115
739 0.000117
740 0.000119
741 0.000074
742 0.000106
743 0.000070
744 0.000086
745 0.000107
746 0.000100
747 0.000105
748 0.000115
749 0.000117
750 0.000119
751 0.000074
752 0.000106
753 0.000070
754 0.000086
755 0.000107
756 0.000100
757 0.000105
758 0.000115
759 0.000117
760 0.000119
761 0.000074
762 0.000106
763 0.000070
764 0.000086
765 0.000107
766 0.000100
767 0.000105
768 0.000115
769 0.000117
770 0.000119
771 0.000074
772 0.000106
773 0.000070
774 0.000086
775 0.000107
776 0.000100
777 0.000105
778 0.000115
779 0.000117
780 0.000119
781 0.000074
782 0.000106
783 0.000070
784 0.000086
785 0.000107
786 0.000100
787 0.000105
788 0.000115
789 0.000117
790 0.000119
791 0.000074
792 0.000106
793 0.000070
794 0.000086
795 0.000107
796 0.000100
797 0.000105
798 0.000115
799 0.000117
800 0.000119
801 0.000074
802 0.000106
803 0.000070
804 0.000086
805 0.000107
806 0.000100
807 0.000105
808 0.000115
809 0.000117
810 0.000119
811 0.000074
812 0.000106
813 0.000070
814 0.000086
815 0.000107
816 0.000100
817 0.000105
818 0.000115
819 0.000117
820 0.000119
821 0.000074
822 0.000106
823 0.000070
824 0.000086
825 0.000107
826 0.000100
827 0.000105
828 0.000115
829 0.000117
830 0.000119
831 0.000074
832 0.000106
833 0.000070
834 0.000086
835 0.000107
836 0.000100
837 0.000105
838 0.000115
839 0.000117
840 0.000119
841 0.000074
842 0.000106
843 0.000070
844 0.000086
845 0.000107
846 0.000100
847 0.000105
848 0.000115
849 0.000117
850 0.000119
851 0.000074
852 0.000106
853 0.000070
854 0.000086
855 0.000107
856 0.000100
857 0.000105
858 0.000115
859 0.000117
860 0.000119
861 0.000074
862 0.000106
863 0.000070
864 0.000086
865 0.000107
866 0.000100
867 0.000105
868 0.000115
869 0.000117
870 0.000119
871 0.000074
872 0.000106
873 0.000070
874 0.000086
875 0.000107
876 0.000100
877 0.000105
878 0.000115
879 0.000117
880 0.000119
881 0.000074
882 0.000106
883 0.000070
884 0.000086
885 0.000107
886 0.000100
887 0.000105
888 0.000115
889 0.000117
890 0.000119
891 0.000074
892 0.000106
893 0.000070
894 0.000086
895 0.000107
896 0.000100
897 0.000105
898 0.000115
899 0.000117
900 0.000119
901 0.000074
902 0.000106
903 0.000070
904 0.000086
905 0.000107
906 0.000100
907 0.000105
908 0.000115
909 0.000117
910 0.000119
911 0.000074
912 0.000106
913 0.000070
914 0.000086
915 0.000107
916 0.000100
917 0.000105
918 0.000115
919 0.000117
920 0.000119
921 0.000074
922 0.000106
923 0.000070
924 0.000086
925 0.000107
926 0.000100
927 0.000105
928 0.000115
929 0.000117
930 0.000119
931 0.000074
932 0.000106
933 0.000070
934 0.000086
935 0.000107
936 0.000100
937 0.000105
938 0.000115
939 0.000117
940 0.000119
941 0.000074
942 0.000106
943 0.000070
944 0.000086
945 0.000107
946 0.000100
947 0.000105
948 0.000115
949 0.000117
950 0.000119
951 0.000074
952 0.000106
953 0.000070
954 0.000086
955 0.000107
956 0.000100
957 0.000105
958 0.000115
959 0.000117
960 0.000119
961 0.000074
962 0.000106
963 0.000070
964 0.000086
965 0.000107
966 0.000100
967 0.000105
968 0.000115
969 0.000117
970 0.000119
971 0.000074
972 0.000106
973 0.000070
974 0.000086
975 0.000107
976 0.000100
977 0.000105
978 0.000115
979 0.000117
980 0.000119
981 0.000074
982 0.000106
983 0.000070
984 0.000086
985 0.000107
986 0.000100
987 0.000105
988 0.000115
989 0.000117
990 0.000119
991 0.000074
992 0.000106
993 0.000070
994 0.000086
995 0.000107
996 0.000100
997 0.000105
998 0.000115
999 0.000117
1000 0.000119
1001 0.000074
1002 0.000106
1003 0.000070
1004 0.000086
1005 0.000107
1006 0.000100
1007 0.000105
1008 0.000115
1009 0.000117
1010 0.000119
1011 0.000074
1012 0.000106
1013 0.000070
1014 0.000086
1015 0.000107
1016 0.000100
1017 0.000105
1018 0.000115
1019 0.000117
1020 0.000119
1021 0.000074
1022 0.000106
1023 0.000070
1024 0.000086
1025 0.000107
1026 0.000100
1027 0.000105
1028 0.000115
1029 0.000117
1030 0.000119
1031 0.000074
1032 0.000106
1033 0.000070
1034 0.000086
1035 0.000107
1036 0.000100
1037 0.000105
1038 0.000115
1039 0.000117
1040 0.000119
1041 0.000074
1042 0.000106
1043 0.000070
1044 0.000086
1045 0.000107
1046 0.000100
1047 0.000105
1048 0.000115
1049 0.000117
1050 0.000119
1051 0.000074
1052 0.000106
1053 0.000070
1054 0.000086
1055 0.000107
1056 0.000100
1057 0.000105
1058 0.000115
1059 0.000117
1060 0.000119
1061 0.000074
1062 0.000106
1063 0.000070
1064 0.000086
1065 0.000107
1066 0.000100
1067 0.000105
1068 0.000115
1069 0.000117
1070 0.000119
1071 0.000074
1072 0.000106
1073 0.000070
1074 0.000086
1075 0.000107
1076 0.000100
1077 0.000105
1078 0.000115
1079 0.000117
1080 0.000119
1081 0.000074
1082 0.000106
1083 0.000070
1084 0.000086
1085 0.000107
1086 0.000100
1087 0.000105
1088 0.000115
1089 0.000117
1090 0.000119
1091 0.000074
1092 0.000106
1093 0.000070
1094 0.000086
1095 0.000107
1096 0.000100
1097 0.000105
1098 0.000115
1099 0.000117
1100 0.000119
1101 0.000074
1102 0.000106
1103 0.000070
1104 0.000086
1105 0.000107
1106 0.000100
1107 0.000105
1108 0.000115
1109 0.000117
1110 0.000119
1111 0.000074
1112 0.000106
1113 0.000070
1114 0.000086
1115 0.000107
1116 0.000100
1117 0.000105
1118 0.000115
1119 0.000117
1120 0.000119
1121 0.000074
1122 0.000106
1123 0.000070
1124 0.000086
1125 0.000107
1126 0.000100
1127 0.000105
1128 0.000115
1129 0.000117
1130 0.000119
1131 0.000074
1132 0.000106
1133 0.000070
1134 0.000086
1135 0.000107
1136 0.000100
1137 0.000105
1138 0.000115
1139 0.000117
1140 0.000119
1141 0.000074
1142 0.000106
1143 0.000070
1144 0.000086
1145 0.000107
1146 0.000100
1147 0.000105
1148 0.000115
1149 0.000117
1150 0.000119
1151 0.000074
1152 0.000106
1153 0.000070
1154 0.000086
1155 0.000107
1156 0.000100
1157 0.000105
1158 0.000115
1159 0.000117
1160 0.000119
1161 0.000074
1162 0.000106
1163 0.000070
1164 0.000086
1165 0.000107
1166 0.000100
1167 0.000105
1168 0.000115
1169 0.000117
1170 0.000119
1171 0.000074
1172 0.000106
1173 0.000070
1174 0.000086
1175 0.000107
1176 0.000100
1177 0.000105
1178 0.000115
1179 0.000117
1180 0.000119
1181 0.000074
1182 0.000106
1183 0.000070
1184 0.000086
1185 0.000107
1186 0.000100
1187 0.000105
1188 0.000115
1189 0.000117
1190 0.000119
1191 0.000074
1192 0.000106
1193 0.000070
1194 0.000086
1195 0.000107
1196 0.000100
1197 0.000105
1198 0.000115
1199 0.000117
1200 0.000119
1201 0.000074
1202 0.000106
1203 0.000070
1204 0.000086
1205 0.000107
1206 0.000100
1207 0.000105
1208 0.000115
1209 0.000117
1210 0.000119
1211 0.000074
1212 0.000106
1213 0.000070
1214 0.000086
1215 0.000107
1216 0.000100
1217 0.000105
1218 0.000115
1219 0.000117
1220 0.000119
1221 0.000074
1222 0.000106
1223 0.000070
1224 0.000086
1225 0.000107
1226 0.000100
1227 0.000105
1228 0.000115
1229 0.000117
1230 0.000119
1231 0.000074
1232 0.000106
1233 0.000070
1234 0.000086
1235 0.000107
1236 0.000100
1237 0.000105
1238 0.000115
1239 0.000117
1240 0.000119
1241 0.000074
1242 0.000106
1243 0.000070
1244 0.000086
1245 0.000107
1246 0.000100
1247 0.000105
1248 0.000115
1249 0.000117
1250 0.000119
1251 0.000074
1252 0.000106
1253 0.000070
1254 0.000086
1255 0.000107
1256 0.000100
1257 0.000105
1258 0.000115
1259 0.000117
1260 0.000119
1261 0.000074
1262 0.000106
1263 0.000070
1264 0.000086
1265 0.000107
1266 0.000100
1267 0.000105
1268 0.000115
1269 0.000117
1270 0.000119
1271 0.000074
1272 0.000106
1273 0.000070
1274 0.000086
1275 0.000107
1276 0.000100
1277 0.000105
1278 0.000115
1279 0.000117
1280 0.000119
1281 0.000074
1282 0.000106
1283 0.000070
1284 0.000086
1285 0.000107
1286 0.000100
1287 0.000105
1288 0.000115
1289 0.000117
1290 0.000119
1291 0.000074
1292 0.000106
1293 0.000070
1294 0.000086
1295 0.000107
1296 0.000100
1297 0.000105
1298 0.000115
1299 0.000117
1300 0.000119
1301 0.000074
1302 0.000106
1303 0.000070
1304 0.000086
1305 0.000107
1306 0.000100
1307 0.000105
1308 0.000115
1309 0.000117
1310 0.000119
1311 0.000074
1312 0.000106
1313 0.000070
1314 0.000086
1315 0.000107
1316 0.000100
1317 0.000105
1318 0.000115
1319 0.000117
1320 0.000119
1321 0.000074
1322 0.000106
1323 0.000070
1324 0.000086
1325 0.000107
1326 0.000100
1327 0.000105
1328 0.000115
1329 0.000117
1330 0.000119
1331 0.000074
1332 0.000106
1333 0.000070
1334 0.000086
1335 0.000107
1336 0.000100
1337 0.000105
1338 0.000115
1339 0.000117
1340 0.000119
1341 0.000074
1342 0.000106
1343 0.000070
1344 0.000086
1345 0.000107
1346 0.000100
1347 0.000105
1348 0.000115
1349 0.000117
1350 0.000119
1351 0.000074
1352 0.000106
1353 0.000070
1354 0.000086
1355 0.000107
1356 0.000100
1357 0.000105
1358 0.000115
1359 0.000117
1360 0.000119
1361 0.000074
1362 0.000106
1363 0.000070
1364 0.000086
1365 0.000107
1366 0.000100
1367 0.000105
1368 0.000115
1369 0.000117
1370 0.000119
1371 0.000074
1372 0.000106
1373 0.000070
1374 0.000086
1375 0.000107
1376 0.000100
1377 0.000105
1378 0.000115
1379 0.000117
1380 0.000119
1381 0.000074
1382 0.000106
1383 0.000070
1384 0.000086
1385 0.000107
1386 0.000100
1387 0.000105
1388 0.000115
1389 0.000117
1390 0.000119
1391 0.000074
1392 0.000106
1393 0.000070
1394 0.000086
1395 0.000107
1396 0.000100
1397 0.000105
1398 0.000115
1399 0.000117
1400 0.000119
1401 0.000074
1402 0.000106
1403 0.000070
1404 0.000086
1405 0.000107
1406 0.000100
1407 0.000105
1408 0.000115
1409 0.000117
1410 0.000119
1411 0.000074
1412 0.000106
1413 0.000070
1414 0.000086
1415 0.000107
1416 0.000100
1417 0.000105
1418 0.000115
1419 0.000117
1420 0.000119
1421 0.000074
1422 0.000106
1423 0.000070
1424 0.000086
1425 0.000107
1426 0.000100
1427 0.000105
1428 0.000115
1429 0.000117
1430 0.000119
1431 0.000074
1432 0.000106
1433 0.000070
1434 0.000086
1435 0.000107
1436 0.000100
1437 0.000105
1438 0.000115
1439 0.000117
1440 0.000119
1441 0.000074
1442 0.000106
1443 0.000070
1444 0.000086
1445 0.000107
1446 0.000100
1447 0.000105
1448 0.000115
1449 0.000117
1450 0.000119
1451 0.000074
1452 0.000106
1453 0.000070
1454 0.000086
1455 0.000107
1456 0.000100
1457 0.000105
1458 0.000115
1459 0.000117
1460 0.000119
1461 0.000074
1462 0.000106
1463 0.000070
1464 0.000086
1465 0.000107
1466 0.000100
1467 0.000105
1468 0.000115
1469 0.000117
1470 0.000119
1471 0.000074
1472 0.000106
1473 0.000070
1474 0.000086
1475 0.000107
1476 0.000100
1477 0.000105
1478 0.000115
1479 0.000117
1480 0.000119
1481 0.000074
1482 0.000106
1483 0.000070
1484 0.000086
1485 0.000107
1486 0.000100
1487 0.000105
1488 0.000115
1489 0.000117
1490 0.000119
1491 0.000074
1492 0.000106
1493 0.000070
1494 0.000086
1495 0.000107
1496 0.000100
1497 0.000105
1498 0.000115
1499 0.000117
1500 0.000119
1501 0.000074
1502 0.000106
1503 0.000070
1504 0.000086
1505 0.000107
1506 0.000100
1507 0.000105
1508 0.000115
1509 0.000117
1510 0.000119
1511 0.000074
1512 0.000106
1513 0.000070
1514 0.000086
1515 0.000107
1516 0.000100
1517 0.000105
1518 0.000115
1519 0.000117
1520 0.000119
1521 0.000074
1522 0.000106
1523 0.000070
1524 0.000086
1525 0.000107
1526 0.000100
1527 0.000105
1528 0.000115
1529 0.000117
1530 0.000119
1531 0.000074
1532 0.000106
1533 0.000070
1534 0.000086
1535 0.000107
1536 0.000100
1537 0.000105
1538 0.000115
1539 0.000117
1540 0.000119
1541 0.000074
1542 0.000106
1543 0.000070
1544 0.000086
1545 0.000107
1546 0.000100
1547 0.000105
1548 0.000115
1549 0.000117
1550 0.000119
1551 0.000074
1552 0.000106
1553 0.000070
1554 0.000086
1555 0.000107
1556 0.000100
1557 0.000105
1558 0.000115
1559 0.000117
1560 0.000119
1561 0.000074
1562 0.000106
1563 0.000070
1564 0.000086
1565 0.000107
1566 0.000100
1567 0.000105
1568 0.000115
1569 0.000117
1570 0.000119
1571 0.000074
1572 0.000106
1573 0.000070
1574 0.000086
1575 0.000107
1576 0.000100
1577 0.000105
1578 0.000115
1579 0.000117
1580 0.000119
1581 0.000074
1582 0.000106
1583 0.000070
1584 0.000086
1585 0.000107
1586 0.000100
1587 0.000105
1588 0.000115
1589 0.000117
1590 0.000119
1591 0.000074
1592 0.000106
1593 0.000070
1594 0.000086
1595 0.000107
1596 0.000100
1597 0.000105
1598 0.000115
1599 0.000117
1600 0.000119
1601 0.000074
1602 0.000106
1603 0.000070
1604 0.000086
1605 0.000107
1606 0.000100
1607 0.000105
1608 0.000115
1609 0.000117
1610 0.000119
1611 0.000074
1612 0.000106
1613 0.000070
1614 0.000086
1615 0.000107
1616 0.000100
1617 0.000105
1618 0.000115
1619 0.000117
1620 0.000119
1621 0.000074
1622 0.000106
1623 0.000070
1624 0.000086
1625 0.000107
1626 0.000100
1627 0.000105
1628 0.000115
1629 0.000117
1630 0.000119
1631 0.000074
1632 0.000106
1633 0.000070
1634 0.000086
1635 0.000107
1636 0.000100
1637 0.000105
1638 0.000115
1639 0.000117
1640 0.000119
1641 0.000074
1642 0.000106
1643 0.000070
1644 0.000086
1645 0.000107
1646 0.000100
1647 0.000105
1648 0.000115
1649 0.000117
1650 0.000119
1651 0.000074
1652 0.000106
1653 0.000070
1654 0.000086
1655 0.000107
1656 0.000100
1657 0.000105
1658 0.000115
1659 0.000117
1660 0.000119
1661 0.000074
1662 0.000106
1663 0.000070
1664 0.000086
1665 0.000107
1666 0.000100
1667 0.000105
1668 0.000115
1669 0.000117
1670 0.000119
1671 0.000074
1672 0.000106
1673 0.000070
1674 0.000086
1675 0.000107
1676 0.000100
1677 0.000105
1678 0.000115
1679 0.000117
1680 0.000119
1681 0.000074
1682 0.000106
1683 0.000070
1684 0.000086
1685 0.000107
1686 0.000100
1687 0.000105
1688 0.000115
1689 0.000117
1690 0.000119
1691 0.000074
1692 0.000106
1693 0.000070
1694 0.000086
1695 0.000107
1696 0.000100
1697 0.000105
1698 0.000115
1699 0.000117
1700 0.000119
1701 0.000074
1702 0.000106
1703 0.000070
1704 0.000086
1705 0.000107
1706 0.000100
1707 0.000105
1708 0.000115
1709 0.000117
1710 0.000119
1711 0.000074
1712 0.000106
1713 0.000070
1714 0.000086
1715 0.000107
1716 0.000100
1717 0.000105
1718 0.000115
1719 0.000117
1720 0.000119
1721 0.000074
1722 0.000106
1723 0.000070
1724 0.000086
1725 0.000107
1726 0.000100
1727 0.000105
1728 0.000115
1729 0.000117
1730 0.000119
1731 0.000074
1732 0.000106
1733 0.000070
1734 0.000086
1735 0.000107
1736 0.000100
1737 0.000105
1738 0.000115
1739 0.000117
1740 0.000119
1741 0.000074
1742 0.000106
1743 0.000070
1744 0.000086
1745 0.000107
1746 0.000100
1747 0.000105
1748 0.000115
1749 0.000117
1750 0.000119
1751 0.000074
1752 0.000106
1753 0.000070
1754 0.000086
1755 0.000107
1756 0.000100
1757 0.000105
1758 0.000115
1759 0.000117
1760 0.000119
1761 0.000074
1762 0.000106
1763 0.000070
1764 0.000086
1765 0.000107
1766 0.000100
1767 0.000105
1768 0.000115
1769 0.000117
1770 0.000119
1771 0.000074
1772 0.000106
1773 0.000070
1774 0.000086
1775 0.000107
1776 0.000100
1777 0.000105
1778 0.000115
1779 0.000117
1780 0.000119
1781 0.000074
1782 0.000106
1783 0.000070
1784 0.000086
1785 0.000107
1786 0.000100
1787 0.000105
1788 0.000115
1789 0.000117
1790 0.000119
1791 0.000074
1792 0.000106
1793 0.000070
1794 0.000086
1795 0.000107
1796 0.000100
1797 0.000105
1798 0.000115
1799 0.000117
1800 0.000119
1801 0.000074
1802 0.000106
1803 0.000070
1804 0.000086
1805 0.000107
1806 0.000100
1807 0.000105
1808 0.000115
1809 0.000117
1810 0.000119
1811 0.000074
1812 0.000106
1813 0.000070
1814 0.000086
1815 0.000107
1816 0.000100
1817 0.000105
1818 0.000115
1819 0.000117
1820 0.000119
1821 0.000074
1822 0.000106
1823 0.000070
1824 0.000086
1825 0.000107
1826 0.000100
1827 0.000105
1828 0.000115
1829 0.000117
1830 0.000119
1831 0.000074
1832 0.000106
1833 0.000070
1834 0.000086
1835 0.000107
1836 0.000100
1837 0.000105
1838 0.000115
1839 0.000117
1840 0.000119
1841 0.000074
1842 0.000106
1843 0.000070
1844 0.000086
1845 0.000107
1846 0.000100
1847 0.000105
1848 0.000115
1849 0.000117
1850 0.000119
1851 0.000074
1852 0.000106
1853 0.000070
1854 0.000086
1855 0.000107
1856 0.000100
1857 0.000105
1858 0.000115
1859 0.000117
1860 0.000119
1861 0.000074
1862 0.000106
1863 0.000070
1864 0.000086
1865 0.000107
1866 0.000100
1867 0.000105
1868 0.000115
1869 0.000117
1870 0.000119
1871 0.000074
1872 0.000106
1873 0.000070
1874 0.000086
1875 0.000107
1876 0.000100
1877 0.000105
1878 0.000115
1879 0.000117
1880 0.000119
1881 0.000074
1882 0.000106
1883 0.000070
1884 0.000086
1885 0.000107
1886 0.000100
1887 0.000105
1888 0.000115
1889 0.000117
1890 0.000119
1891 0.000074
1892 0.000106
1893 0.000070
1894 0.000086
1895 0.000107
1896 0.000100
1897 0.000105
1898 0.000115
1899 0.000117
1900 0.000119
1901 0.000074
1902 0.000106
1903 0.000070
1904 0.000086
1905 0.000107
1906 0.000100
1907 0.000105
1908 0.000115
1909 0.000117
1910 0.000119
1911 0.000074
1912 0.000106
1913 0.000070
1914 0.000086
1915 0.000107
1916 0.000100
1917 0.000105
1918 0.000115
1919 0.000117
1920 0.000119
1921 0.000074
1922 0.000106
1923 0.000070
1924 0.000086
1925 0.000107
1926 0.000100
1927 0.000105
1928 0.000115
1929 0.000117
1930 0.000119
1931 0.000074
1932 0.000106
1933 0.000070
1934 0.000086
1935 0.000107
1936 0.000100
1937 0.000105
1938 0.000115
1939 0.000117
1940 0.000119
1941 0.000074
1942 0.000106
1943 0.000070
1944 0.000086
1945 0.000107
1946 0.000100
1947 0.000105
1948 0.000115
1949 0.000117
1950 0.000119
1951 0.000074
1952 0.000106
1953 0.000070
1954 0.000086
1955 0.000107
1956 0.000100
1957 0.000105
1958 0.000115
1959 0.000117
1960 0.000119
1961 0.000074
1962 0.000106
1963 0.000070
1964 0.000086
1965 0.000107
1966 0.000100
1967 0.000105
1968 0.000115
1969 0.000117
1970 0.000119
1971 0.000074
1972 0.000106
1973 0.000070
1974 0.000086
1975 0.000107
1976 0.000100
1977 0.000105
1978 0.000115
1979 0.000117
1980 0.000119
1981 0.000074
1982 0.000106
1983 0.000070
1984 0.000086
1985 0.000107
1986 0.000100
1987 0.000105
1988 0.000115
1989 0.000117
1990 0.000119
1991 0.000074
1992 0.000106
1993 0.000070
1994 0.000086
1995 0.000107
1996 0.000100
1997 0.000105
1998 0.000115
1999 0.000117
2000 0.000119
2001 0.000074
2002 0.000106
2003 0.000070
2004 0.000086
2005 0.000107
2006 0.000100
2007 0.000105
2008 0.000115
2009 0.000117
2010 0.000119
2011 0.000074
2012 0.000106
2013 0.000070
2014 0.000086
2015 0.000107
2016 0.000100
2017 0.000105
2018 0.000115
2019 0.000117
2020 0.000119
2021 0.000074
2022 0.000106
2023 0.000070
2024 0.000086
2025 0.000107
2026 0.000100
2027 0.000105
2028 0.000115
2029 0.000117
2030 0.000119
2031 0.000074
2032 0.000106
2033 0.000070
2034 0.000086
2035 0.000107
2036 0.000100
2037 0.000105
2038 0.000115
2039 0.000117
2040 0.000119
2041 0.000074
2042 0.000106
2043 0.000070
2044 0.000086
2045 0.000107
2046 0.000100
2047 0.000105
2048 0.000115
2049 0.000117
2050 0.000119
2051 0.000074
2052 0.000106
2053 0.000070
2054 0.000086
2055 0.000107
2056 0.000100
2057 0.000105
2058 0.000115
2059 0.000117
2060 0.000119
2061 0.000074
2062 0.000106
2063 0.000070
2064 0.000086
2065 0.000107
2066 0.000100
2067 0.000105
2068 0.000115
2069 0.000117
2070 0.000119
2071 0.000074
2072 0.000106
2073 0.000070
2074 0.000086
2075 0.000107
2076 0.000100
2077 0.000105
2078 0.000115
2079 0.000117
2080 0.000119
2081 0.000074
2082 0.000106
2083 0.000070
2084 0.000086
2085 0.000107
2086 0.000100
2087 0.000105
2088 0.000115
2089 0.000117
2090 0.000119
2091 0.000074
2092 0.000106
2093 0.000070
2094 0.000086
2095 0.000107
2096 0.000100
2097 0.000105
2098 0.000115
2099 0.000117
2100 0.000119
2101 0.000074
2102 0.000106
2103 0.000070
2104 0.000086
2105 0.000107
2106 0.000100
2107 0.000105
2108 0.000115
2109 0.000117
2110 0.000119
2111 0.000074
2112 0.000106
2113 0.000070
2114 0.000086
2115 0.000107
2116 0.000100
2117 0.000105
2118 0.000115
2119 0.000117
2120 0.000119
2121 0.000074
2122 0.000106
2123 0.000070
2124 0.000086
2125 0.000107
2126 0.000100
2127 0.000105
2128 0.000115
2129 0.000117
2130 0.000119
2131 0.000074
2132 0.000106
2133 0.000070
2134 0.000086
2135 0.000107
2136 0.000100
2137 0.000105
2138 0.000115
2139 0.000117
2140 0.000119
2141 0.000074
2142 0.000106
2143 0.000070
2144 0.000086
2145 0.000107
2146 0.000100
2147 0.000105
2148 0.000115
2149 0.000117
2150 0.000119
2151 0.000074
2152 0.000106
2153 0.000070
2154 0.000086
2155 0.000107
2156 0.000100
2157 0.000105
2158 0.000115
2159 0.000117
2160 0.000119
2161 0.000074
2162 0.000106
2163 0.000070
2164 0.000086
2165 0.000107
2166 0.000100
2167 0.000105
2168 0.000115
2169 0.000117
2170 0.000119
2171 0.000074
2172 0.000106
2173 0.000070
2174 0.000086
2175 0.000107
2176 0.000100
2177 0.000105
2178 0.000115
2179 0.000117
2180 0.000119
2181 0.000074
2182 0.000106
2183 0.000070
2184 0.000086
2185 0.000107
2186 0.000100
2187 0.000105
2188 0.000115
2189 0.000117
2190 0.000119
2191 0.000074
2192 0.000106
2193 0.000070
2194 0.000086
2195 0.000107
2196 0.000100
2197 0.000105
2198 0.000115
2199 0.000117
2200 0.000119
2201 0.000074
2202 0.000106
2203 0.000070
2204 0.000086
2205 0.000107
2206 0.000100
2207 0.000105
2208 0.000115
2209 0.000117
2210 0.000119
2211 0.000074
2212 0.000106
2213 0.000070
2214 0.000086
2215 0.000107
2216 0.000100
2217 0.000105
2218 0.000115
2219 0.000117
2220 0.000119
2221 0.000074
2222 0.000106
2223 0.000070
2224 0.000086
2225 0.000107
2226 0.000100
2227 0.000105
2228 0.000115
2229 0.000117
2230 0.000119
2231 0.000074
2232 0.000106
2233 0.000070
2234 0.000086
2235 0.000107
2236 0.000100
2237 0.000105
2238 0.000115
2239 0.000117
2240 0.000119
2241 0.000074
2242 0.000106
2243 0.000070
2244 0.000086
2245 0.000107
2246 0.000100
2247 0.000105
2248 0.000115
2249 0.000117
2250 0.000119
2251 0.000074
2252 0.000106
2253 0.000070
2254 0.000086
2255 0.000107
2256 0.000100
2257 0.000105
2258 0.000115
2259 0.000117
2260 0.000119
2261 0.000074
2262 0.000106
2263 0.000070
2264 0.000086
2265 0.000107
2266 0.000100
2267 0.000105
2268 0.000115
2269 0.000117
2270 0.000119
2271 0.000074
2272 0.000106
2273 0.000070
2274 0.000086
2275 0.000107
2276 0.000100
2277 0.000105
2278 0.000115
2279 0.000117
2280 0.000119
2281 0.000074
2282 0.000106
2283 0.000070
2284 0.000086
2285 0.000107
2286 0.000100
2287 0.000105
2288 0.000115
2289 0.000117
2290 0.000119
2291 0.000074
2292 0.000106
2293 0.000070
2294 0.000086
2295 0.000107
2296 0.000100
2297 0.000105
2298 0.000115
2299 0.000117
2300 0.000119
2301 0.000074
2302 0.000106
2303 0.000070
2304 0.000086
2305 0.000107
2306 0.000100
2307 0.000105
2308 0.000115
2309 0.000117
2310 0.000119
2311 0.000074
2312 0.000106
2313 0.000070
2314 0.000086
2315 0.000107
2316 0.000100
2317 0.000105
2318 0.000115
2319 0.000117
2320 0.000119
2321 0.000074
2322 0.000106
2323 0.000070
2324 0.000086
2325 0.000107
2326 0.000100
2327 0.000105
2328 0.000115
2329 0.000117
2330 0.000119
2331 0.000074
2332 0.000106
2333 0.000070
2334 0.000086
2335 0.000107
2336 0.000100
2337 0.000105
2338 0.000115
2339 0.000117
2340 0.000119
2341 0.000074
2342 0.000106
2343 0.000070
2344 0.000086
2345 0.000107
2346 0.000100
2347 0.000105
2348 0.000115
2349 0.000117
2350 0.000119
2351 0.000074
2352 0.000106
2353 0.000070
2354 0.000086
2355 0.000107
2356 0.000100
2357 0.000105
2358 0.000115
2359 0.000117
2360 0.000119
2361 0.000074
2362 0.000106
2363 0.000070
2364 0.000086
2365 0.000107
2366 0.000100
2367 0.000105
2368 0.000115
2369 0.000117
2370 0.000119
2371 0.000074
2372 0.000106
2373 0.000070
2374 0.000086
2375 0.000107
2376 0.000100
2377 0.000105
2378 0.000115
2379 0.000117
2380 0.000119
2381 0.000074
2382 0.000106
2383 0.000070
2384 0.000086
2385 0.000107
2386 0.000100
2387 0.000105
2388 0.000115
2389 0.000117
2390 0.000119
2391 0.000074
2392 0.000106
2393 0.000070
2394 0.000086
2395 0.000107
2396 0.000100
2397 0.000105
2398 0.000115
2399 0.000117
2400 0.000119
2401 0.000074
2402 0.000106
2403 0.000070
2404 0.000086
2405 0.000107
2406 0.000100
2407 0.000105
2408 0.000115
2409 0.000117
2410 0.000119
2411 0.000074
2412 0.000106
2413 0.000070
2414 0.000086
2415 0.000107
2416 0.000100
2417 0.000105
2418 0.000115
2419 0.000117
2420 0.000119
2421 0.000074
2422 0.000106
2423 0.000070
2424 0.000086
2425 0.000107
2426 0.000100
2427 0.000105
2428 0.000115
2429 0.000117
2430 0.000119
2431 0.000074
2432 0.000106
2433 0.000070
2434 0.000086
2435 0.000107
2436 0.000100
2437 0.000105
2438 0.000115
2439 0.000117
2440 0.000119
2441 0.000074
2442 0.000106
2443 0.000070
2444 0.000086
2445 0.000107
2446 0.000100
2447 0.000105
2448 0.000115
2449 0.000117
2450 0.000119
2451 0.000074
2452 0.000106
2453 0.000070
2454 0.000086
2455 0.000107
2456 0.000100
2457 0.000105
2458 0.000115
2459 0.000117
2460 0.000119
2461 0.000074
2462 0.000106
2463 0.000070
2464 0.000086
2465 0.000107
2466 0.000100
2467 0.000105
2468 0.000115
2469 0.000117
2470 0.000119
2471 0.000074
2472 0.000106
2473 0.000070
2474 0.000086
2475 0.000107
2476 0.000100
2477 0.000105
2478 0.000115
2479 0.000117
2480 0.000119
2481 0.000074
2482 0.000106
2483 0.000070
2484 0.000086
2485 0.000107
2486 0.000100
2487 0.000105
2488 0.000115
2489 0.000117
2490 0.000119
2491 0.000074
2492 0.000106
2493 0.000070
2494 0.000086
2495 0.000107
2496 0.000100
2497 0.000105
2498 0.000115
2499 0.000117
2500 0.000119
2501 0.000074
2502 0.000106
2503 0.000070
2504 0.000086
2505 0.000107
2506 0.000100
2507 0.000105
2508 0.000115
2509 0.000117
2510 0.000119
2511 0.000074
2512 0.000106
2513 0.000070
2514 0.000086
2515 0.000107
2516 0.000100
2517 0.000105
2518 0.000115
2519 0.000117
2520 0.000119
2521 0.000074
2522 0.000106
2523 0.000070
2524 0.000086
2525 0.000107
2526 0.000100
2527 0.000105
2528 0.000115
2529 0.000117
2530 0.000119
2531 0.000074
2532 0.000106
2533 0.000070
2534 0.000086
2535 0.000107
2536 0.000100
2537 0.000105
2538 0.000115
2539 0.000117
2540 0.000119
2541 0.000074
2542 0.000106
2543 0.000070
2544 0.000086
2545 0.000107
2546 0.000100
2547 0.000105
2548 0.000115
2549 0.000117
2550 0.000119
2551 0.000074
2552 0.000106
2553 0.000070
2554 0.000086
2555 0.000107
2556 0.000100
2557 0.000105
2558 0.000115
2559 0.000117
2560 0.000119
2561 0.000074
2562 0.000106
2563 0.000070
2564 0.000086
2565 0.000107
2566 0.000100
2567 0.000105
2568 0.000115
2569 0.000117
2570 0.000119
2571 0.000074
2572 0.000106
2573 0.000070
2574 0.000086
2575 0.000107
2576 0.000100
2577 0.000105
2578 0.000115
2579 0.000117
2580 0.000119
2581 0.000074
2582 0.000106
2583 0.000070
2584 0.000086
2585 0.000107
2586 0.000100
2587 0.000105
2588 0.000115
2589 0.000117
2590 0.000119
2591 0.000074
2592 0.000106
2593 0.000070
2594 0.000086
2595 0.000107
2596 0.000100
2597 0.000105
2598 0.000115
2599 0.000117
2600 0.000119
2601 0.000074
2602 0.000106
2603 0.000070
2604 0.000086
2605 0.000107
2606 0.000100
2607 0.000105
2608 0.000115
2609 0.000117
2610 0.000119
2611 0.000074
2612 0.000106
2613 0.000070
2614 0.000086
2615 0.000107
2616 0.000100
2617 0.000105
2618 0.000115
2619 0.000117
2620 0.000119
2621 0.000074
2622 0.000106
2623 0.000070
2624 0.000086
2625 0.000107
2626 0.000100
2627 0.000105
2628 0.000115
2629 0.000117
2630 0.000119
2631 0.000074
2632 0.000106
2633 0.000070
2634 0.000086
2635 0.000107
2636 0.000100
2637 0.000105
2638 0.000115
2639 0.000117
2640 0.000119
2641 0.000074
2642 0.000106
2643 0.000070
2644 0.000086
2645 0.000107
2646 0.000100
2647 0.000105
2648 0.000115
2649 0.000117
2650 0.000119
2651 0.000074
2652 0.000106
2653 0.000070
2654 0.000086
2655 0.000107
2656 0.000100
2657 0.000105
2658 0.000115
2659 0.000117
2660 0.000119
2661 0.000074
2662 0.000106
2663 0.000070
2664 0.000086
2665 0.000107
2666 0.000100
2667 0.000105
2668 0.000115
2669 0.000117
2670 0.000119
2671 0.000074
2672 0.000106
2673 0.000070
2674 0.000086
2675 0.000107
2676 0.000100
2677 0.000105
2678 0.000115
2679 0.000117
2680 0.000119
2681 0.000074
2682 0.000106
2683 0.000070
2684 0.000086
2685 0.000107
2686 0.000100
2687 0.000105
2688 0.000115
2689 0.000117
2690 0.000119
2691 0.000074
2692 0.000106
2693 0.000070
2694 0.000086
2695 0.000107
2696 0.000100
2697 0.000105
2698 0.000115
2699 0.000117
2700 0.000119
2701 0.000074
2702 0.000106
2703 0.000070
2704 0.000086
2705 0.000107
2706 0.000100
2707 0.000105
2708 0.000115
2709 0.000117
2710 0.000119
2711 0.000074
2712 0.000106
2713 0.000070
2714 0.000086
2715 0.000107
2716 0.000100
2717 0.000105
2718 0.000115
2719 0.000117
2720 0.000119
2721 0.000074
2722 0.000106
2723 0.000070
2724 0.000086
2725 0.000107
2726 0.000100
2727 0.000105
2728 0.000115
2729 0.000117
2730 0.000119
2731 0.000074
2732 0.000106
2733 0.000070
2734 0.000086
2735 0.000107
2736 0.000100
2737 0.000105
2738 0.000115
2739 0.000117
2740 0.000119
2741 0.000074
2742 0.000106
2743 0.000070
2744 0.000086
2745 0.000107
2746 0.000100
2747 0.000105
2748 0.000115
2749 0.000117
2750 0.000119
2751 0.000074
2752 0.000106
2753 0.000070
2754 0.000086
2755 0.000107
2756 0.000100
2757 0.000105
2758 0.000115
2759 0.000117
2760 0.000119
2761 0.000074
2762 0.000106
2763 0.000070
2764 0.000086
2765 0.000107
2766 0.000100
2767 0.000105
2768 0.000115
2769 0.000117
2770 0.000119
2771 0.000074
2772 0.000106
2773 0.000070
2774 0.000086
2775 0.000107
2776 0.000100
2777 0.000105
2778 0.000115
2779 0.000117
2780 0.000119
2781 0.000074
2782 0.000106
2783 0.000070
2784 0.000086
2785 0.000107
2786 0.000100
2787 0.000105
2788 0.000115
2789 0.000117
2790 0.000119
2791 0.000074
2792 0.000106
2793 0.000070
2794 0.000086
2795 0.000107
2796 0.000100
2797 0.000105
2798 0.000115
2799 0.000117
2800 0.000119
2801 0.000074
2802 0.000106
2803 0.000070
2804 0.000086
2805 0.000107
2806 0.000100
2807 0.000105
2808 0.000115
2809 0.000117
2810 0.000119
2811 0.000074
2812 0.000106
2813 0.000070
2814 0.000086
2815 0.000107
2816 0.000100
2817 0.000105
2818 0.000115
2819 0.000117
2820 0.000119
2821 0.000074
2822 0.000106
2823 0.000070
2824 0.000086
2825 0.000107
2826 0.000100
2827 0.000105
2828 0.000115
2829 0.000117
2830 0.000119
2831 0.000074
2832 0.000106
2833 0.000070
2834 0.000086
2835 0.000107
2836 0.000100
2837 0.000105
2838 0.000115
2839 0.000117
2840 0.000119
2841 0.000074
2842 0.000106
2843 0.000070
2844 0.000086
2845 0.000107
2846 0.000100
2847 0.000105
2848 0.000115
2849 0.000117
2850 0.000119
2851 0.000074
2852 0.000106
2853 0.000070
2854 0.000086
2855 0.000107
2856 0.000100
2857 0.000105
2858 0.000115
2859 0.000117
2860 0.000119
2861 0.000074
2862 0.000106
2863 0.000070
2864 0.000086
2865 0.000107
2866 0.000100
2867 0.000105
2868 0.000115
2869 0.000117
2870 0.000119
2871 0.000074
2872 0.000106
2873 0.000070
2874 0.000086
2875 0.000107
2876 0.000100
2877 0.000105
2878 0.000115
2879 0.000117
2880 0.000119
2881 0.000074
2882 0.000106
2883 0.000070
2884 0.000086
2885 0.000107
2886 0.000100
2887 0.000105
2888 0.000115
2889 0.000117
2890 0.000119
2891 0.000074
2892 0.000106
2893 0.000070
2894 0.000086
2895 0.000107
2896 0.000100
2897 0.000105
2898 0.000115
2899 0.000117
2900 0.000119
2901 0.000074
2902 0.000106
2903 0.000070
2904 0.000086
2905 0.000107
2906 0.000100
2907 0.000105
2908 0.000115
2909 0.000117
2910 0.000119
2911 0.000074
2912 0.000106
2913 0.000070
2914 0.000086
2915 0.000107
2916 0.000100
2917 0.000105
2918 0.000115
2919 0.000117
2920 0.000119
2921 0.000074
2922 0.000106
2923 0.000070
2924 0.000086
2925 0.000107
2926 0.000100
2927 0.000105
2928 0.000115
2929 0.000117
2930 0.000119
2931 0.000074
2932 0.000106
2933 0.000070
2934 0.000086
2935 0.000107
2936 0.000100
2937 0.000105
2938 0.000115
2939 0.000117
2940 0.000119
2941 0.000074
2942 0.000106
2943 0.000070
2944 0.000086
2945 0.000107
2946 0.000100
2947 0.000105
2948 0.000115
2949 0.000117
2950 0.000119
2951 0.000074
2952 0.000106
2953 0.000070
2954 0.000086
2955 0.000107
2956 0.000100
2957 0.000105
2958 0.000115
2959 0.000117
2960 0.000119
2961 0.000074
2962 0.000106
2963 0.000070
2964 0.000086
2965 0.000107
2966 0.000100
2967 0.000105
2968 0.000115
2969 0.000117
2970 0.000119
2971 0.000074
2972 0.000106
2973 0.000070
2974 0.000086
2975 0.000107
2976 0.000100
2977 0.000105
2978 0.000115
2979 0.000117
2980 0.000119
2981 0.000074
2982 0.000106
2983 0.000070
2984 0.000086
2985 0.000107
2986 0.000100
2987 0.000105
2988 0.000115
2989 0.000117
2990 0.000119
2991 0.000074
2992 0.000106
2993 0.000070
2994 0.000086
2995 0.000107
2996 0.000100
2997 0.000105
2998 0.000115
2999 0.000117
3000 0.000119
3001 0.000074
3002 0.000106
3003 0.000070
3004 0.000086
3005 0.000107
3006 0.000100
3007 0.000105
3008 0.000115
3009 0.000117
3010 0.000119
3011 0.000074
3012 0.000106
3013 0.000070
3014 0.000086
3015 0.000107
3016 0.000100
3017 0.000105
3018 0.000115
3019 0.000117
3020 0.000119
3021 0.000074
3022 0.000106
3023 0.000070
3024 0.000086
3025 0.000107
3026 0.000100
3027 0.000105
3028 0.000115
3029 0.000117
3030 0.000119
3031 0.000074
3032 0.000106
3033 0.000070
3034 0.000086
3035 0.000107
3036 0.000100
3037 0.000105
3038 0.000115
3039 0.000117
3040 0.000119
3041 0.000074
3042 0.000106
3043 0.000070
3044 0.000086
3045 0.000107
3046 0.000100
3047 0.000105
3048 0.000115
3049 0.000117
3050 0.000119
3051 0.000074
3052 0.000106
3053 0.000070
3054 0.000086
3055 0.000107
3056 0.000100
3057 0.000105
3058 0.000115
3059 0.000117
3060 0.000119
3061 0.000074
3062 0.000106
3063 0.000070
3064 0.000086
3065 0.000107
3066 0.000100
3067 0.000105
3068 0.000115
3069 0.000117
3070 0.000119
3071 0.000074
3072 0.000106
3073 0.000070
3074 0.000086
3075 0.000107
3076 0.000100
3077 0.000105
3078 0.000115
3079 0.000117
3080 0.000119
3081 0.000074
3082 0.000106
3083 0.000070
3084 0.000086
3085 0.000107
3086 0.000100
3087 0.000105
3088 0.000115
3089 0.000117
3090 0.000119
3091 0.000074
3092 0.000106
3093 0.000070
3094 0.000086
3095 0.000107
3096 0.000100
3097 0.000105
3098 0.000115
3099 0.000117
3100 0.000119
3101 0.000074
3102 0.000106
3103 0.000070
3104 0.000086
3105 0.000107
3106 0.000100
3107 0.000105
3108 0.000115
3109 0.000117
3110 0.000119
3111 0.000074
3112 0.000106
3113 0.000070
3114 0.000086
3115 0.000107
3116 0.000100
3117 0.000105
3118 0.000115
3119 0.000117
3120 0.000119
3121 0.000074
3122 0.000106
3123 0.000070
3124 0.000086
3125 0.000107
3126 0.000100
3127 0.000105
3128 0.000115
3129 0.000117
3130 0.000119
3131 0.000074
3132 0.000106
3133 0.000070
3134 0.000086
3135 0.000107
3136 0.000100
3137 0.000105
3138 0.000115
3139 0.000117
3140 0.000119
3141 0.000074
3142 0.000106
3143 0.000070
3144 0.000086
3145 0.000107
3146 0.000100
3147 0.000105
3148 0.000115
3149 0.000117
3150 0.000119
3151 0.000074
3152 0.000106
3153 0.000070
3154 0.000086
3155 0.000107
3156 0.000100
3157 0.000105
3158 0.000115
3159 0.000117
3160 0.000119
3161 0.000074
3162 0.000106
3163 0.000070
3164 0.000086
3165 0.000107
3166 0.000100
3167 0.000105
3168 0.000115
3169 0.000117
3170 0.000119
3171 0.000074
3172 0.000106
3173 0.000070
3174 0.000086
3175 0.000107
3176 0.000100
3177 0.000105
3178 0.000115
3179 0.000117
3180 0.000119
3181 0.000074
3182 0.000106
3183 0.000070
3184 0.000086
3185 0.000107
3186 0.000100
3187 0.000105
3188 0.000115
3189 0.000117
3190 0.000119
3191 0.000074
3192 0.000106
3193 0.000070
3194 0.000086
3195 0.000107
3196 0.000100
3197 0.000105
3198 0.000115
3199 0.000117
3200 0.000119
3201 0.000074
3202 0.000106
3203 0.000070
3204 0.000086
3205 0.000107
3206 0.000100
3207 0.000105
3208 0.000115
3209 0.000117
3210 0.000119
3211 0.000074
3212 0.000106
3213 0.000070
3214 0.000086
3215 0.000107
3216 0.000100
3217 0.000105
3218 0.000115
3219 0.000117
3220 0.000119
3221 0.000074
3222 0.000106
3223 0.000070
3224 0.000086
3225 0.000107
3226 0.000100
3227 0.000105
3228 0.000115
3229 0.000117
3230 0.000119
3231 0.000074
3232 0.000106
3233 0.000070
3234 0.000086
3235 0.000107
3236 0.000100
3237 0.000105
3238 0.000115
3239 0.000117
3240 0.000119
3241 0.000074
3242 0.000106
3243 0.000070
3244 0.000086
3245 0.000107
3246 0.000100
3247 0.000105
3248 0.000115
3249 0.000117
3250 0.000119
3251 0.000074
3252 0.000106
3253 0.000070
3254 0.000086
3255 0.000107
3256 0.000100
3257 0.000105
3258 0.000115
3259 0.000117
3260 0.000119
3261 0.000074
3262 0.000106
3263 0.000070
3264 0.000086
3265 0.000107
3266 0.000100
3267 0.000105
3268 0.000115
3269 0.000117
3270 0.000119
3271 0.000074
3272 0.000106
3273 0.000070
3274 0.000086
3275 0.000107
3276 0.000100
3277 0.000105
3278 0.000115
3279 0.000117
3280 0.000119
3281 0.000074
3282 0.000106
3283 0.000070
3284 0.000086
3285 0.000107
3286 0.000100
3287 0.000105
3288 0.000115
3289 0.000117
3290 0.000119
3291 0.000074
3292 0.000106
3293 0.000070
3294 0.000086
3295 0.000107
3296 0.000100
3297 0.000105
3298 0.000115
3299 0.000117
3300 0.000119
3301 0.000074
3302 0.000106
3303 0.000070
3304 0.000086
3305 0.000107
3306 0.000100
3307 0.000105
3308 0.000115
3309 0.000117
3310 0.000119
3311 0.000074
3312 0.000106
3313 0.000070
3314 0.000086
3315 0.000107
3316 0.000100
3317 0.000105
3318 0.000115
3319 0.000117
3320 0.000119
3321 0.000074
3322 0.000106
3323 0.000070
3324 0.000086
3325 0.000107
3326 0.000100
3327 0.000105
3328 0.000115
3329 0.000117
3330 0.000119
3331 0.000074
3332 0.000106
3333 0.000070
3334 0.000086
3335 0.000107
3336 0.000100
3337 0.000105
3338 0.000115
3339 0.000117
3340 0.000119
3341 0.000074
3342 0.000106
3343 0.000070
3344 0.000086
3345 0.000107
3346 0.000100
3347 0.000105
3348 0.000115
3349 0.000117
3350 0.000119
3351 0.000074
3352 0.000106
3353 0.000070
3354 0.000086
3355 0.000107
3356 0.000100
3357 0.000105
3358 0.000115
3359 0.000117
3360 0.000119
3361 0.000074
3362 0.000106
3363 0.000070
3364 0.000086
3365 0.000107
3366 0.000100
3367 0.000105
3368 0.000115
3369 0.000117
3370 0.000119
3371 0.000074
3372 0.000106
3373 0.000070
3374 0.000086
3375 0.000107
3376 0.000100
3377 0.000105
3378 0.000115
3379 0.000117
3380 0.000119
3381 0.000074
3382 0.000106
3383 0.000070
3384 0.000086
3385 0.000107
3386 0.000100
3387 0.000105
3388 0.000115
3389 0.000117
3390 0.000119
3391 0.000074
3392 0.000106
3393 0.000070
3394 0.000086
3395 0.000107
3396 0.000100
3397 0.000105
3398 0.000115
3399 0.000117
3400 0.000119
3401 0.000074
3402 0.000106
3403 0.000070
3404 0.000086
3405 0.000107
3406 0.000100
3407 0.000105
3408 0.000115
3409 0.000117
3410 0.000119
3411 0.000074
3412 0.000106
3413 0.000070
3414 0.000086
3415 0.000107
3416 0.000100
3417 0.000105
3418 0.000115
3419 0.000117
3420 0.000119
3421 0.000074
3422 0.000106
3423 0.000070
3424 0.000086
3425 0.000107
3426 0.000100
3427 0.000105
3428 0.000115
3429 0.000117
3430 0.000119
3431 0.000074
3432 0.000106
3433 0.000070
3434 0.000086
3435 0.000107
3436 0.000100
3437 0.000105
3438 0.000115
3439 0.000117
3440 0.000119
3441 0.000074
3442 0.000106
3443 0.000070
3444 0.000086
3445 0.000107
3446 0.000100
3447 0.000105
3448 0.000115
3449 0.000117
3450 0.000119
3451 0.000074
3452 0.000106
3453 0.000070
3454 0.000086
3455 0.000107
3456 0.000100
3457 0.000105
3458 0.000115
3459 0.000117
3460 0.000119
3461 0.000074
3462 0.000106
3463 0.000070
3464 0.000086
3465 0.000107
3466 0.000100
3467 0.000105
3468 0.000115
3469 0.000117
3470 0.000119
3471 0.000074
3472 0.000106
3473 0.000070
3474 0.000086
3475 0.000107
3476 0.000100
3477 0.000105
3478 0.000115
3479 0.000117
3480 0.000119
3481 0.000074
3482 0.000106
3483 0.000070
3484 0.000086
3485 0.000107
3486 0.000100
3487 0.000105
3488 0.000115
3489 0.000117
3490 0.000119
3491 0.000074
3492 0.000106
3493 0.000070
3494 0.000086
3495 0.000107
3496 0.000100
3497 0.000105
3498 0.000115
3499 0.000117
3500 0.000119
3501 0.000074
3502 0.000106
3503 0.000070
3504 0.000086
3505 0.000107
3506 0.000100
3507 0.000105
3508 0.000115
3509 0.000117
3510 0.000119
3511 0.000074
3512 0.000106
3513 0.000070
3514 0.000086
3515 0.000107
3516 0.000100
3517 0.000105
3518 0.000115
3519 0.000117
3520 0.000119
3521 0.000074
3522 0.000106
3523 0.000070
3524 0.000086
3525 0.000107
3526 0.000100
3527 0.000105
3528 0.000115
3529 0.000117
3530 0.000119
3531 0.000074
3532 0.000106
3533 0.000070
3534 0.000086
3535 0.000107
3536 0.000100
3537 0.000105
3538 0.000115
3539 0.000117
3540 0.000119
3541 0.000074
3542 0.000106
3543 0.000070
3544 0.000086
3545 0.000107
3546 0.000100
3547 0.000105
3548 0.000115
3549 0.000117
3550 0.000119
3551 0.000074
3552 0.000106
3553 0.000070
3554 0.000086
3555 0.000107
3556 0.000100
3557 0.000105
3558 0.000115
3559 0.000117
3560 0.000119
3561 0.000074
3562 0.000106
3563 0.000070
3564 0.000086
3565 0.000107
3566 0.000100
3567 0.000105
3568 0.000115
3569 0.000117
3570 0.000119
3571 0.000074
3572 0.000106
3573 0.000070
3574 0.000086
3575 0.000107
3576 0.000100
3577 0.000105
3578 0.000115
3579 0.000117
3580 0.000119
3581 0.000074
3582 0.000106
3583 0.000070
3584 0.000086
3585 0.000107
3586 0.000100
3587 0.000105
3588 0.000115
3589 0.000117
3590 0.000119
3591 0.000074
3592 0.000106
3593 0.000070
3594 0.000086
3595 0.000107
3596 0.000100
3597 0.000105
3598 0.000115
3599 0.000117
3600 0.000119
3601 0.000074
3602 0.000106
3603 0.000070
3604 0.000086
3605 0.000107
3606 0.000100
3607 0.000105
3608 0.000115
3609 0.000117
3610 0.000119
3611 0.000074
3612 0.000106
3613 0.000070
3614 0.000086
3615 0.000107
3616 0.000100
3617 0.000105
3618 0.000115
3619 0.000117
3620 0.000119
3621 0.000074
3622 0.000106
3623 0.000070
3624 0.000086
3625 0.000107
3626 0.000100
3627 0.000105
3628 0.000115
3629 0.000117
3630 0.000119
3631 0.000074
3632 0.000106
3633 0.000070
3634 0.000086
3635 0.000107
3636 0.000100
3637 0.000105
3638 0.000115
3639 0.000117
3640 0.000119
3641 0.000074
3642 0.000106
3643 0.000070
3644 0.000086
3645 0.000107
3646 0.000100
3647 0.000105
3648 0.000115
3649 0.000117
3650 0.000119
3651 0.000074
3652 0.000106
3653 0.000070
3654 0.000086
3655 0.000107
3656 0.000100
3657 0.000105
3658 0.000115
3659 0.000117
3660 0.000119
3661 0.000074
3662 0.000106
3663 0.000070
3664 0.000086
3665 0.000107
3666 0.000100
3667 0.000105
3668 0.000115
3669 0.000117
3670 0.000119
3671 0.000074
3672 0.000106
3673 0.000070
3674 0.000086
3675 0.000107
3676 0.000100
3677 0.000105
3678 0.000115
3679 0.000117
3680 0.000119
3681 0.000074
3682 0.000106
3683 0.000070
3684 0.000086
3685 0.000107
3686 0.000100
3687 0.000105
3688 0.000115
3689 0.000117
3690 0.000119
3691 0.000074
3692 0.000106
3693 0.000070
3694 0.000086
3695 0.000107
3696 0.000100
3697 0.000105
3698 0.000115
3699 0.000117
3700 0.000119
3701 0.000074
3702 0.000106
3703 0.000070
3704 0.000086
3705 0.000107
3706 0.000100
3707 0.000105
3708 0.000115
3709 0.000117
3710 0.000119
3711 0.000074
3712 0.000106
3713 0.000070
3714 0.000086
3715 0.000107
3716 0.000100
3717 0.000105
3718 0.000115
3719 0.000117
3720 0.000119
3721 0.000074
3722 0.000106
3723 0.000070
3724 0.000086
3725 0.000107
3726 0.000100
3727 0.000105
3728 0.000115
3729 0.000117
3730 0.000119
3731 0.000074
3732 0.000106
3733 0.000070
3734 0.000086
3735 0.000107
3736 0.000100
3737 0.000105
3738 0.000115
3739 0.000117
3740 0.000119
3741 0.000074
3742 0.000106
3743 0.000070
3744 0.000086
3745 0.000107
3746 0.000100
3747 0.000105
3748 0.000115
3749 0.000117
3750 0.000119
3751 0.000074
3752 0.000106
3753 0.000070
3754 0.000086
3755 0.000107
3756 0.000100
3757 0.000105
3758 0.000115
3759 0.000117
3760 0.000119
3761 0.000074
3762 0.000106
3763 0.000070
3764 0.000086
3765 0.000107
3766 0.000100
3767 0.000105
3768 0.000115
3769 0.000117
3770 0.000119
3771 0.000074
3772 0.000106
3773 0.000070
3774 0.000086
3775 0.000107
3776 0.000100
3777 0.000105
3778 0.000115
3779 0.000117
3780 0.000119
3781 0.000074
3782 0.000106
3783 0.000070
3784 0.000086
3785 0.000107
3786 0.000100
3787 0.000105
3788 0.000115
3789 0.000117
3790 0.000119
3791 0.000074
3792 0.000106
3793 0.000070
3794 0.000086
3795 0.000107
3796 0.000100
3797 0.000105
3798 0.000115
3799 0.000117
3800 0.000119
3801 0.000074
3802 0.000106
3803 0.000070
3804 0.000086
3805 0.000107
3806 0.000100
3807 0.000105
3808 0.000115
3809 0.000117
3810 0.000119
3811 0.000074
3812 0.000106
3813 0.000070
3814 0.000086
3815 0.000107
3816 0.000100
3817 0.000105
3818 0.000115
3819 0.000117
3820 0.000119
3821 0.000074
3822 0.000106
3823 0.000070
3824 0.000086
3825 0.000107
3826 0.000100
3827 0.000105
3828 0.000115
3829 0.000117
3830 0.000119
3831 0.000074
3832 0.000106
3833 0.000070
3834 0.000086
3835 0.000107
3836 0.000100
3837 0.000105
3838 0.000115
3839 0.000117
3840 0.000119
3841 0.000074
3842 0.000106
3843 0.000070
3844 0.000086
3845 0.000107
3846 0.000100
3847 0.000105
3848 0.000115
3849 0.000117
3850 0.000119
3851 0.000074
3852 0.000106
3853 0.000070
3854 0.000086
3855 0.000107
3856 0.000100
3857 0.000105
3858 0.000115
3859 0.000117
3860 0.000119
3861 0.000074
3862 0.000106
3863 0.000070
3864 0.000086
3865 0.000107
3866 0.000100
3867 0.000105
3868 0.000115
3869 0.000117
3870 0.000119
3871 0.000074
3872 0.000106
3873 0.000070
3874 0.000086
3875 0.000107
3876 0.000100
3877 0.000105
3878 0.000115
3879 0.000117
3880 0.000119
3881 0.000074
3882 0.000106
3883 0.000070
3884 0.000086
3885 0.000107
3886 0.000100
3887 0.000105
3888 0.000115
3889 0.000117
3890 0.000119
3891 0.000074
3892 0.000106
3893 0.000070
3894 0.000086
3895 0.000107
3896 0.000100
3897 0.000105
3898 0.000115
3899 0.000117
3900 0.000119
3901 0.000074
3902 0.000106
3903 0.000070
3904 0.000086
3905 0.000107
3906 0.000100
3907 0.000105
3908 0.000115
3909 0.000117
3910 0.000119
3911 0.000074
3912 0.000106
3913 0.000070
3914 0.000086
3915 0.000107
3916 0.000100
3917 0.000105
3918 0.000115
3919 0.000117
3920 0.000119
3921 0.000074
3922 0.000106
3923 0.000070
3924 0.000086
3925 0.000107
3926 0.000100
3927 0.000105
3928 0.000115
3929 0.000117
3930 0.000119
3931 0.000074
3932 0.000106
3933 0.000070
3934 0.000086
3935 0.000107
3936 0.000100
3937 0.000105
3938 0.000115
3939 0.000117
3940 0.000119
3941 0.000074
3942 0.000106
3943 0.000070
3944 0.000086
3945 0.000107
3946 0.000100
3947 0.000105
3948 0.000115
3949 0.000117
3950 0.000119
3951 0.000074
3952 0.000106
3953 0.000070
3954 0.000086
3955 0.000107
3956 0.000100
3957 0.000105
3958 0.000115
3959 0.000117
3960 0.000119
3961 0.000074
3962 0.000106
3963 0.000070
3964 0.000086
3965 0.000107
3966 0.000100
3967 0.000105
3968 0.000115
3969 0.000117
3970 0.000119
3971 0.000074
3972 0.000106
3973 0.000070
3974 0.000086
3975 0.000107
3976 0.000100
3977 0.000105
3978 0.000115
3979 0.000117
3980 0.000119
3981 0.000074
3982 0.000106
3983 0.000070
3984 0.000086
3985 0.000107
3986 0.000100
3987 0.000105
3988 0.000115
3989 0.000117
3990 0.000119
3991 0.000074
3992 0.000106
3993 0.000070
3994 0.000086
3995 0.000107
3996 0.000100
3997 0.000105
3998 0.000115
3999 0.000117
4000 0.000119
4001 0.000074
4002 0.000106
4003 0.000070
4004 0.000086
4005 0.000107
4006 0.000100
4007 0.000105
4008 0.000115
4009 0.000117
4010 0.000119
4011 0.000074
4012 0.000106
4013 0.000070
4014 0.000086
4015 0.000107
4016 0.000100
4017 0.000105
4018 0.000115
4019 0.000117
4020 0.000119
4021 0.000074
4022 0.000106
4023 0.000070
4024 0.000086
4025 0.000107
4026 0.000100
4027 0.000105
4028 0.000115
4029 0.000117
4030 0.000119
4031 0.000074
4032 0.000106
4033 0.000070
4034 0.000086
4035 0.000107
4036 0.000100
4037 0.000105
4038 0.000115
4039 0.000117
4040 0.000119
4041 0.000074
4042 0.000106
4043 0.000070
4044 0.000086
4045 0.000107
4046 0.000100
4047 0.000105
4048 0.000115
4049 0.000117
4050 0.000119
4051 0.000074
4052 0.000106
4053 0.000070
4054 0.000086
4055 0.000107
4056 0.000100
4057 0.000105
4058 0.000115
4059 0.000117
4060 0.000119
4061 0.000074
4062 0.000106
4063 0.000070
4064 0.000086
4065 0.000107
4066 0.000100
4067 0.000105
4068 0.000115
4069 0.000117
4070 0.000119
4071 0.000074
4072 0.000106
4073 0.000070
4074 0.000086
4075 0.000107
4076 0.000100
4077 0.000105
4078 0.000115
4079 0.000117
4080 0.000119
4081 0.000074
4082 0.000106
4083 0.000070
4084 0.000086
4085 0.000107
4086 0.000100
4087 0.000105
4088 0.000115
4089 0.000117
4090 0.000119
4091 0.000074
4092 0.000106
4093 0.000070
4094 0.000086
4095 0.000107
4096 0.000100
4097 0.000105
4098 0.000115
4099 0.000117
4100 0.000119
4101 0.000074
4102 0.000106
4103 0.000070
4104 0.000086
4105 0.000107
4106 0.000100
4107 0.000105
4108 0.000115
4109 0.000117
4110 0.000119
4111 0.000074
4112 0.000106
4113 0.000070
4114 0.000086
4115 0.000107
4116 0.000100
4117 0.000105
4118 0.000115
4119 0.000117
4120 0.000119
4121 0.000074
4122 0.000106
4123 0.000070
4124 0.000086
4125 0.000107
4126 0.000100
4127 0.000105
4128 0.000115
4129 0.000117
4130 0.000119
4131 0.000074
4132 0.000106
4133 0.000070
4134 0.000086
4135 0.000107
4136 0.000100
4137 0.000105
4138 0.000115
4139 0.000117
4140 0.000119
4141 0.000074
4142 0.000106
4143 0.000070
4144 0.000086
4145 0.000107
4146 0.000100
4147 0.000105
4148 0.000115
4149 0.000117
4150 0.000119
4151 0.000074
4152 0.000106
4153 0.000070
4154 0.000086
4155 0.000107
4156 0.000100
4157 0.000105
4158 0.000115
4159 0.000117
4160 0.000119
4161 0.000074
4162 0.000106
4163 0.000070
4164 0.000086
4165 0.000107
4166 0.000100
4167 0.000105
4168 0.000115
4169 0.000117
4170 0.000119
4171 0.000074
4172 0.000106
4173 0.000070
4174 0.000086
4175 0.000107
4176 0.000100
4177 0.000105
4178 0.000115
4179 0.000117
4180 0.000119
4181 0.000074
4182 0.000106
4183 0.000070
4184 0.000086
4185 0.000107
4186 0.000100
4187 0.000105
4188 0.000115
4189 0.000117
4190 0.000119
4191 0.000074
4192 0.000106
4193 0.000070
4194 0.000086
4195 0.000107
4196 0.000100
4197 0.000105
4198 0.000115
4199 0.000117
4200 0.000119
4201 0.000074
4202 0.000106
4203 0.000070
4204 0.000086
4205 0.000107
4206 0.000100
4207 0.000105
4208 0.000115
4209 0.000117
4210 0.000119
4211 0.000074
4212 0.000106
4213 0.000070
4214 0.000086
4215 0.000107
4216 0.000100
4217 0.000105
4218 0.000115
4219 0.000117
4220 0.000119
4221 0.000074
4222 0.000106
4223 0.000070
4224 0.000086
4225 0.000107
4226 0.000100
4227 0.000105
4228 0.000115
4229 0.000117
4230 0.000119
4231 0.000074
4232 0.000106
4233 0.000070
4234 0.000086
4235 0.000107
4236 0.000100
4237 0.000105
4238 0.000115
4239 0.000117
4240 0.000119
4241 0.000074
4242 0.000106
4243 0.000070
4244 0.000086
4245 0.000107
4246 0.000100
4247 0.000105
4248 0.000115
4249 0.000117
4250 0.000119
4251 0.000074
4252 0.000106
4253 0.000070
4254 0.000086
4255 0.000107
4256 0.000100
4257 0.000105
4258 0.000115
4259 0.000117
4260 0.000119
4261 0.000074
4262 0.000106
4263 0.000070
4264 0.000086
4265 0.000107
4266 0.000100
4267 0.000105
4268 0.000115
4269 0.000117
4270 0.000119
4271 0.000074
4272 0.000106
4273 0.000070
4274 0.000086
4275 0.000107
4276 0.000100
4277 0.000105
4278 0.000115
4279 0.000117
4280 0.000119
4281 0.000074
4282 0.000106
4283 0.000070
4284 0.000086
4285 0.000107
4286 0.000100
4287 0.000105
4288 0.000115
4289 0.000117
4290 0.000119
4291 0.000074
4292 0.000106
4293 0.000070
4294 0.000086
4295 0.000107
4296 0.000100
4297 0.000105
4298 0.000115
4299 0.000117
4300 0.000119
4301 0.000074
4302 0.000106
4303 0.000070
4304 0.000086
4305 0.000107
4306 0.000100
4307 0.000105
4308 0.000115
4309 0.000117
4310 0.000119
4311 0.000074
4312 0.000106
4313 0.000070
4314 0.000086
4315 0.000107
4316 0.000100
4317 0.000105
4318 0.000115
4319 0.000117
4320 0.000119
4321 0.000074
4322 0.000106
4323 0.000070
4324 0.000086
4325 0.000107
4326 0.000100
4327 0.000105
4328 0.000115
4329 0.000117
4330 0.000119
4331 0.000074
4332 0.000106
4333 0.000070
4334 0.000086
4335 0.000107
4336 0.000100
4337 0.000105
4338 0.000115
4339 0.000117
4340 0.000119
4341 0.000074
4342 0.000106
4343 0.000070
4344 0.000086
4345 0.000107
4346 0.000100
4347 0.000105
4348 0.000115
4349 0.000117
4350 0.000119
4351 0.000074
4352 0.000106
4353 0.000070
4354 0.000086
4355 0.000107
4356 0.000100
4357 0.000105
4358 0.000115
4359 0.000117
4360 0.000119
4361 0.000074
4362 0.000106
4363 0.000070
4364 0.000086
4365 0.000107
4366 0.000100
4367 0.000105
4368 0.000115
4369 0.000117
4370 0.000119
4371 0.000074
4372 0.000106
4373 0.000070
4374 0.000086
4375 0.000107
4376 0.000100
4377 0.000105
4378 0.000115
4379 0.000117
4380 0.000119
4381 0.000074
4382 0.000106
4383 0.000070
4384 0.000086
4385 0.000107
4386 0.000100
4387 0.000105
4388 0.000115
4389 0.000117
4390 0.000119
4391 0.000074
4392 0.000106
4393 0.000070
4394 0.000086
4395 0.000107
4396 0.000100
4397 0.000105
4398 0.000115
4399 0.000117
4400 0.000119
4401 0.000074
4402 0.000106
4403 0.000070
4404 0.000086
4405 0.000107
4406 0.000100
4407 0.000105
4408 0.000115
4409 0.000117
4410 0.000119
4411 0.000074
4412 0.000106
4413 0.000070
4414 0.000086
4415 0.000107
4416 0.000100
4417 0.000105
4418 0.000115
4419 0.000117
4420 0.000119
4421 0.000074
4422 0.000106
4423 0.000070
4424 0.000086
4425 0.000107
4426 0.000100
4427 0.000105
4428 0.000115
4429 0.000117
4430 0.000119
4431 0.000074
4432 0.000106
4433 0.000070
4434 0.000086
4435 0.000107
4436 0.000100
4437 0.000105
4438 0.000115
4439 0.000117
4440 0.000119
4441 0.000074
4442 0.000106
4443 0.000070
4444 0.000086
4445 0.000107
4446 0.000100
4447 0.000105
4448 0.000115
4449 0.000117
4450 0.000119
4451 0.000074
4452 0.000106
4453 0.000070
4454 0.000086
4455 0.000107
4456 0.000100
4457 0.000105
4458 0.000115
4459 0.000117
4460 0.000119
4461 0.000074
4462 0.000106
4463 0.000070
4464 0.000086
4465 0.000107
4466 0.000100
4467 0.000105
4468 0.000115
4469 0.000117
4470 0.000119
4471 0.000074
4472 0.000106
4473 0.000070
4474 0.000086
4475 0.000107
4476 0.000100
4477 0.000105
4478 0.000115
4479 0.000117
4480 0.000119
4481 0.000074
4482 0.000106
4483 0.000070
4484 0.000086
4485 0.000107
4486 0.000100
4487 0.000105
4488 0.000115
4489 0.000117
4490 0.000119
4491 0.000074
4492 0.000106
4493 0.000070
4494 0.000086
4495 0.000107
4496 0.000100
4497 0.000105
4498 0.000115
4499 0.000117
4500 0.000119
4501 0.000074
4502 0.000106
4503 0.000070
4504 0.000086
4505 0.000107
4506 0.000100
4507 0.000105
4508 0.000115
4509 0.000117
4510 0.000119
4511 0.000074
4512 0.000106
4513 0.000070
4514 0.000086
4515 0.000107
4516 0.000100
4517 0.000105
4518 0.000115
4519 0.000117
4520 0.000119
4521 0.000074
4522 0.000106
4523 0.000070
4524 0.000086
4525 0.000107
4526 0.000100
4527 0.000105
4528 0.000115
4529 0.000117
4530 0.000119
4531 0.000074
4532 0.000106
4533 0.000070
4534 0.000086
4535 0.000107
4536 0.000100
4537 0.000105
4538 0.000115
4539 0.000117
4540 0.000119
4541 0.000074
4542 0.000106
4543 0.000070
4544 0.000086
4545 0.000107
4546 0.000100
4547 0.000105
4548 0.000115
4549 0.000117
4550 0.000119
4551 0.000074
4552 0.000106
4553 0.000070
4554 0.000086
4555 0.000107
4556 0.000100
4557 0.000105
4558 0.000115
4559 0.000117
4560 0.000119
4561 0.000074
4562 0.000106
4563 0.000070
4564 0.000086
4565 0.000107
4566 0.000100
4567 0.000105
4568 0.000115
4569 0.000117
4570 0.000119
4571 0.000074
4572 0.000106
4573 0.000070
4574 0.000086
4575 0.000107
4576 0.000100
4577 0.000105
4578 0.000115
4579 0.000117
4580 0.000119
4581 0.000074
4582 0.000106
4583 0.000070
4584 0.000086
4585 0.000107
4586 0.000100
4587 0.000105
4588 0.000115
4589 0.000117
4590 0.000119
4591 0.000074
4592 0.000106
4593 0.000070
4594 0.000086
4595 0.000107
4596 0.000100
4597 0.000105
4598 0.000115
4599 0.000117
4600 0.000119
4601 0.000074
4602 0.000106
4603 0.000070
4604 0.000086
4605 0.000107
4606 0.000100
4607 0.000105
4608 0.000115
4609 0.000117
4610 0.000119
4611 0.000074
4612 0.000106
4613 0.000070
4614 0.000086
4615 0.000107
4616 0.000100
4617 0.000105
4618 0.000115
4619 0.000117
4620 0.000119
4621 0.000074
4622 0.000106
4623 0.000070
4624 0.000086
4625 0.000107
4626 0.000100
4627 0.000105
4628 0.000115
4629 0.000117
4630 0.000119
4631 0.000074
4632 0.000106
4633 0.000070
4634 0.000086
4635 0.000107
4636 0.000100
4637 0.000105
4638 0.000115
4639 0.000117
4640 0.000119
4641 0.000074
4642 0.000106
4643 0.000070
4644 0.000086
4645 0.000107
4646 0.000100
4647 0.000105
4648 0.000115
4649 0.000117
4650 0.000119
4651 0.000074
4652 0.000106
4653 0.000070
4654 0.000086
4655 0.000107
4656 0.000100
4657 0.000105
4658 0.000115
4659 0.000117
4660 0.000119
4661 0.000074
4662 0.000106
4663 0.000070
4664 0.000086
4665 0.000107
4666 0.000100
4667 0.000105
4668 0.000115
4669 0.000117
4670 0.000119
4671 0.000074
4672 0.000106
4673 0.000070
4674 0.000086
4675 0.000107
4676 0.000100
4677 0.000105
4678 0.000115
4679 0.000117
4680 0.000119
4681 0.000074
4682 0.000106
4683 0.000070
4684 0.000086
4685 0.000107
4686 0.000100
4687 0.000105
4688 0.000115
4689 0.000117
4690 0.000119
4691 0.000074
4692 0.000106
4693 0.000070
4694 0.000086
4695 0.000107
4696 0.000100
4697 0.000105
4698 0.000115
4699 0.000117
4700 0.000119
4701 0.000074
4702 0.000106
4703 0.000070
4704 0.000086
4705 0.000107
4706 0.000100
4707 0.000105
4708 0.000115
4709 0.000117
4710 0.000119
4711 0.000074
4712 0.000106
4713 0.000070
4714 0.000086
4715 0.000107
4716 0.000100
4717 0.000105
4718 0.000115
4719 0.000117
4720 0.000119
4721 0.000074
4722 0.000106
4723 0.000070
4724 0.000086
4725 0.000107
4726 0.000100
4727 0.000105
4728 0.000115
4729 0.000117
4730 0.000119
4731 0.000074
4732 0.000106
4733 0.000070
4734 0.000086
4735 0.000107
4736 0.000100
4737 0.000105
4738 0.000115
4739 0.000117
4740 0.000119
4741 0.000074
4742 0.000106
4743 0.000070
4744 0.000086
4745 0.000107
4746 0.000100
4747 0.000105
4748 0.000115
4749 0.000117
4750 0.000119
4751 0.000074
4752 0.000106
4753 0.000070
4754 0.000086
4755 0.000107
4756 0.000100
4757 0.000105
4758 0.000115
4759 0.000117
4760 0.000119
4761 0.000074
4762 0.000106
4763 0.000070
4764 0.000086
4765 0.000107
4766 0.000100
4767 0.000105
4768 0.000115
4769 0.000117
4770 0.000119
4771 0.000074
4772 0.000106
4773 0.000070
4774 0.000086
4775 0.000107
4776 0.000100
4777 0.000105
4778 0.000115
4779 0.000117
4780 0.000119
4781 0.000074
4782 0.000106
4783 0.000070
4784 0.000086
4785 0.000107
4786 0.000100
4787 0.000105
4788 0.000115
4789 0.000117
4790 0.000119
4791 0.000074
4792 0.000106
4793 0.000070
4794 0.000086
4795 0.000107
4796 0.000100
4797 0.000105
4798 0.000115
4799 0.000117
4800 0.000119
4801 0.000074
4802 0.000106
4803 0.000070
4804 0.000086
4805 0.000107
4806 0.000100
4807 0.000105
4808 0.000115
4809 0.000117
4810 0.000119
4811 0.000074
4812 0.000106
4813 0.000070
4814 0.000086
4815 0.000107
4816 0.000100
4817 0.000105
4818 0.000115
4819 0.000117
4820 0.000119
4821 0.000074
4822 0.000106
4823 0.000070
4824 0.000086
4825 0.000107
4826 0.000100
4827 0.000105
4828 0.000115
4829 0.000117
4830 0.000119
4831 0.000074
4832 0.000106
4833 0.000070
4834 0.000086
4835 0.000107
4836 0.000100
4837 0.000105
4838 0.000115
4839 0.000117
4840 0.000119
4841 0.000074
4842 0.000106
4843 0.000070
4844 0.000086
4845 0.000107
4846 0.000100
4847 0.000105
4848 0.000115
4849 0.000117
4850 0.000119
4851 0.000074
4852 0.000106
4853 0.000070
4854 0.000086
4855 0.000107
4856 0.000100
4857 0.000105
4858 0.000115
4859 0.000117
4860 0.000119
4861 0.000074
4862 0.000106
4863 0.000070
4864 0.000086
4865 0.000107
4866 0.000100
4867 0.000105
4868 0.000115
4869 0.000117
4870 0.000119
4871 0.000074
4872 0.000106
4873 0.000070
4874 0.000086
4875 0.000107
4876 0.000100
4877 0.000105
4878 0.000115
4879 0.000117
4880 0.000119
4881 0.000074
4882 0.000106
4883 0.000070
4884 0.000086
4885 0.000107
4886 0.000100
4887 0.000105
4888 0.000115
4889 0.000117
4890 0.000119
4891 0.000074
4892 0.000106
4893 0.000070
4894 0.000086
4895 0.000107
4896 0.000100
4897 0.000105
4898 0.000115
4899 0.000117
4900 0.000119
4901 0.000074
4902 0.000106
4903 0.000070
4904 0.000086
4905 0.000107
4906 0.000100
4907 0.000105
4908 0.000115
4909 0.000117
4910 0.000119
4911 0.000074
4912 0.000106
4913 0.000070
4914 0.000086
4915 0.000107
4916 0.000100
4917 0.000105
4918 0.000115
4919 0.000117
4920 0.000119
4921 0.000074
4922 0.000106
4923 0.000070
4924 0.000086
4925 0.000107
4926 0.000100
4927 0.000105
4928 0.000115
4929 0.000117
4930 0.000119
4931 0.000074
4932 0.000106
4933 0.000070
4934 0.000086
4935 0.000107
4936 0.000100
4937 0.000105
4938 0.000115
4939 0.000117
4940 0.000119
4941 0.000074
4942 0.000106
4943 0.000070
4944 0.000086
4945 0.000107
4946 0.000100
4947 0.000105
4948 0.000115
4949 0.000117
4950 0.000119
4951 0.000074
4952 0.000106
4953 0.000070
4954 0.000086
4955 0.000107
4956 0.000100
4957 0.000105
4958 0.000115
4959 0.000117
4960 0.000119
4961 0.000074
4962 0.000106
4963 0.000070
4964 0.000086
4965 0.000107
4966 0.000100
4967 0.000105
4968 0.000115
4969 0.000117
4970 0.000119
4971 0.000074
4972 0.000106
4973 0.000070
4974 0.000086
4975 0.000107
4976 0.000100
4977 0.000105
4978 0.000115
4979 0.000117
4980 0.000119
4981 0.000074
4982 0.000106
4983 0.000070
4984 0.000086
4985 0.000107
4986 0.000100
4987 0.000105
4988 0.000115
4989 0.000117
4990 0.000119
4991 0.000074
4992 0.000106
4993 0.000070
4994 0.000086
4995 0.000107
4996 0.000100
4997 0.000105
4998 0.000115
4999 0.000117
5000 0.000119
5001 0.000074
5002 0.000106
5003 0.000070
5004 0.000086
5005 0.000107
5006 0.000100
5007 0.000105
5008 0.000115
5009 0.000117
5010 0.000119
5011 0.000074
5012 0.000106
5013 0.000070
5014 0.000086
5015 0.000107
5016 0.000100
5017 0.000105
5018 0.000115
5019 0.000117
5020 0.000119
5021 0.000074
5022 0.000106
5023 0.000070
5024 0.000086
5025 0.000107
5026 0.000100
5027 0.000105
5028 0.000115
5029 0.000117
5030 0.000119
5031 0.000074
5032 0.000106
5033 0.000070
5034 0.000086
5035 0.000107
5036 0.000100
5037 0.000105
5038 0.000115
5039 0.000117
5040 0.000119
5041 0.000074
5042 0.000106
5043 0.000070
5044 0.000086
5045 0.000107
5046 0.000100
5047 0.000105
5048 0.000115
5049 0.000117
5050 0.000119
5051 0.000074
5052 0.000106
5053 0.000070
5054 0.000086
5055 0.000107
5056 0.000100
5057 0.000105
5058 0.000115
5059 0.000117
5060 0.000119
5061 0.000074
5062 0.000106
5063 0.000070
5064 0.000086
5065 0.000107
5066 0.000100
5067 0.000105
5068 0.000115
5069 0.000117
5070 0.000119
5071 0.000074
5072 0.000106
5073 0.000070
5074 0.000086
5075 0.000107
5076 0.000100
5077 0.000105
5078 0.000115
5079 0.000117
5080 0.000119
5081 0.000074
5082 0.000106
5083 0.000070
5084 0.000086
5085 0.000107
5086 0.000100
5087 0.000105
5088 0.000115
5089 0.000117
5090 0.000119
5091 0.000074
5092 0.000106
5093 0.000070
5094 0.000086
5095 0.000107
5096 0.000100
5097 0.000105
5098 0.000115
5099 0.000117
5100 0.000119
5101 0.000074
5102 0.000106
5103 0.000070
5104 0.000086
5105 0.000107
5106 0.000100
5107 0.000105
5108 0.000115
5109 0.000117
5110 0.000119
5111 0.000074
5112 0.000106
5113 0.000070
5114 0.000086
5115 0.000107
5116 0.000100
5117 0.000105
5118 0.000115
5119 0.000117
5120 0.000119
5121 0.000074
5122 0.000106
5123 0.000070
5124 0.000086
5125 0.000107
5126 0.000100
5127 0.000105
5128 0.000115
5129 0.000117
5130 0.000119
5131 0.000074
5132 0.000106
5133 0.000070
5134 0.000086
5135 0.000107
5136 0.000100
5137 0.000105
5138 0.000115
5139 0.000117
5140 0.000119
5141 0.000074
5142 0.000106
5143 0.000070
5144 0.000086
5145 0.000107
5146 0.000100
5147 0.000105
5148 0.000115
5149 0.000117
5150 0.000119
5151 0.000074
5152 0.000106
5153 0.000070
5154 0.000086
5155 0.000107
5156 0.000100
5157 0.000105
5158 0.000115
5159 0.000117
5160 0.000119
5161 0.000074
5162 0.000106
5163 0.000070
5164 0.000086
5165 0.000107
5166 0.000100
5167 0.000105
5168 0.000115
5169 0.000117
5170 0.000119
5171 0.000074
5172 0.000106
5173 0.000070
5174 0.000086
5175 0.000107
5176 0.000100
5177 0.000105
5178 0.000115
5179 0.000117
5180 0.000119
5181 0.000074
5182 0.000106
5183 0.000070
5184 0.000086
5185 0.000107
5186 0.000100
5187 0.000105
5188 0.000115
5189 0.000117
5190 0.000119
5191 0.000074
5192 0.000106
5193 0.000070
5194 0.000086
5195 0.000107
5196 0.000100
5197 0.000105
5198 0.000115
5199 0.000117
5200 0.000119
5201 0.000074
5202 0.000106
5203 0.000070
5204 0.000086
5205 0.000107
5206 0.000100
5207 0.000105
5208 0.000115
5209 0.000117
5210 0.000119
5211 0.000074
5212 0.000106
5213 0.000070
5214 0.000086
5215 0.000107
5216 0.000100
5217 0.000105
5218 0.000115
5219 0.000117
5220 0.000119
5221 0.000074
5222 0.000106
5223 0.000070
5224 0.000086
5225 0.000107
5226 0.000100
5227 0.000105
5228 0.000115
5229 0.000117
5230 0.000119
5231 0.000074
5232 0.000106
5233 0.000070
5234 0.000086
5235 0.000107
5236 0.000100
5237 0.000105
5238 0.000115
5239 0.000117
5240 0.000119
5241 0.000074
5242 0.000106
5243 0.000070
5244 0.000086
5245 0.000107
5246 0.000100
5247 0.000105
5248 0.000115
5249 0.000117
5250 0.000119
5251 0.000074
5252 0.000106
5253 0.000070
5254 0.000086
5255 0.000107
5256 0.000100
5257 0.000105
5258 0.000115
5259 0.000117
5260 0.000119
5261 0.000074
5262 0.000106
5263 0.000070
5264 0.000086
5265 0.000107
5266 0.000100
5267 0.000105
5268 0.000115
5269 0.000117
5270 0.000119
5271 0.000074
5272 0.000106
5273 0.000070
5274 0.000086
5275 0.000107
5276 0.000100
5277 0.000105
5278 0.000115
5279 0.000117
5280 0.000119
5281 0.000074
5282 0.000106
5283 0.000070
5284 0.000086
5285 0.000107
5286 0.000100
5287 0.000105
5288 0.000115
5289 0.000117
5290 0.000119
5291 0.000074
5292 0.000106
5293 0.000070
5294 0.000086
5295 0.000107
5296 0.000100
5297 0.000105
5298 0.000115
5299 0.000117
5300 0.000119
5301 0.000074
5302 0.000106
5303 0.000070
5304 0.000086
5305 0.000107
5306 0.000100
5307 0.000105
5308 0.000115
5309 0.000117
5310 0.000119
5311 0.000074
5312 0.000106
5313 0.000070
5314 0.000086
5315 0.000107
5316 0.000100
5317 0.000105
5318 0.000115
5319 0.000117
5320 0.000119
5321 0.000074
5322 0.000106
5323 0.000070
5324 0.000086
5325 0.000107
5326 0.000100
5327 0.000105
5328 0.000115
5329 0.000117
5330 0.000119
5331 0.000074
5332 0.000106
5333 0.000070
5334 0.000086
5335 0.000107
5336 0.000100
5337 0.000105
5338 0.000115
5339 0.000117
5340 0.000119
5341 0.000074
5342 0.000106
5343 0.000070
5344 0.000086
5345 0.000107
5346 0.000100
5347 0.000105
5348 0.000115
5349 0.000117
5350 0.000119
5351 0.000074
5352 0.000106
5353 0.000070
5354 0.000086
5355 0.000107
5356 0.000100
5357 0.000105
5358 0.000115
5359 0.000117
5360 0.000119
5361 0.000074
5362 0.000106
5363 0.000070
5364 0.000086
5365 0.000107
5366 0.000100
5367 0.000105
5368 0.000115
5369 0.000117
5370 0.000119
5371 0.000074
5372 0.000106
5373 0.000070
5374 0.000086
5375 0.000107
5376 0.000100
5377 0.000105
5378 0.000115
5379 0.000117
5380 0.000119
5381 0.000074
5382 0.000106
5383 0.000070
5384 0.000086
5385 0.000107
5386 0.000100
5387 0.000105
5388 0.000115
5389 0.000117
5390 0.000119
5391 0.000074
5392 0.000106
5393 0.000070
5394 0.000086
5395 0.000107
5396 0.000100
5397 0.000105
5398 0.000115
5399 0.000117
5400 0.000119
5401 0.000074
5402 0.000106
5403 0.000070
5404 0.000086
5405 0.000107
5406 0.000100
5407 0.000105
5408 0.000115
5409 0.000117
5410 0.000119
5411 0.000074
5412 0.000106
5413 0.000070
5414 0.000086
5415 0.000107
5416 0.000100
5417 0.000105
5418 0.000115
5419 0.000117
5420 0.000119
5421 0.000074
5422 0.000106
5423 0.000070
5424 0.000086
5425 0.000107
5426 0.000100
5427 0.000105
5428 0.000115
5429 0.000117
5430 0.000119
5431 0.000074
5432 0.000106
5433 0.000070
5434 0.000086
5435 0.000107
5436 0.000100
5437 0.000105
5438 0.000115
5439 0.000117
5440 0.000119
5441 0.000074
5442 0.000106
5443 0.000070
5444 0.000086
5445 0.000107
5446 0.000100
5447 0.000105
5448 0.000115
5449 0.000117
5450 0.000119
5451 0.000074
5452 0.000106
5453 0.000070
5454 0.000086
5455 0.000107
5456 0.000100
5457 0.000105
5458 0.000115
5459 0.000117
5460 0.000119
5461 0.000074
5462 0.000106
5463 0.000070
5464 0.000086
5465 0.000107
5466 0.000100
5467 0.000105
5468 0.000115
5469 0.000117
5470 0.000119
5471 0.000074
5472 0.000106
5473 0.000070
5474 0.000086
5475 0.000107
5476 0.000100
5477 0.000105
5478 0.000115
5479 0.000117
5480 0.000119
5481 0.000074
5482 0.000106
5483 0.000070
5484 0.000086
5485 0.000107
5486 0.000100
5487 0.000105
5488 0.000115
5489 0.000117
5490 0.000119
5491 0.000074
5492 0.000106
5493 0.000070
5494 0.000086
5495 0.000107
5496 0.000100
5497 0.000105
5498 0.000115
5499 0.000117
5500 0.000119
5501 0.000074
5502 0.000106
5503 0.000070
5504 0.000086
5505 0.000107
5506 0.000100
5507 0.000105
5508 0.000115
5509 0.000117
5510 0.000119
5511 0.000074
5512 0.000106
5513 0.000070
5514 0.000086
5515 0.000107
5516 0.000100
5517 0.000105
5518 0.000115
5519 0.000117
5520 0.000119
5521 0.000074
5522 0.000106
5523 0.000070
5524 0.000086
5525 0.000107
5526 0.000100
5527 0.000105
5528 0.000115
5529 0.000117
5530 0.000119
5531 0.000074
5532 0.000106
5533 0.000070
5534 0.000086
5535 0.000107
5536 0.000100
5537 0.000105
5538 0.000115
5539 0.000117
5540 0.000119
5541 0.000074
5542 0.000106
5543 0.000070
5544 0.000086
5545 0.000107
5546 0.000100
5547 0.000105
5548 0.000115
5549 0.000117
5550 0.000119
5551 0.000074
5552 0.000106
5553 0.000070
5554 0.000086
5555 0.000107
5556 0.000100
5557 0.000105
5558 0.000115
5559 0.000117
5560 0.000119
5561 0.000074
5562 0.000106
5563 0.000070
5564 0.000086
5565 0.000107
5566 0.000100
5567 0.000105
5568 0.000115
5569 0.000117
5570 0.000119
5571 0.000074
5572 0.000106
5573 0.000070
5574 0.000086
5575 0.000107
5576 0.000100
5577 0.000105
5578 0.000115
5579 0.000117
5580 0.000119
5581 0.000074
5582 0.000106
5583 0.000070
5584 0.000086
5585 0.000107
5586 0.000100
5587 0.000105
5588 0.000115
5589 0.000117
5590 0.000119
5591 0.000074
5592 0.000106
5593 0.000070
5594 0.000086
5595 0.000107
5596 0.000100
5597 0.000105
5598 0.000115
5599 0.000117
5600 0.000119
5601 0.000074
5602 0.000106
5603 0.000070
5604 0.000086
5605 0.000107
5606 0.000100
5607 0.000105
5608 0.000115
5609 0.000117
5610 0.000119
5611 0.000074
5612 0.000106
5613 0.000070
5614 0.000086
5615 0.000107
5616 0.000100
5617 0.000105
5618 0.000115
5619 0.000117
5620 0.000119
5621 0.000074
5622 0.000106
5623 0.000070
5624 0.000086
5625 0.000107
5626 0.000100
5627 0.000105
5628 0.000115
5629 0.000117
5630 0.000119
5631 0.000074
5632 0.000106
5633 0.000070
5634 0.000086
5635 0.000107
5636 0.000100
5637 0.000105
5638 0.000115
5639 0.000117
5640 0.000119
5641 0.000074
5642 0.000106
5643 0.000070
5644 0.000086
5645 0.000107
5646 0.000100
5647 0.000105
5648 0.000115
5649 0.000117
5650 0.000119
5651 0.000074
5652 0.000106
5653 0.000070
5654 0.000086
5655 0.000107
5656 0.000100
5657 0.000105
5658 0.000115
5659 0.000117
5660 0.000119
5661 0.000074
5662 0.000106
5663 0.000070
5664 0.000086
5665 0.000107
5666 0.000100
5667 0.000105
5668 0.000115
5669 0.000117
5670 0.000119
5671 0.000074
5672 0.000106
5673 0.000070
5674 0.000086
5675 0.000107
5676 0.000100
5677 0.000105
5678 0.000115
5679 0.000117
5680 0.000119
5681 0.000074
5682 0.000106
5683 0.000070
5684 0.000086
5685 0.000107
5686 0.000100
5687 0.000105
5688 0.000115
5689 0.000117
5690 0.000119
5691 0.000074
5692 0.000106
5693 0.000070
5694 0.000086
5695 0.000107
5696 0.000100
5697 0.000105
5698 0.000115
5699 0.000117
5700 0.000119
5701 0.000074
5702 0.000106
5703 0.000070
5704 0.000086
5705 0.000107
5706 0.000100
5707 0.000105
5708 0.000115
5709 0.000117
5710 0.000119
5711 0.000074
5712 0.000106
5713 0.000070
5714 0.000086
5715 0.000107
5716 0.000100
5717 0.000105
5718 0.000115
5719 0.000117
5720 0.000119
5721 0.000074
5722 0.000106
5723 0.000070
5724 0.000086
5725 0.000107
5726 0.000100
5727 0.000105
5728 0.000115
5729 0.000117
5730 0.000119
5731 0.000074
5732 0.000106
5733 0.000070
5734 0.000086
5735 0.000107
5736 0.000100
5737 0.000105
5738 0.000115
5739 0.000117
5740 0.000119
5741 0.000074
5742 0.000106
5743 0.000070
5744 0.000086
5745 0.000107
5746 0.000100
5747 0.000105
5748 0.000115
5749 0.000117
5750 0.000119
5751 0.000074
5752 0.000106
5753 0.000070
5754 0.000086
5755 0.000107
5756 0.000100
5757 0.000105
5758 0.000115
5759 0.000117
5760 0.000119
5761 0.000074
5762 0.000106
5763 0.000070
5764 0.000086
5765 0.000107
5766 0.000100
5767 0.000105
5768 0.000115
5769 0.000117
5770 0.000119
5771 0.000074
5772 0.000106
5773 0.000070
5774 0.000086
5775 0.000107
5776 0.000100
5777 0.000105
5778 0.000115
5779 0.000117
5780 0.000119
5781 0.000074
5782 0.000106
5783 0.000070
5784 0.000086
5785 0.000107
5786 0.000100
5787 0.000105
5788 0.000115
5789 0.000117
5790 0.000119
5791 0.000074
5792 0.000106
5793 0.000070
5794 0.000086
5795 0.000107
5796 0.000100
5797 0.000105
5798 0.000115
5799 0.000117
5800 0.000119
5801 0.000074
5802 0.000106
5803 0.000070
5804 0.000086
5805 0.000107
5806 0.000100
5807 0.000105
5808 0.000115
5809 0.000117
5810 0.000119
5811 0.000074
5812 0.000106
5813 0.000070
5814 0.000086
5815 0.000107
5816 0.000100
5817 0.000105
5818 0.000115
5819 0.000117
5820 0.000119
5821 0.000074
5822 0.000106
5823 0.000070
5824 0.000086
5825 0.000107
5826 0.000100
5827 0.000105
5828 0.000115
5829 0.000117
5830 0.000119
5831 0.000074
5832 0.000106
5833 0.000070
5834 0.000086
5835 0.000107
5836 0.000100
5837 0.000105
5838 0.000115
5839 0.000117
5840 0.000119
5841 0.000074
5842 0.000106
5843 0.000070
5844 0.000086
5845 0.000107
5846 0.000100
5847 0.000105
5848 0.000115
5849 0.000117
5850 0.000119
5851 0.000074
5852 0.000106
5853 0.000070
5854 0.000086
5855 0.000107
5856 0.000100
5857 0.000105
5858 0.000115
5859 0.000117
5860 0.000119
5861 0.000074
5862 0.000106
5863 0.000070
5864 0.000086
5865 0.000107
5866 0.000100
5867 0.000105
5868 0.000115
5869 0.000117
5870 0.000119
5871 0.000074
5872 0.000106
5873 0.000070
5874 0.000086
5875 0.000107
5876 0.000100
5877 0.000105
5878 0.000115
5879 0.000117
5880 0.000119
5881 0.000074
5882 0.000106
5883 0.000070
5884 0.000086
5885 0.000107
5886 0.000100
5887 0.000105
5888 0.000115
5889 0.000117
5890 0.000119
5891 0.000074
5892 0.000106
5893 0.000070
5894 0.000086
5895 0.000107
5896 0.000100
5897 0.000105
5898 0.000115
5899 0.000117
5900 0.000119
5901 0.000074
5902 0.000106
5903 0.000070
5904 0.000086
5905 0.000107
5906 0.000100
5907 0.000105
5908 0.000115
5909 0.000117
5910 0.000119
5911 0.000074
5912 0.000106
5913 0.000070
5914 0.000086
5915 0.000107
5916 0.000100
5917 0.000105
5918 0.000115
5919 0.000117
5920 0.000119
5921 0.000074
5922 0.000106
5923 0.000070
5924 0.000086
5925 0.000107
5926 0.000100
5927 0.000105
5928 0.000115
5929 0.000117
5930 0.000119
5931 0.000074
5932 0.000106
5933 0.000070
5934 0.000086
5935 0.000107
5936 0.000100
5937 0.000105
5938 0.000115
5939 0.000117
5940 0.000119
5941 0.000074
5942 0.000106
5943 0.000070
5944 0.000086
5945 0.000107
5946 0.000100
5947 0.000105
5948 0.000115
5949 0.000117
5950 0.000119
5951 0.000074
5952 0.000106
5953 0.000070
5954 0.000086
5955 0.000107
5956 0.000100
5957 0.000105
5958 0.000115
5959 0.000117
5960 0.000119
5961 0.000074
5962 0.000106
5963 0.000070
5964 0.000086
5965 0.000107
5966 0.000100
5967 0.000105
5968 0.000115
5969 0.000117
5970 0.000119
5971 0.000074
5972 0.000106
5973 0.000070
5974 0.000086
5975 0.000107
5976 0.000100
5977 0.000105
5978 0.000115
5979 0.000117
5980 0.000119
5981 0.000074
5982 0.000106
5983 0.000070
5984 0.000086
5985 0.000107
5986 0.000100
5987 0.000105
5988 0.000115
5989 0.000117
5990 0.000119
5991 0.000074
5992 0.000106
5993 0.000070
5994 0.000086
5995 0.000107
5996 0.000100
5997 0.000105
5998 0.000115
5999 0.000117
6000 0.000119
6001 0.000074
6002 0.000106
6003 0.000070
6004 0.000086
6005 0.000107
6006 0.000100
6007 0.000105
6008 0.000115
6009 0.000117
6010 0.000119
6011 0.000074
6012 0.000106
6013 0.000070
6014 0.000086
6015 0.000107
6016 0.000100
6017 0.000105
6018 0.000115
6019 0.000117
6020 0.000119
6021 0.000074
6022 0.000106
6023 0.000070
6024 0.000086
6025 0.000107
6026 0.000100
6027 0.000105
6028 0.000115
6029 0.000117
6030 0.000119
6031 0.000074
6032 0.000106
6033 0.000070
6034 0.000086
6035 0.000107
6036 0.000100
6037 0.000105
6038 0.000115
6039 0.000117
6040 0.000119
6041 0.000074
6042 0.000106
6043 0.000070
6044 0.000086
6045 0.000107
6046 0.000100
6047 0.000105
6048 0.000115
6049 0.000117
6050 0.000119
6051 0.000074
6052 0.000106
6053 0.000070
6054 0.000086
6055 0.000107
6056 0.000100
6057 0.000105
6058 0.000115
6059 0.000117
6060 0.000119
6061 0.000074
6062 0.000106
6063 0.000070
6064 0.000086
6065 0.000107
6066 0.000100
6067 0.000105
6068 0.000115
6069 0.000117
6070 0.000119
6071 0.000074
6072 0.000106
6073 0.000070
6074 0.000086
6075 0.000107
6076 0.000100
6077 0.000105
6078 0.000115
6079 0.000117
6080 0.000119
6081 0.000074
6082 0.000106
6083 0.000070
6084 0.000086
6085 0.000107
6086 0.000100
6087 0.000105
6088 0.000115
6089 0.000117
6090 0.000119
6091 0.000074
6092 0.000106
6093 0.000070
6094 0.000086
6095 0.000107
6096 0.000100
6097 0.000105
6098 0.000115
6099 0.000117
6100 0.000119
6101 0.000074
6102 0.000106
6103 0.000070
6104 0.000086
6105 0.000107
6106 0.000100
6107 0.000105
6108 0.000115
6109 0.000117
6110 0.000119
6111 0.000074
6112 0.000106
6113 0.000070
6114 0.000086
6115 0.000107
6116 0.000100
6117 0.000105
6118 0.000115
6119 0.000117
6120 0.000119
6121 0.000074
6122 0.000106
6123 0.000070
6124 0.000086
6125 0.000107
6126 0.000100
6127 0.000105
6128 0.000115
6129 0.000117
6130 0.000119
6131 0.000074
6132 0.000106
6133 0.000070
6134 0.000086
6135 0.000107
6136 0.000100
6137 0.000105
6138 0.000115
6139 0.000117
6140 0.000119
6141 0.000074
6142 0.000106
6143 0.000070
6144 0.000086
6145 0.000107
6146 0.000100
6147 0.000105
6148 0.000115
6149 0.000117
6150 0.000119
6151 0.000074
6152 0.000106
6153 0.000070
6154 0.000086
6155 0.000107
6156 0.000100
6157 0.000105
6158 0.000115
6159 0.000117
6160 0.000119
6161 0.000074
6162 0.000106
6163 0.000070
6164 0.000086
6165 0.000107
6166 0.000100
6167 0.000105
6168 0.000115
6169 0.000117
6170 0.000119
6171 0.000074
6172 0.000106
6173 0.000070
6174 0.000086
6175 0.000107
6176 0.000100
6177 0.000105
6178 0.000115
6179 0.000117
6180 0.000119
6181 0.000074
6182 0.000106
6183 0.000070
6184 0.000086
6185 0.000107
6186 0.000100
6187 0.000105
6188 0.000115
6189 0.000117
6190 0.000119
6191 0.000074
6192 0.000106
6193 0.000070
6194 0.000086
6195 0.000107
6196 0.000100
6197 0.000105
6198 0.000115
6199 0.000117
6200 0.000119
6201 0.000074
6202 0.000106
6203 0.000070
6204 0.000086
6205 0.000107
6206 0.000100
6207 0.000105
6208 0.000115
6209 0.000117
6210 0.000119
6211 0.000074
6212 0.000106
6213 0.000070
6214 0.000086
6215 0.000107
6216 0.000100
6217 0.000105
6218 0.000115
6219 0.000117
6220 0.000119
6221 0.000074
6222 0.000106
6223 0.000070
6224 0.000086
6225 0.000107
6226 0.000100
6227 0.000105
6228 0.000115
6229 0.000117
6230 0.000119
6231 0.000074
6232 0.000106
6233 0.000070
6234 0.000086
6235 0.000107
6236 0.000100
6237 0.000105
6238 0.000115
6239 0.000117
6240 0.000119
6241 0.000074
6242 0.000106
6243 0.000070
6244 0.000086
6245 0.000107
6246 0.000100
6247 0.000105
6248 0.000115
6249 0.000117
6250 0.000119
6251 0.000074
6252 0.000106
6253 0.000070
6254 0.000086
6255 0.000107
6256 0.000100
6257 0.000105
6258 0.000115
6259 0.000117
6260 0.000119
6261 0.000074
6262 0.000106
6263 0.000070
6264 0.000086
6265 0.000107
6266 0.000100
6267 0.000105
6268 0.000115
6269 0.000117
6270 0.000119
6271 0.000074
6272 0.000106
6273 0.000070
6274 0.000086
6275 0.000107
6276 0.000100
6277 0.000105
6278 0.000115
6279 0.000117
6280 0.000119
6281 0.000074
6282 0.000106
6283 0.000070
6284 0.000086
6285 0.000107
6286 0.000100
6287 0.000105
6288 0.000115
6289 0.000117
6290 0.000119
6291 0.000074
6292 0.000106
6293 0.000070
6294 0.000086
6295 0.000107
6296 0.000100
6297 0.000105
6298 0.000115
6299 0.000117
6300 0.000119
6301 0.000074
6302 0.000106
6303 0.000070
6304 0.000086
6305 0.000107
6306 0.000100
6307 0.000105
6308 0.000115
6309 0.000117
6310 0.000119
6311 0.000074
6312 0.000106
6313 0.000070
6314 0.000086
6315 0.000107
6316 0.000100
6317 0.000105
6318 0.000115
6319 0.000117
6320 0.000119
6321 0.000074
6322 0.000106
6323 0.000070
6324 0.000086
6325 0.000107
6326 0.000100
6327 0.000105
6328 0.000115
6329 0.000117
6330 0.000119
6331 0.000074
6332 0.000106
6333 0.000070
6334 0.000086
6335 0.000107
6336 0.000100
6337 0.000105
6338 0.000115
6339 0.000117
6340 0.000119
6341 0.000074
6342 0.000106
6343 0.000070
6344 0.000086
6345 0.000107
6346 0.000100
6347 0.000105
6348 0.000115
6349 0.000117
6350 0.000119
6351 0.000074
6352 0.000106
6353 0.000070
6354 0.000086
6355 0.000107
6356 0.000100
6357 0.000105
6358 0.000115
6359 0.000117
6360 0.000119
6361 0.000074
6362 0.000106
6363 0.000070
6364 0.000086
6365 0.000107
6366 0.000100
6367 0.000105
6368 0.000115
6369 0.000117
6370 0.000119
6371 0.000074
6372 0.000106
6373 0.000070
6374 0.000086
6375 0.000107
6376 0.000100
6377 0.000105
6378 0.000115
6379 0.000117
6380 0.000119
6381 0.000074
6382 0.000106
6383 0.000070
6384 0.000086
6385 0.000107
6386 0.000100
6387 0.000105
6388 0.000115
6389 0.000117
6390 0.000119
6391 0.000074
6392 0.000106
6393 0.000070
6394 0.000086
6395 0.000107
6396 0.000100
6397 0.000105
6398 0.000115
6399 0.000117
6400 0.000119
6401 0.000074
6402 0.000106
6403 0.000070
6404 0.000086
6405 0.000107
6406 0.000100
6407 0.000105
6408 0.000115
6409 0.000117
6410 0.000119
6411 0.000074
6412 0.000106
6413 0.000070
6414 0.000086
6415 0.000107
6416 0.000100
6417 0.000105
6418 0.000115
6419 0.000117
6420 0.000119
6421 0.000074
6422 0.000106
6423 0.000070
6424 0.000086
6425 0.000107
6426 0.000100
6427 0.000105
6428 0.000115
6429 0.000117
6430 0.000119
6431 0.000074
6432 0.000106
6433 0.000070
6434 0.000086
6435 0.000107
6436 0.000100
6437 0.000105
6438 0.000115
6439 0.000117
6440 0.000119
6441 0.000074
6442 0.000106
6443 0.000070
6444 0.000086
6445 0.000107
6446 0.000100
6447 0.000105
6448 0.000115
6449 0.000117
6450 0.000119
6451 0.000074
6452 0.000106
6453 0.000070
6454 0.000086
6455 0.000107
6456 0.000100
6457 0.000105
6458 0.000115
6459 0.000117
6460 0.000119
6461 0.000074
6462 0.000106
6463 0.000070
6464 0.000086
6465 0.000107
6466 0.000100
6467 0.000105
6468 0.000115
6469 0.000117
6470 0.000119
6471 0.000074
6472 0.000106
6473 0.000070
6474 0.000086
6475 0.000107
6476 0.000100
6477 0.000105
6478 0.000115
6479 0.000117
6480 0.000119
6481 0.000074
6482 0.000106
6483 0.000070
6484 0.000086
6485 0.000107
6486 0.000100
6487 0.000105
6488 0.000115
6489 0.000117
6490 0.000119
6491 0.000074
6492 0.000106
6493 0.000070
6494 0.000086
6495 0.000107
6496 0.000100
6497 0.000105
6498 0.000115
6499 0.000117
6500 0.000119
6501 0.000074
6502 0.000106
6503 0.000070
6504 0.000086
6505 0.000107
6506 0.000100
6507 0.000105
6508 0.000115
6509 0.000117
6510 0.000119
6511 0.000074
6512 0.000106
6513 0.000070
6514 0.000086
6515 0.000107
6516 0.000100
6517 0.000105
6518 0.000115
6519 0.000117
6520 0.000119
6521 0.000074
6522 0.000106
6523 0.000070
6524 0.000086
6525 0.000107
6526 0.000100
6527 0.000105
6528 0.000115
6529 0.000117
6530 0.000119
6531 0.000074
6532 0.000106
6533 0.000070
6534 0.000086
6535 0.000107
6536 0.000100
6537 0.000105
6538 0.000115
6539 0.000117
6540 0.000119
6541 0.000074
6542 0.000106
6543 0.000070
6544 0.000086
6545 0.000107
6546 0.000100
6547 0.000105
6548 0.000115
6549 0.000117
6550 0.000119
6551 0.000074
6552 0.000106
6553 0.000070
6554 0.000086
6555 0.000107
6556 0.000100
6557 0.000105
6558 0.000115
6559 0.000117
6560 0.000119
6561 0.000074
6562 0.000106
6563 0.000070
6564 0.000086
6565 0.000107
6566 0.000100
6567 0.000105
6568 0.000115
6569 0.000117
6570 0.000119
6571 0.000074
6572 0.000106
6573 0.000070
6574 0.000086
6575 0.000107
6576 0.000100
6577 0.000105
6578 0.000115
6579 0.000117
6580 0.000119
6581 0.000074
6582 0.000106
6583 0.000070
6584 0.000086
6585 0.000107
6586 0.000100
6587 0.000105
6588 0.000115
6589 0.000117
6590 0.000119
6591 0.000074
6592 0.000106
6593 0.000070
6594 0.000086
6595 0.000107
6596 0.000100
6597 0.000105
6598 0.000115
6599 0.000117
6600 0.000119
6601 0.000074
6602 0.000106
6603 0.000070
6604 0.000086
6605 0.000107
6606 0.000100
6607 0.000105
6608 0.000115
6609 0.000117
6610 0.000119
6611 0.000074
6612 0.000106
6613 0.000070
6614 0.000086
6615 0.000107
6616 0.000100
6617 0.000105
6618 0.000115
6619 0.000117
6620 0.000119
6621 0.000074
6622 0.000106
6623 0.000070
6624 0.000086
6625 0.000107
6626 0.000100
6627 0.000105
6628 0.000115
6629 0.000117
6630 0.000119
6631 0.000074
6632 0.000106
6633 0.000070
6634 0.000086
6635 0.000107
6636 0.000100
6637 0.000105
6638 0.000115
6639 0.000117
6640 0.000119
6641 0.000074
6642 0.000106
6643 0.000070
6644 0.000086
6645 0.000107
6646 0.000100
6647 0.000105
6648 0.000115
6649 0.000117
6650 0.000119
6651 0.000074
6652 0.000106
6653 0.000070
6654 0.000086
6655 0.000107
6656 0.000100
6657 0.000105
6658 0.000115
6659 0.000117
6660 0.000119
6661 0.000074
6662 0.000106
6663 0.000070
6664 0.000086
6665 0.000107
6666 0.000100
6667 0.000105
6668 0.000115
6669 0.000117
6670 0.000119
6671 0.000074
6672 0.000106
6673 0.000070
6674 0.000086
6675 0.000107
6676 0.000100
6677 0.000105
6678 0.000115
6679 0.000117
6680 0.000119
6681 0.000074
6682 0.000106
6683 0.000070
6684 0.000086
6685 0.000107
6686 0.000100
6687 0.000105
6688 0.000115
6689 0.000117
6690 0.000119
6691 0.000074
6692 0.000106
6693 0.000070
6694 0.000086
6695 0.000107
6696 0.000100
6697 0.000105
6698 0.000115
6699 0.000117
6700 0.000119
6701 0.000074
6702 0.000106
6703 0.000070
6704 0.000086
6705 0.000107
6706 0.000100
6707 0.000105
6708 0.000115
6709 0.000117
6710 0.000119
6711 0.000074
6712 0.000106
6713 0.000070
6714 0.000086
6715 0.000107
6716 0.000100
6717 0.000105
6718 0.000115
6719 0.000117
6720 0.000119
6721 0.000074
6722 0.000106
6723 0.000070
6724 0.000086
6725 0.000107
6726 0.000100
6727 0.000105
6728 0.000115
6729 0.000117
6730 0.000119
6731 0.000074
6732 0.000106
6733 0.000070
6734 0.000086
6735 0.000107
6736 0.000100
6737 0.000105
6738 0.000115
6739 0.000117
6740 0.000119
6741 0.000074
6742 0.000106
6743 0.000070
6744 0.000086
6745 0.000107
6746 0.000100
6747 0.000105
6748 0.000115
6749 0.000117
6750 0.000119
6751 0.000074
6752 0.000106
6753 0.000070
6754 0.000086
6755 0.000107
6756 0.000100
6757 0.000105
6758 0.000115
6759 0.000117
6760 0.000119
6761 0.000074
6762 0.000106
6763 0.000070
6764 0.000086
6765 0.000107
6766 0.000100
6767 0.000105
6768 0.000115
6769 0.000117
6770 0.000119
6771 0.000074
6772 0.000106
6773 0.000070
6774 0.000086
6775 0.000107
6776 0.000100
6777 0.000105
6778 0.000115
6779 0.000117
6780 0.000119
6781 0.000074
6782 0.000106
6783 0.000070
6784 0.000086
6785 0.000107
6786 0.000100
6787 0.000105
6788 0.000115
6789 0.000117
6790 0.000119
6791 0.000074
6792 0.000106
6793 0.000070
6794 0.000086
6795 0.000107
6796 0.000100
6797 0.000105
6798 0.000115
6799 0.000117
6800 0.000119
6801 0.000074
6802 0.000106
6803 0.000070
6804 0.000086
6805 0.000107
6806 0.000100
6807 0.000105
6808 0.000115
6809 0.000117
6810 0.000119
6811 0.000074
6812 0.000106
6813 0.000070
6814 0.000086
6815 0.000107
6816 0.000100
6817 0.000105
6818 0.000115
6819 0.000117
6820 0.000119
6821 0.000074
6822 0.000106
6823 0.000070
6824 0.000086
6825 0.000107
6826 0.000100
6827 0.000105
6828 0.000115
6829 0.000117
6830 0.000119
6831 0.000074
6832 0.000106
6833 0.000070
6834 0.000086
6835 0.000107
6836 0.000100
6837 0.000105
6838 0.000115
6839 0.000117
6840 0.000119
6841 0.000074
6842 0.000106
6843 0.000070
6844 0.000086
6845 0.000107
6846 0.000100
6847 0.000105
6848 0.000115
6849 0.000117
6850 0.000119
6851 0.000074
6852 0.000106
6853 0.000070
6854 0.000086
6855 0.000107
6856 0.000100
6857 0.000105
6858 0.000115
6859 0.000117
6860 0.000119
6861 0.000074
6862 0.000106
6863 0.000070
6864 0.000086
6865 0.000107
6866 0.000100
6867 0.000105
6868 0.000115
6869 0.000117
6870 0.000119
6871 0.000074
6872 0.000106
6873 0.000070
6874 0.000086
6875 0.000107
6876 0.000100
6877 0.000105
6878 0.000115
6879 0.000117
6880 0.000119
6881 0.000074
6882 0.000106
6883 0.000070
6884 0.000086
6885 0.000107
6886 0.000100
6887 0.000105
6888 0.000115
6889 0.000117
6890 0.000119
6891 0.000074
6892 0.000106
6893 0.000070
6894 0.000086
6895 0.000107
6896 0.000100
6897 0.000105
6898 0.000115
6899 0.000117
6900 0.000119
6901 0.000074
6902 0.000106
6903 0.000070
6904 0.000086
6905 0.000107
6906 0.000100
6907 0.000105
6908 0.000115
6909 0.000117
6910 0.000119
6911 0.000074
6912 0.000106
6913 0.000070
6914 0.000086
6915 0.000107
6916 0.000100
6917 0.000105
6918 0.000115
6919 0.000117
6920 0.000119
6921 0.000074
6922 0.000106
6923 0.000070
6924 0.000086
6925 0.000107
6926 0.000100
6927 0.000105
6928 0.000115
6929 0.000117
6930 0.000119
6931 0.000074
6932 0.000106
6933 0.000070
6934 0.000086
6935 0.000107
6936 0.000100
6937 0.000105
6938 0.000115
6939 0.000117
6940 0.000119
6941 0.000074
6942 0.000106
6943 0.000070
6944 0.000086
6945 0.000107
6946 0.000100
6947 0.000105
6948 0.000115
6949 0.000117
6950 0.000119
6951 0.000074
6952 0.000106
6953 0.000070
6954 0.000086
6955 0.000107
6956 0.000100
6957 0.000105
6958 0.000115
6959 0.000117
6960 0.000119
6961 0.000074
6962 0.000106
6963 0.000070
6964 0.000086
6965 0.000107
6966 0.000100
6967 0.000105
6968 0.000115
6969 0.000117
6970 0.000119
6971 0.000074
6972 0.000106
6973 0.000070
6974 0.000086
6975 0.000107
6976 0.000100
6977 0.000105
6978 0.000115
6979 0.000117
6980 0.000119
6981 0.000074
6982 0.000106
6983 0.000070
6984 0.000086
6985 0.000107
6986 0.000100
6987 0.000105
6988 0.000115
6989 0.000117
6990 0.000119
6991 0.000074
6992 0.000106
6993 0.000070
6994 0.000086
6995 0.000107
6996 0.000100
6997 0.000105
6998 0.000115
6999 0.000117
7000 0.000119
7001 0.000074
7002 0.000106
7003 0.000070
7004 0.000086
7005 0.000107
7006 0.000100
7007 0.000105
7008 0.000115
7009 0.000117
7010 0.000119
7011 0.000074
7012 0.000106
7013 0.000070
7014 0.000086
7015 0.000107
7016 0.000100
7017 0.000105
7018 0.000115
7019 0.000117
7020 0.000119
7021 0.000074
7022 0.000106
7023 0.000070
7024 0.000086
7025 0.000107
7026 0.000100
7027 0.000105
7028 0.000115
7029 0.000117
7030 0.000119
7031 0.000074
7032 0.000106
7033 0.000070
7034 0.000086
7035 0.000107
7036 0.000100
7037 0.000105
7038 0.000115
7039 0.000117
7040 0.000119
7041 0.000074
7042 0.000106
7043 0.000070
7044 0.000086
7045 0.000107
7046 0.000100
7047 0.000105
7048 0.000115
7049 0.000117
7050 0.000119
7051 0.000074
7052 0.000106
7053 0.000070
7054 0.000086
7055 0.000107
7056 0.000100
7057 0.000105
7058 0.000115
7059 0.000117
7060 0.000119
7061 0.000074
7062 0.000106
7063 0.000070
7064 0.000086
7065 0.000107
7066 0.000100
7067 0.000105
7068 0.000115
7069 0.000117
7070 0.000119
7071 0.000074
7072 0.000106
7073 0.000070
7074 0.000086
7075 0.000107
7076 0.000100
7077 0.000105
7078 0.000115
7079 0.000117
7080 0.000119
7081 0.000074
7082 0.000106
7083 0.000070
7084 0.000086
7085 0.000107
7086 0.000100
7087 0.000105
7088 0.000115
7089 0.000117
7090 0.000119
7091 0.000074
7092 0.000106
7093 0.000070
7094 0.000086
7095 0.000107
7096 0.000100
7097 0.000105
7098 0.000115
7099 0.000117
7100 0.000119
7101 0.000074
7102 0.000106
7103 0.000070
7104 0.000086
7105 0.000107
7106 0.000100
7107 0.000105
7108 0.000115
7109 0.000117
7110 0.000119
7111 0.000074
7112 0.000106
7113 0.000070
7114 0.000086
7115 0.000107
7116 0.000100
7117 0.000105
7118 0.000115
7119 0.000117
7120 0.000119
7121 0.000074
7122 0.000106
7123 0.000070
7124 0.000086
7125 0.000107
7126 0.000100
7127 0.000105
7128 0.000115
7129 0.000117
7130 0.000119
7131 0.000074
7132 0.000106
7133 0.000070
7134 0.000086
7135 0.000107
7136 0.000100
7137 0.000105
7138 0.000115
7139 0.000117
7140 0.000119
7141 0.000074
7142 0.000106
7143 0.000070
7144 0.000086
7145 0.000107
7146 0.000100
7147 0.000105
7148 0.000115
7149 0.000117
7150 0.000119
7151 0.000074
7152 0.000106
7153 0.000070
7154 0.000086
7155 0.000107
7156 0.000100
7157 0.000105
7158 0.000115
7159 0.000117
7160 0.000119
7161 0.000074
7162 0.000106
7163 0.000070
7164 0.000086
7165 0.000107
7166 0.000100
7167 0.000105
7168 0.000115
7169 0.000117
7170 0.000119
7171 0.000074
7172 0.000106
7173 0.000070
7174 0.000086
7175 0.000107
7176 0.000100
7177 0.000105
7178 0.000115
7179 0.000117
7180 0.000119
7181 0.000074
7182 0.000106
7183 0.000070
7184 0.000086
7185 0.000107
7186 0.000100
7187 0.000105
7188 0.000115
7189 0.000117
7190 0.000119
7191 0.000074
7192 0.000106
7193 0.000070
7194 0.000086
7195 0.000107
7196 0.000100
7197 0.000105
7198 0.000115
7199 0.000117
7200 0.000119
7201 0.000074
7202 0.000106
7203 0.000070
7204 0.000086
7205 0.000107
7206 0.000100
7207 0.000105
7208 0.000115
7209 0.000117
7210 0.000119
7211 0.000074
7212 0.000106
7213 0.000070
7214 0.000086
7215 0.000107
7216 0.000100
7217 0.000105
7218 0.000115
7219 0.000117
7220 0.000119
7221 0.000074
7222 0.000106
7223 0.000070
7224 0.000086
7225 0.000107
7226 0.000100
7227 0.000105
7228 0.000115
7229 0.000117
7230 0.000119
7231 0.000074
7232 0.000106
7233 0.000070
7234 0.000086
7235 0.000107
7236 0.000100
7237 0.000105
7238 0.000115
7239 0.000117
7240 0.000119
7241 0.000074
7242 0.000106
7243 0.000070
7244 0.000086
7245 0.000107
7246 0.000100
7247 0.000105
7248 0.000115
7249 0.000117
7250 0.000119
7251 0.000074
7252 0.000106
7253 0.000070
7254 0.000086
7255 0.000107
7256 0.000100
7257 0.000105
7258 0.000115
7259 0.000117
7260 0.000119
7261 0.000074
7262 0.000106
7263 0.000070
7264 0.000086
7265 0.000107
7266 0.000100
7267 0.000105
7268 0.000115
7269 0.000117
7270 0.000119
7271 0.000074
7272 0.000106
7273 0.000070
7274 0.000086
7275 0.000107
7276 0.000100
7277 0.000105
7278 0.000115
7279 0.000117
7280 0.000119
7281 0.000074
7282 0.000106
7283 0.000070
7284 0.000086
7285 0.000107
7286 0.000100
7287 0.000105
7288 0.000115
7289 0.000117
7290 0.000119
7291 0.000074
7292 0.000106
7293 0.000070
7294 0.000086
7295 0.000107
7296 0.000100
7297 0.000105
7298 0.000115
7299 0.000117
7300 0.000119
7301 0.000074
7302 0.000106
7303 0.000070
7304 0.000086
7305 0.000107
7306 0.000100
7307 0.000105
7308 0.000115
7309 0.000117
7310 0.000119
7311 0.000074
7312 0.000106
7313 0.000070
7314 0.000086
7315 0.000107
7316 0.000100
7317 0.000105
7318 0.000115
7319 0.000117
7320 0.000119
7321 0.000074
7322 0.000106
7323 0.000070
7324 0.000086
7325 0.000107
7326 0.000100
7327 0.000105
7328 0.000115
7329 0.000117
7330 0.000119
7331 0.000074
7332 0.000106
7333 0.000070
7334 0.000086
7335 0.000107
7336 0.000100
7337 0.000105
7338 0.000115
7339 0.000117
7340 0.000119
7341 0.000074
7342 0.000106
7343 0.000070
7344 0.000086
7345 0.000107
7346 0.000100
7347 0.000105
7348 0.000115
7349 0.000117
7350 0.000119
7351 0.000074
7352 0.000106
7353 0.000070
7354 0.000086
7355 0.000107
7356 0.000100
7357 0.000105
7358 0.000115
7359 0.000117
7360 0.000119
7361 0.000074
7362 0.000106
7363 0.000070
7364 0.000086
7365 0.000107
7366 0.000100
7367 0.000105
7368 0.000115
7369 0.000117
7370 0.000119
7371 0.000074
7372 0.000106
7373 0.000070
7374 0.000086
7375 0.000107
7376 0.000100
7377 0.000105
7378 0.000115
7379 0.000117
7380 0.000119
7381 0.000074
7382 0.000106
7383 0.000070
7384 0.000086
7385 0.000107
7386 0.000100
7387 0.000105
7388 0.000115
7389 0.000117
7390 0.000119
7391 0.000074
7392 0.000106
7393 0.000070
7394 0.000086
7395 0.000107
7396 0.000100
7397 0.000105
7398 0.000115
7399 0.000117
7400 0.000119
7401 0.000074
7402 0.000106
7403 0.000070
7404 0.000086
7405 0.000107
7406 0.000100
7407 0.000105
7408 0.000115
7409 0.000117
7410 0.000119
7411 0.000074
7412 0.000106
7413 0.000070
7414 0.000086
7415 0.000107
7416 0.000100
7417 0.000105
7418 0.000115
7419 0.000117
7420 0.000119
7421 0.000074
7422 0.000106
7423 0.000070
7424 0.000086
7425 0.000107
7426 0.000100
7427 0.000105
7428 0.000115
7429 0.000117
7430 0.000119
7431 0.000074
7432 0.000106
7433 0.000070
7434 0.000086
7435 0.000107
7436 0.000100
7437 0.000105
7438 0.000115
7439 0.000117
7440 0.000119
7441 0.000074
7442 0.000106
7443 0.000070
7444 0.000086
7445 0.000107
7446 0.000100
7447 0.000105
7448 0.000115
7449 0.000117
7450 0.000119
7451 0.000074
7452 0.000106
7453 0.000070
7454 0.000086
7455 0.000107
7456 0.000100
7457 0.000105
7458 0.000115
7459 0.000117
7460 0.000119
7461 0.000074
7462 0.000106
7463 0.000070
7464 0.000086
7465 0.000107
7466 0.000100
7467 0.000105
7468 0.000115
7469 0.000117
7470 0.000119
7471 0.000074
7472 0.000106
7473 0.000070
7474 0.000086
7475 0.000107
7476 0.000100
7477 0.000105
7478 0.000115
7479 0.000117
7480 0.000119
7481 0.000074
7482 0.000106
7483 0.000070
7484 0.000086
7485 0.000107
7486 0.000100
7487 0.000105
7488 0.000115
7489 0.000117
7490 0.000119
7491 0.000074
7492 0.000106
7493 0.000070
7494 0.000086
7495 0.000107
7496 0.000100
7497 0.000105
7498 0.000115
7499 0.000117
7500 0.000119
7501 0.000074
7502 0.000106
7503 0.000070
7504 0.000086
7505 0.000107
7506 0.000100
7507 0.000105
7508 0.000115
7509 0.000117
7510 0.000119
7511 0.000074
7512 0.000106
7513 0.000070
7514 0.000086
7515 0.000107
7516 0.000100
7517 0.000105
7518 0.000115
7519 0.000117
7520 0.000119
7521 0.000074
7522 0.000106
7523 0.000070
7524 0.000086
7525 0.000107
7526 0.000100
7527 0.000105
7528 0.000115
7529 0.000117
7530 0.000119
7531 0.000074
7532 0.000106
7533 0.000070
7534 0.000086
7535 0.000107
7536 0.000100
7537 0.000105
7538 0.000115
7539 0.000117
7540 0.000119
7541 0.000074
7542 0.000106
7543 0.000070
7544 0.000086
7545 0.000107
7546 0.000100
7547 0.000105
7548 0.000115
7549 0.000117
7550 0.000119
7551 0.000074
7552 0.000106
7553 0.000070
7554 0.000086
7555 0.000107
7556 0.000100
7557 0.000105
7558 0.000115
7559 0.000117
7560 0.000119
7561 0.000074
7562 0.000106
7563 0.000070
7564 0.000086
7565 0.000107
7566 0.000100
7567 0.000105
7568 0.000115
7569 0.000117
7570 0.000119
7571 0.000074
7572 0.000106
7573 0.000070
7574 0.000086
7575 0.000107
7576 0.000100
7577 0.000105
7578 0.000115
7579 0.000117
7580 0.000119
7581 0.000074
7582 0.000106
7583 0.000070
7584 0.000086
7585 0.000107
7586 0.000100
7587 0.000105
7588 0.000115
7589 0.000117
7590 0.000119
7591 0.000074
7592 0.000106
7593 0.000070
7594 0.000086
7595 0.000107
7596 0.000100
7597 0.000105
7598 0.000115
7599 0.000117
7600 0.000119
7601 0.000074
7602 0.000106
7603 0.000070
7604 0.000086
7605 0.000107
7606 0.000100
7607 0.000105
7608 0.000115
7609 0.000117
7610 0.000119
7611 0.000074
7612 0.000106
7613 0.000070
7614 0.000086
7615 0.000107
7616 0.000100
7617 0.000105
7618 0.000115
7619 0.000117
7620 0.000119
7621 0.000074
7622 0.000106
7623 0.000070
7624 0.000086
7625 0.000107
7626 0.000100
7627 0.000105
7628 0.000115
7629 0.000117
7630 0.000119
7631 0.000074
7632 0.000106
7633 0.000070
7634 0.000086
7635 0.000107
7636 0.000100
7637 0.000105
7638 0.000115
7639 0.000117
7640 0.000119
7641 0.000074
7642 0.000106
7643 0.000070
7644 0.000086
7645 0.000107
7646 0.000100
7647 0.000105
7648 0.000115
7649 0.000117
7650 0.000119
7651 0.000074
7652 0.000106
7653 0.000070
7654 0.000086
7655 0.000107
7656 0.000100
7657 0.000105
7658 0.000115
7659 0.000117
7660 0.000119
7661 0.000074
7662 0.000106
7663 0.000070
7664 0.000086
7665 0.000107
7666 0.000100
7667 0.000105
7668 0.000115
7669 0.000117
7670 0.000119
7671 0.000074
7672 0.000106
7673 0.000070
7674 0.000086
7675 0.000107
7676 0.000100
7677 0.000105
7678 0.000115
7679 0.000117
7680 0.000119
7681 0.000074
7682 0.000106
7683 0.000070
7684 0.000086
7685 0.000107
7686 0.000100
7687 0.000105
7688 0.000115
7689 0.000117
7690 0.000119
7691 0.000074
7692 0.000106
7693 0.000070
7694 0.000086
7695 0.000107
7696 0.000100
7697 0.000105
7698 0.000115
7699 0.000117
7700 0.000119
7701 0.000074
7702 0.000106
7703 0.000070
7704 0.000086
7705 0.000107
7706 0.000100
7707 0.000105
7708 0.000115
7709 0.000117
7710 0.000119
7711 0.000074
7712 0.000106
7713 0.000070
7714 0.000086
7715 0.000107
7716 0.000100
7717 0.000105
7718 0.000115
7719 0.000117
7720 0.000119
7721 0.000074
7722 0.000106
7723 0.000070
7724 0.000086
7725 0.000107
7726 0.000100
7727 0.000105
7728 0.000115
7729 0.000117
7730 0.000119
7731 0.000074
7732 0.000106
7733 0.000070
7734 0.000086
7735 0.000107
7736 0.000100
7737 0.000105
7738 0.000115
7739 0.000117
7740 0.000119
7741 0.000074
7742 0.000106
7743 0.000070
7744 0.000086
7745 0.000107
7746 0.000100
7747 0.000105
7748 0.000115
7749 0.000117
7750 0.000119
7751 0.000074
7752 0.000106
7753 0.000070
7754 0.000086
7755 0.000107
7756 0.000100
7757 0.000105
7758 0.000115
7759 0.000117
7760 0.000119
7761 0.000074
7762 0.000106
7763 0.000070
7764 0.000086
7765 0.000107
7766 0.000100
7767 0.000105
7768 0.000115
7769 0.000117
7770 0.000119
7771 0.000074
7772 0.000106
7773 0.000070
7774 0.000086
7775 0.000107
7776 0.000100
7777 0.000105
7778 0.000115
7779 0.000117
7780 0.000119
7781 0.000074
7782 0.000106
7783 0.000070
7784 0.000086
7785 0.000107
7786 0.000100
7787 0.000105
7788 0.000115
7789 0.000117
7790 0.000119
7791 0.000074
7792 0.000106
7793 0.000070
7794 0.000086
7795 0.000107
7796 0.000100
7797 0.000105
7798 0.000115
7799 0.000117
7800 0.000119
7801 0.000074
7802 0.000106
7803 0.000070
7804 0.000086
7805 0.000107
7806 0.000100
7807 0.000105
7808 0.000115
7809 0.000117
7810 0.000119
7811 0.000074
7812 0.000106
7813 0.000070
7814 0.000086
7815 0.000107
7816 0.000100
7817 0.000105
7818 0.000115
7819 0.000117
7820 0.000119
7821 0.000074
7822 0.000106
7823 0.000070
7824 0.000086
7825 0.000107
7826 0.000100
7827 0.000105
7828 0.000115
7829 0.000117
7830 0.000119
7831 0.000074
7832 0.000106
7833 0.000070
7834 0.000086
7835 0.000107
7836 0.000100
7837 0.000105
7838 0.000115
7839 0.000117
7840 0.000119
7841 0.000074
7842 0.000106
7843 0.000070
7844 0.000086
7845 0.000107
7846 0.000100
7847 0.000105
7848 0.000115
7849 0.000117
7850 0.000119
7851 0.000074
7852 0.000106
7853 0.000070
7854 0.000086
7855 0.000107
7856 0.000100
7857 0.000105
7858 0.000115
7859 0.000117
7860 0.000119
7861 0.000074
7862 0.000106
7863 0.000070
7864 0.000086
7865 0.000107
7866 0.000100
7867 0.000105
7868 0.000115
7869 0.000117
7870 0.000119
7871 0.000074
7872 0.000106
7873 0.000070
7874 0.000086
7875 0.000107
7876 0.000100
7877 0.000105
7878 0.000115
7879 0.000117
7880 0.000119
7881 0.000074
7882 0.000106
7883 0.000070
7884 0.000086
7885 0.000107
7886 0.000100
7887 0.000105
7888 0.000115
7889 0.000117
7890 0.000119
7891 0.000074
7892 0.000106
7893 0.000070
7894 0.000086
7895 0.000107
7896 0.000100
7897 0.000105
7898 0.000115
7899 0.000117
7900 0.000119
7901 0.000074
7902 0.000106
7903 0.000070
7904 0.000086
7905 0.000107
7906 0.000100
7907 0.000105
7908 0.000115
7909 0.000117
7910 0.000119
7911 0.000074
7912 0.000106
7913 0.000070
7914 0.000086
7915 0.000107
7916 0.000100
7917 0.000105
7918 0.000115
7919 0.000117
7920 0.000119
7921 0.000074
7922 0.000106
7923 0.000070
7924 0.000086
7925 0.000107
7926 0.000100
7927 0.000105
7928 0.000115
7929 0.000117
7930 0.000119
7931 0.000074
7932 0.000106
7933 0.000070
7934 0.000086
7935 0.000107
7936 0.000100
7937 0.000105
7938 0.000115
7939 0.000117
7940 0.000119
7941 0.000074
7942 0.000106
7943 0.000070
7944 0.000086
7945 0.000107
7946 0.000100
7947 0.000105
7948 0.000115
7949 0.000117
7950 0.000119
7951 0.000074
7952 0.000106
7953 0.000070
7954 0.000086
7955 0.000107
7956 0.000100
7957 0.000105
7958 0.000115
7959 0.000117
7960 0.000119
7961 0.000074
7962 0.000106
7963 0.000070
7964 0.000086
7965 0.000107
7966 0.000100
7967 0.000105
7968 0.000115
7969 0.000117
7970 0.000119
7971 0.000074
7972 0.000106
7973 0.000070
7974 0.000086
7975 0.000107
7976 0.000100
7977 0.000105
7978 0.000115
7979 0.000117
7980 0.000119
7981 0.000074
7982 0.000106
7983 0.000070
7984 0.000086
7985 0.000107
7986 0.000100
7987 0.000105
7988 0.000115
7989 0.000117
7990 0.000119
7991 0.000074
7992 0.000106
7993 0.000070
7994 0.000086
7995 0.000107
7996 0.000100
7997 0.000105
7998 0.000115
7999 0.000117
8000 0.000119
8001 0.000074
8002 0.000106
8003 0.000070
8004 0.000086
8005 0.000107
8006 0.000100
8007 0.000105
8008 0.000115
8009 0.000117
8010 0.000119
8011 0.000074
8012 0.000106
8013 0.000070
8014 0.000086
8015 0.000107
8016 0.000100
8017 0.000105
8018 0.000115
8019 0.000117
8020 0.000119
8021 0.000074
8022 0.000106
8023 0.000070
8024 0.000086
8025 0.000107
8026 0.000100
8027 0.000105
8028 0.000115
8029 0.000117
8030 0.000119
8031 0.000074
8032 0.000106
8033 0.000070
8034 0.000086
8035 0.000107
8036 0.000100
8037 0.000105
8038 0.000115
8039 0.000117
8040 0.000119
8041 0.000074
8042 0.000106
8043 0.000070
8044 0.000086
8045 0.000107
8046 0.000100
8047 0.000105
8048 0.000115
8049 0.000117
8050 0.000119
8051 0.000074
8052 0.000106
8053 0.000070
8054 0.000086
8055 0.000107
8056 0.000100
8057 0.000105
8058 0.000115
8059 0.000117
8060 0.000119
8061 0.000074
8062 0.000106
8063 0.000070
8064 0.000086
8065 0.000107
8066 0.000100
8067 0.000105
8068 0.000115
8069 0.000117
8070 0.000119
8071 0.000074
8072 0.000106
8073 0.000070
8074 0.000086
8075 0.000107
8076 0.000100
8077 0.000105
8078 0.000115
8079 0.000117
8080 0.000119
8081 0.000074
8082 0.000106
8083 0.000070
8084 0.000086
8085 0.000107
8086 0.000100
8087 0.000105
8088 0.000115
8089 0.000117
8090 0.000119
8091 0.000074
8092 0.000106
8093 0.000070
8094 0.000086
8095 0.000107
8096 0.000100
8097 0.000105
8098 0.000115
8099 0.000117
8100 0.000119
8101 0.000074
8102 0.000106
8103 0.000070
8104 0.000086
8105 0.000107
8106 0.000100
8107 0.000105
8108 0.000115
8109 0.000117
8110 0.000119
8111 0.000074
8112 0.000106
8113 0.000070
8114 0.000086
8115 0.000107
8116 0.000100
8117 0.000105
8118 0.000115
8119 0.000117
8120 0.000119
8121 0.000074
8122 0.000106
8123 0.000070
8124 0.000086
8125 0.000107
8126 0.000100
8127 0.000105
8128 0.000115
8129 0.000117
8130 0.000119
8131 0.000074
8132 0.000106
8133 0.000070
8134 0.000086
8135 0.000107
8136 0.000100
8137 0.000105
8138 0.000115
8139 0.000117
8140 0.000119
8141 0.000074
8142 0.000106
8143 0.000070
8144 0.000086
8145 0.000107
8146 0.000100
8147 0.000105
8148 0.000115
8149 0.000117
8150 0.000119
8151 0.000074
8152 0.000106
8153 0.000070
8154 0.000086
8155 0.000107
8156 0.000100
8157 0.000105
8158 0.000115
8159 0.000117
8160 0.000119
8161 0.000074
8162 0.000106
8163 0.000070
8164 0.000086
8165 0.000107
8166 0.000100
8167 0.000105
8168 0.000115
8169 0.000117
8170 0.000119
8171 0.000074
8172 0.000106
8173 0.000070
8174 0.000086
8175 0.000107
8176 0.000100
8177 0.000105
8178 0.000115
8179 0.000117
8180 0.000119
8181 0.000074
8182 0.000106
8183 0.000070
8184 0.000086
8185 0.000107
8186 0.000100
8187 0.000105
8188 0.000115
8189 0.000117
8190 0.000119
8191 0.000074
8192 0.000106
8193 0.000070
8194 0.000086
8195 0.000107
8196 0.000100
8197 0.000105
8198 0.000115
8199 0.000117
8200 0.000119
8201 0.000074
8202 0.000106
8203 0.000070
8204 0.000086
8205 0.000107
8206 0.000100
8207 0.000105
8208 0.000115
8209 0.000117
8210 0.000119
8211 0.000074
8212 0.000106
8213 0.000070
8214 0.000086
8215 0.000107
8216 0.000100
8217 0.000105
8218 0.000115
8219 0.000117
8220 0.000119
8221 0.000074
8222 0.000106
8223 0.000070
8224 0.000086
8225 0.000107
8226 0.000100
8227 0.000105
8228 0.000115
8229 0.000117
8230 0.000119
8231 0.000074
8232 0.000106
8233 0.000070
8234 0.000086
8235 0.000107
8236 0.000100
8237 0.000105
8238 0.000115
8239 0.000117
8240 0.000119
8241 0.000074
8242 0.000106
8243 0.000070
8244 0.000086
8245 0.000107
8246 0.000100
8247 0.000105
8248 0.000115
8249 0.000117
8250 0.000119
8251 0.000074
8252 0.000106
8253 0.000070
8254 0.000086
8255 0.000107
8256 0.000100
8257 0.000105
8258 0.000115
8259 0.000117
8260 0.000119
8261 0.000074
8262 0.000106
8263 0.000070
8264 0.000086
8265 0.000107
8266 0.000100
8267 0.000105
8268 0.000115
8269 0.000117
8270 0.000119
8271 0.000074
8272 0.000106
8273 0.000070
8274 0.000086
8275 0.000107
8276 0.000100
8277 0.000105
8278 0.000115
8279 0.000117
8280 0.000119
8281 0.000074
8282 0.000106
8283 0.000070
8284 0.000086
8285 0.000107
8286 0.000100
8287 0.000105
8288 0.000115
8289 0.000117
8290 0.000119
8291 0.000074
8292 0.000106
8293 0.000070
8294 0.000086
8295 0.000107
8296 0.000100
8297 0.000105
8298 0.000115
8299 0.000117
8300 0.000119
8301 0.000074
8302 0.000106
8303 0.000070
8304 0.000086
8305 0.000107
8306 0.000100
8307 0.000105
8308 0.000115
8309 0.000117
8310 0.000119
8311 0.000074
8312 0.000106
8313 0.000070
8314 0.000086
8315 0.000107
8316 0.000100
8317 0.000105
8318 0.000115
8319 0.000117
8320 0.000119
8321 0.000074
8322 0.000106
8323 0.000070
8324 0.000086
8325 0.000107
8326 0.000100
8327 0.000105
8328 0.000115
8329 0.000117
8330 0.000119
8331 0.000074
8332 0.000106
8333 0.000070
8334 0.000086
8335 0.000107
8336 0.000100
8337 0.000105
8338 0.000115
8339 0.000117
8340 0.000119
8341 0.000074
8342 0.000106
8343 0.000070
8344 0.000086
8345 0.000107
8346 0.000100
8347 0.000105
8348 0.000115
8349 0.000117
8350 0.000119
8351 0.000074
8352 0.000106
8353 0.000070
8354 0.000086
8355 0.000107
8356 0.000100
8357 0.000105
8358 0.000115
8359 0.000117
8360 0.000119
8361 0.000074
8362 0.000106
8363 0.000070
8364 0.000086
8365 0.000107
8366 0.000100
8367 0.000105
8368 0.000115
8369 0.000117
8370 0.000119
8371 0.000074
8372 0.000106
8373 0.000070
8374 0.000086
8375 0.000107
8376 0.000100
8377 0.000105
8378 0.000115
8379 0.000117
8380 0.000119
8381 0.000074
8382 0.000106
8383 0.000070
8384 0.000086
8385 0.000107
8386 0.000100
8387 0.000105
8388 0.000115
8389 0.000117
8390 0.000119
8391 0.000074
8392 0.000106
8393 0.000070
8394 0.000086
8395 0.000107
8396 0.000100
8397 0.000105
8398 0.000115
8399 0.000117
8400 0.000119
8401 0.000074
8402 0.000106
8403 0.000070
8404 0.000086
8405 0.000107
8406 0.000100
8407 0.000105
8408 0.000115
8409 0.000117
8410 0.000119
8411 0.000074
8412 0.000106
8413 0.000070
8414 0.000086
8415 0.000107
8416 0.000100
8417 0.000105
8418 0.000115
8419 0.000117
8420 0.000119
8421 0.000074
8422 0.000106
8423 0.000070
8424 0.000086
8425 0.000107
8426 0.000100
8427 0.000105
8428 0.000115
8429 0.000117
8430 0.000119
8431 0.000074
8432 0.000106
8433 0.000070
8434 0.000086
8435 0.000107
8436 0.000100
8437 0.000105
8438 0.000115
8439 0.000117
8440 0.000119
8441 0.000074
8442 0.000106
8443 0.000070
8444 0.000086
8445 0.000107
8446 0.000100
8447 0.000105
8448 0.000115
8449 0.000117
8450 0.000119
8451 0.000074
8452 0.000106
8453 0.000070
8454 0.000086
8455 0.000107
8456 0.000100
8457 0.000105
8458 0.000115
8459 0.000117
8460 0.000119
8461 0.000074
8462 0.000106
8463 0.000070
8464 0.000086
8465 0.000107
8466 0.000100
8467 0.000105
8468 0.000115
8469 0.000117
8470 0.000119
8471 0.000074
8472 0.000106
8473 0.000070
8474 0.000086
8475 0.000107
8476 0.000100
8477 0.000105
8478 0.000115
8479 0.000117
8480 0.000119
8481 0.000074
8482 0.000106
8483 0.000070
8484 0.000086
8485 0.000107
8486 0.000100
8487 0.000105
8488 0.000115
8489 0.000117
8490 0.000119
8491 0.000074
8492 0.000106
8493 0.000070
8494 0.000086
8495 0.000107
8496 0.000100
8497 0.000105
8498 0.000115
8499 0.000117
8500 0.000119
8501 0.000074
8502 0.000106
8503 0.000070
8504 0.000086
8505 0.000107
8506 0.000100
8507 0.000105
8508 0.000115
8509 0.000117
8510 0.000119
8511 0.000074
8512 0.000106
8513 0.000070
8514 0.000086
8515 0.000107
8516 0.000100
8517 0.000105
8518 0.000115
8519 0.000117
8520 0.000119
8521 0.000074
8522 0.000106
8523 0.000070
8524 0.000086
8525 0.000107
8526 0.000100
8527 0.000105
8528 0.000115
8529 0.000117
8530 0.000119
8531 0.000074
8532 0.000106
8533 0.000070
8534 0.000086
8535 0.000107
8536 0.000100
8537 0.000105
8538 0.000115
8539 0.000117
8540 0.000119
8541 0.000074
8542 0.000106
8543 0.000070
8544 0.000086
8545 0.000107
8546 0.000100
8547 0.000105
8548 0.000115
8549 0.000117
8550 0.000119
8551 0.000074
8552 0.000106
8553 0.000070
8554 0.000086
8555 0.000107
8556 0.000100
8557 0.000105
8558 0.000115
8559 0.000117
8560 0.000119
8561 0.000074
8562 0.000106
8563 0.000070
8564 0.000086
8565 0.000107
8566 0.000100
8567 0.000105
8568 0.000115
8569 0.000117
8570 0.000119
8571 0.000074
8572 0.000106
8573 0.000070
8574 0.000086
8575 0.000107
8576 0.000100
8577 0.000105
8578 0.000115
8579 0.000117
8580 0.000119
8581 0.000074
8582 0.000106
8583 0.000070
8584 0.000086
8585 0.000107
8586 0.000100
8587 0.000105
8588 0.000115
8589 0.000117
8590 0.000119
8591 0.000074
8592 0.000106
8593 0.000070
8594 0.000086
8595 0.000107
8596 0.000100
8597 0.000105
8598 0.000115
8599 0.000117
8600 0.000119
8601 0.000074
8602 0.000106
8603 0.000070
8604 0.000086
8605 0.000107
8606 0.000100
8607 0.000105
8608 0.000115
8609 0.000117
8610 0.000119
8611 0.000074
8612 0.000106
8613 0.000070
8614 0.000086
8615 0.000107
8616 0.000100
8617 0.000105
8618 0.000115
8619 0.000117
8620 0.000119
8621 0.000074
8622 0.000106
8623 0.000070
8624 0.000086
8625 0.000107
8626 0.000100
8627 0.000105
8628 0.000115
8629 0.000117
8630 0.000119
8631 0.000074
8632 0.000106
8633 0.000070
8634 0.000086
8635 0.000107
8636 0.000100
8637 0.000105
8638 0.000115
8639 0.000117
8640 0.000119
8641 0.000074
8642 0.000106
8643 0.000070
8644 0.000086
8645 0.000107
8646 0.000100
8647 0.000105
8648 0.000115
8649 0.000117
8650 0.000119
8651 0.000074
8652 0.000106
8653 0.000070
8654 0.000086
8655 0.000107
8656 0.000100
8657 0.000105
8658 0.000115
8659 0.000117
8660 0.000119
8661 0.000074
8662 0.000106
8663 0.000070
8664 0.000086
8665 0.000107
8666 0.000100
8667 0.000105
8668 0.000115
8669 0.000117
8670 0.000119
8671 0.000074
8672 0.000106
8673 0.000070
8674 0.000086
8675 0.000107
8676 0.000100
8677 0.000105
8678 0.000115
8679 0.000117
8680 0.000119
8681 0.000074
8682 0.000106
8683 0.000070
8684 0.000086
8685 0.000107
8686 0.000100
8687 0.000105
8688 0.000115
8689 0.000117
8690 0.000119
8691 0.000074
8692 0.000106
8693 0.000070
8694 0.000086
8695 0.000107
8696 0.000100
8697 0.000105
8698 0.000115
8699 0.000117
8700 0.000119
8701 0.000074
8702 0.000106
8703 0.000070
8704 0.000086
8705 0.000107
8706 0.000100
8707 0.000105
8708 0.000115
8709 0.000117
8710 0.000119
8711 0.000074
8712 0.000106
8713 0.000070
8714 0.000086
8715 0.000107
8716 0.000100
8717 0.000105
8718 0.000115
8719 0.000117
8720 0.000119
8721 0.000074
8722 0.000106
8723 0.000070
8724 0.000086
8725 0.000107
8726 0.000100
8727 0.000105
8728 0.000115
8729 0.000117
8730 0.000119
8731 0.000074
8732 0.000106
8733 0.000070
8734 0.000086
8735 0.000107
8736 0.000100
8737 0.000105
8738 0.000115
8739 0.000117
8740 0.000119
8741 0.000074
8742 0.000106
8743 0.000070
8744 0.000086
8745 0.000107
8746 0.000100
8747 0.000105
8748 0.000115
8749 0.000117
8750 0.000119
8751 0.000074
8752 0.000106
8753 0.000070
8754 0.000086
8755 0.000107
8756 0.000100
8757 0.000105
8758 0.000115
8759 0.000117
8760 0.000119
8761 0.000074
8762 0.000106
8763 0.000070
8764 0.000086
8765 0.000107
8766 0.000100
8767 0.000105
8768 0.000115
8769 0.000117
8770 0.000119
8771 0.000074
8772 0.000106
8773 0.000070
8774 0.000086
8775 0.000107
8776 0.000100
8777 0.000105
8778 0.000115
8779 0.000117
8780 0.000119
8781 0.000074
8782 0.000106
8783 0.000070
8784 0.000086
8785 0.000107
8786 0.000100
8787 0.000105
8788 0.000115
8789 0.000117
8790 0.000119
8791 0.000074
8792 0.000106
8793 0.000070
8794 0.000086
8795 0.000107
8796 0.000100
8797 0.000105
8798 0.000115
8799 0.000117
8800 0.000119
8801 0.000074
8802 0.000106
8803 0.000070
8804 0.000086
8805 0.000107
8806 0.000100
8807 0.000105
8808 0.000115
8809 0.000117
8810 0.000119
8811 0.000074
8812 0.000106
8813 0.000070
8814 0.000086
8815 0.000107
8816 0.000100
8817 0.000105
8818 0.000115
8819 0.000117
8820 0.000119
8821 0.000074
8822 0.000106
8823 0.000070
8824 0.000086
8825 0.000107
8826 0.000100
8827 0.000105
8828 0.000115
8829 0.000117
8830 0.000119
8831 0.000074
8832 0.000106
8833 0.000070
8834 0.000086
8835 0.000107
8836 0.000100
8837 0.000105
8838 0.000115
8839 0.000117
8840 0.000119
8841 0.000074
8842 0.000106
8843 0.000070
8844 0.000086
8845 0.000107
8846 0.000100
8847 0.000105
8848 0.000115
8849 0.000117
8850 0.000119
8851 0.000074
8852 0.000106
8853 0.000070
8854 0.000086
8855 0.000107
8856 0.000100
8857 0.000105
8858 0.000115
8859 0.000117
8860 0.000119
8861 0.000074
8862 0.000106
8863 0.000070
8864 0.000086
8865 0.000107
8866 0.000100
8867 0.000105
8868 0.000115
8869 0.000117
8870 0.000119
8871 0.000074
8872 0.000106
8873 0.000070
8874 0.000086
8875 0.000107
8876 0.000100
8877 0.000105
8878 0.000115
8879 0.000117
8880 0.000119
8881 0.000074
8882 0.000106
8883 0.000070
8884 0.000086
8885 0.000107
8886 0.000100
8887 0.000105
8888 0.000115
8889 0.000117
8890 0.000119
8891 0.000074
8892 0.000106
8893 0.000070
8894 0.000086
8895 0.000107
8896 0.000100
8897 0.000105
8898 0.000115
8899 0.000117
8900 0.000119
8901 0.000074
8902 0.000106
8903 0.000070
8904 0.000086
8905 0.000107
8906 0.000100
8907 0.000105
8908 0.000115
8909 0.000117
8910 0.000119
8911 0.000074
8912 0.000106
8913 0.000070
8914 0.000086
8915 0.000107
8916 0.000100
8917 0.000105
8918 0.000115
8919 0.000117
8920 0.000119
8921 0.000074
8922 0.000106
8923 0.000070
8924 0.000086
8925 0.000107
8926 0.000100
8927 0.000105
8928 0.000115
8929 0.000117
8930 0.000119
8931 0.000074
8932 0.000106
8933 0.000070
8934 0.000086
8935 0.000107
8936 0.000100
8937 0.000105
8938 0.000115
8939 0.000117
8940 0.000119
8941 0.000074
8942 0.000106
8943 0.000070
8944 0.000086
8945 0.000107
8946 0.000100
8947 0.000105
8948 0.000115
8949 0.000117
8950 0.000119
8951 0.000074
8952 0.000106
8953 0.000070
8954 0.000086
8955 0.000107
8956 0.000100
8957 0.000105
8958 0.000115
8959 0.000117
8960 0.000119
8961 0.000074
8962 0.000106
8963 0.000070
8964 0.000086
8965 0.000107
8966 0.000100
8967 0.000105
8968 0.000115
8969 0.000117
8970 0.000119
8971 0.000074
8972 0.000106
8973 0.000070
8974 0.000086
8975 0.000107
8976 0.000100
8977 0.000105
8978 0.000115
8979 0.000117
8980 0.000119
8981 0.000074
8982 0.000106
8983 0.000070
8984 0.000086
8985 0.000107
8986 0.000100
8987 0.000105
8988 0.000115
8989 0.000117
8990 0.000119
8991 0.000074
8992 0.000106
8993 0.000070
8994 0.000086
8995 0.000107
8996 0.000100
8997 0.000105
8998 0.000115
8999 0.000117
9000 0.000119
9001 0.000074
9002 0.000106
9003 0.000070
9004 0.000086
9005 0.000107
9006 0.000100
9007 0.000105
9008 0.000115
9009 0.000117
9010 0.000119
9011 0.000074
9012 0.000106
9013 0.000070
9014 0.000086
9015 0.000107
9016 0.000100
9017 0.000105
9018 0.000115
9019 0.000117
9020 0.000119
9021 0.000074
9022 0.000106
9023 0.000070
9024 0.000086
9025 0.000107
9026 0.000100
9027 0.000105
9028 0.000115
9029 0.000117
9030 0.000119
9031 0.000074
9032 0.000106
9033 0.000070
9034 0.000086
9035 0.000107
9036 0.000100
9037 0.000105
9038 0.000115
9039 0.000117
9040 0.000119
9041 0.000074
9042 0.000106
9043 0.000070
9044 0.000086
9045 0.000107
9046 0.000100
9047 0.000105
9048 0.000115
9049 0.000117
9050 0.000119
9051 0.000074
9052 0.000106
9053 0.000070
9054 0.000086
9055 0.000107
9056 0.000100
9057 0.000105
9058 0.000115
9059 0.000117
9060 0.000119
9061 0.000074
9062 0.000106
9063 0.000070
9064 0.000086
9065 0.000107
9066 0.000100
9067 0.000105
9068 0.000115
9069 0.000117
9070 0.000119
9071 0.000074
9072 0.000106
9073 0.000070
9074 0.000086
9075 0.000107
9076 0.000100
9077 0.000105
9078 0.000115
9079 0.000117
9080 0.000119
9081 0.000074
9082 0.000106
9083 0.000070
9084 0.000086
9085 0.000107
9086 0.000100
9087 0.000105
9088 0.000115
9089 0.000117
9090 0.000119
9091 0.000074
9092 0.000106
9093 0.000070
9094 0.000086
9095 0.000107
9096 0.000100
9097 0.000105
9098 0.000115
9099 0.000117
9100 0.000119
9101 0.000074
9102 0.000106
9103 0.000070
9104 0.000086
9105 0.000107
9106 0.000100
9107 0.000105
9108 0.000115
9109 0.000117
9110 0.000119
9111 0.000074
9112 0.000106
9113 0.000070
9114 0.000086
9115 0.000107
9116 0.000100
9117 0.000105
9118 0.000115
9119 0.000117
9120 0.000119
9121 0.000074
9122 0.000106
9123 0.000070
9124 0.000086
9125 0.000107
9126 0.000100
9127 0.000105
9128 0.000115
9129 0.000117
9130 0.000119
9131 0.000074
9132 0.000106
9133 0.000070
9134 0.000086
9135 0.000107
9136 0.000100
9137 0.000105
9138 0.000115
9139 0.000117
9140 0.000119
9141 0.000074
9142 0.000106
9143 0.000070
9144 0.000086
9145 0.000107
9146 0.000100
9147 0.000105
9148 0.000115
9149 0.000117
9150 0.000119
9151 0.000074
9152 0.000106
9153 0.000070
9154 0.000086
9155 0.000107
9156 0.000100
9157 0.000105
9158 0.000115
9159 0.000117
9160 0.000119
9161 0.000074
9162 0.000106
9163 0.000070
9164 0.000086
9165 0.000107
9166 0.000100
9167 0.000105
9168 0.000115
9169 0.000117
9170 0.000119
9171 0.000074
9172 0.000106
9173 0.000070
9174 0.000086
9175 0.000107
9176 0.000100
9177 0.000105
9178 0.000115
9179 0.000117
9180 0.000119
9181 0.000074
9182 0.000106
9183 0.000070
9184 0.000086
9185 0.000107
9186 0.000100
9187 0.000105
9188 0.000115
9189 0.000117
9190 0.000119
9191 0.000074
9192 0.000106
9193 0.000070
9194 0.000086
9195 0.000107
9196 0.000100
9197 0.000105
9198 0.000115
9199 0.000117
9200 0.000119
9201 0.000074
9202 0.000106
9203 0.000070
9204 0.000086
9205 0.000107
9206 0.000100
9207 0.000105
9208 0.000115
9209 0.000117
9210 0.000119
9211 0.000074
9212 0.000106
9213 0.000070
9214 0.000086
9215 0.000107
9216 0.000100
9217 0.000105
9218 0.000115
9219 0.000117
9220 0.000119
9221 0.000074
9222 0.000106
9223 0.000070
9224 0.000086
9225 0.000107
9226 0.000100
9227 0.000105
9228 0.000115
9229 0.000117
9230 0.000119
9231 0.000074
9232 0.000106
9233 0.000070
9234 0.000086
9235 0.000107
9236 0.000100
9237 0.000105
9238 0.000115
9239 0.000117
9240 0.000119
9241 0.000074
9242 0.000106
9243 0.000070
9244 0.000086
9245 0.000107
9246 0.000100
9247 0.000105
9248 0.000115
9249 0.000117
9250 0.000119
9251 0.000074
9252 0.000106
9253 0.000070
9254 0.000086
9255 0.000107
9256 0.000100
9257 0.000105
9258 0.000115
9259 0.000117
9260 0.000119
9261 0.000074
9262 0.000106
9263 0.000070
9264 0.000086
9265 0.000107
9266 0.000100
9267 0.000105
9268 0.000115
9269 0.000117
9270 0.000119
9271 0.000074
9272 0.000106
9273 0.000070
9274 0.000086
9275 0.000107
9276 0.000100
9277 0.000105
9278 0.000115
9279 0.000117
9280 0.000119
9281 0.000074
9282 0.000106
9283 0.000070
9284 0.000086
9285 0.000107
9286 0.000100
9287 0.000105
9288 0.000115
9289 0.000117
9290 0.000119
9291 0.000074
9292 0.000106
9293 0.000070
9294 0.000086
9295 0.000107
9296 0.000100
9297 0.000105
9298 0.000115
9299 0.000117
9300 0.000119
9301 0.000074
9302 0.000106
9303 0.000070
9304 0.000086
9305 0.000107
9306 0.000100
9307 0.000105
9308 0.000115
9309 0.000117
9310 0.000119
9311 0.000074
9312 0.000106
9313 0.000070
9314 0.000086
9315 0.000107
9316 0.000100
9317 0.000105
9318 0.000115
9319 0.000117
9320 0.000119
9321 0.000074
9322 0.000106
9323 0.000070
9324 0.000086
9325 0.000107
9326 0.000100
9327 0.000105
9328 0.000115
9329 0.000117
9330 0.000119
9331 0.000074
9332 0.000106
9333 0.000070
9334 0.000086
9335 0.000107
9336 0.000100
9337 0.000105
9338 0.000115
9339 0.000117
9340 0.000119
9341 0.000074
9342 0.000106
9343 0.000070
9344 0.000086
9345 0.000107
9346 0.000100
9347 0.000105
9348 0.000115
9349 0.000117
9350 0.000119
9351 0.000074
9352 0.000106
9353 0.000070
9354 0.000086
9355 0.000107
9356 0.000100
9357 0.000105
9358 0.000115
9359 0.000117
9360 0.000119
9361 0.000074
9362 0.000106
9363 0.000070
9364 0.000086
9365 0.000107
9366 0.000100
9367 0.000105
9368 0.000115
9369 0.000117
9370 0.000119
9371 0.000074
9372 0.000106
9373 0.000070
9374 0.000086
9375 0.000107
9376 0.000100
9377 0.000105
9378 0.000115
9379 0.000117
9380 0.000119
9381 0.000074
9382 0.000106
9383 0.000070
9384 0.000086
9385 0.000107
9386 0.000100
9387 0.000105
9388 0.000115
9389 0.000117
9390 0.000119
9391 0.000074
9392 0.000106
9393 0.000070
9394 0.000086
9395 0.000107
9396 0.000100
9397 0.000105
9398 0.000115
9399 0.000117
9400 0.000119
9401 0.000074
9402 0.000106
9403 0.000070
9404 0.000086
9405 0.000107
9406 0.000100
9407 0.000105
9408 0.000115
9409 0.000117
9410 0.000119
9411 0.000074
9412 0.000106
9413 0.000070
9414 0.000086
9415 0.000107
9416 0.000100
9417 0.000105
9418 0.000115
9419 0.000117
9420 0.000119
9421 0.000074
9422 0.000106
9423 0.000070
9424 0.000086
9425 0.000107
9426 0.000100
9427 0.000105
9428 0.000115
9429 0.000117
9430 0.000119
9431 0.000074
9432 0.000106
9433 0.000070
9434 0.000086
9435 0.000107
9436 0.000100
9437 0.000105
9438 0.000115
9439 0.000117
9440 0.000119
9441 0.000074
9442 0.000106
9443 0.000070
9444 0.000086
9445 0.000107
9446 0.000100
9447 0.000105
9448 0.000115
9449 0.000117
9450 0.000119
9451 0.000074
9452 0.000106
9453 0.000070
9454 0.000086
9455 0.000107
9456 0.000100
9457 0.000105
9458 0.000115
9459 0.000117
9460 0.000119
9461 0.000074
9462 0.000106
9463 0.000070
9464 0.000086
9465 0.000107
9466 0.000100
9467 0.000105
9468 0.000115
9469 0.000117
9470 0.000119
9471 0.000074
9472 0.000106
9473 0.000070
9474 0.000086
9475 0.000107
9476 0.000100
9477 0.000105
9478 0.000115
9479 0.000117
9480 0.000119
9481 0.000074
9482 0.000106
9483 0.000070
9484 0.000086
9485 0.000107
9486 0.000100
9487 0.000105
9488 0.000115
9489 0.000117
9490 0.000119
9491 0.000074
9492 0.000106
9493 0.000070
9494 0.000086
9495 0.000107
9496 0.000100
9497 0.000105
9498 0.000115
9499 0.000117
9500 0.000119
9501 0.000074
9502 0.000106
9503 0.000070
9504 0.000086
9505 0.000107
9506 0.000100
9507 0.000105
9508 0.000115
9509 0.000117
9510 0.000119
9511 0.000074
9512 0.000106
9513 0.000070
9514 0.000086
9515 0.000107
9516 0.000100
9517 0.000105
9518 0.000115
9519 0.000117
9520 0.000119
9521 0.000074
9522 0.000106
9523 0.000070
9524 0.000086
9525 0.000107
9526 0.000100
9527 0.000105
9528 0.000115
9529 0.000117
9530 0.000119
9531 0.000074
9532 0.000106
9533 0.000070
9534 0.000086
9535 0.000107
9536 0.000100
9537 0.000105
9538 0.000115
9539 0.000117
9540 0.000119
9541 0.000074
9542 0.000106
9543 0.000070
9544 0.000086
9545 0.000107
9546 0.000100
9547 0.000105
9548 0.000115
9549 0.000117
9550 0.000119
9551 0.000074
9552 0.000106
9553 0.000070
9554 0.000086
9555 0.000107
9556 0.000100
9557 0.000105
9558 0.000115
9559 0.000117
9560 0.000119
9561 0.000074
9562 0.000106
9563 0.000070
9564 0.000086
9565 0.000107
9566 0.000100
9567 0.000105
9568 0.000115
9569 0.000117
9570 0.000119
9571 0.000074
9572 0.000106
9573 0.000070
9574 0.000086
9575 0.000107
9576 0.000100
9577 0.000105
9578 0.000115
9579 0.000117
9580 0.000119
9581 0.000074
9582 0.000106
9583 0.000070
9584 0.000086
9585 0.000107
9586 0.000100
9587 0.000105
9588 0.000115
9589 0.000117
9590 0.000119
9591 0.000074
9592 0.000106
9593 0.000070
9594 0.000086
9595 0.000107
9596 0.000100
9597 0.000105
9598 0.000115
9599 0.000117
9600 0.000119
9601 0.000074
9602 0.000106
9603 0.000070
9604 0.000086
9605 0.000107
9606 0.000100
9607 0.000105
9608 0.000115
9609 0.000117
9610 0.000119
9611 0.000074
9612 0.000106
9613 0.000070
9614 0.000086
9615 0.000107
9616 0.000100
9617 0.000105
9618 0.000115
9619 0.000117
9620 0.000119
9621 0.000074
9622 0.000106
9623 0.000070
9624 0.000086
9625 0.000107
9626 0.000100
9627 0.000105
9628 0.000115
9629 0.000117
9630 0.000119
9631 0.000074
9632 0.000106
9633 0.000070
9634 0.000086
9635 0.000107
9636 0.000100
9637 0.000105
9638 0.000115
9639 0.000117
9640 0.000119
9641 0.000074
9642 0.000106
9643 0.000070
9644 0.000086
9645 0.000107
9646 0.000100
9647 0.000105
9648 0.000115
9649 0.000117
9650 0.000119
9651 0.000074
9652 0.000106
9653 0.000070
9654 0.000086
9655 0.000107
9656 0.000100
9657 0.000105
9658 0.000115
9659 0.000117
9660 0.000119
9661 0.000074
9662 0.000106
9663 0.000070
9664 0.000086
9665 0.000107
9666 0.000100
9667 0.000105
9668 0.000115
9669 0.000117
9670 0.000119
9671 0.000074
9672 0.000106
9673 0.000070
9674 0.000086
9675 0.000107
9676 0.000100
9677 0.000105
9678 0.000115
9679 0.000117
9680 0.000119
9681 0.000074
9682 0.000106
9683 0.000070
9684 0.000086
9685 0.000107
9686 0.000100
9687 0.000105
9688 0.000115
9689 0.000117
9690 0.000119
9691 0.000074
9692 0.000106
9693 0.000070
9694 0.000086
9695 0.000107
9696 0.000100
9697 0.000105
9698 0.000115
9699 0.000117
9700 0.000119
9701 0.000074
9702 0.000106
9703 0.000070
9704 0.000086
9705 0.000107
9706 0.000100
9707 0.000105
9708 0.000115
9709 0.000117
9710 0.000119
9711 0.000074
9712 0.000106
9713 0.000070
9714 0.000086
9715 0.000107
9716 0.000100
9717 0.000105
9718 0.000115
9719 0.000117
9720 0.000119
9721 0.000074
9722 0.000106
9723 0.000070
9724 0.000086
9725 0.000107
9726 0.000100
9727 0.000105
9728 0.000115
9729 0.000117
9730 0.000119
9731 0.000074
9732 0.000106
9733 0.000070
9734 0.000086
9735 0.000107
9736 0.000100
9737 0.000105
9738 0.000115
9739 0.000117
9740 0.000119
9741 0.000074
9742 0.000106
9743 0.000070
9744 0.000086
9745 0.000107
9746 0.000100
9747 0.000105
9748 0.000115
9749 0.000117
9750 0.000119
9751 0.000074
9752 0.000106
9753 0.000070
9754 0.000086
9755 0.000107
9756 0.000100
9757 0.000105
9758 0.000115
9759 0.000117
9760 0.000119
9761 0.000074
9762 0.000106
9763 0.000070
9764 0.000086
9765 0.000107
9766 0.000100
9767 0.000105
9768 0.000115
9769 0.000117
9770 0.000119
9771 0.000074
9772 0.000106
9773 0.000070
9774 0.000086
9775 0.000107
9776 0.000100
9777 0.000105
9778 0.000115
9779 0.000117
9780 0.000119
9781 0.000074
9782 0.000106
9783 0.000070
9784 0.000086
9785 0.000107
9786 0.000100
9787 0.000105
9788 0.000115
9789 0.000117
9790 0.000119
9791 0.000074
9792 0.000106
9793 0.000070
9794 0.000086
9795 0.000107
9796 0.000100
9797 0.000105
9798 0.000115
9799 0.000117
9800 0.000119
9801 0.000074
9802 0.000106
9803 0.000070
9804 0.000086
9805 0.000107
9806 0.000100
9807 0.000105
9808 0.000115
9809 0.000117
9810 0.000119
9811 0.000074
9812 0.000106
9813 0.000070
9814 0.000086
9815 0.000107
9816 0.000100
9817 0.000105
9818 0.000115
9819 0.000117
9820 0.000119
9821 0.000074
9822 0.000106
9823 0.000070
9824 0.000086
9825 0.000107
9826 0.000100
9827 0.000105
9828 0.000115
9829 0.000117
9830 0.000119
9831 0.000074
9832 0.000106
9833 0.000070
9834 0.000086
9835 0.000107
9836 0.000100
9837 0.000105
9838 0.000115
9839 0.000117
9840 0.000119
9841 0.000074
9842 0.000106
9843 0.000070
9844 0.000086
9845 0.000107
9846 0.000100
9847 0.000105
9848 0.000115
9849 0.000117
9850 0.000119
9851 0.000074
9852 0.000106
9853 0.000070
9854 0.000086
9855 0.000107
9856 0.000100
9857 0.000105
9858 0.000115
9859 0.000117
9860 0.000119
9861 0.000074
9862 0.000106
9863 0.000070
9864 0.000086
9865 0.000107
9866 0.000100
9867 0.000105
9868 0.000115
9869 0.000117
9870 0.000119
9871 0.000074
9872 0.000106
9873 0.000070
9874 0.000086
9875 0.000107
9876 0.000100
9877 0.000105
9878 0.000115
9879 0.000117
9880 0.000119
9881 0.000074
9882 0.000106
9883 0.000070
9884 0.000086
9885 0.000107
9886 0.000100
9887 0.000105
9888 0.000115
9889 0.000117
9890 0.000119
9891 0.000074
9892 0.000106
9893 0.000070
9894 0.000086
9895 0.000107
9896 0.000100
9897 0.000105
9898 0.000115
9899 0.000117
9900 0.000119
9901 0.000074
9902 0.000106
9903 0.000070
9904 0.000086
9905 0.000107
9906 0.000100
9907 0.000105
9908 0.000115
9909 0.000117
9910 0.000119
9911 0.000074
9912 0.000106
9913 0.000070
9914 0.000086
9915 0.000107
9916 0.000100
9917 0.000105
9918 0.000115
9919 0.000117
9920 0.000119
9921 0.000074
9922 0.000106
9923 0.000070
9924 0.000086
9925 0.000107
9926 0.000100
9927 0.000105
9928 0.000115
9929 0.000117
9930 0.000119
9931 0.000074
9932 0.000106
9933 0.000070
9934 0.000086
9935 0.000107
9936 0.000100
9937 0.000105
9938 0.000115
9939 0.000117
9940 0.000119
9941 0.000074
9942 0.000106
9943 0.000070
9944 0.000086
9945 0.000107
9946 0.000100
9947 0.000105
9948 0.000115
9949 0.000117
9950 0.000119
9951 0.000074
9952 0.000106
9953 0.000070
9954 0.000086
9955 0.000107
9956 0.000100
9957 0.000105
9958 0.000115
9959 0.000117
9960 0.000119
9961 0.000074
9962 0.000106
9963 0.000070
9964 0.000086
9965 0.000107
9966 0.000100
9967 0.000105
9968 0.000115
9969 0.000117
9970 0.000119
9971 0.000074
9972 0.000106
9973 0.000070
9974 0.000086
9975 0.000107
9976 0.000100
9977 0.000105
9978 0.000115
9979 0.000117
9980 0.000119
9981 0.000074
9982 0.000106
9983 0.000070
9984 0.000086
9985 0.000107
9986 0.000100
9987 0.000105
9988 0.000115
9989 0.000117
9990 0.000119
9991 0.000074
9992 0.000106
9993 0.000070
9994 0.000086
9995 0.000107
9996 0.000100
9997 0.000105
9998 0.000115
9999 0.000117
Sum of ranks: 1.000000
Iterations: 41
Converged: true
Execution time: 7.009727 ms
