Algorithm: PageRank
Damping: 0.850000
Vertex ranks:
0 0.000020
1 0.000014
2 0.000018
3 0.000020
4 0.000018
5 0.000020
6 0.000020
7 0.000020
8 0.000018
9 0.000019
10 0.000014
11 0.000023
12 0.000021
13 0.000020
14 0.000025
15 0.000021
16 0.000020
17 0.000018
18 0.000020
19 0.000020
20 0.000020
21 0.000022
22 0.000021
23 0.000020
24 0.000020
25 0.000020
26 0.000020
27 0.000020
28 0.000020
29 0.000020
30 0.000020
31 0.000018
32 0.000019
33 0.000020
34 0.000021
35 0.000020
36 0.000020
37 0.000020
38 0.000020
39 0.000020
40 0.000020
41 0.000020
42 0.000020
43 0.000022
44 0.000021
45 0.000020
46 0.000020
47 0.000020
48 0.000020
49 0.000020
50 0.000020
51 0.000020
52 0.000020
53 0.000020
54 0.000020
55 0.000020
56 0.000020
57 0.000020
58 0.000020
59 0.000020
60 0.000020
61 0.000020
62 0.000020
63 0.000020
64 0.000020
65 0.000020
66 0.000020
67 0.000020
68 0.000020
69 0.000020
70 0.000020
71 0.000020
72 0.000020
73 0.000020
74 0.000020
75 0.000020
76 0.000020
77 0.000020
78 0.000020
79 0.000020
80 0.000020
81 0.000020
82 0.000020
83 0.000020
84 0.000020
85 0.000020
86 0.000020
87 0.000020
88 0.000020
89 0.000020
90 0.000020
91 0.000020
92 0.000020
93 0.000020
94 0.000019
95 0.000020
96 0.000020
97 0.000020
98 0.000020
99 0.000020
100 0.000020
101 0.000020
102 0.000020
103 0.000020
104 0.000020
105 0.000020
106 0.000020
107 0.000020
108 0.000020
109 0.000020
110 0.000020
111 0.000020
112 0.000020
113 0.000020
114 0.000020
115 0.000020
116 0.000020
117 0.000020
118 0.000020
119 0.000020
120 0.000020
121 0.000020
122 0.000020
123 0.000020
124 0.000020
125 0.000020
126 0.000020
127 0.000020
128 0.000020
129 0.000020
130 0.000020
131 0.000020
132 0.000020
133 0.000020
134 0.000020
135 0.000020
136 0.000020
137 0.000020
138 0.000020
139 0.000020
140 0.000020
141 0.000020
142 0.000020
143 0.000020
144 0.000020
145 0.000020
146 0.000020
147 0.000020
148 0.000020
149 0.000020
150 0.000020
151 0.000020
152 0.000020
153 0.000020
154 0.000020
155 0.000020
156 0.000020
157 0.000020
158 0.000020
159 0.000020
160 0.000020
161 0.000020
162 0.000020
163 0.000020
164 0.000020
165 0.000020
166 0.000020
167 0.000020
168 0.000020
169 0.000020
170 0.000020
171 0.000020
172 0.000020
173 0.000020
174 0.000020
175 0.000020
176 0.000020
177 0.000020
178 0.000020
179 0.000020
180 0.000020
181 0.000020
182 0.000020
183 0.000020
184 0.000020
185 0.000020
186 0.000020
187 0.000020
188 0.000020
189 0.000020
190 0.000020
191 0.000020
192 0.000020
193 0.000020
194 0.000020
195 0.000020
196 0.000020
197 0.000020
198 0.000020
199 0.000020
200 0.000020
201 0.000020
202 0.000020
203 0.000020
204 0.000020
205 0.000020
206 0.000020
207 0.000020
208 0.000020
209 0.000020
210 0.000020
211 0.000020
212 0.000020
213 0.000020
214 0.000020
215 0.000020
216 0.000020
217 0.000020
218 0.000020
219 0.000020
220 0.000020
221 0.000020
222 0.000020
223 0.000020
224 0.000020
225 0.000020
226 0.000020
227 0.000020
228 0.000020
229 0.000020
230 0.000020
231 0.000020
232 0.000020
233 0.000020
234 0.000020
235 0.000020
236 0.000020
237 0.000020
238 0.000020
239 0.000020
240 0.000020
241 0.000020
242 0.000020
243 0.000020
244 0.000020
245 0.000020
246 0.000020
247 0.000020
248 0.000020
249 0.000020
250 0.000020
251 0.000020
252 0.000020
253 0.000020
254 0.000020
255 0.000020
256 0.000020
257 0.000020
258 0.000020
259 0.000020
260 0.000020
261 0.000020
262 0.000020
263 0.000020
264 0.000020
265 0.000020
266 0.000020
267 0.000020
268 0.000020
269 0.000020
270 0.000020
271 0.000020
272 0.000020
273 0.000020
274 0.000020
275 0.000020
276 0.000020
277 0.000020
278 0.000020
279 0.000020
280 0.000020
281 0.000020
282 0.000020
283 0.000020
284 0.000020
285 0.000020
286 0.000020
287 0.000020
288 0.000020
289 0.000020
290 0.000020
291 0.000020
292 0.000020
293 0.000020
294 0.000020
295 0.000020
296 0.000020
297 0.000020
298 0.000020
299 0.000020
300 0.000020
301 0.000020
302 0.000020
303 0.000020
304 0.000020
305 0.000020
306 0.000020
307 0.000020
308 0.000020
309 0.000020
310 0.000020
311 0.000020
312 0.000020
313 0.000020
314 0.000020
315 0.000020
316 0.000020
317 0.000020
318 0.000020
319 0.000020
320 0.000020
321 0.000020
322 0.000020
323 0.000020
324 0.000020
325 0.000020
326 0.000020
327 0.000020
328 0.000020
329 0.000020
330 0.000020
331 0.000020
332 0.000020
333 0.000020
334 0.000020
335 0.000020
336 0.000020
337 0.000020
338 0.000020
339 0.000020
340 0.000020
341 0.000020
342 0.000020
343 0.000020
344 0.000020
345 0.000020
346 0.000020
347 0.000020
348 0.000020
349 0.000020
350 0.000020
351 0.000020
352 0.000020
353 0.000020
354 0.000020
355 0.000020
356 0.000020
357 0.000020
358 0.000020
359 0.000020
360 0.000020
361 0.000020
362 0.000020
363 0.000020
364 0.000020
365 0.000020
366 0.000020
367 0.000020
368 0.000020
369 0.000020
370 0.000020
371 0.000020
372 0.000020
373 0.000020
374 0.000020
375 0.000020
376 0.000020
377 0.000020
378 0.000020
379 0.000020
380 0.000020
381 0.000020
382 0.000020
383 0.000020
384 0.000020
385 0.000020
386 0.000020
387 0.000020
388 0.000020
389 0.000020
390 0.000020
391 0.000020
392 0.000020
393 0.000020
394 0.000020
395 0.000020
396 0.000020
397 0.000020
398 0.000020
399 0.000020
400 0.000020
401 0.000020
402 0.000020
403 0.000020
404 0.000020
405 0.000020
406 0.000020
407 0.000020
408 0.000020
409 0.000020
410 0.000020
411 0.000020
412 0.000020
413 0.000020
414 0.000020
415 0.000020
416 0.000020
417 0.000020
418 0.000020
419 0.000020
420 0.000020
421 0.000020
422 0.000020
423 0.000020
424 0.000020
425 0.000020
426 0.000020
427 0.000020
428 0.000020
429 0.000020
430 0.000020
431 0.000020
432 0.000020
433 0.000020
434 0.000020
435 0.000020
436 0.000020
437 0.000020
438 0.000020
439 0.000020
440 0.000020
441 0.000020
442 0.000020
443 0.000020
444 0.000020
445 0.000020
446 0.000020
447 0.000020
448 0.000020
449 0.000020
450 0.000020
451 0.000020
452 0.000020
453 0.000020
454 0.000020
455 0.000020
456 0.000020
457 0.000020
458 0.000020
459 0.000020
460 0.000020
461 0.000020
462 0.000020
463 0.000020
464 0.000020
465 0.000020
466 0.000020
467 0.000020
468 0.000020
469 0.000020
470 0.000020
471 0.000020
472 0.000020
473 0.000020
474 0.000020
475 0.000020
476 0.000020
477 0.000020
478 0.000020
479 0.000020
480 0.000020
481 0.000020
482 0.000020
483 0.000020
484 0.000020
485 0.000020
486 0.000020
487 0.000020
488 0.000020
489 0.000020
490 0.000020
491 0.000020
492 0.000020
493 0.000020
494 0.000020
495 0.000020
496 0.000020
497 0.000020
498 0.000020
499 0.000020
500 0.000020
501 0.000020
502 0.000020
503 0.000020
504 0.000020
505 0.000020
506 0.000020
507 0.000020
508 0.000020
509 0.000020
510 0.000020
511 0.000020
512 0.000020
513 0.000020
514 0.000020
515 0.000020
516 0.000020
517 0.000020
518 0.000020
519 0.000020
520 0.000020
521 0.000020
522 0.000020
523 0.000020
524 0.000020
525 0.000020
526 0.000020
527 0.000020
528 0.000020
529 0.000020
530 0.000020
531 0.000020
532 0.000020
533 0.000020
534 0.000020
535 0.000020
536 0.000020
537 0.000020
538 0.000020
539 0.000020
540 0.000020
541 0.000020
542 0.000020
543 0.000020
544 0.000020
545 0.000020
546 0.000020
547 0.000020
548 0.000020
549 0.000020
550 0.000020
551 0.000020
552 0.000020
553 0.000020
554 0.000020
555 0.000020
556 0.000020
557 0.000020
558 0.000020
559 0.000020
560 0.000020
561 0.000020
562 0.000020
563 0.000020
564 0.000020
565 0.000020
566 0.000020
567 0.000020
568 0.000020
569 0.000020
570 0.000020
571 0.000020
572 0.000020
573 0.000020
574 0.000020
575 0.000020
576 0.000020
577 0.000020
578 0.000020
579 0.000020
580 0.000020
581 0.000020
582 0.000020
583 0.000020
584 0.000020
585 0.000020
586 0.000020
587 0.000020
588 0.000020
589 0.000020
590 0.000020
591 0.000020
592 0.000020
593 0.000020
594 0.000020
595 0.000020
596 0.000020
597 0.000020
598 0.000020
599 0.000020
600 0.000020
601 0.000020
602 0.000020
603 0.000020
604 0.000020
605 0.000020
606 0.000020
607 0.000020
608 0.000020
609 0.000020
610 0.000020
611 0.000020
612 0.000020
613 0.000020
614 0.000020
615 0.000020
616 0.000020
617 0.000020
618 0.000020
619 0.000020
620 0.000020
621 0.000020
622 0.000020
623 0.000020
624 0.000020
625 0.000020
626 0.000020
627 0.000020
628 0.000020
629 0.000020
630 0.000020
631 0.000020
632 0.000020
633 0.000020
634 0.000020
635 0.000020
636 0.000020
637 0.000020
638 0.000020
639 0.000020
640 0.000020
641 0.000020
642 0.000020
643 0.000020
644 0.000020
645 0.000020
646 0.000020
647 0.000020
648 0.000020
649 0.000020
650 0.000020
651 0.000020
652 0.000020
653 0.000020
654 0.000020
655 0.000020
656 0.000020
657 0.000020
658 0.000020
659 0.000020
660 0.000020
661 0.000020
662 0.000020
663 0.000020
664 0.000020
665 0.000020
666 0.000020
667 0.000020
668 0.000020
669 0.000020
670 0.000020
671 0.000020
672 0.000020
673 0.000020
674 0.000020
675 0.000020
676 0.000020
677 0.000020
678 0.000020
679 0.000020
680 0.000020
681 0.000020
682 0.000020
683 0.000020
684 0.000020
685 0.000020
686 0.000020
687 0.000020
688 0.000020
689 0.000020
690 0.000020
691 0.000020
692 0.000020
693 0.000020
694 0.000020
695 0.000020
696 0.000020
697 0.000020
698 0.000020
699 0.000020
700 0.000020
701 0.000020
702 0.000020
703 0.000020
704 0.000020
705 0.000020
706 0.000020
707 0.000020
708 0.000020
709 0.000020
710 0.000020
711 0.000020
712 0.000020
713 0.000020
714 0.000020
715 0.000020
716 0.000020
717 0.000020
718 0.000020
719 0.000020
720 0.000020
721 0.000020
722 0.000020
723 0.000020
724 0.000020
725 0.000020
726 0.000020
727 0.000020
728 0.000020
729 0.000020
730 0.000020
731 0.000020
732 0.000020
733 0.000020
734 0.000020
735 0.000020
736 0.000020
737 0.000020
738 0.000020
739 0.000020
740 0.000020
741 0.000020
742 0.000020
743 0.000020
744 0.000020
745 0.000020
746 0.000020
747 0.000020
748 0.000020
749 0.000020
750 0.000020
751 0.000020
752 0.000020
753 0.000020
754 0.000020
755 0.000020
756 0.000020
757 0.000020
758 0.000020
759 0.000020
760 0.000020
761 0.000020
762 0.000020
763 0.000020
764 0.000020
765 0.000020
766 0.000020
767 0.000020
768 0.000020
769 0.000020
770 0.000020
771 0.000020
772 0.000020
773 0.000020
774 0.000020
775 0.000020
776 0.000020
777 0.000020
778 0.000020
779 0.000020
780 0.000020
781 0.000020
782 0.000020
783 0.000020
784 0.000020
785 0.000020
786 0.000020
787 0.000020
788 0.000020
789 0.000020
790 0.000020
791 0.000020
792 0.000020
793 0.000020
794 0.000020
795 0.000020
796 0.000020
797 0.000020
798 0.000020
799 0.000020
800 0.000020
801 0.000020
802 0.000020
803 0.000020
804 0.000020
805 0.000020
806 0.000020
807 0.000020
808 0.000020
809 0.000020
810 0.000020
811 0.000020
812 0.000020
813 0.000020
814 0.000020
815 0.000020
816 0.000020
817 0.000020
818 0.000020
819 0.000020
820 0.000020
821 0.000020
822 0.000020
823 0.000020
824 0.000020
825 0.000020
826 0.000020
827 0.000020
828 0.000020
829 0.000020
830 0.000020
831 0.000020
832 0.000020
833 0.000020
834 0.000020
835 0.000020
836 0.000020
837 0.000020
838 0.000020
839 0.000020
840 0.000020
841 0.000020
842 0.000020
843 0.000020
844 0.000020
845 0.000020
846 0.000020
847 0.000020
848 0.000020
849 0.000020
850 0.000020
851 0.000020
852 0.000020
853 0.000020
854 0.000020
855 0.000020
856 0.000020
857 0.000020
858 0.000020
859 0.000020
860 0.000020
861 0.000020
862 0.000020
863 0.000020
864 0.000020
865 0.000020
866 0.000020
867 0.000020
868 0.000020
869 0.000020
870 0.000020
871 0.000020
872 0.000020
873 0.000020
874 0.000020
875 0.000020
876 0.000020
877 0.000020
878 0.000020
879 0.000020
880 0.000020
881 0.000020
882 0.000020
883 0.000020
884 0.000020
885 0.000020
886 0.000020
887 0.000020
888 0.000020
889 0.000020
890 0.000020
891 0.000020
892 0.000020
893 0.000020
894 0.000020
895 0.000020
896 0.000020
897 0.000020
898 0.000020
899 0.000020
900 0.000020
901 0.000020
902 0.000020
903 0.000020
904 0.000020
905 0.000020
906 0.000020
907 0.000020
908 0.000020
909 0.000020
910 0.000020
911 0.000020
912 0.000020
913 0.000020
914 0.000020
915 0.000020
916 0.000020
917 0.000020
918 0.000020
919 0.000020
920 0.000020
921 0.000020
922 0.000020
923 0.000020
924 0.000020
925 0.000020
926 0.000020
927 0.000020
928 0.000020
929 0.000020
930 0.000020
931 0.000020
932 0.000020
933 0.000020
934 0.000020
935 0.000020
936 0.000020
937 0.000020
938 0.000020
939 0.000020
940 0.000020
941 0.000020
942 0.000020
943 0.000020
944 0.000020
945 0.000020
946 0.000020
947 0.000020
948 0.000020
949 0.000020
950 0.000020
951 0.000020
952 0.000020
953 0.000020
954 0.000020
955 0.000020
956 0.000020
957 0.000020
958 0.000020
959 0.000020
960 0.000020
961 0.000020
962 0.000020
963 0.000020
964 0.000020
965 0.000020
966 0.000020
967 0.000020
968 0.000020
969 0.000020
970 0.000020
971 0.000020
972 0.000020
973 0.000020
974 0.000020
975 0.000020
976 0.000020
977 0.000020
978 0.000020
979 0.000020
980 0.000020
981 0.000020
982 0.000020
983 0.000020
984 0.000020
985 0.000020
986 0.000020
987 0.000020
988 0.000020
989 0.000020
990 0.000020
991 0.000020
992 0.000020
993 0.000020
994 0.000020
995 0.000020
996 0.000020
997 0.000020
998 0.000020
999 0.000020
1000 0.000020
1001 0.000020
1002 0.000020
1003 0.000020
1004 0.000020
1005 0.000020
1006 0.000020
1007 0.000020
1008 0.000020
1009 0.000020
1010 0.000020
1011 0.000020
1012 0.000020
1013 0.000020
1014 0.000020
1015 0.000020
1016 0.000020
1017 0.000020
1018 0.000020
1019 0.000020
1020 0.000020
1021 0.000020
1022 0.000020
1023 0.000020
1024 0.000020
1025 0.000020
1026 0.000020
1027 0.000020
1028 0.000020
1029 0.000020
1030 0.000020
1031 0.000020
1032 0.000020
1033 0.000020
1034 0.000020
1035 0.000020
1036 0.000020
1037 0.000020
1038 0.000020
1039 0.000020
1040 0.000020
1041 0.000020
1042 0.000020
1043 0.000020
1044 0.000020
1045 0.000020
1046 0.000020
1047 0.000020
1048 0.000020
1049 0.000020
1050 0.000020
1051 0.000020
1052 0.000020
1053 0.000020
1054 0.000020
1055 0.000020
1056 0.000020
1057 0.000020
1058 0.000020
1059 0.000020
1060 0.000020
1061 0.000020
1062 0.000020
1063 0.000020
1064 0.000020
1065 0.000020
1066 0.000020
1067 0.000020
1068 0.000020
1069 0.000020
1070 0.000020
1071 0.000020
1072 0.000020
1073 0.000020
1074 0.000020
1075 0.000020
1076 0.000020
1077 0.000020
1078 0.000020
1079 0.000020
1080 0.000020
1081 0.000020
1082 0.000020
1083 0.000020
1084 0.000020
1085 0.000020
1086 0.000020
1087 0.000020
1088 0.000020
1089 0.000020
1090 0.000020
1091 0.000020
1092 0.000020
1093 0.000020
1094 0.000020
1095 0.000020
1096 0.000020
1097 0.000020
1098 0.000020
1099 0.000020
1100 0.000020
1101 0.000020
1102 0.000020
1103 0.000020
1104 0.000020
1105 0.000020
1106 0.000020
1107 0.000020
1108 0.000020
1109 0.000020
1110 0.000020
1111 0.000020
1112 0.000020
1113 0.000020
1114 0.000020
1115 0.000020
1116 0.000020
1117 0.000020
1118 0.000020
1119 0.000020
1120 0.000020
1121 0.000020
1122 0.000020
1123 0.000020
1124 0.000020
1125 0.000020
1126 0.000020
1127 0.000020
1128 0.000020
1129 0.000020
1130 0.000020
1131 0.000020
1132 0.000020
1133 0.000020
1134 0.000020
1135 0.000020
1136 0.000020
1137 0.000020
1138 0.000020
1139 0.000020
1140 0.000020
1141 0.000020
1142 0.000020
1143 0.000020
1144 0.000020
1145 0.000020
1146 0.000020
1147 0.000020
1148 0.000020
1149 0.000020
1150 0.000020
1151 0.000020
1152 0.000020
1153 0.000020
1154 0.000020
1155 0.000020
1156 0.000020
1157 0.000020
1158 0.000020
1159 0.000020
1160 0.000020
1161 0.000020
1162 0.000020
1163 0.000020
1164 0.000020
1165 0.000020
1166 0.000020
1167 0.000020
1168 0.000020
1169 0.000020
1170 0.000020
1171 0.000020
1172 0.000020
1173 0.000020
1174 0.000020
1175 0.000020
1176 0.000020
1177 0.000020
1178 0.000020
1179 0.000020
1180 0.000020
1181 0.000020
1182 0.000020
1183 0.000020
1184 0.000020
1185 0.000020
1186 0.000020
1187 0.000020
1188 0.000020
1189 0.000020
1190 0.000020
1191 0.000020
1192 0.000020
1193 0.000020
1194 0.000020
1195 0.000020
1196 0.000020
1197 0.000020
1198 0.000020
1199 0.000020
1200 0.000020
1201 0.000020
1202 0.000020
1203 0.000020
1204 0.000020
1205 0.000020
1206 0.000020
1207 0.000020
1208 0.000020
1209 0.000020
1210 0.000020
1211 0.000020
1212 0.000020
1213 0.000020
1214 0.000020
1215 0.000020
1216 0.000020
1217 0.000020
1218 0.000020
1219 0.000020
1220 0.000020
1221 0.000020
1222 0.000020
1223 0.000020
1224 0.000020
1225 0.000020
1226 0.000020
1227 0.000020
1228 0.000020
1229 0.000020
1230 0.000020
1231 0.000020
1232 0.000020
1233 0.000020
1234 0.000020
1235 0.000020
1236 0.000020
1237 0.000020
1238 0.000020
1239 0.000020
1240 0.000020
1241 0.000020
1242 0.000020
1243 0.000020
1244 0.000020
1245 0.000020
1246 0.000020
1247 0.000020
1248 0.000020
1249 0.000020
1250 0.000020
1251 0.000020
1252 0.000020
1253 0.000020
1254 0.000020
1255 0.000020
1256 0.000020
1257 0.000020
1258 0.000020
1259 0.000020
1260 0.000020
1261 0.000020
1262 0.000020
1263 0.000020
1264 0.000020
1265 0.000020
1266 0.000020
1267 0.000020
1268 0.000020
1269 0.000020
1270 0.000020
1271 0.000020
1272 0.000020
1273 0.000020
1274 0.000020
1275 0.000020
1276 0.000020
1277 0.000020
1278 0.000020
1279 0.000020
1280 0.000020
1281 0.000020
1282 0.000020
1283 0.000020
1284 0.000020
1285 0.000020
1286 0.000020
1287 0.000020
1288 0.000020
1289 0.000020
1290 0.000020
1291 0.000020
1292 0.000020
1293 0.000020
1294 0.000020
1295 0.000020
1296 0.000020
1297 0.000020
1298 0.000020
1299 0.000020
1300 0.000020
1301 0.000020
1302 0.000020
1303 0.000020
1304 0.000020
1305 0.000020
1306 0.000020
1307 0.000020
1308 0.000020
1309 0.000020
1310 0.000020
1311 0.000020
1312 0.000020
1313 0.000020
1314 0.000020
1315 0.000020
1316 0.000020
1317 0.000020
1318 0.000020
1319 0.000020
1320 0.000020
1321 0.000020
1322 0.000020
1323 0.000020
1324 0.000020
1325 0.000020
1326 0.000020
1327 0.000020
1328 0.000020
1329 0.000020
1330 0.000020
1331 0.000020
1332 0.000020
1333 0.000020
1334 0.000020
1335 0.000020
1336 0.000020
1337 0.000020
1338 0.000020
1339 0.000020
1340 0.000020
1341 0.000020
1342 0.000020
1343 0.000020
1344 0.000020
1345 0.000020
1346 0.000020
1347 0.000020
1348 0.000020
1349 0.000020
1350 0.000020
1351 0.000020
1352 0.000020
1353 0.000020
1354 0.000020
1355 0.000020
1356 0.000020
1357 0.000020
1358 0.000020
1359 0.000020
1360 0.000020
1361 0.000020
1362 0.000020
1363 0.000020
1364 0.000020
1365 0.000020
1366 0.000020
1367 0.000020
1368 0.000020
1369 0.000020
1370 0.000020
1371 0.000020
1372 0.000020
1373 0.000020
1374 0.000020
1375 0.000020
1376 0.000020
1377 0.000020
1378 0.000020
1379 0.000020
1380 0.000020
1381 0.000020
1382 0.000020
1383 0.000020
1384 0.000020
1385 0.000020
1386 0.000020
1387 0.000020
1388 0.000020
1389 0.000020
1390 0.000020
1391 0.000020
1392 0.000020
1393 0.000020
1394 0.000020
1395 0.000020
1396 0.000020
1397 0.000020
1398 0.000020
1399 0.000020
1400 0.000020
1401 0.000020
1402 0.000020
1403 0.000020
1404 0.000020
1405 0.000020
1406 0.000020
1407 0.000020
1408 0.000020
1409 0.000020
1410 0.000020
1411 0.000020
1412 0.000020
1413 0.000020
1414 0.000020
1415 0.000020
1416 0.000020
1417 0.000020
1418 0.000020
1419 0.000020
1420 0.000020
1421 0.000020
1422 0.000020
1423 0.000020
1424 0.000020
1425 0.000020
1426 0.000020
1427 0.000020
1428 0.000020
1429 0.000020
1430 0.000020
1431 0.000020
1432 0.000020
1433 0.000020
1434 0.000020
1435 0.000020
1436 0.000020
1437 0.000020
1438 0.000020
1439 0.000020
1440 0.000020
1441 0.000020
1442 0.000020
1443 0.000020
1444 0.000020
1445 0.000020
1446 0.000020
1447 0.000020
1448 0.000020
1449 0.000020
1450 0.000020
1451 0.000020
1452 0.000020
1453 0.000020
1454 0.000020
1455 0.000020
1456 0.000020
1457 0.000020
1458 0.000020
1459 0.000020
1460 0.000020
1461 0.000020
1462 0.000020
1463 0.000020
1464 0.000020
1465 0.000020
1466 0.000020
1467 0.000020
1468 0.000020
1469 0.000020
1470 0.000020
1471 0.000020
1472 0.000020
1473 0.000020
1474 0.000020
1475 0.000020
1476 0.000020
1477 0.000020
1478 0.000020
1479 0.000020
1480 0.000020
1481 0.000020
1482 0.000020
1483 0.000020
1484 0.000020
1485 0.000020
1486 0.000020
1487 0.000020
1488 0.000020
1489 0.000020
1490 0.000020
1491 0.000020
1492 0.000020
1493 0.000020
1494 0.000020
1495 0.000020
1496 0.000020
1497 0.000020
1498 0.000020
1499 0.000020
1500 0.000020
1501 0.000020
1502 0.000020
1503 0.000020
1504 0.000020
1505 0.000020
1506 0.000020
1507 0.000020
1508 0.000020
1509 0.000020
1510 0.000020
1511 0.000020
1512 0.000020
1513 0.000020
1514 0.000020
1515 0.000020
1516 0.000020
1517 0.000020
1518 0.000020
1519 0.000020
1520 0.000020
1521 0.000020
1522 0.000020
1523 0.000020
1524 0.000020
1525 0.000020
1526 0.000020
1527 0.000020
1528 0.000020
1529 0.000020
1530 0.000020
1531 0.000020
1532 0.000020
1533 0.000020
1534 0.000020
1535 0.000020
1536 0.000020
1537 0.000020
1538 0.000020
1539 0.000020
1540 0.000020
1541 0.000020
1542 0.000020
1543 0.000020
1544 0.000020
1545 0.000020
1546 0.000020
1547 0.000020
1548 0.000020
1549 0.000020
1550 0.000020
1551 0.000020
1552 0.000020
1553 0.000020
1554 0.000020
1555 0.000020
1556 0.000020
1557 0.000020
1558 0.000020
1559 0.000020
1560 0.000020
1561 0.000020
1562 0.000020
1563 0.000020
1564 0.000020
1565 0.000020
1566 0.000020
1567 0.000020
1568 0.000020
1569 0.000020
1570 0.000020
1571 0.000020
1572 0.000020
1573 0.000020
1574 0.000020
1575 0.000020
1576 0.000020
1577 0.000020
1578 0.000020
1579 0.000020
1580 0.000020
1581 0.000020
1582 0.000020
1583 0.000020
1584 0.000020
1585 0.000020
1586 0.000020
1587 0.000020
1588 0.000020
1589 0.000020
1590 0.000020
1591 0.000020
1592 0.000020
1593 0.000020
1594 0.000020
1595 0.000020
1596 0.000020
1597 0.000020
1598 0.000020
1599 0.000020
1600 0.000020
1601 0.000020
1602 0.000020
1603 0.000020
1604 0.000020
1605 0.000020
1606 0.000020
1607 0.000020
1608 0.000020
1609 0.000020
1610 0.000020
1611 0.000020
1612 0.000020
1613 0.000020
1614 0.000020
1615 0.000020
1616 0.000020
1617 0.000020
1618 0.000020
1619 0.000020
1620 0.000020
1621 0.000020
1622 0.000020
1623 0.000020
1624 0.000020
1625 0.000020
1626 0.000020
1627 0.000020
1628 0.000020
1629 0.000020
1630 0.000020
1631 0.000020
1632 0.000020
1633 0.000020
1634 0.000020
1635 0.000020
1636 0.000020
1637 0.000020
1638 0.000020
1639 0.000020
1640 0.000020
1641 0.000020
1642 0.000020
1643 0.000020
1644 0.000020
1645 0.000020
1646 0.000020
1647 0.000020
1648 0.000020
1649 0.000020
1650 0.000020
1651 0.000020
1652 0.000020
1653 0.000020
1654 0.000020
1655 0.000020
1656 0.000020
1657 0.000020
1658 0.000020
1659 0.000020
1660 0.000020
1661 0.000020
1662 0.000020
1663 0.000020
1664 0.000020
1665 0.000020
1666 0.000020
1667 0.000020
1668 0.000020
1669 0.000020
1670 0.000020
1671 0.000020
1672 0.000020
1673 0.000020
1674 0.000020
1675 0.000020
1676 0.000020
1677 0.000020
1678 0.000020
1679 0.000020
1680 0.000020
1681 0.000020
1682 0.000020
1683 0.000020
1684 0.000020
1685 0.000020
1686 0.000020
1687 0.000020
1688 0.000020
1689 0.000020
1690 0.000020
1691 0.000020
1692 0.000020
1693 0.000020
1694 0.000020
1695 0.000020
1696 0.000020
1697 0.000020
1698 0.000020
1699 0.000020
1700 0.000020
1701 0.000020
1702 0.000020
1703 0.000020
1704 0.000020
1705 0.000020
1706 0.000020
1707 0.000020
1708 0.000020
1709 0.000020
1710 0.000020
1711 0.000020
1712 0.000020
1713 0.000020
1714 0.000020
1715 0.000020
1716 0.000020
1717 0.000020
1718 0.000020
1719 0.000020
1720 0.000020
1721 0.000020
1722 0.000020
1723 0.000020
1724 0.000020
1725 0.000020
1726 0.000020
1727 0.000020
1728 0.000020
1729 0.000020
1730 0.000020
1731 0.000020
1732 0.000020
1733 0.000020
1734 0.000020
1735 0.000020
1736 0.000020
1737 0.000020
1738 0.000020
1739 0.000020
1740 0.000020
1741 0.000020
1742 0.000020
1743 0.000020
1744 0.000020
1745 0.000020
1746 0.000020
1747 0.000020
1748 0.000020
1749 0.000020
1750 0.000020
1751 0.000020
1752 0.000020
1753 0.000020
1754 0.000020
1755 0.000020
1756 0.000020
1757 0.000020
1758 0.000020
1759 0.000020
1760 0.000020
1761 0.000020
1762 0.000020
1763 0.000020
1764 0.000020
1765 0.000020
1766 0.000020
1767 0.000020
1768 0.000020
1769 0.000020
1770 0.000020
1771 0.000020
1772 0.000020
1773 0.000020
1774 0.000020
1775 0.000020
1776 0.000020
1777 0.000020
1778 0.000020
1779 0.000020
1780 0.000020
1781 0.000020
1782 0.000020
1783 0.000020
1784 0.000020
1785 0.000020
1786 0.000020
1787 0.000020
1788 0.000020
1789 0.000020
1790 0.000020
1791 0.000020
1792 0.000020
1793 0.000020
1794 0.000020
1795 0.000020
1796 0.000020
1797 0.000020
1798 0.000020
1799 0.000020
1800 0.000020
1801 0.000020
1802 0.000020
1803 0.000020
1804 0.000020
1805 0.000020
1806 0.000020
1807 0.000020
1808 0.000020
1809 0.000020
1810 0.000020
1811 0.000020
1812 0.000020
1813 0.000020
1814 0.000020
1815 0.000020
1816 0.000020
1817 0.000020
1818 0.000020
1819 0.000020
1820 0.000020
1821 0.000020
1822 0.000020
1823 0.000020
1824 0.000020
1825 0.000020
1826 0.000020
1827 0.000020
1828 0.000020
1829 0.000020
1830 0.000020
1831 0.000020
1832 0.000020
1833 0.000020
1834 0.000020
1835 0.000020
1836 0.000020
1837 0.000020
1838 0.000020
1839 0.000020
1840 0.000020
1841 0.000020
1842 0.000020
1843 0.000020
1844 0.000020
1845 0.000020
1846 0.000020
1847 0.000020
1848 0.000020
1849 0.000020
1850 0.000020
1851 0.000020
1852 0.000020
1853 0.000020
1854 0.000020
1855 0.000020
1856 0.000020
1857 0.000020
1858 0.000020
1859 0.000020
1860 0.000020
1861 0.000020
1862 0.000020
1863 0.000020
1864 0.000020
1865 0.000020
1866 0.000020
1867 0.000020
1868 0.000020
1869 0.000020
1870 0.000020
1871 0.000020
1872 0.000020
1873 0.000020
1874 0.000020
1875 0.000020
1876 0.000020
1877 0.000020
1878 0.000020
1879 0.000020
1880 0.000020
1881 0.000020
1882 0.000020
1883 0.000020
1884 0.000020
1885 0.000020
1886 0.000020
1887 0.000020
1888 0.000020
1889 0.000020
1890 0.000020
1891 0.000020
1892 0.000020
1893 0.000020
1894 0.000020
1895 0.000020
1896 0.000020
1897 0.000020
1898 0.000020
1899 0.000020
1900 0.000020
1901 0.000020
1902 0.000020
1903 0.000020
1904 0.000020
1905 0.000020
1906 0.000020
1907 0.000020
1908 0.000020
1909 0.000020
1910 0.000020
1911 0.000020
1912 0.000020
1913 0.000020
1914 0.000020
1915 0.000020
1916 0.000020
1917 0.000020
1918 0.000020
1919 0.000020
1920 0.000020
1921 0.000020
1922 0.000020
1923 0.000020
1924 0.000020
1925 0.000020
1926 0.000020
1927 0.000020
1928 0.000020
1929 0.000020
1930 0.000020
1931 0.000020
1932 0.000020
1933 0.000020
1934 0.000020
1935 0.000020
1936 0.000020
1937 0.000020
1938 0.000020
1939 0.000020
1940 0.000020
1941 0.000020
1942 0.000020
1943 0.000020
1944 0.000020
1945 0.000020
1946 0.000020
1947 0.000020
1948 0.000020
1949 0.000020
1950 0.000020
1951 0.000020
1952 0.000020
1953 0.000020
1954 0.000020
1955 0.000020
1956 0.000020
1957 0.000020
1958 0.000020
1959 0.000020
1960 0.000020
1961 0.000020
1962 0.000020
1963 0.000020
1964 0.000020
1965 0.000020
1966 0.000020
1967 0.000020
1968 0.000020
1969 0.000020
1970 0.000020
1971 0.000020
1972 0.000020
1973 0.000020
1974 0.000020
1975 0.000020
1976 0.000020
1977 0.000020
1978 0.000020
1979 0.000020
1980 0.000020
1981 0.000020
1982 0.000020
1983 0.000020
1984 0.000020
1985 0.000020
1986 0.000020
1987 0.000020
1988 0.000020
1989 0.000020
1990 0.000020
1991 0.000020
1992 0.000020
1993 0.000020
1994 0.000020
1995 0.000020
1996 0.000020
1997 0.000020
1998 0.000020
1999 0.000020
2000 0.000020
2001 0.000020
2002 0.000020
2003 0.000020
2004 0.000020
2005 0.000020
2006 0.000020
2007 0.000020
2008 0.000020
2009 0.000020
2010 0.000020
2011 0.000020
2012 0.000020
2013 0.000020
2014 0.000020
2015 0.000020
2016 0.000020
2017 0.000020
2018 0.000020
2019 0.000020
2020 0.000020
2021 0.000020
2022 0.000020
2023 0.000020
2024 0.000020
2025 0.000020
2026 0.000020
2027 0.000020
2028 0.000020
2029 0.000020
2030 0.000020
2031 0.000020
2032 0.000020
2033 0.000020
2034 0.000020
2035 0.000020
2036 0.000020
2037 0.000020
2038 0.000020
2039 0.000020
2040 0.000020
2041 0.000020
2042 0.000020
2043 0.000020
2044 0.000020
2045 0.000020
2046 0.000020
2047 0.000020
2048 0.000020
2049 0.000020
2050 0.000020
2051 0.000020
2052 0.000020
2053 0.000020
2054 0.000020
2055 0.000020
2056 0.000020
2057 0.000020
2058 0.000020
2059 0.000020
2060 0.000020
2061 0.000020
2062 0.000020
2063 0.000020
2064 0.000020
2065 0.000020
2066 0.000020
2067 0.000020
2068 0.000020
2069 0.000020
2070 0.000020
2071 0.000020
2072 0.000020
2073 0.000020
2074 0.000020
2075 0.000020
2076 0.000020
2077 0.000020
2078 0.000020
2079 0.000020
2080 0.000020
2081 0.000020
2082 0.000020
2083 0.000020
2084 0.000020
2085 0.000020
2086 0.000020
2087 0.000020
2088 0.000020
2089 0.000020
2090 0.000020
2091 0.000020
2092 0.000020
2093 0.000020
2094 0.000020
2095 0.000020
2096 0.000020
2097 0.000020
2098 0.000020
2099 0.000020
2100 0.000020
2101 0.000020
2102 0.000020
2103 0.000020
2104 0.000020
2105 0.000020
2106 0.000020
2107 0.000020
2108 0.000020
2109 0.000020
2110 0.000020
2111 0.000020
2112 0.000020
2113 0.000020
2114 0.000020
2115 0.000020
2116 0.000020
2117 0.000020
2118 0.000020
2119 0.000020
2120 0.000020
2121 0.000020
2122 0.000020
2123 0.000020
2124 0.000020
2125 0.000020
2126 0.000020
2127 0.000020
2128 0.000020
2129 0.000020
2130 0.000020
2131 0.000020
2132 0.000020
2133 0.000020
2134 0.000020
2135 0.000020
2136 0.000020
2137 0.000020
2138 0.000020
2139 0.000020
2140 0.000020
2141 0.000020
2142 0.000020
2143 0.000020
2144 0.000020
2145 0.000020
2146 0.000020
2147 0.000020
2148 0.000020
2149 0.000020
2150 0.000020
2151 0.000020
2152 0.000020
2153 0.000020
2154 0.000020
2155 0.000020
2156 0.000020
2157 0.000020
2158 0.000020
2159 0.000020
2160 0.000020
2161 0.000020
2162 0.000020
2163 0.000020
2164 0.000020
2165 0.000020
2166 0.000020
2167 0.000020
2168 0.000020
2169 0.000020
2170 0.000020
2171 0.000020
2172 0.000020
2173 0.000020
2174 0.000020
2175 0.000020
2176 0.000020
2177 0.000020
2178 0.000020
2179 0.000020
2180 0.000020
2181 0.000020
2182 0.000020
2183 0.000020
2184 0.000020
2185 0.000020
2186 0.000020
2187 0.000020
2188 0.000020
2189 0.000020
2190 0.000020
2191 0.000020
2192 0.000020
2193 0.000020
2194 0.000020
2195 0.000020
2196 0.000020
2197 0.000020
2198 0.000020
2199 0.000020
2200 0.000020
2201 0.000020
2202 0.000020
2203 0.000020
2204 0.000020
2205 0.000020
2206 0.000020
2207 0.000020
2208 0.000020
2209 0.000020
2210 0.000020
2211 0.000020
2212 0.000020
2213 0.000020
2214 0.000020
2215 0.000020
2216 0.000020
2217 0.000020
2218 0.000020
2219 0.000020
2220 0.000020
2221 0.000020
2222 0.000020
2223 0.000020
2224 0.000020
2225 0.000020
2226 0.000020
2227 0.000020
2228 0.000020
2229 0.000020
2230 0.000020
2231 0.000020
2232 0.000020
2233 0.000020
2234 0.000020
2235 0.000020
2236 0.000020
2237 0.000020
2238 0.000020
2239 0.000020
2240 0.000020
2241 0.000020
2242 0.000020
2243 0.000020
2244 0.000020
2245 0.000020
2246 0.000020
2247 0.000020
2248 0.000020
2249 0.000020
2250 0.000020
2251 0.000020
2252 0.000020
2253 0.000020
2254 0.000020
2255 0.000020
2256 0.000020
2257 0.000020
2258 0.000020
2259 0.000020
2260 0.000020
2261 0.000020
2262 0.000020
2263 0.000020
2264 0.000020
2265 0.000020
2266 0.000020
2267 0.000020
2268 0.000020
2269 0.000020
2270 0.000020
2271 0.000020
2272 0.000020
2273 0.000020
2274 0.000020
2275 0.000020
2276 0.000020
2277 0.000020
2278 0.000020
2279 0.000020
2280 0.000020
2281 0.000020
2282 0.000020
2283 0.000020
2284 0.000020
2285 0.000020
2286 0.000020
2287 0.000020
2288 0.000020
2289 0.000020
2290 0.000020
2291 0.000020
2292 0.000020
2293 0.000020
2294 0.000020
2295 0.000020
2296 0.000020
2297 0.000020
2298 0.000020
2299 0.000020
2300 0.000020
2301 0.000020
2302 0.000020
2303 0.000020
2304 0.000020
2305 0.000020
2306 0.000020
2307 0.000020
2308 0.000020
2309 0.000020
2310 0.000020
2311 0.000020
2312 0.000020
2313 0.000020
2314 0.000020
2315 0.000020
2316 0.000020
2317 0.000020
2318 0.000020
2319 0.000020
2320 0.000020
2321 0.000020
2322 0.000020
2323 0.000020
2324 0.000020
2325 0.000020
2326 0.000020
2327 0.000020
2328 0.000020
2329 0.000020
2330 0.000020
2331 0.000020
2332 0.000020
2333 0.000020
2334 0.000020
2335 0.000020
2336 0.000020
2337 0.000020
2338 0.000020
2339 0.000020
2340 0.000020
2341 0.000020
2342 0.000020
2343 0.000020
2344 0.000020
2345 0.000020
2346 0.000020
2347 0.000020
2348 0.000020
2349 0.000020
2350 0.000020
2351 0.000020
2352 0.000020
2353 0.000020
2354 0.000020
2355 0.000020
2356 0.000020
2357 0.000020
2358 0.000020
2359 0.000020
2360 0.000020
2361 0.000020
2362 0.000020
2363 0.000020
2364 0.000020
2365 0.000020
2366 0.000020
2367 0.000020
2368 0.000020
2369 0.000020
2370 0.000020
2371 0.000020
2372 0.000020
2373 0.000020
2374 0.000020
2375 0.000020
2376 0.000020
2377 0.000020
2378 0.000020
2379 0.000020
2380 0.000020
2381 0.000020
2382 0.000020
2383 0.000020
2384 0.000020
2385 0.000020
2386 0.000020
2387 0.000020
2388 0.000020
2389 0.000020
2390 0.000020
2391 0.000020
2392 0.000020
2393 0.000020
2394 0.000020
2395 0.000020
2396 0.000020
2397 0.000020
2398 0.000020
2399 0.000020
2400 0.000020
2401 0.000020
2402 0.000020
2403 0.000020
2404 0.000020
2405 0.000020
2406 0.000020
2407 0.000020
2408 0.000020
2409 0.000020
2410 0.000020
2411 0.000020
2412 0.000020
2413 0.000020
2414 0.000020
2415 0.000020
2416 0.000020
2417 0.000020
2418 0.000020
2419 0.000020
2420 0.000020
2421 0.000020
2422 0.000020
2423 0.000020
2424 0.000020
2425 0.000020
2426 0.000020
2427 0.000020
2428 0.000020
2429 0.000020
2430 0.000020
2431 0.000020
2432 0.000020
2433 0.000020
2434 0.000020
2435 0.000020
2436 0.000020
2437 0.000020
2438 0.000020
2439 0.000020
2440 0.000020
2441 0.000020
2442 0.000020
2443 0.000020
2444 0.000020
2445 0.000020
2446 0.000020
2447 0.000020
2448 0.000020
2449 0.000020
2450 0.000020
2451 0.000020
2452 0.000020
2453 0.000020
2454 0.000020
2455 0.000020
2456 0.000020
2457 0.000020
2458 0.000020
2459 0.000020
2460 0.000020
2461 0.000020
2462 0.000020
2463 0.000020
2464 0.000020
2465 0.000020
2466 0.000020
2467 0.000020
2468 0.000020
2469 0.000020
2470 0.000020
2471 0.000020
2472 0.000020
2473 0.000020
2474 0.000020
2475 0.000020
2476 0.000020
2477 0.000020
2478 0.000020
2479 0.000020
2480 0.000020
2481 0.000020
2482 0.000020
2483 0.000020
2484 0.000020
2485 0.000020
2486 0.000020
2487 0.000020
2488 0.000020
2489 0.000020
2490 0.000020
2491 0.000020
2492 0.000020
2493 0.000020
2494 0.000020
2495 0.000020
2496 0.000020
2497 0.000020
2498 0.000020
2499 0.000020
2500 0.000020
2501 0.000020
2502 0.000020
2503 0.000020
2504 0.000020
2505 0.000020
2506 0.000020
2507 0.000020
2508 0.000020
2509 0.000020
2510 0.000020
2511 0.000020
2512 0.000020
2513 0.000020
2514 0.000020
2515 0.000020
2516 0.000020
2517 0.000020
2518 0.000020
2519 0.000020
2520 0.000020
2521 0.000020
2522 0.000020
2523 0.000020
2524 0.000020
2525 0.000020
2526 0.000020
2527 0.000020
2528 0.000020
2529 0.000020
2530 0.000020
2531 0.000020
2532 0.000020
2533 0.000020
2534 0.000020
2535 0.000020
2536 0.000020
2537 0.000020
2538 0.000020
2539 0.000020
2540 0.000020
2541 0.000020
2542 0.000020
2543 0.000020
2544 0.000020
2545 0.000020
2546 0.000020
2547 0.000020
2548 0.000020
2549 0.000020
2550 0.000020
2551 0.000020
2552 0.000020
2553 0.000020
2554 0.000020
2555 0.000020
2556 0.000020
2557 0.000020
2558 0.000020
2559 0.000020
2560 0.000020
2561 0.000020
2562 0.000020
2563 0.000020
2564 0.000020
2565 0.000020
2566 0.000020
2567 0.000020
2568 0.000020
2569 0.000020
2570 0.000020
2571 0.000020
2572 0.000020
2573 0.000020
2574 0.000020
2575 0.000020
2576 0.000020
2577 0.000020
2578 0.000020
2579 0.000020
2580 0.000020
2581 0.000020
2582 0.000020
2583 0.000020
2584 0.000020
2585 0.000020
2586 0.000020
2587 0.000020
2588 0.000020
2589 0.000020
2590 0.000020
2591 0.000020
2592 0.000020
2593 0.000020
2594 0.000020
2595 0.000020
2596 0.000020
2597 0.000020
2598 0.000020
2599 0.000020
2600 0.000020
2601 0.000020
2602 0.000020
2603 0.000020
2604 0.000020
2605 0.000020
2606 0.000020
2607 0.000020
2608 0.000020
2609 0.000020
2610 0.000020
2611 0.000020
2612 0.000020
2613 0.000020
2614 0.000020
2615 0.000020
2616 0.000020
2617 0.000020
2618 0.000020
2619 0.000020
2620 0.000020
2621 0.000020
2622 0.000020
2623 0.000020
2624 0.000020
2625 0.000020
2626 0.000020
2627 0.000020
2628 0.000020
2629 0.000020
2630 0.000020
2631 0.000020
2632 0.000020
2633 0.000020
2634 0.000020
2635 0.000020
2636 0.000020
2637 0.000020
2638 0.000020
2639 0.000020
2640 0.000020
2641 0.000020
2642 0.000020
2643 0.000020
2644 0.000020
2645 0.000020
2646 0.000020
2647 0.000020
2648 0.000020
2649 0.000020
2650 0.000020
2651 0.000020
2652 0.000020
2653 0.000020
2654 0.000020
2655 0.000020
2656 0.000020
2657 0.000020
2658 0.000020
2659 0.000020
2660 0.000020
2661 0.000020
2662 0.000020
2663 0.000020
2664 0.000020
2665 0.000020
2666 0.000020
2667 0.000020
2668 0.000020
2669 0.000020
2670 0.000020
2671 0.000020
2672 0.000020
2673 0.000020
2674 0.000020
2675 0.000020
2676 0.000020
2677 0.000020
2678 0.000020
2679 0.000020
2680 0.000020
2681 0.000020
2682 0.000020
2683 0.000020
2684 0.000020
2685 0.000020
2686 0.000020
2687 0.000020
2688 0.000020
2689 0.000020
2690 0.000020
2691 0.000020
2692 0.000020
2693 0.000020
2694 0.000020
2695 0.000020
2696 0.000020
2697 0.000020
2698 0.000020
2699 0.000020
2700 0.000020
2701 0.000020
2702 0.000020
2703 0.000020
2704 0.000020
2705 0.000020
2706 0.000020
2707 0.000020
2708 0.000020
2709 0.000020
2710 0.000020
2711 0.000020
2712 0.000020
2713 0.000020
2714 0.000020
2715 0.000020
2716 0.000020
2717 0.000020
2718 0.000020
2719 0.000020
2720 0.000020
2721 0.000020
2722 0.000020
2723 0.000020
2724 0.000020
2725 0.000020
2726 0.000020
2727 0.000020
2728 0.000020
2729 0.000020
2730 0.000020
2731 0.000020
2732 0.000020
2733 0.000020
2734 0.000020
2735 0.000020
2736 0.000020
2737 0.000020
2738 0.000020
2739 0.000020
2740 0.000020
2741 0.000020
2742 0.000020
2743 0.000020
2744 0.000020
2745 0.000020
2746 0.000020
2747 0.000020
2748 0.000020
2749 0.000020
2750 0.000020
2751 0.000020
2752 0.000020
2753 0.000020
2754 0.000020
2755 0.000020
2756 0.000020
2757 0.000020
2758 0.000020
2759 0.000020
2760 0.000020
2761 0.000020
2762 0.000020
2763 0.000020
2764 0.000020
2765 0.000020
2766 0.000020
2767 0.000020
2768 0.000020
2769 0.000020
2770 0.000020
2771 0.000020
2772 0.000020
2773 0.000020
2774 0.000020
2775 0.000020
2776 0.000020
2777 0.000020
2778 0.000020
2779 0.000020
2780 0.000020
2781 0.000020
2782 0.000020
2783 0.000020
2784 0.000020
2785 0.000020
2786 0.000020
2787 0.000020
2788 0.000020
2789 0.000020
2790 0.000020
2791 0.000020
2792 0.000020
2793 0.000020
2794 0.000020
2795 0.000020
2796 0.000020
2797 0.000020
2798 0.000020
2799 0.000020
2800 0.000020
2801 0.000020
2802 0.000020
2803 0.000020
2804 0.000020
2805 0.000020
2806 0.000020
2807 0.000020
2808 0.000020
2809 0.000020
2810 0.000020
2811 0.000020
2812 0.000020
2813 0.000020
2814 0.000020
2815 0.000020
2816 0.000020
2817 0.000020
2818 0.000020
2819 0.000020
2820 0.000020
2821 0.000020
2822 0.000020
2823 0.000020
2824 0.000020
2825 0.000020
2826 0.000020
2827 0.000020
2828 0.000020
2829 0.000020
2830 0.000020
2831 0.000020
2832 0.000020
2833 0.000020
2834 0.000020
2835 0.000020
2836 0.000020
2837 0.000020
2838 0.000020
2839 0.000020
2840 0.000020
2841 0.000020
2842 0.000020
2843 0.000020
2844 0.000020
2845 0.000020
2846 0.000020
2847 0.000020
2848 0.000020
2849 0.000020
2850 0.000020
2851 0.000020
2852 0.000020
2853 0.000020
2854 0.000020
2855 0.000020
2856 0.000020
2857 0.000020
2858 0.000020
2859 0.000020
2860 0.000020
2861 0.000020
2862 0.000020
2863 0.000020
2864 0.000020
2865 0.000020
2866 0.000020
2867 0.000020
2868 0.000020
2869 0.000020
2870 0.000020
2871 0.000020
2872 0.000020
2873 0.000020
2874 0.000020
2875 0.000020
2876 0.000020
2877 0.000020
2878 0.000020
2879 0.000020
2880 0.000020
2881 0.000020
2882 0.000020
2883 0.000020
2884 0.000020
2885 0.000020
2886 0.000020
2887 0.000020
2888 0.000020
2889 0.000020
2890 0.000020
2891 0.000020
2892 0.000020
2893 0.000020
2894 0.000020
2895 0.000020
2896 0.000020
2897 0.000020
2898 0.000020
2899 0.000020
2900 0.000020
2901 0.000020
2902 0.000020
2903 0.000020
2904 0.000020
2905 0.000020
2906 0.000020
2907 0.000020
2908 0.000020
2909 0.000020
2910 0.000020
2911 0.000020
2912 0.000020
2913 0.000020
2914 0.000020
2915 0.000020
2916 0.000020
2917 0.000020
2918 0.000020
2919 0.000020
2920 0.000020
2921 0.000020
2922 0.000020
2923 0.000020
2924 0.000020
2925 0.000020
2926 0.000020
2927 0.000020
2928 0.000020
2929 0.000020
2930 0.000020
2931 0.000020
2932 0.000020
2933 0.000020
2934 0.000020
2935 0.000020
2936 0.000020
2937 0.000020
2938 0.000020
2939 0.000020
2940 0.000020
2941 0.000020
2942 0.000020
2943 0.000020
2944 0.000020
2945 0.000020
2946 0.000020
2947 0.000020
2948 0.000020
2949 0.000020
2950 0.000020
2951 0.000020
2952 0.000020
2953 0.000020
2954 0.000020
2955 0.000020
2956 0.000020
2957 0.000020
2958 0.000020
2959 0.000020
2960 0.000020
2961 0.000020
2962 0.000020
2963 0.000020
2964 0.000020
2965 0.000020
2966 0.000020
2967 0.000020
2968 0.000020
2969 0.000020
2970 0.000020
2971 0.000020
2972 0.000020
2973 0.000020
2974 0.000020
2975 0.000020
2976 0.000020
2977 0.000020
2978 0.000020
2979 0.000020
2980 0.000020
2981 0.000020
2982 0.000020
2983 0.000020
2984 0.000020
2985 0.000020
2986 0.000020
2987 0.000020
2988 0.000020
2989 0.000020
2990 0.000020
2991 0.000020
2992 0.000020
2993 0.000020
2994 0.000020
2995 0.000020
2996 0.000020
2997 0.000020
2998 0.000020
2999 0.000020
3000 0.000020
3001 0.000020
3002 0.000020
3003 0.000020
3004 0.000020
3005 0.000020
3006 0.000020
3007 0.000020
3008 0.000020
3009 0.000020
3010 0.000020
3011 0.000020
3012 0.000020
3013 0.000020
3014 0.000020
3015 0.000020
3016 0.000020
3017 0.000020
3018 0.000020
3019 0.000020
3020 0.000020
3021 0.000020
3022 0.000020
3023 0.000020
3024 0.000020
3025 0.000020
3026 0.000020
3027 0.000020
3028 0.000020
3029 0.000020
3030 0.000020
3031 0.000020
3032 0.000020
3033 0.000020
3034 0.000020
3035 0.000020
3036 0.000020
3037 0.000020
3038 0.000020
3039 0.000020
3040 0.000020
3041 0.000020
3042 0.000020
3043 0.000020
3044 0.000020
3045 0.000020
3046 0.000020
3047 0.000020
3048 0.000020
3049 0.000020
3050 0.000020
3051 0.000020
3052 0.000020
3053 0.000020
3054 0.000020
3055 0.000020
3056 0.000020
3057 0.000020
3058 0.000020
3059 0.000020
3060 0.000020
3061 0.000020
3062 0.000020
3063 0.000020
3064 0.000020
3065 0.000020
3066 0.000020
3067 0.000020
3068 0.000020
3069 0.000020
3070 0.000020
3071 0.000020
3072 0.000020
3073 0.000020
3074 0.000020
3075 0.000020
3076 0.000020
3077 0.000020
3078 0.000020
3079 0.000020
3080 0.000020
3081 0.000020
3082 0.000020
3083 0.000020
3084 0.000020
3085 0.000020
3086 0.000020
3087 0.000020
3088 0.000020
3089 0.000020
3090 0.000020
3091 0.000020
3092 0.000020
3093 0.000020
3094 0.000020
3095 0.000020
3096 0.000020
3097 0.000020
3098 0.000020
3099 0.000020
3100 0.000020
3101 0.000020
3102 0.000020
3103 0.000020
3104 0.000020
3105 0.000020
3106 0.000020
3107 0.000020
3108 0.000020
3109 0.000020
3110 0.000020
3111 0.000020
3112 0.000020
3113 0.000020
3114 0.000020
3115 0.000020
3116 0.000020
3117 0.000020
3118 0.000020
3119 0.000020
3120 0.000020
3121 0.000020
3122 0.000020
3123 0.000020
3124 0.000020
3125 0.000020
3126 0.000020
3127 0.000020
3128 0.000020
3129 0.000020
3130 0.000020
3131 0.000020
3132 0.000020
3133 0.000020
3134 0.000020
3135 0.000020
3136 0.000020
3137 0.000020
3138 0.000020
3139 0.000020
3140 0.000020
3141 0.000020
3142 0.000020
3143 0.000020
3144 0.000020
3145 0.000020
3146 0.000020
3147 0.000020
3148 0.000020
3149 0.000020
3150 0.000020
3151 0.000020
3152 0.000020
3153 0.000020
3154 0.000020
3155 0.000020
3156 0.000020
3157 0.000020
3158 0.000020
3159 0.000020
3160 0.000020
3161 0.000020
3162 0.000020
3163 0.000020
3164 0.000020
3165 0.000020
3166 0.000020
3167 0.000020
3168 0.000020
3169 0.000020
3170 0.000020
3171 0.000020
3172 0.000020
3173 0.000020
3174 0.000020
3175 0.000020
3176 0.000020
3177 0.000020
3178 0.000020
3179 0.000020
3180 0.000020
3181 0.000020
3182 0.000020
3183 0.000020
3184 0.000020
3185 0.000020
3186 0.000020
3187 0.000020
3188 0.000020
3189 0.000020
3190 0.000020
3191 0.000020
3192 0.000020
3193 0.000020
3194 0.000020
3195 0.000020
3196 0.000020
3197 0.000020
3198 0.000020
3199 0.000020
3200 0.000020
3201 0.000020
3202 0.000020
3203 0.000020
3204 0.000020
3205 0.000020
3206 0.000020
3207 0.000020
3208 0.000020
3209 0.000020
3210 0.000020
3211 0.000020
3212 0.000020
3213 0.000020
3214 0.000020
3215 0.000020
3216 0.000020
3217 0.000020
3218 0.000020
3219 0.000020
3220 0.000020
3221 0.000020
3222 0.000020
3223 0.000020
3224 0.000020
3225 0.000020
3226 0.000020
3227 0.000020
3228 0.000020
3229 0.000020
3230 0.000020
3231 0.000020
3232 0.000020
3233 0.000020
3234 0.000020
3235 0.000020
3236 0.000020
3237 0.000020
3238 0.000020
3239 0.000020
3240 0.000020
3241 0.000020
3242 0.000020
3243 0.000020
3244 0.000020
3245 0.000020
3246 0.000020
3247 0.000020
3248 0.000020
3249 0.000020
3250 0.000020
3251 0.000020
3252 0.000020
3253 0.000020
3254 0.000020
3255 0.000020
3256 0.000020
3257 0.000020
3258 0.000020
3259 0.000020
3260 0.000020
3261 0.000020
3262 0.000020
3263 0.000020
3264 0.000020
3265 0.000020
3266 0.000020
3267 0.000020
3268 0.000020
3269 0.000020
3270 0.000020
3271 0.000020
3272 0.000020
3273 0.000020
3274 0.000020
3275 0.000020
3276 0.000020
3277 0.000020
3278 0.000020
3279 0.000020
3280 0.000020
3281 0.000020
3282 0.000020
3283 0.000020
3284 0.000020
3285 0.000020
3286 0.000020
3287 0.000020
3288 0.000020
3289 0.000020
3290 0.000020
3291 0.000020
3292 0.000020
3293 0.000020
3294 0.000020
3295 0.000020
3296 0.000020
3297 0.000020
3298 0.000020
3299 0.000020
3300 0.000020
3301 0.000020
3302 0.000020
3303 0.000020
3304 0.000020
3305 0.000020
3306 0.000020
3307 0.000020
3308 0.000020
3309 0.000020
3310 0.000020
3311 0.000020
3312 0.000020
3313 0.000020
3314 0.000020
3315 0.000020
3316 0.000020
3317 0.000020
3318 0.000020
3319 0.000020
3320 0.000020
3321 0.000020
3322 0.000020
3323 0.000020
3324 0.000020
3325 0.000020
3326 0.000020
3327 0.000020
3328 0.000020
3329 0.000020
3330 0.000020
3331 0.000020
3332 0.000020
3333 0.000020
3334 0.000020
3335 0.000020
3336 0.000020
3337 0.000020
3338 0.000020
3339 0.000020
3340 0.000020
3341 0.000020
3342 0.000020
3343 0.000020
3344 0.000020
3345 0.000020
3346 0.000020
3347 0.000020
3348 0.000020
3349 0.000020
3350 0.000020
3351 0.000020
3352 0.000020
3353 0.000020
3354 0.000020
3355 0.000020
3356 0.000020
3357 0.000020
3358 0.000020
3359 0.000020
3360 0.000020
3361 0.000020
3362 0.000020
3363 0.000020
3364 0.000020
3365 0.000020
3366 0.000020
3367 0.000020
3368 0.000020
3369 0.000020
3370 0.000020
3371 0.000020
3372 0.000020
3373 0.000020
3374 0.000020
3375 0.000020
3376 0.000020
3377 0.000020
3378 0.000020
3379 0.000020
3380 0.000020
3381 0.000020
3382 0.000020
3383 0.000020
3384 0.000020
3385 0.000020
3386 0.000020
3387 0.000020
3388 0.000020
3389 0.000020
3390 0.000020
3391 0.000020
3392 0.000020
3393 0.000020
3394 0.000020
3395 0.000020
3396 0.000020
3397 0.000020
3398 0.000020
3399 0.000020
3400 0.000020
3401 0.000020
3402 0.000020
3403 0.000020
3404 0.000020
3405 0.000020
3406 0.000020
3407 0.000020
3408 0.000020
3409 0.000020
3410 0.000020
3411 0.000020
3412 0.000020
3413 0.000020
3414 0.000020
3415 0.000020
3416 0.000020
3417 0.000020
3418 0.000020
3419 0.000020
3420 0.000020
3421 0.000020
3422 0.000020
3423 0.000020
3424 0.000020
3425 0.000020
3426 0.000020
3427 0.000020
3428 0.000020
3429 0.000020
3430 0.000020
3431 0.000020
3432 0.000020
3433 0.000020
3434 0.000020
3435 0.000020
3436 0.000020
3437 0.000020
3438 0.000020
3439 0.000020
3440 0.000020
3441 0.000020
3442 0.000020
3443 0.000020
3444 0.000020
3445 0.000020
3446 0.000020
3447 0.000020
3448 0.000020
3449 0.000020
3450 0.000020
3451 0.000020
3452 0.000020
3453 0.000020
3454 0.000020
3455 0.000020
3456 0.000020
3457 0.000020
3458 0.000020
3459 0.000020
3460 0.000020
3461 0.000020
3462 0.000020
3463 0.000020
3464 0.000020
3465 0.000020
3466 0.000020
3467 0.000020
3468 0.000020
3469 0.000020
3470 0.000020
3471 0.000020
3472 0.000020
3473 0.000020
3474 0.000020
3475 0.000020
3476 0.000020
3477 0.000020
3478 0.000020
3479 0.000020
3480 0.000020
3481 0.000020
3482 0.000020
3483 0.000020
3484 0.000020
3485 0.000020
3486 0.000020
3487 0.000020
3488 0.000020
3489 0.000020
3490 0.000020
3491 0.000020
3492 0.000020
3493 0.000020
3494 0.000020
3495 0.000020
3496 0.000020
3497 0.000020
3498 0.000020
3499 0.000020
3500 0.000020
3501 0.000020
3502 0.000020
3503 0.000020
3504 0.000020
3505 0.000020
3506 0.000020
3507 0.000020
3508 0.000020
3509 0.000020
3510 0.000020
3511 0.000020
3512 0.000020
3513 0.000020
3514 0.000020
3515 0.000020
3516 0.000020
3517 0.000020
3518 0.000020
3519 0.000020
3520 0.000020
3521 0.000020
3522 0.000020
3523 0.000020
3524 0.000020
3525 0.000020
3526 0.000020
3527 0.000020
3528 0.000020
3529 0.000020
3530 0.000020
3531 0.000020
3532 0.000020
3533 0.000020
3534 0.000020
3535 0.000020
3536 0.000020
3537 0.000020
3538 0.000020
3539 0.000020
3540 0.000020
3541 0.000020
3542 0.000020
3543 0.000020
3544 0.000020
3545 0.000020
3546 0.000020
3547 0.000020
3548 0.000020
3549 0.000020
3550 0.000020
3551 0.000020
3552 0.000020
3553 0.000020
3554 0.000020
3555 0.000020
3556 0.000020
3557 0.000020
3558 0.000020
3559 0.000020
3560 0.000020
3561 0.000020
3562 0.000020
3563 0.000020
3564 0.000020
3565 0.000020
3566 0.000020
3567 0.000020
3568 0.000020
3569 0.000020
3570 0.000020
3571 0.000020
3572 0.000020
3573 0.000020
3574 0.000020
3575 0.000020
3576 0.000020
3577 0.000020
3578 0.000020
3579 0.000020
3580 0.000020
3581 0.000020
3582 0.000020
3583 0.000020
3584 0.000020
3585 0.000020
3586 0.000020
3587 0.000020
3588 0.000020
3589 0.000020
3590 0.000020
3591 0.000020
3592 0.000020
3593 0.000020
3594 0.000020
3595 0.000020
3596 0.000020
3597 0.000020
3598 0.000020
3599 0.000020
3600 0.000020
3601 0.000020
3602 0.000020
3603 0.000020
3604 0.000020
3605 0.000020
3606 0.000020
3607 0.000020
3608 0.000020
3609 0.000020
3610 0.000020
3611 0.000020
3612 0.000020
3613 0.000020
3614 0.000020
3615 0.000020
3616 0.000020
3617 0.000020
3618 0.000020
3619 0.000020
3620 0.000020
3621 0.000020
3622 0.000020
3623 0.000020
3624 0.000020
3625 0.000020
3626 0.000020
3627 0.000020
3628 0.000020
3629 0.000020
3630 0.000020
3631 0.000020
3632 0.000020
3633 0.000020
3634 0.000020
3635 0.000020
3636 0.000020
3637 0.000020
3638 0.000020
3639 0.000020
3640 0.000020
3641 0.000020
3642 0.000020
3643 0.000020
3644 0.000020
3645 0.000020
3646 0.000020
3647 0.000020
3648 0.000020
3649 0.000020
3650 0.000020
3651 0.000020
3652 0.000020
3653 0.000020
3654 0.000020
3655 0.000020
3656 0.000020
3657 0.000020
3658 0.000020
3659 0.000020
3660 0.000020
3661 0.000020
3662 0.000020
3663 0.000020
3664 0.000020
3665 0.000020
3666 0.000020
3667 0.000020
3668 0.000020
3669 0.000020
3670 0.000020
3671 0.000020
3672 0.000020
3673 0.000020
3674 0.000020
3675 0.000020
3676 0.000020
3677 0.000020
3678 0.000020
3679 0.000020
3680 0.000020
3681 0.000020
3682 0.000020
3683 0.000020
3684 0.000020
3685 0.000020
3686 0.000020
3687 0.000020
3688 0.000020
3689 0.000020
3690 0.000020
3691 0.000020
3692 0.000020
3693 0.000020
3694 0.000020
3695 0.000020
3696 0.000020
3697 0.000020
3698 0.000020
3699 0.000020
3700 0.000020
3701 0.000020
3702 0.000020
3703 0.000020
3704 0.000020
3705 0.000020
3706 0.000020
3707 0.000020
3708 0.000020
3709 0.000020
3710 0.000020
3711 0.000020
3712 0.000020
3713 0.000020
3714 0.000020
3715 0.000020
3716 0.000020
3717 0.000020
3718 0.000020
3719 0.000020
3720 0.000020
3721 0.000020
3722 0.000020
3723 0.000020
3724 0.000020
3725 0.000020
3726 0.000020
3727 0.000020
3728 0.000020
3729 0.000020
3730 0.000020
3731 0.000020
3732 0.000020
3733 0.000020
3734 0.000020
3735 0.000020
3736 0.000020
3737 0.000020
3738 0.000020
3739 0.000020
3740 0.000020
3741 0.000020
3742 0.000020
3743 0.000020
3744 0.000020
3745 0.000020
3746 0.000020
3747 0.000020
3748 0.000020
3749 0.000020
3750 0.000020
3751 0.000020
3752 0.000020
3753 0.000020
3754 0.000020
3755 0.000020
3756 0.000020
3757 0.000020
3758 0.000020
3759 0.000020
3760 0.000020
3761 0.000020
3762 0.000020
3763 0.000020
3764 0.000020
3765 0.000020
3766 0.000020
3767 0.000020
3768 0.000020
3769 0.000020
3770 0.000020
3771 0.000020
3772 0.000020
3773 0.000020
3774 0.000020
3775 0.000020
3776 0.000020
3777 0.000020
3778 0.000020
3779 0.000020
3780 0.000020
3781 0.000020
3782 0.000020
3783 0.000020
3784 0.000020
3785 0.000020
3786 0.000020
3787 0.000020
3788 0.000020
3789 0.000020
3790 0.000020
3791 0.000020
3792 0.000020
3793 0.000020
3794 0.000020
3795 0.000020
3796 0.000020
3797 0.000020
3798 0.000020
3799 0.000020
3800 0.000020
3801 0.000020
3802 0.000020
3803 0.000020
3804 0.000020
3805 0.000020
3806 0.000020
3807 0.000020
3808 0.000020
3809 0.000020
3810 0.000020
3811 0.000020
3812 0.000020
3813 0.000020
3814 0.000020
3815 0.000020
3816 0.000020
3817 0.000020
3818 0.000020
3819 0.000020
3820 0.000020
3821 0.000020
3822 0.000020
3823 0.000020
3824 0.000020
3825 0.000020
3826 0.000020
3827 0.000020
3828 0.000020
3829 0.000020
3830 0.000020
3831 0.000020
3832 0.000020
3833 0.000020
3834 0.000020
3835 0.000020
3836 0.000020
3837 0.000020
3838 0.000020
3839 0.000020
3840 0.000020
3841 0.000020
3842 0.000020
3843 0.000020
3844 0.000020
3845 0.000020
3846 0.000020
3847 0.000020
3848 0.000020
3849 0.000020
3850 0.000020
3851 0.000020
3852 0.000020
3853 0.000020
3854 0.000020
3855 0.000020
3856 0.000020
3857 0.000020
3858 0.000020
3859 0.000020
3860 0.000020
3861 0.000020
3862 0.000020
3863 0.000020
3864 0.000020
3865 0.000020
3866 0.000020
3867 0.000020
3868 0.000020
3869 0.000020
3870 0.000020
3871 0.000020
3872 0.000020
3873 0.000020
3874 0.000020
3875 0.000020
3876 0.000020
3877 0.000020
3878 0.000020
3879 0.000020
3880 0.000020
3881 0.000020
3882 0.000020
3883 0.000020
3884 0.000020
3885 0.000020
3886 0.000020
3887 0.000020
3888 0.000020
3889 0.000020
3890 0.000020
3891 0.000020
3892 0.000020
3893 0.000020
3894 0.000020
3895 0.000020
3896 0.000020
3897 0.000020
3898 0.000020
3899 0.000020
3900 0.000020
3901 0.000020
3902 0.000020
3903 0.000020
3904 0.000020
3905 0.000020
3906 0.000020
3907 0.000020
3908 0.000020
3909 0.000020
3910 0.000020
3911 0.000020
3912 0.000020
3913 0.000020
3914 0.000020
3915 0.000020
3916 0.000020
3917 0.000020
3918 0.000020
3919 0.000020
3920 0.000020
3921 0.000020
3922 0.000020
3923 0.000020
3924 0.000020
3925 0.000020
3926 0.000020
3927 0.000020
3928 0.000020
3929 0.000020
3930 0.000020
3931 0.000020
3932 0.000020
3933 0.000020
3934 0.000020
3935 0.000020
3936 0.000020
3937 0.000020
3938 0.000020
3939 0.000020
3940 0.000020
3941 0.000020
3942 0.000020
3943 0.000020
3944 0.000020
3945 0.000020
3946 0.000020
3947 0.000020
3948 0.000020
3949 0.000020
3950 0.000020
3951 0.000020
3952 0.000020
3953 0.000020
3954 0.000020
3955 0.000020
3956 0.000020
3957 0.000020
3958 0.000020
3959 0.000020
3960 0.000020
3961 0.000020
3962 0.000020
3963 0.000020
3964 0.000020
3965 0.000020
3966 0.000020
3967 0.000020
3968 0.000020
3969 0.000020
3970 0.000020
3971 0.000020
3972 0.000020
3973 0.000020
3974 0.000020
3975 0.000020
3976 0.000020
3977 0.000020
3978 0.000020
3979 0.000020
3980 0.000020
3981 0.000020
3982 0.000020
3983 0.000020
3984 0.000020
3985 0.000020
3986 0.000020
3987 0.000020
3988 0.000020
3989 0.000020
3990 0.000020
3991 0.000020
3992 0.000020
3993 0.000020
3994 0.000020
3995 0.000020
3996 0.000020
3997 0.000020
3998 0.000020
3999 0.000020
4000 0.000020
4001 0.000020
4002 0.000020
4003 0.000020
4004 0.000020
4005 0.000020
4006 0.000020
4007 0.000020
4008 0.000020
4009 0.000020
4010 0.000020
4011 0.000020
4012 0.000020
4013 0.000020
4014 0.000020
4015 0.000020
4016 0.000020
4017 0.000020
4018 0.000020
4019 0.000020
4020 0.000020
4021 0.000020
4022 0.000020
4023 0.000020
4024 0.000020
4025 0.000020
4026 0.000020
4027 0.000020
4028 0.000020
4029 0.000020
4030 0.000020
4031 0.000020
4032 0.000020
4033 0.000020
4034 0.000020
4035 0.000020
4036 0.000020
4037 0.000020
4038 0.000020
4039 0.000020
4040 0.000020
4041 0.000020
4042 0.000020
4043 0.000020
4044 0.000020
4045 0.000020
4046 0.000020
4047 0.000020
4048 0.000020
4049 0.000020
4050 0.000020
4051 0.000020
4052 0.000020
4053 0.000020
4054 0.000020
4055 0.000020
4056 0.000020
4057 0.000020
4058 0.000020
4059 0.000020
4060 0.000020
4061 0.000020
4062 0.000020
4063 0.000020
4064 0.000020
4065 0.000020
4066 0.000020
4067 0.000020
4068 0.000020
4069 0.000020
4070 0.000020
4071 0.000020
4072 0.000020
4073 0.000020
4074 0.000020
4075 0.000020
4076 0.000020
4077 0.000020
4078 0.000020
4079 0.000020
4080 0.000020
4081 0.000020
4082 0.000020
4083 0.000020
4084 0.000020
4085 0.000020
4086 0.000020
4087 0.000020
4088 0.000020
4089 0.000020
4090 0.000020
4091 0.000020
4092 0.000020
4093 0.000020
4094 0.000020
4095 0.000020
4096 0.000020
4097 0.000020
4098 0.000020
4099 0.000020
4100 0.000020
4101 0.000020
4102 0.000020
4103 0.000020
4104 0.000020
4105 0.000020
4106 0.000020
4107 0.000020
4108 0.000020
4109 0.000020
4110 0.000020
4111 0.000020
4112 0.000020
4113 0.000020
4114 0.000020
4115 0.000020
4116 0.000020
4117 0.000020
4118 0.000020
4119 0.000020
4120 0.000020
4121 0.000020
4122 0.000020
4123 0.000020
4124 0.000020
4125 0.000020
4126 0.000020
4127 0.000020
4128 0.000020
4129 0.000020
4130 0.000020
4131 0.000020
4132 0.000020
4133 0.000020
4134 0.000020
4135 0.000020
4136 0.000020
4137 0.000020
4138 0.000020
4139 0.000020
4140 0.000020
4141 0.000020
4142 0.000020
4143 0.000020
4144 0.000020
4145 0.000020
4146 0.000020
4147 0.000020
4148 0.000020
4149 0.000020
4150 0.000020
4151 0.000020
4152 0.000020
4153 0.000020
4154 0.000020
4155 0.000020
4156 0.000020
4157 0.000020
4158 0.000020
4159 0.000020
4160 0.000020
4161 0.000020
4162 0.000020
4163 0.000020
4164 0.000020
4165 0.000020
4166 0.000020
4167 0.000020
4168 0.000020
4169 0.000020
4170 0.000020
4171 0.000020
4172 0.000020
4173 0.000020
4174 0.000020
4175 0.000020
4176 0.000020
4177 0.000020
4178 0.000020
4179 0.000020
4180 0.000020
4181 0.000020
4182 0.000020
4183 0.000020
4184 0.000020
4185 0.000020
4186 0.000020
4187 0.000020
4188 0.000020
4189 0.000020
4190 0.000020
4191 0.000020
4192 0.000020
4193 0.000020
4194 0.000020
4195 0.000020
4196 0.000020
4197 0.000020
4198 0.000020
4199 0.000020
4200 0.000020
4201 0.000020
4202 0.000020
4203 0.000020
4204 0.000020
4205 0.000020
4206 0.000020
4207 0.000020
4208 0.000020
4209 0.000020
4210 0.000020
4211 0.000020
4212 0.000020
4213 0.000020
4214 0.000020
4215 0.000020
4216 0.000020
4217 0.000020
4218 0.000020
4219 0.000020
4220 0.000020
4221 0.000020
4222 0.000020
4223 0.000020
4224 0.000020
4225 0.000020
4226 0.000020
4227 0.000020
4228 0.000020
4229 0.000020
4230 0.000020
4231 0.000020
4232 0.000020
4233 0.000020
4234 0.000020
4235 0.000020
4236 0.000020
4237 0.000020
4238 0.000020
4239 0.000020
4240 0.000020
4241 0.000020
4242 0.000020
4243 0.000020
4244 0.000020
4245 0.000020
4246 0.000020
4247 0.000020
4248 0.000020
4249 0.000020
4250 0.000020
4251 0.000020
4252 0.000020
4253 0.000020
4254 0.000020
4255 0.000020
4256 0.000020
4257 0.000020
4258 0.000020
4259 0.000020
4260 0.000020
4261 0.000020
4262 0.000020
4263 0.000020
4264 0.000020
4265 0.000020
4266 0.000020
4267 0.000020
4268 0.000020
4269 0.000020
4270 0.000020
4271 0.000020
4272 0.000020
4273 0.000020
4274 0.000020
4275 0.000020
4276 0.000020
4277 0.000020
4278 0.000020
4279 0.000020
4280 0.000020
4281 0.000020
4282 0.000020
4283 0.000020
4284 0.000020
4285 0.000020
4286 0.000020
4287 0.000020
4288 0.000020
4289 0.000020
4290 0.000020
4291 0.000020
4292 0.000020
4293 0.000020
4294 0.000020
4295 0.000020
4296 0.000020
4297 0.000020
4298 0.000020
4299 0.000020
4300 0.000020
4301 0.000020
4302 0.000020
4303 0.000020
4304 0.000020
4305 0.000020
4306 0.000020
4307 0.000020
4308 0.000020
4309 0.000020
4310 0.000020
4311 0.000020
4312 0.000020
4313 0.000020
4314 0.000020
4315 0.000020
4316 0.000020
4317 0.000020
4318 0.000020
4319 0.000020
4320 0.000020
4321 0.000020
4322 0.000020
4323 0.000020
4324 0.000020
4325 0.000020
4326 0.000020
4327 0.000020
4328 0.000020
4329 0.000020
4330 0.000020
4331 0.000020
4332 0.000020
4333 0.000020
4334 0.000020
4335 0.000020
4336 0.000020
4337 0.000020
4338 0.000020
4339 0.000020
4340 0.000020
4341 0.000020
4342 0.000020
4343 0.000020
4344 0.000020
4345 0.000020
4346 0.000020
4347 0.000020
4348 0.000020
4349 0.000020
4350 0.000020
4351 0.000020
4352 0.000020
4353 0.000020
4354 0.000020
4355 0.000020
4356 0.000020
4357 0.000020
4358 0.000020
4359 0.000020
4360 0.000020
4361 0.000020
4362 0.000020
4363 0.000020
4364 0.000020
4365 0.000020
4366 0.000020
4367 0.000020
4368 0.000020
4369 0.000020
4370 0.000020
4371 0.000020
4372 0.000020
4373 0.000020
4374 0.000020
4375 0.000020
4376 0.000020
4377 0.000020
4378 0.000020
4379 0.000020
4380 0.000020
4381 0.000020
4382 0.000020
4383 0.000020
4384 0.000020
4385 0.000020
4386 0.000020
4387 0.000020
4388 0.000020
4389 0.000020
4390 0.000020
4391 0.000020
4392 0.000020
4393 0.000020
4394 0.000020
4395 0.000020
4396 0.000020
4397 0.000020
4398 0.000020
4399 0.000020
4400 0.000020
4401 0.000020
4402 0.000020
4403 0.000020
4404 0.000020
4405 0.000020
4406 0.000020
4407 0.000020
4408 0.000020
4409 0.000020
4410 0.000020
4411 0.000020
4412 0.000020
4413 0.000020
4414 0.000020
4415 0.000020
4416 0.000020
4417 0.000020
4418 0.000020
4419 0.000020
4420 0.000020
4421 0.000020
4422 0.000020
4423 0.000020
4424 0.000020
4425 0.000020
4426 0.000020
4427 0.000020
4428 0.000020
4429 0.000020
4430 0.000020
4431 0.000020
4432 0.000020
4433 0.000020
4434 0.000020
4435 0.000020
4436 0.000020
4437 0.000020
4438 0.000020
4439 0.000020
4440 0.000020
4441 0.000020
4442 0.000020
4443 0.000020
4444 0.000020
4445 0.000020
4446 0.000020
4447 0.000020
4448 0.000020
4449 0.000020
4450 0.000020
4451 0.000020
4452 0.000020
4453 0.000020
4454 0.000020
4455 0.000020
4456 0.000020
4457 0.000020
4458 0.000020
4459 0.000020
4460 0.000020
4461 0.000020
4462 0.000020
4463 0.000020
4464 0.000020
4465 0.000020
4466 0.000020
4467 0.000020
4468 0.000020
4469 0.000020
4470 0.000020
4471 0.000020
4472 0.000020
4473 0.000020
4474 0.000020
4475 0.000020
4476 0.000020
4477 0.000020
4478 0.000020
4479 0.000020
4480 0.000020
4481 0.000020
4482 0.000020
4483 0.000020
4484 0.000020
4485 0.000020
4486 0.000020
4487 0.000020
4488 0.000020
4489 0.000020
4490 0.000020
4491 0.000020
4492 0.000020
4493 0.000020
4494 0.000020
4495 0.000020
4496 0.000020
4497 0.000020
4498 0.000020
4499 0.000020
4500 0.000020
4501 0.000020
4502 0.000020
4503 0.000020
4504 0.000020
4505 0.000020
4506 0.000020
4507 0.000020
4508 0.000020
4509 0.000020
4510 0.000020
4511 0.000020
4512 0.000020
4513 0.000020
4514 0.000020
4515 0.000020
4516 0.000020
4517 0.000020
4518 0.000020
4519 0.000020
4520 0.000020
4521 0.000020
4522 0.000020
4523 0.000020
4524 0.000020
4525 0.000020
4526 0.000020
4527 0.000020
4528 0.000020
4529 0.000020
4530 0.000020
4531 0.000020
4532 0.000020
4533 0.000020
4534 0.000020
4535 0.000020
4536 0.000020
4537 0.000020
4538 0.000020
4539 0.000020
4540 0.000020
4541 0.000020
4542 0.000020
4543 0.000020
4544 0.000020
4545 0.000020
4546 0.000020
4547 0.000020
4548 0.000020
4549 0.000020
4550 0.000020
4551 0.000020
4552 0.000020
4553 0.000020
4554 0.000020
4555 0.000020
4556 0.000020
4557 0.000020
4558 0.000020
4559 0.000020
4560 0.000020
4561 0.000020
4562 0.000020
4563 0.000020
4564 0.000020
4565 0.000020
4566 0.000020
4567 0.000020
4568 0.000020
4569 0.000020
4570 0.000020
4571 0.000020
4572 0.000020
4573 0.000020
4574 0.000020
4575 0.000020
4576 0.000020
4577 0.000020
4578 0.000020
4579 0.000020
4580 0.000020
4581 0.000020
4582 0.000020
4583 0.000020
4584 0.000020
4585 0.000020
4586 0.000020
4587 0.000020
4588 0.000020
4589 0.000020
4590 0.000020
4591 0.000020
4592 0.000020
4593 0.000020
4594 0.000020
4595 0.000020
4596 0.000020
4597 0.000020
4598 0.000020
4599 0.000020
4600 0.000020
4601 0.000020
4602 0.000020
4603 0.000020
4604 0.000020
4605 0.000020
4606 0.000020
4607 0.000020
4608 0.000020
4609 0.000020
4610 0.000020
4611 0.000020
4612 0.000020
4613 0.000020
4614 0.000020
4615 0.000020
4616 0.000020
4617 0.000020
4618 0.000020
4619 0.000020
4620 0.000020
4621 0.000020
4622 0.000020
4623 0.000020
4624 0.000020
4625 0.000020
4626 0.000020
4627 0.000020
4628 0.000020
4629 0.000020
4630 0.000020
4631 0.000020
4632 0.000020
4633 0.000020
4634 0.000020
4635 0.000020
4636 0.000020
4637 0.000020
4638 0.000020
4639 0.000020
4640 0.000020
4641 0.000020
4642 0.000020
4643 0.000020
4644 0.000020
4645 0.000020
4646 0.000020
4647 0.000020
4648 0.000020
4649 0.000020
4650 0.000020
4651 0.000020
4652 0.000020
4653 0.000020
4654 0.000020
4655 0.000020
4656 0.000020
4657 0.000020
4658 0.000020
4659 0.000020
4660 0.000020
4661 0.000020
4662 0.000020
4663 0.000020
4664 0.000020
4665 0.000020
4666 0.000020
4667 0.000020
4668 0.000020
4669 0.000020
4670 0.000020
4671 0.000020
4672 0.000020
4673 0.000020
4674 0.000020
4675 0.000020
4676 0.000020
4677 0.000020
4678 0.000020
4679 0.000020
4680 0.000020
4681 0.000020
4682 0.000020
4683 0.000020
4684 0.000020
4685 0.000020
4686 0.000020
4687 0.000020
4688 0.000020
4689 0.000020
4690 0.000020
4691 0.000020
4692 0.000020
4693 0.000020
4694 0.000020
4695 0.000020
4696 0.000020
4697 0.000020
4698 0.000020
4699 0.000020
4700 0.000020
4701 0.000020
4702 0.000020
4703 0.000020
4704 0.000020
4705 0.000020
4706 0.000020
4707 0.000020
4708 0.000020
4709 0.000020
4710 0.000020
4711 0.000020
4712 0.000020
4713 0.000020
4714 0.000020
4715 0.000020
4716 0.000020
4717 0.000020
4718 0.000020
4719 0.000020
4720 0.000020
4721 0.000020
4722 0.000020
4723 0.000020
4724 0.000020
4725 0.000020
4726 0.000020
4727 0.000020
4728 0.000020
4729 0.000020
4730 0.000020
4731 0.000020
4732 0.000020
4733 0.000020
4734 0.000020
4735 0.000020
4736 0.000020
4737 0.000020
4738 0.000020
4739 0.000020
4740 0.000020
4741 0.000020
4742 0.000020
4743 0.000020
4744 0.000020
4745 0.000020
4746 0.000020
4747 0.000020
4748 0.000020
4749 0.000020
4750 0.000020
4751 0.000020
4752 0.000020
4753 0.000020
4754 0.000020
4755 0.000020
4756 0.000020
4757 0.000020
4758 0.000020
4759 0.000020
4760 0.000020
4761 0.000020
4762 0.000020
4763 0.000020
4764 0.000020
4765 0.000020
4766 0.000020
4767 0.000020
4768 0.000020
4769 0.000020
4770 0.000020
4771 0.000020
4772 0.000020
4773 0.000020
4774 0.000020
4775 0.000020
4776 0.000020
4777 0.000020
4778 0.000020
4779 0.000020
4780 0.000020
4781 0.000020
4782 0.000020
4783 0.000020
4784 0.000020
4785 0.000020
4786 0.000020
4787 0.000020
4788 0.000020
4789 0.000020
4790 0.000020
4791 0.000020
4792 0.000020
4793 0.000020
4794 0.000020
4795 0.000020
4796 0.000020
4797 0.000020
4798 0.000020
4799 0.000020
4800 0.000020
4801 0.000020
4802 0.000020
4803 0.000020
4804 0.000020
4805 0.000020
4806 0.000020
4807 0.000020
4808 0.000020
4809 0.000020
4810 0.000020
4811 0.000020
4812 0.000020
4813 0.000020
4814 0.000020
4815 0.000020
4816 0.000020
4817 0.000020
4818 0.000020
4819 0.000020
4820 0.000020
4821 0.000020
4822 0.000020
4823 0.000020
4824 0.000020
4825 0.000020
4826 0.000020
4827 0.000020
4828 0.000020
4829 0.000020
4830 0.000020
4831 0.000020
4832 0.000020
4833 0.000020
4834 0.000020
4835 0.000020
4836 0.000020
4837 0.000020
4838 0.000020
4839 0.000020
4840 0.000020
4841 0.000020
4842 0.000020
4843 0.000020
4844 0.000020
4845 0.000020
4846 0.000020
4847 0.000020
4848 0.000020
4849 0.000020
4850 0.000020
4851 0.000020
4852 0.000020
4853 0.000020
4854 0.000020
4855 0.000020
4856 0.000020
4857 0.000020
4858 0.000020
4859 0.000020
4860 0.000020
4861 0.000020
4862 0.000020
4863 0.000020
4864 0.000020
4865 0.000020
4866 0.000020
4867 0.000020
4868 0.000020
4869 0.000020
4870 0.000020
4871 0.000020
4872 0.000020
4873 0.000020
4874 0.000020
4875 0.000020
4876 0.000020
4877 0.000020
4878 0.000020
4879 0.000020
4880 0.000020
4881 0.000020
4882 0.000020
4883 0.000020
4884 0.000020
4885 0.000020
4886 0.000020
4887 0.000020
4888 0.000020
4889 0.000020
4890 0.000020
4891 0.000020
4892 0.000020
4893 0.000020
4894 0.000020
4895 0.000020
4896 0.000020
4897 0.000020
4898 0.000020
4899 0.000020
4900 0.000020
4901 0.000020
4902 0.000020
4903 0.000020
4904 0.000020
4905 0.000020
4906 0.000020
4907 0.000020
4908 0.000020
4909 0.000020
4910 0.000020
4911 0.000020
4912 0.000020
4913 0.000020
4914 0.000020
4915 0.000020
4916 0.000020
4917 0.000020
4918 0.000020
4919 0.000020
4920 0.000020
4921 0.000020
4922 0.000020
4923 0.000020
4924 0.000020
4925 0.000020
4926 0.000020
4927 0.000020
4928 0.000020
4929 0.000020
4930 0.000020
4931 0.000020
4932 0.000020
4933 0.000020
4934 0.000020
4935 0.000020
4936 0.000020
4937 0.000020
4938 0.000020
4939 0.000020
4940 0.000020
4941 0.000020
4942 0.000020
4943 0.000020
4944 0.000020
4945 0.000020
4946 0.000020
4947 0.000020
4948 0.000020
4949 0.000020
4950 0.000020
4951 0.000020
4952 0.000020
4953 0.000020
4954 0.000020
4955 0.000020
4956 0.000020
4957 0.000020
4958 0.000020
4959 0.000020
4960 0.000020
4961 0.000020
4962 0.000020
4963 0.000020
4964 0.000020
4965 0.000020
4966 0.000020
4967 0.000020
4968 0.000020
4969 0.000020
4970 0.000020
4971 0.000020
4972 0.000020
4973 0.000020
4974 0.000020
4975 0.000020
4976 0.000020
4977 0.000020
4978 0.000020
4979 0.000020
4980 0.000020
4981 0.000020
4982 0.000020
4983 0.000020
4984 0.000020
4985 0.000020
4986 0.000020
4987 0.000020
4988 0.000020
4989 0.000020
4990 0.000020
4991 0.000020
4992 0.000020
4993 0.000020
4994 0.000020
4995 0.000020
4996 0.000020
4997 0.000020
4998 0.000020
4999 0.000020
5000 0.000020
5001 0.000020
5002 0.000020
5003 0.000020
5004 0.000020
5005 0.000020
5006 0.000020
5007 0.000020
5008 0.000020
5009 0.000020
5010 0.000020
5011 0.000020
5012 0.000020
5013 0.000020
5014 0.000020
5015 0.000020
5016 0.000020
5017 0.000020
5018 0.000020
5019 0.000020
5020 0.000020
5021 0.000020
5022 0.000020
5023 0.000020
5024 0.000020
5025 0.000020
5026 0.000020
5027 0.000020
5028 0.000020
5029 0.000020
5030 0.000020
5031 0.000020
5032 0.000020
5033 0.000020
5034 0.000020
5035 0.000020
5036 0.000020
5037 0.000020
5038 0.000020
5039 0.000020
5040 0.000020
5041 0.000020
5042 0.000020
5043 0.000020
5044 0.000020
5045 0.000020
5046 0.000020
5047 0.000020
5048 0.000020
5049 0.000020
5050 0.000020
5051 0.000020
5052 0.000020
5053 0.000020
5054 0.000020
5055 0.000020
5056 0.000020
5057 0.000020
5058 0.000020
5059 0.000020
5060 0.000020
5061 0.000020
5062 0.000020
5063 0.000020
5064 0.000020
5065 0.000020
5066 0.000020
5067 0.000020
5068 0.000020
5069 0.000020
5070 0.000020
5071 0.000020
5072 0.000020
5073 0.000020
5074 0.000020
5075 0.000020
5076 0.000020
5077 0.000020
5078 0.000020
5079 0.000020
5080 0.000020
5081 0.000020
5082 0.000020
5083 0.000020
5084 0.000020
5085 0.000020
5086 0.000020
5087 0.000020
5088 0.000020
5089 0.000020
5090 0.000020
5091 0.000020
5092 0.000020
5093 0.000020
5094 0.000020
5095 0.000020
5096 0.000020
5097 0.000020
5098 0.000020
5099 0.000020
5100 0.000020
5101 0.000020
5102 0.000020
5103 0.000020
5104 0.000020
5105 0.000020
5106 0.000020
5107 0.000020
5108 0.000020
5109 0.000020
5110 0.000020
5111 0.000020
5112 0.000020
5113 0.000020
5114 0.000020
5115 0.000020
5116 0.000020
5117 0.000020
5118 0.000020
5119 0.000020
5120 0.000020
5121 0.000020
5122 0.000020
5123 0.000020
5124 0.000020
5125 0.000020
5126 0.000020
5127 0.000020
5128 0.000020
5129 0.000020
5130 0.000020
5131 0.000020
5132 0.000020
5133 0.000020
5134 0.000020
5135 0.000020
5136 0.000020
5137 0.000020
5138 0.000020
5139 0.000020
5140 0.000020
5141 0.000020
5142 0.000020
5143 0.000020
5144 0.000020
5145 0.000020
5146 0.000020
5147 0.000020
5148 0.000020
5149 0.000020
5150 0.000020
5151 0.000020
5152 0.000020
5153 0.000020
5154 0.000020
5155 0.000020
5156 0.000020
5157 0.000020
5158 0.000020
5159 0.000020
5160 0.000020
5161 0.000020
5162 0.000020
5163 0.000020
5164 0.000020
5165 0.000020
5166 0.000020
5167 0.000020
5168 0.000020
5169 0.000020
5170 0.000020
5171 0.000020
5172 0.000020
5173 0.000020
5174 0.000020
5175 0.000020
5176 0.000020
5177 0.000020
5178 0.000020
5179 0.000020
5180 0.000020
5181 0.000020
5182 0.000020
5183 0.000020
5184 0.000020
5185 0.000020
5186 0.000020
5187 0.000020
5188 0.000020
5189 0.000020
5190 0.000020
5191 0.000020
5192 0.000020
5193 0.000020
5194 0.000020
5195 0.000020
5196 0.000020
5197 0.000020
5198 0.000020
5199 0.000020
5200 0.000020
5201 0.000020
5202 0.000020
5203 0.000020
5204 0.000020
5205 0.000020
5206 0.000020
5207 0.000020
5208 0.000020
5209 0.000020
5210 0.000020
5211 0.000020
5212 0.000020
5213 0.000020
5214 0.000020
5215 0.000020
5216 0.000020
5217 0.000020
5218 0.000020
5219 0.000020
5220 0.000020
5221 0.000020
5222 0.000020
5223 0.000020
5224 0.000020
5225 0.000020
5226 0.000020
5227 0.000020
5228 0.000020
5229 0.000020
5230 0.000020
5231 0.000020
5232 0.000020
5233 0.000020
5234 0.000020
5235 0.000020
5236 0.000020
5237 0.000020
5238 0.000020
5239 0.000020
5240 0.000020
5241 0.000020
5242 0.000020
5243 0.000020
5244 0.000020
5245 0.000020
5246 0.000020
5247 0.000020
5248 0.000020
5249 0.000020
5250 0.000020
5251 0.000020
5252 0.000020
5253 0.000020
5254 0.000020
5255 0.000020
5256 0.000020
5257 0.000020
5258 0.000020
5259 0.000020
5260 0.000020
5261 0.000020
5262 0.000020
5263 0.000020
5264 0.000020
5265 0.000020
5266 0.000020
5267 0.000020
5268 0.000020
5269 0.000020
5270 0.000020
5271 0.000020
5272 0.000020
5273 0.000020
5274 0.000020
5275 0.000020
5276 0.000020
5277 0.000020
5278 0.000020
5279 0.000020
5280 0.000020
5281 0.000020
5282 0.000020
5283 0.000020
5284 0.000020
5285 0.000020
5286 0.000020
5287 0.000020
5288 0.000020
5289 0.000020
5290 0.000020
5291 0.000020
5292 0.000020
5293 0.000020
5294 0.000020
5295 0.000020
5296 0.000020
5297 0.000020
5298 0.000020
5299 0.000020
5300 0.000020
5301 0.000020
5302 0.000020
5303 0.000020
5304 0.000020
5305 0.000020
5306 0.000020
5307 0.000020
5308 0.000020
5309 0.000020
5310 0.000020
5311 0.000020
5312 0.000020
5313 0.000020
5314 0.000020
5315 0.000020
5316 0.000020
5317 0.000020
5318 0.000020
5319 0.000020
5320 0.000020
5321 0.000020
5322 0.000020
5323 0.000020
5324 0.000020
5325 0.000020
5326 0.000020
5327 0.000020
5328 0.000020
5329 0.000020
5330 0.000020
5331 0.000020
5332 0.000020
5333 0.000020
5334 0.000020
5335 0.000020
5336 0.000020
5337 0.000020
5338 0.000020
5339 0.000020
5340 0.000020
5341 0.000020
5342 0.000020
5343 0.000020
5344 0.000020
5345 0.000020
5346 0.000020
5347 0.000020
5348 0.000020
5349 0.000020
5350 0.000020
5351 0.000020
5352 0.000020
5353 0.000020
5354 0.000020
5355 0.000020
5356 0.000020
5357 0.000020
5358 0.000020
5359 0.000020
5360 0.000020
5361 0.000020
5362 0.000020
5363 0.000020
5364 0.000020
5365 0.000020
5366 0.000020
5367 0.000020
5368 0.000020
5369 0.000020
5370 0.000020
5371 0.000020
5372 0.000020
5373 0.000020
5374 0.000020
5375 0.000020
5376 0.000020
5377 0.000020
5378 0.000020
5379 0.000020
5380 0.000020
5381 0.000020
5382 0.000020
5383 0.000020
5384 0.000020
5385 0.000020
5386 0.000020
5387 0.000020
5388 0.000020
5389 0.000020
5390 0.000020
5391 0.000020
5392 0.000020
5393 0.000020
5394 0.000020
5395 0.000020
5396 0.000020
5397 0.000020
5398 0.000020
5399 0.000020
5400 0.000020
5401 0.000020
5402 0.000020
5403 0.000020
5404 0.000020
5405 0.000020
5406 0.000020
5407 0.000020
5408 0.000020
5409 0.000020
5410 0.000020
5411 0.000020
5412 0.000020
5413 0.000020
5414 0.000020
5415 0.000020
5416 0.000020
5417 0.000020
5418 0.000020
5419 0.000020
5420 0.000020
5421 0.000020
5422 0.000020
5423 0.000020
5424 0.000020
5425 0.000020
5426 0.000020
5427 0.000020
5428 0.000020
5429 0.000020
5430 0.000020
5431 0.000020
5432 0.000020
5433 0.000020
5434 0.000020
5435 0.000020
5436 0.000020
5437 0.000020
5438 0.000020
5439 0.000020
5440 0.000020
5441 0.000020
5442 0.000020
5443 0.000020
5444 0.000020
5445 0.000020
5446 0.000020
5447 0.000020
5448 0.000020
5449 0.000020
5450 0.000020
5451 0.000020
5452 0.000020
5453 0.000020
5454 0.000020
5455 0.000020
5456 0.000020
5457 0.000020
5458 0.000020
5459 0.000020
5460 0.000020
5461 0.000020
5462 0.000020
5463 0.000020
5464 0.000020
5465 0.000020
5466 0.000020
5467 0.000020
5468 0.000020
5469 0.000020
5470 0.000020
5471 0.000020
5472 0.000020
5473 0.000020
5474 0.000020
5475 0.000020
5476 0.000020
5477 0.000020
5478 0.000020
5479 0.000020
5480 0.000020
5481 0.000020
5482 0.000020
5483 0.000020
5484 0.000020
5485 0.000020
5486 0.000020
5487 0.000020
5488 0.000020
5489 0.000020
5490 0.000020
5491 0.000020
5492 0.000020
5493 0.000020
5494 0.000020
5495 0.000020
5496 0.000020
5497 0.000020
5498 0.000020
5499 0.000020
5500 0.000020
5501 0.000020
5502 0.000020
5503 0.000020
5504 0.000020
5505 0.000020
5506 0.000020
5507 0.000020
5508 0.000020
5509 0.000020
5510 0.000020
5511 0.000020
5512 0.000020
5513 0.000020
5514 0.000020
5515 0.000020
5516 0.000020
5517 0.000020
5518 0.000020
5519 0.000020
5520 0.000020
5521 0.000020
5522 0.000020
5523 0.000020
5524 0.000020
5525 0.000020
5526 0.000020
5527 0.000020
5528 0.000020
5529 0.000020
5530 0.000020
5531 0.000020
5532 0.000020
5533 0.000020
5534 0.000020
5535 0.000020
5536 0.000020
5537 0.000020
5538 0.000020
5539 0.000020
5540 0.000020
5541 0.000020
5542 0.000020
5543 0.000020
5544 0.000020
5545 0.000020
5546 0.000020
5547 0.000020
5548 0.000020
5549 0.000020
5550 0.000020
5551 0.000020
5552 0.000020
5553 0.000020
5554 0.000020
5555 0.000020
5556 0.000020
5557 0.000020
5558 0.000020
5559 0.000020
5560 0.000020
5561 0.000020
5562 0.000020
5563 0.000020
5564 0.000020
5565 0.000020
5566 0.000020
5567 0.000020
5568 0.000020
5569 0.000020
5570 0.000020
5571 0.000020
5572 0.000020
5573 0.000020
5574 0.000020
5575 0.000020
5576 0.000020
5577 0.000020
5578 0.000020
5579 0.000020
5580 0.000020
5581 0.000020
5582 0.000020
5583 0.000020
5584 0.000020
5585 0.000020
5586 0.000020
5587 0.000020
5588 0.000020
5589 0.000020
5590 0.000020
5591 0.000020
5592 0.000020
5593 0.000020
5594 0.000020
5595 0.000020
5596 0.000020
5597 0.000020
5598 0.000020
5599 0.000020
5600 0.000020
5601 0.000020
5602 0.000020
5603 0.000020
5604 0.000020
5605 0.000020
5606 0.000020
5607 0.000020
5608 0.000020
5609 0.000020
5610 0.000020
5611 0.000020
5612 0.000020
5613 0.000020
5614 0.000020
5615 0.000020
5616 0.000020
5617 0.000020
5618 0.000020
5619 0.000020
5620 0.000020
5621 0.000020
5622 0.000020
5623 0.000020
5624 0.000020
5625 0.000020
5626 0.000020
5627 0.000020
5628 0.000020
5629 0.000020
5630 0.000020
5631 0.000020
5632 0.000020
5633 0.000020
5634 0.000020
5635 0.000020
5636 0.000020
5637 0.000020
5638 0.000020
5639 0.000020
5640 0.000020
5641 0.000020
5642 0.000020
5643 0.000020
5644 0.000020
5645 0.000020
5646 0.000020
5647 0.000020
5648 0.000020
5649 0.000020
5650 0.000020
5651 0.000020
5652 0.000020
5653 0.000020
5654 0.000020
5655 0.000020
5656 0.000020
5657 0.000020
5658 0.000020
5659 0.000020
5660 0.000020
5661 0.000020
5662 0.000020
5663 0.000020
5664 0.000020
5665 0.000020
5666 0.000020
5667 0.000020
5668 0.000020
5669 0.000020
5670 0.000020
5671 0.000020
5672 0.000020
5673 0.000020
5674 0.000020
5675 0.000020
5676 0.000020
5677 0.000020
5678 0.000020
5679 0.000020
5680 0.000020
5681 0.000020
5682 0.000020
5683 0.000020
5684 0.000020
5685 0.000020
5686 0.000020
5687 0.000020
5688 0.000020
5689 0.000020
5690 0.000020
5691 0.000020
5692 0.000020
5693 0.000020
5694 0.000020
5695 0.000020
5696 0.000020
5697 0.000020
5698 0.000020
5699 0.000020
5700 0.000020
5701 0.000020
5702 0.000020
5703 0.000020
5704 0.000020
5705 0.000020
5706 0.000020
5707 0.000020
5708 0.000020
5709 0.000020
5710 0.000020
5711 0.000020
5712 0.000020
5713 0.000020
5714 0.000020
5715 0.000020
5716 0.000020
5717 0.000020
5718 0.000020
5719 0.000020
5720 0.000020
5721 0.000020
5722 0.000020
5723 0.000020
5724 0.000020
5725 0.000020
5726 0.000020
5727 0.000020
5728 0.000020
5729 0.000020
5730 0.000020
5731 0.000020
5732 0.000020
5733 0.000020
5734 0.000020
5735 0.000020
5736 0.000020
5737 0.000020
5738 0.000020
5739 0.000020
5740 0.000020
5741 0.000020
5742 0.000020
5743 0.000020
5744 0.000020
5745 0.000020
5746 0.000020
5747 0.000020
5748 0.000020
5749 0.000020
5750 0.000020
5751 0.000020
5752 0.000020
5753 0.000020
5754 0.000020
5755 0.000020
5756 0.000020
5757 0.000020
5758 0.000020
5759 0.000020
5760 0.000020
5761 0.000020
5762 0.000020
5763 0.000020
5764 0.000020
5765 0.000020
5766 0.000020
5767 0.000020
5768 0.000020
5769 0.000020
5770 0.000020
5771 0.000020
5772 0.000020
5773 0.000020
5774 0.000020
5775 0.000020
5776 0.000020
5777 0.000020
5778 0.000020
5779 0.000020
5780 0.000020
5781 0.000020
5782 0.000020
5783 0.000020
5784 0.000020
5785 0.000020
5786 0.000020
5787 0.000020
5788 0.000020
5789 0.000020
5790 0.000020
5791 0.000020
5792 0.000020
5793 0.000020
5794 0.000020
5795 0.000020
5796 0.000020
5797 0.000020
5798 0.000020
5799 0.000020
5800 0.000020
5801 0.000020
5802 0.000020
5803 0.000020
5804 0.000020
5805 0.000020
5806 0.000020
5807 0.000020
5808 0.000020
5809 0.000020
5810 0.000020
5811 0.000020
5812 0.000020
5813 0.000020
5814 0.000020
5815 0.000020
5816 0.000020
5817 0.000020
5818 0.000020
5819 0.000020
5820 0.000020
5821 0.000020
5822 0.000020
5823 0.000020
5824 0.000020
5825 0.000020
5826 0.000020
5827 0.000020
5828 0.000020
5829 0.000020
5830 0.000020
5831 0.000020
5832 0.000020
5833 0.000020
5834 0.000020
5835 0.000020
5836 0.000020
5837 0.000020
5838 0.000020
5839 0.000020
5840 0.000020
5841 0.000020
5842 0.000020
5843 0.000020
5844 0.000020
5845 0.000020
5846 0.000020
5847 0.000020
5848 0.000020
5849 0.000020
5850 0.000020
5851 0.000020
5852 0.000020
5853 0.000020
5854 0.000020
5855 0.000020
5856 0.000020
5857 0.000020
5858 0.000020
5859 0.000020
5860 0.000020
5861 0.000020
5862 0.000020
5863 0.000020
5864 0.000020
5865 0.000020
5866 0.000020
5867 0.000020
5868 0.000020
5869 0.000020
5870 0.000020
5871 0.000020
5872 0.000020
5873 0.000020
5874 0.000020
5875 0.000020
5876 0.000020
5877 0.000020
5878 0.000020
5879 0.000020
5880 0.000020
5881 0.000020
5882 0.000020
5883 0.000020
5884 0.000020
5885 0.000020
5886 0.000020
5887 0.000020
5888 0.000020
5889 0.000020
5890 0.000020
5891 0.000020
5892 0.000020
5893 0.000020
5894 0.000020
5895 0.000020
5896 0.000020
5897 0.000020
5898 0.000020
5899 0.000020
5900 0.000020
5901 0.000020
5902 0.000020
5903 0.000020
5904 0.000020
5905 0.000020
5906 0.000020
5907 0.000020
5908 0.000020
5909 0.000020
5910 0.000020
5911 0.000020
5912 0.000020
5913 0.000020
5914 0.000020
5915 0.000020
5916 0.000020
5917 0.000020
5918 0.000020
5919 0.000020
5920 0.000020
5921 0.000020
5922 0.000020
5923 0.000020
5924 0.000020
5925 0.000020
5926 0.000020
5927 0.000020
5928 0.000020
5929 0.000020
5930 0.000020
5931 0.000020
5932 0.000020
5933 0.000020
5934 0.000020
5935 0.000020
5936 0.000020
5937 0.000020
5938 0.000020
5939 0.000020
5940 0.000020
5941 0.000020
5942 0.000020
5943 0.000020
5944 0.000020
5945 0.000020
5946 0.000020
5947 0.000020
5948 0.000020
5949 0.000020
5950 0.000020
5951 0.000020
5952 0.000020
5953 0.000020
5954 0.000020
5955 0.000020
5956 0.000020
5957 0.000020
5958 0.000020
5959 0.000020
5960 0.000020
5961 0.000020
5962 0.000020
5963 0.000020
5964 0.000020
5965 0.000020
5966 0.000020
5967 0.000020
5968 0.000020
5969 0.000020
5970 0.000020
5971 0.000020
5972 0.000020
5973 0.000020
5974 0.000020
5975 0.000020
5976 0.000020
5977 0.000020
5978 0.000020
5979 0.000020
5980 0.000020
5981 0.000020
5982 0.000020
5983 0.000020
5984 0.000020
5985 0.000020
5986 0.000020
5987 0.000020
5988 0.000020
5989 0.000020
5990 0.000020
5991 0.000020
5992 0.000020
5993 0.000020
5994 0.000020
5995 0.000020
5996 0.000020
5997 0.000020
5998 0.000020
5999 0.000020
6000 0.000020
6001 0.000020
6002 0.000020
6003 0.000020
6004 0.000020
6005 0.000020
6006 0.000020
6007 0.000020
6008 0.000020
6009 0.000020
6010 0.000020
6011 0.000020
6012 0.000020
6013 0.000020
6014 0.000020
6015 0.000020
6016 0.000020
6017 0.000020
6018 0.000020
6019 0.000020
6020 0.000020
6021 0.000020
6022 0.000020
6023 0.000020
6024 0.000020
6025 0.000020
6026 0.000020
6027 0.000020
6028 0.000020
6029 0.000020
6030 0.000020
6031 0.000020
6032 0.000020
6033 0.000020
6034 0.000020
6035 0.000020
6036 0.000020
6037 0.000020
6038 0.000020
6039 0.000020
6040 0.000020
6041 0.000020
6042 0.000020
6043 0.000020
6044 0.000020
6045 0.000020
6046 0.000020
6047 0.000020
6048 0.000020
6049 0.000020
6050 0.000020
6051 0.000020
6052 0.000020
6053 0.000020
6054 0.000020
6055 0.000020
6056 0.000020
6057 0.000020
6058 0.000020
6059 0.000020
6060 0.000020
6061 0.000020
6062 0.000020
6063 0.000020
6064 0.000020
6065 0.000020
6066 0.000020
6067 0.000020
6068 0.000020
6069 0.000020
6070 0.000020
6071 0.000020
6072 0.000020
6073 0.000020
6074 0.000020
6075 0.000020
6076 0.000020
6077 0.000020
6078 0.000020
6079 0.000020
6080 0.000020
6081 0.000020
6082 0.000020
6083 0.000020
6084 0.000020
6085 0.000020
6086 0.000020
6087 0.000020
6088 0.000020
6089 0.000020
6090 0.000020
6091 0.000020
6092 0.000020
6093 0.000020
6094 0.000020
6095 0.000020
6096 0.000020
6097 0.000020
6098 0.000020
6099 0.000020
6100 0.000020
6101 0.000020
6102 0.000020
6103 0.000020
6104 0.000020
6105 0.000020
6106 0.000020
6107 0.000020
6108 0.000020
6109 0.000020
6110 0.000020
6111 0.000020
6112 0.000020
6113 0.000020
6114 0.000020
6115 0.000020
6116 0.000020
6117 0.000020
6118 0.000020
6119 0.000020
6120 0.000020
6121 0.000020
6122 0.000020
6123 0.000020
6124 0.000020
6125 0.000020
6126 0.000020
6127 0.000020
6128 0.000020
6129 0.000020
6130 0.000020
6131 0.000020
6132 0.000020
6133 0.000020
6134 0.000020
6135 0.000020
6136 0.000020
6137 0.000020
6138 0.000020
6139 0.000020
6140 0.000020
6141 0.000020
6142 0.000020
6143 0.000020
6144 0.000020
6145 0.000020
6146 0.000020
6147 0.000020
6148 0.000020
6149 0.000020
6150 0.000020
6151 0.000020
6152 0.000020
6153 0.000020
6154 0.000020
6155 0.000020
6156 0.000020
6157 0.000020
6158 0.000020
6159 0.000020
6160 0.000020
6161 0.000020
6162 0.000020
6163 0.000020
6164 0.000020
6165 0.000020
6166 0.000020
6167 0.000020
6168 0.000020
6169 0.000020
6170 0.000020
6171 0.000020
6172 0.000020
6173 0.000020
6174 0.000020
6175 0.000020
6176 0.000020
6177 0.000020
6178 0.000020
6179 0.000020
6180 0.000020
6181 0.000020
6182 0.000020
6183 0.000020
6184 0.000020
6185 0.000020
6186 0.000020
6187 0.000020
6188 0.000020
6189 0.000020
6190 0.000020
6191 0.000020
6192 0.000020
6193 0.000020
6194 0.000020
6195 0.000020
6196 0.000020
6197 0.000020
6198 0.000020
6199 0.000020
6200 0.000020
6201 0.000020
6202 0.000020
6203 0.000020
6204 0.000020
6205 0.000020
6206 0.000020
6207 0.000020
6208 0.000020
6209 0.000020
6210 0.000020
6211 0.000020
6212 0.000020
6213 0.000020
6214 0.000020
6215 0.000020
6216 0.000020
6217 0.000020
6218 0.000020
6219 0.000020
6220 0.000020
6221 0.000020
6222 0.000020
6223 0.000020
6224 0.000020
6225 0.000020
6226 0.000020
6227 0.000020
6228 0.000020
6229 0.000020
6230 0.000020
6231 0.000020
6232 0.000020
6233 0.000020
6234 0.000020
6235 0.000020
6236 0.000020
6237 0.000020
6238 0.000020
6239 0.000020
6240 0.000020
6241 0.000020
6242 0.000020
6243 0.000020
6244 0.000020
6245 0.000020
6246 0.000020
6247 0.000020
6248 0.000020
6249 0.000020
6250 0.000020
6251 0.000020
6252 0.000020
6253 0.000020
6254 0.000020
6255 0.000020
6256 0.000020
6257 0.000020
6258 0.000020
6259 0.000020
6260 0.000020
6261 0.000020
6262 0.000020
6263 0.000020
6264 0.000020
6265 0.000020
6266 0.000020
6267 0.000020
6268 0.000020
6269 0.000020
6270 0.000020
6271 0.000020
6272 0.000020
6273 0.000020
6274 0.000020
6275 0.000020
6276 0.000020
6277 0.000020
6278 0.000020
6279 0.000020
6280 0.000020
6281 0.000020
6282 0.000020
6283 0.000020
6284 0.000020
6285 0.000020
6286 0.000020
6287 0.000020
6288 0.000020
6289 0.000020
6290 0.000020
6291 0.000020
6292 0.000020
6293 0.000020
6294 0.000020
6295 0.000020
6296 0.000020
6297 0.000020
6298 0.000020
6299 0.000020
6300 0.000020
6301 0.000020
6302 0.000020
6303 0.000020
6304 0.000020
6305 0.000020
6306 0.000020
6307 0.000020
6308 0.000020
6309 0.000020
6310 0.000020
6311 0.000020
6312 0.000020
6313 0.000020
6314 0.000020
6315 0.000020
6316 0.000020
6317 0.000020
6318 0.000020
6319 0.000020
6320 0.000020
6321 0.000020
6322 0.000020
6323 0.000020
6324 0.000020
6325 0.000020
6326 0.000020
6327 0.000020
6328 0.000020
6329 0.000020
6330 0.000020
6331 0.000020
6332 0.000020
6333 0.000020
6334 0.000020
6335 0.000020
6336 0.000020
6337 0.000020
6338 0.000020
6339 0.000020
6340 0.000020
6341 0.000020
6342 0.000020
6343 0.000020
6344 0.000020
6345 0.000020
6346 0.000020
6347 0.000020
6348 0.000020
6349 0.000020
6350 0.000020
6351 0.000020
6352 0.000020
6353 0.000020
6354 0.000020
6355 0.000020
6356 0.000020
6357 0.000020
6358 0.000020
6359 0.000020
6360 0.000020
6361 0.000020
6362 0.000020
6363 0.000020
6364 0.000020
6365 0.000020
6366 0.000020
6367 0.000020
6368 0.000020
6369 0.000020
6370 0.000020
6371 0.000020
6372 0.000020
6373 0.000020
6374 0.000020
6375 0.000020
6376 0.000020
6377 0.000020
6378 0.000020
6379 0.000020
6380 0.000020
6381 0.000020
6382 0.000020
6383 0.000020
6384 0.000020
6385 0.000020
6386 0.000020
6387 0.000020
6388 0.000020
6389 0.000020
6390 0.000020
6391 0.000020
6392 0.000020
6393 0.000020
6394 0.000020
6395 0.000020
6396 0.000020
6397 0.000020
6398 0.000020
6399 0.000020
6400 0.000020
6401 0.000020
6402 0.000020
6403 0.000020
6404 0.000020
6405 0.000020
6406 0.000020
6407 0.000020
6408 0.000020
6409 0.000020
6410 0.000020
6411 0.000020
6412 0.000020
6413 0.000020
6414 0.000020
6415 0.000020
6416 0.000020
6417 0.000020
6418 0.000020
6419 0.000020
6420 0.000020
6421 0.000020
6422 0.000020
6423 0.000020
6424 0.000020
6425 0.000020
6426 0.000020
6427 0.000020
6428 0.000020
6429 0.000020
6430 0.000020
6431 0.000020
6432 0.000020
6433 0.000020
6434 0.000020
6435 0.000020
6436 0.000020
6437 0.000020
6438 0.000020
6439 0.000020
6440 0.000020
6441 0.000020
6442 0.000020
6443 0.000020
6444 0.000020
6445 0.000020
6446 0.000020
6447 0.000020
6448 0.000020
6449 0.000020
6450 0.000020
6451 0.000020
6452 0.000020
6453 0.000020
6454 0.000020
6455 0.000020
6456 0.000020
6457 0.000020
6458 0.000020
6459 0.000020
6460 0.000020
6461 0.000020
6462 0.000020
6463 0.000020
6464 0.000020
6465 0.000020
6466 0.000020
6467 0.000020
6468 0.000020
6469 0.000020
6470 0.000020
6471 0.000020
6472 0.000020
6473 0.000020
6474 0.000020
6475 0.000020
6476 0.000020
6477 0.000020
6478 0.000020
6479 0.000020
6480 0.000020
6481 0.000020
6482 0.000020
6483 0.000020
6484 0.000020
6485 0.000020
6486 0.000020
6487 0.000020
6488 0.000020
6489 0.000020
6490 0.000020
6491 0.000020
6492 0.000020
6493 0.000020
6494 0.000020
6495 0.000020
6496 0.000020
6497 0.000020
6498 0.000020
6499 0.000020
6500 0.000020
6501 0.000020
6502 0.000020
6503 0.000020
6504 0.000020
6505 0.000020
6506 0.000020
6507 0.000020
6508 0.000020
6509 0.000020
6510 0.000020
6511 0.000020
6512 0.000020
6513 0.000020
6514 0.000020
6515 0.000020
6516 0.000020
6517 0.000020
6518 0.000020
6519 0.000020
6520 0.000020
6521 0.000020
6522 0.000020
6523 0.000020
6524 0.000020
6525 0.000020
6526 0.000020
6527 0.000020
6528 0.000020
6529 0.000020
6530 0.000020
6531 0.000020
6532 0.000020
6533 0.000020
6534 0.000020
6535 0.000020
6536 0.000020
6537 0.000020
6538 0.000020
6539 0.000020
6540 0.000020
6541 0.000020
6542 0.000020
6543 0.000020
6544 0.000020
6545 0.000020
6546 0.000020
6547 0.000020
6548 0.000020
6549 0.000020
6550 0.000020
6551 0.000020
6552 0.000020
6553 0.000020
6554 0.000020
6555 0.000020
6556 0.000020
6557 0.000020
6558 0.000020
6559 0.000020
6560 0.000020
6561 0.000020
6562 0.000020
6563 0.000020
6564 0.000020
6565 0.000020
6566 0.000020
6567 0.000020
6568 0.000020
6569 0.000020
6570 0.000020
6571 0.000020
6572 0.000020
6573 0.000020
6574 0.000020
6575 0.000020
6576 0.000020
6577 0.000020
6578 0.000020
6579 0.000020
6580 0.000020
6581 0.000020
6582 0.000020
6583 0.000020
6584 0.000020
6585 0.000020
6586 0.000020
6587 0.000020
6588 0.000020
6589 0.000020
6590 0.000020
6591 0.000020
6592 0.000020
6593 0.000020
6594 0.000020
6595 0.000020
6596 0.000020
6597 0.000020
6598 0.000020
6599 0.000020
6600 0.000020
6601 0.000020
6602 0.000020
6603 0.000020
6604 0.000020
6605 0.000020
6606 0.000020
6607 0.000020
6608 0.000020
6609 0.000020
6610 0.000020
6611 0.000020
6612 0.000020
6613 0.000020
6614 0.000020
6615 0.000020
6616 0.000020
6617 0.000020
6618 0.000020
6619 0.000020
6620 0.000020
6621 0.000020
6622 0.000020
6623 0.000020
6624 0.000020
6625 0.000020
6626 0.000020
6627 0.000020
6628 0.000020
6629 0.000020
6630 0.000020
6631 0.000020
6632 0.000020
6633 0.000020
6634 0.000020
6635 0.000020
6636 0.000020
6637 0.000020
6638 0.000020
6639 0.000020
6640 0.000020
6641 0.000020
6642 0.000020
6643 0.000020
6644 0.000020
6645 0.000020
6646 0.000020
6647 0.000020
6648 0.000020
6649 0.000020
6650 0.000020
6651 0.000020
6652 0.000020
6653 0.000020
6654 0.000020
6655 0.000020
6656 0.000020
6657 0.000020
6658 0.000020
6659 0.000020
6660 0.000020
6661 0.000020
6662 0.000020
6663 0.000020
6664 0.000020
6665 0.000020
6666 0.000020
6667 0.000020
6668 0.000020
6669 0.000020
6670 0.000020
6671 0.000020
6672 0.000020
6673 0.000020
6674 0.000020
6675 0.000020
6676 0.000020
6677 0.000020
6678 0.000020
6679 0.000020
6680 0.000020
6681 0.000020
6682 0.000020
6683 0.000020
6684 0.000020
6685 0.000020
6686 0.000020
6687 0.000020
6688 0.000020
6689 0.000020
6690 0.000020
6691 0.000020
6692 0.000020
6693 0.000020
6694 0.000020
6695 0.000020
6696 0.000020
6697 0.000020
6698 0.000020
6699 0.000020
6700 0.000020
6701 0.000020
6702 0.000020
6703 0.000020
6704 0.000020
6705 0.000020
6706 0.000020
6707 0.000020
6708 0.000020
6709 0.000020
6710 0.000020
6711 0.000020
6712 0.000020
6713 0.000020
6714 0.000020
6715 0.000020
6716 0.000020
6717 0.000020
6718 0.000020
6719 0.000020
6720 0.000020
6721 0.000020
6722 0.000020
6723 0.000020
6724 0.000020
6725 0.000020
6726 0.000020
6727 0.000020
6728 0.000020
6729 0.000020
6730 0.000020
6731 0.000020
6732 0.000020
6733 0.000020
6734 0.000020
6735 0.000020
6736 0.000020
6737 0.000020
6738 0.000020
6739 0.000020
6740 0.000020
6741 0.000020
6742 0.000020
6743 0.000020
6744 0.000020
6745 0.000020
6746 0.000020
6747 0.000020
6748 0.000020
6749 0.000020
6750 0.000020
6751 0.000020
6752 0.000020
6753 0.000020
6754 0.000020
6755 0.000020
6756 0.000020
6757 0.000020
6758 0.000020
6759 0.000020
6760 0.000020
6761 0.000020
6762 0.000020
6763 0.000020
6764 0.000020
6765 0.000020
6766 0.000020
6767 0.000020
6768 0.000020
6769 0.000020
6770 0.000020
6771 0.000020
6772 0.000020
6773 0.000020
6774 0.000020
6775 0.000020
6776 0.000020
6777 0.000020
6778 0.000020
6779 0.000020
6780 0.000020
6781 0.000020
6782 0.000020
6783 0.000020
6784 0.000020
6785 0.000020
6786 0.000020
6787 0.000020
6788 0.000020
6789 0.000020
6790 0.000020
6791 0.000020
6792 0.000020
6793 0.000020
6794 0.000020
6795 0.000020
6796 0.000020
6797 0.000020
6798 0.000020
6799 0.000020
6800 0.000020
6801 0.000020
6802 0.000020
6803 0.000020
6804 0.000020
6805 0.000020
6806 0.000020
6807 0.000020
6808 0.000020
6809 0.000020
6810 0.000020
6811 0.000020
6812 0.000020
6813 0.000020
6814 0.000020
6815 0.000020
6816 0.000020
6817 0.000020
6818 0.000020
6819 0.000020
6820 0.000020
6821 0.000020
6822 0.000020
6823 0.000020
6824 0.000020
6825 0.000020
6826 0.000020
6827 0.000020
6828 0.000020
6829 0.000020
6830 0.000020
6831 0.000020
6832 0.000020
6833 0.000020
6834 0.000020
6835 0.000020
6836 0.000020
6837 0.000020
6838 0.000020
6839 0.000020
6840 0.000020
6841 0.000020
6842 0.000020
6843 0.000020
6844 0.000020
6845 0.000020
6846 0.000020
6847 0.000020
6848 0.000020
6849 0.000020
6850 0.000020
6851 0.000020
6852 0.000020
6853 0.000020
6854 0.000020
6855 0.000020
6856 0.000020
6857 0.000020
6858 0.000020
6859 0.000020
6860 0.000020
6861 0.000020
6862 0.000020
6863 0.000020
6864 0.000020
6865 0.000020
6866 0.000020
6867 0.000020
6868 0.000020
6869 0.000020
6870 0.000020
6871 0.000020
6872 0.000020
6873 0.000020
6874 0.000020
6875 0.000020
6876 0.000020
6877 0.000020
6878 0.000020
6879 0.000020
6880 0.000020
6881 0.000020
6882 0.000020
6883 0.000020
6884 0.000020
6885 0.000020
6886 0.000020
6887 0.000020
6888 0.000020
6889 0.000020
6890 0.000020
6891 0.000020
6892 0.000020
6893 0.000020
6894 0.000020
6895 0.000020
6896 0.000020
6897 0.000020
6898 0.000020
6899 0.000020
6900 0.000020
6901 0.000020
6902 0.000020
6903 0.000020
6904 0.000020
6905 0.000020
6906 0.000020
6907 0.000020
6908 0.000020
6909 0.000020
6910 0.000020
6911 0.000020
6912 0.000020
6913 0.000020
6914 0.000020
6915 0.000020
6916 0.000020
6917 0.000020
6918 0.000020
6919 0.000020
6920 0.000020
6921 0.000020
6922 0.000020
6923 0.000020
6924 0.000020
6925 0.000020
6926 0.000020
6927 0.000020
6928 0.000020
6929 0.000020
6930 0.000020
6931 0.000020
6932 0.000020
6933 0.000020
6934 0.000020
6935 0.000020
6936 0.000020
6937 0.000020
6938 0.000020
6939 0.000020
6940 0.000020
6941 0.000020
6942 0.000020
6943 0.000020
6944 0.000020
6945 0.000020
6946 0.000020
6947 0.000020
6948 0.000020
6949 0.000020
6950 0.000020
6951 0.000020
6952 0.000020
6953 0.000020
6954 0.000020
6955 0.000020
6956 0.000020
6957 0.000020
6958 0.000020
6959 0.000020
6960 0.000020
6961 0.000020
6962 0.000020
6963 0.000020
6964 0.000020
6965 0.000020
6966 0.000020
6967 0.000020
6968 0.000020
6969 0.000020
6970 0.000020
6971 0.000020
6972 0.000020
6973 0.000020
6974 0.000020
6975 0.000020
6976 0.000020
6977 0.000020
6978 0.000020
6979 0.000020
6980 0.000020
6981 0.000020
6982 0.000020
6983 0.000020
6984 0.000020
6985 0.000020
6986 0.000020
6987 0.000020
6988 0.000020
6989 0.000020
6990 0.000020
6991 0.000020
6992 0.000020
6993 0.000020
6994 0.000020
6995 0.000020
6996 0.000020
6997 0.000020
6998 0.000020
6999 0.000020
7000 0.000020
7001 0.000020
7002 0.000020
7003 0.000020
7004 0.000020
7005 0.000020
7006 0.000020
7007 0.000020
7008 0.000020
7009 0.000020
7010 0.000020
7011 0.000020
7012 0.000020
7013 0.000020
7014 0.000020
7015 0.000020
7016 0.000020
7017 0.000020
7018 0.000020
7019 0.000020
7020 0.000020
7021 0.000020
7022 0.000020
7023 0.000020
7024 0.000020
7025 0.000020
7026 0.000020
7027 0.000020
7028 0.000020
7029 0.000020
7030 0.000020
7031 0.000020
7032 0.000020
7033 0.000020
7034 0.000020
7035 0.000020
7036 0.000020
7037 0.000020
7038 0.000020
7039 0.000020
7040 0.000020
7041 0.000020
7042 0.000020
7043 0.000020
7044 0.000020
7045 0.000020
7046 0.000020
7047 0.000020
7048 0.000020
7049 0.000020
7050 0.000020
7051 0.000020
7052 0.000020
7053 0.000020
7054 0.000020
7055 0.000020
7056 0.000020
7057 0.000020
7058 0.000020
7059 0.000020
7060 0.000020
7061 0.000020
7062 0.000020
7063 0.000020
7064 0.000020
7065 0.000020
7066 0.000020
7067 0.000020
7068 0.000020
7069 0.000020
7070 0.000020
7071 0.000020
7072 0.000020
7073 0.000020
7074 0.000020
7075 0.000020
7076 0.000020
7077 0.000020
7078 0.000020
7079 0.000020
7080 0.000020
7081 0.000020
7082 0.000020
7083 0.000020
7084 0.000020
7085 0.000020
7086 0.000020
7087 0.000020
7088 0.000020
7089 0.000020
7090 0.000020
7091 0.000020
7092 0.000020
7093 0.000020
7094 0.000020
7095 0.000020
7096 0.000020
7097 0.000020
7098 0.000020
7099 0.000020
7100 0.000020
7101 0.000020
7102 0.000020
7103 0.000020
7104 0.000020
7105 0.000020
7106 0.000020
7107 0.000020
7108 0.000020
7109 0.000020
7110 0.000020
7111 0.000020
7112 0.000020
7113 0.000020
7114 0.000020
7115 0.000020
7116 0.000020
7117 0.000020
7118 0.000020
7119 0.000020
7120 0.000020
7121 0.000020
7122 0.000020
7123 0.000020
7124 0.000020
7125 0.000020
7126 0.000020
7127 0.000020
7128 0.000020
7129 0.000020
7130 0.000020
7131 0.000020
7132 0.000020
7133 0.000020
7134 0.000020
7135 0.000020
7136 0.000020
7137 0.000020
7138 0.000020
7139 0.000020
7140 0.000020
7141 0.000020
7142 0.000020
7143 0.000020
7144 0.000020
7145 0.000020
7146 0.000020
7147 0.000020
7148 0.000020
7149 0.000020
7150 0.000020
7151 0.000020
7152 0.000020
7153 0.000020
7154 0.000020
7155 0.000020
7156 0.000020
7157 0.000020
7158 0.000020
7159 0.000020
7160 0.000020
7161 0.000020
7162 0.000020
7163 0.000020
7164 0.000020
7165 0.000020
7166 0.000020
7167 0.000020
7168 0.000020
7169 0.000020
7170 0.000020
7171 0.000020
7172 0.000020
7173 0.000020
7174 0.000020
7175 0.000020
7176 0.000020
7177 0.000020
7178 0.000020
7179 0.000020
7180 0.000020
7181 0.000020
7182 0.000020
7183 0.000020
7184 0.000020
7185 0.000020
7186 0.000020
7187 0.000020
7188 0.000020
7189 0.000020
7190 0.000020
7191 0.000020
7192 0.000020
7193 0.000020
7194 0.000020
7195 0.000020
7196 0.000020
7197 0.000020
7198 0.000020
7199 0.000020
7200 0.000020
7201 0.000020
7202 0.000020
7203 0.000020
7204 0.000020
7205 0.000020
7206 0.000020
7207 0.000020
7208 0.000020
7209 0.000020
7210 0.000020
7211 0.000020
7212 0.000020
7213 0.000020
7214 0.000020
7215 0.000020
7216 0.000020
7217 0.000020
7218 0.000020
7219 0.000020
7220 0.000020
7221 0.000020
7222 0.000020
7223 0.000020
7224 0.000020
7225 0.000020
7226 0.000020
7227 0.000020
7228 0.000020
7229 0.000020
7230 0.000020
7231 0.000020
7232 0.000020
7233 0.000020
7234 0.000020
7235 0.000020
7236 0.000020
7237 0.000020
7238 0.000020
7239 0.000020
7240 0.000020
7241 0.000020
7242 0.000020
7243 0.000020
7244 0.000020
7245 0.000020
7246 0.000020
7247 0.000020
7248 0.000020
7249 0.000020
7250 0.000020
7251 0.000020
7252 0.000020
7253 0.000020
7254 0.000020
7255 0.000020
7256 0.000020
7257 0.000020
7258 0.000020
7259 0.000020
7260 0.000020
7261 0.000020
7262 0.000020
7263 0.000020
7264 0.000020
7265 0.000020
7266 0.000020
7267 0.000020
7268 0.000020
7269 0.000020
7270 0.000020
7271 0.000020
7272 0.000020
7273 0.000020
7274 0.000020
7275 0.000020
7276 0.000020
7277 0.000020
7278 0.000020
7279 0.000020
7280 0.000020
7281 0.000020
7282 0.000020
7283 0.000020
7284 0.000020
7285 0.000020
7286 0.000020
7287 0.000020
7288 0.000020
7289 0.000020
7290 0.000020
7291 0.000020
7292 0.000020
7293 0.000020
7294 0.000020
7295 0.000020
7296 0.000020
7297 0.000020
7298 0.000020
7299 0.000020
7300 0.000020
7301 0.000020
7302 0.000020
7303 0.000020
7304 0.000020
7305 0.000020
7306 0.000020
7307 0.000020
7308 0.000020
7309 0.000020
7310 0.000020
7311 0.000020
7312 0.000020
7313 0.000020
7314 0.000020
7315 0.000020
7316 0.000020
7317 0.000020
7318 0.000020
7319 0.000020
7320 0.000020
7321 0.000020
7322 0.000020
7323 0.000020
7324 0.000020
7325 0.000020
7326 0.000020
7327 0.000020
7328 0.000020
7329 0.000020
7330 0.000020
7331 0.000020
7332 0.000020
7333 0.000020
7334 0.000020
7335 0.000020
7336 0.000020
7337 0.000020
7338 0.000020
7339 0.000020
7340 0.000020
7341 0.000020
7342 0.000020
7343 0.000020
7344 0.000020
7345 0.000020
7346 0.000020
7347 0.000020
7348 0.000020
7349 0.000020
7350 0.000020
7351 0.000020
7352 0.000020
7353 0.000020
7354 0.000020
7355 0.000020
7356 0.000020
7357 0.000020
7358 0.000020
7359 0.000020
7360 0.000020
7361 0.000020
7362 0.000020
7363 0.000020
7364 0.000020
7365 0.000020
7366 0.000020
7367 0.000020
7368 0.000020
7369 0.000020
7370 0.000020
7371 0.000020
7372 0.000020
7373 0.000020
7374 0.000020
7375 0.000020
7376 0.000020
7377 0.000020
7378 0.000020
7379 0.000020
7380 0.000020
7381 0.000020
7382 0.000020
7383 0.000020
7384 0.000020
7385 0.000020
7386 0.000020
7387 0.000020
7388 0.000020
7389 0.000020
7390 0.000020
7391 0.000020
7392 0.000020
7393 0.000020
7394 0.000020
7395 0.000020
7396 0.000020
7397 0.000020
7398 0.000020
7399 0.000020
7400 0.000020
7401 0.000020
7402 0.000020
7403 0.000020
7404 0.000020
7405 0.000020
7406 0.000020
7407 0.000020
7408 0.000020
7409 0.000020
7410 0.000020
7411 0.000020
7412 0.000020
7413 0.000020
7414 0.000020
7415 0.000020
7416 0.000020
7417 0.000020
7418 0.000020
7419 0.000020
7420 0.000020
7421 0.000020
7422 0.000020
7423 0.000020
7424 0.000020
7425 0.000020
7426 0.000020
7427 0.000020
7428 0.000020
7429 0.000020
7430 0.000020
7431 0.000020
7432 0.000020
7433 0.000020
7434 0.000020
7435 0.000020
7436 0.000020
7437 0.000020
7438 0.000020
7439 0.000020
7440 0.000020
7441 0.000020
7442 0.000020
7443 0.000020
7444 0.000020
7445 0.000020
7446 0.000020
7447 0.000020
7448 0.000020
7449 0.000020
7450 0.000020
7451 0.000020
7452 0.000020
7453 0.000020
7454 0.000020
7455 0.000020
7456 0.000020
7457 0.000020
7458 0.000020
7459 0.000020
7460 0.000020
7461 0.000020
7462 0.000020
7463 0.000020
7464 0.000020
7465 0.000020
7466 0.000020
7467 0.000020
7468 0.000020
7469 0.000020
7470 0.000020
7471 0.000020
7472 0.000020
7473 0.000020
7474 0.000020
7475 0.000020
7476 0.000020
7477 0.000020
7478 0.000020
7479 0.000020
7480 0.000020
7481 0.000020
7482 0.000020
7483 0.000020
7484 0.000020
7485 0.000020
7486 0.000020
7487 0.000020
7488 0.000020
7489 0.000020
7490 0.000020
7491 0.000020
7492 0.000020
7493 0.000020
7494 0.000020
7495 0.000020
7496 0.000020
7497 0.000020
7498 0.000020
7499 0.000020
7500 0.000020
7501 0.000020
7502 0.000020
7503 0.000020
7504 0.000020
7505 0.000020
7506 0.000020
7507 0.000020
7508 0.000020
7509 0.000020
7510 0.000020
7511 0.000020
7512 0.000020
7513 0.000020
7514 0.000020
7515 0.000020
7516 0.000020
7517 0.000020
7518 0.000020
7519 0.000020
7520 0.000020
7521 0.000020
7522 0.000020
7523 0.000020
7524 0.000020
7525 0.000020
7526 0.000020
7527 0.000020
7528 0.000020
7529 0.000020
7530 0.000020
7531 0.000020
7532 0.000020
7533 0.000020
7534 0.000020
7535 0.000020
7536 0.000020
7537 0.000020
7538 0.000020
7539 0.000020
7540 0.000020
7541 0.000020
7542 0.000020
7543 0.000020
7544 0.000020
7545 0.000020
7546 0.000020
7547 0.000020
7548 0.000020
7549 0.000020
7550 0.000020
7551 0.000020
7552 0.000020
7553 0.000020
7554 0.000020
7555 0.000020
7556 0.000020
7557 0.000020
7558 0.000020
7559 0.000020
7560 0.000020
7561 0.000020
7562 0.000020
7563 0.000020
7564 0.000020
7565 0.000020
7566 0.000020
7567 0.000020
7568 0.000020
7569 0.000020
7570 0.000020
7571 0.000020
7572 0.000020
7573 0.000020
7574 0.000020
7575 0.000020
7576 0.000020
7577 0.000020
7578 0.000020
7579 0.000020
7580 0.000020
7581 0.000020
7582 0.000020
7583 0.000020
7584 0.000020
7585 0.000020
7586 0.000020
7587 0.000020
7588 0.000020
7589 0.000020
7590 0.000020
7591 0.000020
7592 0.000020
7593 0.000020
7594 0.000020
7595 0.000020
7596 0.000020
7597 0.000020
7598 0.000020
7599 0.000020
7600 0.000020
7601 0.000020
7602 0.000020
7603 0.000020
7604 0.000020
7605 0.000020
7606 0.000020
7607 0.000020
7608 0.000020
7609 0.000020
7610 0.000020
7611 0.000020
7612 0.000020
7613 0.000020
7614 0.000020
7615 0.000020
7616 0.000020
7617 0.000020
7618 0.000020
7619 0.000020
7620 0.000020
7621 0.000020
7622 0.000020
7623 0.000020
7624 0.000020
7625 0.000020
7626 0.000020
7627 0.000020
7628 0.000020
7629 0.000020
7630 0.000020
7631 0.000020
7632 0.000020
7633 0.000020
7634 0.000020
7635 0.000020
7636 0.000020
7637 0.000020
7638 0.000020
7639 0.000020
7640 0.000020
7641 0.000020
7642 0.000020
7643 0.000020
7644 0.000020
7645 0.000020
7646 0.000020
7647 0.000020
7648 0.000020
7649 0.000020
7650 0.000020
7651 0.000020
7652 0.000020
7653 0.000020
7654 0.000020
7655 0.000020
7656 0.000020
7657 0.000020
7658 0.000020
7659 0.000020
7660 0.000020
7661 0.000020
7662 0.000020
7663 0.000020
7664 0.000020
7665 0.000020
7666 0.000020
7667 0.000020
7668 0.000020
7669 0.000020
7670 0.000020
7671 0.000020
7672 0.000020
7673 0.000020
7674 0.000020
7675 0.000020
7676 0.000020
7677 0.000020
7678 0.000020
7679 0.000020
7680 0.000020
7681 0.000020
7682 0.000020
7683 0.000020
7684 0.000020
7685 0.000020
7686 0.000020
7687 0.000020
7688 0.000020
7689 0.000020
7690 0.000020
7691 0.000020
7692 0.000020
7693 0.000020
7694 0.000020
7695 0.000020
7696 0.000020
7697 0.000020
7698 0.000020
7699 0.000020
7700 0.000020
7701 0.000020
7702 0.000020
7703 0.000020
7704 0.000020
7705 0.000020
7706 0.000020
7707 0.000020
7708 0.000020
7709 0.000020
7710 0.000020
7711 0.000020
7712 0.000020
7713 0.000020
7714 0.000020
7715 0.000020
7716 0.000020
7717 0.000020
7718 0.000020
7719 0.000020
7720 0.000020
7721 0.000020
7722 0.000020
7723 0.000020
7724 0.000020
7725 0.000020
7726 0.000020
7727 0.000020
7728 0.000020
7729 0.000020
7730 0.000020
7731 0.000020
7732 0.000020
7733 0.000020
7734 0.000020
7735 0.000020
7736 0.000020
7737 0.000020
7738 0.000020
7739 0.000020
7740 0.000020
7741 0.000020
7742 0.000020
7743 0.000020
7744 0.000020
7745 0.000020
7746 0.000020
7747 0.000020
7748 0.000020
7749 0.000020
7750 0.000020
7751 0.000020
7752 0.000020
7753 0.000020
7754 0.000020
7755 0.000020
7756 0.000020
7757 0.000020
7758 0.000020
7759 0.000020
7760 0.000020
7761 0.000020
7762 0.000020
7763 0.000020
7764 0.000020
7765 0.000020
7766 0.000020
7767 0.000020
7768 0.000020
7769 0.000020
7770 0.000020
7771 0.000020
7772 0.000020
7773 0.000020
7774 0.000020
7775 0.000020
7776 0.000020
7777 0.000020
7778 0.000020
7779 0.000020
7780 0.000020
7781 0.000020
7782 0.000020
7783 0.000020
7784 0.000020
7785 0.000020
7786 0.000020
7787 0.000020
7788 0.000020
7789 0.000020
7790 0.000020
7791 0.000020
7792 0.000020
7793 0.000020
7794 0.000020
7795 0.000020
7796 0.000020
7797 0.000020
7798 0.000020
7799 0.000020
7800 0.000020
7801 0.000020
7802 0.000020
7803 0.000020
7804 0.000020
7805 0.000020
7806 0.000020
7807 0.000020
7808 0.000020
7809 0.000020
7810 0.000020
7811 0.000020
7812 0.000020
7813 0.000020
7814 0.000020
7815 0.000020
7816 0.000020
7817 0.000020
7818 0.000020
7819 0.000020
7820 0.000020
7821 0.000020
7822 0.000020
7823 0.000020
7824 0.000020
7825 0.000020
7826 0.000020
7827 0.000020
7828 0.000020
7829 0.000020
7830 0.000020
7831 0.000020
7832 0.000020
7833 0.000020
7834 0.000020
7835 0.000020
7836 0.000020
7837 0.000020
7838 0.000020
7839 0.000020
7840 0.000020
7841 0.000020
7842 0.000020
7843 0.000020
7844 0.000020
7845 0.000020
7846 0.000020
7847 0.000020
7848 0.000020
7849 0.000020
7850 0.000020
7851 0.000020
7852 0.000020
7853 0.000020
7854 0.000020
7855 0.000020
7856 0.000020
7857 0.000020
7858 0.000020
7859 0.000020
7860 0.000020
7861 0.000020
7862 0.000020
7863 0.000020
7864 0.000020
7865 0.000020
7866 0.000020
7867 0.000020
7868 0.000020
7869 0.000020
7870 0.000020
7871 0.000020
7872 0.000020
7873 0.000020
7874 0.000020
7875 0.000020
7876 0.000020
7877 0.000020
7878 0.000020
7879 0.000020
7880 0.000020
7881 0.000020
7882 0.000020
7883 0.000020
7884 0.000020
7885 0.000020
7886 0.000020
7887 0.000020
7888 0.000020
7889 0.000020
7890 0.000020
7891 0.000020
7892 0.000020
7893 0.000020
7894 0.000020
7895 0.000020
7896 0.000020
7897 0.000020
7898 0.000020
7899 0.000020
7900 0.000020
7901 0.000020
7902 0.000020
7903 0.000020
7904 0.000020
7905 0.000020
7906 0.000020
7907 0.000020
7908 0.000020
7909 0.000020
7910 0.000020
7911 0.000020
7912 0.000020
7913 0.000020
7914 0.000020
7915 0.000020
7916 0.000020
7917 0.000020
7918 0.000020
7919 0.000020
7920 0.000020
7921 0.000020
7922 0.000020
7923 0.000020
7924 0.000020
7925 0.000020
7926 0.000020
7927 0.000020
7928 0.000020
7929 0.000020
7930 0.000020
7931 0.000020
7932 0.000020
7933 0.000020
7934 0.000020
7935 0.000020
7936 0.000020
7937 0.000020
7938 0.000020
7939 0.000020
7940 0.000020
7941 0.000020
7942 0.000020
7943 0.000020
7944 0.000020
7945 0.000020
7946 0.000020
7947 0.000020
7948 0.000020
7949 0.000020
7950 0.000020
7951 0.000020
7952 0.000020
7953 0.000020
7954 0.000020
7955 0.000020
7956 0.000020
7957 0.000020
7958 0.000020
7959 0.000020
7960 0.000020
7961 0.000020
7962 0.000020
7963 0.000020
7964 0.000020
7965 0.000020
7966 0.000020
7967 0.000020
7968 0.000020
7969 0.000020
7970 0.000020
7971 0.000020
7972 0.000020
7973 0.000020
7974 0.000020
7975 0.000020
7976 0.000020
7977 0.000020
7978 0.000020
7979 0.000020
7980 0.000020
7981 0.000020
7982 0.000020
7983 0.000020
7984 0.000020
7985 0.000020
7986 0.000020
7987 0.000020
7988 0.000020
7989 0.000020
7990 0.000020
7991 0.000020
7992 0.000020
7993 0.000020
7994 0.000020
7995 0.000020
7996 0.000020
7997 0.000020
7998 0.000020
7999 0.000020
8000 0.000020
8001 0.000020
8002 0.000020
8003 0.000020
8004 0.000020
8005 0.000020
8006 0.000020
8007 0.000020
8008 0.000020
8009 0.000020
8010 0.000020
8011 0.000020
8012 0.000020
8013 0.000020
8014 0.000020
8015 0.000020
8016 0.000020
8017 0.000020
8018 0.000020
8019 0.000020
8020 0.000020
8021 0.000020
8022 0.000020
8023 0.000020
8024 0.000020
8025 0.000020
8026 0.000020
8027 0.000020
8028 0.000020
8029 0.000020
8030 0.000020
8031 0.000020
8032 0.000020
8033 0.000020
8034 0.000020
8035 0.000020
8036 0.000020
8037 0.000020
8038 0.000020
8039 0.000020
8040 0.000020
8041 0.000020
8042 0.000020
8043 0.000020
8044 0.000020
8045 0.000020
8046 0.000020
8047 0.000020
8048 0.000020
8049 0.000020
8050 0.000020
8051 0.000020
8052 0.000020
8053 0.000020
8054 0.000020
8055 0.000020
8056 0.000020
8057 0.000020
8058 0.000020
8059 0.000020
8060 0.000020
8061 0.000020
8062 0.000020
8063 0.000020
8064 0.000020
8065 0.000020
8066 0.000020
8067 0.000020
8068 0.000020
8069 0.000020
8070 0.000020
8071 0.000020
8072 0.000020
8073 0.000020
8074 0.000020
8075 0.000020
8076 0.000020
8077 0.000020
8078 0.000020
8079 0.000020
8080 0.000020
8081 0.000020
8082 0.000020
8083 0.000020
8084 0.000020
8085 0.000020
8086 0.000020
8087 0.000020
8088 0.000020
8089 0.000020
8090 0.000020
8091 0.000020
8092 0.000020
8093 0.000020
8094 0.000020
8095 0.000020
8096 0.000020
8097 0.000020
8098 0.000020
8099 0.000020
8100 0.000020
8101 0.000020
8102 0.000020
8103 0.000020
8104 0.000020
8105 0.000020
8106 0.000020
8107 0.000020
8108 0.000020
8109 0.000020
8110 0.000020
8111 0.000020
8112 0.000020
8113 0.000020
8114 0.000020
8115 0.000020
8116 0.000020
8117 0.000020
8118 0.000020
8119 0.000020
8120 0.000020
8121 0.000020
8122 0.000020
8123 0.000020
8124 0.000020
8125 0.000020
8126 0.000020
8127 0.000020
8128 0.000020
8129 0.000020
8130 0.000020
8131 0.000020
8132 0.000020
8133 0.000020
8134 0.000020
8135 0.000020
8136 0.000020
8137 0.000020
8138 0.000020
8139 0.000020
8140 0.000020
8141 0.000020
8142 0.000020
8143 0.000020
8144 0.000020
8145 0.000020
8146 0.000020
8147 0.000020
8148 0.000020
8149 0.000020
8150 0.000020
8151 0.000020
8152 0.000020
8153 0.000020
8154 0.000020
8155 0.000020
8156 0.000020
8157 0.000020
8158 0.000020
8159 0.000020
8160 0.000020
8161 0.000020
8162 0.000020
8163 0.000020
8164 0.000020
8165 0.000020
8166 0.000020
8167 0.000020
8168 0.000020
8169 0.000020
8170 0.000020
8171 0.000020
8172 0.000020
8173 0.000020
8174 0.000020
8175 0.000020
8176 0.000020
8177 0.000020
8178 0.000020
8179 0.000020
8180 0.000020
8181 0.000020
8182 0.000020
8183 0.000020
8184 0.000020
8185 0.000020
8186 0.000020
8187 0.000020
8188 0.000020
8189 0.000020
8190 0.000020
8191 0.000020
8192 0.000020
8193 0.000020
8194 0.000020
8195 0.000020
8196 0.000020
8197 0.000020
8198 0.000020
8199 0.000020
8200 0.000020
8201 0.000020
8202 0.000020
8203 0.000020
8204 0.000020
8205 0.000020
8206 0.000020
8207 0.000020
8208 0.000020
8209 0.000020
8210 0.000020
8211 0.000020
8212 0.000020
8213 0.000020
8214 0.000020
8215 0.000020
8216 0.000020
8217 0.000020
8218 0.000020
8219 0.000020
8220 0.000020
8221 0.000020
8222 0.000020
8223 0.000020
8224 0.000020
8225 0.000020
8226 0.000020
8227 0.000020
8228 0.000020
8229 0.000020
8230 0.000020
8231 0.000020
8232 0.000020
8233 0.000020
8234 0.000020
8235 0.000020
8236 0.000020
8237 0.000020
8238 0.000020
8239 0.000020
8240 0.000020
8241 0.000020
8242 0.000020
8243 0.000020
8244 0.000020
8245 0.000020
8246 0.000020
8247 0.000020
8248 0.000020
8249 0.000020
8250 0.000020
8251 0.000020
8252 0.000020
8253 0.000020
8254 0.000020
8255 0.000020
8256 0.000020
8257 0.000020
8258 0.000020
8259 0.000020
8260 0.000020
8261 0.000020
8262 0.000020
8263 0.000020
8264 0.000020
8265 0.000020
8266 0.000020
8267 0.000020
8268 0.000020
8269 0.000020
8270 0.000020
8271 0.000020
8272 0.000020
8273 0.000020
8274 0.000020
8275 0.000020
8276 0.000020
8277 0.000020
8278 0.000020
8279 0.000020
8280 0.000020
8281 0.000020
8282 0.000020
8283 0.000020
8284 0.000020
8285 0.000020
8286 0.000020
8287 0.000020
8288 0.000020
8289 0.000020
8290 0.000020
8291 0.000020
8292 0.000020
8293 0.000020
8294 0.000020
8295 0.000020
8296 0.000020
8297 0.000020
8298 0.000020
8299 0.000020
8300 0.000020
8301 0.000020
8302 0.000020
8303 0.000020
8304 0.000020
8305 0.000020
8306 0.000020
8307 0.000020
8308 0.000020
8309 0.000020
8310 0.000020
8311 0.000020
8312 0.000020
8313 0.000020
8314 0.000020
8315 0.000020
8316 0.000020
8317 0.000020
8318 0.000020
8319 0.000020
8320 0.000020
8321 0.000020
8322 0.000020
8323 0.000020
8324 0.000020
8325 0.000020
8326 0.000020
8327 0.000020
8328 0.000020
8329 0.000020
8330 0.000020
8331 0.000020
8332 0.000020
8333 0.000020
8334 0.000020
8335 0.000020
8336 0.000020
8337 0.000020
8338 0.000020
8339 0.000020
8340 0.000020
8341 0.000020
8342 0.000020
8343 0.000020
8344 0.000020
8345 0.000020
8346 0.000020
8347 0.000020
8348 0.000020
8349 0.000020
8350 0.000020
8351 0.000020
8352 0.000020
8353 0.000020
8354 0.000020
8355 0.000020
8356 0.000020
8357 0.000020
8358 0.000020
8359 0.000020
8360 0.000020
8361 0.000020
8362 0.000020
8363 0.000020
8364 0.000020
8365 0.000020
8366 0.000020
8367 0.000020
8368 0.000020
8369 0.000020
8370 0.000020
8371 0.000020
8372 0.000020
8373 0.000020
8374 0.000020
8375 0.000020
8376 0.000020
8377 0.000020
8378 0.000020
8379 0.000020
8380 0.000020
8381 0.000020
8382 0.000020
8383 0.000020
8384 0.000020
8385 0.000020
8386 0.000020
8387 0.000020
8388 0.000020
8389 0.000020
8390 0.000020
8391 0.000020
8392 0.000020
8393 0.000020
8394 0.000020
8395 0.000020
8396 0.000020
8397 0.000020
8398 0.000020
8399 0.000020
8400 0.000020
8401 0.000020
8402 0.000020
8403 0.000020
8404 0.000020
8405 0.000020
8406 0.000020
8407 0.000020
8408 0.000020
8409 0.000020
8410 0.000020
8411 0.000020
8412 0.000020
8413 0.000020
8414 0.000020
8415 0.000020
8416 0.000020
8417 0.000020
8418 0.000020
8419 0.000020
8420 0.000020
8421 0.000020
8422 0.000020
8423 0.000020
8424 0.000020
8425 0.000020
8426 0.000020
8427 0.000020
8428 0.000020
8429 0.000020
8430 0.000020
8431 0.000020
8432 0.000020
8433 0.000020
8434 0.000020
8435 0.000020
8436 0.000020
8437 0.000020
8438 0.000020
8439 0.000020
8440 0.000020
8441 0.000020
8442 0.000020
8443 0.000020
8444 0.000020
8445 0.000020
8446 0.000020
8447 0.000020
8448 0.000020
8449 0.000020
8450 0.000020
8451 0.000020
8452 0.000020
8453 0.000020
8454 0.000020
8455 0.000020
8456 0.000020
8457 0.000020
8458 0.000020
8459 0.000020
8460 0.000020
8461 0.000020
8462 0.000020
8463 0.000020
8464 0.000020
8465 0.000020
8466 0.000020
8467 0.000020
8468 0.000020
8469 0.000020
8470 0.000020
8471 0.000020
8472 0.000020
8473 0.000020
8474 0.000020
8475 0.000020
8476 0.000020
8477 0.000020
8478 0.000020
8479 0.000020
8480 0.000020
8481 0.000020
8482 0.000020
8483 0.000020
8484 0.000020
8485 0.000020
8486 0.000020
8487 0.000020
8488 0.000020
8489 0.000020
8490 0.000020
8491 0.000020
8492 0.000020
8493 0.000020
8494 0.000020
8495 0.000020
8496 0.000020
8497 0.000020
8498 0.000020
8499 0.000020
8500 0.000020
8501 0.000020
8502 0.000020
8503 0.000020
8504 0.000020
8505 0.000020
8506 0.000020
8507 0.000020
8508 0.000020
8509 0.000020
8510 0.000020
8511 0.000020
8512 0.000020
8513 0.000020
8514 0.000020
8515 0.000020
8516 0.000020
8517 0.000020
8518 0.000020
8519 0.000020
8520 0.000020
8521 0.000020
8522 0.000020
8523 0.000020
8524 0.000020
8525 0.000020
8526 0.000020
8527 0.000020
8528 0.000020
8529 0.000020
8530 0.000020
8531 0.000020
8532 0.000020
8533 0.000020
8534 0.000020
8535 0.000020
8536 0.000020
8537 0.000020
8538 0.000020
8539 0.000020
8540 0.000020
8541 0.000020
8542 0.000020
8543 0.000020
8544 0.000020
8545 0.000020
8546 0.000020
8547 0.000020
8548 0.000020
8549 0.000020
8550 0.000020
8551 0.000020
8552 0.000020
8553 0.000020
8554 0.000020
8555 0.000020
8556 0.000020
8557 0.000020
8558 0.000020
8559 0.000020
8560 0.000020
8561 0.000020
8562 0.000020
8563 0.000020
8564 0.000020
8565 0.000020
8566 0.000020
8567 0.000020
8568 0.000020
8569 0.000020
8570 0.000020
8571 0.000020
8572 0.000020
8573 0.000020
8574 0.000020
8575 0.000020
8576 0.000020
8577 0.000020
8578 0.000020
8579 0.000020
8580 0.000020
8581 0.000020
8582 0.000020
8583 0.000020
8584 0.000020
8585 0.000020
8586 0.000020
8587 0.000020
8588 0.000020
8589 0.000020
8590 0.000020
8591 0.000020
8592 0.000020
8593 0.000020
8594 0.000020
8595 0.000020
8596 0.000020
8597 0.000020
8598 0.000020
8599 0.000020
8600 0.000020
8601 0.000020
8602 0.000020
8603 0.000020
8604 0.000020
8605 0.000020
8606 0.000020
8607 0.000020
8608 0.000020
8609 0.000020
8610 0.000020
8611 0.000020
8612 0.000020
8613 0.000020
8614 0.000020
8615 0.000020
8616 0.000020
8617 0.000020
8618 0.000020
8619 0.000020
8620 0.000020
8621 0.000020
8622 0.000020
8623 0.000020
8624 0.000020
8625 0.000020
8626 0.000020
8627 0.000020
8628 0.000020
8629 0.000020
8630 0.000020
8631 0.000020
8632 0.000020
8633 0.000020
8634 0.000020
8635 0.000020
8636 0.000020
8637 0.000020
8638 0.000020
8639 0.000020
8640 0.000020
8641 0.000020
8642 0.000020
8643 0.000020
8644 0.000020
8645 0.000020
8646 0.000020
8647 0.000020
8648 0.000020
8649 0.000020
8650 0.000020
8651 0.000020
8652 0.000020
8653 0.000020
8654 0.000020
8655 0.000020
8656 0.000020
8657 0.000020
8658 0.000020
8659 0.000020
8660 0.000020
8661 0.000020
8662 0.000020
8663 0.000020
8664 0.000020
8665 0.000020
8666 0.000020
8667 0.000020
8668 0.000020
8669 0.000020
8670 0.000020
8671 0.000020
8672 0.000020
8673 0.000020
8674 0.000020
8675 0.000020
8676 0.000020
8677 0.000020
8678 0.000020
8679 0.000020
8680 0.000020
8681 0.000020
8682 0.000020
8683 0.000020
8684 0.000020
8685 0.000020
8686 0.000020
8687 0.000020
8688 0.000020
8689 0.000020
8690 0.000020
8691 0.000020
8692 0.000020
8693 0.000020
8694 0.000020
8695 0.000020
8696 0.000020
8697 0.000020
8698 0.000020
8699 0.000020
8700 0.000020
8701 0.000020
8702 0.000020
8703 0.000020
8704 0.000020
8705 0.000020
8706 0.000020
8707 0.000020
8708 0.000020
8709 0.000020
8710 0.000020
8711 0.000020
8712 0.000020
8713 0.000020
8714 0.000020
8715 0.000020
8716 0.000020
8717 0.000020
8718 0.000020
8719 0.000020
8720 0.000020
8721 0.000020
8722 0.000020
8723 0.000020
8724 0.000020
8725 0.000020
8726 0.000020
8727 0.000020
8728 0.000020
8729 0.000020
8730 0.000020
8731 0.000020
8732 0.000020
8733 0.000020
8734 0.000020
8735 0.000020
8736 0.000020
8737 0.000020
8738 0.000020
8739 0.000020
8740 0.000020
8741 0.000020
8742 0.000020
8743 0.000020
8744 0.000020
8745 0.000020
8746 0.000020
8747 0.000020
8748 0.000020
8749 0.000020
8750 0.000020
8751 0.000020
8752 0.000020
8753 0.000020
8754 0.000020
8755 0.000020
8756 0.000020
8757 0.000020
8758 0.000020
8759 0.000020
8760 0.000020
8761 0.000020
8762 0.000020
8763 0.000020
8764 0.000020
8765 0.000020
8766 0.000020
8767 0.000020
8768 0.000020
8769 0.000020
8770 0.000020
8771 0.000020
8772 0.000020
8773 0.000020
8774 0.000020
8775 0.000020
8776 0.000020
8777 0.000020
8778 0.000020
8779 0.000020
8780 0.000020
8781 0.000020
8782 0.000020
8783 0.000020
8784 0.000020
8785 0.000020
8786 0.000020
8787 0.000020
8788 0.000020
8789 0.000020
8790 0.000020
8791 0.000020
8792 0.000020
8793 0.000020
8794 0.000020
8795 0.000020
8796 0.000020
8797 0.000020
8798 0.000020
8799 0.000020
8800 0.000020
8801 0.000020
8802 0.000020
8803 0.000020
8804 0.000020
8805 0.000020
8806 0.000020
8807 0.000020
8808 0.000020
8809 0.000020
8810 0.000020
8811 0.000020
8812 0.000020
8813 0.000020
8814 0.000020
8815 0.000020
8816 0.000020
8817 0.000020
8818 0.000020
8819 0.000020
8820 0.000020
8821 0.000020
8822 0.000020
8823 0.000020
8824 0.000020
8825 0.000020
8826 0.000020
8827 0.000020
8828 0.000020
8829 0.000020
8830 0.000020
8831 0.000020
8832 0.000020
8833 0.000020
8834 0.000020
8835 0.000020
8836 0.000020
8837 0.000020
8838 0.000020
8839 0.000020
8840 0.000020
8841 0.000020
8842 0.000020
8843 0.000020
8844 0.000020
8845 0.000020
8846 0.000020
8847 0.000020
8848 0.000020
8849 0.000020
8850 0.000020
8851 0.000020
8852 0.000020
8853 0.000020
8854 0.000020
8855 0.000020
8856 0.000020
8857 0.000020
8858 0.000020
8859 0.000020
8860 0.000020
8861 0.000020
8862 0.000020
8863 0.000020
8864 0.000020
8865 0.000020
8866 0.000020
8867 0.000020
8868 0.000020
8869 0.000020
8870 0.000020
8871 0.000020
8872 0.000020
8873 0.000020
8874 0.000020
8875 0.000020
8876 0.000020
8877 0.000020
8878 0.000020
8879 0.000020
8880 0.000020
8881 0.000020
8882 0.000020
8883 0.000020
8884 0.000020
8885 0.000020
8886 0.000020
8887 0.000020
8888 0.000020
8889 0.000020
8890 0.000020
8891 0.000020
8892 0.000020
8893 0.000020
8894 0.000020
8895 0.000020
8896 0.000020
8897 0.000020
8898 0.000020
8899 0.000020
8900 0.000020
8901 0.000020
8902 0.000020
8903 0.000020
8904 0.000020
8905 0.000020
8906 0.000020
8907 0.000020
8908 0.000020
8909 0.000020
8910 0.000020
8911 0.000020
8912 0.000020
8913 0.000020
8914 0.000020
8915 0.000020
8916 0.000020
8917 0.000020
8918 0.000020
8919 0.000020
8920 0.000020
8921 0.000020
8922 0.000020
8923 0.000020
8924 0.000020
8925 0.000020
8926 0.000020
8927 0.000020
8928 0.000020
8929 0.000020
8930 0.000020
8931 0.000020
8932 0.000020
8933 0.000020
8934 0.000020
8935 0.000020
8936 0.000020
8937 0.000020
8938 0.000020
8939 0.000020
8940 0.000020
8941 0.000020
8942 0.000020
8943 0.000020
8944 0.000020
8945 0.000020
8946 0.000020
8947 0.000020
8948 0.000020
8949 0.000020
8950 0.000020
8951 0.000020
8952 0.000020
8953 0.000020
8954 0.000020
8955 0.000020
8956 0.000020
8957 0.000020
8958 0.000020
8959 0.000020
8960 0.000020
8961 0.000020
8962 0.000020
8963 0.000020
8964 0.000020
8965 0.000020
8966 0.000020
8967 0.000020
8968 0.000020
8969 0.000020
8970 0.000020
8971 0.000020
8972 0.000020
8973 0.000020
8974 0.000020
8975 0.000020
8976 0.000020
8977 0.000020
8978 0.000020
8979 0.000020
8980 0.000020
8981 0.000020
8982 0.000020
8983 0.000020
8984 0.000020
8985 0.000020
8986 0.000020
8987 0.000020
8988 0.000020
8989 0.000020
8990 0.000020
8991 0.000020
8992 0.000020
8993 0.000020
8994 0.000020
8995 0.000020
8996 0.000020
8997 0.000020
8998 0.000020
8999 0.000020
9000 0.000020
9001 0.000020
9002 0.000020
9003 0.000020
9004 0.000020
9005 0.000020
9006 0.000020
9007 0.000020
9008 0.000020
9009 0.000020
9010 0.000020
9011 0.000020
9012 0.000020
9013 0.000020
9014 0.000020
9015 0.000020
9016 0.000020
9017 0.000020
9018 0.000020
9019 0.000020
9020 0.000020
9021 0.000020
9022 0.000020
9023 0.000020
9024 0.000020
9025 0.000020
9026 0.000020
9027 0.000020
9028 0.000020
9029 0.000020
9030 0.000020
9031 0.000020
9032 0.000020
9033 0.000020
9034 0.000020
9035 0.000020
9036 0.000020
9037 0.000020
9038 0.000020
9039 0.000020
9040 0.000020
9041 0.000020
9042 0.000020
9043 0.000020
9044 0.000020
9045 0.000020
9046 0.000020
9047 0.000020
9048 0.000020
9049 0.000020
9050 0.000020
9051 0.000020
9052 0.000020
9053 0.000020
9054 0.000020
9055 0.000020
9056 0.000020
9057 0.000020
9058 0.000020
9059 0.000020
9060 0.000020
9061 0.000020
9062 0.000020
9063 0.000020
9064 0.000020
9065 0.000020
9066 0.000020
9067 0.000020
9068 0.000020
9069 0.000020
9070 0.000020
9071 0.000020
9072 0.000020
9073 0.000020
9074 0.000020
9075 0.000020
9076 0.000020
9077 0.000020
9078 0.000020
9079 0.000020
9080 0.000020
9081 0.000020
9082 0.000020
9083 0.000020
9084 0.000020
9085 0.000020
9086 0.000020
9087 0.000020
9088 0.000020
9089 0.000020
9090 0.000020
9091 0.000020
9092 0.000020
9093 0.000020
9094 0.000020
9095 0.000020
9096 0.000020
9097 0.000020
9098 0.000020
9099 0.000020
9100 0.000020
9101 0.000020
9102 0.000020
9103 0.000020
9104 0.000020
9105 0.000020
9106 0.000020
9107 0.000020
9108 0.000020
9109 0.000020
9110 0.000020
9111 0.000020
9112 0.000020
9113 0.000020
9114 0.000020
9115 0.000020
9116 0.000020
9117 0.000020
9118 0.000020
9119 0.000020
9120 0.000020
9121 0.000020
9122 0.000020
9123 0.000020
9124 0.000020
9125 0.000020
9126 0.000020
9127 0.000020
9128 0.000020
9129 0.000020
9130 0.000020
9131 0.000020
9132 0.000020
9133 0.000020
9134 0.000020
9135 0.000020
9136 0.000020
9137 0.000020
9138 0.000020
9139 0.000020
9140 0.000020
9141 0.000020
9142 0.000020
9143 0.000020
9144 0.000020
9145 0.000020
9146 0.000020
9147 0.000020
9148 0.000020
9149 0.000020
9150 0.000020
9151 0.000020
9152 0.000020
9153 0.000020
9154 0.000020
9155 0.000020
9156 0.000020
9157 0.000020
9158 0.000020
9159 0.000020
9160 0.000020
9161 0.000020
9162 0.000020
9163 0.000020
9164 0.000020
9165 0.000020
9166 0.000020
9167 0.000020
9168 0.000020
9169 0.000020
9170 0.000020
9171 0.000020
9172 0.000020
9173 0.000020
9174 0.000020
9175 0.000020
9176 0.000020
9177 0.000020
9178 0.000020
9179 0.000020
9180 0.000020
9181 0.000020
9182 0.000020
9183 0.000020
9184 0.000020
9185 0.000020
9186 0.000020
9187 0.000020
9188 0.000020
9189 0.000020
9190 0.000020
9191 0.000020
9192 0.000020
9193 0.000020
9194 0.000020
9195 0.000020
9196 0.000020
9197 0.000020
9198 0.000020
9199 0.000020
9200 0.000020
9201 0.000020
9202 0.000020
9203 0.000020
9204 0.000020
9205 0.000020
9206 0.000020
9207 0.000020
9208 0.000020
9209 0.000020
9210 0.000020
9211 0.000020
9212 0.000020
9213 0.000020
9214 0.000020
9215 0.000020
9216 0.000020
9217 0.000020
9218 0.000020
9219 0.000020
9220 0.000020
9221 0.000020
9222 0.000020
9223 0.000020
9224 0.000020
9225 0.000020
9226 0.000020
9227 0.000020
9228 0.000020
9229 0.000020
9230 0.000020
9231 0.000020
9232 0.000020
9233 0.000020
9234 0.000020
9235 0.000020
9236 0.000020
9237 0.000020
9238 0.000020
9239 0.000020
9240 0.000020
9241 0.000020
9242 0.000020
9243 0.000020
9244 0.000020
9245 0.000020
9246 0.000020
9247 0.000020
9248 0.000020
9249 0.000020
9250 0.000020
9251 0.000020
9252 0.000020
9253 0.000020
9254 0.000020
9255 0.000020
9256 0.000020
9257 0.000020
9258 0.000020
9259 0.000020
9260 0.000020
9261 0.000020
9262 0.000020
9263 0.000020
9264 0.000020
9265 0.000020
9266 0.000020
9267 0.000020
9268 0.000020
9269 0.000020
9270 0.000020
9271 0.000020
9272 0.000020
9273 0.000020
9274 0.000020
9275 0.000020
9276 0.000020
9277 0.000020
9278 0.000020
9279 0.000020
9280 0.000020
9281 0.000020
9282 0.000020
9283 0.000020
9284 0.000020
9285 0.000020
9286 0.000020
9287 0.000020
9288 0.000020
9289 0.000020
9290 0.000020
9291 0.000020
9292 0.000020
9293 0.000020
9294 0.000020
9295 0.000020
9296 0.000020
9297 0.000020
9298 0.000020
9299 0.000020
9300 0.000020
9301 0.000020
9302 0.000020
9303 0.000020
9304 0.000020
9305 0.000020
9306 0.000020
9307 0.000020
9308 0.000020
9309 0.000020
9310 0.000020
9311 0.000020
9312 0.000020
9313 0.000020
9314 0.000020
9315 0.000020
9316 0.000020
9317 0.000020
9318 0.000020
9319 0.000020
9320 0.000020
9321 0.000020
9322 0.000020
9323 0.000020
9324 0.000020
9325 0.000020
9326 0.000020
9327 0.000020
9328 0.000020
9329 0.000020
9330 0.000020
9331 0.000020
9332 0.000020
9333 0.000020
9334 0.000020
9335 0.000020
9336 0.000020
9337 0.000020
9338 0.000020
9339 0.000020
9340 0.000020
9341 0.000020
9342 0.000020
9343 0.000020
9344 0.000020
9345 0.000020
9346 0.000020
9347 0.000020
9348 0.000020
9349 0.000020
9350 0.000020
9351 0.000020
9352 0.000020
9353 0.000020
9354 0.000020
9355 0.000020
9356 0.000020
9357 0.000020
9358 0.000020
9359 0.000020
9360 0.000020
9361 0.000020
9362 0.000020
9363 0.000020
9364 0.000020
9365 0.000020
9366 0.000020
9367 0.000020
9368 0.000020
9369 0.000020
9370 0.000020
9371 0.000020
9372 0.000020
9373 0.000020
9374 0.000020
9375 0.000020
9376 0.000020
9377 0.000020
9378 0.000020
9379 0.000020
9380 0.000020
9381 0.000020
9382 0.000020
9383 0.000020
9384 0.000020
9385 0.000020
9386 0.000020
9387 0.000020
9388 0.000020
9389 0.000020
9390 0.000020
9391 0.000020
9392 0.000020
9393 0.000020
9394 0.000020
9395 0.000020
9396 0.000020
9397 0.000020
9398 0.000020
9399 0.000020
9400 0.000020
9401 0.000020
9402 0.000020
9403 0.000020
9404 0.000020
9405 0.000020
9406 0.000020
9407 0.000020
9408 0.000020
9409 0.000020
9410 0.000020
9411 0.000020
9412 0.000020
9413 0.000020
9414 0.000020
9415 0.000020
9416 0.000020
9417 0.000020
9418 0.000020
9419 0.000020
9420 0.000020
9421 0.000020
9422 0.000020
9423 0.000020
9424 0.000020
9425 0.000020
9426 0.000020
9427 0.000020
9428 0.000020
9429 0.000020
9430 0.000020
9431 0.000020
9432 0.000020
9433 0.000020
9434 0.000020
9435 0.000020
9436 0.000020
9437 0.000020
9438 0.000020
9439 0.000020
9440 0.000020
9441 0.000020
9442 0.000020
9443 0.000020
9444 0.000020
9445 0.000020
9446 0.000020
9447 0.000020
9448 0.000020
9449 0.000020
9450 0.000020
9451 0.000020
9452 0.000020
9453 0.000020
9454 0.000020
9455 0.000020
9456 0.000020
9457 0.000020
9458 0.000020
9459 0.000020
9460 0.000020
9461 0.000020
9462 0.000020
9463 0.000020
9464 0.000020
9465 0.000020
9466 0.000020
9467 0.000020
9468 0.000020
9469 0.000020
9470 0.000020
9471 0.000020
9472 0.000020
9473 0.000020
9474 0.000020
9475 0.000020
9476 0.000020
9477 0.000020
9478 0.000020
9479 0.000020
9480 0.000020
9481 0.000020
9482 0.000020
9483 0.000020
9484 0.000020
9485 0.000020
9486 0.000020
9487 0.000020
9488 0.000020
9489 0.000020
9490 0.000020
9491 0.000020
9492 0.000020
9493 0.000020
9494 0.000020
9495 0.000020
9496 0.000020
9497 0.000020
9498 0.000020
9499 0.000020
9500 0.000020
9501 0.000020
9502 0.000020
9503 0.000020
9504 0.000020
9505 0.000020
9506 0.000020
9507 0.000020
9508 0.000020
9509 0.000020
9510 0.000020
9511 0.000020
9512 0.000020
9513 0.000020
9514 0.000020
9515 0.000020
9516 0.000020
9517 0.000020
9518 0.000020
9519 0.000020
9520 0.000020
9521 0.000020
9522 0.000020
9523 0.000020
9524 0.000020
9525 0.000020
9526 0.000020
9527 0.000020
9528 0.000020
9529 0.000020
9530 0.000020
9531 0.000020
9532 0.000020
9533 0.000020
9534 0.000020
9535 0.000020
9536 0.000020
9537 0.000020
9538 0.000020
9539 0.000020
9540 0.000020
9541 0.000020
9542 0.000020
9543 0.000020
9544 0.000020
9545 0.000020
9546 0.000020
9547 0.000020
9548 0.000020
9549 0.000020
9550 0.000020
9551 0.000020
9552 0.000020
9553 0.000020
9554 0.000020
9555 0.000020
9556 0.000020
9557 0.000020
9558 0.000020
9559 0.000020
9560 0.000020
9561 0.000020
9562 0.000020
9563 0.000020
9564 0.000020
9565 0.000020
9566 0.000020
9567 0.000020
9568 0.000020
9569 0.000020
9570 0.000020
9571 0.000020
9572 0.000020
9573 0.000020
9574 0.000020
9575 0.000020
9576 0.000020
9577 0.000020
9578 0.000020
9579 0.000020
9580 0.000020
9581 0.000020
9582 0.000020
9583 0.000020
9584 0.000020
9585 0.000020
9586 0.000020
9587 0.000020
9588 0.000020
9589 0.000020
9590 0.000020
9591 0.000020
9592 0.000020
9593 0.000020
9594 0.000020
9595 0.000020
9596 0.000020
9597 0.000020
9598 0.000020
9599 0.000020
9600 0.000020
9601 0.000020
9602 0.000020
9603 0.000020
9604 0.000020
9605 0.000020
9606 0.000020
9607 0.000020
9608 0.000020
9609 0.000020
9610 0.000020
9611 0.000020
9612 0.000020
9613 0.000020
9614 0.000020
9615 0.000020
9616 0.000020
9617 0.000020
9618 0.000020
9619 0.000020
9620 0.000020
9621 0.000020
9622 0.000020
9623 0.000020
9624 0.000020
9625 0.000020
9626 0.000020
9627 0.000020
9628 0.000020
9629 0.000020
9630 0.000020
9631 0.000020
9632 0.000020
9633 0.000020
9634 0.000020
9635 0.000020
9636 0.000020
9637 0.000020
9638 0.000020
9639 0.000020
9640 0.000020
9641 0.000020
9642 0.000020
9643 0.000020
9644 0.000020
9645 0.000020
9646 0.000020
9647 0.000020
9648 0.000020
9649 0.000020
9650 0.000020
9651 0.000020
9652 0.000020
9653 0.000020
9654 0.000020
9655 0.000020
9656 0.000020
9657 0.000020
9658 0.000020
9659 0.000020
9660 0.000020
9661 0.000020
9662 0.000020
9663 0.000020
9664 0.000020
9665 0.000020
9666 0.000020
9667 0.000020
9668 0.000020
9669 0.000020
9670 0.000020
9671 0.000020
9672 0.000020
9673 0.000020
9674 0.000020
9675 0.000020
9676 0.000020
9677 0.000020
9678 0.000020
9679 0.000020
9680 0.000020
9681 0.000020
9682 0.000020
9683 0.000020
9684 0.000020
9685 0.000020
9686 0.000020
9687 0.000020
9688 0.000020
9689 0.000020
9690 0.000020
9691 0.000020
9692 0.000020
9693 0.000020
9694 0.000020
9695 0.000020
9696 0.000020
9697 0.000020
9698 0.000020
9699 0.000020
9700 0.000020
9701 0.000020
9702 0.000020
9703 0.000020
9704 0.000020
9705 0.000020
9706 0.000020
9707 0.000020
9708 0.000020
9709 0.000020
9710 0.000020
9711 0.000020
9712 0.000020
9713 0.000020
9714 0.000020
9715 0.000020
9716 0.000020
9717 0.000020
9718 0.000020
9719 0.000020
9720 0.000020
9721 0.000020
9722 0.000020
9723 0.000020
9724 0.000020
9725 0.000020
9726 0.000020
9727 0.000020
9728 0.000020
9729 0.000020
9730 0.000020
9731 0.000020
9732 0.000020
9733 0.000020
9734 0.000020
9735 0.000020
9736 0.000020
9737 0.000020
9738 0.000020
9739 0.000020
9740 0.000020
9741 0.000020
9742 0.000020
9743 0.000020
9744 0.000020
9745 0.000020
9746 0.000020
9747 0.000020
9748 0.000020
9749 0.000020
9750 0.000020
9751 0.000020
9752 0.000020
9753 0.000020
9754 0.000020
9755 0.000020
9756 0.000020
9757 0.000020
9758 0.000020
9759 0.000020
9760 0.000020
9761 0.000020
9762 0.000020
9763 0.000020
9764 0.000020
9765 0.000020
9766 0.000020
9767 0.000020
9768 0.000020
9769 0.000020
9770 0.000020
9771 0.000020
9772 0.000020
9773 0.000020
9774 0.000020
9775 0.000020
9776 0.000020
9777 0.000020
9778 0.000020
9779 0.000020
9780 0.000020
9781 0.000020
9782 0.000020
9783 0.000020
9784 0.000020
9785 0.000020
9786 0.000020
9787 0.000020
9788 0.000020
9789 0.000020
9790 0.000020
9791 0.000020
9792 0.000020
9793 0.000020
9794 0.000020
9795 0.000020
9796 0.000020
9797 0.000020
9798 0.000020
9799 0.000020
9800 0.000020
9801 0.000020
9802 0.000020
9803 0.000020
9804 0.000020
9805 0.000020
9806 0.000020
9807 0.000020
9808 0.000020
9809 0.000020
9810 0.000020
9811 0.000020
9812 0.000020
9813 0.000020
9814 0.000020
9815 0.000020
9816 0.000020
9817 0.000020
9818 0.000020
9819 0.000020
9820 0.000020
9821 0.000020
9822 0.000020
9823 0.000020
9824 0.000020
9825 0.000020
9826 0.000020
9827 0.000020
9828 0.000020
9829 0.000020
9830 0.000020
9831 0.000020
9832 0.000020
9833 0.000020
9834 0.000020
9835 0.000020
9836 0.000020
9837 0.000020
9838 0.000020
9839 0.000020
9840 0.000020
9841 0.000020
9842 0.000020
9843 0.000020
9844 0.000020
9845 0.000020
9846 0.000020
9847 0.000020
9848 0.000020
9849 0.000020
9850 0.000020
9851 0.000020
9852 0.000020
9853 0.000020
9854 0.000020
9855 0.000020
9856 0.000020
9857 0.000020
9858 0.000020
9859 0.000020
9860 0.000020
9861 0.000020
9862 0.000020
9863 0.000020
9864 0.000020
9865 0.000020
9866 0.000020
9867 0.000020
9868 0.000020
9869 0.000020
9870 0.000020
9871 0.000020
9872 0.000020
9873 0.000020
9874 0.000020
9875 0.000020
9876 0.000020
9877 0.000020
9878 0.000020
9879 0.000020
9880 0.000020
9881 0.000020
9882 0.000020
9883 0.000020
9884 0.000020
9885 0.000020
9886 0.000020
9887 0.000020
9888 0.000020
9889 0.000020
9890 0.000020
9891 0.000020
9892 0.000020
9893 0.000020
9894 0.000020
9895 0.000020
9896 0.000020
9897 0.000020
9898 0.000020
9899 0.000020
9900 0.000020
9901 0.000020
9902 0.000020
9903 0.000020
9904 0.000020
9905 0.000020
9906 0.000020
9907 0.000020
9908 0.000020
9909 0.000020
9910 0.000020
9911 0.000020
9912 0.000020
9913 0.000020
9914 0.000020
9915 0.000020
9916 0.000020
9917 0.000020
9918 0.000020
9919 0.000020
9920 0.000020
9921 0.000020
9922 0.000020
9923 0.000020
9924 0.000020
9925 0.000020
9926 0.000020
9927 0.000020
9928 0.000020
9929 0.000020
9930 0.000020
9931 0.000020
9932 0.000020
9933 0.000020
9934 0.000020
9935 0.000020
9936 0.000020
9937 0.000020
9938 0.000020
9939 0.000020
9940 0.000020
9941 0.000020
9942 0.000020
9943 0.000020
9944 0.000020
9945 0.000020
9946 0.000020
9947 0.000020
9948 0.000020
9949 0.000020
9950 0.000020
9951 0.000020
9952 0.000020
9953 0.000020
9954 0.000020
9955 0.000020
9956 0.000020
9957 0.000020
9958 0.000020
9959 0.000020
9960 0.000020
9961 0.000020
9962 0.000020
9963 0.000020
9964 0.000020
9965 0.000020
9966 0.000020
9967 0.000020
9968 0.000020
9969 0.000020
9970 0.000020
9971 0.000020
9972 0.000020
9973 0.000020
9974 0.000020
9975 0.000020
9976 0.000020
9977 0.000020
9978 0.000020
9979 0.000020
9980 0.000020
9981 0.000020
9982 0.000020
9983 0.000020
9984 0.000020
9985 0.000020
9986 0.000020
9987 0.000020
9988 0.000020
9989 0.000020
9990 0.000020
9991 0.000020
9992 0.000020
9993 0.000020
9994 0.000020
9995 0.000020
9996 0.000020
9997 0.000020
9998 0.000020
9999 0.000020
10000 0.000020
10001 0.000020
10002 0.000020
10003 0.000020
10004 0.000020
10005 0.000020
10006 0.000020
10007 0.000020
10008 0.000020
10009 0.000020
10010 0.000020
10011 0.000020
10012 0.000020
10013 0.000020
10014 0.000020
10015 0.000020
10016 0.000020
10017 0.000020
10018 0.000020
10019 0.000020
10020 0.000020
10021 0.000020
10022 0.000020
10023 0.000020
10024 0.000020
10025 0.000020
10026 0.000020
10027 0.000020
10028 0.000020
10029 0.000020
10030 0.000020
10031 0.000020
10032 0.000020
10033 0.000020
10034 0.000020
10035 0.000020
10036 0.000020
10037 0.000020
10038 0.000020
10039 0.000020
10040 0.000020
10041 0.000020
10042 0.000020
10043 0.000020
10044 0.000020
10045 0.000020
10046 0.000020
10047 0.000020
10048 0.000020
10049 0.000020
10050 0.000020
10051 0.000020
10052 0.000020
10053 0.000020
10054 0.000020
10055 0.000020
10056 0.000020
10057 0.000020
10058 0.000020
10059 0.000020
10060 0.000020
10061 0.000020
10062 0.000020
10063 0.000020
10064 0.000020
10065 0.000020
10066 0.000020
10067 0.000020
10068 0.000020
10069 0.000020
10070 0.000020
10071 0.000020
10072 0.000020
10073 0.000020
10074 0.000020
10075 0.000020
10076 0.000020
10077 0.000020
10078 0.000020
10079 0.000020
10080 0.000020
10081 0.000020
10082 0.000020
10083 0.000020
10084 0.000020
10085 0.000020
10086 0.000020
10087 0.000020
10088 0.000020
10089 0.000020
10090 0.000020
10091 0.000020
10092 0.000020
10093 0.000020
10094 0.000020
10095 0.000020
10096 0.000020
10097 0.000020
10098 0.000020
10099 0.000020
10100 0.000020
10101 0.000020
10102 0.000020
10103 0.000020
10104 0.000020
10105 0.000020
10106 0.000020
10107 0.000020
10108 0.000020
10109 0.000020
10110 0.000020
10111 0.000020
10112 0.000020
10113 0.000020
10114 0.000020
10115 0.000020
10116 0.000020
10117 0.000020
10118 0.000020
10119 0.000020
10120 0.000020
10121 0.000020
10122 0.000020
10123 0.000020
10124 0.000020
10125 0.000020
10126 0.000020
10127 0.000020
10128 0.000020
10129 0.000020
10130 0.000020
10131 0.000020
10132 0.000020
10133 0.000020
10134 0.000020
10135 0.000020
10136 0.000020
10137 0.000020
10138 0.000020
10139 0.000020
10140 0.000020
10141 0.000020
10142 0.000020
10143 0.000020
10144 0.000020
10145 0.000020
10146 0.000020
10147 0.000020
10148 0.000020
10149 0.000020
10150 0.000020
10151 0.000020
10152 0.000020
10153 0.000020
10154 0.000020
10155 0.000020
10156 0.000020
10157 0.000020
10158 0.000020
10159 0.000020
10160 0.000020
10161 0.000020
10162 0.000020
10163 0.000020
10164 0.000020
10165 0.000020
10166 0.000020
10167 0.000020
10168 0.000020
10169 0.000020
10170 0.000020
10171 0.000020
10172 0.000020
10173 0.000020
10174 0.000020
10175 0.000020
10176 0.000020
10177 0.000020
10178 0.000020
10179 0.000020
10180 0.000020
10181 0.000020
10182 0.000020
10183 0.000020
10184 0.000020
10185 0.000020
10186 0.000020
10187 0.000020
10188 0.000020
10189 0.000020
10190 0.000020
10191 0.000020
10192 0.000020
10193 0.000020
10194 0.000020
10195 0.000020
10196 0.000020
10197 0.000020
10198 0.000020
10199 0.000020
10200 0.000020
10201 0.000020
10202 0.000020
10203 0.000020
10204 0.000020
10205 0.000020
10206 0.000020
10207 0.000020
10208 0.000020
10209 0.000020
10210 0.000020
10211 0.000020
10212 0.000020
10213 0.000020
10214 0.000020
10215 0.000020
10216 0.000020
10217 0.000020
10218 0.000020
10219 0.000020
10220 0.000020
10221 0.000020
10222 0.000020
10223 0.000020
10224 0.000020
10225 0.000020
10226 0.000020
10227 0.000020
10228 0.000020
10229 0.000020
10230 0.000020
10231 0.000020
10232 0.000020
10233 0.000020
10234 0.000020
10235 0.000020
10236 0.000020
10237 0.000020
10238 0.000020
10239 0.000020
10240 0.000020
10241 0.000020
10242 0.000020
10243 0.000020
10244 0.000020
10245 0.000020
10246 0.000020
10247 0.000020
10248 0.000020
10249 0.000020
10250 0.000020
10251 0.000020
10252 0.000020
10253 0.000020
10254 0.000020
10255 0.000020
10256 0.000020
10257 0.000020
10258 0.000020
10259 0.000020
10260 0.000020
10261 0.000020
10262 0.000020
10263 0.000020
10264 0.000020
10265 0.000020
10266 0.000020
10267 0.000020
10268 0.000020
10269 0.000020
10270 0.000020
10271 0.000020
10272 0.000020
10273 0.000020
10274 0.000020
10275 0.000020
10276 0.000020
10277 0.000020
10278 0.000020
10279 0.000020
10280 0.000020
10281 0.000020
10282 0.000020
10283 0.000020
10284 0.000020
10285 0.000020
10286 0.000020
10287 0.000020
10288 0.000020
10289 0.000020
10290 0.000020
10291 0.000020
10292 0.000020
10293 0.000020
10294 0.000020
10295 0.000020
10296 0.000020
10297 0.000020
10298 0.000020
10299 0.000020
10300 0.000020
10301 0.000020
10302 0.000020
10303 0.000020
10304 0.000020
10305 0.000020
10306 0.000020
10307 0.000020
10308 0.000020
10309 0.000020
10310 0.000020
10311 0.000020
10312 0.000020
10313 0.000020
10314 0.000020
10315 0.000020
10316 0.000020
10317 0.000020
10318 0.000020
10319 0.000020
10320 0.000020
10321 0.000020
10322 0.000020
10323 0.000020
10324 0.000020
10325 0.000020
10326 0.000020
10327 0.000020
10328 0.000020
10329 0.000020
10330 0.000020
10331 0.000020
10332 0.000020
10333 0.000020
10334 0.000020
10335 0.000020
10336 0.000020
10337 0.000020
10338 0.000020
10339 0.000020
10340 0.000020
10341 0.000020
10342 0.000020
10343 0.000020
10344 0.000020
10345 0.000020
10346 0.000020
10347 0.000020
10348 0.000020
10349 0.000020
10350 0.000020
10351 0.000020
10352 0.000020
10353 0.000020
10354 0.000020
10355 0.000020
10356 0.000020
10357 0.000020
10358 0.000020
10359 0.000020
10360 0.000020
10361 0.000020
10362 0.000020
10363 0.000020
10364 0.000020
10365 0.000020
10366 0.000020
10367 0.000020
10368 0.000020
10369 0.000020
10370 0.000020
10371 0.000020
10372 0.000020
10373 0.000020
10374 0.000020
10375 0.000020
10376 0.000020
10377 0.000020
10378 0.000020
10379 0.000020
10380 0.000020
10381 0.000020
10382 0.000020
10383 0.000020
10384 0.000020
10385 0.000020
10386 0.000020
10387 0.000020
10388 0.000020
10389 0.000020
10390 0.000020
10391 0.000020
10392 0.000020
10393 0.000020
10394 0.000020
10395 0.000020
10396 0.000020
10397 0.000020
10398 0.000020
10399 0.000020
10400 0.000020
10401 0.000020
10402 0.000020
10403 0.000020
10404 0.000020
10405 0.000020
10406 0.000020
10407 0.000020
10408 0.000020
10409 0.000020
10410 0.000020
10411 0.000020
10412 0.000020
10413 0.000020
10414 0.000020
10415 0.000020
10416 0.000020
10417 0.000020
10418 0.000020
10419 0.000020
10420 0.000020
10421 0.000020
10422 0.000020
10423 0.000020
10424 0.000020
10425 0.000020
10426 0.000020
10427 0.000020
10428 0.000020
10429 0.000020
10430 0.000020
10431 0.000020
10432 0.000020
10433 0.000020
10434 0.000020
10435 0.000020
10436 0.000020
10437 0.000020
10438 0.000020
10439 0.000020
10440 0.000020
10441 0.000020
10442 0.000020
10443 0.000020
10444 0.000020
10445 0.000020
10446 0.000020
10447 0.000020
10448 0.000020
10449 0.000020
10450 0.000020
10451 0.000020
10452 0.000020
10453 0.000020
10454 0.000020
10455 0.000020
10456 0.000020
10457 0.000020
10458 0.000020
10459 0.000020
10460 0.000020
10461 0.000020
10462 0.000020
10463 0.000020
10464 0.000020
10465 0.000020
10466 0.000020
10467 0.000020
10468 0.000020
10469 0.000020
10470 0.000020
10471 0.000020
10472 0.000020
10473 0.000020
10474 0.000020
10475 0.000020
10476 0.000020
10477 0.000020
10478 0.000020
10479 0.000020
10480 0.000020
10481 0.000020
10482 0.000020
10483 0.000020
10484 0.000020
10485 0.000020
10486 0.000020
10487 0.000020
10488 0.000020
10489 0.000020
10490 0.000020
10491 0.000020
10492 0.000020
10493 0.000020
10494 0.000020
10495 0.000020
10496 0.000020
10497 0.000020
10498 0.000020
10499 0.000020
10500 0.000020
10501 0.000020
10502 0.000020
10503 0.000020
10504 0.000020
10505 0.000020
10506 0.000020
10507 0.000020
10508 0.000020
10509 0.000020
10510 0.000020
10511 0.000020
10512 0.000020
10513 0.000020
10514 0.000020
10515 0.000020
10516 0.000020
10517 0.000020
10518 0.000020
10519 0.000020
10520 0.000020
10521 0.000020
10522 0.000020
10523 0.000020
10524 0.000020
10525 0.000020
10526 0.000020
10527 0.000020
10528 0.000020
10529 0.000020
10530 0.000020
10531 0.000020
10532 0.000020
10533 0.000020
10534 0.000020
10535 0.000020
10536 0.000020
10537 0.000020
10538 0.000020
10539 0.000020
10540 0.000020
10541 0.000020
10542 0.000020
10543 0.000020
10544 0.000020
10545 0.000020
10546 0.000020
10547 0.000020
10548 0.000020
10549 0.000020
10550 0.000020
10551 0.000020
10552 0.000020
10553 0.000020
10554 0.000020
10555 0.000020
10556 0.000020
10557 0.000020
10558 0.000020
10559 0.000020
10560 0.000020
10561 0.000020
10562 0.000020
10563 0.000020
10564 0.000020
10565 0.000020
10566 0.000020
10567 0.000020
10568 0.000020
10569 0.000020
10570 0.000020
10571 0.000020
10572 0.000020
10573 0.000020
10574 0.000020
10575 0.000020
10576 0.000020
10577 0.000020
10578 0.000020
10579 0.000020
10580 0.000020
10581 0.000020
10582 0.000020
10583 0.000020
10584 0.000020
10585 0.000020
10586 0.000020
10587 0.000020
10588 0.000020
10589 0.000020
10590 0.000020
10591 0.000020
10592 0.000020
10593 0.000020
10594 0.000020
10595 0.000020
10596 0.000020
10597 0.000020
10598 0.000020
10599 0.000020
10600 0.000020
10601 0.000020
10602 0.000020
10603 0.000020
10604 0.000020
10605 0.000020
10606 0.000020
10607 0.000020
10608 0.000020
10609 0.000020
10610 0.000020
10611 0.000020
10612 0.000020
10613 0.000020
10614 0.000020
10615 0.000020
10616 0.000020
10617 0.000020
10618 0.000020
10619 0.000020
10620 0.000020
10621 0.000020
10622 0.000020
10623 0.000020
10624 0.000020
10625 0.000020
10626 0.000020
10627 0.000020
10628 0.000020
10629 0.000020
10630 0.000020
10631 0.000020
10632 0.000020
10633 0.000020
10634 0.000020
10635 0.000020
10636 0.000020
10637 0.000020
10638 0.000020
10639 0.000020
10640 0.000020
10641 0.000020
10642 0.000020
10643 0.000020
10644 0.000020
10645 0.000020
10646 0.000020
10647 0.000020
10648 0.000020
10649 0.000020
10650 0.000020
10651 0.000020
10652 0.000020
10653 0.000020
10654 0.000020
10655 0.000020
10656 0.000020
10657 0.000020
10658 0.000020
10659 0.000020
10660 0.000020
10661 0.000020
10662 0.000020
10663 0.000020
10664 0.000020
10665 0.000020
10666 0.000020
10667 0.000020
10668 0.000020
10669 0.000020
10670 0.000020
10671 0.000020
10672 0.000020
10673 0.000020
10674 0.000020
10675 0.000020
10676 0.000020
10677 0.000020
10678 0.000020
10679 0.000020
10680 0.000020
10681 0.000020
10682 0.000020
10683 0.000020
10684 0.000020
10685 0.000020
10686 0.000020
10687 0.000020
10688 0.000020
10689 0.000020
10690 0.000020
10691 0.000020
10692 0.000020
10693 0.000020
10694 0.000020
10695 0.000020
10696 0.000020
10697 0.000020
10698 0.000020
10699 0.000020
10700 0.000020
10701 0.000020
10702 0.000020
10703 0.000020
10704 0.000020
10705 0.000020
10706 0.000020
10707 0.000020
10708 0.000020
10709 0.000020
10710 0.000020
10711 0.000020
10712 0.000020
10713 0.000020
10714 0.000020
10715 0.000020
10716 0.000020
10717 0.000020
10718 0.000020
10719 0.000020
10720 0.000020
10721 0.000020
10722 0.000020
10723 0.000020
10724 0.000020
10725 0.000020
10726 0.000020
10727 0.000020
10728 0.000020
10729 0.000020
10730 0.000020
10731 0.000020
10732 0.000020
10733 0.000020
10734 0.000020
10735 0.000020
10736 0.000020
10737 0.000020
10738 0.000020
10739 0.000020
10740 0.000020
10741 0.000020
10742 0.000020
10743 0.000020
10744 0.000020
10745 0.000020
10746 0.000020
10747 0.000020
10748 0.000020
10749 0.000020
10750 0.000020
10751 0.000020
10752 0.000020
10753 0.000020
10754 0.000020
10755 0.000020
10756 0.000020
10757 0.000020
10758 0.000020
10759 0.000020
10760 0.000020
10761 0.000020
10762 0.000020
10763 0.000020
10764 0.000020
10765 0.000020
10766 0.000020
10767 0.000020
10768 0.000020
10769 0.000020
10770 0.000020
10771 0.000020
10772 0.000020
10773 0.000020
10774 0.000020
10775 0.000020
10776 0.000020
10777 0.000020
10778 0.000020
10779 0.000020
10780 0.000020
10781 0.000020
10782 0.000020
10783 0.000020
10784 0.000020
10785 0.000020
10786 0.000020
10787 0.000020
10788 0.000020
10789 0.000020
10790 0.000020
10791 0.000020
10792 0.000020
10793 0.000020
10794 0.000020
10795 0.000020
10796 0.000020
10797 0.000020
10798 0.000020
10799 0.000020
10800 0.000020
10801 0.000020
10802 0.000020
10803 0.000020
10804 0.000020
10805 0.000020
10806 0.000020
10807 0.000020
10808 0.000020
10809 0.000020
10810 0.000020
10811 0.000020
10812 0.000020
10813 0.000020
10814 0.000020
10815 0.000020
10816 0.000020
10817 0.000020
10818 0.000020
10819 0.000020
10820 0.000020
10821 0.000020
10822 0.000020
10823 0.000020
10824 0.000020
10825 0.000020
10826 0.000020
10827 0.000020
10828 0.000020
10829 0.000020
10830 0.000020
10831 0.000020
10832 0.000020
10833 0.000020
10834 0.000020
10835 0.000020
10836 0.000020
10837 0.000020
10838 0.000020
10839 0.000020
10840 0.000020
10841 0.000020
10842 0.000020
10843 0.000020
10844 0.000020
10845 0.000020
10846 0.000020
10847 0.000020
10848 0.000020
10849 0.000020
10850 0.000020
10851 0.000020
10852 0.000020
10853 0.000020
10854 0.000020
10855 0.000020
10856 0.000020
10857 0.000020
10858 0.000020
10859 0.000020
10860 0.000020
10861 0.000020
10862 0.000020
10863 0.000020
10864 0.000020
10865 0.000020
10866 0.000020
10867 0.000020
10868 0.000020
10869 0.000020
10870 0.000020
10871 0.000020
10872 0.000020
10873 0.000020
10874 0.000020
10875 0.000020
10876 0.000020
10877 0.000020
10878 0.000020
10879 0.000020
10880 0.000020
10881 0.000020
10882 0.000020
10883 0.000020
10884 0.000020
10885 0.000020
10886 0.000020
10887 0.000020
10888 0.000020
10889 0.000020
10890 0.000020
10891 0.000020
10892 0.000020
10893 0.000020
10894 0.000020
10895 0.000020
10896 0.000020
10897 0.000020
10898 0.000020
10899 0.000020
10900 0.000020
10901 0.000020
10902 0.000020
10903 0.000020
10904 0.000020
10905 0.000020
10906 0.000020
10907 0.000020
10908 0.000020
10909 0.000020
10910 0.000020
10911 0.000020
10912 0.000020
10913 0.000020
10914 0.000020
10915 0.000020
10916 0.000020
10917 0.000020
10918 0.000020
10919 0.000020
10920 0.000020
10921 0.000020
10922 0.000020
10923 0.000020
10924 0.000020
10925 0.000020
10926 0.000020
10927 0.000020
10928 0.000020
10929 0.000020
10930 0.000020
10931 0.000020
10932 0.000020
10933 0.000020
10934 0.000020
10935 0.000020
10936 0.000020
10937 0.000020
10938 0.000020
10939 0.000020
10940 0.000020
10941 0.000020
10942 0.000020
10943 0.000020
10944 0.000020
10945 0.000020
10946 0.000020
10947 0.000020
10948 0.000020
10949 0.000020
10950 0.000020
10951 0.000020
10952 0.000020
10953 0.000020
10954 0.000020
10955 0.000020
10956 0.000020
10957 0.000020
10958 0.000020
10959 0.000020
10960 0.000020
10961 0.000020
10962 0.000020
10963 0.000020
10964 0.000020
10965 0.000020
10966 0.000020
10967 0.000020
10968 0.000020
10969 0.000020
10970 0.000020
10971 0.000020
10972 0.000020
10973 0.000020
10974 0.000020
10975 0.000020
10976 0.000020
10977 0.000020
10978 0.000020
10979 0.000020
10980 0.000020
10981 0.000020
10982 0.000020
10983 0.000020
10984 0.000020
10985 0.000020
10986 0.000020
10987 0.000020
10988 0.000020
10989 0.000020
10990 0.000020
10991 0.000020
10992 0.000020
10993 0.000020
10994 0.000020
10995 0.000020
10996 0.000020
10997 0.000020
10998 0.000020
10999 0.000020
11000 0.000020
11001 0.000020
11002 0.000020
11003 0.000020
11004 0.000020
11005 0.000020
11006 0.000020
11007 0.000020
11008 0.000020
11009 0.000020
11010 0.000020
11011 0.000020
11012 0.000020
11013 0.000020
11014 0.000020
11015 0.000020
11016 0.000020
11017 0.000020
11018 0.000020
11019 0.000020
11020 0.000020
11021 0.000020
11022 0.000020
11023 0.000020
11024 0.000020
11025 0.000020
11026 0.000020
11027 0.000020
11028 0.000020
11029 0.000020
11030 0.000020
11031 0.000020
11032 0.000020
11033 0.000020
11034 0.000020
11035 0.000020
11036 0.000020
11037 0.000020
11038 0.000020
11039 0.000020
11040 0.000020
11041 0.000020
11042 0.000020
11043 0.000020
11044 0.000020
11045 0.000020
11046 0.000020
11047 0.000020
11048 0.000020
11049 0.000020
11050 0.000020
11051 0.000020
11052 0.000020
11053 0.000020
11054 0.000020
11055 0.000020
11056 0.000020
11057 0.000020
11058 0.000020
11059 0.000020
11060 0.000020
11061 0.000020
11062 0.000020
11063 0.000020
11064 0.000020
11065 0.000020
11066 0.000020
11067 0.000020
11068 0.000020
11069 0.000020
11070 0.000020
11071 0.000020
11072 0.000020
11073 0.000020
11074 0.000020
11075 0.000020
11076 0.000020
11077 0.000020
11078 0.000020
11079 0.000020
11080 0.000020
11081 0.000020
11082 0.000020
11083 0.000020
11084 0.000020
11085 0.000020
11086 0.000020
11087 0.000020
11088 0.000020
11089 0.000020
11090 0.000020
11091 0.000020
11092 0.000020
11093 0.000020
11094 0.000020
11095 0.000020
11096 0.000020
11097 0.000020
11098 0.000020
11099 0.000020
11100 0.000020
11101 0.000020
11102 0.000020
11103 0.000020
11104 0.000020
11105 0.000020
11106 0.000020
11107 0.000020
11108 0.000020
11109 0.000020
11110 0.000020
11111 0.000020
11112 0.000020
11113 0.000020
11114 0.000020
11115 0.000020
11116 0.000020
11117 0.000020
11118 0.000020
11119 0.000020
11120 0.000020
11121 0.000020
11122 0.000020
11123 0.000020
11124 0.000020
11125 0.000020
11126 0.000020
11127 0.000020
11128 0.000020
11129 0.000020
11130 0.000020
11131 0.000020
11132 0.000020
11133 0.000020
11134 0.000020
11135 0.000020
11136 0.000020
11137 0.000020
11138 0.000020
11139 0.000020
11140 0.000020
11141 0.000020
11142 0.000020
11143 0.000020
11144 0.000020
11145 0.000020
11146 0.000020
11147 0.000020
11148 0.000020
11149 0.000020
11150 0.000020
11151 0.000020
11152 0.000020
11153 0.000020
11154 0.000020
11155 0.000020
11156 0.000020
11157 0.000020
11158 0.000020
11159 0.000020
11160 0.000020
11161 0.000020
11162 0.000020
11163 0.000020
11164 0.000020
11165 0.000020
11166 0.000020
11167 0.000020
11168 0.000020
11169 0.000020
11170 0.000020
11171 0.000020
11172 0.000020
11173 0.000020
11174 0.000020
11175 0.000020
11176 0.000020
11177 0.000020
11178 0.000020
11179 0.000020
11180 0.000020
11181 0.000020
11182 0.000020
11183 0.000020
11184 0.000020
11185 0.000020
11186 0.000020
11187 0.000020
11188 0.000020
11189 0.000020
11190 0.000020
11191 0.000020
11192 0.000020
11193 0.000020
11194 0.000020
11195 0.000020
11196 0.000020
11197 0.000020
11198 0.000020
11199 0.000020
11200 0.000020
11201 0.000020
11202 0.000020
11203 0.000020
11204 0.000020
11205 0.000020
11206 0.000020
11207 0.000020
11208 0.000020
11209 0.000020
11210 0.000020
11211 0.000020
11212 0.000020
11213 0.000020
11214 0.000020
11215 0.000020
11216 0.000020
11217 0.000020
11218 0.000020
11219 0.000020
11220 0.000020
11221 0.000020
11222 0.000020
11223 0.000020
11224 0.000020
11225 0.000020
11226 0.000020
11227 0.000020
11228 0.000020
11229 0.000020
11230 0.000020
11231 0.000020
11232 0.000020
11233 0.000020
11234 0.000020
11235 0.000020
11236 0.000020
11237 0.000020
11238 0.000020
11239 0.000020
11240 0.000020
11241 0.000020
11242 0.000020
11243 0.000020
11244 0.000020
11245 0.000020
11246 0.000020
11247 0.000020
11248 0.000020
11249 0.000020
11250 0.000020
11251 0.000020
11252 0.000020
11253 0.000020
11254 0.000020
11255 0.000020
11256 0.000020
11257 0.000020
11258 0.000020
11259 0.000020
11260 0.000020
11261 0.000020
11262 0.000020
11263 0.000020
11264 0.000020
11265 0.000020
11266 0.000020
11267 0.000020
11268 0.000020
11269 0.000020
11270 0.000020
11271 0.000020
11272 0.000020
11273 0.000020
11274 0.000020
11275 0.000020
11276 0.000020
11277 0.000020
11278 0.000020
11279 0.000020
11280 0.000020
11281 0.000020
11282 0.000020
11283 0.000020
11284 0.000020
11285 0.000020
11286 0.000020
11287 0.000020
11288 0.000020
11289 0.000020
11290 0.000020
11291 0.000020
11292 0.000020
11293 0.000020
11294 0.000020
11295 0.000020
11296 0.000020
11297 0.000020
11298 0.000020
11299 0.000020
11300 0.000020
11301 0.000020
11302 0.000020
11303 0.000020
11304 0.000020
11305 0.000020
11306 0.000020
11307 0.000020
11308 0.000020
11309 0.000020
11310 0.000020
11311 0.000020
11312 0.000020
11313 0.000020
11314 0.000020
11315 0.000020
11316 0.000020
11317 0.000020
11318 0.000020
11319 0.000020
11320 0.000020
11321 0.000020
11322 0.000020
11323 0.000020
11324 0.000020
11325 0.000020
11326 0.000020
11327 0.000020
11328 0.000020
11329 0.000020
11330 0.000020
11331 0.000020
11332 0.000020
11333 0.000020
11334 0.000020
11335 0.000020
11336 0.000020
11337 0.000020
11338 0.000020
11339 0.000020
11340 0.000020
11341 0.000020
11342 0.000020
11343 0.000020
11344 0.000020
11345 0.000020
11346 0.000020
11347 0.000020
11348 0.000020
11349 0.000020
11350 0.000020
11351 0.000020
11352 0.000020
11353 0.000020
11354 0.000020
11355 0.000020
11356 0.000020
11357 0.000020
11358 0.000020
11359 0.000020
11360 0.000020
11361 0.000020
11362 0.000020
11363 0.000020
11364 0.000020
11365 0.000020
11366 0.000020
11367 0.000020
11368 0.000020
11369 0.000020
11370 0.000020
11371 0.000020
11372 0.000020
11373 0.000020
11374 0.000020
11375 0.000020
11376 0.000020
11377 0.000020
11378 0.000020
11379 0.000020
11380 0.000020
11381 0.000020
11382 0.000020
11383 0.000020
11384 0.000020
11385 0.000020
11386 0.000020
11387 0.000020
11388 0.000020
11389 0.000020
11390 0.000020
11391 0.000020
11392 0.000020
11393 0.000020
11394 0.000020
11395 0.000020
11396 0.000020
11397 0.000020
11398 0.000020
11399 0.000020
11400 0.000020
11401 0.000020
11402 0.000020
11403 0.000020
11404 0.000020
11405 0.000020
11406 0.000020
11407 0.000020
11408 0.000020
11409 0.000020
11410 0.000020
11411 0.000020
11412 0.000020
11413 0.000020
11414 0.000020
11415 0.000020
11416 0.000020
11417 0.000020
11418 0.000020
11419 0.000020
11420 0.000020
11421 0.000020
11422 0.000020
11423 0.000020
11424 0.000020
11425 0.000020
11426 0.000020
11427 0.000020
11428 0.000020
11429 0.000020
11430 0.000020
11431 0.000020
11432 0.000020
11433 0.000020
11434 0.000020
11435 0.000020
11436 0.000020
11437 0.000020
11438 0.000020
11439 0.000020
11440 0.000020
11441 0.000020
11442 0.000020
11443 0.000020
11444 0.000020
11445 0.000020
11446 0.000020
11447 0.000020
11448 0.000020
11449 0.000020
11450 0.000020
11451 0.000020
11452 0.000020
11453 0.000020
11454 0.000020
11455 0.000020
11456 0.000020
11457 0.000020
11458 0.000020
11459 0.000020
11460 0.000020
11461 0.000020
11462 0.000020
11463 0.000020
11464 0.000020
11465 0.000020
11466 0.000020
11467 0.000020
11468 0.000020
11469 0.000020
11470 0.000020
11471 0.000020
11472 0.000020
11473 0.000020
11474 0.000020
11475 0.000020
11476 0.000020
11477 0.000020
11478 0.000020
11479 0.000020
11480 0.000020
11481 0.000020
11482 0.000020
11483 0.000020
11484 0.000020
11485 0.000020
11486 0.000020
11487 0.000020
11488 0.000020
11489 0.000020
11490 0.000020
11491 0.000020
11492 0.000020
11493 0.000020
11494 0.000020
11495 0.000020
11496 0.000020
11497 0.000020
11498 0.000020
11499 0.000020
11500 0.000020
11501 0.000020
11502 0.000020
11503 0.000020
11504 0.000020
11505 0.000020
11506 0.000020
11507 0.000020
11508 0.000020
11509 0.000020
11510 0.000020
11511 0.000020
11512 0.000020
11513 0.000020
11514 0.000020
11515 0.000020
11516 0.000020
11517 0.000020
11518 0.000020
11519 0.000020
11520 0.000020
11521 0.000020
11522 0.000020
11523 0.000020
11524 0.000020
11525 0.000020
11526 0.000020
11527 0.000020
11528 0.000020
11529 0.000020
11530 0.000020
11531 0.000020
11532 0.000020
11533 0.000020
11534 0.000020
11535 0.000020
11536 0.000020
11537 0.000020
11538 0.000020
11539 0.000020
11540 0.000020
11541 0.000020
11542 0.000020
11543 0.000020
11544 0.000020
11545 0.000020
11546 0.000020
11547 0.000020
11548 0.000020
11549 0.000020
11550 0.000020
11551 0.000020
11552 0.000020
11553 0.000020
11554 0.000020
11555 0.000020
11556 0.000020
11557 0.000020
11558 0.000020
11559 0.000020
11560 0.000020
11561 0.000020
11562 0.000020
11563 0.000020
11564 0.000020
11565 0.000020
11566 0.000020
11567 0.000020
11568 0.000020
11569 0.000020
11570 0.000020
11571 0.000020
11572 0.000020
11573 0.000020
11574 0.000020
11575 0.000020
11576 0.000020
11577 0.000020
11578 0.000020
11579 0.000020
11580 0.000020
11581 0.000020
11582 0.000020
11583 0.000020
11584 0.000020
11585 0.000020
11586 0.000020
11587 0.000020
11588 0.000020
11589 0.000020
11590 0.000020
11591 0.000020
11592 0.000020
11593 0.000020
11594 0.000020
11595 0.000020
11596 0.000020
11597 0.000020
11598 0.000020
11599 0.000020
11600 0.000020
11601 0.000020
11602 0.000020
11603 0.000020
11604 0.000020
11605 0.000020
11606 0.000020
11607 0.000020
11608 0.000020
11609 0.000020
11610 0.000020
11611 0.000020
11612 0.000020
11613 0.000020
11614 0.000020
11615 0.000020
11616 0.000020
11617 0.000020
11618 0.000020
11619 0.000020
11620 0.000020
11621 0.000020
11622 0.000020
11623 0.000020
11624 0.000020
11625 0.000020
11626 0.000020
11627 0.000020
11628 0.000020
11629 0.000020
11630 0.000020
11631 0.000020
11632 0.000020
11633 0.000020
11634 0.000020
11635 0.000020
11636 0.000020
11637 0.000020
11638 0.000020
11639 0.000020
11640 0.000020
11641 0.000020
11642 0.000020
11643 0.000020
11644 0.000020
11645 0.000020
11646 0.000020
11647 0.000020
11648 0.000020
11649 0.000020
11650 0.000020
11651 0.000020
11652 0.000020
11653 0.000020
11654 0.000020
11655 0.000020
11656 0.000020
11657 0.000020
11658 0.000020
11659 0.000020
11660 0.000020
11661 0.000020
11662 0.000020
11663 0.000020
11664 0.000020
11665 0.000020
11666 0.000020
11667 0.000020
11668 0.000020
11669 0.000020
11670 0.000020
11671 0.000020
11672 0.000020
11673 0.000020
11674 0.000020
11675 0.000020
11676 0.000020
11677 0.000020
11678 0.000020
11679 0.000020
11680 0.000020
11681 0.000020
11682 0.000020
11683 0.000020
11684 0.000020
11685 0.000020
11686 0.000020
11687 0.000020
11688 0.000020
11689 0.000020
11690 0.000020
11691 0.000020
11692 0.000020
11693 0.000020
11694 0.000020
11695 0.000020
11696 0.000020
11697 0.000020
11698 0.000020
11699 0.000020
11700 0.000020
11701 0.000020
11702 0.000020
11703 0.000020
11704 0.000020
11705 0.000020
11706 0.000020
11707 0.000020
11708 0.000020
11709 0.000020
11710 0.000020
11711 0.000020
11712 0.000020
11713 0.000020
11714 0.000020
11715 0.000020
11716 0.000020
11717 0.000020
11718 0.000020
11719 0.000020
11720 0.000020
11721 0.000020
11722 0.000020
11723 0.000020
11724 0.000020
11725 0.000020
11726 0.000020
11727 0.000020
11728 0.000020
11729 0.000020
11730 0.000020
11731 0.000020
11732 0.000020
11733 0.000020
11734 0.000020
11735 0.000020
11736 0.000020
11737 0.000020
11738 0.000020
11739 0.000020
11740 0.000020
11741 0.000020
11742 0.000020
11743 0.000020
11744 0.000020
11745 0.000020
11746 0.000020
11747 0.000020
11748 0.000020
11749 0.000020
11750 0.000020
11751 0.000020
11752 0.000020
11753 0.000020
11754 0.000020
11755 0.000020
11756 0.000020
11757 0.000020
11758 0.000020
11759 0.000020
11760 0.000020
11761 0.000020
11762 0.000020
11763 0.000020
11764 0.000020
11765 0.000020
11766 0.000020
11767 0.000020
11768 0.000020
11769 0.000020
11770 0.000020
11771 0.000020
11772 0.000020
11773 0.000020
11774 0.000020
11775 0.000020
11776 0.000020
11777 0.000020
11778 0.000020
11779 0.000020
11780 0.000020
11781 0.000020
11782 0.000020
11783 0.000020
11784 0.000020
11785 0.000020
11786 0.000020
11787 0.000020
11788 0.000020
11789 0.000020
11790 0.000020
11791 0.000020
11792 0.000020
11793 0.000020
11794 0.000020
11795 0.000020
11796 0.000020
11797 0.000020
11798 0.000020
11799 0.000020
11800 0.000020
11801 0.000020
11802 0.000020
11803 0.000020
11804 0.000020
11805 0.000020
11806 0.000020
11807 0.000020
11808 0.000020
11809 0.000020
11810 0.000020
11811 0.000020
11812 0.000020
11813 0.000020
11814 0.000020
11815 0.000020
11816 0.000020
11817 0.000020
11818 0.000020
11819 0.000020
11820 0.000020
11821 0.000020
11822 0.000020
11823 0.000020
11824 0.000020
11825 0.000020
11826 0.000020
11827 0.000020
11828 0.000020
11829 0.000020
11830 0.000020
11831 0.000020
11832 0.000020
11833 0.000020
11834 0.000020
11835 0.000020
11836 0.000020
11837 0.000020
11838 0.000020
11839 0.000020
11840 0.000020
11841 0.000020
11842 0.000020
11843 0.000020
11844 0.000020
11845 0.000020
11846 0.000020
11847 0.000020
11848 0.000020
11849 0.000020
11850 0.000020
11851 0.000020
11852 0.000020
11853 0.000020
11854 0.000020
11855 0.000020
11856 0.000020
11857 0.000020
11858 0.000020
11859 0.000020
11860 0.000020
11861 0.000020
11862 0.000020
11863 0.000020
11864 0.000020
11865 0.000020
11866 0.000020
11867 0.000020
11868 0.000020
11869 0.000020
11870 0.000020
11871 0.000020
11872 0.000020
11873 0.000020
11874 0.000020
11875 0.000020
11876 0.000020
11877 0.000020
11878 0.000020
11879 0.000020
11880 0.000020
11881 0.000020
11882 0.000020
11883 0.000020
11884 0.000020
11885 0.000020
11886 0.000020
11887 0.000020
11888 0.000020
11889 0.000020
11890 0.000020
11891 0.000020
11892 0.000020
11893 0.000020
11894 0.000020
11895 0.000020
11896 0.000020
11897 0.000020
11898 0.000020
11899 0.000020
11900 0.000020
11901 0.000020
11902 0.000020
11903 0.000020
11904 0.000020
11905 0.000020
11906 0.000020
11907 0.000020
11908 0.000020
11909 0.000020
11910 0.000020
11911 0.000020
11912 0.000020
11913 0.000020
11914 0.000020
11915 0.000020
11916 0.000020
11917 0.000020
11918 0.000020
11919 0.000020
11920 0.000020
11921 0.000020
11922 0.000020
11923 0.000020
11924 0.000020
11925 0.000020
11926 0.000020
11927 0.000020
11928 0.000020
11929 0.000020
11930 0.000020
11931 0.000020
11932 0.000020
11933 0.000020
11934 0.000020
11935 0.000020
11936 0.000020
11937 0.000020
11938 0.000020
11939 0.000020
11940 0.000020
11941 0.000020
11942 0.000020
11943 0.000020
11944 0.000020
11945 0.000020
11946 0.000020
11947 0.000020
11948 0.000020
11949 0.000020
11950 0.000020
11951 0.000020
11952 0.000020
11953 0.000020
11954 0.000020
11955 0.000020
11956 0.000020
11957 0.000020
11958 0.000020
11959 0.000020
11960 0.000020
11961 0.000020
11962 0.000020
11963 0.000020
11964 0.000020
11965 0.000020
11966 0.000020
11967 0.000020
11968 0.000020
11969 0.000020
11970 0.000020
11971 0.000020
11972 0.000020
11973 0.000020
11974 0.000020
11975 0.000020
11976 0.000020
11977 0.000020
11978 0.000020
11979 0.000020
11980 0.000020
11981 0.000020
11982 0.000020
11983 0.000020
11984 0.000020
11985 0.000020
11986 0.000020
11987 0.000020
11988 0.000020
11989 0.000020
11990 0.000020
11991 0.000020
11992 0.000020
11993 0.000020
11994 0.000020
11995 0.000020
11996 0.000020
11997 0.000020
11998 0.000020
11999 0.000020
12000 0.000020
12001 0.000020
12002 0.000020
12003 0.000020
12004 0.000020
12005 0.000020
12006 0.000020
12007 0.000020
12008 0.000020
12009 0.000020
12010 0.000020
12011 0.000020
12012 0.000020
12013 0.000020
12014 0.000020
12015 0.000020
12016 0.000020
12017 0.000020
12018 0.000020
12019 0.000020
12020 0.000020
12021 0.000020
12022 0.000020
12023 0.000020
12024 0.000020
12025 0.000020
12026 0.000020
12027 0.000020
12028 0.000020
12029 0.000020
12030 0.000020
12031 0.000020
12032 0.000020
12033 0.000020
12034 0.000020
12035 0.000020
12036 0.000020
12037 0.000020
12038 0.000020
12039 0.000020
12040 0.000020
12041 0.000020
12042 0.000020
12043 0.000020
12044 0.000020
12045 0.000020
12046 0.000020
12047 0.000020
12048 0.000020
12049 0.000020
12050 0.000020
12051 0.000020
12052 0.000020
12053 0.000020
12054 0.000020
12055 0.000020
12056 0.000020
12057 0.000020
12058 0.000020
12059 0.000020
12060 0.000020
12061 0.000020
12062 0.000020
12063 0.000020
12064 0.000020
12065 0.000020
12066 0.000020
12067 0.000020
12068 0.000020
12069 0.000020
12070 0.000020
12071 0.000020
12072 0.000020
12073 0.000020
12074 0.000020
12075 0.000020
12076 0.000020
12077 0.000020
12078 0.000020
12079 0.000020
12080 0.000020
12081 0.000020
12082 0.000020
12083 0.000020
12084 0.000020
12085 0.000020
12086 0.000020
12087 0.000020
12088 0.000020
12089 0.000020
12090 0.000020
12091 0.000020
12092 0.000020
12093 0.000020
12094 0.000020
12095 0.000020
12096 0.000020
12097 0.000020
12098 0.000020
12099 0.000020
12100 0.000020
12101 0.000020
12102 0.000020
12103 0.000020
12104 0.000020
12105 0.000020
12106 0.000020
12107 0.000020
12108 0.000020
12109 0.000020
12110 0.000020
12111 0.000020
12112 0.000020
12113 0.000020
12114 0.000020
12115 0.000020
12116 0.000020
12117 0.000020
12118 0.000020
12119 0.000020
12120 0.000020
12121 0.000020
12122 0.000020
12123 0.000020
12124 0.000020
12125 0.000020
12126 0.000020
12127 0.000020
12128 0.000020
12129 0.000020
12130 0.000020
12131 0.000020
12132 0.000020
12133 0.000020
12134 0.000020
12135 0.000020
12136 0.000020
12137 0.000020
12138 0.000020
12139 0.000020
12140 0.000020
12141 0.000020
12142 0.000020
12143 0.000020
12144 0.000020
12145 0.000020
12146 0.000020
12147 0.000020
12148 0.000020
12149 0.000020
12150 0.000020
12151 0.000020
12152 0.000020
12153 0.000020
12154 0.000020
12155 0.000020
12156 0.000020
12157 0.000020
12158 0.000020
12159 0.000020
12160 0.000020
12161 0.000020
12162 0.000020
12163 0.000020
12164 0.000020
12165 0.000020
12166 0.000020
12167 0.000020
12168 0.000020
12169 0.000020
12170 0.000020
12171 0.000020
12172 0.000020
12173 0.000020
12174 0.000020
12175 0.000020
12176 0.000020
12177 0.000020
12178 0.000020
12179 0.000020
12180 0.000020
12181 0.000020
12182 0.000020
12183 0.000020
12184 0.000020
12185 0.000020
12186 0.000020
12187 0.000020
12188 0.000020
12189 0.000020
12190 0.000020
12191 0.000020
12192 0.000020
12193 0.000020
12194 0.000020
12195 0.000020
12196 0.000020
12197 0.000020
12198 0.000020
12199 0.000020
12200 0.000020
12201 0.000020
12202 0.000020
12203 0.000020
12204 0.000020
12205 0.000020
12206 0.000020
12207 0.000020
12208 0.000020
12209 0.000020
12210 0.000020
12211 0.000020
12212 0.000020
12213 0.000020
12214 0.000020
12215 0.000020
12216 0.000020
12217 0.000020
12218 0.000020
12219 0.000020
12220 0.000020
12221 0.000020
12222 0.000020
12223 0.000020
12224 0.000020
12225 0.000020
12226 0.000020
12227 0.000020
12228 0.000020
12229 0.000020
12230 0.000020
12231 0.000020
12232 0.000020
12233 0.000020
12234 0.000020
12235 0.000020
12236 0.000020
12237 0.000020
12238 0.000020
12239 0.000020
12240 0.000020
12241 0.000020
12242 0.000020
12243 0.000020
12244 0.000020
12245 0.000020
12246 0.000020
12247 0.000020
12248 0.000020
12249 0.000020
12250 0.000020
12251 0.000020
12252 0.000020
12253 0.000020
12254 0.000020
12255 0.000020
12256 0.000020
12257 0.000020
12258 0.000020
12259 0.000020
12260 0.000020
12261 0.000020
12262 0.000020
12263 0.000020
12264 0.000020
12265 0.000020
12266 0.000020
12267 0.000020
12268 0.000020
12269 0.000020
12270 0.000020
12271 0.000020
12272 0.000020
12273 0.000020
12274 0.000020
12275 0.000020
12276 0.000020
12277 0.000020
12278 0.000020
12279 0.000020
12280 0.000020
12281 0.000020
12282 0.000020
12283 0.000020
12284 0.000020
12285 0.000020
12286 0.000020
12287 0.000020
12288 0.000020
12289 0.000020
12290 0.000020
12291 0.000020
12292 0.000020
12293 0.000020
12294 0.000020
12295 0.000020
12296 0.000020
12297 0.000020
12298 0.000020
12299 0.000020
12300 0.000020
12301 0.000020
12302 0.000020
12303 0.000020
12304 0.000020
12305 0.000020
12306 0.000020
12307 0.000020
12308 0.000020
12309 0.000020
12310 0.000020
12311 0.000020
12312 0.000020
12313 0.000020
12314 0.000020
12315 0.000020
12316 0.000020
12317 0.000020
12318 0.000020
12319 0.000020
12320 0.000020
12321 0.000020
12322 0.000020
12323 0.000020
12324 0.000020
12325 0.000020
12326 0.000020
12327 0.000020
12328 0.000020
12329 0.000020
12330 0.000020
12331 0.000020
12332 0.000020
12333 0.000020
12334 0.000020
12335 0.000020
12336 0.000020
12337 0.000020
12338 0.000020
12339 0.000020
12340 0.000020
12341 0.000020
12342 0.000020
12343 0.000020
12344 0.000020
12345 0.000020
12346 0.000020
12347 0.000020
12348 0.000020
12349 0.000020
12350 0.000020
12351 0.000020
12352 0.000020
12353 0.000020
12354 0.000020
12355 0.000020
12356 0.000020
12357 0.000020
12358 0.000020
12359 0.000020
12360 0.000020
12361 0.000020
12362 0.000020
12363 0.000020
12364 0.000020
12365 0.000020
12366 0.000020
12367 0.000020
12368 0.000020
12369 0.000020
12370 0.000020
12371 0.000020
12372 0.000020
12373 0.000020
12374 0.000020
12375 0.000020
12376 0.000020
12377 0.000020
12378 0.000020
12379 0.000020
12380 0.000020
12381 0.000020
12382 0.000020
12383 0.000020
12384 0.000020
12385 0.000020
12386 0.000020
12387 0.000020
12388 0.000020
12389 0.000020
12390 0.000020
12391 0.000020
12392 0.000020
12393 0.000020
12394 0.000020
12395 0.000020
12396 0.000020
12397 0.000020
12398 0.000020
12399 0.000020
12400 0.000020
12401 0.000020
12402 0.000020
12403 0.000020
12404 0.000020
12405 0.000020
12406 0.000020
12407 0.000020
12408 0.000020
12409 0.000020
12410 0.000020
12411 0.000020
12412 0.000020
12413 0.000020
12414 0.000020
12415 0.000020
12416 0.000020
12417 0.000020
12418 0.000020
12419 0.000020
12420 0.000020
12421 0.000020
12422 0.000020
12423 0.000020
12424 0.000020
12425 0.000020
12426 0.000020
12427 0.000020
12428 0.000020
12429 0.000020
12430 0.000020
12431 0.000020
12432 0.000020
12433 0.000020
12434 0.000020
12435 0.000020
12436 0.000020
12437 0.000020
12438 0.000020
12439 0.000020
12440 0.000020
12441 0.000020
12442 0.000020
12443 0.000020
12444 0.000020
12445 0.000020
12446 0.000020
12447 0.000020
12448 0.000020
12449 0.000020
12450 0.000020
12451 0.000020
12452 0.000020
12453 0.000020
12454 0.000020
12455 0.000020
12456 0.000020
12457 0.000020
12458 0.000020
12459 0.000020
12460 0.000020
12461 0.000020
12462 0.000020
12463 0.000020
12464 0.000020
12465 0.000020
12466 0.000020
12467 0.000020
12468 0.000020
12469 0.000020
12470 0.000020
12471 0.000020
12472 0.000020
12473 0.000020
12474 0.000020
12475 0.000020
12476 0.000020
12477 0.000020
12478 0.000020
12479 0.000020
12480 0.000020
12481 0.000020
12482 0.000020
12483 0.000020
12484 0.000020
12485 0.000020
12486 0.000020
12487 0.000020
12488 0.000020
12489 0.000020
12490 0.000020
12491 0.000020
12492 0.000020
12493 0.000020
12494 0.000020
12495 0.000020
12496 0.000020
12497 0.000020
12498 0.000020
12499 0.000020
12500 0.000020
12501 0.000020
12502 0.000020
12503 0.000020
12504 0.000020
12505 0.000020
12506 0.000020
12507 0.000020
12508 0.000020
12509 0.000020
12510 0.000020
12511 0.000020
12512 0.000020
12513 0.000020
12514 0.000020
12515 0.000020
12516 0.000020
12517 0.000020
12518 0.000020
12519 0.000020
12520 0.000020
12521 0.000020
12522 0.000020
12523 0.000020
12524 0.000020
12525 0.000020
12526 0.000020
12527 0.000020
12528 0.000020
12529 0.000020
12530 0.000020
12531 0.000020
12532 0.000020
12533 0.000020
12534 0.000020
12535 0.000020
12536 0.000020
12537 0.000020
12538 0.000020
12539 0.000020
12540 0.000020
12541 0.000020
12542 0.000020
12543 0.000020
12544 0.000020
12545 0.000020
12546 0.000020
12547 0.000020
12548 0.000020
12549 0.000020
12550 0.000020
12551 0.000020
12552 0.000020
12553 0.000020
12554 0.000020
12555 0.000020
12556 0.000020
12557 0.000020
12558 0.000020
12559 0.000020
12560 0.000020
12561 0.000020
12562 0.000020
12563 0.000020
12564 0.000020
12565 0.000020
12566 0.000020
12567 0.000020
12568 0.000020
12569 0.000020
12570 0.000020
12571 0.000020
12572 0.000020
12573 0.000020
12574 0.000020
12575 0.000020
12576 0.000020
12577 0.000020
12578 0.000020
12579 0.000020
12580 0.000020
12581 0.000020
12582 0.000020
12583 0.000020
12584 0.000020
12585 0.000020
12586 0.000020
12587 0.000020
12588 0.000020
12589 0.000020
12590 0.000020
12591 0.000020
12592 0.000020
12593 0.000020
12594 0.000020
12595 0.000020
12596 0.000020
12597 0.000020
12598 0.000020
12599 0.000020
12600 0.000020
12601 0.000020
12602 0.000020
12603 0.000020
12604 0.000020
12605 0.000020
12606 0.000020
12607 0.000020
12608 0.000020
12609 0.000020
12610 0.000020
12611 0.000020
12612 0.000020
12613 0.000020
12614 0.000020
12615 0.000020
12616 0.000020
12617 0.000020
12618 0.000020
12619 0.000020
12620 0.000020
12621 0.000020
12622 0.000020
12623 0.000020
12624 0.000020
12625 0.000020
12626 0.000020
12627 0.000020
12628 0.000020
12629 0.000020
12630 0.000020
12631 0.000020
12632 0.000020
12633 0.000020
12634 0.000020
12635 0.000020
12636 0.000020
12637 0.000020
12638 0.000020
12639 0.000020
12640 0.000020
12641 0.000020
12642 0.000020
12643 0.000020
12644 0.000020
12645 0.000020
12646 0.000020
12647 0.000020
12648 0.000020
12649 0.000020
12650 0.000020
12651 0.000020
12652 0.000020
12653 0.000020
12654 0.000020
12655 0.000020
12656 0.000020
12657 0.000020
12658 0.000020
12659 0.000020
12660 0.000020
12661 0.000020
12662 0.000020
12663 0.000020
12664 0.000020
12665 0.000020
12666 0.000020
12667 0.000020
12668 0.000020
12669 0.000020
12670 0.000020
12671 0.000020
12672 0.000020
12673 0.000020
12674 0.000020
12675 0.000020
12676 0.000020
12677 0.000020
12678 0.000020
12679 0.000020
12680 0.000020
12681 0.000020
12682 0.000020
12683 0.000020
12684 0.000020
12685 0.000020
12686 0.000020
12687 0.000020
12688 0.000020
12689 0.000020
12690 0.000020
12691 0.000020
12692 0.000020
12693 0.000020
12694 0.000020
12695 0.000020
12696 0.000020
12697 0.000020
12698 0.000020
12699 0.000020
12700 0.000020
12701 0.000020
12702 0.000020
12703 0.000020
12704 0.000020
12705 0.000020
12706 0.000020
12707 0.000020
12708 0.000020
12709 0.000020
12710 0.000020
12711 0.000020
12712 0.000020
12713 0.000020
12714 0.000020
12715 0.000020
12716 0.000020
12717 0.000020
12718 0.000020
12719 0.000020
12720 0.000020
12721 0.000020
12722 0.000020
12723 0.000020
12724 0.000020
12725 0.000020
12726 0.000020
12727 0.000020
12728 0.000020
12729 0.000020
12730 0.000020
12731 0.000020
12732 0.000020
12733 0.000020
12734 0.000020
12735 0.000020
12736 0.000020
12737 0.000020
12738 0.000020
12739 0.000020
12740 0.000020
12741 0.000020
12742 0.000020
12743 0.000020
12744 0.000020
12745 0.000020
12746 0.000020
12747 0.000020
12748 0.000020
12749 0.000020
12750 0.000020
12751 0.000020
12752 0.000020
12753 0.000020
12754 0.000020
12755 0.000020
12756 0.000020
12757 0.000020
12758 0.000020
12759 0.000020
12760 0.000020
12761 0.000020
12762 0.000020
12763 0.000020
12764 0.000020
12765 0.000020
12766 0.000020
12767 0.000020
12768 0.000020
12769 0.000020
12770 0.000020
12771 0.000020
12772 0.000020
12773 0.000020
12774 0.000020
12775 0.000020
12776 0.000020
12777 0.000020
12778 0.000020
12779 0.000020
12780 0.000020
12781 0.000020
12782 0.000020
12783 0.000020
12784 0.000020
12785 0.000020
12786 0.000020
12787 0.000020
12788 0.000020
12789 0.000020
12790 0.000020
12791 0.000020
12792 0.000020
12793 0.000020
12794 0.000020
12795 0.000020
12796 0.000020
12797 0.000020
12798 0.000020
12799 0.000020
12800 0.000020
12801 0.000020
12802 0.000020
12803 0.000020
12804 0.000020
12805 0.000020
12806 0.000020
12807 0.000020
12808 0.000020
12809 0.000020
12810 0.000020
12811 0.000020
12812 0.000020
12813 0.000020
12814 0.000020
12815 0.000020
12816 0.000020
12817 0.000020
12818 0.000020
12819 0.000020
12820 0.000020
12821 0.000020
12822 0.000020
12823 0.000020
12824 0.000020
12825 0.000020
12826 0.000020
12827 0.000020
12828 0.000020
12829 0.000020
12830 0.000020
12831 0.000020
12832 0.000020
12833 0.000020
12834 0.000020
12835 0.000020
12836 0.000020
12837 0.000020
12838 0.000020
12839 0.000020
12840 0.000020
12841 0.000020
12842 0.000020
12843 0.000020
12844 0.000020
12845 0.000020
12846 0.000020
12847 0.000020
12848 0.000020
12849 0.000020
12850 0.000020
12851 0.000020
12852 0.000020
12853 0.000020
12854 0.000020
12855 0.000020
12856 0.000020
12857 0.000020
12858 0.000020
12859 0.000020
12860 0.000020
12861 0.000020
12862 0.000020
12863 0.000020
12864 0.000020
12865 0.000020
12866 0.000020
12867 0.000020
12868 0.000020
12869 0.000020
12870 0.000020
12871 0.000020
12872 0.000020
12873 0.000020
12874 0.000020
12875 0.000020
12876 0.000020
12877 0.000020
12878 0.000020
12879 0.000020
12880 0.000020
12881 0.000020
12882 0.000020
12883 0.000020
12884 0.000020
12885 0.000020
12886 0.000020
12887 0.000020
12888 0.000020
12889 0.000020
12890 0.000020
12891 0.000020
12892 0.000020
12893 0.000020
12894 0.000020
12895 0.000020
12896 0.000020
12897 0.000020
12898 0.000020
12899 0.000020
12900 0.000020
12901 0.000020
12902 0.000020
12903 0.000020
12904 0.000020
12905 0.000020
12906 0.000020
12907 0.000020
12908 0.000020
12909 0.000020
12910 0.000020
12911 0.000020
12912 0.000020
12913 0.000020
12914 0.000020
12915 0.000020
12916 0.000020
12917 0.000020
12918 0.000020
12919 0.000020
12920 0.000020
12921 0.000020
12922 0.000020
12923 0.000020
12924 0.000020
12925 0.000020
12926 0.000020
12927 0.000020
12928 0.000020
12929 0.000020
12930 0.000020
12931 0.000020
12932 0.000020
12933 0.000020
12934 0.000020
12935 0.000020
12936 0.000020
12937 0.000020
12938 0.000020
12939 0.000020
12940 0.000020
12941 0.000020
12942 0.000020
12943 0.000020
12944 0.000020
12945 0.000020
12946 0.000020
12947 0.000020
12948 0.000020
12949 0.000020
12950 0.000020
12951 0.000020
12952 0.000020
12953 0.000020
12954 0.000020
12955 0.000020
12956 0.000020
12957 0.000020
12958 0.000020
12959 0.000020
12960 0.000020
12961 0.000020
12962 0.000020
12963 0.000020
12964 0.000020
12965 0.000020
12966 0.000020
12967 0.000020
12968 0.000020
12969 0.000020
12970 0.000020
12971 0.000020
12972 0.000020
12973 0.000020
12974 0.000020
12975 0.000020
12976 0.000020
12977 0.000020
12978 0.000020
12979 0.000020
12980 0.000020
12981 0.000020
12982 0.000020
12983 0.000020
12984 0.000020
12985 0.000020
12986 0.000020
12987 0.000020
12988 0.000020
12989 0.000020
12990 0.000020
12991 0.000020
12992 0.000020
12993 0.000020
12994 0.000020
12995 0.000020
12996 0.000020
12997 0.000020
12998 0.000020
12999 0.000020
13000 0.000020
13001 0.000020
13002 0.000020
13003 0.000020
13004 0.000020
13005 0.000020
13006 0.000020
13007 0.000020
13008 0.000020
13009 0.000020
13010 0.000020
13011 0.000020
13012 0.000020
13013 0.000020
13014 0.000020
13015 0.000020
13016 0.000020
13017 0.000020
13018 0.000020
13019 0.000020
13020 0.000020
13021 0.000020
13022 0.000020
13023 0.000020
13024 0.000020
13025 0.000020
13026 0.000020
13027 0.000020
13028 0.000020
13029 0.000020
13030 0.000020
13031 0.000020
13032 0.000020
13033 0.000020
13034 0.000020
13035 0.000020
13036 0.000020
13037 0.000020
13038 0.000020
13039 0.000020
13040 0.000020
13041 0.000020
13042 0.000020
13043 0.000020
13044 0.000020
13045 0.000020
13046 0.000020
13047 0.000020
13048 0.000020
13049 0.000020
13050 0.000020
13051 0.000020
13052 0.000020
13053 0.000020
13054 0.000020
13055 0.000020
13056 0.000020
13057 0.000020
13058 0.000020
13059 0.000020
13060 0.000020
13061 0.000020
13062 0.000020
13063 0.000020
13064 0.000020
13065 0.000020
13066 0.000020
13067 0.000020
13068 0.000020
13069 0.000020
13070 0.000020
13071 0.000020
13072 0.000020
13073 0.000020
13074 0.000020
13075 0.000020
13076 0.000020
13077 0.000020
13078 0.000020
13079 0.000020
13080 0.000020
13081 0.000020
13082 0.000020
13083 0.000020
13084 0.000020
13085 0.000020
13086 0.000020
13087 0.000020
13088 0.000020
13089 0.000020
13090 0.000020
13091 0.000020
13092 0.000020
13093 0.000020
13094 0.000020
13095 0.000020
13096 0.000020
13097 0.000020
13098 0.000020
13099 0.000020
13100 0.000020
13101 0.000020
13102 0.000020
13103 0.000020
13104 0.000020
13105 0.000020
13106 0.000020
13107 0.000020
13108 0.000020
13109 0.000020
13110 0.000020
13111 0.000020
13112 0.000020
13113 0.000020
13114 0.000020
13115 0.000020
13116 0.000020
13117 0.000020
13118 0.000020
13119 0.000020
13120 0.000020
13121 0.000020
13122 0.000020
13123 0.000020
13124 0.000020
13125 0.000020
13126 0.000020
13127 0.000020
13128 0.000020
13129 0.000020
13130 0.000020
13131 0.000020
13132 0.000020
13133 0.000020
13134 0.000020
13135 0.000020
13136 0.000020
13137 0.000020
13138 0.000020
13139 0.000020
13140 0.000020
13141 0.000020
13142 0.000020
13143 0.000020
13144 0.000020
13145 0.000020
13146 0.000020
13147 0.000020
13148 0.000020
13149 0.000020
13150 0.000020
13151 0.000020
13152 0.000020
13153 0.000020
13154 0.000020
13155 0.000020
13156 0.000020
13157 0.000020
13158 0.000020
13159 0.000020
13160 0.000020
13161 0.000020
13162 0.000020
13163 0.000020
13164 0.000020
13165 0.000020
13166 0.000020
13167 0.000020
13168 0.000020
13169 0.000020
13170 0.000020
13171 0.000020
13172 0.000020
13173 0.000020
13174 0.000020
13175 0.000020
13176 0.000020
13177 0.000020
13178 0.000020
13179 0.000020
13180 0.000020
13181 0.000020
13182 0.000020
13183 0.000020
13184 0.000020
13185 0.000020
13186 0.000020
13187 0.000020
13188 0.000020
13189 0.000020
13190 0.000020
13191 0.000020
13192 0.000020
13193 0.000020
13194 0.000020
13195 0.000020
13196 0.000020
13197 0.000020
13198 0.000020
13199 0.000020
13200 0.000020
13201 0.000020
13202 0.000020
13203 0.000020
13204 0.000020
13205 0.000020
13206 0.000020
13207 0.000020
13208 0.000020
13209 0.000020
13210 0.000020
13211 0.000020
13212 0.000020
13213 0.000020
13214 0.000020
13215 0.000020
13216 0.000020
13217 0.000020
13218 0.000020
13219 0.000020
13220 0.000020
13221 0.000020
13222 0.000020
13223 0.000020
13224 0.000020
13225 0.000020
13226 0.000020
13227 0.000020
13228 0.000020
13229 0.000020
13230 0.000020
13231 0.000020
13232 0.000020
13233 0.000020
13234 0.000020
13235 0.000020
13236 0.000020
13237 0.000020
13238 0.000020
13239 0.000020
13240 0.000020
13241 0.000020
13242 0.000020
13243 0.000020
13244 0.000020
13245 0.000020
13246 0.000020
13247 0.000020
13248 0.000020
13249 0.000020
13250 0.000020
13251 0.000020
13252 0.000020
13253 0.000020
13254 0.000020
13255 0.000020
13256 0.000020
13257 0.000020
13258 0.000020
13259 0.000020
13260 0.000020
13261 0.000020
13262 0.000020
13263 0.000020
13264 0.000020
13265 0.000020
13266 0.000020
13267 0.000020
13268 0.000020
13269 0.000020
13270 0.000020
13271 0.000020
13272 0.000020
13273 0.000020
13274 0.000020
13275 0.000020
13276 0.000020
13277 0.000020
13278 0.000020
13279 0.000020
13280 0.000020
13281 0.000020
13282 0.000020
13283 0.000020
13284 0.000020
13285 0.000020
13286 0.000020
13287 0.000020
13288 0.000020
13289 0.000020
13290 0.000020
13291 0.000020
13292 0.000020
13293 0.000020
13294 0.000020
13295 0.000020
13296 0.000020
13297 0.000020
13298 0.000020
13299 0.000020
13300 0.000020
13301 0.000020
13302 0.000020
13303 0.000020
13304 0.000020
13305 0.000020
13306 0.000020
13307 0.000020
13308 0.000020
13309 0.000020
13310 0.000020
13311 0.000020
13312 0.000020
13313 0.000020
13314 0.000020
13315 0.000020
13316 0.000020
13317 0.000020
13318 0.000020
13319 0.000020
13320 0.000020
13321 0.000020
13322 0.000020
13323 0.000020
13324 0.000020
13325 0.000020
13326 0.000020
13327 0.000020
13328 0.000020
13329 0.000020
13330 0.000020
13331 0.000020
13332 0.000020
13333 0.000020
13334 0.000020
13335 0.000020
13336 0.000020
13337 0.000020
13338 0.000020
13339 0.000020
13340 0.000020
13341 0.000020
13342 0.000020
13343 0.000020
13344 0.000020
13345 0.000020
13346 0.000020
13347 0.000020
13348 0.000020
13349 0.000020
13350 0.000020
13351 0.000020
13352 0.000020
13353 0.000020
13354 0.000020
13355 0.000020
13356 0.000020
13357 0.000020
13358 0.000020
13359 0.000020
13360 0.000020
13361 0.000020
13362 0.000020
13363 0.000020
13364 0.000020
13365 0.000020
13366 0.000020
13367 0.000020
13368 0.000020
13369 0.000020
13370 0.000020
13371 0.000020
13372 0.000020
13373 0.000020
13374 0.000020
13375 0.000020
13376 0.000020
13377 0.000020
13378 0.000020
13379 0.000020
13380 0.000020
13381 0.000020
13382 0.000020
13383 0.000020
13384 0.000020
13385 0.000020
13386 0.000020
13387 0.000020
13388 0.000020
13389 0.000020
13390 0.000020
13391 0.000020
13392 0.000020
13393 0.000020
13394 0.000020
13395 0.000020
13396 0.000020
13397 0.000020
13398 0.000020
13399 0.000020
13400 0.000020
13401 0.000020
13402 0.000020
13403 0.000020
13404 0.000020
13405 0.000020
13406 0.000020
13407 0.000020
13408 0.000020
13409 0.000020
13410 0.000020
13411 0.000020
13412 0.000020
13413 0.000020
13414 0.000020
13415 0.000020
13416 0.000020
13417 0.000020
13418 0.000020
13419 0.000020
13420 0.000020
13421 0.000020
13422 0.000020
13423 0.000020
13424 0.000020
13425 0.000020
13426 0.000020
13427 0.000020
13428 0.000020
13429 0.000020
13430 0.000020
13431 0.000020
13432 0.000020
13433 0.000020
13434 0.000020
13435 0.000020
13436 0.000020
13437 0.000020
13438 0.000020
13439 0.000020
13440 0.000020
13441 0.000020
13442 0.000020
13443 0.000020
13444 0.000020
13445 0.000020
13446 0.000020
13447 0.000020
13448 0.000020
13449 0.000020
13450 0.000020
13451 0.000020
13452 0.000020
13453 0.000020
13454 0.000020
13455 0.000020
13456 0.000020
13457 0.000020
13458 0.000020
13459 0.000020
13460 0.000020
13461 0.000020
13462 0.000020
13463 0.000020
13464 0.000020
13465 0.000020
13466 0.000020
13467 0.000020
13468 0.000020
13469 0.000020
13470 0.000020
13471 0.000020
13472 0.000020
13473 0.000020
13474 0.000020
13475 0.000020
13476 0.000020
13477 0.000020
13478 0.000020
13479 0.000020
13480 0.000020
13481 0.000020
13482 0.000020
13483 0.000020
13484 0.000020
13485 0.000020
13486 0.000020
13487 0.000020
13488 0.000020
13489 0.000020
13490 0.000020
13491 0.000020
13492 0.000020
13493 0.000020
13494 0.000020
13495 0.000020
13496 0.000020
13497 0.000020
13498 0.000020
13499 0.000020
13500 0.000020
13501 0.000020
13502 0.000020
13503 0.000020
13504 0.000020
13505 0.000020
13506 0.000020
13507 0.000020
13508 0.000020
13509 0.000020
13510 0.000020
13511 0.000020
13512 0.000020
13513 0.000020
13514 0.000020
13515 0.000020
13516 0.000020
13517 0.000020
13518 0.000020
13519 0.000020
13520 0.000020
13521 0.000020
13522 0.000020
13523 0.000020
13524 0.000020
13525 0.000020
13526 0.000020
13527 0.000020
13528 0.000020
13529 0.000020
13530 0.000020
13531 0.000020
13532 0.000020
13533 0.000020
13534 0.000020
13535 0.000020
13536 0.000020
13537 0.000020
13538 0.000020
13539 0.000020
13540 0.000020
13541 0.000020
13542 0.000020
13543 0.000020
13544 0.000020
13545 0.000020
13546 0.000020
13547 0.000020
13548 0.000020
13549 0.000020
13550 0.000020
13551 0.000020
13552 0.000020
13553 0.000020
13554 0.000020
13555 0.000020
13556 0.000020
13557 0.000020
13558 0.000020
13559 0.000020
13560 0.000020
13561 0.000020
13562 0.000020
13563 0.000020
13564 0.000020
13565 0.000020
13566 0.000020
13567 0.000020
13568 0.000020
13569 0.000020
13570 0.000020
13571 0.000020
13572 0.000020
13573 0.000020
13574 0.000020
13575 0.000020
13576 0.000020
13577 0.000020
13578 0.000020
13579 0.000020
13580 0.000020
13581 0.000020
13582 0.000020
13583 0.000020
13584 0.000020
13585 0.000020
13586 0.000020
13587 0.000020
13588 0.000020
13589 0.000020
13590 0.000020
13591 0.000020
13592 0.000020
13593 0.000020
13594 0.000020
13595 0.000020
13596 0.000020
13597 0.000020
13598 0.000020
13599 0.000020
13600 0.000020
13601 0.000020
13602 0.000020
13603 0.000020
13604 0.000020
13605 0.000020
13606 0.000020
13607 0.000020
13608 0.000020
13609 0.000020
13610 0.000020
13611 0.000020
13612 0.000020
13613 0.000020
13614 0.000020
13615 0.000020
13616 0.000020
13617 0.000020
13618 0.000020
13619 0.000020
13620 0.000020
13621 0.000020
13622 0.000020
13623 0.000020
13624 0.000020
13625 0.000020
13626 0.000020
13627 0.000020
13628 0.000020
13629 0.000020
13630 0.000020
13631 0.000020
13632 0.000020
13633 0.000020
13634 0.000020
13635 0.000020
13636 0.000020
13637 0.000020
13638 0.000020
13639 0.000020
13640 0.000020
13641 0.000020
13642 0.000020
13643 0.000020
13644 0.000020
13645 0.000020
13646 0.000020
13647 0.000020
13648 0.000020
13649 0.000020
13650 0.000020
13651 0.000020
13652 0.000020
13653 0.000020
13654 0.000020
13655 0.000020
13656 0.000020
13657 0.000020
13658 0.000020
13659 0.000020
13660 0.000020
13661 0.000020
13662 0.000020
13663 0.000020
13664 0.000020
13665 0.000020
13666 0.000020
13667 0.000020
13668 0.000020
13669 0.000020
13670 0.000020
13671 0.000020
13672 0.000020
13673 0.000020
13674 0.000020
13675 0.000020
13676 0.000020
13677 0.000020
13678 0.000020
13679 0.000020
13680 0.000020
13681 0.000020
13682 0.000020
13683 0.000020
13684 0.000020
13685 0.000020
13686 0.000020
13687 0.000020
13688 0.000020
13689 0.000020
13690 0.000020
13691 0.000020
13692 0.000020
13693 0.000020
13694 0.000020
13695 0.000020
13696 0.000020
13697 0.000020
13698 0.000020
13699 0.000020
13700 0.000020
13701 0.000020
13702 0.000020
13703 0.000020
13704 0.000020
13705 0.000020
13706 0.000020
13707 0.000020
13708 0.000020
13709 0.000020
13710 0.000020
13711 0.000020
13712 0.000020
13713 0.000020
13714 0.000020
13715 0.000020
13716 0.000020
13717 0.000020
13718 0.000020
13719 0.000020
13720 0.000020
13721 0.000020
13722 0.000020
13723 0.000020
13724 0.000020
13725 0.000020
13726 0.000020
13727 0.000020
13728 0.000020
13729 0.000020
13730 0.000020
13731 0.000020
13732 0.000020
13733 0.000020
13734 0.000020
13735 0.000020
13736 0.000020
13737 0.000020
13738 0.000020
13739 0.000020
13740 0.000020
13741 0.000020
13742 0.000020
13743 0.000020
13744 0.000020
13745 0.000020
13746 0.000020
13747 0.000020
13748 0.000020
13749 0.000020
13750 0.000020
13751 0.000020
13752 0.000020
13753 0.000020
13754 0.000020
13755 0.000020
13756 0.000020
13757 0.000020
13758 0.000020
13759 0.000020
13760 0.000020
13761 0.000020
13762 0.000020
13763 0.000020
13764 0.000020
13765 0.000020
13766 0.000020
13767 0.000020
13768 0.000020
13769 0.000020
13770 0.000020
13771 0.000020
13772 0.000020
13773 0.000020
13774 0.000020
13775 0.000020
13776 0.000020
13777 0.000020
13778 0.000020
13779 0.000020
13780 0.000020
13781 0.000020
13782 0.000020
13783 0.000020
13784 0.000020
13785 0.000020
13786 0.000020
13787 0.000020
13788 0.000020
13789 0.000020
13790 0.000020
13791 0.000020
13792 0.000020
13793 0.000020
13794 0.000020
13795 0.000020
13796 0.000020
13797 0.000020
13798 0.000020
13799 0.000020
13800 0.000020
13801 0.000020
13802 0.000020
13803 0.000020
13804 0.000020
13805 0.000020
13806 0.000020
13807 0.000020
13808 0.000020
13809 0.000020
13810 0.000020
13811 0.000020
13812 0.000020
13813 0.000020
13814 0.000020
13815 0.000020
13816 0.000020
13817 0.000020
13818 0.000020
13819 0.000020
13820 0.000020
13821 0.000020
13822 0.000020
13823 0.000020
13824 0.000020
13825 0.000020
13826 0.000020
13827 0.000020
13828 0.000020
13829 0.000020
13830 0.000020
13831 0.000020
13832 0.000020
13833 0.000020
13834 0.000020
13835 0.000020
13836 0.000020
13837 0.000020
13838 0.000020
13839 0.000020
13840 0.000020
13841 0.000020
13842 0.000020
13843 0.000020
13844 0.000020
13845 0.000020
13846 0.000020
13847 0.000020
13848 0.000020
13849 0.000020
13850 0.000020
13851 0.000020
13852 0.000020
13853 0.000020
13854 0.000020
13855 0.000020
13856 0.000020
13857 0.000020
13858 0.000020
13859 0.000020
13860 0.000020
13861 0.000020
13862 0.000020
13863 0.000020
13864 0.000020
13865 0.000020
13866 0.000020
13867 0.000020
13868 0.000020
13869 0.000020
13870 0.000020
13871 0.000020
13872 0.000020
13873 0.000020
13874 0.000020
13875 0.000020
13876 0.000020
13877 0.000020
13878 0.000020
13879 0.000020
13880 0.000020
13881 0.000020
13882 0.000020
13883 0.000020
13884 0.000020
13885 0.000020
13886 0.000020
13887 0.000020
13888 0.000020
13889 0.000020
13890 0.000020
13891 0.000020
13892 0.000020
13893 0.000020
13894 0.000020
13895 0.000020
13896 0.000020
13897 0.000020
13898 0.000020
13899 0.000020
13900 0.000020
13901 0.000020
13902 0.000020
13903 0.000020
13904 0.000020
13905 0.000020
13906 0.000020
13907 0.000020
13908 0.000020
13909 0.000020
13910 0.000020
13911 0.000020
13912 0.000020
13913 0.000020
13914 0.000020
13915 0.000020
13916 0.000020
13917 0.000020
13918 0.000020
13919 0.000020
13920 0.000020
13921 0.000020
13922 0.000020
13923 0.000020
13924 0.000020
13925 0.000020
13926 0.000020
13927 0.000020
13928 0.000020
13929 0.000020
13930 0.000020
13931 0.000020
13932 0.000020
13933 0.000020
13934 0.000020
13935 0.000020
13936 0.000020
13937 0.000020
13938 0.000020
13939 0.000020
13940 0.000020
13941 0.000020
13942 0.000020
13943 0.000020
13944 0.000020
13945 0.000020
13946 0.000020
13947 0.000020
13948 0.000020
13949 0.000020
13950 0.000020
13951 0.000020
13952 0.000020
13953 0.000020
13954 0.000020
13955 0.000020
13956 0.000020
13957 0.000020
13958 0.000020
13959 0.000020
13960 0.000020
13961 0.000020
13962 0.000020
13963 0.000020
13964 0.000020
13965 0.000020
13966 0.000020
13967 0.000020
13968 0.000020
13969 0.000020
13970 0.000020
13971 0.000020
13972 0.000020
13973 0.000020
13974 0.000020
13975 0.000020
13976 0.000020
13977 0.000020
13978 0.000020
13979 0.000020
13980 0.000020
13981 0.000020
13982 0.000020
13983 0.000020
13984 0.000020
13985 0.000020
13986 0.000020
13987 0.000020
13988 0.000020
13989 0.000020
13990 0.000020
13991 0.000020
13992 0.000020
13993 0.000020
13994 0.000020
13995 0.000020
13996 0.000020
13997 0.000020
13998 0.000020
13999 0.000020
14000 0.000020
14001 0.000020
14002 0.000020
14003 0.000020
14004 0.000020
14005 0.000020
14006 0.000020
14007 0.000020
14008 0.000020
14009 0.000020
14010 0.000020
14011 0.000020
14012 0.000020
14013 0.000020
14014 0.000020
14015 0.000020
14016 0.000020
14017 0.000020
14018 0.000020
14019 0.000020
14020 0.000020
14021 0.000020
14022 0.000020
14023 0.000020
14024 0.000020
14025 0.000020
14026 0.000020
14027 0.000020
14028 0.000020
14029 0.000020
14030 0.000020
14031 0.000020
14032 0.000020
14033 0.000020
14034 0.000020
14035 0.000020
14036 0.000020
14037 0.000020
14038 0.000020
14039 0.000020
14040 0.000020
14041 0.000020
14042 0.000020
14043 0.000020
14044 0.000020
14045 0.000020
14046 0.000020
14047 0.000020
14048 0.000020
14049 0.000020
14050 0.000020
14051 0.000020
14052 0.000020
14053 0.000020
14054 0.000020
14055 0.000020
14056 0.000020
14057 0.000020
14058 0.000020
14059 0.000020
14060 0.000020
14061 0.000020
14062 0.000020
14063 0.000020
14064 0.000020
14065 0.000020
14066 0.000020
14067 0.000020
14068 0.000020
14069 0.000020
14070 0.000020
14071 0.000020
14072 0.000020
14073 0.000020
14074 0.000020
14075 0.000020
14076 0.000020
14077 0.000020
14078 0.000020
14079 0.000020
14080 0.000020
14081 0.000020
14082 0.000020
14083 0.000020
14084 0.000020
14085 0.000020
14086 0.000020
14087 0.000020
14088 0.000020
14089 0.000020
14090 0.000020
14091 0.000020
14092 0.000020
14093 0.000020
14094 0.000020
14095 0.000020
14096 0.000020
14097 0.000020
14098 0.000020
14099 0.000020
14100 0.000020
14101 0.000020
14102 0.000020
14103 0.000020
14104 0.000020
14105 0.000020
14106 0.000020
14107 0.000020
14108 0.000020
14109 0.000020
14110 0.000020
14111 0.000020
14112 0.000020
14113 0.000020
14114 0.000020
14115 0.000020
14116 0.000020
14117 0.000020
14118 0.000020
14119 0.000020
14120 0.000020
14121 0.000020
14122 0.000020
14123 0.000020
14124 0.000020
14125 0.000020
14126 0.000020
14127 0.000020
14128 0.000020
14129 0.000020
14130 0.000020
14131 0.000020
14132 0.000020
14133 0.000020
14134 0.000020
14135 0.000020
14136 0.000020
14137 0.000020
14138 0.000020
14139 0.000020
14140 0.000020
14141 0.000020
14142 0.000020
14143 0.000020
14144 0.000020
14145 0.000020
14146 0.000020
14147 0.000020
14148 0.000020
14149 0.000020
14150 0.000020
14151 0.000020
14152 0.000020
14153 0.000020
14154 0.000020
14155 0.000020
14156 0.000020
14157 0.000020
14158 0.000020
14159 0.000020
14160 0.000020
14161 0.000020
14162 0.000020
14163 0.000020
14164 0.000020
14165 0.000020
14166 0.000020
14167 0.000020
14168 0.000020
14169 0.000020
14170 0.000020
14171 0.000020
14172 0.000020
14173 0.000020
14174 0.000020
14175 0.000020
14176 0.000020
14177 0.000020
14178 0.000020
14179 0.000020
14180 0.000020
14181 0.000020
14182 0.000020
14183 0.000020
14184 0.000020
14185 0.000020
14186 0.000020
14187 0.000020
14188 0.000020
14189 0.000020
14190 0.000020
14191 0.000020
14192 0.000020
14193 0.000020
14194 0.000020
14195 0.000020
14196 0.000020
14197 0.000020
14198 0.000020
14199 0.000020
14200 0.000020
14201 0.000020
14202 0.000020
14203 0.000020
14204 0.000020
14205 0.000020
14206 0.000020
14207 0.000020
14208 0.000020
14209 0.000020
14210 0.000020
14211 0.000020
14212 0.000020
14213 0.000020
14214 0.000020
14215 0.000020
14216 0.000020
14217 0.000020
14218 0.000020
14219 0.000020
14220 0.000020
14221 0.000020
14222 0.000020
14223 0.000020
14224 0.000020
14225 0.000020
14226 0.000020
14227 0.000020
14228 0.000020
14229 0.000020
14230 0.000020
14231 0.000020
14232 0.000020
14233 0.000020
14234 0.000020
14235 0.000020
14236 0.000020
14237 0.000020
14238 0.000020
14239 0.000020
14240 0.000020
14241 0.000020
14242 0.000020
14243 0.000020
14244 0.000020
14245 0.000020
14246 0.000020
14247 0.000020
14248 0.000020
14249 0.000020
14250 0.000020
14251 0.000020
14252 0.000020
14253 0.000020
14254 0.000020
14255 0.000020
14256 0.000020
14257 0.000020
14258 0.000020
14259 0.000020
14260 0.000020
14261 0.000020
14262 0.000020
14263 0.000020
14264 0.000020
14265 0.000020
14266 0.000020
14267 0.000020
14268 0.000020
14269 0.000020
14270 0.000020
14271 0.000020
14272 0.000020
14273 0.000020
14274 0.000020
14275 0.000020
14276 0.000020
14277 0.000020
14278 0.000020
14279 0.000020
14280 0.000020
14281 0.000020
14282 0.000020
14283 0.000020
14284 0.000020
14285 0.000020
14286 0.000020
14287 0.000020
14288 0.000020
14289 0.000020
14290 0.000020
14291 0.000020
14292 0.000020
14293 0.000020
14294 0.000020
14295 0.000020
14296 0.000020
14297 0.000020
14298 0.000020
14299 0.000020
14300 0.000020
14301 0.000020
14302 0.000020
14303 0.000020
14304 0.000020
14305 0.000020
14306 0.000020
14307 0.000020
14308 0.000020
14309 0.000020
14310 0.000020
14311 0.000020
14312 0.000020
14313 0.000020
14314 0.000020
14315 0.000020
14316 0.000020
14317 0.000020
14318 0.000020
14319 0.000020
14320 0.000020
14321 0.000020
14322 0.000020
14323 0.000020
14324 0.000020
14325 0.000020
14326 0.000020
14327 0.000020
14328 0.000020
14329 0.000020
14330 0.000020
14331 0.000020
14332 0.000020
14333 0.000020
14334 0.000020
14335 0.000020
14336 0.000020
14337 0.000020
14338 0.000020
14339 0.000020
14340 0.000020
14341 0.000020
14342 0.000020
14343 0.000020
14344 0.000020
14345 0.000020
14346 0.000020
14347 0.000020
14348 0.000020
14349 0.000020
14350 0.000020
14351 0.000020
14352 0.000020
14353 0.000020
14354 0.000020
14355 0.000020
14356 0.000020
14357 0.000020
14358 0.000020
14359 0.000020
14360 0.000020
14361 0.000020
14362 0.000020
14363 0.000020
14364 0.000020
14365 0.000020
14366 0.000020
14367 0.000020
14368 0.000020
14369 0.000020
14370 0.000020
14371 0.000020
14372 0.000020
14373 0.000020
14374 0.000020
14375 0.000020
14376 0.000020
14377 0.000020
14378 0.000020
14379 0.000020
14380 0.000020
14381 0.000020
14382 0.000020
14383 0.000020
14384 0.000020
14385 0.000020
14386 0.000020
14387 0.000020
14388 0.000020
14389 0.000020
14390 0.000020
14391 0.000020
14392 0.000020
14393 0.000020
14394 0.000020
14395 0.000020
14396 0.000020
14397 0.000020
14398 0.000020
14399 0.000020
14400 0.000020
14401 0.000020
14402 0.000020
14403 0.000020
14404 0.000020
14405 0.000020
14406 0.000020
14407 0.000020
14408 0.000020
14409 0.000020
14410 0.000020
14411 0.000020
14412 0.000020
14413 0.000020
14414 0.000020
14415 0.000020
14416 0.000020
14417 0.000020
14418 0.000020
14419 0.000020
14420 0.000020
14421 0.000020
14422 0.000020
14423 0.000020
14424 0.000020
14425 0.000020
14426 0.000020
14427 0.000020
14428 0.000020
14429 0.000020
14430 0.000020
14431 0.000020
14432 0.000020
14433 0.000020
14434 0.000020
14435 0.000020
14436 0.000020
14437 0.000020
14438 0.000020
14439 0.000020
14440 0.000020
14441 0.000020
14442 0.000020
14443 0.000020
14444 0.000020
14445 0.000020
14446 0.000020
14447 0.000020
14448 0.000020
14449 0.000020
14450 0.000020
14451 0.000020
14452 0.000020
14453 0.000020
14454 0.000020
14455 0.000020
14456 0.000020
14457 0.000020
14458 0.000020
14459 0.000020
14460 0.000020
14461 0.000020
14462 0.000020
14463 0.000020
14464 0.000020
14465 0.000020
14466 0.000020
14467 0.000020
14468 0.000020
14469 0.000020
14470 0.000020
14471 0.000020
14472 0.000020
14473 0.000020
14474 0.000020
14475 0.000020
14476 0.000020
14477 0.000020
14478 0.000020
14479 0.000020
14480 0.000020
14481 0.000020
14482 0.000020
14483 0.000020
14484 0.000020
14485 0.000020
14486 0.000020
14487 0.000020
14488 0.000020
14489 0.000020
14490 0.000020
14491 0.000020
14492 0.000020
14493 0.000020
14494 0.000020
14495 0.000020
14496 0.000020
14497 0.000020
14498 0.000020
14499 0.000020
14500 0.000020
14501 0.000020
14502 0.000020
14503 0.000020
14504 0.000020
14505 0.000020
14506 0.000020
14507 0.000020
14508 0.000020
14509 0.000020
14510 0.000020
14511 0.000020
14512 0.000020
14513 0.000020
14514 0.000020
14515 0.000020
14516 0.000020
14517 0.000020
14518 0.000020
14519 0.000020
14520 0.000020
14521 0.000020
14522 0.000020
14523 0.000020
14524 0.000020
14525 0.000020
14526 0.000020
14527 0.000020
14528 0.000020
14529 0.000020
14530 0.000020
14531 0.000020
14532 0.000020
14533 0.000020
14534 0.000020
14535 0.000020
14536 0.000020
14537 0.000020
14538 0.000020
14539 0.000020
14540 0.000020
14541 0.000020
14542 0.000020
14543 0.000020
14544 0.000020
14545 0.000020
14546 0.000020
14547 0.000020
14548 0.000020
14549 0.000020
14550 0.000020
14551 0.000020
14552 0.000020
14553 0.000020
14554 0.000020
14555 0.000020
14556 0.000020
14557 0.000020
14558 0.000020
14559 0.000020
14560 0.000020
14561 0.000020
14562 0.000020
14563 0.000020
14564 0.000020
14565 0.000020
14566 0.000020
14567 0.000020
14568 0.000020
14569 0.000020
14570 0.000020
14571 0.000020
14572 0.000020
14573 0.000020
14574 0.000020
14575 0.000020
14576 0.000020
14577 0.000020
14578 0.000020
14579 0.000020
14580 0.000020
14581 0.000020
14582 0.000020
14583 0.000020
14584 0.000020
14585 0.000020
14586 0.000020
14587 0.000020
14588 0.000020
14589 0.000020
14590 0.000020
14591 0.000020
14592 0.000020
14593 0.000020
14594 0.000020
14595 0.000020
14596 0.000020
14597 0.000020
14598 0.000020
14599 0.000020
14600 0.000020
14601 0.000020
14602 0.000020
14603 0.000020
14604 0.000020
14605 0.000020
14606 0.000020
14607 0.000020
14608 0.000020
14609 0.000020
14610 0.000020
14611 0.000020
14612 0.000020
14613 0.000020
14614 0.000020
14615 0.000020
14616 0.000020
14617 0.000020
14618 0.000020
14619 0.000020
14620 0.000020
14621 0.000020
14622 0.000020
14623 0.000020
14624 0.000020
14625 0.000020
14626 0.000020
14627 0.000020
14628 0.000020
14629 0.000020
14630 0.000020
14631 0.000020
14632 0.000020
14633 0.000020
14634 0.000020
14635 0.000020
14636 0.000020
14637 0.000020
14638 0.000020
14639 0.000020
14640 0.000020
14641 0.000020
14642 0.000020
14643 0.000020
14644 0.000020
14645 0.000020
14646 0.000020
14647 0.000020
14648 0.000020
14649 0.000020
14650 0.000020
14651 0.000020
14652 0.000020
14653 0.000020
14654 0.000020
14655 0.000020
14656 0.000020
14657 0.000020
14658 0.000020
14659 0.000020
14660 0.000020
14661 0.000020
14662 0.000020
14663 0.000020
14664 0.000020
14665 0.000020
14666 0.000020
14667 0.000020
14668 0.000020
14669 0.000020
14670 0.000020
14671 0.000020
14672 0.000020
14673 0.000020
14674 0.000020
14675 0.000020
14676 0.000020
14677 0.000020
14678 0.000020
14679 0.000020
14680 0.000020
14681 0.000020
14682 0.000020
14683 0.000020
14684 0.000020
14685 0.000020
14686 0.000020
14687 0.000020
14688 0.000020
14689 0.000020
14690 0.000020
14691 0.000020
14692 0.000020
14693 0.000020
14694 0.000020
14695 0.000020
14696 0.000020
14697 0.000020
14698 0.000020
14699 0.000020
14700 0.000020
14701 0.000020
14702 0.000020
14703 0.000020
14704 0.000020
14705 0.000020
14706 0.000020
14707 0.000020
14708 0.000020
14709 0.000020
14710 0.000020
14711 0.000020
14712 0.000020
14713 0.000020
14714 0.000020
14715 0.000020
14716 0.000020
14717 0.000020
14718 0.000020
14719 0.000020
14720 0.000020
14721 0.000020
14722 0.000020
14723 0.000020
14724 0.000020
14725 0.000020
14726 0.000020
14727 0.000020
14728 0.000020
14729 0.000020
14730 0.000020
14731 0.000020
14732 0.000020
14733 0.000020
14734 0.000020
14735 0.000020
14736 0.000020
14737 0.000020
14738 0.000020
14739 0.000020
14740 0.000020
14741 0.000020
14742 0.000020
14743 0.000020
14744 0.000020
14745 0.000020
14746 0.000020
14747 0.000020
14748 0.000020
14749 0.000020
14750 0.000020
14751 0.000020
14752 0.000020
14753 0.000020
14754 0.000020
14755 0.000020
14756 0.000020
14757 0.000020
14758 0.000020
14759 0.000020
14760 0.000020
14761 0.000020
14762 0.000020
14763 0.000020
14764 0.000020
14765 0.000020
14766 0.000020
14767 0.000020
14768 0.000020
14769 0.000020
14770 0.000020
14771 0.000020
14772 0.000020
14773 0.000020
14774 0.000020
14775 0.000020
14776 0.000020
14777 0.000020
14778 0.000020
14779 0.000020
14780 0.000020
14781 0.000020
14782 0.000020
14783 0.000020
14784 0.000020
14785 0.000020
14786 0.000020
14787 0.000020
14788 0.000020
14789 0.000020
14790 0.000020
14791 0.000020
14792 0.000020
14793 0.000020
14794 0.000020
14795 0.000020
14796 0.000020
14797 0.000020
14798 0.000020
14799 0.000020
14800 0.000020
14801 0.000020
14802 0.000020
14803 0.000020
14804 0.000020
14805 0.000020
14806 0.000020
14807 0.000020
14808 0.000020
14809 0.000020
14810 0.000020
14811 0.000020
14812 0.000020
14813 0.000020
14814 0.000020
14815 0.000020
14816 0.000020
14817 0.000020
14818 0.000020
14819 0.000020
14820 0.000020
14821 0.000020
14822 0.000020
14823 0.000020
14824 0.000020
14825 0.000020
14826 0.000020
14827 0.000020
14828 0.000020
14829 0.000020
14830 0.000020
14831 0.000020
14832 0.000020
14833 0.000020
14834 0.000020
14835 0.000020
14836 0.000020
14837 0.000020
14838 0.000020
14839 0.000020
14840 0.000020
14841 0.000020
14842 0.000020
14843 0.000020
14844 0.000020
14845 0.000020
14846 0.000020
14847 0.000020
14848 0.000020
14849 0.000020
14850 0.000020
14851 0.000020
14852 0.000020
14853 0.000020
14854 0.000020
14855 0.000020
14856 0.000020
14857 0.000020
14858 0.000020
14859 0.000020
14860 0.000020
14861 0.000020
14862 0.000020
14863 0.000020
14864 0.000020
14865 0.000020
14866 0.000020
14867 0.000020
14868 0.000020
14869 0.000020
14870 0.000020
14871 0.000020
14872 0.000020
14873 0.000020
14874 0.000020
14875 0.000020
14876 0.000020
14877 0.000020
14878 0.000020
14879 0.000020
14880 0.000020
14881 0.000020
14882 0.000020
14883 0.000020
14884 0.000020
14885 0.000020
14886 0.000020
14887 0.000020
14888 0.000020
14889 0.000020
14890 0.000020
14891 0.000020
14892 0.000020
14893 0.000020
14894 0.000020
14895 0.000020
14896 0.000020
14897 0.000020
14898 0.000020
14899 0.000020
14900 0.000020
14901 0.000020
14902 0.000020
14903 0.000020
14904 0.000020
14905 0.000020
14906 0.000020
14907 0.000020
14908 0.000020
14909 0.000020
14910 0.000020
14911 0.000020
14912 0.000020
14913 0.000020
14914 0.000020
14915 0.000020
14916 0.000020
14917 0.000020
14918 0.000020
14919 0.000020
14920 0.000020
14921 0.000020
14922 0.000020
14923 0.000020
14924 0.000020
14925 0.000020
14926 0.000020
14927 0.000020
14928 0.000020
14929 0.000020
14930 0.000020
14931 0.000020
14932 0.000020
14933 0.000020
14934 0.000020
14935 0.000020
14936 0.000020
14937 0.000020
14938 0.000020
14939 0.000020
14940 0.000020
14941 0.000020
14942 0.000020
14943 0.000020
14944 0.000020
14945 0.000020
14946 0.000020
14947 0.000020
14948 0.000020
14949 0.000020
14950 0.000020
14951 0.000020
14952 0.000020
14953 0.000020
14954 0.000020
14955 0.000020
14956 0.000020
14957 0.000020
14958 0.000020
14959 0.000020
14960 0.000020
14961 0.000020
14962 0.000020
14963 0.000020
14964 0.000020
14965 0.000020
14966 0.000020
14967 0.000020
14968 0.000020
14969 0.000020
14970 0.000020
14971 0.000020
14972 0.000020
14973 0.000020
14974 0.000020
14975 0.000020
14976 0.000020
14977 0.000020
14978 0.000020
14979 0.000020
14980 0.000020
14981 0.000020
14982 0.000020
14983 0.000020
14984 0.000020
14985 0.000020
14986 0.000020
14987 0.000020
14988 0.000020
14989 0.000020
14990 0.000020
14991 0.000020
14992 0.000020
14993 0.000020
14994 0.000020
14995 0.000020
14996 0.000020
14997 0.000020
14998 0.000020
14999 0.000020
15000 0.000020
15001 0.000020
15002 0.000020
15003 0.000020
15004 0.000020
15005 0.000020
15006 0.000020
15007 0.000020
15008 0.000020
15009 0.000020
15010 0.000020
15011 0.000020
15012 0.000020
15013 0.000020
15014 0.000020
15015 0.000020
15016 0.000020
15017 0.000020
15018 0.000020
15019 0.000020
15020 0.000020
15021 0.000020
15022 0.000020
15023 0.000020
15024 0.000020
15025 0.000020
15026 0.000020
15027 0.000020
15028 0.000020
15029 0.000020
15030 0.000020
15031 0.000020
15032 0.000020
15033 0.000020
15034 0.000020
15035 0.000020
15036 0.000020
15037 0.000020
15038 0.000020
15039 0.000020
15040 0.000020
15041 0.000020
15042 0.000020
15043 0.000020
15044 0.000020
15045 0.000020
15046 0.000020
15047 0.000020
15048 0.000020
15049 0.000020
15050 0.000020
15051 0.000020
15052 0.000020
15053 0.000020
15054 0.000020
15055 0.000020
15056 0.000020
15057 0.000020
15058 0.000020
15059 0.000020
15060 0.000020
15061 0.000020
15062 0.000020
15063 0.000020
15064 0.000020
15065 0.000020
15066 0.000020
15067 0.000020
15068 0.000020
15069 0.000020
15070 0.000020
15071 0.000020
15072 0.000020
15073 0.000020
15074 0.000020
15075 0.000020
15076 0.000020
15077 0.000020
15078 0.000020
15079 0.000020
15080 0.000020
15081 0.000020
15082 0.000020
15083 0.000020
15084 0.000020
15085 0.000020
15086 0.000020
15087 0.000020
15088 0.000020
15089 0.000020
15090 0.000020
15091 0.000020
15092 0.000020
15093 0.000020
15094 0.000020
15095 0.000020
15096 0.000020
15097 0.000020
15098 0.000020
15099 0.000020
15100 0.000020
15101 0.000020
15102 0.000020
15103 0.000020
15104 0.000020
15105 0.000020
15106 0.000020
15107 0.000020
15108 0.000020
15109 0.000020
15110 0.000020
15111 0.000020
15112 0.000020
15113 0.000020
15114 0.000020
15115 0.000020
15116 0.000020
15117 0.000020
15118 0.000020
15119 0.000020
15120 0.000020
15121 0.000020
15122 0.000020
15123 0.000020
15124 0.000020
15125 0.000020
15126 0.000020
15127 0.000020
15128 0.000020
15129 0.000020
15130 0.000020
15131 0.000020
15132 0.000020
15133 0.000020
15134 0.000020
15135 0.000020
15136 0.000020
15137 0.000020
15138 0.000020
15139 0.000020
15140 0.000020
15141 0.000020
15142 0.000020
15143 0.000020
15144 0.000020
15145 0.000020
15146 0.000020
15147 0.000020
15148 0.000020
15149 0.000020
15150 0.000020
15151 0.000020
15152 0.000020
15153 0.000020
15154 0.000020
15155 0.000020
15156 0.000020
15157 0.000020
15158 0.000020
15159 0.000020
15160 0.000020
15161 0.000020
15162 0.000020
15163 0.000020
15164 0.000020
15165 0.000020
15166 0.000020
15167 0.000020
15168 0.000020
15169 0.000020
15170 0.000020
15171 0.000020
15172 0.000020
15173 0.000020
15174 0.000020
15175 0.000020
15176 0.000020
15177 0.000020
15178 0.000020
15179 0.000020
15180 0.000020
15181 0.000020
15182 0.000020
15183 0.000020
15184 0.000020
15185 0.000020
15186 0.000020
15187 0.000020
15188 0.000020
15189 0.000020
15190 0.000020
15191 0.000020
15192 0.000020
15193 0.000020
15194 0.000020
15195 0.000020
15196 0.000020
15197 0.000020
15198 0.000020
15199 0.000020
15200 0.000020
15201 0.000020
15202 0.000020
15203 0.000020
15204 0.000020
15205 0.000020
15206 0.000020
15207 0.000020
15208 0.000020
15209 0.000020
15210 0.000020
15211 0.000020
15212 0.000020
15213 0.000020
15214 0.000020
15215 0.000020
15216 0.000020
15217 0.000020
15218 0.000020
15219 0.000020
15220 0.000020
15221 0.000020
15222 0.000020
15223 0.000020
15224 0.000020
15225 0.000020
15226 0.000020
15227 0.000020
15228 0.000020
15229 0.000020
15230 0.000020
15231 0.000020
15232 0.000020
15233 0.000020
15234 0.000020
15235 0.000020
15236 0.000020
15237 0.000020
15238 0.000020
15239 0.000020
15240 0.000020
15241 0.000020
15242 0.000020
15243 0.000020
15244 0.000020
15245 0.000020
15246 0.000020
15247 0.000020
15248 0.000020
15249 0.000020
15250 0.000020
15251 0.000020
15252 0.000020
15253 0.000020
15254 0.000020
15255 0.000020
15256 0.000020
15257 0.000020
15258 0.000020
15259 0.000020
15260 0.000020
15261 0.000020
15262 0.000020
15263 0.000020
15264 0.000020
15265 0.000020
15266 0.000020
15267 0.000020
15268 0.000020
15269 0.000020
15270 0.000020
15271 0.000020
15272 0.000020
15273 0.000020
15274 0.000020
15275 0.000020
15276 0.000020
15277 0.000020
15278 0.000020
15279 0.000020
15280 0.000020
15281 0.000020
15282 0.000020
15283 0.000020
15284 0.000020
15285 0.000020
15286 0.000020
15287 0.000020
15288 0.000020
15289 0.000020
15290 0.000020
15291 0.000020
15292 0.000020
15293 0.000020
15294 0.000020
15295 0.000020
15296 0.000020
15297 0.000020
15298 0.000020
15299 0.000020
15300 0.000020
15301 0.000020
15302 0.000020
15303 0.000020
15304 0.000020
15305 0.000020
15306 0.000020
15307 0.000020
15308 0.000020
15309 0.000020
15310 0.000020
15311 0.000020
15312 0.000020
15313 0.000020
15314 0.000020
15315 0.000020
15316 0.000020
15317 0.000020
15318 0.000020
15319 0.000020
15320 0.000020
15321 0.000020
15322 0.000020
15323 0.000020
15324 0.000020
15325 0.000020
15326 0.000020
15327 0.000020
15328 0.000020
15329 0.000020
15330 0.000020
15331 0.000020
15332 0.000020
15333 0.000020
15334 0.000020
15335 0.000020
15336 0.000020
15337 0.000020
15338 0.000020
15339 0.000020
15340 0.000020
15341 0.000020
15342 0.000020
15343 0.000020
15344 0.000020
15345 0.000020
15346 0.000020
15347 0.000020
15348 0.000020
15349 0.000020
15350 0.000020
15351 0.000020
15352 0.000020
15353 0.000020
15354 0.000020
15355 0.000020
15356 0.000020
15357 0.000020
15358 0.000020
15359 0.000020
15360 0.000020
15361 0.000020
15362 0.000020
15363 0.000020
15364 0.000020
15365 0.000020
15366 0.000020
15367 0.000020
15368 0.000020
15369 0.000020
15370 0.000020
15371 0.000020
15372 0.000020
15373 0.000020
15374 0.000020
15375 0.000020
15376 0.000020
15377 0.000020
15378 0.000020
15379 0.000020
15380 0.000020
15381 0.000020
15382 0.000020
15383 0.000020
15384 0.000020
15385 0.000020
15386 0.000020
15387 0.000020
15388 0.000020
15389 0.000020
15390 0.000020
15391 0.000020
15392 0.000020
15393 0.000020
15394 0.000020
15395 0.000020
15396 0.000020
15397 0.000020
15398 0.000020
15399 0.000020
15400 0.000020
15401 0.000020
15402 0.000020
15403 0.000020
15404 0.000020
15405 0.000020
15406 0.000020
15407 0.000020
15408 0.000020
15409 0.000020
15410 0.000020
15411 0.000020
15412 0.000020
15413 0.000020
15414 0.000020
15415 0.000020
15416 0.000020
15417 0.000020
15418 0.000020
15419 0.000020
15420 0.000020
15421 0.000020
15422 0.000020
15423 0.000020
15424 0.000020
15425 0.000020
15426 0.000020
15427 0.000020
15428 0.000020
15429 0.000020
15430 0.000020
15431 0.000020
15432 0.000020
15433 0.000020
15434 0.000020
15435 0.000020
15436 0.000020
15437 0.000020
15438 0.000020
15439 0.000020
15440 0.000020
15441 0.000020
15442 0.000020
15443 0.000020
15444 0.000020
15445 0.000020
15446 0.000020
15447 0.000020
15448 0.000020
15449 0.000020
15450 0.000020
15451 0.000020
15452 0.000020
15453 0.000020
15454 0.000020
15455 0.000020
15456 0.000020
15457 0.000020
15458 0.000020
15459 0.000020
15460 0.000020
15461 0.000020
15462 0.000020
15463 0.000020
15464 0.000020
15465 0.000020
15466 0.000020
15467 0.000020
15468 0.000020
15469 0.000020
15470 0.000020
15471 0.000020
15472 0.000020
15473 0.000020
15474 0.000020
15475 0.000020
15476 0.000020
15477 0.000020
15478 0.000020
15479 0.000020
15480 0.000020
15481 0.000020
15482 0.000020
15483 0.000020
15484 0.000020
15485 0.000020
15486 0.000020
15487 0.000020
15488 0.000020
15489 0.000020
15490 0.000020
15491 0.000020
15492 0.000020
15493 0.000020
15494 0.000020
15495 0.000020
15496 0.000020
15497 0.000020
15498 0.000020
15499 0.000020
15500 0.000020
15501 0.000020
15502 0.000020
15503 0.000020
15504 0.000020
15505 0.000020
15506 0.000020
15507 0.000020
15508 0.000020
15509 0.000020
15510 0.000020
15511 0.000020
15512 0.000020
15513 0.000020
15514 0.000020
15515 0.000020
15516 0.000020
15517 0.000020
15518 0.000020
15519 0.000020
15520 0.000020
15521 0.000020
15522 0.000020
15523 0.000020
15524 0.000020
15525 0.000020
15526 0.000020
15527 0.000020
15528 0.000020
15529 0.000020
15530 0.000020
15531 0.000020
15532 0.000020
15533 0.000020
15534 0.000020
15535 0.000020
15536 0.000020
15537 0.000020
15538 0.000020
15539 0.000020
15540 0.000020
15541 0.000020
15542 0.000020
15543 0.000020
15544 0.000020
15545 0.000020
15546 0.000020
15547 0.000020
15548 0.000020
15549 0.000020
15550 0.000020
15551 0.000020
15552 0.000020
15553 0.000020
15554 0.000020
15555 0.000020
15556 0.000020
15557 0.000020
15558 0.000020
15559 0.000020
15560 0.000020
15561 0.000020
15562 0.000020
15563 0.000020
15564 0.000020
15565 0.000020
15566 0.000020
15567 0.000020
15568 0.000020
15569 0.000020
15570 0.000020
15571 0.000020
15572 0.000020
15573 0.000020
15574 0.000020
15575 0.000020
15576 0.000020
15577 0.000020
15578 0.000020
15579 0.000020
15580 0.000020
15581 0.000020
15582 0.000020
15583 0.000020
15584 0.000020
15585 0.000020
15586 0.000020
15587 0.000020
15588 0.000020
15589 0.000020
15590 0.000020
15591 0.000020
15592 0.000020
15593 0.000020
15594 0.000020
15595 0.000020
15596 0.000020
15597 0.000020
15598 0.000020
15599 0.000020
15600 0.000020
15601 0.000020
15602 0.000020
15603 0.000020
15604 0.000020
15605 0.000020
15606 0.000020
15607 0.000020
15608 0.000020
15609 0.000020
15610 0.000020
15611 0.000020
15612 0.000020
15613 0.000020
15614 0.000020
15615 0.000020
15616 0.000020
15617 0.000020
15618 0.000020
15619 0.000020
15620 0.000020
15621 0.000020
15622 0.000020
15623 0.000020
15624 0.000020
15625 0.000020
15626 0.000020
15627 0.000020
15628 0.000020
15629 0.000020
15630 0.000020
15631 0.000020
15632 0.000020
15633 0.000020
15634 0.000020
15635 0.000020
15636 0.000020
15637 0.000020
15638 0.000020
15639 0.000020
15640 0.000020
15641 0.000020
15642 0.000020
15643 0.000020
15644 0.000020
15645 0.000020
15646 0.000020
15647 0.000020
15648 0.000020
15649 0.000020
15650 0.000020
15651 0.000020
15652 0.000020
15653 0.000020
15654 0.000020
15655 0.000020
15656 0.000020
15657 0.000020
15658 0.000020
15659 0.000020
15660 0.000020
15661 0.000020
15662 0.000020
15663 0.000020
15664 0.000020
15665 0.000020
15666 0.000020
15667 0.000020
15668 0.000020
15669 0.000020
15670 0.000020
15671 0.000020
15672 0.000020
15673 0.000020
15674 0.000020
15675 0.000020
15676 0.000020
15677 0.000020
15678 0.000020
15679 0.000020
15680 0.000020
15681 0.000020
15682 0.000020
15683 0.000020
15684 0.000020
15685 0.000020
15686 0.000020
15687 0.000020
15688 0.000020
15689 0.000020
15690 0.000020
15691 0.000020
15692 0.000020
15693 0.000020
15694 0.000020
15695 0.000020
15696 0.000020
15697 0.000020
15698 0.000020
15699 0.000020
15700 0.000020
15701 0.000020
15702 0.000020
15703 0.000020
15704 0.000020
15705 0.000020
15706 0.000020
15707 0.000020
15708 0.000020
15709 0.000020
15710 0.000020
15711 0.000020
15712 0.000020
15713 0.000020
15714 0.000020
15715 0.000020
15716 0.000020
15717 0.000020
15718 0.000020
15719 0.000020
15720 0.000020
15721 0.000020
15722 0.000020
15723 0.000020
15724 0.000020
15725 0.000020
15726 0.000020
15727 0.000020
15728 0.000020
15729 0.000020
15730 0.000020
15731 0.000020
15732 0.000020
15733 0.000020
15734 0.000020
15735 0.000020
15736 0.000020
15737 0.000020
15738 0.000020
15739 0.000020
15740 0.000020
15741 0.000020
15742 0.000020
15743 0.000020
15744 0.000020
15745 0.000020
15746 0.000020
15747 0.000020
15748 0.000020
15749 0.000020
15750 0.000020
15751 0.000020
15752 0.000020
15753 0.000020
15754 0.000020
15755 0.000020
15756 0.000020
15757 0.000020
15758 0.000020
15759 0.000020
15760 0.000020
15761 0.000020
15762 0.000020
15763 0.000020
15764 0.000020
15765 0.000020
15766 0.000020
15767 0.000020
15768 0.000020
15769 0.000020
15770 0.000020
15771 0.000020
15772 0.000020
15773 0.000020
15774 0.000020
15775 0.000020
15776 0.000020
15777 0.000020
15778 0.000020
15779 0.000020
15780 0.000020
15781 0.000020
15782 0.000020
15783 0.000020
15784 0.000020
15785 0.000020
15786 0.000020
15787 0.000020
15788 0.000020
15789 0.000020
15790 0.000020
15791 0.000020
15792 0.000020
15793 0.000020
15794 0.000020
15795 0.000020
15796 0.000020
15797 0.000020
15798 0.000020
15799 0.000020
15800 0.000020
15801 0.000020
15802 0.000020
15803 0.000020
15804 0.000020
15805 0.000020
15806 0.000020
15807 0.000020
15808 0.000020
15809 0.000020
15810 0.000020
15811 0.000020
15812 0.000020
15813 0.000020
15814 0.000020
15815 0.000020
15816 0.000020
15817 0.000020
15818 0.000020
15819 0.000020
15820 0.000020
15821 0.000020
15822 0.000020
15823 0.000020
15824 0.000020
15825 0.000020
15826 0.000020
15827 0.000020
15828 0.000020
15829 0.000020
15830 0.000020
15831 0.000020
15832 0.000020
15833 0.000020
15834 0.000020
15835 0.000020
15836 0.000020
15837 0.000020
15838 0.000020
15839 0.000020
15840 0.000020
15841 0.000020
15842 0.000020
15843 0.000020
15844 0.000020
15845 0.000020
15846 0.000020
15847 0.000020
15848 0.000020
15849 0.000020
15850 0.000020
15851 0.000020
15852 0.000020
15853 0.000020
15854 0.000020
15855 0.000020
15856 0.000020
15857 0.000020
15858 0.000020
15859 0.000020
15860 0.000020
15861 0.000020
15862 0.000020
15863 0.000020
15864 0.000020
15865 0.000020
15866 0.000020
15867 0.000020
15868 0.000020
15869 0.000020
15870 0.000020
15871 0.000020
15872 0.000020
15873 0.000020
15874 0.000020
15875 0.000020
15876 0.000020
15877 0.000020
15878 0.000020
15879 0.000020
15880 0.000020
15881 0.000020
15882 0.000020
15883 0.000020
15884 0.000020
15885 0.000020
15886 0.000020
15887 0.000020
15888 0.000020
15889 0.000020
15890 0.000020
15891 0.000020
15892 0.000020
15893 0.000020
15894 0.000020
15895 0.000020
15896 0.000020
15897 0.000020
15898 0.000020
15899 0.000020
15900 0.000020
15901 0.000020
15902 0.000020
15903 0.000020
15904 0.000020
15905 0.000020
15906 0.000020
15907 0.000020
15908 0.000020
15909 0.000020
15910 0.000020
15911 0.000020
15912 0.000020
15913 0.000020
15914 0.000020
15915 0.000020
15916 0.000020
15917 0.000020
15918 0.000020
15919 0.000020
15920 0.000020
15921 0.000020
15922 0.000020
15923 0.000020
15924 0.000020
15925 0.000020
15926 0.000020
15927 0.000020
15928 0.000020
15929 0.000020
15930 0.000020
15931 0.000020
15932 0.000020
15933 0.000020
15934 0.000020
15935 0.000020
15936 0.000020
15937 0.000020
15938 0.000020
15939 0.000020
15940 0.000020
15941 0.000020
15942 0.000020
15943 0.000020
15944 0.000020
15945 0.000020
15946 0.000020
15947 0.000020
15948 0.000020
15949 0.000020
15950 0.000020
15951 0.000020
15952 0.000020
15953 0.000020
15954 0.000020
15955 0.000020
15956 0.000020
15957 0.000020
15958 0.000020
15959 0.000020
15960 0.000020
15961 0.000020
15962 0.000020
15963 0.000020
15964 0.000020
15965 0.000020
15966 0.000020
15967 0.000020
15968 0.000020
15969 0.000020
15970 0.000020
15971 0.000020
15972 0.000020
15973 0.000020
15974 0.000020
15975 0.000020
15976 0.000020
15977 0.000020
15978 0.000020
15979 0.000020
15980 0.000020
15981 0.000020
15982 0.000020
15983 0.000020
15984 0.000020
15985 0.000020
15986 0.000020
15987 0.000020
15988 0.000020
15989 0.000020
15990 0.000020
15991 0.000020
15992 0.000020
15993 0.000020
15994 0.000020
15995 0.000020
15996 0.000020
15997 0.000020
15998 0.000020
15999 0.000020
16000 0.000020
16001 0.000020
16002 0.000020
16003 0.000020
16004 0.000020
16005 0.000020
16006 0.000020
16007 0.000020
16008 0.000020
16009 0.000020
16010 0.000020
16011 0.000020
16012 0.000020
16013 0.000020
16014 0.000020
16015 0.000020
16016 0.000020
16017 0.000020
16018 0.000020
16019 0.000020
16020 0.000020
16021 0.000020
16022 0.000020
16023 0.000020
16024 0.000020
16025 0.000020
16026 0.000020
16027 0.000020
16028 0.000020
16029 0.000020
16030 0.000020
16031 0.000020
16032 0.000020
16033 0.000020
16034 0.000020
16035 0.000020
16036 0.000020
16037 0.000020
16038 0.000020
16039 0.000020
16040 0.000020
16041 0.000020
16042 0.000020
16043 0.000020
16044 0.000020
16045 0.000020
16046 0.000020
16047 0.000020
16048 0.000020
16049 0.000020
16050 0.000020
16051 0.000020
16052 0.000020
16053 0.000020
16054 0.000020
16055 0.000020
16056 0.000020
16057 0.000020
16058 0.000020
16059 0.000020
16060 0.000020
16061 0.000020
16062 0.000020
16063 0.000020
16064 0.000020
16065 0.000020
16066 0.000020
16067 0.000020
16068 0.000020
16069 0.000020
16070 0.000020
16071 0.000020
16072 0.000020
16073 0.000020
16074 0.000020
16075 0.000020
16076 0.000020
16077 0.000020
16078 0.000020
16079 0.000020
16080 0.000020
16081 0.000020
16082 0.000020
16083 0.000020
16084 0.000020
16085 0.000020
16086 0.000020
16087 0.000020
16088 0.000020
16089 0.000020
16090 0.000020
16091 0.000020
16092 0.000020
16093 0.000020
16094 0.000020
16095 0.000020
16096 0.000020
16097 0.000020
16098 0.000020
16099 0.000020
16100 0.000020
16101 0.000020
16102 0.000020
16103 0.000020
16104 0.000020
16105 0.000020
16106 0.000020
16107 0.000020
16108 0.000020
16109 0.000020
16110 0.000020
16111 0.000020
16112 0.000020
16113 0.000020
16114 0.000020
16115 0.000020
16116 0.000020
16117 0.000020
16118 0.000020
16119 0.000020
16120 0.000020
16121 0.000020
16122 0.000020
16123 0.000020
16124 0.000020
16125 0.000020
16126 0.000020
16127 0.000020
16128 0.000020
16129 0.000020
16130 0.000020
16131 0.000020
16132 0.000020
16133 0.000020
16134 0.000020
16135 0.000020
16136 0.000020
16137 0.000020
16138 0.000020
16139 0.000020
16140 0.000020
16141 0.000020
16142 0.000020
16143 0.000020
16144 0.000020
16145 0.000020
16146 0.000020
16147 0.000020
16148 0.000020
16149 0.000020
16150 0.000020
16151 0.000020
16152 0.000020
16153 0.000020
16154 0.000020
16155 0.000020
16156 0.000020
16157 0.000020
16158 0.000020
16159 0.000020
16160 0.000020
16161 0.000020
16162 0.000020
16163 0.000020
16164 0.000020
16165 0.000020
16166 0.000020
16167 0.000020
16168 0.000020
16169 0.000020
16170 0.000020
16171 0.000020
16172 0.000020
16173 0.000020
16174 0.000020
16175 0.000020
16176 0.000020
16177 0.000020
16178 0.000020
16179 0.000020
16180 0.000020
16181 0.000020
16182 0.000020
16183 0.000020
16184 0.000020
16185 0.000020
16186 0.000020
16187 0.000020
16188 0.000020
16189 0.000020
16190 0.000020
16191 0.000020
16192 0.000020
16193 0.000020
16194 0.000020
16195 0.000020
16196 0.000020
16197 0.000020
16198 0.000020
16199 0.000020
16200 0.000020
16201 0.000020
16202 0.000020
16203 0.000020
16204 0.000020
16205 0.000020
16206 0.000020
16207 0.000020
16208 0.000020
16209 0.000020
16210 0.000020
16211 0.000020
16212 0.000020
16213 0.000020
16214 0.000020
16215 0.000020
16216 0.000020
16217 0.000020
16218 0.000020
16219 0.000020
16220 0.000020
16221 0.000020
16222 0.000020
16223 0.000020
16224 0.000020
16225 0.000020
16226 0.000020
16227 0.000020
16228 0.000020
16229 0.000020
16230 0.000020
16231 0.000020
16232 0.000020
16233 0.000020
16234 0.000020
16235 0.000020
16236 0.000020
16237 0.000020
16238 0.000020
16239 0.000020
16240 0.000020
16241 0.000020
16242 0.000020
16243 0.000020
16244 0.000020
16245 0.000020
16246 0.000020
16247 0.000020
16248 0.000020
16249 0.000020
16250 0.000020
16251 0.000020
16252 0.000020
16253 0.000020
16254 0.000020
16255 0.000020
16256 0.000020
16257 0.000020
16258 0.000020
16259 0.000020
16260 0.000020
16261 0.000020
16262 0.000020
16263 0.000020
16264 0.000020
16265 0.000020
16266 0.000020
16267 0.000020
16268 0.000020
16269 0.000020
16270 0.000020
16271 0.000020
16272 0.000020
16273 0.000020
16274 0.000020
16275 0.000020
16276 0.000020
16277 0.000020
16278 0.000020
16279 0.000020
16280 0.000020
16281 0.000020
16282 0.000020
16283 0.000020
16284 0.000020
16285 0.000020
16286 0.000020
16287 0.000020
16288 0.000020
16289 0.000020
16290 0.000020
16291 0.000020
16292 0.000020
16293 0.000020
16294 0.000020
16295 0.000020
16296 0.000020
16297 0.000020
16298 0.000020
16299 0.000020
16300 0.000020
16301 0.000020
16302 0.000020
16303 0.000020
16304 0.000020
16305 0.000020
16306 0.000020
16307 0.000020
16308 0.000020
16309 0.000020
16310 0.000020
16311 0.000020
16312 0.000020
16313 0.000020
16314 0.000020
16315 0.000020
16316 0.000020
16317 0.000020
16318 0.000020
16319 0.000020
16320 0.000020
16321 0.000020
16322 0.000020
16323 0.000020
16324 0.000020
16325 0.000020
16326 0.000020
16327 0.000020
16328 0.000020
16329 0.000020
16330 0.000020
16331 0.000020
16332 0.000020
16333 0.000020
16334 0.000020
16335 0.000020
16336 0.000020
16337 0.000020
16338 0.000020
16339 0.000020
16340 0.000020
16341 0.000020
16342 0.000020
16343 0.000020
16344 0.000020
16345 0.000020
16346 0.000020
16347 0.000020
16348 0.000020
16349 0.000020
16350 0.000020
16351 0.000020
16352 0.000020
16353 0.000020
16354 0.000020
16355 0.000020
16356 0.000020
16357 0.000020
16358 0.000020
16359 0.000020
16360 0.000020
16361 0.000020
16362 0.000020
16363 0.000020
16364 0.000020
16365 0.000020
16366 0.000020
16367 0.000020
16368 0.000020
16369 0.000020
16370 0.000020
16371 0.000020
16372 0.000020
16373 0.000020
16374 0.000020
16375 0.000020
16376 0.000020
16377 0.000020
16378 0.000020
16379 0.000020
16380 0.000020
16381 0.000020
16382 0.000020
16383 0.000020
16384 0.000020
16385 0.000020
16386 0.000020
16387 0.000020
16388 0.000020
16389 0.000020
16390 0.000020
16391 0.000020
16392 0.000020
16393 0.000020
16394 0.000020
16395 0.000020
16396 0.000020
16397 0.000020
16398 0.000020
16399 0.000020
16400 0.000020
16401 0.000020
16402 0.000020
16403 0.000020
16404 0.000020
16405 0.000020
16406 0.000020
16407 0.000020
16408 0.000020
16409 0.000020
16410 0.000020
16411 0.000020
16412 0.000020
16413 0.000020
16414 0.000020
16415 0.000020
16416 0.000020
16417 0.000020
16418 0.000020
16419 0.000020
16420 0.000020
16421 0.000020
16422 0.000020
16423 0.000020
16424 0.000020
16425 0.000020
16426 0.000020
16427 0.000020
16428 0.000020
16429 0.000020
16430 0.000020
16431 0.000020
16432 0.000020
16433 0.000020
16434 0.000020
16435 0.000020
16436 0.000020
16437 0.000020
16438 0.000020
16439 0.000020
16440 0.000020
16441 0.000020
16442 0.000020
16443 0.000020
16444 0.000020
16445 0.000020
16446 0.000020
16447 0.000020
16448 0.000020
16449 0.000020
16450 0.000020
16451 0.000020
16452 0.000020
16453 0.000020
16454 0.000020
16455 0.000020
16456 0.000020
16457 0.000020
16458 0.000020
16459 0.000020
16460 0.000020
16461 0.000020
16462 0.000020
16463 0.000020
16464 0.000020
16465 0.000020
16466 0.000020
16467 0.000020
16468 0.000020
16469 0.000020
16470 0.000020
16471 0.000020
16472 0.000020
16473 0.000020
16474 0.000020
16475 0.000020
16476 0.000020
16477 0.000020
16478 0.000020
16479 0.000020
16480 0.000020
16481 0.000020
16482 0.000020
16483 0.000020
16484 0.000020
16485 0.000020
16486 0.000020
16487 0.000020
16488 0.000020
16489 0.000020
16490 0.000020
16491 0.000020
16492 0.000020
16493 0.000020
16494 0.000020
16495 0.000020
16496 0.000020
16497 0.000020
16498 0.000020
16499 0.000020
16500 0.000020
16501 0.000020
16502 0.000020
16503 0.000020
16504 0.000020
16505 0.000020
16506 0.000020
16507 0.000020
16508 0.000020
16509 0.000020
16510 0.000020
16511 0.000020
16512 0.000020
16513 0.000020
16514 0.000020
16515 0.000020
16516 0.000020
16517 0.000020
16518 0.000020
16519 0.000020
16520 0.000020
16521 0.000020
16522 0.000020
16523 0.000020
16524 0.000020
16525 0.000020
16526 0.000020
16527 0.000020
16528 0.000020
16529 0.000020
16530 0.000020
16531 0.000020
16532 0.000020
16533 0.000020
16534 0.000020
16535 0.000020
16536 0.000020
16537 0.000020
16538 0.000020
16539 0.000020
16540 0.000020
16541 0.000020
16542 0.000020
16543 0.000020
16544 0.000020
16545 0.000020
16546 0.000020
16547 0.000020
16548 0.000020
16549 0.000020
16550 0.000020
16551 0.000020
16552 0.000020
16553 0.000020
16554 0.000020
16555 0.000020
16556 0.000020
16557 0.000020
16558 0.000020
16559 0.000020
16560 0.000020
16561 0.000020
16562 0.000020
16563 0.000020
16564 0.000020
16565 0.000020
16566 0.000020
16567 0.000020
16568 0.000020
16569 0.000020
16570 0.000020
16571 0.000020
16572 0.000020
16573 0.000020
16574 0.000020
16575 0.000020
16576 0.000020
16577 0.000020
16578 0.000020
16579 0.000020
16580 0.000020
16581 0.000020
16582 0.000020
16583 0.000020
16584 0.000020
16585 0.000020
16586 0.000020
16587 0.000020
16588 0.000020
16589 0.000020
16590 0.000020
16591 0.000020
16592 0.000020
16593 0.000020
16594 0.000020
16595 0.000020
16596 0.000020
16597 0.000020
16598 0.000020
16599 0.000020
16600 0.000020
16601 0.000020
16602 0.000020
16603 0.000020
16604 0.000020
16605 0.000020
16606 0.000020
16607 0.000020
16608 0.000020
16609 0.000020
16610 0.000020
16611 0.000020
16612 0.000020
16613 0.000020
16614 0.000020
16615 0.000020
16616 0.000020
16617 0.000020
16618 0.000020
16619 0.000020
16620 0.000020
16621 0.000020
16622 0.000020
16623 0.000020
16624 0.000020
16625 0.000020
16626 0.000020
16627 0.000020
16628 0.000020
16629 0.000020
16630 0.000020
16631 0.000020
16632 0.000020
16633 0.000020
16634 0.000020
16635 0.000020
16636 0.000020
16637 0.000020
16638 0.000020
16639 0.000020
16640 0.000020
16641 0.000020
16642 0.000020
16643 0.000020
16644 0.000020
16645 0.000020
16646 0.000020
16647 0.000020
16648 0.000020
16649 0.000020
16650 0.000020
16651 0.000020
16652 0.000020
16653 0.000020
16654 0.000020
16655 0.000020
16656 0.000020
16657 0.000020
16658 0.000020
16659 0.000020
16660 0.000020
16661 0.000020
16662 0.000020
16663 0.000020
16664 0.000020
16665 0.000020
16666 0.000020
16667 0.000020
16668 0.000020
16669 0.000020
16670 0.000020
16671 0.000020
16672 0.000020
16673 0.000020
16674 0.000020
16675 0.000020
16676 0.000020
16677 0.000020
16678 0.000020
16679 0.000020
16680 0.000020
16681 0.000020
16682 0.000020
16683 0.000020
16684 0.000020
16685 0.000020
16686 0.000020
16687 0.000020
16688 0.000020
16689 0.000020
16690 0.000020
16691 0.000020
16692 0.000020
16693 0.000020
16694 0.000020
16695 0.000020
16696 0.000020
16697 0.000020
16698 0.000020
16699 0.000020
16700 0.000020
16701 0.000020
16702 0.000020
16703 0.000020
16704 0.000020
16705 0.000020
16706 0.000020
16707 0.000020
16708 0.000020
16709 0.000020
16710 0.000020
16711 0.000020
16712 0.000020
16713 0.000020
16714 0.000020
16715 0.000020
16716 0.000020
16717 0.000020
16718 0.000020
16719 0.000020
16720 0.000020
16721 0.000020
16722 0.000020
16723 0.000020
16724 0.000020
16725 0.000020
16726 0.000020
16727 0.000020
16728 0.000020
16729 0.000020
16730 0.000020
16731 0.000020
16732 0.000020
16733 0.000020
16734 0.000020
16735 0.000020
16736 0.000020
16737 0.000020
16738 0.000020
16739 0.000020
16740 0.000020
16741 0.000020
16742 0.000020
16743 0.000020
16744 0.000020
16745 0.000020
16746 0.000020
16747 0.000020
16748 0.000020
16749 0.000020
16750 0.000020
16751 0.000020
16752 0.000020
16753 0.000020
16754 0.000020
16755 0.000020
16756 0.000020
16757 0.000020
16758 0.000020
16759 0.000020
16760 0.000020
16761 0.000020
16762 0.000020
16763 0.000020
16764 0.000020
16765 0.000020
16766 0.000020
16767 0.000020
16768 0.000020
16769 0.000020
16770 0.000020
16771 0.000020
16772 0.000020
16773 0.000020
16774 0.000020
16775 0.000020
16776 0.000020
16777 0.000020
16778 0.000020
16779 0.000020
16780 0.000020
16781 0.000020
16782 0.000020
16783 0.000020
16784 0.000020
16785 0.000020
16786 0.000020
16787 0.000020
16788 0.000020
16789 0.000020
16790 0.000020
16791 0.000020
16792 0.000020
16793 0.000020
16794 0.000020
16795 0.000020
16796 0.000020
16797 0.000020
16798 0.000020
16799 0.000020
16800 0.000020
16801 0.000020
16802 0.000020
16803 0.000020
16804 0.000020
16805 0.000020
16806 0.000020
16807 0.000020
16808 0.000020
16809 0.000020
16810 0.000020
16811 0.000020
16812 0.000020
16813 0.000020
16814 0.000020
16815 0.000020
16816 0.000020
16817 0.000020
16818 0.000020
16819 0.000020
16820 0.000020
16821 0.000020
16822 0.000020
16823 0.000020
16824 0.000020
16825 0.000020
16826 0.000020
16827 0.000020
16828 0.000020
16829 0.000020
16830 0.000020
16831 0.000020
16832 0.000020
16833 0.000020
16834 0.000020
16835 0.000020
16836 0.000020
16837 0.000020
16838 0.000020
16839 0.000020
16840 0.000020
16841 0.000020
16842 0.000020
16843 0.000020
16844 0.000020
16845 0.000020
16846 0.000020
16847 0.000020
16848 0.000020
16849 0.000020
16850 0.000020
16851 0.000020
16852 0.000020
16853 0.000020
16854 0.000020
16855 0.000020
16856 0.000020
16857 0.000020
16858 0.000020
16859 0.000020
16860 0.000020
16861 0.000020
16862 0.000020
16863 0.000020
16864 0.000020
16865 0.000020
16866 0.000020
16867 0.000020
16868 0.000020
16869 0.000020
16870 0.000020
16871 0.000020
16872 0.000020
16873 0.000020
16874 0.000020
16875 0.000020
16876 0.000020
16877 0.000020
16878 0.000020
16879 0.000020
16880 0.000020
16881 0.000020
16882 0.000020
16883 0.000020
16884 0.000020
16885 0.000020
16886 0.000020
16887 0.000020
16888 0.000020
16889 0.000020
16890 0.000020
16891 0.000020
16892 0.000020
16893 0.000020
16894 0.000020
16895 0.000020
16896 0.000020
16897 0.000020
16898 0.000020
16899 0.000020
16900 0.000020
16901 0.000020
16902 0.000020
16903 0.000020
16904 0.000020
16905 0.000020
16906 0.000020
16907 0.000020
16908 0.000020
16909 0.000020
16910 0.000020
16911 0.000020
16912 0.000020
16913 0.000020
16914 0.000020
16915 0.000020
16916 0.000020
16917 0.000020
16918 0.000020
16919 0.000020
16920 0.000020
16921 0.000020
16922 0.000020
16923 0.000020
16924 0.000020
16925 0.000020
16926 0.000020
16927 0.000020
16928 0.000020
16929 0.000020
16930 0.000020
16931 0.000020
16932 0.000020
16933 0.000020
16934 0.000020
16935 0.000020
16936 0.000020
16937 0.000020
16938 0.000020
16939 0.000020
16940 0.000020
16941 0.000020
16942 0.000020
16943 0.000020
16944 0.000020
16945 0.000020
16946 0.000020
16947 0.000020
16948 0.000020
16949 0.000020
16950 0.000020
16951 0.000020
16952 0.000020
16953 0.000020
16954 0.000020
16955 0.000020
16956 0.000020
16957 0.000020
16958 0.000020
16959 0.000020
16960 0.000020
16961 0.000020
16962 0.000020
16963 0.000020
16964 0.000020
16965 0.000020
16966 0.000020
16967 0.000020
16968 0.000020
16969 0.000020
16970 0.000020
16971 0.000020
16972 0.000020
16973 0.000020
16974 0.000020
16975 0.000020
16976 0.000020
16977 0.000020
16978 0.000020
16979 0.000020
16980 0.000020
16981 0.000020
16982 0.000020
16983 0.000020
16984 0.000020
16985 0.000020
16986 0.000020
16987 0.000020
16988 0.000020
16989 0.000020
16990 0.000020
16991 0.000020
16992 0.000020
16993 0.000020
16994 0.000020
16995 0.000020
16996 0.000020
16997 0.000020
16998 0.000020
16999 0.000020
17000 0.000020
17001 0.000020
17002 0.000020
17003 0.000020
17004 0.000020
17005 0.000020
17006 0.000020
17007 0.000020
17008 0.000020
17009 0.000020
17010 0.000020
17011 0.000020
17012 0.000020
17013 0.000020
17014 0.000020
17015 0.000020
17016 0.000020
17017 0.000020
17018 0.000020
17019 0.000020
17020 0.000020
17021 0.000020
17022 0.000020
17023 0.000020
17024 0.000020
17025 0.000020
17026 0.000020
17027 0.000020
17028 0.000020
17029 0.000020
17030 0.000020
17031 0.000020
17032 0.000020
17033 0.000020
17034 0.000020
17035 0.000020
17036 0.000020
17037 0.000020
17038 0.000020
17039 0.000020
17040 0.000020
17041 0.000020
17042 0.000020
17043 0.000020
17044 0.000020
17045 0.000020
17046 0.000020
17047 0.000020
17048 0.000020
17049 0.000020
17050 0.000020
17051 0.000020
17052 0.000020
17053 0.000020
17054 0.000020
17055 0.000020
17056 0.000020
17057 0.000020
17058 0.000020
17059 0.000020
17060 0.000020
17061 0.000020
17062 0.000020
17063 0.000020
17064 0.000020
17065 0.000020
17066 0.000020
17067 0.000020
17068 0.000020
17069 0.000020
17070 0.000020
17071 0.000020
17072 0.000020
17073 0.000020
17074 0.000020
17075 0.000020
17076 0.000020
17077 0.000020
17078 0.000020
17079 0.000020
17080 0.000020
17081 0.000020
17082 0.000020
17083 0.000020
17084 0.000020
17085 0.000020
17086 0.000020
17087 0.000020
17088 0.000020
17089 0.000020
17090 0.000020
17091 0.000020
17092 0.000020
17093 0.000020
17094 0.000020
17095 0.000020
17096 0.000020
17097 0.000020
17098 0.000020
17099 0.000020
17100 0.000020
17101 0.000020
17102 0.000020
17103 0.000020
17104 0.000020
17105 0.000020
17106 0.000020
17107 0.000020
17108 0.000020
17109 0.000020
17110 0.000020
17111 0.000020
17112 0.000020
17113 0.000020
17114 0.000020
17115 0.000020
17116 0.000020
17117 0.000020
17118 0.000020
17119 0.000020
17120 0.000020
17121 0.000020
17122 0.000020
17123 0.000020
17124 0.000020
17125 0.000020
17126 0.000020
17127 0.000020
17128 0.000020
17129 0.000020
17130 0.000020
17131 0.000020
17132 0.000020
17133 0.000020
17134 0.000020
17135 0.000020
17136 0.000020
17137 0.000020
17138 0.000020
17139 0.000020
17140 0.000020
17141 0.000020
17142 0.000020
17143 0.000020
17144 0.000020
17145 0.000020
17146 0.000020
17147 0.000020
17148 0.000020
17149 0.000020
17150 0.000020
17151 0.000020
17152 0.000020
17153 0.000020
17154 0.000020
17155 0.000020
17156 0.000020
17157 0.000020
17158 0.000020
17159 0.000020
17160 0.000020
17161 0.000020
17162 0.000020
17163 0.000020
17164 0.000020
17165 0.000020
17166 0.000020
17167 0.000020
17168 0.000020
17169 0.000020
17170 0.000020
17171 0.000020
17172 0.000020
17173 0.000020
17174 0.000020
17175 0.000020
17176 0.000020
17177 0.000020
17178 0.000020
17179 0.000020
17180 0.000020
17181 0.000020
17182 0.000020
17183 0.000020
17184 0.000020
17185 0.000020
17186 0.000020
17187 0.000020
17188 0.000020
17189 0.000020
17190 0.000020
17191 0.000020
17192 0.000020
17193 0.000020
17194 0.000020
17195 0.000020
17196 0.000020
17197 0.000020
17198 0.000020
17199 0.000020
17200 0.000020
17201 0.000020
17202 0.000020
17203 0.000020
17204 0.000020
17205 0.000020
17206 0.000020
17207 0.000020
17208 0.000020
17209 0.000020
17210 0.000020
17211 0.000020
17212 0.000020
17213 0.000020
17214 0.000020
17215 0.000020
17216 0.000020
17217 0.000020
17218 0.000020
17219 0.000020
17220 0.000020
17221 0.000020
17222 0.000020
17223 0.000020
17224 0.000020
17225 0.000020
17226 0.000020
17227 0.000020
17228 0.000020
17229 0.000020
17230 0.000020
17231 0.000020
17232 0.000020
17233 0.000020
17234 0.000020
17235 0.000020
17236 0.000020
17237 0.000020
17238 0.000020
17239 0.000020
17240 0.000020
17241 0.000020
17242 0.000020
17243 0.000020
17244 0.000020
17245 0.000020
17246 0.000020
17247 0.000020
17248 0.000020
17249 0.000020
17250 0.000020
17251 0.000020
17252 0.000020
17253 0.000020
17254 0.000020
17255 0.000020
17256 0.000020
17257 0.000020
17258 0.000020
17259 0.000020
17260 0.000020
17261 0.000020
17262 0.000020
17263 0.000020
17264 0.000020
17265 0.000020
17266 0.000020
17267 0.000020
17268 0.000020
17269 0.000020
17270 0.000020
17271 0.000020
17272 0.000020
17273 0.000020
17274 0.000020
17275 0.000020
17276 0.000020
17277 0.000020
17278 0.000020
17279 0.000020
17280 0.000020
17281 0.000020
17282 0.000020
17283 0.000020
17284 0.000020
17285 0.000020
17286 0.000020
17287 0.000020
17288 0.000020
17289 0.000020
17290 0.000020
17291 0.000020
17292 0.000020
17293 0.000020
17294 0.000020
17295 0.000020
17296 0.000020
17297 0.000020
17298 0.000020
17299 0.000020
17300 0.000020
17301 0.000020
17302 0.000020
17303 0.000020
17304 0.000020
17305 0.000020
17306 0.000020
17307 0.000020
17308 0.000020
17309 0.000020
17310 0.000020
17311 0.000020
17312 0.000020
17313 0.000020
17314 0.000020
17315 0.000020
17316 0.000020
17317 0.000020
17318 0.000020
17319 0.000020
17320 0.000020
17321 0.000020
17322 0.000020
17323 0.000020
17324 0.000020
17325 0.000020
17326 0.000020
17327 0.000020
17328 0.000020
17329 0.000020
17330 0.000020
17331 0.000020
17332 0.000020
17333 0.000020
17334 0.000020
17335 0.000020
17336 0.000020
17337 0.000020
17338 0.000020
17339 0.000020
17340 0.000020
17341 0.000020
17342 0.000020
17343 0.000020
17344 0.000020
17345 0.000020
17346 0.000020
17347 0.000020
17348 0.000020
17349 0.000020
17350 0.000020
17351 0.000020
17352 0.000020
17353 0.000020
17354 0.000020
17355 0.000020
17356 0.000020
17357 0.000020
17358 0.000020
17359 0.000020
17360 0.000020
17361 0.000020
17362 0.000020
17363 0.000020
17364 0.000020
17365 0.000020
17366 0.000020
17367 0.000020
17368 0.000020
17369 0.000020
17370 0.000020
17371 0.000020
17372 0.000020
17373 0.000020
17374 0.000020
17375 0.000020
17376 0.000020
17377 0.000020
17378 0.000020
17379 0.000020
17380 0.000020
17381 0.000020
17382 0.000020
17383 0.000020
17384 0.000020
17385 0.000020
17386 0.000020
17387 0.000020
17388 0.000020
17389 0.000020
17390 0.000020
17391 0.000020
17392 0.000020
17393 0.000020
17394 0.000020
17395 0.000020
17396 0.000020
17397 0.000020
17398 0.000020
17399 0.000020
17400 0.000020
17401 0.000020
17402 0.000020
17403 0.000020
17404 0.000020
17405 0.000020
17406 0.000020
17407 0.000020
17408 0.000020
17409 0.000020
17410 0.000020
17411 0.000020
17412 0.000020
17413 0.000020
17414 0.000020
17415 0.000020
17416 0.000020
17417 0.000020
17418 0.000020
17419 0.000020
17420 0.000020
17421 0.000020
17422 0.000020
17423 0.000020
17424 0.000020
17425 0.000020
17426 0.000020
17427 0.000020
17428 0.000020
17429 0.000020
17430 0.000020
17431 0.000020
17432 0.000020
17433 0.000020
17434 0.000020
17435 0.000020
17436 0.000020
17437 0.000020
17438 0.000020
17439 0.000020
17440 0.000020
17441 0.000020
17442 0.000020
17443 0.000020
17444 0.000020
17445 0.000020
17446 0.000020
17447 0.000020
17448 0.000020
17449 0.000020
17450 0.000020
17451 0.000020
17452 0.000020
17453 0.000020
17454 0.000020
17455 0.000020
17456 0.000020
17457 0.000020
17458 0.000020
17459 0.000020
17460 0.000020
17461 0.000020
17462 0.000020
17463 0.000020
17464 0.000020
17465 0.000020
17466 0.000020
17467 0.000020
17468 0.000020
17469 0.000020
17470 0.000020
17471 0.000020
17472 0.000020
17473 0.000020
17474 0.000020
17475 0.000020
17476 0.000020
17477 0.000020
17478 0.000020
17479 0.000020
17480 0.000020
17481 0.000020
17482 0.000020
17483 0.000020
17484 0.000020
17485 0.000020
17486 0.000020
17487 0.000020
17488 0.000020
17489 0.000020
17490 0.000020
17491 0.000020
17492 0.000020
17493 0.000020
17494 0.000020
17495 0.000020
17496 0.000020
17497 0.000020
17498 0.000020
17499 0.000020
17500 0.000020
17501 0.000020
17502 0.000020
17503 0.000020
17504 0.000020
17505 0.000020
17506 0.000020
17507 0.000020
17508 0.000020
17509 0.000020
17510 0.000020
17511 0.000020
17512 0.000020
17513 0.000020
17514 0.000020
17515 0.000020
17516 0.000020
17517 0.000020
17518 0.000020
17519 0.000020
17520 0.000020
17521 0.000020
17522 0.000020
17523 0.000020
17524 0.000020
17525 0.000020
17526 0.000020
17527 0.000020
17528 0.000020
17529 0.000020
17530 0.000020
17531 0.000020
17532 0.000020
17533 0.000020
17534 0.000020
17535 0.000020
17536 0.000020
17537 0.000020
17538 0.000020
17539 0.000020
17540 0.000020
17541 0.000020
17542 0.000020
17543 0.000020
17544 0.000020
17545 0.000020
17546 0.000020
17547 0.000020
17548 0.000020
17549 0.000020
17550 0.000020
17551 0.000020
17552 0.000020
17553 0.000020
17554 0.000020
17555 0.000020
17556 0.000020
17557 0.000020
17558 0.000020
17559 0.000020
17560 0.000020
17561 0.000020
17562 0.000020
17563 0.000020
17564 0.000020
17565 0.000020
17566 0.000020
17567 0.000020
17568 0.000020
17569 0.000020
17570 0.000020
17571 0.000020
17572 0.000020
17573 0.000020
17574 0.000020
17575 0.000020
17576 0.000020
17577 0.000020
17578 0.000020
17579 0.000020
17580 0.000020
17581 0.000020
17582 0.000020
17583 0.000020
17584 0.000020
17585 0.000020
17586 0.000020
17587 0.000020
17588 0.000020
17589 0.000020
17590 0.000020
17591 0.000020
17592 0.000020
17593 0.000020
17594 0.000020
17595 0.000020
17596 0.000020
17597 0.000020
17598 0.000020
17599 0.000020
17600 0.000020
17601 0.000020
17602 0.000020
17603 0.000020
17604 0.000020
17605 0.000020
17606 0.000020
17607 0.000020
17608 0.000020
17609 0.000020
17610 0.000020
17611 0.000020
17612 0.000020
17613 0.000020
17614 0.000020
17615 0.000020
17616 0.000020
17617 0.000020
17618 0.000020
17619 0.000020
17620 0.000020
17621 0.000020
17622 0.000020
17623 0.000020
17624 0.000020
17625 0.000020
17626 0.000020
17627 0.000020
17628 0.000020
17629 0.000020
17630 0.000020
17631 0.000020
17632 0.000020
17633 0.000020
17634 0.000020
17635 0.000020
17636 0.000020
17637 0.000020
17638 0.000020
17639 0.000020
17640 0.000020
17641 0.000020
17642 0.000020
17643 0.000020
17644 0.000020
17645 0.000020
17646 0.000020
17647 0.000020
17648 0.000020
17649 0.000020
17650 0.000020
17651 0.000020
17652 0.000020
17653 0.000020
17654 0.000020
17655 0.000020
17656 0.000020
17657 0.000020
17658 0.000020
17659 0.000020
17660 0.000020
17661 0.000020
17662 0.000020
17663 0.000020
17664 0.000020
17665 0.000020
17666 0.000020
17667 0.000020
17668 0.000020
17669 0.000020
17670 0.000020
17671 0.000020
17672 0.000020
17673 0.000020
17674 0.000020
17675 0.000020
17676 0.000020
17677 0.000020
17678 0.000020
17679 0.000020
17680 0.000020
17681 0.000020
17682 0.000020
17683 0.000020
17684 0.000020
17685 0.000020
17686 0.000020
17687 0.000020
17688 0.000020
17689 0.000020
17690 0.000020
17691 0.000020
17692 0.000020
17693 0.000020
17694 0.000020
17695 0.000020
17696 0.000020
17697 0.000020
17698 0.000020
17699 0.000020
17700 0.000020
17701 0.000020
17702 0.000020
17703 0.000020
17704 0.000020
17705 0.000020
17706 0.000020
17707 0.000020
17708 0.000020
17709 0.000020
17710 0.000020
17711 0.000020
17712 0.000020
17713 0.000020
17714 0.000020
17715 0.000020
17716 0.000020
17717 0.000020
17718 0.000020
17719 0.000020
17720 0.000020
17721 0.000020
17722 0.000020
17723 0.000020
17724 0.000020
17725 0.000020
17726 0.000020
17727 0.000020
17728 0.000020
17729 0.000020
17730 0.000020
17731 0.000020
17732 0.000020
17733 0.000020
17734 0.000020
17735 0.000020
17736 0.000020
17737 0.000020
17738 0.000020
17739 0.000020
17740 0.000020
17741 0.000020
17742 0.000020
17743 0.000020
17744 0.000020
17745 0.000020
17746 0.000020
17747 0.000020
17748 0.000020
17749 0.000020
17750 0.000020
17751 0.000020
17752 0.000020
17753 0.000020
17754 0.000020
17755 0.000020
17756 0.000020
17757 0.000020
17758 0.000020
17759 0.000020
17760 0.000020
17761 0.000020
17762 0.000020
17763 0.000020
17764 0.000020
17765 0.000020
17766 0.000020
17767 0.000020
17768 0.000020
17769 0.000020
17770 0.000020
17771 0.000020
17772 0.000020
17773 0.000020
17774 0.000020
17775 0.000020
17776 0.000020
17777 0.000020
17778 0.000020
17779 0.000020
17780 0.000020
17781 0.000020
17782 0.000020
17783 0.000020
17784 0.000020
17785 0.000020
17786 0.000020
17787 0.000020
17788 0.000020
17789 0.000020
17790 0.000020
17791 0.000020
17792 0.000020
17793 0.000020
17794 0.000020
17795 0.000020
17796 0.000020
17797 0.000020
17798 0.000020
17799 0.000020
17800 0.000020
17801 0.000020
17802 0.000020
17803 0.000020
17804 0.000020
17805 0.000020
17806 0.000020
17807 0.000020
17808 0.000020
17809 0.000020
17810 0.000020
17811 0.000020
17812 0.000020
17813 0.000020
17814 0.000020
17815 0.000020
17816 0.000020
17817 0.000020
17818 0.000020
17819 0.000020
17820 0.000020
17821 0.000020
17822 0.000020
17823 0.000020
17824 0.000020
17825 0.000020
17826 0.000020
17827 0.000020
17828 0.000020
17829 0.000020
17830 0.000020
17831 0.000020
17832 0.000020
17833 0.000020
17834 0.000020
17835 0.000020
17836 0.000020
17837 0.000020
17838 0.000020
17839 0.000020
17840 0.000020
17841 0.000020
17842 0.000020
17843 0.000020
17844 0.000020
17845 0.000020
17846 0.000020
17847 0.000020
17848 0.000020
17849 0.000020
17850 0.000020
17851 0.000020
17852 0.000020
17853 0.000020
17854 0.000020
17855 0.000020
17856 0.000020
17857 0.000020
17858 0.000020
17859 0.000020
17860 0.000020
17861 0.000020
17862 0.000020
17863 0.000020
17864 0.000020
17865 0.000020
17866 0.000020
17867 0.000020
17868 0.000020
17869 0.000020
17870 0.000020
17871 0.000020
17872 0.000020
17873 0.000020
17874 0.000020
17875 0.000020
17876 0.000020
17877 0.000020
17878 0.000020
17879 0.000020
17880 0.000020
17881 0.000020
17882 0.000020
17883 0.000020
17884 0.000020
17885 0.000020
17886 0.000020
17887 0.000020
17888 0.000020
17889 0.000020
17890 0.000020
17891 0.000020
17892 0.000020
17893 0.000020
17894 0.000020
17895 0.000020
17896 0.000020
17897 0.000020
17898 0.000020
17899 0.000020
17900 0.000020
17901 0.000020
17902 0.000020
17903 0.000020
17904 0.000020
17905 0.000020
17906 0.000020
17907 0.000020
17908 0.000020
17909 0.000020
17910 0.000020
17911 0.000020
17912 0.000020
17913 0.000020
17914 0.000020
17915 0.000020
17916 0.000020
17917 0.000020
17918 0.000020
17919 0.000020
17920 0.000020
17921 0.000020
17922 0.000020
17923 0.000020
17924 0.000020
17925 0.000020
17926 0.000020
17927 0.000020
17928 0.000020
17929 0.000020
17930 0.000020
17931 0.000020
17932 0.000020
17933 0.000020
17934 0.000020
17935 0.000020
17936 0.000020
17937 0.000020
17938 0.000020
17939 0.000020
17940 0.000020
17941 0.000020
17942 0.000020
17943 0.000020
17944 0.000020
17945 0.000020
17946 0.000020
17947 0.000020
17948 0.000020
17949 0.000020
17950 0.000020
17951 0.000020
17952 0.000020
17953 0.000020
17954 0.000020
17955 0.000020
17956 0.000020
17957 0.000020
17958 0.000020
17959 0.000020
17960 0.000020
17961 0.000020
17962 0.000020
17963 0.000020
17964 0.000020
17965 0.000020
17966 0.000020
17967 0.000020
17968 0.000020
17969 0.000020
17970 0.000020
17971 0.000020
17972 0.000020
17973 0.000020
17974 0.000020
17975 0.000020
17976 0.000020
17977 0.000020
17978 0.000020
17979 0.000020
17980 0.000020
17981 0.000020
17982 0.000020
17983 0.000020
17984 0.000020
17985 0.000020
17986 0.000020
17987 0.000020
17988 0.000020
17989 0.000020
17990 0.000020
17991 0.000020
17992 0.000020
17993 0.000020
17994 0.000020
17995 0.000020
17996 0.000020
17997 0.000020
17998 0.000020
17999 0.000020
18000 0.000020
18001 0.000020
18002 0.000020
18003 0.000020
18004 0.000020
18005 0.000020
18006 0.000020
18007 0.000020
18008 0.000020
18009 0.000020
18010 0.000020
18011 0.000020
18012 0.000020
18013 0.000020
18014 0.000020
18015 0.000020
18016 0.000020
18017 0.000020
18018 0.000020
18019 0.000020
18020 0.000020
18021 0.000020
18022 0.000020
18023 0.000020
18024 0.000020
18025 0.000020
18026 0.000020
18027 0.000020
18028 0.000020
18029 0.000020
18030 0.000020
18031 0.000020
18032 0.000020
18033 0.000020
18034 0.000020
18035 0.000020
18036 0.000020
18037 0.000020
18038 0.000020
18039 0.000020
18040 0.000020
18041 0.000020
18042 0.000020
18043 0.000020
18044 0.000020
18045 0.000020
18046 0.000020
18047 0.000020
18048 0.000020
18049 0.000020
18050 0.000020
18051 0.000020
18052 0.000020
18053 0.000020
18054 0.000020
18055 0.000020
18056 0.000020
18057 0.000020
18058 0.000020
18059 0.000020
18060 0.000020
18061 0.000020
18062 0.000020
18063 0.000020
18064 0.000020
18065 0.000020
18066 0.000020
18067 0.000020
18068 0.000020
18069 0.000020
18070 0.000020
18071 0.000020
18072 0.000020
18073 0.000020
18074 0.000020
18075 0.000020
18076 0.000020
18077 0.000020
18078 0.000020
18079 0.000020
18080 0.000020
18081 0.000020
18082 0.000020
18083 0.000020
18084 0.000020
18085 0.000020
18086 0.000020
18087 0.000020
18088 0.000020
18089 0.000020
18090 0.000020
18091 0.000020
18092 0.000020
18093 0.000020
18094 0.000020
18095 0.000020
18096 0.000020
18097 0.000020
18098 0.000020
18099 0.000020
18100 0.000020
18101 0.000020
18102 0.000020
18103 0.000020
18104 0.000020
18105 0.000020
18106 0.000020
18107 0.000020
18108 0.000020
18109 0.000020
18110 0.000020
18111 0.000020
18112 0.000020
18113 0.000020
18114 0.000020
18115 0.000020
18116 0.000020
18117 0.000020
18118 0.000020
18119 0.000020
18120 0.000020
18121 0.000020
18122 0.000020
18123 0.000020
18124 0.000020
18125 0.000020
18126 0.000020
18127 0.000020
18128 0.000020
18129 0.000020
18130 0.000020
18131 0.000020
18132 0.000020
18133 0.000020
18134 0.000020
18135 0.000020
18136 0.000020
18137 0.000020
18138 0.000020
18139 0.000020
18140 0.000020
18141 0.000020
18142 0.000020
18143 0.000020
18144 0.000020
18145 0.000020
18146 0.000020
18147 0.000020
18148 0.000020
18149 0.000020
18150 0.000020
18151 0.000020
18152 0.000020
18153 0.000020
18154 0.000020
18155 0.000020
18156 0.000020
18157 0.000020
18158 0.000020
18159 0.000020
18160 0.000020
18161 0.000020
18162 0.000020
18163 0.000020
18164 0.000020
18165 0.000020
18166 0.000020
18167 0.000020
18168 0.000020
18169 0.000020
18170 0.000020
18171 0.000020
18172 0.000020
18173 0.000020
18174 0.000020
18175 0.000020
18176 0.000020
18177 0.000020
18178 0.000020
18179 0.000020
18180 0.000020
18181 0.000020
18182 0.000020
18183 0.000020
18184 0.000020
18185 0.000020
18186 0.000020
18187 0.000020
18188 0.000020
18189 0.000020
18190 0.000020
18191 0.000020
18192 0.000020
18193 0.000020
18194 0.000020
18195 0.000020
18196 0.000020
18197 0.000020
18198 0.000020
18199 0.000020
18200 0.000020
18201 0.000020
18202 0.000020
18203 0.000020
18204 0.000020
18205 0.000020
18206 0.000020
18207 0.000020
18208 0.000020
18209 0.000020
18210 0.000020
18211 0.000020
18212 0.000020
18213 0.000020
18214 0.000020
18215 0.000020
18216 0.000020
18217 0.000020
18218 0.000020
18219 0.000020
18220 0.000020
18221 0.000020
18222 0.000020
18223 0.000020
18224 0.000020
18225 0.000020
18226 0.000020
18227 0.000020
18228 0.000020
18229 0.000020
18230 0.000020
18231 0.000020
18232 0.000020
18233 0.000020
18234 0.000020
18235 0.000020
18236 0.000020
18237 0.000020
18238 0.000020
18239 0.000020
18240 0.000020
18241 0.000020
18242 0.000020
18243 0.000020
18244 0.000020
18245 0.000020
18246 0.000020
18247 0.000020
18248 0.000020
18249 0.000020
18250 0.000020
18251 0.000020
18252 0.000020
18253 0.000020
18254 0.000020
18255 0.000020
18256 0.000020
18257 0.000020
18258 0.000020
18259 0.000020
18260 0.000020
18261 0.000020
18262 0.000020
18263 0.000020
18264 0.000020
18265 0.000020
18266 0.000020
18267 0.000020
18268 0.000020
18269 0.000020
18270 0.000020
18271 0.000020
18272 0.000020
18273 0.000020
18274 0.000020
18275 0.000020
18276 0.000020
18277 0.000020
18278 0.000020
18279 0.000020
18280 0.000020
18281 0.000020
18282 0.000020
18283 0.000020
18284 0.000020
18285 0.000020
18286 0.000020
18287 0.000020
18288 0.000020
18289 0.000020
18290 0.000020
18291 0.000020
18292 0.000020
18293 0.000020
18294 0.000020
18295 0.000020
18296 0.000020
18297 0.000020
18298 0.000020
18299 0.000020
18300 0.000020
18301 0.000020
18302 0.000020
18303 0.000020
18304 0.000020
18305 0.000020
18306 0.000020
18307 0.000020
18308 0.000020
18309 0.000020
18310 0.000020
18311 0.000020
18312 0.000020
18313 0.000020
18314 0.000020
18315 0.000020
18316 0.000020
18317 0.000020
18318 0.000020
18319 0.000020
18320 0.000020
18321 0.000020
18322 0.000020
18323 0.000020
18324 0.000020
18325 0.000020
18326 0.000020
18327 0.000020
18328 0.000020
18329 0.000020
18330 0.000020
18331 0.000020
18332 0.000020
18333 0.000020
18334 0.000020
18335 0.000020
18336 0.000020
18337 0.000020
18338 0.000020
18339 0.000020
18340 0.000020
18341 0.000020
18342 0.000020
18343 0.000020
18344 0.000020
18345 0.000020
18346 0.000020
18347 0.000020
18348 0.000020
18349 0.000020
18350 0.000020
18351 0.000020
18352 0.000020
18353 0.000020
18354 0.000020
18355 0.000020
18356 0.000020
18357 0.000020
18358 0.000020
18359 0.000020
18360 0.000020
18361 0.000020
18362 0.000020
18363 0.000020
18364 0.000020
18365 0.000020
18366 0.000020
18367 0.000020
18368 0.000020
18369 0.000020
18370 0.000020
18371 0.000020
18372 0.000020
18373 0.000020
18374 0.000020
18375 0.000020
18376 0.000020
18377 0.000020
18378 0.000020
18379 0.000020
18380 0.000020
18381 0.000020
18382 0.000020
18383 0.000020
18384 0.000020
18385 0.000020
18386 0.000020
18387 0.000020
18388 0.000020
18389 0.000020
18390 0.000020
18391 0.000020
18392 0.000020
18393 0.000020
18394 0.000020
18395 0.000020
18396 0.000020
18397 0.000020
18398 0.000020
18399 0.000020
18400 0.000020
18401 0.000020
18402 0.000020
18403 0.000020
18404 0.000020
18405 0.000020
18406 0.000020
18407 0.000020
18408 0.000020
18409 0.000020
18410 0.000020
18411 0.000020
18412 0.000020
18413 0.000020
18414 0.000020
18415 0.000020
18416 0.000020
18417 0.000020
18418 0.000020
18419 0.000020
18420 0.000020
18421 0.000020
18422 0.000020
18423 0.000020
18424 0.000020
18425 0.000020
18426 0.000020
18427 0.000020
18428 0.000020
18429 0.000020
18430 0.000020
18431 0.000020
18432 0.000020
18433 0.000020
18434 0.000020
18435 0.000020
18436 0.000020
18437 0.000020
18438 0.000020
18439 0.000020
18440 0.000020
18441 0.000020
18442 0.000020
18443 0.000020
18444 0.000020
18445 0.000020
18446 0.000020
18447 0.000020
18448 0.000020
18449 0.000020
18450 0.000020
18451 0.000020
18452 0.000020
18453 0.000020
18454 0.000020
18455 0.000020
18456 0.000020
18457 0.000020
18458 0.000020
18459 0.000020
18460 0.000020
18461 0.000020
18462 0.000020
18463 0.000020
18464 0.000020
18465 0.000020
18466 0.000020
18467 0.000020
18468 0.000020
18469 0.000020
18470 0.000020
18471 0.000020
18472 0.000020
18473 0.000020
18474 0.000020
18475 0.000020
18476 0.000020
18477 0.000020
18478 0.000020
18479 0.000020
18480 0.000020
18481 0.000020
18482 0.000020
18483 0.000020
18484 0.000020
18485 0.000020
18486 0.000020
18487 0.000020
18488 0.000020
18489 0.000020
18490 0.000020
18491 0.000020
18492 0.000020
18493 0.000020
18494 0.000020
18495 0.000020
18496 0.000020
18497 0.000020
18498 0.000020
18499 0.000020
18500 0.000020
18501 0.000020
18502 0.000020
18503 0.000020
18504 0.000020
18505 0.000020
18506 0.000020
18507 0.000020
18508 0.000020
18509 0.000020
18510 0.000020
18511 0.000020
18512 0.000020
18513 0.000020
18514 0.000020
18515 0.000020
18516 0.000020
18517 0.000020
18518 0.000020
18519 0.000020
18520 0.000020
18521 0.000020
18522 0.000020
18523 0.000020
18524 0.000020
18525 0.000020
18526 0.000020
18527 0.000020
18528 0.000020
18529 0.000020
18530 0.000020
18531 0.000020
18532 0.000020
18533 0.000020
18534 0.000020
18535 0.000020
18536 0.000020
18537 0.000020
18538 0.000020
18539 0.000020
18540 0.000020
18541 0.000020
18542 0.000020
18543 0.000020
18544 0.000020
18545 0.000020
18546 0.000020
18547 0.000020
18548 0.000020
18549 0.000020
18550 0.000020
18551 0.000020
18552 0.000020
18553 0.000020
18554 0.000020
18555 0.000020
18556 0.000020
18557 0.000020
18558 0.000020
18559 0.000020
18560 0.000020
18561 0.000020
18562 0.000020
18563 0.000020
18564 0.000020
18565 0.000020
18566 0.000020
18567 0.000020
18568 0.000020
18569 0.000020
18570 0.000020
18571 0.000020
18572 0.000020
18573 0.000020
18574 0.000020
18575 0.000020
18576 0.000020
18577 0.000020
18578 0.000020
18579 0.000020
18580 0.000020
18581 0.000020
18582 0.000020
18583 0.000020
18584 0.000020
18585 0.000020
18586 0.000020
18587 0.000020
18588 0.000020
18589 0.000020
18590 0.000020
18591 0.000020
18592 0.000020
18593 0.000020
18594 0.000020
18595 0.000020
18596 0.000020
18597 0.000020
18598 0.000020
18599 0.000020
18600 0.000020
18601 0.000020
18602 0.000020
18603 0.000020
18604 0.000020
18605 0.000020
18606 0.000020
18607 0.000020
18608 0.000020
18609 0.000020
18610 0.000020
18611 0.000020
18612 0.000020
18613 0.000020
18614 0.000020
18615 0.000020
18616 0.000020
18617 0.000020
18618 0.000020
18619 0.000020
18620 0.000020
18621 0.000020
18622 0.000020
18623 0.000020
18624 0.000020
18625 0.000020
18626 0.000020
18627 0.000020
18628 0.000020
18629 0.000020
18630 0.000020
18631 0.000020
18632 0.000020
18633 0.000020
18634 0.000020
18635 0.000020
18636 0.000020
18637 0.000020
18638 0.000020
18639 0.000020
18640 0.000020
18641 0.000020
18642 0.000020
18643 0.000020
18644 0.000020
18645 0.000020
18646 0.000020
18647 0.000020
18648 0.000020
18649 0.000020
18650 0.000020
18651 0.000020
18652 0.000020
18653 0.000020
18654 0.000020
18655 0.000020
18656 0.000020
18657 0.000020
18658 0.000020
18659 0.000020
18660 0.000020
18661 0.000020
18662 0.000020
18663 0.000020
18664 0.000020
18665 0.000020
18666 0.000020
18667 0.000020
18668 0.000020
18669 0.000020
18670 0.000020
18671 0.000020
18672 0.000020
18673 0.000020
18674 0.000020
18675 0.000020
18676 0.000020
18677 0.000020
18678 0.000020
18679 0.000020
18680 0.000020
18681 0.000020
18682 0.000020
18683 0.000020
18684 0.000020
18685 0.000020
18686 0.000020
18687 0.000020
18688 0.000020
18689 0.000020
18690 0.000020
18691 0.000020
18692 0.000020
18693 0.000020
18694 0.000020
18695 0.000020
18696 0.000020
18697 0.000020
18698 0.000020
18699 0.000020
18700 0.000020
18701 0.000020
18702 0.000020
18703 0.000020
18704 0.000020
18705 0.000020
18706 0.000020
18707 0.000020
18708 0.000020
18709 0.000020
18710 0.000020
18711 0.000020
18712 0.000020
18713 0.000020
18714 0.000020
18715 0.000020
18716 0.000020
18717 0.000020
18718 0.000020
18719 0.000020
18720 0.000020
18721 0.000020
18722 0.000020
18723 0.000020
18724 0.000020
18725 0.000020
18726 0.000020
18727 0.000020
18728 0.000020
18729 0.000020
18730 0.000020
18731 0.000020
18732 0.000020
18733 0.000020
18734 0.000020
18735 0.000020
18736 0.000020
18737 0.000020
18738 0.000020
18739 0.000020
18740 0.000020
18741 0.000020
18742 0.000020
18743 0.000020
18744 0.000020
18745 0.000020
18746 0.000020
18747 0.000020
18748 0.000020
18749 0.000020
18750 0.000020
18751 0.000020
18752 0.000020
18753 0.000020
18754 0.000020
18755 0.000020
18756 0.000020
18757 0.000020
18758 0.000020
18759 0.000020
18760 0.000020
18761 0.000020
18762 0.000020
18763 0.000020
18764 0.000020
18765 0.000020
18766 0.000020
18767 0.000020
18768 0.000020
18769 0.000020
18770 0.000020
18771 0.000020
18772 0.000020
18773 0.000020
18774 0.000020
18775 0.000020
18776 0.000020
18777 0.000020
18778 0.000020
18779 0.000020
18780 0.000020
18781 0.000020
18782 0.000020
18783 0.000020
18784 0.000020
18785 0.000020
18786 0.000020
18787 0.000020
18788 0.000020
18789 0.000020
18790 0.000020
18791 0.000020
18792 0.000020
18793 0.000020
18794 0.000020
18795 0.000020
18796 0.000020
18797 0.000020
18798 0.000020
18799 0.000020
18800 0.000020
18801 0.000020
18802 0.000020
18803 0.000020
18804 0.000020
18805 0.000020
18806 0.000020
18807 0.000020
18808 0.000020
18809 0.000020
18810 0.000020
18811 0.000020
18812 0.000020
18813 0.000020
18814 0.000020
18815 0.000020
18816 0.000020
18817 0.000020
18818 0.000020
18819 0.000020
18820 0.000020
18821 0.000020
18822 0.000020
18823 0.000020
18824 0.000020
18825 0.000020
18826 0.000020
18827 0.000020
18828 0.000020
18829 0.000020
18830 0.000020
18831 0.000020
18832 0.000020
18833 0.000020
18834 0.000020
18835 0.000020
18836 0.000020
18837 0.000020
18838 0.000020
18839 0.000020
18840 0.000020
18841 0.000020
18842 0.000020
18843 0.000020
18844 0.000020
18845 0.000020
18846 0.000020
18847 0.000020
18848 0.000020
18849 0.000020
18850 0.000020
18851 0.000020
18852 0.000020
18853 0.000020
18854 0.000020
18855 0.000020
18856 0.000020
18857 0.000020
18858 0.000020
18859 0.000020
18860 0.000020
18861 0.000020
18862 0.000020
18863 0.000020
18864 0.000020
18865 0.000020
18866 0.000020
18867 0.000020
18868 0.000020
18869 0.000020
18870 0.000020
18871 0.000020
18872 0.000020
18873 0.000020
18874 0.000020
18875 0.000020
18876 0.000020
18877 0.000020
18878 0.000020
18879 0.000020
18880 0.000020
18881 0.000020
18882 0.000020
18883 0.000020
18884 0.000020
18885 0.000020
18886 0.000020
18887 0.000020
18888 0.000020
18889 0.000020
18890 0.000020
18891 0.000020
18892 0.000020
18893 0.000020
18894 0.000020
18895 0.000020
18896 0.000020
18897 0.000020
18898 0.000020
18899 0.000020
18900 0.000020
18901 0.000020
18902 0.000020
18903 0.000020
18904 0.000020
18905 0.000020
18906 0.000020
18907 0.000020
18908 0.000020
18909 0.000020
18910 0.000020
18911 0.000020
18912 0.000020
18913 0.000020
18914 0.000020
18915 0.000020
18916 0.000020
18917 0.000020
18918 0.000020
18919 0.000020
18920 0.000020
18921 0.000020
18922 0.000020
18923 0.000020
18924 0.000020
18925 0.000020
18926 0.000020
18927 0.000020
18928 0.000020
18929 0.000020
18930 0.000020
18931 0.000020
18932 0.000020
18933 0.000020
18934 0.000020
18935 0.000020
18936 0.000020
18937 0.000020
18938 0.000020
18939 0.000020
18940 0.000020
18941 0.000020
18942 0.000020
18943 0.000020
18944 0.000020
18945 0.000020
18946 0.000020
18947 0.000020
18948 0.000020
18949 0.000020
18950 0.000020
18951 0.000020
18952 0.000020
18953 0.000020
18954 0.000020
18955 0.000020
18956 0.000020
18957 0.000020
18958 0.000020
18959 0.000020
18960 0.000020
18961 0.000020
18962 0.000020
18963 0.000020
18964 0.000020
18965 0.000020
18966 0.000020
18967 0.000020
18968 0.000020
18969 0.000020
18970 0.000020
18971 0.000020
18972 0.000020
18973 0.000020
18974 0.000020
18975 0.000020
18976 0.000020
18977 0.000020
18978 0.000020
18979 0.000020
18980 0.000020
18981 0.000020
18982 0.000020
18983 0.000020
18984 0.000020
18985 0.000020
18986 0.000020
18987 0.000020
18988 0.000020
18989 0.000020
18990 0.000020
18991 0.000020
18992 0.000020
18993 0.000020
18994 0.000020
18995 0.000020
18996 0.000020
18997 0.000020
18998 0.000020
18999 0.000020
19000 0.000020
19001 0.000020
19002 0.000020
19003 0.000020
19004 0.000020
19005 0.000020
19006 0.000020
19007 0.000020
19008 0.000020
19009 0.000020
19010 0.000020
19011 0.000020
19012 0.000020
19013 0.000020
19014 0.000020
19015 0.000020
19016 0.000020
19017 0.000020
19018 0.000020
19019 0.000020
19020 0.000020
19021 0.000020
19022 0.000020
19023 0.000020
19024 0.000020
19025 0.000020
19026 0.000020
19027 0.000020
19028 0.000020
19029 0.000020
19030 0.000020
19031 0.000020
19032 0.000020
19033 0.000020
19034 0.000020
19035 0.000020
19036 0.000020
19037 0.000020
19038 0.000020
19039 0.000020
19040 0.000020
19041 0.000020
19042 0.000020
19043 0.000020
19044 0.000020
19045 0.000020
19046 0.000020
19047 0.000020
19048 0.000020
19049 0.000020
19050 0.000020
19051 0.000020
19052 0.000020
19053 0.000020
19054 0.000020
19055 0.000020
19056 0.000020
19057 0.000020
19058 0.000020
19059 0.000020
19060 0.000020
19061 0.000020
19062 0.000020
19063 0.000020
19064 0.000020
19065 0.000020
19066 0.000020
19067 0.000020
19068 0.000020
19069 0.000020
19070 0.000020
19071 0.000020
19072 0.000020
19073 0.000020
19074 0.000020
19075 0.000020
19076 0.000020
19077 0.000020
19078 0.000020
19079 0.000020
19080 0.000020
19081 0.000020
19082 0.000020
19083 0.000020
19084 0.000020
19085 0.000020
19086 0.000020
19087 0.000020
19088 0.000020
19089 0.000020
19090 0.000020
19091 0.000020
19092 0.000020
19093 0.000020
19094 0.000020
19095 0.000020
19096 0.000020
19097 0.000020
19098 0.000020
19099 0.000020
19100 0.000020
19101 0.000020
19102 0.000020
19103 0.000020
19104 0.000020
19105 0.000020
19106 0.000020
19107 0.000020
19108 0.000020
19109 0.000020
19110 0.000020
19111 0.000020
19112 0.000020
19113 0.000020
19114 0.000020
19115 0.000020
19116 0.000020
19117 0.000020
19118 0.000020
19119 0.000020
19120 0.000020
19121 0.000020
19122 0.000020
19123 0.000020
19124 0.000020
19125 0.000020
19126 0.000020
19127 0.000020
19128 0.000020
19129 0.000020
19130 0.000020
19131 0.000020
19132 0.000020
19133 0.000020
19134 0.000020
19135 0.000020
19136 0.000020
19137 0.000020
19138 0.000020
19139 0.000020
19140 0.000020
19141 0.000020
19142 0.000020
19143 0.000020
19144 0.000020
19145 0.000020
19146 0.000020
19147 0.000020
19148 0.000020
19149 0.000020
19150 0.000020
19151 0.000020
19152 0.000020
19153 0.000020
19154 0.000020
19155 0.000020
19156 0.000020
19157 0.000020
19158 0.000020
19159 0.000020
19160 0.000020
19161 0.000020
19162 0.000020
19163 0.000020
19164 0.000020
19165 0.000020
19166 0.000020
19167 0.000020
19168 0.000020
19169 0.000020
19170 0.000020
19171 0.000020
19172 0.000020
19173 0.000020
19174 0.000020
19175 0.000020
19176 0.000020
19177 0.000020
19178 0.000020
19179 0.000020
19180 0.000020
19181 0.000020
19182 0.000020
19183 0.000020
19184 0.000020
19185 0.000020
19186 0.000020
19187 0.000020
19188 0.000020
19189 0.000020
19190 0.000020
19191 0.000020
19192 0.000020
19193 0.000020
19194 0.000020
19195 0.000020
19196 0.000020
19197 0.000020
19198 0.000020
19199 0.000020
19200 0.000020
19201 0.000020
19202 0.000020
19203 0.000020
19204 0.000020
19205 0.000020
19206 0.000020
19207 0.000020
19208 0.000020
19209 0.000020
19210 0.000020
19211 0.000020
19212 0.000020
19213 0.000020
19214 0.000020
19215 0.000020
19216 0.000020
19217 0.000020
19218 0.000020
19219 0.000020
19220 0.000020
19221 0.000020
19222 0.000020
19223 0.000020
19224 0.000020
19225 0.000020
19226 0.000020
19227 0.000020
19228 0.000020
19229 0.000020
19230 0.000020
19231 0.000020
19232 0.000020
19233 0.000020
19234 0.000020
19235 0.000020
19236 0.000020
19237 0.000020
19238 0.000020
19239 0.000020
19240 0.000020
19241 0.000020
19242 0.000020
19243 0.000020
19244 0.000020
19245 0.000020
19246 0.000020
19247 0.000020
19248 0.000020
19249 0.000020
19250 0.000020
19251 0.000020
19252 0.000020
19253 0.000020
19254 0.000020
19255 0.000020
19256 0.000020
19257 0.000020
19258 0.000020
19259 0.000020
19260 0.000020
19261 0.000020
19262 0.000020
19263 0.000020
19264 0.000020
19265 0.000020
19266 0.000020
19267 0.000020
19268 0.000020
19269 0.000020
19270 0.000020
19271 0.000020
19272 0.000020
19273 0.000020
19274 0.000020
19275 0.000020
19276 0.000020
19277 0.000020
19278 0.000020
19279 0.000020
19280 0.000020
19281 0.000020
19282 0.000020
19283 0.000020
19284 0.000020
19285 0.000020
19286 0.000020
19287 0.000020
19288 0.000020
19289 0.000020
19290 0.000020
19291 0.000020
19292 0.000020
19293 0.000020
19294 0.000020
19295 0.000020
19296 0.000020
19297 0.000020
19298 0.000020
19299 0.000020
19300 0.000020
19301 0.000020
19302 0.000020
19303 0.000020
19304 0.000020
19305 0.000020
19306 0.000020
19307 0.000020
19308 0.000020
19309 0.000020
19310 0.000020
19311 0.000020
19312 0.000020
19313 0.000020
19314 0.000020
19315 0.000020
19316 0.000020
19317 0.000020
19318 0.000020
19319 0.000020
19320 0.000020
19321 0.000020
19322 0.000020
19323 0.000020
19324 0.000020
19325 0.000020
19326 0.000020
19327 0.000020
19328 0.000020
19329 0.000020
19330 0.000020
19331 0.000020
19332 0.000020
19333 0.000020
19334 0.000020
19335 0.000020
19336 0.000020
19337 0.000020
19338 0.000020
19339 0.000020
19340 0.000020
19341 0.000020
19342 0.000020
19343 0.000020
19344 0.000020
19345 0.000020
19346 0.000020
19347 0.000020
19348 0.000020
19349 0.000020
19350 0.000020
19351 0.000020
19352 0.000020
19353 0.000020
19354 0.000020
19355 0.000020
19356 0.000020
19357 0.000020
19358 0.000020
19359 0.000020
19360 0.000020
19361 0.000020
19362 0.000020
19363 0.000020
19364 0.000020
19365 0.000020
19366 0.000020
19367 0.000020
19368 0.000020
19369 0.000020
19370 0.000020
19371 0.000020
19372 0.000020
19373 0.000020
19374 0.000020
19375 0.000020
19376 0.000020
19377 0.000020
19378 0.000020
19379 0.000020
19380 0.000020
19381 0.000020
19382 0.000020
19383 0.000020
19384 0.000020
19385 0.000020
19386 0.000020
19387 0.000020
19388 0.000020
19389 0.000020
19390 0.000020
19391 0.000020
19392 0.000020
19393 0.000020
19394 0.000020
19395 0.000020
19396 0.000020
19397 0.000020
19398 0.000020
19399 0.000020
19400 0.000020
19401 0.000020
19402 0.000020
19403 0.000020
19404 0.000020
19405 0.000020
19406 0.000020
19407 0.000020
19408 0.000020
19409 0.000020
19410 0.000020
19411 0.000020
19412 0.000020
19413 0.000020
19414 0.000020
19415 0.000020
19416 0.000020
19417 0.000020
19418 0.000020
19419 0.000020
19420 0.000020
19421 0.000020
19422 0.000020
19423 0.000020
19424 0.000020
19425 0.000020
19426 0.000020
19427 0.000020
19428 0.000020
19429 0.000020
19430 0.000020
19431 0.000020
19432 0.000020
19433 0.000020
19434 0.000020
19435 0.000020
19436 0.000020
19437 0.000020
19438 0.000020
19439 0.000020
19440 0.000020
19441 0.000020
19442 0.000020
19443 0.000020
19444 0.000020
19445 0.000020
19446 0.000020
19447 0.000020
19448 0.000020
19449 0.000020
19450 0.000020
19451 0.000020
19452 0.000020
19453 0.000020
19454 0.000020
19455 0.000020
19456 0.000020
19457 0.000020
19458 0.000020
19459 0.000020
19460 0.000020
19461 0.000020
19462 0.000020
19463 0.000020
19464 0.000020
19465 0.000020
19466 0.000020
19467 0.000020
19468 0.000020
19469 0.000020
19470 0.000020
19471 0.000020
19472 0.000020
19473 0.000020
19474 0.000020
19475 0.000020
19476 0.000020
19477 0.000020
19478 0.000020
19479 0.000020
19480 0.000020
19481 0.000020
19482 0.000020
19483 0.000020
19484 0.000020
19485 0.000020
19486 0.000020
19487 0.000020
19488 0.000020
19489 0.000020
19490 0.000020
19491 0.000020
19492 0.000020
19493 0.000020
19494 0.000020
19495 0.000020
19496 0.000020
19497 0.000020
19498 0.000020
19499 0.000020
19500 0.000020
19501 0.000020
19502 0.000020
19503 0.000020
19504 0.000020
19505 0.000020
19506 0.000020
19507 0.000020
19508 0.000020
19509 0.000020
19510 0.000020
19511 0.000020
19512 0.000020
19513 0.000020
19514 0.000020
19515 0.000020
19516 0.000020
19517 0.000020
19518 0.000020
19519 0.000020
19520 0.000020
19521 0.000020
19522 0.000020
19523 0.000020
19524 0.000020
19525 0.000020
19526 0.000020
19527 0.000020
19528 0.000020
19529 0.000020
19530 0.000020
19531 0.000020
19532 0.000020
19533 0.000020
19534 0.000020
19535 0.000020
19536 0.000020
19537 0.000020
19538 0.000020
19539 0.000020
19540 0.000020
19541 0.000020
19542 0.000020
19543 0.000020
19544 0.000020
19545 0.000020
19546 0.000020
19547 0.000020
19548 0.000020
19549 0.000020
19550 0.000020
19551 0.000020
19552 0.000020
19553 0.000020
19554 0.000020
19555 0.000020
19556 0.000020
19557 0.000020
19558 0.000020
19559 0.000020
19560 0.000020
19561 0.000020
19562 0.000020
19563 0.000020
19564 0.000020
19565 0.000020
19566 0.000020
19567 0.000020
19568 0.000020
19569 0.000020
19570 0.000020
19571 0.000020
19572 0.000020
19573 0.000020
19574 0.000020
19575 0.000020
19576 0.000020
19577 0.000020
19578 0.000020
19579 0.000020
19580 0.000020
19581 0.000020
19582 0.000020
19583 0.000020
19584 0.000020
19585 0.000020
19586 0.000020
19587 0.000020
19588 0.000020
19589 0.000020
19590 0.000020
19591 0.000020
19592 0.000020
19593 0.000020
19594 0.000020
19595 0.000020
19596 0.000020
19597 0.000020
19598 0.000020
19599 0.000020
19600 0.000020
19601 0.000020
19602 0.000020
19603 0.000020
19604 0.000020
19605 0.000020
19606 0.000020
19607 0.000020
19608 0.000020
19609 0.000020
19610 0.000020
19611 0.000020
19612 0.000020
19613 0.000020
19614 0.000020
19615 0.000020
19616 0.000020
19617 0.000020
19618 0.000020
19619 0.000020
19620 0.000020
19621 0.000020
19622 0.000020
19623 0.000020
19624 0.000020
19625 0.000020
19626 0.000020
19627 0.000020
19628 0.000020
19629 0.000020
19630 0.000020
19631 0.000020
19632 0.000020
19633 0.000020
19634 0.000020
19635 0.000020
19636 0.000020
19637 0.000020
19638 0.000020
19639 0.000020
19640 0.000020
19641 0.000020
19642 0.000020
19643 0.000020
19644 0.000020
19645 0.000020
19646 0.000020
19647 0.000020
19648 0.000020
19649 0.000020
19650 0.000020
19651 0.000020
19652 0.000020
19653 0.000020
19654 0.000020
19655 0.000020
19656 0.000020
19657 0.000020
19658 0.000020
19659 0.000020
19660 0.000020
19661 0.000020
19662 0.000020
19663 0.000020
19664 0.000020
19665 0.000020
19666 0.000020
19667 0.000020
19668 0.000020
19669 0.000020
19670 0.000020
19671 0.000020
19672 0.000020
19673 0.000020
19674 0.000020
19675 0.000020
19676 0.000020
19677 0.000020
19678 0.000020
19679 0.000020
19680 0.000020
19681 0.000020
19682 0.000020
19683 0.000020
19684 0.000020
19685 0.000020
19686 0.000020
19687 0.000020
19688 0.000020
19689 0.000020
19690 0.000020
19691 0.000020
19692 0.000020
19693 0.000020
19694 0.000020
19695 0.000020
19696 0.000020
19697 0.000020
19698 0.000020
19699 0.000020
19700 0.000020
19701 0.000020
19702 0.000020
19703 0.000020
19704 0.000020
19705 0.000020
19706 0.000020
19707 0.000020
19708 0.000020
19709 0.000020
19710 0.000020
19711 0.000020
19712 0.000020
19713 0.000020
19714 0.000020
19715 0.000020
19716 0.000020
19717 0.000020
19718 0.000020
19719 0.000020
19720 0.000020
19721 0.000020
19722 0.000020
19723 0.000020
19724 0.000020
19725 0.000020
19726 0.000020
19727 0.000020
19728 0.000020
19729 0.000020
19730 0.000020
19731 0.000020
19732 0.000020
19733 0.000020
19734 0.000020
19735 0.000020
19736 0.000020
19737 0.000020
19738 0.000020
19739 0.000020
19740 0.000020
19741 0.000020
19742 0.000020
19743 0.000020
19744 0.000020
19745 0.000020
19746 0.000020
19747 0.000020
19748 0.000020
19749 0.000020
19750 0.000020
19751 0.000020
19752 0.000020
19753 0.000020
19754 0.000020
19755 0.000020
19756 0.000020
19757 0.000020
19758 0.000020
19759 0.000020
19760 0.000020
19761 0.000020
19762 0.000020
19763 0.000020
19764 0.000020
19765 0.000020
19766 0.000020
19767 0.000020
19768 0.000020
19769 0.000020
19770 0.000020
19771 0.000020
19772 0.000020
19773 0.000020
19774 0.000020
19775 0.000020
19776 0.000020
19777 0.000020
19778 0.000020
19779 0.000020
19780 0.000020
19781 0.000020
19782 0.000020
19783 0.000020
19784 0.000020
19785 0.000020
19786 0.000020
19787 0.000020
19788 0.000020
19789 0.000020
19790 0.000020
19791 0.000020
19792 0.000020
19793 0.000020
19794 0.000020
19795 0.000020
19796 0.000020
19797 0.000020
19798 0.000020
19799 0.000020
19800 0.000020
19801 0.000020
19802 0.000020
19803 0.000020
19804 0.000020
19805 0.000020
19806 0.000020
19807 0.000020
19808 0.000020
19809 0.000020
19810 0.000020
19811 0.000020
19812 0.000020
19813 0.000020
19814 0.000020
19815 0.000020
19816 0.000020
19817 0.000020
19818 0.000020
19819 0.000020
19820 0.000020
19821 0.000020
19822 0.000020
19823 0.000020
19824 0.000020
19825 0.000020
19826 0.000020
19827 0.000020
19828 0.000020
19829 0.000020
19830 0.000020
19831 0.000020
19832 0.000020
19833 0.000020
19834 0.000020
19835 0.000020
19836 0.000020
19837 0.000020
19838 0.000020
19839 0.000020
19840 0.000020
19841 0.000020
19842 0.000020
19843 0.000020
19844 0.000020
19845 0.000020
19846 0.000020
19847 0.000020
19848 0.000020
19849 0.000020
19850 0.000020
19851 0.000020
19852 0.000020
19853 0.000020
19854 0.000020
19855 0.000020
19856 0.000020
19857 0.000020
19858 0.000020
19859 0.000020
19860 0.000020
19861 0.000020
19862 0.000020
19863 0.000020
19864 0.000020
19865 0.000020
19866 0.000020
19867 0.000020
19868 0.000020
19869 0.000020
19870 0.000020
19871 0.000020
19872 0.000020
19873 0.000020
19874 0.000020
19875 0.000020
19876 0.000020
19877 0.000020
19878 0.000020
19879 0.000020
19880 0.000020
19881 0.000020
19882 0.000020
19883 0.000020
19884 0.000020
19885 0.000020
19886 0.000020
19887 0.000020
19888 0.000020
19889 0.000020
19890 0.000020
19891 0.000020
19892 0.000020
19893 0.000020
19894 0.000020
19895 0.000020
19896 0.000020
19897 0.000020
19898 0.000020
19899 0.000020
19900 0.000020
19901 0.000020
19902 0.000020
19903 0.000020
19904 0.000020
19905 0.000020
19906 0.000020
19907 0.000020
19908 0.000020
19909 0.000020
19910 0.000020
19911 0.000020
19912 0.000020
19913 0.000020
19914 0.000020
19915 0.000020
19916 0.000020
19917 0.000020
19918 0.000020
19919 0.000020
19920 0.000020
19921 0.000020
19922 0.000020
19923 0.000020
19924 0.000020
19925 0.000020
19926 0.000020
19927 0.000020
19928 0.000020
19929 0.000020
19930 0.000020
19931 0.000020
19932 0.000020
19933 0.000020
19934 0.000020
19935 0.000020
19936 0.000020
19937 0.000020
19938 0.000020
19939 0.000020
19940 0.000020
19941 0.000020
19942 0.000020
19943 0.000020
19944 0.000020
19945 0.000020
19946 0.000020
19947 0.000020
19948 0.000020
19949 0.000020
19950 0.000020
19951 0.000020
19952 0.000020
19953 0.000020
19954 0.000020
19955 0.000020
19956 0.000020
19957 0.000020
19958 0.000020
19959 0.000020
19960 0.000020
19961 0.000020
19962 0.000020
19963 0.000020
19964 0.000020
19965 0.000020
19966 0.000020
19967 0.000020
19968 0.000020
19969 0.000020
19970 0.000020
19971 0.000020
19972 0.000020
19973 0.000020
19974 0.000020
19975 0.000020
19976 0.000020
19977 0.000020
19978 0.000020
19979 0.000020
19980 0.000020
19981 0.000020
19982 0.000020
19983 0.000020
19984 0.000020
19985 0.000020
19986 0.000020
19987 0.000020
19988 0.000020
19989 0.000020
19990 0.000020
19991 0.000020
19992 0.000020
19993 0.000020
19994 0.000020
19995 0.000020
19996 0.000020
19997 0.000020
19998 0.000020
19999 0.000020
20000 0.000020
20001 0.000020
20002 0.000020
20003 0.000020
20004 0.000020
20005 0.000020
20006 0.000020
20007 0.000020
20008 0.000020
20009 0.000020
20010 0.000020
20011 0.000020
20012 0.000020
20013 0.000020
20014 0.000020
20015 0.000020
20016 0.000020
20017 0.000020
20018 0.000020
20019 0.000020
20020 0.000020
20021 0.000020
20022 0.000020
20023 0.000020
20024 0.000020
20025 0.000020
20026 0.000020
20027 0.000020
20028 0.000020
20029 0.000020
20030 0.000020
20031 0.000020
20032 0.000020
20033 0.000020
20034 0.000020
20035 0.000020
20036 0.000020
20037 0.000020
20038 0.000020
20039 0.000020
20040 0.000020
20041 0.000020
20042 0.000020
20043 0.000020
20044 0.000020
20045 0.000020
20046 0.000020
20047 0.000020
20048 0.000020
20049 0.000020
20050 0.000020
20051 0.000020
20052 0.000020
20053 0.000020
20054 0.000020
20055 0.000020
20056 0.000020
20057 0.000020
20058 0.000020
20059 0.000020
20060 0.000020
20061 0.000020
20062 0.000020
20063 0.000020
20064 0.000020
20065 0.000020
20066 0.000020
20067 0.000020
20068 0.000020
20069 0.000020
20070 0.000020
20071 0.000020
20072 0.000020
20073 0.000020
20074 0.000020
20075 0.000020
20076 0.000020
20077 0.000020
20078 0.000020
20079 0.000020
20080 0.000020
20081 0.000020
20082 0.000020
20083 0.000020
20084 0.000020
20085 0.000020
20086 0.000020
20087 0.000020
20088 0.000020
20089 0.000020
20090 0.000020
20091 0.000020
20092 0.000020
20093 0.000020
20094 0.000020
20095 0.000020
20096 0.000020
20097 0.000020
20098 0.000020
20099 0.000020
20100 0.000020
20101 0.000020
20102 0.000020
20103 0.000020
20104 0.000020
20105 0.000020
20106 0.000020
20107 0.000020
20108 0.000020
20109 0.000020
20110 0.000020
20111 0.000020
20112 0.000020
20113 0.000020
20114 0.000020
20115 0.000020
20116 0.000020
20117 0.000020
20118 0.000020
20119 0.000020
20120 0.000020
20121 0.000020
20122 0.000020
20123 0.000020
20124 0.000020
20125 0.000020
20126 0.000020
20127 0.000020
20128 0.000020
20129 0.000020
20130 0.000020
20131 0.000020
20132 0.000020
20133 0.000020
20134 0.000020
20135 0.000020
20136 0.000020
20137 0.000020
20138 0.000020
20139 0.000020
20140 0.000020
20141 0.000020
20142 0.000020
20143 0.000020
20144 0.000020
20145 0.000020
20146 0.000020
20147 0.000020
20148 0.000020
20149 0.000020
20150 0.000020
20151 0.000020
20152 0.000020
20153 0.000020
20154 0.000020
20155 0.000020
20156 0.000020
20157 0.000020
20158 0.000020
20159 0.000020
20160 0.000020
20161 0.000020
20162 0.000020
20163 0.000020
20164 0.000020
20165 0.000020
20166 0.000020
20167 0.000020
20168 0.000020
20169 0.000020
20170 0.000020
20171 0.000020
20172 0.000020
20173 0.000020
20174 0.000020
20175 0.000020
20176 0.000020
20177 0.000020
20178 0.000020
20179 0.000020
20180 0.000020
20181 0.000020
20182 0.000020
20183 0.000020
20184 0.000020
20185 0.000020
20186 0.000020
20187 0.000020
20188 0.000020
20189 0.000020
20190 0.000020
20191 0.000020
20192 0.000020
20193 0.000020
20194 0.000020
20195 0.000020
20196 0.000020
20197 0.000020
20198 0.000020
20199 0.000020
20200 0.000020
20201 0.000020
20202 0.000020
20203 0.000020
20204 0.000020
20205 0.000020
20206 0.000020
20207 0.000020
20208 0.000020
20209 0.000020
20210 0.000020
20211 0.000020
20212 0.000020
20213 0.000020
20214 0.000020
20215 0.000020
20216 0.000020
20217 0.000020
20218 0.000020
20219 0.000020
20220 0.000020
20221 0.000020
20222 0.000020
20223 0.000020
20224 0.000020
20225 0.000020
20226 0.000020
20227 0.000020
20228 0.000020
20229 0.000020
20230 0.000020
20231 0.000020
20232 0.000020
20233 0.000020
20234 0.000020
20235 0.000020
20236 0.000020
20237 0.000020
20238 0.000020
20239 0.000020
20240 0.000020
20241 0.000020
20242 0.000020
20243 0.000020
20244 0.000020
20245 0.000020
20246 0.000020
20247 0.000020
20248 0.000020
20249 0.000020
20250 0.000020
20251 0.000020
20252 0.000020
20253 0.000020
20254 0.000020
20255 0.000020
20256 0.000020
20257 0.000020
20258 0.000020
20259 0.000020
20260 0.000020
20261 0.000020
20262 0.000020
20263 0.000020
20264 0.000020
20265 0.000020
20266 0.000020
20267 0.000020
20268 0.000020
20269 0.000020
20270 0.000020
20271 0.000020
20272 0.000020
20273 0.000020
20274 0.000020
20275 0.000020
20276 0.000020
20277 0.000020
20278 0.000020
20279 0.000020
20280 0.000020
20281 0.000020
20282 0.000020
20283 0.000020
20284 0.000020
20285 0.000020
20286 0.000020
20287 0.000020
20288 0.000020
20289 0.000020
20290 0.000020
20291 0.000020
20292 0.000020
20293 0.000020
20294 0.000020
20295 0.000020
20296 0.000020
20297 0.000020
20298 0.000020
20299 0.000020
20300 0.000020
20301 0.000020
20302 0.000020
20303 0.000020
20304 0.000020
20305 0.000020
20306 0.000020
20307 0.000020
20308 0.000020
20309 0.000020
20310 0.000020
20311 0.000020
20312 0.000020
20313 0.000020
20314 0.000020
20315 0.000020
20316 0.000020
20317 0.000020
20318 0.000020
20319 0.000020
20320 0.000020
20321 0.000020
20322 0.000020
20323 0.000020
20324 0.000020
20325 0.000020
20326 0.000020
20327 0.000020
20328 0.000020
20329 0.000020
20330 0.000020
20331 0.000020
20332 0.000020
20333 0.000020
20334 0.000020
20335 0.000020
20336 0.000020
20337 0.000020
20338 0.000020
20339 0.000020
20340 0.000020
20341 0.000020
20342 0.000020
20343 0.000020
20344 0.000020
20345 0.000020
20346 0.000020
20347 0.000020
20348 0.000020
20349 0.000020
20350 0.000020
20351 0.000020
20352 0.000020
20353 0.000020
20354 0.000020
20355 0.000020
20356 0.000020
20357 0.000020
20358 0.000020
20359 0.000020
20360 0.000020
20361 0.000020
20362 0.000020
20363 0.000020
20364 0.000020
20365 0.000020
20366 0.000020
20367 0.000020
20368 0.000020
20369 0.000020
20370 0.000020
20371 0.000020
20372 0.000020
20373 0.000020
20374 0.000020
20375 0.000020
20376 0.000020
20377 0.000020
20378 0.000020
20379 0.000020
20380 0.000020
20381 0.000020
20382 0.000020
20383 0.000020
20384 0.000020
20385 0.000020
20386 0.000020
20387 0.000020
20388 0.000020
20389 0.000020
20390 0.000020
20391 0.000020
20392 0.000020
20393 0.000020
20394 0.000020
20395 0.000020
20396 0.000020
20397 0.000020
20398 0.000020
20399 0.000020
20400 0.000020
20401 0.000020
20402 0.000020
20403 0.000020
20404 0.000020
20405 0.000020
20406 0.000020
20407 0.000020
20408 0.000020
20409 0.000020
20410 0.000020
20411 0.000020
20412 0.000020
20413 0.000020
20414 0.000020
20415 0.000020
20416 0.000020
20417 0.000020
20418 0.000020
20419 0.000020
20420 0.000020
20421 0.000020
20422 0.000020
20423 0.000020
20424 0.000020
20425 0.000020
20426 0.000020
20427 0.000020
20428 0.000020
20429 0.000020
20430 0.000020
20431 0.000020
20432 0.000020
20433 0.000020
20434 0.000020
20435 0.000020
20436 0.000020
20437 0.000020
20438 0.000020
20439 0.000020
20440 0.000020
20441 0.000020
20442 0.000020
20443 0.000020
20444 0.000020
20445 0.000020
20446 0.000020
20447 0.000020
20448 0.000020
20449 0.000020
20450 0.000020
20451 0.000020
20452 0.000020
20453 0.000020
20454 0.000020
20455 0.000020
20456 0.000020
20457 0.000020
20458 0.000020
20459 0.000020
20460 0.000020
20461 0.000020
20462 0.000020
20463 0.000020
20464 0.000020
20465 0.000020
20466 0.000020
20467 0.000020
20468 0.000020
20469 0.000020
20470 0.000020
20471 0.000020
20472 0.000020
20473 0.000020
20474 0.000020
20475 0.000020
20476 0.000020
20477 0.000020
20478 0.000020
20479 0.000020
20480 0.000020
20481 0.000020
20482 0.000020
20483 0.000020
20484 0.000020
20485 0.000020
20486 0.000020
20487 0.000020
20488 0.000020
20489 0.000020
20490 0.000020
20491 0.000020
20492 0.000020
20493 0.000020
20494 0.000020
20495 0.000020
20496 0.000020
20497 0.000020
20498 0.000020
20499 0.000020
20500 0.000020
20501 0.000020
20502 0.000020
20503 0.000020
20504 0.000020
20505 0.000020
20506 0.000020
20507 0.000020
20508 0.000020
20509 0.000020
20510 0.000020
20511 0.000020
20512 0.000020
20513 0.000020
20514 0.000020
20515 0.000020
20516 0.000020
20517 0.000020
20518 0.000020
20519 0.000020
20520 0.000020
20521 0.000020
20522 0.000020
20523 0.000020
20524 0.000020
20525 0.000020
20526 0.000020
20527 0.000020
20528 0.000020
20529 0.000020
20530 0.000020
20531 0.000020
20532 0.000020
20533 0.000020
20534 0.000020
20535 0.000020
20536 0.000020
20537 0.000020
20538 0.000020
20539 0.000020
20540 0.000020
20541 0.000020
20542 0.000020
20543 0.000020
20544 0.000020
20545 0.000020
20546 0.000020
20547 0.000020
20548 0.000020
20549 0.000020
20550 0.000020
20551 0.000020
20552 0.000020
20553 0.000020
20554 0.000020
20555 0.000020
20556 0.000020
20557 0.000020
20558 0.000020
20559 0.000020
20560 0.000020
20561 0.000020
20562 0.000020
20563 0.000020
20564 0.000020
20565 0.000020
20566 0.000020
20567 0.000020
20568 0.000020
20569 0.000020
20570 0.000020
20571 0.000020
20572 0.000020
20573 0.000020
20574 0.000020
20575 0.000020
20576 0.000020
20577 0.000020
20578 0.000020
20579 0.000020
20580 0.000020
20581 0.000020
20582 0.000020
20583 0.000020
20584 0.000020
20585 0.000020
20586 0.000020
20587 0.000020
20588 0.000020
20589 0.000020
20590 0.000020
20591 0.000020
20592 0.000020
20593 0.000020
20594 0.000020
20595 0.000020
20596 0.000020
20597 0.000020
20598 0.000020
20599 0.000020
20600 0.000020
20601 0.000020
20602 0.000020
20603 0.000020
20604 0.000020
20605 0.000020
20606 0.000020
20607 0.000020
20608 0.000020
20609 0.000020
20610 0.000020
20611 0.000020
20612 0.000020
20613 0.000020
20614 0.000020
20615 0.000020
20616 0.000020
20617 0.000020
20618 0.000020
20619 0.000020
20620 0.000020
20621 0.000020
20622 0.000020
20623 0.000020
20624 0.000020
20625 0.000020
20626 0.000020
20627 0.000020
20628 0.000020
20629 0.000020
20630 0.000020
20631 0.000020
20632 0.000020
20633 0.000020
20634 0.000020
20635 0.000020
20636 0.000020
20637 0.000020
20638 0.000020
20639 0.000020
20640 0.000020
20641 0.000020
20642 0.000020
20643 0.000020
20644 0.000020
20645 0.000020
20646 0.000020
20647 0.000020
20648 0.000020
20649 0.000020
20650 0.000020
20651 0.000020
20652 0.000020
20653 0.000020
20654 0.000020
20655 0.000020
20656 0.000020
20657 0.000020
20658 0.000020
20659 0.000020
20660 0.000020
20661 0.000020
20662 0.000020
20663 0.000020
20664 0.000020
20665 0.000020
20666 0.000020
20667 0.000020
20668 0.000020
20669 0.000020
20670 0.000020
20671 0.000020
20672 0.000020
20673 0.000020
20674 0.000020
20675 0.000020
20676 0.000020
20677 0.000020
20678 0.000020
20679 0.000020
20680 0.000020
20681 0.000020
20682 0.000020
20683 0.000020
20684 0.000020
20685 0.000020
20686 0.000020
20687 0.000020
20688 0.000020
20689 0.000020
20690 0.000020
20691 0.000020
20692 0.000020
20693 0.000020
20694 0.000020
20695 0.000020
20696 0.000020
20697 0.000020
20698 0.000020
20699 0.000020
20700 0.000020
20701 0.000020
20702 0.000020
20703 0.000020
20704 0.000020
20705 0.000020
20706 0.000020
20707 0.000020
20708 0.000020
20709 0.000020
20710 0.000020
20711 0.000020
20712 0.000020
20713 0.000020
20714 0.000020
20715 0.000020
20716 0.000020
20717 0.000020
20718 0.000020
20719 0.000020
20720 0.000020
20721 0.000020
20722 0.000020
20723 0.000020
20724 0.000020
20725 0.000020
20726 0.000020
20727 0.000020
20728 0.000020
20729 0.000020
20730 0.000020
20731 0.000020
20732 0.000020
20733 0.000020
20734 0.000020
20735 0.000020
20736 0.000020
20737 0.000020
20738 0.000020
20739 0.000020
20740 0.000020
20741 0.000020
20742 0.000020
20743 0.000020
20744 0.000020
20745 0.000020
20746 0.000020
20747 0.000020
20748 0.000020
20749 0.000020
20750 0.000020
20751 0.000020
20752 0.000020
20753 0.000020
20754 0.000020
20755 0.000020
20756 0.000020
20757 0.000020
20758 0.000020
20759 0.000020
20760 0.000020
20761 0.000020
20762 0.000020
20763 0.000020
20764 0.000020
20765 0.000020
20766 0.000020
20767 0.000020
20768 0.000020
20769 0.000020
20770 0.000020
20771 0.000020
20772 0.000020
20773 0.000020
20774 0.000020
20775 0.000020
20776 0.000020
20777 0.000020
20778 0.000020
20779 0.000020
20780 0.000020
20781 0.000020
20782 0.000020
20783 0.000020
20784 0.000020
20785 0.000020
20786 0.000020
20787 0.000020
20788 0.000020
20789 0.000020
20790 0.000020
20791 0.000020
20792 0.000020
20793 0.000020
20794 0.000020
20795 0.000020
20796 0.000020
20797 0.000020
20798 0.000020
20799 0.000020
20800 0.000020
20801 0.000020
20802 0.000020
20803 0.000020
20804 0.000020
20805 0.000020
20806 0.000020
20807 0.000020
20808 0.000020
20809 0.000020
20810 0.000020
20811 0.000020
20812 0.000020
20813 0.000020
20814 0.000020
20815 0.000020
20816 0.000020
20817 0.000020
20818 0.000020
20819 0.000020
20820 0.000020
20821 0.000020
20822 0.000020
20823 0.000020
20824 0.000020
20825 0.000020
20826 0.000020
20827 0.000020
20828 0.000020
20829 0.000020
20830 0.000020
20831 0.000020
20832 0.000020
20833 0.000020
20834 0.000020
20835 0.000020
20836 0.000020
20837 0.000020
20838 0.000020
20839 0.000020
20840 0.000020
20841 0.000020
20842 0.000020
20843 0.000020
20844 0.000020
20845 0.000020
20846 0.000020
20847 0.000020
20848 0.000020
20849 0.000020
20850 0.000020
20851 0.000020
20852 0.000020
20853 0.000020
20854 0.000020
20855 0.000020
20856 0.000020
20857 0.000020
20858 0.000020
20859 0.000020
20860 0.000020
20861 0.000020
20862 0.000020
20863 0.000020
20864 0.000020
20865 0.000020
20866 0.000020
20867 0.000020
20868 0.000020
20869 0.000020
20870 0.000020
20871 0.000020
20872 0.000020
20873 0.000020
20874 0.000020
20875 0.000020
20876 0.000020
20877 0.000020
20878 0.000020
20879 0.000020
20880 0.000020
20881 0.000020
20882 0.000020
20883 0.000020
20884 0.000020
20885 0.000020
20886 0.000020
20887 0.000020
20888 0.000020
20889 0.000020
20890 0.000020
20891 0.000020
20892 0.000020
20893 0.000020
20894 0.000020
20895 0.000020
20896 0.000020
20897 0.000020
20898 0.000020
20899 0.000020
20900 0.000020
20901 0.000020
20902 0.000020
20903 0.000020
20904 0.000020
20905 0.000020
20906 0.000020
20907 0.000020
20908 0.000020
20909 0.000020
20910 0.000020
20911 0.000020
20912 0.000020
20913 0.000020
20914 0.000020
20915 0.000020
20916 0.000020
20917 0.000020
20918 0.000020
20919 0.000020
20920 0.000020
20921 0.000020
20922 0.000020
20923 0.000020
20924 0.000020
20925 0.000020
20926 0.000020
20927 0.000020
20928 0.000020
20929 0.000020
20930 0.000020
20931 0.000020
20932 0.000020
20933 0.000020
20934 0.000020
20935 0.000020
20936 0.000020
20937 0.000020
20938 0.000020
20939 0.000020
20940 0.000020
20941 0.000020
20942 0.000020
20943 0.000020
20944 0.000020
20945 0.000020
20946 0.000020
20947 0.000020
20948 0.000020
20949 0.000020
20950 0.000020
20951 0.000020
20952 0.000020
20953 0.000020
20954 0.000020
20955 0.000020
20956 0.000020
20957 0.000020
20958 0.000020
20959 0.000020
20960 0.000020
20961 0.000020
20962 0.000020
20963 0.000020
20964 0.000020
20965 0.000020
20966 0.000020
20967 0.000020
20968 0.000020
20969 0.000020
20970 0.000020
20971 0.000020
20972 0.000020
20973 0.000020
20974 0.000020
20975 0.000020
20976 0.000020
20977 0.000020
20978 0.000020
20979 0.000020
20980 0.000020
20981 0.000020
20982 0.000020
20983 0.000020
20984 0.000020
20985 0.000020
20986 0.000020
20987 0.000020
20988 0.000020
20989 0.000020
20990 0.000020
20991 0.000020
20992 0.000020
20993 0.000020
20994 0.000020
20995 0.000020
20996 0.000020
20997 0.000020
20998 0.000020
20999 0.000020
21000 0.000020
21001 0.000020
21002 0.000020
21003 0.000020
21004 0.000020
21005 0.000020
21006 0.000020
21007 0.000020
21008 0.000020
21009 0.000020
21010 0.000020
21011 0.000020
21012 0.000020
21013 0.000020
21014 0.000020
21015 0.000020
21016 0.000020
21017 0.000020
21018 0.000020
21019 0.000020
21020 0.000020
21021 0.000020
21022 0.000020
21023 0.000020
21024 0.000020
21025 0.000020
21026 0.000020
21027 0.000020
21028 0.000020
21029 0.000020
21030 0.000020
21031 0.000020
21032 0.000020
21033 0.000020
21034 0.000020
21035 0.000020
21036 0.000020
21037 0.000020
21038 0.000020
21039 0.000020
21040 0.000020
21041 0.000020
21042 0.000020
21043 0.000020
21044 0.000020
21045 0.000020
21046 0.000020
21047 0.000020
21048 0.000020
21049 0.000020
21050 0.000020
21051 0.000020
21052 0.000020
21053 0.000020
21054 0.000020
21055 0.000020
21056 0.000020
21057 0.000020
21058 0.000020
21059 0.000020
21060 0.000020
21061 0.000020
21062 0.000020
21063 0.000020
21064 0.000020
21065 0.000020
21066 0.000020
21067 0.000020
21068 0.000020
21069 0.000020
21070 0.000020
21071 0.000020
21072 0.000020
21073 0.000020
21074 0.000020
21075 0.000020
21076 0.000020
21077 0.000020
21078 0.000020
21079 0.000020
21080 0.000020
21081 0.000020
21082 0.000020
21083 0.000020
21084 0.000020
21085 0.000020
21086 0.000020
21087 0.000020
21088 0.000020
21089 0.000020
21090 0.000020
21091 0.000020
21092 0.000020
21093 0.000020
21094 0.000020
21095 0.000020
21096 0.000020
21097 0.000020
21098 0.000020
21099 0.000020
21100 0.000020
21101 0.000020
21102 0.000020
21103 0.000020
21104 0.000020
21105 0.000020
21106 0.000020
21107 0.000020
21108 0.000020
21109 0.000020
21110 0.000020
21111 0.000020
21112 0.000020
21113 0.000020
21114 0.000020
21115 0.000020
21116 0.000020
21117 0.000020
21118 0.000020
21119 0.000020
21120 0.000020
21121 0.000020
21122 0.000020
21123 0.000020
21124 0.000020
21125 0.000020
21126 0.000020
21127 0.000020
21128 0.000020
21129 0.000020
21130 0.000020
21131 0.000020
21132 0.000020
21133 0.000020
21134 0.000020
21135 0.000020
21136 0.000020
21137 0.000020
21138 0.000020
21139 0.000020
21140 0.000020
21141 0.000020
21142 0.000020
21143 0.000020
21144 0.000020
21145 0.000020
21146 0.000020
21147 0.000020
21148 0.000020
21149 0.000020
21150 0.000020
21151 0.000020
21152 0.000020
21153 0.000020
21154 0.000020
21155 0.000020
21156 0.000020
21157 0.000020
21158 0.000020
21159 0.000020
21160 0.000020
21161 0.000020
21162 0.000020
21163 0.000020
21164 0.000020
21165 0.000020
21166 0.000020
21167 0.000020
21168 0.000020
21169 0.000020
21170 0.000020
21171 0.000020
21172 0.000020
21173 0.000020
21174 0.000020
21175 0.000020
21176 0.000020
21177 0.000020
21178 0.000020
21179 0.000020
21180 0.000020
21181 0.000020
21182 0.000020
21183 0.000020
21184 0.000020
21185 0.000020
21186 0.000020
21187 0.000020
21188 0.000020
21189 0.000020
21190 0.000020
21191 0.000020
21192 0.000020
21193 0.000020
21194 0.000020
21195 0.000020
21196 0.000020
21197 0.000020
21198 0.000020
21199 0.000020
21200 0.000020
21201 0.000020
21202 0.000020
21203 0.000020
21204 0.000020
21205 0.000020
21206 0.000020
21207 0.000020
21208 0.000020
21209 0.000020
21210 0.000020
21211 0.000020
21212 0.000020
21213 0.000020
21214 0.000020
21215 0.000020
21216 0.000020
21217 0.000020
21218 0.000020
21219 0.000020
21220 0.000020
21221 0.000020
21222 0.000020
21223 0.000020
21224 0.000020
21225 0.000020
21226 0.000020
21227 0.000020
21228 0.000020
21229 0.000020
21230 0.000020
21231 0.000020
21232 0.000020
21233 0.000020
21234 0.000020
21235 0.000020
21236 0.000020
21237 0.000020
21238 0.000020
21239 0.000020
21240 0.000020
21241 0.000020
21242 0.000020
21243 0.000020
21244 0.000020
21245 0.000020
21246 0.000020
21247 0.000020
21248 0.000020
21249 0.000020
21250 0.000020
21251 0.000020
21252 0.000020
21253 0.000020
21254 0.000020
21255 0.000020
21256 0.000020
21257 0.000020
21258 0.000020
21259 0.000020
21260 0.000020
21261 0.000020
21262 0.000020
21263 0.000020
21264 0.000020
21265 0.000020
21266 0.000020
21267 0.000020
21268 0.000020
21269 0.000020
21270 0.000020
21271 0.000020
21272 0.000020
21273 0.000020
21274 0.000020
21275 0.000020
21276 0.000020
21277 0.000020
21278 0.000020
21279 0.000020
21280 0.000020
21281 0.000020
21282 0.000020
21283 0.000020
21284 0.000020
21285 0.000020
21286 0.000020
21287 0.000020
21288 0.000020
21289 0.000020
21290 0.000020
21291 0.000020
21292 0.000020
21293 0.000020
21294 0.000020
21295 0.000020
21296 0.000020
21297 0.000020
21298 0.000020
21299 0.000020
21300 0.000020
21301 0.000020
21302 0.000020
21303 0.000020
21304 0.000020
21305 0.000020
21306 0.000020
21307 0.000020
21308 0.000020
21309 0.000020
21310 0.000020
21311 0.000020
21312 0.000020
21313 0.000020
21314 0.000020
21315 0.000020
21316 0.000020
21317 0.000020
21318 0.000020
21319 0.000020
21320 0.000020
21321 0.000020
21322 0.000020
21323 0.000020
21324 0.000020
21325 0.000020
21326 0.000020
21327 0.000020
21328 0.000020
21329 0.000020
21330 0.000020
21331 0.000020
21332 0.000020
21333 0.000020
21334 0.000020
21335 0.000020
21336 0.000020
21337 0.000020
21338 0.000020
21339 0.000020
21340 0.000020
21341 0.000020
21342 0.000020
21343 0.000020
21344 0.000020
21345 0.000020
21346 0.000020
21347 0.000020
21348 0.000020
21349 0.000020
21350 0.000020
21351 0.000020
21352 0.000020
21353 0.000020
21354 0.000020
21355 0.000020
21356 0.000020
21357 0.000020
21358 0.000020
21359 0.000020
21360 0.000020
21361 0.000020
21362 0.000020
21363 0.000020
21364 0.000020
21365 0.000020
21366 0.000020
21367 0.000020
21368 0.000020
21369 0.000020
21370 0.000020
21371 0.000020
21372 0.000020
21373 0.000020
21374 0.000020
21375 0.000020
21376 0.000020
21377 0.000020
21378 0.000020
21379 0.000020
21380 0.000020
21381 0.000020
21382 0.000020
21383 0.000020
21384 0.000020
21385 0.000020
21386 0.000020
21387 0.000020
21388 0.000020
21389 0.000020
21390 0.000020
21391 0.000020
21392 0.000020
21393 0.000020
21394 0.000020
21395 0.000020
21396 0.000020
21397 0.000020
21398 0.000020
21399 0.000020
21400 0.000020
21401 0.000020
21402 0.000020
21403 0.000020
21404 0.000020
21405 0.000020
21406 0.000020
21407 0.000020
21408 0.000020
21409 0.000020
21410 0.000020
21411 0.000020
21412 0.000020
21413 0.000020
21414 0.000020
21415 0.000020
21416 0.000020
21417 0.000020
21418 0.000020
21419 0.000020
21420 0.000020
21421 0.000020
21422 0.000020
21423 0.000020
21424 0.000020
21425 0.000020
21426 0.000020
21427 0.000020
21428 0.000020
21429 0.000020
21430 0.000020
21431 0.000020
21432 0.000020
21433 0.000020
21434 0.000020
21435 0.000020
21436 0.000020
21437 0.000020
21438 0.000020
21439 0.000020
21440 0.000020
21441 0.000020
21442 0.000020
21443 0.000020
21444 0.000020
21445 0.000020
21446 0.000020
21447 0.000020
21448 0.000020
21449 0.000020
21450 0.000020
21451 0.000020
21452 0.000020
21453 0.000020
21454 0.000020
21455 0.000020
21456 0.000020
21457 0.000020
21458 0.000020
21459 0.000020
21460 0.000020
21461 0.000020
21462 0.000020
21463 0.000020
21464 0.000020
21465 0.000020
21466 0.000020
21467 0.000020
21468 0.000020
21469 0.000020
21470 0.000020
21471 0.000020
21472 0.000020
21473 0.000020
21474 0.000020
21475 0.000020
21476 0.000020
21477 0.000020
21478 0.000020
21479 0.000020
21480 0.000020
21481 0.000020
21482 0.000020
21483 0.000020
21484 0.000020
21485 0.000020
21486 0.000020
21487 0.000020
21488 0.000020
21489 0.000020
21490 0.000020
21491 0.000020
21492 0.000020
21493 0.000020
21494 0.000020
21495 0.000020
21496 0.000020
21497 0.000020
21498 0.000020
21499 0.000020
21500 0.000020
21501 0.000020
21502 0.000020
21503 0.000020
21504 0.000020
21505 0.000020
21506 0.000020
21507 0.000020
21508 0.000020
21509 0.000020
21510 0.000020
21511 0.000020
21512 0.000020
21513 0.000020
21514 0.000020
21515 0.000020
21516 0.000020
21517 0.000020
21518 0.000020
21519 0.000020
21520 0.000020
21521 0.000020
21522 0.000020
21523 0.000020
21524 0.000020
21525 0.000020
21526 0.000020
21527 0.000020
21528 0.000020
21529 0.000020
21530 0.000020
21531 0.000020
21532 0.000020
21533 0.000020
21534 0.000020
21535 0.000020
21536 0.000020
21537 0.000020
21538 0.000020
21539 0.000020
21540 0.000020
21541 0.000020
21542 0.000020
21543 0.000020
21544 0.000020
21545 0.000020
21546 0.000020
21547 0.000020
21548 0.000020
21549 0.000020
21550 0.000020
21551 0.000020
21552 0.000020
21553 0.000020
21554 0.000020
21555 0.000020
21556 0.000020
21557 0.000020
21558 0.000020
21559 0.000020
21560 0.000020
21561 0.000020
21562 0.000020
21563 0.000020
21564 0.000020
21565 0.000020
21566 0.000020
21567 0.000020
21568 0.000020
21569 0.000020
21570 0.000020
21571 0.000020
21572 0.000020
21573 0.000020
21574 0.000020
21575 0.000020
21576 0.000020
21577 0.000020
21578 0.000020
21579 0.000020
21580 0.000020
21581 0.000020
21582 0.000020
21583 0.000020
21584 0.000020
21585 0.000020
21586 0.000020
21587 0.000020
21588 0.000020
21589 0.000020
21590 0.000020
21591 0.000020
21592 0.000020
21593 0.000020
21594 0.000020
21595 0.000020
21596 0.000020
21597 0.000020
21598 0.000020
21599 0.000020
21600 0.000020
21601 0.000020
21602 0.000020
21603 0.000020
21604 0.000020
21605 0.000020
21606 0.000020
21607 0.000020
21608 0.000020
21609 0.000020
21610 0.000020
21611 0.000020
21612 0.000020
21613 0.000020
21614 0.000020
21615 0.000020
21616 0.000020
21617 0.000020
21618 0.000020
21619 0.000020
21620 0.000020
21621 0.000020
21622 0.000020
21623 0.000020
21624 0.000020
21625 0.000020
21626 0.000020
21627 0.000020
21628 0.000020
21629 0.000020
21630 0.000020
21631 0.000020
21632 0.000020
21633 0.000020
21634 0.000020
21635 0.000020
21636 0.000020
21637 0.000020
21638 0.000020
21639 0.000020
21640 0.000020
21641 0.000020
21642 0.000020
21643 0.000020
21644 0.000020
21645 0.000020
21646 0.000020
21647 0.000020
21648 0.000020
21649 0.000020
21650 0.000020
21651 0.000020
21652 0.000020
21653 0.000020
21654 0.000020
21655 0.000020
21656 0.000020
21657 0.000020
21658 0.000020
21659 0.000020
21660 0.000020
21661 0.000020
21662 0.000020
21663 0.000020
21664 0.000020
21665 0.000020
21666 0.000020
21667 0.000020
21668 0.000020
21669 0.000020
21670 0.000020
21671 0.000020
21672 0.000020
21673 0.000020
21674 0.000020
21675 0.000020
21676 0.000020
21677 0.000020
21678 0.000020
21679 0.000020
21680 0.000020
21681 0.000020
21682 0.000020
21683 0.000020
21684 0.000020
21685 0.000020
21686 0.000020
21687 0.000020
21688 0.000020
21689 0.000020
21690 0.000020
21691 0.000020
21692 0.000020
21693 0.000020
21694 0.000020
21695 0.000020
21696 0.000020
21697 0.000020
21698 0.000020
21699 0.000020
21700 0.000020
21701 0.000020
21702 0.000020
21703 0.000020
21704 0.000020
21705 0.000020
21706 0.000020
21707 0.000020
21708 0.000020
21709 0.000020
21710 0.000020
21711 0.000020
21712 0.000020
21713 0.000020
21714 0.000020
21715 0.000020
21716 0.000020
21717 0.000020
21718 0.000020
21719 0.000020
21720 0.000020
21721 0.000020
21722 0.000020
21723 0.000020
21724 0.000020
21725 0.000020
21726 0.000020
21727 0.000020
21728 0.000020
21729 0.000020
21730 0.000020
21731 0.000020
21732 0.000020
21733 0.000020
21734 0.000020
21735 0.000020
21736 0.000020
21737 0.000020
21738 0.000020
21739 0.000020
21740 0.000020
21741 0.000020
21742 0.000020
21743 0.000020
21744 0.000020
21745 0.000020
21746 0.000020
21747 0.000020
21748 0.000020
21749 0.000020
21750 0.000020
21751 0.000020
21752 0.000020
21753 0.000020
21754 0.000020
21755 0.000020
21756 0.000020
21757 0.000020
21758 0.000020
21759 0.000020
21760 0.000020
21761 0.000020
21762 0.000020
21763 0.000020
21764 0.000020
21765 0.000020
21766 0.000020
21767 0.000020
21768 0.000020
21769 0.000020
21770 0.000020
21771 0.000020
21772 0.000020
21773 0.000020
21774 0.000020
21775 0.000020
21776 0.000020
21777 0.000020
21778 0.000020
21779 0.000020
21780 0.000020
21781 0.000020
21782 0.000020
21783 0.000020
21784 0.000020
21785 0.000020
21786 0.000020
21787 0.000020
21788 0.000020
21789 0.000020
21790 0.000020
21791 0.000020
21792 0.000020
21793 0.000020
21794 0.000020
21795 0.000020
21796 0.000020
21797 0.000020
21798 0.000020
21799 0.000020
21800 0.000020
21801 0.000020
21802 0.000020
21803 0.000020
21804 0.000020
21805 0.000020
21806 0.000020
21807 0.000020
21808 0.000020
21809 0.000020
21810 0.000020
21811 0.000020
21812 0.000020
21813 0.000020
21814 0.000020
21815 0.000020
21816 0.000020
21817 0.000020
21818 0.000020
21819 0.000020
21820 0.000020
21821 0.000020
21822 0.000020
21823 0.000020
21824 0.000020
21825 0.000020
21826 0.000020
21827 0.000020
21828 0.000020
21829 0.000020
21830 0.000020
21831 0.000020
21832 0.000020
21833 0.000020
21834 0.000020
21835 0.000020
21836 0.000020
21837 0.000020
21838 0.000020
21839 0.000020
21840 0.000020
21841 0.000020
21842 0.000020
21843 0.000020
21844 0.000020
21845 0.000020
21846 0.000020
21847 0.000020
21848 0.000020
21849 0.000020
21850 0.000020
21851 0.000020
21852 0.000020
21853 0.000020
21854 0.000020
21855 0.000020
21856 0.000020
21857 0.000020
21858 0.000020
21859 0.000020
21860 0.000020
21861 0.000020
21862 0.000020
21863 0.000020
21864 0.000020
21865 0.000020
21866 0.000020
21867 0.000020
21868 0.000020
21869 0.000020
21870 0.000020
21871 0.000020
21872 0.000020
21873 0.000020
21874 0.000020
21875 0.000020
21876 0.000020
21877 0.000020
21878 0.000020
21879 0.000020
21880 0.000020
21881 0.000020
21882 0.000020
21883 0.000020
21884 0.000020
21885 0.000020
21886 0.000020
21887 0.000020
21888 0.000020
21889 0.000020
21890 0.000020
21891 0.000020
21892 0.000020
21893 0.000020
21894 0.000020
21895 0.000020
21896 0.000020
21897 0.000020
21898 0.000020
21899 0.000020
21900 0.000020
21901 0.000020
21902 0.000020
21903 0.000020
21904 0.000020
21905 0.000020
21906 0.000020
21907 0.000020
21908 0.000020
21909 0.000020
21910 0.000020
21911 0.000020
21912 0.000020
21913 0.000020
21914 0.000020
21915 0.000020
21916 0.000020
21917 0.000020
21918 0.000020
21919 0.000020
21920 0.000020
21921 0.000020
21922 0.000020
21923 0.000020
21924 0.000020
21925 0.000020
21926 0.000020
21927 0.000020
21928 0.000020
21929 0.000020
21930 0.000020
21931 0.000020
21932 0.000020
21933 0.000020
21934 0.000020
21935 0.000020
21936 0.000020
21937 0.000020
21938 0.000020
21939 0.000020
21940 0.000020
21941 0.000020
21942 0.000020
21943 0.000020
21944 0.000020
21945 0.000020
21946 0.000020
21947 0.000020
21948 0.000020
21949 0.000020
21950 0.000020
21951 0.000020
21952 0.000020
21953 0.000020
21954 0.000020
21955 0.000020
21956 0.000020
21957 0.000020
21958 0.000020
21959 0.000020
21960 0.000020
21961 0.000020
21962 0.000020
21963 0.000020
21964 0.000020
21965 0.000020
21966 0.000020
21967 0.000020
21968 0.000020
21969 0.000020
21970 0.000020
21971 0.000020
21972 0.000020
21973 0.000020
21974 0.000020
21975 0.000020
21976 0.000020
21977 0.000020
21978 0.000020
21979 0.000020
21980 0.000020
21981 0.000020
21982 0.000020
21983 0.000020
21984 0.000020
21985 0.000020
21986 0.000020
21987 0.000020
21988 0.000020
21989 0.000020
21990 0.000020
21991 0.000020
21992 0.000020
21993 0.000020
21994 0.000020
21995 0.000020
21996 0.000020
21997 0.000020
21998 0.000020
21999 0.000020
22000 0.000020
22001 0.000020
22002 0.000020
22003 0.000020
22004 0.000020
22005 0.000020
22006 0.000020
22007 0.000020
22008 0.000020
22009 0.000020
22010 0.000020
22011 0.000020
22012 0.000020
22013 0.000020
22014 0.000020
22015 0.000020
22016 0.000020
22017 0.000020
22018 0.000020
22019 0.000020
22020 0.000020
22021 0.000020
22022 0.000020
22023 0.000020
22024 0.000020
22025 0.000020
22026 0.000020
22027 0.000020
22028 0.000020
22029 0.000020
22030 0.000020
22031 0.000020
22032 0.000020
22033 0.000020
22034 0.000020
22035 0.000020
22036 0.000020
22037 0.000020
22038 0.000020
22039 0.000020
22040 0.000020
22041 0.000020
22042 0.000020
22043 0.000020
22044 0.000020
22045 0.000020
22046 0.000020
22047 0.000020
22048 0.000020
22049 0.000020
22050 0.000020
22051 0.000020
22052 0.000020
22053 0.000020
22054 0.000020
22055 0.000020
22056 0.000020
22057 0.000020
22058 0.000020
22059 0.000020
22060 0.000020
22061 0.000020
22062 0.000020
22063 0.000020
22064 0.000020
22065 0.000020
22066 0.000020
22067 0.000020
22068 0.000020
22069 0.000020
22070 0.000020
22071 0.000020
22072 0.000020
22073 0.000020
22074 0.000020
22075 0.000020
22076 0.000020
22077 0.000020
22078 0.000020
22079 0.000020
22080 0.000020
22081 0.000020
22082 0.000020
22083 0.000020
22084 0.000020
22085 0.000020
22086 0.000020
22087 0.000020
22088 0.000020
22089 0.000020
22090 0.000020
22091 0.000020
22092 0.000020
22093 0.000020
22094 0.000020
22095 0.000020
22096 0.000020
22097 0.000020
22098 0.000020
22099 0.000020
22100 0.000020
22101 0.000020
22102 0.000020
22103 0.000020
22104 0.000020
22105 0.000020
22106 0.000020
22107 0.000020
22108 0.000020
22109 0.000020
22110 0.000020
22111 0.000020
22112 0.000020
22113 0.000020
22114 0.000020
22115 0.000020
22116 0.000020
22117 0.000020
22118 0.000020
22119 0.000020
22120 0.000020
22121 0.000020
22122 0.000020
22123 0.000020
22124 0.000020
22125 0.000020
22126 0.000020
22127 0.000020
22128 0.000020
22129 0.000020
22130 0.000020
22131 0.000020
22132 0.000020
22133 0.000020
22134 0.000020
22135 0.000020
22136 0.000020
22137 0.000020
22138 0.000020
22139 0.000020
22140 0.000020
22141 0.000020
22142 0.000020
22143 0.000020
22144 0.000020
22145 0.000020
22146 0.000020
22147 0.000020
22148 0.000020
22149 0.000020
22150 0.000020
22151 0.000020
22152 0.000020
22153 0.000020
22154 0.000020
22155 0.000020
22156 0.000020
22157 0.000020
22158 0.000020
22159 0.000020
22160 0.000020
22161 0.000020
22162 0.000020
22163 0.000020
22164 0.000020
22165 0.000020
22166 0.000020
22167 0.000020
22168 0.000020
22169 0.000020
22170 0.000020
22171 0.000020
22172 0.000020
22173 0.000020
22174 0.000020
22175 0.000020
22176 0.000020
22177 0.000020
22178 0.000020
22179 0.000020
22180 0.000020
22181 0.000020
22182 0.000020
22183 0.000020
22184 0.000020
22185 0.000020
22186 0.000020
22187 0.000020
22188 0.000020
22189 0.000020
22190 0.000020
22191 0.000020
22192 0.000020
22193 0.000020
22194 0.000020
22195 0.000020
22196 0.000020
22197 0.000020
22198 0.000020
22199 0.000020
22200 0.000020
22201 0.000020
22202 0.000020
22203 0.000020
22204 0.000020
22205 0.000020
22206 0.000020
22207 0.000020
22208 0.000020
22209 0.000020
22210 0.000020
22211 0.000020
22212 0.000020
22213 0.000020
22214 0.000020
22215 0.000020
22216 0.000020
22217 0.000020
22218 0.000020
22219 0.000020
22220 0.000020
22221 0.000020
22222 0.000020
22223 0.000020
22224 0.000020
22225 0.000020
22226 0.000020
22227 0.000020
22228 0.000020
22229 0.000020
22230 0.000020
22231 0.000020
22232 0.000020
22233 0.000020
22234 0.000020
22235 0.000020
22236 0.000020
22237 0.000020
22238 0.000020
22239 0.000020
22240 0.000020
22241 0.000020
22242 0.000020
22243 0.000020
22244 0.000020
22245 0.000020
22246 0.000020
22247 0.000020
22248 0.000020
22249 0.000020
22250 0.000020
22251 0.000020
22252 0.000020
22253 0.000020
22254 0.000020
22255 0.000020
22256 0.000020
22257 0.000020
22258 0.000020
22259 0.000020
22260 0.000020
22261 0.000020
22262 0.000020
22263 0.000020
22264 0.000020
22265 0.000020
22266 0.000020
22267 0.000020
22268 0.000020
22269 0.000020
22270 0.000020
22271 0.000020
22272 0.000020
22273 0.000020
22274 0.000020
22275 0.000020
22276 0.000020
22277 0.000020
22278 0.000020
22279 0.000020
22280 0.000020
22281 0.000020
22282 0.000020
22283 0.000020
22284 0.000020
22285 0.000020
22286 0.000020
22287 0.000020
22288 0.000020
22289 0.000020
22290 0.000020
22291 0.000020
22292 0.000020
22293 0.000020
22294 0.000020
22295 0.000020
22296 0.000020
22297 0.000020
22298 0.000020
22299 0.000020
22300 0.000020
22301 0.000020
22302 0.000020
22303 0.000020
22304 0.000020
22305 0.000020
22306 0.000020
22307 0.000020
22308 0.000020
22309 0.000020
22310 0.000020
22311 0.000020
22312 0.000020
22313 0.000020
22314 0.000020
22315 0.000020
22316 0.000020
22317 0.000020
22318 0.000020
22319 0.000020
22320 0.000020
22321 0.000020
22322 0.000020
22323 0.000020
22324 0.000020
22325 0.000020
22326 0.000020
22327 0.000020
22328 0.000020
22329 0.000020
22330 0.000020
22331 0.000020
22332 0.000020
22333 0.000020
22334 0.000020
22335 0.000020
22336 0.000020
22337 0.000020
22338 0.000020
22339 0.000020
22340 0.000020
22341 0.000020
22342 0.000020
22343 0.000020
22344 0.000020
22345 0.000020
22346 0.000020
22347 0.000020
22348 0.000020
22349 0.000020
22350 0.000020
22351 0.000020
22352 0.000020
22353 0.000020
22354 0.000020
22355 0.000020
22356 0.000020
22357 0.000020
22358 0.000020
22359 0.000020
22360 0.000020
22361 0.000020
22362 0.000020
22363 0.000020
22364 0.000020
22365 0.000020
22366 0.000020
22367 0.000020
22368 0.000020
22369 0.000020
22370 0.000020
22371 0.000020
22372 0.000020
22373 0.000020
22374 0.000020
22375 0.000020
22376 0.000020
22377 0.000020
22378 0.000020
22379 0.000020
22380 0.000020
22381 0.000020
22382 0.000020
22383 0.000020
22384 0.000020
22385 0.000020
22386 0.000020
22387 0.000020
22388 0.000020
22389 0.000020
22390 0.000020
22391 0.000020
22392 0.000020
22393 0.000020
22394 0.000020
22395 0.000020
22396 0.000020
22397 0.000020
22398 0.000020
22399 0.000020
22400 0.000020
22401 0.000020
22402 0.000020
22403 0.000020
22404 0.000020
22405 0.000020
22406 0.000020
22407 0.000020
22408 0.000020
22409 0.000020
22410 0.000020
22411 0.000020
22412 0.000020
22413 0.000020
22414 0.000020
22415 0.000020
22416 0.000020
22417 0.000020
22418 0.000020
22419 0.000020
22420 0.000020
22421 0.000020
22422 0.000020
22423 0.000020
22424 0.000020
22425 0.000020
22426 0.000020
22427 0.000020
22428 0.000020
22429 0.000020
22430 0.000020
22431 0.000020
22432 0.000020
22433 0.000020
22434 0.000020
22435 0.000020
22436 0.000020
22437 0.000020
22438 0.000020
22439 0.000020
22440 0.000020
22441 0.000020
22442 0.000020
22443 0.000020
22444 0.000020
22445 0.000020
22446 0.000020
22447 0.000020
22448 0.000020
22449 0.000020
22450 0.000020
22451 0.000020
22452 0.000020
22453 0.000020
22454 0.000020
22455 0.000020
22456 0.000020
22457 0.000020
22458 0.000020
22459 0.000020
22460 0.000020
22461 0.000020
22462 0.000020
22463 0.000020
22464 0.000020
22465 0.000020
22466 0.000020
22467 0.000020
22468 0.000020
22469 0.000020
22470 0.000020
22471 0.000020
22472 0.000020
22473 0.000020
22474 0.000020
22475 0.000020
22476 0.000020
22477 0.000020
22478 0.000020
22479 0.000020
22480 0.000020
22481 0.000020
22482 0.000020
22483 0.000020
22484 0.000020
22485 0.000020
22486 0.000020
22487 0.000020
22488 0.000020
22489 0.000020
22490 0.000020
22491 0.000020
22492 0.000020
22493 0.000020
22494 0.000020
22495 0.000020
22496 0.000020
22497 0.000020
22498 0.000020
22499 0.000020
22500 0.000020
22501 0.000020
22502 0.000020
22503 0.000020
22504 0.000020
22505 0.000020
22506 0.000020
22507 0.000020
22508 0.000020
22509 0.000020
22510 0.000020
22511 0.000020
22512 0.000020
22513 0.000020
22514 0.000020
22515 0.000020
22516 0.000020
22517 0.000020
22518 0.000020
22519 0.000020
22520 0.000020
22521 0.000020
22522 0.000020
22523 0.000020
22524 0.000020
22525 0.000020
22526 0.000020
22527 0.000020
22528 0.000020
22529 0.000020
22530 0.000020
22531 0.000020
22532 0.000020
22533 0.000020
22534 0.000020
22535 0.000020
22536 0.000020
22537 0.000020
22538 0.000020
22539 0.000020
22540 0.000020
22541 0.000020
22542 0.000020
22543 0.000020
22544 0.000020
22545 0.000020
22546 0.000020
22547 0.000020
22548 0.000020
22549 0.000020
22550 0.000020
22551 0.000020
22552 0.000020
22553 0.000020
22554 0.000020
22555 0.000020
22556 0.000020
22557 0.000020
22558 0.000020
22559 0.000020
22560 0.000020
22561 0.000020
22562 0.000020
22563 0.000020
22564 0.000020
22565 0.000020
22566 0.000020
22567 0.000020
22568 0.000020
22569 0.000020
22570 0.000020
22571 0.000020
22572 0.000020
22573 0.000020
22574 0.000020
22575 0.000020
22576 0.000020
22577 0.000020
22578 0.000020
22579 0.000020
22580 0.000020
22581 0.000020
22582 0.000020
22583 0.000020
22584 0.000020
22585 0.000020
22586 0.000020
22587 0.000020
22588 0.000020
22589 0.000020
22590 0.000020
22591 0.000020
22592 0.000020
22593 0.000020
22594 0.000020
22595 0.000020
22596 0.000020
22597 0.000020
22598 0.000020
22599 0.000020
22600 0.000020
22601 0.000020
22602 0.000020
22603 0.000020
22604 0.000020
22605 0.000020
22606 0.000020
22607 0.000020
22608 0.000020
22609 0.000020
22610 0.000020
22611 0.000020
22612 0.000020
22613 0.000020
22614 0.000020
22615 0.000020
22616 0.000020
22617 0.000020
22618 0.000020
22619 0.000020
22620 0.000020
22621 0.000020
22622 0.000020
22623 0.000020
22624 0.000020
22625 0.000020
22626 0.000020
22627 0.000020
22628 0.000020
22629 0.000020
22630 0.000020
22631 0.000020
22632 0.000020
22633 0.000020
22634 0.000020
22635 0.000020
22636 0.000020
22637 0.000020
22638 0.000020
22639 0.000020
22640 0.000020
22641 0.000020
22642 0.000020
22643 0.000020
22644 0.000020
22645 0.000020
22646 0.000020
22647 0.000020
22648 0.000020
22649 0.000020
22650 0.000020
22651 0.000020
22652 0.000020
22653 0.000020
22654 0.000020
22655 0.000020
22656 0.000020
22657 0.000020
22658 0.000020
22659 0.000020
22660 0.000020
22661 0.000020
22662 0.000020
22663 0.000020
22664 0.000020
22665 0.000020
22666 0.000020
22667 0.000020
22668 0.000020
22669 0.000020
22670 0.000020
22671 0.000020
22672 0.000020
22673 0.000020
22674 0.000020
22675 0.000020
22676 0.000020
22677 0.000020
22678 0.000020
22679 0.000020
22680 0.000020
22681 0.000020
22682 0.000020
22683 0.000020
22684 0.000020
22685 0.000020
22686 0.000020
22687 0.000020
22688 0.000020
22689 0.000020
22690 0.000020
22691 0.000020
22692 0.000020
22693 0.000020
22694 0.000020
22695 0.000020
22696 0.000020
22697 0.000020
22698 0.000020
22699 0.000020
22700 0.000020
22701 0.000020
22702 0.000020
22703 0.000020
22704 0.000020
22705 0.000020
22706 0.000020
22707 0.000020
22708 0.000020
22709 0.000020
22710 0.000020
22711 0.000020
22712 0.000020
22713 0.000020
22714 0.000020
22715 0.000020
22716 0.000020
22717 0.000020
22718 0.000020
22719 0.000020
22720 0.000020
22721 0.000020
22722 0.000020
22723 0.000020
22724 0.000020
22725 0.000020
22726 0.000020
22727 0.000020
22728 0.000020
22729 0.000020
22730 0.000020
22731 0.000020
22732 0.000020
22733 0.000020
22734 0.000020
22735 0.000020
22736 0.000020
22737 0.000020
22738 0.000020
22739 0.000020
22740 0.000020
22741 0.000020
22742 0.000020
22743 0.000020
22744 0.000020
22745 0.000020
22746 0.000020
22747 0.000020
22748 0.000020
22749 0.000020
22750 0.000020
22751 0.000020
22752 0.000020
22753 0.000020
22754 0.000020
22755 0.000020
22756 0.000020
22757 0.000020
22758 0.000020
22759 0.000020
22760 0.000020
22761 0.000020
22762 0.000020
22763 0.000020
22764 0.000020
22765 0.000020
22766 0.000020
22767 0.000020
22768 0.000020
22769 0.000020
22770 0.000020
22771 0.000020
22772 0.000020
22773 0.000020
22774 0.000020
22775 0.000020
22776 0.000020
22777 0.000020
22778 0.000020
22779 0.000020
22780 0.000020
22781 0.000020
22782 0.000020
22783 0.000020
22784 0.000020
22785 0.000020
22786 0.000020
22787 0.000020
22788 0.000020
22789 0.000020
22790 0.000020
22791 0.000020
22792 0.000020
22793 0.000020
22794 0.000020
22795 0.000020
22796 0.000020
22797 0.000020
22798 0.000020
22799 0.000020
22800 0.000020
22801 0.000020
22802 0.000020
22803 0.000020
22804 0.000020
22805 0.000020
22806 0.000020
22807 0.000020
22808 0.000020
22809 0.000020
22810 0.000020
22811 0.000020
22812 0.000020
22813 0.000020
22814 0.000020
22815 0.000020
22816 0.000020
22817 0.000020
22818 0.000020
22819 0.000020
22820 0.000020
22821 0.000020
22822 0.000020
22823 0.000020
22824 0.000020
22825 0.000020
22826 0.000020
22827 0.000020
22828 0.000020
22829 0.000020
22830 0.000020
22831 0.000020
22832 0.000020
22833 0.000020
22834 0.000020
22835 0.000020
22836 0.000020
22837 0.000020
22838 0.000020
22839 0.000020
22840 0.000020
22841 0.000020
22842 0.000020
22843 0.000020
22844 0.000020
22845 0.000020
22846 0.000020
22847 0.000020
22848 0.000020
22849 0.000020
22850 0.000020
22851 0.000020
22852 0.000020
22853 0.000020
22854 0.000020
22855 0.000020
22856 0.000020
22857 0.000020
22858 0.000020
22859 0.000020
22860 0.000020
22861 0.000020
22862 0.000020
22863 0.000020
22864 0.000020
22865 0.000020
22866 0.000020
22867 0.000020
22868 0.000020
22869 0.000020
22870 0.000020
22871 0.000020
22872 0.000020
22873 0.000020
22874 0.000020
22875 0.000020
22876 0.000020
22877 0.000020
22878 0.000020
22879 0.000020
22880 0.000020
22881 0.000020
22882 0.000020
22883 0.000020
22884 0.000020
22885 0.000020
22886 0.000020
22887 0.000020
22888 0.000020
22889 0.000020
22890 0.000020
22891 0.000020
22892 0.000020
22893 0.000020
22894 0.000020
22895 0.000020
22896 0.000020
22897 0.000020
22898 0.000020
22899 0.000020
22900 0.000020
22901 0.000020
22902 0.000020
22903 0.000020
22904 0.000020
22905 0.000020
22906 0.000020
22907 0.000020
22908 0.000020
22909 0.000020
22910 0.000020
22911 0.000020
22912 0.000020
22913 0.000020
22914 0.000020
22915 0.000020
22916 0.000020
22917 0.000020
22918 0.000020
22919 0.000020
22920 0.000020
22921 0.000020
22922 0.000020
22923 0.000020
22924 0.000020
22925 0.000020
22926 0.000020
22927 0.000020
22928 0.000020
22929 0.000020
22930 0.000020
22931 0.000020
22932 0.000020
22933 0.000020
22934 0.000020
22935 0.000020
22936 0.000020
22937 0.000020
22938 0.000020
22939 0.000020
22940 0.000020
22941 0.000020
22942 0.000020
22943 0.000020
22944 0.000020
22945 0.000020
22946 0.000020
22947 0.000020
22948 0.000020
22949 0.000020
22950 0.000020
22951 0.000020
22952 0.000020
22953 0.000020
22954 0.000020
22955 0.000020
22956 0.000020
22957 0.000020
22958 0.000020
22959 0.000020
22960 0.000020
22961 0.000020
22962 0.000020
22963 0.000020
22964 0.000020
22965 0.000020
22966 0.000020
22967 0.000020
22968 0.000020
22969 0.000020
22970 0.000020
22971 0.000020
22972 0.000020
22973 0.000020
22974 0.000020
22975 0.000020
22976 0.000020
22977 0.000020
22978 0.000020
22979 0.000020
22980 0.000020
22981 0.000020
22982 0.000020
22983 0.000020
22984 0.000020
22985 0.000020
22986 0.000020
22987 0.000020
22988 0.000020
22989 0.000020
22990 0.000020
22991 0.000020
22992 0.000020
22993 0.000020
22994 0.000020
22995 0.000020
22996 0.000020
22997 0.000020
22998 0.000020
22999 0.000020
23000 0.000020
23001 0.000020
23002 0.000020
23003 0.000020
23004 0.000020
23005 0.000020
23006 0.000020
23007 0.000020
23008 0.000020
23009 0.000020
23010 0.000020
23011 0.000020
23012 0.000020
23013 0.000020
23014 0.000020
23015 0.000020
23016 0.000020
23017 0.000020
23018 0.000020
23019 0.000020
23020 0.000020
23021 0.000020
23022 0.000020
23023 0.000020
23024 0.000020
23025 0.000020
23026 0.000020
23027 0.000020
23028 0.000020
23029 0.000020
23030 0.000020
23031 0.000020
23032 0.000020
23033 0.000020
23034 0.000020
23035 0.000020
23036 0.000020
23037 0.000020
23038 0.000020
23039 0.000020
23040 0.000020
23041 0.000020
23042 0.000020
23043 0.000020
23044 0.000020
23045 0.000020
23046 0.000020
23047 0.000020
23048 0.000020
23049 0.000020
23050 0.000020
23051 0.000020
23052 0.000020
23053 0.000020
23054 0.000020
23055 0.000020
23056 0.000020
23057 0.000020
23058 0.000020
23059 0.000020
23060 0.000020
23061 0.000020
23062 0.000020
23063 0.000020
23064 0.000020
23065 0.000020
23066 0.000020
23067 0.000020
23068 0.000020
23069 0.000020
23070 0.000020
23071 0.000020
23072 0.000020
23073 0.000020
23074 0.000020
23075 0.000020
23076 0.000020
23077 0.000020
23078 0.000020
23079 0.000020
23080 0.000020
23081 0.000020
23082 0.000020
23083 0.000020
23084 0.000020
23085 0.000020
23086 0.000020
23087 0.000020
23088 0.000020
23089 0.000020
23090 0.000020
23091 0.000020
23092 0.000020
23093 0.000020
23094 0.000020
23095 0.000020
23096 0.000020
23097 0.000020
23098 0.000020
23099 0.000020
23100 0.000020
23101 0.000020
23102 0.000020
23103 0.000020
23104 0.000020
23105 0.000020
23106 0.000020
23107 0.000020
23108 0.000020
23109 0.000020
23110 0.000020
23111 0.000020
23112 0.000020
23113 0.000020
23114 0.000020
23115 0.000020
23116 0.000020
23117 0.000020
23118 0.000020
23119 0.000020
23120 0.000020
23121 0.000020
23122 0.000020
23123 0.000020
23124 0.000020
23125 0.000020
23126 0.000020
23127 0.000020
23128 0.000020
23129 0.000020
23130 0.000020
23131 0.000020
23132 0.000020
23133 0.000020
23134 0.000020
23135 0.000020
23136 0.000020
23137 0.000020
23138 0.000020
23139 0.000020
23140 0.000020
23141 0.000020
23142 0.000020
23143 0.000020
23144 0.000020
23145 0.000020
23146 0.000020
23147 0.000020
23148 0.000020
23149 0.000020
23150 0.000020
23151 0.000020
23152 0.000020
23153 0.000020
23154 0.000020
23155 0.000020
23156 0.000020
23157 0.000020
23158 0.000020
23159 0.000020
23160 0.000020
23161 0.000020
23162 0.000020
23163 0.000020
23164 0.000020
23165 0.000020
23166 0.000020
23167 0.000020
23168 0.000020
23169 0.000020
23170 0.000020
23171 0.000020
23172 0.000020
23173 0.000020
23174 0.000020
23175 0.000020
23176 0.000020
23177 0.000020
23178 0.000020
23179 0.000020
23180 0.000020
23181 0.000020
23182 0.000020
23183 0.000020
23184 0.000020
23185 0.000020
23186 0.000020
23187 0.000020
23188 0.000020
23189 0.000020
23190 0.000020
23191 0.000020
23192 0.000020
23193 0.000020
23194 0.000020
23195 0.000020
23196 0.000020
23197 0.000020
23198 0.000020
23199 0.000020
23200 0.000020
23201 0.000020
23202 0.000020
23203 0.000020
23204 0.000020
23205 0.000020
23206 0.000020
23207 0.000020
23208 0.000020
23209 0.000020
23210 0.000020
23211 0.000020
23212 0.000020
23213 0.000020
23214 0.000020
23215 0.000020
23216 0.000020
23217 0.000020
23218 0.000020
23219 0.000020
23220 0.000020
23221 0.000020
23222 0.000020
23223 0.000020
23224 0.000020
23225 0.000020
23226 0.000020
23227 0.000020
23228 0.000020
23229 0.000020
23230 0.000020
23231 0.000020
23232 0.000020
23233 0.000020
23234 0.000020
23235 0.000020
23236 0.000020
23237 0.000020
23238 0.000020
23239 0.000020
23240 0.000020
23241 0.000020
23242 0.000020
23243 0.000020
23244 0.000020
23245 0.000020
23246 0.000020
23247 0.000020
23248 0.000020
23249 0.000020
23250 0.000020
23251 0.000020
23252 0.000020
23253 0.000020
23254 0.000020
23255 0.000020
23256 0.000020
23257 0.000020
23258 0.000020
23259 0.000020
23260 0.000020
23261 0.000020
23262 0.000020
23263 0.000020
23264 0.000020
23265 0.000020
23266 0.000020
23267 0.000020
23268 0.000020
23269 0.000020
23270 0.000020
23271 0.000020
23272 0.000020
23273 0.000020
23274 0.000020
23275 0.000020
23276 0.000020
23277 0.000020
23278 0.000020
23279 0.000020
23280 0.000020
23281 0.000020
23282 0.000020
23283 0.000020
23284 0.000020
23285 0.000020
23286 0.000020
23287 0.000020
23288 0.000020
23289 0.000020
23290 0.000020
23291 0.000020
23292 0.000020
23293 0.000020
23294 0.000020
23295 0.000020
23296 0.000020
23297 0.000020
23298 0.000020
23299 0.000020
23300 0.000020
23301 0.000020
23302 0.000020
23303 0.000020
23304 0.000020
23305 0.000020
23306 0.000020
23307 0.000020
23308 0.000020
23309 0.000020
23310 0.000020
23311 0.000020
23312 0.000020
23313 0.000020
23314 0.000020
23315 0.000020
23316 0.000020
23317 0.000020
23318 0.000020
23319 0.000020
23320 0.000020
23321 0.000020
23322 0.000020
23323 0.000020
23324 0.000020
23325 0.000020
23326 0.000020
23327 0.000020
23328 0.000020
23329 0.000020
23330 0.000020
23331 0.000020
23332 0.000020
23333 0.000020
23334 0.000020
23335 0.000020
23336 0.000020
23337 0.000020
23338 0.000020
23339 0.000020
23340 0.000020
23341 0.000020
23342 0.000020
23343 0.000020
23344 0.000020
23345 0.000020
23346 0.000020
23347 0.000020
23348 0.000020
23349 0.000020
23350 0.000020
23351 0.000020
23352 0.000020
23353 0.000020
23354 0.000020
23355 0.000020
23356 0.000020
23357 0.000020
23358 0.000020
23359 0.000020
23360 0.000020
23361 0.000020
23362 0.000020
23363 0.000020
23364 0.000020
23365 0.000020
23366 0.000020
23367 0.000020
23368 0.000020
23369 0.000020
23370 0.000020
23371 0.000020
23372 0.000020
23373 0.000020
23374 0.000020
23375 0.000020
23376 0.000020
23377 0.000020
23378 0.000020
23379 0.000020
23380 0.000020
23381 0.000020
23382 0.000020
23383 0.000020
23384 0.000020
23385 0.000020
23386 0.000020
23387 0.000020
23388 0.000020
23389 0.000020
23390 0.000020
23391 0.000020
23392 0.000020
23393 0.000020
23394 0.000020
23395 0.000020
23396 0.000020
23397 0.000020
23398 0.000020
23399 0.000020
23400 0.000020
23401 0.000020
23402 0.000020
23403 0.000020
23404 0.000020
23405 0.000020
23406 0.000020
23407 0.000020
23408 0.000020
23409 0.000020
23410 0.000020
23411 0.000020
23412 0.000020
23413 0.000020
23414 0.000020
23415 0.000020
23416 0.000020
23417 0.000020
23418 0.000020
23419 0.000020
23420 0.000020
23421 0.000020
23422 0.000020
23423 0.000020
23424 0.000020
23425 0.000020
23426 0.000020
23427 0.000020
23428 0.000020
23429 0.000020
23430 0.000020
23431 0.000020
23432 0.000020
23433 0.000020
23434 0.000020
23435 0.000020
23436 0.000020
23437 0.000020
23438 0.000020
23439 0.000020
23440 0.000020
23441 0.000020
23442 0.000020
23443 0.000020
23444 0.000020
23445 0.000020
23446 0.000020
23447 0.000020
23448 0.000020
23449 0.000020
23450 0.000020
23451 0.000020
23452 0.000020
23453 0.000020
23454 0.000020
23455 0.000020
23456 0.000020
23457 0.000020
23458 0.000020
23459 0.000020
23460 0.000020
23461 0.000020
23462 0.000020
23463 0.000020
23464 0.000020
23465 0.000020
23466 0.000020
23467 0.000020
23468 0.000020
23469 0.000020
23470 0.000020
23471 0.000020
23472 0.000020
23473 0.000020
23474 0.000020
23475 0.000020
23476 0.000020
23477 0.000020
23478 0.000020
23479 0.000020
23480 0.000020
23481 0.000020
23482 0.000020
23483 0.000020
23484 0.000020
23485 0.000020
23486 0.000020
23487 0.000020
23488 0.000020
23489 0.000020
23490 0.000020
23491 0.000020
23492 0.000020
23493 0.000020
23494 0.000020
23495 0.000020
23496 0.000020
23497 0.000020
23498 0.000020
23499 0.000020
23500 0.000020
23501 0.000020
23502 0.000020
23503 0.000020
23504 0.000020
23505 0.000020
23506 0.000020
23507 0.000020
23508 0.000020
23509 0.000020
23510 0.000020
23511 0.000020
23512 0.000020
23513 0.000020
23514 0.000020
23515 0.000020
23516 0.000020
23517 0.000020
23518 0.000020
23519 0.000020
23520 0.000020
23521 0.000020
23522 0.000020
23523 0.000020
23524 0.000020
23525 0.000020
23526 0.000020
23527 0.000020
23528 0.000020
23529 0.000020
23530 0.000020
23531 0.000020
23532 0.000020
23533 0.000020
23534 0.000020
23535 0.000020
23536 0.000020
23537 0.000020
23538 0.000020
23539 0.000020
23540 0.000020
23541 0.000020
23542 0.000020
23543 0.000020
23544 0.000020
23545 0.000020
23546 0.000020
23547 0.000020
23548 0.000020
23549 0.000020
23550 0.000020
23551 0.000020
23552 0.000020
23553 0.000020
23554 0.000020
23555 0.000020
23556 0.000020
23557 0.000020
23558 0.000020
23559 0.000020
23560 0.000020
23561 0.000020
23562 0.000020
23563 0.000020
23564 0.000020
23565 0.000020
23566 0.000020
23567 0.000020
23568 0.000020
23569 0.000020
23570 0.000020
23571 0.000020
23572 0.000020
23573 0.000020
23574 0.000020
23575 0.000020
23576 0.000020
23577 0.000020
23578 0.000020
23579 0.000020
23580 0.000020
23581 0.000020
23582 0.000020
23583 0.000020
23584 0.000020
23585 0.000020
23586 0.000020
23587 0.000020
23588 0.000020
23589 0.000020
23590 0.000020
23591 0.000020
23592 0.000020
23593 0.000020
23594 0.000020
23595 0.000020
23596 0.000020
23597 0.000020
23598 0.000020
23599 0.000020
23600 0.000020
23601 0.000020
23602 0.000020
23603 0.000020
23604 0.000020
23605 0.000020
23606 0.000020
23607 0.000020
23608 0.000020
23609 0.000020
23610 0.000020
23611 0.000020
23612 0.000020
23613 0.000020
23614 0.000020
23615 0.000020
23616 0.000020
23617 0.000020
23618 0.000020
23619 0.000020
23620 0.000020
23621 0.000020
23622 0.000020
23623 0.000020
23624 0.000020
23625 0.000020
23626 0.000020
23627 0.000020
23628 0.000020
23629 0.000020
23630 0.000020
23631 0.000020
23632 0.000020
23633 0.000020
23634 0.000020
23635 0.000020
23636 0.000020
23637 0.000020
23638 0.000020
23639 0.000020
23640 0.000020
23641 0.000020
23642 0.000020
23643 0.000020
23644 0.000020
23645 0.000020
23646 0.000020
23647 0.000020
23648 0.000020
23649 0.000020
23650 0.000020
23651 0.000020
23652 0.000020
23653 0.000020
23654 0.000020
23655 0.000020
23656 0.000020
23657 0.000020
23658 0.000020
23659 0.000020
23660 0.000020
23661 0.000020
23662 0.000020
23663 0.000020
23664 0.000020
23665 0.000020
23666 0.000020
23667 0.000020
23668 0.000020
23669 0.000020
23670 0.000020
23671 0.000020
23672 0.000020
23673 0.000020
23674 0.000020
23675 0.000020
23676 0.000020
23677 0.000020
23678 0.000020
23679 0.000020
23680 0.000020
23681 0.000020
23682 0.000020
23683 0.000020
23684 0.000020
23685 0.000020
23686 0.000020
23687 0.000020
23688 0.000020
23689 0.000020
23690 0.000020
23691 0.000020
23692 0.000020
23693 0.000020
23694 0.000020
23695 0.000020
23696 0.000020
23697 0.000020
23698 0.000020
23699 0.000020
23700 0.000020
23701 0.000020
23702 0.000020
23703 0.000020
23704 0.000020
23705 0.000020
23706 0.000020
23707 0.000020
23708 0.000020
23709 0.000020
23710 0.000020
23711 0.000020
23712 0.000020
23713 0.000020
23714 0.000020
23715 0.000020
23716 0.000020
23717 0.000020
23718 0.000020
23719 0.000020
23720 0.000020
23721 0.000020
23722 0.000020
23723 0.000020
23724 0.000020
23725 0.000020
23726 0.000020
23727 0.000020
23728 0.000020
23729 0.000020
23730 0.000020
23731 0.000020
23732 0.000020
23733 0.000020
23734 0.000020
23735 0.000020
23736 0.000020
23737 0.000020
23738 0.000020
23739 0.000020
23740 0.000020
23741 0.000020
23742 0.000020
23743 0.000020
23744 0.000020
23745 0.000020
23746 0.000020
23747 0.000020
23748 0.000020
23749 0.000020
23750 0.000020
23751 0.000020
23752 0.000020
23753 0.000020
23754 0.000020
23755 0.000020
23756 0.000020
23757 0.000020
23758 0.000020
23759 0.000020
23760 0.000020
23761 0.000020
23762 0.000020
23763 0.000020
23764 0.000020
23765 0.000020
23766 0.000020
23767 0.000020
23768 0.000020
23769 0.000020
23770 0.000020
23771 0.000020
23772 0.000020
23773 0.000020
23774 0.000020
23775 0.000020
23776 0.000020
23777 0.000020
23778 0.000020
23779 0.000020
23780 0.000020
23781 0.000020
23782 0.000020
23783 0.000020
23784 0.000020
23785 0.000020
23786 0.000020
23787 0.000020
23788 0.000020
23789 0.000020
23790 0.000020
23791 0.000020
23792 0.000020
23793 0.000020
23794 0.000020
23795 0.000020
23796 0.000020
23797 0.000020
23798 0.000020
23799 0.000020
23800 0.000020
23801 0.000020
23802 0.000020
23803 0.000020
23804 0.000020
23805 0.000020
23806 0.000020
23807 0.000020
23808 0.000020
23809 0.000020
23810 0.000020
23811 0.000020
23812 0.000020
23813 0.000020
23814 0.000020
23815 0.000020
23816 0.000020
23817 0.000020
23818 0.000020
23819 0.000020
23820 0.000020
23821 0.000020
23822 0.000020
23823 0.000020
23824 0.000020
23825 0.000020
23826 0.000020
23827 0.000020
23828 0.000020
23829 0.000020
23830 0.000020
23831 0.000020
23832 0.000020
23833 0.000020
23834 0.000020
23835 0.000020
23836 0.000020
23837 0.000020
23838 0.000020
23839 0.000020
23840 0.000020
23841 0.000020
23842 0.000020
23843 0.000020
23844 0.000020
23845 0.000020
23846 0.000020
23847 0.000020
23848 0.000020
23849 0.000020
23850 0.000020
23851 0.000020
23852 0.000020
23853 0.000020
23854 0.000020
23855 0.000020
23856 0.000020
23857 0.000020
23858 0.000020
23859 0.000020
23860 0.000020
23861 0.000020
23862 0.000020
23863 0.000020
23864 0.000020
23865 0.000020
23866 0.000020
23867 0.000020
23868 0.000020
23869 0.000020
23870 0.000020
23871 0.000020
23872 0.000020
23873 0.000020
23874 0.000020
23875 0.000020
23876 0.000020
23877 0.000020
23878 0.000020
23879 0.000020
23880 0.000020
23881 0.000020
23882 0.000020
23883 0.000020
23884 0.000020
23885 0.000020
23886 0.000020
23887 0.000020
23888 0.000020
23889 0.000020
23890 0.000020
23891 0.000020
23892 0.000020
23893 0.000020
23894 0.000020
23895 0.000020
23896 0.000020
23897 0.000020
23898 0.000020
23899 0.000020
23900 0.000020
23901 0.000020
23902 0.000020
23903 0.000020
23904 0.000020
23905 0.000020
23906 0.000020
23907 0.000020
23908 0.000020
23909 0.000020
23910 0.000020
23911 0.000020
23912 0.000020
23913 0.000020
23914 0.000020
23915 0.000020
23916 0.000020
23917 0.000020
23918 0.000020
23919 0.000020
23920 0.000020
23921 0.000020
23922 0.000020
23923 0.000020
23924 0.000020
23925 0.000020
23926 0.000020
23927 0.000020
23928 0.000020
23929 0.000020
23930 0.000020
23931 0.000020
23932 0.000020
23933 0.000020
23934 0.000020
23935 0.000020
23936 0.000020
23937 0.000020
23938 0.000020
23939 0.000020
23940 0.000020
23941 0.000020
23942 0.000020
23943 0.000020
23944 0.000020
23945 0.000020
23946 0.000020
23947 0.000020
23948 0.000020
23949 0.000020
23950 0.000020
23951 0.000020
23952 0.000020
23953 0.000020
23954 0.000020
23955 0.000020
23956 0.000020
23957 0.000020
23958 0.000020
23959 0.000020
23960 0.000020
23961 0.000020
23962 0.000020
23963 0.000020
23964 0.000020
23965 0.000020
23966 0.000020
23967 0.000020
23968 0.000020
23969 0.000020
23970 0.000020
23971 0.000020
23972 0.000020
23973 0.000020
23974 0.000020
23975 0.000020
23976 0.000020
23977 0.000020
23978 0.000020
23979 0.000020
23980 0.000020
23981 0.000020
23982 0.000020
23983 0.000020
23984 0.000020
23985 0.000020
23986 0.000020
23987 0.000020
23988 0.000020
23989 0.000020
23990 0.000020
23991 0.000020
23992 0.000020
23993 0.000020
23994 0.000020
23995 0.000020
23996 0.000020
23997 0.000020
23998 0.000020
23999 0.000020
24000 0.000020
24001 0.000020
24002 0.000020
24003 0.000020
24004 0.000020
24005 0.000020
24006 0.000020
24007 0.000020
24008 0.000020
24009 0.000020
24010 0.000020
24011 0.000020
24012 0.000020
24013 0.000020
24014 0.000020
24015 0.000020
24016 0.000020
24017 0.000020
24018 0.000020
24019 0.000020
24020 0.000020
24021 0.000020
24022 0.000020
24023 0.000020
24024 0.000020
24025 0.000020
24026 0.000020
24027 0.000020
24028 0.000020
24029 0.000020
24030 0.000020
24031 0.000020
24032 0.000020
24033 0.000020
24034 0.000020
24035 0.000020
24036 0.000020
24037 0.000020
24038 0.000020
24039 0.000020
24040 0.000020
24041 0.000020
24042 0.000020
24043 0.000020
24044 0.000020
24045 0.000020
24046 0.000020
24047 0.000020
24048 0.000020
24049 0.000020
24050 0.000020
24051 0.000020
24052 0.000020
24053 0.000020
24054 0.000020
24055 0.000020
24056 0.000020
24057 0.000020
24058 0.000020
24059 0.000020
24060 0.000020
24061 0.000020
24062 0.000020
24063 0.000020
24064 0.000020
24065 0.000020
24066 0.000020
24067 0.000020
24068 0.000020
24069 0.000020
24070 0.000020
24071 0.000020
24072 0.000020
24073 0.000020
24074 0.000020
24075 0.000020
24076 0.000020
24077 0.000020
24078 0.000020
24079 0.000020
24080 0.000020
24081 0.000020
24082 0.000020
24083 0.000020
24084 0.000020
24085 0.000020
24086 0.000020
24087 0.000020
24088 0.000020
24089 0.000020
24090 0.000020
24091 0.000020
24092 0.000020
24093 0.000020
24094 0.000020
24095 0.000020
24096 0.000020
24097 0.000020
24098 0.000020
24099 0.000020
24100 0.000020
24101 0.000020
24102 0.000020
24103 0.000020
24104 0.000020
24105 0.000020
24106 0.000020
24107 0.000020
24108 0.000020
24109 0.000020
24110 0.000020
24111 0.000020
24112 0.000020
24113 0.000020
24114 0.000020
24115 0.000020
24116 0.000020
24117 0.000020
24118 0.000020
24119 0.000020
24120 0.000020
24121 0.000020
24122 0.000020
24123 0.000020
24124 0.000020
24125 0.000020
24126 0.000020
24127 0.000020
24128 0.000020
24129 0.000020
24130 0.000020
24131 0.000020
24132 0.000020
24133 0.000020
24134 0.000020
24135 0.000020
24136 0.000020
24137 0.000020
24138 0.000020
24139 0.000020
24140 0.000020
24141 0.000020
24142 0.000020
24143 0.000020
24144 0.000020
24145 0.000020
24146 0.000020
24147 0.000020
24148 0.000020
24149 0.000020
24150 0.000020
24151 0.000020
24152 0.000020
24153 0.000020
24154 0.000020
24155 0.000020
24156 0.000020
24157 0.000020
24158 0.000020
24159 0.000020
24160 0.000020
24161 0.000020
24162 0.000020
24163 0.000020
24164 0.000020
24165 0.000020
24166 0.000020
24167 0.000020
24168 0.000020
24169 0.000020
24170 0.000020
24171 0.000020
24172 0.000020
24173 0.000020
24174 0.000020
24175 0.000020
24176 0.000020
24177 0.000020
24178 0.000020
24179 0.000020
24180 0.000020
24181 0.000020
24182 0.000020
24183 0.000020
24184 0.000020
24185 0.000020
24186 0.000020
24187 0.000020
24188 0.000020
24189 0.000020
24190 0.000020
24191 0.000020
24192 0.000020
24193 0.000020
24194 0.000020
24195 0.000020
24196 0.000020
24197 0.000020
24198 0.000020
24199 0.000020
24200 0.000020
24201 0.000020
24202 0.000020
24203 0.000020
24204 0.000020
24205 0.000020
24206 0.000020
24207 0.000020
24208 0.000020
24209 0.000020
24210 0.000020
24211 0.000020
24212 0.000020
24213 0.000020
24214 0.000020
24215 0.000020
24216 0.000020
24217 0.000020
24218 0.000020
24219 0.000020
24220 0.000020
24221 0.000020
24222 0.000020
24223 0.000020
24224 0.000020
24225 0.000020
24226 0.000020
24227 0.000020
24228 0.000020
24229 0.000020
24230 0.000020
24231 0.000020
24232 0.000020
24233 0.000020
24234 0.000020
24235 0.000020
24236 0.000020
24237 0.000020
24238 0.000020
24239 0.000020
24240 0.000020
24241 0.000020
24242 0.000020
24243 0.000020
24244 0.000020
24245 0.000020
24246 0.000020
24247 0.000020
24248 0.000020
24249 0.000020
24250 0.000020
24251 0.000020
24252 0.000020
24253 0.000020
24254 0.000020
24255 0.000020
24256 0.000020
24257 0.000020
24258 0.000020
24259 0.000020
24260 0.000020
24261 0.000020
24262 0.000020
24263 0.000020
24264 0.000020
24265 0.000020
24266 0.000020
24267 0.000020
24268 0.000020
24269 0.000020
24270 0.000020
24271 0.000020
24272 0.000020
24273 0.000020
24274 0.000020
24275 0.000020
24276 0.000020
24277 0.000020
24278 0.000020
24279 0.000020
24280 0.000020
24281 0.000020
24282 0.000020
24283 0.000020
24284 0.000020
24285 0.000020
24286 0.000020
24287 0.000020
24288 0.000020
24289 0.000020
24290 0.000020
24291 0.000020
24292 0.000020
24293 0.000020
24294 0.000020
24295 0.000020
24296 0.000020
24297 0.000020
24298 0.000020
24299 0.000020
24300 0.000020
24301 0.000020
24302 0.000020
24303 0.000020
24304 0.000020
24305 0.000020
24306 0.000020
24307 0.000020
24308 0.000020
24309 0.000020
24310 0.000020
24311 0.000020
24312 0.000020
24313 0.000020
24314 0.000020
24315 0.000020
24316 0.000020
24317 0.000020
24318 0.000020
24319 0.000020
24320 0.000020
24321 0.000020
24322 0.000020
24323 0.000020
24324 0.000020
24325 0.000020
24326 0.000020
24327 0.000020
24328 0.000020
24329 0.000020
24330 0.000020
24331 0.000020
24332 0.000020
24333 0.000020
24334 0.000020
24335 0.000020
24336 0.000020
24337 0.000020
24338 0.000020
24339 0.000020
24340 0.000020
24341 0.000020
24342 0.000020
24343 0.000020
24344 0.000020
24345 0.000020
24346 0.000020
24347 0.000020
24348 0.000020
24349 0.000020
24350 0.000020
24351 0.000020
24352 0.000020
24353 0.000020
24354 0.000020
24355 0.000020
24356 0.000020
24357 0.000020
24358 0.000020
24359 0.000020
24360 0.000020
24361 0.000020
24362 0.000020
24363 0.000020
24364 0.000020
24365 0.000020
24366 0.000020
24367 0.000020
24368 0.000020
24369 0.000020
24370 0.000020
24371 0.000020
24372 0.000020
24373 0.000020
24374 0.000020
24375 0.000020
24376 0.000020
24377 0.000020
24378 0.000020
24379 0.000020
24380 0.000020
24381 0.000020
24382 0.000020
24383 0.000020
24384 0.000020
24385 0.000020
24386 0.000020
24387 0.000020
24388 0.000020
24389 0.000020
24390 0.000020
24391 0.000020
24392 0.000020
24393 0.000020
24394 0.000020
24395 0.000020
24396 0.000020
24397 0.000020
24398 0.000020
24399 0.000020
24400 0.000020
24401 0.000020
24402 0.000020
24403 0.000020
24404 0.000020
24405 0.000020
24406 0.000020
24407 0.000020
24408 0.000020
24409 0.000020
24410 0.000020
24411 0.000020
24412 0.000020
24413 0.000020
24414 0.000020
24415 0.000020
24416 0.000020
24417 0.000020
24418 0.000020
24419 0.000020
24420 0.000020
24421 0.000020
24422 0.000020
24423 0.000020
24424 0.000020
24425 0.000020
24426 0.000020
24427 0.000020
24428 0.000020
24429 0.000020
24430 0.000020
24431 0.000020
24432 0.000020
24433 0.000020
24434 0.000020
24435 0.000020
24436 0.000020
24437 0.000020
24438 0.000020
24439 0.000020
24440 0.000020
24441 0.000020
24442 0.000020
24443 0.000020
24444 0.000020
24445 0.000020
24446 0.000020
24447 0.000020
24448 0.000020
24449 0.000020
24450 0.000020
24451 0.000020
24452 0.000020
24453 0.000020
24454 0.000020
24455 0.000020
24456 0.000020
24457 0.000020
24458 0.000020
24459 0.000020
24460 0.000020
24461 0.000020
24462 0.000020
24463 0.000020
24464 0.000020
24465 0.000020
24466 0.000020
24467 0.000020
24468 0.000020
24469 0.000020
24470 0.000020
24471 0.000020
24472 0.000020
24473 0.000020
24474 0.000020
24475 0.000020
24476 0.000020
24477 0.000020
24478 0.000020
24479 0.000020
24480 0.000020
24481 0.000020
24482 0.000020
24483 0.000020
24484 0.000020
24485 0.000020
24486 0.000020
24487 0.000020
24488 0.000020
24489 0.000020
24490 0.000020
24491 0.000020
24492 0.000020
24493 0.000020
24494 0.000020
24495 0.000020
24496 0.000020
24497 0.000020
24498 0.000020
24499 0.000020
24500 0.000020
24501 0.000020
24502 0.000020
24503 0.000020
24504 0.000020
24505 0.000020
24506 0.000020
24507 0.000020
24508 0.000020
24509 0.000020
24510 0.000020
24511 0.000020
24512 0.000020
24513 0.000020
24514 0.000020
24515 0.000020
24516 0.000020
24517 0.000020
24518 0.000020
24519 0.000020
24520 0.000020
24521 0.000020
24522 0.000020
24523 0.000020
24524 0.000020
24525 0.000020
24526 0.000020
24527 0.000020
24528 0.000020
24529 0.000020
24530 0.000020
24531 0.000020
24532 0.000020
24533 0.000020
24534 0.000020
24535 0.000020
24536 0.000020
24537 0.000020
24538 0.000020
24539 0.000020
24540 0.000020
24541 0.000020
24542 0.000020
24543 0.000020
24544 0.000020
24545 0.000020
24546 0.000020
24547 0.000020
24548 0.000020
24549 0.000020
24550 0.000020
24551 0.000020
24552 0.000020
24553 0.000020
24554 0.000020
24555 0.000020
24556 0.000020
24557 0.000020
24558 0.000020
24559 0.000020
24560 0.000020
24561 0.000020
24562 0.000020
24563 0.000020
24564 0.000020
24565 0.000020
24566 0.000020
24567 0.000020
24568 0.000020
24569 0.000020
24570 0.000020
24571 0.000020
24572 0.000020
24573 0.000020
24574 0.000020
24575 0.000020
24576 0.000020
24577 0.000020
24578 0.000020
24579 0.000020
24580 0.000020
24581 0.000020
24582 0.000020
24583 0.000020
24584 0.000020
24585 0.000020
24586 0.000020
24587 0.000020
24588 0.000020
24589 0.000020
24590 0.000020
24591 0.000020
24592 0.000020
24593 0.000020
24594 0.000020
24595 0.000020
24596 0.000020
24597 0.000020
24598 0.000020
24599 0.000020
24600 0.000020
24601 0.000020
24602 0.000020
24603 0.000020
24604 0.000020
24605 0.000020
24606 0.000020
24607 0.000020
24608 0.000020
24609 0.000020
24610 0.000020
24611 0.000020
24612 0.000020
24613 0.000020
24614 0.000020
24615 0.000020
24616 0.000020
24617 0.000020
24618 0.000020
24619 0.000020
24620 0.000020
24621 0.000020
24622 0.000020
24623 0.000020
24624 0.000020
24625 0.000020
24626 0.000020
24627 0.000020
24628 0.000020
24629 0.000020
24630 0.000020
24631 0.000020
24632 0.000020
24633 0.000020
24634 0.000020
24635 0.000020
24636 0.000020
24637 0.000020
24638 0.000020
24639 0.000020
24640 0.000020
24641 0.000020
24642 0.000020
24643 0.000020
24644 0.000020
24645 0.000020
24646 0.000020
24647 0.000020
24648 0.000020
24649 0.000020
24650 0.000020
24651 0.000020
24652 0.000020
24653 0.000020
24654 0.000020
24655 0.000020
24656 0.000020
24657 0.000020
24658 0.000020
24659 0.000020
24660 0.000020
24661 0.000020
24662 0.000020
24663 0.000020
24664 0.000020
24665 0.000020
24666 0.000020
24667 0.000020
24668 0.000020
24669 0.000020
24670 0.000020
24671 0.000020
24672 0.000020
24673 0.000020
24674 0.000020
24675 0.000020
24676 0.000020
24677 0.000020
24678 0.000020
24679 0.000020
24680 0.000020
24681 0.000020
24682 0.000020
24683 0.000020
24684 0.000020
24685 0.000020
24686 0.000020
24687 0.000020
24688 0.000020
24689 0.000020
24690 0.000020
24691 0.000020
24692 0.000020
24693 0.000020
24694 0.000020
24695 0.000020
24696 0.000020
24697 0.000020
24698 0.000020
24699 0.000020
24700 0.000020
24701 0.000020
24702 0.000020
24703 0.000020
24704 0.000020
24705 0.000020
24706 0.000020
24707 0.000020
24708 0.000020
24709 0.000020
24710 0.000020
24711 0.000020
24712 0.000020
24713 0.000020
24714 0.000020
24715 0.000020
24716 0.000020
24717 0.000020
24718 0.000020
24719 0.000020
24720 0.000020
24721 0.000020
24722 0.000020
24723 0.000020
24724 0.000020
24725 0.000020
24726 0.000020
24727 0.000020
24728 0.000020
24729 0.000020
24730 0.000020
24731 0.000020
24732 0.000020
24733 0.000020
24734 0.000020
24735 0.000020
24736 0.000020
24737 0.000020
24738 0.000020
24739 0.000020
24740 0.000020
24741 0.000020
24742 0.000020
24743 0.000020
24744 0.000020
24745 0.000020
24746 0.000020
24747 0.000020
24748 0.000020
24749 0.000020
24750 0.000020
24751 0.000020
24752 0.000020
24753 0.000020
24754 0.000020
24755 0.000020
24756 0.000020
24757 0.000020
24758 0.000020
24759 0.000020
24760 0.000020
24761 0.000020
24762 0.000020
24763 0.000020
24764 0.000020
24765 0.000020
24766 0.000020
24767 0.000020
24768 0.000020
24769 0.000020
24770 0.000020
24771 0.000020
24772 0.000020
24773 0.000020
24774 0.000020
24775 0.000020
24776 0.000020
24777 0.000020
24778 0.000020
24779 0.000020
24780 0.000020
24781 0.000020
24782 0.000020
24783 0.000020
24784 0.000020
24785 0.000020
24786 0.000020
24787 0.000020
24788 0.000020
24789 0.000020
24790 0.000020
24791 0.000020
24792 0.000020
24793 0.000020
24794 0.000020
24795 0.000020
24796 0.000020
24797 0.000020
24798 0.000020
24799 0.000020
24800 0.000020
24801 0.000020
24802 0.000020
24803 0.000020
24804 0.000020
24805 0.000020
24806 0.000020
24807 0.000020
24808 0.000020
24809 0.000020
24810 0.000020
24811 0.000020
24812 0.000020
24813 0.000020
24814 0.000020
24815 0.000020
24816 0.000020
24817 0.000020
24818 0.000020
24819 0.000020
24820 0.000020
24821 0.000020
24822 0.000020
24823 0.000020
24824 0.000020
24825 0.000020
24826 0.000020
24827 0.000020
24828 0.000020
24829 0.000020
24830 0.000020
24831 0.000020
24832 0.000020
24833 0.000020
24834 0.000020
24835 0.000020
24836 0.000020
24837 0.000020
24838 0.000020
24839 0.000020
24840 0.000020
24841 0.000020
24842 0.000020
24843 0.000020
24844 0.000020
24845 0.000020
24846 0.000020
24847 0.000020
24848 0.000020
24849 0.000020
24850 0.000020
24851 0.000020
24852 0.000020
24853 0.000020
24854 0.000020
24855 0.000020
24856 0.000020
24857 0.000020
24858 0.000020
24859 0.000020
24860 0.000020
24861 0.000020
24862 0.000020
24863 0.000020
24864 0.000020
24865 0.000020
24866 0.000020
24867 0.000020
24868 0.000020
24869 0.000020
24870 0.000020
24871 0.000020
24872 0.000020
24873 0.000020
24874 0.000020
24875 0.000020
24876 0.000020
24877 0.000020
24878 0.000020
24879 0.000020
24880 0.000020
24881 0.000020
24882 0.000020
24883 0.000020
24884 0.000020
24885 0.000020
24886 0.000020
24887 0.000020
24888 0.000020
24889 0.000020
24890 0.000020
24891 0.000020
24892 0.000020
24893 0.000020
24894 0.000020
24895 0.000020
24896 0.000020
24897 0.000020
24898 0.000020
24899 0.000020
24900 0.000020
24901 0.000020
24902 0.000020
24903 0.000020
24904 0.000020
24905 0.000020
24906 0.000020
24907 0.000020
24908 0.000020
24909 0.000020
24910 0.000020
24911 0.000020
24912 0.000020
24913 0.000020
24914 0.000020
24915 0.000020
24916 0.000020
24917 0.000020
24918 0.000020
24919 0.000020
24920 0.000020
24921 0.000020
24922 0.000020
24923 0.000020
24924 0.000020
24925 0.000020
24926 0.000020
24927 0.000020
24928 0.000020
24929 0.000020
24930 0.000020
24931 0.000020
24932 0.000020
24933 0.000020
24934 0.000020
24935 0.000020
24936 0.000020
24937 0.000020
24938 0.000020
24939 0.000020
24940 0.000020
24941 0.000020
24942 0.000020
24943 0.000020
24944 0.000020
24945 0.000020
24946 0.000020
24947 0.000020
24948 0.000020
24949 0.000020
24950 0.000020
24951 0.000020
24952 0.000020
24953 0.000020
24954 0.000020
24955 0.000020
24956 0.000020
24957 0.000020
24958 0.000020
24959 0.000020
24960 0.000020
24961 0.000020
24962 0.000020
24963 0.000020
24964 0.000020
24965 0.000020
24966 0.000020
24967 0.000020
24968 0.000020
24969 0.000020
24970 0.000020
24971 0.000020
24972 0.000020
24973 0.000020
24974 0.000020
24975 0.000020
24976 0.000020
24977 0.000020
24978 0.000020
24979 0.000020
24980 0.000020
24981 0.000020
24982 0.000020
24983 0.000020
24984 0.000020
24985 0.000020
24986 0.000020
24987 0.000020
24988 0.000020
24989 0.000020
24990 0.000020
24991 0.000020
24992 0.000020
24993 0.000020
24994 0.000020
24995 0.000020
24996 0.000020
24997 0.000020
24998 0.000020
24999 0.000020
25000 0.000020
25001 0.000014
25002 0.000018
25003 0.000020
25004 0.000018
25005 0.000020
25006 0.000020
25007 0.000020
25008 0.000018
25009 0.000019
25010 0.000014
25011 0.000023
25012 0.000021
25013 0.000020
25014 0.000025
25015 0.000021
25016 0.000020
25017 0.000018
25018 0.000020
25019 0.000020
25020 0.000020
25021 0.000022
25022 0.000021
25023 0.000020
25024 0.000020
25025 0.000020
25026 0.000020
25027 0.000020
25028 0.000020
25029 0.000020
25030 0.000020
25031 0.000018
25032 0.000019
25033 0.000020
25034 0.000021
25035 0.000020
25036 0.000020
25037 0.000020
25038 0.000020
25039 0.000020
25040 0.000020
25041 0.000020
25042 0.000020
25043 0.000022
25044 0.000021
25045 0.000020
25046 0.000020
25047 0.000020
25048 0.000020
25049 0.000020
25050 0.000020
25051 0.000020
25052 0.000020
25053 0.000020
25054 0.000020
25055 0.000020
25056 0.000020
25057 0.000020
25058 0.000020
25059 0.000020
25060 0.000020
25061 0.000020
25062 0.000020
25063 0.000020
25064 0.000020
25065 0.000020
25066 0.000020
25067 0.000020
25068 0.000020
25069 0.000020
25070 0.000020
25071 0.000020
25072 0.000020
25073 0.000020
25074 0.000020
25075 0.000020
25076 0.000020
25077 0.000020
25078 0.000020
25079 0.000020
25080 0.000020
25081 0.000020
25082 0.000020
25083 0.000020
25084 0.000020
25085 0.000020
25086 0.000020
25087 0.000020
25088 0.000020
25089 0.000020
25090 0.000020
25091 0.000020
25092 0.000020
25093 0.000020
25094 0.000019
25095 0.000020
25096 0.000020
25097 0.000020
25098 0.000020
25099 0.000020
25100 0.000020
25101 0.000020
25102 0.000020
25103 0.000020
25104 0.000020
25105 0.000020
25106 0.000020
25107 0.000020
25108 0.000020
25109 0.000020
25110 0.000020
25111 0.000020
25112 0.000020
25113 0.000020
25114 0.000020
25115 0.000020
25116 0.000020
25117 0.000020
25118 0.000020
25119 0.000020
25120 0.000020
25121 0.000020
25122 0.000020
25123 0.000020
25124 0.000020
25125 0.000020
25126 0.000020
25127 0.000020
25128 0.000020
25129 0.000020
25130 0.000020
25131 0.000020
25132 0.000020
25133 0.000020
25134 0.000020
25135 0.000020
25136 0.000020
25137 0.000020
25138 0.000020
25139 0.000020
25140 0.000020
25141 0.000020
25142 0.000020
25143 0.000020
25144 0.000020
25145 0.000020
25146 0.000020
25147 0.000020
25148 0.000020
25149 0.000020
25150 0.000020
25151 0.000020
25152 0.000020
25153 0.000020
25154 0.000020
25155 0.000020
25156 0.000020
25157 0.000020
25158 0.000020
25159 0.000020
25160 0.000020
25161 0.000020
25162 0.000020
25163 0.000020
25164 0.000020
25165 0.000020
25166 0.000020
25167 0.000020
25168 0.000020
25169 0.000020
25170 0.000020
25171 0.000020
25172 0.000020
25173 0.000020
25174 0.000020
25175 0.000020
25176 0.000020
25177 0.000020
25178 0.000020
25179 0.000020
25180 0.000020
25181 0.000020
25182 0.000020
25183 0.000020
25184 0.000020
25185 0.000020
25186 0.000020
25187 0.000020
25188 0.000020
25189 0.000020
25190 0.000020
25191 0.000020
25192 0.000020
25193 0.000020
25194 0.000020
25195 0.000020
25196 0.000020
25197 0.000020
25198 0.000020
25199 0.000020
25200 0.000020
25201 0.000020
25202 0.000020
25203 0.000020
25204 0.000020
25205 0.000020
25206 0.000020
25207 0.000020
25208 0.000020
25209 0.000020
25210 0.000020
25211 0.000020
25212 0.000020
25213 0.000020
25214 0.000020
25215 0.000020
25216 0.000020
25217 0.000020
25218 0.000020
25219 0.000020
25220 0.000020
25221 0.000020
25222 0.000020
25223 0.000020
25224 0.000020
25225 0.000020
25226 0.000020
25227 0.000020
25228 0.000020
25229 0.000020
25230 0.000020
25231 0.000020
25232 0.000020
25233 0.000020
25234 0.000020
25235 0.000020
25236 0.000020
25237 0.000020
25238 0.000020
25239 0.000020
25240 0.000020
25241 0.000020
25242 0.000020
25243 0.000020
25244 0.000020
25245 0.000020
25246 0.000020
25247 0.000020
25248 0.000020
25249 0.000020
25250 0.000020
25251 0.000020
25252 0.000020
25253 0.000020
25254 0.000020
25255 0.000020
25256 0.000020
25257 0.000020
25258 0.000020
25259 0.000020
25260 0.000020
25261 0.000020
25262 0.000020
25263 0.000020
25264 0.000020
25265 0.000020
25266 0.000020
25267 0.000020
25268 0.000020
25269 0.000020
25270 0.000020
25271 0.000020
25272 0.000020
25273 0.000020
25274 0.000020
25275 0.000020
25276 0.000020
25277 0.000020
25278 0.000020
25279 0.000020
25280 0.000020
25281 0.000020
25282 0.000020
25283 0.000020
25284 0.000020
25285 0.000020
25286 0.000020
25287 0.000020
25288 0.000020
25289 0.000020
25290 0.000020
25291 0.000020
25292 0.000020
25293 0.000020
25294 0.000020
25295 0.000020
25296 0.000020
25297 0.000020
25298 0.000020
25299 0.000020
25300 0.000020
25301 0.000020
25302 0.000020
25303 0.000020
25304 0.000020
25305 0.000020
25306 0.000020
25307 0.000020
25308 0.000020
25309 0.000020
25310 0.000020
25311 0.000020
25312 0.000020
25313 0.000020
25314 0.000020
25315 0.000020
25316 0.000020
25317 0.000020
25318 0.000020
25319 0.000020
25320 0.000020
25321 0.000020
25322 0.000020
25323 0.000020
25324 0.000020
25325 0.000020
25326 0.000020
25327 0.000020
25328 0.000020
25329 0.000020
25330 0.000020
25331 0.000020
25332 0.000020
25333 0.000020
25334 0.000020
25335 0.000020
25336 0.000020
25337 0.000020
25338 0.000020
25339 0.000020
25340 0.000020
25341 0.000020
25342 0.000020
25343 0.000020
25344 0.000020
25345 0.000020
25346 0.000020
25347 0.000020
25348 0.000020
25349 0.000020
25350 0.000020
25351 0.000020
25352 0.000020
25353 0.000020
25354 0.000020
25355 0.000020
25356 0.000020
25357 0.000020
25358 0.000020
25359 0.000020
25360 0.000020
25361 0.000020
25362 0.000020
25363 0.000020
25364 0.000020
25365 0.000020
25366 0.000020
25367 0.000020
25368 0.000020
25369 0.000020
25370 0.000020
25371 0.000020
25372 0.000020
25373 0.000020
25374 0.000020
25375 0.000020
25376 0.000020
25377 0.000020
25378 0.000020
25379 0.000020
25380 0.000020
25381 0.000020
25382 0.000020
25383 0.000020
25384 0.000020
25385 0.000020
25386 0.000020
25387 0.000020
25388 0.000020
25389 0.000020
25390 0.000020
25391 0.000020
25392 0.000020
25393 0.000020
25394 0.000020
25395 0.000020
25396 0.000020
25397 0.000020
25398 0.000020
25399 0.000020
25400 0.000020
25401 0.000020
25402 0.000020
25403 0.000020
25404 0.000020
25405 0.000020
25406 0.000020
25407 0.000020
25408 0.000020
25409 0.000020
25410 0.000020
25411 0.000020
25412 0.000020
25413 0.000020
25414 0.000020
25415 0.000020
25416 0.000020
25417 0.000020
25418 0.000020
25419 0.000020
25420 0.000020
25421 0.000020
25422 0.000020
25423 0.000020
25424 0.000020
25425 0.000020
25426 0.000020
25427 0.000020
25428 0.000020
25429 0.000020
25430 0.000020
25431 0.000020
25432 0.000020
25433 0.000020
25434 0.000020
25435 0.000020
25436 0.000020
25437 0.000020
25438 0.000020
25439 0.000020
25440 0.000020
25441 0.000020
25442 0.000020
25443 0.000020
25444 0.000020
25445 0.000020
25446 0.000020
25447 0.000020
25448 0.000020
25449 0.000020
25450 0.000020
25451 0.000020
25452 0.000020
25453 0.000020
25454 0.000020
25455 0.000020
25456 0.000020
25457 0.000020
25458 0.000020
25459 0.000020
25460 0.000020
25461 0.000020
25462 0.000020
25463 0.000020
25464 0.000020
25465 0.000020
25466 0.000020
25467 0.000020
25468 0.000020
25469 0.000020
25470 0.000020
25471 0.000020
25472 0.000020
25473 0.000020
25474 0.000020
25475 0.000020
25476 0.000020
25477 0.000020
25478 0.000020
25479 0.000020
25480 0.000020
25481 0.000020
25482 0.000020
25483 0.000020
25484 0.000020
25485 0.000020
25486 0.000020
25487 0.000020
25488 0.000020
25489 0.000020
25490 0.000020
25491 0.000020
25492 0.000020
25493 0.000020
25494 0.000020
25495 0.000020
25496 0.000020
25497 0.000020
25498 0.000020
25499 0.000020
25500 0.000020
25501 0.000020
25502 0.000020
25503 0.000020
25504 0.000020
25505 0.000020
25506 0.000020
25507 0.000020
25508 0.000020
25509 0.000020
25510 0.000020
25511 0.000020
25512 0.000020
25513 0.000020
25514 0.000020
25515 0.000020
25516 0.000020
25517 0.000020
25518 0.000020
25519 0.000020
25520 0.000020
25521 0.000020
25522 0.000020
25523 0.000020
25524 0.000020
25525 0.000020
25526 0.000020
25527 0.000020
25528 0.000020
25529 0.000020
25530 0.000020
25531 0.000020
25532 0.000020
25533 0.000020
25534 0.000020
25535 0.000020
25536 0.000020
25537 0.000020
25538 0.000020
25539 0.000020
25540 0.000020
25541 0.000020
25542 0.000020
25543 0.000020
25544 0.000020
25545 0.000020
25546 0.000020
25547 0.000020
25548 0.000020
25549 0.000020
25550 0.000020
25551 0.000020
25552 0.000020
25553 0.000020
25554 0.000020
25555 0.000020
25556 0.000020
25557 0.000020
25558 0.000020
25559 0.000020
25560 0.000020
25561 0.000020
25562 0.000020
25563 0.000020
25564 0.000020
25565 0.000020
25566 0.000020
25567 0.000020
25568 0.000020
25569 0.000020
25570 0.000020
25571 0.000020
25572 0.000020
25573 0.000020
25574 0.000020
25575 0.000020
25576 0.000020
25577 0.000020
25578 0.000020
25579 0.000020
25580 0.000020
25581 0.000020
25582 0.000020
25583 0.000020
25584 0.000020
25585 0.000020
25586 0.000020
25587 0.000020
25588 0.000020
25589 0.000020
25590 0.000020
25591 0.000020
25592 0.000020
25593 0.000020
25594 0.000020
25595 0.000020
25596 0.000020
25597 0.000020
25598 0.000020
25599 0.000020
25600 0.000020
25601 0.000020
25602 0.000020
25603 0.000020
25604 0.000020
25605 0.000020
25606 0.000020
25607 0.000020
25608 0.000020
25609 0.000020
25610 0.000020
25611 0.000020
25612 0.000020
25613 0.000020
25614 0.000020
25615 0.000020
25616 0.000020
25617 0.000020
25618 0.000020
25619 0.000020
25620 0.000020
25621 0.000020
25622 0.000020
25623 0.000020
25624 0.000020
25625 0.000020
25626 0.000020
25627 0.000020
25628 0.000020
25629 0.000020
25630 0.000020
25631 0.000020
25632 0.000020
25633 0.000020
25634 0.000020
25635 0.000020
25636 0.000020
25637 0.000020
25638 0.000020
25639 0.000020
25640 0.000020
25641 0.000020
25642 0.000020
25643 0.000020
25644 0.000020
25645 0.000020
25646 0.000020
25647 0.000020
25648 0.000020
25649 0.000020
25650 0.000020
25651 0.000020
25652 0.000020
25653 0.000020
25654 0.000020
25655 0.000020
25656 0.000020
25657 0.000020
25658 0.000020
25659 0.000020
25660 0.000020
25661 0.000020
25662 0.000020
25663 0.000020
25664 0.000020
25665 0.000020
25666 0.000020
25667 0.000020
25668 0.000020
25669 0.000020
25670 0.000020
25671 0.000020
25672 0.000020
25673 0.000020
25674 0.000020
25675 0.000020
25676 0.000020
25677 0.000020
25678 0.000020
25679 0.000020
25680 0.000020
25681 0.000020
25682 0.000020
25683 0.000020
25684 0.000020
25685 0.000020
25686 0.000020
25687 0.000020
25688 0.000020
25689 0.000020
25690 0.000020
25691 0.000020
25692 0.000020
25693 0.000020
25694 0.000020
25695 0.000020
25696 0.000020
25697 0.000020
25698 0.000020
25699 0.000020
25700 0.000020
25701 0.000020
25702 0.000020
25703 0.000020
25704 0.000020
25705 0.000020
25706 0.000020
25707 0.000020
25708 0.000020
25709 0.000020
25710 0.000020
25711 0.000020
25712 0.000020
25713 0.000020
25714 0.000020
25715 0.000020
25716 0.000020
25717 0.000020
25718 0.000020
25719 0.000020
25720 0.000020
25721 0.000020
25722 0.000020
25723 0.000020
25724 0.000020
25725 0.000020
25726 0.000020
25727 0.000020
25728 0.000020
25729 0.000020
25730 0.000020
25731 0.000020
25732 0.000020
25733 0.000020
25734 0.000020
25735 0.000020
25736 0.000020
25737 0.000020
25738 0.000020
25739 0.000020
25740 0.000020
25741 0.000020
25742 0.000020
25743 0.000020
25744 0.000020
25745 0.000020
25746 0.000020
25747 0.000020
25748 0.000020
25749 0.000020
25750 0.000020
25751 0.000020
25752 0.000020
25753 0.000020
25754 0.000020
25755 0.000020
25756 0.000020
25757 0.000020
25758 0.000020
25759 0.000020
25760 0.000020
25761 0.000020
25762 0.000020
25763 0.000020
25764 0.000020
25765 0.000020
25766 0.000020
25767 0.000020
25768 0.000020
25769 0.000020
25770 0.000020
25771 0.000020
25772 0.000020
25773 0.000020
25774 0.000020
25775 0.000020
25776 0.000020
25777 0.000020
25778 0.000020
25779 0.000020
25780 0.000020
25781 0.000020
25782 0.000020
25783 0.000020
25784 0.000020
25785 0.000020
25786 0.000020
25787 0.000020
25788 0.000020
25789 0.000020
25790 0.000020
25791 0.000020
25792 0.000020
25793 0.000020
25794 0.000020
25795 0.000020
25796 0.000020
25797 0.000020
25798 0.000020
25799 0.000020
25800 0.000020
25801 0.000020
25802 0.000020
25803 0.000020
25804 0.000020
25805 0.000020
25806 0.000020
25807 0.000020
25808 0.000020
25809 0.000020
25810 0.000020
25811 0.000020
25812 0.000020
25813 0.000020
25814 0.000020
25815 0.000020
25816 0.000020
25817 0.000020
25818 0.000020
25819 0.000020
25820 0.000020
25821 0.000020
25822 0.000020
25823 0.000020
25824 0.000020
25825 0.000020
25826 0.000020
25827 0.000020
25828 0.000020
25829 0.000020
25830 0.000020
25831 0.000020
25832 0.000020
25833 0.000020
25834 0.000020
25835 0.000020
25836 0.000020
25837 0.000020
25838 0.000020
25839 0.000020
25840 0.000020
25841 0.000020
25842 0.000020
25843 0.000020
25844 0.000020
25845 0.000020
25846 0.000020
25847 0.000020
25848 0.000020
25849 0.000020
25850 0.000020
25851 0.000020
25852 0.000020
25853 0.000020
25854 0.000020
25855 0.000020
25856 0.000020
25857 0.000020
25858 0.000020
25859 0.000020
25860 0.000020
25861 0.000020
25862 0.000020
25863 0.000020
25864 0.000020
25865 0.000020
25866 0.000020
25867 0.000020
25868 0.000020
25869 0.000020
25870 0.000020
25871 0.000020
25872 0.000020
25873 0.000020
25874 0.000020
25875 0.000020
25876 0.000020
25877 0.000020
25878 0.000020
25879 0.000020
25880 0.000020
25881 0.000020
25882 0.000020
25883 0.000020
25884 0.000020
25885 0.000020
25886 0.000020
25887 0.000020
25888 0.000020
25889 0.000020
25890 0.000020
25891 0.000020
25892 0.000020
25893 0.000020
25894 0.000020
25895 0.000020
25896 0.000020
25897 0.000020
25898 0.000020
25899 0.000020
25900 0.000020
25901 0.000020
25902 0.000020
25903 0.000020
25904 0.000020
25905 0.000020
25906 0.000020
25907 0.000020
25908 0.000020
25909 0.000020
25910 0.000020
25911 0.000020
25912 0.000020
25913 0.000020
25914 0.000020
25915 0.000020
25916 0.000020
25917 0.000020
25918 0.000020
25919 0.000020
25920 0.000020
25921 0.000020
25922 0.000020
25923 0.000020
25924 0.000020
25925 0.000020
25926 0.000020
25927 0.000020
25928 0.000020
25929 0.000020
25930 0.000020
25931 0.000020
25932 0.000020
25933 0.000020
25934 0.000020
25935 0.000020
25936 0.000020
25937 0.000020
25938 0.000020
25939 0.000020
25940 0.000020
25941 0.000020
25942 0.000020
25943 0.000020
25944 0.000020
25945 0.000020
25946 0.000020
25947 0.000020
25948 0.000020
25949 0.000020
25950 0.000020
25951 0.000020
25952 0.000020
25953 0.000020
25954 0.000020
25955 0.000020
25956 0.000020
25957 0.000020
25958 0.000020
25959 0.000020
25960 0.000020
25961 0.000020
25962 0.000020
25963 0.000020
25964 0.000020
25965 0.000020
25966 0.000020
25967 0.000020
25968 0.000020
25969 0.000020
25970 0.000020
25971 0.000020
25972 0.000020
25973 0.000020
25974 0.000020
25975 0.000020
25976 0.000020
25977 0.000020
25978 0.000020
25979 0.000020
25980 0.000020
25981 0.000020
25982 0.000020
25983 0.000020
25984 0.000020
25985 0.000020
25986 0.000020
25987 0.000020
25988 0.000020
25989 0.000020
25990 0.000020
25991 0.000020
25992 0.000020
25993 0.000020
25994 0.000020
25995 0.000020
25996 0.000020
25997 0.000020
25998 0.000020
25999 0.000020
26000 0.000020
26001 0.000020
26002 0.000020
26003 0.000020
26004 0.000020
26005 0.000020
26006 0.000020
26007 0.000020
26008 0.000020
26009 0.000020
26010 0.000020
26011 0.000020
26012 0.000020
26013 0.000020
26014 0.000020
26015 0.000020
26016 0.000020
26017 0.000020
26018 0.000020
26019 0.000020
26020 0.000020
26021 0.000020
26022 0.000020
26023 0.000020
26024 0.000020
26025 0.000020
26026 0.000020
26027 0.000020
26028 0.000020
26029 0.000020
26030 0.000020
26031 0.000020
26032 0.000020
26033 0.000020
26034 0.000020
26035 0.000020
26036 0.000020
26037 0.000020
26038 0.000020
26039 0.000020
26040 0.000020
26041 0.000020
26042 0.000020
26043 0.000020
26044 0.000020
26045 0.000020
26046 0.000020
26047 0.000020
26048 0.000020
26049 0.000020
26050 0.000020
26051 0.000020
26052 0.000020
26053 0.000020
26054 0.000020
26055 0.000020
26056 0.000020
26057 0.000020
26058 0.000020
26059 0.000020
26060 0.000020
26061 0.000020
26062 0.000020
26063 0.000020
26064 0.000020
26065 0.000020
26066 0.000020
26067 0.000020
26068 0.000020
26069 0.000020
26070 0.000020
26071 0.000020
26072 0.000020
26073 0.000020
26074 0.000020
26075 0.000020
26076 0.000020
26077 0.000020
26078 0.000020
26079 0.000020
26080 0.000020
26081 0.000020
26082 0.000020
26083 0.000020
26084 0.000020
26085 0.000020
26086 0.000020
26087 0.000020
26088 0.000020
26089 0.000020
26090 0.000020
26091 0.000020
26092 0.000020
26093 0.000020
26094 0.000020
26095 0.000020
26096 0.000020
26097 0.000020
26098 0.000020
26099 0.000020
26100 0.000020
26101 0.000020
26102 0.000020
26103 0.000020
26104 0.000020
26105 0.000020
26106 0.000020
26107 0.000020
26108 0.000020
26109 0.000020
26110 0.000020
26111 0.000020
26112 0.000020
26113 0.000020
26114 0.000020
26115 0.000020
26116 0.000020
26117 0.000020
26118 0.000020
26119 0.000020
26120 0.000020
26121 0.000020
26122 0.000020
26123 0.000020
26124 0.000020
26125 0.000020
26126 0.000020
26127 0.000020
26128 0.000020
26129 0.000020
26130 0.000020
26131 0.000020
26132 0.000020
26133 0.000020
26134 0.000020
26135 0.000020
26136 0.000020
26137 0.000020
26138 0.000020
26139 0.000020
26140 0.000020
26141 0.000020
26142 0.000020
26143 0.000020
26144 0.000020
26145 0.000020
26146 0.000020
26147 0.000020
26148 0.000020
26149 0.000020
26150 0.000020
26151 0.000020
26152 0.000020
26153 0.000020
26154 0.000020
26155 0.000020
26156 0.000020
26157 0.000020
26158 0.000020
26159 0.000020
26160 0.000020
26161 0.000020
26162 0.000020
26163 0.000020
26164 0.000020
26165 0.000020
26166 0.000020
26167 0.000020
26168 0.000020
26169 0.000020
26170 0.000020
26171 0.000020
26172 0.000020
26173 0.000020
26174 0.000020
26175 0.000020
26176 0.000020
26177 0.000020
26178 0.000020
26179 0.000020
26180 0.000020
26181 0.000020
26182 0.000020
26183 0.000020
26184 0.000020
26185 0.000020
26186 0.000020
26187 0.000020
26188 0.000020
26189 0.000020
26190 0.000020
26191 0.000020
26192 0.000020
26193 0.000020
26194 0.000020
26195 0.000020
26196 0.000020
26197 0.000020
26198 0.000020
26199 0.000020
26200 0.000020
26201 0.000020
26202 0.000020
26203 0.000020
26204 0.000020
26205 0.000020
26206 0.000020
26207 0.000020
26208 0.000020
26209 0.000020
26210 0.000020
26211 0.000020
26212 0.000020
26213 0.000020
26214 0.000020
26215 0.000020
26216 0.000020
26217 0.000020
26218 0.000020
26219 0.000020
26220 0.000020
26221 0.000020
26222 0.000020
26223 0.000020
26224 0.000020
26225 0.000020
26226 0.000020
26227 0.000020
26228 0.000020
26229 0.000020
26230 0.000020
26231 0.000020
26232 0.000020
26233 0.000020
26234 0.000020
26235 0.000020
26236 0.000020
26237 0.000020
26238 0.000020
26239 0.000020
26240 0.000020
26241 0.000020
26242 0.000020
26243 0.000020
26244 0.000020
26245 0.000020
26246 0.000020
26247 0.000020
26248 0.000020
26249 0.000020
26250 0.000020
26251 0.000020
26252 0.000020
26253 0.000020
26254 0.000020
26255 0.000020
26256 0.000020
26257 0.000020
26258 0.000020
26259 0.000020
26260 0.000020
26261 0.000020
26262 0.000020
26263 0.000020
26264 0.000020
26265 0.000020
26266 0.000020
26267 0.000020
26268 0.000020
26269 0.000020
26270 0.000020
26271 0.000020
26272 0.000020
26273 0.000020
26274 0.000020
26275 0.000020
26276 0.000020
26277 0.000020
26278 0.000020
26279 0.000020
26280 0.000020
26281 0.000020
26282 0.000020
26283 0.000020
26284 0.000020
26285 0.000020
26286 0.000020
26287 0.000020
26288 0.000020
26289 0.000020
26290 0.000020
26291 0.000020
26292 0.000020
26293 0.000020
26294 0.000020
26295 0.000020
26296 0.000020
26297 0.000020
26298 0.000020
26299 0.000020
26300 0.000020
26301 0.000020
26302 0.000020
26303 0.000020
26304 0.000020
26305 0.000020
26306 0.000020
26307 0.000020
26308 0.000020
26309 0.000020
26310 0.000020
26311 0.000020
26312 0.000020
26313 0.000020
26314 0.000020
26315 0.000020
26316 0.000020
26317 0.000020
26318 0.000020
26319 0.000020
26320 0.000020
26321 0.000020
26322 0.000020
26323 0.000020
26324 0.000020
26325 0.000020
26326 0.000020
26327 0.000020
26328 0.000020
26329 0.000020
26330 0.000020
26331 0.000020
26332 0.000020
26333 0.000020
26334 0.000020
26335 0.000020
26336 0.000020
26337 0.000020
26338 0.000020
26339 0.000020
26340 0.000020
26341 0.000020
26342 0.000020
26343 0.000020
26344 0.000020
26345 0.000020
26346 0.000020
26347 0.000020
26348 0.000020
26349 0.000020
26350 0.000020
26351 0.000020
26352 0.000020
26353 0.000020
26354 0.000020
26355 0.000020
26356 0.000020
26357 0.000020
26358 0.000020
26359 0.000020
26360 0.000020
26361 0.000020
26362 0.000020
26363 0.000020
26364 0.000020
26365 0.000020
26366 0.000020
26367 0.000020
26368 0.000020
26369 0.000020
26370 0.000020
26371 0.000020
26372 0.000020
26373 0.000020
26374 0.000020
26375 0.000020
26376 0.000020
26377 0.000020
26378 0.000020
26379 0.000020
26380 0.000020
26381 0.000020
26382 0.000020
26383 0.000020
26384 0.000020
26385 0.000020
26386 0.000020
26387 0.000020
26388 0.000020
26389 0.000020
26390 0.000020
26391 0.000020
26392 0.000020
26393 0.000020
26394 0.000020
26395 0.000020
26396 0.000020
26397 0.000020
26398 0.000020
26399 0.000020
26400 0.000020
26401 0.000020
26402 0.000020
26403 0.000020
26404 0.000020
26405 0.000020
26406 0.000020
26407 0.000020
26408 0.000020
26409 0.000020
26410 0.000020
26411 0.000020
26412 0.000020
26413 0.000020
26414 0.000020
26415 0.000020
26416 0.000020
26417 0.000020
26418 0.000020
26419 0.000020
26420 0.000020
26421 0.000020
26422 0.000020
26423 0.000020
26424 0.000020
26425 0.000020
26426 0.000020
26427 0.000020
26428 0.000020
26429 0.000020
26430 0.000020
26431 0.000020
26432 0.000020
26433 0.000020
26434 0.000020
26435 0.000020
26436 0.000020
26437 0.000020
26438 0.000020
26439 0.000020
26440 0.000020
26441 0.000020
26442 0.000020
26443 0.000020
26444 0.000020
26445 0.000020
26446 0.000020
26447 0.000020
26448 0.000020
26449 0.000020
26450 0.000020
26451 0.000020
26452 0.000020
26453 0.000020
26454 0.000020
26455 0.000020
26456 0.000020
26457 0.000020
26458 0.000020
26459 0.000020
26460 0.000020
26461 0.000020
26462 0.000020
26463 0.000020
26464 0.000020
26465 0.000020
26466 0.000020
26467 0.000020
26468 0.000020
26469 0.000020
26470 0.000020
26471 0.000020
26472 0.000020
26473 0.000020
26474 0.000020
26475 0.000020
26476 0.000020
26477 0.000020
26478 0.000020
26479 0.000020
26480 0.000020
26481 0.000020
26482 0.000020
26483 0.000020
26484 0.000020
26485 0.000020
26486 0.000020
26487 0.000020
26488 0.000020
26489 0.000020
26490 0.000020
26491 0.000020
26492 0.000020
26493 0.000020
26494 0.000020
26495 0.000020
26496 0.000020
26497 0.000020
26498 0.000020
26499 0.000020
26500 0.000020
26501 0.000020
26502 0.000020
26503 0.000020
26504 0.000020
26505 0.000020
26506 0.000020
26507 0.000020
26508 0.000020
26509 0.000020
26510 0.000020
26511 0.000020
26512 0.000020
26513 0.000020
26514 0.000020
26515 0.000020
26516 0.000020
26517 0.000020
26518 0.000020
26519 0.000020
26520 0.000020
26521 0.000020
26522 0.000020
26523 0.000020
26524 0.000020
26525 0.000020
26526 0.000020
26527 0.000020
26528 0.000020
26529 0.000020
26530 0.000020
26531 0.000020
26532 0.000020
26533 0.000020
26534 0.000020
26535 0.000020
26536 0.000020
26537 0.000020
26538 0.000020
26539 0.000020
26540 0.000020
26541 0.000020
26542 0.000020
26543 0.000020
26544 0.000020
26545 0.000020
26546 0.000020
26547 0.000020
26548 0.000020
26549 0.000020
26550 0.000020
26551 0.000020
26552 0.000020
26553 0.000020
26554 0.000020
26555 0.000020
26556 0.000020
26557 0.000020
26558 0.000020
26559 0.000020
26560 0.000020
26561 0.000020
26562 0.000020
26563 0.000020
26564 0.000020
26565 0.000020
26566 0.000020
26567 0.000020
26568 0.000020
26569 0.000020
26570 0.000020
26571 0.000020
26572 0.000020
26573 0.000020
26574 0.000020
26575 0.000020
26576 0.000020
26577 0.000020
26578 0.000020
26579 0.000020
26580 0.000020
26581 0.000020
26582 0.000020
26583 0.000020
26584 0.000020
26585 0.000020
26586 0.000020
26587 0.000020
26588 0.000020
26589 0.000020
26590 0.000020
26591 0.000020
26592 0.000020
26593 0.000020
26594 0.000020
26595 0.000020
26596 0.000020
26597 0.000020
26598 0.000020
26599 0.000020
26600 0.000020
26601 0.000020
26602 0.000020
26603 0.000020
26604 0.000020
26605 0.000020
26606 0.000020
26607 0.000020
26608 0.000020
26609 0.000020
26610 0.000020
26611 0.000020
26612 0.000020
26613 0.000020
26614 0.000020
26615 0.000020
26616 0.000020
26617 0.000020
26618 0.000020
26619 0.000020
26620 0.000020
26621 0.000020
26622 0.000020
26623 0.000020
26624 0.000020
26625 0.000020
26626 0.000020
26627 0.000020
26628 0.000020
26629 0.000020
26630 0.000020
26631 0.000020
26632 0.000020
26633 0.000020
26634 0.000020
26635 0.000020
26636 0.000020
26637 0.000020
26638 0.000020
26639 0.000020
26640 0.000020
26641 0.000020
26642 0.000020
26643 0.000020
26644 0.000020
26645 0.000020
26646 0.000020
26647 0.000020
26648 0.000020
26649 0.000020
26650 0.000020
26651 0.000020
26652 0.000020
26653 0.000020
26654 0.000020
26655 0.000020
26656 0.000020
26657 0.000020
26658 0.000020
26659 0.000020
26660 0.000020
26661 0.000020
26662 0.000020
26663 0.000020
26664 0.000020
26665 0.000020
26666 0.000020
26667 0.000020
26668 0.000020
26669 0.000020
26670 0.000020
26671 0.000020
26672 0.000020
26673 0.000020
26674 0.000020
26675 0.000020
26676 0.000020
26677 0.000020
26678 0.000020
26679 0.000020
26680 0.000020
26681 0.000020
26682 0.000020
26683 0.000020
26684 0.000020
26685 0.000020
26686 0.000020
26687 0.000020
26688 0.000020
26689 0.000020
26690 0.000020
26691 0.000020
26692 0.000020
26693 0.000020
26694 0.000020
26695 0.000020
26696 0.000020
26697 0.000020
26698 0.000020
26699 0.000020
26700 0.000020
26701 0.000020
26702 0.000020
26703 0.000020
26704 0.000020
26705 0.000020
26706 0.000020
26707 0.000020
26708 0.000020
26709 0.000020
26710 0.000020
26711 0.000020
26712 0.000020
26713 0.000020
26714 0.000020
26715 0.000020
26716 0.000020
26717 0.000020
26718 0.000020
26719 0.000020
26720 0.000020
26721 0.000020
26722 0.000020
26723 0.000020
26724 0.000020
26725 0.000020
26726 0.000020
26727 0.000020
26728 0.000020
26729 0.000020
26730 0.000020
26731 0.000020
26732 0.000020
26733 0.000020
26734 0.000020
26735 0.000020
26736 0.000020
26737 0.000020
26738 0.000020
26739 0.000020
26740 0.000020
26741 0.000020
26742 0.000020
26743 0.000020
26744 0.000020
26745 0.000020
26746 0.000020
26747 0.000020
26748 0.000020
26749 0.000020
26750 0.000020
26751 0.000020
26752 0.000020
26753 0.000020
26754 0.000020
26755 0.000020
26756 0.000020
26757 0.000020
26758 0.000020
26759 0.000020
26760 0.000020
26761 0.000020
26762 0.000020
26763 0.000020
26764 0.000020
26765 0.000020
26766 0.000020
26767 0.000020
26768 0.000020
26769 0.000020
26770 0.000020
26771 0.000020
26772 0.000020
26773 0.000020
26774 0.000020
26775 0.000020
26776 0.000020
26777 0.000020
26778 0.000020
26779 0.000020
26780 0.000020
26781 0.000020
26782 0.000020
26783 0.000020
26784 0.000020
26785 0.000020
26786 0.000020
26787 0.000020
26788 0.000020
26789 0.000020
26790 0.000020
26791 0.000020
26792 0.000020
26793 0.000020
26794 0.000020
26795 0.000020
26796 0.000020
26797 0.000020
26798 0.000020
26799 0.000020
26800 0.000020
26801 0.000020
26802 0.000020
26803 0.000020
26804 0.000020
26805 0.000020
26806 0.000020
26807 0.000020
26808 0.000020
26809 0.000020
26810 0.000020
26811 0.000020
26812 0.000020
26813 0.000020
26814 0.000020
26815 0.000020
26816 0.000020
26817 0.000020
26818 0.000020
26819 0.000020
26820 0.000020
26821 0.000020
26822 0.000020
26823 0.000020
26824 0.000020
26825 0.000020
26826 0.000020
26827 0.000020
26828 0.000020
26829 0.000020
26830 0.000020
26831 0.000020
26832 0.000020
26833 0.000020
26834 0.000020
26835 0.000020
26836 0.000020
26837 0.000020
26838 0.000020
26839 0.000020
26840 0.000020
26841 0.000020
26842 0.000020
26843 0.000020
26844 0.000020
26845 0.000020
26846 0.000020
26847 0.000020
26848 0.000020
26849 0.000020
26850 0.000020
26851 0.000020
26852 0.000020
26853 0.000020
26854 0.000020
26855 0.000020
26856 0.000020
26857 0.000020
26858 0.000020
26859 0.000020
26860 0.000020
26861 0.000020
26862 0.000020
26863 0.000020
26864 0.000020
26865 0.000020
26866 0.000020
26867 0.000020
26868 0.000020
26869 0.000020
26870 0.000020
26871 0.000020
26872 0.000020
26873 0.000020
26874 0.000020
26875 0.000020
26876 0.000020
26877 0.000020
26878 0.000020
26879 0.000020
26880 0.000020
26881 0.000020
26882 0.000020
26883 0.000020
26884 0.000020
26885 0.000020
26886 0.000020
26887 0.000020
26888 0.000020
26889 0.000020
26890 0.000020
26891 0.000020
26892 0.000020
26893 0.000020
26894 0.000020
26895 0.000020
26896 0.000020
26897 0.000020
26898 0.000020
26899 0.000020
26900 0.000020
26901 0.000020
26902 0.000020
26903 0.000020
26904 0.000020
26905 0.000020
26906 0.000020
26907 0.000020
26908 0.000020
26909 0.000020
26910 0.000020
26911 0.000020
26912 0.000020
26913 0.000020
26914 0.000020
26915 0.000020
26916 0.000020
26917 0.000020
26918 0.000020
26919 0.000020
26920 0.000020
26921 0.000020
26922 0.000020
26923 0.000020
26924 0.000020
26925 0.000020
26926 0.000020
26927 0.000020
26928 0.000020
26929 0.000020
26930 0.000020
26931 0.000020
26932 0.000020
26933 0.000020
26934 0.000020
26935 0.000020
26936 0.000020
26937 0.000020
26938 0.000020
26939 0.000020
26940 0.000020
26941 0.000020
26942 0.000020
26943 0.000020
26944 0.000020
26945 0.000020
26946 0.000020
26947 0.000020
26948 0.000020
26949 0.000020
26950 0.000020
26951 0.000020
26952 0.000020
26953 0.000020
26954 0.000020
26955 0.000020
26956 0.000020
26957 0.000020
26958 0.000020
26959 0.000020
26960 0.000020
26961 0.000020
26962 0.000020
26963 0.000020
26964 0.000020
26965 0.000020
26966 0.000020
26967 0.000020
26968 0.000020
26969 0.000020
26970 0.000020
26971 0.000020
26972 0.000020
26973 0.000020
26974 0.000020
26975 0.000020
26976 0.000020
26977 0.000020
26978 0.000020
26979 0.000020
26980 0.000020
26981 0.000020
26982 0.000020
26983 0.000020
26984 0.000020
26985 0.000020
26986 0.000020
26987 0.000020
26988 0.000020
26989 0.000020
26990 0.000020
26991 0.000020
26992 0.000020
26993 0.000020
26994 0.000020
26995 0.000020
26996 0.000020
26997 0.000020
26998 0.000020
26999 0.000020
27000 0.000020
27001 0.000020
27002 0.000020
27003 0.000020
27004 0.000020
27005 0.000020
27006 0.000020
27007 0.000020
27008 0.000020
27009 0.000020
27010 0.000020
27011 0.000020
27012 0.000020
27013 0.000020
27014 0.000020
27015 0.000020
27016 0.000020
27017 0.000020
27018 0.000020
27019 0.000020
27020 0.000020
27021 0.000020
27022 0.000020
27023 0.000020
27024 0.000020
27025 0.000020
27026 0.000020
27027 0.000020
27028 0.000020
27029 0.000020
27030 0.000020
27031 0.000020
27032 0.000020
27033 0.000020
27034 0.000020
27035 0.000020
27036 0.000020
27037 0.000020
27038 0.000020
27039 0.000020
27040 0.000020
27041 0.000020
27042 0.000020
27043 0.000020
27044 0.000020
27045 0.000020
27046 0.000020
27047 0.000020
27048 0.000020
27049 0.000020
27050 0.000020
27051 0.000020
27052 0.000020
27053 0.000020
27054 0.000020
27055 0.000020
27056 0.000020
27057 0.000020
27058 0.000020
27059 0.000020
27060 0.000020
27061 0.000020
27062 0.000020
27063 0.000020
27064 0.000020
27065 0.000020
27066 0.000020
27067 0.000020
27068 0.000020
27069 0.000020
27070 0.000020
27071 0.000020
27072 0.000020
27073 0.000020
27074 0.000020
27075 0.000020
27076 0.000020
27077 0.000020
27078 0.000020
27079 0.000020
27080 0.000020
27081 0.000020
27082 0.000020
27083 0.000020
27084 0.000020
27085 0.000020
27086 0.000020
27087 0.000020
27088 0.000020
27089 0.000020
27090 0.000020
27091 0.000020
27092 0.000020
27093 0.000020
27094 0.000020
27095 0.000020
27096 0.000020
27097 0.000020
27098 0.000020
27099 0.000020
27100 0.000020
27101 0.000020
27102 0.000020
27103 0.000020
27104 0.000020
27105 0.000020
27106 0.000020
27107 0.000020
27108 0.000020
27109 0.000020
27110 0.000020
27111 0.000020
27112 0.000020
27113 0.000020
27114 0.000020
27115 0.000020
27116 0.000020
27117 0.000020
27118 0.000020
27119 0.000020
27120 0.000020
27121 0.000020
27122 0.000020
27123 0.000020
27124 0.000020
27125 0.000020
27126 0.000020
27127 0.000020
27128 0.000020
27129 0.000020
27130 0.000020
27131 0.000020
27132 0.000020
27133 0.000020
27134 0.000020
27135 0.000020
27136 0.000020
27137 0.000020
27138 0.000020
27139 0.000020
27140 0.000020
27141 0.000020
27142 0.000020
27143 0.000020
27144 0.000020
27145 0.000020
27146 0.000020
27147 0.000020
27148 0.000020
27149 0.000020
27150 0.000020
27151 0.000020
27152 0.000020
27153 0.000020
27154 0.000020
27155 0.000020
27156 0.000020
27157 0.000020
27158 0.000020
27159 0.000020
27160 0.000020
27161 0.000020
27162 0.000020
27163 0.000020
27164 0.000020
27165 0.000020
27166 0.000020
27167 0.000020
27168 0.000020
27169 0.000020
27170 0.000020
27171 0.000020
27172 0.000020
27173 0.000020
27174 0.000020
27175 0.000020
27176 0.000020
27177 0.000020
27178 0.000020
27179 0.000020
27180 0.000020
27181 0.000020
27182 0.000020
27183 0.000020
27184 0.000020
27185 0.000020
27186 0.000020
27187 0.000020
27188 0.000020
27189 0.000020
27190 0.000020
27191 0.000020
27192 0.000020
27193 0.000020
27194 0.000020
27195 0.000020
27196 0.000020
27197 0.000020
27198 0.000020
27199 0.000020
27200 0.000020
27201 0.000020
27202 0.000020
27203 0.000020
27204 0.000020
27205 0.000020
27206 0.000020
27207 0.000020
27208 0.000020
27209 0.000020
27210 0.000020
27211 0.000020
27212 0.000020
27213 0.000020
27214 0.000020
27215 0.000020
27216 0.000020
27217 0.000020
27218 0.000020
27219 0.000020
27220 0.000020
27221 0.000020
27222 0.000020
27223 0.000020
27224 0.000020
27225 0.000020
27226 0.000020
27227 0.000020
27228 0.000020
27229 0.000020
27230 0.000020
27231 0.000020
27232 0.000020
27233 0.000020
27234 0.000020
27235 0.000020
27236 0.000020
27237 0.000020
27238 0.000020
27239 0.000020
27240 0.000020
27241 0.000020
27242 0.000020
27243 0.000020
27244 0.000020
27245 0.000020
27246 0.000020
27247 0.000020
27248 0.000020
27249 0.000020
27250 0.000020
27251 0.000020
27252 0.000020
27253 0.000020
27254 0.000020
27255 0.000020
27256 0.000020
27257 0.000020
27258 0.000020
27259 0.000020
27260 0.000020
27261 0.000020
27262 0.000020
27263 0.000020
27264 0.000020
27265 0.000020
27266 0.000020
27267 0.000020
27268 0.000020
27269 0.000020
27270 0.000020
27271 0.000020
27272 0.000020
27273 0.000020
27274 0.000020
27275 0.000020
27276 0.000020
27277 0.000020
27278 0.000020
27279 0.000020
27280 0.000020
27281 0.000020
27282 0.000020
27283 0.000020
27284 0.000020
27285 0.000020
27286 0.000020
27287 0.000020
27288 0.000020
27289 0.000020
27290 0.000020
27291 0.000020
27292 0.000020
27293 0.000020
27294 0.000020
27295 0.000020
27296 0.000020
27297 0.000020
27298 0.000020
27299 0.000020
27300 0.000020
27301 0.000020
27302 0.000020
27303 0.000020
27304 0.000020
27305 0.000020
27306 0.000020
27307 0.000020
27308 0.000020
27309 0.000020
27310 0.000020
27311 0.000020
27312 0.000020
27313 0.000020
27314 0.000020
27315 0.000020
27316 0.000020
27317 0.000020
27318 0.000020
27319 0.000020
27320 0.000020
27321 0.000020
27322 0.000020
27323 0.000020
27324 0.000020
27325 0.000020
27326 0.000020
27327 0.000020
27328 0.000020
27329 0.000020
27330 0.000020
27331 0.000020
27332 0.000020
27333 0.000020
27334 0.000020
27335 0.000020
27336 0.000020
27337 0.000020
27338 0.000020
27339 0.000020
27340 0.000020
27341 0.000020
27342 0.000020
27343 0.000020
27344 0.000020
27345 0.000020
27346 0.000020
27347 0.000020
27348 0.000020
27349 0.000020
27350 0.000020
27351 0.000020
27352 0.000020
27353 0.000020
27354 0.000020
27355 0.000020
27356 0.000020
27357 0.000020
27358 0.000020
27359 0.000020
27360 0.000020
27361 0.000020
27362 0.000020
27363 0.000020
27364 0.000020
27365 0.000020
27366 0.000020
27367 0.000020
27368 0.000020
27369 0.000020
27370 0.000020
27371 0.000020
27372 0.000020
27373 0.000020
27374 0.000020
27375 0.000020
27376 0.000020
27377 0.000020
27378 0.000020
27379 0.000020
27380 0.000020
27381 0.000020
27382 0.000020
27383 0.000020
27384 0.000020
27385 0.000020
27386 0.000020
27387 0.000020
27388 0.000020
27389 0.000020
27390 0.000020
27391 0.000020
27392 0.000020
27393 0.000020
27394 0.000020
27395 0.000020
27396 0.000020
27397 0.000020
27398 0.000020
27399 0.000020
27400 0.000020
27401 0.000020
27402 0.000020
27403 0.000020
27404 0.000020
27405 0.000020
27406 0.000020
27407 0.000020
27408 0.000020
27409 0.000020
27410 0.000020
27411 0.000020
27412 0.000020
27413 0.000020
27414 0.000020
27415 0.000020
27416 0.000020
27417 0.000020
27418 0.000020
27419 0.000020
27420 0.000020
27421 0.000020
27422 0.000020
27423 0.000020
27424 0.000020
27425 0.000020
27426 0.000020
27427 0.000020
27428 0.000020
27429 0.000020
27430 0.000020
27431 0.000020
27432 0.000020
27433 0.000020
27434 0.000020
27435 0.000020
27436 0.000020
27437 0.000020
27438 0.000020
27439 0.000020
27440 0.000020
27441 0.000020
27442 0.000020
27443 0.000020
27444 0.000020
27445 0.000020
27446 0.000020
27447 0.000020
27448 0.000020
27449 0.000020
27450 0.000020
27451 0.000020
27452 0.000020
27453 0.000020
27454 0.000020
27455 0.000020
27456 0.000020
27457 0.000020
27458 0.000020
27459 0.000020
27460 0.000020
27461 0.000020
27462 0.000020
27463 0.000020
27464 0.000020
27465 0.000020
27466 0.000020
27467 0.000020
27468 0.000020
27469 0.000020
27470 0.000020
27471 0.000020
27472 0.000020
27473 0.000020
27474 0.000020
27475 0.000020
27476 0.000020
27477 0.000020
27478 0.000020
27479 0.000020
27480 0.000020
27481 0.000020
27482 0.000020
27483 0.000020
27484 0.000020
27485 0.000020
27486 0.000020
27487 0.000020
27488 0.000020
27489 0.000020
27490 0.000020
27491 0.000020
27492 0.000020
27493 0.000020
27494 0.000020
27495 0.000020
27496 0.000020
27497 0.000020
27498 0.000020
27499 0.000020
27500 0.000020
27501 0.000020
27502 0.000020
27503 0.000020
27504 0.000020
27505 0.000020
27506 0.000020
27507 0.000020
27508 0.000020
27509 0.000020
27510 0.000020
27511 0.000020
27512 0.000020
27513 0.000020
27514 0.000020
27515 0.000020
27516 0.000020
27517 0.000020
27518 0.000020
27519 0.000020
27520 0.000020
27521 0.000020
27522 0.000020
27523 0.000020
27524 0.000020
27525 0.000020
27526 0.000020
27527 0.000020
27528 0.000020
27529 0.000020
27530 0.000020
27531 0.000020
27532 0.000020
27533 0.000020
27534 0.000020
27535 0.000020
27536 0.000020
27537 0.000020
27538 0.000020
27539 0.000020
27540 0.000020
27541 0.000020
27542 0.000020
27543 0.000020
27544 0.000020
27545 0.000020
27546 0.000020
27547 0.000020
27548 0.000020
27549 0.000020
27550 0.000020
27551 0.000020
27552 0.000020
27553 0.000020
27554 0.000020
27555 0.000020
27556 0.000020
27557 0.000020
27558 0.000020
27559 0.000020
27560 0.000020
27561 0.000020
27562 0.000020
27563 0.000020
27564 0.000020
27565 0.000020
27566 0.000020
27567 0.000020
27568 0.000020
27569 0.000020
27570 0.000020
27571 0.000020
27572 0.000020
27573 0.000020
27574 0.000020
27575 0.000020
27576 0.000020
27577 0.000020
27578 0.000020
27579 0.000020
27580 0.000020
27581 0.000020
27582 0.000020
27583 0.000020
27584 0.000020
27585 0.000020
27586 0.000020
27587 0.000020
27588 0.000020
27589 0.000020
27590 0.000020
27591 0.000020
27592 0.000020
27593 0.000020
27594 0.000020
27595 0.000020
27596 0.000020
27597 0.000020
27598 0.000020
27599 0.000020
27600 0.000020
27601 0.000020
27602 0.000020
27603 0.000020
27604 0.000020
27605 0.000020
27606 0.000020
27607 0.000020
27608 0.000020
27609 0.000020
27610 0.000020
27611 0.000020
27612 0.000020
27613 0.000020
27614 0.000020
27615 0.000020
27616 0.000020
27617 0.000020
27618 0.000020
27619 0.000020
27620 0.000020
27621 0.000020
27622 0.000020
27623 0.000020
27624 0.000020
27625 0.000020
27626 0.000020
27627 0.000020
27628 0.000020
27629 0.000020
27630 0.000020
27631 0.000020
27632 0.000020
27633 0.000020
27634 0.000020
27635 0.000020
27636 0.000020
27637 0.000020
27638 0.000020
27639 0.000020
27640 0.000020
27641 0.000020
27642 0.000020
27643 0.000020
27644 0.000020
27645 0.000020
27646 0.000020
27647 0.000020
27648 0.000020
27649 0.000020
27650 0.000020
27651 0.000020
27652 0.000020
27653 0.000020
27654 0.000020
27655 0.000020
27656 0.000020
27657 0.000020
27658 0.000020
27659 0.000020
27660 0.000020
27661 0.000020
27662 0.000020
27663 0.000020
27664 0.000020
27665 0.000020
27666 0.000020
27667 0.000020
27668 0.000020
27669 0.000020
27670 0.000020
27671 0.000020
27672 0.000020
27673 0.000020
27674 0.000020
27675 0.000020
27676 0.000020
27677 0.000020
27678 0.000020
27679 0.000020
27680 0.000020
27681 0.000020
27682 0.000020
27683 0.000020
27684 0.000020
27685 0.000020
27686 0.000020
27687 0.000020
27688 0.000020
27689 0.000020
27690 0.000020
27691 0.000020
27692 0.000020
27693 0.000020
27694 0.000020
27695 0.000020
27696 0.000020
27697 0.000020
27698 0.000020
27699 0.000020
27700 0.000020
27701 0.000020
27702 0.000020
27703 0.000020
27704 0.000020
27705 0.000020
27706 0.000020
27707 0.000020
27708 0.000020
27709 0.000020
27710 0.000020
27711 0.000020
27712 0.000020
27713 0.000020
27714 0.000020
27715 0.000020
27716 0.000020
27717 0.000020
27718 0.000020
27719 0.000020
27720 0.000020
27721 0.000020
27722 0.000020
27723 0.000020
27724 0.000020
27725 0.000020
27726 0.000020
27727 0.000020
27728 0.000020
27729 0.000020
27730 0.000020
27731 0.000020
27732 0.000020
27733 0.000020
27734 0.000020
27735 0.000020
27736 0.000020
27737 0.000020
27738 0.000020
27739 0.000020
27740 0.000020
27741 0.000020
27742 0.000020
27743 0.000020
27744 0.000020
27745 0.000020
27746 0.000020
27747 0.000020
27748 0.000020
27749 0.000020
27750 0.000020
27751 0.000020
27752 0.000020
27753 0.000020
27754 0.000020
27755 0.000020
27756 0.000020
27757 0.000020
27758 0.000020
27759 0.000020
27760 0.000020
27761 0.000020
27762 0.000020
27763 0.000020
27764 0.000020
27765 0.000020
27766 0.000020
27767 0.000020
27768 0.000020
27769 0.000020
27770 0.000020
27771 0.000020
27772 0.000020
27773 0.000020
27774 0.000020
27775 0.000020
27776 0.000020
27777 0.000020
27778 0.000020
27779 0.000020
27780 0.000020
27781 0.000020
27782 0.000020
27783 0.000020
27784 0.000020
27785 0.000020
27786 0.000020
27787 0.000020
27788 0.000020
27789 0.000020
27790 0.000020
27791 0.000020
27792 0.000020
27793 0.000020
27794 0.000020
27795 0.000020
27796 0.000020
27797 0.000020
27798 0.000020
27799 0.000020
27800 0.000020
27801 0.000020
27802 0.000020
27803 0.000020
27804 0.000020
27805 0.000020
27806 0.000020
27807 0.000020
27808 0.000020
27809 0.000020
27810 0.000020
27811 0.000020
27812 0.000020
27813 0.000020
27814 0.000020
27815 0.000020
27816 0.000020
27817 0.000020
27818 0.000020
27819 0.000020
27820 0.000020
27821 0.000020
27822 0.000020
27823 0.000020
27824 0.000020
27825 0.000020
27826 0.000020
27827 0.000020
27828 0.000020
27829 0.000020
27830 0.000020
27831 0.000020
27832 0.000020
27833 0.000020
27834 0.000020
27835 0.000020
27836 0.000020
27837 0.000020
27838 0.000020
27839 0.000020
27840 0.000020
27841 0.000020
27842 0.000020
27843 0.000020
27844 0.000020
27845 0.000020
27846 0.000020
27847 0.000020
27848 0.000020
27849 0.000020
27850 0.000020
27851 0.000020
27852 0.000020
27853 0.000020
27854 0.000020
27855 0.000020
27856 0.000020
27857 0.000020
27858 0.000020
27859 0.000020
27860 0.000020
27861 0.000020
27862 0.000020
27863 0.000020
27864 0.000020
27865 0.000020
27866 0.000020
27867 0.000020
27868 0.000020
27869 0.000020
27870 0.000020
27871 0.000020
27872 0.000020
27873 0.000020
27874 0.000020
27875 0.000020
27876 0.000020
27877 0.000020
27878 0.000020
27879 0.000020
27880 0.000020
27881 0.000020
27882 0.000020
27883 0.000020
27884 0.000020
27885 0.000020
27886 0.000020
27887 0.000020
27888 0.000020
27889 0.000020
27890 0.000020
27891 0.000020
27892 0.000020
27893 0.000020
27894 0.000020
27895 0.000020
27896 0.000020
27897 0.000020
27898 0.000020
27899 0.000020
27900 0.000020
27901 0.000020
27902 0.000020
27903 0.000020
27904 0.000020
27905 0.000020
27906 0.000020
27907 0.000020
27908 0.000020
27909 0.000020
27910 0.000020
27911 0.000020
27912 0.000020
27913 0.000020
27914 0.000020
27915 0.000020
27916 0.000020
27917 0.000020
27918 0.000020
27919 0.000020
27920 0.000020
27921 0.000020
27922 0.000020
27923 0.000020
27924 0.000020
27925 0.000020
27926 0.000020
27927 0.000020
27928 0.000020
27929 0.000020
27930 0.000020
27931 0.000020
27932 0.000020
27933 0.000020
27934 0.000020
27935 0.000020
27936 0.000020
27937 0.000020
27938 0.000020
27939 0.000020
27940 0.000020
27941 0.000020
27942 0.000020
27943 0.000020
27944 0.000020
27945 0.000020
27946 0.000020
27947 0.000020
27948 0.000020
27949 0.000020
27950 0.000020
27951 0.000020
27952 0.000020
27953 0.000020
27954 0.000020
27955 0.000020
27956 0.000020
27957 0.000020
27958 0.000020
27959 0.000020
27960 0.000020
27961 0.000020
27962 0.000020
27963 0.000020
27964 0.000020
27965 0.000020
27966 0.000020
27967 0.000020
27968 0.000020
27969 0.000020
27970 0.000020
27971 0.000020
27972 0.000020
27973 0.000020
27974 0.000020
27975 0.000020
27976 0.000020
27977 0.000020
27978 0.000020
27979 0.000020
27980 0.000020
27981 0.000020
27982 0.000020
27983 0.000020
27984 0.000020
27985 0.000020
27986 0.000020
27987 0.000020
27988 0.000020
27989 0.000020
27990 0.000020
27991 0.000020
27992 0.000020
27993 0.000020
27994 0.000020
27995 0.000020
27996 0.000020
27997 0.000020
27998 0.000020
27999 0.000020
28000 0.000020
28001 0.000020
28002 0.000020
28003 0.000020
28004 0.000020
28005 0.000020
28006 0.000020
28007 0.000020
28008 0.000020
28009 0.000020
28010 0.000020
28011 0.000020
28012 0.000020
28013 0.000020
28014 0.000020
28015 0.000020
28016 0.000020
28017 0.000020
28018 0.000020
28019 0.000020
28020 0.000020
28021 0.000020
28022 0.000020
28023 0.000020
28024 0.000020
28025 0.000020
28026 0.000020
28027 0.000020
28028 0.000020
28029 0.000020
28030 0.000020
28031 0.000020
28032 0.000020
28033 0.000020
28034 0.000020
28035 0.000020
28036 0.000020
28037 0.000020
28038 0.000020
28039 0.000020
28040 0.000020
28041 0.000020
28042 0.000020
28043 0.000020
28044 0.000020
28045 0.000020
28046 0.000020
28047 0.000020
28048 0.000020
28049 0.000020
28050 0.000020
28051 0.000020
28052 0.000020
28053 0.000020
28054 0.000020
28055 0.000020
28056 0.000020
28057 0.000020
28058 0.000020
28059 0.000020
28060 0.000020
28061 0.000020
28062 0.000020
28063 0.000020
28064 0.000020
28065 0.000020
28066 0.000020
28067 0.000020
28068 0.000020
28069 0.000020
28070 0.000020
28071 0.000020
28072 0.000020
28073 0.000020
28074 0.000020
28075 0.000020
28076 0.000020
28077 0.000020
28078 0.000020
28079 0.000020
28080 0.000020
28081 0.000020
28082 0.000020
28083 0.000020
28084 0.000020
28085 0.000020
28086 0.000020
28087 0.000020
28088 0.000020
28089 0.000020
28090 0.000020
28091 0.000020
28092 0.000020
28093 0.000020
28094 0.000020
28095 0.000020
28096 0.000020
28097 0.000020
28098 0.000020
28099 0.000020
28100 0.000020
28101 0.000020
28102 0.000020
28103 0.000020
28104 0.000020
28105 0.000020
28106 0.000020
28107 0.000020
28108 0.000020
28109 0.000020
28110 0.000020
28111 0.000020
28112 0.000020
28113 0.000020
28114 0.000020
28115 0.000020
28116 0.000020
28117 0.000020
28118 0.000020
28119 0.000020
28120 0.000020
28121 0.000020
28122 0.000020
28123 0.000020
28124 0.000020
28125 0.000020
28126 0.000020
28127 0.000020
28128 0.000020
28129 0.000020
28130 0.000020
28131 0.000020
28132 0.000020
28133 0.000020
28134 0.000020
28135 0.000020
28136 0.000020
28137 0.000020
28138 0.000020
28139 0.000020
28140 0.000020
28141 0.000020
28142 0.000020
28143 0.000020
28144 0.000020
28145 0.000020
28146 0.000020
28147 0.000020
28148 0.000020
28149 0.000020
28150 0.000020
28151 0.000020
28152 0.000020
28153 0.000020
28154 0.000020
28155 0.000020
28156 0.000020
28157 0.000020
28158 0.000020
28159 0.000020
28160 0.000020
28161 0.000020
28162 0.000020
28163 0.000020
28164 0.000020
28165 0.000020
28166 0.000020
28167 0.000020
28168 0.000020
28169 0.000020
28170 0.000020
28171 0.000020
28172 0.000020
28173 0.000020
28174 0.000020
28175 0.000020
28176 0.000020
28177 0.000020
28178 0.000020
28179 0.000020
28180 0.000020
28181 0.000020
28182 0.000020
28183 0.000020
28184 0.000020
28185 0.000020
28186 0.000020
28187 0.000020
28188 0.000020
28189 0.000020
28190 0.000020
28191 0.000020
28192 0.000020
28193 0.000020
28194 0.000020
28195 0.000020
28196 0.000020
28197 0.000020
28198 0.000020
28199 0.000020
28200 0.000020
28201 0.000020
28202 0.000020
28203 0.000020
28204 0.000020
28205 0.000020
28206 0.000020
28207 0.000020
28208 0.000020
28209 0.000020
28210 0.000020
28211 0.000020
28212 0.000020
28213 0.000020
28214 0.000020
28215 0.000020
28216 0.000020
28217 0.000020
28218 0.000020
28219 0.000020
28220 0.000020
28221 0.000020
28222 0.000020
28223 0.000020
28224 0.000020
28225 0.000020
28226 0.000020
28227 0.000020
28228 0.000020
28229 0.000020
28230 0.000020
28231 0.000020
28232 0.000020
28233 0.000020
28234 0.000020
28235 0.000020
28236 0.000020
28237 0.000020
28238 0.000020
28239 0.000020
28240 0.000020
28241 0.000020
28242 0.000020
28243 0.000020
28244 0.000020
28245 0.000020
28246 0.000020
28247 0.000020
28248 0.000020
28249 0.000020
28250 0.000020
28251 0.000020
28252 0.000020
28253 0.000020
28254 0.000020
28255 0.000020
28256 0.000020
28257 0.000020
28258 0.000020
28259 0.000020
28260 0.000020
28261 0.000020
28262 0.000020
28263 0.000020
28264 0.000020
28265 0.000020
28266 0.000020
28267 0.000020
28268 0.000020
28269 0.000020
28270 0.000020
28271 0.000020
28272 0.000020
28273 0.000020
28274 0.000020
28275 0.000020
28276 0.000020
28277 0.000020
28278 0.000020
28279 0.000020
28280 0.000020
28281 0.000020
28282 0.000020
28283 0.000020
28284 0.000020
28285 0.000020
28286 0.000020
28287 0.000020
28288 0.000020
28289 0.000020
28290 0.000020
28291 0.000020
28292 0.000020
28293 0.000020
28294 0.000020
28295 0.000020
28296 0.000020
28297 0.000020
28298 0.000020
28299 0.000020
28300 0.000020
28301 0.000020
28302 0.000020
28303 0.000020
28304 0.000020
28305 0.000020
28306 0.000020
28307 0.000020
28308 0.000020
28309 0.000020
28310 0.000020
28311 0.000020
28312 0.000020
28313 0.000020
28314 0.000020
28315 0.000020
28316 0.000020
28317 0.000020
28318 0.000020
28319 0.000020
28320 0.000020
28321 0.000020
28322 0.000020
28323 0.000020
28324 0.000020
28325 0.000020
28326 0.000020
28327 0.000020
28328 0.000020
28329 0.000020
28330 0.000020
28331 0.000020
28332 0.000020
28333 0.000020
28334 0.000020
28335 0.000020
28336 0.000020
28337 0.000020
28338 0.000020
28339 0.000020
28340 0.000020
28341 0.000020
28342 0.000020
28343 0.000020
28344 0.000020
28345 0.000020
28346 0.000020
28347 0.000020
28348 0.000020
28349 0.000020
28350 0.000020
28351 0.000020
28352 0.000020
28353 0.000020
28354 0.000020
28355 0.000020
28356 0.000020
28357 0.000020
28358 0.000020
28359 0.000020
28360 0.000020
28361 0.000020
28362 0.000020
28363 0.000020
28364 0.000020
28365 0.000020
28366 0.000020
28367 0.000020
28368 0.000020
28369 0.000020
28370 0.000020
28371 0.000020
28372 0.000020
28373 0.000020
28374 0.000020
28375 0.000020
28376 0.000020
28377 0.000020
28378 0.000020
28379 0.000020
28380 0.000020
28381 0.000020
28382 0.000020
28383 0.000020
28384 0.000020
28385 0.000020
28386 0.000020
28387 0.000020
28388 0.000020
28389 0.000020
28390 0.000020
28391 0.000020
28392 0.000020
28393 0.000020
28394 0.000020
28395 0.000020
28396 0.000020
28397 0.000020
28398 0.000020
28399 0.000020
28400 0.000020
28401 0.000020
28402 0.000020
28403 0.000020
28404 0.000020
28405 0.000020
28406 0.000020
28407 0.000020
28408 0.000020
28409 0.000020
28410 0.000020
28411 0.000020
28412 0.000020
28413 0.000020
28414 0.000020
28415 0.000020
28416 0.000020
28417 0.000020
28418 0.000020
28419 0.000020
28420 0.000020
28421 0.000020
28422 0.000020
28423 0.000020
28424 0.000020
28425 0.000020
28426 0.000020
28427 0.000020
28428 0.000020
28429 0.000020
28430 0.000020
28431 0.000020
28432 0.000020
28433 0.000020
28434 0.000020
28435 0.000020
28436 0.000020
28437 0.000020
28438 0.000020
28439 0.000020
28440 0.000020
28441 0.000020
28442 0.000020
28443 0.000020
28444 0.000020
28445 0.000020
28446 0.000020
28447 0.000020
28448 0.000020
28449 0.000020
28450 0.000020
28451 0.000020
28452 0.000020
28453 0.000020
28454 0.000020
28455 0.000020
28456 0.000020
28457 0.000020
28458 0.000020
28459 0.000020
28460 0.000020
28461 0.000020
28462 0.000020
28463 0.000020
28464 0.000020
28465 0.000020
28466 0.000020
28467 0.000020
28468 0.000020
28469 0.000020
28470 0.000020
28471 0.000020
28472 0.000020
28473 0.000020
28474 0.000020
28475 0.000020
28476 0.000020
28477 0.000020
28478 0.000020
28479 0.000020
28480 0.000020
28481 0.000020
28482 0.000020
28483 0.000020
28484 0.000020
28485 0.000020
28486 0.000020
28487 0.000020
28488 0.000020
28489 0.000020
28490 0.000020
28491 0.000020
28492 0.000020
28493 0.000020
28494 0.000020
28495 0.000020
28496 0.000020
28497 0.000020
28498 0.000020
28499 0.000020
28500 0.000020
28501 0.000020
28502 0.000020
28503 0.000020
28504 0.000020
28505 0.000020
28506 0.000020
28507 0.000020
28508 0.000020
28509 0.000020
28510 0.000020
28511 0.000020
28512 0.000020
28513 0.000020
28514 0.000020
28515 0.000020
28516 0.000020
28517 0.000020
28518 0.000020
28519 0.000020
28520 0.000020
28521 0.000020
28522 0.000020
28523 0.000020
28524 0.000020
28525 0.000020
28526 0.000020
28527 0.000020
28528 0.000020
28529 0.000020
28530 0.000020
28531 0.000020
28532 0.000020
28533 0.000020
28534 0.000020
28535 0.000020
28536 0.000020
28537 0.000020
28538 0.000020
28539 0.000020
28540 0.000020
28541 0.000020
28542 0.000020
28543 0.000020
28544 0.000020
28545 0.000020
28546 0.000020
28547 0.000020
28548 0.000020
28549 0.000020
28550 0.000020
28551 0.000020
28552 0.000020
28553 0.000020
28554 0.000020
28555 0.000020
28556 0.000020
28557 0.000020
28558 0.000020
28559 0.000020
28560 0.000020
28561 0.000020
28562 0.000020
28563 0.000020
28564 0.000020
28565 0.000020
28566 0.000020
28567 0.000020
28568 0.000020
28569 0.000020
28570 0.000020
28571 0.000020
28572 0.000020
28573 0.000020
28574 0.000020
28575 0.000020
28576 0.000020
28577 0.000020
28578 0.000020
28579 0.000020
28580 0.000020
28581 0.000020
28582 0.000020
28583 0.000020
28584 0.000020
28585 0.000020
28586 0.000020
28587 0.000020
28588 0.000020
28589 0.000020
28590 0.000020
28591 0.000020
28592 0.000020
28593 0.000020
28594 0.000020
28595 0.000020
28596 0.000020
28597 0.000020
28598 0.000020
28599 0.000020
28600 0.000020
28601 0.000020
28602 0.000020
28603 0.000020
28604 0.000020
28605 0.000020
28606 0.000020
28607 0.000020
28608 0.000020
28609 0.000020
28610 0.000020
28611 0.000020
28612 0.000020
28613 0.000020
28614 0.000020
28615 0.000020
28616 0.000020
28617 0.000020
28618 0.000020
28619 0.000020
28620 0.000020
28621 0.000020
28622 0.000020
28623 0.000020
28624 0.000020
28625 0.000020
28626 0.000020
28627 0.000020
28628 0.000020
28629 0.000020
28630 0.000020
28631 0.000020
28632 0.000020
28633 0.000020
28634 0.000020
28635 0.000020
28636 0.000020
28637 0.000020
28638 0.000020
28639 0.000020
28640 0.000020
28641 0.000020
28642 0.000020
28643 0.000020
28644 0.000020
28645 0.000020
28646 0.000020
28647 0.000020
28648 0.000020
28649 0.000020
28650 0.000020
28651 0.000020
28652 0.000020
28653 0.000020
28654 0.000020
28655 0.000020
28656 0.000020
28657 0.000020
28658 0.000020
28659 0.000020
28660 0.000020
28661 0.000020
28662 0.000020
28663 0.000020
28664 0.000020
28665 0.000020
28666 0.000020
28667 0.000020
28668 0.000020
28669 0.000020
28670 0.000020
28671 0.000020
28672 0.000020
28673 0.000020
28674 0.000020
28675 0.000020
28676 0.000020
28677 0.000020
28678 0.000020
28679 0.000020
28680 0.000020
28681 0.000020
28682 0.000020
28683 0.000020
28684 0.000020
28685 0.000020
28686 0.000020
28687 0.000020
28688 0.000020
28689 0.000020
28690 0.000020
28691 0.000020
28692 0.000020
28693 0.000020
28694 0.000020
28695 0.000020
28696 0.000020
28697 0.000020
28698 0.000020
28699 0.000020
28700 0.000020
28701 0.000020
28702 0.000020
28703 0.000020
28704 0.000020
28705 0.000020
28706 0.000020
28707 0.000020
28708 0.000020
28709 0.000020
28710 0.000020
28711 0.000020
28712 0.000020
28713 0.000020
28714 0.000020
28715 0.000020
28716 0.000020
28717 0.000020
28718 0.000020
28719 0.000020
28720 0.000020
28721 0.000020
28722 0.000020
28723 0.000020
28724 0.000020
28725 0.000020
28726 0.000020
28727 0.000020
28728 0.000020
28729 0.000020
28730 0.000020
28731 0.000020
28732 0.000020
28733 0.000020
28734 0.000020
28735 0.000020
28736 0.000020
28737 0.000020
28738 0.000020
28739 0.000020
28740 0.000020
28741 0.000020
28742 0.000020
28743 0.000020
28744 0.000020
28745 0.000020
28746 0.000020
28747 0.000020
28748 0.000020
28749 0.000020
28750 0.000020
28751 0.000020
28752 0.000020
28753 0.000020
28754 0.000020
28755 0.000020
28756 0.000020
28757 0.000020
28758 0.000020
28759 0.000020
28760 0.000020
28761 0.000020
28762 0.000020
28763 0.000020
28764 0.000020
28765 0.000020
28766 0.000020
28767 0.000020
28768 0.000020
28769 0.000020
28770 0.000020
28771 0.000020
28772 0.000020
28773 0.000020
28774 0.000020
28775 0.000020
28776 0.000020
28777 0.000020
28778 0.000020
28779 0.000020
28780 0.000020
28781 0.000020
28782 0.000020
28783 0.000020
28784 0.000020
28785 0.000020
28786 0.000020
28787 0.000020
28788 0.000020
28789 0.000020
28790 0.000020
28791 0.000020
28792 0.000020
28793 0.000020
28794 0.000020
28795 0.000020
28796 0.000020
28797 0.000020
28798 0.000020
28799 0.000020
28800 0.000020
28801 0.000020
28802 0.000020
28803 0.000020
28804 0.000020
28805 0.000020
28806 0.000020
28807 0.000020
28808 0.000020
28809 0.000020
28810 0.000020
28811 0.000020
28812 0.000020
28813 0.000020
28814 0.000020
28815 0.000020
28816 0.000020
28817 0.000020
28818 0.000020
28819 0.000020
28820 0.000020
28821 0.000020
28822 0.000020
28823 0.000020
28824 0.000020
28825 0.000020
28826 0.000020
28827 0.000020
28828 0.000020
28829 0.000020
28830 0.000020
28831 0.000020
28832 0.000020
28833 0.000020
28834 0.000020
28835 0.000020
28836 0.000020
28837 0.000020
28838 0.000020
28839 0.000020
28840 0.000020
28841 0.000020
28842 0.000020
28843 0.000020
28844 0.000020
28845 0.000020
28846 0.000020
28847 0.000020
28848 0.000020
28849 0.000020
28850 0.000020
28851 0.000020
28852 0.000020
28853 0.000020
28854 0.000020
28855 0.000020
28856 0.000020
28857 0.000020
28858 0.000020
28859 0.000020
28860 0.000020
28861 0.000020
28862 0.000020
28863 0.000020
28864 0.000020
28865 0.000020
28866 0.000020
28867 0.000020
28868 0.000020
28869 0.000020
28870 0.000020
28871 0.000020
28872 0.000020
28873 0.000020
28874 0.000020
28875 0.000020
28876 0.000020
28877 0.000020
28878 0.000020
28879 0.000020
28880 0.000020
28881 0.000020
28882 0.000020
28883 0.000020
28884 0.000020
28885 0.000020
28886 0.000020
28887 0.000020
28888 0.000020
28889 0.000020
28890 0.000020
28891 0.000020
28892 0.000020
28893 0.000020
28894 0.000020
28895 0.000020
28896 0.000020
28897 0.000020
28898 0.000020
28899 0.000020
28900 0.000020
28901 0.000020
28902 0.000020
28903 0.000020
28904 0.000020
28905 0.000020
28906 0.000020
28907 0.000020
28908 0.000020
28909 0.000020
28910 0.000020
28911 0.000020
28912 0.000020
28913 0.000020
28914 0.000020
28915 0.000020
28916 0.000020
28917 0.000020
28918 0.000020
28919 0.000020
28920 0.000020
28921 0.000020
28922 0.000020
28923 0.000020
28924 0.000020
28925 0.000020
28926 0.000020
28927 0.000020
28928 0.000020
28929 0.000020
28930 0.000020
28931 0.000020
28932 0.000020
28933 0.000020
28934 0.000020
28935 0.000020
28936 0.000020
28937 0.000020
28938 0.000020
28939 0.000020
28940 0.000020
28941 0.000020
28942 0.000020
28943 0.000020
28944 0.000020
28945 0.000020
28946 0.000020
28947 0.000020
28948 0.000020
28949 0.000020
28950 0.000020
28951 0.000020
28952 0.000020
28953 0.000020
28954 0.000020
28955 0.000020
28956 0.000020
28957 0.000020
28958 0.000020
28959 0.000020
28960 0.000020
28961 0.000020
28962 0.000020
28963 0.000020
28964 0.000020
28965 0.000020
28966 0.000020
28967 0.000020
28968 0.000020
28969 0.000020
28970 0.000020
28971 0.000020
28972 0.000020
28973 0.000020
28974 0.000020
28975 0.000020
28976 0.000020
28977 0.000020
28978 0.000020
28979 0.000020
28980 0.000020
28981 0.000020
28982 0.000020
28983 0.000020
28984 0.000020
28985 0.000020
28986 0.000020
28987 0.000020
28988 0.000020
28989 0.000020
28990 0.000020
28991 0.000020
28992 0.000020
28993 0.000020
28994 0.000020
28995 0.000020
28996 0.000020
28997 0.000020
28998 0.000020
28999 0.000020
29000 0.000020
29001 0.000020
29002 0.000020
29003 0.000020
29004 0.000020
29005 0.000020
29006 0.000020
29007 0.000020
29008 0.000020
29009 0.000020
29010 0.000020
29011 0.000020
29012 0.000020
29013 0.000020
29014 0.000020
29015 0.000020
29016 0.000020
29017 0.000020
29018 0.000020
29019 0.000020
29020 0.000020
29021 0.000020
29022 0.000020
29023 0.000020
29024 0.000020
29025 0.000020
29026 0.000020
29027 0.000020
29028 0.000020
29029 0.000020
29030 0.000020
29031 0.000020
29032 0.000020
29033 0.000020
29034 0.000020
29035 0.000020
29036 0.000020
29037 0.000020
29038 0.000020
29039 0.000020
29040 0.000020
29041 0.000020
29042 0.000020
29043 0.000020
29044 0.000020
29045 0.000020
29046 0.000020
29047 0.000020
29048 0.000020
29049 0.000020
29050 0.000020
29051 0.000020
29052 0.000020
29053 0.000020
29054 0.000020
29055 0.000020
29056 0.000020
29057 0.000020
29058 0.000020
29059 0.000020
29060 0.000020
29061 0.000020
29062 0.000020
29063 0.000020
29064 0.000020
29065 0.000020
29066 0.000020
29067 0.000020
29068 0.000020
29069 0.000020
29070 0.000020
29071 0.000020
29072 0.000020
29073 0.000020
29074 0.000020
29075 0.000020
29076 0.000020
29077 0.000020
29078 0.000020
29079 0.000020
29080 0.000020
29081 0.000020
29082 0.000020
29083 0.000020
29084 0.000020
29085 0.000020
29086 0.000020
29087 0.000020
29088 0.000020
29089 0.000020
29090 0.000020
29091 0.000020
29092 0.000020
29093 0.000020
29094 0.000020
29095 0.000020
29096 0.000020
29097 0.000020
29098 0.000020
29099 0.000020
29100 0.000020
29101 0.000020
29102 0.000020
29103 0.000020
29104 0.000020
29105 0.000020
29106 0.000020
29107 0.000020
29108 0.000020
29109 0.000020
29110 0.000020
29111 0.000020
29112 0.000020
29113 0.000020
29114 0.000020
29115 0.000020
29116 0.000020
29117 0.000020
29118 0.000020
29119 0.000020
29120 0.000020
29121 0.000020
29122 0.000020
29123 0.000020
29124 0.000020
29125 0.000020
29126 0.000020
29127 0.000020
29128 0.000020
29129 0.000020
29130 0.000020
29131 0.000020
29132 0.000020
29133 0.000020
29134 0.000020
29135 0.000020
29136 0.000020
29137 0.000020
29138 0.000020
29139 0.000020
29140 0.000020
29141 0.000020
29142 0.000020
29143 0.000020
29144 0.000020
29145 0.000020
29146 0.000020
29147 0.000020
29148 0.000020
29149 0.000020
29150 0.000020
29151 0.000020
29152 0.000020
29153 0.000020
29154 0.000020
29155 0.000020
29156 0.000020
29157 0.000020
29158 0.000020
29159 0.000020
29160 0.000020
29161 0.000020
29162 0.000020
29163 0.000020
29164 0.000020
29165 0.000020
29166 0.000020
29167 0.000020
29168 0.000020
29169 0.000020
29170 0.000020
29171 0.000020
29172 0.000020
29173 0.000020
29174 0.000020
29175 0.000020
29176 0.000020
29177 0.000020
29178 0.000020
29179 0.000020
29180 0.000020
29181 0.000020
29182 0.000020
29183 0.000020
29184 0.000020
29185 0.000020
29186 0.000020
29187 0.000020
29188 0.000020
29189 0.000020
29190 0.000020
29191 0.000020
29192 0.000020
29193 0.000020
29194 0.000020
29195 0.000020
29196 0.000020
29197 0.000020
29198 0.000020
29199 0.000020
29200 0.000020
29201 0.000020
29202 0.000020
29203 0.000020
29204 0.000020
29205 0.000020
29206 0.000020
29207 0.000020
29208 0.000020
29209 0.000020
29210 0.000020
29211 0.000020
29212 0.000020
29213 0.000020
29214 0.000020
29215 0.000020
29216 0.000020
29217 0.000020
29218 0.000020
29219 0.000020
29220 0.000020
29221 0.000020
29222 0.000020
29223 0.000020
29224 0.000020
29225 0.000020
29226 0.000020
29227 0.000020
29228 0.000020
29229 0.000020
29230 0.000020
29231 0.000020
29232 0.000020
29233 0.000020
29234 0.000020
29235 0.000020
29236 0.000020
29237 0.000020
29238 0.000020
29239 0.000020
29240 0.000020
29241 0.000020
29242 0.000020
29243 0.000020
29244 0.000020
29245 0.000020
29246 0.000020
29247 0.000020
29248 0.000020
29249 0.000020
29250 0.000020
29251 0.000020
29252 0.000020
29253 0.000020
29254 0.000020
29255 0.000020
29256 0.000020
29257 0.000020
29258 0.000020
29259 0.000020
29260 0.000020
29261 0.000020
29262 0.000020
29263 0.000020
29264 0.000020
29265 0.000020
29266 0.000020
29267 0.000020
29268 0.000020
29269 0.000020
29270 0.000020
29271 0.000020
29272 0.000020
29273 0.000020
29274 0.000020
29275 0.000020
29276 0.000020
29277 0.000020
29278 0.000020
29279 0.000020
29280 0.000020
29281 0.000020
29282 0.000020
29283 0.000020
29284 0.000020
29285 0.000020
29286 0.000020
29287 0.000020
29288 0.000020
29289 0.000020
29290 0.000020
29291 0.000020
29292 0.000020
29293 0.000020
29294 0.000020
29295 0.000020
29296 0.000020
29297 0.000020
29298 0.000020
29299 0.000020
29300 0.000020
29301 0.000020
29302 0.000020
29303 0.000020
29304 0.000020
29305 0.000020
29306 0.000020
29307 0.000020
29308 0.000020
29309 0.000020
29310 0.000020
29311 0.000020
29312 0.000020
29313 0.000020
29314 0.000020
29315 0.000020
29316 0.000020
29317 0.000020
29318 0.000020
29319 0.000020
29320 0.000020
29321 0.000020
29322 0.000020
29323 0.000020
29324 0.000020
29325 0.000020
29326 0.000020
29327 0.000020
29328 0.000020
29329 0.000020
29330 0.000020
29331 0.000020
29332 0.000020
29333 0.000020
29334 0.000020
29335 0.000020
29336 0.000020
29337 0.000020
29338 0.000020
29339 0.000020
29340 0.000020
29341 0.000020
29342 0.000020
29343 0.000020
29344 0.000020
29345 0.000020
29346 0.000020
29347 0.000020
29348 0.000020
29349 0.000020
29350 0.000020
29351 0.000020
29352 0.000020
29353 0.000020
29354 0.000020
29355 0.000020
29356 0.000020
29357 0.000020
29358 0.000020
29359 0.000020
29360 0.000020
29361 0.000020
29362 0.000020
29363 0.000020
29364 0.000020
29365 0.000020
29366 0.000020
29367 0.000020
29368 0.000020
29369 0.000020
29370 0.000020
29371 0.000020
29372 0.000020
29373 0.000020
29374 0.000020
29375 0.000020
29376 0.000020
29377 0.000020
29378 0.000020
29379 0.000020
29380 0.000020
29381 0.000020
29382 0.000020
29383 0.000020
29384 0.000020
29385 0.000020
29386 0.000020
29387 0.000020
29388 0.000020
29389 0.000020
29390 0.000020
29391 0.000020
29392 0.000020
29393 0.000020
29394 0.000020
29395 0.000020
29396 0.000020
29397 0.000020
29398 0.000020
29399 0.000020
29400 0.000020
29401 0.000020
29402 0.000020
29403 0.000020
29404 0.000020
29405 0.000020
29406 0.000020
29407 0.000020
29408 0.000020
29409 0.000020
29410 0.000020
29411 0.000020
29412 0.000020
29413 0.000020
29414 0.000020
29415 0.000020
29416 0.000020
29417 0.000020
29418 0.000020
29419 0.000020
29420 0.000020
29421 0.000020
29422 0.000020
29423 0.000020
29424 0.000020
29425 0.000020
29426 0.000020
29427 0.000020
29428 0.000020
29429 0.000020
29430 0.000020
29431 0.000020
29432 0.000020
29433 0.000020
29434 0.000020
29435 0.000020
29436 0.000020
29437 0.000020
29438 0.000020
29439 0.000020
29440 0.000020
29441 0.000020
29442 0.000020
29443 0.000020
29444 0.000020
29445 0.000020
29446 0.000020
29447 0.000020
29448 0.000020
29449 0.000020
29450 0.000020
29451 0.000020
29452 0.000020
29453 0.000020
29454 0.000020
29455 0.000020
29456 0.000020
29457 0.000020
29458 0.000020
29459 0.000020
29460 0.000020
29461 0.000020
29462 0.000020
29463 0.000020
29464 0.000020
29465 0.000020
29466 0.000020
29467 0.000020
29468 0.000020
29469 0.000020
29470 0.000020
29471 0.000020
29472 0.000020
29473 0.000020
29474 0.000020
29475 0.000020
29476 0.000020
29477 0.000020
29478 0.000020
29479 0.000020
29480 0.000020
29481 0.000020
29482 0.000020
29483 0.000020
29484 0.000020
29485 0.000020
29486 0.000020
29487 0.000020
29488 0.000020
29489 0.000020
29490 0.000020
29491 0.000020
29492 0.000020
29493 0.000020
29494 0.000020
29495 0.000020
29496 0.000020
29497 0.000020
29498 0.000020
29499 0.000020
29500 0.000020
29501 0.000020
29502 0.000020
29503 0.000020
29504 0.000020
29505 0.000020
29506 0.000020
29507 0.000020
29508 0.000020
29509 0.000020
29510 0.000020
29511 0.000020
29512 0.000020
29513 0.000020
29514 0.000020
29515 0.000020
29516 0.000020
29517 0.000020
29518 0.000020
29519 0.000020
29520 0.000020
29521 0.000020
29522 0.000020
29523 0.000020
29524 0.000020
29525 0.000020
29526 0.000020
29527 0.000020
29528 0.000020
29529 0.000020
29530 0.000020
29531 0.000020
29532 0.000020
29533 0.000020
29534 0.000020
29535 0.000020
29536 0.000020
29537 0.000020
29538 0.000020
29539 0.000020
29540 0.000020
29541 0.000020
29542 0.000020
29543 0.000020
29544 0.000020
29545 0.000020
29546 0.000020
29547 0.000020
29548 0.000020
29549 0.000020
29550 0.000020
29551 0.000020
29552 0.000020
29553 0.000020
29554 0.000020
29555 0.000020
29556 0.000020
29557 0.000020
29558 0.000020
29559 0.000020
29560 0.000020
29561 0.000020
29562 0.000020
29563 0.000020
29564 0.000020
29565 0.000020
29566 0.000020
29567 0.000020
29568 0.000020
29569 0.000020
29570 0.000020
29571 0.000020
29572 0.000020
29573 0.000020
29574 0.000020
29575 0.000020
29576 0.000020
29577 0.000020
29578 0.000020
29579 0.000020
29580 0.000020
29581 0.000020
29582 0.000020
29583 0.000020
29584 0.000020
29585 0.000020
29586 0.000020
29587 0.000020
29588 0.000020
29589 0.000020
29590 0.000020
29591 0.000020
29592 0.000020
29593 0.000020
29594 0.000020
29595 0.000020
29596 0.000020
29597 0.000020
29598 0.000020
29599 0.000020
29600 0.000020
29601 0.000020
29602 0.000020
29603 0.000020
29604 0.000020
29605 0.000020
29606 0.000020
29607 0.000020
29608 0.000020
29609 0.000020
29610 0.000020
29611 0.000020
29612 0.000020
29613 0.000020
29614 0.000020
29615 0.000020
29616 0.000020
29617 0.000020
29618 0.000020
29619 0.000020
29620 0.000020
29621 0.000020
29622 0.000020
29623 0.000020
29624 0.000020
29625 0.000020
29626 0.000020
29627 0.000020
29628 0.000020
29629 0.000020
29630 0.000020
29631 0.000020
29632 0.000020
29633 0.000020
29634 0.000020
29635 0.000020
29636 0.000020
29637 0.000020
29638 0.000020
29639 0.000020
29640 0.000020
29641 0.000020
29642 0.000020
29643 0.000020
29644 0.000020
29645 0.000020
29646 0.000020
29647 0.000020
29648 0.000020
29649 0.000020
29650 0.000020
29651 0.000020
29652 0.000020
29653 0.000020
29654 0.000020
29655 0.000020
29656 0.000020
29657 0.000020
29658 0.000020
29659 0.000020
29660 0.000020
29661 0.000020
29662 0.000020
29663 0.000020
29664 0.000020
29665 0.000020
29666 0.000020
29667 0.000020
29668 0.000020
29669 0.000020
29670 0.000020
29671 0.000020
29672 0.000020
29673 0.000020
29674 0.000020
29675 0.000020
29676 0.000020
29677 0.000020
29678 0.000020
29679 0.000020
29680 0.000020
29681 0.000020
29682 0.000020
29683 0.000020
29684 0.000020
29685 0.000020
29686 0.000020
29687 0.000020
29688 0.000020
29689 0.000020
29690 0.000020
29691 0.000020
29692 0.000020
29693 0.000020
29694 0.000020
29695 0.000020
29696 0.000020
29697 0.000020
29698 0.000020
29699 0.000020
29700 0.000020
29701 0.000020
29702 0.000020
29703 0.000020
29704 0.000020
29705 0.000020
29706 0.000020
29707 0.000020
29708 0.000020
29709 0.000020
29710 0.000020
29711 0.000020
29712 0.000020
29713 0.000020
29714 0.000020
29715 0.000020
29716 0.000020
29717 0.000020
29718 0.000020
29719 0.000020
29720 0.000020
29721 0.000020
29722 0.000020
29723 0.000020
29724 0.000020
29725 0.000020
29726 0.000020
29727 0.000020
29728 0.000020
29729 0.000020
29730 0.000020
29731 0.000020
29732 0.000020
29733 0.000020
29734 0.000020
29735 0.000020
29736 0.000020
29737 0.000020
29738 0.000020
29739 0.000020
29740 0.000020
29741 0.000020
29742 0.000020
29743 0.000020
29744 0.000020
29745 0.000020
29746 0.000020
29747 0.000020
29748 0.000020
29749 0.000020
29750 0.000020
29751 0.000020
29752 0.000020
29753 0.000020
29754 0.000020
29755 0.000020
29756 0.000020
29757 0.000020
29758 0.000020
29759 0.000020
29760 0.000020
29761 0.000020
29762 0.000020
29763 0.000020
29764 0.000020
29765 0.000020
29766 0.000020
29767 0.000020
29768 0.000020
29769 0.000020
29770 0.000020
29771 0.000020
29772 0.000020
29773 0.000020
29774 0.000020
29775 0.000020
29776 0.000020
29777 0.000020
29778 0.000020
29779 0.000020
29780 0.000020
29781 0.000020
29782 0.000020
29783 0.000020
29784 0.000020
29785 0.000020
29786 0.000020
29787 0.000020
29788 0.000020
29789 0.000020
29790 0.000020
29791 0.000020
29792 0.000020
29793 0.000020
29794 0.000020
29795 0.000020
29796 0.000020
29797 0.000020
29798 0.000020
29799 0.000020
29800 0.000020
29801 0.000020
29802 0.000020
29803 0.000020
29804 0.000020
29805 0.000020
29806 0.000020
29807 0.000020
29808 0.000020
29809 0.000020
29810 0.000020
29811 0.000020
29812 0.000020
29813 0.000020
29814 0.000020
29815 0.000020
29816 0.000020
29817 0.000020
29818 0.000020
29819 0.000020
29820 0.000020
29821 0.000020
29822 0.000020
29823 0.000020
29824 0.000020
29825 0.000020
29826 0.000020
29827 0.000020
29828 0.000020
29829 0.000020
29830 0.000020
29831 0.000020
29832 0.000020
29833 0.000020
29834 0.000020
29835 0.000020
29836 0.000020
29837 0.000020
29838 0.000020
29839 0.000020
29840 0.000020
29841 0.000020
29842 0.000020
29843 0.000020
29844 0.000020
29845 0.000020
29846 0.000020
29847 0.000020
29848 0.000020
29849 0.000020
29850 0.000020
29851 0.000020
29852 0.000020
29853 0.000020
29854 0.000020
29855 0.000020
29856 0.000020
29857 0.000020
29858 0.000020
29859 0.000020
29860 0.000020
29861 0.000020
29862 0.000020
29863 0.000020
29864 0.000020
29865 0.000020
29866 0.000020
29867 0.000020
29868 0.000020
29869 0.000020
29870 0.000020
29871 0.000020
29872 0.000020
29873 0.000020
29874 0.000020
29875 0.000020
29876 0.000020
29877 0.000020
29878 0.000020
29879 0.000020
29880 0.000020
29881 0.000020
29882 0.000020
29883 0.000020
29884 0.000020
29885 0.000020
29886 0.000020
29887 0.000020
29888 0.000020
29889 0.000020
29890 0.000020
29891 0.000020
29892 0.000020
29893 0.000020
29894 0.000020
29895 0.000020
29896 0.000020
29897 0.000020
29898 0.000020
29899 0.000020
29900 0.000020
29901 0.000020
29902 0.000020
29903 0.000020
29904 0.000020
29905 0.000020
29906 0.000020
29907 0.000020
29908 0.000020
29909 0.000020
29910 0.000020
29911 0.000020
29912 0.000020
29913 0.000020
29914 0.000020
29915 0.000020
29916 0.000020
29917 0.000020
29918 0.000020
29919 0.000020
29920 0.000020
29921 0.000020
29922 0.000020
29923 0.000020
29924 0.000020
29925 0.000020
29926 0.000020
29927 0.000020
29928 0.000020
29929 0.000020
29930 0.000020
29931 0.000020
29932 0.000020
29933 0.000020
29934 0.000020
29935 0.000020
29936 0.000020
29937 0.000020
29938 0.000020
29939 0.000020
29940 0.000020
29941 0.000020
29942 0.000020
29943 0.000020
29944 0.000020
29945 0.000020
29946 0.000020
29947 0.000020
29948 0.000020
29949 0.000020
29950 0.000020
29951 0.000020
29952 0.000020
29953 0.000020
29954 0.000020
29955 0.000020
29956 0.000020
29957 0.000020
29958 0.000020
29959 0.000020
29960 0.000020
29961 0.000020
29962 0.000020
29963 0.000020
29964 0.000020
29965 0.000020
29966 0.000020
29967 0.000020
29968 0.000020
29969 0.000020
29970 0.000020
29971 0.000020
29972 0.000020
29973 0.000020
29974 0.000020
29975 0.000020
29976 0.000020
29977 0.000020
29978 0.000020
29979 0.000020
29980 0.000020
29981 0.000020
29982 0.000020
29983 0.000020
29984 0.000020
29985 0.000020
29986 0.000020
29987 0.000020
29988 0.000020
29989 0.000020
29990 0.000020
29991 0.000020
29992 0.000020
29993 0.000020
29994 0.000020
29995 0.000020
29996 0.000020
29997 0.000020
29998 0.000020
29999 0.000020
30000 0.000020
30001 0.000020
30002 0.000020
30003 0.000020
30004 0.000020
30005 0.000020
30006 0.000020
30007 0.000020
30008 0.000020
30009 0.000020
30010 0.000020
30011 0.000020
30012 0.000020
30013 0.000020
30014 0.000020
30015 0.000020
30016 0.000020
30017 0.000020
30018 0.000020
30019 0.000020
30020 0.000020
30021 0.000020
30022 0.000020
30023 0.000020
30024 0.000020
30025 0.000020
30026 0.000020
30027 0.000020
30028 0.000020
30029 0.000020
30030 0.000020
30031 0.000020
30032 0.000020
30033 0.000020
30034 0.000020
30035 0.000020
30036 0.000020
30037 0.000020
30038 0.000020
30039 0.000020
30040 0.000020
30041 0.000020
30042 0.000020
30043 0.000020
30044 0.000020
30045 0.000020
30046 0.000020
30047 0.000020
30048 0.000020
30049 0.000020
30050 0.000020
30051 0.000020
30052 0.000020
30053 0.000020
30054 0.000020
30055 0.000020
30056 0.000020
30057 0.000020
30058 0.000020
30059 0.000020
30060 0.000020
30061 0.000020
30062 0.000020
30063 0.000020
30064 0.000020
30065 0.000020
30066 0.000020
30067 0.000020
30068 0.000020
30069 0.000020
30070 0.000020
30071 0.000020
30072 0.000020
30073 0.000020
30074 0.000020
30075 0.000020
30076 0.000020
30077 0.000020
30078 0.000020
30079 0.000020
30080 0.000020
30081 0.000020
30082 0.000020
30083 0.000020
30084 0.000020
30085 0.000020
30086 0.000020
30087 0.000020
30088 0.000020
30089 0.000020
30090 0.000020
30091 0.000020
30092 0.000020
30093 0.000020
30094 0.000020
30095 0.000020
30096 0.000020
30097 0.000020
30098 0.000020
30099 0.000020
30100 0.000020
30101 0.000020
30102 0.000020
30103 0.000020
30104 0.000020
30105 0.000020
30106 0.000020
30107 0.000020
30108 0.000020
30109 0.000020
30110 0.000020
30111 0.000020
30112 0.000020
30113 0.000020
30114 0.000020
30115 0.000020
30116 0.000020
30117 0.000020
30118 0.000020
30119 0.000020
30120 0.000020
30121 0.000020
30122 0.000020
30123 0.000020
30124 0.000020
30125 0.000020
30126 0.000020
30127 0.000020
30128 0.000020
30129 0.000020
30130 0.000020
30131 0.000020
30132 0.000020
30133 0.000020
30134 0.000020
30135 0.000020
30136 0.000020
30137 0.000020
30138 0.000020
30139 0.000020
30140 0.000020
30141 0.000020
30142 0.000020
30143 0.000020
30144 0.000020
30145 0.000020
30146 0.000020
30147 0.000020
30148 0.000020
30149 0.000020
30150 0.000020
30151 0.000020
30152 0.000020
30153 0.000020
30154 0.000020
30155 0.000020
30156 0.000020
30157 0.000020
30158 0.000020
30159 0.000020
30160 0.000020
30161 0.000020
30162 0.000020
30163 0.000020
30164 0.000020
30165 0.000020
30166 0.000020
30167 0.000020
30168 0.000020
30169 0.000020
30170 0.000020
30171 0.000020
30172 0.000020
30173 0.000020
30174 0.000020
30175 0.000020
30176 0.000020
30177 0.000020
30178 0.000020
30179 0.000020
30180 0.000020
30181 0.000020
30182 0.000020
30183 0.000020
30184 0.000020
30185 0.000020
30186 0.000020
30187 0.000020
30188 0.000020
30189 0.000020
30190 0.000020
30191 0.000020
30192 0.000020
30193 0.000020
30194 0.000020
30195 0.000020
30196 0.000020
30197 0.000020
30198 0.000020
30199 0.000020
30200 0.000020
30201 0.000020
30202 0.000020
30203 0.000020
30204 0.000020
30205 0.000020
30206 0.000020
30207 0.000020
30208 0.000020
30209 0.000020
30210 0.000020
30211 0.000020
30212 0.000020
30213 0.000020
30214 0.000020
30215 0.000020
30216 0.000020
30217 0.000020
30218 0.000020
30219 0.000020
30220 0.000020
30221 0.000020
30222 0.000020
30223 0.000020
30224 0.000020
30225 0.000020
30226 0.000020
30227 0.000020
30228 0.000020
30229 0.000020
30230 0.000020
30231 0.000020
30232 0.000020
30233 0.000020
30234 0.000020
30235 0.000020
30236 0.000020
30237 0.000020
30238 0.000020
30239 0.000020
30240 0.000020
30241 0.000020
30242 0.000020
30243 0.000020
30244 0.000020
30245 0.000020
30246 0.000020
30247 0.000020
30248 0.000020
30249 0.000020
30250 0.000020
30251 0.000020
30252 0.000020
30253 0.000020
30254 0.000020
30255 0.000020
30256 0.000020
30257 0.000020
30258 0.000020
30259 0.000020
30260 0.000020
30261 0.000020
30262 0.000020
30263 0.000020
30264 0.000020
30265 0.000020
30266 0.000020
30267 0.000020
30268 0.000020
30269 0.000020
30270 0.000020
30271 0.000020
30272 0.000020
30273 0.000020
30274 0.000020
30275 0.000020
30276 0.000020
30277 0.000020
30278 0.000020
30279 0.000020
30280 0.000020
30281 0.000020
30282 0.000020
30283 0.000020
30284 0.000020
30285 0.000020
30286 0.000020
30287 0.000020
30288 0.000020
30289 0.000020
30290 0.000020
30291 0.000020
30292 0.000020
30293 0.000020
30294 0.000020
30295 0.000020
30296 0.000020
30297 0.000020
30298 0.000020
30299 0.000020
30300 0.000020
30301 0.000020
30302 0.000020
30303 0.000020
30304 0.000020
30305 0.000020
30306 0.000020
30307 0.000020
30308 0.000020
30309 0.000020
30310 0.000020
30311 0.000020
30312 0.000020
30313 0.000020
30314 0.000020
30315 0.000020
30316 0.000020
30317 0.000020
30318 0.000020
30319 0.000020
30320 0.000020
30321 0.000020
30322 0.000020
30323 0.000020
30324 0.000020
30325 0.000020
30326 0.000020
30327 0.000020
30328 0.000020
30329 0.000020
30330 0.000020
30331 0.000020
30332 0.000020
30333 0.000020
30334 0.000020
30335 0.000020
30336 0.000020
30337 0.000020
30338 0.000020
30339 0.000020
30340 0.000020
30341 0.000020
30342 0.000020
30343 0.000020
30344 0.000020
30345 0.000020
30346 0.000020
30347 0.000020
30348 0.000020
30349 0.000020
30350 0.000020
30351 0.000020
30352 0.000020
30353 0.000020
30354 0.000020
30355 0.000020
30356 0.000020
30357 0.000020
30358 0.000020
30359 0.000020
30360 0.000020
30361 0.000020
30362 0.000020
30363 0.000020
30364 0.000020
30365 0.000020
30366 0.000020
30367 0.000020
30368 0.000020
30369 0.000020
30370 0.000020
30371 0.000020
30372 0.000020
30373 0.000020
30374 0.000020
30375 0.000020
30376 0.000020
30377 0.000020
30378 0.000020
30379 0.000020
30380 0.000020
30381 0.000020
30382 0.000020
30383 0.000020
30384 0.000020
30385 0.000020
30386 0.000020
30387 0.000020
30388 0.000020
30389 0.000020
30390 0.000020
30391 0.000020
30392 0.000020
30393 0.000020
30394 0.000020
30395 0.000020
30396 0.000020
30397 0.000020
30398 0.000020
30399 0.000020
30400 0.000020
30401 0.000020
30402 0.000020
30403 0.000020
30404 0.000020
30405 0.000020
30406 0.000020
30407 0.000020
30408 0.000020
30409 0.000020
30410 0.000020
30411 0.000020
30412 0.000020
30413 0.000020
30414 0.000020
30415 0.000020
30416 0.000020
30417 0.000020
30418 0.000020
30419 0.000020
30420 0.000020
30421 0.000020
30422 0.000020
30423 0.000020
30424 0.000020
30425 0.000020
30426 0.000020
30427 0.000020
30428 0.000020
30429 0.000020
30430 0.000020
30431 0.000020
30432 0.000020
30433 0.000020
30434 0.000020
30435 0.000020
30436 0.000020
30437 0.000020
30438 0.000020
30439 0.000020
30440 0.000020
30441 0.000020
30442 0.000020
30443 0.000020
30444 0.000020
30445 0.000020
30446 0.000020
30447 0.000020
30448 0.000020
30449 0.000020
30450 0.000020
30451 0.000020
30452 0.000020
30453 0.000020
30454 0.000020
30455 0.000020
30456 0.000020
30457 0.000020
30458 0.000020
30459 0.000020
30460 0.000020
30461 0.000020
30462 0.000020
30463 0.000020
30464 0.000020
30465 0.000020
30466 0.000020
30467 0.000020
30468 0.000020
30469 0.000020
30470 0.000020
30471 0.000020
30472 0.000020
30473 0.000020
30474 0.000020
30475 0.000020
30476 0.000020
30477 0.000020
30478 0.000020
30479 0.000020
30480 0.000020
30481 0.000020
30482 0.000020
30483 0.000020
30484 0.000020
30485 0.000020
30486 0.000020
30487 0.000020
30488 0.000020
30489 0.000020
30490 0.000020
30491 0.000020
30492 0.000020
30493 0.000020
30494 0.000020
30495 0.000020
30496 0.000020
30497 0.000020
30498 0.000020
30499 0.000020
30500 0.000020
30501 0.000020
30502 0.000020
30503 0.000020
30504 0.000020
30505 0.000020
30506 0.000020
30507 0.000020
30508 0.000020
30509 0.000020
30510 0.000020
30511 0.000020
30512 0.000020
30513 0.000020
30514 0.000020
30515 0.000020
30516 0.000020
30517 0.000020
30518 0.000020
30519 0.000020
30520 0.000020
30521 0.000020
30522 0.000020
30523 0.000020
30524 0.000020
30525 0.000020
30526 0.000020
30527 0.000020
30528 0.000020
30529 0.000020
30530 0.000020
30531 0.000020
30532 0.000020
30533 0.000020
30534 0.000020
30535 0.000020
30536 0.000020
30537 0.000020
30538 0.000020
30539 0.000020
30540 0.000020
30541 0.000020
30542 0.000020
30543 0.000020
30544 0.000020
30545 0.000020
30546 0.000020
30547 0.000020
30548 0.000020
30549 0.000020
30550 0.000020
30551 0.000020
30552 0.000020
30553 0.000020
30554 0.000020
30555 0.000020
30556 0.000020
30557 0.000020
30558 0.000020
30559 0.000020
30560 0.000020
30561 0.000020
30562 0.000020
30563 0.000020
30564 0.000020
30565 0.000020
30566 0.000020
30567 0.000020
30568 0.000020
30569 0.000020
30570 0.000020
30571 0.000020
30572 0.000020
30573 0.000020
30574 0.000020
30575 0.000020
30576 0.000020
30577 0.000020
30578 0.000020
30579 0.000020
30580 0.000020
30581 0.000020
30582 0.000020
30583 0.000020
30584 0.000020
30585 0.000020
30586 0.000020
30587 0.000020
30588 0.000020
30589 0.000020
30590 0.000020
30591 0.000020
30592 0.000020
30593 0.000020
30594 0.000020
30595 0.000020
30596 0.000020
30597 0.000020
30598 0.000020
30599 0.000020
30600 0.000020
30601 0.000020
30602 0.000020
30603 0.000020
30604 0.000020
30605 0.000020
30606 0.000020
30607 0.000020
30608 0.000020
30609 0.000020
30610 0.000020
30611 0.000020
30612 0.000020
30613 0.000020
30614 0.000020
30615 0.000020
30616 0.000020
30617 0.000020
30618 0.000020
30619 0.000020
30620 0.000020
30621 0.000020
30622 0.000020
30623 0.000020
30624 0.000020
30625 0.000020
30626 0.000020
30627 0.000020
30628 0.000020
30629 0.000020
30630 0.000020
30631 0.000020
30632 0.000020
30633 0.000020
30634 0.000020
30635 0.000020
30636 0.000020
30637 0.000020
30638 0.000020
30639 0.000020
30640 0.000020
30641 0.000020
30642 0.000020
30643 0.000020
30644 0.000020
30645 0.000020
30646 0.000020
30647 0.000020
30648 0.000020
30649 0.000020
30650 0.000020
30651 0.000020
30652 0.000020
30653 0.000020
30654 0.000020
30655 0.000020
30656 0.000020
30657 0.000020
30658 0.000020
30659 0.000020
30660 0.000020
30661 0.000020
30662 0.000020
30663 0.000020
30664 0.000020
30665 0.000020
30666 0.000020
30667 0.000020
30668 0.000020
30669 0.000020
30670 0.000020
30671 0.000020
30672 0.000020
30673 0.000020
30674 0.000020
30675 0.000020
30676 0.000020
30677 0.000020
30678 0.000020
30679 0.000020
30680 0.000020
30681 0.000020
30682 0.000020
30683 0.000020
30684 0.000020
30685 0.000020
30686 0.000020
30687 0.000020
30688 0.000020
30689 0.000020
30690 0.000020
30691 0.000020
30692 0.000020
30693 0.000020
30694 0.000020
30695 0.000020
30696 0.000020
30697 0.000020
30698 0.000020
30699 0.000020
30700 0.000020
30701 0.000020
30702 0.000020
30703 0.000020
30704 0.000020
30705 0.000020
30706 0.000020
30707 0.000020
30708 0.000020
30709 0.000020
30710 0.000020
30711 0.000020
30712 0.000020
30713 0.000020
30714 0.000020
30715 0.000020
30716 0.000020
30717 0.000020
30718 0.000020
30719 0.000020
30720 0.000020
30721 0.000020
30722 0.000020
30723 0.000020
30724 0.000020
30725 0.000020
30726 0.000020
30727 0.000020
30728 0.000020
30729 0.000020
30730 0.000020
30731 0.000020
30732 0.000020
30733 0.000020
30734 0.000020
30735 0.000020
30736 0.000020
30737 0.000020
30738 0.000020
30739 0.000020
30740 0.000020
30741 0.000020
30742 0.000020
30743 0.000020
30744 0.000020
30745 0.000020
30746 0.000020
30747 0.000020
30748 0.000020
30749 0.000020
30750 0.000020
30751 0.000020
30752 0.000020
30753 0.000020
30754 0.000020
30755 0.000020
30756 0.000020
30757 0.000020
30758 0.000020
30759 0.000020
30760 0.000020
30761 0.000020
30762 0.000020
30763 0.000020
30764 0.000020
30765 0.000020
30766 0.000020
30767 0.000020
30768 0.000020
30769 0.000020
30770 0.000020
30771 0.000020
30772 0.000020
30773 0.000020
30774 0.000020
30775 0.000020
30776 0.000020
30777 0.000020
30778 0.000020
30779 0.000020
30780 0.000020
30781 0.000020
30782 0.000020
30783 0.000020
30784 0.000020
30785 0.000020
30786 0.000020
30787 0.000020
30788 0.000020
30789 0.000020
30790 0.000020
30791 0.000020
30792 0.000020
30793 0.000020
30794 0.000020
30795 0.000020
30796 0.000020
30797 0.000020
30798 0.000020
30799 0.000020
30800 0.000020
30801 0.000020
30802 0.000020
30803 0.000020
30804 0.000020
30805 0.000020
30806 0.000020
30807 0.000020
30808 0.000020
30809 0.000020
30810 0.000020
30811 0.000020
30812 0.000020
30813 0.000020
30814 0.000020
30815 0.000020
30816 0.000020
30817 0.000020
30818 0.000020
30819 0.000020
30820 0.000020
30821 0.000020
30822 0.000020
30823 0.000020
30824 0.000020
30825 0.000020
30826 0.000020
30827 0.000020
30828 0.000020
30829 0.000020
30830 0.000020
30831 0.000020
30832 0.000020
30833 0.000020
30834 0.000020
30835 0.000020
30836 0.000020
30837 0.000020
30838 0.000020
30839 0.000020
30840 0.000020
30841 0.000020
30842 0.000020
30843 0.000020
30844 0.000020
30845 0.000020
30846 0.000020
30847 0.000020
30848 0.000020
30849 0.000020
30850 0.000020
30851 0.000020
30852 0.000020
30853 0.000020
30854 0.000020
30855 0.000020
30856 0.000020
30857 0.000020
30858 0.000020
30859 0.000020
30860 0.000020
30861 0.000020
30862 0.000020
30863 0.000020
30864 0.000020
30865 0.000020
30866 0.000020
30867 0.000020
30868 0.000020
30869 0.000020
30870 0.000020
30871 0.000020
30872 0.000020
30873 0.000020
30874 0.000020
30875 0.000020
30876 0.000020
30877 0.000020
30878 0.000020
30879 0.000020
30880 0.000020
30881 0.000020
30882 0.000020
30883 0.000020
30884 0.000020
30885 0.000020
30886 0.000020
30887 0.000020
30888 0.000020
30889 0.000020
30890 0.000020
30891 0.000020
30892 0.000020
30893 0.000020
30894 0.000020
30895 0.000020
30896 0.000020
30897 0.000020
30898 0.000020
30899 0.000020
30900 0.000020
30901 0.000020
30902 0.000020
30903 0.000020
30904 0.000020
30905 0.000020
30906 0.000020
30907 0.000020
30908 0.000020
30909 0.000020
30910 0.000020
30911 0.000020
30912 0.000020
30913 0.000020
30914 0.000020
30915 0.000020
30916 0.000020
30917 0.000020
30918 0.000020
30919 0.000020
30920 0.000020
30921 0.000020
30922 0.000020
30923 0.000020
30924 0.000020
30925 0.000020
30926 0.000020
30927 0.000020
30928 0.000020
30929 0.000020
30930 0.000020
30931 0.000020
30932 0.000020
30933 0.000020
30934 0.000020
30935 0.000020
30936 0.000020
30937 0.000020
30938 0.000020
30939 0.000020
30940 0.000020
30941 0.000020
30942 0.000020
30943 0.000020
30944 0.000020
30945 0.000020
30946 0.000020
30947 0.000020
30948 0.000020
30949 0.000020
30950 0.000020
30951 0.000020
30952 0.000020
30953 0.000020
30954 0.000020
30955 0.000020
30956 0.000020
30957 0.000020
30958 0.000020
30959 0.000020
30960 0.000020
30961 0.000020
30962 0.000020
30963 0.000020
30964 0.000020
30965 0.000020
30966 0.000020
30967 0.000020
30968 0.000020
30969 0.000020
30970 0.000020
30971 0.000020
30972 0.000020
30973 0.000020
30974 0.000020
30975 0.000020
30976 0.000020
30977 0.000020
30978 0.000020
30979 0.000020
30980 0.000020
30981 0.000020
30982 0.000020
30983 0.000020
30984 0.000020
30985 0.000020
30986 0.000020
30987 0.000020
30988 0.000020
30989 0.000020
30990 0.000020
30991 0.000020
30992 0.000020
30993 0.000020
30994 0.000020
30995 0.000020
30996 0.000020
30997 0.000020
30998 0.000020
30999 0.000020
31000 0.000020
31001 0.000020
31002 0.000020
31003 0.000020
31004 0.000020
31005 0.000020
31006 0.000020
31007 0.000020
31008 0.000020
31009 0.000020
31010 0.000020
31011 0.000020
31012 0.000020
31013 0.000020
31014 0.000020
31015 0.000020
31016 0.000020
31017 0.000020
31018 0.000020
31019 0.000020
31020 0.000020
31021 0.000020
31022 0.000020
31023 0.000020
31024 0.000020
31025 0.000020
31026 0.000020
31027 0.000020
31028 0.000020
31029 0.000020
31030 0.000020
31031 0.000020
31032 0.000020
31033 0.000020
31034 0.000020
31035 0.000020
31036 0.000020
31037 0.000020
31038 0.000020
31039 0.000020
31040 0.000020
31041 0.000020
31042 0.000020
31043 0.000020
31044 0.000020
31045 0.000020
31046 0.000020
31047 0.000020
31048 0.000020
31049 0.000020
31050 0.000020
31051 0.000020
31052 0.000020
31053 0.000020
31054 0.000020
31055 0.000020
31056 0.000020
31057 0.000020
31058 0.000020
31059 0.000020
31060 0.000020
31061 0.000020
31062 0.000020
31063 0.000020
31064 0.000020
31065 0.000020
31066 0.000020
31067 0.000020
31068 0.000020
31069 0.000020
31070 0.000020
31071 0.000020
31072 0.000020
31073 0.000020
31074 0.000020
31075 0.000020
31076 0.000020
31077 0.000020
31078 0.000020
31079 0.000020
31080 0.000020
31081 0.000020
31082 0.000020
31083 0.000020
31084 0.000020
31085 0.000020
31086 0.000020
31087 0.000020
31088 0.000020
31089 0.000020
31090 0.000020
31091 0.000020
31092 0.000020
31093 0.000020
31094 0.000020
31095 0.000020
31096 0.000020
31097 0.000020
31098 0.000020
31099 0.000020
31100 0.000020
31101 0.000020
31102 0.000020
31103 0.000020
31104 0.000020
31105 0.000020
31106 0.000020
31107 0.000020
31108 0.000020
31109 0.000020
31110 0.000020
31111 0.000020
31112 0.000020
31113 0.000020
31114 0.000020
31115 0.000020
31116 0.000020
31117 0.000020
31118 0.000020
31119 0.000020
31120 0.000020
31121 0.000020
31122 0.000020
31123 0.000020
31124 0.000020
31125 0.000020
31126 0.000020
31127 0.000020
31128 0.000020
31129 0.000020
31130 0.000020
31131 0.000020
31132 0.000020
31133 0.000020
31134 0.000020
31135 0.000020
31136 0.000020
31137 0.000020
31138 0.000020
31139 0.000020
31140 0.000020
31141 0.000020
31142 0.000020
31143 0.000020
31144 0.000020
31145 0.000020
31146 0.000020
31147 0.000020
31148 0.000020
31149 0.000020
31150 0.000020
31151 0.000020
31152 0.000020
31153 0.000020
31154 0.000020
31155 0.000020
31156 0.000020
31157 0.000020
31158 0.000020
31159 0.000020
31160 0.000020
31161 0.000020
31162 0.000020
31163 0.000020
31164 0.000020
31165 0.000020
31166 0.000020
31167 0.000020
31168 0.000020
31169 0.000020
31170 0.000020
31171 0.000020
31172 0.000020
31173 0.000020
31174 0.000020
31175 0.000020
31176 0.000020
31177 0.000020
31178 0.000020
31179 0.000020
31180 0.000020
31181 0.000020
31182 0.000020
31183 0.000020
31184 0.000020
31185 0.000020
31186 0.000020
31187 0.000020
31188 0.000020
31189 0.000020
31190 0.000020
31191 0.000020
31192 0.000020
31193 0.000020
31194 0.000020
31195 0.000020
31196 0.000020
31197 0.000020
31198 0.000020
31199 0.000020
31200 0.000020
31201 0.000020
31202 0.000020
31203 0.000020
31204 0.000020
31205 0.000020
31206 0.000020
31207 0.000020
31208 0.000020
31209 0.000020
31210 0.000020
31211 0.000020
31212 0.000020
31213 0.000020
31214 0.000020
31215 0.000020
31216 0.000020
31217 0.000020
31218 0.000020
31219 0.000020
31220 0.000020
31221 0.000020
31222 0.000020
31223 0.000020
31224 0.000020
31225 0.000020
31226 0.000020
31227 0.000020
31228 0.000020
31229 0.000020
31230 0.000020
31231 0.000020
31232 0.000020
31233 0.000020
31234 0.000020
31235 0.000020
31236 0.000020
31237 0.000020
31238 0.000020
31239 0.000020
31240 0.000020
31241 0.000020
31242 0.000020
31243 0.000020
31244 0.000020
31245 0.000020
31246 0.000020
31247 0.000020
31248 0.000020
31249 0.000020
31250 0.000020
31251 0.000020
31252 0.000020
31253 0.000020
31254 0.000020
31255 0.000020
31256 0.000020
31257 0.000020
31258 0.000020
31259 0.000020
31260 0.000020
31261 0.000020
31262 0.000020
31263 0.000020
31264 0.000020
31265 0.000020
31266 0.000020
31267 0.000020
31268 0.000020
31269 0.000020
31270 0.000020
31271 0.000020
31272 0.000020
31273 0.000020
31274 0.000020
31275 0.000020
31276 0.000020
31277 0.000020
31278 0.000020
31279 0.000020
31280 0.000020
31281 0.000020
31282 0.000020
31283 0.000020
31284 0.000020
31285 0.000020
31286 0.000020
31287 0.000020
31288 0.000020
31289 0.000020
31290 0.000020
31291 0.000020
31292 0.000020
31293 0.000020
31294 0.000020
31295 0.000020
31296 0.000020
31297 0.000020
31298 0.000020
31299 0.000020
31300 0.000020
31301 0.000020
31302 0.000020
31303 0.000020
31304 0.000020
31305 0.000020
31306 0.000020
31307 0.000020
31308 0.000020
31309 0.000020
31310 0.000020
31311 0.000020
31312 0.000020
31313 0.000020
31314 0.000020
31315 0.000020
31316 0.000020
31317 0.000020
31318 0.000020
31319 0.000020
31320 0.000020
31321 0.000020
31322 0.000020
31323 0.000020
31324 0.000020
31325 0.000020
31326 0.000020
31327 0.000020
31328 0.000020
31329 0.000020
31330 0.000020
31331 0.000020
31332 0.000020
31333 0.000020
31334 0.000020
31335 0.000020
31336 0.000020
31337 0.000020
31338 0.000020
31339 0.000020
31340 0.000020
31341 0.000020
31342 0.000020
31343 0.000020
31344 0.000020
31345 0.000020
31346 0.000020
31347 0.000020
31348 0.000020
31349 0.000020
31350 0.000020
31351 0.000020
31352 0.000020
31353 0.000020
31354 0.000020
31355 0.000020
31356 0.000020
31357 0.000020
31358 0.000020
31359 0.000020
31360 0.000020
31361 0.000020
31362 0.000020
31363 0.000020
31364 0.000020
31365 0.000020
31366 0.000020
31367 0.000020
31368 0.000020
31369 0.000020
31370 0.000020
31371 0.000020
31372 0.000020
31373 0.000020
31374 0.000020
31375 0.000020
31376 0.000020
31377 0.000020
31378 0.000020
31379 0.000020
31380 0.000020
31381 0.000020
31382 0.000020
31383 0.000020
31384 0.000020
31385 0.000020
31386 0.000020
31387 0.000020
31388 0.000020
31389 0.000020
31390 0.000020
31391 0.000020
31392 0.000020
31393 0.000020
31394 0.000020
31395 0.000020
31396 0.000020
31397 0.000020
31398 0.000020
31399 0.000020
31400 0.000020
31401 0.000020
31402 0.000020
31403 0.000020
31404 0.000020
31405 0.000020
31406 0.000020
31407 0.000020
31408 0.000020
31409 0.000020
31410 0.000020
31411 0.000020
31412 0.000020
31413 0.000020
31414 0.000020
31415 0.000020
31416 0.000020
31417 0.000020
31418 0.000020
31419 0.000020
31420 0.000020
31421 0.000020
31422 0.000020
31423 0.000020
31424 0.000020
31425 0.000020
31426 0.000020
31427 0.000020
31428 0.000020
31429 0.000020
31430 0.000020
31431 0.000020
31432 0.000020
31433 0.000020
31434 0.000020
31435 0.000020
31436 0.000020
31437 0.000020
31438 0.000020
31439 0.000020
31440 0.000020
31441 0.000020
31442 0.000020
31443 0.000020
31444 0.000020
31445 0.000020
31446 0.000020
31447 0.000020
31448 0.000020
31449 0.000020
31450 0.000020
31451 0.000020
31452 0.000020
31453 0.000020
31454 0.000020
31455 0.000020
31456 0.000020
31457 0.000020
31458 0.000020
31459 0.000020
31460 0.000020
31461 0.000020
31462 0.000020
31463 0.000020
31464 0.000020
31465 0.000020
31466 0.000020
31467 0.000020
31468 0.000020
31469 0.000020
31470 0.000020
31471 0.000020
31472 0.000020
31473 0.000020
31474 0.000020
31475 0.000020
31476 0.000020
31477 0.000020
31478 0.000020
31479 0.000020
31480 0.000020
31481 0.000020
31482 0.000020
31483 0.000020
31484 0.000020
31485 0.000020
31486 0.000020
31487 0.000020
31488 0.000020
31489 0.000020
31490 0.000020
31491 0.000020
31492 0.000020
31493 0.000020
31494 0.000020
31495 0.000020
31496 0.000020
31497 0.000020
31498 0.000020
31499 0.000020
31500 0.000020
31501 0.000020
31502 0.000020
31503 0.000020
31504 0.000020
31505 0.000020
31506 0.000020
31507 0.000020
31508 0.000020
31509 0.000020
31510 0.000020
31511 0.000020
31512 0.000020
31513 0.000020
31514 0.000020
31515 0.000020
31516 0.000020
31517 0.000020
31518 0.000020
31519 0.000020
31520 0.000020
31521 0.000020
31522 0.000020
31523 0.000020
31524 0.000020
31525 0.000020
31526 0.000020
31527 0.000020
31528 0.000020
31529 0.000020
31530 0.000020
31531 0.000020
31532 0.000020
31533 0.000020
31534 0.000020
31535 0.000020
31536 0.000020
31537 0.000020
31538 0.000020
31539 0.000020
31540 0.000020
31541 0.000020
31542 0.000020
31543 0.000020
31544 0.000020
31545 0.000020
31546 0.000020
31547 0.000020
31548 0.000020
31549 0.000020
31550 0.000020
31551 0.000020
31552 0.000020
31553 0.000020
31554 0.000020
31555 0.000020
31556 0.000020
31557 0.000020
31558 0.000020
31559 0.000020
31560 0.000020
31561 0.000020
31562 0.000020
31563 0.000020
31564 0.000020
31565 0.000020
31566 0.000020
31567 0.000020
31568 0.000020
31569 0.000020
31570 0.000020
31571 0.000020
31572 0.000020
31573 0.000020
31574 0.000020
31575 0.000020
31576 0.000020
31577 0.000020
31578 0.000020
31579 0.000020
31580 0.000020
31581 0.000020
31582 0.000020
31583 0.000020
31584 0.000020
31585 0.000020
31586 0.000020
31587 0.000020
31588 0.000020
31589 0.000020
31590 0.000020
31591 0.000020
31592 0.000020
31593 0.000020
31594 0.000020
31595 0.000020
31596 0.000020
31597 0.000020
31598 0.000020
31599 0.000020
31600 0.000020
31601 0.000020
31602 0.000020
31603 0.000020
31604 0.000020
31605 0.000020
31606 0.000020
31607 0.000020
31608 0.000020
31609 0.000020
31610 0.000020
31611 0.000020
31612 0.000020
31613 0.000020
31614 0.000020
31615 0.000020
31616 0.000020
31617 0.000020
31618 0.000020
31619 0.000020
31620 0.000020
31621 0.000020
31622 0.000020
31623 0.000020
31624 0.000020
31625 0.000020
31626 0.000020
31627 0.000020
31628 0.000020
31629 0.000020
31630 0.000020
31631 0.000020
31632 0.000020
31633 0.000020
31634 0.000020
31635 0.000020
31636 0.000020
31637 0.000020
31638 0.000020
31639 0.000020
31640 0.000020
31641 0.000020
31642 0.000020
31643 0.000020
31644 0.000020
31645 0.000020
31646 0.000020
31647 0.000020
31648 0.000020
31649 0.000020
31650 0.000020
31651 0.000020
31652 0.000020
31653 0.000020
31654 0.000020
31655 0.000020
31656 0.000020
31657 0.000020
31658 0.000020
31659 0.000020
31660 0.000020
31661 0.000020
31662 0.000020
31663 0.000020
31664 0.000020
31665 0.000020
31666 0.000020
31667 0.000020
31668 0.000020
31669 0.000020
31670 0.000020
31671 0.000020
31672 0.000020
31673 0.000020
31674 0.000020
31675 0.000020
31676 0.000020
31677 0.000020
31678 0.000020
31679 0.000020
31680 0.000020
31681 0.000020
31682 0.000020
31683 0.000020
31684 0.000020
31685 0.000020
31686 0.000020
31687 0.000020
31688 0.000020
31689 0.000020
31690 0.000020
31691 0.000020
31692 0.000020
31693 0.000020
31694 0.000020
31695 0.000020
31696 0.000020
31697 0.000020
31698 0.000020
31699 0.000020
31700 0.000020
31701 0.000020
31702 0.000020
31703 0.000020
31704 0.000020
31705 0.000020
31706 0.000020
31707 0.000020
31708 0.000020
31709 0.000020
31710 0.000020
31711 0.000020
31712 0.000020
31713 0.000020
31714 0.000020
31715 0.000020
31716 0.000020
31717 0.000020
31718 0.000020
31719 0.000020
31720 0.000020
31721 0.000020
31722 0.000020
31723 0.000020
31724 0.000020
31725 0.000020
31726 0.000020
31727 0.000020
31728 0.000020
31729 0.000020
31730 0.000020
31731 0.000020
31732 0.000020
31733 0.000020
31734 0.000020
31735 0.000020
31736 0.000020
31737 0.000020
31738 0.000020
31739 0.000020
31740 0.000020
31741 0.000020
31742 0.000020
31743 0.000020
31744 0.000020
31745 0.000020
31746 0.000020
31747 0.000020
31748 0.000020
31749 0.000020
31750 0.000020
31751 0.000020
31752 0.000020
31753 0.000020
31754 0.000020
31755 0.000020
31756 0.000020
31757 0.000020
31758 0.000020
31759 0.000020
31760 0.000020
31761 0.000020
31762 0.000020
31763 0.000020
31764 0.000020
31765 0.000020
31766 0.000020
31767 0.000020
31768 0.000020
31769 0.000020
31770 0.000020
31771 0.000020
31772 0.000020
31773 0.000020
31774 0.000020
31775 0.000020
31776 0.000020
31777 0.000020
31778 0.000020
31779 0.000020
31780 0.000020
31781 0.000020
31782 0.000020
31783 0.000020
31784 0.000020
31785 0.000020
31786 0.000020
31787 0.000020
31788 0.000020
31789 0.000020
31790 0.000020
31791 0.000020
31792 0.000020
31793 0.000020
31794 0.000020
31795 0.000020
31796 0.000020
31797 0.000020
31798 0.000020
31799 0.000020
31800 0.000020
31801 0.000020
31802 0.000020
31803 0.000020
31804 0.000020
31805 0.000020
31806 0.000020
31807 0.000020
31808 0.000020
31809 0.000020
31810 0.000020
31811 0.000020
31812 0.000020
31813 0.000020
31814 0.000020
31815 0.000020
31816 0.000020
31817 0.000020
31818 0.000020
31819 0.000020
31820 0.000020
31821 0.000020
31822 0.000020
31823 0.000020
31824 0.000020
31825 0.000020
31826 0.000020
31827 0.000020
31828 0.000020
31829 0.000020
31830 0.000020
31831 0.000020
31832 0.000020
31833 0.000020
31834 0.000020
31835 0.000020
31836 0.000020
31837 0.000020
31838 0.000020
31839 0.000020
31840 0.000020
31841 0.000020
31842 0.000020
31843 0.000020
31844 0.000020
31845 0.000020
31846 0.000020
31847 0.000020
31848 0.000020
31849 0.000020
31850 0.000020
31851 0.000020
31852 0.000020
31853 0.000020
31854 0.000020
31855 0.000020
31856 0.000020
31857 0.000020
31858 0.000020
31859 0.000020
31860 0.000020
31861 0.000020
31862 0.000020
31863 0.000020
31864 0.000020
31865 0.000020
31866 0.000020
31867 0.000020
31868 0.000020
31869 0.000020
31870 0.000020
31871 0.000020
31872 0.000020
31873 0.000020
31874 0.000020
31875 0.000020
31876 0.000020
31877 0.000020
31878 0.000020
31879 0.000020
31880 0.000020
31881 0.000020
31882 0.000020
31883 0.000020
31884 0.000020
31885 0.000020
31886 0.000020
31887 0.000020
31888 0.000020
31889 0.000020
31890 0.000020
31891 0.000020
31892 0.000020
31893 0.000020
31894 0.000020
31895 0.000020
31896 0.000020
31897 0.000020
31898 0.000020
31899 0.000020
31900 0.000020
31901 0.000020
31902 0.000020
31903 0.000020
31904 0.000020
31905 0.000020
31906 0.000020
31907 0.000020
31908 0.000020
31909 0.000020
31910 0.000020
31911 0.000020
31912 0.000020
31913 0.000020
31914 0.000020
31915 0.000020
31916 0.000020
31917 0.000020
31918 0.000020
31919 0.000020
31920 0.000020
31921 0.000020
31922 0.000020
31923 0.000020
31924 0.000020
31925 0.000020
31926 0.000020
31927 0.000020
31928 0.000020
31929 0.000020
31930 0.000020
31931 0.000020
31932 0.000020
31933 0.000020
31934 0.000020
31935 0.000020
31936 0.000020
31937 0.000020
31938 0.000020
31939 0.000020
31940 0.000020
31941 0.000020
31942 0.000020
31943 0.000020
31944 0.000020
31945 0.000020
31946 0.000020
31947 0.000020
31948 0.000020
31949 0.000020
31950 0.000020
31951 0.000020
31952 0.000020
31953 0.000020
31954 0.000020
31955 0.000020
31956 0.000020
31957 0.000020
31958 0.000020
31959 0.000020
31960 0.000020
31961 0.000020
31962 0.000020
31963 0.000020
31964 0.000020
31965 0.000020
31966 0.000020
31967 0.000020
31968 0.000020
31969 0.000020
31970 0.000020
31971 0.000020
31972 0.000020
31973 0.000020
31974 0.000020
31975 0.000020
31976 0.000020
31977 0.000020
31978 0.000020
31979 0.000020
31980 0.000020
31981 0.000020
31982 0.000020
31983 0.000020
31984 0.000020
31985 0.000020
31986 0.000020
31987 0.000020
31988 0.000020
31989 0.000020
31990 0.000020
31991 0.000020
31992 0.000020
31993 0.000020
31994 0.000020
31995 0.000020
31996 0.000020
31997 0.000020
31998 0.000020
31999 0.000020
32000 0.000020
32001 0.000020
32002 0.000020
32003 0.000020
32004 0.000020
32005 0.000020
32006 0.000020
32007 0.000020
32008 0.000020
32009 0.000020
32010 0.000020
32011 0.000020
32012 0.000020
32013 0.000020
32014 0.000020
32015 0.000020
32016 0.000020
32017 0.000020
32018 0.000020
32019 0.000020
32020 0.000020
32021 0.000020
32022 0.000020
32023 0.000020
32024 0.000020
32025 0.000020
32026 0.000020
32027 0.000020
32028 0.000020
32029 0.000020
32030 0.000020
32031 0.000020
32032 0.000020
32033 0.000020
32034 0.000020
32035 0.000020
32036 0.000020
32037 0.000020
32038 0.000020
32039 0.000020
32040 0.000020
32041 0.000020
32042 0.000020
32043 0.000020
32044 0.000020
32045 0.000020
32046 0.000020
32047 0.000020
32048 0.000020
32049 0.000020
32050 0.000020
32051 0.000020
32052 0.000020
32053 0.000020
32054 0.000020
32055 0.000020
32056 0.000020
32057 0.000020
32058 0.000020
32059 0.000020
32060 0.000020
32061 0.000020
32062 0.000020
32063 0.000020
32064 0.000020
32065 0.000020
32066 0.000020
32067 0.000020
32068 0.000020
32069 0.000020
32070 0.000020
32071 0.000020
32072 0.000020
32073 0.000020
32074 0.000020
32075 0.000020
32076 0.000020
32077 0.000020
32078 0.000020
32079 0.000020
32080 0.000020
32081 0.000020
32082 0.000020
32083 0.000020
32084 0.000020
32085 0.000020
32086 0.000020
32087 0.000020
32088 0.000020
32089 0.000020
32090 0.000020
32091 0.000020
32092 0.000020
32093 0.000020
32094 0.000020
32095 0.000020
32096 0.000020
32097 0.000020
32098 0.000020
32099 0.000020
32100 0.000020
32101 0.000020
32102 0.000020
32103 0.000020
32104 0.000020
32105 0.000020
32106 0.000020
32107 0.000020
32108 0.000020
32109 0.000020
32110 0.000020
32111 0.000020
32112 0.000020
32113 0.000020
32114 0.000020
32115 0.000020
32116 0.000020
32117 0.000020
32118 0.000020
32119 0.000020
32120 0.000020
32121 0.000020
32122 0.000020
32123 0.000020
32124 0.000020
32125 0.000020
32126 0.000020
32127 0.000020
32128 0.000020
32129 0.000020
32130 0.000020
32131 0.000020
32132 0.000020
32133 0.000020
32134 0.000020
32135 0.000020
32136 0.000020
32137 0.000020
32138 0.000020
32139 0.000020
32140 0.000020
32141 0.000020
32142 0.000020
32143 0.000020
32144 0.000020
32145 0.000020
32146 0.000020
32147 0.000020
32148 0.000020
32149 0.000020
32150 0.000020
32151 0.000020
32152 0.000020
32153 0.000020
32154 0.000020
32155 0.000020
32156 0.000020
32157 0.000020
32158 0.000020
32159 0.000020
32160 0.000020
32161 0.000020
32162 0.000020
32163 0.000020
32164 0.000020
32165 0.000020
32166 0.000020
32167 0.000020
32168 0.000020
32169 0.000020
32170 0.000020
32171 0.000020
32172 0.000020
32173 0.000020
32174 0.000020
32175 0.000020
32176 0.000020
32177 0.000020
32178 0.000020
32179 0.000020
32180 0.000020
32181 0.000020
32182 0.000020
32183 0.000020
32184 0.000020
32185 0.000020
32186 0.000020
32187 0.000020
32188 0.000020
32189 0.000020
32190 0.000020
32191 0.000020
32192 0.000020
32193 0.000020
32194 0.000020
32195 0.000020
32196 0.000020
32197 0.000020
32198 0.000020
32199 0.000020
32200 0.000020
32201 0.000020
32202 0.000020
32203 0.000020
32204 0.000020
32205 0.000020
32206 0.000020
32207 0.000020
32208 0.000020
32209 0.000020
32210 0.000020
32211 0.000020
32212 0.000020
32213 0.000020
32214 0.000020
32215 0.000020
32216 0.000020
32217 0.000020
32218 0.000020
32219 0.000020
32220 0.000020
32221 0.000020
32222 0.000020
32223 0.000020
32224 0.000020
32225 0.000020
32226 0.000020
32227 0.000020
32228 0.000020
32229 0.000020
32230 0.000020
32231 0.000020
32232 0.000020
32233 0.000020
32234 0.000020
32235 0.000020
32236 0.000020
32237 0.000020
32238 0.000020
32239 0.000020
32240 0.000020
32241 0.000020
32242 0.000020
32243 0.000020
32244 0.000020
32245 0.000020
32246 0.000020
32247 0.000020
32248 0.000020
32249 0.000020
32250 0.000020
32251 0.000020
32252 0.000020
32253 0.000020
32254 0.000020
32255 0.000020
32256 0.000020
32257 0.000020
32258 0.000020
32259 0.000020
32260 0.000020
32261 0.000020
32262 0.000020
32263 0.000020
32264 0.000020
32265 0.000020
32266 0.000020
32267 0.000020
32268 0.000020
32269 0.000020
32270 0.000020
32271 0.000020
32272 0.000020
32273 0.000020
32274 0.000020
32275 0.000020
32276 0.000020
32277 0.000020
32278 0.000020
32279 0.000020
32280 0.000020
32281 0.000020
32282 0.000020
32283 0.000020
32284 0.000020
32285 0.000020
32286 0.000020
32287 0.000020
32288 0.000020
32289 0.000020
32290 0.000020
32291 0.000020
32292 0.000020
32293 0.000020
32294 0.000020
32295 0.000020
32296 0.000020
32297 0.000020
32298 0.000020
32299 0.000020
32300 0.000020
32301 0.000020
32302 0.000020
32303 0.000020
32304 0.000020
32305 0.000020
32306 0.000020
32307 0.000020
32308 0.000020
32309 0.000020
32310 0.000020
32311 0.000020
32312 0.000020
32313 0.000020
32314 0.000020
32315 0.000020
32316 0.000020
32317 0.000020
32318 0.000020
32319 0.000020
32320 0.000020
32321 0.000020
32322 0.000020
32323 0.000020
32324 0.000020
32325 0.000020
32326 0.000020
32327 0.000020
32328 0.000020
32329 0.000020
32330 0.000020
32331 0.000020
32332 0.000020
32333 0.000020
32334 0.000020
32335 0.000020
32336 0.000020
32337 0.000020
32338 0.000020
32339 0.000020
32340 0.000020
32341 0.000020
32342 0.000020
32343 0.000020
32344 0.000020
32345 0.000020
32346 0.000020
32347 0.000020
32348 0.000020
32349 0.000020
32350 0.000020
32351 0.000020
32352 0.000020
32353 0.000020
32354 0.000020
32355 0.000020
32356 0.000020
32357 0.000020
32358 0.000020
32359 0.000020
32360 0.000020
32361 0.000020
32362 0.000020
32363 0.000020
32364 0.000020
32365 0.000020
32366 0.000020
32367 0.000020
32368 0.000020
32369 0.000020
32370 0.000020
32371 0.000020
32372 0.000020
32373 0.000020
32374 0.000020
32375 0.000020
32376 0.000020
32377 0.000020
32378 0.000020
32379 0.000020
32380 0.000020
32381 0.000020
32382 0.000020
32383 0.000020
32384 0.000020
32385 0.000020
32386 0.000020
32387 0.000020
32388 0.000020
32389 0.000020
32390 0.000020
32391 0.000020
32392 0.000020
32393 0.000020
32394 0.000020
32395 0.000020
32396 0.000020
32397 0.000020
32398 0.000020
32399 0.000020
32400 0.000020
32401 0.000020
32402 0.000020
32403 0.000020
32404 0.000020
32405 0.000020
32406 0.000020
32407 0.000020
32408 0.000020
32409 0.000020
32410 0.000020
32411 0.000020
32412 0.000020
32413 0.000020
32414 0.000020
32415 0.000020
32416 0.000020
32417 0.000020
32418 0.000020
32419 0.000020
32420 0.000020
32421 0.000020
32422 0.000020
32423 0.000020
32424 0.000020
32425 0.000020
32426 0.000020
32427 0.000020
32428 0.000020
32429 0.000020
32430 0.000020
32431 0.000020
32432 0.000020
32433 0.000020
32434 0.000020
32435 0.000020
32436 0.000020
32437 0.000020
32438 0.000020
32439 0.000020
32440 0.000020
32441 0.000020
32442 0.000020
32443 0.000020
32444 0.000020
32445 0.000020
32446 0.000020
32447 0.000020
32448 0.000020
32449 0.000020
32450 0.000020
32451 0.000020
32452 0.000020
32453 0.000020
32454 0.000020
32455 0.000020
32456 0.000020
32457 0.000020
32458 0.000020
32459 0.000020
32460 0.000020
32461 0.000020
32462 0.000020
32463 0.000020
32464 0.000020
32465 0.000020
32466 0.000020
32467 0.000020
32468 0.000020
32469 0.000020
32470 0.000020
32471 0.000020
32472 0.000020
32473 0.000020
32474 0.000020
32475 0.000020
32476 0.000020
32477 0.000020
32478 0.000020
32479 0.000020
32480 0.000020
32481 0.000020
32482 0.000020
32483 0.000020
32484 0.000020
32485 0.000020
32486 0.000020
32487 0.000020
32488 0.000020
32489 0.000020
32490 0.000020
32491 0.000020
32492 0.000020
32493 0.000020
32494 0.000020
32495 0.000020
32496 0.000020
32497 0.000020
32498 0.000020
32499 0.000020
32500 0.000020
32501 0.000020
32502 0.000020
32503 0.000020
32504 0.000020
32505 0.000020
32506 0.000020
32507 0.000020
32508 0.000020
32509 0.000020
32510 0.000020
32511 0.000020
32512 0.000020
32513 0.000020
32514 0.000020
32515 0.000020
32516 0.000020
32517 0.000020
32518 0.000020
32519 0.000020
32520 0.000020
32521 0.000020
32522 0.000020
32523 0.000020
32524 0.000020
32525 0.000020
32526 0.000020
32527 0.000020
32528 0.000020
32529 0.000020
32530 0.000020
32531 0.000020
32532 0.000020
32533 0.000020
32534 0.000020
32535 0.000020
32536 0.000020
32537 0.000020
32538 0.000020
32539 0.000020
32540 0.000020
32541 0.000020
32542 0.000020
32543 0.000020
32544 0.000020
32545 0.000020
32546 0.000020
32547 0.000020
32548 0.000020
32549 0.000020
32550 0.000020
32551 0.000020
32552 0.000020
32553 0.000020
32554 0.000020
32555 0.000020
32556 0.000020
32557 0.000020
32558 0.000020
32559 0.000020
32560 0.000020
32561 0.000020
32562 0.000020
32563 0.000020
32564 0.000020
32565 0.000020
32566 0.000020
32567 0.000020
32568 0.000020
32569 0.000020
32570 0.000020
32571 0.000020
32572 0.000020
32573 0.000020
32574 0.000020
32575 0.000020
32576 0.000020
32577 0.000020
32578 0.000020
32579 0.000020
32580 0.000020
32581 0.000020
32582 0.000020
32583 0.000020
32584 0.000020
32585 0.000020
32586 0.000020
32587 0.000020
32588 0.000020
32589 0.000020
32590 0.000020
32591 0.000020
32592 0.000020
32593 0.000020
32594 0.000020
32595 0.000020
32596 0.000020
32597 0.000020
32598 0.000020
32599 0.000020
32600 0.000020
32601 0.000020
32602 0.000020
32603 0.000020
32604 0.000020
32605 0.000020
32606 0.000020
32607 0.000020
32608 0.000020
32609 0.000020
32610 0.000020
32611 0.000020
32612 0.000020
32613 0.000020
32614 0.000020
32615 0.000020
32616 0.000020
32617 0.000020
32618 0.000020
32619 0.000020
32620 0.000020
32621 0.000020
32622 0.000020
32623 0.000020
32624 0.000020
32625 0.000020
32626 0.000020
32627 0.000020
32628 0.000020
32629 0.000020
32630 0.000020
32631 0.000020
32632 0.000020
32633 0.000020
32634 0.000020
32635 0.000020
32636 0.000020
32637 0.000020
32638 0.000020
32639 0.000020
32640 0.000020
32641 0.000020
32642 0.000020
32643 0.000020
32644 0.000020
32645 0.000020
32646 0.000020
32647 0.000020
32648 0.000020
32649 0.000020
32650 0.000020
32651 0.000020
32652 0.000020
32653 0.000020
32654 0.000020
32655 0.000020
32656 0.000020
32657 0.000020
32658 0.000020
32659 0.000020
32660 0.000020
32661 0.000020
32662 0.000020
32663 0.000020
32664 0.000020
32665 0.000020
32666 0.000020
32667 0.000020
32668 0.000020
32669 0.000020
32670 0.000020
32671 0.000020
32672 0.000020
32673 0.000020
32674 0.000020
32675 0.000020
32676 0.000020
32677 0.000020
32678 0.000020
32679 0.000020
32680 0.000020
32681 0.000020
32682 0.000020
32683 0.000020
32684 0.000020
32685 0.000020
32686 0.000020
32687 0.000020
32688 0.000020
32689 0.000020
32690 0.000020
32691 0.000020
32692 0.000020
32693 0.000020
32694 0.000020
32695 0.000020
32696 0.000020
32697 0.000020
32698 0.000020
32699 0.000020
32700 0.000020
32701 0.000020
32702 0.000020
32703 0.000020
32704 0.000020
32705 0.000020
32706 0.000020
32707 0.000020
32708 0.000020
32709 0.000020
32710 0.000020
32711 0.000020
32712 0.000020
32713 0.000020
32714 0.000020
32715 0.000020
32716 0.000020
32717 0.000020
32718 0.000020
32719 0.000020
32720 0.000020
32721 0.000020
32722 0.000020
32723 0.000020
32724 0.000020
32725 0.000020
32726 0.000020
32727 0.000020
32728 0.000020
32729 0.000020
32730 0.000020
32731 0.000020
32732 0.000020
32733 0.000020
32734 0.000020
32735 0.000020
32736 0.000020
32737 0.000020
32738 0.000020
32739 0.000020
32740 0.000020
32741 0.000020
32742 0.000020
32743 0.000020
32744 0.000020
32745 0.000020
32746 0.000020
32747 0.000020
32748 0.000020
32749 0.000020
32750 0.000020
32751 0.000020
32752 0.000020
32753 0.000020
32754 0.000020
32755 0.000020
32756 0.000020
32757 0.000020
32758 0.000020
32759 0.000020
32760 0.000020
32761 0.000020
32762 0.000020
32763 0.000020
32764 0.000020
32765 0.000020
32766 0.000020
32767 0.000020
32768 0.000020
32769 0.000020
32770 0.000020
32771 0.000020
32772 0.000020
32773 0.000020
32774 0.000020
32775 0.000020
32776 0.000020
32777 0.000020
32778 0.000020
32779 0.000020
32780 0.000020
32781 0.000020
32782 0.000020
32783 0.000020
32784 0.000020
32785 0.000020
32786 0.000020
32787 0.000020
32788 0.000020
32789 0.000020
32790 0.000020
32791 0.000020
32792 0.000020
32793 0.000020
32794 0.000020
32795 0.000020
32796 0.000020
32797 0.000020
32798 0.000020
32799 0.000020
32800 0.000020
32801 0.000020
32802 0.000020
32803 0.000020
32804 0.000020
32805 0.000020
32806 0.000020
32807 0.000020
32808 0.000020
32809 0.000020
32810 0.000020
32811 0.000020
32812 0.000020
32813 0.000020
32814 0.000020
32815 0.000020
32816 0.000020
32817 0.000020
32818 0.000020
32819 0.000020
32820 0.000020
32821 0.000020
32822 0.000020
32823 0.000020
32824 0.000020
32825 0.000020
32826 0.000020
32827 0.000020
32828 0.000020
32829 0.000020
32830 0.000020
32831 0.000020
32832 0.000020
32833 0.000020
32834 0.000020
32835 0.000020
32836 0.000020
32837 0.000020
32838 0.000020
32839 0.000020
32840 0.000020
32841 0.000020
32842 0.000020
32843 0.000020
32844 0.000020
32845 0.000020
32846 0.000020
32847 0.000020
32848 0.000020
32849 0.000020
32850 0.000020
32851 0.000020
32852 0.000020
32853 0.000020
32854 0.000020
32855 0.000020
32856 0.000020
32857 0.000020
32858 0.000020
32859 0.000020
32860 0.000020
32861 0.000020
32862 0.000020
32863 0.000020
32864 0.000020
32865 0.000020
32866 0.000020
32867 0.000020
32868 0.000020
32869 0.000020
32870 0.000020
32871 0.000020
32872 0.000020
32873 0.000020
32874 0.000020
32875 0.000020
32876 0.000020
32877 0.000020
32878 0.000020
32879 0.000020
32880 0.000020
32881 0.000020
32882 0.000020
32883 0.000020
32884 0.000020
32885 0.000020
32886 0.000020
32887 0.000020
32888 0.000020
32889 0.000020
32890 0.000020
32891 0.000020
32892 0.000020
32893 0.000020
32894 0.000020
32895 0.000020
32896 0.000020
32897 0.000020
32898 0.000020
32899 0.000020
32900 0.000020
32901 0.000020
32902 0.000020
32903 0.000020
32904 0.000020
32905 0.000020
32906 0.000020
32907 0.000020
32908 0.000020
32909 0.000020
32910 0.000020
32911 0.000020
32912 0.000020
32913 0.000020
32914 0.000020
32915 0.000020
32916 0.000020
32917 0.000020
32918 0.000020
32919 0.000020
32920 0.000020
32921 0.000020
32922 0.000020
32923 0.000020
32924 0.000020
32925 0.000020
32926 0.000020
32927 0.000020
32928 0.000020
32929 0.000020
32930 0.000020
32931 0.000020
32932 0.000020
32933 0.000020
32934 0.000020
32935 0.000020
32936 0.000020
32937 0.000020
32938 0.000020
32939 0.000020
32940 0.000020
32941 0.000020
32942 0.000020
32943 0.000020
32944 0.000020
32945 0.000020
32946 0.000020
32947 0.000020
32948 0.000020
32949 0.000020
32950 0.000020
32951 0.000020
32952 0.000020
32953 0.000020
32954 0.000020
32955 0.000020
32956 0.000020
32957 0.000020
32958 0.000020
32959 0.000020
32960 0.000020
32961 0.000020
32962 0.000020
32963 0.000020
32964 0.000020
32965 0.000020
32966 0.000020
32967 0.000020
32968 0.000020
32969 0.000020
32970 0.000020
32971 0.000020
32972 0.000020
32973 0.000020
32974 0.000020
32975 0.000020
32976 0.000020
32977 0.000020
32978 0.000020
32979 0.000020
32980 0.000020
32981 0.000020
32982 0.000020
32983 0.000020
32984 0.000020
32985 0.000020
32986 0.000020
32987 0.000020
32988 0.000020
32989 0.000020
32990 0.000020
32991 0.000020
32992 0.000020
32993 0.000020
32994 0.000020
32995 0.000020
32996 0.000020
32997 0.000020
32998 0.000020
32999 0.000020
33000 0.000020
33001 0.000020
33002 0.000020
33003 0.000020
33004 0.000020
33005 0.000020
33006 0.000020
33007 0.000020
33008 0.000020
33009 0.000020
33010 0.000020
33011 0.000020
33012 0.000020
33013 0.000020
33014 0.000020
33015 0.000020
33016 0.000020
33017 0.000020
33018 0.000020
33019 0.000020
33020 0.000020
33021 0.000020
33022 0.000020
33023 0.000020
33024 0.000020
33025 0.000020
33026 0.000020
33027 0.000020
33028 0.000020
33029 0.000020
33030 0.000020
33031 0.000020
33032 0.000020
33033 0.000020
33034 0.000020
33035 0.000020
33036 0.000020
33037 0.000020
33038 0.000020
33039 0.000020
33040 0.000020
33041 0.000020
33042 0.000020
33043 0.000020
33044 0.000020
33045 0.000020
33046 0.000020
33047 0.000020
33048 0.000020
33049 0.000020
33050 0.000020
33051 0.000020
33052 0.000020
33053 0.000020
33054 0.000020
33055 0.000020
33056 0.000020
33057 0.000020
33058 0.000020
33059 0.000020
33060 0.000020
33061 0.000020
33062 0.000020
33063 0.000020
33064 0.000020
33065 0.000020
33066 0.000020
33067 0.000020
33068 0.000020
33069 0.000020
33070 0.000020
33071 0.000020
33072 0.000020
33073 0.000020
33074 0.000020
33075 0.000020
33076 0.000020
33077 0.000020
33078 0.000020
33079 0.000020
33080 0.000020
33081 0.000020
33082 0.000020
33083 0.000020
33084 0.000020
33085 0.000020
33086 0.000020
33087 0.000020
33088 0.000020
33089 0.000020
33090 0.000020
33091 0.000020
33092 0.000020
33093 0.000020
33094 0.000020
33095 0.000020
33096 0.000020
33097 0.000020
33098 0.000020
33099 0.000020
33100 0.000020
33101 0.000020
33102 0.000020
33103 0.000020
33104 0.000020
33105 0.000020
33106 0.000020
33107 0.000020
33108 0.000020
33109 0.000020
33110 0.000020
33111 0.000020
33112 0.000020
33113 0.000020
33114 0.000020
33115 0.000020
33116 0.000020
33117 0.000020
33118 0.000020
33119 0.000020
33120 0.000020
33121 0.000020
33122 0.000020
33123 0.000020
33124 0.000020
33125 0.000020
33126 0.000020
33127 0.000020
33128 0.000020
33129 0.000020
33130 0.000020
33131 0.000020
33132 0.000020
33133 0.000020
33134 0.000020
33135 0.000020
33136 0.000020
33137 0.000020
33138 0.000020
33139 0.000020
33140 0.000020
33141 0.000020
33142 0.000020
33143 0.000020
33144 0.000020
33145 0.000020
33146 0.000020
33147 0.000020
33148 0.000020
33149 0.000020
33150 0.000020
33151 0.000020
33152 0.000020
33153 0.000020
33154 0.000020
33155 0.000020
33156 0.000020
33157 0.000020
33158 0.000020
33159 0.000020
33160 0.000020
33161 0.000020
33162 0.000020
33163 0.000020
33164 0.000020
33165 0.000020
33166 0.000020
33167 0.000020
33168 0.000020
33169 0.000020
33170 0.000020
33171 0.000020
33172 0.000020
33173 0.000020
33174 0.000020
33175 0.000020
33176 0.000020
33177 0.000020
33178 0.000020
33179 0.000020
33180 0.000020
33181 0.000020
33182 0.000020
33183 0.000020
33184 0.000020
33185 0.000020
33186 0.000020
33187 0.000020
33188 0.000020
33189 0.000020
33190 0.000020
33191 0.000020
33192 0.000020
33193 0.000020
33194 0.000020
33195 0.000020
33196 0.000020
33197 0.000020
33198 0.000020
33199 0.000020
33200 0.000020
33201 0.000020
33202 0.000020
33203 0.000020
33204 0.000020
33205 0.000020
33206 0.000020
33207 0.000020
33208 0.000020
33209 0.000020
33210 0.000020
33211 0.000020
33212 0.000020
33213 0.000020
33214 0.000020
33215 0.000020
33216 0.000020
33217 0.000020
33218 0.000020
33219 0.000020
33220 0.000020
33221 0.000020
33222 0.000020
33223 0.000020
33224 0.000020
33225 0.000020
33226 0.000020
33227 0.000020
33228 0.000020
33229 0.000020
33230 0.000020
33231 0.000020
33232 0.000020
33233 0.000020
33234 0.000020
33235 0.000020
33236 0.000020
33237 0.000020
33238 0.000020
33239 0.000020
33240 0.000020
33241 0.000020
33242 0.000020
33243 0.000020
33244 0.000020
33245 0.000020
33246 0.000020
33247 0.000020
33248 0.000020
33249 0.000020
33250 0.000020
33251 0.000020
33252 0.000020
33253 0.000020
33254 0.000020
33255 0.000020
33256 0.000020
33257 0.000020
33258 0.000020
33259 0.000020
33260 0.000020
33261 0.000020
33262 0.000020
33263 0.000020
33264 0.000020
33265 0.000020
33266 0.000020
33267 0.000020
33268 0.000020
33269 0.000020
33270 0.000020
33271 0.000020
33272 0.000020
33273 0.000020
33274 0.000020
33275 0.000020
33276 0.000020
33277 0.000020
33278 0.000020
33279 0.000020
33280 0.000020
33281 0.000020
33282 0.000020
33283 0.000020
33284 0.000020
33285 0.000020
33286 0.000020
33287 0.000020
33288 0.000020
33289 0.000020
33290 0.000020
33291 0.000020
33292 0.000020
33293 0.000020
33294 0.000020
33295 0.000020
33296 0.000020
33297 0.000020
33298 0.000020
33299 0.000020
33300 0.000020
33301 0.000020
33302 0.000020
33303 0.000020
33304 0.000020
33305 0.000020
33306 0.000020
33307 0.000020
33308 0.000020
33309 0.000020
33310 0.000020
33311 0.000020
33312 0.000020
33313 0.000020
33314 0.000020
33315 0.000020
33316 0.000020
33317 0.000020
33318 0.000020
33319 0.000020
33320 0.000020
33321 0.000020
33322 0.000020
33323 0.000020
33324 0.000020
33325 0.000020
33326 0.000020
33327 0.000020
33328 0.000020
33329 0.000020
33330 0.000020
33331 0.000020
33332 0.000020
33333 0.000020
33334 0.000020
33335 0.000020
33336 0.000020
33337 0.000020
33338 0.000020
33339 0.000020
33340 0.000020
33341 0.000020
33342 0.000020
33343 0.000020
33344 0.000020
33345 0.000020
33346 0.000020
33347 0.000020
33348 0.000020
33349 0.000020
33350 0.000020
33351 0.000020
33352 0.000020
33353 0.000020
33354 0.000020
33355 0.000020
33356 0.000020
33357 0.000020
33358 0.000020
33359 0.000020
33360 0.000020
33361 0.000020
33362 0.000020
33363 0.000020
33364 0.000020
33365 0.000020
33366 0.000020
33367 0.000020
33368 0.000020
33369 0.000020
33370 0.000020
33371 0.000020
33372 0.000020
33373 0.000020
33374 0.000020
33375 0.000020
33376 0.000020
33377 0.000020
33378 0.000020
33379 0.000020
33380 0.000020
33381 0.000020
33382 0.000020
33383 0.000020
33384 0.000020
33385 0.000020
33386 0.000020
33387 0.000020
33388 0.000020
33389 0.000020
33390 0.000020
33391 0.000020
33392 0.000020
33393 0.000020
33394 0.000020
33395 0.000020
33396 0.000020
33397 0.000020
33398 0.000020
33399 0.000020
33400 0.000020
33401 0.000020
33402 0.000020
33403 0.000020
33404 0.000020
33405 0.000020
33406 0.000020
33407 0.000020
33408 0.000020
33409 0.000020
33410 0.000020
33411 0.000020
33412 0.000020
33413 0.000020
33414 0.000020
33415 0.000020
33416 0.000020
33417 0.000020
33418 0.000020
33419 0.000020
33420 0.000020
33421 0.000020
33422 0.000020
33423 0.000020
33424 0.000020
33425 0.000020
33426 0.000020
33427 0.000020
33428 0.000020
33429 0.000020
33430 0.000020
33431 0.000020
33432 0.000020
33433 0.000020
33434 0.000020
33435 0.000020
33436 0.000020
33437 0.000020
33438 0.000020
33439 0.000020
33440 0.000020
33441 0.000020
33442 0.000020
33443 0.000020
33444 0.000020
33445 0.000020
33446 0.000020
33447 0.000020
33448 0.000020
33449 0.000020
33450 0.000020
33451 0.000020
33452 0.000020
33453 0.000020
33454 0.000020
33455 0.000020
33456 0.000020
33457 0.000020
33458 0.000020
33459 0.000020
33460 0.000020
33461 0.000020
33462 0.000020
33463 0.000020
33464 0.000020
33465 0.000020
33466 0.000020
33467 0.000020
33468 0.000020
33469 0.000020
33470 0.000020
33471 0.000020
33472 0.000020
33473 0.000020
33474 0.000020
33475 0.000020
33476 0.000020
33477 0.000020
33478 0.000020
33479 0.000020
33480 0.000020
33481 0.000020
33482 0.000020
33483 0.000020
33484 0.000020
33485 0.000020
33486 0.000020
33487 0.000020
33488 0.000020
33489 0.000020
33490 0.000020
33491 0.000020
33492 0.000020
33493 0.000020
33494 0.000020
33495 0.000020
33496 0.000020
33497 0.000020
33498 0.000020
33499 0.000020
33500 0.000020
33501 0.000020
33502 0.000020
33503 0.000020
33504 0.000020
33505 0.000020
33506 0.000020
33507 0.000020
33508 0.000020
33509 0.000020
33510 0.000020
33511 0.000020
33512 0.000020
33513 0.000020
33514 0.000020
33515 0.000020
33516 0.000020
33517 0.000020
33518 0.000020
33519 0.000020
33520 0.000020
33521 0.000020
33522 0.000020
33523 0.000020
33524 0.000020
33525 0.000020
33526 0.000020
33527 0.000020
33528 0.000020
33529 0.000020
33530 0.000020
33531 0.000020
33532 0.000020
33533 0.000020
33534 0.000020
33535 0.000020
33536 0.000020
33537 0.000020
33538 0.000020
33539 0.000020
33540 0.000020
33541 0.000020
33542 0.000020
33543 0.000020
33544 0.000020
33545 0.000020
33546 0.000020
33547 0.000020
33548 0.000020
33549 0.000020
33550 0.000020
33551 0.000020
33552 0.000020
33553 0.000020
33554 0.000020
33555 0.000020
33556 0.000020
33557 0.000020
33558 0.000020
33559 0.000020
33560 0.000020
33561 0.000020
33562 0.000020
33563 0.000020
33564 0.000020
33565 0.000020
33566 0.000020
33567 0.000020
33568 0.000020
33569 0.000020
33570 0.000020
33571 0.000020
33572 0.000020
33573 0.000020
33574 0.000020
33575 0.000020
33576 0.000020
33577 0.000020
33578 0.000020
33579 0.000020
33580 0.000020
33581 0.000020
33582 0.000020
33583 0.000020
33584 0.000020
33585 0.000020
33586 0.000020
33587 0.000020
33588 0.000020
33589 0.000020
33590 0.000020
33591 0.000020
33592 0.000020
33593 0.000020
33594 0.000020
33595 0.000020
33596 0.000020
33597 0.000020
33598 0.000020
33599 0.000020
33600 0.000020
33601 0.000020
33602 0.000020
33603 0.000020
33604 0.000020
33605 0.000020
33606 0.000020
33607 0.000020
33608 0.000020
33609 0.000020
33610 0.000020
33611 0.000020
33612 0.000020
33613 0.000020
33614 0.000020
33615 0.000020
33616 0.000020
33617 0.000020
33618 0.000020
33619 0.000020
33620 0.000020
33621 0.000020
33622 0.000020
33623 0.000020
33624 0.000020
33625 0.000020
33626 0.000020
33627 0.000020
33628 0.000020
33629 0.000020
33630 0.000020
33631 0.000020
33632 0.000020
33633 0.000020
33634 0.000020
33635 0.000020
33636 0.000020
33637 0.000020
33638 0.000020
33639 0.000020
33640 0.000020
33641 0.000020
33642 0.000020
33643 0.000020
33644 0.000020
33645 0.000020
33646 0.000020
33647 0.000020
33648 0.000020
33649 0.000020
33650 0.000020
33651 0.000020
33652 0.000020
33653 0.000020
33654 0.000020
33655 0.000020
33656 0.000020
33657 0.000020
33658 0.000020
33659 0.000020
33660 0.000020
33661 0.000020
33662 0.000020
33663 0.000020
33664 0.000020
33665 0.000020
33666 0.000020
33667 0.000020
33668 0.000020
33669 0.000020
33670 0.000020
33671 0.000020
33672 0.000020
33673 0.000020
33674 0.000020
33675 0.000020
33676 0.000020
33677 0.000020
33678 0.000020
33679 0.000020
33680 0.000020
33681 0.000020
33682 0.000020
33683 0.000020
33684 0.000020
33685 0.000020
33686 0.000020
33687 0.000020
33688 0.000020
33689 0.000020
33690 0.000020
33691 0.000020
33692 0.000020
33693 0.000020
33694 0.000020
33695 0.000020
33696 0.000020
33697 0.000020
33698 0.000020
33699 0.000020
33700 0.000020
33701 0.000020
33702 0.000020
33703 0.000020
33704 0.000020
33705 0.000020
33706 0.000020
33707 0.000020
33708 0.000020
33709 0.000020
33710 0.000020
33711 0.000020
33712 0.000020
33713 0.000020
33714 0.000020
33715 0.000020
33716 0.000020
33717 0.000020
33718 0.000020
33719 0.000020
33720 0.000020
33721 0.000020
33722 0.000020
33723 0.000020
33724 0.000020
33725 0.000020
33726 0.000020
33727 0.000020
33728 0.000020
33729 0.000020
33730 0.000020
33731 0.000020
33732 0.000020
33733 0.000020
33734 0.000020
33735 0.000020
33736 0.000020
33737 0.000020
33738 0.000020
33739 0.000020
33740 0.000020
33741 0.000020
33742 0.000020
33743 0.000020
33744 0.000020
33745 0.000020
33746 0.000020
33747 0.000020
33748 0.000020
33749 0.000020
33750 0.000020
33751 0.000020
33752 0.000020
33753 0.000020
33754 0.000020
33755 0.000020
33756 0.000020
33757 0.000020
33758 0.000020
33759 0.000020
33760 0.000020
33761 0.000020
33762 0.000020
33763 0.000020
33764 0.000020
33765 0.000020
33766 0.000020
33767 0.000020
33768 0.000020
33769 0.000020
33770 0.000020
33771 0.000020
33772 0.000020
33773 0.000020
33774 0.000020
33775 0.000020
33776 0.000020
33777 0.000020
33778 0.000020
33779 0.000020
33780 0.000020
33781 0.000020
33782 0.000020
33783 0.000020
33784 0.000020
33785 0.000020
33786 0.000020
33787 0.000020
33788 0.000020
33789 0.000020
33790 0.000020
33791 0.000020
33792 0.000020
33793 0.000020
33794 0.000020
33795 0.000020
33796 0.000020
33797 0.000020
33798 0.000020
33799 0.000020
33800 0.000020
33801 0.000020
33802 0.000020
33803 0.000020
33804 0.000020
33805 0.000020
33806 0.000020
33807 0.000020
33808 0.000020
33809 0.000020
33810 0.000020
33811 0.000020
33812 0.000020
33813 0.000020
33814 0.000020
33815 0.000020
33816 0.000020
33817 0.000020
33818 0.000020
33819 0.000020
33820 0.000020
33821 0.000020
33822 0.000020
33823 0.000020
33824 0.000020
33825 0.000020
33826 0.000020
33827 0.000020
33828 0.000020
33829 0.000020
33830 0.000020
33831 0.000020
33832 0.000020
33833 0.000020
33834 0.000020
33835 0.000020
33836 0.000020
33837 0.000020
33838 0.000020
33839 0.000020
33840 0.000020
33841 0.000020
33842 0.000020
33843 0.000020
33844 0.000020
33845 0.000020
33846 0.000020
33847 0.000020
33848 0.000020
33849 0.000020
33850 0.000020
33851 0.000020
33852 0.000020
33853 0.000020
33854 0.000020
33855 0.000020
33856 0.000020
33857 0.000020
33858 0.000020
33859 0.000020
33860 0.000020
33861 0.000020
33862 0.000020
33863 0.000020
33864 0.000020
33865 0.000020
33866 0.000020
33867 0.000020
33868 0.000020
33869 0.000020
33870 0.000020
33871 0.000020
33872 0.000020
33873 0.000020
33874 0.000020
33875 0.000020
33876 0.000020
33877 0.000020
33878 0.000020
33879 0.000020
33880 0.000020
33881 0.000020
33882 0.000020
33883 0.000020
33884 0.000020
33885 0.000020
33886 0.000020
33887 0.000020
33888 0.000020
33889 0.000020
33890 0.000020
33891 0.000020
33892 0.000020
33893 0.000020
33894 0.000020
33895 0.000020
33896 0.000020
33897 0.000020
33898 0.000020
33899 0.000020
33900 0.000020
33901 0.000020
33902 0.000020
33903 0.000020
33904 0.000020
33905 0.000020
33906 0.000020
33907 0.000020
33908 0.000020
33909 0.000020
33910 0.000020
33911 0.000020
33912 0.000020
33913 0.000020
33914 0.000020
33915 0.000020
33916 0.000020
33917 0.000020
33918 0.000020
33919 0.000020
33920 0.000020
33921 0.000020
33922 0.000020
33923 0.000020
33924 0.000020
33925 0.000020
33926 0.000020
33927 0.000020
33928 0.000020
33929 0.000020
33930 0.000020
33931 0.000020
33932 0.000020
33933 0.000020
33934 0.000020
33935 0.000020
33936 0.000020
33937 0.000020
33938 0.000020
33939 0.000020
33940 0.000020
33941 0.000020
33942 0.000020
33943 0.000020
33944 0.000020
33945 0.000020
33946 0.000020
33947 0.000020
33948 0.000020
33949 0.000020
33950 0.000020
33951 0.000020
33952 0.000020
33953 0.000020
33954 0.000020
33955 0.000020
33956 0.000020
33957 0.000020
33958 0.000020
33959 0.000020
33960 0.000020
33961 0.000020
33962 0.000020
33963 0.000020
33964 0.000020
33965 0.000020
33966 0.000020
33967 0.000020
33968 0.000020
33969 0.000020
33970 0.000020
33971 0.000020
33972 0.000020
33973 0.000020
33974 0.000020
33975 0.000020
33976 0.000020
33977 0.000020
33978 0.000020
33979 0.000020
33980 0.000020
33981 0.000020
33982 0.000020
33983 0.000020
33984 0.000020
33985 0.000020
33986 0.000020
33987 0.000020
33988 0.000020
33989 0.000020
33990 0.000020
33991 0.000020
33992 0.000020
33993 0.000020
33994 0.000020
33995 0.000020
33996 0.000020
33997 0.000020
33998 0.000020
33999 0.000020
34000 0.000020
34001 0.000020
34002 0.000020
34003 0.000020
34004 0.000020
34005 0.000020
34006 0.000020
34007 0.000020
34008 0.000020
34009 0.000020
34010 0.000020
34011 0.000020
34012 0.000020
34013 0.000020
34014 0.000020
34015 0.000020
34016 0.000020
34017 0.000020
34018 0.000020
34019 0.000020
34020 0.000020
34021 0.000020
34022 0.000020
34023 0.000020
34024 0.000020
34025 0.000020
34026 0.000020
34027 0.000020
34028 0.000020
34029 0.000020
34030 0.000020
34031 0.000020
34032 0.000020
34033 0.000020
34034 0.000020
34035 0.000020
34036 0.000020
34037 0.000020
34038 0.000020
34039 0.000020
34040 0.000020
34041 0.000020
34042 0.000020
34043 0.000020
34044 0.000020
34045 0.000020
34046 0.000020
34047 0.000020
34048 0.000020
34049 0.000020
34050 0.000020
34051 0.000020
34052 0.000020
34053 0.000020
34054 0.000020
34055 0.000020
34056 0.000020
34057 0.000020
34058 0.000020
34059 0.000020
34060 0.000020
34061 0.000020
34062 0.000020
34063 0.000020
34064 0.000020
34065 0.000020
34066 0.000020
34067 0.000020
34068 0.000020
34069 0.000020
34070 0.000020
34071 0.000020
34072 0.000020
34073 0.000020
34074 0.000020
34075 0.000020
34076 0.000020
34077 0.000020
34078 0.000020
34079 0.000020
34080 0.000020
34081 0.000020
34082 0.000020
34083 0.000020
34084 0.000020
34085 0.000020
34086 0.000020
34087 0.000020
34088 0.000020
34089 0.000020
34090 0.000020
34091 0.000020
34092 0.000020
34093 0.000020
34094 0.000020
34095 0.000020
34096 0.000020
34097 0.000020
34098 0.000020
34099 0.000020
34100 0.000020
34101 0.000020
34102 0.000020
34103 0.000020
34104 0.000020
34105 0.000020
34106 0.000020
34107 0.000020
34108 0.000020
34109 0.000020
34110 0.000020
34111 0.000020
34112 0.000020
34113 0.000020
34114 0.000020
34115 0.000020
34116 0.000020
34117 0.000020
34118 0.000020
34119 0.000020
34120 0.000020
34121 0.000020
34122 0.000020
34123 0.000020
34124 0.000020
34125 0.000020
34126 0.000020
34127 0.000020
34128 0.000020
34129 0.000020
34130 0.000020
34131 0.000020
34132 0.000020
34133 0.000020
34134 0.000020
34135 0.000020
34136 0.000020
34137 0.000020
34138 0.000020
34139 0.000020
34140 0.000020
34141 0.000020
34142 0.000020
34143 0.000020
34144 0.000020
34145 0.000020
34146 0.000020
34147 0.000020
34148 0.000020
34149 0.000020
34150 0.000020
34151 0.000020
34152 0.000020
34153 0.000020
34154 0.000020
34155 0.000020
34156 0.000020
34157 0.000020
34158 0.000020
34159 0.000020
34160 0.000020
34161 0.000020
34162 0.000020
34163 0.000020
34164 0.000020
34165 0.000020
34166 0.000020
34167 0.000020
34168 0.000020
34169 0.000020
34170 0.000020
34171 0.000020
34172 0.000020
34173 0.000020
34174 0.000020
34175 0.000020
34176 0.000020
34177 0.000020
34178 0.000020
34179 0.000020
34180 0.000020
34181 0.000020
34182 0.000020
34183 0.000020
34184 0.000020
34185 0.000020
34186 0.000020
34187 0.000020
34188 0.000020
34189 0.000020
34190 0.000020
34191 0.000020
34192 0.000020
34193 0.000020
34194 0.000020
34195 0.000020
34196 0.000020
34197 0.000020
34198 0.000020
34199 0.000020
34200 0.000020
34201 0.000020
34202 0.000020
34203 0.000020
34204 0.000020
34205 0.000020
34206 0.000020
34207 0.000020
34208 0.000020
34209 0.000020
34210 0.000020
34211 0.000020
34212 0.000020
34213 0.000020
34214 0.000020
34215 0.000020
34216 0.000020
34217 0.000020
34218 0.000020
34219 0.000020
34220 0.000020
34221 0.000020
34222 0.000020
34223 0.000020
34224 0.000020
34225 0.000020
34226 0.000020
34227 0.000020
34228 0.000020
34229 0.000020
34230 0.000020
34231 0.000020
34232 0.000020
34233 0.000020
34234 0.000020
34235 0.000020
34236 0.000020
34237 0.000020
34238 0.000020
34239 0.000020
34240 0.000020
34241 0.000020
34242 0.000020
34243 0.000020
34244 0.000020
34245 0.000020
34246 0.000020
34247 0.000020
34248 0.000020
34249 0.000020
34250 0.000020
34251 0.000020
34252 0.000020
34253 0.000020
34254 0.000020
34255 0.000020
34256 0.000020
34257 0.000020
34258 0.000020
34259 0.000020
34260 0.000020
34261 0.000020
34262 0.000020
34263 0.000020
34264 0.000020
34265 0.000020
34266 0.000020
34267 0.000020
34268 0.000020
34269 0.000020
34270 0.000020
34271 0.000020
34272 0.000020
34273 0.000020
34274 0.000020
34275 0.000020
34276 0.000020
34277 0.000020
34278 0.000020
34279 0.000020
34280 0.000020
34281 0.000020
34282 0.000020
34283 0.000020
34284 0.000020
34285 0.000020
34286 0.000020
34287 0.000020
34288 0.000020
34289 0.000020
34290 0.000020
34291 0.000020
34292 0.000020
34293 0.000020
34294 0.000020
34295 0.000020
34296 0.000020
34297 0.000020
34298 0.000020
34299 0.000020
34300 0.000020
34301 0.000020
34302 0.000020
34303 0.000020
34304 0.000020
34305 0.000020
34306 0.000020
34307 0.000020
34308 0.000020
34309 0.000020
34310 0.000020
34311 0.000020
34312 0.000020
34313 0.000020
34314 0.000020
34315 0.000020
34316 0.000020
34317 0.000020
34318 0.000020
34319 0.000020
34320 0.000020
34321 0.000020
34322 0.000020
34323 0.000020
34324 0.000020
34325 0.000020
34326 0.000020
34327 0.000020
34328 0.000020
34329 0.000020
34330 0.000020
34331 0.000020
34332 0.000020
34333 0.000020
34334 0.000020
34335 0.000020
34336 0.000020
34337 0.000020
34338 0.000020
34339 0.000020
34340 0.000020
34341 0.000020
34342 0.000020
34343 0.000020
34344 0.000020
34345 0.000020
34346 0.000020
34347 0.000020
34348 0.000020
34349 0.000020
34350 0.000020
34351 0.000020
34352 0.000020
34353 0.000020
34354 0.000020
34355 0.000020
34356 0.000020
34357 0.000020
34358 0.000020
34359 0.000020
34360 0.000020
34361 0.000020
34362 0.000020
34363 0.000020
34364 0.000020
34365 0.000020
34366 0.000020
34367 0.000020
34368 0.000020
34369 0.000020
34370 0.000020
34371 0.000020
34372 0.000020
34373 0.000020
34374 0.000020
34375 0.000020
34376 0.000020
34377 0.000020
34378 0.000020
34379 0.000020
34380 0.000020
34381 0.000020
34382 0.000020
34383 0.000020
34384 0.000020
34385 0.000020
34386 0.000020
34387 0.000020
34388 0.000020
34389 0.000020
34390 0.000020
34391 0.000020
34392 0.000020
34393 0.000020
34394 0.000020
34395 0.000020
34396 0.000020
34397 0.000020
34398 0.000020
34399 0.000020
34400 0.000020
34401 0.000020
34402 0.000020
34403 0.000020
34404 0.000020
34405 0.000020
34406 0.000020
34407 0.000020
34408 0.000020
34409 0.000020
34410 0.000020
34411 0.000020
34412 0.000020
34413 0.000020
34414 0.000020
34415 0.000020
34416 0.000020
34417 0.000020
34418 0.000020
34419 0.000020
34420 0.000020
34421 0.000020
34422 0.000020
34423 0.000020
34424 0.000020
34425 0.000020
34426 0.000020
34427 0.000020
34428 0.000020
34429 0.000020
34430 0.000020
34431 0.000020
34432 0.000020
34433 0.000020
34434 0.000020
34435 0.000020
34436 0.000020
34437 0.000020
34438 0.000020
34439 0.000020
34440 0.000020
34441 0.000020
34442 0.000020
34443 0.000020
34444 0.000020
34445 0.000020
34446 0.000020
34447 0.000020
34448 0.000020
34449 0.000020
34450 0.000020
34451 0.000020
34452 0.000020
34453 0.000020
34454 0.000020
34455 0.000020
34456 0.000020
34457 0.000020
34458 0.000020
34459 0.000020
34460 0.000020
34461 0.000020
34462 0.000020
34463 0.000020
34464 0.000020
34465 0.000020
34466 0.000020
34467 0.000020
34468 0.000020
34469 0.000020
34470 0.000020
34471 0.000020
34472 0.000020
34473 0.000020
34474 0.000020
34475 0.000020
34476 0.000020
34477 0.000020
34478 0.000020
34479 0.000020
34480 0.000020
34481 0.000020
34482 0.000020
34483 0.000020
34484 0.000020
34485 0.000020
34486 0.000020
34487 0.000020
34488 0.000020
34489 0.000020
34490 0.000020
34491 0.000020
34492 0.000020
34493 0.000020
34494 0.000020
34495 0.000020
34496 0.000020
34497 0.000020
34498 0.000020
34499 0.000020
34500 0.000020
34501 0.000020
34502 0.000020
34503 0.000020
34504 0.000020
34505 0.000020
34506 0.000020
34507 0.000020
34508 0.000020
34509 0.000020
34510 0.000020
34511 0.000020
34512 0.000020
34513 0.000020
34514 0.000020
34515 0.000020
34516 0.000020
34517 0.000020
34518 0.000020
34519 0.000020
34520 0.000020
34521 0.000020
34522 0.000020
34523 0.000020
34524 0.000020
34525 0.000020
34526 0.000020
34527 0.000020
34528 0.000020
34529 0.000020
34530 0.000020
34531 0.000020
34532 0.000020
34533 0.000020
34534 0.000020
34535 0.000020
34536 0.000020
34537 0.000020
34538 0.000020
34539 0.000020
34540 0.000020
34541 0.000020
34542 0.000020
34543 0.000020
34544 0.000020
34545 0.000020
34546 0.000020
34547 0.000020
34548 0.000020
34549 0.000020
34550 0.000020
34551 0.000020
34552 0.000020
34553 0.000020
34554 0.000020
34555 0.000020
34556 0.000020
34557 0.000020
34558 0.000020
34559 0.000020
34560 0.000020
34561 0.000020
34562 0.000020
34563 0.000020
34564 0.000020
34565 0.000020
34566 0.000020
34567 0.000020
34568 0.000020
34569 0.000020
34570 0.000020
34571 0.000020
34572 0.000020
34573 0.000020
34574 0.000020
34575 0.000020
34576 0.000020
34577 0.000020
34578 0.000020
34579 0.000020
34580 0.000020
34581 0.000020
34582 0.000020
34583 0.000020
34584 0.000020
34585 0.000020
34586 0.000020
34587 0.000020
34588 0.000020
34589 0.000020
34590 0.000020
34591 0.000020
34592 0.000020
34593 0.000020
34594 0.000020
34595 0.000020
34596 0.000020
34597 0.000020
34598 0.000020
34599 0.000020
34600 0.000020
34601 0.000020
34602 0.000020
34603 0.000020
34604 0.000020
34605 0.000020
34606 0.000020
34607 0.000020
34608 0.000020
34609 0.000020
34610 0.000020
34611 0.000020
34612 0.000020
34613 0.000020
34614 0.000020
34615 0.000020
34616 0.000020
34617 0.000020
34618 0.000020
34619 0.000020
34620 0.000020
34621 0.000020
34622 0.000020
34623 0.000020
34624 0.000020
34625 0.000020
34626 0.000020
34627 0.000020
34628 0.000020
34629 0.000020
34630 0.000020
34631 0.000020
34632 0.000020
34633 0.000020
34634 0.000020
34635 0.000020
34636 0.000020
34637 0.000020
34638 0.000020
34639 0.000020
34640 0.000020
34641 0.000020
34642 0.000020
34643 0.000020
34644 0.000020
34645 0.000020
34646 0.000020
34647 0.000020
34648 0.000020
34649 0.000020
34650 0.000020
34651 0.000020
34652 0.000020
34653 0.000020
34654 0.000020
34655 0.000020
34656 0.000020
34657 0.000020
34658 0.000020
34659 0.000020
34660 0.000020
34661 0.000020
34662 0.000020
34663 0.000020
34664 0.000020
34665 0.000020
34666 0.000020
34667 0.000020
34668 0.000020
34669 0.000020
34670 0.000020
34671 0.000020
34672 0.000020
34673 0.000020
34674 0.000020
34675 0.000020
34676 0.000020
34677 0.000020
34678 0.000020
34679 0.000020
34680 0.000020
34681 0.000020
34682 0.000020
34683 0.000020
34684 0.000020
34685 0.000020
34686 0.000020
34687 0.000020
34688 0.000020
34689 0.000020
34690 0.000020
34691 0.000020
34692 0.000020
34693 0.000020
34694 0.000020
34695 0.000020
34696 0.000020
34697 0.000020
34698 0.000020
34699 0.000020
34700 0.000020
34701 0.000020
34702 0.000020
34703 0.000020
34704 0.000020
34705 0.000020
34706 0.000020
34707 0.000020
34708 0.000020
34709 0.000020
34710 0.000020
34711 0.000020
34712 0.000020
34713 0.000020
34714 0.000020
34715 0.000020
34716 0.000020
34717 0.000020
34718 0.000020
34719 0.000020
34720 0.000020
34721 0.000020
34722 0.000020
34723 0.000020
34724 0.000020
34725 0.000020
34726 0.000020
34727 0.000020
34728 0.000020
34729 0.000020
34730 0.000020
34731 0.000020
34732 0.000020
34733 0.000020
34734 0.000020
34735 0.000020
34736 0.000020
34737 0.000020
34738 0.000020
34739 0.000020
34740 0.000020
34741 0.000020
34742 0.000020
34743 0.000020
34744 0.000020
34745 0.000020
34746 0.000020
34747 0.000020
34748 0.000020
34749 0.000020
34750 0.000020
34751 0.000020
34752 0.000020
34753 0.000020
34754 0.000020
34755 0.000020
34756 0.000020
34757 0.000020
34758 0.000020
34759 0.000020
34760 0.000020
34761 0.000020
34762 0.000020
34763 0.000020
34764 0.000020
34765 0.000020
34766 0.000020
34767 0.000020
34768 0.000020
34769 0.000020
34770 0.000020
34771 0.000020
34772 0.000020
34773 0.000020
34774 0.000020
34775 0.000020
34776 0.000020
34777 0.000020
34778 0.000020
34779 0.000020
34780 0.000020
34781 0.000020
34782 0.000020
34783 0.000020
34784 0.000020
34785 0.000020
34786 0.000020
34787 0.000020
34788 0.000020
34789 0.000020
34790 0.000020
34791 0.000020
34792 0.000020
34793 0.000020
34794 0.000020
34795 0.000020
34796 0.000020
34797 0.000020
34798 0.000020
34799 0.000020
34800 0.000020
34801 0.000020
34802 0.000020
34803 0.000020
34804 0.000020
34805 0.000020
34806 0.000020
34807 0.000020
34808 0.000020
34809 0.000020
34810 0.000020
34811 0.000020
34812 0.000020
34813 0.000020
34814 0.000020
34815 0.000020
34816 0.000020
34817 0.000020
34818 0.000020
34819 0.000020
34820 0.000020
34821 0.000020
34822 0.000020
34823 0.000020
34824 0.000020
34825 0.000020
34826 0.000020
34827 0.000020
34828 0.000020
34829 0.000020
34830 0.000020
34831 0.000020
34832 0.000020
34833 0.000020
34834 0.000020
34835 0.000020
34836 0.000020
34837 0.000020
34838 0.000020
34839 0.000020
34840 0.000020
34841 0.000020
34842 0.000020
34843 0.000020
34844 0.000020
34845 0.000020
34846 0.000020
34847 0.000020
34848 0.000020
34849 0.000020
34850 0.000020
34851 0.000020
34852 0.000020
34853 0.000020
34854 0.000020
34855 0.000020
34856 0.000020
34857 0.000020
34858 0.000020
34859 0.000020
34860 0.000020
34861 0.000020
34862 0.000020
34863 0.000020
34864 0.000020
34865 0.000020
34866 0.000020
34867 0.000020
34868 0.000020
34869 0.000020
34870 0.000020
34871 0.000020
34872 0.000020
34873 0.000020
34874 0.000020
34875 0.000020
34876 0.000020
34877 0.000020
34878 0.000020
34879 0.000020
34880 0.000020
34881 0.000020
34882 0.000020
34883 0.000020
34884 0.000020
34885 0.000020
34886 0.000020
34887 0.000020
34888 0.000020
34889 0.000020
34890 0.000020
34891 0.000020
34892 0.000020
34893 0.000020
34894 0.000020
34895 0.000020
34896 0.000020
34897 0.000020
34898 0.000020
34899 0.000020
34900 0.000020
34901 0.000020
34902 0.000020
34903 0.000020
34904 0.000020
34905 0.000020
34906 0.000020
34907 0.000020
34908 0.000020
34909 0.000020
34910 0.000020
34911 0.000020
34912 0.000020
34913 0.000020
34914 0.000020
34915 0.000020
34916 0.000020
34917 0.000020
34918 0.000020
34919 0.000020
34920 0.000020
34921 0.000020
34922 0.000020
34923 0.000020
34924 0.000020
34925 0.000020
34926 0.000020
34927 0.000020
34928 0.000020
34929 0.000020
34930 0.000020
34931 0.000020
34932 0.000020
34933 0.000020
34934 0.000020
34935 0.000020
34936 0.000020
34937 0.000020
34938 0.000020
34939 0.000020
34940 0.000020
34941 0.000020
34942 0.000020
34943 0.000020
34944 0.000020
34945 0.000020
34946 0.000020
34947 0.000020
34948 0.000020
34949 0.000020
34950 0.000020
34951 0.000020
34952 0.000020
34953 0.000020
34954 0.000020
34955 0.000020
34956 0.000020
34957 0.000020
34958 0.000020
34959 0.000020
34960 0.000020
34961 0.000020
34962 0.000020
34963 0.000020
34964 0.000020
34965 0.000020
34966 0.000020
34967 0.000020
34968 0.000020
34969 0.000020
34970 0.000020
34971 0.000020
34972 0.000020
34973 0.000020
34974 0.000020
34975 0.000020
34976 0.000020
34977 0.000020
34978 0.000020
34979 0.000020
34980 0.000020
34981 0.000020
34982 0.000020
34983 0.000020
34984 0.000020
34985 0.000020
34986 0.000020
34987 0.000020
34988 0.000020
34989 0.000020
34990 0.000020
34991 0.000020
34992 0.000020
34993 0.000020
34994 0.000020
34995 0.000020
34996 0.000020
34997 0.000020
34998 0.000020
34999 0.000020
35000 0.000020
35001 0.000020
35002 0.000020
35003 0.000020
35004 0.000020
35005 0.000020
35006 0.000020
35007 0.000020
35008 0.000020
35009 0.000020
35010 0.000020
35011 0.000020
35012 0.000020
35013 0.000020
35014 0.000020
35015 0.000020
35016 0.000020
35017 0.000020
35018 0.000020
35019 0.000020
35020 0.000020
35021 0.000020
35022 0.000020
35023 0.000020
35024 0.000020
35025 0.000020
35026 0.000020
35027 0.000020
35028 0.000020
35029 0.000020
35030 0.000020
35031 0.000020
35032 0.000020
35033 0.000020
35034 0.000020
35035 0.000020
35036 0.000020
35037 0.000020
35038 0.000020
35039 0.000020
35040 0.000020
35041 0.000020
35042 0.000020
35043 0.000020
35044 0.000020
35045 0.000020
35046 0.000020
35047 0.000020
35048 0.000020
35049 0.000020
35050 0.000020
35051 0.000020
35052 0.000020
35053 0.000020
35054 0.000020
35055 0.000020
35056 0.000020
35057 0.000020
35058 0.000020
35059 0.000020
35060 0.000020
35061 0.000020
35062 0.000020
35063 0.000020
35064 0.000020
35065 0.000020
35066 0.000020
35067 0.000020
35068 0.000020
35069 0.000020
35070 0.000020
35071 0.000020
35072 0.000020
35073 0.000020
35074 0.000020
35075 0.000020
35076 0.000020
35077 0.000020
35078 0.000020
35079 0.000020
35080 0.000020
35081 0.000020
35082 0.000020
35083 0.000020
35084 0.000020
35085 0.000020
35086 0.000020
35087 0.000020
35088 0.000020
35089 0.000020
35090 0.000020
35091 0.000020
35092 0.000020
35093 0.000020
35094 0.000020
35095 0.000020
35096 0.000020
35097 0.000020
35098 0.000020
35099 0.000020
35100 0.000020
35101 0.000020
35102 0.000020
35103 0.000020
35104 0.000020
35105 0.000020
35106 0.000020
35107 0.000020
35108 0.000020
35109 0.000020
35110 0.000020
35111 0.000020
35112 0.000020
35113 0.000020
35114 0.000020
35115 0.000020
35116 0.000020
35117 0.000020
35118 0.000020
35119 0.000020
35120 0.000020
35121 0.000020
35122 0.000020
35123 0.000020
35124 0.000020
35125 0.000020
35126 0.000020
35127 0.000020
35128 0.000020
35129 0.000020
35130 0.000020
35131 0.000020
35132 0.000020
35133 0.000020
35134 0.000020
35135 0.000020
35136 0.000020
35137 0.000020
35138 0.000020
35139 0.000020
35140 0.000020
35141 0.000020
35142 0.000020
35143 0.000020
35144 0.000020
35145 0.000020
35146 0.000020
35147 0.000020
35148 0.000020
35149 0.000020
35150 0.000020
35151 0.000020
35152 0.000020
35153 0.000020
35154 0.000020
35155 0.000020
35156 0.000020
35157 0.000020
35158 0.000020
35159 0.000020
35160 0.000020
35161 0.000020
35162 0.000020
35163 0.000020
35164 0.000020
35165 0.000020
35166 0.000020
35167 0.000020
35168 0.000020
35169 0.000020
35170 0.000020
35171 0.000020
35172 0.000020
35173 0.000020
35174 0.000020
35175 0.000020
35176 0.000020
35177 0.000020
35178 0.000020
35179 0.000020
35180 0.000020
35181 0.000020
35182 0.000020
35183 0.000020
35184 0.000020
35185 0.000020
35186 0.000020
35187 0.000020
35188 0.000020
35189 0.000020
35190 0.000020
35191 0.000020
35192 0.000020
35193 0.000020
35194 0.000020
35195 0.000020
35196 0.000020
35197 0.000020
35198 0.000020
35199 0.000020
35200 0.000020
35201 0.000020
35202 0.000020
35203 0.000020
35204 0.000020
35205 0.000020
35206 0.000020
35207 0.000020
35208 0.000020
35209 0.000020
35210 0.000020
35211 0.000020
35212 0.000020
35213 0.000020
35214 0.000020
35215 0.000020
35216 0.000020
35217 0.000020
35218 0.000020
35219 0.000020
35220 0.000020
35221 0.000020
35222 0.000020
35223 0.000020
35224 0.000020
35225 0.000020
35226 0.000020
35227 0.000020
35228 0.000020
35229 0.000020
35230 0.000020
35231 0.000020
35232 0.000020
35233 0.000020
35234 0.000020
35235 0.000020
35236 0.000020
35237 0.000020
35238 0.000020
35239 0.000020
35240 0.000020
35241 0.000020
35242 0.000020
35243 0.000020
35244 0.000020
35245 0.000020
35246 0.000020
35247 0.000020
35248 0.000020
35249 0.000020
35250 0.000020
35251 0.000020
35252 0.000020
35253 0.000020
35254 0.000020
35255 0.000020
35256 0.000020
35257 0.000020
35258 0.000020
35259 0.000020
35260 0.000020
35261 0.000020
35262 0.000020
35263 0.000020
35264 0.000020
35265 0.000020
35266 0.000020
35267 0.000020
35268 0.000020
35269 0.000020
35270 0.000020
35271 0.000020
35272 0.000020
35273 0.000020
35274 0.000020
35275 0.000020
35276 0.000020
35277 0.000020
35278 0.000020
35279 0.000020
35280 0.000020
35281 0.000020
35282 0.000020
35283 0.000020
35284 0.000020
35285 0.000020
35286 0.000020
35287 0.000020
35288 0.000020
35289 0.000020
35290 0.000020
35291 0.000020
35292 0.000020
35293 0.000020
35294 0.000020
35295 0.000020
35296 0.000020
35297 0.000020
35298 0.000020
35299 0.000020
35300 0.000020
35301 0.000020
35302 0.000020
35303 0.000020
35304 0.000020
35305 0.000020
35306 0.000020
35307 0.000020
35308 0.000020
35309 0.000020
35310 0.000020
35311 0.000020
35312 0.000020
35313 0.000020
35314 0.000020
35315 0.000020
35316 0.000020
35317 0.000020
35318 0.000020
35319 0.000020
35320 0.000020
35321 0.000020
35322 0.000020
35323 0.000020
35324 0.000020
35325 0.000020
35326 0.000020
35327 0.000020
35328 0.000020
35329 0.000020
35330 0.000020
35331 0.000020
35332 0.000020
35333 0.000020
35334 0.000020
35335 0.000020
35336 0.000020
35337 0.000020
35338 0.000020
35339 0.000020
35340 0.000020
35341 0.000020
35342 0.000020
35343 0.000020
35344 0.000020
35345 0.000020
35346 0.000020
35347 0.000020
35348 0.000020
35349 0.000020
35350 0.000020
35351 0.000020
35352 0.000020
35353 0.000020
35354 0.000020
35355 0.000020
35356 0.000020
35357 0.000020
35358 0.000020
35359 0.000020
35360 0.000020
35361 0.000020
35362 0.000020
35363 0.000020
35364 0.000020
35365 0.000020
35366 0.000020
35367 0.000020
35368 0.000020
35369 0.000020
35370 0.000020
35371 0.000020
35372 0.000020
35373 0.000020
35374 0.000020
35375 0.000020
35376 0.000020
35377 0.000020
35378 0.000020
35379 0.000020
35380 0.000020
35381 0.000020
35382 0.000020
35383 0.000020
35384 0.000020
35385 0.000020
35386 0.000020
35387 0.000020
35388 0.000020
35389 0.000020
35390 0.000020
35391 0.000020
35392 0.000020
35393 0.000020
35394 0.000020
35395 0.000020
35396 0.000020
35397 0.000020
35398 0.000020
35399 0.000020
35400 0.000020
35401 0.000020
35402 0.000020
35403 0.000020
35404 0.000020
35405 0.000020
35406 0.000020
35407 0.000020
35408 0.000020
35409 0.000020
35410 0.000020
35411 0.000020
35412 0.000020
35413 0.000020
35414 0.000020
35415 0.000020
35416 0.000020
35417 0.000020
35418 0.000020
35419 0.000020
35420 0.000020
35421 0.000020
35422 0.000020
35423 0.000020
35424 0.000020
35425 0.000020
35426 0.000020
35427 0.000020
35428 0.000020
35429 0.000020
35430 0.000020
35431 0.000020
35432 0.000020
35433 0.000020
35434 0.000020
35435 0.000020
35436 0.000020
35437 0.000020
35438 0.000020
35439 0.000020
35440 0.000020
35441 0.000020
35442 0.000020
35443 0.000020
35444 0.000020
35445 0.000020
35446 0.000020
35447 0.000020
35448 0.000020
35449 0.000020
35450 0.000020
35451 0.000020
35452 0.000020
35453 0.000020
35454 0.000020
35455 0.000020
35456 0.000020
35457 0.000020
35458 0.000020
35459 0.000020
35460 0.000020
35461 0.000020
35462 0.000020
35463 0.000020
35464 0.000020
35465 0.000020
35466 0.000020
35467 0.000020
35468 0.000020
35469 0.000020
35470 0.000020
35471 0.000020
35472 0.000020
35473 0.000020
35474 0.000020
35475 0.000020
35476 0.000020
35477 0.000020
35478 0.000020
35479 0.000020
35480 0.000020
35481 0.000020
35482 0.000020
35483 0.000020
35484 0.000020
35485 0.000020
35486 0.000020
35487 0.000020
35488 0.000020
35489 0.000020
35490 0.000020
35491 0.000020
35492 0.000020
35493 0.000020
35494 0.000020
35495 0.000020
35496 0.000020
35497 0.000020
35498 0.000020
35499 0.000020
35500 0.000020
35501 0.000020
35502 0.000020
35503 0.000020
35504 0.000020
35505 0.000020
35506 0.000020
35507 0.000020
35508 0.000020
35509 0.000020
35510 0.000020
35511 0.000020
35512 0.000020
35513 0.000020
35514 0.000020
35515 0.000020
35516 0.000020
35517 0.000020
35518 0.000020
35519 0.000020
35520 0.000020
35521 0.000020
35522 0.000020
35523 0.000020
35524 0.000020
35525 0.000020
35526 0.000020
35527 0.000020
35528 0.000020
35529 0.000020
35530 0.000020
35531 0.000020
35532 0.000020
35533 0.000020
35534 0.000020
35535 0.000020
35536 0.000020
35537 0.000020
35538 0.000020
35539 0.000020
35540 0.000020
35541 0.000020
35542 0.000020
35543 0.000020
35544 0.000020
35545 0.000020
35546 0.000020
35547 0.000020
35548 0.000020
35549 0.000020
35550 0.000020
35551 0.000020
35552 0.000020
35553 0.000020
35554 0.000020
35555 0.000020
35556 0.000020
35557 0.000020
35558 0.000020
35559 0.000020
35560 0.000020
35561 0.000020
35562 0.000020
35563 0.000020
35564 0.000020
35565 0.000020
35566 0.000020
35567 0.000020
35568 0.000020
35569 0.000020
35570 0.000020
35571 0.000020
35572 0.000020
35573 0.000020
35574 0.000020
35575 0.000020
35576 0.000020
35577 0.000020
35578 0.000020
35579 0.000020
35580 0.000020
35581 0.000020
35582 0.000020
35583 0.000020
35584 0.000020
35585 0.000020
35586 0.000020
35587 0.000020
35588 0.000020
35589 0.000020
35590 0.000020
35591 0.000020
35592 0.000020
35593 0.000020
35594 0.000020
35595 0.000020
35596 0.000020
35597 0.000020
35598 0.000020
35599 0.000020
35600 0.000020
35601 0.000020
35602 0.000020
35603 0.000020
35604 0.000020
35605 0.000020
35606 0.000020
35607 0.000020
35608 0.000020
35609 0.000020
35610 0.000020
35611 0.000020
35612 0.000020
35613 0.000020
35614 0.000020
35615 0.000020
35616 0.000020
35617 0.000020
35618 0.000020
35619 0.000020
35620 0.000020
35621 0.000020
35622 0.000020
35623 0.000020
35624 0.000020
35625 0.000020
35626 0.000020
35627 0.000020
35628 0.000020
35629 0.000020
35630 0.000020
35631 0.000020
35632 0.000020
35633 0.000020
35634 0.000020
35635 0.000020
35636 0.000020
35637 0.000020
35638 0.000020
35639 0.000020
35640 0.000020
35641 0.000020
35642 0.000020
35643 0.000020
35644 0.000020
35645 0.000020
35646 0.000020
35647 0.000020
35648 0.000020
35649 0.000020
35650 0.000020
35651 0.000020
35652 0.000020
35653 0.000020
35654 0.000020
35655 0.000020
35656 0.000020
35657 0.000020
35658 0.000020
35659 0.000020
35660 0.000020
35661 0.000020
35662 0.000020
35663 0.000020
35664 0.000020
35665 0.000020
35666 0.000020
35667 0.000020
35668 0.000020
35669 0.000020
35670 0.000020
35671 0.000020
35672 0.000020
35673 0.000020
35674 0.000020
35675 0.000020
35676 0.000020
35677 0.000020
35678 0.000020
35679 0.000020
35680 0.000020
35681 0.000020
35682 0.000020
35683 0.000020
35684 0.000020
35685 0.000020
35686 0.000020
35687 0.000020
35688 0.000020
35689 0.000020
35690 0.000020
35691 0.000020
35692 0.000020
35693 0.000020
35694 0.000020
35695 0.000020
35696 0.000020
35697 0.000020
35698 0.000020
35699 0.000020
35700 0.000020
35701 0.000020
35702 0.000020
35703 0.000020
35704 0.000020
35705 0.000020
35706 0.000020
35707 0.000020
35708 0.000020
35709 0.000020
35710 0.000020
35711 0.000020
35712 0.000020
35713 0.000020
35714 0.000020
35715 0.000020
35716 0.000020
35717 0.000020
35718 0.000020
35719 0.000020
35720 0.000020
35721 0.000020
35722 0.000020
35723 0.000020
35724 0.000020
35725 0.000020
35726 0.000020
35727 0.000020
35728 0.000020
35729 0.000020
35730 0.000020
35731 0.000020
35732 0.000020
35733 0.000020
35734 0.000020
35735 0.000020
35736 0.000020
35737 0.000020
35738 0.000020
35739 0.000020
35740 0.000020
35741 0.000020
35742 0.000020
35743 0.000020
35744 0.000020
35745 0.000020
35746 0.000020
35747 0.000020
35748 0.000020
35749 0.000020
35750 0.000020
35751 0.000020
35752 0.000020
35753 0.000020
35754 0.000020
35755 0.000020
35756 0.000020
35757 0.000020
35758 0.000020
35759 0.000020
35760 0.000020
35761 0.000020
35762 0.000020
35763 0.000020
35764 0.000020
35765 0.000020
35766 0.000020
35767 0.000020
35768 0.000020
35769 0.000020
35770 0.000020
35771 0.000020
35772 0.000020
35773 0.000020
35774 0.000020
35775 0.000020
35776 0.000020
35777 0.000020
35778 0.000020
35779 0.000020
35780 0.000020
35781 0.000020
35782 0.000020
35783 0.000020
35784 0.000020
35785 0.000020
35786 0.000020
35787 0.000020
35788 0.000020
35789 0.000020
35790 0.000020
35791 0.000020
35792 0.000020
35793 0.000020
35794 0.000020
35795 0.000020
35796 0.000020
35797 0.000020
35798 0.000020
35799 0.000020
35800 0.000020
35801 0.000020
35802 0.000020
35803 0.000020
35804 0.000020
35805 0.000020
35806 0.000020
35807 0.000020
35808 0.000020
35809 0.000020
35810 0.000020
35811 0.000020
35812 0.000020
35813 0.000020
35814 0.000020
35815 0.000020
35816 0.000020
35817 0.000020
35818 0.000020
35819 0.000020
35820 0.000020
35821 0.000020
35822 0.000020
35823 0.000020
35824 0.000020
35825 0.000020
35826 0.000020
35827 0.000020
35828 0.000020
35829 0.000020
35830 0.000020
35831 0.000020
35832 0.000020
35833 0.000020
35834 0.000020
35835 0.000020
35836 0.000020
35837 0.000020
35838 0.000020
35839 0.000020
35840 0.000020
35841 0.000020
35842 0.000020
35843 0.000020
35844 0.000020
35845 0.000020
35846 0.000020
35847 0.000020
35848 0.000020
35849 0.000020
35850 0.000020
35851 0.000020
35852 0.000020
35853 0.000020
35854 0.000020
35855 0.000020
35856 0.000020
35857 0.000020
35858 0.000020
35859 0.000020
35860 0.000020
35861 0.000020
35862 0.000020
35863 0.000020
35864 0.000020
35865 0.000020
35866 0.000020
35867 0.000020
35868 0.000020
35869 0.000020
35870 0.000020
35871 0.000020
35872 0.000020
35873 0.000020
35874 0.000020
35875 0.000020
35876 0.000020
35877 0.000020
35878 0.000020
35879 0.000020
35880 0.000020
35881 0.000020
35882 0.000020
35883 0.000020
35884 0.000020
35885 0.000020
35886 0.000020
35887 0.000020
35888 0.000020
35889 0.000020
35890 0.000020
35891 0.000020
35892 0.000020
35893 0.000020
35894 0.000020
35895 0.000020
35896 0.000020
35897 0.000020
35898 0.000020
35899 0.000020
35900 0.000020
35901 0.000020
35902 0.000020
35903 0.000020
35904 0.000020
35905 0.000020
35906 0.000020
35907 0.000020
35908 0.000020
35909 0.000020
35910 0.000020
35911 0.000020
35912 0.000020
35913 0.000020
35914 0.000020
35915 0.000020
35916 0.000020
35917 0.000020
35918 0.000020
35919 0.000020
35920 0.000020
35921 0.000020
35922 0.000020
35923 0.000020
35924 0.000020
35925 0.000020
35926 0.000020
35927 0.000020
35928 0.000020
35929 0.000020
35930 0.000020
35931 0.000020
35932 0.000020
35933 0.000020
35934 0.000020
35935 0.000020
35936 0.000020
35937 0.000020
35938 0.000020
35939 0.000020
35940 0.000020
35941 0.000020
35942 0.000020
35943 0.000020
35944 0.000020
35945 0.000020
35946 0.000020
35947 0.000020
35948 0.000020
35949 0.000020
35950 0.000020
35951 0.000020
35952 0.000020
35953 0.000020
35954 0.000020
35955 0.000020
35956 0.000020
35957 0.000020
35958 0.000020
35959 0.000020
35960 0.000020
35961 0.000020
35962 0.000020
35963 0.000020
35964 0.000020
35965 0.000020
35966 0.000020
35967 0.000020
35968 0.000020
35969 0.000020
35970 0.000020
35971 0.000020
35972 0.000020
35973 0.000020
35974 0.000020
35975 0.000020
35976 0.000020
35977 0.000020
35978 0.000020
35979 0.000020
35980 0.000020
35981 0.000020
35982 0.000020
35983 0.000020
35984 0.000020
35985 0.000020
35986 0.000020
35987 0.000020
35988 0.000020
35989 0.000020
35990 0.000020
35991 0.000020
35992 0.000020
35993 0.000020
35994 0.000020
35995 0.000020
35996 0.000020
35997 0.000020
35998 0.000020
35999 0.000020
36000 0.000020
36001 0.000020
36002 0.000020
36003 0.000020
36004 0.000020
36005 0.000020
36006 0.000020
36007 0.000020
36008 0.000020
36009 0.000020
36010 0.000020
36011 0.000020
36012 0.000020
36013 0.000020
36014 0.000020
36015 0.000020
36016 0.000020
36017 0.000020
36018 0.000020
36019 0.000020
36020 0.000020
36021 0.000020
36022 0.000020
36023 0.000020
36024 0.000020
36025 0.000020
36026 0.000020
36027 0.000020
36028 0.000020
36029 0.000020
36030 0.000020
36031 0.000020
36032 0.000020
36033 0.000020
36034 0.000020
36035 0.000020
36036 0.000020
36037 0.000020
36038 0.000020
36039 0.000020
36040 0.000020
36041 0.000020
36042 0.000020
36043 0.000020
36044 0.000020
36045 0.000020
36046 0.000020
36047 0.000020
36048 0.000020
36049 0.000020
36050 0.000020
36051 0.000020
36052 0.000020
36053 0.000020
36054 0.000020
36055 0.000020
36056 0.000020
36057 0.000020
36058 0.000020
36059 0.000020
36060 0.000020
36061 0.000020
36062 0.000020
36063 0.000020
36064 0.000020
36065 0.000020
36066 0.000020
36067 0.000020
36068 0.000020
36069 0.000020
36070 0.000020
36071 0.000020
36072 0.000020
36073 0.000020
36074 0.000020
36075 0.000020
36076 0.000020
36077 0.000020
36078 0.000020
36079 0.000020
36080 0.000020
36081 0.000020
36082 0.000020
36083 0.000020
36084 0.000020
36085 0.000020
36086 0.000020
36087 0.000020
36088 0.000020
36089 0.000020
36090 0.000020
36091 0.000020
36092 0.000020
36093 0.000020
36094 0.000020
36095 0.000020
36096 0.000020
36097 0.000020
36098 0.000020
36099 0.000020
36100 0.000020
36101 0.000020
36102 0.000020
36103 0.000020
36104 0.000020
36105 0.000020
36106 0.000020
36107 0.000020
36108 0.000020
36109 0.000020
36110 0.000020
36111 0.000020
36112 0.000020
36113 0.000020
36114 0.000020
36115 0.000020
36116 0.000020
36117 0.000020
36118 0.000020
36119 0.000020
36120 0.000020
36121 0.000020
36122 0.000020
36123 0.000020
36124 0.000020
36125 0.000020
36126 0.000020
36127 0.000020
36128 0.000020
36129 0.000020
36130 0.000020
36131 0.000020
36132 0.000020
36133 0.000020
36134 0.000020
36135 0.000020
36136 0.000020
36137 0.000020
36138 0.000020
36139 0.000020
36140 0.000020
36141 0.000020
36142 0.000020
36143 0.000020
36144 0.000020
36145 0.000020
36146 0.000020
36147 0.000020
36148 0.000020
36149 0.000020
36150 0.000020
36151 0.000020
36152 0.000020
36153 0.000020
36154 0.000020
36155 0.000020
36156 0.000020
36157 0.000020
36158 0.000020
36159 0.000020
36160 0.000020
36161 0.000020
36162 0.000020
36163 0.000020
36164 0.000020
36165 0.000020
36166 0.000020
36167 0.000020
36168 0.000020
36169 0.000020
36170 0.000020
36171 0.000020
36172 0.000020
36173 0.000020
36174 0.000020
36175 0.000020
36176 0.000020
36177 0.000020
36178 0.000020
36179 0.000020
36180 0.000020
36181 0.000020
36182 0.000020
36183 0.000020
36184 0.000020
36185 0.000020
36186 0.000020
36187 0.000020
36188 0.000020
36189 0.000020
36190 0.000020
36191 0.000020
36192 0.000020
36193 0.000020
36194 0.000020
36195 0.000020
36196 0.000020
36197 0.000020
36198 0.000020
36199 0.000020
36200 0.000020
36201 0.000020
36202 0.000020
36203 0.000020
36204 0.000020
36205 0.000020
36206 0.000020
36207 0.000020
36208 0.000020
36209 0.000020
36210 0.000020
36211 0.000020
36212 0.000020
36213 0.000020
36214 0.000020
36215 0.000020
36216 0.000020
36217 0.000020
36218 0.000020
36219 0.000020
36220 0.000020
36221 0.000020
36222 0.000020
36223 0.000020
36224 0.000020
36225 0.000020
36226 0.000020
36227 0.000020
36228 0.000020
36229 0.000020
36230 0.000020
36231 0.000020
36232 0.000020
36233 0.000020
36234 0.000020
36235 0.000020
36236 0.000020
36237 0.000020
36238 0.000020
36239 0.000020
36240 0.000020
36241 0.000020
36242 0.000020
36243 0.000020
36244 0.000020
36245 0.000020
36246 0.000020
36247 0.000020
36248 0.000020
36249 0.000020
36250 0.000020
36251 0.000020
36252 0.000020
36253 0.000020
36254 0.000020
36255 0.000020
36256 0.000020
36257 0.000020
36258 0.000020
36259 0.000020
36260 0.000020
36261 0.000020
36262 0.000020
36263 0.000020
36264 0.000020
36265 0.000020
36266 0.000020
36267 0.000020
36268 0.000020
36269 0.000020
36270 0.000020
36271 0.000020
36272 0.000020
36273 0.000020
36274 0.000020
36275 0.000020
36276 0.000020
36277 0.000020
36278 0.000020
36279 0.000020
36280 0.000020
36281 0.000020
36282 0.000020
36283 0.000020
36284 0.000020
36285 0.000020
36286 0.000020
36287 0.000020
36288 0.000020
36289 0.000020
36290 0.000020
36291 0.000020
36292 0.000020
36293 0.000020
36294 0.000020
36295 0.000020
36296 0.000020
36297 0.000020
36298 0.000020
36299 0.000020
36300 0.000020
36301 0.000020
36302 0.000020
36303 0.000020
36304 0.000020
36305 0.000020
36306 0.000020
36307 0.000020
36308 0.000020
36309 0.000020
36310 0.000020
36311 0.000020
36312 0.000020
36313 0.000020
36314 0.000020
36315 0.000020
36316 0.000020
36317 0.000020
36318 0.000020
36319 0.000020
36320 0.000020
36321 0.000020
36322 0.000020
36323 0.000020
36324 0.000020
36325 0.000020
36326 0.000020
36327 0.000020
36328 0.000020
36329 0.000020
36330 0.000020
36331 0.000020
36332 0.000020
36333 0.000020
36334 0.000020
36335 0.000020
36336 0.000020
36337 0.000020
36338 0.000020
36339 0.000020
36340 0.000020
36341 0.000020
36342 0.000020
36343 0.000020
36344 0.000020
36345 0.000020
36346 0.000020
36347 0.000020
36348 0.000020
36349 0.000020
36350 0.000020
36351 0.000020
36352 0.000020
36353 0.000020
36354 0.000020
36355 0.000020
36356 0.000020
36357 0.000020
36358 0.000020
36359 0.000020
36360 0.000020
36361 0.000020
36362 0.000020
36363 0.000020
36364 0.000020
36365 0.000020
36366 0.000020
36367 0.000020
36368 0.000020
36369 0.000020
36370 0.000020
36371 0.000020
36372 0.000020
36373 0.000020
36374 0.000020
36375 0.000020
36376 0.000020
36377 0.000020
36378 0.000020
36379 0.000020
36380 0.000020
36381 0.000020
36382 0.000020
36383 0.000020
36384 0.000020
36385 0.000020
36386 0.000020
36387 0.000020
36388 0.000020
36389 0.000020
36390 0.000020
36391 0.000020
36392 0.000020
36393 0.000020
36394 0.000020
36395 0.000020
36396 0.000020
36397 0.000020
36398 0.000020
36399 0.000020
36400 0.000020
36401 0.000020
36402 0.000020
36403 0.000020
36404 0.000020
36405 0.000020
36406 0.000020
36407 0.000020
36408 0.000020
36409 0.000020
36410 0.000020
36411 0.000020
36412 0.000020
36413 0.000020
36414 0.000020
36415 0.000020
36416 0.000020
36417 0.000020
36418 0.000020
36419 0.000020
36420 0.000020
36421 0.000020
36422 0.000020
36423 0.000020
36424 0.000020
36425 0.000020
36426 0.000020
36427 0.000020
36428 0.000020
36429 0.000020
36430 0.000020
36431 0.000020
36432 0.000020
36433 0.000020
36434 0.000020
36435 0.000020
36436 0.000020
36437 0.000020
36438 0.000020
36439 0.000020
36440 0.000020
36441 0.000020
36442 0.000020
36443 0.000020
36444 0.000020
36445 0.000020
36446 0.000020
36447 0.000020
36448 0.000020
36449 0.000020
36450 0.000020
36451 0.000020
36452 0.000020
36453 0.000020
36454 0.000020
36455 0.000020
36456 0.000020
36457 0.000020
36458 0.000020
36459 0.000020
36460 0.000020
36461 0.000020
36462 0.000020
36463 0.000020
36464 0.000020
36465 0.000020
36466 0.000020
36467 0.000020
36468 0.000020
36469 0.000020
36470 0.000020
36471 0.000020
36472 0.000020
36473 0.000020
36474 0.000020
36475 0.000020
36476 0.000020
36477 0.000020
36478 0.000020
36479 0.000020
36480 0.000020
36481 0.000020
36482 0.000020
36483 0.000020
36484 0.000020
36485 0.000020
36486 0.000020
36487 0.000020
36488 0.000020
36489 0.000020
36490 0.000020
36491 0.000020
36492 0.000020
36493 0.000020
36494 0.000020
36495 0.000020
36496 0.000020
36497 0.000020
36498 0.000020
36499 0.000020
36500 0.000020
36501 0.000020
36502 0.000020
36503 0.000020
36504 0.000020
36505 0.000020
36506 0.000020
36507 0.000020
36508 0.000020
36509 0.000020
36510 0.000020
36511 0.000020
36512 0.000020
36513 0.000020
36514 0.000020
36515 0.000020
36516 0.000020
36517 0.000020
36518 0.000020
36519 0.000020
36520 0.000020
36521 0.000020
36522 0.000020
36523 0.000020
36524 0.000020
36525 0.000020
36526 0.000020
36527 0.000020
36528 0.000020
36529 0.000020
36530 0.000020
36531 0.000020
36532 0.000020
36533 0.000020
36534 0.000020
36535 0.000020
36536 0.000020
36537 0.000020
36538 0.000020
36539 0.000020
36540 0.000020
36541 0.000020
36542 0.000020
36543 0.000020
36544 0.000020
36545 0.000020
36546 0.000020
36547 0.000020
36548 0.000020
36549 0.000020
36550 0.000020
36551 0.000020
36552 0.000020
36553 0.000020
36554 0.000020
36555 0.000020
36556 0.000020
36557 0.000020
36558 0.000020
36559 0.000020
36560 0.000020
36561 0.000020
36562 0.000020
36563 0.000020
36564 0.000020
36565 0.000020
36566 0.000020
36567 0.000020
36568 0.000020
36569 0.000020
36570 0.000020
36571 0.000020
36572 0.000020
36573 0.000020
36574 0.000020
36575 0.000020
36576 0.000020
36577 0.000020
36578 0.000020
36579 0.000020
36580 0.000020
36581 0.000020
36582 0.000020
36583 0.000020
36584 0.000020
36585 0.000020
36586 0.000020
36587 0.000020
36588 0.000020
36589 0.000020
36590 0.000020
36591 0.000020
36592 0.000020
36593 0.000020
36594 0.000020
36595 0.000020
36596 0.000020
36597 0.000020
36598 0.000020
36599 0.000020
36600 0.000020
36601 0.000020
36602 0.000020
36603 0.000020
36604 0.000020
36605 0.000020
36606 0.000020
36607 0.000020
36608 0.000020
36609 0.000020
36610 0.000020
36611 0.000020
36612 0.000020
36613 0.000020
36614 0.000020
36615 0.000020
36616 0.000020
36617 0.000020
36618 0.000020
36619 0.000020
36620 0.000020
36621 0.000020
36622 0.000020
36623 0.000020
36624 0.000020
36625 0.000020
36626 0.000020
36627 0.000020
36628 0.000020
36629 0.000020
36630 0.000020
36631 0.000020
36632 0.000020
36633 0.000020
36634 0.000020
36635 0.000020
36636 0.000020
36637 0.000020
36638 0.000020
36639 0.000020
36640 0.000020
36641 0.000020
36642 0.000020
36643 0.000020
36644 0.000020
36645 0.000020
36646 0.000020
36647 0.000020
36648 0.000020
36649 0.000020
36650 0.000020
36651 0.000020
36652 0.000020
36653 0.000020
36654 0.000020
36655 0.000020
36656 0.000020
36657 0.000020
36658 0.000020
36659 0.000020
36660 0.000020
36661 0.000020
36662 0.000020
36663 0.000020
36664 0.000020
36665 0.000020
36666 0.000020
36667 0.000020
36668 0.000020
36669 0.000020
36670 0.000020
36671 0.000020
36672 0.000020
36673 0.000020
36674 0.000020
36675 0.000020
36676 0.000020
36677 0.000020
36678 0.000020
36679 0.000020
36680 0.000020
36681 0.000020
36682 0.000020
36683 0.000020
36684 0.000020
36685 0.000020
36686 0.000020
36687 0.000020
36688 0.000020
36689 0.000020
36690 0.000020
36691 0.000020
36692 0.000020
36693 0.000020
36694 0.000020
36695 0.000020
36696 0.000020
36697 0.000020
36698 0.000020
36699 0.000020
36700 0.000020
36701 0.000020
36702 0.000020
36703 0.000020
36704 0.000020
36705 0.000020
36706 0.000020
36707 0.000020
36708 0.000020
36709 0.000020
36710 0.000020
36711 0.000020
36712 0.000020
36713 0.000020
36714 0.000020
36715 0.000020
36716 0.000020
36717 0.000020
36718 0.000020
36719 0.000020
36720 0.000020
36721 0.000020
36722 0.000020
36723 0.000020
36724 0.000020
36725 0.000020
36726 0.000020
36727 0.000020
36728 0.000020
36729 0.000020
36730 0.000020
36731 0.000020
36732 0.000020
36733 0.000020
36734 0.000020
36735 0.000020
36736 0.000020
36737 0.000020
36738 0.000020
36739 0.000020
36740 0.000020
36741 0.000020
36742 0.000020
36743 0.000020
36744 0.000020
36745 0.000020
36746 0.000020
36747 0.000020
36748 0.000020
36749 0.000020
36750 0.000020
36751 0.000020
36752 0.000020
36753 0.000020
36754 0.000020
36755 0.000020
36756 0.000020
36757 0.000020
36758 0.000020
36759 0.000020
36760 0.000020
36761 0.000020
36762 0.000020
36763 0.000020
36764 0.000020
36765 0.000020
36766 0.000020
36767 0.000020
36768 0.000020
36769 0.000020
36770 0.000020
36771 0.000020
36772 0.000020
36773 0.000020
36774 0.000020
36775 0.000020
36776 0.000020
36777 0.000020
36778 0.000020
36779 0.000020
36780 0.000020
36781 0.000020
36782 0.000020
36783 0.000020
36784 0.000020
36785 0.000020
36786 0.000020
36787 0.000020
36788 0.000020
36789 0.000020
36790 0.000020
36791 0.000020
36792 0.000020
36793 0.000020
36794 0.000020
36795 0.000020
36796 0.000020
36797 0.000020
36798 0.000020
36799 0.000020
36800 0.000020
36801 0.000020
36802 0.000020
36803 0.000020
36804 0.000020
36805 0.000020
36806 0.000020
36807 0.000020
36808 0.000020
36809 0.000020
36810 0.000020
36811 0.000020
36812 0.000020
36813 0.000020
36814 0.000020
36815 0.000020
36816 0.000020
36817 0.000020
36818 0.000020
36819 0.000020
36820 0.000020
36821 0.000020
36822 0.000020
36823 0.000020
36824 0.000020
36825 0.000020
36826 0.000020
36827 0.000020
36828 0.000020
36829 0.000020
36830 0.000020
36831 0.000020
36832 0.000020
36833 0.000020
36834 0.000020
36835 0.000020
36836 0.000020
36837 0.000020
36838 0.000020
36839 0.000020
36840 0.000020
36841 0.000020
36842 0.000020
36843 0.000020
36844 0.000020
36845 0.000020
36846 0.000020
36847 0.000020
36848 0.000020
36849 0.000020
36850 0.000020
36851 0.000020
36852 0.000020
36853 0.000020
36854 0.000020
36855 0.000020
36856 0.000020
36857 0.000020
36858 0.000020
36859 0.000020
36860 0.000020
36861 0.000020
36862 0.000020
36863 0.000020
36864 0.000020
36865 0.000020
36866 0.000020
36867 0.000020
36868 0.000020
36869 0.000020
36870 0.000020
36871 0.000020
36872 0.000020
36873 0.000020
36874 0.000020
36875 0.000020
36876 0.000020
36877 0.000020
36878 0.000020
36879 0.000020
36880 0.000020
36881 0.000020
36882 0.000020
36883 0.000020
36884 0.000020
36885 0.000020
36886 0.000020
36887 0.000020
36888 0.000020
36889 0.000020
36890 0.000020
36891 0.000020
36892 0.000020
36893 0.000020
36894 0.000020
36895 0.000020
36896 0.000020
36897 0.000020
36898 0.000020
36899 0.000020
36900 0.000020
36901 0.000020
36902 0.000020
36903 0.000020
36904 0.000020
36905 0.000020
36906 0.000020
36907 0.000020
36908 0.000020
36909 0.000020
36910 0.000020
36911 0.000020
36912 0.000020
36913 0.000020
36914 0.000020
36915 0.000020
36916 0.000020
36917 0.000020
36918 0.000020
36919 0.000020
36920 0.000020
36921 0.000020
36922 0.000020
36923 0.000020
36924 0.000020
36925 0.000020
36926 0.000020
36927 0.000020
36928 0.000020
36929 0.000020
36930 0.000020
36931 0.000020
36932 0.000020
36933 0.000020
36934 0.000020
36935 0.000020
36936 0.000020
36937 0.000020
36938 0.000020
36939 0.000020
36940 0.000020
36941 0.000020
36942 0.000020
36943 0.000020
36944 0.000020
36945 0.000020
36946 0.000020
36947 0.000020
36948 0.000020
36949 0.000020
36950 0.000020
36951 0.000020
36952 0.000020
36953 0.000020
36954 0.000020
36955 0.000020
36956 0.000020
36957 0.000020
36958 0.000020
36959 0.000020
36960 0.000020
36961 0.000020
36962 0.000020
36963 0.000020
36964 0.000020
36965 0.000020
36966 0.000020
36967 0.000020
36968 0.000020
36969 0.000020
36970 0.000020
36971 0.000020
36972 0.000020
36973 0.000020
36974 0.000020
36975 0.000020
36976 0.000020
36977 0.000020
36978 0.000020
36979 0.000020
36980 0.000020
36981 0.000020
36982 0.000020
36983 0.000020
36984 0.000020
36985 0.000020
36986 0.000020
36987 0.000020
36988 0.000020
36989 0.000020
36990 0.000020
36991 0.000020
36992 0.000020
36993 0.000020
36994 0.000020
36995 0.000020
36996 0.000020
36997 0.000020
36998 0.000020
36999 0.000020
37000 0.000020
37001 0.000020
37002 0.000020
37003 0.000020
37004 0.000020
37005 0.000020
37006 0.000020
37007 0.000020
37008 0.000020
37009 0.000020
37010 0.000020
37011 0.000020
37012 0.000020
37013 0.000020
37014 0.000020
37015 0.000020
37016 0.000020
37017 0.000020
37018 0.000020
37019 0.000020
37020 0.000020
37021 0.000020
37022 0.000020
37023 0.000020
37024 0.000020
37025 0.000020
37026 0.000020
37027 0.000020
37028 0.000020
37029 0.000020
37030 0.000020
37031 0.000020
37032 0.000020
37033 0.000020
37034 0.000020
37035 0.000020
37036 0.000020
37037 0.000020
37038 0.000020
37039 0.000020
37040 0.000020
37041 0.000020
37042 0.000020
37043 0.000020
37044 0.000020
37045 0.000020
37046 0.000020
37047 0.000020
37048 0.000020
37049 0.000020
37050 0.000020
37051 0.000020
37052 0.000020
37053 0.000020
37054 0.000020
37055 0.000020
37056 0.000020
37057 0.000020
37058 0.000020
37059 0.000020
37060 0.000020
37061 0.000020
37062 0.000020
37063 0.000020
37064 0.000020
37065 0.000020
37066 0.000020
37067 0.000020
37068 0.000020
37069 0.000020
37070 0.000020
37071 0.000020
37072 0.000020
37073 0.000020
37074 0.000020
37075 0.000020
37076 0.000020
37077 0.000020
37078 0.000020
37079 0.000020
37080 0.000020
37081 0.000020
37082 0.000020
37083 0.000020
37084 0.000020
37085 0.000020
37086 0.000020
37087 0.000020
37088 0.000020
37089 0.000020
37090 0.000020
37091 0.000020
37092 0.000020
37093 0.000020
37094 0.000020
37095 0.000020
37096 0.000020
37097 0.000020
37098 0.000020
37099 0.000020
37100 0.000020
37101 0.000020
37102 0.000020
37103 0.000020
37104 0.000020
37105 0.000020
37106 0.000020
37107 0.000020
37108 0.000020
37109 0.000020
37110 0.000020
37111 0.000020
37112 0.000020
37113 0.000020
37114 0.000020
37115 0.000020
37116 0.000020
37117 0.000020
37118 0.000020
37119 0.000020
37120 0.000020
37121 0.000020
37122 0.000020
37123 0.000020
37124 0.000020
37125 0.000020
37126 0.000020
37127 0.000020
37128 0.000020
37129 0.000020
37130 0.000020
37131 0.000020
37132 0.000020
37133 0.000020
37134 0.000020
37135 0.000020
37136 0.000020
37137 0.000020
37138 0.000020
37139 0.000020
37140 0.000020
37141 0.000020
37142 0.000020
37143 0.000020
37144 0.000020
37145 0.000020
37146 0.000020
37147 0.000020
37148 0.000020
37149 0.000020
37150 0.000020
37151 0.000020
37152 0.000020
37153 0.000020
37154 0.000020
37155 0.000020
37156 0.000020
37157 0.000020
37158 0.000020
37159 0.000020
37160 0.000020
37161 0.000020
37162 0.000020
37163 0.000020
37164 0.000020
37165 0.000020
37166 0.000020
37167 0.000020
37168 0.000020
37169 0.000020
37170 0.000020
37171 0.000020
37172 0.000020
37173 0.000020
37174 0.000020
37175 0.000020
37176 0.000020
37177 0.000020
37178 0.000020
37179 0.000020
37180 0.000020
37181 0.000020
37182 0.000020
37183 0.000020
37184 0.000020
37185 0.000020
37186 0.000020
37187 0.000020
37188 0.000020
37189 0.000020
37190 0.000020
37191 0.000020
37192 0.000020
37193 0.000020
37194 0.000020
37195 0.000020
37196 0.000020
37197 0.000020
37198 0.000020
37199 0.000020
37200 0.000020
37201 0.000020
37202 0.000020
37203 0.000020
37204 0.000020
37205 0.000020
37206 0.000020
37207 0.000020
37208 0.000020
37209 0.000020
37210 0.000020
37211 0.000020
37212 0.000020
37213 0.000020
37214 0.000020
37215 0.000020
37216 0.000020
37217 0.000020
37218 0.000020
37219 0.000020
37220 0.000020
37221 0.000020
37222 0.000020
37223 0.000020
37224 0.000020
37225 0.000020
37226 0.000020
37227 0.000020
37228 0.000020
37229 0.000020
37230 0.000020
37231 0.000020
37232 0.000020
37233 0.000020
37234 0.000020
37235 0.000020
37236 0.000020
37237 0.000020
37238 0.000020
37239 0.000020
37240 0.000020
37241 0.000020
37242 0.000020
37243 0.000020
37244 0.000020
37245 0.000020
37246 0.000020
37247 0.000020
37248 0.000020
37249 0.000020
37250 0.000020
37251 0.000020
37252 0.000020
37253 0.000020
37254 0.000020
37255 0.000020
37256 0.000020
37257 0.000020
37258 0.000020
37259 0.000020
37260 0.000020
37261 0.000020
37262 0.000020
37263 0.000020
37264 0.000020
37265 0.000020
37266 0.000020
37267 0.000020
37268 0.000020
37269 0.000020
37270 0.000020
37271 0.000020
37272 0.000020
37273 0.000020
37274 0.000020
37275 0.000020
37276 0.000020
37277 0.000020
37278 0.000020
37279 0.000020
37280 0.000020
37281 0.000020
37282 0.000020
37283 0.000020
37284 0.000020
37285 0.000020
37286 0.000020
37287 0.000020
37288 0.000020
37289 0.000020
37290 0.000020
37291 0.000020
37292 0.000020
37293 0.000020
37294 0.000020
37295 0.000020
37296 0.000020
37297 0.000020
37298 0.000020
37299 0.000020
37300 0.000020
37301 0.000020
37302 0.000020
37303 0.000020
37304 0.000020
37305 0.000020
37306 0.000020
37307 0.000020
37308 0.000020
37309 0.000020
37310 0.000020
37311 0.000020
37312 0.000020
37313 0.000020
37314 0.000020
37315 0.000020
37316 0.000020
37317 0.000020
37318 0.000020
37319 0.000020
37320 0.000020
37321 0.000020
37322 0.000020
37323 0.000020
37324 0.000020
37325 0.000020
37326 0.000020
37327 0.000020
37328 0.000020
37329 0.000020
37330 0.000020
37331 0.000020
37332 0.000020
37333 0.000020
37334 0.000020
37335 0.000020
37336 0.000020
37337 0.000020
37338 0.000020
37339 0.000020
37340 0.000020
37341 0.000020
37342 0.000020
37343 0.000020
37344 0.000020
37345 0.000020
37346 0.000020
37347 0.000020
37348 0.000020
37349 0.000020
37350 0.000020
37351 0.000020
37352 0.000020
37353 0.000020
37354 0.000020
37355 0.000020
37356 0.000020
37357 0.000020
37358 0.000020
37359 0.000020
37360 0.000020
37361 0.000020
37362 0.000020
37363 0.000020
37364 0.000020
37365 0.000020
37366 0.000020
37367 0.000020
37368 0.000020
37369 0.000020
37370 0.000020
37371 0.000020
37372 0.000020
37373 0.000020
37374 0.000020
37375 0.000020
37376 0.000020
37377 0.000020
37378 0.000020
37379 0.000020
37380 0.000020
37381 0.000020
37382 0.000020
37383 0.000020
37384 0.000020
37385 0.000020
37386 0.000020
37387 0.000020
37388 0.000020
37389 0.000020
37390 0.000020
37391 0.000020
37392 0.000020
37393 0.000020
37394 0.000020
37395 0.000020
37396 0.000020
37397 0.000020
37398 0.000020
37399 0.000020
37400 0.000020
37401 0.000020
37402 0.000020
37403 0.000020
37404 0.000020
37405 0.000020
37406 0.000020
37407 0.000020
37408 0.000020
37409 0.000020
37410 0.000020
37411 0.000020
37412 0.000020
37413 0.000020
37414 0.000020
37415 0.000020
37416 0.000020
37417 0.000020
37418 0.000020
37419 0.000020
37420 0.000020
37421 0.000020
37422 0.000020
37423 0.000020
37424 0.000020
37425 0.000020
37426 0.000020
37427 0.000020
37428 0.000020
37429 0.000020
37430 0.000020
37431 0.000020
37432 0.000020
37433 0.000020
37434 0.000020
37435 0.000020
37436 0.000020
37437 0.000020
37438 0.000020
37439 0.000020
37440 0.000020
37441 0.000020
37442 0.000020
37443 0.000020
37444 0.000020
37445 0.000020
37446 0.000020
37447 0.000020
37448 0.000020
37449 0.000020
37450 0.000020
37451 0.000020
37452 0.000020
37453 0.000020
37454 0.000020
37455 0.000020
37456 0.000020
37457 0.000020
37458 0.000020
37459 0.000020
37460 0.000020
37461 0.000020
37462 0.000020
37463 0.000020
37464 0.000020
37465 0.000020
37466 0.000020
37467 0.000020
37468 0.000020
37469 0.000020
37470 0.000020
37471 0.000020
37472 0.000020
37473 0.000020
37474 0.000020
37475 0.000020
37476 0.000020
37477 0.000020
37478 0.000020
37479 0.000020
37480 0.000020
37481 0.000020
37482 0.000020
37483 0.000020
37484 0.000020
37485 0.000020
37486 0.000020
37487 0.000020
37488 0.000020
37489 0.000020
37490 0.000020
37491 0.000020
37492 0.000020
37493 0.000020
37494 0.000020
37495 0.000020
37496 0.000020
37497 0.000020
37498 0.000020
37499 0.000020
37500 0.000020
37501 0.000020
37502 0.000020
37503 0.000020
37504 0.000020
37505 0.000020
37506 0.000020
37507 0.000020
37508 0.000020
37509 0.000020
37510 0.000020
37511 0.000020
37512 0.000020
37513 0.000020
37514 0.000020
37515 0.000020
37516 0.000020
37517 0.000020
37518 0.000020
37519 0.000020
37520 0.000020
37521 0.000020
37522 0.000020
37523 0.000020
37524 0.000020
37525 0.000020
37526 0.000020
37527 0.000020
37528 0.000020
37529 0.000020
37530 0.000020
37531 0.000020
37532 0.000020
37533 0.000020
37534 0.000020
37535 0.000020
37536 0.000020
37537 0.000020
37538 0.000020
37539 0.000020
37540 0.000020
37541 0.000020
37542 0.000020
37543 0.000020
37544 0.000020
37545 0.000020
37546 0.000020
37547 0.000020
37548 0.000020
37549 0.000020
37550 0.000020
37551 0.000020
37552 0.000020
37553 0.000020
37554 0.000020
37555 0.000020
37556 0.000020
37557 0.000020
37558 0.000020
37559 0.000020
37560 0.000020
37561 0.000020
37562 0.000020
37563 0.000020
37564 0.000020
37565 0.000020
37566 0.000020
37567 0.000020
37568 0.000020
37569 0.000020
37570 0.000020
37571 0.000020
37572 0.000020
37573 0.000020
37574 0.000020
37575 0.000020
37576 0.000020
37577 0.000020
37578 0.000020
37579 0.000020
37580 0.000020
37581 0.000020
37582 0.000020
37583 0.000020
37584 0.000020
37585 0.000020
37586 0.000020
37587 0.000020
37588 0.000020
37589 0.000020
37590 0.000020
37591 0.000020
37592 0.000020
37593 0.000020
37594 0.000020
37595 0.000020
37596 0.000020
37597 0.000020
37598 0.000020
37599 0.000020
37600 0.000020
37601 0.000020
37602 0.000020
37603 0.000020
37604 0.000020
37605 0.000020
37606 0.000020
37607 0.000020
37608 0.000020
37609 0.000020
37610 0.000020
37611 0.000020
37612 0.000020
37613 0.000020
37614 0.000020
37615 0.000020
37616 0.000020
37617 0.000020
37618 0.000020
37619 0.000020
37620 0.000020
37621 0.000020
37622 0.000020
37623 0.000020
37624 0.000020
37625 0.000020
37626 0.000020
37627 0.000020
37628 0.000020
37629 0.000020
37630 0.000020
37631 0.000020
37632 0.000020
37633 0.000020
37634 0.000020
37635 0.000020
37636 0.000020
37637 0.000020
37638 0.000020
37639 0.000020
37640 0.000020
37641 0.000020
37642 0.000020
37643 0.000020
37644 0.000020
37645 0.000020
37646 0.000020
37647 0.000020
37648 0.000020
37649 0.000020
37650 0.000020
37651 0.000020
37652 0.000020
37653 0.000020
37654 0.000020
37655 0.000020
37656 0.000020
37657 0.000020
37658 0.000020
37659 0.000020
37660 0.000020
37661 0.000020
37662 0.000020
37663 0.000020
37664 0.000020
37665 0.000020
37666 0.000020
37667 0.000020
37668 0.000020
37669 0.000020
37670 0.000020
37671 0.000020
37672 0.000020
37673 0.000020
37674 0.000020
37675 0.000020
37676 0.000020
37677 0.000020
37678 0.000020
37679 0.000020
37680 0.000020
37681 0.000020
37682 0.000020
37683 0.000020
37684 0.000020
37685 0.000020
37686 0.000020
37687 0.000020
37688 0.000020
37689 0.000020
37690 0.000020
37691 0.000020
37692 0.000020
37693 0.000020
37694 0.000020
37695 0.000020
37696 0.000020
37697 0.000020
37698 0.000020
37699 0.000020
37700 0.000020
37701 0.000020
37702 0.000020
37703 0.000020
37704 0.000020
37705 0.000020
37706 0.000020
37707 0.000020
37708 0.000020
37709 0.000020
37710 0.000020
37711 0.000020
37712 0.000020
37713 0.000020
37714 0.000020
37715 0.000020
37716 0.000020
37717 0.000020
37718 0.000020
37719 0.000020
37720 0.000020
37721 0.000020
37722 0.000020
37723 0.000020
37724 0.000020
37725 0.000020
37726 0.000020
37727 0.000020
37728 0.000020
37729 0.000020
37730 0.000020
37731 0.000020
37732 0.000020
37733 0.000020
37734 0.000020
37735 0.000020
37736 0.000020
37737 0.000020
37738 0.000020
37739 0.000020
37740 0.000020
37741 0.000020
37742 0.000020
37743 0.000020
37744 0.000020
37745 0.000020
37746 0.000020
37747 0.000020
37748 0.000020
37749 0.000020
37750 0.000020
37751 0.000020
37752 0.000020
37753 0.000020
37754 0.000020
37755 0.000020
37756 0.000020
37757 0.000020
37758 0.000020
37759 0.000020
37760 0.000020
37761 0.000020
37762 0.000020
37763 0.000020
37764 0.000020
37765 0.000020
37766 0.000020
37767 0.000020
37768 0.000020
37769 0.000020
37770 0.000020
37771 0.000020
37772 0.000020
37773 0.000020
37774 0.000020
37775 0.000020
37776 0.000020
37777 0.000020
37778 0.000020
37779 0.000020
37780 0.000020
37781 0.000020
37782 0.000020
37783 0.000020
37784 0.000020
37785 0.000020
37786 0.000020
37787 0.000020
37788 0.000020
37789 0.000020
37790 0.000020
37791 0.000020
37792 0.000020
37793 0.000020
37794 0.000020
37795 0.000020
37796 0.000020
37797 0.000020
37798 0.000020
37799 0.000020
37800 0.000020
37801 0.000020
37802 0.000020
37803 0.000020
37804 0.000020
37805 0.000020
37806 0.000020
37807 0.000020
37808 0.000020
37809 0.000020
37810 0.000020
37811 0.000020
37812 0.000020
37813 0.000020
37814 0.000020
37815 0.000020
37816 0.000020
37817 0.000020
37818 0.000020
37819 0.000020
37820 0.000020
37821 0.000020
37822 0.000020
37823 0.000020
37824 0.000020
37825 0.000020
37826 0.000020
37827 0.000020
37828 0.000020
37829 0.000020
37830 0.000020
37831 0.000020
37832 0.000020
37833 0.000020
37834 0.000020
37835 0.000020
37836 0.000020
37837 0.000020
37838 0.000020
37839 0.000020
37840 0.000020
37841 0.000020
37842 0.000020
37843 0.000020
37844 0.000020
37845 0.000020
37846 0.000020
37847 0.000020
37848 0.000020
37849 0.000020
37850 0.000020
37851 0.000020
37852 0.000020
37853 0.000020
37854 0.000020
37855 0.000020
37856 0.000020
37857 0.000020
37858 0.000020
37859 0.000020
37860 0.000020
37861 0.000020
37862 0.000020
37863 0.000020
37864 0.000020
37865 0.000020
37866 0.000020
37867 0.000020
37868 0.000020
37869 0.000020
37870 0.000020
37871 0.000020
37872 0.000020
37873 0.000020
37874 0.000020
37875 0.000020
37876 0.000020
37877 0.000020
37878 0.000020
37879 0.000020
37880 0.000020
37881 0.000020
37882 0.000020
37883 0.000020
37884 0.000020
37885 0.000020
37886 0.000020
37887 0.000020
37888 0.000020
37889 0.000020
37890 0.000020
37891 0.000020
37892 0.000020
37893 0.000020
37894 0.000020
37895 0.000020
37896 0.000020
37897 0.000020
37898 0.000020
37899 0.000020
37900 0.000020
37901 0.000020
37902 0.000020
37903 0.000020
37904 0.000020
37905 0.000020
37906 0.000020
37907 0.000020
37908 0.000020
37909 0.000020
37910 0.000020
37911 0.000020
37912 0.000020
37913 0.000020
37914 0.000020
37915 0.000020
37916 0.000020
37917 0.000020
37918 0.000020
37919 0.000020
37920 0.000020
37921 0.000020
37922 0.000020
37923 0.000020
37924 0.000020
37925 0.000020
37926 0.000020
37927 0.000020
37928 0.000020
37929 0.000020
37930 0.000020
37931 0.000020
37932 0.000020
37933 0.000020
37934 0.000020
37935 0.000020
37936 0.000020
37937 0.000020
37938 0.000020
37939 0.000020
37940 0.000020
37941 0.000020
37942 0.000020
37943 0.000020
37944 0.000020
37945 0.000020
37946 0.000020
37947 0.000020
37948 0.000020
37949 0.000020
37950 0.000020
37951 0.000020
37952 0.000020
37953 0.000020
37954 0.000020
37955 0.000020
37956 0.000020
37957 0.000020
37958 0.000020
37959 0.000020
37960 0.000020
37961 0.000020
37962 0.000020
37963 0.000020
37964 0.000020
37965 0.000020
37966 0.000020
37967 0.000020
37968 0.000020
37969 0.000020
37970 0.000020
37971 0.000020
37972 0.000020
37973 0.000020
37974 0.000020
37975 0.000020
37976 0.000020
37977 0.000020
37978 0.000020
37979 0.000020
37980 0.000020
37981 0.000020
37982 0.000020
37983 0.000020
37984 0.000020
37985 0.000020
37986 0.000020
37987 0.000020
37988 0.000020
37989 0.000020
37990 0.000020
37991 0.000020
37992 0.000020
37993 0.000020
37994 0.000020
37995 0.000020
37996 0.000020
37997 0.000020
37998 0.000020
37999 0.000020
38000 0.000020
38001 0.000020
38002 0.000020
38003 0.000020
38004 0.000020
38005 0.000020
38006 0.000020
38007 0.000020
38008 0.000020
38009 0.000020
38010 0.000020
38011 0.000020
38012 0.000020
38013 0.000020
38014 0.000020
38015 0.000020
38016 0.000020
38017 0.000020
38018 0.000020
38019 0.000020
38020 0.000020
38021 0.000020
38022 0.000020
38023 0.000020
38024 0.000020
38025 0.000020
38026 0.000020
38027 0.000020
38028 0.000020
38029 0.000020
38030 0.000020
38031 0.000020
38032 0.000020
38033 0.000020
38034 0.000020
38035 0.000020
38036 0.000020
38037 0.000020
38038 0.000020
38039 0.000020
38040 0.000020
38041 0.000020
38042 0.000020
38043 0.000020
38044 0.000020
38045 0.000020
38046 0.000020
38047 0.000020
38048 0.000020
38049 0.000020
38050 0.000020
38051 0.000020
38052 0.000020
38053 0.000020
38054 0.000020
38055 0.000020
38056 0.000020
38057 0.000020
38058 0.000020
38059 0.000020
38060 0.000020
38061 0.000020
38062 0.000020
38063 0.000020
38064 0.000020
38065 0.000020
38066 0.000020
38067 0.000020
38068 0.000020
38069 0.000020
38070 0.000020
38071 0.000020
38072 0.000020
38073 0.000020
38074 0.000020
38075 0.000020
38076 0.000020
38077 0.000020
38078 0.000020
38079 0.000020
38080 0.000020
38081 0.000020
38082 0.000020
38083 0.000020
38084 0.000020
38085 0.000020
38086 0.000020
38087 0.000020
38088 0.000020
38089 0.000020
38090 0.000020
38091 0.000020
38092 0.000020
38093 0.000020
38094 0.000020
38095 0.000020
38096 0.000020
38097 0.000020
38098 0.000020
38099 0.000020
38100 0.000020
38101 0.000020
38102 0.000020
38103 0.000020
38104 0.000020
38105 0.000020
38106 0.000020
38107 0.000020
38108 0.000020
38109 0.000020
38110 0.000020
38111 0.000020
38112 0.000020
38113 0.000020
38114 0.000020
38115 0.000020
38116 0.000020
38117 0.000020
38118 0.000020
38119 0.000020
38120 0.000020
38121 0.000020
38122 0.000020
38123 0.000020
38124 0.000020
38125 0.000020
38126 0.000020
38127 0.000020
38128 0.000020
38129 0.000020
38130 0.000020
38131 0.000020
38132 0.000020
38133 0.000020
38134 0.000020
38135 0.000020
38136 0.000020
38137 0.000020
38138 0.000020
38139 0.000020
38140 0.000020
38141 0.000020
38142 0.000020
38143 0.000020
38144 0.000020
38145 0.000020
38146 0.000020
38147 0.000020
38148 0.000020
38149 0.000020
38150 0.000020
38151 0.000020
38152 0.000020
38153 0.000020
38154 0.000020
38155 0.000020
38156 0.000020
38157 0.000020
38158 0.000020
38159 0.000020
38160 0.000020
38161 0.000020
38162 0.000020
38163 0.000020
38164 0.000020
38165 0.000020
38166 0.000020
38167 0.000020
38168 0.000020
38169 0.000020
38170 0.000020
38171 0.000020
38172 0.000020
38173 0.000020
38174 0.000020
38175 0.000020
38176 0.000020
38177 0.000020
38178 0.000020
38179 0.000020
38180 0.000020
38181 0.000020
38182 0.000020
38183 0.000020
38184 0.000020
38185 0.000020
38186 0.000020
38187 0.000020
38188 0.000020
38189 0.000020
38190 0.000020
38191 0.000020
38192 0.000020
38193 0.000020
38194 0.000020
38195 0.000020
38196 0.000020
38197 0.000020
38198 0.000020
38199 0.000020
38200 0.000020
38201 0.000020
38202 0.000020
38203 0.000020
38204 0.000020
38205 0.000020
38206 0.000020
38207 0.000020
38208 0.000020
38209 0.000020
38210 0.000020
38211 0.000020
38212 0.000020
38213 0.000020
38214 0.000020
38215 0.000020
38216 0.000020
38217 0.000020
38218 0.000020
38219 0.000020
38220 0.000020
38221 0.000020
38222 0.000020
38223 0.000020
38224 0.000020
38225 0.000020
38226 0.000020
38227 0.000020
38228 0.000020
38229 0.000020
38230 0.000020
38231 0.000020
38232 0.000020
38233 0.000020
38234 0.000020
38235 0.000020
38236 0.000020
38237 0.000020
38238 0.000020
38239 0.000020
38240 0.000020
38241 0.000020
38242 0.000020
38243 0.000020
38244 0.000020
38245 0.000020
38246 0.000020
38247 0.000020
38248 0.000020
38249 0.000020
38250 0.000020
38251 0.000020
38252 0.000020
38253 0.000020
38254 0.000020
38255 0.000020
38256 0.000020
38257 0.000020
38258 0.000020
38259 0.000020
38260 0.000020
38261 0.000020
38262 0.000020
38263 0.000020
38264 0.000020
38265 0.000020
38266 0.000020
38267 0.000020
38268 0.000020
38269 0.000020
38270 0.000020
38271 0.000020
38272 0.000020
38273 0.000020
38274 0.000020
38275 0.000020
38276 0.000020
38277 0.000020
38278 0.000020
38279 0.000020
38280 0.000020
38281 0.000020
38282 0.000020
38283 0.000020
38284 0.000020
38285 0.000020
38286 0.000020
38287 0.000020
38288 0.000020
38289 0.000020
38290 0.000020
38291 0.000020
38292 0.000020
38293 0.000020
38294 0.000020
38295 0.000020
38296 0.000020
38297 0.000020
38298 0.000020
38299 0.000020
38300 0.000020
38301 0.000020
38302 0.000020
38303 0.000020
38304 0.000020
38305 0.000020
38306 0.000020
38307 0.000020
38308 0.000020
38309 0.000020
38310 0.000020
38311 0.000020
38312 0.000020
38313 0.000020
38314 0.000020
38315 0.000020
38316 0.000020
38317 0.000020
38318 0.000020
38319 0.000020
38320 0.000020
38321 0.000020
38322 0.000020
38323 0.000020
38324 0.000020
38325 0.000020
38326 0.000020
38327 0.000020
38328 0.000020
38329 0.000020
38330 0.000020
38331 0.000020
38332 0.000020
38333 0.000020
38334 0.000020
38335 0.000020
38336 0.000020
38337 0.000020
38338 0.000020
38339 0.000020
38340 0.000020
38341 0.000020
38342 0.000020
38343 0.000020
38344 0.000020
38345 0.000020
38346 0.000020
38347 0.000020
38348 0.000020
38349 0.000020
38350 0.000020
38351 0.000020
38352 0.000020
38353 0.000020
38354 0.000020
38355 0.000020
38356 0.000020
38357 0.000020
38358 0.000020
38359 0.000020
38360 0.000020
38361 0.000020
38362 0.000020
38363 0.000020
38364 0.000020
38365 0.000020
38366 0.000020
38367 0.000020
38368 0.000020
38369 0.000020
38370 0.000020
38371 0.000020
38372 0.000020
38373 0.000020
38374 0.000020
38375 0.000020
38376 0.000020
38377 0.000020
38378 0.000020
38379 0.000020
38380 0.000020
38381 0.000020
38382 0.000020
38383 0.000020
38384 0.000020
38385 0.000020
38386 0.000020
38387 0.000020
38388 0.000020
38389 0.000020
38390 0.000020
38391 0.000020
38392 0.000020
38393 0.000020
38394 0.000020
38395 0.000020
38396 0.000020
38397 0.000020
38398 0.000020
38399 0.000020
38400 0.000020
38401 0.000020
38402 0.000020
38403 0.000020
38404 0.000020
38405 0.000020
38406 0.000020
38407 0.000020
38408 0.000020
38409 0.000020
38410 0.000020
38411 0.000020
38412 0.000020
38413 0.000020
38414 0.000020
38415 0.000020
38416 0.000020
38417 0.000020
38418 0.000020
38419 0.000020
38420 0.000020
38421 0.000020
38422 0.000020
38423 0.000020
38424 0.000020
38425 0.000020
38426 0.000020
38427 0.000020
38428 0.000020
38429 0.000020
38430 0.000020
38431 0.000020
38432 0.000020
38433 0.000020
38434 0.000020
38435 0.000020
38436 0.000020
38437 0.000020
38438 0.000020
38439 0.000020
38440 0.000020
38441 0.000020
38442 0.000020
38443 0.000020
38444 0.000020
38445 0.000020
38446 0.000020
38447 0.000020
38448 0.000020
38449 0.000020
38450 0.000020
38451 0.000020
38452 0.000020
38453 0.000020
38454 0.000020
38455 0.000020
38456 0.000020
38457 0.000020
38458 0.000020
38459 0.000020
38460 0.000020
38461 0.000020
38462 0.000020
38463 0.000020
38464 0.000020
38465 0.000020
38466 0.000020
38467 0.000020
38468 0.000020
38469 0.000020
38470 0.000020
38471 0.000020
38472 0.000020
38473 0.000020
38474 0.000020
38475 0.000020
38476 0.000020
38477 0.000020
38478 0.000020
38479 0.000020
38480 0.000020
38481 0.000020
38482 0.000020
38483 0.000020
38484 0.000020
38485 0.000020
38486 0.000020
38487 0.000020
38488 0.000020
38489 0.000020
38490 0.000020
38491 0.000020
38492 0.000020
38493 0.000020
38494 0.000020
38495 0.000020
38496 0.000020
38497 0.000020
38498 0.000020
38499 0.000020
38500 0.000020
38501 0.000020
38502 0.000020
38503 0.000020
38504 0.000020
38505 0.000020
38506 0.000020
38507 0.000020
38508 0.000020
38509 0.000020
38510 0.000020
38511 0.000020
38512 0.000020
38513 0.000020
38514 0.000020
38515 0.000020
38516 0.000020
38517 0.000020
38518 0.000020
38519 0.000020
38520 0.000020
38521 0.000020
38522 0.000020
38523 0.000020
38524 0.000020
38525 0.000020
38526 0.000020
38527 0.000020
38528 0.000020
38529 0.000020
38530 0.000020
38531 0.000020
38532 0.000020
38533 0.000020
38534 0.000020
38535 0.000020
38536 0.000020
38537 0.000020
38538 0.000020
38539 0.000020
38540 0.000020
38541 0.000020
38542 0.000020
38543 0.000020
38544 0.000020
38545 0.000020
38546 0.000020
38547 0.000020
38548 0.000020
38549 0.000020
38550 0.000020
38551 0.000020
38552 0.000020
38553 0.000020
38554 0.000020
38555 0.000020
38556 0.000020
38557 0.000020
38558 0.000020
38559 0.000020
38560 0.000020
38561 0.000020
38562 0.000020
38563 0.000020
38564 0.000020
38565 0.000020
38566 0.000020
38567 0.000020
38568 0.000020
38569 0.000020
38570 0.000020
38571 0.000020
38572 0.000020
38573 0.000020
38574 0.000020
38575 0.000020
38576 0.000020
38577 0.000020
38578 0.000020
38579 0.000020
38580 0.000020
38581 0.000020
38582 0.000020
38583 0.000020
38584 0.000020
38585 0.000020
38586 0.000020
38587 0.000020
38588 0.000020
38589 0.000020
38590 0.000020
38591 0.000020
38592 0.000020
38593 0.000020
38594 0.000020
38595 0.000020
38596 0.000020
38597 0.000020
38598 0.000020
38599 0.000020
38600 0.000020
38601 0.000020
38602 0.000020
38603 0.000020
38604 0.000020
38605 0.000020
38606 0.000020
38607 0.000020
38608 0.000020
38609 0.000020
38610 0.000020
38611 0.000020
38612 0.000020
38613 0.000020
38614 0.000020
38615 0.000020
38616 0.000020
38617 0.000020
38618 0.000020
38619 0.000020
38620 0.000020
38621 0.000020
38622 0.000020
38623 0.000020
38624 0.000020
38625 0.000020
38626 0.000020
38627 0.000020
38628 0.000020
38629 0.000020
38630 0.000020
38631 0.000020
38632 0.000020
38633 0.000020
38634 0.000020
38635 0.000020
38636 0.000020
38637 0.000020
38638 0.000020
38639 0.000020
38640 0.000020
38641 0.000020
38642 0.000020
38643 0.000020
38644 0.000020
38645 0.000020
38646 0.000020
38647 0.000020
38648 0.000020
38649 0.000020
38650 0.000020
38651 0.000020
38652 0.000020
38653 0.000020
38654 0.000020
38655 0.000020
38656 0.000020
38657 0.000020
38658 0.000020
38659 0.000020
38660 0.000020
38661 0.000020
38662 0.000020
38663 0.000020
38664 0.000020
38665 0.000020
38666 0.000020
38667 0.000020
38668 0.000020
38669 0.000020
38670 0.000020
38671 0.000020
38672 0.000020
38673 0.000020
38674 0.000020
38675 0.000020
38676 0.000020
38677 0.000020
38678 0.000020
38679 0.000020
38680 0.000020
38681 0.000020
38682 0.000020
38683 0.000020
38684 0.000020
38685 0.000020
38686 0.000020
38687 0.000020
38688 0.000020
38689 0.000020
38690 0.000020
38691 0.000020
38692 0.000020
38693 0.000020
38694 0.000020
38695 0.000020
38696 0.000020
38697 0.000020
38698 0.000020
38699 0.000020
38700 0.000020
38701 0.000020
38702 0.000020
38703 0.000020
38704 0.000020
38705 0.000020
38706 0.000020
38707 0.000020
38708 0.000020
38709 0.000020
38710 0.000020
38711 0.000020
38712 0.000020
38713 0.000020
38714 0.000020
38715 0.000020
38716 0.000020
38717 0.000020
38718 0.000020
38719 0.000020
38720 0.000020
38721 0.000020
38722 0.000020
38723 0.000020
38724 0.000020
38725 0.000020
38726 0.000020
38727 0.000020
38728 0.000020
38729 0.000020
38730 0.000020
38731 0.000020
38732 0.000020
38733 0.000020
38734 0.000020
38735 0.000020
38736 0.000020
38737 0.000020
38738 0.000020
38739 0.000020
38740 0.000020
38741 0.000020
38742 0.000020
38743 0.000020
38744 0.000020
38745 0.000020
38746 0.000020
38747 0.000020
38748 0.000020
38749 0.000020
38750 0.000020
38751 0.000020
38752 0.000020
38753 0.000020
38754 0.000020
38755 0.000020
38756 0.000020
38757 0.000020
38758 0.000020
38759 0.000020
38760 0.000020
38761 0.000020
38762 0.000020
38763 0.000020
38764 0.000020
38765 0.000020
38766 0.000020
38767 0.000020
38768 0.000020
38769 0.000020
38770 0.000020
38771 0.000020
38772 0.000020
38773 0.000020
38774 0.000020
38775 0.000020
38776 0.000020
38777 0.000020
38778 0.000020
38779 0.000020
38780 0.000020
38781 0.000020
38782 0.000020
38783 0.000020
38784 0.000020
38785 0.000020
38786 0.000020
38787 0.000020
38788 0.000020
38789 0.000020
38790 0.000020
38791 0.000020
38792 0.000020
38793 0.000020
38794 0.000020
38795 0.000020
38796 0.000020
38797 0.000020
38798 0.000020
38799 0.000020
38800 0.000020
38801 0.000020
38802 0.000020
38803 0.000020
38804 0.000020
38805 0.000020
38806 0.000020
38807 0.000020
38808 0.000020
38809 0.000020
38810 0.000020
38811 0.000020
38812 0.000020
38813 0.000020
38814 0.000020
38815 0.000020
38816 0.000020
38817 0.000020
38818 0.000020
38819 0.000020
38820 0.000020
38821 0.000020
38822 0.000020
38823 0.000020
38824 0.000020
38825 0.000020
38826 0.000020
38827 0.000020
38828 0.000020
38829 0.000020
38830 0.000020
38831 0.000020
38832 0.000020
38833 0.000020
38834 0.000020
38835 0.000020
38836 0.000020
38837 0.000020
38838 0.000020
38839 0.000020
38840 0.000020
38841 0.000020
38842 0.000020
38843 0.000020
38844 0.000020
38845 0.000020
38846 0.000020
38847 0.000020
38848 0.000020
38849 0.000020
38850 0.000020
38851 0.000020
38852 0.000020
38853 0.000020
38854 0.000020
38855 0.000020
38856 0.000020
38857 0.000020
38858 0.000020
38859 0.000020
38860 0.000020
38861 0.000020
38862 0.000020
38863 0.000020
38864 0.000020
38865 0.000020
38866 0.000020
38867 0.000020
38868 0.000020
38869 0.000020
38870 0.000020
38871 0.000020
38872 0.000020
38873 0.000020
38874 0.000020
38875 0.000020
38876 0.000020
38877 0.000020
38878 0.000020
38879 0.000020
38880 0.000020
38881 0.000020
38882 0.000020
38883 0.000020
38884 0.000020
38885 0.000020
38886 0.000020
38887 0.000020
38888 0.000020
38889 0.000020
38890 0.000020
38891 0.000020
38892 0.000020
38893 0.000020
38894 0.000020
38895 0.000020
38896 0.000020
38897 0.000020
38898 0.000020
38899 0.000020
38900 0.000020
38901 0.000020
38902 0.000020
38903 0.000020
38904 0.000020
38905 0.000020
38906 0.000020
38907 0.000020
38908 0.000020
38909 0.000020
38910 0.000020
38911 0.000020
38912 0.000020
38913 0.000020
38914 0.000020
38915 0.000020
38916 0.000020
38917 0.000020
38918 0.000020
38919 0.000020
38920 0.000020
38921 0.000020
38922 0.000020
38923 0.000020
38924 0.000020
38925 0.000020
38926 0.000020
38927 0.000020
38928 0.000020
38929 0.000020
38930 0.000020
38931 0.000020
38932 0.000020
38933 0.000020
38934 0.000020
38935 0.000020
38936 0.000020
38937 0.000020
38938 0.000020
38939 0.000020
38940 0.000020
38941 0.000020
38942 0.000020
38943 0.000020
38944 0.000020
38945 0.000020
38946 0.000020
38947 0.000020
38948 0.000020
38949 0.000020
38950 0.000020
38951 0.000020
38952 0.000020
38953 0.000020
38954 0.000020
38955 0.000020
38956 0.000020
38957 0.000020
38958 0.000020
38959 0.000020
38960 0.000020
38961 0.000020
38962 0.000020
38963 0.000020
38964 0.000020
38965 0.000020
38966 0.000020
38967 0.000020
38968 0.000020
38969 0.000020
38970 0.000020
38971 0.000020
38972 0.000020
38973 0.000020
38974 0.000020
38975 0.000020
38976 0.000020
38977 0.000020
38978 0.000020
38979 0.000020
38980 0.000020
38981 0.000020
38982 0.000020
38983 0.000020
38984 0.000020
38985 0.000020
38986 0.000020
38987 0.000020
38988 0.000020
38989 0.000020
38990 0.000020
38991 0.000020
38992 0.000020
38993 0.000020
38994 0.000020
38995 0.000020
38996 0.000020
38997 0.000020
38998 0.000020
38999 0.000020
39000 0.000020
39001 0.000020
39002 0.000020
39003 0.000020
39004 0.000020
39005 0.000020
39006 0.000020
39007 0.000020
39008 0.000020
39009 0.000020
39010 0.000020
39011 0.000020
39012 0.000020
39013 0.000020
39014 0.000020
39015 0.000020
39016 0.000020
39017 0.000020
39018 0.000020
39019 0.000020
39020 0.000020
39021 0.000020
39022 0.000020
39023 0.000020
39024 0.000020
39025 0.000020
39026 0.000020
39027 0.000020
39028 0.000020
39029 0.000020
39030 0.000020
39031 0.000020
39032 0.000020
39033 0.000020
39034 0.000020
39035 0.000020
39036 0.000020
39037 0.000020
39038 0.000020
39039 0.000020
39040 0.000020
39041 0.000020
39042 0.000020
39043 0.000020
39044 0.000020
39045 0.000020
39046 0.000020
39047 0.000020
39048 0.000020
39049 0.000020
39050 0.000020
39051 0.000020
39052 0.000020
39053 0.000020
39054 0.000020
39055 0.000020
39056 0.000020
39057 0.000020
39058 0.000020
39059 0.000020
39060 0.000020
39061 0.000020
39062 0.000020
39063 0.000020
39064 0.000020
39065 0.000020
39066 0.000020
39067 0.000020
39068 0.000020
39069 0.000020
39070 0.000020
39071 0.000020
39072 0.000020
39073 0.000020
39074 0.000020
39075 0.000020
39076 0.000020
39077 0.000020
39078 0.000020
39079 0.000020
39080 0.000020
39081 0.000020
39082 0.000020
39083 0.000020
39084 0.000020
39085 0.000020
39086 0.000020
39087 0.000020
39088 0.000020
39089 0.000020
39090 0.000020
39091 0.000020
39092 0.000020
39093 0.000020
39094 0.000020
39095 0.000020
39096 0.000020
39097 0.000020
39098 0.000020
39099 0.000020
39100 0.000020
39101 0.000020
39102 0.000020
39103 0.000020
39104 0.000020
39105 0.000020
39106 0.000020
39107 0.000020
39108 0.000020
39109 0.000020
39110 0.000020
39111 0.000020
39112 0.000020
39113 0.000020
39114 0.000020
39115 0.000020
39116 0.000020
39117 0.000020
39118 0.000020
39119 0.000020
39120 0.000020
39121 0.000020
39122 0.000020
39123 0.000020
39124 0.000020
39125 0.000020
39126 0.000020
39127 0.000020
39128 0.000020
39129 0.000020
39130 0.000020
39131 0.000020
39132 0.000020
39133 0.000020
39134 0.000020
39135 0.000020
39136 0.000020
39137 0.000020
39138 0.000020
39139 0.000020
39140 0.000020
39141 0.000020
39142 0.000020
39143 0.000020
39144 0.000020
39145 0.000020
39146 0.000020
39147 0.000020
39148 0.000020
39149 0.000020
39150 0.000020
39151 0.000020
39152 0.000020
39153 0.000020
39154 0.000020
39155 0.000020
39156 0.000020
39157 0.000020
39158 0.000020
39159 0.000020
39160 0.000020
39161 0.000020
39162 0.000020
39163 0.000020
39164 0.000020
39165 0.000020
39166 0.000020
39167 0.000020
39168 0.000020
39169 0.000020
39170 0.000020
39171 0.000020
39172 0.000020
39173 0.000020
39174 0.000020
39175 0.000020
39176 0.000020
39177 0.000020
39178 0.000020
39179 0.000020
39180 0.000020
39181 0.000020
39182 0.000020
39183 0.000020
39184 0.000020
39185 0.000020
39186 0.000020
39187 0.000020
39188 0.000020
39189 0.000020
39190 0.000020
39191 0.000020
39192 0.000020
39193 0.000020
39194 0.000020
39195 0.000020
39196 0.000020
39197 0.000020
39198 0.000020
39199 0.000020
39200 0.000020
39201 0.000020
39202 0.000020
39203 0.000020
39204 0.000020
39205 0.000020
39206 0.000020
39207 0.000020
39208 0.000020
39209 0.000020
39210 0.000020
39211 0.000020
39212 0.000020
39213 0.000020
39214 0.000020
39215 0.000020
39216 0.000020
39217 0.000020
39218 0.000020
39219 0.000020
39220 0.000020
39221 0.000020
39222 0.000020
39223 0.000020
39224 0.000020
39225 0.000020
39226 0.000020
39227 0.000020
39228 0.000020
39229 0.000020
39230 0.000020
39231 0.000020
39232 0.000020
39233 0.000020
39234 0.000020
39235 0.000020
39236 0.000020
39237 0.000020
39238 0.000020
39239 0.000020
39240 0.000020
39241 0.000020
39242 0.000020
39243 0.000020
39244 0.000020
39245 0.000020
39246 0.000020
39247 0.000020
39248 0.000020
39249 0.000020
39250 0.000020
39251 0.000020
39252 0.000020
39253 0.000020
39254 0.000020
39255 0.000020
39256 0.000020
39257 0.000020
39258 0.000020
39259 0.000020
39260 0.000020
39261 0.000020
39262 0.000020
39263 0.000020
39264 0.000020
39265 0.000020
39266 0.000020
39267 0.000020
39268 0.000020
39269 0.000020
39270 0.000020
39271 0.000020
39272 0.000020
39273 0.000020
39274 0.000020
39275 0.000020
39276 0.000020
39277 0.000020
39278 0.000020
39279 0.000020
39280 0.000020
39281 0.000020
39282 0.000020
39283 0.000020
39284 0.000020
39285 0.000020
39286 0.000020
39287 0.000020
39288 0.000020
39289 0.000020
39290 0.000020
39291 0.000020
39292 0.000020
39293 0.000020
39294 0.000020
39295 0.000020
39296 0.000020
39297 0.000020
39298 0.000020
39299 0.000020
39300 0.000020
39301 0.000020
39302 0.000020
39303 0.000020
39304 0.000020
39305 0.000020
39306 0.000020
39307 0.000020
39308 0.000020
39309 0.000020
39310 0.000020
39311 0.000020
39312 0.000020
39313 0.000020
39314 0.000020
39315 0.000020
39316 0.000020
39317 0.000020
39318 0.000020
39319 0.000020
39320 0.000020
39321 0.000020
39322 0.000020
39323 0.000020
39324 0.000020
39325 0.000020
39326 0.000020
39327 0.000020
39328 0.000020
39329 0.000020
39330 0.000020
39331 0.000020
39332 0.000020
39333 0.000020
39334 0.000020
39335 0.000020
39336 0.000020
39337 0.000020
39338 0.000020
39339 0.000020
39340 0.000020
39341 0.000020
39342 0.000020
39343 0.000020
39344 0.000020
39345 0.000020
39346 0.000020
39347 0.000020
39348 0.000020
39349 0.000020
39350 0.000020
39351 0.000020
39352 0.000020
39353 0.000020
39354 0.000020
39355 0.000020
39356 0.000020
39357 0.000020
39358 0.000020
39359 0.000020
39360 0.000020
39361 0.000020
39362 0.000020
39363 0.000020
39364 0.000020
39365 0.000020
39366 0.000020
39367 0.000020
39368 0.000020
39369 0.000020
39370 0.000020
39371 0.000020
39372 0.000020
39373 0.000020
39374 0.000020
39375 0.000020
39376 0.000020
39377 0.000020
39378 0.000020
39379 0.000020
39380 0.000020
39381 0.000020
39382 0.000020
39383 0.000020
39384 0.000020
39385 0.000020
39386 0.000020
39387 0.000020
39388 0.000020
39389 0.000020
39390 0.000020
39391 0.000020
39392 0.000020
39393 0.000020
39394 0.000020
39395 0.000020
39396 0.000020
39397 0.000020
39398 0.000020
39399 0.000020
39400 0.000020
39401 0.000020
39402 0.000020
39403 0.000020
39404 0.000020
39405 0.000020
39406 0.000020
39407 0.000020
39408 0.000020
39409 0.000020
39410 0.000020
39411 0.000020
39412 0.000020
39413 0.000020
39414 0.000020
39415 0.000020
39416 0.000020
39417 0.000020
39418 0.000020
39419 0.000020
39420 0.000020
39421 0.000020
39422 0.000020
39423 0.000020
39424 0.000020
39425 0.000020
39426 0.000020
39427 0.000020
39428 0.000020
39429 0.000020
39430 0.000020
39431 0.000020
39432 0.000020
39433 0.000020
39434 0.000020
39435 0.000020
39436 0.000020
39437 0.000020
39438 0.000020
39439 0.000020
39440 0.000020
39441 0.000020
39442 0.000020
39443 0.000020
39444 0.000020
39445 0.000020
39446 0.000020
39447 0.000020
39448 0.000020
39449 0.000020
39450 0.000020
39451 0.000020
39452 0.000020
39453 0.000020
39454 0.000020
39455 0.000020
39456 0.000020
39457 0.000020
39458 0.000020
39459 0.000020
39460 0.000020
39461 0.000020
39462 0.000020
39463 0.000020
39464 0.000020
39465 0.000020
39466 0.000020
39467 0.000020
39468 0.000020
39469 0.000020
39470 0.000020
39471 0.000020
39472 0.000020
39473 0.000020
39474 0.000020
39475 0.000020
39476 0.000020
39477 0.000020
39478 0.000020
39479 0.000020
39480 0.000020
39481 0.000020
39482 0.000020
39483 0.000020
39484 0.000020
39485 0.000020
39486 0.000020
39487 0.000020
39488 0.000020
39489 0.000020
39490 0.000020
39491 0.000020
39492 0.000020
39493 0.000020
39494 0.000020
39495 0.000020
39496 0.000020
39497 0.000020
39498 0.000020
39499 0.000020
39500 0.000020
39501 0.000020
39502 0.000020
39503 0.000020
39504 0.000020
39505 0.000020
39506 0.000020
39507 0.000020
39508 0.000020
39509 0.000020
39510 0.000020
39511 0.000020
39512 0.000020
39513 0.000020
39514 0.000020
39515 0.000020
39516 0.000020
39517 0.000020
39518 0.000020
39519 0.000020
39520 0.000020
39521 0.000020
39522 0.000020
39523 0.000020
39524 0.000020
39525 0.000020
39526 0.000020
39527 0.000020
39528 0.000020
39529 0.000020
39530 0.000020
39531 0.000020
39532 0.000020
39533 0.000020
39534 0.000020
39535 0.000020
39536 0.000020
39537 0.000020
39538 0.000020
39539 0.000020
39540 0.000020
39541 0.000020
39542 0.000020
39543 0.000020
39544 0.000020
39545 0.000020
39546 0.000020
39547 0.000020
39548 0.000020
39549 0.000020
39550 0.000020
39551 0.000020
39552 0.000020
39553 0.000020
39554 0.000020
39555 0.000020
39556 0.000020
39557 0.000020
39558 0.000020
39559 0.000020
39560 0.000020
39561 0.000020
39562 0.000020
39563 0.000020
39564 0.000020
39565 0.000020
39566 0.000020
39567 0.000020
39568 0.000020
39569 0.000020
39570 0.000020
39571 0.000020
39572 0.000020
39573 0.000020
39574 0.000020
39575 0.000020
39576 0.000020
39577 0.000020
39578 0.000020
39579 0.000020
39580 0.000020
39581 0.000020
39582 0.000020
39583 0.000020
39584 0.000020
39585 0.000020
39586 0.000020
39587 0.000020
39588 0.000020
39589 0.000020
39590 0.000020
39591 0.000020
39592 0.000020
39593 0.000020
39594 0.000020
39595 0.000020
39596 0.000020
39597 0.000020
39598 0.000020
39599 0.000020
39600 0.000020
39601 0.000020
39602 0.000020
39603 0.000020
39604 0.000020
39605 0.000020
39606 0.000020
39607 0.000020
39608 0.000020
39609 0.000020
39610 0.000020
39611 0.000020
39612 0.000020
39613 0.000020
39614 0.000020
39615 0.000020
39616 0.000020
39617 0.000020
39618 0.000020
39619 0.000020
39620 0.000020
39621 0.000020
39622 0.000020
39623 0.000020
39624 0.000020
39625 0.000020
39626 0.000020
39627 0.000020
39628 0.000020
39629 0.000020
39630 0.000020
39631 0.000020
39632 0.000020
39633 0.000020
39634 0.000020
39635 0.000020
39636 0.000020
39637 0.000020
39638 0.000020
39639 0.000020
39640 0.000020
39641 0.000020
39642 0.000020
39643 0.000020
39644 0.000020
39645 0.000020
39646 0.000020
39647 0.000020
39648 0.000020
39649 0.000020
39650 0.000020
39651 0.000020
39652 0.000020
39653 0.000020
39654 0.000020
39655 0.000020
39656 0.000020
39657 0.000020
39658 0.000020
39659 0.000020
39660 0.000020
39661 0.000020
39662 0.000020
39663 0.000020
39664 0.000020
39665 0.000020
39666 0.000020
39667 0.000020
39668 0.000020
39669 0.000020
39670 0.000020
39671 0.000020
39672 0.000020
39673 0.000020
39674 0.000020
39675 0.000020
39676 0.000020
39677 0.000020
39678 0.000020
39679 0.000020
39680 0.000020
39681 0.000020
39682 0.000020
39683 0.000020
39684 0.000020
39685 0.000020
39686 0.000020
39687 0.000020
39688 0.000020
39689 0.000020
39690 0.000020
39691 0.000020
39692 0.000020
39693 0.000020
39694 0.000020
39695 0.000020
39696 0.000020
39697 0.000020
39698 0.000020
39699 0.000020
39700 0.000020
39701 0.000020
39702 0.000020
39703 0.000020
39704 0.000020
39705 0.000020
39706 0.000020
39707 0.000020
39708 0.000020
39709 0.000020
39710 0.000020
39711 0.000020
39712 0.000020
39713 0.000020
39714 0.000020
39715 0.000020
39716 0.000020
39717 0.000020
39718 0.000020
39719 0.000020
39720 0.000020
39721 0.000020
39722 0.000020
39723 0.000020
39724 0.000020
39725 0.000020
39726 0.000020
39727 0.000020
39728 0.000020
39729 0.000020
39730 0.000020
39731 0.000020
39732 0.000020
39733 0.000020
39734 0.000020
39735 0.000020
39736 0.000020
39737 0.000020
39738 0.000020
39739 0.000020
39740 0.000020
39741 0.000020
39742 0.000020
39743 0.000020
39744 0.000020
39745 0.000020
39746 0.000020
39747 0.000020
39748 0.000020
39749 0.000020
39750 0.000020
39751 0.000020
39752 0.000020
39753 0.000020
39754 0.000020
39755 0.000020
39756 0.000020
39757 0.000020
39758 0.000020
39759 0.000020
39760 0.000020
39761 0.000020
39762 0.000020
39763 0.000020
39764 0.000020
39765 0.000020
39766 0.000020
39767 0.000020
39768 0.000020
39769 0.000020
39770 0.000020
39771 0.000020
39772 0.000020
39773 0.000020
39774 0.000020
39775 0.000020
39776 0.000020
39777 0.000020
39778 0.000020
39779 0.000020
39780 0.000020
39781 0.000020
39782 0.000020
39783 0.000020
39784 0.000020
39785 0.000020
39786 0.000020
39787 0.000020
39788 0.000020
39789 0.000020
39790 0.000020
39791 0.000020
39792 0.000020
39793 0.000020
39794 0.000020
39795 0.000020
39796 0.000020
39797 0.000020
39798 0.000020
39799 0.000020
39800 0.000020
39801 0.000020
39802 0.000020
39803 0.000020
39804 0.000020
39805 0.000020
39806 0.000020
39807 0.000020
39808 0.000020
39809 0.000020
39810 0.000020
39811 0.000020
39812 0.000020
39813 0.000020
39814 0.000020
39815 0.000020
39816 0.000020
39817 0.000020
39818 0.000020
39819 0.000020
39820 0.000020
39821 0.000020
39822 0.000020
39823 0.000020
39824 0.000020
39825 0.000020
39826 0.000020
39827 0.000020
39828 0.000020
39829 0.000020
39830 0.000020
39831 0.000020
39832 0.000020
39833 0.000020
39834 0.000020
39835 0.000020
39836 0.000020
39837 0.000020
39838 0.000020
39839 0.000020
39840 0.000020
39841 0.000020
39842 0.000020
39843 0.000020
39844 0.000020
39845 0.000020
39846 0.000020
39847 0.000020
39848 0.000020
39849 0.000020
39850 0.000020
39851 0.000020
39852 0.000020
39853 0.000020
39854 0.000020
39855 0.000020
39856 0.000020
39857 0.000020
39858 0.000020
39859 0.000020
39860 0.000020
39861 0.000020
39862 0.000020
39863 0.000020
39864 0.000020
39865 0.000020
39866 0.000020
39867 0.000020
39868 0.000020
39869 0.000020
39870 0.000020
39871 0.000020
39872 0.000020
39873 0.000020
39874 0.000020
39875 0.000020
39876 0.000020
39877 0.000020
39878 0.000020
39879 0.000020
39880 0.000020
39881 0.000020
39882 0.000020
39883 0.000020
39884 0.000020
39885 0.000020
39886 0.000020
39887 0.000020
39888 0.000020
39889 0.000020
39890 0.000020
39891 0.000020
39892 0.000020
39893 0.000020
39894 0.000020
39895 0.000020
39896 0.000020
39897 0.000020
39898 0.000020
39899 0.000020
39900 0.000020
39901 0.000020
39902 0.000020
39903 0.000020
39904 0.000020
39905 0.000020
39906 0.000020
39907 0.000020
39908 0.000020
39909 0.000020
39910 0.000020
39911 0.000020
39912 0.000020
39913 0.000020
39914 0.000020
39915 0.000020
39916 0.000020
39917 0.000020
39918 0.000020
39919 0.000020
39920 0.000020
39921 0.000020
39922 0.000020
39923 0.000020
39924 0.000020
39925 0.000020
39926 0.000020
39927 0.000020
39928 0.000020
39929 0.000020
39930 0.000020
39931 0.000020
39932 0.000020
39933 0.000020
39934 0.000020
39935 0.000020
39936 0.000020
39937 0.000020
39938 0.000020
39939 0.000020
39940 0.000020
39941 0.000020
39942 0.000020
39943 0.000020
39944 0.000020
39945 0.000020
39946 0.000020
39947 0.000020
39948 0.000020
39949 0.000020
39950 0.000020
39951 0.000020
39952 0.000020
39953 0.000020
39954 0.000020
39955 0.000020
39956 0.000020
39957 0.000020
39958 0.000020
39959 0.000020
39960 0.000020
39961 0.000020
39962 0.000020
39963 0.000020
39964 0.000020
39965 0.000020
39966 0.000020
39967 0.000020
39968 0.000020
39969 0.000020
39970 0.000020
39971 0.000020
39972 0.000020
39973 0.000020
39974 0.000020
39975 0.000020
39976 0.000020
39977 0.000020
39978 0.000020
39979 0.000020
39980 0.000020
39981 0.000020
39982 0.000020
39983 0.000020
39984 0.000020
39985 0.000020
39986 0.000020
39987 0.000020
39988 0.000020
39989 0.000020
39990 0.000020
39991 0.000020
39992 0.000020
39993 0.000020
39994 0.000020
39995 0.000020
39996 0.000020
39997 0.000020
39998 0.000020
39999 0.000020
40000 0.000020
40001 0.000020
40002 0.000020
40003 0.000020
40004 0.000020
40005 0.000020
40006 0.000020
40007 0.000020
40008 0.000020
40009 0.000020
40010 0.000020
40011 0.000020
40012 0.000020
40013 0.000020
40014 0.000020
40015 0.000020
40016 0.000020
40017 0.000020
40018 0.000020
40019 0.000020
40020 0.000020
40021 0.000020
40022 0.000020
40023 0.000020
40024 0.000020
40025 0.000020
40026 0.000020
40027 0.000020
40028 0.000020
40029 0.000020
40030 0.000020
40031 0.000020
40032 0.000020
40033 0.000020
40034 0.000020
40035 0.000020
40036 0.000020
40037 0.000020
40038 0.000020
40039 0.000020
40040 0.000020
40041 0.000020
40042 0.000020
40043 0.000020
40044 0.000020
40045 0.000020
40046 0.000020
40047 0.000020
40048 0.000020
40049 0.000020
40050 0.000020
40051 0.000020
40052 0.000020
40053 0.000020
40054 0.000020
40055 0.000020
40056 0.000020
40057 0.000020
40058 0.000020
40059 0.000020
40060 0.000020
40061 0.000020
40062 0.000020
40063 0.000020
40064 0.000020
40065 0.000020
40066 0.000020
40067 0.000020
40068 0.000020
40069 0.000020
40070 0.000020
40071 0.000020
40072 0.000020
40073 0.000020
40074 0.000020
40075 0.000020
40076 0.000020
40077 0.000020
40078 0.000020
40079 0.000020
40080 0.000020
40081 0.000020
40082 0.000020
40083 0.000020
40084 0.000020
40085 0.000020
40086 0.000020
40087 0.000020
40088 0.000020
40089 0.000020
40090 0.000020
40091 0.000020
40092 0.000020
40093 0.000020
40094 0.000020
40095 0.000020
40096 0.000020
40097 0.000020
40098 0.000020
40099 0.000020
40100 0.000020
40101 0.000020
40102 0.000020
40103 0.000020
40104 0.000020
40105 0.000020
40106 0.000020
40107 0.000020
40108 0.000020
40109 0.000020
40110 0.000020
40111 0.000020
40112 0.000020
40113 0.000020
40114 0.000020
40115 0.000020
40116 0.000020
40117 0.000020
40118 0.000020
40119 0.000020
40120 0.000020
40121 0.000020
40122 0.000020
40123 0.000020
40124 0.000020
40125 0.000020
40126 0.000020
40127 0.000020
40128 0.000020
40129 0.000020
40130 0.000020
40131 0.000020
40132 0.000020
40133 0.000020
40134 0.000020
40135 0.000020
40136 0.000020
40137 0.000020
40138 0.000020
40139 0.000020
40140 0.000020
40141 0.000020
40142 0.000020
40143 0.000020
40144 0.000020
40145 0.000020
40146 0.000020
40147 0.000020
40148 0.000020
40149 0.000020
40150 0.000020
40151 0.000020
40152 0.000020
40153 0.000020
40154 0.000020
40155 0.000020
40156 0.000020
40157 0.000020
40158 0.000020
40159 0.000020
40160 0.000020
40161 0.000020
40162 0.000020
40163 0.000020
40164 0.000020
40165 0.000020
40166 0.000020
40167 0.000020
40168 0.000020
40169 0.000020
40170 0.000020
40171 0.000020
40172 0.000020
40173 0.000020
40174 0.000020
40175 0.000020
40176 0.000020
40177 0.000020
40178 0.000020
40179 0.000020
40180 0.000020
40181 0.000020
40182 0.000020
40183 0.000020
40184 0.000020
40185 0.000020
40186 0.000020
40187 0.000020
40188 0.000020
40189 0.000020
40190 0.000020
40191 0.000020
40192 0.000020
40193 0.000020
40194 0.000020
40195 0.000020
40196 0.000020
40197 0.000020
40198 0.000020
40199 0.000020
40200 0.000020
40201 0.000020
40202 0.000020
40203 0.000020
40204 0.000020
40205 0.000020
40206 0.000020
40207 0.000020
40208 0.000020
40209 0.000020
40210 0.000020
40211 0.000020
40212 0.000020
40213 0.000020
40214 0.000020
40215 0.000020
40216 0.000020
40217 0.000020
40218 0.000020
40219 0.000020
40220 0.000020
40221 0.000020
40222 0.000020
40223 0.000020
40224 0.000020
40225 0.000020
40226 0.000020
40227 0.000020
40228 0.000020
40229 0.000020
40230 0.000020
40231 0.000020
40232 0.000020
40233 0.000020
40234 0.000020
40235 0.000020
40236 0.000020
40237 0.000020
40238 0.000020
40239 0.000020
40240 0.000020
40241 0.000020
40242 0.000020
40243 0.000020
40244 0.000020
40245 0.000020
40246 0.000020
40247 0.000020
40248 0.000020
40249 0.000020
40250 0.000020
40251 0.000020
40252 0.000020
40253 0.000020
40254 0.000020
40255 0.000020
40256 0.000020
40257 0.000020
40258 0.000020
40259 0.000020
40260 0.000020
40261 0.000020
40262 0.000020
40263 0.000020
40264 0.000020
40265 0.000020
40266 0.000020
40267 0.000020
40268 0.000020
40269 0.000020
40270 0.000020
40271 0.000020
40272 0.000020
40273 0.000020
40274 0.000020
40275 0.000020
40276 0.000020
40277 0.000020
40278 0.000020
40279 0.000020
40280 0.000020
40281 0.000020
40282 0.000020
40283 0.000020
40284 0.000020
40285 0.000020
40286 0.000020
40287 0.000020
40288 0.000020
40289 0.000020
40290 0.000020
40291 0.000020
40292 0.000020
40293 0.000020
40294 0.000020
40295 0.000020
40296 0.000020
40297 0.000020
40298 0.000020
40299 0.000020
40300 0.000020
40301 0.000020
40302 0.000020
40303 0.000020
40304 0.000020
40305 0.000020
40306 0.000020
40307 0.000020
40308 0.000020
40309 0.000020
40310 0.000020
40311 0.000020
40312 0.000020
40313 0.000020
40314 0.000020
40315 0.000020
40316 0.000020
40317 0.000020
40318 0.000020
40319 0.000020
40320 0.000020
40321 0.000020
40322 0.000020
40323 0.000020
40324 0.000020
40325 0.000020
40326 0.000020
40327 0.000020
40328 0.000020
40329 0.000020
40330 0.000020
40331 0.000020
40332 0.000020
40333 0.000020
40334 0.000020
40335 0.000020
40336 0.000020
40337 0.000020
40338 0.000020
40339 0.000020
40340 0.000020
40341 0.000020
40342 0.000020
40343 0.000020
40344 0.000020
40345 0.000020
40346 0.000020
40347 0.000020
40348 0.000020
40349 0.000020
40350 0.000020
40351 0.000020
40352 0.000020
40353 0.000020
40354 0.000020
40355 0.000020
40356 0.000020
40357 0.000020
40358 0.000020
40359 0.000020
40360 0.000020
40361 0.000020
40362 0.000020
40363 0.000020
40364 0.000020
40365 0.000020
40366 0.000020
40367 0.000020
40368 0.000020
40369 0.000020
40370 0.000020
40371 0.000020
40372 0.000020
40373 0.000020
40374 0.000020
40375 0.000020
40376 0.000020
40377 0.000020
40378 0.000020
40379 0.000020
40380 0.000020
40381 0.000020
40382 0.000020
40383 0.000020
40384 0.000020
40385 0.000020
40386 0.000020
40387 0.000020
40388 0.000020
40389 0.000020
40390 0.000020
40391 0.000020
40392 0.000020
40393 0.000020
40394 0.000020
40395 0.000020
40396 0.000020
40397 0.000020
40398 0.000020
40399 0.000020
40400 0.000020
40401 0.000020
40402 0.000020
40403 0.000020
40404 0.000020
40405 0.000020
40406 0.000020
40407 0.000020
40408 0.000020
40409 0.000020
40410 0.000020
40411 0.000020
40412 0.000020
40413 0.000020
40414 0.000020
40415 0.000020
40416 0.000020
40417 0.000020
40418 0.000020
40419 0.000020
40420 0.000020
40421 0.000020
40422 0.000020
40423 0.000020
40424 0.000020
40425 0.000020
40426 0.000020
40427 0.000020
40428 0.000020
40429 0.000020
40430 0.000020
40431 0.000020
40432 0.000020
40433 0.000020
40434 0.000020
40435 0.000020
40436 0.000020
40437 0.000020
40438 0.000020
40439 0.000020
40440 0.000020
40441 0.000020
40442 0.000020
40443 0.000020
40444 0.000020
40445 0.000020
40446 0.000020
40447 0.000020
40448 0.000020
40449 0.000020
40450 0.000020
40451 0.000020
40452 0.000020
40453 0.000020
40454 0.000020
40455 0.000020
40456 0.000020
40457 0.000020
40458 0.000020
40459 0.000020
40460 0.000020
40461 0.000020
40462 0.000020
40463 0.000020
40464 0.000020
40465 0.000020
40466 0.000020
40467 0.000020
40468 0.000020
40469 0.000020
40470 0.000020
40471 0.000020
40472 0.000020
40473 0.000020
40474 0.000020
40475 0.000020
40476 0.000020
40477 0.000020
40478 0.000020
40479 0.000020
40480 0.000020
40481 0.000020
40482 0.000020
40483 0.000020
40484 0.000020
40485 0.000020
40486 0.000020
40487 0.000020
40488 0.000020
40489 0.000020
40490 0.000020
40491 0.000020
40492 0.000020
40493 0.000020
40494 0.000020
40495 0.000020
40496 0.000020
40497 0.000020
40498 0.000020
40499 0.000020
40500 0.000020
40501 0.000020
40502 0.000020
40503 0.000020
40504 0.000020
40505 0.000020
40506 0.000020
40507 0.000020
40508 0.000020
40509 0.000020
40510 0.000020
40511 0.000020
40512 0.000020
40513 0.000020
40514 0.000020
40515 0.000020
40516 0.000020
40517 0.000020
40518 0.000020
40519 0.000020
40520 0.000020
40521 0.000020
40522 0.000020
40523 0.000020
40524 0.000020
40525 0.000020
40526 0.000020
40527 0.000020
40528 0.000020
40529 0.000020
40530 0.000020
40531 0.000020
40532 0.000020
40533 0.000020
40534 0.000020
40535 0.000020
40536 0.000020
40537 0.000020
40538 0.000020
40539 0.000020
40540 0.000020
40541 0.000020
40542 0.000020
40543 0.000020
40544 0.000020
40545 0.000020
40546 0.000020
40547 0.000020
40548 0.000020
40549 0.000020
40550 0.000020
40551 0.000020
40552 0.000020
40553 0.000020
40554 0.000020
40555 0.000020
40556 0.000020
40557 0.000020
40558 0.000020
40559 0.000020
40560 0.000020
40561 0.000020
40562 0.000020
40563 0.000020
40564 0.000020
40565 0.000020
40566 0.000020
40567 0.000020
40568 0.000020
40569 0.000020
40570 0.000020
40571 0.000020
40572 0.000020
40573 0.000020
40574 0.000020
40575 0.000020
40576 0.000020
40577 0.000020
40578 0.000020
40579 0.000020
40580 0.000020
40581 0.000020
40582 0.000020
40583 0.000020
40584 0.000020
40585 0.000020
40586 0.000020
40587 0.000020
40588 0.000020
40589 0.000020
40590 0.000020
40591 0.000020
40592 0.000020
40593 0.000020
40594 0.000020
40595 0.000020
40596 0.000020
40597 0.000020
40598 0.000020
40599 0.000020
40600 0.000020
40601 0.000020
40602 0.000020
40603 0.000020
40604 0.000020
40605 0.000020
40606 0.000020
40607 0.000020
40608 0.000020
40609 0.000020
40610 0.000020
40611 0.000020
40612 0.000020
40613 0.000020
40614 0.000020
40615 0.000020
40616 0.000020
40617 0.000020
40618 0.000020
40619 0.000020
40620 0.000020
40621 0.000020
40622 0.000020
40623 0.000020
40624 0.000020
40625 0.000020
40626 0.000020
40627 0.000020
40628 0.000020
40629 0.000020
40630 0.000020
40631 0.000020
40632 0.000020
40633 0.000020
40634 0.000020
40635 0.000020
40636 0.000020
40637 0.000020
40638 0.000020
40639 0.000020
40640 0.000020
40641 0.000020
40642 0.000020
40643 0.000020
40644 0.000020
40645 0.000020
40646 0.000020
40647 0.000020
40648 0.000020
40649 0.000020
40650 0.000020
40651 0.000020
40652 0.000020
40653 0.000020
40654 0.000020
40655 0.000020
40656 0.000020
40657 0.000020
40658 0.000020
40659 0.000020
40660 0.000020
40661 0.000020
40662 0.000020
40663 0.000020
40664 0.000020
40665 0.000020
40666 0.000020
40667 0.000020
40668 0.000020
40669 0.000020
40670 0.000020
40671 0.000020
40672 0.000020
40673 0.000020
40674 0.000020
40675 0.000020
40676 0.000020
40677 0.000020
40678 0.000020
40679 0.000020
40680 0.000020
40681 0.000020
40682 0.000020
40683 0.000020
40684 0.000020
40685 0.000020
40686 0.000020
40687 0.000020
40688 0.000020
40689 0.000020
40690 0.000020
40691 0.000020
40692 0.000020
40693 0.000020
40694 0.000020
40695 0.000020
40696 0.000020
40697 0.000020
40698 0.000020
40699 0.000020
40700 0.000020
40701 0.000020
40702 0.000020
40703 0.000020
40704 0.000020
40705 0.000020
40706 0.000020
40707 0.000020
40708 0.000020
40709 0.000020
40710 0.000020
40711 0.000020
40712 0.000020
40713 0.000020
40714 0.000020
40715 0.000020
40716 0.000020
40717 0.000020
40718 0.000020
40719 0.000020
40720 0.000020
40721 0.000020
40722 0.000020
40723 0.000020
40724 0.000020
40725 0.000020
40726 0.000020
40727 0.000020
40728 0.000020
40729 0.000020
40730 0.000020
40731 0.000020
40732 0.000020
40733 0.000020
40734 0.000020
40735 0.000020
40736 0.000020
40737 0.000020
40738 0.000020
40739 0.000020
40740 0.000020
40741 0.000020
40742 0.000020
40743 0.000020
40744 0.000020
40745 0.000020
40746 0.000020
40747 0.000020
40748 0.000020
40749 0.000020
40750 0.000020
40751 0.000020
40752 0.000020
40753 0.000020
40754 0.000020
40755 0.000020
40756 0.000020
40757 0.000020
40758 0.000020
40759 0.000020
40760 0.000020
40761 0.000020
40762 0.000020
40763 0.000020
40764 0.000020
40765 0.000020
40766 0.000020
40767 0.000020
40768 0.000020
40769 0.000020
40770 0.000020
40771 0.000020
40772 0.000020
40773 0.000020
40774 0.000020
40775 0.000020
40776 0.000020
40777 0.000020
40778 0.000020
40779 0.000020
40780 0.000020
40781 0.000020
40782 0.000020
40783 0.000020
40784 0.000020
40785 0.000020
40786 0.000020
40787 0.000020
40788 0.000020
40789 0.000020
40790 0.000020
40791 0.000020
40792 0.000020
40793 0.000020
40794 0.000020
40795 0.000020
40796 0.000020
40797 0.000020
40798 0.000020
40799 0.000020
40800 0.000020
40801 0.000020
40802 0.000020
40803 0.000020
40804 0.000020
40805 0.000020
40806 0.000020
40807 0.000020
40808 0.000020
40809 0.000020
40810 0.000020
40811 0.000020
40812 0.000020
40813 0.000020
40814 0.000020
40815 0.000020
40816 0.000020
40817 0.000020
40818 0.000020
40819 0.000020
40820 0.000020
40821 0.000020
40822 0.000020
40823 0.000020
40824 0.000020
40825 0.000020
40826 0.000020
40827 0.000020
40828 0.000020
40829 0.000020
40830 0.000020
40831 0.000020
40832 0.000020
40833 0.000020
40834 0.000020
40835 0.000020
40836 0.000020
40837 0.000020
40838 0.000020
40839 0.000020
40840 0.000020
40841 0.000020
40842 0.000020
40843 0.000020
40844 0.000020
40845 0.000020
40846 0.000020
40847 0.000020
40848 0.000020
40849 0.000020
40850 0.000020
40851 0.000020
40852 0.000020
40853 0.000020
40854 0.000020
40855 0.000020
40856 0.000020
40857 0.000020
40858 0.000020
40859 0.000020
40860 0.000020
40861 0.000020
40862 0.000020
40863 0.000020
40864 0.000020
40865 0.000020
40866 0.000020
40867 0.000020
40868 0.000020
40869 0.000020
40870 0.000020
40871 0.000020
40872 0.000020
40873 0.000020
40874 0.000020
40875 0.000020
40876 0.000020
40877 0.000020
40878 0.000020
40879 0.000020
40880 0.000020
40881 0.000020
40882 0.000020
40883 0.000020
40884 0.000020
40885 0.000020
40886 0.000020
40887 0.000020
40888 0.000020
40889 0.000020
40890 0.000020
40891 0.000020
40892 0.000020
40893 0.000020
40894 0.000020
40895 0.000020
40896 0.000020
40897 0.000020
40898 0.000020
40899 0.000020
40900 0.000020
40901 0.000020
40902 0.000020
40903 0.000020
40904 0.000020
40905 0.000020
40906 0.000020
40907 0.000020
40908 0.000020
40909 0.000020
40910 0.000020
40911 0.000020
40912 0.000020
40913 0.000020
40914 0.000020
40915 0.000020
40916 0.000020
40917 0.000020
40918 0.000020
40919 0.000020
40920 0.000020
40921 0.000020
40922 0.000020
40923 0.000020
40924 0.000020
40925 0.000020
40926 0.000020
40927 0.000020
40928 0.000020
40929 0.000020
40930 0.000020
40931 0.000020
40932 0.000020
40933 0.000020
40934 0.000020
40935 0.000020
40936 0.000020
40937 0.000020
40938 0.000020
40939 0.000020
40940 0.000020
40941 0.000020
40942 0.000020
40943 0.000020
40944 0.000020
40945 0.000020
40946 0.000020
40947 0.000020
40948 0.000020
40949 0.000020
40950 0.000020
40951 0.000020
40952 0.000020
40953 0.000020
40954 0.000020
40955 0.000020
40956 0.000020
40957 0.000020
40958 0.000020
40959 0.000020
40960 0.000020
40961 0.000020
40962 0.000020
40963 0.000020
40964 0.000020
40965 0.000020
40966 0.000020
40967 0.000020
40968 0.000020
40969 0.000020
40970 0.000020
40971 0.000020
40972 0.000020
40973 0.000020
40974 0.000020
40975 0.000020
40976 0.000020
40977 0.000020
40978 0.000020
40979 0.000020
40980 0.000020
40981 0.000020
40982 0.000020
40983 0.000020
40984 0.000020
40985 0.000020
40986 0.000020
40987 0.000020
40988 0.000020
40989 0.000020
40990 0.000020
40991 0.000020
40992 0.000020
40993 0.000020
40994 0.000020
40995 0.000020
40996 0.000020
40997 0.000020
40998 0.000020
40999 0.000020
41000 0.000020
41001 0.000020
41002 0.000020
41003 0.000020
41004 0.000020
41005 0.000020
41006 0.000020
41007 0.000020
41008 0.000020
41009 0.000020
41010 0.000020
41011 0.000020
41012 0.000020
41013 0.000020
41014 0.000020
41015 0.000020
41016 0.000020
41017 0.000020
41018 0.000020
41019 0.000020
41020 0.000020
41021 0.000020
41022 0.000020
41023 0.000020
41024 0.000020
41025 0.000020
41026 0.000020
41027 0.000020
41028 0.000020
41029 0.000020
41030 0.000020
41031 0.000020
41032 0.000020
41033 0.000020
41034 0.000020
41035 0.000020
41036 0.000020
41037 0.000020
41038 0.000020
41039 0.000020
41040 0.000020
41041 0.000020
41042 0.000020
41043 0.000020
41044 0.000020
41045 0.000020
41046 0.000020
41047 0.000020
41048 0.000020
41049 0.000020
41050 0.000020
41051 0.000020
41052 0.000020
41053 0.000020
41054 0.000020
41055 0.000020
41056 0.000020
41057 0.000020
41058 0.000020
41059 0.000020
41060 0.000020
41061 0.000020
41062 0.000020
41063 0.000020
41064 0.000020
41065 0.000020
41066 0.000020
41067 0.000020
41068 0.000020
41069 0.000020
41070 0.000020
41071 0.000020
41072 0.000020
41073 0.000020
41074 0.000020
41075 0.000020
41076 0.000020
41077 0.000020
41078 0.000020
41079 0.000020
41080 0.000020
41081 0.000020
41082 0.000020
41083 0.000020
41084 0.000020
41085 0.000020
41086 0.000020
41087 0.000020
41088 0.000020
41089 0.000020
41090 0.000020
41091 0.000020
41092 0.000020
41093 0.000020
41094 0.000020
41095 0.000020
41096 0.000020
41097 0.000020
41098 0.000020
41099 0.000020
41100 0.000020
41101 0.000020
41102 0.000020
41103 0.000020
41104 0.000020
41105 0.000020
41106 0.000020
41107 0.000020
41108 0.000020
41109 0.000020
41110 0.000020
41111 0.000020
41112 0.000020
41113 0.000020
41114 0.000020
41115 0.000020
41116 0.000020
41117 0.000020
41118 0.000020
41119 0.000020
41120 0.000020
41121 0.000020
41122 0.000020
41123 0.000020
41124 0.000020
41125 0.000020
41126 0.000020
41127 0.000020
41128 0.000020
41129 0.000020
41130 0.000020
41131 0.000020
41132 0.000020
41133 0.000020
41134 0.000020
41135 0.000020
41136 0.000020
41137 0.000020
41138 0.000020
41139 0.000020
41140 0.000020
41141 0.000020
41142 0.000020
41143 0.000020
41144 0.000020
41145 0.000020
41146 0.000020
41147 0.000020
41148 0.000020
41149 0.000020
41150 0.000020
41151 0.000020
41152 0.000020
41153 0.000020
41154 0.000020
41155 0.000020
41156 0.000020
41157 0.000020
41158 0.000020
41159 0.000020
41160 0.000020
41161 0.000020
41162 0.000020
41163 0.000020
41164 0.000020
41165 0.000020
41166 0.000020
41167 0.000020
41168 0.000020
41169 0.000020
41170 0.000020
41171 0.000020
41172 0.000020
41173 0.000020
41174 0.000020
41175 0.000020
41176 0.000020
41177 0.000020
41178 0.000020
41179 0.000020
41180 0.000020
41181 0.000020
41182 0.000020
41183 0.000020
41184 0.000020
41185 0.000020
41186 0.000020
41187 0.000020
41188 0.000020
41189 0.000020
41190 0.000020
41191 0.000020
41192 0.000020
41193 0.000020
41194 0.000020
41195 0.000020
41196 0.000020
41197 0.000020
41198 0.000020
41199 0.000020
41200 0.000020
41201 0.000020
41202 0.000020
41203 0.000020
41204 0.000020
41205 0.000020
41206 0.000020
41207 0.000020
41208 0.000020
41209 0.000020
41210 0.000020
41211 0.000020
41212 0.000020
41213 0.000020
41214 0.000020
41215 0.000020
41216 0.000020
41217 0.000020
41218 0.000020
41219 0.000020
41220 0.000020
41221 0.000020
41222 0.000020
41223 0.000020
41224 0.000020
41225 0.000020
41226 0.000020
41227 0.000020
41228 0.000020
41229 0.000020
41230 0.000020
41231 0.000020
41232 0.000020
41233 0.000020
41234 0.000020
41235 0.000020
41236 0.000020
41237 0.000020
41238 0.000020
41239 0.000020
41240 0.000020
41241 0.000020
41242 0.000020
41243 0.000020
41244 0.000020
41245 0.000020
41246 0.000020
41247 0.000020
41248 0.000020
41249 0.000020
41250 0.000020
41251 0.000020
41252 0.000020
41253 0.000020
41254 0.000020
41255 0.000020
41256 0.000020
41257 0.000020
41258 0.000020
41259 0.000020
41260 0.000020
41261 0.000020
41262 0.000020
41263 0.000020
41264 0.000020
41265 0.000020
41266 0.000020
41267 0.000020
41268 0.000020
41269 0.000020
41270 0.000020
41271 0.000020
41272 0.000020
41273 0.000020
41274 0.000020
41275 0.000020
41276 0.000020
41277 0.000020
41278 0.000020
41279 0.000020
41280 0.000020
41281 0.000020
41282 0.000020
41283 0.000020
41284 0.000020
41285 0.000020
41286 0.000020
41287 0.000020
41288 0.000020
41289 0.000020
41290 0.000020
41291 0.000020
41292 0.000020
41293 0.000020
41294 0.000020
41295 0.000020
41296 0.000020
41297 0.000020
41298 0.000020
41299 0.000020
41300 0.000020
41301 0.000020
41302 0.000020
41303 0.000020
41304 0.000020
41305 0.000020
41306 0.000020
41307 0.000020
41308 0.000020
41309 0.000020
41310 0.000020
41311 0.000020
41312 0.000020
41313 0.000020
41314 0.000020
41315 0.000020
41316 0.000020
41317 0.000020
41318 0.000020
41319 0.000020
41320 0.000020
41321 0.000020
41322 0.000020
41323 0.000020
41324 0.000020
41325 0.000020
41326 0.000020
41327 0.000020
41328 0.000020
41329 0.000020
41330 0.000020
41331 0.000020
41332 0.000020
41333 0.000020
41334 0.000020
41335 0.000020
41336 0.000020
41337 0.000020
41338 0.000020
41339 0.000020
41340 0.000020
41341 0.000020
41342 0.000020
41343 0.000020
41344 0.000020
41345 0.000020
41346 0.000020
41347 0.000020
41348 0.000020
41349 0.000020
41350 0.000020
41351 0.000020
41352 0.000020
41353 0.000020
41354 0.000020
41355 0.000020
41356 0.000020
41357 0.000020
41358 0.000020
41359 0.000020
41360 0.000020
41361 0.000020
41362 0.000020
41363 0.000020
41364 0.000020
41365 0.000020
41366 0.000020
41367 0.000020
41368 0.000020
41369 0.000020
41370 0.000020
41371 0.000020
41372 0.000020
41373 0.000020
41374 0.000020
41375 0.000020
41376 0.000020
41377 0.000020
41378 0.000020
41379 0.000020
41380 0.000020
41381 0.000020
41382 0.000020
41383 0.000020
41384 0.000020
41385 0.000020
41386 0.000020
41387 0.000020
41388 0.000020
41389 0.000020
41390 0.000020
41391 0.000020
41392 0.000020
41393 0.000020
41394 0.000020
41395 0.000020
41396 0.000020
41397 0.000020
41398 0.000020
41399 0.000020
41400 0.000020
41401 0.000020
41402 0.000020
41403 0.000020
41404 0.000020
41405 0.000020
41406 0.000020
41407 0.000020
41408 0.000020
41409 0.000020
41410 0.000020
41411 0.000020
41412 0.000020
41413 0.000020
41414 0.000020
41415 0.000020
41416 0.000020
41417 0.000020
41418 0.000020
41419 0.000020
41420 0.000020
41421 0.000020
41422 0.000020
41423 0.000020
41424 0.000020
41425 0.000020
41426 0.000020
41427 0.000020
41428 0.000020
41429 0.000020
41430 0.000020
41431 0.000020
41432 0.000020
41433 0.000020
41434 0.000020
41435 0.000020
41436 0.000020
41437 0.000020
41438 0.000020
41439 0.000020
41440 0.000020
41441 0.000020
41442 0.000020
41443 0.000020
41444 0.000020
41445 0.000020
41446 0.000020
41447 0.000020
41448 0.000020
41449 0.000020
41450 0.000020
41451 0.000020
41452 0.000020
41453 0.000020
41454 0.000020
41455 0.000020
41456 0.000020
41457 0.000020
41458 0.000020
41459 0.000020
41460 0.000020
41461 0.000020
41462 0.000020
41463 0.000020
41464 0.000020
41465 0.000020
41466 0.000020
41467 0.000020
41468 0.000020
41469 0.000020
41470 0.000020
41471 0.000020
41472 0.000020
41473 0.000020
41474 0.000020
41475 0.000020
41476 0.000020
41477 0.000020
41478 0.000020
41479 0.000020
41480 0.000020
41481 0.000020
41482 0.000020
41483 0.000020
41484 0.000020
41485 0.000020
41486 0.000020
41487 0.000020
41488 0.000020
41489 0.000020
41490 0.000020
41491 0.000020
41492 0.000020
41493 0.000020
41494 0.000020
41495 0.000020
41496 0.000020
41497 0.000020
41498 0.000020
41499 0.000020
41500 0.000020
41501 0.000020
41502 0.000020
41503 0.000020
41504 0.000020
41505 0.000020
41506 0.000020
41507 0.000020
41508 0.000020
41509 0.000020
41510 0.000020
41511 0.000020
41512 0.000020
41513 0.000020
41514 0.000020
41515 0.000020
41516 0.000020
41517 0.000020
41518 0.000020
41519 0.000020
41520 0.000020
41521 0.000020
41522 0.000020
41523 0.000020
41524 0.000020
41525 0.000020
41526 0.000020
41527 0.000020
41528 0.000020
41529 0.000020
41530 0.000020
41531 0.000020
41532 0.000020
41533 0.000020
41534 0.000020
41535 0.000020
41536 0.000020
41537 0.000020
41538 0.000020
41539 0.000020
41540 0.000020
41541 0.000020
41542 0.000020
41543 0.000020
41544 0.000020
41545 0.000020
41546 0.000020
41547 0.000020
41548 0.000020
41549 0.000020
41550 0.000020
41551 0.000020
41552 0.000020
41553 0.000020
41554 0.000020
41555 0.000020
41556 0.000020
41557 0.000020
41558 0.000020
41559 0.000020
41560 0.000020
41561 0.000020
41562 0.000020
41563 0.000020
41564 0.000020
41565 0.000020
41566 0.000020
41567 0.000020
41568 0.000020
41569 0.000020
41570 0.000020
41571 0.000020
41572 0.000020
41573 0.000020
41574 0.000020
41575 0.000020
41576 0.000020
41577 0.000020
41578 0.000020
41579 0.000020
41580 0.000020
41581 0.000020
41582 0.000020
41583 0.000020
41584 0.000020
41585 0.000020
41586 0.000020
41587 0.000020
41588 0.000020
41589 0.000020
41590 0.000020
41591 0.000020
41592 0.000020
41593 0.000020
41594 0.000020
41595 0.000020
41596 0.000020
41597 0.000020
41598 0.000020
41599 0.000020
41600 0.000020
41601 0.000020
41602 0.000020
41603 0.000020
41604 0.000020
41605 0.000020
41606 0.000020
41607 0.000020
41608 0.000020
41609 0.000020
41610 0.000020
41611 0.000020
41612 0.000020
41613 0.000020
41614 0.000020
41615 0.000020
41616 0.000020
41617 0.000020
41618 0.000020
41619 0.000020
41620 0.000020
41621 0.000020
41622 0.000020
41623 0.000020
41624 0.000020
41625 0.000020
41626 0.000020
41627 0.000020
41628 0.000020
41629 0.000020
41630 0.000020
41631 0.000020
41632 0.000020
41633 0.000020
41634 0.000020
41635 0.000020
41636 0.000020
41637 0.000020
41638 0.000020
41639 0.000020
41640 0.000020
41641 0.000020
41642 0.000020
41643 0.000020
41644 0.000020
41645 0.000020
41646 0.000020
41647 0.000020
41648 0.000020
41649 0.000020
41650 0.000020
41651 0.000020
41652 0.000020
41653 0.000020
41654 0.000020
41655 0.000020
41656 0.000020
41657 0.000020
41658 0.000020
41659 0.000020
41660 0.000020
41661 0.000020
41662 0.000020
41663 0.000020
41664 0.000020
41665 0.000020
41666 0.000020
41667 0.000020
41668 0.000020
41669 0.000020
41670 0.000020
41671 0.000020
41672 0.000020
41673 0.000020
41674 0.000020
41675 0.000020
41676 0.000020
41677 0.000020
41678 0.000020
41679 0.000020
41680 0.000020
41681 0.000020
41682 0.000020
41683 0.000020
41684 0.000020
41685 0.000020
41686 0.000020
41687 0.000020
41688 0.000020
41689 0.000020
41690 0.000020
41691 0.000020
41692 0.000020
41693 0.000020
41694 0.000020
41695 0.000020
41696 0.000020
41697 0.000020
41698 0.000020
41699 0.000020
41700 0.000020
41701 0.000020
41702 0.000020
41703 0.000020
41704 0.000020
41705 0.000020
41706 0.000020
41707 0.000020
41708 0.000020
41709 0.000020
41710 0.000020
41711 0.000020
41712 0.000020
41713 0.000020
41714 0.000020
41715 0.000020
41716 0.000020
41717 0.000020
41718 0.000020
41719 0.000020
41720 0.000020
41721 0.000020
41722 0.000020
41723 0.000020
41724 0.000020
41725 0.000020
41726 0.000020
41727 0.000020
41728 0.000020
41729 0.000020
41730 0.000020
41731 0.000020
41732 0.000020
41733 0.000020
41734 0.000020
41735 0.000020
41736 0.000020
41737 0.000020
41738 0.000020
41739 0.000020
41740 0.000020
41741 0.000020
41742 0.000020
41743 0.000020
41744 0.000020
41745 0.000020
41746 0.000020
41747 0.000020
41748 0.000020
41749 0.000020
41750 0.000020
41751 0.000020
41752 0.000020
41753 0.000020
41754 0.000020
41755 0.000020
41756 0.000020
41757 0.000020
41758 0.000020
41759 0.000020
41760 0.000020
41761 0.000020
41762 0.000020
41763 0.000020
41764 0.000020
41765 0.000020
41766 0.000020
41767 0.000020
41768 0.000020
41769 0.000020
41770 0.000020
41771 0.000020
41772 0.000020
41773 0.000020
41774 0.000020
41775 0.000020
41776 0.000020
41777 0.000020
41778 0.000020
41779 0.000020
41780 0.000020
41781 0.000020
41782 0.000020
41783 0.000020
41784 0.000020
41785 0.000020
41786 0.000020
41787 0.000020
41788 0.000020
41789 0.000020
41790 0.000020
41791 0.000020
41792 0.000020
41793 0.000020
41794 0.000020
41795 0.000020
41796 0.000020
41797 0.000020
41798 0.000020
41799 0.000020
41800 0.000020
41801 0.000020
41802 0.000020
41803 0.000020
41804 0.000020
41805 0.000020
41806 0.000020
41807 0.000020
41808 0.000020
41809 0.000020
41810 0.000020
41811 0.000020
41812 0.000020
41813 0.000020
41814 0.000020
41815 0.000020
41816 0.000020
41817 0.000020
41818 0.000020
41819 0.000020
41820 0.000020
41821 0.000020
41822 0.000020
41823 0.000020
41824 0.000020
41825 0.000020
41826 0.000020
41827 0.000020
41828 0.000020
41829 0.000020
41830 0.000020
41831 0.000020
41832 0.000020
41833 0.000020
41834 0.000020
41835 0.000020
41836 0.000020
41837 0.000020
41838 0.000020
41839 0.000020
41840 0.000020
41841 0.000020
41842 0.000020
41843 0.000020
41844 0.000020
41845 0.000020
41846 0.000020
41847 0.000020
41848 0.000020
41849 0.000020
41850 0.000020
41851 0.000020
41852 0.000020
41853 0.000020
41854 0.000020
41855 0.000020
41856 0.000020
41857 0.000020
41858 0.000020
41859 0.000020
41860 0.000020
41861 0.000020
41862 0.000020
41863 0.000020
41864 0.000020
41865 0.000020
41866 0.000020
41867 0.000020
41868 0.000020
41869 0.000020
41870 0.000020
41871 0.000020
41872 0.000020
41873 0.000020
41874 0.000020
41875 0.000020
41876 0.000020
41877 0.000020
41878 0.000020
41879 0.000020
41880 0.000020
41881 0.000020
41882 0.000020
41883 0.000020
41884 0.000020
41885 0.000020
41886 0.000020
41887 0.000020
41888 0.000020
41889 0.000020
41890 0.000020
41891 0.000020
41892 0.000020
41893 0.000020
41894 0.000020
41895 0.000020
41896 0.000020
41897 0.000020
41898 0.000020
41899 0.000020
41900 0.000020
41901 0.000020
41902 0.000020
41903 0.000020
41904 0.000020
41905 0.000020
41906 0.000020
41907 0.000020
41908 0.000020
41909 0.000020
41910 0.000020
41911 0.000020
41912 0.000020
41913 0.000020
41914 0.000020
41915 0.000020
41916 0.000020
41917 0.000020
41918 0.000020
41919 0.000020
41920 0.000020
41921 0.000020
41922 0.000020
41923 0.000020
41924 0.000020
41925 0.000020
41926 0.000020
41927 0.000020
41928 0.000020
41929 0.000020
41930 0.000020
41931 0.000020
41932 0.000020
41933 0.000020
41934 0.000020
41935 0.000020
41936 0.000020
41937 0.000020
41938 0.000020
41939 0.000020
41940 0.000020
41941 0.000020
41942 0.000020
41943 0.000020
41944 0.000020
41945 0.000020
41946 0.000020
41947 0.000020
41948 0.000020
41949 0.000020
41950 0.000020
41951 0.000020
41952 0.000020
41953 0.000020
41954 0.000020
41955 0.000020
41956 0.000020
41957 0.000020
41958 0.000020
41959 0.000020
41960 0.000020
41961 0.000020
41962 0.000020
41963 0.000020
41964 0.000020
41965 0.000020
41966 0.000020
41967 0.000020
41968 0.000020
41969 0.000020
41970 0.000020
41971 0.000020
41972 0.000020
41973 0.000020
41974 0.000020
41975 0.000020
41976 0.000020
41977 0.000020
41978 0.000020
41979 0.000020
41980 0.000020
41981 0.000020
41982 0.000020
41983 0.000020
41984 0.000020
41985 0.000020
41986 0.000020
41987 0.000020
41988 0.000020
41989 0.000020
41990 0.000020
41991 0.000020
41992 0.000020
41993 0.000020
41994 0.000020
41995 0.000020
41996 0.000020
41997 0.000020
41998 0.000020
41999 0.000020
42000 0.000020
42001 0.000020
42002 0.000020
42003 0.000020
42004 0.000020
42005 0.000020
42006 0.000020
42007 0.000020
42008 0.000020
42009 0.000020
42010 0.000020
42011 0.000020
42012 0.000020
42013 0.000020
42014 0.000020
42015 0.000020
42016 0.000020
42017 0.000020
42018 0.000020
42019 0.000020
42020 0.000020
42021 0.000020
42022 0.000020
42023 0.000020
42024 0.000020
42025 0.000020
42026 0.000020
42027 0.000020
42028 0.000020
42029 0.000020
42030 0.000020
42031 0.000020
42032 0.000020
42033 0.000020
42034 0.000020
42035 0.000020
42036 0.000020
42037 0.000020
42038 0.000020
42039 0.000020
42040 0.000020
42041 0.000020
42042 0.000020
42043 0.000020
42044 0.000020
42045 0.000020
42046 0.000020
42047 0.000020
42048 0.000020
42049 0.000020
42050 0.000020
42051 0.000020
42052 0.000020
42053 0.000020
42054 0.000020
42055 0.000020
42056 0.000020
42057 0.000020
42058 0.000020
42059 0.000020
42060 0.000020
42061 0.000020
42062 0.000020
42063 0.000020
42064 0.000020
42065 0.000020
42066 0.000020
42067 0.000020
42068 0.000020
42069 0.000020
42070 0.000020
42071 0.000020
42072 0.000020
42073 0.000020
42074 0.000020
42075 0.000020
42076 0.000020
42077 0.000020
42078 0.000020
42079 0.000020
42080 0.000020
42081 0.000020
42082 0.000020
42083 0.000020
42084 0.000020
42085 0.000020
42086 0.000020
42087 0.000020
42088 0.000020
42089 0.000020
42090 0.000020
42091 0.000020
42092 0.000020
42093 0.000020
42094 0.000020
42095 0.000020
42096 0.000020
42097 0.000020
42098 0.000020
42099 0.000020
42100 0.000020
42101 0.000020
42102 0.000020
42103 0.000020
42104 0.000020
42105 0.000020
42106 0.000020
42107 0.000020
42108 0.000020
42109 0.000020
42110 0.000020
42111 0.000020
42112 0.000020
42113 0.000020
42114 0.000020
42115 0.000020
42116 0.000020
42117 0.000020
42118 0.000020
42119 0.000020
42120 0.000020
42121 0.000020
42122 0.000020
42123 0.000020
42124 0.000020
42125 0.000020
42126 0.000020
42127 0.000020
42128 0.000020
42129 0.000020
42130 0.000020
42131 0.000020
42132 0.000020
42133 0.000020
42134 0.000020
42135 0.000020
42136 0.000020
42137 0.000020
42138 0.000020
42139 0.000020
42140 0.000020
42141 0.000020
42142 0.000020
42143 0.000020
42144 0.000020
42145 0.000020
42146 0.000020
42147 0.000020
42148 0.000020
42149 0.000020
42150 0.000020
42151 0.000020
42152 0.000020
42153 0.000020
42154 0.000020
42155 0.000020
42156 0.000020
42157 0.000020
42158 0.000020
42159 0.000020
42160 0.000020
42161 0.000020
42162 0.000020
42163 0.000020
42164 0.000020
42165 0.000020
42166 0.000020
42167 0.000020
42168 0.000020
42169 0.000020
42170 0.000020
42171 0.000020
42172 0.000020
42173 0.000020
42174 0.000020
42175 0.000020
42176 0.000020
42177 0.000020
42178 0.000020
42179 0.000020
42180 0.000020
42181 0.000020
42182 0.000020
42183 0.000020
42184 0.000020
42185 0.000020
42186 0.000020
42187 0.000020
42188 0.000020
42189 0.000020
42190 0.000020
42191 0.000020
42192 0.000020
42193 0.000020
42194 0.000020
42195 0.000020
42196 0.000020
42197 0.000020
42198 0.000020
42199 0.000020
42200 0.000020
42201 0.000020
42202 0.000020
42203 0.000020
42204 0.000020
42205 0.000020
42206 0.000020
42207 0.000020
42208 0.000020
42209 0.000020
42210 0.000020
42211 0.000020
42212 0.000020
42213 0.000020
42214 0.000020
42215 0.000020
42216 0.000020
42217 0.000020
42218 0.000020
42219 0.000020
42220 0.000020
42221 0.000020
42222 0.000020
42223 0.000020
42224 0.000020
42225 0.000020
42226 0.000020
42227 0.000020
42228 0.000020
42229 0.000020
42230 0.000020
42231 0.000020
42232 0.000020
42233 0.000020
42234 0.000020
42235 0.000020
42236 0.000020
42237 0.000020
42238 0.000020
42239 0.000020
42240 0.000020
42241 0.000020
42242 0.000020
42243 0.000020
42244 0.000020
42245 0.000020
42246 0.000020
42247 0.000020
42248 0.000020
42249 0.000020
42250 0.000020
42251 0.000020
42252 0.000020
42253 0.000020
42254 0.000020
42255 0.000020
42256 0.000020
42257 0.000020
42258 0.000020
42259 0.000020
42260 0.000020
42261 0.000020
42262 0.000020
42263 0.000020
42264 0.000020
42265 0.000020
42266 0.000020
42267 0.000020
42268 0.000020
42269 0.000020
42270 0.000020
42271 0.000020
42272 0.000020
42273 0.000020
42274 0.000020
42275 0.000020
42276 0.000020
42277 0.000020
42278 0.000020
42279 0.000020
42280 0.000020
42281 0.000020
42282 0.000020
42283 0.000020
42284 0.000020
42285 0.000020
42286 0.000020
42287 0.000020
42288 0.000020
42289 0.000020
42290 0.000020
42291 0.000020
42292 0.000020
42293 0.000020
42294 0.000020
42295 0.000020
42296 0.000020
42297 0.000020
42298 0.000020
42299 0.000020
42300 0.000020
42301 0.000020
42302 0.000020
42303 0.000020
42304 0.000020
42305 0.000020
42306 0.000020
42307 0.000020
42308 0.000020
42309 0.000020
42310 0.000020
42311 0.000020
42312 0.000020
42313 0.000020
42314 0.000020
42315 0.000020
42316 0.000020
42317 0.000020
42318 0.000020
42319 0.000020
42320 0.000020
42321 0.000020
42322 0.000020
42323 0.000020
42324 0.000020
42325 0.000020
42326 0.000020
42327 0.000020
42328 0.000020
42329 0.000020
42330 0.000020
42331 0.000020
42332 0.000020
42333 0.000020
42334 0.000020
42335 0.000020
42336 0.000020
42337 0.000020
42338 0.000020
42339 0.000020
42340 0.000020
42341 0.000020
42342 0.000020
42343 0.000020
42344 0.000020
42345 0.000020
42346 0.000020
42347 0.000020
42348 0.000020
42349 0.000020
42350 0.000020
42351 0.000020
42352 0.000020
42353 0.000020
42354 0.000020
42355 0.000020
42356 0.000020
42357 0.000020
42358 0.000020
42359 0.000020
42360 0.000020
42361 0.000020
42362 0.000020
42363 0.000020
42364 0.000020
42365 0.000020
42366 0.000020
42367 0.000020
42368 0.000020
42369 0.000020
42370 0.000020
42371 0.000020
42372 0.000020
42373 0.000020
42374 0.000020
42375 0.000020
42376 0.000020
42377 0.000020
42378 0.000020
42379 0.000020
42380 0.000020
42381 0.000020
42382 0.000020
42383 0.000020
42384 0.000020
42385 0.000020
42386 0.000020
42387 0.000020
42388 0.000020
42389 0.000020
42390 0.000020
42391 0.000020
42392 0.000020
42393 0.000020
42394 0.000020
42395 0.000020
42396 0.000020
42397 0.000020
42398 0.000020
42399 0.000020
42400 0.000020
42401 0.000020
42402 0.000020
42403 0.000020
42404 0.000020
42405 0.000020
42406 0.000020
42407 0.000020
42408 0.000020
42409 0.000020
42410 0.000020
42411 0.000020
42412 0.000020
42413 0.000020
42414 0.000020
42415 0.000020
42416 0.000020
42417 0.000020
42418 0.000020
42419 0.000020
42420 0.000020
42421 0.000020
42422 0.000020
42423 0.000020
42424 0.000020
42425 0.000020
42426 0.000020
42427 0.000020
42428 0.000020
42429 0.000020
42430 0.000020
42431 0.000020
42432 0.000020
42433 0.000020
42434 0.000020
42435 0.000020
42436 0.000020
42437 0.000020
42438 0.000020
42439 0.000020
42440 0.000020
42441 0.000020
42442 0.000020
42443 0.000020
42444 0.000020
42445 0.000020
42446 0.000020
42447 0.000020
42448 0.000020
42449 0.000020
42450 0.000020
42451 0.000020
42452 0.000020
42453 0.000020
42454 0.000020
42455 0.000020
42456 0.000020
42457 0.000020
42458 0.000020
42459 0.000020
42460 0.000020
42461 0.000020
42462 0.000020
42463 0.000020
42464 0.000020
42465 0.000020
42466 0.000020
42467 0.000020
42468 0.000020
42469 0.000020
42470 0.000020
42471 0.000020
42472 0.000020
42473 0.000020
42474 0.000020
42475 0.000020
42476 0.000020
42477 0.000020
42478 0.000020
42479 0.000020
42480 0.000020
42481 0.000020
42482 0.000020
42483 0.000020
42484 0.000020
42485 0.000020
42486 0.000020
42487 0.000020
42488 0.000020
42489 0.000020
42490 0.000020
42491 0.000020
42492 0.000020
42493 0.000020
42494 0.000020
42495 0.000020
42496 0.000020
42497 0.000020
42498 0.000020
42499 0.000020
42500 0.000020
42501 0.000020
42502 0.000020
42503 0.000020
42504 0.000020
42505 0.000020
42506 0.000020
42507 0.000020
42508 0.000020
42509 0.000020
42510 0.000020
42511 0.000020
42512 0.000020
42513 0.000020
42514 0.000020
42515 0.000020
42516 0.000020
42517 0.000020
42518 0.000020
42519 0.000020
42520 0.000020
42521 0.000020
42522 0.000020
42523 0.000020
42524 0.000020
42525 0.000020
42526 0.000020
42527 0.000020
42528 0.000020
42529 0.000020
42530 0.000020
42531 0.000020
42532 0.000020
42533 0.000020
42534 0.000020
42535 0.000020
42536 0.000020
42537 0.000020
42538 0.000020
42539 0.000020
42540 0.000020
42541 0.000020
42542 0.000020
42543 0.000020
42544 0.000020
42545 0.000020
42546 0.000020
42547 0.000020
42548 0.000020
42549 0.000020
42550 0.000020
42551 0.000020
42552 0.000020
42553 0.000020
42554 0.000020
42555 0.000020
42556 0.000020
42557 0.000020
42558 0.000020
42559 0.000020
42560 0.000020
42561 0.000020
42562 0.000020
42563 0.000020
42564 0.000020
42565 0.000020
42566 0.000020
42567 0.000020
42568 0.000020
42569 0.000020
42570 0.000020
42571 0.000020
42572 0.000020
42573 0.000020
42574 0.000020
42575 0.000020
42576 0.000020
42577 0.000020
42578 0.000020
42579 0.000020
42580 0.000020
42581 0.000020
42582 0.000020
42583 0.000020
42584 0.000020
42585 0.000020
42586 0.000020
42587 0.000020
42588 0.000020
42589 0.000020
42590 0.000020
42591 0.000020
42592 0.000020
42593 0.000020
42594 0.000020
42595 0.000020
42596 0.000020
42597 0.000020
42598 0.000020
42599 0.000020
42600 0.000020
42601 0.000020
42602 0.000020
42603 0.000020
42604 0.000020
42605 0.000020
42606 0.000020
42607 0.000020
42608 0.000020
42609 0.000020
42610 0.000020
42611 0.000020
42612 0.000020
42613 0.000020
42614 0.000020
42615 0.000020
42616 0.000020
42617 0.000020
42618 0.000020
42619 0.000020
42620 0.000020
42621 0.000020
42622 0.000020
42623 0.000020
42624 0.000020
42625 0.000020
42626 0.000020
42627 0.000020
42628 0.000020
42629 0.000020
42630 0.000020
42631 0.000020
42632 0.000020
42633 0.000020
42634 0.000020
42635 0.000020
42636 0.000020
42637 0.000020
42638 0.000020
42639 0.000020
42640 0.000020
42641 0.000020
42642 0.000020
42643 0.000020
42644 0.000020
42645 0.000020
42646 0.000020
42647 0.000020
42648 0.000020
42649 0.000020
42650 0.000020
42651 0.000020
42652 0.000020
42653 0.000020
42654 0.000020
42655 0.000020
42656 0.000020
42657 0.000020
42658 0.000020
42659 0.000020
42660 0.000020
42661 0.000020
42662 0.000020
42663 0.000020
42664 0.000020
42665 0.000020
42666 0.000020
42667 0.000020
42668 0.000020
42669 0.000020
42670 0.000020
42671 0.000020
42672 0.000020
42673 0.000020
42674 0.000020
42675 0.000020
42676 0.000020
42677 0.000020
42678 0.000020
42679 0.000020
42680 0.000020
42681 0.000020
42682 0.000020
42683 0.000020
42684 0.000020
42685 0.000020
42686 0.000020
42687 0.000020
42688 0.000020
42689 0.000020
42690 0.000020
42691 0.000020
42692 0.000020
42693 0.000020
42694 0.000020
42695 0.000020
42696 0.000020
42697 0.000020
42698 0.000020
42699 0.000020
42700 0.000020
42701 0.000020
42702 0.000020
42703 0.000020
42704 0.000020
42705 0.000020
42706 0.000020
42707 0.000020
42708 0.000020
42709 0.000020
42710 0.000020
42711 0.000020
42712 0.000020
42713 0.000020
42714 0.000020
42715 0.000020
42716 0.000020
42717 0.000020
42718 0.000020
42719 0.000020
42720 0.000020
42721 0.000020
42722 0.000020
42723 0.000020
42724 0.000020
42725 0.000020
42726 0.000020
42727 0.000020
42728 0.000020
42729 0.000020
42730 0.000020
42731 0.000020
42732 0.000020
42733 0.000020
42734 0.000020
42735 0.000020
42736 0.000020
42737 0.000020
42738 0.000020
42739 0.000020
42740 0.000020
42741 0.000020
42742 0.000020
42743 0.000020
42744 0.000020
42745 0.000020
42746 0.000020
42747 0.000020
42748 0.000020
42749 0.000020
42750 0.000020
42751 0.000020
42752 0.000020
42753 0.000020
42754 0.000020
42755 0.000020
42756 0.000020
42757 0.000020
42758 0.000020
42759 0.000020
42760 0.000020
42761 0.000020
42762 0.000020
42763 0.000020
42764 0.000020
42765 0.000020
42766 0.000020
42767 0.000020
42768 0.000020
42769 0.000020
42770 0.000020
42771 0.000020
42772 0.000020
42773 0.000020
42774 0.000020
42775 0.000020
42776 0.000020
42777 0.000020
42778 0.000020
42779 0.000020
42780 0.000020
42781 0.000020
42782 0.000020
42783 0.000020
42784 0.000020
42785 0.000020
42786 0.000020
42787 0.000020
42788 0.000020
42789 0.000020
42790 0.000020
42791 0.000020
42792 0.000020
42793 0.000020
42794 0.000020
42795 0.000020
42796 0.000020
42797 0.000020
42798 0.000020
42799 0.000020
42800 0.000020
42801 0.000020
42802 0.000020
42803 0.000020
42804 0.000020
42805 0.000020
42806 0.000020
42807 0.000020
42808 0.000020
42809 0.000020
42810 0.000020
42811 0.000020
42812 0.000020
42813 0.000020
42814 0.000020
42815 0.000020
42816 0.000020
42817 0.000020
42818 0.000020
42819 0.000020
42820 0.000020
42821 0.000020
42822 0.000020
42823 0.000020
42824 0.000020
42825 0.000020
42826 0.000020
42827 0.000020
42828 0.000020
42829 0.000020
42830 0.000020
42831 0.000020
42832 0.000020
42833 0.000020
42834 0.000020
42835 0.000020
42836 0.000020
42837 0.000020
42838 0.000020
42839 0.000020
42840 0.000020
42841 0.000020
42842 0.000020
42843 0.000020
42844 0.000020
42845 0.000020
42846 0.000020
42847 0.000020
42848 0.000020
42849 0.000020
42850 0.000020
42851 0.000020
42852 0.000020
42853 0.000020
42854 0.000020
42855 0.000020
42856 0.000020
42857 0.000020
42858 0.000020
42859 0.000020
42860 0.000020
42861 0.000020
42862 0.000020
42863 0.000020
42864 0.000020
42865 0.000020
42866 0.000020
42867 0.000020
42868 0.000020
42869 0.000020
42870 0.000020
42871 0.000020
42872 0.000020
42873 0.000020
42874 0.000020
42875 0.000020
42876 0.000020
42877 0.000020
42878 0.000020
42879 0.000020
42880 0.000020
42881 0.000020
42882 0.000020
42883 0.000020
42884 0.000020
42885 0.000020
42886 0.000020
42887 0.000020
42888 0.000020
42889 0.000020
42890 0.000020
42891 0.000020
42892 0.000020
42893 0.000020
42894 0.000020
42895 0.000020
42896 0.000020
42897 0.000020
42898 0.000020
42899 0.000020
42900 0.000020
42901 0.000020
42902 0.000020
42903 0.000020
42904 0.000020
42905 0.000020
42906 0.000020
42907 0.000020
42908 0.000020
42909 0.000020
42910 0.000020
42911 0.000020
42912 0.000020
42913 0.000020
42914 0.000020
42915 0.000020
42916 0.000020
42917 0.000020
42918 0.000020
42919 0.000020
42920 0.000020
42921 0.000020
42922 0.000020
42923 0.000020
42924 0.000020
42925 0.000020
42926 0.000020
42927 0.000020
42928 0.000020
42929 0.000020
42930 0.000020
42931 0.000020
42932 0.000020
42933 0.000020
42934 0.000020
42935 0.000020
42936 0.000020
42937 0.000020
42938 0.000020
42939 0.000020
42940 0.000020
42941 0.000020
42942 0.000020
42943 0.000020
42944 0.000020
42945 0.000020
42946 0.000020
42947 0.000020
42948 0.000020
42949 0.000020
42950 0.000020
42951 0.000020
42952 0.000020
42953 0.000020
42954 0.000020
42955 0.000020
42956 0.000020
42957 0.000020
42958 0.000020
42959 0.000020
42960 0.000020
42961 0.000020
42962 0.000020
42963 0.000020
42964 0.000020
42965 0.000020
42966 0.000020
42967 0.000020
42968 0.000020
42969 0.000020
42970 0.000020
42971 0.000020
42972 0.000020
42973 0.000020
42974 0.000020
42975 0.000020
42976 0.000020
42977 0.000020
42978 0.000020
42979 0.000020
42980 0.000020
42981 0.000020
42982 0.000020
42983 0.000020
42984 0.000020
42985 0.000020
42986 0.000020
42987 0.000020
42988 0.000020
42989 0.000020
42990 0.000020
42991 0.000020
42992 0.000020
42993 0.000020
42994 0.000020
42995 0.000020
42996 0.000020
42997 0.000020
42998 0.000020
42999 0.000020
43000 0.000020
43001 0.000020
43002 0.000020
43003 0.000020
43004 0.000020
43005 0.000020
43006 0.000020
43007 0.000020
43008 0.000020
43009 0.000020
43010 0.000020
43011 0.000020
43012 0.000020
43013 0.000020
43014 0.000020
43015 0.000020
43016 0.000020
43017 0.000020
43018 0.000020
43019 0.000020
43020 0.000020
43021 0.000020
43022 0.000020
43023 0.000020
43024 0.000020
43025 0.000020
43026 0.000020
43027 0.000020
43028 0.000020
43029 0.000020
43030 0.000020
43031 0.000020
43032 0.000020
43033 0.000020
43034 0.000020
43035 0.000020
43036 0.000020
43037 0.000020
43038 0.000020
43039 0.000020
43040 0.000020
43041 0.000020
43042 0.000020
43043 0.000020
43044 0.000020
43045 0.000020
43046 0.000020
43047 0.000020
43048 0.000020
43049 0.000020
43050 0.000020
43051 0.000020
43052 0.000020
43053 0.000020
43054 0.000020
43055 0.000020
43056 0.000020
43057 0.000020
43058 0.000020
43059 0.000020
43060 0.000020
43061 0.000020
43062 0.000020
43063 0.000020
43064 0.000020
43065 0.000020
43066 0.000020
43067 0.000020
43068 0.000020
43069 0.000020
43070 0.000020
43071 0.000020
43072 0.000020
43073 0.000020
43074 0.000020
43075 0.000020
43076 0.000020
43077 0.000020
43078 0.000020
43079 0.000020
43080 0.000020
43081 0.000020
43082 0.000020
43083 0.000020
43084 0.000020
43085 0.000020
43086 0.000020
43087 0.000020
43088 0.000020
43089 0.000020
43090 0.000020
43091 0.000020
43092 0.000020
43093 0.000020
43094 0.000020
43095 0.000020
43096 0.000020
43097 0.000020
43098 0.000020
43099 0.000020
43100 0.000020
43101 0.000020
43102 0.000020
43103 0.000020
43104 0.000020
43105 0.000020
43106 0.000020
43107 0.000020
43108 0.000020
43109 0.000020
43110 0.000020
43111 0.000020
43112 0.000020
43113 0.000020
43114 0.000020
43115 0.000020
43116 0.000020
43117 0.000020
43118 0.000020
43119 0.000020
43120 0.000020
43121 0.000020
43122 0.000020
43123 0.000020
43124 0.000020
43125 0.000020
43126 0.000020
43127 0.000020
43128 0.000020
43129 0.000020
43130 0.000020
43131 0.000020
43132 0.000020
43133 0.000020
43134 0.000020
43135 0.000020
43136 0.000020
43137 0.000020
43138 0.000020
43139 0.000020
43140 0.000020
43141 0.000020
43142 0.000020
43143 0.000020
43144 0.000020
43145 0.000020
43146 0.000020
43147 0.000020
43148 0.000020
43149 0.000020
43150 0.000020
43151 0.000020
43152 0.000020
43153 0.000020
43154 0.000020
43155 0.000020
43156 0.000020
43157 0.000020
43158 0.000020
43159 0.000020
43160 0.000020
43161 0.000020
43162 0.000020
43163 0.000020
43164 0.000020
43165 0.000020
43166 0.000020
43167 0.000020
43168 0.000020
43169 0.000020
43170 0.000020
43171 0.000020
43172 0.000020
43173 0.000020
43174 0.000020
43175 0.000020
43176 0.000020
43177 0.000020
43178 0.000020
43179 0.000020
43180 0.000020
43181 0.000020
43182 0.000020
43183 0.000020
43184 0.000020
43185 0.000020
43186 0.000020
43187 0.000020
43188 0.000020
43189 0.000020
43190 0.000020
43191 0.000020
43192 0.000020
43193 0.000020
43194 0.000020
43195 0.000020
43196 0.000020
43197 0.000020
43198 0.000020
43199 0.000020
43200 0.000020
43201 0.000020
43202 0.000020
43203 0.000020
43204 0.000020
43205 0.000020
43206 0.000020
43207 0.000020
43208 0.000020
43209 0.000020
43210 0.000020
43211 0.000020
43212 0.000020
43213 0.000020
43214 0.000020
43215 0.000020
43216 0.000020
43217 0.000020
43218 0.000020
43219 0.000020
43220 0.000020
43221 0.000020
43222 0.000020
43223 0.000020
43224 0.000020
43225 0.000020
43226 0.000020
43227 0.000020
43228 0.000020
43229 0.000020
43230 0.000020
43231 0.000020
43232 0.000020
43233 0.000020
43234 0.000020
43235 0.000020
43236 0.000020
43237 0.000020
43238 0.000020
43239 0.000020
43240 0.000020
43241 0.000020
43242 0.000020
43243 0.000020
43244 0.000020
43245 0.000020
43246 0.000020
43247 0.000020
43248 0.000020
43249 0.000020
43250 0.000020
43251 0.000020
43252 0.000020
43253 0.000020
43254 0.000020
43255 0.000020
43256 0.000020
43257 0.000020
43258 0.000020
43259 0.000020
43260 0.000020
43261 0.000020
43262 0.000020
43263 0.000020
43264 0.000020
43265 0.000020
43266 0.000020
43267 0.000020
43268 0.000020
43269 0.000020
43270 0.000020
43271 0.000020
43272 0.000020
43273 0.000020
43274 0.000020
43275 0.000020
43276 0.000020
43277 0.000020
43278 0.000020
43279 0.000020
43280 0.000020
43281 0.000020
43282 0.000020
43283 0.000020
43284 0.000020
43285 0.000020
43286 0.000020
43287 0.000020
43288 0.000020
43289 0.000020
43290 0.000020
43291 0.000020
43292 0.000020
43293 0.000020
43294 0.000020
43295 0.000020
43296 0.000020
43297 0.000020
43298 0.000020
43299 0.000020
43300 0.000020
43301 0.000020
43302 0.000020
43303 0.000020
43304 0.000020
43305 0.000020
43306 0.000020
43307 0.000020
43308 0.000020
43309 0.000020
43310 0.000020
43311 0.000020
43312 0.000020
43313 0.000020
43314 0.000020
43315 0.000020
43316 0.000020
43317 0.000020
43318 0.000020
43319 0.000020
43320 0.000020
43321 0.000020
43322 0.000020
43323 0.000020
43324 0.000020
43325 0.000020
43326 0.000020
43327 0.000020
43328 0.000020
43329 0.000020
43330 0.000020
43331 0.000020
43332 0.000020
43333 0.000020
43334 0.000020
43335 0.000020
43336 0.000020
43337 0.000020
43338 0.000020
43339 0.000020
43340 0.000020
43341 0.000020
43342 0.000020
43343 0.000020
43344 0.000020
43345 0.000020
43346 0.000020
43347 0.000020
43348 0.000020
43349 0.000020
43350 0.000020
43351 0.000020
43352 0.000020
43353 0.000020
43354 0.000020
43355 0.000020
43356 0.000020
43357 0.000020
43358 0.000020
43359 0.000020
43360 0.000020
43361 0.000020
43362 0.000020
43363 0.000020
43364 0.000020
43365 0.000020
43366 0.000020
43367 0.000020
43368 0.000020
43369 0.000020
43370 0.000020
43371 0.000020
43372 0.000020
43373 0.000020
43374 0.000020
43375 0.000020
43376 0.000020
43377 0.000020
43378 0.000020
43379 0.000020
43380 0.000020
43381 0.000020
43382 0.000020
43383 0.000020
43384 0.000020
43385 0.000020
43386 0.000020
43387 0.000020
43388 0.000020
43389 0.000020
43390 0.000020
43391 0.000020
43392 0.000020
43393 0.000020
43394 0.000020
43395 0.000020
43396 0.000020
43397 0.000020
43398 0.000020
43399 0.000020
43400 0.000020
43401 0.000020
43402 0.000020
43403 0.000020
43404 0.000020
43405 0.000020
43406 0.000020
43407 0.000020
43408 0.000020
43409 0.000020
43410 0.000020
43411 0.000020
43412 0.000020
43413 0.000020
43414 0.000020
43415 0.000020
43416 0.000020
43417 0.000020
43418 0.000020
43419 0.000020
43420 0.000020
43421 0.000020
43422 0.000020
43423 0.000020
43424 0.000020
43425 0.000020
43426 0.000020
43427 0.000020
43428 0.000020
43429 0.000020
43430 0.000020
43431 0.000020
43432 0.000020
43433 0.000020
43434 0.000020
43435 0.000020
43436 0.000020
43437 0.000020
43438 0.000020
43439 0.000020
43440 0.000020
43441 0.000020
43442 0.000020
43443 0.000020
43444 0.000020
43445 0.000020
43446 0.000020
43447 0.000020
43448 0.000020
43449 0.000020
43450 0.000020
43451 0.000020
43452 0.000020
43453 0.000020
43454 0.000020
43455 0.000020
43456 0.000020
43457 0.000020
43458 0.000020
43459 0.000020
43460 0.000020
43461 0.000020
43462 0.000020
43463 0.000020
43464 0.000020
43465 0.000020
43466 0.000020
43467 0.000020
43468 0.000020
43469 0.000020
43470 0.000020
43471 0.000020
43472 0.000020
43473 0.000020
43474 0.000020
43475 0.000020
43476 0.000020
43477 0.000020
43478 0.000020
43479 0.000020
43480 0.000020
43481 0.000020
43482 0.000020
43483 0.000020
43484 0.000020
43485 0.000020
43486 0.000020
43487 0.000020
43488 0.000020
43489 0.000020
43490 0.000020
43491 0.000020
43492 0.000020
43493 0.000020
43494 0.000020
43495 0.000020
43496 0.000020
43497 0.000020
43498 0.000020
43499 0.000020
43500 0.000020
43501 0.000020
43502 0.000020
43503 0.000020
43504 0.000020
43505 0.000020
43506 0.000020
43507 0.000020
43508 0.000020
43509 0.000020
43510 0.000020
43511 0.000020
43512 0.000020
43513 0.000020
43514 0.000020
43515 0.000020
43516 0.000020
43517 0.000020
43518 0.000020
43519 0.000020
43520 0.000020
43521 0.000020
43522 0.000020
43523 0.000020
43524 0.000020
43525 0.000020
43526 0.000020
43527 0.000020
43528 0.000020
43529 0.000020
43530 0.000020
43531 0.000020
43532 0.000020
43533 0.000020
43534 0.000020
43535 0.000020
43536 0.000020
43537 0.000020
43538 0.000020
43539 0.000020
43540 0.000020
43541 0.000020
43542 0.000020
43543 0.000020
43544 0.000020
43545 0.000020
43546 0.000020
43547 0.000020
43548 0.000020
43549 0.000020
43550 0.000020
43551 0.000020
43552 0.000020
43553 0.000020
43554 0.000020
43555 0.000020
43556 0.000020
43557 0.000020
43558 0.000020
43559 0.000020
43560 0.000020
43561 0.000020
43562 0.000020
43563 0.000020
43564 0.000020
43565 0.000020
43566 0.000020
43567 0.000020
43568 0.000020
43569 0.000020
43570 0.000020
43571 0.000020
43572 0.000020
43573 0.000020
43574 0.000020
43575 0.000020
43576 0.000020
43577 0.000020
43578 0.000020
43579 0.000020
43580 0.000020
43581 0.000020
43582 0.000020
43583 0.000020
43584 0.000020
43585 0.000020
43586 0.000020
43587 0.000020
43588 0.000020
43589 0.000020
43590 0.000020
43591 0.000020
43592 0.000020
43593 0.000020
43594 0.000020
43595 0.000020
43596 0.000020
43597 0.000020
43598 0.000020
43599 0.000020
43600 0.000020
43601 0.000020
43602 0.000020
43603 0.000020
43604 0.000020
43605 0.000020
43606 0.000020
43607 0.000020
43608 0.000020
43609 0.000020
43610 0.000020
43611 0.000020
43612 0.000020
43613 0.000020
43614 0.000020
43615 0.000020
43616 0.000020
43617 0.000020
43618 0.000020
43619 0.000020
43620 0.000020
43621 0.000020
43622 0.000020
43623 0.000020
43624 0.000020
43625 0.000020
43626 0.000020
43627 0.000020
43628 0.000020
43629 0.000020
43630 0.000020
43631 0.000020
43632 0.000020
43633 0.000020
43634 0.000020
43635 0.000020
43636 0.000020
43637 0.000020
43638 0.000020
43639 0.000020
43640 0.000020
43641 0.000020
43642 0.000020
43643 0.000020
43644 0.000020
43645 0.000020
43646 0.000020
43647 0.000020
43648 0.000020
43649 0.000020
43650 0.000020
43651 0.000020
43652 0.000020
43653 0.000020
43654 0.000020
43655 0.000020
43656 0.000020
43657 0.000020
43658 0.000020
43659 0.000020
43660 0.000020
43661 0.000020
43662 0.000020
43663 0.000020
43664 0.000020
43665 0.000020
43666 0.000020
43667 0.000020
43668 0.000020
43669 0.000020
43670 0.000020
43671 0.000020
43672 0.000020
43673 0.000020
43674 0.000020
43675 0.000020
43676 0.000020
43677 0.000020
43678 0.000020
43679 0.000020
43680 0.000020
43681 0.000020
43682 0.000020
43683 0.000020
43684 0.000020
43685 0.000020
43686 0.000020
43687 0.000020
43688 0.000020
43689 0.000020
43690 0.000020
43691 0.000020
43692 0.000020
43693 0.000020
43694 0.000020
43695 0.000020
43696 0.000020
43697 0.000020
43698 0.000020
43699 0.000020
43700 0.000020
43701 0.000020
43702 0.000020
43703 0.000020
43704 0.000020
43705 0.000020
43706 0.000020
43707 0.000020
43708 0.000020
43709 0.000020
43710 0.000020
43711 0.000020
43712 0.000020
43713 0.000020
43714 0.000020
43715 0.000020
43716 0.000020
43717 0.000020
43718 0.000020
43719 0.000020
43720 0.000020
43721 0.000020
43722 0.000020
43723 0.000020
43724 0.000020
43725 0.000020
43726 0.000020
43727 0.000020
43728 0.000020
43729 0.000020
43730 0.000020
43731 0.000020
43732 0.000020
43733 0.000020
43734 0.000020
43735 0.000020
43736 0.000020
43737 0.000020
43738 0.000020
43739 0.000020
43740 0.000020
43741 0.000020
43742 0.000020
43743 0.000020
43744 0.000020
43745 0.000020
43746 0.000020
43747 0.000020
43748 0.000020
43749 0.000020
43750 0.000020
43751 0.000020
43752 0.000020
43753 0.000020
43754 0.000020
43755 0.000020
43756 0.000020
43757 0.000020
43758 0.000020
43759 0.000020
43760 0.000020
43761 0.000020
43762 0.000020
43763 0.000020
43764 0.000020
43765 0.000020
43766 0.000020
43767 0.000020
43768 0.000020
43769 0.000020
43770 0.000020
43771 0.000020
43772 0.000020
43773 0.000020
43774 0.000020
43775 0.000020
43776 0.000020
43777 0.000020
43778 0.000020
43779 0.000020
43780 0.000020
43781 0.000020
43782 0.000020
43783 0.000020
43784 0.000020
43785 0.000020
43786 0.000020
43787 0.000020
43788 0.000020
43789 0.000020
43790 0.000020
43791 0.000020
43792 0.000020
43793 0.000020
43794 0.000020
43795 0.000020
43796 0.000020
43797 0.000020
43798 0.000020
43799 0.000020
43800 0.000020
43801 0.000020
43802 0.000020
43803 0.000020
43804 0.000020
43805 0.000020
43806 0.000020
43807 0.000020
43808 0.000020
43809 0.000020
43810 0.000020
43811 0.000020
43812 0.000020
43813 0.000020
43814 0.000020
43815 0.000020
43816 0.000020
43817 0.000020
43818 0.000020
43819 0.000020
43820 0.000020
43821 0.000020
43822 0.000020
43823 0.000020
43824 0.000020
43825 0.000020
43826 0.000020
43827 0.000020
43828 0.000020
43829 0.000020
43830 0.000020
43831 0.000020
43832 0.000020
43833 0.000020
43834 0.000020
43835 0.000020
43836 0.000020
43837 0.000020
43838 0.000020
43839 0.000020
43840 0.000020
43841 0.000020
43842 0.000020
43843 0.000020
43844 0.000020
43845 0.000020
43846 0.000020
43847 0.000020
43848 0.000020
43849 0.000020
43850 0.000020
43851 0.000020
43852 0.000020
43853 0.000020
43854 0.000020
43855 0.000020
43856 0.000020
43857 0.000020
43858 0.000020
43859 0.000020
43860 0.000020
43861 0.000020
43862 0.000020
43863 0.000020
43864 0.000020
43865 0.000020
43866 0.000020
43867 0.000020
43868 0.000020
43869 0.000020
43870 0.000020
43871 0.000020
43872 0.000020
43873 0.000020
43874 0.000020
43875 0.000020
43876 0.000020
43877 0.000020
43878 0.000020
43879 0.000020
43880 0.000020
43881 0.000020
43882 0.000020
43883 0.000020
43884 0.000020
43885 0.000020
43886 0.000020
43887 0.000020
43888 0.000020
43889 0.000020
43890 0.000020
43891 0.000020
43892 0.000020
43893 0.000020
43894 0.000020
43895 0.000020
43896 0.000020
43897 0.000020
43898 0.000020
43899 0.000020
43900 0.000020
43901 0.000020
43902 0.000020
43903 0.000020
43904 0.000020
43905 0.000020
43906 0.000020
43907 0.000020
43908 0.000020
43909 0.000020
43910 0.000020
43911 0.000020
43912 0.000020
43913 0.000020
43914 0.000020
43915 0.000020
43916 0.000020
43917 0.000020
43918 0.000020
43919 0.000020
43920 0.000020
43921 0.000020
43922 0.000020
43923 0.000020
43924 0.000020
43925 0.000020
43926 0.000020
43927 0.000020
43928 0.000020
43929 0.000020
43930 0.000020
43931 0.000020
43932 0.000020
43933 0.000020
43934 0.000020
43935 0.000020
43936 0.000020
43937 0.000020
43938 0.000020
43939 0.000020
43940 0.000020
43941 0.000020
43942 0.000020
43943 0.000020
43944 0.000020
43945 0.000020
43946 0.000020
43947 0.000020
43948 0.000020
43949 0.000020
43950 0.000020
43951 0.000020
43952 0.000020
43953 0.000020
43954 0.000020
43955 0.000020
43956 0.000020
43957 0.000020
43958 0.000020
43959 0.000020
43960 0.000020
43961 0.000020
43962 0.000020
43963 0.000020
43964 0.000020
43965 0.000020
43966 0.000020
43967 0.000020
43968 0.000020
43969 0.000020
43970 0.000020
43971 0.000020
43972 0.000020
43973 0.000020
43974 0.000020
43975 0.000020
43976 0.000020
43977 0.000020
43978 0.000020
43979 0.000020
43980 0.000020
43981 0.000020
43982 0.000020
43983 0.000020
43984 0.000020
43985 0.000020
43986 0.000020
43987 0.000020
43988 0.000020
43989 0.000020
43990 0.000020
43991 0.000020
43992 0.000020
43993 0.000020
43994 0.000020
43995 0.000020
43996 0.000020
43997 0.000020
43998 0.000020
43999 0.000020
44000 0.000020
44001 0.000020
44002 0.000020
44003 0.000020
44004 0.000020
44005 0.000020
44006 0.000020
44007 0.000020
44008 0.000020
44009 0.000020
44010 0.000020
44011 0.000020
44012 0.000020
44013 0.000020
44014 0.000020
44015 0.000020
44016 0.000020
44017 0.000020
44018 0.000020
44019 0.000020
44020 0.000020
44021 0.000020
44022 0.000020
44023 0.000020
44024 0.000020
44025 0.000020
44026 0.000020
44027 0.000020
44028 0.000020
44029 0.000020
44030 0.000020
44031 0.000020
44032 0.000020
44033 0.000020
44034 0.000020
44035 0.000020
44036 0.000020
44037 0.000020
44038 0.000020
44039 0.000020
44040 0.000020
44041 0.000020
44042 0.000020
44043 0.000020
44044 0.000020
44045 0.000020
44046 0.000020
44047 0.000020
44048 0.000020
44049 0.000020
44050 0.000020
44051 0.000020
44052 0.000020
44053 0.000020
44054 0.000020
44055 0.000020
44056 0.000020
44057 0.000020
44058 0.000020
44059 0.000020
44060 0.000020
44061 0.000020
44062 0.000020
44063 0.000020
44064 0.000020
44065 0.000020
44066 0.000020
44067 0.000020
44068 0.000020
44069 0.000020
44070 0.000020
44071 0.000020
44072 0.000020
44073 0.000020
44074 0.000020
44075 0.000020
44076 0.000020
44077 0.000020
44078 0.000020
44079 0.000020
44080 0.000020
44081 0.000020
44082 0.000020
44083 0.000020
44084 0.000020
44085 0.000020
44086 0.000020
44087 0.000020
44088 0.000020
44089 0.000020
44090 0.000020
44091 0.000020
44092 0.000020
44093 0.000020
44094 0.000020
44095 0.000020
44096 0.000020
44097 0.000020
44098 0.000020
44099 0.000020
44100 0.000020
44101 0.000020
44102 0.000020
44103 0.000020
44104 0.000020
44105 0.000020
44106 0.000020
44107 0.000020
44108 0.000020
44109 0.000020
44110 0.000020
44111 0.000020
44112 0.000020
44113 0.000020
44114 0.000020
44115 0.000020
44116 0.000020
44117 0.000020
44118 0.000020
44119 0.000020
44120 0.000020
44121 0.000020
44122 0.000020
44123 0.000020
44124 0.000020
44125 0.000020
44126 0.000020
44127 0.000020
44128 0.000020
44129 0.000020
44130 0.000020
44131 0.000020
44132 0.000020
44133 0.000020
44134 0.000020
44135 0.000020
44136 0.000020
44137 0.000020
44138 0.000020
44139 0.000020
44140 0.000020
44141 0.000020
44142 0.000020
44143 0.000020
44144 0.000020
44145 0.000020
44146 0.000020
44147 0.000020
44148 0.000020
44149 0.000020
44150 0.000020
44151 0.000020
44152 0.000020
44153 0.000020
44154 0.000020
44155 0.000020
44156 0.000020
44157 0.000020
44158 0.000020
44159 0.000020
44160 0.000020
44161 0.000020
44162 0.000020
44163 0.000020
44164 0.000020
44165 0.000020
44166 0.000020
44167 0.000020
44168 0.000020
44169 0.000020
44170 0.000020
44171 0.000020
44172 0.000020
44173 0.000020
44174 0.000020
44175 0.000020
44176 0.000020
44177 0.000020
44178 0.000020
44179 0.000020
44180 0.000020
44181 0.000020
44182 0.000020
44183 0.000020
44184 0.000020
44185 0.000020
44186 0.000020
44187 0.000020
44188 0.000020
44189 0.000020
44190 0.000020
44191 0.000020
44192 0.000020
44193 0.000020
44194 0.000020
44195 0.000020
44196 0.000020
44197 0.000020
44198 0.000020
44199 0.000020
44200 0.000020
44201 0.000020
44202 0.000020
44203 0.000020
44204 0.000020
44205 0.000020
44206 0.000020
44207 0.000020
44208 0.000020
44209 0.000020
44210 0.000020
44211 0.000020
44212 0.000020
44213 0.000020
44214 0.000020
44215 0.000020
44216 0.000020
44217 0.000020
44218 0.000020
44219 0.000020
44220 0.000020
44221 0.000020
44222 0.000020
44223 0.000020
44224 0.000020
44225 0.000020
44226 0.000020
44227 0.000020
44228 0.000020
44229 0.000020
44230 0.000020
44231 0.000020
44232 0.000020
44233 0.000020
44234 0.000020
44235 0.000020
44236 0.000020
44237 0.000020
44238 0.000020
44239 0.000020
44240 0.000020
44241 0.000020
44242 0.000020
44243 0.000020
44244 0.000020
44245 0.000020
44246 0.000020
44247 0.000020
44248 0.000020
44249 0.000020
44250 0.000020
44251 0.000020
44252 0.000020
44253 0.000020
44254 0.000020
44255 0.000020
44256 0.000020
44257 0.000020
44258 0.000020
44259 0.000020
44260 0.000020
44261 0.000020
44262 0.000020
44263 0.000020
44264 0.000020
44265 0.000020
44266 0.000020
44267 0.000020
44268 0.000020
44269 0.000020
44270 0.000020
44271 0.000020
44272 0.000020
44273 0.000020
44274 0.000020
44275 0.000020
44276 0.000020
44277 0.000020
44278 0.000020
44279 0.000020
44280 0.000020
44281 0.000020
44282 0.000020
44283 0.000020
44284 0.000020
44285 0.000020
44286 0.000020
44287 0.000020
44288 0.000020
44289 0.000020
44290 0.000020
44291 0.000020
44292 0.000020
44293 0.000020
44294 0.000020
44295 0.000020
44296 0.000020
44297 0.000020
44298 0.000020
44299 0.000020
44300 0.000020
44301 0.000020
44302 0.000020
44303 0.000020
44304 0.000020
44305 0.000020
44306 0.000020
44307 0.000020
44308 0.000020
44309 0.000020
44310 0.000020
44311 0.000020
44312 0.000020
44313 0.000020
44314 0.000020
44315 0.000020
44316 0.000020
44317 0.000020
44318 0.000020
44319 0.000020
44320 0.000020
44321 0.000020
44322 0.000020
44323 0.000020
44324 0.000020
44325 0.000020
44326 0.000020
44327 0.000020
44328 0.000020
44329 0.000020
44330 0.000020
44331 0.000020
44332 0.000020
44333 0.000020
44334 0.000020
44335 0.000020
44336 0.000020
44337 0.000020
44338 0.000020
44339 0.000020
44340 0.000020
44341 0.000020
44342 0.000020
44343 0.000020
44344 0.000020
44345 0.000020
44346 0.000020
44347 0.000020
44348 0.000020
44349 0.000020
44350 0.000020
44351 0.000020
44352 0.000020
44353 0.000020
44354 0.000020
44355 0.000020
44356 0.000020
44357 0.000020
44358 0.000020
44359 0.000020
44360 0.000020
44361 0.000020
44362 0.000020
44363 0.000020
44364 0.000020
44365 0.000020
44366 0.000020
44367 0.000020
44368 0.000020
44369 0.000020
44370 0.000020
44371 0.000020
44372 0.000020
44373 0.000020
44374 0.000020
44375 0.000020
44376 0.000020
44377 0.000020
44378 0.000020
44379 0.000020
44380 0.000020
44381 0.000020
44382 0.000020
44383 0.000020
44384 0.000020
44385 0.000020
44386 0.000020
44387 0.000020
44388 0.000020
44389 0.000020
44390 0.000020
44391 0.000020
44392 0.000020
44393 0.000020
44394 0.000020
44395 0.000020
44396 0.000020
44397 0.000020
44398 0.000020
44399 0.000020
44400 0.000020
44401 0.000020
44402 0.000020
44403 0.000020
44404 0.000020
44405 0.000020
44406 0.000020
44407 0.000020
44408 0.000020
44409 0.000020
44410 0.000020
44411 0.000020
44412 0.000020
44413 0.000020
44414 0.000020
44415 0.000020
44416 0.000020
44417 0.000020
44418 0.000020
44419 0.000020
44420 0.000020
44421 0.000020
44422 0.000020
44423 0.000020
44424 0.000020
44425 0.000020
44426 0.000020
44427 0.000020
44428 0.000020
44429 0.000020
44430 0.000020
44431 0.000020
44432 0.000020
44433 0.000020
44434 0.000020
44435 0.000020
44436 0.000020
44437 0.000020
44438 0.000020
44439 0.000020
44440 0.000020
44441 0.000020
44442 0.000020
44443 0.000020
44444 0.000020
44445 0.000020
44446 0.000020
44447 0.000020
44448 0.000020
44449 0.000020
44450 0.000020
44451 0.000020
44452 0.000020
44453 0.000020
44454 0.000020
44455 0.000020
44456 0.000020
44457 0.000020
44458 0.000020
44459 0.000020
44460 0.000020
44461 0.000020
44462 0.000020
44463 0.000020
44464 0.000020
44465 0.000020
44466 0.000020
44467 0.000020
44468 0.000020
44469 0.000020
44470 0.000020
44471 0.000020
44472 0.000020
44473 0.000020
44474 0.000020
44475 0.000020
44476 0.000020
44477 0.000020
44478 0.000020
44479 0.000020
44480 0.000020
44481 0.000020
44482 0.000020
44483 0.000020
44484 0.000020
44485 0.000020
44486 0.000020
44487 0.000020
44488 0.000020
44489 0.000020
44490 0.000020
44491 0.000020
44492 0.000020
44493 0.000020
44494 0.000020
44495 0.000020
44496 0.000020
44497 0.000020
44498 0.000020
44499 0.000020
44500 0.000020
44501 0.000020
44502 0.000020
44503 0.000020
44504 0.000020
44505 0.000020
44506 0.000020
44507 0.000020
44508 0.000020
44509 0.000020
44510 0.000020
44511 0.000020
44512 0.000020
44513 0.000020
44514 0.000020
44515 0.000020
44516 0.000020
44517 0.000020
44518 0.000020
44519 0.000020
44520 0.000020
44521 0.000020
44522 0.000020
44523 0.000020
44524 0.000020
44525 0.000020
44526 0.000020
44527 0.000020
44528 0.000020
44529 0.000020
44530 0.000020
44531 0.000020
44532 0.000020
44533 0.000020
44534 0.000020
44535 0.000020
44536 0.000020
44537 0.000020
44538 0.000020
44539 0.000020
44540 0.000020
44541 0.000020
44542 0.000020
44543 0.000020
44544 0.000020
44545 0.000020
44546 0.000020
44547 0.000020
44548 0.000020
44549 0.000020
44550 0.000020
44551 0.000020
44552 0.000020
44553 0.000020
44554 0.000020
44555 0.000020
44556 0.000020
44557 0.000020
44558 0.000020
44559 0.000020
44560 0.000020
44561 0.000020
44562 0.000020
44563 0.000020
44564 0.000020
44565 0.000020
44566 0.000020
44567 0.000020
44568 0.000020
44569 0.000020
44570 0.000020
44571 0.000020
44572 0.000020
44573 0.000020
44574 0.000020
44575 0.000020
44576 0.000020
44577 0.000020
44578 0.000020
44579 0.000020
44580 0.000020
44581 0.000020
44582 0.000020
44583 0.000020
44584 0.000020
44585 0.000020
44586 0.000020
44587 0.000020
44588 0.000020
44589 0.000020
44590 0.000020
44591 0.000020
44592 0.000020
44593 0.000020
44594 0.000020
44595 0.000020
44596 0.000020
44597 0.000020
44598 0.000020
44599 0.000020
44600 0.000020
44601 0.000020
44602 0.000020
44603 0.000020
44604 0.000020
44605 0.000020
44606 0.000020
44607 0.000020
44608 0.000020
44609 0.000020
44610 0.000020
44611 0.000020
44612 0.000020
44613 0.000020
44614 0.000020
44615 0.000020
44616 0.000020
44617 0.000020
44618 0.000020
44619 0.000020
44620 0.000020
44621 0.000020
44622 0.000020
44623 0.000020
44624 0.000020
44625 0.000020
44626 0.000020
44627 0.000020
44628 0.000020
44629 0.000020
44630 0.000020
44631 0.000020
44632 0.000020
44633 0.000020
44634 0.000020
44635 0.000020
44636 0.000020
44637 0.000020
44638 0.000020
44639 0.000020
44640 0.000020
44641 0.000020
44642 0.000020
44643 0.000020
44644 0.000020
44645 0.000020
44646 0.000020
44647 0.000020
44648 0.000020
44649 0.000020
44650 0.000020
44651 0.000020
44652 0.000020
44653 0.000020
44654 0.000020
44655 0.000020
44656 0.000020
44657 0.000020
44658 0.000020
44659 0.000020
44660 0.000020
44661 0.000020
44662 0.000020
44663 0.000020
44664 0.000020
44665 0.000020
44666 0.000020
44667 0.000020
44668 0.000020
44669 0.000020
44670 0.000020
44671 0.000020
44672 0.000020
44673 0.000020
44674 0.000020
44675 0.000020
44676 0.000020
44677 0.000020
44678 0.000020
44679 0.000020
44680 0.000020
44681 0.000020
44682 0.000020
44683 0.000020
44684 0.000020
44685 0.000020
44686 0.000020
44687 0.000020
44688 0.000020
44689 0.000020
44690 0.000020
44691 0.000020
44692 0.000020
44693 0.000020
44694 0.000020
44695 0.000020
44696 0.000020
44697 0.000020
44698 0.000020
44699 0.000020
44700 0.000020
44701 0.000020
44702 0.000020
44703 0.000020
44704 0.000020
44705 0.000020
44706 0.000020
44707 0.000020
44708 0.000020
44709 0.000020
44710 0.000020
44711 0.000020
44712 0.000020
44713 0.000020
44714 0.000020
44715 0.000020
44716 0.000020
44717 0.000020
44718 0.000020
44719 0.000020
44720 0.000020
44721 0.000020
44722 0.000020
44723 0.000020
44724 0.000020
44725 0.000020
44726 0.000020
44727 0.000020
44728 0.000020
44729 0.000020
44730 0.000020
44731 0.000020
44732 0.000020
44733 0.000020
44734 0.000020
44735 0.000020
44736 0.000020
44737 0.000020
44738 0.000020
44739 0.000020
44740 0.000020
44741 0.000020
44742 0.000020
44743 0.000020
44744 0.000020
44745 0.000020
44746 0.000020
44747 0.000020
44748 0.000020
44749 0.000020
44750 0.000020
44751 0.000020
44752 0.000020
44753 0.000020
44754 0.000020
44755 0.000020
44756 0.000020
44757 0.000020
44758 0.000020
44759 0.000020
44760 0.000020
44761 0.000020
44762 0.000020
44763 0.000020
44764 0.000020
44765 0.000020
44766 0.000020
44767 0.000020
44768 0.000020
44769 0.000020
44770 0.000020
44771 0.000020
44772 0.000020
44773 0.000020
44774 0.000020
44775 0.000020
44776 0.000020
44777 0.000020
44778 0.000020
44779 0.000020
44780 0.000020
44781 0.000020
44782 0.000020
44783 0.000020
44784 0.000020
44785 0.000020
44786 0.000020
44787 0.000020
44788 0.000020
44789 0.000020
44790 0.000020
44791 0.000020
44792 0.000020
44793 0.000020
44794 0.000020
44795 0.000020
44796 0.000020
44797 0.000020
44798 0.000020
44799 0.000020
44800 0.000020
44801 0.000020
44802 0.000020
44803 0.000020
44804 0.000020
44805 0.000020
44806 0.000020
44807 0.000020
44808 0.000020
44809 0.000020
44810 0.000020
44811 0.000020
44812 0.000020
44813 0.000020
44814 0.000020
44815 0.000020
44816 0.000020
44817 0.000020
44818 0.000020
44819 0.000020
44820 0.000020
44821 0.000020
44822 0.000020
44823 0.000020
44824 0.000020
44825 0.000020
44826 0.000020
44827 0.000020
44828 0.000020
44829 0.000020
44830 0.000020
44831 0.000020
44832 0.000020
44833 0.000020
44834 0.000020
44835 0.000020
44836 0.000020
44837 0.000020
44838 0.000020
44839 0.000020
44840 0.000020
44841 0.000020
44842 0.000020
44843 0.000020
44844 0.000020
44845 0.000020
44846 0.000020
44847 0.000020
44848 0.000020
44849 0.000020
44850 0.000020
44851 0.000020
44852 0.000020
44853 0.000020
44854 0.000020
44855 0.000020
44856 0.000020
44857 0.000020
44858 0.000020
44859 0.000020
44860 0.000020
44861 0.000020
44862 0.000020
44863 0.000020
44864 0.000020
44865 0.000020
44866 0.000020
44867 0.000020
44868 0.000020
44869 0.000020
44870 0.000020
44871 0.000020
44872 0.000020
44873 0.000020
44874 0.000020
44875 0.000020
44876 0.000020
44877 0.000020
44878 0.000020
44879 0.000020
44880 0.000020
44881 0.000020
44882 0.000020
44883 0.000020
44884 0.000020
44885 0.000020
44886 0.000020
44887 0.000020
44888 0.000020
44889 0.000020
44890 0.000020
44891 0.000020
44892 0.000020
44893 0.000020
44894 0.000020
44895 0.000020
44896 0.000020
44897 0.000020
44898 0.000020
44899 0.000020
44900 0.000020
44901 0.000020
44902 0.000020
44903 0.000020
44904 0.000020
44905 0.000020
44906 0.000020
44907 0.000020
44908 0.000020
44909 0.000020
44910 0.000020
44911 0.000020
44912 0.000020
44913 0.000020
44914 0.000020
44915 0.000020
44916 0.000020
44917 0.000020
44918 0.000020
44919 0.000020
44920 0.000020
44921 0.000020
44922 0.000020
44923 0.000020
44924 0.000020
44925 0.000020
44926 0.000020
44927 0.000020
44928 0.000020
44929 0.000020
44930 0.000020
44931 0.000020
44932 0.000020
44933 0.000020
44934 0.000020
44935 0.000020
44936 0.000020
44937 0.000020
44938 0.000020
44939 0.000020
44940 0.000020
44941 0.000020
44942 0.000020
44943 0.000020
44944 0.000020
44945 0.000020
44946 0.000020
44947 0.000020
44948 0.000020
44949 0.000020
44950 0.000020
44951 0.000020
44952 0.000020
44953 0.000020
44954 0.000020
44955 0.000020
44956 0.000020
44957 0.000020
44958 0.000020
44959 0.000020
44960 0.000020
44961 0.000020
44962 0.000020
44963 0.000020
44964 0.000020
44965 0.000020
44966 0.000020
44967 0.000020
44968 0.000020
44969 0.000020
44970 0.000020
44971 0.000020
44972 0.000020
44973 0.000020
44974 0.000020
44975 0.000020
44976 0.000020
44977 0.000020
44978 0.000020
44979 0.000020
44980 0.000020
44981 0.000020
44982 0.000020
44983 0.000020
44984 0.000020
44985 0.000020
44986 0.000020
44987 0.000020
44988 0.000020
44989 0.000020
44990 0.000020
44991 0.000020
44992 0.000020
44993 0.000020
44994 0.000020
44995 0.000020
44996 0.000020
44997 0.000020
44998 0.000020
44999 0.000020
45000 0.000020
45001 0.000020
45002 0.000020
45003 0.000020
45004 0.000020
45005 0.000020
45006 0.000020
45007 0.000020
45008 0.000020
45009 0.000020
45010 0.000020
45011 0.000020
45012 0.000020
45013 0.000020
45014 0.000020
45015 0.000020
45016 0.000020
45017 0.000020
45018 0.000020
45019 0.000020
45020 0.000020
45021 0.000020
45022 0.000020
45023 0.000020
45024 0.000020
45025 0.000020
45026 0.000020
45027 0.000020
45028 0.000020
45029 0.000020
45030 0.000020
45031 0.000020
45032 0.000020
45033 0.000020
45034 0.000020
45035 0.000020
45036 0.000020
45037 0.000020
45038 0.000020
45039 0.000020
45040 0.000020
45041 0.000020
45042 0.000020
45043 0.000020
45044 0.000020
45045 0.000020
45046 0.000020
45047 0.000020
45048 0.000020
45049 0.000020
45050 0.000020
45051 0.000020
45052 0.000020
45053 0.000020
45054 0.000020
45055 0.000020
45056 0.000020
45057 0.000020
45058 0.000020
45059 0.000020
45060 0.000020
45061 0.000020
45062 0.000020
45063 0.000020
45064 0.000020
45065 0.000020
45066 0.000020
45067 0.000020
45068 0.000020
45069 0.000020
45070 0.000020
45071 0.000020
45072 0.000020
45073 0.000020
45074 0.000020
45075 0.000020
45076 0.000020
45077 0.000020
45078 0.000020
45079 0.000020
45080 0.000020
45081 0.000020
45082 0.000020
45083 0.000020
45084 0.000020
45085 0.000020
45086 0.000020
45087 0.000020
45088 0.000020
45089 0.000020
45090 0.000020
45091 0.000020
45092 0.000020
45093 0.000020
45094 0.000020
45095 0.000020
45096 0.000020
45097 0.000020
45098 0.000020
45099 0.000020
45100 0.000020
45101 0.000020
45102 0.000020
45103 0.000020
45104 0.000020
45105 0.000020
45106 0.000020
45107 0.000020
45108 0.000020
45109 0.000020
45110 0.000020
45111 0.000020
45112 0.000020
45113 0.000020
45114 0.000020
45115 0.000020
45116 0.000020
45117 0.000020
45118 0.000020
45119 0.000020
45120 0.000020
45121 0.000020
45122 0.000020
45123 0.000020
45124 0.000020
45125 0.000020
45126 0.000020
45127 0.000020
45128 0.000020
45129 0.000020
45130 0.000020
45131 0.000020
45132 0.000020
45133 0.000020
45134 0.000020
45135 0.000020
45136 0.000020
45137 0.000020
45138 0.000020
45139 0.000020
45140 0.000020
45141 0.000020
45142 0.000020
45143 0.000020
45144 0.000020
45145 0.000020
45146 0.000020
45147 0.000020
45148 0.000020
45149 0.000020
45150 0.000020
45151 0.000020
45152 0.000020
45153 0.000020
45154 0.000020
45155 0.000020
45156 0.000020
45157 0.000020
45158 0.000020
45159 0.000020
45160 0.000020
45161 0.000020
45162 0.000020
45163 0.000020
45164 0.000020
45165 0.000020
45166 0.000020
45167 0.000020
45168 0.000020
45169 0.000020
45170 0.000020
45171 0.000020
45172 0.000020
45173 0.000020
45174 0.000020
45175 0.000020
45176 0.000020
45177 0.000020
45178 0.000020
45179 0.000020
45180 0.000020
45181 0.000020
45182 0.000020
45183 0.000020
45184 0.000020
45185 0.000020
45186 0.000020
45187 0.000020
45188 0.000020
45189 0.000020
45190 0.000020
45191 0.000020
45192 0.000020
45193 0.000020
45194 0.000020
45195 0.000020
45196 0.000020
45197 0.000020
45198 0.000020
45199 0.000020
45200 0.000020
45201 0.000020
45202 0.000020
45203 0.000020
45204 0.000020
45205 0.000020
45206 0.000020
45207 0.000020
45208 0.000020
45209 0.000020
45210 0.000020
45211 0.000020
45212 0.000020
45213 0.000020
45214 0.000020
45215 0.000020
45216 0.000020
45217 0.000020
45218 0.000020
45219 0.000020
45220 0.000020
45221 0.000020
45222 0.000020
45223 0.000020
45224 0.000020
45225 0.000020
45226 0.000020
45227 0.000020
45228 0.000020
45229 0.000020
45230 0.000020
45231 0.000020
45232 0.000020
45233 0.000020
45234 0.000020
45235 0.000020
45236 0.000020
45237 0.000020
45238 0.000020
45239 0.000020
45240 0.000020
45241 0.000020
45242 0.000020
45243 0.000020
45244 0.000020
45245 0.000020
45246 0.000020
45247 0.000020
45248 0.000020
45249 0.000020
45250 0.000020
45251 0.000020
45252 0.000020
45253 0.000020
45254 0.000020
45255 0.000020
45256 0.000020
45257 0.000020
45258 0.000020
45259 0.000020
45260 0.000020
45261 0.000020
45262 0.000020
45263 0.000020
45264 0.000020
45265 0.000020
45266 0.000020
45267 0.000020
45268 0.000020
45269 0.000020
45270 0.000020
45271 0.000020
45272 0.000020
45273 0.000020
45274 0.000020
45275 0.000020
45276 0.000020
45277 0.000020
45278 0.000020
45279 0.000020
45280 0.000020
45281 0.000020
45282 0.000020
45283 0.000020
45284 0.000020
45285 0.000020
45286 0.000020
45287 0.000020
45288 0.000020
45289 0.000020
45290 0.000020
45291 0.000020
45292 0.000020
45293 0.000020
45294 0.000020
45295 0.000020
45296 0.000020
45297 0.000020
45298 0.000020
45299 0.000020
45300 0.000020
45301 0.000020
45302 0.000020
45303 0.000020
45304 0.000020
45305 0.000020
45306 0.000020
45307 0.000020
45308 0.000020
45309 0.000020
45310 0.000020
45311 0.000020
45312 0.000020
45313 0.000020
45314 0.000020
45315 0.000020
45316 0.000020
45317 0.000020
45318 0.000020
45319 0.000020
45320 0.000020
45321 0.000020
45322 0.000020
45323 0.000020
45324 0.000020
45325 0.000020
45326 0.000020
45327 0.000020
45328 0.000020
45329 0.000020
45330 0.000020
45331 0.000020
45332 0.000020
45333 0.000020
45334 0.000020
45335 0.000020
45336 0.000020
45337 0.000020
45338 0.000020
45339 0.000020
45340 0.000020
45341 0.000020
45342 0.000020
45343 0.000020
45344 0.000020
45345 0.000020
45346 0.000020
45347 0.000020
45348 0.000020
45349 0.000020
45350 0.000020
45351 0.000020
45352 0.000020
45353 0.000020
45354 0.000020
45355 0.000020
45356 0.000020
45357 0.000020
45358 0.000020
45359 0.000020
45360 0.000020
45361 0.000020
45362 0.000020
45363 0.000020
45364 0.000020
45365 0.000020
45366 0.000020
45367 0.000020
45368 0.000020
45369 0.000020
45370 0.000020
45371 0.000020
45372 0.000020
45373 0.000020
45374 0.000020
45375 0.000020
45376 0.000020
45377 0.000020
45378 0.000020
45379 0.000020
45380 0.000020
45381 0.000020
45382 0.000020
45383 0.000020
45384 0.000020
45385 0.000020
45386 0.000020
45387 0.000020
45388 0.000020
45389 0.000020
45390 0.000020
45391 0.000020
45392 0.000020
45393 0.000020
45394 0.000020
45395 0.000020
45396 0.000020
45397 0.000020
45398 0.000020
45399 0.000020
45400 0.000020
45401 0.000020
45402 0.000020
45403 0.000020
45404 0.000020
45405 0.000020
45406 0.000020
45407 0.000020
45408 0.000020
45409 0.000020
45410 0.000020
45411 0.000020
45412 0.000020
45413 0.000020
45414 0.000020
45415 0.000020
45416 0.000020
45417 0.000020
45418 0.000020
45419 0.000020
45420 0.000020
45421 0.000020
45422 0.000020
45423 0.000020
45424 0.000020
45425 0.000020
45426 0.000020
45427 0.000020
45428 0.000020
45429 0.000020
45430 0.000020
45431 0.000020
45432 0.000020
45433 0.000020
45434 0.000020
45435 0.000020
45436 0.000020
45437 0.000020
45438 0.000020
45439 0.000020
45440 0.000020
45441 0.000020
45442 0.000020
45443 0.000020
45444 0.000020
45445 0.000020
45446 0.000020
45447 0.000020
45448 0.000020
45449 0.000020
45450 0.000020
45451 0.000020
45452 0.000020
45453 0.000020
45454 0.000020
45455 0.000020
45456 0.000020
45457 0.000020
45458 0.000020
45459 0.000020
45460 0.000020
45461 0.000020
45462 0.000020
45463 0.000020
45464 0.000020
45465 0.000020
45466 0.000020
45467 0.000020
45468 0.000020
45469 0.000020
45470 0.000020
45471 0.000020
45472 0.000020
45473 0.000020
45474 0.000020
45475 0.000020
45476 0.000020
45477 0.000020
45478 0.000020
45479 0.000020
45480 0.000020
45481 0.000020
45482 0.000020
45483 0.000020
45484 0.000020
45485 0.000020
45486 0.000020
45487 0.000020
45488 0.000020
45489 0.000020
45490 0.000020
45491 0.000020
45492 0.000020
45493 0.000020
45494 0.000020
45495 0.000020
45496 0.000020
45497 0.000020
45498 0.000020
45499 0.000020
45500 0.000020
45501 0.000020
45502 0.000020
45503 0.000020
45504 0.000020
45505 0.000020
45506 0.000020
45507 0.000020
45508 0.000020
45509 0.000020
45510 0.000020
45511 0.000020
45512 0.000020
45513 0.000020
45514 0.000020
45515 0.000020
45516 0.000020
45517 0.000020
45518 0.000020
45519 0.000020
45520 0.000020
45521 0.000020
45522 0.000020
45523 0.000020
45524 0.000020
45525 0.000020
45526 0.000020
45527 0.000020
45528 0.000020
45529 0.000020
45530 0.000020
45531 0.000020
45532 0.000020
45533 0.000020
45534 0.000020
45535 0.000020
45536 0.000020
45537 0.000020
45538 0.000020
45539 0.000020
45540 0.000020
45541 0.000020
45542 0.000020
45543 0.000020
45544 0.000020
45545 0.000020
45546 0.000020
45547 0.000020
45548 0.000020
45549 0.000020
45550 0.000020
45551 0.000020
45552 0.000020
45553 0.000020
45554 0.000020
45555 0.000020
45556 0.000020
45557 0.000020
45558 0.000020
45559 0.000020
45560 0.000020
45561 0.000020
45562 0.000020
45563 0.000020
45564 0.000020
45565 0.000020
45566 0.000020
45567 0.000020
45568 0.000020
45569 0.000020
45570 0.000020
45571 0.000020
45572 0.000020
45573 0.000020
45574 0.000020
45575 0.000020
45576 0.000020
45577 0.000020
45578 0.000020
45579 0.000020
45580 0.000020
45581 0.000020
45582 0.000020
45583 0.000020
45584 0.000020
45585 0.000020
45586 0.000020
45587 0.000020
45588 0.000020
45589 0.000020
45590 0.000020
45591 0.000020
45592 0.000020
45593 0.000020
45594 0.000020
45595 0.000020
45596 0.000020
45597 0.000020
45598 0.000020
45599 0.000020
45600 0.000020
45601 0.000020
45602 0.000020
45603 0.000020
45604 0.000020
45605 0.000020
45606 0.000020
45607 0.000020
45608 0.000020
45609 0.000020
45610 0.000020
45611 0.000020
45612 0.000020
45613 0.000020
45614 0.000020
45615 0.000020
45616 0.000020
45617 0.000020
45618 0.000020
45619 0.000020
45620 0.000020
45621 0.000020
45622 0.000020
45623 0.000020
45624 0.000020
45625 0.000020
45626 0.000020
45627 0.000020
45628 0.000020
45629 0.000020
45630 0.000020
45631 0.000020
45632 0.000020
45633 0.000020
45634 0.000020
45635 0.000020
45636 0.000020
45637 0.000020
45638 0.000020
45639 0.000020
45640 0.000020
45641 0.000020
45642 0.000020
45643 0.000020
45644 0.000020
45645 0.000020
45646 0.000020
45647 0.000020
45648 0.000020
45649 0.000020
45650 0.000020
45651 0.000020
45652 0.000020
45653 0.000020
45654 0.000020
45655 0.000020
45656 0.000020
45657 0.000020
45658 0.000020
45659 0.000020
45660 0.000020
45661 0.000020
45662 0.000020
45663 0.000020
45664 0.000020
45665 0.000020
45666 0.000020
45667 0.000020
45668 0.000020
45669 0.000020
45670 0.000020
45671 0.000020
45672 0.000020
45673 0.000020
45674 0.000020
45675 0.000020
45676 0.000020
45677 0.000020
45678 0.000020
45679 0.000020
45680 0.000020
45681 0.000020
45682 0.000020
45683 0.000020
45684 0.000020
45685 0.000020
45686 0.000020
45687 0.000020
45688 0.000020
45689 0.000020
45690 0.000020
45691 0.000020
45692 0.000020
45693 0.000020
45694 0.000020
45695 0.000020
45696 0.000020
45697 0.000020
45698 0.000020
45699 0.000020
45700 0.000020
45701 0.000020
45702 0.000020
45703 0.000020
45704 0.000020
45705 0.000020
45706 0.000020
45707 0.000020
45708 0.000020
45709 0.000020
45710 0.000020
45711 0.000020
45712 0.000020
45713 0.000020
45714 0.000020
45715 0.000020
45716 0.000020
45717 0.000020
45718 0.000020
45719 0.000020
45720 0.000020
45721 0.000020
45722 0.000020
45723 0.000020
45724 0.000020
45725 0.000020
45726 0.000020
45727 0.000020
45728 0.000020
45729 0.000020
45730 0.000020
45731 0.000020
45732 0.000020
45733 0.000020
45734 0.000020
45735 0.000020
45736 0.000020
45737 0.000020
45738 0.000020
45739 0.000020
45740 0.000020
45741 0.000020
45742 0.000020
45743 0.000020
45744 0.000020
45745 0.000020
45746 0.000020
45747 0.000020
45748 0.000020
45749 0.000020
45750 0.000020
45751 0.000020
45752 0.000020
45753 0.000020
45754 0.000020
45755 0.000020
45756 0.000020
45757 0.000020
45758 0.000020
45759 0.000020
45760 0.000020
45761 0.000020
45762 0.000020
45763 0.000020
45764 0.000020
45765 0.000020
45766 0.000020
45767 0.000020
45768 0.000020
45769 0.000020
45770 0.000020
45771 0.000020
45772 0.000020
45773 0.000020
45774 0.000020
45775 0.000020
45776 0.000020
45777 0.000020
45778 0.000020
45779 0.000020
45780 0.000020
45781 0.000020
45782 0.000020
45783 0.000020
45784 0.000020
45785 0.000020
45786 0.000020
45787 0.000020
45788 0.000020
45789 0.000020
45790 0.000020
45791 0.000020
45792 0.000020
45793 0.000020
45794 0.000020
45795 0.000020
45796 0.000020
45797 0.000020
45798 0.000020
45799 0.000020
45800 0.000020
45801 0.000020
45802 0.000020
45803 0.000020
45804 0.000020
45805 0.000020
45806 0.000020
45807 0.000020
45808 0.000020
45809 0.000020
45810 0.000020
45811 0.000020
45812 0.000020
45813 0.000020
45814 0.000020
45815 0.000020
45816 0.000020
45817 0.000020
45818 0.000020
45819 0.000020
45820 0.000020
45821 0.000020
45822 0.000020
45823 0.000020
45824 0.000020
45825 0.000020
45826 0.000020
45827 0.000020
45828 0.000020
45829 0.000020
45830 0.000020
45831 0.000020
45832 0.000020
45833 0.000020
45834 0.000020
45835 0.000020
45836 0.000020
45837 0.000020
45838 0.000020
45839 0.000020
45840 0.000020
45841 0.000020
45842 0.000020
45843 0.000020
45844 0.000020
45845 0.000020
45846 0.000020
45847 0.000020
45848 0.000020
45849 0.000020
45850 0.000020
45851 0.000020
45852 0.000020
45853 0.000020
45854 0.000020
45855 0.000020
45856 0.000020
45857 0.000020
45858 0.000020
45859 0.000020
45860 0.000020
45861 0.000020
45862 0.000020
45863 0.000020
45864 0.000020
45865 0.000020
45866 0.000020
45867 0.000020
45868 0.000020
45869 0.000020
45870 0.000020
45871 0.000020
45872 0.000020
45873 0.000020
45874 0.000020
45875 0.000020
45876 0.000020
45877 0.000020
45878 0.000020
45879 0.000020
45880 0.000020
45881 0.000020
45882 0.000020
45883 0.000020
45884 0.000020
45885 0.000020
45886 0.000020
45887 0.000020
45888 0.000020
45889 0.000020
45890 0.000020
45891 0.000020
45892 0.000020
45893 0.000020
45894 0.000020
45895 0.000020
45896 0.000020
45897 0.000020
45898 0.000020
45899 0.000020
45900 0.000020
45901 0.000020
45902 0.000020
45903 0.000020
45904 0.000020
45905 0.000020
45906 0.000020
45907 0.000020
45908 0.000020
45909 0.000020
45910 0.000020
45911 0.000020
45912 0.000020
45913 0.000020
45914 0.000020
45915 0.000020
45916 0.000020
45917 0.000020
45918 0.000020
45919 0.000020
45920 0.000020
45921 0.000020
45922 0.000020
45923 0.000020
45924 0.000020
45925 0.000020
45926 0.000020
45927 0.000020
45928 0.000020
45929 0.000020
45930 0.000020
45931 0.000020
45932 0.000020
45933 0.000020
45934 0.000020
45935 0.000020
45936 0.000020
45937 0.000020
45938 0.000020
45939 0.000020
45940 0.000020
45941 0.000020
45942 0.000020
45943 0.000020
45944 0.000020
45945 0.000020
45946 0.000020
45947 0.000020
45948 0.000020
45949 0.000020
45950 0.000020
45951 0.000020
45952 0.000020
45953 0.000020
45954 0.000020
45955 0.000020
45956 0.000020
45957 0.000020
45958 0.000020
45959 0.000020
45960 0.000020
45961 0.000020
45962 0.000020
45963 0.000020
45964 0.000020
45965 0.000020
45966 0.000020
45967 0.000020
45968 0.000020
45969 0.000020
45970 0.000020
45971 0.000020
45972 0.000020
45973 0.000020
45974 0.000020
45975 0.000020
45976 0.000020
45977 0.000020
45978 0.000020
45979 0.000020
45980 0.000020
45981 0.000020
45982 0.000020
45983 0.000020
45984 0.000020
45985 0.000020
45986 0.000020
45987 0.000020
45988 0.000020
45989 0.000020
45990 0.000020
45991 0.000020
45992 0.000020
45993 0.000020
45994 0.000020
45995 0.000020
45996 0.000020
45997 0.000020
45998 0.000020
45999 0.000020
46000 0.000020
46001 0.000020
46002 0.000020
46003 0.000020
46004 0.000020
46005 0.000020
46006 0.000020
46007 0.000020
46008 0.000020
46009 0.000020
46010 0.000020
46011 0.000020
46012 0.000020
46013 0.000020
46014 0.000020
46015 0.000020
46016 0.000020
46017 0.000020
46018 0.000020
46019 0.000020
46020 0.000020
46021 0.000020
46022 0.000020
46023 0.000020
46024 0.000020
46025 0.000020
46026 0.000020
46027 0.000020
46028 0.000020
46029 0.000020
46030 0.000020
46031 0.000020
46032 0.000020
46033 0.000020
46034 0.000020
46035 0.000020
46036 0.000020
46037 0.000020
46038 0.000020
46039 0.000020
46040 0.000020
46041 0.000020
46042 0.000020
46043 0.000020
46044 0.000020
46045 0.000020
46046 0.000020
46047 0.000020
46048 0.000020
46049 0.000020
46050 0.000020
46051 0.000020
46052 0.000020
46053 0.000020
46054 0.000020
46055 0.000020
46056 0.000020
46057 0.000020
46058 0.000020
46059 0.000020
46060 0.000020
46061 0.000020
46062 0.000020
46063 0.000020
46064 0.000020
46065 0.000020
46066 0.000020
46067 0.000020
46068 0.000020
46069 0.000020
46070 0.000020
46071 0.000020
46072 0.000020
46073 0.000020
46074 0.000020
46075 0.000020
46076 0.000020
46077 0.000020
46078 0.000020
46079 0.000020
46080 0.000020
46081 0.000020
46082 0.000020
46083 0.000020
46084 0.000020
46085 0.000020
46086 0.000020
46087 0.000020
46088 0.000020
46089 0.000020
46090 0.000020
46091 0.000020
46092 0.000020
46093 0.000020
46094 0.000020
46095 0.000020
46096 0.000020
46097 0.000020
46098 0.000020
46099 0.000020
46100 0.000020
46101 0.000020
46102 0.000020
46103 0.000020
46104 0.000020
46105 0.000020
46106 0.000020
46107 0.000020
46108 0.000020
46109 0.000020
46110 0.000020
46111 0.000020
46112 0.000020
46113 0.000020
46114 0.000020
46115 0.000020
46116 0.000020
46117 0.000020
46118 0.000020
46119 0.000020
46120 0.000020
46121 0.000020
46122 0.000020
46123 0.000020
46124 0.000020
46125 0.000020
46126 0.000020
46127 0.000020
46128 0.000020
46129 0.000020
46130 0.000020
46131 0.000020
46132 0.000020
46133 0.000020
46134 0.000020
46135 0.000020
46136 0.000020
46137 0.000020
46138 0.000020
46139 0.000020
46140 0.000020
46141 0.000020
46142 0.000020
46143 0.000020
46144 0.000020
46145 0.000020
46146 0.000020
46147 0.000020
46148 0.000020
46149 0.000020
46150 0.000020
46151 0.000020
46152 0.000020
46153 0.000020
46154 0.000020
46155 0.000020
46156 0.000020
46157 0.000020
46158 0.000020
46159 0.000020
46160 0.000020
46161 0.000020
46162 0.000020
46163 0.000020
46164 0.000020
46165 0.000020
46166 0.000020
46167 0.000020
46168 0.000020
46169 0.000020
46170 0.000020
46171 0.000020
46172 0.000020
46173 0.000020
46174 0.000020
46175 0.000020
46176 0.000020
46177 0.000020
46178 0.000020
46179 0.000020
46180 0.000020
46181 0.000020
46182 0.000020
46183 0.000020
46184 0.000020
46185 0.000020
46186 0.000020
46187 0.000020
46188 0.000020
46189 0.000020
46190 0.000020
46191 0.000020
46192 0.000020
46193 0.000020
46194 0.000020
46195 0.000020
46196 0.000020
46197 0.000020
46198 0.000020
46199 0.000020
46200 0.000020
46201 0.000020
46202 0.000020
46203 0.000020
46204 0.000020
46205 0.000020
46206 0.000020
46207 0.000020
46208 0.000020
46209 0.000020
46210 0.000020
46211 0.000020
46212 0.000020
46213 0.000020
46214 0.000020
46215 0.000020
46216 0.000020
46217 0.000020
46218 0.000020
46219 0.000020
46220 0.000020
46221 0.000020
46222 0.000020
46223 0.000020
46224 0.000020
46225 0.000020
46226 0.000020
46227 0.000020
46228 0.000020
46229 0.000020
46230 0.000020
46231 0.000020
46232 0.000020
46233 0.000020
46234 0.000020
46235 0.000020
46236 0.000020
46237 0.000020
46238 0.000020
46239 0.000020
46240 0.000020
46241 0.000020
46242 0.000020
46243 0.000020
46244 0.000020
46245 0.000020
46246 0.000020
46247 0.000020
46248 0.000020
46249 0.000020
46250 0.000020
46251 0.000020
46252 0.000020
46253 0.000020
46254 0.000020
46255 0.000020
46256 0.000020
46257 0.000020
46258 0.000020
46259 0.000020
46260 0.000020
46261 0.000020
46262 0.000020
46263 0.000020
46264 0.000020
46265 0.000020
46266 0.000020
46267 0.000020
46268 0.000020
46269 0.000020
46270 0.000020
46271 0.000020
46272 0.000020
46273 0.000020
46274 0.000020
46275 0.000020
46276 0.000020
46277 0.000020
46278 0.000020
46279 0.000020
46280 0.000020
46281 0.000020
46282 0.000020
46283 0.000020
46284 0.000020
46285 0.000020
46286 0.000020
46287 0.000020
46288 0.000020
46289 0.000020
46290 0.000020
46291 0.000020
46292 0.000020
46293 0.000020
46294 0.000020
46295 0.000020
46296 0.000020
46297 0.000020
46298 0.000020
46299 0.000020
46300 0.000020
46301 0.000020
46302 0.000020
46303 0.000020
46304 0.000020
46305 0.000020
46306 0.000020
46307 0.000020
46308 0.000020
46309 0.000020
46310 0.000020
46311 0.000020
46312 0.000020
46313 0.000020
46314 0.000020
46315 0.000020
46316 0.000020
46317 0.000020
46318 0.000020
46319 0.000020
46320 0.000020
46321 0.000020
46322 0.000020
46323 0.000020
46324 0.000020
46325 0.000020
46326 0.000020
46327 0.000020
46328 0.000020
46329 0.000020
46330 0.000020
46331 0.000020
46332 0.000020
46333 0.000020
46334 0.000020
46335 0.000020
46336 0.000020
46337 0.000020
46338 0.000020
46339 0.000020
46340 0.000020
46341 0.000020
46342 0.000020
46343 0.000020
46344 0.000020
46345 0.000020
46346 0.000020
46347 0.000020
46348 0.000020
46349 0.000020
46350 0.000020
46351 0.000020
46352 0.000020
46353 0.000020
46354 0.000020
46355 0.000020
46356 0.000020
46357 0.000020
46358 0.000020
46359 0.000020
46360 0.000020
46361 0.000020
46362 0.000020
46363 0.000020
46364 0.000020
46365 0.000020
46366 0.000020
46367 0.000020
46368 0.000020
46369 0.000020
46370 0.000020
46371 0.000020
46372 0.000020
46373 0.000020
46374 0.000020
46375 0.000020
46376 0.000020
46377 0.000020
46378 0.000020
46379 0.000020
46380 0.000020
46381 0.000020
46382 0.000020
46383 0.000020
46384 0.000020
46385 0.000020
46386 0.000020
46387 0.000020
46388 0.000020
46389 0.000020
46390 0.000020
46391 0.000020
46392 0.000020
46393 0.000020
46394 0.000020
46395 0.000020
46396 0.000020
46397 0.000020
46398 0.000020
46399 0.000020
46400 0.000020
46401 0.000020
46402 0.000020
46403 0.000020
46404 0.000020
46405 0.000020
46406 0.000020
46407 0.000020
46408 0.000020
46409 0.000020
46410 0.000020
46411 0.000020
46412 0.000020
46413 0.000020
46414 0.000020
46415 0.000020
46416 0.000020
46417 0.000020
46418 0.000020
46419 0.000020
46420 0.000020
46421 0.000020
46422 0.000020
46423 0.000020
46424 0.000020
46425 0.000020
46426 0.000020
46427 0.000020
46428 0.000020
46429 0.000020
46430 0.000020
46431 0.000020
46432 0.000020
46433 0.000020
46434 0.000020
46435 0.000020
46436 0.000020
46437 0.000020
46438 0.000020
46439 0.000020
46440 0.000020
46441 0.000020
46442 0.000020
46443 0.000020
46444 0.000020
46445 0.000020
46446 0.000020
46447 0.000020
46448 0.000020
46449 0.000020
46450 0.000020
46451 0.000020
46452 0.000020
46453 0.000020
46454 0.000020
46455 0.000020
46456 0.000020
46457 0.000020
46458 0.000020
46459 0.000020
46460 0.000020
46461 0.000020
46462 0.000020
46463 0.000020
46464 0.000020
46465 0.000020
46466 0.000020
46467 0.000020
46468 0.000020
46469 0.000020
46470 0.000020
46471 0.000020
46472 0.000020
46473 0.000020
46474 0.000020
46475 0.000020
46476 0.000020
46477 0.000020
46478 0.000020
46479 0.000020
46480 0.000020
46481 0.000020
46482 0.000020
46483 0.000020
46484 0.000020
46485 0.000020
46486 0.000020
46487 0.000020
46488 0.000020
46489 0.000020
46490 0.000020
46491 0.000020
46492 0.000020
46493 0.000020
46494 0.000020
46495 0.000020
46496 0.000020
46497 0.000020
46498 0.000020
46499 0.000020
46500 0.000020
46501 0.000020
46502 0.000020
46503 0.000020
46504 0.000020
46505 0.000020
46506 0.000020
46507 0.000020
46508 0.000020
46509 0.000020
46510 0.000020
46511 0.000020
46512 0.000020
46513 0.000020
46514 0.000020
46515 0.000020
46516 0.000020
46517 0.000020
46518 0.000020
46519 0.000020
46520 0.000020
46521 0.000020
46522 0.000020
46523 0.000020
46524 0.000020
46525 0.000020
46526 0.000020
46527 0.000020
46528 0.000020
46529 0.000020
46530 0.000020
46531 0.000020
46532 0.000020
46533 0.000020
46534 0.000020
46535 0.000020
46536 0.000020
46537 0.000020
46538 0.000020
46539 0.000020
46540 0.000020
46541 0.000020
46542 0.000020
46543 0.000020
46544 0.000020
46545 0.000020
46546 0.000020
46547 0.000020
46548 0.000020
46549 0.000020
46550 0.000020
46551 0.000020
46552 0.000020
46553 0.000020
46554 0.000020
46555 0.000020
46556 0.000020
46557 0.000020
46558 0.000020
46559 0.000020
46560 0.000020
46561 0.000020
46562 0.000020
46563 0.000020
46564 0.000020
46565 0.000020
46566 0.000020
46567 0.000020
46568 0.000020
46569 0.000020
46570 0.000020
46571 0.000020
46572 0.000020
46573 0.000020
46574 0.000020
46575 0.000020
46576 0.000020
46577 0.000020
46578 0.000020
46579 0.000020
46580 0.000020
46581 0.000020
46582 0.000020
46583 0.000020
46584 0.000020
46585 0.000020
46586 0.000020
46587 0.000020
46588 0.000020
46589 0.000020
46590 0.000020
46591 0.000020
46592 0.000020
46593 0.000020
46594 0.000020
46595 0.000020
46596 0.000020
46597 0.000020
46598 0.000020
46599 0.000020
46600 0.000020
46601 0.000020
46602 0.000020
46603 0.000020
46604 0.000020
46605 0.000020
46606 0.000020
46607 0.000020
46608 0.000020
46609 0.000020
46610 0.000020
46611 0.000020
46612 0.000020
46613 0.000020
46614 0.000020
46615 0.000020
46616 0.000020
46617 0.000020
46618 0.000020
46619 0.000020
46620 0.000020
46621 0.000020
46622 0.000020
46623 0.000020
46624 0.000020
46625 0.000020
46626 0.000020
46627 0.000020
46628 0.000020
46629 0.000020
46630 0.000020
46631 0.000020
46632 0.000020
46633 0.000020
46634 0.000020
46635 0.000020
46636 0.000020
46637 0.000020
46638 0.000020
46639 0.000020
46640 0.000020
46641 0.000020
46642 0.000020
46643 0.000020
46644 0.000020
46645 0.000020
46646 0.000020
46647 0.000020
46648 0.000020
46649 0.000020
46650 0.000020
46651 0.000020
46652 0.000020
46653 0.000020
46654 0.000020
46655 0.000020
46656 0.000020
46657 0.000020
46658 0.000020
46659 0.000020
46660 0.000020
46661 0.000020
46662 0.000020
46663 0.000020
46664 0.000020
46665 0.000020
46666 0.000020
46667 0.000020
46668 0.000020
46669 0.000020
46670 0.000020
46671 0.000020
46672 0.000020
46673 0.000020
46674 0.000020
46675 0.000020
46676 0.000020
46677 0.000020
46678 0.000020
46679 0.000020
46680 0.000020
46681 0.000020
46682 0.000020
46683 0.000020
46684 0.000020
46685 0.000020
46686 0.000020
46687 0.000020
46688 0.000020
46689 0.000020
46690 0.000020
46691 0.000020
46692 0.000020
46693 0.000020
46694 0.000020
46695 0.000020
46696 0.000020
46697 0.000020
46698 0.000020
46699 0.000020
46700 0.000020
46701 0.000020
46702 0.000020
46703 0.000020
46704 0.000020
46705 0.000020
46706 0.000020
46707 0.000020
46708 0.000020
46709 0.000020
46710 0.000020
46711 0.000020
46712 0.000020
46713 0.000020
46714 0.000020
46715 0.000020
46716 0.000020
46717 0.000020
46718 0.000020
46719 0.000020
46720 0.000020
46721 0.000020
46722 0.000020
46723 0.000020
46724 0.000020
46725 0.000020
46726 0.000020
46727 0.000020
46728 0.000020
46729 0.000020
46730 0.000020
46731 0.000020
46732 0.000020
46733 0.000020
46734 0.000020
46735 0.000020
46736 0.000020
46737 0.000020
46738 0.000020
46739 0.000020
46740 0.000020
46741 0.000020
46742 0.000020
46743 0.000020
46744 0.000020
46745 0.000020
46746 0.000020
46747 0.000020
46748 0.000020
46749 0.000020
46750 0.000020
46751 0.000020
46752 0.000020
46753 0.000020
46754 0.000020
46755 0.000020
46756 0.000020
46757 0.000020
46758 0.000020
46759 0.000020
46760 0.000020
46761 0.000020
46762 0.000020
46763 0.000020
46764 0.000020
46765 0.000020
46766 0.000020
46767 0.000020
46768 0.000020
46769 0.000020
46770 0.000020
46771 0.000020
46772 0.000020
46773 0.000020
46774 0.000020
46775 0.000020
46776 0.000020
46777 0.000020
46778 0.000020
46779 0.000020
46780 0.000020
46781 0.000020
46782 0.000020
46783 0.000020
46784 0.000020
46785 0.000020
46786 0.000020
46787 0.000020
46788 0.000020
46789 0.000020
46790 0.000020
46791 0.000020
46792 0.000020
46793 0.000020
46794 0.000020
46795 0.000020
46796 0.000020
46797 0.000020
46798 0.000020
46799 0.000020
46800 0.000020
46801 0.000020
46802 0.000020
46803 0.000020
46804 0.000020
46805 0.000020
46806 0.000020
46807 0.000020
46808 0.000020
46809 0.000020
46810 0.000020
46811 0.000020
46812 0.000020
46813 0.000020
46814 0.000020
46815 0.000020
46816 0.000020
46817 0.000020
46818 0.000020
46819 0.000020
46820 0.000020
46821 0.000020
46822 0.000020
46823 0.000020
46824 0.000020
46825 0.000020
46826 0.000020
46827 0.000020
46828 0.000020
46829 0.000020
46830 0.000020
46831 0.000020
46832 0.000020
46833 0.000020
46834 0.000020
46835 0.000020
46836 0.000020
46837 0.000020
46838 0.000020
46839 0.000020
46840 0.000020
46841 0.000020
46842 0.000020
46843 0.000020
46844 0.000020
46845 0.000020
46846 0.000020
46847 0.000020
46848 0.000020
46849 0.000020
46850 0.000020
46851 0.000020
46852 0.000020
46853 0.000020
46854 0.000020
46855 0.000020
46856 0.000020
46857 0.000020
46858 0.000020
46859 0.000020
46860 0.000020
46861 0.000020
46862 0.000020
46863 0.000020
46864 0.000020
46865 0.000020
46866 0.000020
46867 0.000020
46868 0.000020
46869 0.000020
46870 0.000020
46871 0.000020
46872 0.000020
46873 0.000020
46874 0.000020
46875 0.000020
46876 0.000020
46877 0.000020
46878 0.000020
46879 0.000020
46880 0.000020
46881 0.000020
46882 0.000020
46883 0.000020
46884 0.000020
46885 0.000020
46886 0.000020
46887 0.000020
46888 0.000020
46889 0.000020
46890 0.000020
46891 0.000020
46892 0.000020
46893 0.000020
46894 0.000020
46895 0.000020
46896 0.000020
46897 0.000020
46898 0.000020
46899 0.000020
46900 0.000020
46901 0.000020
46902 0.000020
46903 0.000020
46904 0.000020
46905 0.000020
46906 0.000020
46907 0.000020
46908 0.000020
46909 0.000020
46910 0.000020
46911 0.000020
46912 0.000020
46913 0.000020
46914 0.000020
46915 0.000020
46916 0.000020
46917 0.000020
46918 0.000020
46919 0.000020
46920 0.000020
46921 0.000020
46922 0.000020
46923 0.000020
46924 0.000020
46925 0.000020
46926 0.000020
46927 0.000020
46928 0.000020
46929 0.000020
46930 0.000020
46931 0.000020
46932 0.000020
46933 0.000020
46934 0.000020
46935 0.000020
46936 0.000020
46937 0.000020
46938 0.000020
46939 0.000020
46940 0.000020
46941 0.000020
46942 0.000020
46943 0.000020
46944 0.000020
46945 0.000020
46946 0.000020
46947 0.000020
46948 0.000020
46949 0.000020
46950 0.000020
46951 0.000020
46952 0.000020
46953 0.000020
46954 0.000020
46955 0.000020
46956 0.000020
46957 0.000020
46958 0.000020
46959 0.000020
46960 0.000020
46961 0.000020
46962 0.000020
46963 0.000020
46964 0.000020
46965 0.000020
46966 0.000020
46967 0.000020
46968 0.000020
46969 0.000020
46970 0.000020
46971 0.000020
46972 0.000020
46973 0.000020
46974 0.000020
46975 0.000020
46976 0.000020
46977 0.000020
46978 0.000020
46979 0.000020
46980 0.000020
46981 0.000020
46982 0.000020
46983 0.000020
46984 0.000020
46985 0.000020
46986 0.000020
46987 0.000020
46988 0.000020
46989 0.000020
46990 0.000020
46991 0.000020
46992 0.000020
46993 0.000020
46994 0.000020
46995 0.000020
46996 0.000020
46997 0.000020
46998 0.000020
46999 0.000020
47000 0.000020
47001 0.000020
47002 0.000020
47003 0.000020
47004 0.000020
47005 0.000020
47006 0.000020
47007 0.000020
47008 0.000020
47009 0.000020
47010 0.000020
47011 0.000020
47012 0.000020
47013 0.000020
47014 0.000020
47015 0.000020
47016 0.000020
47017 0.000020
47018 0.000020
47019 0.000020
47020 0.000020
47021 0.000020
47022 0.000020
47023 0.000020
47024 0.000020
47025 0.000020
47026 0.000020
47027 0.000020
47028 0.000020
47029 0.000020
47030 0.000020
47031 0.000020
47032 0.000020
47033 0.000020
47034 0.000020
47035 0.000020
47036 0.000020
47037 0.000020
47038 0.000020
47039 0.000020
47040 0.000020
47041 0.000020
47042 0.000020
47043 0.000020
47044 0.000020
47045 0.000020
47046 0.000020
47047 0.000020
47048 0.000020
47049 0.000020
47050 0.000020
47051 0.000020
47052 0.000020
47053 0.000020
47054 0.000020
47055 0.000020
47056 0.000020
47057 0.000020
47058 0.000020
47059 0.000020
47060 0.000020
47061 0.000020
47062 0.000020
47063 0.000020
47064 0.000020
47065 0.000020
47066 0.000020
47067 0.000020
47068 0.000020
47069 0.000020
47070 0.000020
47071 0.000020
47072 0.000020
47073 0.000020
47074 0.000020
47075 0.000020
47076 0.000020
47077 0.000020
47078 0.000020
47079 0.000020
47080 0.000020
47081 0.000020
47082 0.000020
47083 0.000020
47084 0.000020
47085 0.000020
47086 0.000020
47087 0.000020
47088 0.000020
47089 0.000020
47090 0.000020
47091 0.000020
47092 0.000020
47093 0.000020
47094 0.000020
47095 0.000020
47096 0.000020
47097 0.000020
47098 0.000020
47099 0.000020
47100 0.000020
47101 0.000020
47102 0.000020
47103 0.000020
47104 0.000020
47105 0.000020
47106 0.000020
47107 0.000020
47108 0.000020
47109 0.000020
47110 0.000020
47111 0.000020
47112 0.000020
47113 0.000020
47114 0.000020
47115 0.000020
47116 0.000020
47117 0.000020
47118 0.000020
47119 0.000020
47120 0.000020
47121 0.000020
47122 0.000020
47123 0.000020
47124 0.000020
47125 0.000020
47126 0.000020
47127 0.000020
47128 0.000020
47129 0.000020
47130 0.000020
47131 0.000020
47132 0.000020
47133 0.000020
47134 0.000020
47135 0.000020
47136 0.000020
47137 0.000020
47138 0.000020
47139 0.000020
47140 0.000020
47141 0.000020
47142 0.000020
47143 0.000020
47144 0.000020
47145 0.000020
47146 0.000020
47147 0.000020
47148 0.000020
47149 0.000020
47150 0.000020
47151 0.000020
47152 0.000020
47153 0.000020
47154 0.000020
47155 0.000020
47156 0.000020
47157 0.000020
47158 0.000020
47159 0.000020
47160 0.000020
47161 0.000020
47162 0.000020
47163 0.000020
47164 0.000020
47165 0.000020
47166 0.000020
47167 0.000020
47168 0.000020
47169 0.000020
47170 0.000020
47171 0.000020
47172 0.000020
47173 0.000020
47174 0.000020
47175 0.000020
47176 0.000020
47177 0.000020
47178 0.000020
47179 0.000020
47180 0.000020
47181 0.000020
47182 0.000020
47183 0.000020
47184 0.000020
47185 0.000020
47186 0.000020
47187 0.000020
47188 0.000020
47189 0.000020
47190 0.000020
47191 0.000020
47192 0.000020
47193 0.000020
47194 0.000020
47195 0.000020
47196 0.000020
47197 0.000020
47198 0.000020
47199 0.000020
47200 0.000020
47201 0.000020
47202 0.000020
47203 0.000020
47204 0.000020
47205 0.000020
47206 0.000020
47207 0.000020
47208 0.000020
47209 0.000020
47210 0.000020
47211 0.000020
47212 0.000020
47213 0.000020
47214 0.000020
47215 0.000020
47216 0.000020
47217 0.000020
47218 0.000020
47219 0.000020
47220 0.000020
47221 0.000020
47222 0.000020
47223 0.000020
47224 0.000020
47225 0.000020
47226 0.000020
47227 0.000020
47228 0.000020
47229 0.000020
47230 0.000020
47231 0.000020
47232 0.000020
47233 0.000020
47234 0.000020
47235 0.000020
47236 0.000020
47237 0.000020
47238 0.000020
47239 0.000020
47240 0.000020
47241 0.000020
47242 0.000020
47243 0.000020
47244 0.000020
47245 0.000020
47246 0.000020
47247 0.000020
47248 0.000020
47249 0.000020
47250 0.000020
47251 0.000020
47252 0.000020
47253 0.000020
47254 0.000020
47255 0.000020
47256 0.000020
47257 0.000020
47258 0.000020
47259 0.000020
47260 0.000020
47261 0.000020
47262 0.000020
47263 0.000020
47264 0.000020
47265 0.000020
47266 0.000020
47267 0.000020
47268 0.000020
47269 0.000020
47270 0.000020
47271 0.000020
47272 0.000020
47273 0.000020
47274 0.000020
47275 0.000020
47276 0.000020
47277 0.000020
47278 0.000020
47279 0.000020
47280 0.000020
47281 0.000020
47282 0.000020
47283 0.000020
47284 0.000020
47285 0.000020
47286 0.000020
47287 0.000020
47288 0.000020
47289 0.000020
47290 0.000020
47291 0.000020
47292 0.000020
47293 0.000020
47294 0.000020
47295 0.000020
47296 0.000020
47297 0.000020
47298 0.000020
47299 0.000020
47300 0.000020
47301 0.000020
47302 0.000020
47303 0.000020
47304 0.000020
47305 0.000020
47306 0.000020
47307 0.000020
47308 0.000020
47309 0.000020
47310 0.000020
47311 0.000020
47312 0.000020
47313 0.000020
47314 0.000020
47315 0.000020
47316 0.000020
47317 0.000020
47318 0.000020
47319 0.000020
47320 0.000020
47321 0.000020
47322 0.000020
47323 0.000020
47324 0.000020
47325 0.000020
47326 0.000020
47327 0.000020
47328 0.000020
47329 0.000020
47330 0.000020
47331 0.000020
47332 0.000020
47333 0.000020
47334 0.000020
47335 0.000020
47336 0.000020
47337 0.000020
47338 0.000020
47339 0.000020
47340 0.000020
47341 0.000020
47342 0.000020
47343 0.000020
47344 0.000020
47345 0.000020
47346 0.000020
47347 0.000020
47348 0.000020
47349 0.000020
47350 0.000020
47351 0.000020
47352 0.000020
47353 0.000020
47354 0.000020
47355 0.000020
47356 0.000020
47357 0.000020
47358 0.000020
47359 0.000020
47360 0.000020
47361 0.000020
47362 0.000020
47363 0.000020
47364 0.000020
47365 0.000020
47366 0.000020
47367 0.000020
47368 0.000020
47369 0.000020
47370 0.000020
47371 0.000020
47372 0.000020
47373 0.000020
47374 0.000020
47375 0.000020
47376 0.000020
47377 0.000020
47378 0.000020
47379 0.000020
47380 0.000020
47381 0.000020
47382 0.000020
47383 0.000020
47384 0.000020
47385 0.000020
47386 0.000020
47387 0.000020
47388 0.000020
47389 0.000020
47390 0.000020
47391 0.000020
47392 0.000020
47393 0.000020
47394 0.000020
47395 0.000020
47396 0.000020
47397 0.000020
47398 0.000020
47399 0.000020
47400 0.000020
47401 0.000020
47402 0.000020
47403 0.000020
47404 0.000020
47405 0.000020
47406 0.000020
47407 0.000020
47408 0.000020
47409 0.000020
47410 0.000020
47411 0.000020
47412 0.000020
47413 0.000020
47414 0.000020
47415 0.000020
47416 0.000020
47417 0.000020
47418 0.000020
47419 0.000020
47420 0.000020
47421 0.000020
47422 0.000020
47423 0.000020
47424 0.000020
47425 0.000020
47426 0.000020
47427 0.000020
47428 0.000020
47429 0.000020
47430 0.000020
47431 0.000020
47432 0.000020
47433 0.000020
47434 0.000020
47435 0.000020
47436 0.000020
47437 0.000020
47438 0.000020
47439 0.000020
47440 0.000020
47441 0.000020
47442 0.000020
47443 0.000020
47444 0.000020
47445 0.000020
47446 0.000020
47447 0.000020
47448 0.000020
47449 0.000020
47450 0.000020
47451 0.000020
47452 0.000020
47453 0.000020
47454 0.000020
47455 0.000020
47456 0.000020
47457 0.000020
47458 0.000020
47459 0.000020
47460 0.000020
47461 0.000020
47462 0.000020
47463 0.000020
47464 0.000020
47465 0.000020
47466 0.000020
47467 0.000020
47468 0.000020
47469 0.000020
47470 0.000020
47471 0.000020
47472 0.000020
47473 0.000020
47474 0.000020
47475 0.000020
47476 0.000020
47477 0.000020
47478 0.000020
47479 0.000020
47480 0.000020
47481 0.000020
47482 0.000020
47483 0.000020
47484 0.000020
47485 0.000020
47486 0.000020
47487 0.000020
47488 0.000020
47489 0.000020
47490 0.000020
47491 0.000020
47492 0.000020
47493 0.000020
47494 0.000020
47495 0.000020
47496 0.000020
47497 0.000020
47498 0.000020
47499 0.000020
47500 0.000020
47501 0.000020
47502 0.000020
47503 0.000020
47504 0.000020
47505 0.000020
47506 0.000020
47507 0.000020
47508 0.000020
47509 0.000020
47510 0.000020
47511 0.000020
47512 0.000020
47513 0.000020
47514 0.000020
47515 0.000020
47516 0.000020
47517 0.000020
47518 0.000020
47519 0.000020
47520 0.000020
47521 0.000020
47522 0.000020
47523 0.000020
47524 0.000020
47525 0.000020
47526 0.000020
47527 0.000020
47528 0.000020
47529 0.000020
47530 0.000020
47531 0.000020
47532 0.000020
47533 0.000020
47534 0.000020
47535 0.000020
47536 0.000020
47537 0.000020
47538 0.000020
47539 0.000020
47540 0.000020
47541 0.000020
47542 0.000020
47543 0.000020
47544 0.000020
47545 0.000020
47546 0.000020
47547 0.000020
47548 0.000020
47549 0.000020
47550 0.000020
47551 0.000020
47552 0.000020
47553 0.000020
47554 0.000020
47555 0.000020
47556 0.000020
47557 0.000020
47558 0.000020
47559 0.000020
47560 0.000020
47561 0.000020
47562 0.000020
47563 0.000020
47564 0.000020
47565 0.000020
47566 0.000020
47567 0.000020
47568 0.000020
47569 0.000020
47570 0.000020
47571 0.000020
47572 0.000020
47573 0.000020
47574 0.000020
47575 0.000020
47576 0.000020
47577 0.000020
47578 0.000020
47579 0.000020
47580 0.000020
47581 0.000020
47582 0.000020
47583 0.000020
47584 0.000020
47585 0.000020
47586 0.000020
47587 0.000020
47588 0.000020
47589 0.000020
47590 0.000020
47591 0.000020
47592 0.000020
47593 0.000020
47594 0.000020
47595 0.000020
47596 0.000020
47597 0.000020
47598 0.000020
47599 0.000020
47600 0.000020
47601 0.000020
47602 0.000020
47603 0.000020
47604 0.000020
47605 0.000020
47606 0.000020
47607 0.000020
47608 0.000020
47609 0.000020
47610 0.000020
47611 0.000020
47612 0.000020
47613 0.000020
47614 0.000020
47615 0.000020
47616 0.000020
47617 0.000020
47618 0.000020
47619 0.000020
47620 0.000020
47621 0.000020
47622 0.000020
47623 0.000020
47624 0.000020
47625 0.000020
47626 0.000020
47627 0.000020
47628 0.000020
47629 0.000020
47630 0.000020
47631 0.000020
47632 0.000020
47633 0.000020
47634 0.000020
47635 0.000020
47636 0.000020
47637 0.000020
47638 0.000020
47639 0.000020
47640 0.000020
47641 0.000020
47642 0.000020
47643 0.000020
47644 0.000020
47645 0.000020
47646 0.000020
47647 0.000020
47648 0.000020
47649 0.000020
47650 0.000020
47651 0.000020
47652 0.000020
47653 0.000020
47654 0.000020
47655 0.000020
47656 0.000020
47657 0.000020
47658 0.000020
47659 0.000020
47660 0.000020
47661 0.000020
47662 0.000020
47663 0.000020
47664 0.000020
47665 0.000020
47666 0.000020
47667 0.000020
47668 0.000020
47669 0.000020
47670 0.000020
47671 0.000020
47672 0.000020
47673 0.000020
47674 0.000020
47675 0.000020
47676 0.000020
47677 0.000020
47678 0.000020
47679 0.000020
47680 0.000020
47681 0.000020
47682 0.000020
47683 0.000020
47684 0.000020
47685 0.000020
47686 0.000020
47687 0.000020
47688 0.000020
47689 0.000020
47690 0.000020
47691 0.000020
47692 0.000020
47693 0.000020
47694 0.000020
47695 0.000020
47696 0.000020
47697 0.000020
47698 0.000020
47699 0.000020
47700 0.000020
47701 0.000020
47702 0.000020
47703 0.000020
47704 0.000020
47705 0.000020
47706 0.000020
47707 0.000020
47708 0.000020
47709 0.000020
47710 0.000020
47711 0.000020
47712 0.000020
47713 0.000020
47714 0.000020
47715 0.000020
47716 0.000020
47717 0.000020
47718 0.000020
47719 0.000020
47720 0.000020
47721 0.000020
47722 0.000020
47723 0.000020
47724 0.000020
47725 0.000020
47726 0.000020
47727 0.000020
47728 0.000020
47729 0.000020
47730 0.000020
47731 0.000020
47732 0.000020
47733 0.000020
47734 0.000020
47735 0.000020
47736 0.000020
47737 0.000020
47738 0.000020
47739 0.000020
47740 0.000020
47741 0.000020
47742 0.000020
47743 0.000020
47744 0.000020
47745 0.000020
47746 0.000020
47747 0.000020
47748 0.000020
47749 0.000020
47750 0.000020
47751 0.000020
47752 0.000020
47753 0.000020
47754 0.000020
47755 0.000020
47756 0.000020
47757 0.000020
47758 0.000020
47759 0.000020
47760 0.000020
47761 0.000020
47762 0.000020
47763 0.000020
47764 0.000020
47765 0.000020
47766 0.000020
47767 0.000020
47768 0.000020
47769 0.000020
47770 0.000020
47771 0.000020
47772 0.000020
47773 0.000020
47774 0.000020
47775 0.000020
47776 0.000020
47777 0.000020
47778 0.000020
47779 0.000020
47780 0.000020
47781 0.000020
47782 0.000020
47783 0.000020
47784 0.000020
47785 0.000020
47786 0.000020
47787 0.000020
47788 0.000020
47789 0.000020
47790 0.000020
47791 0.000020
47792 0.000020
47793 0.000020
47794 0.000020
47795 0.000020
47796 0.000020
47797 0.000020
47798 0.000020
47799 0.000020
47800 0.000020
47801 0.000020
47802 0.000020
47803 0.000020
47804 0.000020
47805 0.000020
47806 0.000020
47807 0.000020
47808 0.000020
47809 0.000020
47810 0.000020
47811 0.000020
47812 0.000020
47813 0.000020
47814 0.000020
47815 0.000020
47816 0.000020
47817 0.000020
47818 0.000020
47819 0.000020
47820 0.000020
47821 0.000020
47822 0.000020
47823 0.000020
47824 0.000020
47825 0.000020
47826 0.000020
47827 0.000020
47828 0.000020
47829 0.000020
47830 0.000020
47831 0.000020
47832 0.000020
47833 0.000020
47834 0.000020
47835 0.000020
47836 0.000020
47837 0.000020
47838 0.000020
47839 0.000020
47840 0.000020
47841 0.000020
47842 0.000020
47843 0.000020
47844 0.000020
47845 0.000020
47846 0.000020
47847 0.000020
47848 0.000020
47849 0.000020
47850 0.000020
47851 0.000020
47852 0.000020
47853 0.000020
47854 0.000020
47855 0.000020
47856 0.000020
47857 0.000020
47858 0.000020
47859 0.000020
47860 0.000020
47861 0.000020
47862 0.000020
47863 0.000020
47864 0.000020
47865 0.000020
47866 0.000020
47867 0.000020
47868 0.000020
47869 0.000020
47870 0.000020
47871 0.000020
47872 0.000020
47873 0.000020
47874 0.000020
47875 0.000020
47876 0.000020
47877 0.000020
47878 0.000020
47879 0.000020
47880 0.000020
47881 0.000020
47882 0.000020
47883 0.000020
47884 0.000020
47885 0.000020
47886 0.000020
47887 0.000020
47888 0.000020
47889 0.000020
47890 0.000020
47891 0.000020
47892 0.000020
47893 0.000020
47894 0.000020
47895 0.000020
47896 0.000020
47897 0.000020
47898 0.000020
47899 0.000020
47900 0.000020
47901 0.000020
47902 0.000020
47903 0.000020
47904 0.000020
47905 0.000020
47906 0.000020
47907 0.000020
47908 0.000020
47909 0.000020
47910 0.000020
47911 0.000020
47912 0.000020
47913 0.000020
47914 0.000020
47915 0.000020
47916 0.000020
47917 0.000020
47918 0.000020
47919 0.000020
47920 0.000020
47921 0.000020
47922 0.000020
47923 0.000020
47924 0.000020
47925 0.000020
47926 0.000020
47927 0.000020
47928 0.000020
47929 0.000020
47930 0.000020
47931 0.000020
47932 0.000020
47933 0.000020
47934 0.000020
47935 0.000020
47936 0.000020
47937 0.000020
47938 0.000020
47939 0.000020
47940 0.000020
47941 0.000020
47942 0.000020
47943 0.000020
47944 0.000020
47945 0.000020
47946 0.000020
47947 0.000020
47948 0.000020
47949 0.000020
47950 0.000020
47951 0.000020
47952 0.000020
47953 0.000020
47954 0.000020
47955 0.000020
47956 0.000020
47957 0.000020
47958 0.000020
47959 0.000020
47960 0.000020
47961 0.000020
47962 0.000020
47963 0.000020
47964 0.000020
47965 0.000020
47966 0.000020
47967 0.000020
47968 0.000020
47969 0.000020
47970 0.000020
47971 0.000020
47972 0.000020
47973 0.000020
47974 0.000020
47975 0.000020
47976 0.000020
47977 0.000020
47978 0.000020
47979 0.000020
47980 0.000020
47981 0.000020
47982 0.000020
47983 0.000020
47984 0.000020
47985 0.000020
47986 0.000020
47987 0.000020
47988 0.000020
47989 0.000020
47990 0.000020
47991 0.000020
47992 0.000020
47993 0.000020
47994 0.000020
47995 0.000020
47996 0.000020
47997 0.000020
47998 0.000020
47999 0.000020
48000 0.000020
48001 0.000020
48002 0.000020
48003 0.000020
48004 0.000020
48005 0.000020
48006 0.000020
48007 0.000020
48008 0.000020
48009 0.000020
48010 0.000020
48011 0.000020
48012 0.000020
48013 0.000020
48014 0.000020
48015 0.000020
48016 0.000020
48017 0.000020
48018 0.000020
48019 0.000020
48020 0.000020
48021 0.000020
48022 0.000020
48023 0.000020
48024 0.000020
48025 0.000020
48026 0.000020
48027 0.000020
48028 0.000020
48029 0.000020
48030 0.000020
48031 0.000020
48032 0.000020
48033 0.000020
48034 0.000020
48035 0.000020
48036 0.000020
48037 0.000020
48038 0.000020
48039 0.000020
48040 0.000020
48041 0.000020
48042 0.000020
48043 0.000020
48044 0.000020
48045 0.000020
48046 0.000020
48047 0.000020
48048 0.000020
48049 0.000020
48050 0.000020
48051 0.000020
48052 0.000020
48053 0.000020
48054 0.000020
48055 0.000020
48056 0.000020
48057 0.000020
48058 0.000020
48059 0.000020
48060 0.000020
48061 0.000020
48062 0.000020
48063 0.000020
48064 0.000020
48065 0.000020
48066 0.000020
48067 0.000020
48068 0.000020
48069 0.000020
48070 0.000020
48071 0.000020
48072 0.000020
48073 0.000020
48074 0.000020
48075 0.000020
48076 0.000020
48077 0.000020
48078 0.000020
48079 0.000020
48080 0.000020
48081 0.000020
48082 0.000020
48083 0.000020
48084 0.000020
48085 0.000020
48086 0.000020
48087 0.000020
48088 0.000020
48089 0.000020
48090 0.000020
48091 0.000020
48092 0.000020
48093 0.000020
48094 0.000020
48095 0.000020
48096 0.000020
48097 0.000020
48098 0.000020
48099 0.000020
48100 0.000020
48101 0.000020
48102 0.000020
48103 0.000020
48104 0.000020
48105 0.000020
48106 0.000020
48107 0.000020
48108 0.000020
48109 0.000020
48110 0.000020
48111 0.000020
48112 0.000020
48113 0.000020
48114 0.000020
48115 0.000020
48116 0.000020
48117 0.000020
48118 0.000020
48119 0.000020
48120 0.000020
48121 0.000020
48122 0.000020
48123 0.000020
48124 0.000020
48125 0.000020
48126 0.000020
48127 0.000020
48128 0.000020
48129 0.000020
48130 0.000020
48131 0.000020
48132 0.000020
48133 0.000020
48134 0.000020
48135 0.000020
48136 0.000020
48137 0.000020
48138 0.000020
48139 0.000020
48140 0.000020
48141 0.000020
48142 0.000020
48143 0.000020
48144 0.000020
48145 0.000020
48146 0.000020
48147 0.000020
48148 0.000020
48149 0.000020
48150 0.000020
48151 0.000020
48152 0.000020
48153 0.000020
48154 0.000020
48155 0.000020
48156 0.000020
48157 0.000020
48158 0.000020
48159 0.000020
48160 0.000020
48161 0.000020
48162 0.000020
48163 0.000020
48164 0.000020
48165 0.000020
48166 0.000020
48167 0.000020
48168 0.000020
48169 0.000020
48170 0.000020
48171 0.000020
48172 0.000020
48173 0.000020
48174 0.000020
48175 0.000020
48176 0.000020
48177 0.000020
48178 0.000020
48179 0.000020
48180 0.000020
48181 0.000020
48182 0.000020
48183 0.000020
48184 0.000020
48185 0.000020
48186 0.000020
48187 0.000020
48188 0.000020
48189 0.000020
48190 0.000020
48191 0.000020
48192 0.000020
48193 0.000020
48194 0.000020
48195 0.000020
48196 0.000020
48197 0.000020
48198 0.000020
48199 0.000020
48200 0.000020
48201 0.000020
48202 0.000020
48203 0.000020
48204 0.000020
48205 0.000020
48206 0.000020
48207 0.000020
48208 0.000020
48209 0.000020
48210 0.000020
48211 0.000020
48212 0.000020
48213 0.000020
48214 0.000020
48215 0.000020
48216 0.000020
48217 0.000020
48218 0.000020
48219 0.000020
48220 0.000020
48221 0.000020
48222 0.000020
48223 0.000020
48224 0.000020
48225 0.000020
48226 0.000020
48227 0.000020
48228 0.000020
48229 0.000020
48230 0.000020
48231 0.000020
48232 0.000020
48233 0.000020
48234 0.000020
48235 0.000020
48236 0.000020
48237 0.000020
48238 0.000020
48239 0.000020
48240 0.000020
48241 0.000020
48242 0.000020
48243 0.000020
48244 0.000020
48245 0.000020
48246 0.000020
48247 0.000020
48248 0.000020
48249 0.000020
48250 0.000020
48251 0.000020
48252 0.000020
48253 0.000020
48254 0.000020
48255 0.000020
48256 0.000020
48257 0.000020
48258 0.000020
48259 0.000020
48260 0.000020
48261 0.000020
48262 0.000020
48263 0.000020
48264 0.000020
48265 0.000020
48266 0.000020
48267 0.000020
48268 0.000020
48269 0.000020
48270 0.000020
48271 0.000020
48272 0.000020
48273 0.000020
48274 0.000020
48275 0.000020
48276 0.000020
48277 0.000020
48278 0.000020
48279 0.000020
48280 0.000020
48281 0.000020
48282 0.000020
48283 0.000020
48284 0.000020
48285 0.000020
48286 0.000020
48287 0.000020
48288 0.000020
48289 0.000020
48290 0.000020
48291 0.000020
48292 0.000020
48293 0.000020
48294 0.000020
48295 0.000020
48296 0.000020
48297 0.000020
48298 0.000020
48299 0.000020
48300 0.000020
48301 0.000020
48302 0.000020
48303 0.000020
48304 0.000020
48305 0.000020
48306 0.000020
48307 0.000020
48308 0.000020
48309 0.000020
48310 0.000020
48311 0.000020
48312 0.000020
48313 0.000020
48314 0.000020
48315 0.000020
48316 0.000020
48317 0.000020
48318 0.000020
48319 0.000020
48320 0.000020
48321 0.000020
48322 0.000020
48323 0.000020
48324 0.000020
48325 0.000020
48326 0.000020
48327 0.000020
48328 0.000020
48329 0.000020
48330 0.000020
48331 0.000020
48332 0.000020
48333 0.000020
48334 0.000020
48335 0.000020
48336 0.000020
48337 0.000020
48338 0.000020
48339 0.000020
48340 0.000020
48341 0.000020
48342 0.000020
48343 0.000020
48344 0.000020
48345 0.000020
48346 0.000020
48347 0.000020
48348 0.000020
48349 0.000020
48350 0.000020
48351 0.000020
48352 0.000020
48353 0.000020
48354 0.000020
48355 0.000020
48356 0.000020
48357 0.000020
48358 0.000020
48359 0.000020
48360 0.000020
48361 0.000020
48362 0.000020
48363 0.000020
48364 0.000020
48365 0.000020
48366 0.000020
48367 0.000020
48368 0.000020
48369 0.000020
48370 0.000020
48371 0.000020
48372 0.000020
48373 0.000020
48374 0.000020
48375 0.000020
48376 0.000020
48377 0.000020
48378 0.000020
48379 0.000020
48380 0.000020
48381 0.000020
48382 0.000020
48383 0.000020
48384 0.000020
48385 0.000020
48386 0.000020
48387 0.000020
48388 0.000020
48389 0.000020
48390 0.000020
48391 0.000020
48392 0.000020
48393 0.000020
48394 0.000020
48395 0.000020
48396 0.000020
48397 0.000020
48398 0.000020
48399 0.000020
48400 0.000020
48401 0.000020
48402 0.000020
48403 0.000020
48404 0.000020
48405 0.000020
48406 0.000020
48407 0.000020
48408 0.000020
48409 0.000020
48410 0.000020
48411 0.000020
48412 0.000020
48413 0.000020
48414 0.000020
48415 0.000020
48416 0.000020
48417 0.000020
48418 0.000020
48419 0.000020
48420 0.000020
48421 0.000020
48422 0.000020
48423 0.000020
48424 0.000020
48425 0.000020
48426 0.000020
48427 0.000020
48428 0.000020
48429 0.000020
48430 0.000020
48431 0.000020
48432 0.000020
48433 0.000020
48434 0.000020
48435 0.000020
48436 0.000020
48437 0.000020
48438 0.000020
48439 0.000020
48440 0.000020
48441 0.000020
48442 0.000020
48443 0.000020
48444 0.000020
48445 0.000020
48446 0.000020
48447 0.000020
48448 0.000020
48449 0.000020
48450 0.000020
48451 0.000020
48452 0.000020
48453 0.000020
48454 0.000020
48455 0.000020
48456 0.000020
48457 0.000020
48458 0.000020
48459 0.000020
48460 0.000020
48461 0.000020
48462 0.000020
48463 0.000020
48464 0.000020
48465 0.000020
48466 0.000020
48467 0.000020
48468 0.000020
48469 0.000020
48470 0.000020
48471 0.000020
48472 0.000020
48473 0.000020
48474 0.000020
48475 0.000020
48476 0.000020
48477 0.000020
48478 0.000020
48479 0.000020
48480 0.000020
48481 0.000020
48482 0.000020
48483 0.000020
48484 0.000020
48485 0.000020
48486 0.000020
48487 0.000020
48488 0.000020
48489 0.000020
48490 0.000020
48491 0.000020
48492 0.000020
48493 0.000020
48494 0.000020
48495 0.000020
48496 0.000020
48497 0.000020
48498 0.000020
48499 0.000020
48500 0.000020
48501 0.000020
48502 0.000020
48503 0.000020
48504 0.000020
48505 0.000020
48506 0.000020
48507 0.000020
48508 0.000020
48509 0.000020
48510 0.000020
48511 0.000020
48512 0.000020
48513 0.000020
48514 0.000020
48515 0.000020
48516 0.000020
48517 0.000020
48518 0.000020
48519 0.000020
48520 0.000020
48521 0.000020
48522 0.000020
48523 0.000020
48524 0.000020
48525 0.000020
48526 0.000020
48527 0.000020
48528 0.000020
48529 0.000020
48530 0.000020
48531 0.000020
48532 0.000020
48533 0.000020
48534 0.000020
48535 0.000020
48536 0.000020
48537 0.000020
48538 0.000020
48539 0.000020
48540 0.000020
48541 0.000020
48542 0.000020
48543 0.000020
48544 0.000020
48545 0.000020
48546 0.000020
48547 0.000020
48548 0.000020
48549 0.000020
48550 0.000020
48551 0.000020
48552 0.000020
48553 0.000020
48554 0.000020
48555 0.000020
48556 0.000020
48557 0.000020
48558 0.000020
48559 0.000020
48560 0.000020
48561 0.000020
48562 0.000020
48563 0.000020
48564 0.000020
48565 0.000020
48566 0.000020
48567 0.000020
48568 0.000020
48569 0.000020
48570 0.000020
48571 0.000020
48572 0.000020
48573 0.000020
48574 0.000020
48575 0.000020
48576 0.000020
48577 0.000020
48578 0.000020
48579 0.000020
48580 0.000020
48581 0.000020
48582 0.000020
48583 0.000020
48584 0.000020
48585 0.000020
48586 0.000020
48587 0.000020
48588 0.000020
48589 0.000020
48590 0.000020
48591 0.000020
48592 0.000020
48593 0.000020
48594 0.000020
48595 0.000020
48596 0.000020
48597 0.000020
48598 0.000020
48599 0.000020
48600 0.000020
48601 0.000020
48602 0.000020
48603 0.000020
48604 0.000020
48605 0.000020
48606 0.000020
48607 0.000020
48608 0.000020
48609 0.000020
48610 0.000020
48611 0.000020
48612 0.000020
48613 0.000020
48614 0.000020
48615 0.000020
48616 0.000020
48617 0.000020
48618 0.000020
48619 0.000020
48620 0.000020
48621 0.000020
48622 0.000020
48623 0.000020
48624 0.000020
48625 0.000020
48626 0.000020
48627 0.000020
48628 0.000020
48629 0.000020
48630 0.000020
48631 0.000020
48632 0.000020
48633 0.000020
48634 0.000020
48635 0.000020
48636 0.000020
48637 0.000020
48638 0.000020
48639 0.000020
48640 0.000020
48641 0.000020
48642 0.000020
48643 0.000020
48644 0.000020
48645 0.000020
48646 0.000020
48647 0.000020
48648 0.000020
48649 0.000020
48650 0.000020
48651 0.000020
48652 0.000020
48653 0.000020
48654 0.000020
48655 0.000020
48656 0.000020
48657 0.000020
48658 0.000020
48659 0.000020
48660 0.000020
48661 0.000020
48662 0.000020
48663 0.000020
48664 0.000020
48665 0.000020
48666 0.000020
48667 0.000020
48668 0.000020
48669 0.000020
48670 0.000020
48671 0.000020
48672 0.000020
48673 0.000020
48674 0.000020
48675 0.000020
48676 0.000020
48677 0.000020
48678 0.000020
48679 0.000020
48680 0.000020
48681 0.000020
48682 0.000020
48683 0.000020
48684 0.000020
48685 0.000020
48686 0.000020
48687 0.000020
48688 0.000020
48689 0.000020
48690 0.000020
48691 0.000020
48692 0.000020
48693 0.000020
48694 0.000020
48695 0.000020
48696 0.000020
48697 0.000020
48698 0.000020
48699 0.000020
48700 0.000020
48701 0.000020
48702 0.000020
48703 0.000020
48704 0.000020
48705 0.000020
48706 0.000020
48707 0.000020
48708 0.000020
48709 0.000020
48710 0.000020
48711 0.000020
48712 0.000020
48713 0.000020
48714 0.000020
48715 0.000020
48716 0.000020
48717 0.000020
48718 0.000020
48719 0.000020
48720 0.000020
48721 0.000020
48722 0.000020
48723 0.000020
48724 0.000020
48725 0.000020
48726 0.000020
48727 0.000020
48728 0.000020
48729 0.000020
48730 0.000020
48731 0.000020
48732 0.000020
48733 0.000020
48734 0.000020
48735 0.000020
48736 0.000020
48737 0.000020
48738 0.000020
48739 0.000020
48740 0.000020
48741 0.000020
48742 0.000020
48743 0.000020
48744 0.000020
48745 0.000020
48746 0.000020
48747 0.000020
48748 0.000020
48749 0.000020
48750 0.000020
48751 0.000020
48752 0.000020
48753 0.000020
48754 0.000020
48755 0.000020
48756 0.000020
48757 0.000020
48758 0.000020
48759 0.000020
48760 0.000020
48761 0.000020
48762 0.000020
48763 0.000020
48764 0.000020
48765 0.000020
48766 0.000020
48767 0.000020
48768 0.000020
48769 0.000020
48770 0.000020
48771 0.000020
48772 0.000020
48773 0.000020
48774 0.000020
48775 0.000020
48776 0.000020
48777 0.000020
48778 0.000020
48779 0.000020
48780 0.000020
48781 0.000020
48782 0.000020
48783 0.000020
48784 0.000020
48785 0.000020
48786 0.000020
48787 0.000020
48788 0.000020
48789 0.000020
48790 0.000020
48791 0.000020
48792 0.000020
48793 0.000020
48794 0.000020
48795 0.000020
48796 0.000020
48797 0.000020
48798 0.000020
48799 0.000020
48800 0.000020
48801 0.000020
48802 0.000020
48803 0.000020
48804 0.000020
48805 0.000020
48806 0.000020
48807 0.000020
48808 0.000020
48809 0.000020
48810 0.000020
48811 0.000020
48812 0.000020
48813 0.000020
48814 0.000020
48815 0.000020
48816 0.000020
48817 0.000020
48818 0.000020
48819 0.000020
48820 0.000020
48821 0.000020
48822 0.000020
48823 0.000020
48824 0.000020
48825 0.000020
48826 0.000020
48827 0.000020
48828 0.000020
48829 0.000020
48830 0.000020
48831 0.000020
48832 0.000020
48833 0.000020
48834 0.000020
48835 0.000020
48836 0.000020
48837 0.000020
48838 0.000020
48839 0.000020
48840 0.000020
48841 0.000020
48842 0.000020
48843 0.000020
48844 0.000020
48845 0.000020
48846 0.000020
48847 0.000020
48848 0.000020
48849 0.000020
48850 0.000020
48851 0.000020
48852 0.000020
48853 0.000020
48854 0.000020
48855 0.000020
48856 0.000020
48857 0.000020
48858 0.000020
48859 0.000020
48860 0.000020
48861 0.000020
48862 0.000020
48863 0.000020
48864 0.000020
48865 0.000020
48866 0.000020
48867 0.000020
48868 0.000020
48869 0.000020
48870 0.000020
48871 0.000020
48872 0.000020
48873 0.000020
48874 0.000020
48875 0.000020
48876 0.000020
48877 0.000020
48878 0.000020
48879 0.000020
48880 0.000020
48881 0.000020
48882 0.000020
48883 0.000020
48884 0.000020
48885 0.000020
48886 0.000020
48887 0.000020
48888 0.000020
48889 0.000020
48890 0.000020
48891 0.000020
48892 0.000020
48893 0.000020
48894 0.000020
48895 0.000020
48896 0.000020
48897 0.000020
48898 0.000020
48899 0.000020
48900 0.000020
48901 0.000020
48902 0.000020
48903 0.000020
48904 0.000020
48905 0.000020
48906 0.000020
48907 0.000020
48908 0.000020
48909 0.000020
48910 0.000020
48911 0.000020
48912 0.000020
48913 0.000020
48914 0.000020
48915 0.000020
48916 0.000020
48917 0.000020
48918 0.000020
48919 0.000020
48920 0.000020
48921 0.000020
48922 0.000020
48923 0.000020
48924 0.000020
48925 0.000020
48926 0.000020
48927 0.000020
48928 0.000020
48929 0.000020
48930 0.000020
48931 0.000020
48932 0.000020
48933 0.000020
48934 0.000020
48935 0.000020
48936 0.000020
48937 0.000020
48938 0.000020
48939 0.000020
48940 0.000020
48941 0.000020
48942 0.000020
48943 0.000020
48944 0.000020
48945 0.000020
48946 0.000020
48947 0.000020
48948 0.000020
48949 0.000020
48950 0.000020
48951 0.000020
48952 0.000020
48953 0.000020
48954 0.000020
48955 0.000020
48956 0.000020
48957 0.000020
48958 0.000020
48959 0.000020
48960 0.000020
48961 0.000020
48962 0.000020
48963 0.000020
48964 0.000020
48965 0.000020
48966 0.000020
48967 0.000020
48968 0.000020
48969 0.000020
48970 0.000020
48971 0.000020
48972 0.000020
48973 0.000020
48974 0.000020
48975 0.000020
48976 0.000020
48977 0.000020
48978 0.000020
48979 0.000020
48980 0.000020
48981 0.000020
48982 0.000020
48983 0.000020
48984 0.000020
48985 0.000020
48986 0.000020
48987 0.000020
48988 0.000020
48989 0.000020
48990 0.000020
48991 0.000020
48992 0.000020
48993 0.000020
48994 0.000020
48995 0.000020
48996 0.000020
48997 0.000020
48998 0.000020
48999 0.000020
49000 0.000020
49001 0.000020
49002 0.000020
49003 0.000020
49004 0.000020
49005 0.000020
49006 0.000020
49007 0.000020
49008 0.000020
49009 0.000020
49010 0.000020
49011 0.000020
49012 0.000020
49013 0.000020
49014 0.000020
49015 0.000020
49016 0.000020
49017 0.000020
49018 0.000020
49019 0.000020
49020 0.000020
49021 0.000020
49022 0.000020
49023 0.000020
49024 0.000020
49025 0.000020
49026 0.000020
49027 0.000020
49028 0.000020
49029 0.000020
49030 0.000020
49031 0.000020
49032 0.000020
49033 0.000020
49034 0.000020
49035 0.000020
49036 0.000020
49037 0.000020
49038 0.000020
49039 0.000020
49040 0.000020
49041 0.000020
49042 0.000020
49043 0.000020
49044 0.000020
49045 0.000020
49046 0.000020
49047 0.000020
49048 0.000020
49049 0.000020
49050 0.000020
49051 0.000020
49052 0.000020
49053 0.000020
49054 0.000020
49055 0.000020
49056 0.000020
49057 0.000020
49058 0.000020
49059 0.000020
49060 0.000020
49061 0.000020
49062 0.000020
49063 0.000020
49064 0.000020
49065 0.000020
49066 0.000020
49067 0.000020
49068 0.000020
49069 0.000020
49070 0.000020
49071 0.000020
49072 0.000020
49073 0.000020
49074 0.000020
49075 0.000020
49076 0.000020
49077 0.000020
49078 0.000020
49079 0.000020
49080 0.000020
49081 0.000020
49082 0.000020
49083 0.000020
49084 0.000020
49085 0.000020
49086 0.000020
49087 0.000020
49088 0.000020
49089 0.000020
49090 0.000020
49091 0.000020
49092 0.000020
49093 0.000020
49094 0.000020
49095 0.000020
49096 0.000020
49097 0.000020
49098 0.000020
49099 0.000020
49100 0.000020
49101 0.000020
49102 0.000020
49103 0.000020
49104 0.000020
49105 0.000020
49106 0.000020
49107 0.000020
49108 0.000020
49109 0.000020
49110 0.000020
49111 0.000020
49112 0.000020
49113 0.000020
49114 0.000020
49115 0.000020
49116 0.000020
49117 0.000020
49118 0.000020
49119 0.000020
49120 0.000020
49121 0.000020
49122 0.000020
49123 0.000020
49124 0.000020
49125 0.000020
49126 0.000020
49127 0.000020
49128 0.000020
49129 0.000020
49130 0.000020
49131 0.000020
49132 0.000020
49133 0.000020
49134 0.000020
49135 0.000020
49136 0.000020
49137 0.000020
49138 0.000020
49139 0.000020
49140 0.000020
49141 0.000020
49142 0.000020
49143 0.000020
49144 0.000020
49145 0.000020
49146 0.000020
49147 0.000020
49148 0.000020
49149 0.000020
49150 0.000020
49151 0.000020
49152 0.000020
49153 0.000020
49154 0.000020
49155 0.000020
49156 0.000020
49157 0.000020
49158 0.000020
49159 0.000020
49160 0.000020
49161 0.000020
49162 0.000020
49163 0.000020
49164 0.000020
49165 0.000020
49166 0.000020
49167 0.000020
49168 0.000020
49169 0.000020
49170 0.000020
49171 0.000020
49172 0.000020
49173 0.000020
49174 0.000020
49175 0.000020
49176 0.000020
49177 0.000020
49178 0.000020
49179 0.000020
49180 0.000020
49181 0.000020
49182 0.000020
49183 0.000020
49184 0.000020
49185 0.000020
49186 0.000020
49187 0.000020
49188 0.000020
49189 0.000020
49190 0.000020
49191 0.000020
49192 0.000020
49193 0.000020
49194 0.000020
49195 0.000020
49196 0.000020
49197 0.000020
49198 0.000020
49199 0.000020
49200 0.000020
49201 0.000020
49202 0.000020
49203 0.000020
49204 0.000020
49205 0.000020
49206 0.000020
49207 0.000020
49208 0.000020
49209 0.000020
49210 0.000020
49211 0.000020
49212 0.000020
49213 0.000020
49214 0.000020
49215 0.000020
49216 0.000020
49217 0.000020
49218 0.000020
49219 0.000020
49220 0.000020
49221 0.000020
49222 0.000020
49223 0.000020
49224 0.000020
49225 0.000020
49226 0.000020
49227 0.000020
49228 0.000020
49229 0.000020
49230 0.000020
49231 0.000020
49232 0.000020
49233 0.000020
49234 0.000020
49235 0.000020
49236 0.000020
49237 0.000020
49238 0.000020
49239 0.000020
49240 0.000020
49241 0.000020
49242 0.000020
49243 0.000020
49244 0.000020
49245 0.000020
49246 0.000020
49247 0.000020
49248 0.000020
49249 0.000020
49250 0.000020
49251 0.000020
49252 0.000020
49253 0.000020
49254 0.000020
49255 0.000020
49256 0.000020
49257 0.000020
49258 0.000020
49259 0.000020
49260 0.000020
49261 0.000020
49262 0.000020
49263 0.000020
49264 0.000020
49265 0.000020
49266 0.000020
49267 0.000020
49268 0.000020
49269 0.000020
49270 0.000020
49271 0.000020
49272 0.000020
49273 0.000020
49274 0.000020
49275 0.000020
49276 0.000020
49277 0.000020
49278 0.000020
49279 0.000020
49280 0.000020
49281 0.000020
49282 0.000020
49283 0.000020
49284 0.000020
49285 0.000020
49286 0.000020
49287 0.000020
49288 0.000020
49289 0.000020
49290 0.000020
49291 0.000020
49292 0.000020
49293 0.000020
49294 0.000020
49295 0.000020
49296 0.000020
49297 0.000020
49298 0.000020
49299 0.000020
49300 0.000020
49301 0.000020
49302 0.000020
49303 0.000020
49304 0.000020
49305 0.000020
49306 0.000020
49307 0.000020
49308 0.000020
49309 0.000020
49310 0.000020
49311 0.000020
49312 0.000020
49313 0.000020
49314 0.000020
49315 0.000020
49316 0.000020
49317 0.000020
49318 0.000020
49319 0.000020
49320 0.000020
49321 0.000020
49322 0.000020
49323 0.000020
49324 0.000020
49325 0.000020
49326 0.000020
49327 0.000020
49328 0.000020
49329 0.000020
49330 0.000020
49331 0.000020
49332 0.000020
49333 0.000020
49334 0.000020
49335 0.000020
49336 0.000020
49337 0.000020
49338 0.000020
49339 0.000020
49340 0.000020
49341 0.000020
49342 0.000020
49343 0.000020
49344 0.000020
49345 0.000020
49346 0.000020
49347 0.000020
49348 0.000020
49349 0.000020
49350 0.000020
49351 0.000020
49352 0.000020
49353 0.000020
49354 0.000020
49355 0.000020
49356 0.000020
49357 0.000020
49358 0.000020
49359 0.000020
49360 0.000020
49361 0.000020
49362 0.000020
49363 0.000020
49364 0.000020
49365 0.000020
49366 0.000020
49367 0.000020
49368 0.000020
49369 0.000020
49370 0.000020
49371 0.000020
49372 0.000020
49373 0.000020
49374 0.000020
49375 0.000020
49376 0.000020
49377 0.000020
49378 0.000020
49379 0.000020
49380 0.000020
49381 0.000020
49382 0.000020
49383 0.000020
49384 0.000020
49385 0.000020
49386 0.000020
49387 0.000020
49388 0.000020
49389 0.000020
49390 0.000020
49391 0.000020
49392 0.000020
49393 0.000020
49394 0.000020
49395 0.000020
49396 0.000020
49397 0.000020
49398 0.000020
49399 0.000020
49400 0.000020
49401 0.000020
49402 0.000020
49403 0.000020
49404 0.000020
49405 0.000020
49406 0.000020
49407 0.000020
49408 0.000020
49409 0.000020
49410 0.000020
49411 0.000020
49412 0.000020
49413 0.000020
49414 0.000020
49415 0.000020
49416 0.000020
49417 0.000020
49418 0.000020
49419 0.000020
49420 0.000020
49421 0.000020
49422 0.000020
49423 0.000020
49424 0.000020
49425 0.000020
49426 0.000020
49427 0.000020
49428 0.000020
49429 0.000020
49430 0.000020
49431 0.000020
49432 0.000020
49433 0.000020
49434 0.000020
49435 0.000020
49436 0.000020
49437 0.000020
49438 0.000020
49439 0.000020
49440 0.000020
49441 0.000020
49442 0.000020
49443 0.000020
49444 0.000020
49445 0.000020
49446 0.000020
49447 0.000020
49448 0.000020
49449 0.000020
49450 0.000020
49451 0.000020
49452 0.000020
49453 0.000020
49454 0.000020
49455 0.000020
49456 0.000020
49457 0.000020
49458 0.000020
49459 0.000020
49460 0.000020
49461 0.000020
49462 0.000020
49463 0.000020
49464 0.000020
49465 0.000020
49466 0.000020
49467 0.000020
49468 0.000020
49469 0.000020
49470 0.000020
49471 0.000020
49472 0.000020
49473 0.000020
49474 0.000020
49475 0.000020
49476 0.000020
49477 0.000020
49478 0.000020
49479 0.000020
49480 0.000020
49481 0.000020
49482 0.000020
49483 0.000020
49484 0.000020
49485 0.000020
49486 0.000020
49487 0.000020
49488 0.000020
49489 0.000020
49490 0.000020
49491 0.000020
49492 0.000020
49493 0.000020
49494 0.000020
49495 0.000020
49496 0.000020
49497 0.000020
49498 0.000020
49499 0.000020
49500 0.000020
49501 0.000020
49502 0.000020
49503 0.000020
49504 0.000020
49505 0.000020
49506 0.000020
49507 0.000020
49508 0.000020
49509 0.000020
49510 0.000020
49511 0.000020
49512 0.000020
49513 0.000020
49514 0.000020
49515 0.000020
49516 0.000020
49517 0.000020
49518 0.000020
49519 0.000020
49520 0.000020
49521 0.000020
49522 0.000020
49523 0.000020
49524 0.000020
49525 0.000020
49526 0.000020
49527 0.000020
49528 0.000020
49529 0.000020
49530 0.000020
49531 0.000020
49532 0.000020
49533 0.000020
49534 0.000020
49535 0.000020
49536 0.000020
49537 0.000020
49538 0.000020
49539 0.000020
49540 0.000020
49541 0.000020
49542 0.000020
49543 0.000020
49544 0.000020
49545 0.000020
49546 0.000020
49547 0.000020
49548 0.000020
49549 0.000020
49550 0.000020
49551 0.000020
49552 0.000020
49553 0.000020
49554 0.000020
49555 0.000020
49556 0.000020
49557 0.000020
49558 0.000020
49559 0.000020
49560 0.000020
49561 0.000020
49562 0.000020
49563 0.000020
49564 0.000020
49565 0.000020
49566 0.000020
49567 0.000020
49568 0.000020
49569 0.000020
49570 0.000020
49571 0.000020
49572 0.000020
49573 0.000020
49574 0.000020
49575 0.000020
49576 0.000020
49577 0.000020
49578 0.000020
49579 0.000020
49580 0.000020
49581 0.000020
49582 0.000020
49583 0.000020
49584 0.000020
49585 0.000020
49586 0.000020
49587 0.000020
49588 0.000020
49589 0.000020
49590 0.000020
49591 0.000020
49592 0.000020
49593 0.000020
49594 0.000020
49595 0.000020
49596 0.000020
49597 0.000020
49598 0.000020
49599 0.000020
49600 0.000020
49601 0.000020
49602 0.000020
49603 0.000020
49604 0.000020
49605 0.000020
49606 0.000020
49607 0.000020
49608 0.000020
49609 0.000020
49610 0.000020
49611 0.000020
49612 0.000020
49613 0.000020
49614 0.000020
49615 0.000020
49616 0.000020
49617 0.000020
49618 0.000020
49619 0.000020
49620 0.000020
49621 0.000020
49622 0.000020
49623 0.000020
49624 0.000020
49625 0.000020
49626 0.000020
49627 0.000020
49628 0.000020
49629 0.000020
49630 0.000020
49631 0.000020
49632 0.000020
49633 0.000020
49634 0.000020
49635 0.000020
49636 0.000020
49637 0.000020
49638 0.000020
49639 0.000020
49640 0.000020
49641 0.000020
49642 0.000020
49643 0.000020
49644 0.000020
49645 0.000020
49646 0.000020
49647 0.000020
49648 0.000020
49649 0.000020
49650 0.000020
49651 0.000020
49652 0.000020
49653 0.000020
49654 0.000020
49655 0.000020
49656 0.000020
49657 0.000020
49658 0.000020
49659 0.000020
49660 0.000020
49661 0.000020
49662 0.000020
49663 0.000020
49664 0.000020
49665 0.000020
49666 0.000020
49667 0.000020
49668 0.000020
49669 0.000020
49670 0.000020
49671 0.000020
49672 0.000020
49673 0.000020
49674 0.000020
49675 0.000020
49676 0.000020
49677 0.000020
49678 0.000020
49679 0.000020
49680 0.000020
49681 0.000020
49682 0.000020
49683 0.000020
49684 0.000020
49685 0.000020
49686 0.000020
49687 0.000020
49688 0.000020
49689 0.000020
49690 0.000020
49691 0.000020
49692 0.000020
49693 0.000020
49694 0.000020
49695 0.000020
49696 0.000020
49697 0.000020
49698 0.000020
49699 0.000020
49700 0.000020
49701 0.000020
49702 0.000020
49703 0.000020
49704 0.000020
49705 0.000020
49706 0.000020
49707 0.000020
49708 0.000020
49709 0.000020
49710 0.000020
49711 0.000020
49712 0.000020
49713 0.000020
49714 0.000020
49715 0.000020
49716 0.000020
49717 0.000020
49718 0.000020
49719 0.000020
49720 0.000020
49721 0.000020
49722 0.000020
49723 0.000020
49724 0.000020
49725 0.000020
49726 0.000020
49727 0.000020
49728 0.000020
49729 0.000020
49730 0.000020
49731 0.000020
49732 0.000020
49733 0.000020
49734 0.000020
49735 0.000020
49736 0.000020
49737 0.000020
49738 0.000020
49739 0.000020
49740 0.000020
49741 0.000020
49742 0.000020
49743 0.000020
49744 0.000020
49745 0.000020
49746 0.000020
49747 0.000020
49748 0.000020
49749 0.000020
49750 0.000020
49751 0.000020
49752 0.000020
49753 0.000020
49754 0.000020
49755 0.000020
49756 0.000020
49757 0.000020
49758 0.000020
49759 0.000020
49760 0.000020
49761 0.000020
49762 0.000020
49763 0.000020
49764 0.000020
49765 0.000020
49766 0.000020
49767 0.000020
49768 0.000020
49769 0.000020
49770 0.000020
49771 0.000020
49772 0.000020
49773 0.000020
49774 0.000020
49775 0.000020
49776 0.000020
49777 0.000020
49778 0.000020
49779 0.000020
49780 0.000020
49781 0.000020
49782 0.000020
49783 0.000020
49784 0.000020
49785 0.000020
49786 0.000020
49787 0.000020
49788 0.000020
49789 0.000020
49790 0.000020
49791 0.000020
49792 0.000020
49793 0.000020
49794 0.000020
49795 0.000020
49796 0.000020
49797 0.000020
49798 0.000020
49799 0.000020
49800 0.000020
49801 0.000020
49802 0.000020
49803 0.000020
49804 0.000020
49805 0.000020
49806 0.000020
49807 0.000020
49808 0.000020
49809 0.000020
49810 0.000020
49811 0.000020
49812 0.000020
49813 0.000020
49814 0.000020
49815 0.000020
49816 0.000020
49817 0.000020
49818 0.000020
49819 0.000020
49820 0.000020
49821 0.000020
49822 0.000020
49823 0.000020
49824 0.000020
49825 0.000020
49826 0.000020
49827 0.000020
49828 0.000020
49829 0.000020
49830 0.000020
49831 0.000020
49832 0.000020
49833 0.000020
49834 0.000020
49835 0.000020
49836 0.000020
49837 0.000020
49838 0.000020
49839 0.000020
49840 0.000020
49841 0.000020
49842 0.000020
49843 0.000020
49844 0.000020
49845 0.000020
49846 0.000020
49847 0.000020
49848 0.000020
49849 0.000020
49850 0.000020
49851 0.000020
49852 0.000020
49853 0.000020
49854 0.000020
49855 0.000020
49856 0.000020
49857 0.000020
49858 0.000020
49859 0.000020
49860 0.000020
49861 0.000020
49862 0.000020
49863 0.000020
49864 0.000020
49865 0.000020
49866 0.000020
49867 0.000020
49868 0.000020
49869 0.000020
49870 0.000020
49871 0.000020
49872 0.000020
49873 0.000020
49874 0.000020
49875 0.000020
49876 0.000020
49877 0.000020
49878 0.000020
49879 0.000020
49880 0.000020
49881 0.000020
49882 0.000020
49883 0.000020
49884 0.000020
49885 0.000020
49886 0.000020
49887 0.000020
49888 0.000020
49889 0.000020
49890 0.000020
49891 0.000020
49892 0.000020
49893 0.000020
49894 0.000020
49895 0.000020
49896 0.000020
49897 0.000020
49898 0.000020
49899 0.000020
49900 0.000020
49901 0.000020
49902 0.000020
49903 0.000020
49904 0.000020
49905 0.000020
49906 0.000020
49907 0.000020
49908 0.000020
49909 0.000020
49910 0.000020
49911 0.000020
49912 0.000020
49913 0.000020
49914 0.000020
49915 0.000020
49916 0.000020
49917 0.000020
49918 0.000020
49919 0.000020
49920 0.000020
49921 0.000020
49922 0.000020
49923 0.000020
49924 0.000020
49925 0.000020
49926 0.000020
49927 0.000020
49928 0.000020
49929 0.000020
49930 0.000020
49931 0.000020
49932 0.000020
49933 0.000020
49934 0.000020
49935 0.000020
49936 0.000020
49937 0.000020
49938 0.000020
49939 0.000020
49940 0.000020
49941 0.000020
49942 0.000020
49943 0.000020
49944 0.000020
49945 0.000020
49946 0.000020
49947 0.000020
49948 0.000020
49949 0.000020
49950 0.000020
49951 0.000020
49952 0.000020
49953 0.000020
49954 0.000020
49955 0.000020
49956 0.000020
49957 0.000020
49958 0.000020
49959 0.000020
49960 0.000020
49961 0.000020
49962 0.000020
49963 0.000020
49964 0.000020
49965 0.000020
49966 0.000020
49967 0.000020
49968 0.000020
49969 0.000020
49970 0.000020
49971 0.000020
49972 0.000020
49973 0.000020
49974 0.000020
49975 0.000020
49976 0.000020
49977 0.000020
49978 0.000020
49979 0.000020
49980 0.000020
49981 0.000020
49982 0.000020
49983 0.000020
49984 0.000020
49985 0.000020
49986 0.000020
49987 0.000020
49988 0.000020
49989 0.000020
49990 0.000020
49991 0.000020
49992 0.000020
49993 0.000020
49994 0.000020
49995 0.000020
49996 0.000020
49997 0.000020
49998 0.000020
49999 0.000020
Sum of ranks: 1.000000
Iterations: 16
Converged: true
Execution time: 7.113013 ms
