Algorithm: PageRank
Damping: 0.850000
Vertex ranks:
0 0.000100
1 0.000072
2 0.000092
3 0.000098
4 0.000091
5 0.000098
6 0.000099
7 0.000098
8 0.000091
9 0.000095
10 0.000070
11 0.000117
12 0.000104
13 0.000099
14 0.000127
15 0.000105
16 0.000099
17 0.000091
18 0.000102
19 0.000102
20 0.000100
21 0.000108
22 0.000103
23 0.000101
24 0.000098
25 0.000098
26 0.000100
27 0.000100
28 0.000101
29 0.000101
30 0.000100
31 0.000091
32 0.000097
33 0.000099
34 0.000105
35 0.000102
36 0.000101
37 0.000102
38 0.000098
39 0.000098
40 0.000099
41 0.000101
42 0.000101
43 0.000108
44 0.000103
45 0.000100
46 0.000101
47 0.000100
48 0.000100
49 0.000100
50 0.000102
51 0.000101
52 0.000098
53 0.000100
54 0.000100
55 0.000101
56 0.000100
57 0.000101
58 0.000101
59 0.000100
60 0.000100
61 0.000100
62 0.000100
63 0.000100
64 0.000102
65 0.000101
66 0.000100
67 0.000101
68 0.000100
69 0.000100
70 0.000100
71 0.000101
72 0.000100
73 0.000100
74 0.000100
75 0.000100
76 0.000099
77 0.000100
78 0.000100
79 0.000100
80 0.000100
81 0.000100
82 0.000100
83 0.000100
84 0.000100
85 0.000100
86 0.000100
87 0.000100
88 0.000100
89 0.000100
90 0.000100
91 0.000100
92 0.000100
93 0.000100
94 0.000097
95 0.000099
96 0.000100
97 0.000099
98 0.000100
99 0.000100
100 0.000100
101 0.000099
102 0.000100
103 0.000101
104 0.000100
105 0.000100
106 0.000100
107 0.000100
108 0.000100
109 0.000100
110 0.000100
111 0.000100
112 0.000100
113 0.000100
114 0.000100
115 0.000099
116 0.000100
117 0.000100
118 0.000100
119 0.000100
120 0.000100
121 0.000100
122 0.000100
123 0.000100
124 0.000100
125 0.000100
126 0.000100
127 0.000100
128 0.000100
129 0.000100
130 0.000102
131 0.000101
132 0.000100
133 0.000101
134 0.000100
135 0.000100
136 0.000100
137 0.000101
138 0.000100
139 0.000100
140 0.000100
141 0.000100
142 0.000100
143 0.000100
144 0.000100
145 0.000100
146 0.000100
147 0.000100
148 0.000100
149 0.000100
150 0.000100
151 0.000101
152 0.000100
153 0.000100
154 0.000100
155 0.000100
156 0.000100
157 0.000099
158 0.000100
159 0.000100
160 0.000100
161 0.000100
162 0.000100
163 0.000100
164 0.000100
165 0.000100
166 0.000100
167 0.000100
168 0.000100
169 0.000100
170 0.000100
171 0.000100
172 0.000100
173 0.000100
174 0.000100
175 0.000100
176 0.000100
177 0.000100
178 0.000100
179 0.000100
180 0.000100
181 0.000100
182 0.000100
183 0.000100
184 0.000100
185 0.000100
186 0.000100
187 0.000100
188 0.000100
189 0.000100
190 0.000100
191 0.000100
192 0.000100
193 0.000101
194 0.000100
195 0.000100
196 0.000100
197 0.000100
198 0.000100
199 0.000100
200 0.000100
201 0.000100
202 0.000100
203 0.000100
204 0.000100
205 0.000100
206 0.000100
207 0.000100
208 0.000100
209 0.000100
210 0.000100
211 0.000100
212 0.000100
213 0.000100
214 0.000100
215 0.000100
216 0.000100
217 0.000100
218 0.000100
219 0.000100
220 0.000100
221 0.000100
222 0.000100
223 0.000100
224 0.000100
225 0.000100
226 0.000100
227 0.000100
228 0.000100
229 0.000100
230 0.000100
231 0.000100
232 0.000100
233 0.000100
234 0.000100
235 0.000100
236 0.000100
237 0.000100
238 0.000100
239 0.000100
240 0.000100
241 0.000100
242 0.000100
243 0.000100
244 0.000100
245 0.000100
246 0.000100
247 0.000100
248 0.000100
249 0.000100
250 0.000100
251 0.000100
252 0.000100
253 0.000100
254 0.000100
255 0.000100
256 0.000100
257 0.000100
258 0.000100
259 0.000100
260 0.000100
261 0.000100
262 0.000100
263 0.000100
264 0.000100
265 0.000100
266 0.000100
267 0.000100
268 0.000100
269 0.000100
270 0.000100
271 0.000100
272 0.000100
273 0.000100
274 0.000100
275 0.000100
276 0.000100
277 0.000100
278 0.000100
279 0.000100
280 0.000100
281 0.000100
282 0.000100
283 0.000099
284 0.000100
285 0.000100
286 0.000100
287 0.000100
288 0.000100
289 0.000100
290 0.000100
291 0.000100
292 0.000100
293 0.000100
294 0.000100
295 0.000100
296 0.000100
297 0.000100
298 0.000100
299 0.000100
300 0.000100
301 0.000100
302 0.000100
303 0.000100
304 0.000100
305 0.000100
306 0.000100
307 0.000100
308 0.000100
309 0.000100
310 0.000100
311 0.000100
312 0.000100
313 0.000100
314 0.000100
315 0.000100
316 0.000100
317 0.000100
318 0.000100
319 0.000100
320 0.000100
321 0.000100
322 0.000100
323 0.000100
324 0.000100
325 0.000100
326 0.000100
327 0.000100
328 0.000100
329 0.000100
330 0.000100
331 0.000100
332 0.000100
333 0.000100
334 0.000100
335 0.000100
336 0.000100
337 0.000100
338 0.000100
339 0.000100
340 0.000100
341 0.000100
342 0.000100
343 0.000100
344 0.000100
345 0.000100
346 0.000100
347 0.000100
348 0.000100
349 0.000100
350 0.000100
351 0.000100
352 0.000100
353 0.000100
354 0.000100
355 0.000100
356 0.000100
357 0.000100
358 0.000100
359 0.000100
360 0.000100
361 0.000100
362 0.000100
363 0.000100
364 0.000100
365 0.000100
366 0.000100
367 0.000100
368 0.000100
369 0.000100
370 0.000100
371 0.000100
372 0.000100
373 0.000100
374 0.000100
375 0.000100
376 0.000100
377 0.000100
378 0.000100
379 0.000100
380 0.000100
381 0.000100
382 0.000100
383 0.000100
384 0.000100
385 0.000100
386 0.000100
387 0.000100
388 0.000100
389 0.000100
390 0.000100
391 0.000101
392 0.000100
393 0.000100
394 0.000100
395 0.000100
396 0.000100
397 0.000100
398 0.000100
399 0.000100
400 0.000100
401 0.000100
402 0.000100
403 0.000100
404 0.000100
405 0.000100
406 0.000100
407 0.000100
408 0.000100
409 0.000100
410 0.000100
411 0.000100
412 0.000100
413 0.000100
414 0.000100
415 0.000100
416 0.000100
417 0.000100
418 0.000100
419 0.000100
420 0.000100
421 0.000100
422 0.000100
423 0.000100
424 0.000100
425 0.000100
426 0.000100
427 0.000100
428 0.000100
429 0.000100
430 0.000100
431 0.000100
432 0.000100
433 0.000100
434 0.000100
435 0.000100
436 0.000100
437 0.000100
438 0.000100
439 0.000100
440 0.000100
441 0.000100
442 0.000100
443 0.000100
444 0.000100
445 0.000100
446 0.000100
447 0.000100
448 0.000100
449 0.000100
450 0.000100
451 0.000100
452 0.000100
453 0.000100
454 0.000100
455 0.000100
456 0.000100
457 0.000100
458 0.000100
459 0.000100
460 0.000100
461 0.000100
462 0.000100
463 0.000100
464 0.000100
465 0.000100
466 0.000100
467 0.000100
468 0.000100
469 0.000100
470 0.000100
471 0.000100
472 0.000100
473 0.000100
474 0.000100
475 0.000100
476 0.000100
477 0.000100
478 0.000100
479 0.000100
480 0.000100
481 0.000100
482 0.000100
483 0.000100
484 0.000100
485 0.000100
486 0.000100
487 0.000100
488 0.000100
489 0.000100
490 0.000100
491 0.000100
492 0.000100
493 0.000100
494 0.000100
495 0.000100
496 0.000100
497 0.000100
498 0.000100
499 0.000100
500 0.000100
501 0.000100
502 0.000100
503 0.000100
504 0.000100
505 0.000100
506 0.000100
507 0.000100
508 0.000100
509 0.000100
510 0.000100
511 0.000100
512 0.000100
513 0.000100
514 0.000100
515 0.000100
516 0.000100
517 0.000100
518 0.000100
519 0.000100
520 0.000100
521 0.000100
522 0.000100
523 0.000100
524 0.000100
525 0.000100
526 0.000100
527 0.000100
528 0.000100
529 0.000100
530 0.000100
531 0.000100
532 0.000100
533 0.000100
534 0.000100
535 0.000100
536 0.000100
537 0.000100
538 0.000100
539 0.000100
540 0.000100
541 0.000100
542 0.000100
543 0.000100
544 0.000100
545 0.000100
546 0.000100
547 0.000100
548 0.000100
549 0.000100
550 0.000100
551 0.000100
552 0.000100
553 0.000100
554 0.000100
555 0.000100
556 0.000100
557 0.000100
558 0.000100
559 0.000100
560 0.000100
561 0.000100
562 0.000100
563 0.000100
564 0.000100
565 0.000100
566 0.000100
567 0.000100
568 0.000100
569 0.000100
570 0.000100
571 0.000100
572 0.000100
573 0.000100
574 0.000100
575 0.000100
576 0.000100
577 0.000100
578 0.000100
579 0.000100
580 0.000100
581 0.000100
582 0.000100
583 0.000100
584 0.000100
585 0.000100
586 0.000100
587 0.000100
588 0.000100
589 0.000100
590 0.000100
591 0.000100
592 0.000100
593 0.000100
594 0.000100
595 0.000100
596 0.000100
597 0.000100
598 0.000100
599 0.000100
600 0.000100
601 0.000100
602 0.000100
603 0.000100
604 0.000100
605 0.000100
606 0.000100
607 0.000100
608 0.000100
609 0.000100
610 0.000100
611 0.000100
612 0.000100
613 0.000100
614 0.000100
615 0.000100
616 0.000100
617 0.000100
618 0.000100
619 0.000100
620 0.000100
621 0.000100
622 0.000100
623 0.000100
624 0.000100
625 0.000100
626 0.000100
627 0.000100
628 0.000100
629 0.000100
630 0.000100
631 0.000100
632 0.000100
633 0.000100
634 0.000100
635 0.000100
636 0.000100
637 0.000100
638 0.000100
639 0.000100
640 0.000100
641 0.000100
642 0.000100
643 0.000100
644 0.000100
645 0.000100
646 0.000100
647 0.000100
648 0.000100
649 0.000100
650 0.000100
651 0.000100
652 0.000100
653 0.000100
654 0.000100
655 0.000100
656 0.000100
657 0.000100
658 0.000100
659 0.000100
660 0.000100
661 0.000100
662 0.000100
663 0.000100
664 0.000100
665 0.000100
666 0.000100
667 0.000100
668 0.000100
669 0.000100
670 0.000100
671 0.000100
672 0.000100
673 0.000100
674 0.000100
675 0.000100
676 0.000100
677 0.000100
678 0.000100
679 0.000100
680 0.000100
681 0.000100
682 0.000100
683 0.000100
684 0.000100
685 0.000100
686 0.000100
687 0.000100
688 0.000100
689 0.000100
690 0.000100
691 0.000100
692 0.000100
693 0.000100
694 0.000100
695 0.000100
696 0.000100
697 0.000100
698 0.000100
699 0.000100
700 0.000100
701 0.000100
702 0.000100
703 0.000100
704 0.000100
705 0.000100
706 0.000100
707 0.000100
708 0.000100
709 0.000100
710 0.000100
711 0.000100
712 0.000100
713 0.000100
714 0.000100
715 0.000100
716 0.000100
717 0.000100
718 0.000100
719 0.000100
720 0.000100
721 0.000100
722 0.000100
723 0.000100
724 0.000100
725 0.000100
726 0.000100
727 0.000100
728 0.000100
729 0.000100
730 0.000100
731 0.000100
732 0.000100
733 0.000100
734 0.000100
735 0.000100
736 0.000100
737 0.000100
738 0.000100
739 0.000100
740 0.000100
741 0.000100
742 0.000100
743 0.000100
744 0.000100
745 0.000100
746 0.000100
747 0.000100
748 0.000100
749 0.000100
750 0.000100
751 0.000100
752 0.000100
753 0.000100
754 0.000100
755 0.000100
756 0.000100
757 0.000100
758 0.000100
759 0.000100
760 0.000100
761 0.000100
762 0.000100
763 0.000100
764 0.000100
765 0.000100
766 0.000100
767 0.000100
768 0.000100
769 0.000100
770 0.000100
771 0.000100
772 0.000100
773 0.000100
774 0.000100
775 0.000100
776 0.000100
777 0.000100
778 0.000100
779 0.000100
780 0.000100
781 0.000100
782 0.000100
783 0.000100
784 0.000100
785 0.000100
786 0.000100
787 0.000100
788 0.000100
789 0.000100
790 0.000100
791 0.000100
792 0.000100
793 0.000100
794 0.000100
795 0.000100
796 0.000100
797 0.000100
798 0.000100
799 0.000100
800 0.000100
801 0.000100
802 0.000100
803 0.000100
804 0.000100
805 0.000100
806 0.000100
807 0.000100
808 0.000100
809 0.000100
810 0.000100
811 0.000100
812 0.000100
813 0.000100
814 0.000100
815 0.000100
816 0.000100
817 0.000100
818 0.000100
819 0.000100
820 0.000100
821 0.000100
822 0.000100
823 0.000100
824 0.000100
825 0.000100
826 0.000100
827 0.000100
828 0.000100
829 0.000100
830 0.000100
831 0.000100
832 0.000100
833 0.000100
834 0.000100
835 0.000100
836 0.000100
837 0.000100
838 0.000100
839 0.000100
840 0.000100
841 0.000100
842 0.000100
843 0.000100
844 0.000100
845 0.000100
846 0.000100
847 0.000100
848 0.000100
849 0.000100
850 0.000100
851 0.000100
852 0.000100
853 0.000100
854 0.000100
855 0.000100
856 0.000100
857 0.000100
858 0.000100
859 0.000100
860 0.000100
861 0.000100
862 0.000100
863 0.000100
864 0.000100
865 0.000100
866 0.000100
867 0.000100
868 0.000100
869 0.000100
870 0.000100
871 0.000100
872 0.000100
873 0.000100
874 0.000100
875 0.000100
876 0.000100
877 0.000100
878 0.000100
879 0.000100
880 0.000100
881 0.000100
882 0.000100
883 0.000100
884 0.000100
885 0.000100
886 0.000100
887 0.000100
888 0.000100
889 0.000100
890 0.000100
891 0.000100
892 0.000100
893 0.000100
894 0.000100
895 0.000100
896 0.000100
897 0.000100
898 0.000100
899 0.000100
900 0.000100
901 0.000100
902 0.000100
903 0.000100
904 0.000100
905 0.000100
906 0.000100
907 0.000100
908 0.000100
909 0.000100
910 0.000100
911 0.000100
912 0.000100
913 0.000100
914 0.000100
915 0.000100
916 0.000100
917 0.000100
918 0.000100
919 0.000100
920 0.000100
921 0.000100
922 0.000100
923 0.000100
924 0.000100
925 0.000100
926 0.000100
927 0.000100
928 0.000100
929 0.000100
930 0.000100
931 0.000100
932 0.000100
933 0.000100
934 0.000100
935 0.000100
936 0.000100
937 0.000100
938 0.000100
939 0.000100
940 0.000100
941 0.000100
942 0.000100
943 0.000100
944 0.000100
945 0.000100
946 0.000100
947 0.000100
948 0.000100
949 0.000100
950 0.000100
951 0.000100
952 0.000100
953 0.000100
954 0.000100
955 0.000100
956 0.000100
957 0.000100
958 0.000100
959 0.000100
960 0.000100
961 0.000100
962 0.000100
963 0.000100
964 0.000100
965 0.000100
966 0.000100
967 0.000100
968 0.000100
969 0.000100
970 0.000100
971 0.000100
972 0.000100
973 0.000100
974 0.000100
975 0.000100
976 0.000100
977 0.000100
978 0.000100
979 0.000100
980 0.000100
981 0.000100
982 0.000100
983 0.000100
984 0.000100
985 0.000100
986 0.000100
987 0.000100
988 0.000100
989 0.000100
990 0.000100
991 0.000100
992 0.000100
993 0.000100
994 0.000100
995 0.000100
996 0.000100
997 0.000100
998 0.000100
999 0.000100
1000 0.000100
1001 0.000100
1002 0.000100
1003 0.000100
1004 0.000100
1005 0.000100
1006 0.000100
1007 0.000100
1008 0.000100
1009 0.000100
1010 0.000100
1011 0.000100
1012 0.000100
1013 0.000100
1014 0.000100
1015 0.000100
1016 0.000100
1017 0.000100
1018 0.000100
1019 0.000100
1020 0.000100
1021 0.000100
1022 0.000100
1023 0.000100
1024 0.000100
1025 0.000100
1026 0.000100
1027 0.000100
1028 0.000100
1029 0.000100
1030 0.000100
1031 0.000100
1032 0.000100
1033 0.000100
1034 0.000100
1035 0.000100
1036 0.000100
1037 0.000100
1038 0.000100
1039 0.000100
1040 0.000100
1041 0.000100
1042 0.000100
1043 0.000100
1044 0.000100
1045 0.000100
1046 0.000100
1047 0.000100
1048 0.000100
1049 0.000100
1050 0.000100
1051 0.000100
1052 0.000100
1053 0.000100
1054 0.000100
1055 0.000100
1056 0.000100
1057 0.000100
1058 0.000100
1059 0.000100
1060 0.000100
1061 0.000100
1062 0.000100
1063 0.000100
1064 0.000100
1065 0.000100
1066 0.000100
1067 0.000100
1068 0.000100
1069 0.000100
1070 0.000100
1071 0.000100
1072 0.000100
1073 0.000100
1074 0.000100
1075 0.000100
1076 0.000100
1077 0.000100
1078 0.000100
1079 0.000100
1080 0.000100
1081 0.000100
1082 0.000100
1083 0.000100
1084 0.000100
1085 0.000100
1086 0.000100
1087 0.000100
1088 0.000100
1089 0.000100
1090 0.000100
1091 0.000100
1092 0.000100
1093 0.000100
1094 0.000100
1095 0.000100
1096 0.000100
1097 0.000100
1098 0.000100
1099 0.000100
1100 0.000100
1101 0.000100
1102 0.000100
1103 0.000100
1104 0.000100
1105 0.000100
1106 0.000100
1107 0.000100
1108 0.000100
1109 0.000100
1110 0.000100
1111 0.000100
1112 0.000100
1113 0.000100
1114 0.000100
1115 0.000100
1116 0.000100
1117 0.000100
1118 0.000100
1119 0.000100
1120 0.000100
1121 0.000100
1122 0.000100
1123 0.000100
1124 0.000100
1125 0.000100
1126 0.000100
1127 0.000100
1128 0.000100
1129 0.000100
1130 0.000100
1131 0.000100
1132 0.000100
1133 0.000100
1134 0.000100
1135 0.000100
1136 0.000100
1137 0.000100
1138 0.000100
1139 0.000100
1140 0.000100
1141 0.000100
1142 0.000100
1143 0.000100
1144 0.000100
1145 0.000100
1146 0.000100
1147 0.000100
1148 0.000100
1149 0.000100
1150 0.000100
1151 0.000100
1152 0.000100
1153 0.000100
1154 0.000100
1155 0.000100
1156 0.000100
1157 0.000100
1158 0.000100
1159 0.000100
1160 0.000100
1161 0.000100
1162 0.000100
1163 0.000100
1164 0.000100
1165 0.000100
1166 0.000100
1167 0.000100
1168 0.000100
1169 0.000100
1170 0.000100
1171 0.000100
1172 0.000100
1173 0.000100
1174 0.000100
1175 0.000100
1176 0.000100
1177 0.000100
1178 0.000100
1179 0.000100
1180 0.000100
1181 0.000100
1182 0.000100
1183 0.000100
1184 0.000100
1185 0.000100
1186 0.000100
1187 0.000100
1188 0.000100
1189 0.000100
1190 0.000100
1191 0.000100
1192 0.000100
1193 0.000100
1194 0.000100
1195 0.000100
1196 0.000100
1197 0.000100
1198 0.000100
1199 0.000100
1200 0.000100
1201 0.000100
1202 0.000100
1203 0.000100
1204 0.000100
1205 0.000100
1206 0.000100
1207 0.000100
1208 0.000100
1209 0.000100
1210 0.000100
1211 0.000100
1212 0.000100
1213 0.000100
1214 0.000100
1215 0.000100
1216 0.000100
1217 0.000100
1218 0.000100
1219 0.000100
1220 0.000100
1221 0.000100
1222 0.000100
1223 0.000100
1224 0.000100
1225 0.000100
1226 0.000100
1227 0.000100
1228 0.000100
1229 0.000100
1230 0.000100
1231 0.000100
1232 0.000100
1233 0.000100
1234 0.000100
1235 0.000100
1236 0.000100
1237 0.000100
1238 0.000100
1239 0.000100
1240 0.000100
1241 0.000100
1242 0.000100
1243 0.000100
1244 0.000100
1245 0.000100
1246 0.000100
1247 0.000100
1248 0.000100
1249 0.000100
1250 0.000100
1251 0.000100
1252 0.000100
1253 0.000100
1254 0.000100
1255 0.000100
1256 0.000100
1257 0.000100
1258 0.000100
1259 0.000100
1260 0.000100
1261 0.000100
1262 0.000100
1263 0.000100
1264 0.000100
1265 0.000100
1266 0.000100
1267 0.000100
1268 0.000100
1269 0.000100
1270 0.000100
1271 0.000100
1272 0.000100
1273 0.000100
1274 0.000100
1275 0.000100
1276 0.000100
1277 0.000100
1278 0.000100
1279 0.000100
1280 0.000100
1281 0.000100
1282 0.000100
1283 0.000100
1284 0.000100
1285 0.000100
1286 0.000100
1287 0.000100
1288 0.000100
1289 0.000100
1290 0.000100
1291 0.000100
1292 0.000100
1293 0.000100
1294 0.000100
1295 0.000100
1296 0.000100
1297 0.000100
1298 0.000100
1299 0.000100
1300 0.000100
1301 0.000100
1302 0.000100
1303 0.000100
1304 0.000100
1305 0.000100
1306 0.000100
1307 0.000100
1308 0.000100
1309 0.000100
1310 0.000100
1311 0.000100
1312 0.000100
1313 0.000100
1314 0.000100
1315 0.000100
1316 0.000100
1317 0.000100
1318 0.000100
1319 0.000100
1320 0.000100
1321 0.000100
1322 0.000100
1323 0.000100
1324 0.000100
1325 0.000100
1326 0.000100
1327 0.000100
1328 0.000100
1329 0.000100
1330 0.000100
1331 0.000100
1332 0.000100
1333 0.000100
1334 0.000100
1335 0.000100
1336 0.000100
1337 0.000100
1338 0.000100
1339 0.000100
1340 0.000100
1341 0.000100
1342 0.000100
1343 0.000100
1344 0.000100
1345 0.000100
1346 0.000100
1347 0.000100
1348 0.000100
1349 0.000100
1350 0.000100
1351 0.000100
1352 0.000100
1353 0.000100
1354 0.000100
1355 0.000100
1356 0.000100
1357 0.000100
1358 0.000100
1359 0.000100
1360 0.000100
1361 0.000100
1362 0.000100
1363 0.000100
1364 0.000100
1365 0.000100
1366 0.000100
1367 0.000100
1368 0.000100
1369 0.000100
1370 0.000100
1371 0.000100
1372 0.000100
1373 0.000100
1374 0.000100
1375 0.000100
1376 0.000100
1377 0.000100
1378 0.000100
1379 0.000100
1380 0.000100
1381 0.000100
1382 0.000100
1383 0.000100
1384 0.000100
1385 0.000100
1386 0.000100
1387 0.000100
1388 0.000100
1389 0.000100
1390 0.000100
1391 0.000100
1392 0.000100
1393 0.000100
1394 0.000100
1395 0.000100
1396 0.000100
1397 0.000100
1398 0.000100
1399 0.000100
1400 0.000100
1401 0.000100
1402 0.000100
1403 0.000100
1404 0.000100
1405 0.000100
1406 0.000100
1407 0.000100
1408 0.000100
1409 0.000100
1410 0.000100
1411 0.000100
1412 0.000100
1413 0.000100
1414 0.000100
1415 0.000100
1416 0.000100
1417 0.000100
1418 0.000100
1419 0.000100
1420 0.000100
1421 0.000100
1422 0.000100
1423 0.000100
1424 0.000100
1425 0.000100
1426 0.000100
1427 0.000100
1428 0.000100
1429 0.000100
1430 0.000100
1431 0.000100
1432 0.000100
1433 0.000100
1434 0.000100
1435 0.000100
1436 0.000100
1437 0.000100
1438 0.000100
1439 0.000100
1440 0.000100
1441 0.000100
1442 0.000100
1443 0.000100
1444 0.000100
1445 0.000100
1446 0.000100
1447 0.000100
1448 0.000100
1449 0.000100
1450 0.000100
1451 0.000100
1452 0.000100
1453 0.000100
1454 0.000100
1455 0.000100
1456 0.000100
1457 0.000100
1458 0.000100
1459 0.000100
1460 0.000100
1461 0.000100
1462 0.000100
1463 0.000100
1464 0.000100
1465 0.000100
1466 0.000100
1467 0.000100
1468 0.000100
1469 0.000100
1470 0.000100
1471 0.000100
1472 0.000100
1473 0.000100
1474 0.000100
1475 0.000100
1476 0.000100
1477 0.000100
1478 0.000100
1479 0.000100
1480 0.000100
1481 0.000100
1482 0.000100
1483 0.000100
1484 0.000100
1485 0.000100
1486 0.000100
1487 0.000100
1488 0.000100
1489 0.000100
1490 0.000100
1491 0.000100
1492 0.000100
1493 0.000100
1494 0.000100
1495 0.000100
1496 0.000100
1497 0.000100
1498 0.000100
1499 0.000100
1500 0.000100
1501 0.000100
1502 0.000100
1503 0.000100
1504 0.000100
1505 0.000100
1506 0.000100
1507 0.000100
1508 0.000100
1509 0.000100
1510 0.000100
1511 0.000100
1512 0.000100
1513 0.000100
1514 0.000100
1515 0.000100
1516 0.000100
1517 0.000100
1518 0.000100
1519 0.000100
1520 0.000100
1521 0.000100
1522 0.000100
1523 0.000100
1524 0.000100
1525 0.000100
1526 0.000100
1527 0.000100
1528 0.000100
1529 0.000100
1530 0.000100
1531 0.000100
1532 0.000100
1533 0.000100
1534 0.000100
1535 0.000100
1536 0.000100
1537 0.000100
1538 0.000100
1539 0.000100
1540 0.000100
1541 0.000100
1542 0.000100
1543 0.000100
1544 0.000100
1545 0.000100
1546 0.000100
1547 0.000100
1548 0.000100
1549 0.000100
1550 0.000100
1551 0.000100
1552 0.000100
1553 0.000100
1554 0.000100
1555 0.000100
1556 0.000100
1557 0.000100
1558 0.000100
1559 0.000100
1560 0.000100
1561 0.000100
1562 0.000100
1563 0.000100
1564 0.000100
1565 0.000100
1566 0.000100
1567 0.000100
1568 0.000100
1569 0.000100
1570 0.000100
1571 0.000100
1572 0.000100
1573 0.000100
1574 0.000100
1575 0.000100
1576 0.000100
1577 0.000100
1578 0.000100
1579 0.000100
1580 0.000100
1581 0.000100
1582 0.000100
1583 0.000100
1584 0.000100
1585 0.000100
1586 0.000100
1587 0.000100
1588 0.000100
1589 0.000100
1590 0.000100
1591 0.000100
1592 0.000100
1593 0.000100
1594 0.000100
1595 0.000100
1596 0.000100
1597 0.000100
1598 0.000100
1599 0.000100
1600 0.000100
1601 0.000100
1602 0.000100
1603 0.000100
1604 0.000100
1605 0.000100
1606 0.000100
1607 0.000100
1608 0.000100
1609 0.000100
1610 0.000100
1611 0.000100
1612 0.000100
1613 0.000100
1614 0.000100
1615 0.000100
1616 0.000100
1617 0.000100
1618 0.000100
1619 0.000100
1620 0.000100
1621 0.000100
1622 0.000100
1623 0.000100
1624 0.000100
1625 0.000100
1626 0.000100
1627 0.000100
1628 0.000100
1629 0.000100
1630 0.000100
1631 0.000100
1632 0.000100
1633 0.000100
1634 0.000100
1635 0.000100
1636 0.000100
1637 0.000100
1638 0.000100
1639 0.000100
1640 0.000100
1641 0.000100
1642 0.000100
1643 0.000100
1644 0.000100
1645 0.000100
1646 0.000100
1647 0.000100
1648 0.000100
1649 0.000100
1650 0.000100
1651 0.000100
1652 0.000100
1653 0.000100
1654 0.000100
1655 0.000100
1656 0.000100
1657 0.000100
1658 0.000100
1659 0.000100
1660 0.000100
1661 0.000100
1662 0.000100
1663 0.000100
1664 0.000100
1665 0.000100
1666 0.000100
1667 0.000100
1668 0.000100
1669 0.000100
1670 0.000100
1671 0.000100
1672 0.000100
1673 0.000100
1674 0.000100
1675 0.000100
1676 0.000100
1677 0.000100
1678 0.000100
1679 0.000100
1680 0.000100
1681 0.000100
1682 0.000100
1683 0.000100
1684 0.000100
1685 0.000100
1686 0.000100
1687 0.000100
1688 0.000100
1689 0.000100
1690 0.000100
1691 0.000100
1692 0.000100
1693 0.000100
1694 0.000100
1695 0.000100
1696 0.000100
1697 0.000100
1698 0.000100
1699 0.000100
1700 0.000100
1701 0.000100
1702 0.000100
1703 0.000100
1704 0.000100
1705 0.000100
1706 0.000100
1707 0.000100
1708 0.000100
1709 0.000100
1710 0.000100
1711 0.000100
1712 0.000100
1713 0.000100
1714 0.000100
1715 0.000100
1716 0.000100
1717 0.000100
1718 0.000100
1719 0.000100
1720 0.000100
1721 0.000100
1722 0.000100
1723 0.000100
1724 0.000100
1725 0.000100
1726 0.000100
1727 0.000100
1728 0.000100
1729 0.000100
1730 0.000100
1731 0.000100
1732 0.000100
1733 0.000100
1734 0.000100
1735 0.000100
1736 0.000100
1737 0.000100
1738 0.000100
1739 0.000100
1740 0.000100
1741 0.000100
1742 0.000100
1743 0.000100
1744 0.000100
1745 0.000100
1746 0.000100
1747 0.000100
1748 0.000100
1749 0.000100
1750 0.000100
1751 0.000100
1752 0.000100
1753 0.000100
1754 0.000100
1755 0.000100
1756 0.000100
1757 0.000100
1758 0.000100
1759 0.000100
1760 0.000100
1761 0.000100
1762 0.000100
1763 0.000100
1764 0.000100
1765 0.000100
1766 0.000100
1767 0.000100
1768 0.000100
1769 0.000100
1770 0.000100
1771 0.000100
1772 0.000100
1773 0.000100
1774 0.000100
1775 0.000100
1776 0.000100
1777 0.000100
1778 0.000100
1779 0.000100
1780 0.000100
1781 0.000100
1782 0.000100
1783 0.000100
1784 0.000100
1785 0.000100
1786 0.000100
1787 0.000100
1788 0.000100
1789 0.000100
1790 0.000100
1791 0.000100
1792 0.000100
1793 0.000100
1794 0.000100
1795 0.000100
1796 0.000100
1797 0.000100
1798 0.000100
1799 0.000100
1800 0.000100
1801 0.000100
1802 0.000100
1803 0.000100
1804 0.000100
1805 0.000100
1806 0.000100
1807 0.000100
1808 0.000100
1809 0.000100
1810 0.000100
1811 0.000100
1812 0.000100
1813 0.000100
1814 0.000100
1815 0.000100
1816 0.000100
1817 0.000100
1818 0.000100
1819 0.000100
1820 0.000100
1821 0.000100
1822 0.000100
1823 0.000100
1824 0.000100
1825 0.000100
1826 0.000100
1827 0.000100
1828 0.000100
1829 0.000100
1830 0.000100
1831 0.000100
1832 0.000100
1833 0.000100
1834 0.000100
1835 0.000100
1836 0.000100
1837 0.000100
1838 0.000100
1839 0.000100
1840 0.000100
1841 0.000100
1842 0.000100
1843 0.000100
1844 0.000100
1845 0.000100
1846 0.000100
1847 0.000100
1848 0.000100
1849 0.000100
1850 0.000100
1851 0.000100
1852 0.000100
1853 0.000100
1854 0.000100
1855 0.000100
1856 0.000100
1857 0.000100
1858 0.000100
1859 0.000100
1860 0.000100
1861 0.000100
1862 0.000100
1863 0.000100
1864 0.000100
1865 0.000100
1866 0.000100
1867 0.000100
1868 0.000100
1869 0.000100
1870 0.000100
1871 0.000100
1872 0.000100
1873 0.000100
1874 0.000100
1875 0.000100
1876 0.000100
1877 0.000100
1878 0.000100
1879 0.000100
1880 0.000100
1881 0.000100
1882 0.000100
1883 0.000100
1884 0.000100
1885 0.000100
1886 0.000100
1887 0.000100
1888 0.000100
1889 0.000100
1890 0.000100
1891 0.000100
1892 0.000100
1893 0.000100
1894 0.000100
1895 0.000100
1896 0.000100
1897 0.000100
1898 0.000100
1899 0.000100
1900 0.000100
1901 0.000100
1902 0.000100
1903 0.000100
1904 0.000100
1905 0.000100
1906 0.000100
1907 0.000100
1908 0.000100
1909 0.000100
1910 0.000100
1911 0.000100
1912 0.000100
1913 0.000100
1914 0.000100
1915 0.000100
1916 0.000100
1917 0.000100
1918 0.000100
1919 0.000100
1920 0.000100
1921 0.000100
1922 0.000100
1923 0.000100
1924 0.000100
1925 0.000100
1926 0.000100
1927 0.000100
1928 0.000100
1929 0.000100
1930 0.000100
1931 0.000100
1932 0.000100
1933 0.000100
1934 0.000100
1935 0.000100
1936 0.000100
1937 0.000100
1938 0.000100
1939 0.000100
1940 0.000100
1941 0.000100
1942 0.000100
1943 0.000100
1944 0.000100
1945 0.000100
1946 0.000100
1947 0.000100
1948 0.000100
1949 0.000100
1950 0.000100
1951 0.000100
1952 0.000100
1953 0.000100
1954 0.000100
1955 0.000100
1956 0.000100
1957 0.000100
1958 0.000100
1959 0.000100
1960 0.000100
1961 0.000100
1962 0.000100
1963 0.000100
1964 0.000100
1965 0.000100
1966 0.000100
1967 0.000100
1968 0.000100
1969 0.000100
1970 0.000100
1971 0.000100
1972 0.000100
1973 0.000100
1974 0.000100
1975 0.000100
1976 0.000100
1977 0.000100
1978 0.000100
1979 0.000100
1980 0.000100
1981 0.000100
1982 0.000100
1983 0.000100
1984 0.000100
1985 0.000100
1986 0.000100
1987 0.000100
1988 0.000100
1989 0.000100
1990 0.000100
1991 0.000100
1992 0.000100
1993 0.000100
1994 0.000100
1995 0.000100
1996 0.000100
1997 0.000100
1998 0.000100
1999 0.000100
2000 0.000100
2001 0.000100
2002 0.000100
2003 0.000100
2004 0.000100
2005 0.000100
2006 0.000100
2007 0.000100
2008 0.000100
2009 0.000100
2010 0.000100
2011 0.000100
2012 0.000100
2013 0.000100
2014 0.000100
2015 0.000100
2016 0.000100
2017 0.000100
2018 0.000100
2019 0.000100
2020 0.000100
2021 0.000100
2022 0.000100
2023 0.000100
2024 0.000100
2025 0.000100
2026 0.000100
2027 0.000100
2028 0.000100
2029 0.000100
2030 0.000100
2031 0.000100
2032 0.000100
2033 0.000100
2034 0.000100
2035 0.000100
2036 0.000100
2037 0.000100
2038 0.000100
2039 0.000100
2040 0.000100
2041 0.000100
2042 0.000100
2043 0.000100
2044 0.000100
2045 0.000100
2046 0.000100
2047 0.000100
2048 0.000100
2049 0.000100
2050 0.000100
2051 0.000100
2052 0.000100
2053 0.000100
2054 0.000100
2055 0.000100
2056 0.000100
2057 0.000100
2058 0.000100
2059 0.000100
2060 0.000100
2061 0.000100
2062 0.000100
2063 0.000100
2064 0.000100
2065 0.000100
2066 0.000100
2067 0.000100
2068 0.000100
2069 0.000100
2070 0.000100
2071 0.000100
2072 0.000100
2073 0.000100
2074 0.000100
2075 0.000100
2076 0.000100
2077 0.000100
2078 0.000100
2079 0.000100
2080 0.000100
2081 0.000100
2082 0.000100
2083 0.000100
2084 0.000100
2085 0.000100
2086 0.000100
2087 0.000100
2088 0.000100
2089 0.000100
2090 0.000100
2091 0.000100
2092 0.000100
2093 0.000100
2094 0.000100
2095 0.000100
2096 0.000100
2097 0.000100
2098 0.000100
2099 0.000100
2100 0.000100
2101 0.000100
2102 0.000100
2103 0.000100
2104 0.000100
2105 0.000100
2106 0.000100
2107 0.000100
2108 0.000100
2109 0.000100
2110 0.000100
2111 0.000100
2112 0.000100
2113 0.000100
2114 0.000100
2115 0.000100
2116 0.000100
2117 0.000100
2118 0.000100
2119 0.000100
2120 0.000100
2121 0.000100
2122 0.000100
2123 0.000100
2124 0.000100
2125 0.000100
2126 0.000100
2127 0.000100
2128 0.000100
2129 0.000100
2130 0.000100
2131 0.000100
2132 0.000100
2133 0.000100
2134 0.000100
2135 0.000100
2136 0.000100
2137 0.000100
2138 0.000100
2139 0.000100
2140 0.000100
2141 0.000100
2142 0.000100
2143 0.000100
2144 0.000100
2145 0.000100
2146 0.000100
2147 0.000100
2148 0.000100
2149 0.000100
2150 0.000100
2151 0.000100
2152 0.000100
2153 0.000100
2154 0.000100
2155 0.000100
2156 0.000100
2157 0.000100
2158 0.000100
2159 0.000100
2160 0.000100
2161 0.000100
2162 0.000100
2163 0.000100
2164 0.000100
2165 0.000100
2166 0.000100
2167 0.000100
2168 0.000100
2169 0.000100
2170 0.000100
2171 0.000100
2172 0.000100
2173 0.000100
2174 0.000100
2175 0.000100
2176 0.000100
2177 0.000100
2178 0.000100
2179 0.000100
2180 0.000100
2181 0.000100
2182 0.000100
2183 0.000100
2184 0.000100
2185 0.000100
2186 0.000100
2187 0.000100
2188 0.000100
2189 0.000100
2190 0.000100
2191 0.000100
2192 0.000100
2193 0.000100
2194 0.000100
2195 0.000100
2196 0.000100
2197 0.000100
2198 0.000100
2199 0.000100
2200 0.000100
2201 0.000100
2202 0.000100
2203 0.000100
2204 0.000100
2205 0.000100
2206 0.000100
2207 0.000100
2208 0.000100
2209 0.000100
2210 0.000100
2211 0.000100
2212 0.000100
2213 0.000100
2214 0.000100
2215 0.000100
2216 0.000100
2217 0.000100
2218 0.000100
2219 0.000100
2220 0.000100
2221 0.000100
2222 0.000100
2223 0.000100
2224 0.000100
2225 0.000100
2226 0.000100
2227 0.000100
2228 0.000100
2229 0.000100
2230 0.000100
2231 0.000100
2232 0.000100
2233 0.000100
2234 0.000100
2235 0.000100
2236 0.000100
2237 0.000100
2238 0.000100
2239 0.000100
2240 0.000100
2241 0.000100
2242 0.000100
2243 0.000100
2244 0.000100
2245 0.000100
2246 0.000100
2247 0.000100
2248 0.000100
2249 0.000100
2250 0.000100
2251 0.000100
2252 0.000100
2253 0.000100
2254 0.000100
2255 0.000100
2256 0.000100
2257 0.000100
2258 0.000100
2259 0.000100
2260 0.000100
2261 0.000100
2262 0.000100
2263 0.000100
2264 0.000100
2265 0.000100
2266 0.000100
2267 0.000100
2268 0.000100
2269 0.000100
2270 0.000100
2271 0.000100
2272 0.000100
2273 0.000100
2274 0.000100
2275 0.000100
2276 0.000100
2277 0.000100
2278 0.000100
2279 0.000100
2280 0.000100
2281 0.000100
2282 0.000100
2283 0.000100
2284 0.000100
2285 0.000100
2286 0.000100
2287 0.000100
2288 0.000100
2289 0.000100
2290 0.000100
2291 0.000100
2292 0.000100
2293 0.000100
2294 0.000100
2295 0.000100
2296 0.000100
2297 0.000100
2298 0.000100
2299 0.000100
2300 0.000100
2301 0.000100
2302 0.000100
2303 0.000100
2304 0.000100
2305 0.000100
2306 0.000100
2307 0.000100
2308 0.000100
2309 0.000100
2310 0.000100
2311 0.000100
2312 0.000100
2313 0.000100
2314 0.000100
2315 0.000100
2316 0.000100
2317 0.000100
2318 0.000100
2319 0.000100
2320 0.000100
2321 0.000100
2322 0.000100
2323 0.000100
2324 0.000100
2325 0.000100
2326 0.000100
2327 0.000100
2328 0.000100
2329 0.000100
2330 0.000100
2331 0.000100
2332 0.000100
2333 0.000100
2334 0.000100
2335 0.000100
2336 0.000100
2337 0.000100
2338 0.000100
2339 0.000100
2340 0.000100
2341 0.000100
2342 0.000100
2343 0.000100
2344 0.000100
2345 0.000100
2346 0.000100
2347 0.000100
2348 0.000100
2349 0.000100
2350 0.000100
2351 0.000100
2352 0.000100
2353 0.000100
2354 0.000100
2355 0.000100
2356 0.000100
2357 0.000100
2358 0.000100
2359 0.000100
2360 0.000100
2361 0.000100
2362 0.000100
2363 0.000100
2364 0.000100
2365 0.000100
2366 0.000100
2367 0.000100
2368 0.000100
2369 0.000100
2370 0.000100
2371 0.000100
2372 0.000100
2373 0.000100
2374 0.000100
2375 0.000100
2376 0.000100
2377 0.000100
2378 0.000100
2379 0.000100
2380 0.000100
2381 0.000100
2382 0.000100
2383 0.000100
2384 0.000100
2385 0.000100
2386 0.000100
2387 0.000100
2388 0.000100
2389 0.000100
2390 0.000100
2391 0.000100
2392 0.000100
2393 0.000100
2394 0.000100
2395 0.000100
2396 0.000100
2397 0.000100
2398 0.000100
2399 0.000100
2400 0.000100
2401 0.000100
2402 0.000100
2403 0.000100
2404 0.000100
2405 0.000100
2406 0.000100
2407 0.000100
2408 0.000100
2409 0.000100
2410 0.000100
2411 0.000100
2412 0.000100
2413 0.000100
2414 0.000100
2415 0.000100
2416 0.000100
2417 0.000100
2418 0.000100
2419 0.000100
2420 0.000100
2421 0.000100
2422 0.000100
2423 0.000100
2424 0.000100
2425 0.000100
2426 0.000100
2427 0.000100
2428 0.000100
2429 0.000100
2430 0.000100
2431 0.000100
2432 0.000100
2433 0.000100
2434 0.000100
2435 0.000100
2436 0.000100
2437 0.000100
2438 0.000100
2439 0.000100
2440 0.000100
2441 0.000100
2442 0.000100
2443 0.000100
2444 0.000100
2445 0.000100
2446 0.000100
2447 0.000100
2448 0.000100
2449 0.000100
2450 0.000100
2451 0.000100
2452 0.000100
2453 0.000100
2454 0.000100
2455 0.000100
2456 0.000100
2457 0.000100
2458 0.000100
2459 0.000100
2460 0.000100
2461 0.000100
2462 0.000100
2463 0.000100
2464 0.000100
2465 0.000100
2466 0.000100
2467 0.000100
2468 0.000100
2469 0.000100
2470 0.000100
2471 0.000100
2472 0.000100
2473 0.000100
2474 0.000100
2475 0.000100
2476 0.000100
2477 0.000100
2478 0.000100
2479 0.000100
2480 0.000100
2481 0.000100
2482 0.000100
2483 0.000100
2484 0.000100
2485 0.000100
2486 0.000100
2487 0.000100
2488 0.000100
2489 0.000100
2490 0.000100
2491 0.000100
2492 0.000100
2493 0.000100
2494 0.000100
2495 0.000100
2496 0.000100
2497 0.000100
2498 0.000100
2499 0.000100
2500 0.000100
2501 0.000100
2502 0.000100
2503 0.000100
2504 0.000100
2505 0.000100
2506 0.000100
2507 0.000100
2508 0.000100
2509 0.000100
2510 0.000100
2511 0.000100
2512 0.000100
2513 0.000100
2514 0.000100
2515 0.000100
2516 0.000100
2517 0.000100
2518 0.000100
2519 0.000100
2520 0.000100
2521 0.000100
2522 0.000100
2523 0.000100
2524 0.000100
2525 0.000100
2526 0.000100
2527 0.000100
2528 0.000100
2529 0.000100
2530 0.000100
2531 0.000100
2532 0.000100
2533 0.000100
2534 0.000100
2535 0.000100
2536 0.000100
2537 0.000100
2538 0.000100
2539 0.000100
2540 0.000100
2541 0.000100
2542 0.000100
2543 0.000100
2544 0.000100
2545 0.000100
2546 0.000100
2547 0.000100
2548 0.000100
2549 0.000100
2550 0.000100
2551 0.000100
2552 0.000100
2553 0.000100
2554 0.000100
2555 0.000100
2556 0.000100
2557 0.000100
2558 0.000100
2559 0.000100
2560 0.000100
2561 0.000100
2562 0.000100
2563 0.000100
2564 0.000100
2565 0.000100
2566 0.000100
2567 0.000100
2568 0.000100
2569 0.000100
2570 0.000100
2571 0.000100
2572 0.000100
2573 0.000100
2574 0.000100
2575 0.000100
2576 0.000100
2577 0.000100
2578 0.000100
2579 0.000100
2580 0.000100
2581 0.000100
2582 0.000100
2583 0.000100
2584 0.000100
2585 0.000100
2586 0.000100
2587 0.000100
2588 0.000100
2589 0.000100
2590 0.000100
2591 0.000100
2592 0.000100
2593 0.000100
2594 0.000100
2595 0.000100
2596 0.000100
2597 0.000100
2598 0.000100
2599 0.000100
2600 0.000100
2601 0.000100
2602 0.000100
2603 0.000100
2604 0.000100
2605 0.000100
2606 0.000100
2607 0.000100
2608 0.000100
2609 0.000100
2610 0.000100
2611 0.000100
2612 0.000100
2613 0.000100
2614 0.000100
2615 0.000100
2616 0.000100
2617 0.000100
2618 0.000100
2619 0.000100
2620 0.000100
2621 0.000100
2622 0.000100
2623 0.000100
2624 0.000100
2625 0.000100
2626 0.000100
2627 0.000100
2628 0.000100
2629 0.000100
2630 0.000100
2631 0.000100
2632 0.000100
2633 0.000100
2634 0.000100
2635 0.000100
2636 0.000100
2637 0.000100
2638 0.000100
2639 0.000100
2640 0.000100
2641 0.000100
2642 0.000100
2643 0.000100
2644 0.000100
2645 0.000100
2646 0.000100
2647 0.000100
2648 0.000100
2649 0.000100
2650 0.000100
2651 0.000100
2652 0.000100
2653 0.000100
2654 0.000100
2655 0.000100
2656 0.000100
2657 0.000100
2658 0.000100
2659 0.000100
2660 0.000100
2661 0.000100
2662 0.000100
2663 0.000100
2664 0.000100
2665 0.000100
2666 0.000100
2667 0.000100
2668 0.000100
2669 0.000100
2670 0.000100
2671 0.000100
2672 0.000100
2673 0.000100
2674 0.000100
2675 0.000100
2676 0.000100
2677 0.000100
2678 0.000100
2679 0.000100
2680 0.000100
2681 0.000100
2682 0.000100
2683 0.000100
2684 0.000100
2685 0.000100
2686 0.000100
2687 0.000100
2688 0.000100
2689 0.000100
2690 0.000100
2691 0.000100
2692 0.000100
2693 0.000100
2694 0.000100
2695 0.000100
2696 0.000100
2697 0.000100
2698 0.000100
2699 0.000100
2700 0.000100
2701 0.000100
2702 0.000100
2703 0.000100
2704 0.000100
2705 0.000100
2706 0.000100
2707 0.000100
2708 0.000100
2709 0.000100
2710 0.000100
2711 0.000100
2712 0.000100
2713 0.000100
2714 0.000100
2715 0.000100
2716 0.000100
2717 0.000100
2718 0.000100
2719 0.000100
2720 0.000100
2721 0.000100
2722 0.000100
2723 0.000100
2724 0.000100
2725 0.000100
2726 0.000100
2727 0.000100
2728 0.000100
2729 0.000100
2730 0.000100
2731 0.000100
2732 0.000100
2733 0.000100
2734 0.000100
2735 0.000100
2736 0.000100
2737 0.000100
2738 0.000100
2739 0.000100
2740 0.000100
2741 0.000100
2742 0.000100
2743 0.000100
2744 0.000100
2745 0.000100
2746 0.000100
2747 0.000100
2748 0.000100
2749 0.000100
2750 0.000100
2751 0.000100
2752 0.000100
2753 0.000100
2754 0.000100
2755 0.000100
2756 0.000100
2757 0.000100
2758 0.000100
2759 0.000100
2760 0.000100
2761 0.000100
2762 0.000100
2763 0.000100
2764 0.000100
2765 0.000100
2766 0.000100
2767 0.000100
2768 0.000100
2769 0.000100
2770 0.000100
2771 0.000100
2772 0.000100
2773 0.000100
2774 0.000100
2775 0.000100
2776 0.000100
2777 0.000100
2778 0.000100
2779 0.000100
2780 0.000100
2781 0.000100
2782 0.000100
2783 0.000100
2784 0.000100
2785 0.000100
2786 0.000100
2787 0.000100
2788 0.000100
2789 0.000100
2790 0.000100
2791 0.000100
2792 0.000100
2793 0.000100
2794 0.000100
2795 0.000100
2796 0.000100
2797 0.000100
2798 0.000100
2799 0.000100
2800 0.000100
2801 0.000100
2802 0.000100
2803 0.000100
2804 0.000100
2805 0.000100
2806 0.000100
2807 0.000100
2808 0.000100
2809 0.000100
2810 0.000100
2811 0.000100
2812 0.000100
2813 0.000100
2814 0.000100
2815 0.000100
2816 0.000100
2817 0.000100
2818 0.000100
2819 0.000100
2820 0.000100
2821 0.000100
2822 0.000100
2823 0.000100
2824 0.000100
2825 0.000100
2826 0.000100
2827 0.000100
2828 0.000100
2829 0.000100
2830 0.000100
2831 0.000100
2832 0.000100
2833 0.000100
2834 0.000100
2835 0.000100
2836 0.000100
2837 0.000100
2838 0.000100
2839 0.000100
2840 0.000100
2841 0.000100
2842 0.000100
2843 0.000100
2844 0.000100
2845 0.000100
2846 0.000100
2847 0.000100
2848 0.000100
2849 0.000100
2850 0.000100
2851 0.000100
2852 0.000100
2853 0.000100
2854 0.000100
2855 0.000100
2856 0.000100
2857 0.000100
2858 0.000100
2859 0.000100
2860 0.000100
2861 0.000100
2862 0.000100
2863 0.000100
2864 0.000100
2865 0.000100
2866 0.000100
2867 0.000100
2868 0.000100
2869 0.000100
2870 0.000100
2871 0.000100
2872 0.000100
2873 0.000100
2874 0.000100
2875 0.000100
2876 0.000100
2877 0.000100
2878 0.000100
2879 0.000100
2880 0.000100
2881 0.000100
2882 0.000100
2883 0.000100
2884 0.000100
2885 0.000100
2886 0.000100
2887 0.000100
2888 0.000100
2889 0.000100
2890 0.000100
2891 0.000100
2892 0.000100
2893 0.000100
2894 0.000100
2895 0.000100
2896 0.000100
2897 0.000100
2898 0.000100
2899 0.000100
2900 0.000100
2901 0.000100
2902 0.000100
2903 0.000100
2904 0.000100
2905 0.000100
2906 0.000100
2907 0.000100
2908 0.000100
2909 0.000100
2910 0.000100
2911 0.000100
2912 0.000100
2913 0.000100
2914 0.000100
2915 0.000100
2916 0.000100
2917 0.000100
2918 0.000100
2919 0.000100
2920 0.000100
2921 0.000100
2922 0.000100
2923 0.000100
2924 0.000100
2925 0.000100
2926 0.000100
2927 0.000100
2928 0.000100
2929 0.000100
2930 0.000100
2931 0.000100
2932 0.000100
2933 0.000100
2934 0.000100
2935 0.000100
2936 0.000100
2937 0.000100
2938 0.000100
2939 0.000100
2940 0.000100
2941 0.000100
2942 0.000100
2943 0.000100
2944 0.000100
2945 0.000100
2946 0.000100
2947 0.000100
2948 0.000100
2949 0.000100
2950 0.000100
2951 0.000100
2952 0.000100
2953 0.000100
2954 0.000100
2955 0.000100
2956 0.000100
2957 0.000100
2958 0.000100
2959 0.000100
2960 0.000100
2961 0.000100
2962 0.000100
2963 0.000100
2964 0.000100
2965 0.000100
2966 0.000100
2967 0.000100
2968 0.000100
2969 0.000100
2970 0.000100
2971 0.000100
2972 0.000100
2973 0.000100
2974 0.000100
2975 0.000100
2976 0.000100
2977 0.000100
2978 0.000100
2979 0.000100
2980 0.000100
2981 0.000100
2982 0.000100
2983 0.000100
2984 0.000100
2985 0.000100
2986 0.000100
2987 0.000100
2988 0.000100
2989 0.000100
2990 0.000100
2991 0.000100
2992 0.000100
2993 0.000100
2994 0.000100
2995 0.000100
2996 0.000100
2997 0.000100
2998 0.000100
2999 0.000100
3000 0.000100
3001 0.000100
3002 0.000100
3003 0.000100
3004 0.000100
3005 0.000100
3006 0.000100
3007 0.000100
3008 0.000100
3009 0.000100
3010 0.000100
3011 0.000100
3012 0.000100
3013 0.000100
3014 0.000100
3015 0.000100
3016 0.000100
3017 0.000100
3018 0.000100
3019 0.000100
3020 0.000100
3021 0.000100
3022 0.000100
3023 0.000100
3024 0.000100
3025 0.000100
3026 0.000100
3027 0.000100
3028 0.000100
3029 0.000100
3030 0.000100
3031 0.000100
3032 0.000100
3033 0.000100
3034 0.000100
3035 0.000100
3036 0.000100
3037 0.000100
3038 0.000100
3039 0.000100
3040 0.000100
3041 0.000100
3042 0.000100
3043 0.000100
3044 0.000100
3045 0.000100
3046 0.000100
3047 0.000100
3048 0.000100
3049 0.000100
3050 0.000100
3051 0.000100
3052 0.000100
3053 0.000100
3054 0.000100
3055 0.000100
3056 0.000100
3057 0.000100
3058 0.000100
3059 0.000100
3060 0.000100
3061 0.000100
3062 0.000100
3063 0.000100
3064 0.000100
3065 0.000100
3066 0.000100
3067 0.000100
3068 0.000100
3069 0.000100
3070 0.000100
3071 0.000100
3072 0.000100
3073 0.000100
3074 0.000100
3075 0.000100
3076 0.000100
3077 0.000100
3078 0.000100
3079 0.000100
3080 0.000100
3081 0.000100
3082 0.000100
3083 0.000100
3084 0.000100
3085 0.000100
3086 0.000100
3087 0.000100
3088 0.000100
3089 0.000100
3090 0.000100
3091 0.000100
3092 0.000100
3093 0.000100
3094 0.000100
3095 0.000100
3096 0.000100
3097 0.000100
3098 0.000100
3099 0.000100
3100 0.000100
3101 0.000100
3102 0.000100
3103 0.000100
3104 0.000100
3105 0.000100
3106 0.000100
3107 0.000100
3108 0.000100
3109 0.000100
3110 0.000100
3111 0.000100
3112 0.000100
3113 0.000100
3114 0.000100
3115 0.000100
3116 0.000100
3117 0.000100
3118 0.000100
3119 0.000100
3120 0.000100
3121 0.000100
3122 0.000100
3123 0.000100
3124 0.000100
3125 0.000100
3126 0.000100
3127 0.000100
3128 0.000100
3129 0.000100
3130 0.000100
3131 0.000100
3132 0.000100
3133 0.000100
3134 0.000100
3135 0.000100
3136 0.000100
3137 0.000100
3138 0.000100
3139 0.000100
3140 0.000100
3141 0.000100
3142 0.000100
3143 0.000100
3144 0.000100
3145 0.000100
3146 0.000100
3147 0.000100
3148 0.000100
3149 0.000100
3150 0.000100
3151 0.000100
3152 0.000100
3153 0.000100
3154 0.000100
3155 0.000100
3156 0.000100
3157 0.000100
3158 0.000100
3159 0.000100
3160 0.000100
3161 0.000100
3162 0.000100
3163 0.000100
3164 0.000100
3165 0.000100
3166 0.000100
3167 0.000100
3168 0.000100
3169 0.000100
3170 0.000100
3171 0.000100
3172 0.000100
3173 0.000100
3174 0.000100
3175 0.000100
3176 0.000100
3177 0.000100
3178 0.000100
3179 0.000100
3180 0.000100
3181 0.000100
3182 0.000100
3183 0.000100
3184 0.000100
3185 0.000100
3186 0.000100
3187 0.000100
3188 0.000100
3189 0.000100
3190 0.000100
3191 0.000100
3192 0.000100
3193 0.000100
3194 0.000100
3195 0.000100
3196 0.000100
3197 0.000100
3198 0.000100
3199 0.000100
3200 0.000100
3201 0.000100
3202 0.000100
3203 0.000100
3204 0.000100
3205 0.000100
3206 0.000100
3207 0.000100
3208 0.000100
3209 0.000100
3210 0.000100
3211 0.000100
3212 0.000100
3213 0.000100
3214 0.000100
3215 0.000100
3216 0.000100
3217 0.000100
3218 0.000100
3219 0.000100
3220 0.000100
3221 0.000100
3222 0.000100
3223 0.000100
3224 0.000100
3225 0.000100
3226 0.000100
3227 0.000100
3228 0.000100
3229 0.000100
3230 0.000100
3231 0.000100
3232 0.000100
3233 0.000100
3234 0.000100
3235 0.000100
3236 0.000100
3237 0.000100
3238 0.000100
3239 0.000100
3240 0.000100
3241 0.000100
3242 0.000100
3243 0.000100
3244 0.000100
3245 0.000100
3246 0.000100
3247 0.000100
3248 0.000100
3249 0.000100
3250 0.000100
3251 0.000100
3252 0.000100
3253 0.000100
3254 0.000100
3255 0.000100
3256 0.000100
3257 0.000100
3258 0.000100
3259 0.000100
3260 0.000100
3261 0.000100
3262 0.000100
3263 0.000100
3264 0.000100
3265 0.000100
3266 0.000100
3267 0.000100
3268 0.000100
3269 0.000100
3270 0.000100
3271 0.000100
3272 0.000100
3273 0.000100
3274 0.000100
3275 0.000100
3276 0.000100
3277 0.000100
3278 0.000100
3279 0.000100
3280 0.000100
3281 0.000100
3282 0.000100
3283 0.000100
3284 0.000100
3285 0.000100
3286 0.000100
3287 0.000100
3288 0.000100
3289 0.000100
3290 0.000100
3291 0.000100
3292 0.000100
3293 0.000100
3294 0.000100
3295 0.000100
3296 0.000100
3297 0.000100
3298 0.000100
3299 0.000100
3300 0.000100
3301 0.000100
3302 0.000100
3303 0.000100
3304 0.000100
3305 0.000100
3306 0.000100
3307 0.000100
3308 0.000100
3309 0.000100
3310 0.000100
3311 0.000100
3312 0.000100
3313 0.000100
3314 0.000100
3315 0.000100
3316 0.000100
3317 0.000100
3318 0.000100
3319 0.000100
3320 0.000100
3321 0.000100
3322 0.000100
3323 0.000100
3324 0.000100
3325 0.000100
3326 0.000100
3327 0.000100
3328 0.000100
3329 0.000100
3330 0.000100
3331 0.000100
3332 0.000100
3333 0.000100
3334 0.000100
3335 0.000100
3336 0.000100
3337 0.000100
3338 0.000100
3339 0.000100
3340 0.000100
3341 0.000100
3342 0.000100
3343 0.000100
3344 0.000100
3345 0.000100
3346 0.000100
3347 0.000100
3348 0.000100
3349 0.000100
3350 0.000100
3351 0.000100
3352 0.000100
3353 0.000100
3354 0.000100
3355 0.000100
3356 0.000100
3357 0.000100
3358 0.000100
3359 0.000100
3360 0.000100
3361 0.000100
3362 0.000100
3363 0.000100
3364 0.000100
3365 0.000100
3366 0.000100
3367 0.000100
3368 0.000100
3369 0.000100
3370 0.000100
3371 0.000100
3372 0.000100
3373 0.000100
3374 0.000100
3375 0.000100
3376 0.000100
3377 0.000100
3378 0.000100
3379 0.000100
3380 0.000100
3381 0.000100
3382 0.000100
3383 0.000100
3384 0.000100
3385 0.000100
3386 0.000100
3387 0.000100
3388 0.000100
3389 0.000100
3390 0.000100
3391 0.000100
3392 0.000100
3393 0.000100
3394 0.000100
3395 0.000100
3396 0.000100
3397 0.000100
3398 0.000100
3399 0.000100
3400 0.000100
3401 0.000100
3402 0.000100
3403 0.000100
3404 0.000100
3405 0.000100
3406 0.000100
3407 0.000100
3408 0.000100
3409 0.000100
3410 0.000100
3411 0.000100
3412 0.000100
3413 0.000100
3414 0.000100
3415 0.000100
3416 0.000100
3417 0.000100
3418 0.000100
3419 0.000100
3420 0.000100
3421 0.000100
3422 0.000100
3423 0.000100
3424 0.000100
3425 0.000100
3426 0.000100
3427 0.000100
3428 0.000100
3429 0.000100
3430 0.000100
3431 0.000100
3432 0.000100
3433 0.000100
3434 0.000100
3435 0.000100
3436 0.000100
3437 0.000100
3438 0.000100
3439 0.000100
3440 0.000100
3441 0.000100
3442 0.000100
3443 0.000100
3444 0.000100
3445 0.000100
3446 0.000100
3447 0.000100
3448 0.000100
3449 0.000100
3450 0.000100
3451 0.000100
3452 0.000100
3453 0.000100
3454 0.000100
3455 0.000100
3456 0.000100
3457 0.000100
3458 0.000100
3459 0.000100
3460 0.000100
3461 0.000100
3462 0.000100
3463 0.000100
3464 0.000100
3465 0.000100
3466 0.000100
3467 0.000100
3468 0.000100
3469 0.000100
3470 0.000100
3471 0.000100
3472 0.000100
3473 0.000100
3474 0.000100
3475 0.000100
3476 0.000100
3477 0.000100
3478 0.000100
3479 0.000100
3480 0.000100
3481 0.000100
3482 0.000100
3483 0.000100
3484 0.000100
3485 0.000100
3486 0.000100
3487 0.000100
3488 0.000100
3489 0.000100
3490 0.000100
3491 0.000100
3492 0.000100
3493 0.000100
3494 0.000100
3495 0.000100
3496 0.000100
3497 0.000100
3498 0.000100
3499 0.000100
3500 0.000100
3501 0.000100
3502 0.000100
3503 0.000100
3504 0.000100
3505 0.000100
3506 0.000100
3507 0.000100
3508 0.000100
3509 0.000100
3510 0.000100
3511 0.000100
3512 0.000100
3513 0.000100
3514 0.000100
3515 0.000100
3516 0.000100
3517 0.000100
3518 0.000100
3519 0.000100
3520 0.000100
3521 0.000100
3522 0.000100
3523 0.000100
3524 0.000100
3525 0.000100
3526 0.000100
3527 0.000100
3528 0.000100
3529 0.000100
3530 0.000100
3531 0.000100
3532 0.000100
3533 0.000100
3534 0.000100
3535 0.000100
3536 0.000100
3537 0.000100
3538 0.000100
3539 0.000100
3540 0.000100
3541 0.000100
3542 0.000100
3543 0.000100
3544 0.000100
3545 0.000100
3546 0.000100
3547 0.000100
3548 0.000100
3549 0.000100
3550 0.000100
3551 0.000100
3552 0.000100
3553 0.000100
3554 0.000100
3555 0.000100
3556 0.000100
3557 0.000100
3558 0.000100
3559 0.000100
3560 0.000100
3561 0.000100
3562 0.000100
3563 0.000100
3564 0.000100
3565 0.000100
3566 0.000100
3567 0.000100
3568 0.000100
3569 0.000100
3570 0.000100
3571 0.000100
3572 0.000100
3573 0.000100
3574 0.000100
3575 0.000100
3576 0.000100
3577 0.000100
3578 0.000100
3579 0.000100
3580 0.000100
3581 0.000100
3582 0.000100
3583 0.000100
3584 0.000100
3585 0.000100
3586 0.000100
3587 0.000100
3588 0.000100
3589 0.000100
3590 0.000100
3591 0.000100
3592 0.000100
3593 0.000100
3594 0.000100
3595 0.000100
3596 0.000100
3597 0.000100
3598 0.000100
3599 0.000100
3600 0.000100
3601 0.000100
3602 0.000100
3603 0.000100
3604 0.000100
3605 0.000100
3606 0.000100
3607 0.000100
3608 0.000100
3609 0.000100
3610 0.000100
3611 0.000100
3612 0.000100
3613 0.000100
3614 0.000100
3615 0.000100
3616 0.000100
3617 0.000100
3618 0.000100
3619 0.000100
3620 0.000100
3621 0.000100
3622 0.000100
3623 0.000100
3624 0.000100
3625 0.000100
3626 0.000100
3627 0.000100
3628 0.000100
3629 0.000100
3630 0.000100
3631 0.000100
3632 0.000100
3633 0.000100
3634 0.000100
3635 0.000100
3636 0.000100
3637 0.000100
3638 0.000100
3639 0.000100
3640 0.000100
3641 0.000100
3642 0.000100
3643 0.000100
3644 0.000100
3645 0.000100
3646 0.000100
3647 0.000100
3648 0.000100
3649 0.000100
3650 0.000100
3651 0.000100
3652 0.000100
3653 0.000100
3654 0.000100
3655 0.000100
3656 0.000100
3657 0.000100
3658 0.000100
3659 0.000100
3660 0.000100
3661 0.000100
3662 0.000100
3663 0.000100
3664 0.000100
3665 0.000100
3666 0.000100
3667 0.000100
3668 0.000100
3669 0.000100
3670 0.000100
3671 0.000100
3672 0.000100
3673 0.000100
3674 0.000100
3675 0.000100
3676 0.000100
3677 0.000100
3678 0.000100
3679 0.000100
3680 0.000100
3681 0.000100
3682 0.000100
3683 0.000100
3684 0.000100
3685 0.000100
3686 0.000100
3687 0.000100
3688 0.000100
3689 0.000100
3690 0.000100
3691 0.000100
3692 0.000100
3693 0.000100
3694 0.000100
3695 0.000100
3696 0.000100
3697 0.000100
3698 0.000100
3699 0.000100
3700 0.000100
3701 0.000100
3702 0.000100
3703 0.000100
3704 0.000100
3705 0.000100
3706 0.000100
3707 0.000100
3708 0.000100
3709 0.000100
3710 0.000100
3711 0.000100
3712 0.000100
3713 0.000100
3714 0.000100
3715 0.000100
3716 0.000100
3717 0.000100
3718 0.000100
3719 0.000100
3720 0.000100
3721 0.000100
3722 0.000100
3723 0.000100
3724 0.000100
3725 0.000100
3726 0.000100
3727 0.000100
3728 0.000100
3729 0.000100
3730 0.000100
3731 0.000100
3732 0.000100
3733 0.000100
3734 0.000100
3735 0.000100
3736 0.000100
3737 0.000100
3738 0.000100
3739 0.000100
3740 0.000100
3741 0.000100
3742 0.000100
3743 0.000100
3744 0.000100
3745 0.000100
3746 0.000100
3747 0.000100
3748 0.000100
3749 0.000100
3750 0.000100
3751 0.000100
3752 0.000100
3753 0.000100
3754 0.000100
3755 0.000100
3756 0.000100
3757 0.000100
3758 0.000100
3759 0.000100
3760 0.000100
3761 0.000100
3762 0.000100
3763 0.000100
3764 0.000100
3765 0.000100
3766 0.000100
3767 0.000100
3768 0.000100
3769 0.000100
3770 0.000100
3771 0.000100
3772 0.000100
3773 0.000100
3774 0.000100
3775 0.000100
3776 0.000100
3777 0.000100
3778 0.000100
3779 0.000100
3780 0.000100
3781 0.000100
3782 0.000100
3783 0.000100
3784 0.000100
3785 0.000100
3786 0.000100
3787 0.000100
3788 0.000100
3789 0.000100
3790 0.000100
3791 0.000100
3792 0.000100
3793 0.000100
3794 0.000100
3795 0.000100
3796 0.000100
3797 0.000100
3798 0.000100
3799 0.000100
3800 0.000100
3801 0.000100
3802 0.000100
3803 0.000100
3804 0.000100
3805 0.000100
3806 0.000100
3807 0.000100
3808 0.000100
3809 0.000100
3810 0.000100
3811 0.000100
3812 0.000100
3813 0.000100
3814 0.000100
3815 0.000100
3816 0.000100
3817 0.000100
3818 0.000100
3819 0.000100
3820 0.000100
3821 0.000100
3822 0.000100
3823 0.000100
3824 0.000100
3825 0.000100
3826 0.000100
3827 0.000100
3828 0.000100
3829 0.000100
3830 0.000100
3831 0.000100
3832 0.000100
3833 0.000100
3834 0.000100
3835 0.000100
3836 0.000100
3837 0.000100
3838 0.000100
3839 0.000100
3840 0.000100
3841 0.000100
3842 0.000100
3843 0.000100
3844 0.000100
3845 0.000100
3846 0.000100
3847 0.000100
3848 0.000100
3849 0.000100
3850 0.000100
3851 0.000100
3852 0.000100
3853 0.000100
3854 0.000100
3855 0.000100
3856 0.000100
3857 0.000100
3858 0.000100
3859 0.000100
3860 0.000100
3861 0.000100
3862 0.000100
3863 0.000100
3864 0.000100
3865 0.000100
3866 0.000100
3867 0.000100
3868 0.000100
3869 0.000100
3870 0.000100
3871 0.000100
3872 0.000100
3873 0.000100
3874 0.000100
3875 0.000100
3876 0.000100
3877 0.000100
3878 0.000100
3879 0.000100
3880 0.000100
3881 0.000100
3882 0.000100
3883 0.000100
3884 0.000100
3885 0.000100
3886 0.000100
3887 0.000100
3888 0.000100
3889 0.000100
3890 0.000100
3891 0.000100
3892 0.000100
3893 0.000100
3894 0.000100
3895 0.000100
3896 0.000100
3897 0.000100
3898 0.000100
3899 0.000100
3900 0.000100
3901 0.000100
3902 0.000100
3903 0.000100
3904 0.000100
3905 0.000100
3906 0.000100
3907 0.000100
3908 0.000100
3909 0.000100
3910 0.000100
3911 0.000100
3912 0.000100
3913 0.000100
3914 0.000100
3915 0.000100
3916 0.000100
3917 0.000100
3918 0.000100
3919 0.000100
3920 0.000100
3921 0.000100
3922 0.000100
3923 0.000100
3924 0.000100
3925 0.000100
3926 0.000100
3927 0.000100
3928 0.000100
3929 0.000100
3930 0.000100
3931 0.000100
3932 0.000100
3933 0.000100
3934 0.000100
3935 0.000100
3936 0.000100
3937 0.000100
3938 0.000100
3939 0.000100
3940 0.000100
3941 0.000100
3942 0.000100
3943 0.000100
3944 0.000100
3945 0.000100
3946 0.000100
3947 0.000100
3948 0.000100
3949 0.000100
3950 0.000100
3951 0.000100
3952 0.000100
3953 0.000100
3954 0.000100
3955 0.000100
3956 0.000100
3957 0.000100
3958 0.000100
3959 0.000100
3960 0.000100
3961 0.000100
3962 0.000100
3963 0.000100
3964 0.000100
3965 0.000100
3966 0.000100
3967 0.000100
3968 0.000100
3969 0.000100
3970 0.000100
3971 0.000100
3972 0.000100
3973 0.000100
3974 0.000100
3975 0.000100
3976 0.000100
3977 0.000100
3978 0.000100
3979 0.000100
3980 0.000100
3981 0.000100
3982 0.000100
3983 0.000100
3984 0.000100
3985 0.000100
3986 0.000100
3987 0.000100
3988 0.000100
3989 0.000100
3990 0.000100
3991 0.000100
3992 0.000100
3993 0.000100
3994 0.000100
3995 0.000100
3996 0.000100
3997 0.000100
3998 0.000100
3999 0.000100
4000 0.000100
4001 0.000100
4002 0.000100
4003 0.000100
4004 0.000100
4005 0.000100
4006 0.000100
4007 0.000100
4008 0.000100
4009 0.000100
4010 0.000100
4011 0.000100
4012 0.000100
4013 0.000100
4014 0.000100
4015 0.000100
4016 0.000100
4017 0.000100
4018 0.000100
4019 0.000100
4020 0.000100
4021 0.000100
4022 0.000100
4023 0.000100
4024 0.000100
4025 0.000100
4026 0.000100
4027 0.000100
4028 0.000100
4029 0.000100
4030 0.000100
4031 0.000100
4032 0.000100
4033 0.000100
4034 0.000100
4035 0.000100
4036 0.000100
4037 0.000100
4038 0.000100
4039 0.000100
4040 0.000100
4041 0.000100
4042 0.000100
4043 0.000100
4044 0.000100
4045 0.000100
4046 0.000100
4047 0.000100
4048 0.000100
4049 0.000100
4050 0.000100
4051 0.000100
4052 0.000100
4053 0.000100
4054 0.000100
4055 0.000100
4056 0.000100
4057 0.000100
4058 0.000100
4059 0.000100
4060 0.000100
4061 0.000100
4062 0.000100
4063 0.000100
4064 0.000100
4065 0.000100
4066 0.000100
4067 0.000100
4068 0.000100
4069 0.000100
4070 0.000100
4071 0.000100
4072 0.000100
4073 0.000100
4074 0.000100
4075 0.000100
4076 0.000100
4077 0.000100
4078 0.000100
4079 0.000100
4080 0.000100
4081 0.000100
4082 0.000100
4083 0.000100
4084 0.000100
4085 0.000100
4086 0.000100
4087 0.000100
4088 0.000100
4089 0.000100
4090 0.000100
4091 0.000100
4092 0.000100
4093 0.000100
4094 0.000100
4095 0.000100
4096 0.000100
4097 0.000100
4098 0.000100
4099 0.000100
4100 0.000100
4101 0.000100
4102 0.000100
4103 0.000100
4104 0.000100
4105 0.000100
4106 0.000100
4107 0.000100
4108 0.000100
4109 0.000100
4110 0.000100
4111 0.000100
4112 0.000100
4113 0.000100
4114 0.000100
4115 0.000100
4116 0.000100
4117 0.000100
4118 0.000100
4119 0.000100
4120 0.000100
4121 0.000100
4122 0.000100
4123 0.000100
4124 0.000100
4125 0.000100
4126 0.000100
4127 0.000100
4128 0.000100
4129 0.000100
4130 0.000100
4131 0.000100
4132 0.000100
4133 0.000100
4134 0.000100
4135 0.000100
4136 0.000100
4137 0.000100
4138 0.000100
4139 0.000100
4140 0.000100
4141 0.000100
4142 0.000100
4143 0.000100
4144 0.000100
4145 0.000100
4146 0.000100
4147 0.000100
4148 0.000100
4149 0.000100
4150 0.000100
4151 0.000100
4152 0.000100
4153 0.000100
4154 0.000100
4155 0.000100
4156 0.000100
4157 0.000100
4158 0.000100
4159 0.000100
4160 0.000100
4161 0.000100
4162 0.000100
4163 0.000100
4164 0.000100
4165 0.000100
4166 0.000100
4167 0.000100
4168 0.000100
4169 0.000100
4170 0.000100
4171 0.000100
4172 0.000100
4173 0.000100
4174 0.000100
4175 0.000100
4176 0.000100
4177 0.000100
4178 0.000100
4179 0.000100
4180 0.000100
4181 0.000100
4182 0.000100
4183 0.000100
4184 0.000100
4185 0.000100
4186 0.000100
4187 0.000100
4188 0.000100
4189 0.000100
4190 0.000100
4191 0.000100
4192 0.000100
4193 0.000100
4194 0.000100
4195 0.000100
4196 0.000100
4197 0.000100
4198 0.000100
4199 0.000100
4200 0.000100
4201 0.000100
4202 0.000100
4203 0.000100
4204 0.000100
4205 0.000100
4206 0.000100
4207 0.000100
4208 0.000100
4209 0.000100
4210 0.000100
4211 0.000100
4212 0.000100
4213 0.000100
4214 0.000100
4215 0.000100
4216 0.000100
4217 0.000100
4218 0.000100
4219 0.000100
4220 0.000100
4221 0.000100
4222 0.000100
4223 0.000100
4224 0.000100
4225 0.000100
4226 0.000100
4227 0.000100
4228 0.000100
4229 0.000100
4230 0.000100
4231 0.000100
4232 0.000100
4233 0.000100
4234 0.000100
4235 0.000100
4236 0.000100
4237 0.000100
4238 0.000100
4239 0.000100
4240 0.000100
4241 0.000100
4242 0.000100
4243 0.000100
4244 0.000100
4245 0.000100
4246 0.000100
4247 0.000100
4248 0.000100
4249 0.000100
4250 0.000100
4251 0.000100
4252 0.000100
4253 0.000100
4254 0.000100
4255 0.000100
4256 0.000100
4257 0.000100
4258 0.000100
4259 0.000100
4260 0.000100
4261 0.000100
4262 0.000100
4263 0.000100
4264 0.000100
4265 0.000100
4266 0.000100
4267 0.000100
4268 0.000100
4269 0.000100
4270 0.000100
4271 0.000100
4272 0.000100
4273 0.000100
4274 0.000100
4275 0.000100
4276 0.000100
4277 0.000100
4278 0.000100
4279 0.000100
4280 0.000100
4281 0.000100
4282 0.000100
4283 0.000100
4284 0.000100
4285 0.000100
4286 0.000100
4287 0.000100
4288 0.000100
4289 0.000100
4290 0.000100
4291 0.000100
4292 0.000100
4293 0.000100
4294 0.000100
4295 0.000100
4296 0.000100
4297 0.000100
4298 0.000100
4299 0.000100
4300 0.000100
4301 0.000100
4302 0.000100
4303 0.000100
4304 0.000100
4305 0.000100
4306 0.000100
4307 0.000100
4308 0.000100
4309 0.000100
4310 0.000100
4311 0.000100
4312 0.000100
4313 0.000100
4314 0.000100
4315 0.000100
4316 0.000100
4317 0.000100
4318 0.000100
4319 0.000100
4320 0.000100
4321 0.000100
4322 0.000100
4323 0.000100
4324 0.000100
4325 0.000100
4326 0.000100
4327 0.000100
4328 0.000100
4329 0.000100
4330 0.000100
4331 0.000100
4332 0.000100
4333 0.000100
4334 0.000100
4335 0.000100
4336 0.000100
4337 0.000100
4338 0.000100
4339 0.000100
4340 0.000100
4341 0.000100
4342 0.000100
4343 0.000100
4344 0.000100
4345 0.000100
4346 0.000100
4347 0.000100
4348 0.000100
4349 0.000100
4350 0.000100
4351 0.000100
4352 0.000100
4353 0.000100
4354 0.000100
4355 0.000100
4356 0.000100
4357 0.000100
4358 0.000100
4359 0.000100
4360 0.000100
4361 0.000100
4362 0.000100
4363 0.000100
4364 0.000100
4365 0.000100
4366 0.000100
4367 0.000100
4368 0.000100
4369 0.000100
4370 0.000100
4371 0.000100
4372 0.000100
4373 0.000100
4374 0.000100
4375 0.000100
4376 0.000100
4377 0.000100
4378 0.000100
4379 0.000100
4380 0.000100
4381 0.000100
4382 0.000100
4383 0.000100
4384 0.000100
4385 0.000100
4386 0.000100
4387 0.000100
4388 0.000100
4389 0.000100
4390 0.000100
4391 0.000100
4392 0.000100
4393 0.000100
4394 0.000100
4395 0.000100
4396 0.000100
4397 0.000100
4398 0.000100
4399 0.000100
4400 0.000100
4401 0.000100
4402 0.000100
4403 0.000100
4404 0.000100
4405 0.000100
4406 0.000100
4407 0.000100
4408 0.000100
4409 0.000100
4410 0.000100
4411 0.000100
4412 0.000100
4413 0.000100
4414 0.000100
4415 0.000100
4416 0.000100
4417 0.000100
4418 0.000100
4419 0.000100
4420 0.000100
4421 0.000100
4422 0.000100
4423 0.000100
4424 0.000100
4425 0.000100
4426 0.000100
4427 0.000100
4428 0.000100
4429 0.000100
4430 0.000100
4431 0.000100
4432 0.000100
4433 0.000100
4434 0.000100
4435 0.000100
4436 0.000100
4437 0.000100
4438 0.000100
4439 0.000100
4440 0.000100
4441 0.000100
4442 0.000100
4443 0.000100
4444 0.000100
4445 0.000100
4446 0.000100
4447 0.000100
4448 0.000100
4449 0.000100
4450 0.000100
4451 0.000100
4452 0.000100
4453 0.000100
4454 0.000100
4455 0.000100
4456 0.000100
4457 0.000100
4458 0.000100
4459 0.000100
4460 0.000100
4461 0.000100
4462 0.000100
4463 0.000100
4464 0.000100
4465 0.000100
4466 0.000100
4467 0.000100
4468 0.000100
4469 0.000100
4470 0.000100
4471 0.000100
4472 0.000100
4473 0.000100
4474 0.000100
4475 0.000100
4476 0.000100
4477 0.000100
4478 0.000100
4479 0.000100
4480 0.000100
4481 0.000100
4482 0.000100
4483 0.000100
4484 0.000100
4485 0.000100
4486 0.000100
4487 0.000100
4488 0.000100
4489 0.000100
4490 0.000100
4491 0.000100
4492 0.000100
4493 0.000100
4494 0.000100
4495 0.000100
4496 0.000100
4497 0.000100
4498 0.000100
4499 0.000100
4500 0.000100
4501 0.000100
4502 0.000100
4503 0.000100
4504 0.000100
4505 0.000100
4506 0.000100
4507 0.000100
4508 0.000100
4509 0.000100
4510 0.000100
4511 0.000100
4512 0.000100
4513 0.000100
4514 0.000100
4515 0.000100
4516 0.000100
4517 0.000100
4518 0.000100
4519 0.000100
4520 0.000100
4521 0.000100
4522 0.000100
4523 0.000100
4524 0.000100
4525 0.000100
4526 0.000100
4527 0.000100
4528 0.000100
4529 0.000100
4530 0.000100
4531 0.000100
4532 0.000100
4533 0.000100
4534 0.000100
4535 0.000100
4536 0.000100
4537 0.000100
4538 0.000100
4539 0.000100
4540 0.000100
4541 0.000100
4542 0.000100
4543 0.000100
4544 0.000100
4545 0.000100
4546 0.000100
4547 0.000100
4548 0.000100
4549 0.000100
4550 0.000100
4551 0.000100
4552 0.000100
4553 0.000100
4554 0.000100
4555 0.000100
4556 0.000100
4557 0.000100
4558 0.000100
4559 0.000100
4560 0.000100
4561 0.000100
4562 0.000100
4563 0.000100
4564 0.000100
4565 0.000100
4566 0.000100
4567 0.000100
4568 0.000100
4569 0.000100
4570 0.000100
4571 0.000100
4572 0.000100
4573 0.000100
4574 0.000100
4575 0.000100
4576 0.000100
4577 0.000100
4578 0.000100
4579 0.000100
4580 0.000100
4581 0.000100
4582 0.000100
4583 0.000100
4584 0.000100
4585 0.000100
4586 0.000100
4587 0.000100
4588 0.000100
4589 0.000100
4590 0.000100
4591 0.000100
4592 0.000100
4593 0.000100
4594 0.000100
4595 0.000100
4596 0.000100
4597 0.000100
4598 0.000100
4599 0.000100
4600 0.000100
4601 0.000100
4602 0.000100
4603 0.000100
4604 0.000100
4605 0.000100
4606 0.000100
4607 0.000100
4608 0.000100
4609 0.000100
4610 0.000100
4611 0.000100
4612 0.000100
4613 0.000100
4614 0.000100
4615 0.000100
4616 0.000100
4617 0.000100
4618 0.000100
4619 0.000100
4620 0.000100
4621 0.000100
4622 0.000100
4623 0.000100
4624 0.000100
4625 0.000100
4626 0.000100
4627 0.000100
4628 0.000100
4629 0.000100
4630 0.000100
4631 0.000100
4632 0.000100
4633 0.000100
4634 0.000100
4635 0.000100
4636 0.000100
4637 0.000100
4638 0.000100
4639 0.000100
4640 0.000100
4641 0.000100
4642 0.000100
4643 0.000100
4644 0.000100
4645 0.000100
4646 0.000100
4647 0.000100
4648 0.000100
4649 0.000100
4650 0.000100
4651 0.000100
4652 0.000100
4653 0.000100
4654 0.000100
4655 0.000100
4656 0.000100
4657 0.000100
4658 0.000100
4659 0.000100
4660 0.000100
4661 0.000100
4662 0.000100
4663 0.000100
4664 0.000100
4665 0.000100
4666 0.000100
4667 0.000100
4668 0.000100
4669 0.000100
4670 0.000100
4671 0.000100
4672 0.000100
4673 0.000100
4674 0.000100
4675 0.000100
4676 0.000100
4677 0.000100
4678 0.000100
4679 0.000100
4680 0.000100
4681 0.000100
4682 0.000100
4683 0.000100
4684 0.000100
4685 0.000100
4686 0.000100
4687 0.000100
4688 0.000100
4689 0.000100
4690 0.000100
4691 0.000100
4692 0.000100
4693 0.000100
4694 0.000100
4695 0.000100
4696 0.000100
4697 0.000100
4698 0.000100
4699 0.000100
4700 0.000100
4701 0.000100
4702 0.000100
4703 0.000100
4704 0.000100
4705 0.000100
4706 0.000100
4707 0.000100
4708 0.000100
4709 0.000100
4710 0.000100
4711 0.000100
4712 0.000100
4713 0.000100
4714 0.000100
4715 0.000100
4716 0.000100
4717 0.000100
4718 0.000100
4719 0.000100
4720 0.000100
4721 0.000100
4722 0.000100
4723 0.000100
4724 0.000100
4725 0.000100
4726 0.000100
4727 0.000100
4728 0.000100
4729 0.000100
4730 0.000100
4731 0.000100
4732 0.000100
4733 0.000100
4734 0.000100
4735 0.000100
4736 0.000100
4737 0.000100
4738 0.000100
4739 0.000100
4740 0.000100
4741 0.000100
4742 0.000100
4743 0.000100
4744 0.000100
4745 0.000100
4746 0.000100
4747 0.000100
4748 0.000100
4749 0.000100
4750 0.000100
4751 0.000100
4752 0.000100
4753 0.000100
4754 0.000100
4755 0.000100
4756 0.000100
4757 0.000100
4758 0.000100
4759 0.000100
4760 0.000100
4761 0.000100
4762 0.000100
4763 0.000100
4764 0.000100
4765 0.000100
4766 0.000100
4767 0.000100
4768 0.000100
4769 0.000100
4770 0.000100
4771 0.000100
4772 0.000100
4773 0.000100
4774 0.000100
4775 0.000100
4776 0.000100
4777 0.000100
4778 0.000100
4779 0.000100
4780 0.000100
4781 0.000100
4782 0.000100
4783 0.000100
4784 0.000100
4785 0.000100
4786 0.000100
4787 0.000100
4788 0.000100
4789 0.000100
4790 0.000100
4791 0.000100
4792 0.000100
4793 0.000100
4794 0.000100
4795 0.000100
4796 0.000100
4797 0.000100
4798 0.000100
4799 0.000100
4800 0.000100
4801 0.000100
4802 0.000100
4803 0.000100
4804 0.000100
4805 0.000100
4806 0.000100
4807 0.000100
4808 0.000100
4809 0.000100
4810 0.000100
4811 0.000100
4812 0.000100
4813 0.000100
4814 0.000100
4815 0.000100
4816 0.000100
4817 0.000100
4818 0.000100
4819 0.000100
4820 0.000100
4821 0.000100
4822 0.000100
4823 0.000100
4824 0.000100
4825 0.000100
4826 0.000100
4827 0.000100
4828 0.000100
4829 0.000100
4830 0.000100
4831 0.000100
4832 0.000100
4833 0.000100
4834 0.000100
4835 0.000100
4836 0.000100
4837 0.000100
4838 0.000100
4839 0.000100
4840 0.000100
4841 0.000100
4842 0.000100
4843 0.000100
4844 0.000100
4845 0.000100
4846 0.000100
4847 0.000100
4848 0.000100
4849 0.000100
4850 0.000100
4851 0.000100
4852 0.000100
4853 0.000100
4854 0.000100
4855 0.000100
4856 0.000100
4857 0.000100
4858 0.000100
4859 0.000100
4860 0.000100
4861 0.000100
4862 0.000100
4863 0.000100
4864 0.000100
4865 0.000100
4866 0.000100
4867 0.000100
4868 0.000100
4869 0.000100
4870 0.000100
4871 0.000100
4872 0.000100
4873 0.000100
4874 0.000100
4875 0.000100
4876 0.000100
4877 0.000100
4878 0.000100
4879 0.000100
4880 0.000100
4881 0.000100
4882 0.000100
4883 0.000100
4884 0.000100
4885 0.000100
4886 0.000100
4887 0.000100
4888 0.000100
4889 0.000100
4890 0.000100
4891 0.000100
4892 0.000100
4893 0.000100
4894 0.000100
4895 0.000100
4896 0.000100
4897 0.000100
4898 0.000100
4899 0.000100
4900 0.000100
4901 0.000100
4902 0.000100
4903 0.000100
4904 0.000100
4905 0.000100
4906 0.000100
4907 0.000100
4908 0.000100
4909 0.000100
4910 0.000100
4911 0.000100
4912 0.000100
4913 0.000100
4914 0.000100
4915 0.000100
4916 0.000100
4917 0.000100
4918 0.000100
4919 0.000100
4920 0.000100
4921 0.000100
4922 0.000100
4923 0.000100
4924 0.000100
4925 0.000100
4926 0.000100
4927 0.000100
4928 0.000100
4929 0.000100
4930 0.000100
4931 0.000100
4932 0.000100
4933 0.000100
4934 0.000100
4935 0.000100
4936 0.000100
4937 0.000100
4938 0.000100
4939 0.000100
4940 0.000100
4941 0.000100
4942 0.000100
4943 0.000100
4944 0.000100
4945 0.000100
4946 0.000100
4947 0.000100
4948 0.000100
4949 0.000100
4950 0.000100
4951 0.000100
4952 0.000100
4953 0.000100
4954 0.000100
4955 0.000100
4956 0.000100
4957 0.000100
4958 0.000100
4959 0.000100
4960 0.000100
4961 0.000100
4962 0.000100
4963 0.000100
4964 0.000100
4965 0.000100
4966 0.000100
4967 0.000100
4968 0.000100
4969 0.000100
4970 0.000100
4971 0.000100
4972 0.000100
4973 0.000100
4974 0.000100
4975 0.000100
4976 0.000100
4977 0.000100
4978 0.000100
4979 0.000100
4980 0.000100
4981 0.000100
4982 0.000100
4983 0.000100
4984 0.000100
4985 0.000100
4986 0.000100
4987 0.000100
4988 0.000100
4989 0.000100
4990 0.000100
4991 0.000100
4992 0.000100
4993 0.000100
4994 0.000100
4995 0.000100
4996 0.000100
4997 0.000100
4998 0.000100
4999 0.000100
5000 0.000100
5001 0.000072
5002 0.000092
5003 0.000098
5004 0.000091
5005 0.000098
5006 0.000099
5007 0.000098
5008 0.000091
5009 0.000095
5010 0.000070
5011 0.000117
5012 0.000104
5013 0.000099
5014 0.000127
5015 0.000105
5016 0.000099
5017 0.000091
5018 0.000102
5019 0.000102
5020 0.000100
5021 0.000108
5022 0.000103
5023 0.000101
5024 0.000098
5025 0.000098
5026 0.000100
5027 0.000100
5028 0.000101
5029 0.000101
5030 0.000100
5031 0.000091
5032 0.000097
5033 0.000099
5034 0.000105
5035 0.000102
5036 0.000101
5037 0.000102
5038 0.000098
5039 0.000098
5040 0.000099
5041 0.000101
5042 0.000101
5043 0.000108
5044 0.000103
5045 0.000100
5046 0.000101
5047 0.000100
5048 0.000100
5049 0.000100
5050 0.000102
5051 0.000101
5052 0.000098
5053 0.000100
5054 0.000100
5055 0.000101
5056 0.000100
5057 0.000101
5058 0.000101
5059 0.000100
5060 0.000100
5061 0.000100
5062 0.000100
5063 0.000100
5064 0.000102
5065 0.000101
5066 0.000100
5067 0.000101
5068 0.000100
5069 0.000100
5070 0.000100
5071 0.000101
5072 0.000100
5073 0.000100
5074 0.000100
5075 0.000100
5076 0.000099
5077 0.000100
5078 0.000100
5079 0.000100
5080 0.000100
5081 0.000100
5082 0.000100
5083 0.000100
5084 0.000100
5085 0.000100
5086 0.000100
5087 0.000100
5088 0.000100
5089 0.000100
5090 0.000100
5091 0.000100
5092 0.000100
5093 0.000100
5094 0.000097
5095 0.000099
5096 0.000100
5097 0.000099
5098 0.000100
5099 0.000100
5100 0.000100
5101 0.000099
5102 0.000100
5103 0.000101
5104 0.000100
5105 0.000100
5106 0.000100
5107 0.000100
5108 0.000100
5109 0.000100
5110 0.000100
5111 0.000100
5112 0.000100
5113 0.000100
5114 0.000100
5115 0.000099
5116 0.000100
5117 0.000100
5118 0.000100
5119 0.000100
5120 0.000100
5121 0.000100
5122 0.000100
5123 0.000100
5124 0.000100
5125 0.000100
5126 0.000100
5127 0.000100
5128 0.000100
5129 0.000100
5130 0.000102
5131 0.000101
5132 0.000100
5133 0.000101
5134 0.000100
5135 0.000100
5136 0.000100
5137 0.000101
5138 0.000100
5139 0.000100
5140 0.000100
5141 0.000100
5142 0.000100
5143 0.000100
5144 0.000100
5145 0.000100
5146 0.000100
5147 0.000100
5148 0.000100
5149 0.000100
5150 0.000100
5151 0.000101
5152 0.000100
5153 0.000100
5154 0.000100
5155 0.000100
5156 0.000100
5157 0.000099
5158 0.000100
5159 0.000100
5160 0.000100
5161 0.000100
5162 0.000100
5163 0.000100
5164 0.000100
5165 0.000100
5166 0.000100
5167 0.000100
5168 0.000100
5169 0.000100
5170 0.000100
5171 0.000100
5172 0.000100
5173 0.000100
5174 0.000100
5175 0.000100
5176 0.000100
5177 0.000100
5178 0.000100
5179 0.000100
5180 0.000100
5181 0.000100
5182 0.000100
5183 0.000100
5184 0.000100
5185 0.000100
5186 0.000100
5187 0.000100
5188 0.000100
5189 0.000100
5190 0.000100
5191 0.000100
5192 0.000100
5193 0.000101
5194 0.000100
5195 0.000100
5196 0.000100
5197 0.000100
5198 0.000100
5199 0.000100
5200 0.000100
5201 0.000100
5202 0.000100
5203 0.000100
5204 0.000100
5205 0.000100
5206 0.000100
5207 0.000100
5208 0.000100
5209 0.000100
5210 0.000100
5211 0.000100
5212 0.000100
5213 0.000100
5214 0.000100
5215 0.000100
5216 0.000100
5217 0.000100
5218 0.000100
5219 0.000100
5220 0.000100
5221 0.000100
5222 0.000100
5223 0.000100
5224 0.000100
5225 0.000100
5226 0.000100
5227 0.000100
5228 0.000100
5229 0.000100
5230 0.000100
5231 0.000100
5232 0.000100
5233 0.000100
5234 0.000100
5235 0.000100
5236 0.000100
5237 0.000100
5238 0.000100
5239 0.000100
5240 0.000100
5241 0.000100
5242 0.000100
5243 0.000100
5244 0.000100
5245 0.000100
5246 0.000100
5247 0.000100
5248 0.000100
5249 0.000100
5250 0.000100
5251 0.000100
5252 0.000100
5253 0.000100
5254 0.000100
5255 0.000100
5256 0.000100
5257 0.000100
5258 0.000100
5259 0.000100
5260 0.000100
5261 0.000100
5262 0.000100
5263 0.000100
5264 0.000100
5265 0.000100
5266 0.000100
5267 0.000100
5268 0.000100
5269 0.000100
5270 0.000100
5271 0.000100
5272 0.000100
5273 0.000100
5274 0.000100
5275 0.000100
5276 0.000100
5277 0.000100
5278 0.000100
5279 0.000100
5280 0.000100
5281 0.000100
5282 0.000100
5283 0.000099
5284 0.000100
5285 0.000100
5286 0.000100
5287 0.000100
5288 0.000100
5289 0.000100
5290 0.000100
5291 0.000100
5292 0.000100
5293 0.000100
5294 0.000100
5295 0.000100
5296 0.000100
5297 0.000100
5298 0.000100
5299 0.000100
5300 0.000100
5301 0.000100
5302 0.000100
5303 0.000100
5304 0.000100
5305 0.000100
5306 0.000100
5307 0.000100
5308 0.000100
5309 0.000100
5310 0.000100
5311 0.000100
5312 0.000100
5313 0.000100
5314 0.000100
5315 0.000100
5316 0.000100
5317 0.000100
5318 0.000100
5319 0.000100
5320 0.000100
5321 0.000100
5322 0.000100
5323 0.000100
5324 0.000100
5325 0.000100
5326 0.000100
5327 0.000100
5328 0.000100
5329 0.000100
5330 0.000100
5331 0.000100
5332 0.000100
5333 0.000100
5334 0.000100
5335 0.000100
5336 0.000100
5337 0.000100
5338 0.000100
5339 0.000100
5340 0.000100
5341 0.000100
5342 0.000100
5343 0.000100
5344 0.000100
5345 0.000100
5346 0.000100
5347 0.000100
5348 0.000100
5349 0.000100
5350 0.000100
5351 0.000100
5352 0.000100
5353 0.000100
5354 0.000100
5355 0.000100
5356 0.000100
5357 0.000100
5358 0.000100
5359 0.000100
5360 0.000100
5361 0.000100
5362 0.000100
5363 0.000100
5364 0.000100
5365 0.000100
5366 0.000100
5367 0.000100
5368 0.000100
5369 0.000100
5370 0.000100
5371 0.000100
5372 0.000100
5373 0.000100
5374 0.000100
5375 0.000100
5376 0.000100
5377 0.000100
5378 0.000100
5379 0.000100
5380 0.000100
5381 0.000100
5382 0.000100
5383 0.000100
5384 0.000100
5385 0.000100
5386 0.000100
5387 0.000100
5388 0.000100
5389 0.000100
5390 0.000100
5391 0.000101
5392 0.000100
5393 0.000100
5394 0.000100
5395 0.000100
5396 0.000100
5397 0.000100
5398 0.000100
5399 0.000100
5400 0.000100
5401 0.000100
5402 0.000100
5403 0.000100
5404 0.000100
5405 0.000100
5406 0.000100
5407 0.000100
5408 0.000100
5409 0.000100
5410 0.000100
5411 0.000100
5412 0.000100
5413 0.000100
5414 0.000100
5415 0.000100
5416 0.000100
5417 0.000100
5418 0.000100
5419 0.000100
5420 0.000100
5421 0.000100
5422 0.000100
5423 0.000100
5424 0.000100
5425 0.000100
5426 0.000100
5427 0.000100
5428 0.000100
5429 0.000100
5430 0.000100
5431 0.000100
5432 0.000100
5433 0.000100
5434 0.000100
5435 0.000100
5436 0.000100
5437 0.000100
5438 0.000100
5439 0.000100
5440 0.000100
5441 0.000100
5442 0.000100
5443 0.000100
5444 0.000100
5445 0.000100
5446 0.000100
5447 0.000100
5448 0.000100
5449 0.000100
5450 0.000100
5451 0.000100
5452 0.000100
5453 0.000100
5454 0.000100
5455 0.000100
5456 0.000100
5457 0.000100
5458 0.000100
5459 0.000100
5460 0.000100
5461 0.000100
5462 0.000100
5463 0.000100
5464 0.000100
5465 0.000100
5466 0.000100
5467 0.000100
5468 0.000100
5469 0.000100
5470 0.000100
5471 0.000100
5472 0.000100
5473 0.000100
5474 0.000100
5475 0.000100
5476 0.000100
5477 0.000100
5478 0.000100
5479 0.000100
5480 0.000100
5481 0.000100
5482 0.000100
5483 0.000100
5484 0.000100
5485 0.000100
5486 0.000100
5487 0.000100
5488 0.000100
5489 0.000100
5490 0.000100
5491 0.000100
5492 0.000100
5493 0.000100
5494 0.000100
5495 0.000100
5496 0.000100
5497 0.000100
5498 0.000100
5499 0.000100
5500 0.000100
5501 0.000100
5502 0.000100
5503 0.000100
5504 0.000100
5505 0.000100
5506 0.000100
5507 0.000100
5508 0.000100
5509 0.000100
5510 0.000100
5511 0.000100
5512 0.000100
5513 0.000100
5514 0.000100
5515 0.000100
5516 0.000100
5517 0.000100
5518 0.000100
5519 0.000100
5520 0.000100
5521 0.000100
5522 0.000100
5523 0.000100
5524 0.000100
5525 0.000100
5526 0.000100
5527 0.000100
5528 0.000100
5529 0.000100
5530 0.000100
5531 0.000100
5532 0.000100
5533 0.000100
5534 0.000100
5535 0.000100
5536 0.000100
5537 0.000100
5538 0.000100
5539 0.000100
5540 0.000100
5541 0.000100
5542 0.000100
5543 0.000100
5544 0.000100
5545 0.000100
5546 0.000100
5547 0.000100
5548 0.000100
5549 0.000100
5550 0.000100
5551 0.000100
5552 0.000100
5553 0.000100
5554 0.000100
5555 0.000100
5556 0.000100
5557 0.000100
5558 0.000100
5559 0.000100
5560 0.000100
5561 0.000100
5562 0.000100
5563 0.000100
5564 0.000100
5565 0.000100
5566 0.000100
5567 0.000100
5568 0.000100
5569 0.000100
5570 0.000100
5571 0.000100
5572 0.000100
5573 0.000100
5574 0.000100
5575 0.000100
5576 0.000100
5577 0.000100
5578 0.000100
5579 0.000100
5580 0.000100
5581 0.000100
5582 0.000100
5583 0.000100
5584 0.000100
5585 0.000100
5586 0.000100
5587 0.000100
5588 0.000100
5589 0.000100
5590 0.000100
5591 0.000100
5592 0.000100
5593 0.000100
5594 0.000100
5595 0.000100
5596 0.000100
5597 0.000100
5598 0.000100
5599 0.000100
5600 0.000100
5601 0.000100
5602 0.000100
5603 0.000100
5604 0.000100
5605 0.000100
5606 0.000100
5607 0.000100
5608 0.000100
5609 0.000100
5610 0.000100
5611 0.000100
5612 0.000100
5613 0.000100
5614 0.000100
5615 0.000100
5616 0.000100
5617 0.000100
5618 0.000100
5619 0.000100
5620 0.000100
5621 0.000100
5622 0.000100
5623 0.000100
5624 0.000100
5625 0.000100
5626 0.000100
5627 0.000100
5628 0.000100
5629 0.000100
5630 0.000100
5631 0.000100
5632 0.000100
5633 0.000100
5634 0.000100
5635 0.000100
5636 0.000100
5637 0.000100
5638 0.000100
5639 0.000100
5640 0.000100
5641 0.000100
5642 0.000100
5643 0.000100
5644 0.000100
5645 0.000100
5646 0.000100
5647 0.000100
5648 0.000100
5649 0.000100
5650 0.000100
5651 0.000100
5652 0.000100
5653 0.000100
5654 0.000100
5655 0.000100
5656 0.000100
5657 0.000100
5658 0.000100
5659 0.000100
5660 0.000100
5661 0.000100
5662 0.000100
5663 0.000100
5664 0.000100
5665 0.000100
5666 0.000100
5667 0.000100
5668 0.000100
5669 0.000100
5670 0.000100
5671 0.000100
5672 0.000100
5673 0.000100
5674 0.000100
5675 0.000100
5676 0.000100
5677 0.000100
5678 0.000100
5679 0.000100
5680 0.000100
5681 0.000100
5682 0.000100
5683 0.000100
5684 0.000100
5685 0.000100
5686 0.000100
5687 0.000100
5688 0.000100
5689 0.000100
5690 0.000100
5691 0.000100
5692 0.000100
5693 0.000100
5694 0.000100
5695 0.000100
5696 0.000100
5697 0.000100
5698 0.000100
5699 0.000100
5700 0.000100
5701 0.000100
5702 0.000100
5703 0.000100
5704 0.000100
5705 0.000100
5706 0.000100
5707 0.000100
5708 0.000100
5709 0.000100
5710 0.000100
5711 0.000100
5712 0.000100
5713 0.000100
5714 0.000100
5715 0.000100
5716 0.000100
5717 0.000100
5718 0.000100
5719 0.000100
5720 0.000100
5721 0.000100
5722 0.000100
5723 0.000100
5724 0.000100
5725 0.000100
5726 0.000100
5727 0.000100
5728 0.000100
5729 0.000100
5730 0.000100
5731 0.000100
5732 0.000100
5733 0.000100
5734 0.000100
5735 0.000100
5736 0.000100
5737 0.000100
5738 0.000100
5739 0.000100
5740 0.000100
5741 0.000100
5742 0.000100
5743 0.000100
5744 0.000100
5745 0.000100
5746 0.000100
5747 0.000100
5748 0.000100
5749 0.000100
5750 0.000100
5751 0.000100
5752 0.000100
5753 0.000100
5754 0.000100
5755 0.000100
5756 0.000100
5757 0.000100
5758 0.000100
5759 0.000100
5760 0.000100
5761 0.000100
5762 0.000100
5763 0.000100
5764 0.000100
5765 0.000100
5766 0.000100
5767 0.000100
5768 0.000100
5769 0.000100
5770 0.000100
5771 0.000100
5772 0.000100
5773 0.000100
5774 0.000100
5775 0.000100
5776 0.000100
5777 0.000100
5778 0.000100
5779 0.000100
5780 0.000100
5781 0.000100
5782 0.000100
5783 0.000100
5784 0.000100
5785 0.000100
5786 0.000100
5787 0.000100
5788 0.000100
5789 0.000100
5790 0.000100
5791 0.000100
5792 0.000100
5793 0.000100
5794 0.000100
5795 0.000100
5796 0.000100
5797 0.000100
5798 0.000100
5799 0.000100
5800 0.000100
5801 0.000100
5802 0.000100
5803 0.000100
5804 0.000100
5805 0.000100
5806 0.000100
5807 0.000100
5808 0.000100
5809 0.000100
5810 0.000100
5811 0.000100
5812 0.000100
5813 0.000100
5814 0.000100
5815 0.000100
5816 0.000100
5817 0.000100
5818 0.000100
5819 0.000100
5820 0.000100
5821 0.000100
5822 0.000100
5823 0.000100
5824 0.000100
5825 0.000100
5826 0.000100
5827 0.000100
5828 0.000100
5829 0.000100
5830 0.000100
5831 0.000100
5832 0.000100
5833 0.000100
5834 0.000100
5835 0.000100
5836 0.000100
5837 0.000100
5838 0.000100
5839 0.000100
5840 0.000100
5841 0.000100
5842 0.000100
5843 0.000100
5844 0.000100
5845 0.000100
5846 0.000100
5847 0.000100
5848 0.000100
5849 0.000100
5850 0.000100
5851 0.000100
5852 0.000100
5853 0.000100
5854 0.000100
5855 0.000100
5856 0.000100
5857 0.000100
5858 0.000100
5859 0.000100
5860 0.000100
5861 0.000100
5862 0.000100
5863 0.000100
5864 0.000100
5865 0.000100
5866 0.000100
5867 0.000100
5868 0.000100
5869 0.000100
5870 0.000100
5871 0.000100
5872 0.000100
5873 0.000100
5874 0.000100
5875 0.000100
5876 0.000100
5877 0.000100
5878 0.000100
5879 0.000100
5880 0.000100
5881 0.000100
5882 0.000100
5883 0.000100
5884 0.000100
5885 0.000100
5886 0.000100
5887 0.000100
5888 0.000100
5889 0.000100
5890 0.000100
5891 0.000100
5892 0.000100
5893 0.000100
5894 0.000100
5895 0.000100
5896 0.000100
5897 0.000100
5898 0.000100
5899 0.000100
5900 0.000100
5901 0.000100
5902 0.000100
5903 0.000100
5904 0.000100
5905 0.000100
5906 0.000100
5907 0.000100
5908 0.000100
5909 0.000100
5910 0.000100
5911 0.000100
5912 0.000100
5913 0.000100
5914 0.000100
5915 0.000100
5916 0.000100
5917 0.000100
5918 0.000100
5919 0.000100
5920 0.000100
5921 0.000100
5922 0.000100
5923 0.000100
5924 0.000100
5925 0.000100
5926 0.000100
5927 0.000100
5928 0.000100
5929 0.000100
5930 0.000100
5931 0.000100
5932 0.000100
5933 0.000100
5934 0.000100
5935 0.000100
5936 0.000100
5937 0.000100
5938 0.000100
5939 0.000100
5940 0.000100
5941 0.000100
5942 0.000100
5943 0.000100
5944 0.000100
5945 0.000100
5946 0.000100
5947 0.000100
5948 0.000100
5949 0.000100
5950 0.000100
5951 0.000100
5952 0.000100
5953 0.000100
5954 0.000100
5955 0.000100
5956 0.000100
5957 0.000100
5958 0.000100
5959 0.000100
5960 0.000100
5961 0.000100
5962 0.000100
5963 0.000100
5964 0.000100
5965 0.000100
5966 0.000100
5967 0.000100
5968 0.000100
5969 0.000100
5970 0.000100
5971 0.000100
5972 0.000100
5973 0.000100
5974 0.000100
5975 0.000100
5976 0.000100
5977 0.000100
5978 0.000100
5979 0.000100
5980 0.000100
5981 0.000100
5982 0.000100
5983 0.000100
5984 0.000100
5985 0.000100
5986 0.000100
5987 0.000100
5988 0.000100
5989 0.000100
5990 0.000100
5991 0.000100
5992 0.000100
5993 0.000100
5994 0.000100
5995 0.000100
5996 0.000100
5997 0.000100
5998 0.000100
5999 0.000100
6000 0.000100
6001 0.000100
6002 0.000100
6003 0.000100
6004 0.000100
6005 0.000100
6006 0.000100
6007 0.000100
6008 0.000100
6009 0.000100
6010 0.000100
6011 0.000100
6012 0.000100
6013 0.000100
6014 0.000100
6015 0.000100
6016 0.000100
6017 0.000100
6018 0.000100
6019 0.000100
6020 0.000100
6021 0.000100
6022 0.000100
6023 0.000100
6024 0.000100
6025 0.000100
6026 0.000100
6027 0.000100
6028 0.000100
6029 0.000100
6030 0.000100
6031 0.000100
6032 0.000100
6033 0.000100
6034 0.000100
6035 0.000100
6036 0.000100
6037 0.000100
6038 0.000100
6039 0.000100
6040 0.000100
6041 0.000100
6042 0.000100
6043 0.000100
6044 0.000100
6045 0.000100
6046 0.000100
6047 0.000100
6048 0.000100
6049 0.000100
6050 0.000100
6051 0.000100
6052 0.000100
6053 0.000100
6054 0.000100
6055 0.000100
6056 0.000100
6057 0.000100
6058 0.000100
6059 0.000100
6060 0.000100
6061 0.000100
6062 0.000100
6063 0.000100
6064 0.000100
6065 0.000100
6066 0.000100
6067 0.000100
6068 0.000100
6069 0.000100
6070 0.000100
6071 0.000100
6072 0.000100
6073 0.000100
6074 0.000100
6075 0.000100
6076 0.000100
6077 0.000100
6078 0.000100
6079 0.000100
6080 0.000100
6081 0.000100
6082 0.000100
6083 0.000100
6084 0.000100
6085 0.000100
6086 0.000100
6087 0.000100
6088 0.000100
6089 0.000100
6090 0.000100
6091 0.000100
6092 0.000100
6093 0.000100
6094 0.000100
6095 0.000100
6096 0.000100
6097 0.000100
6098 0.000100
6099 0.000100
6100 0.000100
6101 0.000100
6102 0.000100
6103 0.000100
6104 0.000100
6105 0.000100
6106 0.000100
6107 0.000100
6108 0.000100
6109 0.000100
6110 0.000100
6111 0.000100
6112 0.000100
6113 0.000100
6114 0.000100
6115 0.000100
6116 0.000100
6117 0.000100
6118 0.000100
6119 0.000100
6120 0.000100
6121 0.000100
6122 0.000100
6123 0.000100
6124 0.000100
6125 0.000100
6126 0.000100
6127 0.000100
6128 0.000100
6129 0.000100
6130 0.000100
6131 0.000100
6132 0.000100
6133 0.000100
6134 0.000100
6135 0.000100
6136 0.000100
6137 0.000100
6138 0.000100
6139 0.000100
6140 0.000100
6141 0.000100
6142 0.000100
6143 0.000100
6144 0.000100
6145 0.000100
6146 0.000100
6147 0.000100
6148 0.000100
6149 0.000100
6150 0.000100
6151 0.000100
6152 0.000100
6153 0.000100
6154 0.000100
6155 0.000100
6156 0.000100
6157 0.000100
6158 0.000100
6159 0.000100
6160 0.000100
6161 0.000100
6162 0.000100
6163 0.000100
6164 0.000100
6165 0.000100
6166 0.000100
6167 0.000100
6168 0.000100
6169 0.000100
6170 0.000100
6171 0.000100
6172 0.000100
6173 0.000100
6174 0.000100
6175 0.000100
6176 0.000100
6177 0.000100
6178 0.000100
6179 0.000100
6180 0.000100
6181 0.000100
6182 0.000100
6183 0.000100
6184 0.000100
6185 0.000100
6186 0.000100
6187 0.000100
6188 0.000100
6189 0.000100
6190 0.000100
6191 0.000100
6192 0.000100
6193 0.000100
6194 0.000100
6195 0.000100
6196 0.000100
6197 0.000100
6198 0.000100
6199 0.000100
6200 0.000100
6201 0.000100
6202 0.000100
6203 0.000100
6204 0.000100
6205 0.000100
6206 0.000100
6207 0.000100
6208 0.000100
6209 0.000100
6210 0.000100
6211 0.000100
6212 0.000100
6213 0.000100
6214 0.000100
6215 0.000100
6216 0.000100
6217 0.000100
6218 0.000100
6219 0.000100
6220 0.000100
6221 0.000100
6222 0.000100
6223 0.000100
6224 0.000100
6225 0.000100
6226 0.000100
6227 0.000100
6228 0.000100
6229 0.000100
6230 0.000100
6231 0.000100
6232 0.000100
6233 0.000100
6234 0.000100
6235 0.000100
6236 0.000100
6237 0.000100
6238 0.000100
6239 0.000100
6240 0.000100
6241 0.000100
6242 0.000100
6243 0.000100
6244 0.000100
6245 0.000100
6246 0.000100
6247 0.000100
6248 0.000100
6249 0.000100
6250 0.000100
6251 0.000100
6252 0.000100
6253 0.000100
6254 0.000100
6255 0.000100
6256 0.000100
6257 0.000100
6258 0.000100
6259 0.000100
6260 0.000100
6261 0.000100
6262 0.000100
6263 0.000100
6264 0.000100
6265 0.000100
6266 0.000100
6267 0.000100
6268 0.000100
6269 0.000100
6270 0.000100
6271 0.000100
6272 0.000100
6273 0.000100
6274 0.000100
6275 0.000100
6276 0.000100
6277 0.000100
6278 0.000100
6279 0.000100
6280 0.000100
6281 0.000100
6282 0.000100
6283 0.000100
6284 0.000100
6285 0.000100
6286 0.000100
6287 0.000100
6288 0.000100
6289 0.000100
6290 0.000100
6291 0.000100
6292 0.000100
6293 0.000100
6294 0.000100
6295 0.000100
6296 0.000100
6297 0.000100
6298 0.000100
6299 0.000100
6300 0.000100
6301 0.000100
6302 0.000100
6303 0.000100
6304 0.000100
6305 0.000100
6306 0.000100
6307 0.000100
6308 0.000100
6309 0.000100
6310 0.000100
6311 0.000100
6312 0.000100
6313 0.000100
6314 0.000100
6315 0.000100
6316 0.000100
6317 0.000100
6318 0.000100
6319 0.000100
6320 0.000100
6321 0.000100
6322 0.000100
6323 0.000100
6324 0.000100
6325 0.000100
6326 0.000100
6327 0.000100
6328 0.000100
6329 0.000100
6330 0.000100
6331 0.000100
6332 0.000100
6333 0.000100
6334 0.000100
6335 0.000100
6336 0.000100
6337 0.000100
6338 0.000100
6339 0.000100
6340 0.000100
6341 0.000100
6342 0.000100
6343 0.000100
6344 0.000100
6345 0.000100
6346 0.000100
6347 0.000100
6348 0.000100
6349 0.000100
6350 0.000100
6351 0.000100
6352 0.000100
6353 0.000100
6354 0.000100
6355 0.000100
6356 0.000100
6357 0.000100
6358 0.000100
6359 0.000100
6360 0.000100
6361 0.000100
6362 0.000100
6363 0.000100
6364 0.000100
6365 0.000100
6366 0.000100
6367 0.000100
6368 0.000100
6369 0.000100
6370 0.000100
6371 0.000100
6372 0.000100
6373 0.000100
6374 0.000100
6375 0.000100
6376 0.000100
6377 0.000100
6378 0.000100
6379 0.000100
6380 0.000100
6381 0.000100
6382 0.000100
6383 0.000100
6384 0.000100
6385 0.000100
6386 0.000100
6387 0.000100
6388 0.000100
6389 0.000100
6390 0.000100
6391 0.000100
6392 0.000100
6393 0.000100
6394 0.000100
6395 0.000100
6396 0.000100
6397 0.000100
6398 0.000100
6399 0.000100
6400 0.000100
6401 0.000100
6402 0.000100
6403 0.000100
6404 0.000100
6405 0.000100
6406 0.000100
6407 0.000100
6408 0.000100
6409 0.000100
6410 0.000100
6411 0.000100
6412 0.000100
6413 0.000100
6414 0.000100
6415 0.000100
6416 0.000100
6417 0.000100
6418 0.000100
6419 0.000100
6420 0.000100
6421 0.000100
6422 0.000100
6423 0.000100
6424 0.000100
6425 0.000100
6426 0.000100
6427 0.000100
6428 0.000100
6429 0.000100
6430 0.000100
6431 0.000100
6432 0.000100
6433 0.000100
6434 0.000100
6435 0.000100
6436 0.000100
6437 0.000100
6438 0.000100
6439 0.000100
6440 0.000100
6441 0.000100
6442 0.000100
6443 0.000100
6444 0.000100
6445 0.000100
6446 0.000100
6447 0.000100
6448 0.000100
6449 0.000100
6450 0.000100
6451 0.000100
6452 0.000100
6453 0.000100
6454 0.000100
6455 0.000100
6456 0.000100
6457 0.000100
6458 0.000100
6459 0.000100
6460 0.000100
6461 0.000100
6462 0.000100
6463 0.000100
6464 0.000100
6465 0.000100
6466 0.000100
6467 0.000100
6468 0.000100
6469 0.000100
6470 0.000100
6471 0.000100
6472 0.000100
6473 0.000100
6474 0.000100
6475 0.000100
6476 0.000100
6477 0.000100
6478 0.000100
6479 0.000100
6480 0.000100
6481 0.000100
6482 0.000100
6483 0.000100
6484 0.000100
6485 0.000100
6486 0.000100
6487 0.000100
6488 0.000100
6489 0.000100
6490 0.000100
6491 0.000100
6492 0.000100
6493 0.000100
6494 0.000100
6495 0.000100
6496 0.000100
6497 0.000100
6498 0.000100
6499 0.000100
6500 0.000100
6501 0.000100
6502 0.000100
6503 0.000100
6504 0.000100
6505 0.000100
6506 0.000100
6507 0.000100
6508 0.000100
6509 0.000100
6510 0.000100
6511 0.000100
6512 0.000100
6513 0.000100
6514 0.000100
6515 0.000100
6516 0.000100
6517 0.000100
6518 0.000100
6519 0.000100
6520 0.000100
6521 0.000100
6522 0.000100
6523 0.000100
6524 0.000100
6525 0.000100
6526 0.000100
6527 0.000100
6528 0.000100
6529 0.000100
6530 0.000100
6531 0.000100
6532 0.000100
6533 0.000100
6534 0.000100
6535 0.000100
6536 0.000100
6537 0.000100
6538 0.000100
6539 0.000100
6540 0.000100
6541 0.000100
6542 0.000100
6543 0.000100
6544 0.000100
6545 0.000100
6546 0.000100
6547 0.000100
6548 0.000100
6549 0.000100
6550 0.000100
6551 0.000100
6552 0.000100
6553 0.000100
6554 0.000100
6555 0.000100
6556 0.000100
6557 0.000100
6558 0.000100
6559 0.000100
6560 0.000100
6561 0.000100
6562 0.000100
6563 0.000100
6564 0.000100
6565 0.000100
6566 0.000100
6567 0.000100
6568 0.000100
6569 0.000100
6570 0.000100
6571 0.000100
6572 0.000100
6573 0.000100
6574 0.000100
6575 0.000100
6576 0.000100
6577 0.000100
6578 0.000100
6579 0.000100
6580 0.000100
6581 0.000100
6582 0.000100
6583 0.000100
6584 0.000100
6585 0.000100
6586 0.000100
6587 0.000100
6588 0.000100
6589 0.000100
6590 0.000100
6591 0.000100
6592 0.000100
6593 0.000100
6594 0.000100
6595 0.000100
6596 0.000100
6597 0.000100
6598 0.000100
6599 0.000100
6600 0.000100
6601 0.000100
6602 0.000100
6603 0.000100
6604 0.000100
6605 0.000100
6606 0.000100
6607 0.000100
6608 0.000100
6609 0.000100
6610 0.000100
6611 0.000100
6612 0.000100
6613 0.000100
6614 0.000100
6615 0.000100
6616 0.000100
6617 0.000100
6618 0.000100
6619 0.000100
6620 0.000100
6621 0.000100
6622 0.000100
6623 0.000100
6624 0.000100
6625 0.000100
6626 0.000100
6627 0.000100
6628 0.000100
6629 0.000100
6630 0.000100
6631 0.000100
6632 0.000100
6633 0.000100
6634 0.000100
6635 0.000100
6636 0.000100
6637 0.000100
6638 0.000100
6639 0.000100
6640 0.000100
6641 0.000100
6642 0.000100
6643 0.000100
6644 0.000100
6645 0.000100
6646 0.000100
6647 0.000100
6648 0.000100
6649 0.000100
6650 0.000100
6651 0.000100
6652 0.000100
6653 0.000100
6654 0.000100
6655 0.000100
6656 0.000100
6657 0.000100
6658 0.000100
6659 0.000100
6660 0.000100
6661 0.000100
6662 0.000100
6663 0.000100
6664 0.000100
6665 0.000100
6666 0.000100
6667 0.000100
6668 0.000100
6669 0.000100
6670 0.000100
6671 0.000100
6672 0.000100
6673 0.000100
6674 0.000100
6675 0.000100
6676 0.000100
6677 0.000100
6678 0.000100
6679 0.000100
6680 0.000100
6681 0.000100
6682 0.000100
6683 0.000100
6684 0.000100
6685 0.000100
6686 0.000100
6687 0.000100
6688 0.000100
6689 0.000100
6690 0.000100
6691 0.000100
6692 0.000100
6693 0.000100
6694 0.000100
6695 0.000100
6696 0.000100
6697 0.000100
6698 0.000100
6699 0.000100
6700 0.000100
6701 0.000100
6702 0.000100
6703 0.000100
6704 0.000100
6705 0.000100
6706 0.000100
6707 0.000100
6708 0.000100
6709 0.000100
6710 0.000100
6711 0.000100
6712 0.000100
6713 0.000100
6714 0.000100
6715 0.000100
6716 0.000100
6717 0.000100
6718 0.000100
6719 0.000100
6720 0.000100
6721 0.000100
6722 0.000100
6723 0.000100
6724 0.000100
6725 0.000100
6726 0.000100
6727 0.000100
6728 0.000100
6729 0.000100
6730 0.000100
6731 0.000100
6732 0.000100
6733 0.000100
6734 0.000100
6735 0.000100
6736 0.000100
6737 0.000100
6738 0.000100
6739 0.000100
6740 0.000100
6741 0.000100
6742 0.000100
6743 0.000100
6744 0.000100
6745 0.000100
6746 0.000100
6747 0.000100
6748 0.000100
6749 0.000100
6750 0.000100
6751 0.000100
6752 0.000100
6753 0.000100
6754 0.000100
6755 0.000100
6756 0.000100
6757 0.000100
6758 0.000100
6759 0.000100
6760 0.000100
6761 0.000100
6762 0.000100
6763 0.000100
6764 0.000100
6765 0.000100
6766 0.000100
6767 0.000100
6768 0.000100
6769 0.000100
6770 0.000100
6771 0.000100
6772 0.000100
6773 0.000100
6774 0.000100
6775 0.000100
6776 0.000100
6777 0.000100
6778 0.000100
6779 0.000100
6780 0.000100
6781 0.000100
6782 0.000100
6783 0.000100
6784 0.000100
6785 0.000100
6786 0.000100
6787 0.000100
6788 0.000100
6789 0.000100
6790 0.000100
6791 0.000100
6792 0.000100
6793 0.000100
6794 0.000100
6795 0.000100
6796 0.000100
6797 0.000100
6798 0.000100
6799 0.000100
6800 0.000100
6801 0.000100
6802 0.000100
6803 0.000100
6804 0.000100
6805 0.000100
6806 0.000100
6807 0.000100
6808 0.000100
6809 0.000100
6810 0.000100
6811 0.000100
6812 0.000100
6813 0.000100
6814 0.000100
6815 0.000100
6816 0.000100
6817 0.000100
6818 0.000100
6819 0.000100
6820 0.000100
6821 0.000100
6822 0.000100
6823 0.000100
6824 0.000100
6825 0.000100
6826 0.000100
6827 0.000100
6828 0.000100
6829 0.000100
6830 0.000100
6831 0.000100
6832 0.000100
6833 0.000100
6834 0.000100
6835 0.000100
6836 0.000100
6837 0.000100
6838 0.000100
6839 0.000100
6840 0.000100
6841 0.000100
6842 0.000100
6843 0.000100
6844 0.000100
6845 0.000100
6846 0.000100
6847 0.000100
6848 0.000100
6849 0.000100
6850 0.000100
6851 0.000100
6852 0.000100
6853 0.000100
6854 0.000100
6855 0.000100
6856 0.000100
6857 0.000100
6858 0.000100
6859 0.000100
6860 0.000100
6861 0.000100
6862 0.000100
6863 0.000100
6864 0.000100
6865 0.000100
6866 0.000100
6867 0.000100
6868 0.000100
6869 0.000100
6870 0.000100
6871 0.000100
6872 0.000100
6873 0.000100
6874 0.000100
6875 0.000100
6876 0.000100
6877 0.000100
6878 0.000100
6879 0.000100
6880 0.000100
6881 0.000100
6882 0.000100
6883 0.000100
6884 0.000100
6885 0.000100
6886 0.000100
6887 0.000100
6888 0.000100
6889 0.000100
6890 0.000100
6891 0.000100
6892 0.000100
6893 0.000100
6894 0.000100
6895 0.000100
6896 0.000100
6897 0.000100
6898 0.000100
6899 0.000100
6900 0.000100
6901 0.000100
6902 0.000100
6903 0.000100
6904 0.000100
6905 0.000100
6906 0.000100
6907 0.000100
6908 0.000100
6909 0.000100
6910 0.000100
6911 0.000100
6912 0.000100
6913 0.000100
6914 0.000100
6915 0.000100
6916 0.000100
6917 0.000100
6918 0.000100
6919 0.000100
6920 0.000100
6921 0.000100
6922 0.000100
6923 0.000100
6924 0.000100
6925 0.000100
6926 0.000100
6927 0.000100
6928 0.000100
6929 0.000100
6930 0.000100
6931 0.000100
6932 0.000100
6933 0.000100
6934 0.000100
6935 0.000100
6936 0.000100
6937 0.000100
6938 0.000100
6939 0.000100
6940 0.000100
6941 0.000100
6942 0.000100
6943 0.000100
6944 0.000100
6945 0.000100
6946 0.000100
6947 0.000100
6948 0.000100
6949 0.000100
6950 0.000100
6951 0.000100
6952 0.000100
6953 0.000100
6954 0.000100
6955 0.000100
6956 0.000100
6957 0.000100
6958 0.000100
6959 0.000100
6960 0.000100
6961 0.000100
6962 0.000100
6963 0.000100
6964 0.000100
6965 0.000100
6966 0.000100
6967 0.000100
6968 0.000100
6969 0.000100
6970 0.000100
6971 0.000100
6972 0.000100
6973 0.000100
6974 0.000100
6975 0.000100
6976 0.000100
6977 0.000100
6978 0.000100
6979 0.000100
6980 0.000100
6981 0.000100
6982 0.000100
6983 0.000100
6984 0.000100
6985 0.000100
6986 0.000100
6987 0.000100
6988 0.000100
6989 0.000100
6990 0.000100
6991 0.000100
6992 0.000100
6993 0.000100
6994 0.000100
6995 0.000100
6996 0.000100
6997 0.000100
6998 0.000100
6999 0.000100
7000 0.000100
7001 0.000100
7002 0.000100
7003 0.000100
7004 0.000100
7005 0.000100
7006 0.000100
7007 0.000100
7008 0.000100
7009 0.000100
7010 0.000100
7011 0.000100
7012 0.000100
7013 0.000100
7014 0.000100
7015 0.000100
7016 0.000100
7017 0.000100
7018 0.000100
7019 0.000100
7020 0.000100
7021 0.000100
7022 0.000100
7023 0.000100
7024 0.000100
7025 0.000100
7026 0.000100
7027 0.000100
7028 0.000100
7029 0.000100
7030 0.000100
7031 0.000100
7032 0.000100
7033 0.000100
7034 0.000100
7035 0.000100
7036 0.000100
7037 0.000100
7038 0.000100
7039 0.000100
7040 0.000100
7041 0.000100
7042 0.000100
7043 0.000100
7044 0.000100
7045 0.000100
7046 0.000100
7047 0.000100
7048 0.000100
7049 0.000100
7050 0.000100
7051 0.000100
7052 0.000100
7053 0.000100
7054 0.000100
7055 0.000100
7056 0.000100
7057 0.000100
7058 0.000100
7059 0.000100
7060 0.000100
7061 0.000100
7062 0.000100
7063 0.000100
7064 0.000100
7065 0.000100
7066 0.000100
7067 0.000100
7068 0.000100
7069 0.000100
7070 0.000100
7071 0.000100
7072 0.000100
7073 0.000100
7074 0.000100
7075 0.000100
7076 0.000100
7077 0.000100
7078 0.000100
7079 0.000100
7080 0.000100
7081 0.000100
7082 0.000100
7083 0.000100
7084 0.000100
7085 0.000100
7086 0.000100
7087 0.000100
7088 0.000100
7089 0.000100
7090 0.000100
7091 0.000100
7092 0.000100
7093 0.000100
7094 0.000100
7095 0.000100
7096 0.000100
7097 0.000100
7098 0.000100
7099 0.000100
7100 0.000100
7101 0.000100
7102 0.000100
7103 0.000100
7104 0.000100
7105 0.000100
7106 0.000100
7107 0.000100
7108 0.000100
7109 0.000100
7110 0.000100
7111 0.000100
7112 0.000100
7113 0.000100
7114 0.000100
7115 0.000100
7116 0.000100
7117 0.000100
7118 0.000100
7119 0.000100
7120 0.000100
7121 0.000100
7122 0.000100
7123 0.000100
7124 0.000100
7125 0.000100
7126 0.000100
7127 0.000100
7128 0.000100
7129 0.000100
7130 0.000100
7131 0.000100
7132 0.000100
7133 0.000100
7134 0.000100
7135 0.000100
7136 0.000100
7137 0.000100
7138 0.000100
7139 0.000100
7140 0.000100
7141 0.000100
7142 0.000100
7143 0.000100
7144 0.000100
7145 0.000100
7146 0.000100
7147 0.000100
7148 0.000100
7149 0.000100
7150 0.000100
7151 0.000100
7152 0.000100
7153 0.000100
7154 0.000100
7155 0.000100
7156 0.000100
7157 0.000100
7158 0.000100
7159 0.000100
7160 0.000100
7161 0.000100
7162 0.000100
7163 0.000100
7164 0.000100
7165 0.000100
7166 0.000100
7167 0.000100
7168 0.000100
7169 0.000100
7170 0.000100
7171 0.000100
7172 0.000100
7173 0.000100
7174 0.000100
7175 0.000100
7176 0.000100
7177 0.000100
7178 0.000100
7179 0.000100
7180 0.000100
7181 0.000100
7182 0.000100
7183 0.000100
7184 0.000100
7185 0.000100
7186 0.000100
7187 0.000100
7188 0.000100
7189 0.000100
7190 0.000100
7191 0.000100
7192 0.000100
7193 0.000100
7194 0.000100
7195 0.000100
7196 0.000100
7197 0.000100
7198 0.000100
7199 0.000100
7200 0.000100
7201 0.000100
7202 0.000100
7203 0.000100
7204 0.000100
7205 0.000100
7206 0.000100
7207 0.000100
7208 0.000100
7209 0.000100
7210 0.000100
7211 0.000100
7212 0.000100
7213 0.000100
7214 0.000100
7215 0.000100
7216 0.000100
7217 0.000100
7218 0.000100
7219 0.000100
7220 0.000100
7221 0.000100
7222 0.000100
7223 0.000100
7224 0.000100
7225 0.000100
7226 0.000100
7227 0.000100
7228 0.000100
7229 0.000100
7230 0.000100
7231 0.000100
7232 0.000100
7233 0.000100
7234 0.000100
7235 0.000100
7236 0.000100
7237 0.000100
7238 0.000100
7239 0.000100
7240 0.000100
7241 0.000100
7242 0.000100
7243 0.000100
7244 0.000100
7245 0.000100
7246 0.000100
7247 0.000100
7248 0.000100
7249 0.000100
7250 0.000100
7251 0.000100
7252 0.000100
7253 0.000100
7254 0.000100
7255 0.000100
7256 0.000100
7257 0.000100
7258 0.000100
7259 0.000100
7260 0.000100
7261 0.000100
7262 0.000100
7263 0.000100
7264 0.000100
7265 0.000100
7266 0.000100
7267 0.000100
7268 0.000100
7269 0.000100
7270 0.000100
7271 0.000100
7272 0.000100
7273 0.000100
7274 0.000100
7275 0.000100
7276 0.000100
7277 0.000100
7278 0.000100
7279 0.000100
7280 0.000100
7281 0.000100
7282 0.000100
7283 0.000100
7284 0.000100
7285 0.000100
7286 0.000100
7287 0.000100
7288 0.000100
7289 0.000100
7290 0.000100
7291 0.000100
7292 0.000100
7293 0.000100
7294 0.000100
7295 0.000100
7296 0.000100
7297 0.000100
7298 0.000100
7299 0.000100
7300 0.000100
7301 0.000100
7302 0.000100
7303 0.000100
7304 0.000100
7305 0.000100
7306 0.000100
7307 0.000100
7308 0.000100
7309 0.000100
7310 0.000100
7311 0.000100
7312 0.000100
7313 0.000100
7314 0.000100
7315 0.000100
7316 0.000100
7317 0.000100
7318 0.000100
7319 0.000100
7320 0.000100
7321 0.000100
7322 0.000100
7323 0.000100
7324 0.000100
7325 0.000100
7326 0.000100
7327 0.000100
7328 0.000100
7329 0.000100
7330 0.000100
7331 0.000100
7332 0.000100
7333 0.000100
7334 0.000100
7335 0.000100
7336 0.000100
7337 0.000100
7338 0.000100
7339 0.000100
7340 0.000100
7341 0.000100
7342 0.000100
7343 0.000100
7344 0.000100
7345 0.000100
7346 0.000100
7347 0.000100
7348 0.000100
7349 0.000100
7350 0.000100
7351 0.000100
7352 0.000100
7353 0.000100
7354 0.000100
7355 0.000100
7356 0.000100
7357 0.000100
7358 0.000100
7359 0.000100
7360 0.000100
7361 0.000100
7362 0.000100
7363 0.000100
7364 0.000100
7365 0.000100
7366 0.000100
7367 0.000100
7368 0.000100
7369 0.000100
7370 0.000100
7371 0.000100
7372 0.000100
7373 0.000100
7374 0.000100
7375 0.000100
7376 0.000100
7377 0.000100
7378 0.000100
7379 0.000100
7380 0.000100
7381 0.000100
7382 0.000100
7383 0.000100
7384 0.000100
7385 0.000100
7386 0.000100
7387 0.000100
7388 0.000100
7389 0.000100
7390 0.000100
7391 0.000100
7392 0.000100
7393 0.000100
7394 0.000100
7395 0.000100
7396 0.000100
7397 0.000100
7398 0.000100
7399 0.000100
7400 0.000100
7401 0.000100
7402 0.000100
7403 0.000100
7404 0.000100
7405 0.000100
7406 0.000100
7407 0.000100
7408 0.000100
7409 0.000100
7410 0.000100
7411 0.000100
7412 0.000100
7413 0.000100
7414 0.000100
7415 0.000100
7416 0.000100
7417 0.000100
7418 0.000100
7419 0.000100
7420 0.000100
7421 0.000100
7422 0.000100
7423 0.000100
7424 0.000100
7425 0.000100
7426 0.000100
7427 0.000100
7428 0.000100
7429 0.000100
7430 0.000100
7431 0.000100
7432 0.000100
7433 0.000100
7434 0.000100
7435 0.000100
7436 0.000100
7437 0.000100
7438 0.000100
7439 0.000100
7440 0.000100
7441 0.000100
7442 0.000100
7443 0.000100
7444 0.000100
7445 0.000100
7446 0.000100
7447 0.000100
7448 0.000100
7449 0.000100
7450 0.000100
7451 0.000100
7452 0.000100
7453 0.000100
7454 0.000100
7455 0.000100
7456 0.000100
7457 0.000100
7458 0.000100
7459 0.000100
7460 0.000100
7461 0.000100
7462 0.000100
7463 0.000100
7464 0.000100
7465 0.000100
7466 0.000100
7467 0.000100
7468 0.000100
7469 0.000100
7470 0.000100
7471 0.000100
7472 0.000100
7473 0.000100
7474 0.000100
7475 0.000100
7476 0.000100
7477 0.000100
7478 0.000100
7479 0.000100
7480 0.000100
7481 0.000100
7482 0.000100
7483 0.000100
7484 0.000100
7485 0.000100
7486 0.000100
7487 0.000100
7488 0.000100
7489 0.000100
7490 0.000100
7491 0.000100
7492 0.000100
7493 0.000100
7494 0.000100
7495 0.000100
7496 0.000100
7497 0.000100
7498 0.000100
7499 0.000100
7500 0.000100
7501 0.000100
7502 0.000100
7503 0.000100
7504 0.000100
7505 0.000100
7506 0.000100
7507 0.000100
7508 0.000100
7509 0.000100
7510 0.000100
7511 0.000100
7512 0.000100
7513 0.000100
7514 0.000100
7515 0.000100
7516 0.000100
7517 0.000100
7518 0.000100
7519 0.000100
7520 0.000100
7521 0.000100
7522 0.000100
7523 0.000100
7524 0.000100
7525 0.000100
7526 0.000100
7527 0.000100
7528 0.000100
7529 0.000100
7530 0.000100
7531 0.000100
7532 0.000100
7533 0.000100
7534 0.000100
7535 0.000100
7536 0.000100
7537 0.000100
7538 0.000100
7539 0.000100
7540 0.000100
7541 0.000100
7542 0.000100
7543 0.000100
7544 0.000100
7545 0.000100
7546 0.000100
7547 0.000100
7548 0.000100
7549 0.000100
7550 0.000100
7551 0.000100
7552 0.000100
7553 0.000100
7554 0.000100
7555 0.000100
7556 0.000100
7557 0.000100
7558 0.000100
7559 0.000100
7560 0.000100
7561 0.000100
7562 0.000100
7563 0.000100
7564 0.000100
7565 0.000100
7566 0.000100
7567 0.000100
7568 0.000100
7569 0.000100
7570 0.000100
7571 0.000100
7572 0.000100
7573 0.000100
7574 0.000100
7575 0.000100
7576 0.000100
7577 0.000100
7578 0.000100
7579 0.000100
7580 0.000100
7581 0.000100
7582 0.000100
7583 0.000100
7584 0.000100
7585 0.000100
7586 0.000100
7587 0.000100
7588 0.000100
7589 0.000100
7590 0.000100
7591 0.000100
7592 0.000100
7593 0.000100
7594 0.000100
7595 0.000100
7596 0.000100
7597 0.000100
7598 0.000100
7599 0.000100
7600 0.000100
7601 0.000100
7602 0.000100
7603 0.000100
7604 0.000100
7605 0.000100
7606 0.000100
7607 0.000100
7608 0.000100
7609 0.000100
7610 0.000100
7611 0.000100
7612 0.000100
7613 0.000100
7614 0.000100
7615 0.000100
7616 0.000100
7617 0.000100
7618 0.000100
7619 0.000100
7620 0.000100
7621 0.000100
7622 0.000100
7623 0.000100
7624 0.000100
7625 0.000100
7626 0.000100
7627 0.000100
7628 0.000100
7629 0.000100
7630 0.000100
7631 0.000100
7632 0.000100
7633 0.000100
7634 0.000100
7635 0.000100
7636 0.000100
7637 0.000100
7638 0.000100
7639 0.000100
7640 0.000100
7641 0.000100
7642 0.000100
7643 0.000100
7644 0.000100
7645 0.000100
7646 0.000100
7647 0.000100
7648 0.000100
7649 0.000100
7650 0.000100
7651 0.000100
7652 0.000100
7653 0.000100
7654 0.000100
7655 0.000100
7656 0.000100
7657 0.000100
7658 0.000100
7659 0.000100
7660 0.000100
7661 0.000100
7662 0.000100
7663 0.000100
7664 0.000100
7665 0.000100
7666 0.000100
7667 0.000100
7668 0.000100
7669 0.000100
7670 0.000100
7671 0.000100
7672 0.000100
7673 0.000100
7674 0.000100
7675 0.000100
7676 0.000100
7677 0.000100
7678 0.000100
7679 0.000100
7680 0.000100
7681 0.000100
7682 0.000100
7683 0.000100
7684 0.000100
7685 0.000100
7686 0.000100
7687 0.000100
7688 0.000100
7689 0.000100
7690 0.000100
7691 0.000100
7692 0.000100
7693 0.000100
7694 0.000100
7695 0.000100
7696 0.000100
7697 0.000100
7698 0.000100
7699 0.000100
7700 0.000100
7701 0.000100
7702 0.000100
7703 0.000100
7704 0.000100
7705 0.000100
7706 0.000100
7707 0.000100
7708 0.000100
7709 0.000100
7710 0.000100
7711 0.000100
7712 0.000100
7713 0.000100
7714 0.000100
7715 0.000100
7716 0.000100
7717 0.000100
7718 0.000100
7719 0.000100
7720 0.000100
7721 0.000100
7722 0.000100
7723 0.000100
7724 0.000100
7725 0.000100
7726 0.000100
7727 0.000100
7728 0.000100
7729 0.000100
7730 0.000100
7731 0.000100
7732 0.000100
7733 0.000100
7734 0.000100
7735 0.000100
7736 0.000100
7737 0.000100
7738 0.000100
7739 0.000100
7740 0.000100
7741 0.000100
7742 0.000100
7743 0.000100
7744 0.000100
7745 0.000100
7746 0.000100
7747 0.000100
7748 0.000100
7749 0.000100
7750 0.000100
7751 0.000100
7752 0.000100
7753 0.000100
7754 0.000100
7755 0.000100
7756 0.000100
7757 0.000100
7758 0.000100
7759 0.000100
7760 0.000100
7761 0.000100
7762 0.000100
7763 0.000100
7764 0.000100
7765 0.000100
7766 0.000100
7767 0.000100
7768 0.000100
7769 0.000100
7770 0.000100
7771 0.000100
7772 0.000100
7773 0.000100
7774 0.000100
7775 0.000100
7776 0.000100
7777 0.000100
7778 0.000100
7779 0.000100
7780 0.000100
7781 0.000100
7782 0.000100
7783 0.000100
7784 0.000100
7785 0.000100
7786 0.000100
7787 0.000100
7788 0.000100
7789 0.000100
7790 0.000100
7791 0.000100
7792 0.000100
7793 0.000100
7794 0.000100
7795 0.000100
7796 0.000100
7797 0.000100
7798 0.000100
7799 0.000100
7800 0.000100
7801 0.000100
7802 0.000100
7803 0.000100
7804 0.000100
7805 0.000100
7806 0.000100
7807 0.000100
7808 0.000100
7809 0.000100
7810 0.000100
7811 0.000100
7812 0.000100
7813 0.000100
7814 0.000100
7815 0.000100
7816 0.000100
7817 0.000100
7818 0.000100
7819 0.000100
7820 0.000100
7821 0.000100
7822 0.000100
7823 0.000100
7824 0.000100
7825 0.000100
7826 0.000100
7827 0.000100
7828 0.000100
7829 0.000100
7830 0.000100
7831 0.000100
7832 0.000100
7833 0.000100
7834 0.000100
7835 0.000100
7836 0.000100
7837 0.000100
7838 0.000100
7839 0.000100
7840 0.000100
7841 0.000100
7842 0.000100
7843 0.000100
7844 0.000100
7845 0.000100
7846 0.000100
7847 0.000100
7848 0.000100
7849 0.000100
7850 0.000100
7851 0.000100
7852 0.000100
7853 0.000100
7854 0.000100
7855 0.000100
7856 0.000100
7857 0.000100
7858 0.000100
7859 0.000100
7860 0.000100
7861 0.000100
7862 0.000100
7863 0.000100
7864 0.000100
7865 0.000100
7866 0.000100
7867 0.000100
7868 0.000100
7869 0.000100
7870 0.000100
7871 0.000100
7872 0.000100
7873 0.000100
7874 0.000100
7875 0.000100
7876 0.000100
7877 0.000100
7878 0.000100
7879 0.000100
7880 0.000100
7881 0.000100
7882 0.000100
7883 0.000100
7884 0.000100
7885 0.000100
7886 0.000100
7887 0.000100
7888 0.000100
7889 0.000100
7890 0.000100
7891 0.000100
7892 0.000100
7893 0.000100
7894 0.000100
7895 0.000100
7896 0.000100
7897 0.000100
7898 0.000100
7899 0.000100
7900 0.000100
7901 0.000100
7902 0.000100
7903 0.000100
7904 0.000100
7905 0.000100
7906 0.000100
7907 0.000100
7908 0.000100
7909 0.000100
7910 0.000100
7911 0.000100
7912 0.000100
7913 0.000100
7914 0.000100
7915 0.000100
7916 0.000100
7917 0.000100
7918 0.000100
7919 0.000100
7920 0.000100
7921 0.000100
7922 0.000100
7923 0.000100
7924 0.000100
7925 0.000100
7926 0.000100
7927 0.000100
7928 0.000100
7929 0.000100
7930 0.000100
7931 0.000100
7932 0.000100
7933 0.000100
7934 0.000100
7935 0.000100
7936 0.000100
7937 0.000100
7938 0.000100
7939 0.000100
7940 0.000100
7941 0.000100
7942 0.000100
7943 0.000100
7944 0.000100
7945 0.000100
7946 0.000100
7947 0.000100
7948 0.000100
7949 0.000100
7950 0.000100
7951 0.000100
7952 0.000100
7953 0.000100
7954 0.000100
7955 0.000100
7956 0.000100
7957 0.000100
7958 0.000100
7959 0.000100
7960 0.000100
7961 0.000100
7962 0.000100
7963 0.000100
7964 0.000100
7965 0.000100
7966 0.000100
7967 0.000100
7968 0.000100
7969 0.000100
7970 0.000100
7971 0.000100
7972 0.000100
7973 0.000100
7974 0.000100
7975 0.000100
7976 0.000100
7977 0.000100
7978 0.000100
7979 0.000100
7980 0.000100
7981 0.000100
7982 0.000100
7983 0.000100
7984 0.000100
7985 0.000100
7986 0.000100
7987 0.000100
7988 0.000100
7989 0.000100
7990 0.000100
7991 0.000100
7992 0.000100
7993 0.000100
7994 0.000100
7995 0.000100
7996 0.000100
7997 0.000100
7998 0.000100
7999 0.000100
8000 0.000100
8001 0.000100
8002 0.000100
8003 0.000100
8004 0.000100
8005 0.000100
8006 0.000100
8007 0.000100
8008 0.000100
8009 0.000100
8010 0.000100
8011 0.000100
8012 0.000100
8013 0.000100
8014 0.000100
8015 0.000100
8016 0.000100
8017 0.000100
8018 0.000100
8019 0.000100
8020 0.000100
8021 0.000100
8022 0.000100
8023 0.000100
8024 0.000100
8025 0.000100
8026 0.000100
8027 0.000100
8028 0.000100
8029 0.000100
8030 0.000100
8031 0.000100
8032 0.000100
8033 0.000100
8034 0.000100
8035 0.000100
8036 0.000100
8037 0.000100
8038 0.000100
8039 0.000100
8040 0.000100
8041 0.000100
8042 0.000100
8043 0.000100
8044 0.000100
8045 0.000100
8046 0.000100
8047 0.000100
8048 0.000100
8049 0.000100
8050 0.000100
8051 0.000100
8052 0.000100
8053 0.000100
8054 0.000100
8055 0.000100
8056 0.000100
8057 0.000100
8058 0.000100
8059 0.000100
8060 0.000100
8061 0.000100
8062 0.000100
8063 0.000100
8064 0.000100
8065 0.000100
8066 0.000100
8067 0.000100
8068 0.000100
8069 0.000100
8070 0.000100
8071 0.000100
8072 0.000100
8073 0.000100
8074 0.000100
8075 0.000100
8076 0.000100
8077 0.000100
8078 0.000100
8079 0.000100
8080 0.000100
8081 0.000100
8082 0.000100
8083 0.000100
8084 0.000100
8085 0.000100
8086 0.000100
8087 0.000100
8088 0.000100
8089 0.000100
8090 0.000100
8091 0.000100
8092 0.000100
8093 0.000100
8094 0.000100
8095 0.000100
8096 0.000100
8097 0.000100
8098 0.000100
8099 0.000100
8100 0.000100
8101 0.000100
8102 0.000100
8103 0.000100
8104 0.000100
8105 0.000100
8106 0.000100
8107 0.000100
8108 0.000100
8109 0.000100
8110 0.000100
8111 0.000100
8112 0.000100
8113 0.000100
8114 0.000100
8115 0.000100
8116 0.000100
8117 0.000100
8118 0.000100
8119 0.000100
8120 0.000100
8121 0.000100
8122 0.000100
8123 0.000100
8124 0.000100
8125 0.000100
8126 0.000100
8127 0.000100
8128 0.000100
8129 0.000100
8130 0.000100
8131 0.000100
8132 0.000100
8133 0.000100
8134 0.000100
8135 0.000100
8136 0.000100
8137 0.000100
8138 0.000100
8139 0.000100
8140 0.000100
8141 0.000100
8142 0.000100
8143 0.000100
8144 0.000100
8145 0.000100
8146 0.000100
8147 0.000100
8148 0.000100
8149 0.000100
8150 0.000100
8151 0.000100
8152 0.000100
8153 0.000100
8154 0.000100
8155 0.000100
8156 0.000100
8157 0.000100
8158 0.000100
8159 0.000100
8160 0.000100
8161 0.000100
8162 0.000100
8163 0.000100
8164 0.000100
8165 0.000100
8166 0.000100
8167 0.000100
8168 0.000100
8169 0.000100
8170 0.000100
8171 0.000100
8172 0.000100
8173 0.000100
8174 0.000100
8175 0.000100
8176 0.000100
8177 0.000100
8178 0.000100
8179 0.000100
8180 0.000100
8181 0.000100
8182 0.000100
8183 0.000100
8184 0.000100
8185 0.000100
8186 0.000100
8187 0.000100
8188 0.000100
8189 0.000100
8190 0.000100
8191 0.000100
8192 0.000100
8193 0.000100
8194 0.000100
8195 0.000100
8196 0.000100
8197 0.000100
8198 0.000100
8199 0.000100
8200 0.000100
8201 0.000100
8202 0.000100
8203 0.000100
8204 0.000100
8205 0.000100
8206 0.000100
8207 0.000100
8208 0.000100
8209 0.000100
8210 0.000100
8211 0.000100
8212 0.000100
8213 0.000100
8214 0.000100
8215 0.000100
8216 0.000100
8217 0.000100
8218 0.000100
8219 0.000100
8220 0.000100
8221 0.000100
8222 0.000100
8223 0.000100
8224 0.000100
8225 0.000100
8226 0.000100
8227 0.000100
8228 0.000100
8229 0.000100
8230 0.000100
8231 0.000100
8232 0.000100
8233 0.000100
8234 0.000100
8235 0.000100
8236 0.000100
8237 0.000100
8238 0.000100
8239 0.000100
8240 0.000100
8241 0.000100
8242 0.000100
8243 0.000100
8244 0.000100
8245 0.000100
8246 0.000100
8247 0.000100
8248 0.000100
8249 0.000100
8250 0.000100
8251 0.000100
8252 0.000100
8253 0.000100
8254 0.000100
8255 0.000100
8256 0.000100
8257 0.000100
8258 0.000100
8259 0.000100
8260 0.000100
8261 0.000100
8262 0.000100
8263 0.000100
8264 0.000100
8265 0.000100
8266 0.000100
8267 0.000100
8268 0.000100
8269 0.000100
8270 0.000100
8271 0.000100
8272 0.000100
8273 0.000100
8274 0.000100
8275 0.000100
8276 0.000100
8277 0.000100
8278 0.000100
8279 0.000100
8280 0.000100
8281 0.000100
8282 0.000100
8283 0.000100
8284 0.000100
8285 0.000100
8286 0.000100
8287 0.000100
8288 0.000100
8289 0.000100
8290 0.000100
8291 0.000100
8292 0.000100
8293 0.000100
8294 0.000100
8295 0.000100
8296 0.000100
8297 0.000100
8298 0.000100
8299 0.000100
8300 0.000100
8301 0.000100
8302 0.000100
8303 0.000100
8304 0.000100
8305 0.000100
8306 0.000100
8307 0.000100
8308 0.000100
8309 0.000100
8310 0.000100
8311 0.000100
8312 0.000100
8313 0.000100
8314 0.000100
8315 0.000100
8316 0.000100
8317 0.000100
8318 0.000100
8319 0.000100
8320 0.000100
8321 0.000100
8322 0.000100
8323 0.000100
8324 0.000100
8325 0.000100
8326 0.000100
8327 0.000100
8328 0.000100
8329 0.000100
8330 0.000100
8331 0.000100
8332 0.000100
8333 0.000100
8334 0.000100
8335 0.000100
8336 0.000100
8337 0.000100
8338 0.000100
8339 0.000100
8340 0.000100
8341 0.000100
8342 0.000100
8343 0.000100
8344 0.000100
8345 0.000100
8346 0.000100
8347 0.000100
8348 0.000100
8349 0.000100
8350 0.000100
8351 0.000100
8352 0.000100
8353 0.000100
8354 0.000100
8355 0.000100
8356 0.000100
8357 0.000100
8358 0.000100
8359 0.000100
8360 0.000100
8361 0.000100
8362 0.000100
8363 0.000100
8364 0.000100
8365 0.000100
8366 0.000100
8367 0.000100
8368 0.000100
8369 0.000100
8370 0.000100
8371 0.000100
8372 0.000100
8373 0.000100
8374 0.000100
8375 0.000100
8376 0.000100
8377 0.000100
8378 0.000100
8379 0.000100
8380 0.000100
8381 0.000100
8382 0.000100
8383 0.000100
8384 0.000100
8385 0.000100
8386 0.000100
8387 0.000100
8388 0.000100
8389 0.000100
8390 0.000100
8391 0.000100
8392 0.000100
8393 0.000100
8394 0.000100
8395 0.000100
8396 0.000100
8397 0.000100
8398 0.000100
8399 0.000100
8400 0.000100
8401 0.000100
8402 0.000100
8403 0.000100
8404 0.000100
8405 0.000100
8406 0.000100
8407 0.000100
8408 0.000100
8409 0.000100
8410 0.000100
8411 0.000100
8412 0.000100
8413 0.000100
8414 0.000100
8415 0.000100
8416 0.000100
8417 0.000100
8418 0.000100
8419 0.000100
8420 0.000100
8421 0.000100
8422 0.000100
8423 0.000100
8424 0.000100
8425 0.000100
8426 0.000100
8427 0.000100
8428 0.000100
8429 0.000100
8430 0.000100
8431 0.000100
8432 0.000100
8433 0.000100
8434 0.000100
8435 0.000100
8436 0.000100
8437 0.000100
8438 0.000100
8439 0.000100
8440 0.000100
8441 0.000100
8442 0.000100
8443 0.000100
8444 0.000100
8445 0.000100
8446 0.000100
8447 0.000100
8448 0.000100
8449 0.000100
8450 0.000100
8451 0.000100
8452 0.000100
8453 0.000100
8454 0.000100
8455 0.000100
8456 0.000100
8457 0.000100
8458 0.000100
8459 0.000100
8460 0.000100
8461 0.000100
8462 0.000100
8463 0.000100
8464 0.000100
8465 0.000100
8466 0.000100
8467 0.000100
8468 0.000100
8469 0.000100
8470 0.000100
8471 0.000100
8472 0.000100
8473 0.000100
8474 0.000100
8475 0.000100
8476 0.000100
8477 0.000100
8478 0.000100
8479 0.000100
8480 0.000100
8481 0.000100
8482 0.000100
8483 0.000100
8484 0.000100
8485 0.000100
8486 0.000100
8487 0.000100
8488 0.000100
8489 0.000100
8490 0.000100
8491 0.000100
8492 0.000100
8493 0.000100
8494 0.000100
8495 0.000100
8496 0.000100
8497 0.000100
8498 0.000100
8499 0.000100
8500 0.000100
8501 0.000100
8502 0.000100
8503 0.000100
8504 0.000100
8505 0.000100
8506 0.000100
8507 0.000100
8508 0.000100
8509 0.000100
8510 0.000100
8511 0.000100
8512 0.000100
8513 0.000100
8514 0.000100
8515 0.000100
8516 0.000100
8517 0.000100
8518 0.000100
8519 0.000100
8520 0.000100
8521 0.000100
8522 0.000100
8523 0.000100
8524 0.000100
8525 0.000100
8526 0.000100
8527 0.000100
8528 0.000100
8529 0.000100
8530 0.000100
8531 0.000100
8532 0.000100
8533 0.000100
8534 0.000100
8535 0.000100
8536 0.000100
8537 0.000100
8538 0.000100
8539 0.000100
8540 0.000100
8541 0.000100
8542 0.000100
8543 0.000100
8544 0.000100
8545 0.000100
8546 0.000100
8547 0.000100
8548 0.000100
8549 0.000100
8550 0.000100
8551 0.000100
8552 0.000100
8553 0.000100
8554 0.000100
8555 0.000100
8556 0.000100
8557 0.000100
8558 0.000100
8559 0.000100
8560 0.000100
8561 0.000100
8562 0.000100
8563 0.000100
8564 0.000100
8565 0.000100
8566 0.000100
8567 0.000100
8568 0.000100
8569 0.000100
8570 0.000100
8571 0.000100
8572 0.000100
8573 0.000100
8574 0.000100
8575 0.000100
8576 0.000100
8577 0.000100
8578 0.000100
8579 0.000100
8580 0.000100
8581 0.000100
8582 0.000100
8583 0.000100
8584 0.000100
8585 0.000100
8586 0.000100
8587 0.000100
8588 0.000100
8589 0.000100
8590 0.000100
8591 0.000100
8592 0.000100
8593 0.000100
8594 0.000100
8595 0.000100
8596 0.000100
8597 0.000100
8598 0.000100
8599 0.000100
8600 0.000100
8601 0.000100
8602 0.000100
8603 0.000100
8604 0.000100
8605 0.000100
8606 0.000100
8607 0.000100
8608 0.000100
8609 0.000100
8610 0.000100
8611 0.000100
8612 0.000100
8613 0.000100
8614 0.000100
8615 0.000100
8616 0.000100
8617 0.000100
8618 0.000100
8619 0.000100
8620 0.000100
8621 0.000100
8622 0.000100
8623 0.000100
8624 0.000100
8625 0.000100
8626 0.000100
8627 0.000100
8628 0.000100
8629 0.000100
8630 0.000100
8631 0.000100
8632 0.000100
8633 0.000100
8634 0.000100
8635 0.000100
8636 0.000100
8637 0.000100
8638 0.000100
8639 0.000100
8640 0.000100
8641 0.000100
8642 0.000100
8643 0.000100
8644 0.000100
8645 0.000100
8646 0.000100
8647 0.000100
8648 0.000100
8649 0.000100
8650 0.000100
8651 0.000100
8652 0.000100
8653 0.000100
8654 0.000100
8655 0.000100
8656 0.000100
8657 0.000100
8658 0.000100
8659 0.000100
8660 0.000100
8661 0.000100
8662 0.000100
8663 0.000100
8664 0.000100
8665 0.000100
8666 0.000100
8667 0.000100
8668 0.000100
8669 0.000100
8670 0.000100
8671 0.000100
8672 0.000100
8673 0.000100
8674 0.000100
8675 0.000100
8676 0.000100
8677 0.000100
8678 0.000100
8679 0.000100
8680 0.000100
8681 0.000100
8682 0.000100
8683 0.000100
8684 0.000100
8685 0.000100
8686 0.000100
8687 0.000100
8688 0.000100
8689 0.000100
8690 0.000100
8691 0.000100
8692 0.000100
8693 0.000100
8694 0.000100
8695 0.000100
8696 0.000100
8697 0.000100
8698 0.000100
8699 0.000100
8700 0.000100
8701 0.000100
8702 0.000100
8703 0.000100
8704 0.000100
8705 0.000100
8706 0.000100
8707 0.000100
8708 0.000100
8709 0.000100
8710 0.000100
8711 0.000100
8712 0.000100
8713 0.000100
8714 0.000100
8715 0.000100
8716 0.000100
8717 0.000100
8718 0.000100
8719 0.000100
8720 0.000100
8721 0.000100
8722 0.000100
8723 0.000100
8724 0.000100
8725 0.000100
8726 0.000100
8727 0.000100
8728 0.000100
8729 0.000100
8730 0.000100
8731 0.000100
8732 0.000100
8733 0.000100
8734 0.000100
8735 0.000100
8736 0.000100
8737 0.000100
8738 0.000100
8739 0.000100
8740 0.000100
8741 0.000100
8742 0.000100
8743 0.000100
8744 0.000100
8745 0.000100
8746 0.000100
8747 0.000100
8748 0.000100
8749 0.000100
8750 0.000100
8751 0.000100
8752 0.000100
8753 0.000100
8754 0.000100
8755 0.000100
8756 0.000100
8757 0.000100
8758 0.000100
8759 0.000100
8760 0.000100
8761 0.000100
8762 0.000100
8763 0.000100
8764 0.000100
8765 0.000100
8766 0.000100
8767 0.000100
8768 0.000100
8769 0.000100
8770 0.000100
8771 0.000100
8772 0.000100
8773 0.000100
8774 0.000100
8775 0.000100
8776 0.000100
8777 0.000100
8778 0.000100
8779 0.000100
8780 0.000100
8781 0.000100
8782 0.000100
8783 0.000100
8784 0.000100
8785 0.000100
8786 0.000100
8787 0.000100
8788 0.000100
8789 0.000100
8790 0.000100
8791 0.000100
8792 0.000100
8793 0.000100
8794 0.000100
8795 0.000100
8796 0.000100
8797 0.000100
8798 0.000100
8799 0.000100
8800 0.000100
8801 0.000100
8802 0.000100
8803 0.000100
8804 0.000100
8805 0.000100
8806 0.000100
8807 0.000100
8808 0.000100
8809 0.000100
8810 0.000100
8811 0.000100
8812 0.000100
8813 0.000100
8814 0.000100
8815 0.000100
8816 0.000100
8817 0.000100
8818 0.000100
8819 0.000100
8820 0.000100
8821 0.000100
8822 0.000100
8823 0.000100
8824 0.000100
8825 0.000100
8826 0.000100
8827 0.000100
8828 0.000100
8829 0.000100
8830 0.000100
8831 0.000100
8832 0.000100
8833 0.000100
8834 0.000100
8835 0.000100
8836 0.000100
8837 0.000100
8838 0.000100
8839 0.000100
8840 0.000100
8841 0.000100
8842 0.000100
8843 0.000100
8844 0.000100
8845 0.000100
8846 0.000100
8847 0.000100
8848 0.000100
8849 0.000100
8850 0.000100
8851 0.000100
8852 0.000100
8853 0.000100
8854 0.000100
8855 0.000100
8856 0.000100
8857 0.000100
8858 0.000100
8859 0.000100
8860 0.000100
8861 0.000100
8862 0.000100
8863 0.000100
8864 0.000100
8865 0.000100
8866 0.000100
8867 0.000100
8868 0.000100
8869 0.000100
8870 0.000100
8871 0.000100
8872 0.000100
8873 0.000100
8874 0.000100
8875 0.000100
8876 0.000100
8877 0.000100
8878 0.000100
8879 0.000100
8880 0.000100
8881 0.000100
8882 0.000100
8883 0.000100
8884 0.000100
8885 0.000100
8886 0.000100
8887 0.000100
8888 0.000100
8889 0.000100
8890 0.000100
8891 0.000100
8892 0.000100
8893 0.000100
8894 0.000100
8895 0.000100
8896 0.000100
8897 0.000100
8898 0.000100
8899 0.000100
8900 0.000100
8901 0.000100
8902 0.000100
8903 0.000100
8904 0.000100
8905 0.000100
8906 0.000100
8907 0.000100
8908 0.000100
8909 0.000100
8910 0.000100
8911 0.000100
8912 0.000100
8913 0.000100
8914 0.000100
8915 0.000100
8916 0.000100
8917 0.000100
8918 0.000100
8919 0.000100
8920 0.000100
8921 0.000100
8922 0.000100
8923 0.000100
8924 0.000100
8925 0.000100
8926 0.000100
8927 0.000100
8928 0.000100
8929 0.000100
8930 0.000100
8931 0.000100
8932 0.000100
8933 0.000100
8934 0.000100
8935 0.000100
8936 0.000100
8937 0.000100
8938 0.000100
8939 0.000100
8940 0.000100
8941 0.000100
8942 0.000100
8943 0.000100
8944 0.000100
8945 0.000100
8946 0.000100
8947 0.000100
8948 0.000100
8949 0.000100
8950 0.000100
8951 0.000100
8952 0.000100
8953 0.000100
8954 0.000100
8955 0.000100
8956 0.000100
8957 0.000100
8958 0.000100
8959 0.000100
8960 0.000100
8961 0.000100
8962 0.000100
8963 0.000100
8964 0.000100
8965 0.000100
8966 0.000100
8967 0.000100
8968 0.000100
8969 0.000100
8970 0.000100
8971 0.000100
8972 0.000100
8973 0.000100
8974 0.000100
8975 0.000100
8976 0.000100
8977 0.000100
8978 0.000100
8979 0.000100
8980 0.000100
8981 0.000100
8982 0.000100
8983 0.000100
8984 0.000100
8985 0.000100
8986 0.000100
8987 0.000100
8988 0.000100
8989 0.000100
8990 0.000100
8991 0.000100
8992 0.000100
8993 0.000100
8994 0.000100
8995 0.000100
8996 0.000100
8997 0.000100
8998 0.000100
8999 0.000100
9000 0.000100
9001 0.000100
9002 0.000100
9003 0.000100
9004 0.000100
9005 0.000100
9006 0.000100
9007 0.000100
9008 0.000100
9009 0.000100
9010 0.000100
9011 0.000100
9012 0.000100
9013 0.000100
9014 0.000100
9015 0.000100
9016 0.000100
9017 0.000100
9018 0.000100
9019 0.000100
9020 0.000100
9021 0.000100
9022 0.000100
9023 0.000100
9024 0.000100
9025 0.000100
9026 0.000100
9027 0.000100
9028 0.000100
9029 0.000100
9030 0.000100
9031 0.000100
9032 0.000100
9033 0.000100
9034 0.000100
9035 0.000100
9036 0.000100
9037 0.000100
9038 0.000100
9039 0.000100
9040 0.000100
9041 0.000100
9042 0.000100
9043 0.000100
9044 0.000100
9045 0.000100
9046 0.000100
9047 0.000100
9048 0.000100
9049 0.000100
9050 0.000100
9051 0.000100
9052 0.000100
9053 0.000100
9054 0.000100
9055 0.000100
9056 0.000100
9057 0.000100
9058 0.000100
9059 0.000100
9060 0.000100
9061 0.000100
9062 0.000100
9063 0.000100
9064 0.000100
9065 0.000100
9066 0.000100
9067 0.000100
9068 0.000100
9069 0.000100
9070 0.000100
9071 0.000100
9072 0.000100
9073 0.000100
9074 0.000100
9075 0.000100
9076 0.000100
9077 0.000100
9078 0.000100
9079 0.000100
9080 0.000100
9081 0.000100
9082 0.000100
9083 0.000100
9084 0.000100
9085 0.000100
9086 0.000100
9087 0.000100
9088 0.000100
9089 0.000100
9090 0.000100
9091 0.000100
9092 0.000100
9093 0.000100
9094 0.000100
9095 0.000100
9096 0.000100
9097 0.000100
9098 0.000100
9099 0.000100
9100 0.000100
9101 0.000100
9102 0.000100
9103 0.000100
9104 0.000100
9105 0.000100
9106 0.000100
9107 0.000100
9108 0.000100
9109 0.000100
9110 0.000100
9111 0.000100
9112 0.000100
9113 0.000100
9114 0.000100
9115 0.000100
9116 0.000100
9117 0.000100
9118 0.000100
9119 0.000100
9120 0.000100
9121 0.000100
9122 0.000100
9123 0.000100
9124 0.000100
9125 0.000100
9126 0.000100
9127 0.000100
9128 0.000100
9129 0.000100
9130 0.000100
9131 0.000100
9132 0.000100
9133 0.000100
9134 0.000100
9135 0.000100
9136 0.000100
9137 0.000100
9138 0.000100
9139 0.000100
9140 0.000100
9141 0.000100
9142 0.000100
9143 0.000100
9144 0.000100
9145 0.000100
9146 0.000100
9147 0.000100
9148 0.000100
9149 0.000100
9150 0.000100
9151 0.000100
9152 0.000100
9153 0.000100
9154 0.000100
9155 0.000100
9156 0.000100
9157 0.000100
9158 0.000100
9159 0.000100
9160 0.000100
9161 0.000100
9162 0.000100
9163 0.000100
9164 0.000100
9165 0.000100
9166 0.000100
9167 0.000100
9168 0.000100
9169 0.000100
9170 0.000100
9171 0.000100
9172 0.000100
9173 0.000100
9174 0.000100
9175 0.000100
9176 0.000100
9177 0.000100
9178 0.000100
9179 0.000100
9180 0.000100
9181 0.000100
9182 0.000100
9183 0.000100
9184 0.000100
9185 0.000100
9186 0.000100
9187 0.000100
9188 0.000100
9189 0.000100
9190 0.000100
9191 0.000100
9192 0.000100
9193 0.000100
9194 0.000100
9195 0.000100
9196 0.000100
9197 0.000100
9198 0.000100
9199 0.000100
9200 0.000100
9201 0.000100
9202 0.000100
9203 0.000100
9204 0.000100
9205 0.000100
9206 0.000100
9207 0.000100
9208 0.000100
9209 0.000100
9210 0.000100
9211 0.000100
9212 0.000100
9213 0.000100
9214 0.000100
9215 0.000100
9216 0.000100
9217 0.000100
9218 0.000100
9219 0.000100
9220 0.000100
9221 0.000100
9222 0.000100
9223 0.000100
9224 0.000100
9225 0.000100
9226 0.000100
9227 0.000100
9228 0.000100
9229 0.000100
9230 0.000100
9231 0.000100
9232 0.000100
9233 0.000100
9234 0.000100
9235 0.000100
9236 0.000100
9237 0.000100
9238 0.000100
9239 0.000100
9240 0.000100
9241 0.000100
9242 0.000100
9243 0.000100
9244 0.000100
9245 0.000100
9246 0.000100
9247 0.000100
9248 0.000100
9249 0.000100
9250 0.000100
9251 0.000100
9252 0.000100
9253 0.000100
9254 0.000100
9255 0.000100
9256 0.000100
9257 0.000100
9258 0.000100
9259 0.000100
9260 0.000100
9261 0.000100
9262 0.000100
9263 0.000100
9264 0.000100
9265 0.000100
9266 0.000100
9267 0.000100
9268 0.000100
9269 0.000100
9270 0.000100
9271 0.000100
9272 0.000100
9273 0.000100
9274 0.000100
9275 0.000100
9276 0.000100
9277 0.000100
9278 0.000100
9279 0.000100
9280 0.000100
9281 0.000100
9282 0.000100
9283 0.000100
9284 0.000100
9285 0.000100
9286 0.000100
9287 0.000100
9288 0.000100
9289 0.000100
9290 0.000100
9291 0.000100
9292 0.000100
9293 0.000100
9294 0.000100
9295 0.000100
9296 0.000100
9297 0.000100
9298 0.000100
9299 0.000100
9300 0.000100
9301 0.000100
9302 0.000100
9303 0.000100
9304 0.000100
9305 0.000100
9306 0.000100
9307 0.000100
9308 0.000100
9309 0.000100
9310 0.000100
9311 0.000100
9312 0.000100
9313 0.000100
9314 0.000100
9315 0.000100
9316 0.000100
9317 0.000100
9318 0.000100
9319 0.000100
9320 0.000100
9321 0.000100
9322 0.000100
9323 0.000100
9324 0.000100
9325 0.000100
9326 0.000100
9327 0.000100
9328 0.000100
9329 0.000100
9330 0.000100
9331 0.000100
9332 0.000100
9333 0.000100
9334 0.000100
9335 0.000100
9336 0.000100
9337 0.000100
9338 0.000100
9339 0.000100
9340 0.000100
9341 0.000100
9342 0.000100
9343 0.000100
9344 0.000100
9345 0.000100
9346 0.000100
9347 0.000100
9348 0.000100
9349 0.000100
9350 0.000100
9351 0.000100
9352 0.000100
9353 0.000100
9354 0.000100
9355 0.000100
9356 0.000100
9357 0.000100
9358 0.000100
9359 0.000100
9360 0.000100
9361 0.000100
9362 0.000100
9363 0.000100
9364 0.000100
9365 0.000100
9366 0.000100
9367 0.000100
9368 0.000100
9369 0.000100
9370 0.000100
9371 0.000100
9372 0.000100
9373 0.000100
9374 0.000100
9375 0.000100
9376 0.000100
9377 0.000100
9378 0.000100
9379 0.000100
9380 0.000100
9381 0.000100
9382 0.000100
9383 0.000100
9384 0.000100
9385 0.000100
9386 0.000100
9387 0.000100
9388 0.000100
9389 0.000100
9390 0.000100
9391 0.000100
9392 0.000100
9393 0.000100
9394 0.000100
9395 0.000100
9396 0.000100
9397 0.000100
9398 0.000100
9399 0.000100
9400 0.000100
9401 0.000100
9402 0.000100
9403 0.000100
9404 0.000100
9405 0.000100
9406 0.000100
9407 0.000100
9408 0.000100
9409 0.000100
9410 0.000100
9411 0.000100
9412 0.000100
9413 0.000100
9414 0.000100
9415 0.000100
9416 0.000100
9417 0.000100
9418 0.000100
9419 0.000100
9420 0.000100
9421 0.000100
9422 0.000100
9423 0.000100
9424 0.000100
9425 0.000100
9426 0.000100
9427 0.000100
9428 0.000100
9429 0.000100
9430 0.000100
9431 0.000100
9432 0.000100
9433 0.000100
9434 0.000100
9435 0.000100
9436 0.000100
9437 0.000100
9438 0.000100
9439 0.000100
9440 0.000100
9441 0.000100
9442 0.000100
9443 0.000100
9444 0.000100
9445 0.000100
9446 0.000100
9447 0.000100
9448 0.000100
9449 0.000100
9450 0.000100
9451 0.000100
9452 0.000100
9453 0.000100
9454 0.000100
9455 0.000100
9456 0.000100
9457 0.000100
9458 0.000100
9459 0.000100
9460 0.000100
9461 0.000100
9462 0.000100
9463 0.000100
9464 0.000100
9465 0.000100
9466 0.000100
9467 0.000100
9468 0.000100
9469 0.000100
9470 0.000100
9471 0.000100
9472 0.000100
9473 0.000100
9474 0.000100
9475 0.000100
9476 0.000100
9477 0.000100
9478 0.000100
9479 0.000100
9480 0.000100
9481 0.000100
9482 0.000100
9483 0.000100
9484 0.000100
9485 0.000100
9486 0.000100
9487 0.000100
9488 0.000100
9489 0.000100
9490 0.000100
9491 0.000100
9492 0.000100
9493 0.000100
9494 0.000100
9495 0.000100
9496 0.000100
9497 0.000100
9498 0.000100
9499 0.000100
9500 0.000100
9501 0.000100
9502 0.000100
9503 0.000100
9504 0.000100
9505 0.000100
9506 0.000100
9507 0.000100
9508 0.000100
9509 0.000100
9510 0.000100
9511 0.000100
9512 0.000100
9513 0.000100
9514 0.000100
9515 0.000100
9516 0.000100
9517 0.000100
9518 0.000100
9519 0.000100
9520 0.000100
9521 0.000100
9522 0.000100
9523 0.000100
9524 0.000100
9525 0.000100
9526 0.000100
9527 0.000100
9528 0.000100
9529 0.000100
9530 0.000100
9531 0.000100
9532 0.000100
9533 0.000100
9534 0.000100
9535 0.000100
9536 0.000100
9537 0.000100
9538 0.000100
9539 0.000100
9540 0.000100
9541 0.000100
9542 0.000100
9543 0.000100
9544 0.000100
9545 0.000100
9546 0.000100
9547 0.000100
9548 0.000100
9549 0.000100
9550 0.000100
9551 0.000100
9552 0.000100
9553 0.000100
9554 0.000100
9555 0.000100
9556 0.000100
9557 0.000100
9558 0.000100
9559 0.000100
9560 0.000100
9561 0.000100
9562 0.000100
9563 0.000100
9564 0.000100
9565 0.000100
9566 0.000100
9567 0.000100
9568 0.000100
9569 0.000100
9570 0.000100
9571 0.000100
9572 0.000100
9573 0.000100
9574 0.000100
9575 0.000100
9576 0.000100
9577 0.000100
9578 0.000100
9579 0.000100
9580 0.000100
9581 0.000100
9582 0.000100
9583 0.000100
9584 0.000100
9585 0.000100
9586 0.000100
9587 0.000100
9588 0.000100
9589 0.000100
9590 0.000100
9591 0.000100
9592 0.000100
9593 0.000100
9594 0.000100
9595 0.000100
9596 0.000100
9597 0.000100
9598 0.000100
9599 0.000100
9600 0.000100
9601 0.000100
9602 0.000100
9603 0.000100
9604 0.000100
9605 0.000100
9606 0.000100
9607 0.000100
9608 0.000100
9609 0.000100
9610 0.000100
9611 0.000100
9612 0.000100
9613 0.000100
9614 0.000100
9615 0.000100
9616 0.000100
9617 0.000100
9618 0.000100
9619 0.000100
9620 0.000100
9621 0.000100
9622 0.000100
9623 0.000100
9624 0.000100
9625 0.000100
9626 0.000100
9627 0.000100
9628 0.000100
9629 0.000100
9630 0.000100
9631 0.000100
9632 0.000100
9633 0.000100
9634 0.000100
9635 0.000100
9636 0.000100
9637 0.000100
9638 0.000100
9639 0.000100
9640 0.000100
9641 0.000100
9642 0.000100
9643 0.000100
9644 0.000100
9645 0.000100
9646 0.000100
9647 0.000100
9648 0.000100
9649 0.000100
9650 0.000100
9651 0.000100
9652 0.000100
9653 0.000100
9654 0.000100
9655 0.000100
9656 0.000100
9657 0.000100
9658 0.000100
9659 0.000100
9660 0.000100
9661 0.000100
9662 0.000100
9663 0.000100
9664 0.000100
9665 0.000100
9666 0.000100
9667 0.000100
9668 0.000100
9669 0.000100
9670 0.000100
9671 0.000100
9672 0.000100
9673 0.000100
9674 0.000100
9675 0.000100
9676 0.000100
9677 0.000100
9678 0.000100
9679 0.000100
9680 0.000100
9681 0.000100
9682 0.000100
9683 0.000100
9684 0.000100
9685 0.000100
9686 0.000100
9687 0.000100
9688 0.000100
9689 0.000100
9690 0.000100
9691 0.000100
9692 0.000100
9693 0.000100
9694 0.000100
9695 0.000100
9696 0.000100
9697 0.000100
9698 0.000100
9699 0.000100
9700 0.000100
9701 0.000100
9702 0.000100
9703 0.000100
9704 0.000100
9705 0.000100
9706 0.000100
9707 0.000100
9708 0.000100
9709 0.000100
9710 0.000100
9711 0.000100
9712 0.000100
9713 0.000100
9714 0.000100
9715 0.000100
9716 0.000100
9717 0.000100
9718 0.000100
9719 0.000100
9720 0.000100
9721 0.000100
9722 0.000100
9723 0.000100
9724 0.000100
9725 0.000100
9726 0.000100
9727 0.000100
9728 0.000100
9729 0.000100
9730 0.000100
9731 0.000100
9732 0.000100
9733 0.000100
9734 0.000100
9735 0.000100
9736 0.000100
9737 0.000100
9738 0.000100
9739 0.000100
9740 0.000100
9741 0.000100
9742 0.000100
9743 0.000100
9744 0.000100
9745 0.000100
9746 0.000100
9747 0.000100
9748 0.000100
9749 0.000100
9750 0.000100
9751 0.000100
9752 0.000100
9753 0.000100
9754 0.000100
9755 0.000100
9756 0.000100
9757 0.000100
9758 0.000100
9759 0.000100
9760 0.000100
9761 0.000100
9762 0.000100
9763 0.000100
9764 0.000100
9765 0.000100
9766 0.000100
9767 0.000100
9768 0.000100
9769 0.000100
9770 0.000100
9771 0.000100
9772 0.000100
9773 0.000100
9774 0.000100
9775 0.000100
9776 0.000100
9777 0.000100
9778 0.000100
9779 0.000100
9780 0.000100
9781 0.000100
9782 0.000100
9783 0.000100
9784 0.000100
9785 0.000100
9786 0.000100
9787 0.000100
9788 0.000100
9789 0.000100
9790 0.000100
9791 0.000100
9792 0.000100
9793 0.000100
9794 0.000100
9795 0.000100
9796 0.000100
9797 0.000100
9798 0.000100
9799 0.000100
9800 0.000100
9801 0.000100
9802 0.000100
9803 0.000100
9804 0.000100
9805 0.000100
9806 0.000100
9807 0.000100
9808 0.000100
9809 0.000100
9810 0.000100
9811 0.000100
9812 0.000100
9813 0.000100
9814 0.000100
9815 0.000100
9816 0.000100
9817 0.000100
9818 0.000100
9819 0.000100
9820 0.000100
9821 0.000100
9822 0.000100
9823 0.000100
9824 0.000100
9825 0.000100
9826 0.000100
9827 0.000100
9828 0.000100
9829 0.000100
9830 0.000100
9831 0.000100
9832 0.000100
9833 0.000100
9834 0.000100
9835 0.000100
9836 0.000100
9837 0.000100
9838 0.000100
9839 0.000100
9840 0.000100
9841 0.000100
9842 0.000100
9843 0.000100
9844 0.000100
9845 0.000100
9846 0.000100
9847 0.000100
9848 0.000100
9849 0.000100
9850 0.000100
9851 0.000100
9852 0.000100
9853 0.000100
9854 0.000100
9855 0.000100
9856 0.000100
9857 0.000100
9858 0.000100
9859 0.000100
9860 0.000100
9861 0.000100
9862 0.000100
9863 0.000100
9864 0.000100
9865 0.000100
9866 0.000100
9867 0.000100
9868 0.000100
9869 0.000100
9870 0.000100
9871 0.000100
9872 0.000100
9873 0.000100
9874 0.000100
9875 0.000100
9876 0.000100
9877 0.000100
9878 0.000100
9879 0.000100
9880 0.000100
9881 0.000100
9882 0.000100
9883 0.000100
9884 0.000100
9885 0.000100
9886 0.000100
9887 0.000100
9888 0.000100
9889 0.000100
9890 0.000100
9891 0.000100
9892 0.000100
9893 0.000100
9894 0.000100
9895 0.000100
9896 0.000100
9897 0.000100
9898 0.000100
9899 0.000100
9900 0.000100
9901 0.000100
9902 0.000100
9903 0.000100
9904 0.000100
9905 0.000100
9906 0.000100
9907 0.000100
9908 0.000100
9909 0.000100
9910 0.000100
9911 0.000100
9912 0.000100
9913 0.000100
9914 0.000100
9915 0.000100
9916 0.000100
9917 0.000100
9918 0.000100
9919 0.000100
9920 0.000100
9921 0.000100
9922 0.000100
9923 0.000100
9924 0.000100
9925 0.000100
9926 0.000100
9927 0.000100
9928 0.000100
9929 0.000100
9930 0.000100
9931 0.000100
9932 0.000100
9933 0.000100
9934 0.000100
9935 0.000100
9936 0.000100
9937 0.000100
9938 0.000100
9939 0.000100
9940 0.000100
9941 0.000100
9942 0.000100
9943 0.000100
9944 0.000100
9945 0.000100
9946 0.000100
9947 0.000100
9948 0.000100
9949 0.000100
9950 0.000100
9951 0.000100
9952 0.000100
9953 0.000100
9954 0.000100
9955 0.000100
9956 0.000100
9957 0.000100
9958 0.000100
9959 0.000100
9960 0.000100
9961 0.000100
9962 0.000100
9963 0.000100
9964 0.000100
9965 0.000100
9966 0.000100
9967 0.000100
9968 0.000100
9969 0.000100
9970 0.000100
9971 0.000100
9972 0.000100
9973 0.000100
9974 0.000100
9975 0.000100
9976 0.000100
9977 0.000100
9978 0.000100
9979 0.000100
9980 0.000100
9981 0.000100
9982 0.000100
9983 0.000100
9984 0.000100
9985 0.000100
9986 0.000100
9987 0.000100
9988 0.000100
9989 0.000100
9990 0.000100
9991 0.000100
9992 0.000100
9993 0.000100
9994 0.000100
9995 0.000100
9996 0.000100
9997 0.000100
9998 0.000100
9999 0.000100
Sum of ranks: 1.000000
Iterations: 19
Converged: true
Execution time: 3.110033 ms
