Algorithm: Kruskal's MST
MST edges:
6 8 1
7 2020 1
13 788 1
15 396 1
16 455 1
24 342 1
68 613 1
76 3396 1
81 9319 1
105 9040 1
127 3008 1
131 2143 1
147 3409 1
160 7725 1
166 2122 1
192 2058 1
234 3344 1
262 3857 1
266 682 1
274 4445 1
299 975 1
337 8400 1
350 626 1
361 7402 1
374 3767 1
386 9446 1
411 1067 1
412 821 1
421 914 1
426 2379 1
461 9552 1
481 659 1
487 6612 1
509 1912 1
529 6822 1
532 7866 1
612 2151 1
617 1994 1
636 5330 1
647 2659 1
660 9652 1
672 8139 1
675 6226 1
678 1667 1
682 985 1
685 4993 1
719 759 1
736 747 1
741 6266 1
758 1876 1
784 9792 1
793 1146 1
826 5304 1
839 8354 1
862 1872 1
892 6885 1
924 935 1
932 2725 1
942 1479 1
960 2733 1
967 3484 1
974 3876 1
979 7032 1
1062 6064 1
1069 1249 1
1076 2488 1
1098 4890 1
1137 4143 1
1150 1656 1
1160 1445 1
1185 2834 1
1224 5150 1
1323 1402 1
1338 4597 1
1354 6869 1
1442 3154 1
1451 4845 1
1472 3526 1
1499 9505 1
1509 5355 1
1524 5782 1
1532 3078 1
1551 9632 1
1565 2349 1
1616 5466 1
1630 1830 1
1636 1978 1
1636 6312 1
1647 1818 1
1766 8020 1
1772 7139 1
1887 5835 1
1902 2723 1
1905 2204 1
1918 3047 1
2007 2029 1
2026 3943 1
2138 4305 1
2160 4898 1
2211 6298 1
2239 6340 1
2280 3462 1
2346 8119 1
2349 7915 1
2357 3841 1
2359 7617 1
2369 5043 1
2469 4440 1
2537 6037 1
2563 7043 1
2623 6137 1
2648 4309 1
2725 7415 1
2833 4186 1
2856 5339 1
2901 5047 1
2921 9477 1
2975 5054 1
2979 9448 1
2983 3407 1
3067 3667 1
3117 4213 1
3181 4550 1
3190 8507 1
3209 9408 1
3228 8877 1
3290 5609 1
3293 5321 1
3321 6872 1
3332 8479 1
3455 7719 1
3486 9025 1
3567 5071 1
3579 5089 1
3628 6269 1
3691 5945 1
3908 3914 1
3937 8543 1
4036 6159 1
4098 9247 1
4155 8531 1
4248 4520 1
4251 7883 1
4373 5776 1
4408 6158 1
4457 4661 1
4554 8940 1
4629 6783 1
4717 5946 1
4724 7359 1
4800 7578 1
4871 6302 1
4940 8429 1
4967 5042 1
5002 5769 1
5024 6638 1
5058 5646 1
5153 7580 1
5247 8416 1
5264 9730 1
5270 9051 1
5298 6115 1
5328 7592 1
5361 7839 1
5442 7792 1
5567 7882 1
5611 7649 1
5628 5630 1
5672 6179 1
5759 8541 1
5803 8305 1
5824 7340 1
5833 6007 1
6020 6410 1
6047 6334 1
6083 8919 1
6114 7944 1
6128 8137 1
6175 7668 1
6206 8682 1
6266 9833 1
6294 6421 1
6366 7209 1
6607 9372 1
6703 8713 1
6722 6799 1
6834 9457 1
6905 8417 1
7074 7157 1
7162 9671 1
7205 8080 1
7242 8662 1
7376 7589 1
7625 9303 1
8036 8643 1
8043 8331 1
8670 9049 1
9090 9555 1
9293 9661 1
9446 9846 1
30 157 2
30 2014 2
56 2505 2
92 3439 2
99 470 2
106 108 2
122 2872 2
136 177 2
138 871 2
140 7830 2
146 5095 2
209 3734 2
233 2339 2
238 1509 2
273 1564 2
295 1580 2
306 7972 2
307 333 2
387 864 2
403 2804 2
445 8861 2
473 6594 2
483 1074 2
485 2852 2
486 5290 2
527 3988 2
528 558 2
541 1928 2
547 1537 2
565 9850 2
581 1094 2
605 6923 2
617 2612 2
622 4497 2
633 3430 2
674 928 2
718 1290 2
720 7729 2
722 842 2
733 1685 2
739 1552 2
761 8109 2
770 1051 2
773 2165 2
775 7687 2
779 3691 2
796 5290 2
873 2495 2
874 1368 2
885 4462 2
923 5628 2
929 1010 2
1009 1641 2
1060 3003 2
1074 6075 2
1089 2759 2
1205 7838 2
1217 2907 2
1243 5669 2
1255 1460 2
1327 2624 2
1344 1694 2
1347 8556 2
1352 4577 2
1408 8194 2
1512 3712 2
1530 7663 2
1562 1876 2
1569 3874 2
1581 7434 2
1585 3494 2
1591 5980 2
1609 2905 2
1616 3433 2
1643 4240 2
1652 2819 2
1660 2741 2
1684 3589 2
1723 9961 2
1731 9507 2
1796 8833 2
1857 9611 2
1903 2772 2
1930 4836 2
1975 7863 2
1987 2674 2
1987 7103 2
2021 2539 2
2044 3693 2
2061 5888 2
2063 6017 2
2096 7106 2
2098 4804 2
2122 6247 2
2138 3448 2
2153 7733 2
2221 8418 2
2252 5534 2
2254 7972 2
2270 8806 2
2296 7093 2
2324 7078 2
2357 2689 2
2385 8610 2
2428 9404 2
2541 5543 2
2581 5710 2
2615 3562 2
2626 7070 2
2681 9424 2
2683 6652 2
2695 4222 2
2724 9448 2
2835 9201 2
2843 5579 2
2893 4519 2
2963 3255 2
3058 8922 2
3069 6813 2
3127 7407 2
3177 4323 2
3258 4327 2
3319 8882 2
3324 7169 2
3330 4216 2
3354 7296 2
3382 7712 2
3399 9739 2
3563 5156 2
3602 9439 2
3654 9442 2
3661 5087 2
3702 6294 2
3716 5678 2
3727 9958 2
3759 8706 2
3761 8685 2
3963 8330 2
4003 4702 2
4091 9983 2
4100 6504 2
4180 4458 2
4229 7167 2
4315 5690 2
4334 7655 2
4396 9879 2
4406 7092 2
4482 9335 2
4551 8781 2
4591 9658 2
4621 8913 2
4658 9365 2
4704 6670 2
4714 7558 2
4810 5735 2
4876 5436 2
4897 9136 2
4903 8569 2
4947 9474 2
5058 7803 2
5086 5755 2
5102 9021 2
5148 7880 2
5155 8641 2
5165 8295 2
5186 9715 2
5281 8369 2
5422 8436 2
5457 6007 2
5514 6894 2
5562 8607 2
5621 6636 2
5638 8428 2
5737 8892 2
5755 5889 2
5872 7305 2
6019 8602 2
6156 8387 2
6197 7349 2
6217 7548 2
6231 9666 2
6366 9197 2
6416 6862 2
6426 8784 2
6526 8231 2
6551 8334 2
6614 7775 2
6651 8583 2
6668 9510 2
6686 9191 2
6691 9844 2
6702 8496 2
7041 8761 2
7346 9144 2
7386 9153 2
7532 8397 2
7579 9405 2
7581 9312 2
7657 8836 2
7660 7820 2
7661 8480 2
7786 8937 2
8161 8912 2
8286 9337 2
8365 9714 2
8517 9503 2
8550 9385 2
8974 9322 2
9017 9401 2
9161 9752 2
9216 9995 2
3 11 3
4 9 3
15 5834 3
17 3377 3
17 7527 3
54 3824 3
57 502 3
65 5800 3
70 531 3
77 107 3
81 5849 3
98 601 3
99 208 3
116 822 3
129 5870 3
131 816 3
134 401 3
138 3227 3
188 3188 3
225 4294 3
237 2469 3
250 1285 3
292 2959 3
295 8870 3
311 5592 3
327 1883 3
373 2998 3
421 3282 3
424 6174 3
444 4860 3
489 4553 3
492 3074 3
595 4594 3
601 1600 3
622 1506 3
654 2238 3
722 923 3
742 5543 3
754 6390 3
757 7454 3
767 5876 3
805 1167 3
806 3038 3
898 2928 3
942 3701 3
952 2267 3
953 4110 3
988 7248 3
991 5466 3
994 4404 3
1035 6563 3
1063 3920 3
1080 6030 3
1085 2241 3
1087 5565 3
1189 6719 3
1193 1457 3
1213 2721 3
1222 1586 3
1225 5531 3
1240 5869 3
1290 9123 3
1327 2329 3
1346 9586 3
1347 4209 3
1350 2089 3
1364 2266 3
1367 3740 3
1394 2608 3
1405 6370 3
1429 4788 3
1451 1814 3
1454 2137 3
1457 3737 3
1482 6938 3
1541 3898 3
1563 7408 3
1566 6174 3
1603 4720 3
1613 8754 3
1618 4447 3
1622 9184 3
1632 5842 3
1794 9824 3
1803 7934 3
1828 1834 3
1840 3557 3
1897 2623 3
1906 3543 3
1921 2530 3
1932 4433 3
1946 2000 3
1959 8953 3
2017 3252 3
2022 5122 3
2023 3818 3
2051 6882 3
2153 3289 3
2218 2769 3
2230 8084 3
2256 3982 3
2300 8346 3
2377 9068 3
2395 9522 3
2403 2837 3
2426 3400 3
2459 7734 3
2460 2517 3
2473 2801 3
2523 2717 3
2536 5328 3
2565 4605 3
2637 7457 3
2639 5052 3
2643 4409 3
2645 9620 3
2667 8635 3
2670 4599 3
2794 7989 3
2916 3907 3
2918 4331 3
2972 3717 3
3100 4427 3
3122 4581 3
3181 5533 3
3230 4375 3
3245 3648 3
3247 7622 3
3273 8045 3
3297 8003 3
3555 6928 3
3558 6819 3
3560 8742 3
3659 3919 3
3670 4161 3
3671 6147 3
3701 3748 3
3951 7889 3
3964 9280 3
4019 9389 3
4096 7281 3
4191 4689 3
4209 4292 3
4405 9638 3
4421 5098 3
4533 7738 3
4587 6446 3
4674 6893 3
4683 9822 3
4720 8322 3
4721 5428 3
4753 7788 3
4817 5369 3
4850 7882 3
4880 6546 3
4993 6389 3
5034 8897 3
5061 8199 3
5141 8901 3
5183 6771 3
5498 8160 3
5508 8602 3
5537 5770 3
5558 8617 3
5963 8237 3
6006 7040 3
6027 8319 3
6207 8688 3
6314 8135 3
6330 9606 3
6372 9385 3
6405 9690 3
6511 8279 3
6666 7956 3
6673 7087 3
6692 7373 3
6729 9367 3
6825 9130 3
6893 9753 3
6928 7121 3
6954 7192 3
7098 8259 3
7245 9418 3
7336 9096 3
7375 7635 3
7764 8240 3
7894 9530 3
7936 8412 3
7937 8035 3
8070 8788 3
8330 8983 3
8369 9311 3
8574 9594 3
9 1979 4
11 55 4
26 3219 4
39 2972 4
45 52 4
49 7611 4
67 113 4
74 3714 4
77 1902 4
120 866 4
122 710 4
144 236 4
194 4602 4
201 1029 4
209 2234 4
253 320 4
259 2621 4
287 334 4
291 4010 4
304 3405 4
320 6242 4
350 1307 4
353 9324 4
365 1112 4
369 490 4
396 2601 4
423 7984 4
443 6185 4
480 2826 4
509 5267 4
518 1805 4
522 690 4
548 2803 4
602 2003 4
631 7907 4
637 728 4
665 1625 4
669 3369 4
693 3571 4
707 743 4
724 917 4
749 6303 4
762 6672 4
796 1302 4
925 2793 4
944 5846 4
958 7028 4
961 1385 4
963 5292 4
996 5662 4
998 8300 4
1007 1069 4
1017 1232 4
1017 4576 4
1086 4725 4
1137 3251 4
1164 8097 4
1248 5148 4
1249 3783 4
1285 3282 4
1317 9934 4
1321 5284 4
1338 1862 4
1340 2555 4
1340 9343 4
1367 9258 4
1376 8427 4
1389 4291 4
1414 2054 4
1419 2882 4
1467 2584 4
1483 7989 4
1492 2954 4
1520 2522 4
1540 9889 4
1612 5708 4
1639 8062 4
1670 1785 4
1672 5130 4
1758 2769 4
1766 7112 4
1766 9786 4
1810 5137 4
1868 7885 4
1939 9906 4
1951 2601 4
1981 7142 4
1986 3429 4
2009 2687 4
2032 9184 4
2039 3738 4
2044 5255 4
2116 4760 4
2120 2350 4
2174 7097 4
2186 9379 4
2201 3084 4
2219 9402 4
2249 5983 4
2291 4881 4
2298 6070 4
2373 5192 4
2394 8924 4
2405 6193 4
2414 3258 4
2445 4729 4
2495 2574 4
2509 3073 4
2631 7938 4
2662 8531 4
2680 3345 4
2775 3453 4
2776 9631 4
2810 8278 4
2816 6548 4
2883 6965 4
2884 8613 4
2895 6200 4
2985 5739 4
2992 6595 4
2995 6231 4
3092 9763 4
3128 7632 4
3153 8474 4
3233 4210 4
3259 8292 4
3264 4539 4
3338 9178 4
3342 4450 4
3491 9391 4
3586 5065 4
3607 7279 4
3687 3857 4
3757 9380 4
3769 9454 4
3782 5247 4
3784 5686 4
3834 8740 4
3963 4164 4
4109 4279 4
4220 5385 4
4227 4503 4
4295 8476 4
4316 9116 4
4325 6943 4
4345 7496 4
4392 6357 4
4409 7474 4
4481 6922 4
4483 9778 4
4525 6624 4
4532 7090 4
4543 8684 4
4555 5077 4
4633 5288 4
4654 7939 4
4708 6016 4
4917 7189 4
4928 8155 4
4984 8013 4
5273 6174 4
5287 6995 4
5350 7876 4
5355 6134 4
5368 6425 4
5481 7596 4
5553 9190 4
5717 6756 4
5822 6818 4
5849 7317 4
5855 9463 4
5981 9019 4
6053 7962 4
6080 8942 4
6189 7589 4
6189 8976 4
6233 8085 4
6279 6720 4
6406 9147 4
6634 9415 4
6705 8749 4
6789 8110 4
6942 7333 4
6956 9203 4
7091 9155 4
7156 8036 4
7181 9462 4
7230 9478 4
7317 9177 4
7364 7972 4
7537 8219 4
7595 7908 4
7890 8091 4
7936 9335 4
7989 8051 4
8426 9150 4
8672 9031 4
9394 9486 4
0 1 5
17 6527 5
33 40 5
39 6494 5
52 817 5
55 1148 5
71 1972 5
150 2391 5
155 1276 5
181 1918 5
185 2832 5
192 283 5
221 7719 5
229 6171 5
254 631 5
265 1962 5
273 2731 5
298 801 5
338 4623 5
368 4602 5
382 5212 5
384 1970 5
386 1924 5
434 9060 5
471 4274 5
518 722 5
566 697 5
605 1291 5
626 2046 5
636 7866 5
694 1976 5
723 4971 5
778 8037 5
817 6634 5
838 3540 5
840 1388 5
880 4615 5
884 1134 5
933 1641 5
943 7559 5
943 8233 5
968 8840 5
999 8331 5
1000 6646 5
1011 1629 5
1012 9269 5
1024 4968 5
1040 3658 5
1058 2111 5
1093 3042 5
1094 5142 5
1115 2510 5
1118 8276 5
1121 2307 5
1122 9360 5
1135 4554 5
1185 6626 5
1201 4601 5
1226 6979 5
1227 8120 5
1269 1473 5
1358 2730 5
1363 4502 5
1363 7507 5
1372 4364 5
1441 7346 5
1449 6340 5
1495 3216 5
1497 4893 5
1517 4254 5
1543 5106 5
1550 7223 5
1589 4018 5
1603 2205 5
1619 2059 5
1628 4398 5
1652 6430 5
1687 9516 5
1710 2759 5
1713 3167 5
1732 4446 5
1738 4070 5
1771 7058 5
1783 2104 5
1869 5297 5
1967 9039 5
1986 6457 5
2130 8099 5
2145 9746 5
2223 2637 5
2268 3202 5
2292 3171 5
2312 2365 5
2326 3308 5
2336 5172 5
2344 8469 5
2420 8411 5
2464 6798 5
2494 5185 5
2513 5340 5
2553 3623 5
2618 9687 5
2664 5653 5
2728 3419 5
2871 3943 5
2912 3318 5
2951 6954 5
2968 3284 5
2981 3944 5
2995 8486 5
3014 3422 5
3038 8330 5
3074 9850 5
3079 7562 5
3092 3162 5
3096 3786 5
3116 3719 5
3165 9438 5
3179 3862 5
3184 8800 5
3316 9564 5
3317 4118 5
3350 3887 5
3360 4641 5
3458 3770 5
3489 7106 5
3711 4014 5
3725 5580 5
3746 4772 5
3788 4649 5
3810 5720 5
3815 4714 5
3850 5873 5
3858 7774 5
3951 7781 5
3956 9276 5
3957 8249 5
4047 6966 5
4065 7018 5
4209 6244 5
4223 6295 5
4227 8846 5
4251 6897 5
4265 4290 5
4268 6820 5
4389 8963 5
4463 6241 5
4547 5368 5
4584 6976 5
4585 7523 5
4591 5399 5
4633 7029 5
4634 7718 5
4690 5232 5
4760 8019 5
4766 6144 5
4887 7687 5
5129 7651 5
5292 6241 5
5322 7581 5
5421 5959 5
5482 9835 5
5510 5623 5
5533 8815 5
5540 9518 5
5592 8885 5
5617 9029 5
5642 7212 5
5645 7960 5
5682 7860 5
5925 6955 5
6044 9147 5
6249 6468 5
6326 9325 5
6368 9453 5
6464 9985 5
6550 9262 5
6579 6843 5
6580 7336 5
6613 7443 5
6920 9515 5
7071 9808 5
7078 9376 5
7107 7195 5
7164 7944 5
7196 9647 5
7282 8729 5
7846 9095 5
8053 8883 5
8810 9019 5
9243 9852 5
9357 9756 5
26 9546 6
61 4729 6
75 8029 6
77 3977 6
80 623 6
84 5006 6
119 4822 6
121 5378 6
122 228 6
123 8259 6
149 2935 6
185 6726 6
206 728 6
215 385 6
215 1623 6
230 373 6
240 4671 6
262 6591 6
264 8050 6
270 6032 6
274 2977 6
282 2062 6
298 2910 6
316 969 6
353 3532 6
356 1061 6
357 2257 6
384 556 6
427 8384 6
438 6342 6
526 1873 6
583 1637 6
588 5839 6
637 7022 6
651 4607 6
655 2688 6
669 7342 6
688 2851 6
691 4423 6
706 736 6
720 5738 6
747 1690 6
762 8885 6
774 6626 6
783 8017 6
793 2265 6
818 4694 6
842 980 6
844 7418 6
853 1270 6
854 5204 6
881 9585 6
901 2739 6
902 6209 6
943 2245 6
947 7748 6
956 3231 6
971 7531 6
978 1089 6
992 2855 6
999 2789 6
1027 3871 6
1044 9402 6
1084 4184 6
1098 8435 6
1101 8564 6
1109 1725 6
1161 5058 6
1175 7859 6
1196 1810 6
1201 1898 6
1205 3206 6
1208 4499 6
1217 9194 6
1267 2557 6
1291 3049 6
1296 3069 6
1311 6372 6
1311 6401 6
1324 2816 6
1341 8326 6
1358 4287 6
1430 1827 6
1444 8972 6
1480 5658 6
1481 6562 6
1485 1671 6
1524 2904 6
1571 6736 6
1580 4459 6
1610 1892 6
1663 9637 6
1664 2466 6
1668 3322 6
1687 6540 6
1794 2252 6
1820 3949 6
1860 9002 6
1864 8533 6
1906 5759 6
1913 4774 6
1925 1996 6
1991 4654 6
2032 8174 6
2036 3391 6
2086 7233 6
2090 3985 6
2097 9160 6
2138 7632 6
2217 2966 6
2240 7967 6
2242 3499 6
2256 7289 6
2264 7832 6
2363 2912 6
2375 4589 6
2384 6730 6
2398 2936 6
2418 8619 6
2423 5553 6
2428 7736 6
2485 9771 6
2513 8085 6
2518 4869 6
2541 5708 6
2637 2922 6
2717 3419 6
2723 5667 6
2748 3755 6
2782 9066 6
2820 8072 6
2869 7540 6
2909 9957 6
2928 5970 6
2941 5885 6
2969 6851 6
2995 8807 6
3099 8576 6
3110 4027 6
3148 5728 6
3164 8715 6
3167 7737 6
3181 5126 6
3248 6160 6
3326 7413 6
3328 8014 6
3335 8572 6
3341 8898 6
3362 5626 6
3419 5342 6
3426 4432 6
3461 4951 6
3688 4787 6
3705 3930 6
3727 4859 6
3745 5863 6
3769 9471 6
3781 7080 6
3819 4575 6
3892 8058 6
3913 4028 6
3968 8071 6
4000 5053 6
4013 9293 6
4019 6886 6
4060 6600 6
4089 4604 6
4208 4653 6
4293 5503 6
4311 5644 6
4318 9063 6
4348 9290 6
4419 7059 6
4420 6605 6
4433 9969 6
4501 4813 6
4503 7005 6
4706 6835 6
4720 8868 6
4727 6677 6
4875 6909 6
4946 6288 6
4957 9125 6
5017 9236 6
5030 5661 6
5049 8220 6
5050 6602 6
5080 6637 6
5109 7083 6
5235 6322 6
5321 7564 6
5356 9003 6
5403 8771 6
5484 8853 6
5618 5838 6
5628 6855 6
5677 9611 6
5693 6890 6
5708 9169 6
5715 8584 6
5747 6235 6
5755 6729 6
5756 8060 6
5828 8121 6
5834 8423 6
5853 6169 6
5922 8450 6
5990 6935 6
6103 7756 6
6184 7508 6
6247 7964 6
6261 7968 6
6330 7992 6
6499 8516 6
6532 8123 6
6587 7590 6
6619 9974 6
6665 8657 6
6709 9672 6
6717 8662 6
6801 9820 6
6842 8687 6
6845 9513 6
6857 8943 6
7073 8388 6
7146 7318 6
7179 9910 6
7201 9333 6
7554 8701 6
7590 7817 6
7717 8271 6
7909 8858 6
7918 9282 6
8253 9655 6
8290 8660 6
8828 9829 6
9248 9790 6
7 6391 7
16 3020 7
52 777 7
62 7377 7
76 6513 7
146 1944 7
149 364 7
150 1336 7
169 1728 7
181 255 7
227 6346 7
238 6741 7
240 5106 7
247 5441 7
266 3720 7
301 3868 7
322 4684 7
410 1006 7
505 3316 7
526 1322 7
530 2080 7
550 3627 7
575 4748 7
678 9619 7
690 2399 7
714 6347 7
721 3719 7
728 810 7
740 5964 7
830 2460 7
833 5889 7
839 2647 7
854 9066 7
881 5356 7
892 9390 7
905 3303 7
923 2064 7
946 1508 7
1001 3196 7
1019 2079 7
1108 2619 7
1111 6619 7
1117 8198 7
1137 1984 7
1164 3909 7
1237 8299 7
1384 4131 7
1403 7929 7
1469 7743 7
1471 9314 7
1531 9176 7
1564 5135 7
1611 7376 7
1628 6367 7
1653 4699 7
1701 9606 7
1711 2284 7
1754 4732 7
1838 2333 7
1849 2189 7
1876 5801 7
1909 8656 7
1927 6122 7
2006 8152 7
2014 2118 7
2016 5716 7
2026 9057 7
2036 6812 7
2043 6725 7
2044 3239 7
2075 3031 7
2125 3740 7
2131 6698 7
2386 6294 7
2394 8565 7
2474 9572 7
2508 4555 7
2521 7422 7
2557 3360 7
2620 2921 7
2843 5241 7
2926 4556 7
2978 6722 7
2983 9320 7
3064 8902 7
3079 3855 7
3115 9987 7
3128 4756 7
3251 5387 7
3279 5606 7
3306 3428 7
3316 4207 7
3399 6971 7
3411 8457 7
3413 4588 7
3425 5412 7
3484 4065 7
3506 4623 7
3558 3761 7
3570 9797 7
3577 4512 7
3593 7018 7
3624 5954 7
3660 6747 7
3673 9128 7
3766 4371 7
3782 7700 7
3812 5627 7
3814 7428 7
3839 6284 7
3862 4257 7
3897 5498 7
3947 6531 7
3975 9192 7
4050 7145 7
4079 5831 7
4262 4623 7
4334 8043 7
4358 5677 7
4445 8287 7
4501 7792 7
4544 7275 7
4563 8213 7
4566 6771 7
4595 5327 7
4641 7644 7
4701 5484 7
4711 6580 7
4734 9457 7
4755 6088 7
4797 7390 7
4878 9441 7
4897 9485 7
4983 5374 7
5060 8447 7
5073 7186 7
5126 5192 7
5148 7601 7
5156 9349 7
5178 7965 7
5188 5602 7
5270 6706 7
5347 8433 7
5375 9452 7
5378 7849 7
5575 8362 7
5603 9702 7
5701 8737 7
5765 7815 7
5793 6800 7
5892 6413 7
6094 8491 7
6213 7854 7
6292 9567 7
6472 6884 7
6475 8041 7
6485 7147 7
6530 6594 7
6711 6819 7
6742 7236 7
6777 9515 7
6797 7678 7
6924 8053 7
6941 8905 7
7110 7655 7
7277 8374 7
7621 8598 7
7708 9164 7
8375 9181 7
8413 9251 7
8542 8856 7
8594 9334 7
8874 9714 7
8995 9963 7
9087 9168 7
2 1016 8
4 19 8
35 2771 8
46 2262 8
49 263 8
50 2794 8
69 9651 8
95 8601 8
105 2614 8
114 5147 8
135 2288 8
159 522 8
161 4385 8
172 232 8
175 650 8
182 6119 8
216 1990 8
218 6786 8
237 1170 8
256 5350 8
273 9791 8
279 410 8
315 633 8
358 8442 8
369 406 8
473 7281 8
506 4036 8
561 918 8
597 901 8
606 2849 8
616 8691 8
622 5811 8
628 5118 8
646 1175 8
647 900 8
649 2087 8
651 4038 8
670 783 8
703 2809 8
708 5943 8
723 3201 8
741 8889 8
743 7819 8
774 8202 8
790 9185 8
828 6904 8
829 1765 8
882 938 8
905 1599 8
976 8817 8
1012 2342 8
1033 5360 8
1072 3854 8
1097 8705 8
1135 6633 8
1160 6937 8
1172 1269 8
1207 9183 8
1242 7017 8
1244 3820 8
1249 1584 8
1256 1372 8
1259 7435 8
1323 3673 8
1352 2375 8
1369 4156 8
1370 7376 8
1397 1432 8
1440 1904 8
1447 5734 8
1503 7280 8
1536 3187 8
1546 4289 8
1602 2086 8
1602 4828 8
1607 7935 8
1608 2076 8
1626 4229 8
1669 5507 8
1686 7184 8
1709 8854 8
1720 7645 8
1725 6999 8
1729 3593 8
1748 5504 8
1775 2818 8
1822 2335 8
1824 6388 8
1833 7758 8
1887 9299 8
1925 9635 8
1960 2284 8
1963 7466 8
1974 3093 8
2031 9492 8
2045 5526 8
2047 9014 8
2082 2670 8
2083 2132 8
2120 6159 8
2184 3095 8
2202 4441 8
2216 5620 8
2241 8525 8
2275 5460 8
2344 5270 8
2370 7244 8
2387 3697 8
2426 3586 8
2462 2835 8
2462 9281 8
2529 8920 8
2583 5910 8
2601 4315 8
2671 5539 8
2673 4886 8
2686 3125 8
2736 4327 8
2746 4525 8
2789 4909 8
2798 4203 8
2834 3638 8
2944 7784 8
2963 4931 8
2969 3624 8
3082 6205 8
3114 8283 8
3147 4429 8
3149 8513 8
3243 5045 8
3259 4384 8
3274 3422 8
3308 9076 8
3316 8357 8
3425 6089 8
3474 8345 8
3560 8194 8
3576 9268 8
3603 6034 8
3645 3895 8
3687 8021 8
3706 4032 8
3804 7924 8
3834 8635 8
3908 9984 8
3949 7928 8
4072 7454 8
4086 4521 8
4125 8715 8
4148 9329 8
4179 7224 8
4215 4592 8
4278 8292 8
4345 8719 8
4365 9219 8
4375 5663 8
4387 9236 8
4704 5541 8
4772 9629 8
4820 5341 8
4835 7700 8
4920 6438 8
4972 8788 8
5047 8037 8
5226 8082 8
5284 8117 8
5300 9573 8
5318 5343 8
5419 6496 8
5631 6805 8
5749 6371 8
5789 6569 8
5885 8475 8
6067 6812 8
6138 7917 8
6149 7026 8
6245 7490 8
6253 6766 8
6278 6661 8
6443 6797 8
6946 8938 8
6967 8586 8
7136 8506 8
7279 9729 8
7487 9777 8
7656 9361 8
7737 8392 8
7742 9512 8
7837 8790 8
7924 9576 8
8461 9864 8
8474 8664 8
8544 8621 8
8658 9560 8
8687 8844 8
9374 9563 8
9671 9923 8
8 171 9
15 223 9
43 53 9
44 118 9
57 4534 9
60 112 9
65 1528 9
70 71 9
73 5702 9
94 148 9
124 7645 9
137 8379 9
150 1415 9
163 272 9
180 2627 9
187 1380 9
189 1899 9
222 3659 9
237 3630 9
241 830 9
250 936 9
260 2107 9
268 4472 9
296 1613 9
296 2121 9
299 6384 9
301 619 9
302 4303 9
323 2982 9
326 9242 9
342 3778 9
346 617 9
413 3379 9
425 1788 9
456 2825 9
500 6521 9
500 6625 9
503 1300 9
512 2307 9
560 1197 9
575 5994 9
579 9133 9
600 1150 9
624 841 9
639 5928 9
641 7801 9
679 8347 9
712 4877 9
714 3004 9
729 2747 9
733 9086 9
747 8847 9
779 2968 9
792 4274 9
800 8735 9
808 9017 9
811 1149 9
823 1281 9
840 3845 9
996 5634 9
1001 2207 9
1008 1749 9
1047 3821 9
1083 1892 9
1094 1776 9
1111 5519 9
1207 7042 9
1239 4213 9
1239 8092 9
1258 2711 9
1269 1855 9
1390 9506 9
1412 7831 9
1415 7701 9
1461 2603 9
1481 1934 9
1536 2631 9
1547 3723 9
1615 7567 9
1623 2308 9
1660 3026 9
1660 4419 9
1662 1674 9
1672 4529 9
1682 4869 9
1682 6176 9
1710 2286 9
1783 3350 9
1812 6643 9
1878 2035 9
1879 3261 9
1909 2131 9
1936 5468 9
1939 8942 9
1944 5569 9
1959 2323 9
1967 3041 9
1980 6466 9
1981 3581 9
1982 7743 9
1987 6373 9
2005 4816 9
2006 3332 9
2059 8278 9
2116 4680 9
2138 8546 9
2148 9247 9
2154 3152 9
2182 3570 9
2192 6725 9
2198 3145 9
2225 6704 9
2297 5779 9
2314 2960 9
2487 8144 9
2497 4272 9
2560 9105 9
2631 5376 9
2639 3853 9
2641 4243 9
2708 6132 9
2756 3604 9
2809 4059 9
2811 7374 9
2907 5838 9
3011 9289 9
3045 9090 9
3052 5003 9
3067 8531 9
3075 7708 9
3081 8455 9
3089 5536 9
3108 7107 9
3197 7016 9
3214 6261 9
3258 4266 9
3329 5334 9
3333 7778 9
3374 5896 9
3389 5430 9
3424 4973 9
3425 4039 9
3440 4212 9
3452 5391 9
3492 8322 9
3497 6335 9
3545 9542 9
3547 9628 9
3575 6963 9
3587 8240 9
3598 4123 9
3612 7977 9
3645 5606 9
3704 9760 9
3708 7992 9
3753 7110 9
3772 4462 9
3826 3903 9
3964 4932 9
4010 5812 9
4227 7486 9
4260 5830 9
4333 5477 9
4333 5868 9
4382 4593 9
4460 7198 9
4681 7583 9
4729 5315 9
4778 5730 9
4828 4984 9
4945 6884 9
4984 9440 9
5011 7900 9
5038 8693 9
5141 7916 9
5186 8884 9
5187 7101 9
5188 9922 9
5288 7720 9
5364 6265 9
5388 6951 9
5528 8738 9
5614 8129 9
5670 5938 9
5698 7657 9
5799 6889 9
5850 6233 9
5920 6726 9
5968 9857 9
6086 6911 9
6130 9611 9
6245 8969 9
6290 9879 9
6379 7632 9
6552 8226 9
6566 8609 9
6566 9055 9
6690 6938 9
6705 9491 9
6723 8158 9
6854 8410 9
6995 7996 9
7084 9445 9
7150 8343 9
7567 9352 9
7631 9890 9
7782 9492 9
7904 8489 9
8247 9408 9
8260 9696 9
8299 9355 9
8476 8916 9
8638 9940 9
9777 9808 9
0 124 10
0 754 10
25 5111 10
27 32 10
32 3934 10
44 131 10
47 64 10
55 1554 10
78 105 10
100 2879 10
158 1510 10
215 413 10
223 6291 10
261 4370 10
288 509 10
331 2514 10
342 551 10
361 5342 10
366 4147 10
399 1337 10
419 1406 10
437 519 10
444 8534 10
452 3181 10
453 1743 10
461 1201 10
481 2451 10
499 547 10
524 629 10
549 9104 10
600 3117 10
600 4410 10
604 8647 10
609 8819 10
612 8408 10
615 2699 10
668 4220 10
685 7518 10
698 891 10
793 8135 10
901 4140 10
925 3288 10
926 5449 10
944 1869 10
964 999 10
967 5521 10
987 1073 10
995 3473 10
1053 9297 10
1057 3285 10
1116 1999 10
1170 6916 10
1208 4561 10
1263 2745 10
1272 2523 10
1301 1988 10
1334 4959 10
1381 5319 10
1383 9172 10
1441 6778 10
1445 4338 10
1509 1851 10
1598 6643 10
1603 9466 10
1631 8381 10
1744 3392 10
1758 4567 10
1762 2060 10
1774 1779 10
1775 1996 10
1780 5273 10
1804 6356 10
1811 8892 10
1862 8193 10
1901 2074 10
1954 3859 10
1979 9553 10
2022 7975 10
2122 7760 10
2171 3009 10
2181 3055 10
2268 3451 10
2371 3947 10
2444 2482 10
2484 8449 10
2509 4545 10
2515 7176 10
2517 7101 10
2535 5685 10
2550 9378 10
2589 8976 10
2595 4676 10
2645 3149 10
2722 4686 10
2782 7102 10
2783 4877 10
2830 9598 10
2837 8802 10
3026 7383 10
3050 9486 10
3053 7806 10
3181 8381 10
3186 8311 10
3203 6817 10
3230 4618 10
3269 4267 10
3310 9299 10
3324 7521 10
3338 4255 10
3344 9584 10
3368 6582 10
3394 5445 10
3470 7801 10
3477 7535 10
3491 6072 10
3555 7822 10
3565 5155 10
3678 7886 10
3690 7494 10
3691 6847 10
3741 4482 10
3751 6490 10
3788 7166 10
3823 9457 10
3835 8491 10
3853 8193 10
3937 7681 10
3951 4546 10
3987 6320 10
4005 8319 10
4041 5409 10
4095 9859 10
4183 5710 10
4341 7291 10
4348 5366 10
4369 8108 10
4407 7855 10
4455 8208 10
4559 4794 10
4702 7273 10
4712 5928 10
4818 7585 10
4820 6303 10
4844 9931 10
4928 5820 10
4983 9498 10
5018 9246 10
5057 6576 10
5142 6491 10
5191 7216 10
5447 6048 10
5642 7197 10
5649 7405 10
5669 6416 10
5689 9315 10
5764 9347 10
5898 9966 10
5918 9700 10
5925 7585 10
5931 6308 10
6025 7985 10
6037 7162 10
6066 9027 10
6098 7413 10
6109 7210 10
6158 8821 10
6392 7607 10
6423 9969 10
6552 7365 10
6682 6881 10
6802 9353 10
6944 9746 10
7012 8958 10
7074 9631 10
7230 9705 10
7268 9801 10
7277 7818 10
7405 7638 10
7470 9737 10
7562 7846 10
7870 9277 10
8191 9026 10
8213 8639 10
8770 9570 10
8819 9033 10
8910 9397 10
9134 9263 10
9215 9718 10
9363 9684 10
6 5558 11
30 34 11
32 3829 11
35 7991 11
42 1381 11
54 312 11
61 6479 11
65 9860 11
69 166 11
93 159 11
95 280 11
101 102 11
102 3686 11
129 2199 11
162 5008 11
167 583 11
196 8579 11
233 1217 11
236 3783 11
294 4112 11
296 1611 11
311 4310 11
335 341 11
396 554 11
409 8854 11
410 6579 11
417 3836 11
424 5236 11
428 3353 11
479 1088 11
511 2550 11
515 4620 11
582 989 11
583 6586 11
596 9464 11
615 2938 11
679 699 11
716 8481 11
721 6935 11
761 5580 11
776 1953 11
797 7060 11
819 5596 11
838 4912 11
855 6407 11
910 1158 11
913 1152 11
924 3247 11
924 9691 11
936 6247 11
943 3884 11
989 6946 11
1013 4244 11
1048 9546 11
1053 8250 11
1054 9725 11
1088 1479 11
1089 2393 11
1102 2396 11
1122 8448 11
1137 8935 11
1168 2652 11
1175 6879 11
1190 6143 11
1231 1829 11
1235 2731 11
1236 1999 11
1253 6052 11
1255 1736 11
1255 8781 11
1261 4659 11
1283 5281 11
1292 6967 11
1295 5529 11
1298 5994 11
1318 4349 11
1326 1453 11
1391 3177 11
1409 2230 11
1461 3641 11
1477 3290 11
1524 3321 11
1528 6827 11
1642 8463 11
1646 2510 11
1717 6268 11
1750 6980 11
1754 5714 11
1790 3132 11
1817 9592 11
1882 4589 11
1913 3135 11
1932 5616 11
2017 2177 11
2063 9314 11
2102 9689 11
2120 8778 11
2139 3354 11
2146 2596 11
2157 9538 11
2201 5954 11
2223 3826 11
2270 5024 11
2314 3309 11
2364 2941 11
2381 5026 11
2555 9560 11
2636 8279 11
2742 8615 11
2779 2858 11
2781 5706 11
2869 4312 11
2895 6417 11
2933 6917 11
2933 7586 11
2944 6107 11
2988 7915 11
3074 4085 11
3076 5023 11
3113 8667 11
3245 5434 11
3268 9477 11
3348 9771 11
3374 7331 11
3388 9899 11
3415 9087 11
3445 8356 11
3447 4367 11
3509 4924 11
3540 4419 11
3630 7643 11
3660 6170 11
3679 9474 11
3725 3929 11
3728 5710 11
3920 6783 11
3924 8669 11
3939 5492 11
4022 4588 11
4082 5598 11
4172 7730 11
4206 9404 11
4377 8963 11
4442 8984 11
4527 6811 11
4533 5166 11
4598 5128 11
4603 9571 11
4701 5180 11
4757 9998 11
4773 9130 11
4807 6873 11
4807 8382 11
4858 9686 11
4894 5829 11
4911 6183 11
4937 7287 11
4947 4975 11
4981 5144 11
5030 7322 11
5080 9294 11
5092 5816 11
5119 9229 11
5183 6847 11
5228 9992 11
5248 6659 11
5333 6780 11
5347 8492 11
5429 6579 11
5457 7652 11
5573 6197 11
5642 9135 11
5726 7111 11
5735 9759 11
5778 6319 11
5845 7002 11
5847 6739 11
5856 7044 11
5902 9093 11
5960 8597 11
5971 8655 11
6019 8284 11
6215 9257 11
6287 7382 11
6565 9897 11
6611 9030 11
6736 7247 11
6940 8781 11
6952 8704 11
6980 7027 11
7126 8590 11
7254 8832 11
7396 7914 11
7401 7500 11
7412 8498 11
7499 8599 11
7652 8704 11
8330 9404 11
8420 9253 11
8432 9581 11
8470 9485 11
8562 8970 11
8642 9252 11
8773 9396 11
9063 9945 11
9341 9809 11
9802 9806 11
8 205 12
8 553 12
14 7424 12
18 287 12
31 7994 12
57 70 12
57 4934 12
64 1644 12
72 154 12
109 6824 12
126 3274 12
136 7841 12
161 1392 12
228 1047 12
257 8451 12
287 2248 12
297 1968 12
298 7639 12
308 874 12
334 9924 12
382 662 12
419 6102 12
429 8637 12
443 643 12
444 726 12
457 8859 12
472 4324 12
481 1662 12
495 778 12
563 5164 12
716 3596 12
721 1690 12
728 2396 12
729 770 12
733 1791 12
741 9936 12
763 9428 12
765 922 12
867 8394 12
892 1872 12
892 4212 12
919 4271 12
981 5684 12
986 1739 12
986 8478 12
1038 2768 12
1046 3616 12
1049 2289 12
1085 1784 12
1142 8521 12
1151 1586 12
1154 5190 12
1155 1792 12
1158 6903 12
1252 5656 12
1255 1642 12
1271 7771 12
1323 4703 12
1352 1722 12
1365 6277 12
1374 6301 12
1395 2740 12
1398 9143 12
1401 1478 12
1418 2286 12
1419 3230 12
1455 8060 12
1490 4758 12
1516 5909 12
1571 9070 12
1603 7246 12
1607 4142 12
1757 3613 12
1758 3950 12
1772 2436 12
1779 8493 12
1784 4838 12
1787 2210 12
1801 3111 12
1833 9155 12
1855 4940 12
1930 2486 12
1981 8635 12
2013 2227 12
2058 5859 12
2182 7689 12
2187 8874 12
2225 3856 12
2226 6413 12
2308 9694 12
2348 2387 12
2358 6794 12
2368 3633 12
2440 3693 12
2501 6528 12
2553 6162 12
2632 3157 12
2644 3610 12
2645 7633 12
2715 3647 12
2866 6836 12
2869 9319 12
2871 7917 12
2889 7954 12
2954 9325 12
2968 5460 12
2984 3320 12
3000 3035 12
3153 5807 12
3154 3692 12
3184 5938 12
3219 9353 12
3221 5579 12
3256 6478 12
3265 9630 12
3277 5781 12
3358 8370 12
3412 8665 12
3467 6829 12
3485 8272 12
3499 3670 12
3506 6749 12
3530 5877 12
3558 6073 12
3562 8604 12
3577 8850 12
3700 8640 12
3733 6863 12
3777 8843 12
4037 5359 12
4288 7096 12
4303 9641 12
4336 4451 12
4348 9780 12
4403 5011 12
4412 8312 12
4468 9965 12
4500 9959 12
4514 9811 12
4627 8196 12
4633 4702 12
4639 6855 12
4802 6418 12
4830 6264 12
4886 5843 12
4944 8460 12
4954 5722 12
4994 7138 12
5055 6614 12
5151 5544 12
5172 8309 12
5207 8482 12
5285 6641 12
5470 6395 12
5600 6836 12
5644 6121 12
5702 9878 12
5772 5882 12
6052 9976 12
6228 8456 12
6249 8332 12
6272 9816 12
6620 9059 12
6637 7636 12
6858 7994 12
6967 8857 12
6981 8801 12
7036 7485 12
7039 8425 12
7167 8364 12
7467 9712 12
7604 8644 12
7707 8099 12
7787 8193 12
8353 9549 12
8846 9718 12
9603 9919 12
6 7934 13
10 1617 13
22 3298 13
28 9731 13
46 7775 13
75 1595 13
79 80 13
88 9112 13
91 2563 13
103 1018 13
127 846 13
161 6082 13
227 3166 13
246 8611 13
250 3598 13
256 373 13
267 6649 13
278 478 13
280 604 13
284 3206 13
302 863 13
309 3475 13
319 3224 13
321 6077 13
362 1079 13
377 2489 13
468 4300 13
475 4892 13
487 8460 13
499 5483 13
505 2701 13
506 4623 13
524 8178 13
554 5707 13
629 3138 13
654 1505 13
665 2217 13
686 1100 13
699 6566 13
765 9334 13
812 1757 13
864 1593 13
880 2887 13
911 3207 13
969 2943 13
992 8687 13
1006 1242 13
1018 6660 13
1032 1503 13
1040 1643 13
1040 4616 13
1053 3385 13
1074 6286 13
1110 6987 13
1140 8663 13
1154 4339 13
1168 6947 13
1176 7716 13
1178 7587 13
1208 1384 13
1212 4098 13
1242 1749 13
1261 8755 13
1305 1691 13
1329 2958 13
1347 4373 13
1361 2412 13
1413 8473 13
1434 3764 13
1453 3160 13
1455 5790 13
1470 6230 13
1782 7687 13
1797 8857 13
1869 6688 13
1922 8275 13
1963 5288 13
2021 2364 13
2045 2198 13
2066 2575 13
2105 5735 13
2143 2807 13
2148 8132 13
2245 2884 13
2418 7344 13
2419 8500 13
2434 6012 13
2438 4665 13
2453 9220 13
2465 2809 13
2493 3466 13
2517 3128 13
2544 3060 13
2549 5734 13
2557 9548 13
2567 3192 13
2607 5083 13
2633 9775 13
2697 4120 13
2727 5898 13
2857 6107 13
2925 5892 13
2959 4460 13
3017 3038 13
3059 4889 13
3090 7940 13
3114 3654 13
3116 3594 13
3139 7583 13
3141 6346 13
3174 3463 13
3211 9177 13
3218 3863 13
3293 8069 13
3297 8457 13
3304 6537 13
3306 4826 13
3315 3809 13
3370 3597 13
3370 3661 13
3452 3931 13
3528 4658 13
3558 8224 13
3571 7333 13
3594 5830 13
3600 6871 13
3651 7059 13
3673 5019 13
3702 8314 13
3706 8210 13
3710 7368 13
3845 7976 13
3858 4145 13
3864 7998 13
3901 8846 13
3912 7295 13
3963 3999 13
4014 5421 13
4195 4810 13
4393 6978 13
4409 8366 13
4420 9592 13
4606 7314 13
4692 6008 13
4763 9835 13
4785 9931 13
4918 6530 13
4972 5084 13
5054 6279 13
5154 6391 13
5159 5362 13
5181 8311 13
5209 7491 13
5248 6966 13
5292 7215 13
5537 9552 13
5695 9362 13
5792 9824 13
5908 9193 13
6052 7149 13
6106 8679 13
6107 6528 13
6133 9803 13
6153 6463 13
6190 9665 13
6196 6631 13
6286 8463 13
6424 9237 13
6524 6941 13
7177 8787 13
7246 9162 13
7255 7938 13
7262 7586 13
7472 8070 13
7561 8151 13
7770 9311 13
8074 9698 13
8128 9188 13
8323 9205 13
8324 9526 13
8336 9102 13
8432 9100 13
8519 9453 13
8627 9726 13
8777 9987 13
1 6 14
31 569 14
48 2435 14
75 6425 14
80 431 14
103 5188 14
109 3654 14
112 134 14
117 358 14
130 6964 14
131 5510 14
133 2484 14
163 2656 14
168 4569 14
213 550 14
229 4819 14
232 9722 14
236 1055 14
255 7360 14
270 1547 14
274 1426 14
280 520 14
283 5309 14
303 9315 14
304 2808 14
348 2115 14
362 2766 14
384 4066 14
384 9136 14
407 4466 14
417 8669 14
426 1557 14
427 1112 14
435 1601 14
483 1387 14
505 3597 14
563 1756 14
567 4974 14
585 1629 14
614 2106 14
674 1650 14
726 7947 14
733 6878 14
757 7232 14
759 1099 14
789 3155 14
831 8380 14
859 930 14
859 8212 14
863 3368 14
884 6374 14
950 7323 14
980 7106 14
983 7151 14
1014 3373 14
1060 1161 14
1072 4750 14
1086 3319 14
1120 4570 14
1168 4443 14
1173 2016 14
1217 1882 14
1258 3327 14
1294 8864 14
1296 3164 14
1335 5794 14
1341 1432 14
1343 1910 14
1357 7497 14
1360 4562 14
1365 9854 14
1382 6361 14
1466 2978 14
1501 2653 14
1526 2365 14
1561 7721 14
1563 5817 14
1569 2979 14
1583 9676 14
1587 4033 14
1626 1908 14
1642 5153 14
1669 3015 14
1674 5979 14
1686 5826 14
1704 7363 14
1745 3063 14
1746 8964 14
1839 9391 14
1841 2662 14
1889 8626 14
1902 8980 14
1925 4132 14
1937 5856 14
1950 9593 14
1982 8442 14
2105 8293 14
2135 7483 14
2211 6279 14
2262 3579 14
2280 2821 14
2328 3652 14
2347 9288 14
2357 3142 14
2383 3154 14
2397 5302 14
2409 9015 14
2414 3172 14
2427 6007 14
2557 2598 14
2606 8912 14
2691 6011 14
2770 4977 14
2800 4888 14
2889 6449 14
2923 3739 14
2930 6327 14
2952 8471 14
2979 3552 14
2992 5487 14
3013 5030 14
3084 4801 14
3085 4529 14
3101 7435 14
3181 4159 14
3222 3452 14
3238 3709 14
3249 9587 14
3296 7644 14
3340 8666 14
3392 7634 14
3493 4904 14
3521 5102 14
3566 7898 14
3582 8524 14
3584 4918 14
3585 8050 14
3656 6080 14
3693 7929 14
3700 4160 14
3753 5688 14
3754 4086 14
3815 7858 14
3948 9836 14
3959 9422 14
3960 4439 14
3973 8356 14
3989 5347 14
4137 9479 14
4138 8883 14
4172 7899 14
4203 6062 14
4214 5196 14
4366 9286 14
4389 4818 14
4415 5339 14
4435 9154 14
4462 6500 14
4481 6832 14
4493 4962 14
4837 5665 14
4859 9668 14
4874 4935 14
4917 9486 14
4983 6494 14
5091 7027 14
5106 9124 14
5176 9299 14
5241 6265 14
5375 9671 14
5383 6792 14
5439 7740 14
5537 7426 14
5569 6959 14
5586 9835 14
5593 8955 14
5614 7172 14
5697 9981 14
5793 8812 14
5987 9898 14
6050 7698 14
6121 6352 14
6201 9180 14
6205 9254 14
6206 9718 14
6327 7752 14
6429 9264 14
6482 6504 14
6599 7532 14
6693 8641 14
6735 9795 14
6834 8042 14
6872 7480 14
6873 6874 14
7774 8672 14
7909 8556 14
8422 8944 14
8441 8692 14
8659 9143 14
8681 9073 14
9122 9893 14
9175 9922 14
9346 9388 14
9464 9922 14
2 8021 15
27 78 15
31 1404 15
32 2955 15
56 6396 15
65 171 15
70 308 15
76 194 15
106 3523 15
115 1310 15
117 1889 15
128 3710 15
144 166 15
196 363 15
201 3213 15
205 3648 15
231 9200 15
241 2349 15
253 476 15
262 3648 15
294 1906 15
305 5786 15
313 1053 15
319 6353 15
321 1146 15
341 9605 15
363 4505 15
368 1324 15
393 2164 15
439 2395 15
455 911 15
460 2597 15
463 6663 15
472 946 15
473 9975 15
482 6532 15
491 741 15
505 7770 15
653 771 15
709 9625 15
803 8692 15
824 5460 15
885 2934 15
943 7010 15
950 1144 15
983 6887 15
1049 9029 15
1065 1303 15
1068 3157 15
1127 1730 15
1148 2812 15
1172 1797 15
1172 8457 15
1203 9864 15
1210 5746 15
1219 3806 15
1221 2025 15
1246 9958 15
1320 6428 15
1398 8058 15
1434 8414 15
1452 2114 15
1546 9877 15
1574 8635 15
1636 5527 15
1642 2479 15
1662 9271 15
1708 1764 15
1733 6215 15
1781 5427 15
1785 6150 15
1797 4831 15
1905 4819 15
1910 9626 15
1922 5529 15
1931 7245 15
1944 8783 15
2090 2748 15
2146 4523 15
2170 7396 15
2222 6907 15
2229 8875 15
2230 6535 15
2276 8108 15
2295 5667 15
2347 6116 15
2387 5571 15
2390 5919 15
2407 7185 15
2411 5189 15
2413 3551 15
2454 5128 15
2456 2712 15
2518 9035 15
2539 7976 15
2540 9643 15
2553 4207 15
2607 4462 15
2616 8825 15
2622 4464 15
2634 5650 15
2635 7258 15
2651 9874 15
2694 3700 15
2701 8029 15
2711 8454 15
2715 4702 15
2725 8324 15
2802 7486 15
2849 3250 15
2898 6726 15
2907 6982 15
2938 5425 15
2991 6574 15
3055 6802 15
3094 3961 15
3095 7591 15
3113 9623 15
3116 6834 15
3121 7510 15
3220 8496 15
3240 3424 15
3247 6373 15
3311 9362 15
3331 5817 15
3415 6045 15
3443 5032 15
3527 6681 15
3650 3751 15
3704 4223 15
3767 7868 15
3819 3951 15
3873 6106 15
3920 6074 15
4039 5314 15
4083 4278 15
4140 7254 15
4175 5569 15
4217 8704 15
4254 5387 15
4254 5818 15
4290 8629 15
4309 5952 15
4324 8638 15
4477 8007 15
4500 8103 15
4518 6268 15
4825 5040 15
4954 8737 15
4974 8481 15
5012 8558 15
5100 7612 15
5121 8057 15
5327 8778 15
5451 5599 15
5453 8105 15
5532 8617 15
5542 8282 15
5546 9269 15
5642 7222 15
5668 6781 15
5702 8519 15
5741 7008 15
5750 7517 15
5777 8209 15
5821 8750 15
5885 7011 15
5911 8765 15
5938 9588 15
6014 7301 15
6065 6793 15
6163 8555 15
6476 7589 15
6513 6987 15
6560 8569 15
6752 8756 15
6865 6932 15
6994 8438 15
7141 7766 15
7315 9668 15
7319 9680 15
7617 8307 15
7737 9353 15
7780 9359 15
7814 8304 15
8371 9720 15
8377 9131 15
8379 9038 15
8445 8481 15
8494 8616 15
8681 9222 15
9063 9488 15
9214 9771 15
9739 9779 15
9832 9936 15
2 999 16
14 2598 16
16 4792 16
38 3341 16
41 103 16
65 8717 16
69 353 16
141 3443 16
153 2745 16
157 336 16
164 713 16
165 1189 16
176 6184 16
179 4082 16
180 5485 16
183 503 16
197 562 16
284 1169 16
286 4290 16
290 6727 16
293 6966 16
354 9131 16
373 8048 16
512 962 16
523 7684 16
568 5721 16
583 974 16
590 6575 16
622 5266 16
632 3491 16
669 8765 16
672 8057 16
691 4183 16
692 7462 16
698 2232 16
761 931 16
762 3322 16
788 2242 16
793 5216 16
803 7432 16
812 2846 16
825 6198 16
833 3848 16
873 8983 16
884 1030 16
885 2821 16
902 3799 16
946 4970 16
955 4770 16
970 1090 16
980 1849 16
994 6638 16
1032 1896 16
1059 6682 16
1086 7267 16
1123 9573 16
1131 4196 16
1136 5567 16
1166 1817 16
1210 9284 16
1301 2694 16
1335 3506 16
1356 1485 16
1357 5838 16
1372 1929 16
1372 3604 16
1383 9075 16
1385 2782 16
1407 6729 16
1441 2269 16
1452 2813 16
1469 2759 16
1493 1570 16
1524 3180 16
1549 3333 16
1575 8297 16
1575 8445 16
1586 4121 16
1587 1915 16
1621 8148 16
1626 5336 16
1650 2787 16
1721 8393 16
1790 2019 16
1797 4498 16
1797 9651 16
1800 2074 16
1800 5064 16
1819 3902 16
1822 8723 16
1865 6734 16
1867 9678 16
1876 2524 16
1877 2691 16
1887 8296 16
1931 4167 16
1956 7006 16
1969 3050 16
2033 6332 16
2078 4817 16
2114 5386 16
2136 5453 16
2170 3361 16
2223 9539 16
2245 9242 16
2251 5391 16
2279 9484 16
2304 4448 16
2319 7895 16
2337 6907 16
2356 4362 16
2392 6525 16
2454 6072 16
2455 6253 16
2492 5552 16
2552 7961 16
2618 2931 16
2656 7670 16
2666 9051 16
2684 8504 16
2690 8849 16
2767 4537 16
2864 6395 16
2868 5717 16
2925 4420 16
2968 5920 16
2971 4787 16
2980 3576 16
2994 3037 16
3079 6858 16
3080 3247 16
3126 6406 16
3147 6037 16
3198 4001 16
3206 4717 16
3207 3935 16
3340 6876 16
3414 5067 16
3545 8021 16
3559 9849 16
3561 8269 16
3606 3948 16
3650 5585 16
3664 5917 16
3769 9585 16
3784 6974 16
3789 9223 16
3854 4352 16
4259 7448 16
4288 4912 16
4371 6979 16
4423 4648 16
4513 5141 16
4533 6184 16
4541 8290 16
4636 8200 16
4755 4907 16
4760 6614 16
4770 7920 16
4833 6439 16
4839 6026 16
4862 9184 16
4885 7508 16
4904 7717 16
4932 7416 16
5021 7413 16
5066 7525 16
5147 5913 16
5246 8962 16
5336 6920 16
5370 6936 16
5617 8412 16
5661 8630 16
5679 9210 16
5764 6905 16
5901 7656 16
6249 6399 16
6264 7018 16
6353 7853 16
6615 7102 16
6631 9828 16
6778 7932 16
6845 9658 16
6909 7270 16
7416 8495 16
7442 9490 16
7505 7969 16
7756 8713 16
7777 9510 16
7818 7999 16
7832 9886 16
7894 8231 16
8241 9522 16
8482 9740 16
8665 9830 16
8726 9372 16
8751 9448 16
9 3065 17
17 592 17
42 492 17
54 529 17
57 4980 17
73 214 17
92 3369 17
96 1834 17
152 4644 17
161 1066 17
198 941 17
207 5182 17
218 906 17
219 430 17
286 681 17
297 1856 17
306 5237 17
333 1227 17
333 3282 17
372 5425 17
387 8421 17
393 2726 17
396 429 17
397 3568 17
406 523 17
432 2152 17
435 4257 17
440 3709 17
456 2425 17
458 2569 17
492 6711 17
512 3218 17
513 2858 17
516 1399 17
573 9484 17
574 5388 17
630 1177 17
650 5344 17
667 1781 17
693 1448 17
708 2023 17
721 1023 17
729 3170 17
760 2034 17
830 1621 17
834 939 17
834 7786 17
840 5110 17
843 6883 17
860 9167 17
934 8525 17
980 8021 17
1027 3817 17
1043 1411 17
1084 5059 17
1118 1237 17
1131 4213 17
1137 1389 17
1146 1175 17
1266 9117 17
1275 6045 17
1285 5561 17
1323 3985 17
1363 3672 17
1364 1692 17
1396 4563 17
1407 3711 17
1429 5127 17
1447 1778 17
1479 1858 17
1504 8643 17
1515 5002 17
1561 2239 17
1575 1701 17
1584 5315 17
1593 6549 17
1617 5239 17
1629 7033 17
1659 5744 17
1706 8274 17
1779 3136 17
1808 3204 17
1816 6637 17
1829 7263 17
1830 7351 17
1840 2012 17
1884 5957 17
1895 2946 17
2081 7753 17
2085 4903 17
2136 2740 17
2136 3249 17
2149 2969 17
2151 2353 17
2236 7822 17
2239 5852 17
2240 8162 17
2312 4330 17
2380 4570 17
2383 6172 17
2463 6716 17
2490 3646 17
2529 3384 17
2536 4743 17
2543 8593 17
2547 5149 17
2576 8739 17
2584 5782 17
2655 4913 17
2672 2684 17
2680 6508 17
2714 3127 17
2823 9103 17
2850 6304 17
2893 3556 17
2933 5825 17
2974 9016 17
3043 5363 17
3102 6579 17
3117 5590 17
3194 3332 17
3211 5065 17
3243 4396 17
3273 3425 17
3368 5371 17
3410 7954 17
3474 9213 17
3523 4228 17
3582 9773 17
3597 7114 17
3666 9442 17
3694 5616 17
3719 6958 17
3729 7772 17
3733 4009 17
3734 4417 17
3756 5659 17
3822 5488 17
3909 8630 17
3952 8274 17
3968 6718 17
3979 7144 17
4004 4526 17
4050 7691 17
4106 7051 17
4159 9018 17
4171 7133 17
4197 4942 17
4227 4394 17
4256 6933 17
4314 5587 17
4338 7652 17
4358 6961 17
4362 8225 17
4459 4866 17
4558 7132 17
4610 7421 17
4623 9142 17
4625 6336 17
4672 6346 17
4673 6069 17
4696 5241 17
4725 9561 17
4729 5549 17
4746 5601 17
4773 6521 17
4837 9243 17
4934 6747 17
4984 7561 17
4995 6135 17
5015 8664 17
5018 8592 17
5132 6021 17
5207 5444 17
5401 6251 17
5634 5695 17
5676 7413 17
5707 7425 17
6001 9665 17
6027 9519 17
6038 9373 17
6041 7003 17
6067 8154 17
6075 8163 17
6133 9566 17
6178 9807 17
6181 9299 17
6324 7120 17
6405 9726 17
6406 7891 17
6425 7878 17
6454 8241 17
6460 6842 17
6475 8148 17
6571 6972 17
6578 8482 17
6622 7714 17
6729 8350 17
6760 8822 17
6799 8047 17
6826 8118 17
6884 8702 17
7499 7559 17
7507 8015 17
7660 8421 17
8333 9237 17
8409 8858 17
8421 8822 17
8611 8806 17
8683 9465 17
0 7405 18
4 1864 18
7 1003 18
15 5127 18
16 6551 18
33 572 18
34 1314 18
45 4374 18
73 87 18
85 381 18
95 490 18
127 2586 18
131 4550 18
172 1573 18
202 8987 18
216 245 18
224 3017 18
237 6567 18
259 5518 18
272 6035 18
295 4363 18
347 3615 18
380 451 18
393 2123 18
411 5783 18
418 3879 18
458 8491 18
474 1244 18
491 8848 18
496 8123 18
505 1789 18
508 4397 18
561 5304 18
588 3484 18
613 1730 18
647 2097 18
670 984 18
722 1854 18
759 2053 18
761 3762 18
763 2141 18
781 6147 18
811 1969 18
811 9067 18
819 9506 18
843 1682 18
888 3699 18
906 3972 18
911 1816 18
958 1011 18
982 2865 18
1048 2013 18
1055 7917 18
1069 1258 18
1069 2941 18
1137 2969 18
1192 4388 18
1199 5993 18
1280 8286 18
1296 8620 18
1312 8740 18
1334 1911 18
1334 7407 18
1335 3997 18
1368 9078 18
1421 9342 18
1431 6020 18
1435 8546 18
1461 9147 18
1493 4214 18
1531 1579 18
1591 4846 18
1611 2787 18
1615 3149 18
1671 7033 18
1718 6066 18
1721 4670 18
1733 8153 18
1746 9041 18
1747 6792 18
1770 3452 18
1771 5976 18
1775 2280 18
1847 8690 18
1851 8154 18
1884 2008 18
1886 6546 18
1899 6019 18
1902 5607 18
1929 9821 18
1998 6192 18
2005 2900 18
2040 3348 18
2082 9054 18
2111 6636 18
2122 3726 18
2126 8303 18
2127 6989 18
2136 8813 18
2146 9085 18
2168 8510 18
2179 2992 18
2213 3096 18
2223 8011 18
2243 2757 18
2254 6524 18
2256 9089 18
2268 6163 18
2285 5791 18
2339 3360 18
2373 4932 18
2390 3253 18
2413 3246 18
2426 4899 18
2450 4409 18
2482 2548 18
2496 3120 18
2509 6271 18
2541 4707 18
2554 3821 18
2566 8493 18
2640 3472 18
2645 8681 18
2689 5697 18
2728 7754 18
2862 3689 18
2886 9228 18
2896 3865 18
2918 5439 18
2960 6858 18
3009 3322 18
3031 3312 18
3073 9425 18
3402 7088 18
3416 3827 18
3442 7930 18
3502 4872 18
3536 8109 18
3537 9268 18
3593 9871 18
3617 4615 18
3623 8227 18
3637 9194 18
3722 5045 18
3757 4582 18
3861 8428 18
3864 5695 18
3879 7019 18
3891 4449 18
3896 5396 18
3946 8524 18
3993 4355 18
3999 5885 18
4021 6186 18
4124 9817 18
4168 7201 18
4211 8219 18
4220 5919 18
4272 9344 18
4274 6635 18
4387 6631 18
4547 5582 18
4550 8272 18
4561 7110 18
4608 9815 18
4667 6380 18
4672 9644 18
4676 9287 18
4737 5882 18
4841 7249 18
4855 8204 18
4909 9947 18
5107 9746 18
5217 8634 18
5234 7850 18
5253 7793 18
5265 9082 18
5280 7882 18
5378 5692 18
5687 6431 18
5718 7672 18
5760 7136 18
5821 8110 18
5855 5956 18
5888 7630 18
6006 9673 18
6139 9091 18
6167 6841 18
6236 8881 18
6314 8340 18
6340 6438 18
6386 8642 18
6412 7164 18
6571 8566 18
6724 8574 18
7123 7988 18
7126 8948 18
7262 8143 18
7523 7639 18
7854 8499 18
8002 9855 18
8089 9385 18
8448 8876 18
8457 9127 18
8615 9126 18
9103 9393 18
9350 9836 18
9462 9835 18
8 3611 19
11 5780 19
14 35 19
24 1487 19
25 58 19
32 4219 19
41 1951 19
48 4732 19
69 1566 19
94 104 19
96 229 19
99 1467 19
102 724 19
127 6671 19
136 8416 19
146 1610 19
165 240 19
171 1712 19
179 3732 19
186 4385 19
231 562 19
238 2735 19
244 5257 19
260 8577 19
291 310 19
294 736 19
322 1039 19
368 7659 19
385 1169 19
428 4242 19
469 1451 19
475 8818 19
502 876 19
503 887 19
530 5769 19
569 4387 19
591 3828 19
594 3435 19
610 8444 19
624 7806 19
641 751 19
670 8607 19
685 1992 19
698 5383 19
701 986 19
705 2316 19
726 2583 19
741 8780 19
742 8984 19
747 945 19
768 5379 19
785 6366 19
802 1644 19
958 1347 19
965 1028 19
969 1630 19
996 3107 19
1000 4196 19
1037 5417 19
1048 8510 19
1051 2340 19
1075 8753 19
1090 4558 19
1118 1374 19
1190 8160 19
1228 8612 19
1286 6436 19
1288 3204 19
1326 4653 19
1420 6764 19
1423 2398 19
1426 7659 19
1482 3076 19
1505 3882 19
1510 6520 19
1546 3521 19
1549 9615 19
1564 2381 19
1597 2863 19
1632 7074 19
1640 2612 19
1678 6853 19
1719 5914 19
1722 3809 19
1779 4582 19
1790 2426 19
1817 1839 19
1818 6932 19
1866 5146 19
1868 1876 19
1900 9712 19
1904 2920 19
1914 5354 19
1915 5583 19
1936 2256 19
1949 2195 19
1949 2991 19
2148 3556 19
2185 3242 19
2218 4348 19
2226 3436 19
2251 5040 19
2319 6016 19
2325 5445 19
2355 9614 19
2381 7146 19
2386 5986 19
2400 2883 19
2420 6086 19
2470 5617 19
2473 7697 19
2563 9345 19
2613 5998 19
2647 5517 19
2717 3129 19
2728 8075 19
2735 3626 19
2779 6976 19
2787 4964 19
2802 5379 19
2880 8690 19
2883 4372 19
2942 4814 19
2946 6577 19
2971 4505 19
2989 4452 19
2990 7393 19
2997 3794 19
3087 7742 19
3194 4264 19
3347 4634 19
3427 7962 19
3446 3502 19
3477 9871 19
3513 9985 19
3544 6139 19
3564 6183 19
3570 4971 19
3754 6717 19
3757 7806 19
3772 6405 19
3848 6995 19
4006 5023 19
4079 6930 19
4229 9799 19
4293 6985 19
4413 5006 19
4426 8890 19
4438 7525 19
4441 8608 19
4448 5262 19
4483 6017 19
4523 5383 19
4544 6839 19
4646 5464 19
4812 7176 19
4893 9365 19
4963 9347 19
5011 7260 19
5103 7843 19
5167 8728 19
5205 8391 19
5238 7620 19
5352 9855 19
5431 7464 19
5587 5733 19
5710 7995 19
5719 8128 19
5785 8248 19
5825 9229 19
5843 7596 19
5951 9147 19
6047 6764 19
6092 9926 19
6107 9114 19
6276 7724 19
6364 6886 19
6491 8255 19
6503 8093 19
6620 8080 19
6845 9050 19
6884 8510 19
7105 8371 19
7160 8626 19
7368 7482 19
7599 9225 19
7896 8060 19
7903 9658 19
8392 9033 19
8424 9253 19
8688 9370 19
9116 9778 19
27 2650 20
29 9076 20
52 9651 20
59 7684 20
62 77 20
62 192 20
71 873 20
80 7894 20
80 8950 20
109 7602 20
113 8094 20
117 2002 20
144 179 20
150 1942 20
242 409 20
247 3442 20
255 6484 20
282 468 20
320 442 20
324 5357 20
361 407 20
406 8702 20
428 1000 20
438 463 20
468 526 20
488 4543 20
523 1395 20
530 6862 20
542 653 20
625 5365 20
655 1226 20
740 3207 20
762 3482 20
771 1286 20
786 2276 20
796 3305 20
800 1767 20
869 8518 20
896 2950 20
945 3405 20
970 4482 20
1063 2201 20
1088 9511 20
1107 3102 20
1137 1597 20
1148 3681 20
1167 6673 20
1182 3433 20
1190 7677 20
1198 4310 20
1211 1418 20
1215 8169 20
1248 1263 20
1324 3574 20
1353 6887 20
1408 5358 20
1412 2517 20
1462 9715 20
1487 1615 20
1509 8763 20
1525 8350 20
1549 5664 20
1559 2544 20
1580 1640 20
1622 4457 20
1666 5229 20
1770 1909 20
1776 2378 20
1785 6400 20
1882 9187 20
1883 8826 20
1904 2148 20
1937 2115 20
2022 4642 20
2037 8185 20
2054 6322 20
2065 2412 20
2101 6722 20
2114 4804 20
2233 8611 20
2246 4299 20
2260 3072 20
2279 2447 20
2295 5532 20
2313 6827 20
2323 2672 20
2339 4047 20
2349 3109 20
2350 7923 20
2384 4077 20
2422 9963 20
2443 3016 20
2453 9844 20
2461 5783 20
2463 9553 20
2575 3320 20
2630 7617 20
2713 3967 20
2784 4069 20
2819 8678 20
2825 5864 20
2841 4500 20
2962 7055 20
2988 6405 20
2997 4190 20
3010 6039 20
3050 7235 20
3082 4628 20
3136 8804 20
3152 8237 20
3185 4205 20
3192 6193 20
3204 4797 20
3281 8996 20
3287 8416 20
3328 6433 20
3363 9441 20
3416 4847 20
3523 3970 20
3527 5518 20
3553 5614 20
3570 8876 20
3634 4058 20
3694 7232 20
3727 8132 20
3742 5725 20
3807 7482 20
3885 7569 20
3885 8923 20
3887 5638 20
3928 7072 20
3931 7383 20
3961 5912 20
4043 7910 20
4160 8038 20
4213 6859 20
4303 7383 20
4437 4937 20
4437 5631 20
4446 6811 20
4497 4929 20
4641 8067 20
4677 9568 20
4702 4880 20
4705 4707 20
4769 5647 20
4873 9910 20
4907 8996 20
4909 7915 20
4925 6640 20
4936 8212 20
4960 8977 20
5110 6263 20
5140 9843 20
5141 6427 20
5151 8029 20
5289 5860 20
5340 6281 20
5357 5861 20
5365 5568 20
5386 5457 20
5388 9288 20
5444 5808 20
5479 5887 20
5527 6502 20
5637 9906 20
5665 6967 20
5931 7294 20
5968 7783 20
6004 9162 20
6173 8402 20
6196 6939 20
6251 8105 20
6361 6429 20
6365 6696 20
6460 7126 20
6552 7963 20
6619 8523 20
6633 9088 20
6655 8187 20
6873 8324 20
6894 8908 20
7086 9433 20
7090 9575 20
7179 9259 20
7231 8205 20
7377 8634 20
7423 9481 20
7433 9502 20
7542 7887 20
7595 9890 20
7610 8106 20
7762 9406 20
8028 9565 20
8094 9409 20
8175 8354 20
8220 9492 20
8600 8840 20
8859 8980 20
8966 9104 20
8988 9398 20
9036 9686 20
7 121 21
8 15 21
42 187 21
42 384 21
47 760 21
57 97 21
73 3071 21
112 3696 21
134 4506 21
134 7600 21
141 6594 21
191 9663 21
197 3831 21
201 4885 21
212 449 21
226 6388 21
226 8273 21
233 7302 21
236 3844 21
255 814 21
295 644 21
298 6971 21
354 5477 21
356 3087 21
443 4510 21
444 8533 21
532 791 21
535 957 21
562 1727 21
582 2525 21
590 2971 21
630 7178 21
651 4291 21
662 7787 21
670 1735 21
670 8104 21
676 1134 21
687 2772 21
745 6029 21
757 3382 21
773 9643 21
775 4023 21
793 1128 21
797 7433 21
814 4917 21
815 2888 21
825 8072 21
841 6770 21
855 4830 21
864 9042 21
868 3408 21
871 2586 21
884 1450 21
906 4329 21
911 7199 21
924 4767 21
934 1371 21
996 7529 21
1020 3025 21
1038 1419 21
1046 5437 21
1122 3438 21
1141 1155 21
1230 9361 21
1240 1403 21
1242 5202 21
1285 3123 21
1444 1724 21
1448 5704 21
1450 9098 21
1487 2630 21
1510 6686 21
1534 1573 21
1534 5470 21
1547 6549 21
1549 5398 21
1562 7509 21
1589 1618 21
1603 4735 21
1659 4925 21
1673 5893 21
1725 3256 21
1762 7792 21
1767 4111 21
1826 6898 21
1829 7118 21
1856 8694 21
1928 9590 21
1953 8898 21
1963 4821 21
1974 8062 21
1993 3863 21
2000 3300 21
2007 8008 21
2028 8285 21
2049 3986 21
2053 4990 21
2087 4306 21
2104 2153 21
2248 3762 21
2250 8507 21
2255 3397 21
2295 8578 21
2331 5209 21
2350 3674 21
2380 5897 21
2404 4336 21
2440 7808 21
2466 7593 21
2585 7483 21
2638 6567 21
2661 5357 21
2674 3234 21
2763 4274 21
2789 3131 21
2876 5377 21
2906 7979 21
2924 5555 21
2936 3602 21
2941 3973 21
2956 5306 21
2969 4231 21
2996 5596 21
3042 8692 21
3068 8404 21
3089 4933 21
3127 4060 21
3146 4238 21
3247 8945 21
3416 5484 21
3432 9116 21
3479 6726 21
3505 6348 21
3526 8891 21
3572 9127 21
3579 7716 21
3593 7366 21
3597 4168 21
3597 4728 21
3604 4408 21
3608 7777 21
3696 9901 21
3711 9882 21
3773 7953 21
3819 6526 21
3827 7301 21
3951 6754 21
3990 8908 21
4064 6118 21
4091 6106 21
4102 9395 21
4199 4452 21
4233 7888 21
4389 8982 21
4427 6253 21
4505 9129 21
4516 7498 21
4546 7397 21
4594 7530 21
4669 5783 21
4673 8073 21
4682 5616 21
4701 8407 21
4745 8797 21
4790 7982 21
4879 8842 21
4889 9421 21
5033 5694 21
5034 5108 21
5108 6656 21
5292 8717 21
5300 6461 21
5310 8406 21
5385 7766 21
5569 7069 21
5576 6533 21
5664 8187 21
5720 7077 21
5777 5931 21
5784 9688 21
5868 8687 21
5884 9733 21
5931 9203 21
5935 9170 21
6054 8538 21
6062 6316 21
6065 6758 21
6109 6150 21
6118 9145 21
6189 8502 21
6202 7208 21
6382 8169 21
6428 7916 21
6484 7687 21
6681 8901 21
6748 8802 21
6821 7203 21
7114 9876 21
7300 8524 21
7379 7726 21
7480 7723 21
7795 9834 21
7921 9004 21
7946 9203 21
7970 8302 21
8240 8503 21
8404 9945 21
8888 9418 21
17 27 22
32 7539 22
81 7014 22
105 7872 22
127 1023 22
151 5995 22
190 3908 22
199 2169 22
266 498 22
273 2380 22
273 3634 22
287 577 22
357 948 22
361 696 22
381 7115 22
437 3148 22
448 2854 22
463 8608 22
474 1151 22
497 2161 22
510 5937 22
552 6318 22
559 4243 22
560 5670 22
561 6656 22
593 2485 22
607 658 22
626 5136 22
638 9429 22
673 752 22
679 3742 22
707 1854 22
758 920 22
815 8181 22
822 6241 22
823 8879 22
828 4559 22
855 1491 22
869 2315 22
883 2810 22
906 2607 22
918 9650 22
921 7396 22
945 4227 22
966 7539 22
999 1342 22
1041 3266 22
1081 2924 22
1150 9620 22
1156 6804 22
1174 1967 22
1204 6030 22
1211 8450 22
1224 5629 22
1250 1748 22
1319 4488 22
1326 2124 22
1327 4209 22
1327 8075 22
1342 8869 22
1403 4463 22
1450 9510 22
1475 1844 22
1510 4236 22
1549 1827 22
1553 5318 22
1578 4277 22
1593 9469 22
1650 5846 22
1651 8723 22
1652 6025 22
1667 1946 22
1705 7771 22
1749 2367 22
1814 7160 22
1860 9388 22
1869 2458 22
1950 2561 22
1971 6531 22
2139 4870 22
2141 5654 22
2172 4265 22
2183 5956 22
2275 3962 22
2301 6958 22
2337 7018 22
2337 8951 22
2345 8544 22
2386 6150 22
2398 3935 22
2426 6967 22
2446 6768 22
2459 4572 22
2489 5363 22
2504 3214 22
2537 3317 22
2554 5877 22
2561 5106 22
2613 4562 22
2623 6692 22
2636 8404 22
2671 4092 22
2684 3969 22
2697 3412 22
2753 4169 22
2803 6855 22
2845 9470 22
2879 4046 22
3018 3847 22
3050 8794 22
3095 5571 22
3117 6184 22
3166 9842 22
3167 9761 22
3197 7349 22
3232 6113 22
3251 7523 22
3261 5936 22
3375 9365 22
3416 7046 22
3436 7105 22
3478 8092 22
3546 6225 22
3557 4074 22
3560 5770 22
3582 7510 22
3844 4550 22
3907 6319 22
3950 9552 22
3957 4431 22
4021 5619 22
4025 8165 22
4079 6333 22
4091 8262 22
4135 7545 22
4170 8019 22
4236 9196 22
4279 8747 22
4295 9028 22
4329 7791 22
4362 6052 22
4527 7264 22
4559 6964 22
4612 6083 22
4641 5031 22
4683 9156 22
4704 9238 22
4790 7711 22
4838 5051 22
4851 9947 22
4876 5258 22
4897 8334 22
4953 8100 22
4963 9453 22
5031 7502 22
5089 5550 22
5195 8370 22
5264 5925 22
5316 8234 22
5317 9860 22
5361 9074 22
5510 6897 22
5701 6655 22
5718 7282 22
5765 7531 22
5882 8419 22
5924 8272 22
5994 9823 22
6019 6423 22
6080 7276 22
6088 9342 22
6323 7663 22
6464 8087 22
6470 9525 22
6623 7264 22
6842 9545 22
7086 8934 22
7403 9815 22
7440 9761 22
7548 8325 22
7576 7852 22
7721 8215 22
7962 9918 22
8317 9606 22
8417 9322 22
8419 9523 22
8440 8622 22
9022 9675 22
9304 9589 22
12 198 23
21 380 23
22 279 23
29 1410 23
32 7776 23
50 1335 23
60 566 23
120 266 23
124 1745 23
139 2397 23
147 952 23
147 2174 23
163 8132 23
167 356 23
173 824 23
181 988 23
190 9081 23
205 3920 23
214 241 23
231 1669 23
233 3802 23
237 669 23
252 6210 23
281 3626 23
290 1321 23
302 936 23
308 727 23
317 6693 23
344 1315 23
377 4156 23
421 1749 23
433 1293 23
435 962 23
438 2918 23
450 1397 23
507 1078 23
515 6736 23
530 634 23
535 7016 23
561 2881 23
573 672 23
573 1502 23
573 9659 23
574 7321 23
591 2507 23
592 7628 23
595 7131 23
620 8736 23
638 2268 23
650 7303 23
683 5464 23
695 6790 23
699 6181 23
714 1223 23
758 7370 23
764 6927 23
771 7196 23
775 7608 23
795 6901 23
820 8327 23
853 8726 23
867 4418 23
876 954 23
879 8199 23
896 2965 23
901 4961 23
916 2944 23
925 936 23
931 2319 23
981 1521 23
1040 8201 23
1076 2686 23
1097 3937 23
1112 3726 23
1122 1993 23
1143 7300 23
1150 4578 23
1155 9580 23
1156 6953 23
1194 3657 23
1213 2683 23
1219 1985 23
1243 9875 23
1281 7906 23
1323 4278 23
1350 7721 23
1407 1693 23
1440 9963 23
1443 9543 23
1447 6262 23
1525 9868 23
1558 4870 23
1559 7371 23
1604 9783 23
1624 7402 23
1667 2679 23
1767 2794 23
1775 9590 23
1785 4549 23
1822 3237 23
1846 3559 23
1903 6849 23
1931 9291 23
1951 2498 23
1996 2772 23
2047 6300 23
2067 2214 23
2067 4656 23
2103 9492 23
2139 3095 23
2170 9602 23
2182 4999 23
2185 5778 23
2193 6700 23
2205 5545 23
2306 5282 23
2317 7833 23
2352 5172 23
2380 2467 23
2413 9974 23
2419 5541 23
2446 2631 23
2525 3844 23
2530 4578 23
2535 9099 23
2652 6356 23
2657 6991 23
2708 3703 23
2714 3409 23
2770 4802 23
2788 6080 23
2899 6726 23
2910 7764 23
2936 5530 23
2986 3000 23
2991 7413 23
3014 3128 23
3034 8444 23
3051 3501 23
3066 3515 23
3068 5026 23
3081 6431 23
3233 9990 23
3265 4050 23
3529 5649 23
3542 4739 23
3543 5277 23
3590 3922 23
3612 4975 23
3641 8774 23
3749 5909 23
3770 7683 23
3770 9995 23
3811 4781 23
3828 6645 23
3839 5486 23
3878 5365 23
3969 9320 23
4062 7889 23
4063 7380 23
4148 8677 23
4221 5234 23
4244 6298 23
4255 4473 23
4284 6211 23
4317 5278 23
4405 6367 23
4445 6666 23
4475 5141 23
4477 5235 23
4525 4771 23
4558 7367 23
4576 8504 23
4631 5350 23
4642 5679 23
4661 5091 23
4773 8197 23
4807 6695 23
4826 9937 23
4842 7931 23
4879 5698 23
4974 5570 23
5130 6535 23
5201 7169 23
5208 9494 23
5294 9584 23
5370 8387 23
5409 8159 23
5502 6289 23
5532 7408 23
5553 7675 23
5814 8094 23
5940 8499 23
5998 7713 23
6023 7578 23
6106 6150 23
6215 6353 23
6265 8193 23
6319 9117 23
6324 7590 23
6327 9729 23
6375 7761 23
6462 8495 23
6574 8945 23
6894 7358 23
6896 7913 23
7046 7844 23
7551 8587 23
7653 9426 23
7747 9600 23
7830 8149 23
7927 8161 23
7943 8761 23
8098 8348 23
8190 9424 23
8250 9920 23
8355 9405 23
8519 8668 23
8524 9607 23
8628 9008 23
17 1589 24
50 9744 24
55 138 24
86 675 24
95 5752 24
103 1149 24
104 862 24
126 9599 24
129 7190 24
158 8509 24
169 1988 24
185 823 24
187 875 24
189 317 24
190 9238 24
195 2762 24
205 289 24
222 311 24
225 5763 24
232 3361 24
296 3028 24
298 1363 24
316 9965 24
323 620 24
392 1327 24
423 8708 24
454 635 24
467 5885 24
481 8652 24
524 6786 24
553 2206 24
558 1535 24
609 1080 24
618 1248 24
639 1004 24
658 1752 24
661 5999 24
683 834 24
725 4841 24
732 2724 24
804 2692 24
835 3118 24
877 949 24
939 5724 24
945 4722 24
953 1593 24
981 1633 24
1002 7700 24
1005 4778 24
1006 1423 24
1073 7206 24
1078 3013 24
1083 7454 24
1088 1722 24
1109 6234 24
1110 7903 24
1135 1643 24
1157 5366 24
1172 2559 24
1179 3891 24
1200 2820 24
1205 5797 24
1232 8013 24
1235 9039 24
1257 4923 24
1258 1940 24
1263 5717 24
1299 3731 24
1393 4588 24
1416 9982 24
1444 4346 24
1476 9500 24
1508 1667 24
1543 6395 24
1565 6258 24
1652 6770 24
1675 5900 24
1753 4282 24
1815 2331 24
1884 9052 24
1898 4899 24
1927 8172 24
2001 2198 24
2072 2773 24
2081 2375 24
2101 3976 24
2115 5088 24
2130 7096 24
2167 4502 24
2217 6007 24
2229 6941 24
2250 8163 24
2273 8384 24
2389 8698 24
2426 4442 24
2426 7217 24
2444 6882 24
2445 3785 24
2449 2550 24
2509 4411 24
2565 2693 24
2594 2623 24
2660 8796 24
2665 4543 24
2814 4414 24
2824 9185 24
2923 5468 24
2944 8289 24
2949 3448 24
3021 3196 24
3074 3528 24
3076 8899 24
3107 8175 24
3321 6972 24
3346 9791 24
3385 6989 24
3465 8436 24
3477 8124 24
3515 8663 24
3518 9217 24
3535 5272 24
3599 5083 24
3629 3965 24
3658 3786 24
3670 6152 24
3737 9328 24
4014 5843 24
4093 7766 24
4195 8670 24
4281 7027 24
4319 4458 24
4334 8498 24
4350 7202 24
4388 9649 24
4551 6428 24
4569 7922 24
4602 7631 24
4678 6518 24
4721 6094 24
4901 7431 24
4904 9655 24
4919 7938 24
5009 6102 24
5041 6288 24
5055 6980 24
5088 8697 24
5186 7007 24
5203 7216 24
5263 7895 24
5355 5692 24
5384 5771 24
5421 9930 24
5439 9878 24
5509 7011 24
5518 5799 24
5574 7073 24
5654 6518 24
5737 7285 24
5824 6569 24
5827 9764 24
5889 6854 24
6042 9248 24
6127 7459 24
6434 8305 24
6509 6957 24
6540 6761 24
6582 7212 24
6786 7457 24
6830 9009 24
6919 9558 24
6921 8349 24
7018 8653 24
7106 8939 24
7108 7987 24
7152 8853 24
7319 8494 24
7464 8911 24
7594 7617 24
7628 9801 24
7772 9150 24
7851 8398 24
7954 9673 24
7976 8789 24
8286 9338 24
8452 9309 24
8516 9686 24
8735 8973 24
8802 9269 24
9037 9370 24
6 533 25
20 2842 25
59 5216 25
64 4386 25
115 779 25
129 1888 25
158 3839 25
170 6101 25
176 9475 25
206 4192 25
214 7868 25
249 3806 25
276 4525 25
284 2897 25
306 766 25
317 3922 25
344 1274 25
378 4753 25
453 458 25
498 1007 25
538 3494 25
547 6284 25
590 3219 25
622 632 25
629 6439 25
636 1102 25
639 4010 25
678 4364 25
722 2067 25
794 2438 25
824 9657 25
832 5777 25
888 8622 25
903 2727 25
908 5959 25
909 955 25
956 5694 25
961 8754 25
1000 5292 25
1049 5595 25
1065 6178 25
1099 1511 25
1115 8868 25
1140 3520 25
1166 7384 25
1188 1541 25
1222 2104 25
1270 1534 25
1281 1663 25
1288 6623 25
1325 8731 25
1344 9475 25
1426 1926 25
1432 4348 25
1435 2930 25
1456 9965 25
1484 6260 25
1506 5409 25
1536 6154 25
1538 2408 25
1552 2970 25
1584 9309 25
1609 8371 25
1613 2571 25
1668 7444 25
1678 4342 25
1760 3294 25
1774 7631 25
1792 4965 25
1816 9918 25
1864 2065 25
1918 6223 25
1932 6496 25
1997 2017 25
2000 4139 25
2029 8309 25
2076 3363 25
2102 2899 25
2144 5576 25
2156 4908 25
2199 6383 25
2203 6889 25
2225 7424 25
2274 3494 25
2323 3717 25
2325 7682 25
2328 7696 25
2344 5965 25
2356 5297 25
2419 7955 25
2421 3086 25
2482 4378 25
2536 2822 25
2566 4326 25
2567 5375 25
2570 8282 25
2576 4508 25
2601 9447 25
2656 3724 25
2665 6607 25
2671 6399 25
2753 4222 25
2762 5648 25
2815 2951 25
2815 6040 25
2845 4468 25
2859 8896 25
2941 4321 25
2987 4830 25
3005 5263 25
3080 3341 25
3141 5493 25
3187 4756 25
3212 9558 25
3301 9171 25
3317 7185 25
3385 8295 25
3451 7666 25
3506 5367 25
3525 5708 25
3545 4152 25
3578 7243 25
3709 8873 25
3747 3776 25
3758 5402 25
3775 4469 25
3809 3911 25
3852 6234 25
3920 8945 25
4007 9010 25
4147 4157 25
4172 8925 25
4206 6489 25
4218 5470 25
4237 4949 25
4286 5215 25
4310 7878 25
4313 4490 25
4356 8417 25
4388 5845 25
4410 9266 25
4431 4674 25
4525 7370 25
4547 5843 25
4654 6744 25
4681 8750 25
4698 6701 25
4708 6583 25
4782 9187 25
4816 9394 25
4824 5871 25
4905 9923 25
4907 7502 25
5000 9273 25
5065 5369 25
5070 9611 25
5072 9813 25
5147 6232 25
5195 9832 25
5260 6668 25
5320 8145 25
5360 7027 25
5445 6694 25
5452 6350 25
5512 9006 25
5533 6816 25
5620 6412 25
5658 7456 25
5687 7433 25
5700 6358 25
5878 7774 25
5910 7310 25
5945 6213 25
5955 8762 25
5973 7355 25
6087 8068 25
6289 8251 25
6448 7361 25
6678 7181 25
6790 7925 25
6889 9848 25
6928 8233 25
7052 9987 25
7064 7986 25
7092 9246 25
7345 9519 25
7385 8749 25
7414 8172 25
7524 9752 25
7865 9064 25
7916 9893 25
7962 9670 25
8802 9432 25
8863 9654 25
9063 9487 25
9181 9562 25
9264 9324 25
6 9364 26
9 2640 26
13 139 26
15 4972 26
29 9622 26
30 1508 26
37 5299 26
54 388 26
61 6399 26
62 2713 26
68 4607 26
82 1542 26
111 2904 26
117 184 26
148 2849 26
171 8954 26
182 224 26
190 2310 26
191 6542 26
193 2921 26
195 4573 26
219 7327 26
229 4425 26
234 9860 26
242 3350 26
276 8054 26
278 9576 26
287 1256 26
297 4140 26
317 1634 26
318 2721 26
342 433 26
470 3943 26
470 8563 26
544 4966 26
570 2135 26
593 595 26
628 6790 26
728 7193 26
729 7387 26
763 7280 26
767 3875 26
781 3029 26
785 3986 26
868 1196 26
878 2213 26
892 5782 26
907 2091 26
971 1210 26
1004 4707 26
1012 6639 26
1021 1353 26
1053 2347 26
1056 8228 26
1058 9875 26
1069 6440 26
1184 2978 26
1204 5135 26
1239 9045 26
1266 6036 26
1280 9964 26
1291 5739 26
1331 2563 26
1339 5182 26
1387 9421 26
1405 7608 26
1414 8849 26
1420 3244 26
1474 5493 26
1508 9556 26
1560 8751 26
1629 3134 26
1674 2629 26
1676 8758 26
1680 8668 26
1685 3303 26
1774 8220 26
1791 7405 26
1952 7502 26
2034 5715 26
2140 8377 26
2159 3550 26
2190 4115 26
2224 4237 26
2298 4663 26
2331 8027 26
2335 3025 26
2373 3544 26
2374 4416 26
2377 3193 26
2438 5915 26
2500 2600 26
2527 3118 26
2529 6411 26
2536 8054 26
2546 6517 26
2589 3241 26
2589 6294 26
2620 9419 26
2631 8463 26
2645 5091 26
2748 9785 26
2764 4554 26
2790 3327 26
2849 6102 26
2861 9301 26
2911 4007 26
2963 6550 26
2998 8271 26
3073 7374 26
3109 7308 26
3111 8252 26
3123 6461 26
3187 3397 26
3302 6285 26
3357 8378 26
3372 9675 26
3412 3777 26
3454 6218 26
3467 9907 26
3578 5058 26
3621 4166 26
3635 6283 26
3704 7067 26
3769 3895 26
3780 8247 26
3825 9564 26
3929 7388 26
3999 6561 26
4014 5097 26
4019 8975 26
4083 7211 26
4117 5483 26
4227 8936 26
4238 5731 26
4247 6172 26
4323 7340 26
4338 8657 26
4390 6969 26
4395 6459 26
4417 6532 26
4755 5250 26
4978 7354 26
5002 7498 26
5078 6956 26
5084 5359 26
5189 7750 26
5227 8120 26
5290 5391 26
5291 9478 26
5304 9194 26
5381 6506 26
5396 9022 26
5421 7857 26
5441 8805 26
5474 7730 26
5575 7518 26
5630 6273 26
5775 8010 26
5804 9516 26
5807 7251 26
5900 7565 26
6159 6754 26
6297 7469 26
6323 6956 26
6386 6582 26
6511 7415 26
6617 7679 26
6619 9217 26
6656 9611 26
6716 8875 26
6759 9460 26
6774 6974 26
6779 7827 26
6886 8668 26
6890 8561 26
6914 8076 26
7020 8779 26
7021 7594 26
7130 9512 26
7164 7713 26
7319 9526 26
7533 9893 26
7643 9115 26
7656 9126 26
7668 7870 26
8010 9787 26
8103 9231 26
8166 9520 26
8185 9051 26
8443 9673 26
8710 9979 26
8736 9078 26
8833 8971 26
8908 9432 26
9613 9755 26
9671 9841 26
14 141 27
24 33 27
27 63 27
30 117 27
39 1624 27
48 382 27
48 9199 27
52 2304 27
71 151 27
93 9742 27
109 3997 27
113 933 27
115 116 27
118 5252 27
135 3964 27
141 190 27
142 4873 27
158 173 27
170 3877 27
172 794 27
199 5260 27
200 1171 27
204 3301 27
209 1516 27
221 4494 27
247 819 27
260 3347 27
268 1117 27
270 9160 27
271 1218 27
271 9603 27
286 7148 27
301 5499 27
320 2654 27
320 9373 27
324 4809 27
330 534 27
333 1488 27
340 7882 27
377 1025 27
404 1196 27
434 532 27
480 6838 27
487 2528 27
500 5548 27
519 1796 27
553 4774 27
559 4752 27
646 1198 27
650 1454 27
674 1388 27
710 7763 27
744 1594 27
753 8771 27
756 807 27
791 9984 27
833 9245 27
842 2534 27
868 2106 27
903 2290 27
958 1348 27
1009 6428 27
1026 7741 27
1029 1141 27
1035 4402 27
1055 4329 27
1069 1118 27
1185 6559 27
1262 9563 27
1268 4408 27
1274 2049 27
1301 4680 27
1330 2723 27
1356 1719 27
1362 5210 27
1418 4083 27
1426 6665 27
1482 2741 27
1492 1518 27
1575 2674 27
1587 7509 27
1593 7389 27
1608 1803 27
1618 1893 27
1684 9722 27
1725 2343 27
1746 2914 27
1747 2599 27
1753 4839 27
1759 7423 27
1780 7123 27
1782 3743 27
1793 4609 27
1794 5195 27
1845 6314 27
1846 2963 27
1856 3408 27
1868 5159 27
1884 5981 27
1896 6649 27
1937 8598 27
1951 8672 27
2025 6125 27
2039 2609 27
2050 7390 27
2271 9289 27
2275 5216 27
2321 2783 27
2341 4476 27
2352 4480 27
2356 3832 27
2499 3033 27
2581 3620 27
2591 3785 27
2622 2825 27
2623 5330 27
2681 3108 27
2778 5330 27
2786 7087 27
2791 7398 27
2820 3610 27
2823 8047 27
2829 4104 27
2952 3367 27
2971 3782 27
3068 6543 27
3134 8588 27
3134 9188 27
3168 5515 27
3265 8880 27
3316 6278 27
3389 8116 27
3396 4008 27
3422 3534 27
3468 4454 27
3499 3931 27
3579 8615 27
3625 6137 27
3639 6447 27
3688 6548 27
3862 6321 27
3883 6794 27
3929 5938 27
3982 9488 27
3986 8320 27
4021 4561 27
4035 5187 27
4055 6379 27
4070 6123 27
4099 7728 27
4523 9363 27
4545 8271 27
4552 7531 27
4631 9249 27
4776 5958 27
4830 4969 27
4830 6552 27
4904 6298 27
4924 6259 27
4974 7079 27
5222 9737 27
5338 9391 27
5484 7877 27
5599 9381 27
5605 5740 27
5639 7166 27
5650 8315 27
5678 8789 27
5722 6538 27
5787 7032 27
5814 6018 27
5863 6492 27
5961 6861 27
6006 9479 27
6008 7039 27
6050 6140 27
6075 9083 27
6178 7124 27
6323 9193 27
6487 9330 27
6495 8729 27
6535 8069 27
6554 6723 27
6674 8787 27
6740 9745 27
6841 8472 27
6866 7399 27
6975 7641 27
7018 7325 27
7198 8123 27
7243 8946 27
7322 9663 27
7388 9962 27
7430 9010 27
7710 7931 27
7728 8958 27
7974 8029 27
7980 9947 27
8051 8129 27
8502 9728 27
8758 9647 27
8874 9004 27
9326 9673 27
9 8998 28
22 51 28
31 128 28
38 132 28
66 9928 28
98 3313 28
139 8922 28
174 209 28
180 270 28
217 5353 28
229 2273 28
232 5222 28
234 1937 28
245 1592 28
254 666 28
260 9655 28
274 4402 28
278 1180 28
324 5310 28
346 9367 28
350 6461 28
367 8531 28
423 4471 28
434 2405 28
447 6380 28
449 9746 28
475 1076 28
527 3445 28
537 2969 28
574 5057 28
597 1456 28
607 6873 28
667 1468 28
678 8733 28
684 2743 28
719 5247 28
727 5987 28
730 4689 28
757 1982 28
804 1058 28
829 8417 28
888 9359 28
923 1443 28
930 6916 28
948 2434 28
951 7810 28
978 5465 28
989 5663 28
1016 2109 28
1042 9577 28
1046 1754 28
1052 2856 28
1053 1076 28
1056 6474 28
1092 1124 28
1136 1272 28
1138 6820 28
1139 1960 28
1151 2313 28
1160 5545 28
1197 2642 28
1234 2808 28
1273 3455 28
1291 3150 28
1294 2455 28
1328 5179 28
1367 5044 28
1430 9125 28
1433 5640 28
1440 2830 28
1509 9206 28
1542 2673 28
1573 9847 28
1670 3557 28
1682 9185 28
1684 3082 28
1692 6858 28
1712 2641 28
1724 5270 28
1727 3215 28
1746 2457 28
1805 5652 28
1872 6565 28
2065 7626 28
2135 5432 28
2154 4252 28
2188 4454 28
2250 3514 28
2253 2916 28
2269 3311 28
2280 6488 28
2321 7822 28
2338 9233 28
2344 5022 28
2394 3378 28
2459 5666 28
2473 8088 28
2473 9563 28
2481 6797 28
2510 9160 28
2522 5409 28
2529 7014 28
2550 9541 28
2594 2628 28
2651 4935 28
2668 2902 28
2703 4377 28
2782 3010 28
2802 4412 28
2836 5177 28
2841 8594 28
2850 8052 28
2936 5261 28
3086 4069 28
3109 5278 28
3119 7333 28
3121 5076 28
3166 4351 28
3189 3992 28
3218 9463 28
3285 3957 28
3286 5005 28
3298 5943 28
3304 8439 28
3334 5932 28
3336 8572 28
3352 5266 28
3358 8581 28
3359 7934 28
3452 9904 28
3491 5948 28
3534 8852 28
3548 7077 28
3553 4949 28
3621 7020 28
3645 7871 28
3655 6857 28
3687 4154 28
3831 6269 28
3833 7444 28
3891 4668 28
3956 9132 28
4027 8005 28
4045 7808 28
4131 7800 28
4307 9738 28
4406 5941 28
4500 8577 28
4507 9211 28
4561 8305 28
4640 8060 28
4717 6148 28
4765 7980 28
4800 6436 28
4814 7272 28
4840 9883 28
4853 6148 28
4927 9574 28
5036 5256 28
5050 8061 28
5080 9751 28
5149 6017 28
5157 9809 28
5229 6713 28
5253 7136 28
5257 8649 28
5327 7069 28
5344 5921 28
5442 9501 28
5473 9621 28
5574 9430 28
5601 7668 28
5668 6830 28
5703 9348 28
6002 9867 28
6053 8958 28
6083 9753 28
6086 6875 28
6132 8228 28
6256 6598 28
6281 9836 28
6330 6419 28
6510 9829 28
6547 7489 28
6726 9480 28
6730 6875 28
6823 6979 28
6847 9244 28
6939 9429 28
6963 8614 28
7153 7201 28
7219 7259 28
7518 9283 28
7551 8118 28
7601 8649 28
7691 9361 28
7947 8368 28
8266 8490 28
8331 9679 28
8931 9326 28
9153 9465 28
9556 9654 28
8 870 29
9 1156 29
14 2925 29
26 1484 29
42 170 29
58 1123 29
59 7919 29
62 5054 29
95 1500 29
114 252 29
117 6201 29
129 6170 29
177 3414 29
179 7688 29
224 3285 29
224 9095 29
240 725 29
268 2424 29
278 608 29
304 1305 29
355 2362 29
420 898 29
427 8772 29
430 6932 29
444 6755 29
513 827 29
571 2912 29
593 8943 29
606 3795 29
635 4182 29
645 2659 29
660 4896 29
710 6621 29
716 1081 29
738 2801 29
803 4329 29
830 1213 29
841 1879 29
857 3509 29
889 9453 29
896 8586 29
905 4263 29
922 1259 29
941 7071 29
952 3839 29
958 5840 29
962 5452 29
1029 4265 29
1055 1068 29
1091 1311 29
1125 9660 29
1174 7661 29
1207 6630 29
1215 3977 29
1219 6924 29
1237 2084 29
1251 2314 29
1265 5382 29
1285 4341 29
1581 5378 29
1612 5975 29
1617 5120 29
1631 2736 29
1645 6287 29
1669 5126 29
1683 3107 29
1712 2456 29
1804 6817 29
1815 4615 29
1859 5075 29
1880 2848 29
1883 8104 29
1887 6653 29
1903 5463 29
1939 5423 29
1945 7664 29
1974 4701 29
1989 6658 29
2034 2552 29
2176 6210 29
2212 2295 29
2244 3052 29
2297 3243 29
2405 3796 29
2438 9502 29
2454 2716 29
2564 7039 29
2570 5121 29
2589 7941 29
2664 3904 29
2681 3280 29
2770 3369 29
2871 6091 29
2876 5866 29
2979 8133 29
2994 7490 29
3041 3975 29
3060 7905 29
3068 7244 29
3085 7319 29
3162 4866 29
3196 3612 29
3203 6693 29
3225 4404 29
3252 5374 29
3330 9116 29
3367 6163 29
3383 3497 29
3425 9869 29
3445 5842 29
3448 4997 29
3465 5263 29
3497 6207 29
3584 3738 29
3763 6759 29
3773 4804 29
3817 5500 29
3882 4699 29
3907 4264 29
3954 4781 29
3990 9899 29
4040 4084 29
4054 6990 29
4093 8391 29
4095 5514 29
4095 8424 29
4129 7091 29
4192 6456 29
4239 4722 29
4250 8197 29
4294 4579 29
4352 5796 29
4359 9227 29
4497 9521 29
4499 6345 29
4608 5426 29
4609 6090 29
4688 8941 29
4799 9644 29
4803 9081 29
4842 9707 29
4921 5770 29
5004 5360 29
5032 7178 29
5084 5322 29
5270 5673 29
5277 6560 29
5333 8038 29
5344 6536 29
5350 8009 29
5405 6940 29
5690 8722 29
5760 6916 29
5786 5984 29
5969 9764 29
6133 7588 29
6391 9832 29
6414 6460 29
6517 8651 29
6521 8553 29
6605 7594 29
6671 9338 29
6703 7142 29
6734 6944 29
6750 8917 29
6932 9699 29
7046 7090 29
7100 8589 29
7164 8021 29
7245 7926 29
7258 8669 29
7363 8157 29
7469 7832 29
7502 8488 29
7569 9708 29
7572 8147 29
7595 9613 29
7648 7863 29
8365 8783 29
8421 9226 29
8448 9662 29
49 54 30
49 146 30
59 352 30
64 136 30
112 1138 30
126 4611 30
138 327 30
156 562 30
165 4924 30
194 956 30
215 1359 30
229 686 30
244 6928 30
251 685 30
285 1369 30
297 2487 30
334 1202 30
335 6943 30
347 4643 30
447 3950 30
481 7019 30
526 804 30
555 2808 30
557 3955 30
568 2618 30
582 7187 30
584 8111 30
604 2128 30
607 1636 30
610 2632 30
634 7794 30
646 2253 30
654 2576 30
663 3205 30
664 7759 30
724 6430 30
743 1885 30
761 5762 30
763 2915 30
803 6165 30
819 5315 30
838 7827 30
859 8736 30
873 1037 30
913 1850 30
960 6050 30
1016 2465 30
1034 5712 30
1114 7800 30
1125 9108 30
1141 3684 30
1185 3397 30
1193 3116 30
1248 3381 30
1257 2979 30
1364 2261 30
1414 1555 30
1451 8472 30
1461 2374 30
1481 5253 30
1512 8599 30
1523 4603 30
1529 2763 30
1623 6634 30
1651 9986 30
1697 7426 30
1699 8396 30
1709 7600 30
1829 2871 30
1835 9157 30
1841 8147 30
1872 6190 30
1874 6617 30
1963 7923 30
2015 5779 30
2155 3415 30
2156 6690 30
2176 3537 30
2292 5461 30
2295 3627 30
2299 7951 30
2343 4189 30
2350 3330 30
2364 3978 30
2427 8254 30
2448 3844 30
2529 5205 30
2559 3932 30
2608 4124 30
2664 2910 30
2776 7575 30
2842 4242 30
2965 8275 30
2970 4245 30
2980 6691 30
2982 6289 30
3088 3946 30
3091 7799 30
3100 4147 30
3215 5058 30
3256 6686 30
3324 4351 30
3366 4745 30
3399 5426 30
3416 9093 30
3637 8865 30
3849 4782 30
3912 6298 30
3950 8654 30
4053 6623 30
4114 4127 30
4171 7934 30
4339 6008 30
4416 5456 30
4474 5235 30
4514 6642 30
4555 6642 30
4671 9468 30
4805 6412 30
4975 9362 30
4995 7008 30
4996 6687 30
5028 9038 30
5055 5932 30
5080 9098 30
5087 7712 30
5163 6672 30
5378 6818 30
5617 7890 30
5634 7809 30
5653 6910 30
5676 8814 30
5848 7902 30
6125 9389 30
6184 7869 30
6217 7334 30
6223 8532 30
6323 9085 30
6408 9551 30
6417 6562 30
6428 9140 30
6532 9686 30
6599 7240 30
6599 8845 30
6700 9092 30
6784 7525 30
6792 8809 30
6979 9810 30
7009 8137 30
7143 7599 30
7753 7925 30
7839 8378 30
8004 9365 30
8265 9203 30
9370 9434 30
9448 9884 30
48 8470 31
79 360 31
135 9827 31
136 8886 31
154 5290 31
187 1744 31
196 3846 31
221 6048 31
231 6156 31
251 1290 31
269 4311 31
276 1139 31
321 5903 31
327 4717 31
362 871 31
366 4349 31
384 2321 31
415 4091 31
503 3146 31
535 1749 31
573 968 31
587 4666 31
596 4391 31
605 704 31
693 1775 31
704 951 31
708 4273 31
741 9321 31
772 2420 31
782 1173 31
782 3140 31
852 6732 31
961 2047 31
976 3633 31
1021 1816 31
1085 3077 31
1104 8911 31
1209 2094 31
1218 9537 31
1262 5593 31
1289 5666 31
1349 2040 31
1355 1998 31
1363 8905 31
1475 2850 31
1486 7047 31
1520 7174 31
1541 1865 31
1541 9021 31
1545 6509 31
1572 8058 31
1639 7073 31
1645 5289 31
1689 8547 31
1701 4614 31
1739 2313 31
1782 8530 31
1820 4505 31
1884 9216 31
1924 3678 31
2027 9723 31
2043 9539 31
2049 6447 31
2053 6097 31
2123 2632 31
2180 7103 31
2189 2948 31
2213 3932 31
2226 4234 31
2307 5294 31
2334 8451 31
2364 9995 31
2375 3270 31
2532 5018 31
2540 6157 31
2582 8465 31
2593 7230 31
2605 5404 31
2695 3867 31
2707 7523 31
2738 3900 31
2742 5303 31
2746 4288 31
2769 9686 31
2772 8887 31
2779 9830 31
2805 8670 31
2824 6098 31
2826 2831 31
2837 8600 31
2994 7470 31
3000 9440 31
3030 3535 31
3052 7431 31
3128 6180 31
3305 5256 31
3423 7530 31
3442 3955 31
3445 9782 31
3454 4071 31
3471 3615 31
3541 4743 31
3745 4224 31
3777 6390 31
3831 8605 31
3859 8354 31
4067 8282 31
4215 5094 31
4224 8077 31
4249 8615 31
4289 6902 31
4379 5276 31
4420 8138 31
4619 5730 31
4655 9090 31
4721 6918 31
4857 5930 31
4921 6902 31
4922 6480 31
4953 6010 31
4961 5176 31
4972 5566 31
5060 7099 31
5084 8298 31
5134 7785 31
5221 7568 31
5436 9346 31
5437 8636 31
5483 7572 31
5505 8757 31
6024 9206 31
6031 7214 31
6051 7213 31
6055 7425 31
6105 6214 31
6194 6371 31
6248 9610 31
6520 7767 31
6530 7613 31
6559 6580 31
6757 9771 31
7234 8601 31
7512 7852 31
7527 7899 31
7530 8792 31
7538 8137 31
7576 9005 31
7651 9845 31
7839 8254 31
7895 9467 31
8097 9890 31
8200 9471 31
8465 9994 31
8484 9710 31
8497 9195 31
9075 9166 31
9172 9731 31
9186 9930 31
17 624 32
18 3025 32
21 6458 32
32 1026 32
53 5873 32
98 654 32
119 4456 32
134 9111 32
143 213 32
175 9851 32
177 8646 32
178 869 32
195 4276 32
195 7973 32
200 2697 32
248 1437 32
267 5875 32
309 1938 32
311 1633 32
326 2287 32
343 4687 32
349 818 32
446 7237 32
504 5207 32
530 9436 32
545 8727 32
554 4332 32
602 3295 32
612 1738 32
635 765 32
641 2644 32
665 6923 32
767 8047 32
770 1357 32
791 5947 32
808 1941 32
809 4151 32
836 7905 32
844 2956 32
848 7390 32
854 2605 32
880 3394 32
898 5170 32
935 5374 32
943 3869 32
969 7639 32
978 3403 32
996 3884 32
1021 5307 32
1115 5779 32
1162 3183 32
1206 3830 32
1219 3954 32
1223 4042 32
1272 1284 32
1273 3328 32
1303 1350 32
1415 9893 32
1442 5993 32
1446 6227 32
1567 1723 32
1571 1622 32
1573 5900 32
1581 2074 32
1614 4320 32
1733 9755 32
1735 3640 32
1760 9630 32
1794 5935 32
1795 3939 32
1801 7743 32
1823 3105 32
1910 2455 32
1944 3780 32
1956 8631 32
1980 4886 32
2052 3562 32
2114 6892 32
2139 2420 32
2146 6647 32
2169 5765 32
2246 4472 32
2277 4567 32
2282 7805 32
2294 8511 32
2418 2777 32
2419 7030 32
2445 2542 32
2448 7261 32
2454 2470 32
2505 5610 32
2509 3248 32
2526 3335 32
2536 4920 32
2547 4532 32
2617 9568 32
2678 3487 32
2699 8296 32
2729 4686 32
2764 4640 32
2807 3851 32
2831 9940 32
2850 7168 32
2862 9693 32
2887 5007 32
2908 8192 32
3004 3304 32
3078 7404 32
3081 6018 32
3091 5925 32
3093 6577 32
3140 9303 32
3142 4600 32
3262 5755 32
3290 7763 32
3318 5535 32
3436 8757 32
3440 9574 32
3462 6117 32
3482 8571 32
3569 3825 32
3742 4768 32
3860 7538 32
3906 6939 32
3918 7573 32
3969 4806 32
4004 4046 32
4208 6336 32
4293 6465 32
4302 9649 32
4319 5295 32
4328 9269 32
4361 5873 32
4424 9553 32
4537 7260 32
4579 5285 32
4606 7393 32
4625 9172 32
4646 5938 32
4746 7066 32
4810 5125 32
4860 8949 32
4872 6409 32
4967 9744 32
5037 5385 32
5056 8907 32
5083 7307 32
5165 5991 32
5213 8244 32
5226 9678 32
5288 9550 32
5345 5859 32
5390 6685 32
5390 9158 32
5418 7981 32
5487 6810 32
5731 8247 32
5767 9137 32
5859 8659 32
5882 6850 32
5934 7034 32
6035 7686 32
6318 7126 32
6453 8316 32
6696 6923 32
7083 7765 32
7538 7550 32
7757 9112 32
8072 9920 32
8107 9975 32
8132 9946 32
8213 8724 32
8431 8826 32
8741 9012 32
8809 9338 32
9081 9084 32
9339 9869 32
9420 9968 32
9435 9633 32
0 1553 33
13 21 33
32 1070 33
90 4381 33
113 2908 33
154 3428 33
198 942 33
218 379 33
237 8241 33
278 582 33
287 982 33
296 570 33
337 1114 33
396 6676 33
405 5040 33
420 3676 33
422 576 33
453 2486 33
465 674 33
482 5157 33
529 1154 33
552 738 33
567 8836 33
574 9197 33
584 2864 33
589 5294 33
633 7664 33
656 4641 33
661 1006 33
673 2585 33
812 1427 33
861 3410 33
919 1376 33
936 8190 33
949 4326 33
970 2036 33
971 9369 33
972 9069 33
986 9371 33
1044 1220 33
1072 3079 33
1085 9552 33
1181 4673 33
1182 4899 33
1188 8690 33
1195 9984 33
1249 1966 33
1304 4065 33
1311 8417 33
1340 5965 33
1365 2648 33
1384 4541 33
1425 2610 33
1478 4636 33
1491 3432 33
1521 5516 33
1529 3386 33
1575 6983 33
1582 5339 33
1672 5977 33
1681 4162 33
1804 3471 33
1815 8883 33
1919 2933 33
1920 4900 33
1956 5693 33
2022 4846 33
2022 4971 33
2093 4818 33
2098 4810 33
2122 7083 33
2142 5208 33
2185 8900 33
2226 8811 33
2237 3587 33
2260 9974 33
2272 5976 33
2306 5081 33
2335 8908 33
2362 3548 33
2363 4250 33
2403 4025 33
2413 3371 33
2431 6394 33
2459 3057 33
2477 6572 33
2609 4943 33
2697 9612 33
2767 7617 33
2782 7710 33
2820 5227 33
2847 9968 33
2921 9163 33
2970 9459 33
2989 7999 33
3026 4107 33
3071 5686 33
3111 7943 33
3195 8591 33
3238 9519 33
3249 6512 33
3267 5374 33
3332 8483 33
3343 4683 33
3389 7657 33
3415 7814 33
3502 8614 33
3573 9563 33
3629 5858 33
3702 8977 33
3736 7398 33
3807 4068 33
3823 3923 33
3850 3995 33
3891 6452 33
3900 5046 33
3958 4175 33
4029 8159 33
4073 6421 33
4118 7503 33
4125 9913 33
4212 5072 33
4303 4655 33
4337 5191 33
4418 6867 33
4429 6473 33
4445 6962 33
4471 9261 33
4640 7881 33
4693 5408 33
4693 7146 33
4726 5039 33
4814 9597 33
4816 9118 33
4853 9516 33
4895 6000 33
4932 7957 33
4942 9870 33
4988 5228 33
5008 7095 33
5060 9321 33
5089 5178 33
5138 7511 33
5149 9776 33
5156 6255 33
5213 5439 33
5270 6616 33
5421 5867 33
5424 8678 33
5538 7312 33
5540 7559 33
5555 8150 33
5585 9105 33
5600 8486 33
5740 8044 33
5866 8859 33
5904 6351 33
6261 8571 33
6276 9633 33
6542 7040 33
6625 6857 33
6787 9264 33
6864 9239 33
6917 8729 33
6970 9371 33
6990 9664 33
7086 7212 33
7335 8232 33
7844 8010 33
8044 8763 33
8055 8549 33
8111 8674 33
8464 9299 33
8669 9557 33
8702 9259 33
8864 9988 33
8916 9383 33
9114 9475 33
106 275 34
106 1241 34
119 3785 34
127 6644 34
129 844 34
130 6428 34
141 3759 34
149 3954 34
152 1866 34
175 3508 34
190 8142 34
195 5654 34
206 818 34
207 535 34
242 1476 34
273 9293 34
274 782 34
297 371 34
382 1462 34
383 4319 34
388 8414 34
426 3003 34
437 5482 34
492 655 34
497 2098 34
530 784 34
533 2543 34
534 920 34
586 649 34
608 3835 34
614 8127 34
630 2193 34
635 2166 34
675 3086 34
689 1782 34
755 948 34
774 2719 34
778 1833 34
785 3110 34
812 5283 34
855 5020 34
862 2260 34
948 3594 34
982 6680 34
1007 3933 34
1040 2492 34
1041 6097 34
1066 9325 34
1084 3080 34
1112 5085 34
1125 1289 34
1183 3551 34
1192 3687 34
1199 2805 34
1203 4905 34
1214 2108 34
1244 1316 34
1319 2657 34
1333 8932 34
1402 8329 34
1436 9181 34
1592 5852 34
1596 4525 34
1600 7018 34
1615 3269 34
1632 4799 34
1637 8292 34
1739 6863 34
1769 4093 34
1777 4806 34
1779 2792 34
1821 6870 34
1892 4353 34
1965 8702 34
1967 4088 34
1970 3683 34
2007 2602 34
2127 2292 34
2137 6111 34
2266 2703 34
2307 6085 34
2325 3609 34
2337 6142 34
2475 5547 34
2592 9145 34
2593 2917 34
2622 5274 34
2625 4096 34
2640 9376 34
2675 4861 34
2747 9496 34
2967 9175 34
3025 3090 34
3048 6481 34
3168 8885 34
3204 9227 34
3261 7048 34
3316 3335 34
3325 5293 34
3346 4295 34
3436 9017 34
3438 7620 34
3486 4170 34
3501 3894 34
3508 4516 34
3538 4215 34
3590 5454 34
3709 5756 34
3723 7623 34
3762 4026 34
3766 5450 34
3795 5551 34
3881 4959 34
4017 5554 34
4054 7224 34
4063 5140 34
4134 5116 34
4440 8270 34
4533 6351 34
4609 7621 34
4645 9464 34
4670 4850 34
4752 6153 34
4790 5283 34
5006 9905 34
5027 8965 34
5062 8056 34
5066 6184 34
5107 6318 34
5144 6864 34
5207 6657 34
5230 5332 34
5312 5660 34
5312 6136 34
5378 8570 34
5393 7226 34
5528 8728 34
5701 7046 34
5740 8993 34
5745 5850 34
5867 9072 34
5929 9983 34
6112 9618 34
6143 9227 34
6296 8169 34
6438 7202 34
6537 9418 34
6595 7238 34
6696 8699 34
6842 7681 34
6902 6909 34
6940 9800 34
6964 9256 34
7036 7863 34
7050 8557 34
7115 7318 34
7500 8329 34
7712 9246 34
7717 8700 34
7845 8020 34
7944 9535 34
8032 8991 34
8364 8955 34
39 2984 35
50 164 35
56 438 35
66 8994 35
88 3098 35
90 7818 35
106 2133 35
135 3036 35
138 1880 35
149 1447 35
164 1811 35
167 3277 35
179 2558 35
282 3813 35
303 8055 35
320 1777 35
321 5712 35
385 4415 35
390 4119 35
412 4286 35
454 1181 35
461 1598 35
466 9410 35
467 1236 35
471 703 35
498 8707 35
528 9391 35
563 9019 35
593 1715 35
623 6003 35
696 8016 35
697 5966 35
716 5710 35
730 5854 35
759 7695 35
795 4435 35
795 5729 35
803 3051 35
888 6834 35
893 8841 35
897 3088 35
917 2676 35
949 5090 35
1020 8956 35
1062 5414 35
1179 1736 35
1228 1750 35
1238 1631 35
1398 1399 35
1465 7337 35
1491 5806 35
1574 5093 35
1579 1771 35
1617 9932 35
1621 4632 35
1683 5495 35
1763 1790 35
1807 3315 35
1815 6787 35
1818 2945 35
1854 3668 35
1857 8359 35
1860 4701 35
1870 5606 35
1941 3018 35
2016 3339 35
2043 9455 35
2079 9808 35
2128 9956 35
2272 4755 35
2309 6940 35
2350 3278 35
2390 2749 35
2401 4116 35
2442 8854 35
2486 2885 35
2516 6544 35
2523 6890 35
2604 7618 35
2789 5971 35
2835 8216 35
2874 7783 35
2894 3263 35
2978 3883 35
3038 3488 35
3098 7866 35
3102 7283 35
3104 9365 35
3104 9608 35
3136 8576 35
3175 7248 35
3184 9263 35
3208 7019 35
3239 7875 35
3241 6602 35
3285 5553 35
3408 5823 35
3417 6090 35
3467 6584 35
3548 9547 35
3556 6704 35
3559 3974 35
3561 7789 35
3696 5490 35
3715 8223 35
3778 4884 35
3870 4651 35
3895 9342 35
3912 5162 35
3994 8750 35
4011 7541 35
4012 4868 35
4056 9464 35
4108 8119 35
4137 4742 35
4186 7661 35
4194 5740 35
4206 5380 35
4273 4548 35
4306 5936 35
4394 8734 35
4474 5849 35
4717 9812 35
4732 9600 35
4797 5497 35
4839 8790 35
4843 5952 35
4871 5766 35
5082 6908 35
5126 9011 35
5342 6651 35
5356 7467 35
5577 6000 35
5617 9775 35
5650 8474 35
5850 9865 35
5929 9235 35
5947 9948 35
5961 9969 35
6008 9287 35
6102 7320 35
6132 9862 35
6168 6201 35
6183 8555 35
6195 6333 35
6371 6872 35
6376 7385 35
6388 9792 35
6528 9788 35
6612 8981 35
6639 9849 35
6684 7794 35
6987 7874 35
6996 7337 35
7038 7074 35
7231 7441 35
7255 8554 35
7259 7447 35
7530 8701 35
7949 8300 35
8002 8050 35
8171 9420 35
8189 8853 35
8829 9488 35
9206 9803 35
7 100 36
31 1489 36
41 300 36
58 226 36
78 1658 36
109 4069 36
169 1260 36
203 6727 36
204 6480 36
206 8573 36
225 1252 36
240 489 36
267 723 36
286 684 36
307 8947 36
311 1991 36
378 3585 36
389 1370 36
393 5025 36
415 849 36
432 3170 36
473 4994 36
499 4113 36
558 7116 36
587 6714 36
610 3763 36
624 2754 36
653 2611 36
723 5079 36
728 7828 36
923 9772 36
946 6865 36
960 2672 36
976 3318 36
1021 3456 36
1043 7125 36
1058 2680 36
1060 5700 36
1085 1366 36
1108 7029 36
1110 6398 36
1117 3468 36
1142 8289 36
1167 1178 36
1184 1799 36
1246 4393 36
1281 1708 36
1309 2789 36
1383 7567 36
1389 7218 36
1418 2338 36
1436 5275 36
1466 2862 36
1475 2158 36
1482 6369 36
1515 2306 36
1529 2867 36
1554 2401 36
1579 2186 36
1715 2760 36
1722 1821 36
1748 5475 36
1772 2432 36
1810 6515 36
1839 7266 36
1919 2175 36
1930 2535 36
2079 2270 36
2099 3684 36
2101 2164 36
2111 2147 36
2124 9925 36
2129 4212 36
2178 4492 36
2278 6925 36
2372 4612 36
2387 8508 36
2430 8834 36
2456 8197 36
2489 8734 36
2535 7098 36
2535 9517 36
2544 6913 36
2551 3461 36
2569 5142 36
2621 6531 36
2663 5440 36
2757 8388 36
2787 7537 36
2841 6326 36
2845 8540 36
2875 7157 36
2905 9482 36
2907 6609 36
2950 9632 36
2965 8390 36
2969 4714 36
3006 4319 36
3014 3814 36
3055 4103 36
3196 8363 36
3217 3880 36
3281 3505 36
3285 8435 36
3304 9800 36
3436 8696 36
3451 5808 36
3493 8433 36
3511 6860 36
3663 8639 36
3726 4011 36
3756 3938 36
3797 6953 36
3820 9032 36
3948 4707 36
3972 4683 36
3981 8775 36
4163 5130 36
4186 7933 36
4248 4591 36
4257 6664 36
4332 7918 36
4342 6726 36
4373 9109 36
4398 6417 36
4475 6328 36
4501 7952 36
4596 7246 36
4795 8408 36
4810 7311 36
4974 6745 36
5002 6610 36
5102 5926 36
5104 8038 36
5140 5581 36
5224 6516 36
5271 5666 36
5289 6427 36
5454 6210 36
5544 6393 36
5566 5589 36
5597 8179 36
5641 7700 36
5817 8311 36
5858 7217 36
5950 7102 36
6323 7892 36
6689 9725 36
6698 7522 36
6722 9583 36
6726 9420 36
7021 8845 36
7288 9993 36
7660 9392 36
8891 9844 36
8920 9234 36
23 8410 37
61 343 37
69 5114 37
91 293 37
93 6818 37
108 368 37
128 243 37
150 3588 37
155 3871 37
236 688 37
248 2056 37
249 8912 37
264 5555 37
308 578 37
324 1317 37
367 9820 37
418 4837 37
436 4179 37
448 4796 37
456 1452 37
494 1121 37
507 1207 37
518 5723 37
565 5955 37
575 7159 37
581 4354 37
598 4262 37
612 1873 37
656 780 37
658 4089 37
694 1091 37
707 2894 37
715 6704 37
757 2704 37
842 5320 37
878 5501 37
983 4688 37
1020 1375 37
1034 2088 37
1049 1358 37
1127 9327 37
1154 4100 37
1180 1673 37
1197 2815 37
1229 1812 37
1240 1958 37
1262 9417 37
1294 3833 37
1347 3601 37
1517 6058 37
1568 6917 37
1569 2095 37
1605 2244 37
1643 8078 37
1657 5435 37
1669 2334 37
1737 2635 37
1800 2999 37
1811 2990 37
1843 8484 37
1857 3078 37
1875 2873 37
1958 3581 37
1964 4835 37
1999 5177 37
2005 3828 37
2007 8562 37
2029 7313 37
2067 5996 37
2209 8935 37
2210 9326 37
2238 3928 37
2268 3210 37
2357 2858 37
2369 8934 37
2439 5490 37
2491 5043 37
2512 7734 37
2521 6496 37
2528 5904 37
2540 5861 37
2636 4280 37
2643 7947 37
2811 5000 37
2947 9846 37
2962 9929 37
2976 6064 37
2988 6529 37
3032 3651 37
3064 4989 37
3116 6981 37
3180 5094 37
3212 4108 37
3303 6793 37
3314 4421 37
3398 3885 37
3443 6081 37
3456 5459 37
3576 6216 37
3616 4128 37
3631 4502 37
3671 5833 37
3718 7015 37
3753 4165 37
3757 3984 37
3820 7257 37
3837 5048 37
3840 7314 37
3942 4024 37
4127 4746 37
4199 7174 37
4301 4316 37
4323 9988 37
4336 7999 37
4350 4933 37
4458 7556 37
4543 6992 37
4750 9547 37
4870 5155 37
4982 5664 37
5071 7517 37
5117 5639 37
5161 7284 37
5194 8045 37
5202 7410 37
5238 9896 37
5311 6212 37
5331 9116 37
5354 8968 37
5526 6212 37
5612 8961 37
5615 8965 37
5618 5815 37
5682 8538 37
5887 8255 37
6013 8937 37
6415 9657 37
6492 9686 37
6525 8076 37
6627 7501 37
7019 7272 37
7061 9171 37
7213 9906 37
7401 9382 37
7703 8192 37
8106 9569 37
8681 8711 37
8838 9850 37
8913 9217 37
9103 9104 37
9188 9462 37
9189 9935 37
9560 9765 37
51 1279 38
87 2154 38
139 7692 38
172 3713 38
222 5039 38
233 6826 38
279 2655 38
341 1441 38
365 9108 38
416 2419 38
452 8228 38
459 3505 38
459 4054 38
470 4857 38
493 5534 38
519 3031 38
521 4153 38
570 6706 38
583 4439 38
611 678 38
624 2926 38
663 5243 38
681 950 38
690 7528 38
726 6986 38
743 1947 38
750 1676 38
758 7221 38
811 3952 38
897 2515 38
901 4489 38
902 1100 38
964 5206 38
981 2828 38
1017 1878 38
1054 4257 38
1066 4895 38
1118 5254 38
1275 8980 38
1278 2417 38
1332 1442 38
1338 9329 38
1361 9708 38
1411 1513 38
1523 1632 38
1523 9315 38
1544 3403 38
1676 8249 38
1729 4951 38
1883 6927 38
1894 4110 38
1927 6060 38
1938 2877 38
1943 2677 38
1945 8459 38
1970 9503 38
2239 4784 38
2240 4325 38
2285 7031 38
2295 2929 38
2367 2436 38
2449 3892 38
2741 3591 38
2820 3176 38
2832 9622 38
2872 8797 38
2915 8096 38
3036 7442 38
3103 3474 38
3227 4428 38
3276 9890 38
3340 3850 38
3347 6355 38
3501 9123 38
3510 6444 38
3546 3946 38
3569 6998 38
3876 5675 38
3921 8649 38
4119 6582 38
4162 6611 38
4262 4698 38
4300 7252 38
4317 9953 38
4319 6513 38
4321 7948 38
4355 7241 38
4376 5686 38
4405 7837 38
4555 8225 38
4573 5600 38
4580 8690 38
4604 5173 38
4605 9725 38
4635 9451 38
4639 8721 38
4644 8784 38
4709 5969 38
4797 8787 38
4802 6808 38
4826 8537 38
4900 8372 38
5001 6453 38
5008 9261 38
5166 6467 38
5272 7746 38
5275 5951 38
5371 5847 38
5424 5944 38
5432 9250 38
5457 7171 38
5561 8645 38
5599 6795 38
5766 8386 38
5770 6044 38
5885 6545 38
5887 6662 38
5888 6743 38
5901 7085 38
6016 9148 38
6064 8117 38
6100 6119 38
6196 9276 38
6219 8581 38
6237 7101 38
6460 8529 38
6716 7862 38
6865 9174 38
7087 9587 38
7307 8606 38
7655 9697 38
7659 9932 38
9429 9839 38
9814 9921 38
59 89 39
75 309 39
149 6306 39
158 5015 39
162 661 39
169 3736 39
188 3869 39
196 3878 39
198 1935 39
229 1659 39
248 947 39
254 369 39
257 441 39
329 561 39
331 1978 39
340 995 39
373 711 39
376 1477 39
419 3365 39
480 3137 39
508 3769 39
566 3996 39
582 1362 39
633 3377 39
737 3449 39
769 993 39
772 7552 39
784 1132 39
810 7504 39
812 4013 39
815 9902 39
852 7992 39
910 8462 39
1146 1578 39
1222 6108 39
1346 1819 39
1509 2402 39
1520 3083 39
1545 6874 39
1587 1891 39
1607 9291 39
1631 8095 39
1714 2841 39
1809 6155 39
2004 7515 39
2023 2431 39
2051 5386 39
2221 3393 39
2231 4775 39
2274 3137 39
2472 2722 39
2547 3434 39
2624 7779 39
2627 9230 39
2644 4479 39
2675 6715 39
2677 4775 39
2767 3481 39
2771 9911 39
2823 5372 39
2896 7687 39
2942 3747 39
2957 9561 39
2979 4028 39
3028 7306 39
3087 3490 39
3246 9071 39
3443 4108 39
3455 5544 39
3566 4513 39
3658 5503 39
3696 8691 39
3725 4716 39
3725 5197 39
3771 7154 39
3792 7717 39
3814 5269 39
3835 8195 39
3908 4485 39
4066 4495 39
4283 9421 39
4342 4512 39
4370 7653 39
4447 6788 39
4457 8999 39
4547 5721 39
4563 8699 39
4671 6041 39
4853 7337 39
4968 9908 39
4987 9871 39
5169 9007 39
5219 8166 39
5239 9008 39
5316 9422 39
5531 5672 39
5587 5849 39
5739 6143 39
5754 8665 39
5801 9826 39
6091 6866 39
6208 6934 39
6239 6291 39
6325 7858 39
6525 9011 39
6594 8087 39
6598 7956 39
6674 8035 39
6703 7344 39
6965 9462 39
7020 7933 39
7191 7409 39
7538 8107 39
7886 8695 39
8369 9027 39
8489 9023 39
8520 9420 39
8686 9565 39
8703 8819 39
8798 9726 39
9698 9872 39
2 325 40
30 4906 40
30 5184 40
32 74 40
47 3516 40
80 5014 40
88 525 40
110 5444 40
113 290 40
175 359 40
206 8353 40
220 612 40
269 8545 40
270 7447 40
300 8028 40
301 5875 40
339 638 40
418 9100 40
425 6042 40
435 4930 40
442 3387 40
514 6439 40
550 8917 40
555 5074 40
578 1225 40
657 981 40
663 8928 40
739 3075 40
769 1153 40
861 895 40
864 6785 40
873 4299 40
886 3096 40
950 1920 40
965 2322 40
1010 1400 40
1050 3233 40
1126 1675 40
1153 1732 40
1327 2773 40
1340 2817 40
1380 4528 40
1473 6268 40
1520 8565 40
1595 6871 40
1606 7485 40
1669 2490 40
1724 5795 40
1853 5237 40
1875 7634 40
1890 9539 40
1891 3941 40
1938 5718 40
2077 4145 40
2097 5742 40
2191 3056 40
2213 3460 40
2235 2462 40
2323 3275 40
2370 5242 40
2443 3031 40
2478 9218 40
2504 9532 40
2550 6080 40
2585 4650 40
2681 3044 40
2690 5027 40
2714 3698 40
2874 6402 40
2899 4275 40
2921 3893 40
3028 3402 40
3034 4488 40
3069 7158 40
3096 8199 40
3102 4863 40
3216 4376 40
3224 4081 40
3234 3420 40
3248 8632 40
3359 6810 40
3382 5788 40
3418 4446 40
3438 6519 40
3485 4958 40
3555 5191 40
3562 5821 40
3592 4791 40
3627 7460 40
3675 4044 40
3969 6682 40
4030 9723 40
4159 4481 40
4229 4952 40
4296 7619 40
4300 6224 40
4330 5522 40
4395 4428 40
4664 4949 40
4686 7198 40
4692 9438 40
4738 6522 40
4960 7194 40
5093 9814 40
5353 6907 40
5467 6795 40
5687 9994 40
5705 6903 40
5723 7960 40
5890 7790 40
5957 8797 40
6201 7477 40
6312 6710 40
6339 9145 40
6349 7780 40
6421 7297 40
6476 9933 40
6748 8527 40
6935 7612 40
7084 9538 40
7227 8310 40
7239 7574 40
7251 8327 40
7338 7394 40
7464 8891 40
7589 8522 40
8066 8891 40
8317 9752 40
8716 9413 40
8992 9802 40
9230 9667 40
9262 9340 40
8 9477 41
106 2814 41
143 6070 41
176 5384 41
203 411 41
212 6469 41
256 7886 41
258 453 41
273 7438 41
299 393 41
299 1577 41
402 7932 41
413 3942 41
448 798 41
457 7229 41
484 879 41
501 3652 41
568 2840 41
737 9874 41
793 5101 41
816 6166 41
858 8951 41
928 1140 41
984 8834 41
988 2437 41
1092 1690 41
1100 1133 41
1195 9628 41
1223 2797 41
1239 3052 41
1275 4401 41
1285 1416 41
1313 3920 41
1405 8352 41
1406 3866 41
1475 2867 41
1532 3801 41
1579 5410 41
1583 4948 41
1674 1962 41
1703 5687 41
1724 7893 41
1990 6195 41
1991 2844 41
2068 3958 41
2193 3457 41
2197 8895 41
2283 9367 41
2294 4981 41
2306 9377 41
2398 2953 41
2483 9557 41
2536 4780 41
2584 9069 41
2602 2658 41
2921 6317 41
3002 6746 41
3016 5953 41
3069 4861 41
3146 5753 41
3183 4603 41
3186 3843 41
3204 7649 41
3277 4233 41
3291 9012 41
3374 3921 41
3679 4979 41
3830 4197 41
3830 7837 41
4104 5167 41
4214 6753 41
4258 7629 41
4347 4850 41
4370 7590 41
4462 6403 41
4465 8678 41
4589 5726 41
4736 4897 41
4852 6322 41
4879 9804 41
5562 9034 41
5568 7488 41
5851 7546 41
5883 7458 41
5923 9069 41
6400 7220 41
6426 8170 41
6480 7334 41
6689 7555 41
7107 9258 41
7170 9844 41
7514 9310 41
7616 7869 41
7798 8928 41
8564 8701 41
8638 9499 41
8648 9683 41
4 5 42
72 1365 42
93 904 42
124 9272 42
157 5193 42
228 1838 42
252 2091 42
324 2276 42
331 883 42
378 882 42
381 3390 42
403 599 42
461 7354 42
467 4496 42
492 8633 42
496 4779 42
564 7266 42
597 9891 42
651 4574 42
656 1560 42
753 5959 42
758 6806 42
782 9736 42
786 7372 42
915 8272 42
923 4568 42
961 5299 42
968 5326 42
980 5291 42
1031 3268 42
1070 4368 42
1113 1458 42
1130 7694 42
1206 3791 42
1208 1823 42
1329 1955 42
1362 8243 42
1392 2231 42
1397 3619 42
1425 2836 42
1462 7338 42
1512 5906 42
1527 6236 42
1547 7381 42
1582 4744 42
1628 5899 42
1679 8901 42
1741 3917 42
1750 5741 42
1765 9137 42
1770 8395 42
1842 7119 42
1914 3880 42
1915 6483 42
1920 8074 42
1939 3143 42
2090 3299 42
2142 5525 42
2297 7343 42
2316 4180 42
2340 8309 42
2429 9750 42
2466 3609 42
2481 9811 42
2505 7833 42
2627 6789 42
2649 5807 42
2744 9012 42
2762 5113 42
2797 9863 42
2890 4392 42
2899 8303 42
2961 3176 42
2967 7812 42
3084 5029 42
3220 9628 42
3255 8991 42
3373 5882 42
3398 6921 42
3511 4613 42
3653 9436 42
3805 8574 42
3915 6820 42
3931 5934 42
3954 5219 42
4025 6840 42
4034 6916 42
4084 6663 42
4166 9159 42
4235 9666 42
4266 5005 42
4300 8376 42
4331 7226 42
4369 4700 42
4502 7694 42
4613 5554 42
4662 4885 42
4772 6443 42
5161 6808 42
5240 6856 42
5354 7485 42
5378 8539 42
5403 7473 42
5476 7881 42
5507 5732 42
5713 9138 42
5813 6859 42
5877 7879 42
5880 6814 42
5891 8680 42
5947 6803 42
6090 7119 42
6146 8838 42
6353 8862 42
6408 6787 42
6765 8242 42
6906 8239 42
7056 8514 42
7300 7909 42
8037 8385 42
8098 9060 42
8234 9647 42
8548 9396 42
8746 9331 42
9379 9472 42
36 39 43
46 202 43
82 576 43
84 277 43
106 3022 43
107 140 43
125 220 43
177 2531 43
184 3682 43
198 9943 43
202 288 43
285 2024 43
294 6773 43
306 5757 43
323 8621 43
425 1544 43
524 1106 43
580 729 43
598 8760 43
671 7699 43
718 9905 43
731 8249 43
774 1306 43
799 3987 43
811 5139 43
913 2212 43
927 2003 43
928 6095 43
965 1783 43
977 2706 43
995 9139 43
1026 4486 43
1028 1843 43
1073 3148 43
1096 2036 43
1110 7983 43
1157 9861 43
1204 5680 43
1220 5558 43
1264 2111 43
1290 7979 43
1329 6421 43
1346 3909 43
1395 5167 43
1404 7024 43
1490 7663 43
1613 3910 43
1654 6511 43
1699 4003 43
1786 2838 43
1863 9278 43
1924 2220 43
1928 5681 43
1975 6419 43
1986 8129 43
2014 2903 43
2042 7503 43
2065 3191 43
2125 9869 43
2163 4721 43
2191 3037 43
2290 4723 43
2294 5605 43
2296 3711 43
2327 6983 43
2411 4152 43
2479 7135 43
2512 4146 43
2650 3603 43
2664 9701 43
2715 5218 43
2733 6248 43
2744 4552 43
2897 5041 43
2911 6288 43
2966 8623 43
2970 4535 43
3007 7621 43
3128 9634 43
3367 4504 43
3384 8766 43
3414 7347 43
3418 9524 43
3426 8205 43
3450 4141 43
3705 6732 43
3805 9296 43
3926 5011 43
3950 5524 43
3974 8238 43
3979 6118 43
4061 4317 43
4192 8718 43
4244 7735 43
4392 9577 43
4468 9579 43
4540 7964 43
4703 9534 43
4733 5731 43
4762 6096 43
4777 6587 43
4882 5087 43
5056 9162 43
5099 7927 43
5135 5196 43
5138 8559 43
5220 9125 43
5322 5504 43
5549 9645 43
5586 5711 43
5651 6708 43
5653 8770 43
5915 6554 43
6487 6880 43
6582 7109 43
6984 8482 43
6994 9323 43
7015 8523 43
7041 9400 43
7128 9145 43
7269 7971 43
7278 7906 43
7441 7845 43
7553 9835 43
7565 7848 43
7635 8239 43
7744 7778 43
7887 9743 43
8022 8099 43
8174 8489 43
8182 9545 43
8258 8575 43
8385 9872 43
8490 8879 43
8556 8944 43
8817 9158 43
9171 9832 43
9405 9647 43
68 1422 44
83 127 44
87 4864 44
147 7241 44
174 3459 44
246 7690 44
268 2474 44
287 4894 44
345 3531 44
393 8321 44
400 2068 44
443 7099 44
453 4017 44
466 3351 44
568 3413 44
571 2483 44
572 8341 44
576 7629 44
708 6292 44
760 6596 44
795 2360 44
909 2663 44
974 8518 44
1039 8335 44
1084 4296 44
1103 1213 44
1210 7514 44
1235 1308 44
1276 2633 44
1386 1772 44
1436 2388 44
1696 2216 44
1859 5312 44
1910 7843 44
1920 7050 44
1923 6230 44
1928 4225 44
1930 8558 44
2001 8133 44
2010 5931 44
2083 4910 44
2150 4795 44
2216 6497 44
2262 8851 44
2276 2471 44
2303 7431 44
2320 9772 44
2426 3567 44
2453 6960 44
2466 3872 44
2529 6713 44
2630 5883 44
2695 6388 44
2815 9997 44
2878 4099 44
2892 9840 44
3106 4376 44
3556 6126 44
3587 8115 44
3655 6738 44
3674 7271 44
3756 4638 44
3756 9401 44
3787 6048 44
3909 7001 44
3998 5871 44
4002 7162 44
4032 9889 44
4049 5225 44
4077 9138 44
4112 4715 44
4220 4221 44
4298 8334 44
4325 6627 44
4400 8156 44
4407 6980 44
4435 4982 44
4465 9356 44
4493 4848 44
4509 7416 44
4970 9145 44
5059 8361 44
5152 8253 44
5224 9481 44
5462 9556 44
5472 8828 44
5524 7823 44
5656 7678 44
5752 7056 44
5993 7158 44
6063 9793 44
6094 8208 44
6334 8780 44
6448 8433 44
6587 8177 44
6739 7066 44
6769 8893 44
7576 8930 44
7729 8098 44
8285 9821 44
8434 8689 44
8820 9161 44
9077 9990 44
9692 9882 44
61 145 45
194 7165 45
295 6867 45
298 4647 45
302 7154 45
306 6493 45
462 6723 45
497 3144 45
517 764 45
544 4146 45
628 1604 45
677 2845 45
700 2187 45
770 4813 45
829 5305 45
876 8559 45
935 3707 45
1043 8581 45
1247 1261 45
1345 5424 45
1487 9741 45
1488 5857 45
1510 4724 45
1576 6365 45
1577 6131 45
1648 2560 45
1660 7455 45
1669 4241 45
1713 9618 45
1726 3653 45
1738 3918 45
1782 9970 45
1790 2494 45
1881 2073 45
1903 8456 45
2000 4253 45
2054 6973 45
2058 3575 45
2178 9532 45
2305 9914 45
2477 8927 45
2479 4896 45
2524 6057 45
2612 7912 45
2649 4434 45
2651 3528 45
2687 9227 45
2827 8399 45
2829 9885 45
2973 4855 45
3062 8874 45
3155 9916 45
3164 8894 45
3240 9861 45
3278 7597 45
3355 7835 45
3421 8413 45
3445 8505 45
3750 7224 45
3879 3953 45
4052 4641 45
4177 8572 45
4247 5639 45
4444 9861 45
4737 9853 45
4776 7461 45
4862 6613 45
4987 7047 45
5093 8624 45
5230 6659 45
5357 9112 45
5362 6272 45
5494 9299 45
5641 6590 45
5803 6587 45
6267 7277 45
6370 8992 45
6978 7051 45
7214 9682 45
7442 9274 45
7931 9678 45
7942 8885 45
8339 8801 45
8546 9120 45
8560 9264 45
9683 9956 45
5 6093 46
84 5785 46
115 1813 46
118 5674 46
153 1459 46
262 3064 46
265 9595 46
266 4097 46
380 2247 46
420 4553 46
472 8173 46
485 1033 46
488 927 46
565 648 46
595 642 46
609 1463 46
634 3704 46
716 9674 46
717 2675 46
736 4173 46
847 1606 46
913 4626 46
955 7595 46
1252 4740 46
1279 4855 46
1358 9978 46
1377 4784 46
1442 7534 46
1481 5373 46
1626 7395 46
1774 2318 46
1803 5939 46
1808 8816 46
2022 5655 46
2058 9489 46
2089 7163 46
2113 5170 46
2159 4043 46
2245 8777 46
2263 3193 46
2285 7217 46
2353 5747 46
2408 4438 46
2457 2558 46
2467 3592 46
2568 5603 46
2575 7796 46
2579 4217 46
2608 3389 46
2629 8764 46
2733 6945 46
2799 3377 46
2845 4910 46
2906 6173 46
2945 9178 46
2988 8988 46
3177 6534 46
3195 3356 46
3466 9341 46
3487 5894 46
3510 8233 46
3675 9430 46
3689 8214 46
3694 3760 46
4320 4901 46
4335 5277 46
4367 7233 46
4450 9922 46
4461 6314 46
4503 8548 46
4536 9014 46
4616 6029 46
4644 5566 46
4691 4967 46
4792 5766 46
4908 6188 46
4968 7173 46
4991 7044 46
5054 8714 46
5179 8136 46
5183 6675 46
5205 7709 46
5272 7360 46
5323 8293 46
5358 7292 46
5382 7958 46
5626 9895 46
6033 6106 46
6257 7192 46
6274 8864 46
6328 8426 46
6384 6541 46
6431 6450 46
6433 8730 46
6958 7414 46
6997 8843 46
7135 9207 46
7270 8063 46
7313 8497 46
7400 9464 46
7462 7857 46
7481 8675 46
8196 9371 46
9095 9153 46
30 7204 47
61 587 47
71 395 47
168 8469 47
268 3195 47
277 9950 47
357 7516 47
375 651 47
466 2636 47
474 3323 47
545 6308 47
599 2961 47
627 9401 47
851 3840 47
947 2975 47
960 5879 47
1067 5888 47
1178 2196 47
1214 3498 47
1261 4101 47
1279 3054 47
1373 1619 47
1379 5823 47
1470 3272 47
1472 7035 47
1486 9265 47
1497 5400 47
1548 7884 47
1549 5632 47
1636 2330 47
1655 9350 47
1675 1695 47
1685 7584 47
1886 3774 47
1928 7798 47
1942 6767 47
1987 3454 47
2048 3101 47
2066 3487 47
2350 9706 47
2392 6763 47
2469 4531 47
2577 7536 47
2578 6201 47
2640 7305 47
2707 7023 47
2858 8025 47
3040 4107 47
3109 3669 47
3214 8744 47
3314 6962 47
3324 4854 47
3370 6068 47
3554 8435 47
3628 5538 47
3631 5651 47
3794 8671 47
3807 7203 47
3869 6481 47
3959 4998 47
4087 8981 47
4114 9669 47
4126 5809 47
4277 8260 47
4291 4590 47
4331 4968 47
4476 7542 47
4564 9210 47
4731 7023 47
4847 8512 47
4915 7531 47
5047 6831 47
5116 8658 47
5279 6957 47
5332 6054 47
5398 8716 47
5425 6021 47
5425 9006 47
5463 9721 47
5513 8932 47
5574 6572 47
5633 7083 47
5702 9224 47
5742 6588 47
5767 6343 47
5882 8327 47
5941 6084 47
6035 6141 47
6042 7836 47
7009 7037 47
7015 9495 47
7111 8860 47
7476 8176 47
8031 9147 47
8101 8425 47
8261 9569 47
10 7348 48
164 5736 48
193 667 48
209 7606 48
281 2082 48
459 4637 48
471 813 48
517 3120 48
653 5251 48
709 8618 48
746 3758 48
749 3296 48
837 3877 48
863 1700 48
894 9934 48
909 5349 48
963 8841 48
1014 2751 48
1114 4078 48
1161 3730 48
1209 4559 48
1216 7821 48
1243 4530 48
1261 1267 48
1278 9284 48
1372 9449 48
1437 2572 48
1439 7099 48
1636 9316 48
1753 6679 48
1766 2840 48
1877 3730 48
1909 6078 48
1946 7761 48
1989 3676 48
2149 7057 48
2181 9561 48
2235 7368 48
2290 4500 48
2358 9079 48
2389 7767 48
2420 4888 48
2475 4565 48
2491 6360 48
2923 8625 48
2926 3987 48
2981 9730 48
3121 3504 48
3138 9554 48
3202 9625 48
3537 9633 48
3555 9241 48
3771 7546 48
3839 6654 48
3853 6994 48
3974 5854 48
4200 8375 48
4256 7463 48
4311 6486 48
4336 5871 48
4373 5564 48
4518 9357 48
4599 6222 48
4660 8925 48
4759 9574 48
4857 9917 48
5013 7062 48
5041 9450 48
5088 9907 48
5486 8308 48
5631 7045 48
5736 7797 48
6019 7356 48
6037 7122 48
6321 9221 48
6471 6627 48
6539 8572 48
6570 7437 48
6611 8119 48
6742 7488 48
6856 7934 48
6944 9866 48
7081 7551 48
7213 8989 48
7477 7739 48
7804 7843 48
8134 9077 48
8210 8877 48
8837 8891 48
8963 9295 48
22 8748 49
134 8867 49
151 1559 49
219 1716 49
298 3980 49
325 2750 49
370 9453 49
399 1384 49
525 1159 49
621 6743 49
663 9764 49
821 2943 49
835 9494 49
860 4533 49
899 3309 49
918 2382 49
1071 2368 49
1128 1187 49
1172 3680 49
1190 1961 49
1227 6934 49
1247 7662 49
1285 3751 49
1304 9973 49
1379 5145 49
1509 2774 49
1567 3051 49
1602 2646 49
1629 6620 49
1638 2625 49
1646 7966 49
1692 7065 49
1722 3118 49
1782 1871 49
1799 9416 49
1806 9318 49
1826 2500 49
1864 6056 49
1957 9778 49
1959 4383 49
1995 4320 49
2057 6099 49
2092 2844 49
2271 3185 49
2287 2604 49
2307 5942 49
2361 9217 49
2780 5981 49
2978 6848 49
2997 3969 49
3023 3643 49
3094 9869 49
3141 7180 49
3378 7156 49
3735 5520 49
3949 7867 49
4059 7667 49
4174 4336 49
4242 6931 49
4272 7054 49
4331 9831 49
4507 6240 49
4566 6507 49
4630 7497 49
4766 5167 49
4995 5407 49
5139 9927 49
5378 8046 49
5416 7673 49
5528 7436 49
5652 8547 49
5699 7642 49
5748 6278 49
5890 9419 49
5965 9384 49
6124 9777 49
6316 9531 49
6560 9990 49
6658 8413 49
6752 9345 49
7316 9834 49
7326 8066 49
7352 8204 49
7632 8291 49
7680 7744 49
9061 9141 49
9387 9946 49
9 43 50
206 460 50
300 5175 50
309 8131 50
345 1046 50
438 7864 50
510 9412 50
609 7075 50
664 6683 50
712 9507 50
726 1277 50
748 3480 50
940 1201 50
1000 3362 50
1130 8979 50
1224 2566 50
1484 4048 50
1583 5890 50
1594 7765 50
1618 2568 50
1808 4992 50
1814 2055 50
1839 2497 50
1871 9529 50
2011 4817 50
2035 9348 50
2109 3752 50
2285 7714 50
2311 7297 50
2363 5581 50
2412 3372 50
2634 3983 50
2661 7450 50
2824 5802 50
2907 5214 50
2970 8351 50
2974 9734 50
3244 5438 50
3533 5537 50
3856 8130 50
3957 7549 50
4105 6827 50
4157 9795 50
4176 4461 50
4222 5988 50
4280 5625 50
4387 6191 50
4680 5640 50
4716 8644 50
4733 6833 50
4741 6001 50
4763 7437 50
4833 6203 50
4932 9013 50
4938 7809 50
4955 5132 50
4980 6129 50
4996 5166 50
5014 6648 50
5402 6047 50
5438 9704 50
6292 9445 50
6474 9458 50
6795 7871 50
6940 8333 50
7065 7070 50
7072 7493 50
7077 9640 50
7112 9275 50
7286 7752 50
7582 9410 50
7596 7987 50
7685 9756 50
8562 9101 50
8929 9331 50
9905 9938 50
50 5124 51
100 9805 51
146 5308 51
228 6043 51
237 787 51
351 3547 51
393 2377 51
542 5696 51
543 5671 51
584 4730 51
697 5751 51
702 856 51
765 3161 51
960 8961 51
1113 4849 51
1148 1254 51
1191 7702 51
1263 2278 51
1428 8722 51
1499 6250 51
1540 6111 51
1770 2720 51
1864 6809 51
1875 7309 51
2053 3002 51
2064 5324 51
2073 3212 51
2079 2859 51
2120 8006 51
2215 5265 51
2225 7385 51
2246 6844 51
2419 9957 51
2437 5488 51
2463 4593 51
2510 3744 51
2668 3435 51
2791 5949 51
2966 5001 51
3210 4571 51
3408 8985 51
3677 8815 51
4132 4560 51
4520 9307 51
4932 5265 51
5138 9208 51
5389 7593 51
5478 6472 51
5615 9980 51
5809 6697 51
6544 8566 51
6605 7183 51
7169 8580 51
7554 8732 51
7849 9151 51
8090 8961 51
8344 9762 51
8353 9916 51
9614 9874 51
66 5517 52
79 8828 52
235 274 52
385 3199 52
509 2775 52
511 5816 52
543 5066 52
715 9856 52
832 9016 52
910 1055 52
912 3190 52
957 1271 52
973 7120 52
1146 4848 52
1169 5096 52
1229 2018 52
1266 1795 52
1341 4832 52
1428 2328 52
1599 7795 52
1632 1907 52
1668 4867 52
1825 2283 52
1912 7355 52
1982 8467 52
2038 7696 52
2092 2221 52
2182 3936 52
2200 6337 52
2328 4491 52
2333 5631 52
2376 8039 52
2554 8239 52
2580 9660 52
2683 8446 52
2747 6891 52
2773 6707 52
2774 8114 52
2789 2796 52
3005 6275 52
3025 5523 52
3066 8582 52
3094 3182 52
3174 7339 52
4178 5068 52
4245 9821 52
4515 7221 52
4651 8417 52
4688 4986 52
4705 6009 52
4718 7183 52
4737 4757 52
4749 4780 52
4794 5699 52
4799 6769 52
5021 9386 52
5073 8112 52
5175 9330 52
5298 8795 52
5793 7890 52
6307 9270 52
6734 8383 52
6926 7667 52
7034 9173 52
7250 8196 52
7434 9568 52
7505 7538 52
7555 7887 52
7911 8631 52
8708 8839 52
9007 9898 52
9084 9423 52
82 8932 53
195 239 53
202 1165 53
205 8179 53
220 748 53
335 536 53
408 500 53
446 5135 53
485 6297 53
497 1635 53
592 1741 53
680 1877 53
695 1977 53
695 3039 53
839 4844 53
856 7757 53
959 8918 53
990 2367 53
1034 6202 53
1051 2071 53
1129 2461 53
1131 5131 53
1164 2709 53
1230 2030 53
1283 4786 53
1325 2537 53
1429 7624 53
1519 2045 53
1556 4138 53
1709 1852 53
1742 2710 53
1784 2734 53
1795 2499 53
1838 4849 53
1890 4090 53
1973 7085 53
1998 3232 53
2023 7834 53
2169 9732 53
2189 5123 53
2260 7159 53
2281 3141 53
2388 3775 53
2542 3349 53
2672 4426 53
2769 3889 53
2795 6416 53
2874 3175 53
3325 8629 53
3380 5014 53
3548 6740 53
3573 3768 53
3957 6514 53
3966 6581 53
4040 7379 53
4061 6422 53
4063 6629 53
4135 8242 53
4189 5588 53
4216 9285 53
4290 7013 53
4379 5063 53
4404 8310 53
4410 8551 53
4414 6392 53
4433 5337 53
4460 8903 53
4470 6500 53
4585 9544 53
4742 7329 53
5064 8743 53
5162 6606 53
5250 6950 53
5852 6435 53
6004 7137 53
6059 7946 53
6399 8823 53
6442 9567 53
6751 8322 53
6945 9796 53
6949 7627 53
7085 9789 53
7144 7727 53
8552 9803 53
9433 9993 53
52 7253 54
210 256 54
214 9540 54
215 2433 54
245 6169 54
309 539 54
310 2940 54
573 2937 54
579 634 54
637 1677 54
709 8264 54
775 6329 54
926 1206 54
1001 8086 54
1095 1501 54
1119 2577 54
1285 4313 54
1322 7406 54
1329 3539 54
1351 7789 54
1354 1867 54
1523 3024 54
1539 1837 54
1826 2351 54
2012 3406 54
2051 7427 54
2267 6558 54
2293 3062 54
2498 3507 54
2671 4198 54
2703 5560 54
2778 4675 54
2798 6822 54
2962 9069 54
3056 9758 54
3061 7647 54
3141 9989 54
3307 8547 54
3450 5714 54
3491 7816 54
3666 9437 54
3772 5773 54
3851 9559 54
3975 5907 54
4031 6187 54
4031 6752 54
4187 8265 54
4271 6995 54
4284 7878 54
4771 6352 54
4823 6144 54
4980 6772 54
5068 7437 54
5075 5335 54
5115 9390 54
5216 8337 54
5230 8346 54
5372 5844 54
5552 5933 54
5589 9473 54
5675 9110 54
5724 8957 54
5786 6952 54
6252 6464 54
6270 7468 54
6377 8984 54
6662 9892 54
7443 8267 54
7445 8317 54
7453 8411 54
7733 8180 54
8713 9536 54
9367 9443 54
9667 9954 54
0 1539 55
69 652 55
178 3337 55
202 4345 55
209 1075 55
213 7829 55
311 1527 55
349 5200 55
510 1589 55
561 2765 55
590 2173 55
722 8759 55
857 8323 55
934 2932 55
959 3915 55
1167 8775 55
1238 6949 55
1245 2231 55
1468 3151 55
1499 4100 55
1548 6361 55
1575 6969 55
1702 7134 55
1801 2249 55
1860 5905 55
1878 9279 55
2089 5865 55
2178 4891 55
2299 7919 55
2752 7571 55
2784 3614 55
2801 5709 55
3004 5174 55
3147 8218 55
3192 4256 55
3235 8306 55
3360 4898 55
3467 8676 55
3686 7598 55
3742 6470 55
3778 7353 55
3810 6617 55
3940 7526 55
4136 9437 55
4186 8675 55
4307 7896 55
4332 9179 55
4586 8347 55
4830 9858 55
4885 9769 55
5171 8255 55
5241 9225 55
5325 8882 55
5329 7203 55
5426 7950 55
5463 9508 55
5638 8403 55
5897 8102 55
5997 6684 55
6332 8171 55
6520 7290 55
6784 8338 55
7214 8167 55
7298 8979 55
7543 9940 55
7552 9642 55
8865 9406 55
9083 9528 55
9504 9944 55
35 4685 56
87 4690 56
111 3103 56
146 6309 56
357 4739 56
428 2484 56
623 6593 56
662 1933 56
845 4174 56
853 4769 56
1003 5455 56
1186 9062 56
1300 3178 56
1364 9286 56
1502 7391 56
1524 1702 56
1595 6335 56
1635 6227 56
1643 7299 56
1719 2258 56
1809 2753 56
1832 5672 56
1879 2197 56
1932 4517 56
2002 6782 56
2057 2699 56
2096 8223 56
2144 6259 56
2359 7745 56
2366 4730 56
2440 3524 56
2740 6993 56
2765 5133 56
3157 5298 56
3229 6970 56
3401 4113 56
3423 8222 56
3687 6601 56
3695 8339 56
4050 5962 56
4198 7330 56
4201 9330 56
4362 8597 56
4445 8280 56
4494 5604 56
4583 6696 56
4608 7223 56
4679 5285 56
4776 5643 56
4788 8268 56
4905 9979 56
5191 8871 56
5496 6463 56
6311 6337 56
7628 8468 56
8362 9594 56
9218 9501 56
21 5841 57
151 6310 57
158 8803 57
159 865 57
943 7451 57
973 2682 57
994 3112 57
1150 2291 57
1201 2705 57
1358 5559 57
1401 5382 57
1427 8909 57
1464 3647 57
1493 3122 57
1836 1842 57
1940 2134 57
1979 4778 57
1983 7484 57
2051 6220 57
2056 3765 57
2298 7304 57
2402 2506 57
2653 3085 57
2721 3235 57
2825 3376 57
2875 3012 57
2927 3453 57
3371 7512 57
3375 3431 57
3479 7025 57
3517 5352 57
3605 7566 57
3812 7653 57
4049 6771 57
4115 9724 57
4122 9756 57
4193 5013 57
4378 9603 57
4699 5591 57
4856 8978 57
4936 7479 57
5235 9716 57
5345 9960 57
5558 7990 57
6253 7062 57
6331 7948 57
6487 7978 57
6592 8961 57
6983 7732 57
7091 9909 57
7116 8030 57
7374 9837 57
8122 9211 57
8343 9508 57
9064 9616 57
3 3665 58
29 160 58
113 6765 58
133 1916 58
142 1351 58
148 4344 58
187 1045 58
338 1526 58
509 9887 58
514 809 58
535 594 58
700 5874 58
770 5259 58
872 3284 58
1036 3542 58
1066 2027 58
1119 4727 58
1156 4400 58
1367 3925 58
1417 1598 58
1460 7506 58
1565 4914 58
1621 4624 58
2119 4017 58
2179 4436 58
2265 8768 58
2476 6505 58
2843 9881 58
2985 3605 58
2985 4109 58
3192 3886 58
3223 4637 58
3226 6674 58
3515 8501 58
3566 9873 58
3637 6092 58
3662 8066 58
3792 8967 58
3913 9514 58
3986 6307 58
4299 5245 58
4335 5073 58
4674 5691 58
4776 9047 58
5274 8065 58
5338 5848 58
5401 5958 58
5637 8049 58
6044 6432 58
6087 9952 58
6096 7524 58
6204 9803 58
6386 9888 58
6913 7049 58
7063 8796 58
7168 9009 58
7215 7465 58
7897 8963 58
8024 8592 58
8666 9991 58
172 4075 59
176 540 59
331 5491 59
394 9039 59
695 3437 59
756 7146 59
835 1214 59
893 1105 59
1216 2909 59
1336 3130 59
1337 5787 59
1355 6228 59
1446 4695 59
1465 8342 59
1466 2190 59
1929 8680 59
2053 2761 59
2159 4422 59
2280 4269 59
2351 9590 59
2418 6005 59
2441 5727 59
2480 6127 59
2519 6690 59
2592 8188 59
2601 8799 59
2714 8023 59
2715 3441 59
2738 5301 59
3128 6445 59
3507 3899 59
3550 5902 59
3694 4868 59
3901 8453 59
3966 7460 59
4161 4916 59
4220 8959 59
4334 5228 59
4392 7432 59
4443 7813 59
4572 5415 59
4725 7161 59
5069 9489 59
5114 5446 59
5656 9056 59
6239 8126 59
6305 9316 59
6410 9696 59
6940 8281 59
7949 8267 59
8534 8793 59
8990 9358 59
9414 9887 59
179 8245 60
341 9646 60
429 9766 60
498 5489 60
591 9902 60
618 735 60
798 1338 60
894 1233 60
914 4230 60
1145 7628 60
1255 6293 60
1346 1378 60
1421 5112 60
1690 1698 60
1796 3900 60
2151 5179 60
2371 9617 60
2816 6071 60
2915 6899 60
2977 6280 60
3014 3838 60
3111 4542 60
3364 4326 60
3457 7769 60
3522 6221 60
3548 6667 60
3918 7807 60
3965 8872 60
4158 4760 60
4316 7419 60
5108 8526 60
5125 6451 60
5192 6243 60
5277 9064 60
5386 7785 60
5397 8130 60
5678 8712 60
5755 7328 60
5841 6650 60
6036 9119 60
6294 7560 60
6375 9754 60
6630 9305 60
6933 8232 60
6937 7448 60
6944 8914 60
7340 8835 60
7412 7825 60
7658 9462 60
7732 9043 60
7839 8831 60
8350 9713 60
219 3793 61
314 339 61
318 8081 61
486 8401 61
641 3272 61
827 6721 61
845 9727 61
936 5828 61
1114 1287 61
1204 5622 61
1346 2964 61
1735 7693 61
1851 7676 61
1853 6359 61
1865 7293 61
1946 9481 61
2034 8776 61
2147 2853 61
2159 7768 61
2168 2520 61
2182 8589 61
2329 3808 61
2353 2475 61
2406 2915 61
2732 4307 61
3122 9653 61
3185 8512 61
3233 9351 61
3260 8660 61
3283 3848 61
3302 5628 61
4057 7828 61
4301 6378 61
4921 6731 61
5701 6603 61
5931 9894 61
5985 8407 61
6819 8405 61
7119 9399 61
8000 8566 61
8149 8542 61
8298 9026 61
8498 9883 61
171 640 62
190 1590 62
251 7076 62
414 842 62
521 3093 62
925 9527 62
1055 9867 62
1188 9688 62
1189 7651 62
1190 6737 62
1533 9533 62
1583 5038 62
1813 1948 62
2039 4727 62
2165 5231 62
2426 5563 62
2468 2961 62
2476 7020 62
2544 2573 62
2737 4827 62
2747 7615 62
2781 6775 62
2871 4246 62
2931 6669 62
3454 7722 62
3529 9219 62
3732 6717 62
3767 7811 62
3968 9003 62
4102 4917 62
4204 4752 62
4297 7323 62
4543 6221 62
4647 7520 62
4851 5082 62
4933 5458 62
4939 5287 62
5394 7294 62
5400 8725 62
5695 6915 62
5857 7089 62
6065 8528 62
6081 7614 62
6100 6977 62
6120 9078 62
6149 8684 62
6776 7040 62
7078 9941 62
7118 8389 62
7221 7993 62
7513 8621 62
7764 9456 62
7901 8623 62
8211 9292 62
8436 9685 62
9020 9780 62
9121 9504 62
9173 9972 62
9408 9770 62
140 7981 63
154 9255 63
162 2305 63
166 9915 63
179 6485 63
303 1751 63
445 814 63
472 4985 63
553 7646 63
671 3517 63
884 7824 63
993 1514 63
1015 2709 63
1226 3070 63
1407 3690 63
1438 3893 63
1450 2228 63
1486 2993 63
1507 4196 63
1515 1863 63
1757 2415 63
1762 6145 63
1902 8258 63
2042 6547 63
2084 4738 63
2110 8238 63
2392 6283 63
2588 6466 63
2626 6061 63
2886 9575 63
2939 4064 63
3059 9999 63
3113 5443 63
3647 3721 63
3735 7023 63
3798 4406 63
3992 9679 63
4426 7704 63
4430 7237 63
5557 8430 63
6352 9967 63
6358 8855 63
6362 7665 63
6603 8926 63
6703 9955 63
6818 9204 63
7000 8353 63
7035 8034 63
7567 9504 63
7751 8872 63
8098 8786 63
8400 9301 63
8906 9738 63
263 1087 64
328 2754 64
491 5395 64
659 9366 64
831 3822 64
882 1835 64
1173 6404 64
1258 9058 64
1537 5016 64
1627 2689 64
1831 7752 64
1917 7479 64
1975 3496 64
2059 2502 64
2149 9461 64
2604 8230 64
2892 3870 64
2899 4815 64
3182 4713 64
3293 5406 64
3308 4747 64
3672 6049 64
3874 9411 64
3882 6254 64
3949 7851 64
4270 8294 64
4902 9746 64
4941 9758 64
5010 5291 64
5048 7056 64
5063 5546 64
5172 9431 64
5346 9336 64
5515 6888 64
5672 6796 64
5848 8466 64
5881 6368 64
6326 8596 64
6437 6467 64
6517 8747 64
7112 9149 64
7495 8990 64
7546 8515 64
7634 8217 64
8173 8261 64
9612 9624 64
605 4308 65
766 9819 65
772 8929 65
932 1761 65
1064 7991 65
1082 2476 65
1110 5992 65
1185 2891 65
1213 3061 65
1263 4761 65
1363 4829 65
1660 8367 65
2041 2167 65
2102 2410 65
2147 9354 65
2172 8796 65
2218 3469 65
2262 5296 65
2425 4360 65
2533 3667 65
2545 3587 65
2841 3940 65
2870 5432 65
3073 9639 65
3297 4764 65
3546 7200 65
3580 5935 65
3616 7826 65
4047 8018 65
4056 9375 65
4157 7429 65
4216 6397 65
4391 8567 65
4413 7332 65
4700 8026 65
4943 6573 65
5063 5836 65
5178 7324 65
5768 6996 65
5809 9877 65
5880 7984 65
6031 6708 65
6079 7164 65
6110 8073 65
6564 9681 65
7112 9182 65
7114 9202 65
7363 9606 65
7472 9774 65
7484 8619 65
8726 9061 65
8830 9921 65
9336 9788 65
312 7755 66
423 6344 66
531 3264 66
552 9046 66
929 4501 66
947 9757 66
1055 1163 66
1230 1496 66
1379 7175 66
1585 8536 66
1670 2259 66
2088 9636 66
2140 7544 66
2194 6182 66
2208 3913 66
2616 3994 66
2660 2685 66
2747 4511 66
2838 3383 66
3108 3945 66
3199 6104 66
3266 6387 66
3563 6951 66
3618 3748 66
3672 7155 66
3906 9000 66
4063 9747 66
4106 9146 66
4145 5967 66
5023 7369 66
5131 5471 66
5231 6299 66
5232 8294 66
5334 6611 66
6065 7188 66
6858 6968 66
6881 9223 66
7309 7563 66
7640 8991 66
52 5557 67
60 3790 67
138 4754 67
179 2511 67
232 3257 67
299 1620 67
418 4487 67
492 8585 67
546 3890 67
638 5917 67
671 1413 67
843 3644 67
868 5613 67
977 7150 67
1019 4953 67
1478 2100 67
1494 5743 67
1498 6422 67
1649 7261 67
1727 7378 67
1754 1802 67
1968 2781 67
2335 8146 67
2464 9694 67
3244 7392 67
3404 4594 67
3521 4834 67
3971 6477 67
3996 6846 67
4150 5694 67
4165 5433 67
4999 9065 67
5240 9596 67
5534 9719 67
5613 7362 67
5832 6186 67
6222 7515 67
6739 6912 67
8975 9942 67
8986 9726 67
27 6555 68
42 1755 68
235 397 68
431 3163 68
842 7671 68
1067 4467 68
1151 3916 68
1430 1848 68
1618 5233 68
1688 3470 68
1772 7004 68
2070 2828 68
2354 6928 68
2368 4000 68
2425 9648 68
2452 5886 68
2566 4587 68
2912 4343 68
3061 4357 68
3106 3200 68
3106 4076 68
3113 3260 68
3205 3500 68
3286 8962 68
3351 8176 68
3381 6608 68
3585 3642 68
3649 9703 68
3754 6182 68
3991 5933 68
4118 8246 68
4304 4956 68
4800 9939 68
4967 6733 68
4992 6270 68
5246 7082 68
5578 5595 68
5600 8059 68
5761 5790 68
5774 7801 68
5863 8236 68
5949 8313 68
6670 6709 68
7530 8990 68
7557 8431 68
7696 8079 68
8108 9900 68
8207 9219 68
1 2702 69
153 1806 69
921 9397 69
974 6022 69
1327 4883 69
1588 6177 69
2150 3023 69
2300 8673 69
2571 5348 69
2860 3372 69
3027 6691 69
3090 6564 69
3159 9525 69
3316 4232 69
3606 7478 69
3793 7519 69
3908 7341 69
4584 9709 69
4754 9407 69
5550 8568 69
5570 5636 69
5847 8824 69
5956 7104 69
6688 8610 69
7492 8826 69
8141 9125 69
166 7446 70
316 8745 70
349 7609 70
390 1533 70
937 4379 70
1563 8866 70
2758 7013 70
2940 4617 70
3156 5376 70
3290 4020 70
3299 9949 70
4486 9313 70
4610 6364 70
5037 9748 70
5657 7259 70
6046 7239 70
6362 9237 70
9081 9212 70
271 1522 71
744 4144 71
942 1859 71
1092 1297 71
1133 3685 71
1272 4380 71
1446 5819 71
1548 5381 71
1638 2452 71
1707 2406 71
1726 9591 71
2020 5199 71
2552 7959 71
2556 5799 71
2669 8593 71
2785 8509 71
3254 5125 71
3575 8399 71
3633 7986 71
3833 7749 71
4232 5211 71
4459 8752 71
4865 5999 71
5518 6311 71
5646 9838 71
6282 8367 71
7391 8033 71
7571 9052 71
37 1494 72
689 5221 72
872 2112 72
934 5198 72
1478 8358 72
2054 5758 72
2149 7847 72
2332 4030 72
2542 7650 72
2576 7970 72
2772 9578 72
2810 5420 72
3117 9189 72
4706 9218 72
4832 7842 72
4884 9306 72
4922 9601 72
4956 9515 72
5286 9831 72
5539 6363 72
6087 9942 72
6184 6420 72
6495 8915 72
8257 8866 72
8533 8808 72
307 6046 73
391 861 73
467 477 73
715 2162 73
1460 1661 73
1544 3636 73
1663 6868 73
1849 3781 73
1901 5469 73
2302 6757 73
2898 9781 73
2912 3236 73
3123 7945 73
3317 8458 73
3731 8045 73
3932 7835 73
4049 9451 73
4704 7094 73
5010 6604 73
6410 7053 73
6996 7228 73
7605 9460 73
8140 8710 73
8605 9750 73
8670 9903 73
214 3133 74
220 4808 74
267 6791 74
337 3292 74
563 1773 74
909 7913 74
2169 4484 74
2302 4094 74
2559 5805 74
2687 9107 74
2830 2913 74
3106 7274 74
3165 7117 74
3173 3262 74
3302 6338 74
3583 4244 74
3695 8318 74
3960 4622 74
4076 9113 74
4103 8603 74
4552 6441 74
4793 7398 74
5249 9633 74
5435 8409 74
6129 8487 74
6691 6815 74
7248 7702 74
8299 9996 74
19 398 75
59 3632 75
73 1588 75
269 7471 75
1379 9733 75
1484 9427 75
2078 5143 75
2171 2538 75
2341 3483 75
2397 4015 75
2727 4261 75
3326 7674 75
3340 5313 75
3345 3464 75
3677 4181 75
4030 4202 75
4188 5404 75
5255 9604 75
5887 8720 75
6064 9209 75
6127 9330 75
6768 8155 75
7184 9801 75
8343 9695 75
287 8122 76
354 9768 76
386 734 76
657 8661 76
1077 6408 76
1260 1734 76
1324 6028 76
2272 2416 76
2503 9141 76
2519 9232 76
2581 5978 76
2587 9522 76
3495 5160 76
3739 8415 76
3803 8729 76
3972 9793 76
4156 5223 76
4735 6381 76
5028 9556 76
5368 8769 76
7209 9711 76
7654 8782 76
7894 8477 76
35 4538 77
270 6837 77
424 5413 77
1176 8211 77
1186 5396 77
1422 2696 77
2095 7805 77
2525 7129 77
4823 8012 77
5442 8904 77
5602 8360 77
7512 8595 77
7664 9493 77
8100 9656 77
8108 9951 77
270 332 78
275 6568 78
433 7265 78
546 2592 78
772 850 78
1443 3174 78
1947 7861 78
1990 6589 78
2296 8186 78
2314 7802 78
2458 8229 78
2474 5416 78
3139 6553 78
3298 7452 78
3317 5572 78
3322 3595 78
3411 6477 78
3867 6632 78
3987 6948 78
4060 6557 78
4705 7856 78
4948 9240 78
5375 6712 78
5733 9260 78
5815 7113 78
6191 7577 78
6648 9300 78
7036 7547 78
7139 8434 78
7937 8203 78
332 4976 79
368 7417 79
997 1409 79
1277 9304 79
1554 6455 79
2611 7475 79
2710 8140 79
2940 9102 79
3036 3503 79
3172 9094 79
3198 5798 79
3342 9971 79
3539 6900 79
3935 5683 79
4453 7887 79
4697 4939 79
5115 6354 79
6246 6899 79
6758 8277 79
7576 8001 79
7731 8343 79
8039 8514 79
8437 8754 79
125 4524 80
252 6151 80
285 6597 80
909 8767 80
1106 4340 80
1132 9106 80
1418 4789 80
1679 4285 80
1922 8113 80
2037 7637 80
2126 3124 80
2577 8263 80
2637 3097 80
2713 6199 80
2737 5022 80
3096 8206 80
3340 4544 80
3615 9476 80
3729 8125 80
3842 4869 80
4130 8838 80
4403 5918 80
4581 9784 80
5309 5862 80
5428 7068 80
5717 8183 80
6341 9989 80
7997 8083 80
2 664 81
491 1768 81
502 603 81
511 4783 81
528 8184 81
1039 4218 81
2418 7715 81
2569 5035 81
2680 8997 81
2919 5069 81
3347 7191 81
3735 4751 81
3755 8791 81
5289 5556 81
7088 8921 81
7255 9097 81
8493 9298 81
51 211 82
295 2441 82
808 6556 82
1071 9749 82
1205 3158 82
1859 5506 82
2052 3169 82
2096 2755 82
2428 6313 82
2854 6618 82
3397 8827 82
3512 4507 82
3556 5974 82
3990 5411 82
4121 4856 82
4885 5062 82
6012 9717 82
6585 8183 82
7127 8773 82
7923 9798 82
7997 9777 82
343 4811 83
377 3271 83
464 833 83
537 1861 83
1240 4133 83
1588 9317 83
2258 9735 83
2394 3444 83
2509 5268 83
2742 6161 83
3019 6089 83
3191 9609 83
4495 4652 83
4530 4657 83
4591 9912 83
5448 8158 83
5723 7773 83
5734 7641 83
6385 8847 83
6624 9015 83
6743 7357 83
6762 9858 83
8916 9767 83
9374 9582 83
310 5916 84
357 7669 84
379 4149 84
513 6105 84
717 1480 84
1349 2806 84
1665 9992 84
1973 3046 84
2648 6523 84
3635 5392 84
4072 9048 84
4426 5989 84
4508 6164 84
5103 8785 84
5533 5982 84
5810 9186 84
6064 8221 84
6995 8168 84
7791 8709 84
899 1147 85
1861 2562 85
1913 4080 85
2121 3905 85
3578 8256 85
3693 6852 85
3927 5713 85
4543 5244 85
4798 7140 85
6131 7420 85
362 3816 86
434 3779 86
1135 9198 86
1461 5351 86
2925 5624 86
2991 8535 86
3322 4719 86
3650 5927 86
3841 7449 86
4359 6015 86
4950 7888 86
5511 8910 86
5654 9403 86
7286 9080 86
20 3495 87
215 9880 87
459 6699 87
942 1022 87
1173 4185 87
1544 4798 87
1772 3622 87
3267 7207 87
3419 5798 87
3476 5513 87
4226 6133 87
4378 7603 87
8740 9267 87
869 5608 88
1486 8485 88
4557 9389 88
5760 8650 88
6731 7269 88
254 5584 89
1288 4399 89
1299 2069 89
1758 5168 89
2012 7256 89
2117 2532 89
2448 6498 89
2608 5105 89
3107 3549 89
4075 6315 89
4372 5837 89
7551 9165 89
8379 8952 89
96 2590 90
890 9760 90
932 4322 90
1756 3888 90
1911 6229 90
1922 7411 90
2343 6895 90
2415 5158 90
2662 9703 90
3633 8328 90
4830 7570 90
5149 9677 90
5997 8288 90
7705 9749 90
9498 9509 90
341 2839 91
898 9444 91
1474 8064 91
1684 6807 91
3749 8373 91
5363 7439 91
5626 9483 91
6164 8235 91
144 1424 92
270 4926 92
709 4478 92
1406 1740 92
2142 9302 92
3626 9497 92
4080 9152 92
765 9053 93
797 7840 93
4148 9818 93
4216 9368 93
4547 6501 93
5488 5895 93
5766 9024 93
8630 9621 93
163 6877 94
1954 3519 94
2494 4710 94
3013 5480 94
3778 3800 94
3934 7873 94
4051 4324 94
4385 6238 94
108 6628 95
131 6988 95
455 8344 95
500 7654 95
2742 9308 95
3178 3395 95
3501 9627 95
3544 6929 95
5065 9794 95
6503 8148 95
9738 9977 95
539 9044 96
1192 1282 96
1616 5635 96
2012 7350 96
2275 2718 96
2921 4522 96
2932 6828 96
3917 8960 96
3931 7182 96
4846 8164 96
6056 8040 96
6386 7706 96
240 4016 97
1341 2700 97
2319 2698 97
3001 8910 97
6086 9825 97
108 1194 98
975 8878 98
1037 1798 98
1471 8933 98
4948 5594 98
7225 8719 98
1038 8301 99
2927 6076 99
4160 6728 99
7293 9001 99
3452 9332 100
5129 5972 100
Total MST weight: 291461
Execution time: 5.272963 ms

Algorithm: Prim's MST
MST edges:
0 1 5
0 124 10
124 7645 9
7645 1720 8
0 754 10
754 6390 3
1 6 14
6 8 1
8 171 9
6 5558 11
5558 8617 3
8 205 12
8 553 12
6 7934 13
7934 1803 3
171 65 15
65 5800 3
65 1528 9
1528 6827 11
65 9860 11
205 3648 15
3648 3245 3
3245 5434 11
3648 262 15
262 3857 1
3857 3687 4
262 6591 6
3687 8021 8
8021 2 15
2 1016 8
8617 5532 15
2 999 16
999 8331 5
8331 8043 1
999 2789 6
8043 4334 7
4334 7655 2
7655 7110 7
2789 4909 8
7110 3753 9
999 964 10
3753 5688 14
8021 3545 16
3545 9542 9
65 8717 16
8021 980 17
980 842 6
842 722 2
722 923 3
923 5628 2
5628 5630 1
722 518 5
518 1805 4
5628 6855 6
923 2064 7
6855 4639 12
980 7106 14
7106 2096 2
7106 3489 5
980 1849 16
1849 2189 7
722 1854 18
7110 4561 18
4561 1208 10
1208 4499 6
1208 1384 13
1384 4131 7
0 7405 18
7405 5649 10
7405 7638 10
4909 9947 18
171 1712 19
8 3611 19
5532 2295 20
2295 5667 15
5667 2723 6
2723 1902 1
1902 77 4
77 107 3
77 3977 6
1902 8980 14
1902 5607 18
77 62 20
62 7377 7
62 192 20
192 2058 1
192 283 5
2058 5859 12
283 5309 14
6827 2313 20
4909 7915 20
7915 2349 1
2349 1565 1
7915 2988 11
2349 241 15
241 830 9
830 2460 7
2460 2517 3
2517 7101 10
7101 5187 9
2517 3128 13
3128 7632 4
7632 2138 6
2138 4305 1
2138 3448 2
3128 4756 7
7632 6379 9
2138 8546 9
830 1621 17
1621 8148 16
8148 6475 17
6475 8041 7
8546 1435 18
2517 1412 20
1412 7831 9
2349 3109 20
2988 6405 20
6405 9690 3
6405 9726 17
9726 8627 13
6405 3772 19
3772 4462 9
4462 885 2
4462 6500 14
4462 2607 15
2607 5083 13
885 2934 15
885 2821 16
2821 2280 14
2280 3462 1
2280 1775 18
1775 2818 8
1775 1996 10
1996 1925 6
1925 9635 8
1925 4132 14
7377 8634 20
8634 5217 18
8980 8859 20
8859 457 12
8 15 21
15 396 1
15 5834 3
396 2601 4
2601 1951 4
5834 8423 6
2601 4315 8
4315 5690 2
15 223 9
223 6291 10
396 554 11
554 5707 13
396 429 17
429 8637 12
5707 7425 17
15 5127 18
5127 1429 17
1429 4788 3
1951 41 19
41 103 16
103 1018 13
1018 6660 13
103 5188 14
5188 5602 7
5188 9922 9
9922 9175 14
9922 9464 14
9464 596 11
2789 3131 21
8717 5292 21
5292 963 4
5292 6241 5
6241 4463 5
5292 7215 13
2295 8578 21
1854 707 22
707 743 4
743 7819 8
6241 822 22
822 116 3
2607 906 22
906 218 17
218 6786 8
906 3972 18
906 4329 21
999 1342 22
4463 1403 22
1403 7929 7
7929 3693 14
3693 2044 2
2044 5255 4
2044 3239 7
3693 2440 12
1403 1240 21
1240 5869 3
2440 7808 21
6855 2803 22
2803 548 4
9947 4851 22
9860 5317 22
4329 7791 22
1342 8869 22
241 214 23
214 73 17
73 5702 9
5702 9878 12
5702 8519 15
8519 9453 13
9453 6368 5
73 87 18
73 3071 21
9453 4963 22
4963 9347 19
9347 5764 10
5764 6905 16
6905 8417 1
8417 9322 22
9322 8974 2
124 1745 23
1745 3063 14
1951 2498 23
1996 2772 23
2772 1903 2
2772 687 21
3128 3014 23
3014 3422 5
3422 3274 8
3274 126 12
5649 3529 23
205 3920 23
3920 1063 3
3920 6783 11
6783 4629 1
3920 6074 15
1063 2201 20
2201 3084 4
2201 5954 11
5954 3624 7
3624 2969 8
2969 6851 6
3084 4801 14
2969 2149 17
2969 1137 18
1137 4143 1
1137 3251 4
1137 1984 7
3251 5387 7
1137 8935 11
5387 4254 15
4254 1517 5
4254 5818 15
1137 1389 17
1389 4291 4
1137 1597 20
1597 2863 19
4291 651 21
651 4607 6
651 4038 8
2969 4231 21
3251 7523 22
7523 4585 5
7523 7639 18
7639 298 12
298 801 5
298 2910 6
298 6971 21
6971 3399 7
3399 9739 2
9739 9779 15
1903 6849 23
5532 7408 23
7408 1563 3
1563 5817 14
5817 3331 15
2910 7764 23
7764 8240 3
8240 3587 9
8240 8503 21
8519 8668 23
1775 9590 23
9590 1928 21
1928 541 2
205 289 24
6786 524 24
524 629 10
629 3138 13
524 8178 13
103 1149 24
1149 811 9
811 1969 18
1969 3050 16
3050 9486 10
9486 9394 4
9486 4917 14
4917 7189 4
811 9067 18
3050 7235 20
4917 814 21
814 255 21
255 181 7
181 1918 5
1918 3047 1
255 7360 14
255 6484 20
6484 7687 21
7687 775 2
7687 4887 5
7687 1782 13
775 4023 21
3050 8794 22
181 988 23
988 7248 3
775 7608 23
298 1363 24
1363 4502 5
1363 7507 5
1363 3672 17
7507 8015 17
4502 2167 24
553 2206 24
3448 2949 24
5083 3599 24
9878 5439 24
5439 7740 14
5439 2918 18
2918 4331 3
2918 438 23
438 6342 6
438 463 20
463 6663 15
463 8608 22
8608 4441 19
4441 2202 8
1565 6258 24
6786 7457 24
7457 2637 3
2637 2223 5
2637 2922 6
2223 3826 11
3826 3903 9
2223 9539 16
2223 8011 18
4334 8498 24
8498 7412 11
7106 8939 24
126 9599 24
6 533 25
5292 1000 25
1000 6646 5
1000 4196 19
4196 1131 16
1131 4213 17
4213 3117 1
4213 1239 9
1239 8092 9
3117 600 10
600 1150 9
1150 1656 1
600 4410 10
3117 5590 17
1000 428 20
428 3353 11
428 4242 19
4213 6859 20
8092 3478 22
3117 6184 22
6184 7508 6
6184 176 16
6184 4533 16
4533 7738 3
4533 5166 11
7508 4885 16
4885 201 21
201 1029 4
201 3213 15
1150 9620 22
9620 2645 3
2645 3149 10
3149 8513 8
2645 7633 12
3149 1615 18
1615 7567 9
7567 9352 9
2645 8681 18
8681 9073 14
8681 9222 15
1615 1487 20
1487 24 19
24 342 1
342 3778 9
342 551 10
1487 2630 21
2630 7617 20
7617 2359 1
7617 8307 15
1150 4578 23
4578 2530 23
2530 1921 3
7617 7594 24
722 2067 25
2067 2214 23
2067 4656 23
1435 2930 25
2930 6327 14
6327 7752 14
6327 9729 23
9729 7279 8
7279 3607 4
4756 3187 25
3187 1536 8
1536 2631 9
2631 7938 4
2631 5376 9
7938 7255 13
2631 2446 23
2446 6768 22
7938 4919 24
3545 4152 25
8417 4356 25
9394 4816 25
4816 2005 9
2005 2900 18
1536 6154 25
1918 6223 25
629 6439 25
6439 4833 16
214 7868 25
7868 3767 15
3767 374 1
3920 8945 25
8945 3247 21
3247 7622 3
3247 924 11
924 935 1
924 9691 11
3247 6373 15
6373 1987 9
1987 2674 2
1987 7103 2
3247 3080 16
2674 3234 21
924 4767 21
8945 6574 23
6574 2991 15
2991 1949 19
1949 2195 19
2991 7413 23
7413 3326 6
7413 6098 10
7413 5021 16
7413 5676 17
3080 3341 25
3341 8898 6
3341 38 16
8898 1953 21
1953 776 11
4410 9266 25
2601 9447 25
176 9475 25
9475 1344 25
1344 1694 2
4607 68 26
68 613 1
613 1730 18
1730 1127 15
9860 234 26
234 3344 1
3344 9584 10
9584 5294 23
342 433 26
433 1293 23
7608 1405 26
1405 6370 3
8668 1680 26
7405 1791 26
1791 733 12
733 1685 2
733 9086 9
733 6878 14
62 2713 26
2713 3967 20
1685 3303 26
3303 905 7
905 1599 8
3187 3397 26
3397 2255 21
15 4972 26
4972 8788 8
8788 8070 3
4972 5084 13
8070 7472 13
2645 5091 26
5091 7027 14
7027 6980 11
6980 1750 11
5091 4661 23
4661 4457 1
4457 1622 20
1622 9184 3
9184 2032 4
2032 8174 6
9184 4862 16
7027 4281 24
6980 5055 24
5055 6614 12
6614 7775 2
7775 46 13
46 2262 8
2262 3579 14
3579 5089 1
6614 4760 16
4760 2116 4
4760 8019 5
2116 4680 9
3579 7716 21
7716 1176 13
8019 4170 22
5089 5550 22
7027 5360 25
5360 1033 8
5084 5359 26
5359 4037 12
5630 6273 26
8668 6886 26
6886 4019 6
4019 9389 3
6886 6364 19
7594 7021 26
3109 7308 26
2631 8463 26
8463 1642 11
1642 1255 12
1255 1460 2
1255 1736 11
1255 8781 11
8781 4551 2
8781 6940 11
8463 6286 13
6286 1074 13
1074 483 2
1074 6075 2
483 1387 14
1642 5153 14
5153 7580 1
1642 2479 15
6075 8163 17
8163 2250 24
2250 8507 21
8507 3190 1
4551 6428 24
6428 1320 15
6428 7916 21
7916 5141 9
5141 8901 3
5141 4513 16
5141 6427 20
8901 6681 21
6681 3527 15
3527 5518 20
5518 259 18
259 2621 4
5141 4475 23
5518 5799 24
5799 6889 9
6889 2203 25
6889 9848 25
7916 9893 25
9893 9122 14
9893 7533 26
171 8954 26
4019 8975 26
1239 9045 26
6 9364 26
1387 9421 26
9421 4889 21
4889 3059 13
24 33 27
33 40 5
33 572 18
116 115 27
115 1310 15
115 779 25
779 3691 2
3691 5945 1
779 2968 9
2968 3284 5
3691 6847 10
6847 5183 11
5183 6771 3
6771 4566 7
2968 5460 12
5460 2275 8
5460 824 15
2968 5920 16
5920 6726 9
6726 185 6
185 2832 5
6726 2898 15
6726 3479 21
2275 3962 22
824 173 23
6726 2899 23
185 823 24
823 1281 9
823 8879 22
1281 7906 23
1281 1663 25
1663 9637 6
2899 2102 25
2102 9689 11
5945 6213 25
6213 7854 7
7854 8499 18
8499 5940 23
824 9657 25
173 158 27
158 1510 10
1510 6520 19
1510 6686 21
6686 9191 2
1510 4236 22
4236 9196 22
158 8509 24
158 3839 25
3839 6284 7
3839 5486 23
6284 547 25
547 1537 2
547 499 10
499 5483 13
5483 4117 26
6428 1009 27
1009 1641 2
1641 933 5
933 113 27
113 67 4
113 8094 20
8094 9409 20
8094 5814 23
4329 1055 27
1055 236 14
236 144 4
236 3783 11
3783 1249 4
1249 1069 1
1069 1007 4
1249 1584 8
144 166 15
166 2122 1
2122 6247 2
6247 7964 6
2122 7760 10
166 69 11
69 9651 8
6247 936 11
936 250 9
250 1285 3
1285 3282 4
3282 421 3
421 914 1
250 3598 13
3598 4123 9
69 353 16
353 9324 4
353 3532 6
9651 1797 16
1797 8857 13
8857 6967 12
6967 8586 8
6967 1292 11
1797 1172 15
1172 1269 8
1269 1473 5
1269 1855 9
1855 4940 12
4940 8429 1
1797 4831 15
1172 8457 15
8457 3411 7
8457 3297 13
3297 8003 3
1797 4498 16
3282 333 17
333 307 2
333 1227 17
1227 8120 5
1584 5315 17
5315 4729 9
4729 2445 4
4729 61 6
61 6479 11
4729 5549 17
1285 5561 17
1069 1258 18
1258 2711 9
1258 3327 14
2711 8454 15
1069 2941 18
2941 5885 6
5885 8475 8
2941 2364 11
2364 2021 13
2021 2539 2
5885 7011 15
2539 7976 15
7976 3845 13
3845 840 9
840 1388 5
840 5110 17
2122 3726 18
5885 3999 18
3999 3963 13
3963 8330 2
8330 8983 3
3963 4164 4
8330 3038 5
3038 806 3
8330 9404 11
9404 2428 2
2428 7736 6
9404 4206 11
3038 3017 13
8983 873 16
873 2495 2
2495 2574 4
3017 224 18
1055 7917 18
7917 6138 8
7917 2871 12
2871 3943 5
3943 2026 1
2026 9057 7
8457 9127 18
69 1566 19
1566 6174 3
6174 424 3
6174 5273 4
5273 1780 10
424 5236 11
9651 52 20
52 45 4
52 817 5
817 6634 5
6634 9415 4
52 777 7
45 4374 18
873 71 20
71 1972 5
71 70 9
70 531 3
70 57 12
57 502 3
57 4534 9
57 4934 12
70 308 15
308 874 12
874 1368 2
57 4980 17
4934 6747 17
6747 3660 7
3660 6170 11
1368 9078 18
502 876 19
144 179 20
179 4082 16
4082 5598 11
179 3732 19
6967 5665 20
5665 4837 14
4837 9243 17
9243 9852 5
5110 6263 20
57 97 21
1285 3123 21
9127 3572 21
236 3844 21
2941 3973 21
3973 8356 14
8356 3445 11
6967 2426 22
2426 3400 3
2426 3586 8
3586 5065 4
5065 3211 17
3211 9177 13
9177 7317 4
7317 5849 4
5849 81 3
81 9319 1
9319 2869 12
2869 7540 6
2869 4312 11
2426 4899 18
2426 1790 19
1790 3132 11
1790 2019 16
3844 4550 22
4550 3181 1
3181 5533 3
5533 8815 5
3181 5126 6
5126 5192 7
5192 2373 4
3181 452 10
3181 8381 10
8381 1631 10
3181 4159 14
4159 9018 17
4550 131 18
131 2143 1
131 816 3
131 44 10
44 118 9
2143 2807 13
131 5510 14
5510 5623 5
2373 4932 18
4932 3964 9
3964 9280 3
4932 7416 16
7416 8495 16
4550 8272 18
8272 3485 12
8272 5924 22
5510 6897 22
6897 4251 5
4251 7883 1
81 7014 22
936 302 23
302 4303 9
4303 9641 12
302 863 13
863 3368 14
3368 6582 10
3368 5371 17
4303 7383 20
7383 3026 10
3026 1660 9
1660 2741 2
1660 4419 9
4419 7059 6
4419 3540 11
3540 838 5
838 4912 11
7059 3651 13
4912 4288 16
4288 7096 12
7383 3931 20
3931 3452 13
3452 5391 9
3452 3222 14
5391 2251 16
3452 1770 18
2251 5040 19
5040 4825 15
1770 1909 20
1909 8656 7
1909 2131 9
2131 6698 7
308 727 23
936 925 23
925 2793 4
925 3288 10
876 954 23
3726 1112 23
1112 365 4
1112 427 14
427 8384 6
421 1749 23
1749 1008 9
1749 1242 13
1242 7017 8
1242 1006 13
1006 410 7
410 279 8
410 6579 11
6579 6843 5
6579 5429 11
6579 3102 17
3102 1107 20
1242 5202 21
1749 2367 22
279 22 23
22 3298 13
3844 2525 23
2525 582 21
582 989 11
989 6946 11
6946 8938 8
8495 6462 23
5885 467 24
1006 1423 24
1423 2398 19
2398 2936 6
2936 3602 21
3602 9439 2
2398 3935 22
3935 3207 16
3207 911 13
911 455 15
455 16 1
16 3020 7
16 4792 16
911 1816 18
1816 6637 17
6637 5080 6
5080 9294 11
6637 7636 12
16 6551 18
6551 8334 2
3207 740 20
740 5964 7
911 7199 21
8334 4897 22
4897 9136 2
4897 9485 7
9485 8470 11
9136 384 14
384 1970 5
384 556 6
384 4066 14
384 42 21
42 1381 11
1381 5319 10
42 492 17
492 3074 3
3074 9850 5
9850 565 2
3074 4085 11
492 6711 17
6711 6819 7
6819 3558 3
3558 3761 7
3761 8685 2
3558 6073 12
3558 8224 13
42 187 21
187 1380 9
2936 5530 23
187 875 24
4899 1898 24
1898 1201 6
1201 4601 5
1201 461 10
461 9552 1
9552 5537 13
5537 5770 3
5537 7426 14
5770 3560 22
3560 8742 3
3560 8194 8
8194 1408 2
1408 5358 20
9552 3950 22
3950 1758 12
1758 2769 4
2769 2218 3
1758 4567 10
2218 4348 19
4348 9290 6
4348 5366 10
4348 9780 12
5366 1157 24
1258 1940 24
7096 2130 24
2130 8099 5
8099 7707 12
8384 2273 24
1172 2559 24
3074 3528 24
3528 4658 13
4658 9365 2
9365 4893 19
4893 1497 5
9365 3375 22
2445 3785 24
2426 4442 24
4442 8984 11
8984 742 19
742 5543 3
5543 2541 2
2541 5708 6
5708 1612 4
5708 9169 6
2541 4707 18
4707 4705 20
7011 5509 24
6582 7212 24
7212 5642 5
5642 7197 10
5642 9135 11
5642 7222 15
2426 7217 24
7976 8789 24
1007 498 25
498 266 22
266 682 1
682 985 1
266 3720 7
266 120 23
120 866 4
4348 1432 25
1432 1397 8
1432 1341 14
1341 8326 6
1397 450 23
5708 3525 25
2941 4321 25
5065 5369 25
5369 4817 3
4817 2078 16
4206 6489 25
5533 6816 25
9324 9264 25
9264 6429 14
6429 6361 20
6361 1382 14
1584 9309 25
9309 8452 24
1816 9918 25
9918 7962 22
7962 6053 4
7962 3427 19
7962 9670 25
224 182 26
182 6119 8
3943 470 26
470 99 2
99 208 3
99 1467 19
1467 2584 4
2584 5782 17
5782 1524 1
1524 2904 6
1524 3321 11
3321 6872 1
6872 7480 14
1524 3180 16
7480 7723 21
3321 6972 24
6972 6571 17
6571 8566 18
2904 111 26
5782 892 26
892 6885 1
892 9390 7
892 1872 12
1872 862 1
892 4212 12
4212 3440 9
862 104 24
104 94 19
94 148 9
4707 1004 26
1004 639 24
639 5928 9
5928 4712 10
639 4010 25
4010 291 4
4010 5812 9
291 310 19
3327 2790 26
148 2849 26
2849 606 8
2849 3250 15
2373 3544 26
3544 6139 19
6139 9091 18
8120 5227 26
5391 5290 26
5290 486 2
5290 796 2
796 1302 4
796 3305 20
2849 6102 26
6102 419 12
419 1406 10
6102 5009 24
6582 6386 26
6386 8642 18
8642 9252 11
61 6399 26
6399 6249 16
6249 6468 5
6249 8332 12
6399 2671 25
2671 5539 8
2671 4092 22
1069 6440 26
3123 6461 26
6461 5300 21
5300 9573 8
9573 1123 16
3999 6561 26
470 8563 26
9078 8736 26
8736 620 23
620 323 24
323 2982 9
3964 135 27
135 2288 8
71 151 27
151 5995 22
1388 674 27
674 928 2
674 1650 14
1650 2787 16
2787 1611 18
1611 7376 7
7376 7589 1
7589 6189 4
6189 8976 4
7376 1370 8
8976 2589 10
1611 296 11
296 1613 9
1613 8754 3
296 2121 9
7589 6476 15
2787 4964 19
6189 8502 21
1650 5846 22
5846 944 4
944 1869 10
1869 5297 5
1869 6688 13
1869 2458 22
296 3028 24
8754 961 25
961 1385 4
1385 2782 16
2782 9066 6
9066 854 7
854 5204 6
2782 7102 10
7102 6615 16
5297 2356 25
2356 4362 16
4362 8225 17
4362 6052 22
6052 1253 11
6052 9976 12
6052 7149 13
1613 2571 25
2589 3241 26
2589 6294 26
6294 6421 1
6294 3702 2
6294 2386 7
3702 8314 13
2386 5986 19
2386 6150 22
6150 1785 15
1785 1670 4
1785 6400 20
6150 6109 21
6109 7210 10
1785 4549 23
6150 6106 23
6106 8679 13
6106 3873 15
6106 4091 21
4091 9983 2
4091 8262 22
1069 1118 27
1118 8276 5
1118 1237 17
1237 8299 7
8299 9355 9
1118 1374 19
1374 6301 12
1029 1141 27
1141 1155 21
1155 1792 12
1155 9580 23
1792 4965 25
4680 1301 27
1301 1988 10
1301 2694 16
2694 3700 15
3700 8640 12
3700 4160 14
4160 8038 20
1988 169 24
169 1728 7
2723 1330 27
2741 1482 27
1482 6938 3
6938 6690 9
1482 3076 19
3076 5023 11
5023 4006 19
3076 8899 24
333 1488 27
2674 1575 27
1575 8297 16
1575 8445 16
8445 8481 15
8481 716 11
716 3596 12
8481 4974 15
4974 567 14
1575 1701 17
1701 9606 7
9606 6330 3
6330 7992 6
7992 3708 9
9606 8317 22
4974 5570 23
1803 1608 27
1608 2076 8
2076 3363 25
3363 9441 20
9441 4878 7
52 2304 27
2304 4448 16
4448 5262 19
842 2534 27
3785 2591 27
3931 3499 27
3499 2242 6
3499 3670 12
3670 4161 3
2242 788 16
788 13 1
3670 6152 24
13 139 26
139 2397 23
2397 5302 14
3422 3534 27
1782 3743 27
2356 3832 27
4561 4021 27
4021 6186 18
4021 5619 22
5187 4035 27
6379 4055 27
3245 4168 27
4168 7201 18
7201 9333 6
4168 3597 21
3597 3370 13
3370 3661 13
3661 5087 2
3597 505 14
505 3316 7
3316 9564 5
3316 4207 7
3316 8357 8
505 2701 13
4207 2553 15
2553 3623 5
2553 6162 12
505 7770 15
7770 9311 13
9311 8369 3
8369 5281 2
5281 1283 11
2701 8029 15
8029 75 6
75 1595 13
75 6425 14
6425 5368 4
5368 4547 5
3597 7114 17
6425 7878 17
505 1789 18
4547 5582 18
3623 8227 18
8029 5151 20
5151 5544 12
3597 4728 21
7114 9876 21
7878 4310 25
4310 311 11
311 5592 3
5592 8885 5
8885 762 6
762 6672 4
762 3322 16
3322 1668 6
3322 3009 18
3009 2171 10
4310 1198 20
762 3482 20
311 222 24
222 3659 9
3659 3919 3
4547 5843 25
5843 4886 12
4886 2673 8
5843 7596 19
7596 5481 4
5843 4014 24
4014 3711 5
4014 5421 13
5421 5959 5
3711 1407 17
1407 6729 16
6729 9367 3
6729 5755 6
5755 5086 2
5755 5889 2
5889 833 7
833 3848 16
6729 8350 17
3848 6995 19
6995 5287 4
6995 7996 9
8350 1525 20
3711 9882 21
1407 1693 23
1525 9868 23
5889 6854 24
6854 8410 9
5421 9930 24
5959 908 25
1668 7444 25
9564 3825 26
4014 5097 26
5421 7857 26
1198 646 27
646 1175 8
1175 7859 6
1175 6879 11
1175 1146 17
1146 793 1
793 2265 6
793 8135 10
8135 6314 3
1146 321 15
321 6077 13
793 5216 16
6314 8340 18
793 1128 21
5216 59 25
59 7684 20
7684 523 16
523 406 17
406 369 8
369 490 4
490 95 18
95 8601 8
95 280 11
280 604 13
604 8647 10
280 520 14
523 1395 20
1395 2740 12
2740 2136 17
2136 5453 16
5453 8105 15
2136 3249 17
3249 9587 14
2136 8813 18
8105 6251 20
6251 5401 17
406 8702 20
8702 6884 17
6884 6472 7
6884 4945 9
6884 8510 19
8510 2168 18
8510 1048 19
1048 9546 11
9546 26 6
26 3219 4
3219 9353 12
9353 6802 10
6802 3055 15
3055 2181 10
9353 7737 15
7737 3167 6
3167 1713 5
7737 8392 8
1048 2013 18
2013 2227 12
8392 9033 19
9033 8819 10
8819 609 10
3167 9761 22
9761 7440 22
609 1080 24
1080 6030 3
6030 1204 22
95 5752 24
3219 590 25
590 6575 16
590 2971 21
2971 4787 16
4787 3688 6
2971 4505 19
4505 363 15
363 196 15
196 8579 11
4505 9129 21
1204 5135 26
5135 1564 7
1564 273 2
273 2731 5
273 9791 8
2731 1235 11
1564 2381 19
2381 5026 11
2381 7146 19
7146 7318 6
273 2380 22
2380 4570 17
4570 1120 14
2380 5897 21
273 3634 22
3634 4058 20
2380 2467 23
5026 3068 23
3068 8404 21
8404 9945 21
9945 9063 11
9063 4318 6
9063 9488 15
8404 2636 22
2636 8279 11
8279 6511 3
9791 3346 24
1235 9039 24
9039 1967 5
1967 3041 9
1967 1174 22
9063 9487 25
6511 7415 26
7415 2725 1
2725 932 1
2725 8324 15
8324 9526 13
8324 6873 20
6873 4807 11
4807 8382 11
6873 6874 14
4807 6695 23
9526 7319 26
7319 9680 15
7319 8494 24
8494 8616 15
6314 1845 27
2971 3782 27
3782 5247 4
5247 8416 1
3782 7700 7
7700 4835 8
8416 136 19
136 177 2
136 7841 12
8416 3287 20
7700 1002 24
9488 3982 27
3982 2256 3
2256 7289 6
2256 9089 18
2256 1936 19
1936 5468 9
5468 2923 24
2923 3739 14
553 4774 27
4774 1913 6
1913 3135 11
118 5252 27
8789 5678 27
5678 3716 2
5814 6018 27
3316 6278 27
6278 6661 8
3068 6543 27
3688 6548 27
6548 2816 4
2816 1324 6
1324 368 15
368 4602 5
4602 194 4
194 76 15
76 3396 1
76 6513 7
6513 6987 15
6987 1110 13
368 7659 19
7659 1426 19
1426 274 14
274 4445 1
274 2977 6
4445 8287 7
1324 3574 20
4445 6666 23
6666 7956 3
4602 7631 24
7631 9890 9
9890 7595 20
7595 7908 4
1110 7903 24
7903 9658 19
9658 4591 2
4591 5399 5
9658 6845 16
6845 9513 6
6845 9050 19
7631 1774 25
1774 1779 10
1779 8493 12
1779 3136 17
8493 2566 18
1779 4582 19
4582 3757 18
3757 9380 4
3757 7806 19
7806 3053 10
7806 624 19
624 841 9
3136 8804 20
841 6770 21
6770 1652 24
1652 2819 2
1652 6430 5
2819 8678 20
1652 6025 22
6025 7985 10
1426 1926 25
2566 4326 25
1774 8220 26
8220 5049 6
8220 9492 20
9492 2031 8
9492 7782 9
9492 2103 23
3396 4008 27
1426 6665 27
6665 8657 6
8657 4338 26
4338 1445 10
1445 1160 1
1160 6937 8
4338 7652 17
7652 5457 11
5457 6007 2
6007 5833 1
7652 8704 11
8704 6952 11
6007 2427 14
8704 4217 15
5457 5386 20
5386 2114 16
2114 1452 15
1452 2813 16
2114 4804 20
4804 2098 2
6007 2217 24
2217 2966 6
2217 665 13
665 1625 4
4974 7079 27
1780 7123 27
7123 7988 18
8029 7974 27
9947 7980 27
3579 8615 27
8615 2742 11
8615 9126 18
9126 7656 26
7656 9361 8
7656 5901 16
9361 1230 21
1951 8672 27
8672 9031 4
8672 7774 14
7774 3858 5
3858 4145 13
7774 5878 25
6075 9083 27
833 9245 27
8502 9728 27
22 51 28
38 132 28
2273 229 28
229 6171 5
229 4819 14
4819 1905 15
1905 2204 1
229 96 19
96 1834 17
1834 1828 3
229 4425 26
9367 346 28
346 617 9
617 1994 1
617 2612 2
2612 1640 19
1640 1580 20
1580 295 2
295 8870 3
1580 4459 6
4459 4866 17
295 4363 18
295 644 21
6461 350 28
350 626 1
350 1307 4
626 2046 5
626 5136 22
3445 527 28
527 3988 2
2969 537 28
6873 607 28
607 658 22
658 1752 24
5247 719 28
719 759 1
759 1099 14
759 2053 18
2053 4990 21
1099 1511 25
8417 829 28
829 1765 8
2313 1151 28
1151 1586 12
1586 1222 3
1586 4121 16
1151 474 22
474 1244 18
1244 3820 8
1222 2104 25
2104 1783 5
1783 3350 9
3350 3887 5
3887 5638 20
5638 8428 2
8428 3861 18
2104 2153 21
2153 7733 2
2153 3289 3
3350 242 26
242 409 20
409 8854 11
8854 1709 8
923 1443 28
1443 9543 23
2673 1542 28
1542 82 26
234 1937 28
1937 5856 14
5856 7044 11
1937 2115 20
2115 348 14
2115 5088 24
5088 8697 24
1937 8598 27
8598 7621 7
1016 2109 28
7014 2529 28
2529 8920 8
2529 3384 17
2529 6411 26
1712 2641 28
2641 4243 9
4243 559 22
559 4752 27
2782 3010 28
3010 6039 20
7934 3359 28
2250 3514 28
1670 3557 28
3557 1840 3
1840 2012 17
3557 4074 22
7444 3833 28
7808 4045 28
3687 4154 28
274 4402 28
4402 1035 27
1035 6563 3
7980 4765 28
2936 5261 28
3109 5278 28
5278 4317 23
1160 5545 28
5545 2205 23
2205 1603 5
1603 4720 3
4720 8322 3
4720 8868 6
8322 3492 9
1603 9466 10
1603 7246 12
7246 9162 13
9162 6004 20
1603 4735 21
8868 1115 25
1115 2510 5
2510 1646 11
1805 5652 28
989 5663 28
5663 4375 8
4375 3230 3
3230 4618 10
3230 1419 12
1419 2882 4
1419 1038 21
1038 2768 12
3298 5943 28
5943 708 8
708 2023 17
2023 3818 3
727 5987 28
5987 9898 14
6330 6419 28
2280 6488 28
1872 6565 28
6565 9897 11
7201 7153 28
9361 7691 28
7691 4050 17
4050 7145 7
4050 3265 23
3265 9630 12
3265 8880 27
4131 7800 28
4561 8305 28
8305 5803 1
8305 6434 24
3534 8852 28
139 8922 28
8922 3058 2
6053 8958 28
8958 7012 10
8958 7728 27
7728 4099 27
2510 9160 28
9160 2097 6
2097 647 18
647 2659 1
647 900 8
9160 270 27
270 6032 6
270 1547 14
1547 3723 9
1547 6549 21
6549 1593 17
1593 864 13
864 387 2
387 8421 17
8421 7660 17
7660 7820 2
8421 8822 17
8822 6760 17
864 9042 21
1593 9469 22
1593 953 24
953 4110 3
1593 7389 27
270 180 28
180 2627 9
180 5485 16
6847 9244 28
6726 9480 28
8331 9679 28
5080 9751 28
3452 9904 28
1123 58 29
58 25 19
25 5111 10
6170 129 29
129 5870 3
129 2199 11
129 7190 24
129 1888 25
2199 6383 25
42 170 29
170 6101 25
170 3877 27
7655 260 29
260 2107 9
260 8577 19
260 3347 27
3347 4634 19
4634 7718 5
8577 4500 28
4500 9959 12
4500 8103 15
4500 2841 20
8103 9231 26
2841 8594 28
8594 9334 7
9334 765 13
765 922 12
260 9655 28
9655 8253 6
9655 4904 24
4904 3493 14
4904 7717 16
7717 8271 6
8271 2998 26
2998 373 3
373 230 6
373 256 13
256 5350 8
5350 7876 4
373 8048 16
5350 4631 23
8271 4545 27
4545 2509 10
2509 3073 4
2509 6271 18
3073 9425 18
2509 4411 24
3073 7374 26
7374 2811 9
4904 6298 27
6298 2211 1
2211 6279 14
6279 6720 4
6279 5054 13
5054 2975 1
6298 4244 23
4244 1013 11
4631 9249 27
2659 645 29
4329 803 29
803 8692 15
8692 8441 14
803 7432 16
8692 3042 21
3042 1093 5
8 870 29
9453 889 29
8586 896 29
896 2950 20
896 2965 23
3839 952 29
952 2267 3
952 147 23
147 3409 1
147 2174 23
2174 7097 4
3409 2714 23
2714 3127 17
3127 7407 2
7407 1334 18
1334 4959 10
1334 1911 18
3127 4060 21
4060 6600 6
1055 1068 29
1068 3157 15
3157 2632 12
716 1081 29
1081 2924 22
2924 5555 21
830 1213 29
1213 2721 3
1213 2683 23
2683 6652 2
2721 318 26
3977 1215 29
1215 8169 20
8169 6382 21
922 1259 29
1259 7435 8
7435 3101 14
26 1484 29
1484 6260 25
95 1500 29
5126 1669 29
1669 5507 8
1669 3015 14
1669 231 23
231 9200 15
231 562 19
562 197 16
562 1727 21
197 3831 21
1727 3215 28
3831 6269 28
6269 3628 1
841 1879 29
1879 3261 9
3261 5936 22
1237 2084 29
2295 2212 29
1712 2456 29
2456 2712 15
1631 2736 29
2736 4327 8
4327 3258 2
3258 2414 4
3258 4266 9
2414 3172 14
7319 3085 29
3085 4529 14
4529 1672 9
1672 5130 4
5130 6535 23
6535 2230 15
2230 8084 3
2230 1409 11
6535 8069 27
8069 3293 13
3293 5321 1
5321 7564 6
4866 3162 29
3162 3092 5
3092 9763 4
224 3285 29
3285 1057 10
3285 3957 28
3957 8249 5
3957 4431 22
4431 4674 25
4674 6893 3
6893 9753 3
9753 6083 28
6083 8919 1
6083 4612 22
177 3414 29
3414 5067 16
4804 3773 29
3773 7953 21
606 3795 29
3041 3975 29
3975 9192 7
905 4263 29
1029 4265 29
4265 4290 5
4290 8629 15
4290 286 16
286 681 17
4265 2172 22
286 7148 27
1285 4341 29
4341 7291 10
5770 4921 29
3448 4997 29
5360 5004 29
5084 5322 29
5322 7581 5
7581 9312 2
8038 5333 29
5333 6780 11
6940 5405 29
1903 5463 29
3445 5842 29
5842 1632 3
1632 7074 19
7074 7157 1
7074 9631 10
9631 2776 4
1612 5975 29
2871 6091 29
4499 6345 29
7594 6605 29
6605 4420 6
4420 9592 13
9592 1817 11
1817 1166 16
4420 2925 16
2925 5892 13
5892 6413 7
6413 2226 12
1817 1839 19
1839 9391 14
9391 3491 4
3491 6072 10
3491 632 16
6072 2454 16
2454 5128 15
5128 4598 11
2226 3436 19
3436 7105 22
7105 8371 19
8371 9720 15
632 622 25
622 4497 2
622 1506 3
622 5811 8
622 5266 16
4497 4929 20
8371 1609 25
1609 2905 2
1506 5409 25
5409 4041 10
5409 8159 23
1166 7384 25
9391 5338 27
5409 2522 28
2522 1520 4
5266 3352 28
3491 5948 28
2925 14 29
14 7424 12
14 2598 16
2598 2557 14
2557 1267 6
2557 3360 7
3360 4641 5
4641 7644 7
2557 9548 13
7644 3296 14
3360 2339 18
2339 233 2
233 1217 11
1217 2907 2
1217 9194 6
2907 5838 9
5838 5618 6
1217 1882 14
1882 4589 11
4589 2375 6
2375 1352 8
1352 4577 2
1352 1722 12
2907 6982 15
5838 1357 16
1357 7497 14
9194 3637 18
14 35 19
35 2771 8
35 7991 11
1722 3809 19
3809 3315 13
2339 4047 20
4047 6966 5
6966 5248 13
5248 6659 11
6966 293 16
4641 8067 20
1882 9187 20
233 7302 21
4641 5031 22
5031 7502 22
233 3802 23
1722 1088 24
1088 479 11
1088 1479 11
1479 942 1
942 3701 3
3701 3748 3
1479 1858 17
1088 9511 20
2375 2081 24
2081 7753 17
7424 2225 25
2225 6704 9
2225 3856 12
3809 3911 25
9187 4782 25
7502 4907 25
4907 4755 16
4755 6088 7
4907 8996 20
8996 3281 20
6088 9342 22
9342 1421 18
7502 1952 26
4755 5250 26
9194 5304 26
5304 826 1
5304 561 18
561 918 8
561 6656 22
6656 5108 21
5108 5034 21
5034 8897 3
918 9650 22
561 2881 23
6656 9611 26
9611 1857 2
9611 5677 6
5677 4358 7
9611 6130 9
4358 6961 17
9611 5070 25
14 141 27
141 3443 16
3443 5032 15
141 6594 21
6594 473 2
6594 6530 7
473 7281 8
7281 4096 3
6530 4918 13
4918 3584 14
473 9975 15
141 190 27
190 3908 22
3908 3914 1
3908 9984 8
190 9081 23
190 9238 24
9238 4704 22
4704 6670 2
4704 5541 8
5541 2419 23
2419 8500 13
2419 7955 25
190 2310 26
9984 791 27
791 532 21
532 7866 1
7866 636 5
636 5330 1
636 1102 25
1102 2396 11
2396 728 12
728 637 4
728 206 6
637 7022 6
728 810 7
206 4192 25
728 7193 26
532 434 27
434 9060 5
5330 2623 27
2623 6137 1
2623 1897 3
2623 6692 22
6692 7373 3
2623 2594 24
5330 2778 27
6137 3625 27
434 2405 28
2405 6193 4
6193 3192 20
3192 2567 13
2567 5375 25
5375 9452 7
5375 9671 14
9671 7162 1
9671 9923 8
7162 6037 10
6037 2537 1
6037 3147 16
3147 4429 8
2537 3317 22
3317 4118 5
9923 4905 25
3317 7185 25
7185 2407 15
9671 9841 26
2594 2628 28
2454 2716 29
3584 3738 29
3738 2039 4
2039 2609 27
2405 3796 29
9081 4803 29
4192 6456 29
8021 7164 29
7164 7944 5
7944 6114 1
7164 6412 18
6412 5620 25
5620 2216 8
7164 7713 26
7713 5998 23
5998 2613 19
2613 4562 22
4562 1360 14
5032 7178 29
7178 630 21
630 1177 17
3068 7244 29
7244 2370 8
1174 7661 29
7661 8480 2
179 7688 29
59 7919 29
2589 7941 29
5350 8009 29
7502 8488 29
5690 8722 29
427 8772 29
224 9095 29
9095 7846 5
7846 7562 10
7562 3079 5
3079 3855 7
3079 6858 16
6858 7994 12
7994 31 12
31 569 14
31 1404 15
6858 2960 18
2960 2314 9
2314 3309 11
569 4387 19
4387 9236 8
9236 5017 6
4387 6631 18
6631 6196 13
6631 9828 16
6196 6939 20
31 128 28
128 3710 15
3710 7368 13
7368 7482 19
7482 3807 20
6858 1692 28
1692 1364 17
1364 2266 3
6939 9429 28
9429 638 22
638 2268 23
2268 3202 5
2268 3451 10
2268 6163 18
6163 8555 15
3451 7666 25
2314 1251 29
6163 3367 29
3367 2952 27
2952 8471 14
8421 9226 29
4497 9521 29
7595 9613 29
9613 9755 26
136 64 30
64 47 10
64 1644 12
1644 802 19
47 760 21
760 2034 17
64 4386 25
2034 5715 26
5715 8584 6
2034 2552 29
2552 7961 16
562 156 30
59 352 30
3950 447 30
447 6380 28
6380 4667 18
2632 610 30
610 8444 19
8444 3034 23
229 686 30
686 1100 13
6430 724 30
724 917 4
724 102 19
102 101 11
102 3686 11
5315 819 30
819 5596 11
819 9506 18
9506 1390 9
5596 2996 21
819 247 27
247 5441 7
247 3442 20
3442 7930 18
5441 8805 26
8736 859 30
859 930 14
859 8212 14
8212 4936 20
930 6916 28
6916 1170 10
1170 237 8
237 2469 3
2469 4440 1
237 3630 9
3630 7643 11
237 6567 18
6567 2638 21
237 669 23
669 3369 4
669 7342 6
669 8765 16
8765 5911 15
3369 92 17
92 3439 2
7643 9115 26
3369 2770 29
2770 4977 14
2770 4802 23
4802 6418 12
6916 5760 29
5760 7136 18
7136 8506 8
7136 5253 28
5253 7793 18
194 956 30
956 3231 6
956 5694 25
5694 5033 21
873 1037 30
1037 5417 19
7800 1114 30
3397 1185 30
1185 2834 1
1185 6626 5
6626 774 6
2834 3638 8
774 8202 8
1185 6559 27
5253 1481 30
1481 6562 6
1481 1934 9
6634 1623 30
1623 215 6
215 385 6
1623 2308 9
215 413 10
413 3379 9
2308 9694 12
385 1169 19
1169 284 16
284 3206 13
3206 1205 6
1205 7838 2
3206 4717 16
4717 5946 1
1205 5797 24
284 2897 25
4717 6148 28
6148 4853 28
215 1359 30
607 1636 30
1636 1978 1
1636 6312 1
1636 5527 15
5527 6502 20
7426 1697 30
2871 1829 30
1829 1231 11
1829 7263 17
1829 7118 21
743 1885 30
604 2128 30
6690 2156 30
2156 4908 25
646 2253 30
2253 2916 28
2916 3907 3
3907 6319 22
6319 5778 11
5778 2185 23
2185 3242 19
6319 9117 23
9117 1266 17
1266 6036 26
3907 4264 29
4264 3194 19
3194 3332 17
3332 8479 1
3332 2006 9
2006 8152 7
1364 2261 30
3844 2448 30
1016 2465 30
2465 2809 13
2809 703 8
2809 4059 9
2910 2664 30
2664 5653 5
2664 3904 29
4242 2842 30
2842 20 25
6686 3256 30
3256 6478 12
3256 1725 21
1725 1109 6
1725 6999 8
1109 6234 24
6234 3852 25
1725 2343 27
2295 3627 30
3627 550 7
550 213 14
1141 3684 30
4782 3849 30
6298 3912 30
3912 7295 13
2559 3932 30
2364 3978 30
7934 4171 30
4171 7133 17
2343 4189 30
126 4611 30
6412 4805 30
3215 5058 30
5058 5646 1
5058 7803 2
5058 1161 6
1161 1060 14
1060 3003 2
5058 3578 26
3578 7243 25
7243 8946 27
6672 5163 30
2529 5205 30
5205 8391 19
8391 4093 29
4093 7766 24
7766 7141 15
7766 5385 21
5385 4220 4
4220 668 10
4220 5919 18
5919 2390 15
2390 3253 18
3399 5426 30
5426 4608 29
4608 9815 18
9815 7403 22
5055 5932 30
5932 3334 28
9389 6125 30
6125 2025 27
2025 1221 15
803 6165 30
1872 6190 30
6190 9665 13
9665 6001 17
2982 6289 30
6289 5502 23
6289 8251 25
6562 6417 30
6417 2895 11
2895 6200 4
5653 6910 30
582 7187 30
2776 7575 30
1709 7600 30
7600 134 21
134 401 3
134 112 14
112 60 9
112 3696 21
134 4506 21
3696 9901 21
60 566 23
566 697 5
112 1138 30
1138 6820 28
6820 4268 5
5087 7712 30
7712 3382 2
3382 757 21
757 7454 3
7454 4072 8
757 7232 14
7232 3694 20
3694 5616 17
5616 1932 11
1932 4433 3
4433 9969 6
9969 6423 10
5616 4682 21
6423 6019 22
6019 8602 2
8602 5508 3
6019 8284 11
6019 1899 18
1899 189 9
189 317 24
317 6693 23
6693 8641 14
8641 5155 2
5155 3565 10
7454 1083 24
1083 1892 9
1892 1610 6
1610 146 19
146 5095 2
146 1944 7
1944 5569 9
5569 6959 14
5569 4175 15
1944 8783 15
5569 7069 21
317 3922 25
3922 3590 23
1932 6496 25
6496 5419 8
317 1634 26
757 1982 28
1982 7743 9
7743 1469 7
1982 8442 14
8442 358 8
358 117 14
117 1889 15
1889 8626 14
1469 2759 16
2759 1089 2
2759 1710 5
1089 978 6
1710 2286 9
1089 2393 11
2286 1418 12
8626 7160 19
1418 1211 20
117 2002 20
7160 1814 22
1814 1451 3
1451 4845 1
1451 469 19
1211 8450 22
8450 5922 6
117 184 26
117 30 27
30 157 2
30 2014 2
2014 2118 7
30 34 11
157 336 16
34 1314 18
30 1508 26
1508 946 7
946 472 15
472 4324 12
4324 8638 15
8638 9940 9
946 4970 16
1508 1667 24
1667 678 1
678 9619 7
1667 1946 22
1946 2000 3
2000 3300 21
1667 2679 23
2000 4139 25
678 4364 25
4364 1372 5
1372 1256 8
1372 1929 16
1372 3604 16
3604 2756 9
1929 9821 18
3604 4408 21
4408 6158 1
6158 8821 10
1256 287 26
287 334 4
287 18 12
287 2248 12
334 9924 12
2248 3762 21
3762 761 18
761 8109 2
761 5580 11
5580 3725 5
3725 3929 11
761 931 16
8109 3536 18
287 577 22
931 2319 23
2319 7895 16
2319 6016 19
6016 4708 4
7895 5263 24
5263 3005 25
4708 6583 25
3929 7388 26
1508 9556 26
4408 1268 27
1418 4083 27
4083 4278 15
4278 8292 8
8292 3259 4
3259 4384 8
4278 1323 23
1323 1402 1
1323 3673 8
3673 9128 7
1323 4703 12
3673 5019 13
1323 3985 17
3985 2090 6
2090 2748 15
2748 3755 6
4083 7211 26
2748 9785 26
3929 5938 27
5938 5670 9
5938 3184 12
3184 8800 5
5938 9588 15
5670 560 22
560 1197 9
7388 9962 27
1197 2642 28
7069 5327 28
5327 4595 7
5327 8778 15
8778 2120 11
2120 2350 4
2120 6159 8
6159 4036 1
4036 506 8
506 4623 13
4623 338 5
4623 3506 7
4623 4262 7
3506 6749 12
3506 1335 16
1335 5794 14
4623 9142 17
1335 3997 18
2350 7923 20
2350 3674 21
1335 50 23
50 2794 8
2794 7989 3
7989 1483 4
7989 8051 4
2794 1767 23
1767 800 20
800 8735 9
1767 4111 21
8735 8973 24
50 9744 24
3506 5367 25
6159 6754 26
6754 3951 21
3951 7889 3
3951 7781 5
3951 4546 10
3951 3819 15
3819 4575 6
3819 6526 21
6526 8231 2
8231 7894 16
7894 9530 3
7894 80 20
80 623 6
80 79 13
80 431 14
80 8950 20
4546 7397 21
7889 4062 23
3997 109 27
109 6824 12
109 3654 14
3654 9442 2
3654 3114 13
3114 8283 8
9442 3666 17
109 7602 20
8051 8129 27
8129 5614 9
5614 7172 14
5614 3553 20
3553 4949 28
4949 4237 25
4237 2224 26
978 5465 28
678 8733 28
9556 9654 28
9654 8863 25
6693 3203 29
3203 6817 10
6817 1804 29
1804 6356 10
6356 2652 23
2652 1168 11
1168 6947 13
1168 4443 14
5263 3465 29
3465 8436 24
8436 5422 2
117 6201 29
6201 9180 14
8783 8365 29
8365 9714 2
9714 8874 7
8874 2187 12
8874 9004 27
9004 7921 21
146 49 30
49 7611 4
49 263 8
49 54 30
54 3824 3
54 312 11
54 529 17
529 6822 1
54 388 26
334 1202 30
7923 1963 30
1963 7466 8
1963 5288 13
5288 4633 4
4633 7029 5
5288 7720 9
4633 4702 12
4702 4003 2
4702 7273 10
4702 2715 15
2715 3647 12
4702 4880 20
4880 6546 3
6546 1886 18
1963 4821 21
2350 3330 30
3330 4216 2
3330 9116 29
9116 4316 4
9116 9778 19
9778 4483 4
4483 6017 19
6017 2063 2
2063 9314 11
9314 1471 7
9116 3432 21
6017 5149 28
5149 2547 17
761 5762 30
838 7827 30
7827 6779 26
6184 7869 30
7753 7925 30
7925 6790 25
6790 695 23
6790 628 26
628 5118 8
9365 8004 30
2427 8254 30
2965 8275 30
8275 1922 13
1922 5529 15
5529 1295 11
1451 8472 30
8472 6841 27
6841 6167 18
6223 8532 30
3950 8654 30
5676 8814 30
3637 8865 30
5080 9098 30
9098 1450 21
1450 884 21
884 1134 5
884 6374 14
884 1030 16
1134 676 21
1450 9510 22
9510 6668 2
9510 7777 16
7777 3608 21
6668 5260 25
5260 199 27
199 2169 22
6428 9140 30
8470 48 31
48 2435 14
48 4732 19
4732 1754 7
1754 5714 11
48 382 27
382 5212 5
382 662 12
662 7787 21
7787 8193 12
8193 1862 10
1862 1338 4
1338 4597 1
8193 3853 10
3853 2639 9
2639 5052 3
8193 6265 23
6265 5364 9
6265 5241 14
5241 2843 7
2843 5579 2
5579 3221 12
5241 4696 17
48 9199 27
1754 1046 28
1046 3616 12
1046 5437 21
5290 154 31
154 72 12
4717 327 31
327 1883 3
1883 8826 20
1883 8104 29
8104 670 21
670 783 8
783 8017 6
670 984 18
670 8607 19
8607 5562 2
670 1735 21
327 138 30
138 871 2
138 3227 3
871 2586 21
2586 127 18
127 3008 1
127 846 13
127 6671 19
127 1023 22
1023 721 17
721 3719 7
3719 3116 5
721 6935 11
6935 5990 6
721 1690 12
1690 747 6
747 736 1
736 706 6
747 8847 9
3116 3594 13
3594 5830 13
5830 4260 9
3116 6834 15
6834 9457 1
9457 4734 7
9457 3823 10
6834 8042 14
3719 6958 17
736 294 19
294 4112 11
294 1906 15
1906 3543 3
1906 5759 6
5759 8541 1
747 945 19
945 3405 20
3405 304 4
304 2808 14
6958 2301 22
945 4227 22
4227 4503 4
4227 8846 5
4503 7005 6
4227 7486 9
8846 9718 12
9718 9215 10
8846 3901 13
9718 6206 14
6206 8682 1
7486 2802 15
4227 4394 17
2802 5379 19
5379 768 19
3543 5277 23
138 55 24
55 11 4
11 3 3
55 1148 5
55 1554 10
1148 2812 15
11 5780 19
1148 3681 20
945 4722 24
4227 8936 26
2808 1234 28
2802 4412 28
4412 8312 12
304 1305 29
1305 1691 13
4722 4239 29
5277 6560 29
6560 8569 15
8569 4903 2
4903 2085 17
6671 9338 29
9338 8286 24
8286 9337 2
8286 1280 18
1280 9964 26
2808 555 30
3116 1193 30
1193 1457 3
1457 3737 3
3737 9328 24
79 360 31
871 362 31
362 1079 13
362 2766 14
4091 415 31
1749 535 31
535 957 21
535 7016 23
7016 3197 9
3197 7349 22
7349 6197 2
6197 5573 11
1775 693 31
693 3571 4
3571 7333 13
7333 6942 4
693 1448 17
1448 5704 21
7333 3119 28
1816 1021 31
1021 1353 26
1353 6887 20
6887 983 15
983 7151 14
2313 1739 31
1739 986 12
986 8478 12
986 701 19
187 1744 31
1744 3392 10
3392 7634 14
4505 1820 31
1820 3949 6
3949 7928 8
9539 2043 31
2043 6725 7
6725 2192 9
961 2047 31
2047 9014 8
2047 6300 23
2632 2123 31
2123 393 18
393 2164 15
393 2726 17
7103 2180 31
3932 2213 31
2213 3096 18
3096 3786 5
3786 3658 24
3658 1040 5
1040 1643 13
1643 4240 2
1040 4616 13
1040 8201 23
1643 1135 24
1135 4554 5
4554 8940 1
1135 6633 8
6633 9088 20
2213 878 26
4554 2764 26
5294 2307 31
2307 1121 5
2307 512 9
512 962 16
512 3218 17
3218 3863 13
3863 1993 21
962 435 23
435 1601 14
435 4257 17
4257 3862 7
3862 3179 5
1993 1122 23
1122 9360 5
1122 8448 11
8448 8876 18
8876 3570 20
3570 9797 7
3570 2182 9
2182 7689 12
3570 4971 19
4971 723 5
723 3201 8
1122 3438 21
2182 4999 23
3862 6321 27
3218 9463 28
9463 5855 4
5855 5956 18
5956 2183 22
962 5452 29
5452 6350 25
8448 9662 29
384 2321 31
2321 2783 27
2783 4877 10
4877 712 9
2321 7822 28
7822 3555 10
3555 6928 3
6928 7121 3
7822 2236 17
6928 8233 25
8233 943 5
943 7559 5
943 2245 6
943 3884 11
2245 2884 13
2884 8613 4
943 7010 15
2245 9242 16
9242 326 9
7559 7499 17
7499 8599 11
6928 244 30
244 5257 19
5257 8649 28
8649 7601 28
7601 5148 7
5148 7880 2
5148 1248 4
1248 1263 20
1263 2745 10
2745 153 16
1248 618 24
1263 5717 24
5717 6756 4
5717 2868 16
8599 1512 30
1512 3712 2
1248 3381 30
7523 2707 31
4288 2746 31
2746 4525 8
4525 6624 4
4525 4771 23
4525 276 25
4525 7370 25
7370 758 23
758 1876 1
1876 1562 2
1876 5801 7
1876 2524 16
1876 1868 19
1868 7885 4
1562 7509 21
758 920 22
276 8054 26
8054 2536 26
2536 5328 3
5328 7592 1
2536 4743 17
2536 2822 25
7509 1587 27
1587 4033 14
1587 1915 16
1915 5583 19
1868 5159 27
5159 5362 13
276 1139 31
1139 1960 28
1960 2284 8
2284 1711 7
6098 2824 31
2824 9185 24
9185 790 8
9185 1682 28
1682 4869 9
4869 2518 6
1682 6176 9
2518 9035 15
1682 843 18
843 6883 17
2189 2948 31
2375 3270 31
4743 3541 31
6390 3777 31
3777 8843 12
3777 3412 26
3412 8665 12
8665 9830 16
3412 2697 22
2697 4120 13
9830 2779 31
2779 2858 11
2858 513 17
2779 6976 19
6976 4584 5
513 827 29
196 3846 31
3442 3955 31
3955 557 30
2226 4234 31
8615 4249 31
708 4273 31
596 4391 31
1701 4614 31
3305 5256 31
5256 5036 28
2742 5303 31
4972 5566 31
321 5903 31
7425 6055 31
2053 6097 31
231 6156 31
6156 8387 2
8387 5370 23
5370 6936 16
3128 6180 31
6559 6580 31
6580 7336 5
7336 9096 3
6580 4711 7
4921 6902 31
6902 4289 31
4289 1546 8
1546 9877 15
1546 3521 19
3521 5102 14
5102 9021 2
9021 1541 31
1541 3898 3
1541 1188 25
1541 1865 31
1865 6734 16
6734 6944 29
6944 9746 10
9746 2145 5
9746 5107 18
9746 449 28
449 212 21
1520 7174 31
8601 7234 31
5483 7572 31
7572 8147 29
8147 1841 30
1841 2662 14
2662 8531 4
8531 4155 1
8531 3067 9
3067 3667 1
8531 367 28
6530 7613 31
6520 7767 31
8254 7839 31
7839 5361 1
5361 9074 22
7839 8378 30
8378 3357 26
9890 8097 31
8097 1164 4
1164 3909 7
3909 8630 17
8630 5661 16
5661 5030 6
5030 7322 11
5030 3013 14
3013 1078 24
1078 507 23
7322 9663 27
9663 191 21
191 6542 26
4420 8138 31
5084 8298 31
1782 8530 31
3831 8605 31
5437 8636 31
136 8886 31
2772 8887 31
1363 8905 31
8905 6941 7
6941 6524 13
6524 2254 18
2254 7972 2
7972 306 2
7972 7364 4
306 5237 17
6941 2229 24
2229 8875 15
306 766 25
8875 6716 26
6716 2463 17
2463 9553 20
9553 1979 10
1979 9 4
9 4 3
4 19 8
9 3065 17
4 1864 18
1864 8533 6
8533 444 21
444 4860 3
444 8534 10
444 726 12
726 7947 14
726 2583 19
2583 5910 8
1864 2065 25
2065 2412 20
2412 1361 13
5910 7310 25
9 2640 26
2640 3472 18
2065 7626 28
7947 8368 28
9 8998 28
9 1156 29
1156 6804 22
1156 6953 23
444 6755 29
9930 9186 31
7895 9467 31
2769 9686 31
9686 4858 11
9686 9036 20
9686 8516 24
8516 6499 6
9686 6532 30
6532 8123 6
6532 482 15
8123 496 18
6532 4417 26
4417 3734 17
3734 209 2
209 2234 4
209 1516 27
1516 5909 12
5909 3749 23
8123 7198 27
7198 4460 9
4460 2959 13
2959 292 3
209 174 28
3445 9782 31
135 9827 31
2364 9995 31
9995 9216 2
9995 3770 23
3770 3458 5
3770 7683 23
9216 1884 31
1884 5957 17
1884 2008 18
1884 9052 24
1884 5981 27
5981 9019 4
9019 8810 5
624 17 32
17 3377 3
17 7527 3
17 6527 5
17 592 17
17 27 22
27 32 10
32 3934 10
32 3829 11
27 78 15
78 105 10
105 9040 1
105 2614 8
32 2955 15
32 4219 19
27 2650 20
32 7539 22
7539 966 22
105 7872 22
592 7628 23
32 7776 23
17 1589 24
1589 4018 5
1589 1618 21
1618 4447 3
7628 9801 24
9801 7268 10
27 63 27
1618 1893 27
7527 7899 31
7899 4172 14
4172 7730 11
4172 8925 25
7730 5474 26
213 143 32
2697 200 32
200 1171 27
765 635 32
635 454 24
635 4182 29
1357 770 32
770 1051 2
770 729 12
729 2747 9
729 3170 17
1051 2340 19
729 7387 26
7639 969 32
969 316 6
969 2943 13
969 1630 19
1630 1830 1
1830 7351 17
316 9965 24
9965 4468 12
9965 1456 25
4468 2845 25
2845 9470 22
1456 597 28
597 901 8
901 2739 6
901 4140 10
4140 7254 15
7254 8832 11
901 4961 23
4140 297 26
297 1968 12
297 1856 17
1856 8694 21
1856 3408 27
3408 868 21
868 1196 26
1196 1810 6
1810 5137 4
1196 404 27
868 2106 27
2106 614 14
297 2487 30
2487 8144 9
4961 5176 31
5176 9299 14
9299 1887 8
1887 5835 1
9299 3310 10
1887 8296 16
9299 6181 17
6181 699 23
699 679 11
679 8347 9
699 6566 13
6566 8609 9
6566 9055 9
679 3742 22
3742 5725 20
1887 6653 29
5369 981 32
981 5684 12
981 1521 23
981 1633 24
3884 996 32
996 5662 4
996 5634 9
5634 5695 17
5695 9362 13
9362 3311 15
5695 3864 18
3864 7998 13
996 3107 19
996 7529 21
3107 8175 24
8175 8354 20
8354 839 1
839 2647 7
2647 5517 19
3311 2269 28
2269 1441 16
1441 7346 5
7346 9144 2
1441 6778 10
6778 7932 16
3107 1683 29
9362 4975 30
4975 4947 11
4947 9474 2
9474 3679 11
4975 3612 23
3612 7977 9
3612 3196 29
3196 1001 7
1001 2207 9
3196 3021 24
5634 7809 30
8354 3859 31
3859 1954 10
32 1026 32
1026 7741 27
9893 1415 32
1415 150 9
150 2391 5
150 1336 7
1415 7701 9
150 1942 20
1622 1571 32
1571 6736 6
6736 7247 11
1571 9070 12
6736 515 23
515 4620 11
9755 1733 32
1733 6215 15
6215 9257 11
1733 8153 18
6215 6353 23
6353 319 15
319 3224 13
6353 7853 16
9630 1760 32
1760 3294 25
7743 1801 32
1801 3111 12
3111 8252 26
4886 1980 32
1980 6466 9
4567 2277 32
326 2287 32
2454 2470 32
2470 5617 19
5617 9029 5
9029 1049 15
1049 2289 12
5617 8412 16
8412 7936 3
7936 9335 4
9335 4482 2
4482 3741 10
4482 970 20
970 1090 16
1090 4558 19
4558 7132 17
4558 7367 23
1049 5595 25
5617 7890 30
7890 8091 4
2445 2542 32
854 2605 32
2605 5404 31
8296 2699 32
2699 615 10
615 2938 11
2938 5425 15
5425 372 17
9940 2831 32
2831 2826 31
2826 480 4
480 6838 27
18 3025 32
3025 1020 21
3025 2335 26
2335 1822 8
1822 8723 16
8723 1651 22
1822 3237 23
1651 9986 30
6018 3081 32
3081 8455 9
3081 6431 23
6431 5687 18
5687 7433 25
7433 9502 20
7433 797 21
797 7060 11
9502 2438 29
2438 4665 13
2438 794 25
2438 5915 26
794 172 27
172 232 8
232 9722 14
172 1573 18
1573 1534 21
1534 5470 21
5470 6395 12
6395 2864 16
6395 1543 24
1543 5106 5
5106 240 7
240 4671 6
5106 9124 14
240 165 19
165 1189 16
1189 6719 3
5106 2561 22
2561 1950 22
1950 9593 14
232 3361 24
3361 2170 16
2170 7396 15
7396 7914 11
7396 921 22
2170 9602 23
1534 1270 25
1270 853 6
853 8726 23
8726 9372 16
9372 6607 1
6607 2665 25
2665 4543 24
4543 8684 4
4543 488 20
5470 4218 25
9722 1684 27
1684 3589 2
1684 3082 28
3082 6205 8
6205 9254 14
3082 4628 20
232 5222 28
5222 9737 27
9737 7470 10
1573 9847 28
240 725 29
725 4841 24
4841 7249 18
165 4924 30
4924 3509 11
4924 6259 27
3509 857 29
4671 9468 30
7470 2994 31
2994 3037 16
2994 7490 29
7490 6245 8
6245 8969 9
2509 3248 32
3248 6160 6
5755 3262 32
978 3403 32
3825 3569 32
1735 3640 32
1944 3780 32
3780 8247 26
8247 9408 9
9408 3209 1
2807 3851 32
943 3869 32
6939 3906 32
554 4332 32
9553 4424 32
2547 4532 32
4532 7090 4
7090 9575 20
7090 7046 29
7046 3416 22
3416 3827 18
3416 4847 20
3416 5484 21
5484 8853 6
5484 4701 7
4701 5180 11
3827 7301 21
7301 6014 15
4701 8407 21
7046 7844 23
8853 7152 24
5484 7877 27
4701 1974 29
1974 3093 8
1974 8062 21
8062 1639 4
3416 9093 30
9093 5902 11
1639 7073 31
7073 8388 6
7073 5574 24
5574 9430 28
2764 4640 32
4640 8060 28
8060 5756 6
8060 1455 12
1455 5790 13
8060 7896 19
5938 4646 32
4646 5464 19
5464 683 23
683 834 24
834 939 17
834 7786 17
7786 8937 2
939 5724 24
3742 4768 32
2536 4920 32
4920 6438 8
6438 6340 18
6340 2239 1
6340 1449 5
2239 1561 17
1561 7721 14
2239 5852 17
7721 8215 22
7721 1350 23
1350 2089 3
1350 1303 32
1303 1065 15
1065 6178 25
6178 9807 17
6178 7124 27
9744 4967 32
4967 5042 1
5385 5037 32
1021 5307 32
5859 5345 32
935 5374 32
5374 4983 7
4983 9498 10
4983 6494 14
6494 39 5
39 2972 4
2972 3717 3
3717 2323 25
2323 1959 9
1959 8953 3
2323 2672 20
2672 2684 17
2684 8504 16
2684 3969 22
8504 4576 23
4576 1017 4
1017 1232 4
3969 9320 23
9320 2983 7
2983 3407 1
1232 8013 24
8013 4984 4
4984 4828 9
4828 1602 8
1602 2086 8
2086 7233 6
4984 9440 9
4984 7561 17
7561 8151 13
39 1624 27
1624 7402 23
7402 361 1
361 5342 10
5342 3419 6
3419 2728 5
3419 2717 6
2717 2523 3
2523 1272 10
2728 7754 18
2717 3129 19
2728 8075 19
361 407 20
407 4466 14
361 696 22
8075 1327 22
1327 2624 2
1327 2329 3
1327 4209 22
4209 1347 3
1347 8556 2
4209 4292 3
4209 6244 5
1347 4373 13
4373 5776 1
8556 7909 14
7909 8858 6
8858 8409 17
1347 958 19
958 7028 4
958 1011 18
1011 1629 5
1629 585 14
1629 7033 17
7033 1671 18
1671 1485 6
1485 1356 16
1327 392 24
1629 3134 26
958 1348 27
1356 1719 27
1719 5914 19
3134 8588 27
3134 9188 27
9188 8128 13
8128 5719 19
1272 1136 28
1136 5567 16
5567 7882 1
7882 4850 3
7882 5280 18
7882 340 27
5374 3252 29
3252 2017 3
2017 2177 11
2017 1997 25
958 5840 29
9440 3000 31
3000 3035 12
3000 2986 23
1272 1284 32
3969 4806 32
8247 5731 32
5731 4238 26
4238 3146 21
3146 503 31
503 1300 9
503 183 16
503 887 19
2169 5765 32
5765 7815 7
5765 7531 22
7531 971 6
971 1210 26
1210 5746 15
1210 9284 16
7531 4552 27
1115 5779 32
5779 2297 9
2297 3243 29
3243 5045 8
3243 4396 17
4396 9879 2
9879 6290 9
5045 3722 18
5779 2015 30
1573 5900 32
5900 1675 24
5900 7565 26
791 5947 32
3462 6117 32
3093 6577 32
6577 2946 19
2946 1895 17
2114 6892 32
665 6923 32
6923 605 2
605 1291 5
1291 3049 6
1291 5739 26
5739 2985 4
1291 3150 28
605 704 31
704 951 31
951 7810 28
6923 6696 32
6696 6365 20
2419 7030 32
2448 7261 32
5083 7307 32
9975 8107 32
8826 8431 32
3482 8571 32
177 8646 32
5859 8659 32
8659 9143 14
9143 1398 12
1398 8058 15
8058 3892 6
8058 1572 31
3436 8757 32
8757 5505 31
9338 8809 32
8809 6792 30
6792 5383 14
6792 1747 18
5383 698 19
698 891 10
698 2232 16
5383 4523 19
4523 2146 15
2146 2596 11
2146 9085 18
1747 2599 27
4523 9363 27
9363 9684 10
9085 6323 30
6323 7663 22
7663 1530 2
6323 6956 26
6956 9203 4
9203 5931 21
5931 6308 10
5931 7294 20
5931 5777 21
5777 8209 15
9203 7946 21
5777 832 25
6956 5078 26
6323 9193 27
9193 5908 13
9203 8265 30
2146 6647 32
4860 8949 32
9081 9084 32
134 9111 32
5288 9550 32
3440 9574 32
9574 4927 28
13 21 33
21 380 23
380 451 18
21 6458 32
942 198 33
198 941 17
198 12 23
941 7071 29
7071 9808 5
9808 9777 9
9777 7487 8
582 278 33
278 478 13
278 9576 26
9576 7924 8
7924 3804 8
278 1180 28
278 608 29
1114 337 33
337 8400 1
218 379 33
5040 405 33
674 465 33
296 570 33
570 2135 26
2135 7483 14
7483 2585 21
2135 5432 28
2864 584 33
584 8111 30
5294 589 33
4641 656 33
1006 661 33
661 5999 24
2585 673 33
673 752 22
4326 949 33
949 877 24
287 982 33
982 2865 18
32 1070 33
3079 1072 33
1072 3854 8
1072 4750 14
3854 4352 16
4352 5796 29
9552 1085 33
1085 2241 3
2241 8525 8
1085 1784 12
1784 4838 12
8525 934 17
934 1371 21
4838 5051 22
1085 3077 31
529 1154 33
1154 5190 12
1154 4339 13
4339 6008 30
6008 4692 13
6008 7039 27
7039 8425 12
7039 2564 29
4899 1182 33
1182 3433 20
3433 1616 2
1616 5466 1
5466 991 3
9984 1195 33
8417 1311 33
1311 6372 6
6372 9385 3
9385 8550 2
1311 6401 6
9385 8089 18
1311 1091 29
3432 1491 33
1491 855 22
855 6407 11
855 4830 21
4830 6264 12
6264 7018 16
7018 4065 5
4065 3484 7
3484 967 1
7018 3593 7
3593 1729 8
967 5521 10
3484 588 18
588 5839 6
3593 9871 18
9871 3477 19
3477 7535 10
3593 7366 21
7018 2337 22
2337 6907 16
6907 2222 15
2337 8951 22
3477 8124 24
7018 8653 24
4830 2987 25
4830 4969 27
4830 6552 27
6552 8226 9
6552 7365 10
6552 7963 20
7018 7325 27
4065 1304 33
0 1553 33
1553 5318 22
5318 5343 8
1249 1966 33
4971 2022 33
2022 5122 3
2022 7975 10
2022 4642 20
4642 5679 23
5679 9210 16
970 2036 33
2036 3391 6
2036 6812 7
6812 6067 8
6067 8154 17
8154 1851 18
1851 1509 10
1509 5355 1
1509 238 2
5355 6134 4
238 6741 7
238 2735 19
2735 3626 19
1509 8763 20
3626 281 23
5355 5692 24
5692 5378 18
5378 121 6
5378 7849 7
121 7 21
7 2020 1
7 6391 7
6391 5154 13
7 1003 18
1509 9206 28
5378 1581 29
1581 7434 2
6391 9832 29
9832 9936 15
9936 741 12
741 6266 1
6266 9833 1
741 8889 8
741 491 15
491 8848 18
741 8780 19
9832 5195 25
5195 8370 22
8370 3358 12
5195 1794 27
1794 9824 3
1794 2252 6
2252 5534 2
9824 5792 13
3358 8581 28
5378 6818 30
6818 5822 4
9206 6024 31
741 9321 31
1581 2074 32
2074 1901 10
2074 1800 16
1800 5064 16
1794 5935 32
5935 9170 21
3587 2237 33
7617 2767 33
2767 4537 16
4537 7260 32
7260 5011 19
5011 7900 9
5011 4403 12
5227 2820 33
2820 8072 6
8072 825 21
825 6198 16
2820 1200 24
2820 3610 27
3610 2644 12
2644 641 32
641 7801 9
7801 3470 10
641 751 19
8072 9920 32
9920 8250 23
8250 1053 11
1053 9297 10
1053 3385 13
1053 313 15
3385 6989 24
6989 2127 18
3385 8295 25
8295 5165 2
1053 2347 26
2347 9288 14
2347 6116 15
9288 5388 20
5388 6951 9
5388 574 17
574 7321 23
1053 1076 28
1076 2488 1
1076 2686 23
2686 3125 8
1076 475 28
475 4892 13
475 8818 19
574 5057 28
5057 6576 10
5165 5991 32
113 2908 33
2908 8192 32
5374 3267 33
154 3428 33
3428 3306 7
3306 4826 13
4826 9937 23
1804 3471 33
3471 3615 31
3615 347 18
347 4643 30
3823 3923 33
4175 3958 33
8159 4029 33
3807 4068 33
6421 4073 33
3026 4107 33
1384 4541 33
4541 8290 16
8290 8660 6
4303 4655 33
4655 9090 31
9090 9555 1
9090 3045 9
7146 4693 33
2098 4810 33
4810 5735 2
5735 9759 11
5735 2105 13
4810 4195 13
2105 8293 14
4195 8670 24
8670 9049 1
8670 2805 31
4810 5125 32
2022 4846 33
4846 1591 18
1591 5980 2
2609 4943 33
9321 5060 33
5060 8447 7
5060 7099 31
4212 5072 33
5072 9813 25
482 5157 33
5157 9809 28
9809 9341 11
5089 5178 33
5178 7965 7
5439 5213 33
5213 8244 32
4693 5408 33
8678 5424 33
1521 5516 33
7559 5540 33
5540 9518 5
3071 5686 33
5686 3784 4
3784 6974 16
6974 6774 26
8859 5866 33
5866 2876 29
2876 5377 21
5421 5867 33
1672 5977 33
8571 6261 33
6261 7968 6
6261 3214 9
3214 2504 22
4429 6473 33
3249 6512 33
396 6676 33
9264 6787 33
4445 6962 33
1575 6983 33
6542 7040 33
7040 6006 3
6006 9673 18
9673 7954 24
7954 2889 12
2889 6449 14
7954 3410 17
9673 8443 26
9673 9326 27
6006 9479 27
9479 4137 14
9326 8931 28
3410 861 33
2122 7083 33
7083 5109 6
7083 7765 32
7212 7086 33
7086 9433 20
7086 8934 22
4118 7503 33
2782 7710 33
7710 7931 27
7931 4842 23
4842 9707 29
4640 7881 33
3111 7943 33
7943 8761 23
8761 7041 2
4932 7957 33
7844 8010 33
8010 5775 26
8010 9787 26
8763 8044 33
8044 5740 33
5740 5605 27
5555 8150 33
936 8190 33
8190 9424 23
9424 2681 2
2681 3108 27
3108 7107 9
7107 7195 5
2681 3280 29
237 8241 33
8241 9522 16
9522 2395 3
2395 439 15
8241 6454 17
9299 8464 33
3332 8483 33
8111 8674 33
1188 8690 33
8690 1847 18
8690 2880 19
2226 8811 33
567 8836 33
8836 7657 2
7657 5698 9
5698 4879 23
4879 8842 21
7657 3389 33
3389 5430 9
3389 8116 27
2185 8900 33
2335 8908 33
8908 6894 20
6894 5514 2
8908 3990 21
6894 7358 23
8908 9432 26
9432 8802 25
8802 2837 10
2837 2403 3
8802 6748 21
8802 9269 24
9269 1012 5
1012 2342 8
9269 5546 15
1012 6639 26
5514 4095 29
4095 9859 10
4095 8424 29
8424 9253 19
9253 8420 11
3990 9899 29
9899 3388 11
2837 8600 31
8600 8840 20
8840 968 5
968 573 31
573 9484 17
9484 2279 16
2279 2447 20
573 672 23
672 8139 1
672 8057 16
8057 5121 15
573 1502 23
573 9659 23
5121 2570 29
2570 8282 25
8282 5542 15
8282 4067 31
9269 4328 32
2403 4025 33
4025 8165 22
3702 8977 33
8977 4960 20
9475 9114 33
9114 6107 19
6107 2944 11
2944 7784 8
6107 2857 13
6107 6528 13
6528 2501 12
2944 916 23
2944 8289 24
4816 9118 33
574 9197 33
9197 6366 2
6366 7209 1
6366 785 19
785 3986 26
3986 2049 21
2049 1274 27
1274 344 25
344 1315 23
3986 8320 27
2049 6447 31
6447 3639 27
8702 9259 33
9259 7179 20
7179 9910 6
9910 4873 20
4873 142 27
971 9369 33
986 9371 33
9371 6970 33
4853 9516 33
9516 1687 5
1687 6540 6
6540 6761 24
9516 5804 26
2697 9612 33
5149 9776 33
3785 119 34
119 4822 6
119 4456 32
6428 130 34
130 6964 14
6964 4559 22
4559 4794 10
4559 828 22
828 6904 8
535 207 34
207 5182 17
5182 1339 26
297 371 34
3003 426 34
426 2379 1
426 1557 14
2098 497 34
497 2161 22
920 534 34
534 330 27
492 655 34
655 2688 6
655 1226 20
1226 6979 5
6979 4371 16
4371 3766 7
6979 6823 28
6979 9810 30
1782 689 34
274 782 34
782 1173 31
1173 2016 14
2016 5716 7
782 3140 31
3140 9303 32
9303 7625 1
206 818 34
818 4694 6
818 349 32
129 844 34
844 7418 6
844 2956 32
2956 5306 21
3594 948 34
948 357 22
357 2257 6
948 2434 28
2434 6012 13
948 755 34
6097 1041 34
1041 3266 22
3080 1084 34
1084 4184 6
1084 5059 17
3687 1192 34
1192 4388 18
4388 9649 24
4388 5845 25
5845 7002 11
9649 4302 32
2805 1199 34
1199 5993 18
5993 1442 32
1442 3154 1
3154 3692 12
3154 2383 14
2383 6172 17
6172 4247 26
4905 1203 34
1203 9864 15
9864 8461 8
1244 1316 34
382 1462 34
1462 9715 20
9715 5186 2
5186 8884 9
5186 7007 24
242 1476 34
1476 9500 24
5852 1592 34
1592 245 28
245 216 18
216 1990 8
4525 1596 34
7018 1600 34
1600 601 3
601 98 3
98 3313 28
98 654 32
654 2238 3
654 1505 13
1505 3882 19
3882 4699 29
4699 1653 7
654 2576 30
2576 8739 17
2576 4508 25
8292 1637 34
1637 583 6
583 167 11
583 6586 11
583 974 16
974 3876 1
167 356 23
356 1061 6
356 3087 21
3087 7742 19
7742 9512 8
9512 7130 26
4093 1769 34
4806 1777 34
8702 1965 34
635 2166 34
630 2193 34
2193 6700 23
6700 9092 30
862 2260 34
2260 3072 20
2260 9974 33
9974 6619 6
6619 1111 7
1111 5519 9
6619 8523 20
9974 2413 23
2413 3551 15
2413 3246 18
6619 9217 26
9217 3518 24
2413 3371 33
3551 1183 34
2127 2292 34
2292 3171 5
2292 5461 30
1040 2492 34
2492 5552 16
533 2543 34
2543 8593 17
4096 2625 34
2266 2703 34
2703 4377 28
4377 8963 11
8963 4389 5
4389 4818 14
4818 7585 10
7585 5925 10
5925 6955 5
4389 8982 21
5925 5264 22
5264 9730 1
5925 3091 32
3091 7799 30
4818 2093 33
774 2719 34
1779 2792 34
9175 2967 34
3025 3090 34
3090 7940 13
785 3110 34
3110 4027 6
4027 8005 28
8885 3168 34
3168 5515 27
1615 3269 34
3269 4267 10
3316 3335 34
3335 8572 6
8572 3336 28
3335 2526 32
4170 3486 34
3486 9025 1
1970 3683 34
5756 3709 34
3709 3238 14
3709 440 17
3709 8873 25
3238 9519 33
9519 6027 17
6027 8319 3
8319 4005 10
9519 7345 25
141 3759 34
3759 8706 2
608 3835 34
3835 8491 10
8491 6094 7
8491 458 18
458 2569 17
6094 4721 24
4721 5428 3
458 453 25
453 1743 10
4721 6918 31
453 2486 33
2486 1930 12
1930 4836 2
4959 3881 34
1007 3933 34
3762 4026 34
1967 4088 34
3346 4295 34
4295 8476 4
8476 8916 9
4295 9028 22
8916 9383 33
1892 4353 34
7621 4609 34
4609 1793 27
4609 6090 29
9464 4645 34
4850 4670 34
4670 1721 18
1721 8393 16
1632 4799 34
4799 9644 29
9644 4672 18
4672 6346 17
6346 227 7
6346 3141 13
227 3166 13
3166 9842 22
3141 5493 25
5493 1474 26
3166 4351 28
4351 3324 30
3324 7169 2
3324 7521 10
7169 5201 23
855 5020 34
6184 5066 34
5066 7525 16
7525 4438 19
7525 6784 30
1112 5085 34
3766 5450 34
3590 5454 34
3795 5551 34
7046 5701 34
5701 8737 7
8737 4954 15
4954 5722 12
5701 6655 22
6655 8187 20
8187 5664 21
5664 1549 20
1549 3333 16
3333 7778 9
1549 9615 19
1549 5398 21
1549 1827 22
1827 1430 6
5722 6538 27
1430 9125 28
9125 4957 6
9983 5929 34
2307 6085 34
2337 6142 34
4752 6153 34
6153 6463 13
8169 6296 34
5107 6318 34
6318 552 22
6318 7126 32
7126 8590 11
7126 8948 18
7126 6460 20
6460 6842 17
6842 8687 6
8687 8844 8
8687 992 13
992 2855 6
8687 5868 21
5868 4333 9
4333 5477 9
5477 354 21
354 9131 16
9131 8377 15
6842 9545 22
8377 2140 26
6460 6414 29
552 738 33
738 2801 29
2801 2473 3
2473 7697 19
2473 8088 28
2473 9563 28
9563 9374 8
9563 1262 27
1262 5593 31
5593 8955 14
9563 3573 33
4533 6351 34
6351 5904 33
127 6644 34
982 6680 34
1739 6863 34
6863 3733 12
3733 4009 17
6902 6909 34
6909 4875 6
6909 7270 16
3261 7048 34
7318 7115 34
7115 381 22
381 85 18
6438 7202 34
7202 4350 24
3438 7620 34
7620 5238 19
3723 7623 34
6842 7681 34
7681 3937 10
3937 8543 1
3937 1097 23
1097 8705 8
614 8127 34
190 8142 34
4440 8270 34
1402 8329 34
8329 7500 34
7500 7401 11
8955 8364 34
8364 7167 12
7167 4229 2
4229 1626 8
1626 1908 14
1626 5336 16
5336 6920 16
6920 9515 5
9515 6777 7
4229 9799 19
388 8414 34
8414 1434 15
1434 3764 13
5378 8570 34
6696 8699 34
7717 8700 34
5740 8993 34
3436 9017 34
9017 9401 2
9017 808 9
808 1941 32
5867 9072 34
7712 9246 34
9246 5018 10
5018 8592 17
9246 7092 25
7092 4406 2
4406 5941 28
5018 2532 31
6964 9256 34
273 9293 34
9293 9661 1
9293 4013 6
2640 9376 34
9376 7078 5
7078 2324 2
2747 9496 34
7944 9535 34
6940 9800 34
438 56 35
56 2505 2
56 6396 15
2505 5610 32
50 164 35
164 713 16
1777 320 35
320 253 4
320 6242 4
253 476 15
320 442 20
320 2654 27
320 9373 27
9373 6038 17
703 471 35
471 4274 5
4274 792 9
4274 6635 18
4274 2763 21
2763 1529 30
1529 3386 33
9391 528 35
528 558 2
558 1535 24
9019 563 35
563 5164 12
563 1756 14
6834 888 35
888 3699 18
888 8622 25
8622 8440 22
888 9359 28
9359 7780 15
1736 1179 35
1179 3891 24
3891 4449 18
3891 4668 28
3891 6452 33
454 1181 35
1181 4673 33
4673 6069 17
4673 8073 21
1750 1228 35
1228 8612 19
467 1236 35
1236 1999 11
1999 1116 10
1631 1238 35
1398 1399 35
1399 516 17
461 1598 35
1598 6643 10
6643 1812 9
1790 1763 35
3315 1807 35
164 1811 35
1811 8892 10
8892 5737 2
5737 7285 24
6787 1815 35
1815 2331 24
2331 5209 21
5209 7491 13
2331 8027 26
1815 4615 29
4615 880 5
880 2887 13
4615 3617 18
880 3394 32
3394 5445 10
5445 2325 19
5445 6694 25
2325 7682 25
2887 5007 32
1815 8883 33
8883 8053 5
8053 6924 7
8883 4138 14
6924 1219 29
1219 3806 15
1219 1985 23
3806 249 25
1219 3954 32
3954 4781 29
4781 3811 23
3954 149 34
149 2935 6
149 364 7
2325 3609 34
149 1447 35
1447 5734 8
5734 2549 13
1447 1778 17
1447 6262 23
4701 1860 35
1860 9002 6
1860 9388 22
9388 9346 14
9346 5436 31
5436 4876 2
4876 5258 22
138 1880 35
1880 2848 29
9808 2079 35
2079 1019 7
4755 2272 35
2272 5976 33
5976 1771 18
1771 7058 5
1771 1579 35
1579 1531 18
1531 9176 7
6940 2309 35
8854 2442 35
179 2558 35
917 2676 35
2390 2749 35
2486 2885 35
39 2984 35
2984 3320 12
3320 2575 20
2575 2066 13
1941 3018 35
3018 3847 22
135 3036 35
803 3051 35
3051 3501 23
3501 3894 34
7866 3098 35
3098 88 35
88 9112 13
9112 7757 32
9365 3104 35
7248 3175 35
167 3277 35
3277 5781 12
2350 3278 35
2016 3339 35
6090 3417 35
3038 3488 35
6704 3556 35
3556 2893 17
2893 4519 2
3556 2148 19
2148 9247 9
9247 4098 1
4098 1212 13
2148 8132 13
2148 1904 20
1904 1440 8
1904 2920 19
8132 3727 20
3727 9958 2
3727 4859 6
4859 9668 14
9958 1246 15
9668 7315 15
8132 163 23
163 272 9
163 2656 14
2656 7670 16
272 6035 18
1440 9963 23
9963 8995 7
9963 2422 20
2656 3724 25
1440 2830 28
2830 9598 10
6035 7686 32
8132 9946 32
1854 3668 35
9342 3895 35
3895 3645 8
3645 5606 9
5606 3279 7
3895 3769 26
3769 9454 4
3769 9471 6
3769 9585 16
9585 881 6
881 5356 7
5356 9003 6
3645 7871 28
9471 8200 31
8200 4636 16
4636 1478 33
1478 1401 12
5606 1870 35
9464 4056 35
7661 4186 35
4186 2833 1
5740 4194 35
5936 4306 35
4306 2087 21
2087 649 8
649 586 34
385 4415 35
4415 5339 14
5339 2856 1
2856 1052 28
5339 1582 33
5849 4474 35
4474 5235 30
5235 6322 6
6322 2054 20
2054 1414 4
5235 4477 23
4477 8007 15
1414 8849 26
8849 2690 16
1414 1555 30
4273 4548 35
1621 4632 35
4137 4742 35
3778 4884 35
5539 5050 35
5050 6602 6
5050 8061 28
949 5090 35
3912 5162 35
4206 5380 35
3696 5490 35
1683 5495 35
3285 5553 35
5553 9190 4
5553 2423 6
5553 7675 23
716 5710 35
5710 2581 2
5710 4183 10
5710 3728 11
4183 691 16
691 4423 6
4423 4648 16
5710 7995 19
2581 3620 27
321 5712 35
5712 1034 30
1491 5806 35
3408 5823 35
9969 5961 35
5961 6861 27
697 5966 35
2789 5971 35
5971 8655 11
623 6003 35
6201 6168 35
8555 6183 35
6183 4911 11
6183 3564 19
6872 6371 35
6371 5749 8
6371 6194 31
5342 6651 35
6651 8583 2
2523 6890 35
6890 5693 6
6890 8561 26
5693 1956 33
1956 7006 16
1956 8631 32
7074 7038 35
3102 7283 35
6102 7320 35
5356 7467 35
7467 9712 12
9712 1900 19
759 7695 35
6987 7874 35
3239 7875 35
696 8016 35
8853 8189 35
1857 8359 35
7255 8554 35
3136 8576 35
8576 3099 6
498 8707 35
4394 8734 35
9488 8829 35
1020 8956 35
5126 9011 35
5929 9235 35
3184 9263 35
9263 9134 10
6008 9287 35
9287 4676 18
4676 2595 10
2043 9455 35
4732 9600 35
9600 7747 23
3104 9608 35
5617 9775 35
9775 2633 13
6528 9788 35
9206 9803 35
9803 6133 13
6133 9566 17
6133 7588 29
4717 9812 35
6639 9849 35
9849 3559 16
3559 1846 23
1846 2963 27
2963 3255 2
2963 4931 8
2963 6550 26
6550 9262 5
3559 3974 35
5947 9948 35
2128 9956 35
7 100 36
100 2879 10
2879 4046 22
4046 4004 32
4004 4526 17
58 226 36
226 6388 21
6388 1824 8
226 8273 21
6388 9792 35
9792 784 1
784 530 34
530 2080 7
530 5769 19
5769 5002 1
5002 1515 17
530 6862 20
6862 6416 2
6416 5669 10
5669 1243 2
530 634 23
1243 9875 23
9875 1058 26
1058 2111 5
2111 6636 18
6636 5621 2
5002 7498 26
7498 4516 21
1058 804 28
804 2692 24
804 526 30
526 1873 6
526 1322 7
526 468 20
468 4300 13
468 282 20
282 2062 6
634 7794 30
530 9436 32
4516 3508 34
3508 175 34
175 650 8
650 5344 17
650 7303 23
650 1454 27
1454 2137 3
5344 5921 28
5344 6536 29
175 9851 32
2137 6111 34
282 3813 35
7794 6684 35
723 267 36
267 6649 13
6649 1896 27
1896 1032 16
1032 1503 13
1503 7280 8
7280 763 26
763 9428 12
763 2141 18
2141 5654 22
5654 6518 24
6518 4678 24
763 2915 30
267 5875 32
5654 195 34
195 2762 24
2762 5648 25
195 4573 26
195 4276 32
195 7973 32
41 300 36
1370 389 36
3170 432 36
432 2152 17
240 489 36
489 4553 3
286 684 36
684 2743 28
415 849 36
2672 960 36
960 2733 1
960 6050 30
6050 7698 14
6050 6140 27
7029 1108 36
1108 2619 7
8289 1142 36
1142 8521 12
169 1260 36
2789 1309 36
1085 1366 36
7567 1383 36
1383 9172 10
1383 9075 16
9075 9166 31
9172 9731 31
9731 28 13
9172 4625 32
4625 6336 17
6336 4208 32
4208 4653 6
4653 1326 19
1326 1453 11
1453 3160 13
1326 2124 22
31 1489 36
78 1658 36
1281 1708 36
1708 1764 15
1722 1821 36
1821 6870 34
311 1991 36
1991 4654 6
4654 7939 4
4654 6744 25
3684 2099 36
2164 2101 36
2101 6722 20
6722 6799 1
6722 2978 7
2978 1466 14
6799 8047 17
2101 3976 24
2978 1184 26
8047 2823 27
2823 9103 17
9103 9393 18
8047 767 32
767 5876 3
767 3875 26
2978 3883 35
3883 6794 27
6794 2358 12
1184 1799 36
4212 2129 36
2111 2147 36
1579 2186 36
2186 9379 4
2079 2270 36
2270 8806 2
2270 5024 11
5024 6638 1
6638 994 16
994 4404 3
8806 8611 17
8611 246 13
8611 2233 20
4404 3225 29
1515 2306 36
2306 5282 23
2306 5081 33
1418 2338 36
2338 9233 28
4612 2372 36
1554 2401 36
2401 4116 35
8734 2489 36
2489 377 13
2489 5363 22
5363 3043 17
377 4156 23
4156 1369 8
377 1025 27
1369 285 30
1930 2535 36
2535 5685 10
2535 9099 23
1058 2680 36
2680 3345 4
2680 6508 17
624 2754 36
8388 2757 36
2757 2243 18
1466 2862 36
2862 3689 18
2862 9693 32
1529 2867 36
7157 2875 36
9800 3304 36
3304 6537 13
3304 8439 28
3304 3004 32
3004 714 9
714 6347 7
714 1223 23
1223 4042 32
6537 9418 34
9418 7245 3
7245 1931 15
1931 4167 16
9418 8888 21
1931 9291 23
7245 7926 29
1021 3456 36
3281 3505 36
3505 6348 21
2535 3655 36
3655 6857 28
6857 8943 6
8943 593 29
593 2485 22
2485 9771 6
9771 3348 11
9771 9214 15
3348 2040 18
593 595 26
595 4594 3
4594 7530 21
595 7131 23
2040 1349 31
7530 3423 31
9771 6757 31
7530 8792 31
6857 6625 33
6625 500 9
500 6521 9
6521 4773 17
4773 9130 11
9130 6825 3
4773 8197 23
500 5548 27
8197 4250 29
6521 8553 29
4250 2363 33
2363 2912 6
2912 3318 5
2912 571 29
3318 5535 32
593 1715 35
7530 8701 35
8701 7554 6
3318 976 36
976 8817 8
976 3633 31
3633 2368 12
1715 2760 36
610 3763 36
3763 6759 29
6759 9460 26
6953 3797 36
3014 3814 36
3814 7428 7
4707 3948 36
3948 9836 14
3948 3606 16
9836 9350 18
9836 6281 28
6281 5340 20
5340 2513 5
2513 8085 6
8085 6233 4
6233 5850 9
5850 5745 34
5850 9865 35
3726 4011 36
4011 7541 35
109 4069 36
4069 2784 20
4069 3086 28
3086 2421 25
3086 675 34
675 6226 1
675 86 24
3055 4103 36
499 4113 36
5130 4163 36
4591 4248 36
4248 4520 1
6726 4342 36
4342 1678 25
1678 6853 19
1246 4393 36
4393 6978 13
6417 4398 36
4398 1628 5
1628 6367 7
6367 4405 23
4405 9638 3
7246 4596 36
3972 4683 36
4683 9822 3
4683 9156 22
4683 3343 33
2969 4714 36
4714 7558 2
4714 3815 5
3815 7858 14
473 4994 36
4994 7138 12
393 5025 36
723 5079 36
8038 5104 36
2569 5142 36
5142 1094 5
1094 581 2
1094 1776 9
5142 6491 10
6491 8255 19
1776 2378 20
6427 5289 36
5289 5860 20
5289 1645 31
1645 6287 29
6287 7382 11
5566 5589 36
7700 5641 36
1060 5700 36
5700 6358 25
3451 5808 36
5808 5444 20
5444 5207 17
5207 8482 12
8482 9740 16
8482 6578 17
5207 504 32
5207 6657 34
7217 5858 36
5858 3629 33
3629 3965 24
5102 5926 36
7102 5950 36
5454 6210 36
6210 252 23
252 114 29
114 5147 8
5147 5913 16
5147 6232 25
6210 2176 29
2176 3537 30
3537 9268 18
9268 3576 8
3576 2980 16
2980 6691 30
6691 9844 2
9844 2453 20
2453 9220 13
2841 6326 36
6326 9325 5
9325 2954 12
2954 1492 4
1492 1518 27
9325 1066 34
1066 161 17
161 4385 8
161 1392 12
161 6082 13
4385 186 19
4475 6328 36
1482 6369 36
5544 6393 36
1110 6398 36
1810 6515 36
2621 6531 36
6531 3947 7
3947 2371 10
6531 1971 22
2907 6609 36
5002 6610 36
4257 6664 36
4974 6745 36
946 6865 36
6865 6932 15
6932 1818 19
1818 1647 1
6932 430 29
430 219 17
219 7327 26
6932 9699 29
1818 2945 35
2535 7098 36
7098 8259 3
8259 123 6
558 7116 36
1389 7218 36
1839 7266 36
4810 7311 36
6698 7522 36
2787 7537 36
7537 8219 4
8219 4211 18
728 7828 36
6323 7892 36
4332 7918 36
7918 9282 6
4186 7933 36
5817 8311 36
8311 3186 10
8311 5181 13
3196 8363 36
2965 8390 36
3493 8433 36
8433 5347 7
5347 8492 11
5347 3989 14
3285 8435 36
8435 1098 6
1098 4890 1
2845 8540 36
206 8573 36
3436 8696 36
7021 8845 36
8845 6599 30
6599 7532 14
7532 8397 2
6599 7240 30
9844 8891 36
8891 3526 21
3526 1472 1
307 8947 36
3820 9032 36
4373 9109 36
8920 9234 36
7660 9392 36
6726 9420 36
9420 9968 32
9968 2847 33
9420 8171 35
2905 9482 36
2535 9517 36
6722 9583 36
2950 9632 36
9632 1551 1
923 9772 36
2124 9925 36
8410 23 37
293 91 37
91 2563 13
2563 7043 1
2563 9345 19
2563 1331 26
6818 93 37
93 159 11
159 522 8
522 690 4
690 2399 7
93 9742 27
368 108 37
108 106 2
106 3523 15
3523 4228 17
3523 3970 20
106 275 34
106 1241 34
106 2133 35
128 243 37
5555 264 37
264 8050 6
8050 3585 14
8050 8002 35
8002 9855 18
9855 5352 19
3585 378 36
378 4753 25
4753 7788 3
61 343 37
343 4687 32
4837 418 37
418 3879 18
3879 7019 18
7019 481 30
481 659 1
481 2451 10
481 1662 12
1662 1674 9
1674 5979 14
1662 9271 15
481 8652 24
1674 2629 26
7019 3208 35
1452 456 37
456 2825 9
456 2425 17
2825 5864 20
2825 2622 27
2622 4464 15
2622 5274 34
1121 494 37
308 578 37
4262 598 37
1873 612 37
612 2151 1
612 8408 10
2151 2353 17
612 1738 32
1738 4070 5
4070 6123 27
8408 4795 36
236 688 37
688 2851 6
1091 694 37
694 1976 5
6704 715 37
656 780 37
507 1207 37
1207 9183 8
1207 7042 9
1207 6630 29
1812 1229 37
3833 1294 37
1294 8864 14
1294 2455 28
2455 6253 16
6253 6766 8
6253 4427 21
4427 3100 3
3100 4147 30
4147 366 10
4147 4157 25
366 4349 31
4349 1318 11
2455 1910 32
1910 1343 14
1910 9626 15
8864 9988 33
1049 1358 37
1358 2730 5
1358 4287 6
1020 1375 37
1180 1673 37
1673 5893 21
1240 1958 37
4835 1964 37
1034 2088 37
8935 2209 37
9326 2210 37
2210 1787 12
1669 2334 37
2334 8451 31
8451 257 12
2858 2357 37
2357 3841 1
2357 2689 2
2357 3142 14
2689 5697 18
5697 9981 14
3142 4600 32
8934 2369 37
2369 5043 1
5490 2439 37
5043 2491 37
6496 2521 37
2521 7422 7
5904 2528 37
2528 487 27
487 6612 1
487 8460 13
8460 4944 12
6612 8981 35
7947 2643 37
2643 4409 3
4409 7474 4
4409 8366 13
4409 2450 18
757 2704 37
1197 2815 37
2815 2951 25
2951 6954 5
6954 7192 3
2815 6040 25
707 2894 37
2894 3263 35
1811 2990 37
2990 7393 19
7393 4606 32
4606 7314 13
1800 2999 37
3651 3032 37
1857 3078 37
3078 1532 1
3078 7404 32
2268 3210 37
1958 3581 37
3581 1981 9
1981 7142 4
1981 8635 12
8635 2667 3
8635 3834 8
3834 8740 4
8635 1574 15
8740 1312 18
7142 6703 29
6703 8713 1
8713 7756 16
7756 6103 6
1574 5093 35
150 3588 37
1347 3601 37
4502 3631 37
5833 3671 37
3671 6147 3
6147 781 18
781 3029 26
2005 3828 37
3828 591 19
591 2507 23
3828 6645 23
7314 3840 37
2238 3928 37
3928 7072 20
3757 3984 37
658 4089 37
4089 4604 6
1154 4100 37
4100 6504 2
6504 6482 14
3616 4128 37
3753 4165 37
7174 4199 37
4199 4452 21
4452 2989 19
2989 7999 33
7999 7818 16
7818 7277 10
7277 8374 7
7818 90 35
90 4381 33
2636 4280 37
4316 4301 37
9988 4323 37
4323 3177 2
3177 1391 11
4323 7340 26
7340 5824 1
5824 6569 24
6569 5789 8
7999 4336 37
4336 4451 12
4336 2404 21
581 4354 37
983 4688 37
4688 8941 29
5155 4870 37
4870 2139 22
2139 3354 11
3354 7296 2
4870 1558 23
2139 3095 23
3095 2184 8
3095 7591 15
3095 5571 22
5571 2387 15
2387 3697 8
2387 2348 12
2139 2420 32
2420 8411 5
2420 6086 19
6086 6911 9
6086 6875 28
6875 6730 28
6730 2384 6
2384 4077 20
2420 772 31
2387 8508 36
4350 4933 37
4933 3089 21
3089 5536 9
5664 4982 37
2811 5000 37
5000 9273 25
3180 5094 37
5094 4215 31
4215 4592 8
4215 3538 34
69 5114 37
1999 5177 37
5177 2836 28
842 5320 37
5320 8145 25
9116 5331 37
3456 5459 37
878 5501 37
518 5723 37
5618 5815 37
8255 5887 37
5887 5479 20
565 5955 37
5955 8762 25
2067 5996 37
8937 6013 37
1517 6058 37
3443 6081 37
3576 6216 37
9657 6415 37
9686 6492 37
6492 5863 27
5863 3745 6
3745 4224 31
4224 8077 31
2988 6529 37
3303 6793 37
6793 6065 15
6065 6758 21
3116 6981 37
6981 8801 12
4543 6992 37
3820 7257 37
7019 7272 37
7272 4814 28
4814 2942 19
4814 9597 33
5202 7410 37
8192 7703 37
1643 8078 37
8681 8711 37
9850 8838 37
249 8912 37
8912 8161 2
8912 2606 14
8161 7927 23
9217 8913 37
8913 4621 2
9103 9104 37
9104 549 10
9104 8966 20
1127 9327 37
7401 9382 37
1262 9417 37
9188 9462 37
9462 7181 4
9462 9835 18
9835 5482 5
9835 4763 13
9835 5586 14
7181 6678 25
5482 437 34
437 519 10
437 3148 22
3148 5728 6
519 1796 27
1796 8833 2
8833 8971 26
4750 9547 37
9547 3548 35
3548 7077 28
7077 5720 21
5720 3810 5
3548 2362 33
2362 355 29
367 9820 37
9820 6801 6
5238 9896 37
1441 341 38
341 335 11
341 9605 15
335 6943 30
6943 4325 4
2419 416 38
3505 459 38
5534 493 38
678 611 38
1100 902 38
902 6209 6
902 3799 16
681 950 38
950 7323 14
950 1144 15
4257 1054 38
1054 9725 11
9725 6689 36
8980 1275 38
1275 6045 17
6045 3415 15
3415 9087 11
9087 9168 7
3415 2155 30
3415 7814 33
7814 8304 15
51 1279 38
1442 1332 38
1632 1523 38
1523 4603 30
4603 9571 11
3403 1544 38
8249 1676 38
1676 8758 26
8758 9647 27
9647 7196 5
7196 771 23
771 653 15
653 542 20
771 1286 20
1286 6436 19
6436 4800 28
4800 7578 1
7578 6023 23
653 2611 36
1676 750 38
1017 1878 38
1878 2035 9
4110 1894 38
743 1947 38
87 2154 38
2154 3152 9
3152 8237 20
8237 5963 3
2154 4252 28
4325 2240 38
2240 7967 6
2240 8162 17
2367 2436 38
2436 1772 12
1772 7139 1
1772 2432 36
3892 2449 38
2449 2550 24
2550 9378 10
2550 511 11
2550 9541 28
279 2655 38
2655 4913 17
981 2828 38
624 2926 38
2926 4556 7
2295 2929 38
519 3031 38
3031 2075 7
3031 3312 18
2820 3176 38
9890 3276 38
2741 3591 38
172 3713 38
8649 3921 38
811 3952 38
3952 8274 17
8274 1706 17
459 4054 38
4054 6990 29
6990 9664 33
4054 7224 34
7224 4179 8
4179 436 37
6582 4119 38
4119 390 35
6513 4319 38
4319 4458 24
4458 4180 2
4319 5295 32
4319 383 34
4319 3006 36
4458 7556 37
5686 4376 38
3227 4428 38
583 4439 38
4439 3960 14
901 4489 38
8225 4555 38
4555 5077 4
4555 2508 7
4555 6642 30
6642 4514 30
4514 9811 12
8690 4580 38
9725 4605 38
4605 2565 3
2565 2693 24
4262 4698 38
4698 6701 25
2239 4784 38
470 4857 38
4857 5930 31
1066 4895 38
4895 6000 33
6000 5577 35
1729 4951 38
4951 3461 6
3461 2551 36
222 5039 38
5039 4726 33
4604 5173 38
964 5206 38
1118 5254 38
4573 5600 38
5600 6836 12
6836 2866 12
5600 8486 33
8486 2995 5
2995 6231 4
6231 9666 2
2995 8807 6
3876 5675 38
5371 5847 38
5847 6739 11
5424 5944 38
5770 6044 38
6044 9147 5
9147 6406 4
6406 3126 16
6406 7891 17
9147 1461 18
1461 2603 9
1461 3641 11
9147 5951 19
3641 8774 23
1461 2374 30
2374 4416 26
4416 5456 30
5951 5275 38
5275 1436 36
1436 9181 34
9181 8375 7
9181 9562 25
6119 6100 38
8581 6219 38
7101 6237 38
3347 6355 38
5166 6467 38
5885 6545 38
5887 6662 38
570 6706 38
6706 5270 7
5270 9051 1
5270 2344 8
2344 8469 5
9051 2666 16
2344 5965 25
9051 8185 26
8185 2037 20
5270 1724 28
1724 1444 21
1444 8972 6
1444 4346 24
2344 5022 28
5270 5673 29
5965 1340 33
1340 2555 4
1340 9343 4
2555 9560 11
9560 8658 8
5270 6616 33
9560 9765 37
4802 6808 38
233 6826 38
6826 8118 17
8118 7551 28
7551 8587 23
1883 6927 38
6927 764 23
726 6986 38
3569 6998 38
5901 7085 38
9587 7087 38
7087 6673 3
6673 1167 20
1167 805 3
7087 2786 27
1167 1178 36
1178 7587 13
5457 7171 38
758 7221 38
4300 7252 38
3036 7442 38
7442 9490 16
690 7528 38
139 7692 38
4405 7837 38
7837 8790 8
8790 4839 35
4839 6026 16
4839 1753 27
1753 4282 24
6716 7862 38
4321 7948 38
2915 8096 38
452 8228 38
8228 1056 26
8228 6132 28
6132 2708 9
2708 3703 23
1056 6474 28
6132 9862 35
6460 8529 38
4826 8537 38
7307 8606 38
5561 8645 38
4639 8721 38
365 9108 38
9108 1125 30
1125 9660 29
1125 1289 34
1289 5666 31
5666 2459 28
2459 7734 3
2459 4572 22
2459 3057 33
5666 5271 36
7734 2512 37
3501 9123 38
9123 1290 3
1290 718 2
1290 251 31
251 685 30
685 4993 1
4993 6389 3
685 7518 10
685 1992 19
7518 5575 26
5575 8362 7
7518 9283 28
6016 9148 38
6865 9174 38
5432 9250 38
6196 9276 38
9276 3956 5
3956 9132 28
1523 9315 38
9315 5689 10
9315 303 14
303 8055 35
8055 8549 33
1338 9329 38
9329 4148 8
4148 8677 23
1970 9503 38
9503 8517 2
2832 9622 38
9622 29 26
29 9076 20
9076 3308 8
3308 2326 5
29 1410 23
7655 9697 38
1361 9708 38
9708 7569 29
7569 3885 20
3885 8923 20
3885 3398 37
9429 9839 38
7659 9932 38
9932 1617 35
1617 10 13
1617 5239 17
1617 5120 29
4317 9953 38
59 89 39
661 162 39
162 5008 11
5008 7095 33
5008 9261 38
9261 4471 33
4471 423 28
423 7984 4
423 8708 24
3869 188 39
188 3188 3
369 254 39
254 631 5
631 7907 4
254 666 28
75 309 39
309 3475 13
309 1938 32
1938 2877 38
561 329 39
1978 331 39
331 2514 10
257 441 39
3769 508 39
508 4397 18
3377 633 39
633 3430 2
633 315 8
633 7664 33
7664 1945 29
1945 8459 38
373 711 39
4013 812 39
812 1757 13
1757 3613 12
812 2846 16
812 1427 33
812 5283 34
5283 4790 34
4790 7982 21
4790 7711 22
7992 852 39
852 6732 31
340 995 39
995 3473 10
784 1132 39
582 1362 39
1362 5210 27
6874 1545 39
1545 6509 31
6509 6957 24
1146 1578 39
1578 4277 22
9291 1607 39
1607 7935 8
1607 4142 12
229 1659 39
1659 5744 17
1659 4925 21
4925 6640 20
2841 1714 39
1587 1891 39
198 1935 39
5386 2051 39
2051 6882 3
6882 2444 24
2444 2482 10
2482 2548 18
2482 4378 25
1509 2402 39
2023 2431 39
2431 6394 33
7687 2896 39
2896 3865 18
1520 3083 39
480 3137 39
3137 2274 39
2274 3494 25
3494 1585 2
3494 538 25
7854 3153 39
3153 8474 4
8474 8664 8
3153 5807 12
8664 5015 17
5807 7251 26
8474 5650 35
5650 2634 15
5650 8315 27
419 3365 39
2547 3434 39
5544 3455 39
3455 7719 1
7719 221 5
221 4494 27
3455 1273 28
221 6048 31
6048 5447 10
1273 3328 32
3328 8014 6
3328 6433 20
2767 3481 39
3087 3490 39
4513 3566 39
3566 7898 14
169 3736 39
3736 7398 33
7398 2791 27
2942 3747 39
3747 3776 25
7717 3792 39
196 3878 39
3878 5365 23
5365 625 20
5365 5568 20
566 3996 39
3443 4108 39
4108 8119 35
8119 2346 1
4108 3212 37
3212 9558 25
9558 6919 24
9421 4283 39
2644 4479 39
3908 4485 39
4066 4495 39
4342 4512 39
4512 3577 7
3577 8850 12
8699 4563 39
4563 8213 7
8213 8639 10
4563 1396 17
8213 8724 32
8639 3663 36
3725 4716 39
9871 4987 39
3725 5197 39
3814 5269 39
2823 5372 39
3658 5503 39
5503 4293 6
4293 6985 19
4293 6465 32
5849 5587 39
5587 4314 17
5587 5733 19
4547 5721 39
5721 568 16
568 2618 30
2618 9687 5
2618 2931 16
8665 5754 39
4671 6041 39
6041 7003 17
1222 6108 39
5739 6143 39
6143 1190 11
1190 8160 19
8160 5498 3
5498 3897 7
1190 7677 20
6143 9227 34
9227 4359 29
9227 3204 34
3204 1808 17
3204 1288 19
3204 4797 20
4797 7390 7
1288 6623 25
6623 7264 22
7264 4527 22
4527 6811 11
6811 4446 20
4446 1732 5
7390 2050 27
6623 4053 30
7390 848 32
4797 5497 35
4797 8787 38
8787 7177 13
8787 6674 27
6291 6239 39
149 6306 39
7858 6325 39
9011 6525 39
6525 2392 16
6525 8076 37
8076 6914 26
7956 6598 39
6598 6256 28
4447 6788 39
6091 6866 39
6866 7399 27
9462 6965 39
6965 2883 4
2883 2400 19
2883 4372 19
7933 7020 39
7020 8779 26
7020 3621 28
3621 4166 26
3028 7306 39
4853 7337 39
7337 1465 35
7337 6996 35
6703 7344 39
7344 2418 13
2418 8619 6
2418 2777 32
810 7504 39
8107 7538 39
7538 8137 31
8137 6128 1
8137 7009 30
7538 3860 32
7538 7550 32
772 7552 39
2624 7779 39
6674 8035 39
8035 7937 3
6594 8087 39
8087 6464 22
6464 9985 5
9985 3513 19
1631 8095 39
3835 8195 39
9420 8520 39
3696 8691 39
8691 616 8
8819 8703 39
9726 8798 39
4457 8999 39
5239 9008 39
9008 8628 23
8369 9027 39
9027 6066 10
6066 1718 18
3246 9071 39
2627 9230 39
5801 9826 39
2771 9911 39
32 74 40
74 3714 4
5444 110 40
612 220 40
113 290 40
290 6727 16
290 1321 23
1321 5284 4
5284 8117 8
6727 203 36
8117 6064 38
6064 1062 1
1062 5414 35
6064 2976 37
5875 301 40
301 3868 7
301 619 9
301 5499 27
2 325 40
638 339 40
175 359 40
6439 514 40
88 525 40
981 657 40
3096 886 40
861 895 40
1675 1126 40
1732 1153 40
1153 769 40
769 993 39
578 1225 40
1225 5531 3
5531 5672 39
5672 6179 1
5237 1853 40
7634 1875 40
1875 2873 37
9539 1890 40
950 1920 40
1920 4900 33
4900 8372 38
4145 2077 40
3031 2443 40
2443 3016 20
1669 2490 40
2490 3646 17
1327 2773 40
2773 2072 24
1340 2817 40
2681 3044 40
4376 3216 40
3216 1495 5
2323 3275 40
442 3387 40
3028 3402 40
3402 7088 18
4446 3418 40
3234 3420 40
2213 3460 40
47 3516 40
2714 3698 40
1891 3941 40
3224 4081 40
2899 4275 40
873 4299 40
4299 2246 20
2246 4472 32
4472 268 9
268 1117 27
1117 8198 7
268 2424 29
1117 3468 36
3468 4454 27
4454 2188 28
4428 4395 40
4395 6459 26
4159 4481 40
4481 6922 4
4481 6832 14
3034 4488 40
4488 1319 22
1319 2657 34
2657 6991 23
1380 4528 40
2585 4650 40
4949 4664 40
7198 4686 40
4686 2722 10
4686 2729 32
2722 2472 39
3102 4863 40
30 4906 40
435 4930 40
4229 4952 40
3485 4958 40
80 5014 40
2690 5027 40
5027 8965 34
8965 5615 37
555 5074 40
30 5184 40
3555 5191 40
5191 7216 10
7216 5203 24
5191 4337 33
2370 5242 40
6907 5353 40
5353 217 28
1938 5718 40
5718 7672 18
5718 7282 22
7282 8729 5
8729 6495 27
8729 6917 33
6917 2933 11
2933 7586 11
7586 7262 13
2933 5825 17
7262 8143 18
5825 9229 19
9229 5119 11
2933 1919 33
1919 2175 36
6917 1568 37
2097 5742 40
3382 5788 40
1724 5795 40
2550 6080 40
6080 8942 4
8942 1939 9
1939 9906 4
6080 3656 14
9906 5637 20
6080 7276 22
6080 2788 23
1939 5423 29
9906 7213 37
7213 6051 31
4300 6224 40
1473 6268 40
6268 1717 11
6268 4518 15
7780 6349 40
3438 6519 40
3969 6682 40
6682 6881 10
6682 1059 16
6312 6710 40
864 6785 40
3359 6810 40
6810 5487 32
5487 2992 14
2992 6595 4
2992 2179 18
6595 7238 34
1595 6871 40
6871 3600 13
4960 7194 40
6421 7297 40
270 7447 40
7447 7259 35
7259 7219 28
3627 7460 40
8891 7464 40
7464 5431 19
7464 8911 24
8911 1104 31
6201 7477 40
6935 7612 40
7612 5100 15
5723 7960 40
7960 5645 5
300 8028 40
8028 9565 20
9565 8686 39
8891 8066 40
3096 8199 40
8199 5061 3
8199 879 23
7251 8327 40
8327 820 23
206 8353 40
8353 9549 12
7589 8522 40
6748 8527 40
1520 8565 40
8565 2394 7
2394 8924 4
2394 3378 28
3248 8632 40
5957 8797 40
8797 4745 21
4745 3366 30
8797 2872 38
2872 122 2
122 710 4
122 228 6
228 1047 12
1047 3821 9
3821 2554 18
2554 5877 22
5877 3530 12
710 7763 27
710 6621 29
7763 3290 32
3290 5609 1
3290 1477 11
1477 376 39
550 8917 40
8917 6750 29
418 9100 40
9100 8432 13
8432 9581 11
9262 9340 40
4692 9438 40
9438 3165 5
2504 9532 40
9230 9667 40
8317 9752 40
9752 9161 2
9752 7524 25
5093 9814 40
9814 9921 38
6476 9933 40
5687 9994 40
9994 8465 31
8465 2582 31
453 258 41
393 299 41
299 975 1
299 6384 9
7932 402 41
203 411 41
411 1067 1
411 5783 18
5783 2461 20
5783 4669 21
879 484 41
8951 858 41
1690 1092 41
1092 1124 28
1100 1133 41
928 1140 41
1140 8663 13
8663 3515 24
3515 3066 23
1140 3520 25
3920 1313 41
1285 1416 41
1416 9982 24
2867 1475 41
1475 1844 22
1475 2850 31
2850 6304 17
2850 8052 28
2850 7168 32
1475 2158 36
299 1577 41
5687 1703 41
1674 1962 41
1962 265 5
3958 2068 41
9367 2283 41
988 2437 41
1223 2797 41
106 2814 41
2814 4414 24
568 2840 41
1991 2844 41
2398 2953 41
1239 3052 41
3052 5003 9
3052 2244 29
3052 7431 31
7431 4901 24
2244 1605 37
4603 3183 41
3183 1162 32
3921 3374 41
3374 5896 9
3374 7331 11
2193 3457 41
1532 3801 41
7837 3830 41
3830 1206 32
3186 3843 41
1406 3866 41
413 3942 41
3942 4024 37
3830 4197 41
4197 4942 17
4942 9870 33
3277 4233 41
4233 7888 21
4850 4347 41
1275 4401 41
8678 4465 41
4897 4736 41
2536 4780 41
6322 4852 41
3679 4979 41
793 5101 41
176 5384 41
5384 5771 24
1579 5410 41
4589 5726 41
5726 7111 11
3146 5753 41
3016 5953 41
143 6070 41
6070 2298 4
2298 4663 26
816 6166 41
1990 6195 41
6195 6333 35
6333 4079 22
4079 5831 7
4079 6930 19
4462 6403 41
212 6469 41
9844 7170 41
6400 7220 41
457 7229 41
273 7438 41
5568 7488 41
6689 7555 41
7869 7616 41
3204 7649 41
7649 5611 1
256 7886 41
7886 3678 10
3678 1924 31
1924 386 5
386 9446 1
9446 9846 1
9846 2947 37
7886 8695 39
1724 7893 41
1405 8352 41
8701 8564 41
8564 1101 6
984 8834 41
8834 2430 36
5562 9034 41
2584 9069 41
9069 972 33
9069 5923 41
7107 9258 41
9258 1367 4
1367 3740 3
3740 2125 7
1367 5044 28
2306 9377 41
8 9477 41
9477 2921 1
2921 2620 7
9477 3268 11
2921 193 26
2620 9419 26
2921 9163 33
2921 3893 40
2921 6317 41
8638 9499 41
1195 9628 41
9628 3547 9
4879 9804 41
4 5 42
7266 564 42
5959 753 42
753 8771 27
8771 5403 6
378 882 42
882 938 8
331 883 42
883 2810 22
2810 8278 4
8278 2059 9
2059 1619 5
93 904 42
8272 915 42
3268 1031 42
72 1365 42
1365 6277 12
1365 9854 14
1365 2648 33
2648 4309 1
4309 5952 15
5952 4843 35
2836 1425 42
1425 2610 33
656 1560 42
1560 8751 26
8751 9448 16
9448 2979 1
9448 2724 2
2979 1569 14
1569 3874 2
2979 3552 14
2724 732 24
2979 8133 29
2979 1257 30
1257 4923 24
9448 9884 30
1569 2095 37
2979 4028 39
4028 3913 6
8901 1679 42
1208 1823 42
1823 3105 32
228 1838 42
1838 2333 7
252 2091 42
2091 907 26
1392 2231 42
2231 4775 39
4775 2677 39
2677 1943 38
4180 2316 42
2316 705 19
3609 2466 42
2466 1664 6
2466 7593 21
9811 2481 42
2481 6797 28
6797 7678 7
6797 6443 8
5807 2649 42
3176 2961 42
1939 3143 42
9628 3220 42
3220 8496 15
8496 6702 2
2090 3299 42
381 3390 42
1397 3619 42
9436 3653 42
1206 3791 42
6820 3915 42
6916 4034 42
6663 4084 42
4084 4040 29
9666 4235 42
1070 4368 42
467 4496 42
923 4568 42
651 4574 42
4885 4662 42
1582 4744 42
6443 4772 42
4772 3746 5
4772 9629 8
496 4779 42
4266 5005 42
5005 3286 28
3084 5029 42
2762 5113 42
6808 5161 42
5161 7284 37
157 5193 42
3954 5219 42
5219 8166 39
8166 9520 26
980 5291 42
5291 9478 26
9478 7230 4
7230 9705 10
7230 2593 31
2593 2917 34
961 5299 42
5299 37 26
968 5326 42
7881 5476 42
5507 5732 42
1750 5741 42
5741 7008 15
7008 4995 30
4995 6135 17
6859 5813 42
1628 5899 42
1512 5906 42
3931 5934 42
5934 7034 32
8838 6146 42
6787 6408 42
6408 9551 30
1915 6483 42
2627 6789 42
6789 8110 4
8110 5821 18
5821 8750 15
8750 4681 25
4681 7583 9
7583 3139 13
8750 3994 35
5821 3562 40
3562 2615 2
3562 8604 12
3562 2052 32
5947 6803 42
758 6806 42
4025 6840 42
3398 6921 42
6921 8349 24
6090 7119 42
7119 1842 42
4331 7226 42
7226 5393 34
7909 7300 42
7300 8524 21
8524 3582 14
3582 9773 17
8524 3946 18
3582 7510 22
7510 3121 15
7300 1143 23
8524 9607 23
3121 5076 28
3946 3088 30
3088 897 35
897 2515 38
2515 7176 10
7176 4812 19
3946 3546 38
3546 6225 22
1462 7338 42
7338 7394 40
2297 7343 42
461 7354 42
7354 4978 26
1547 7381 42
5403 7473 42
4502 7694 42
7694 1130 42
2967 7812 42
2505 7833 42
7833 2317 23
5877 7879 42
1920 8074 42
8074 9698 13
9698 9872 39
9060 8098 42
8098 8348 23
9647 8234 42
8234 5316 22
5316 9422 39
9422 3959 14
1362 8243 42
2899 8303 42
8303 2126 18
2340 8309 42
8309 5172 12
5172 2336 5
5172 2352 23
8309 2029 25
2029 2007 1
2007 8008 21
2352 4480 27
2007 2602 34
2029 7313 37
2007 8562 37
8562 8970 11
2602 2658 41
4300 8376 42
1770 8395 42
5378 8539 42
492 8633 42
6353 8862 42
3255 8991 42
8991 8032 34
1765 9137 42
9137 5767 32
4166 9159 42
124 9272 42
9379 9472 42
782 9736 42
2797 9863 42
597 9891 42
39 36 43
220 125 43
107 140 43
140 7830 2
7830 8149 23
46 202 43
202 8987 18
202 288 43
288 509 10
509 1912 1
509 5267 4
1544 425 43
425 1788 9
425 6042 40
6042 9248 24
9248 9790 6
82 576 43
576 422 33
729 580 43
8249 731 43
2212 913 43
913 1152 11
913 1850 30
1783 965 43
965 1028 19
965 2322 40
3148 1073 43
1073 987 10
1073 7206 24
2036 1096 43
524 1106 43
5558 1220 43
1220 1044 33
1044 9402 6
9402 2219 4
2111 1264 43
774 1306 43
6421 1329 43
1329 2958 13
1329 1955 42
3909 1346 43
1346 9586 3
1346 1819 39
1819 3902 16
7663 1490 43
1490 4758 12
6511 1654 43
4003 1699 43
1699 8396 30
1028 1843 43
1843 8484 37
8484 9710 31
6419 1975 43
1975 7863 2
7863 7648 29
7863 7036 34
7036 7485 12
7485 1606 40
7485 5354 42
5354 1914 19
5354 8968 37
1914 3880 42
3880 3217 36
8129 1986 43
1986 3429 4
1986 6457 5
285 2024 43
7503 2042 43
4721 2163 43
3037 2191 43
2191 3056 40
1924 2220 43
5605 2294 43
2294 8511 32
2294 4981 41
4981 5144 11
5144 6864 34
6864 9239 33
3711 2296 43
2296 7093 2
6983 2327 43
4152 2411 43
2411 5189 15
5189 7750 26
177 2531 43
4552 2744 43
2744 9012 42
9012 8741 32
9012 3291 41
2014 2903 43
7621 3007 43
106 3022 43
2065 3191 43
2650 3603 43
3603 6034 8
184 3682 43
6732 3705 43
3705 3930 6
1613 3910 43
5011 3926 43
4317 4061 43
2512 4146 43
1026 4486 43
3367 4504 43
7964 4540 43
5731 4733 43
5087 4882 43
2897 5041 43
5041 6288 24
6288 4946 6
6288 2911 43
2911 4007 26
4007 9010 25
9010 7430 27
9162 5056 43
5056 8907 32
7927 5099 43
811 5139 43
1395 5167 43
5167 8728 19
8728 5528 34
5528 8738 9
5167 4104 41
4104 2829 27
5135 5196 43
5196 4214 14
4214 1493 18
1493 1570 16
4214 6753 41
2715 5218 43
9125 5220 43
5322 5504 43
5504 1748 8
1748 1250 22
1748 5475 36
3950 5524 43
1204 5680 43
1928 5681 43
5586 5711 43
306 5757 43
928 6095 43
2733 6248 43
6248 9610 31
5915 6554 43
6554 6723 27
6723 8158 9
294 6773 43
8482 6984 43
8523 7015 43
7015 3718 37
1404 7024 43
6582 7109 43
2479 7135 43
7906 7278 43
3414 7347 43
9835 7553 43
4244 7735 43
7778 7744 43
7565 7848 43
1290 7979 43
7979 2906 21
1110 7983 43
8099 8022 43
9545 8182 43
3974 8238 43
9872 8385 43
8385 8037 42
8037 778 5
8037 5047 8
5047 2901 1
778 495 12
778 1833 34
1833 7758 8
1833 9155 12
9155 7091 4
7091 4129 29
8174 8489 43
8489 7904 9
8489 9023 39
8879 8490 43
8490 8266 28
323 8621 43
8621 8544 8
8544 2345 22
2966 8623 43
4192 8718 43
598 8760 43
3384 8766 43
5653 8770 43
8770 9570 10
8556 8944 43
8944 8422 14
995 9139 43
8817 9158 43
9158 5390 32
5390 6685 32
9832 9171 43
9171 3301 25
3301 204 27
204 6480 36
6480 4922 31
9171 7061 37
6480 7334 41
7334 6217 30
6217 7548 2
7548 8325 22
7041 9400 43
9647 9405 43
9405 7579 2
9405 8355 23
3418 9524 43
4703 9534 43
4468 9579 43
3128 9634 43
5549 9645 43
2664 9701 43
1157 9861 43
2125 9869 43
9869 3425 29
3425 5412 7
3425 6089 8
3425 4039 9
4039 5314 15
3425 3273 17
3273 8045 3
9869 9339 32
8045 5194 37
718 9905 43
9905 5006 34
5006 84 6
5006 4413 19
84 277 43
198 9943 43
127 83 44
2068 400 44
7099 443 44
443 6185 4
443 643 12
443 4510 21
1213 1103 44
2633 1276 44
1276 155 5
155 3871 37
3871 1027 6
1027 3817 17
3817 5500 29
1235 1308 44
1772 1386 44
68 1422 44
2216 1696 44
8133 2001 44
2001 2198 24
2198 3145 9
2198 2045 13
2045 5526 8
5526 6212 37
6212 5311 37
5931 2010 44
4795 2150 44
7431 2303 44
9772 2320 44
1436 2388 44
268 2474 44
2474 9572 7
571 2483 44
2483 9557 41
9557 8669 33
8669 3924 11
8669 417 14
417 3836 11
8669 7258 29
7258 2635 15
2635 1737 37
6388 2695 44
2695 4222 2
4222 2753 25
2753 4169 22
2695 3867 31
4099 2878 44
4376 3106 44
568 3413 44
3413 4588 7
4588 4022 11
4588 1393 24
174 3459 44
2426 3567 44
3567 5071 1
5071 7517 37
7517 5750 15
9401 3756 44
3756 5659 17
3756 3938 36
6048 3787 44
2466 3872 44
7162 4002 44
453 4017 44
4017 5554 34
5554 4613 42
4613 3511 42
3511 6860 36
4220 4221 44
4221 5234 23
5234 7850 18
1928 4225 44
1084 4296 44
4296 7619 40
8334 4298 44
6980 4407 44
4407 7855 10
4982 4435 44
4435 9154 14
4435 795 35
795 6901 23
795 5729 35
795 2360 44
7416 4509 44
3756 4638 44
4112 4715 44
87 4864 44
287 4894 44
4894 5829 11
8253 5152 44
9556 5462 44
7678 5656 44
5656 1252 12
1252 225 36
225 4294 3
225 5763 24
4294 4579 29
4579 5285 32
5285 6641 12
2630 5883 44
5883 7458 41
3556 6126 44
708 6292 44
6292 9567 7
8780 6334 44
6334 6047 1
6047 6764 19
6764 1420 19
1420 3244 26
8433 6448 44
6448 7361 25
2216 6497 44
760 6596 44
4325 6627 44
6627 7501 37
2529 6713 44
6713 5229 28
5229 1666 20
3655 6738 44
2453 6960 44
3909 7001 44
1920 7050 44
7050 8557 34
5752 7056 44
7056 8514 42
6739 7066 44
7066 4746 32
4746 5601 17
5601 7668 28
7668 6175 1
7668 7870 26
7870 9277 10
4746 4127 37
4127 4114 30
5993 7158 44
7158 3069 40
3069 6813 2
3069 1296 6
1296 3164 14
3164 8715 6
8715 4125 8
1296 8620 18
4125 9913 33
3069 4861 41
4861 2675 34
2675 6715 39
147 7241 44
7241 4355 38
4355 3993 18
3674 7271 44
1210 7514 44
7514 9310 41
576 7629 44
7629 4258 41
246 7690 44
8098 7729 44
7729 720 2
720 5738 6
5524 7823 44
1910 7843 44
7843 5103 19
3587 8115 44
6094 8208 44
8208 4455 10
9821 8285 44
8285 2028 21
393 8321 44
572 8341 44
5059 8361 44
974 8518 44
8518 869 20
869 2315 22
869 178 32
1930 8558 44
8558 5012 15
9161 8820 44
2262 8851 44
4077 9138 44
9138 5713 42
4970 9145 44
9145 6118 21
6118 4064 21
9145 2592 34
9145 6339 40
6118 3979 43
3979 7144 17
9145 7128 43
4465 9356 44
9882 9692 44
2815 9997 44
61 145 45
6723 462 45
764 517 45
4146 544 45
544 4966 26
2845 677 45
2187 700 45
8581 1043 45
1043 1411 17
1043 7125 36
1411 1513 38
5424 1345 45
6365 1576 45
628 1604 45
1604 9783 23
3653 1726 45
9532 2178 45
2178 4492 36
1790 2494 45
2494 5185 5
3528 2651 45
2651 9874 15
2651 4935 28
4935 4874 14
9874 737 41
737 3449 39
9227 2687 45
2687 2009 4
8874 3062 45
497 3144 45
9861 3240 45
3240 3424 15
3424 4973 9
2058 3575 45
3575 6963 9
6963 8614 28
8614 3502 33
3502 4872 18
3502 3446 19
4872 6409 32
935 3707 45
7224 3750 45
1738 3918 45
3918 7573 32
3879 3953 45
4641 4052 45
8572 4177 45
1669 4241 45
2000 4253 45
2649 4434 45
9861 4444 45
298 4647 45
1510 4724 45
4724 7359 1
770 4813 45
4813 4501 6
4501 7792 7
7792 5442 1
7792 1762 21
1762 2060 10
5442 9501 28
4501 7952 36
2479 4896 45
4896 660 29
660 9652 1
6659 5230 45
5230 5332 34
829 5305 45
9112 5357 45
5357 324 20
5357 5861 20
5357 2661 21
324 4809 27
324 5310 28
5310 8406 21
324 1317 37
1317 9934 4
5861 2540 37
2540 9643 15
9643 773 21
773 2165 2
2540 6157 31
324 2276 42
2276 8108 15
8108 4369 10
2276 786 20
4369 4700 42
786 7372 42
2276 2471 44
9299 5494 45
4247 5639 45
5639 7166 27
7166 3788 10
3788 4649 5
5639 5117 37
1488 5857 45
2524 6057 45
1577 6131 45
7277 6267 45
5362 6272 45
6272 9816 12
306 6493 45
5803 6587 45
6587 7590 6
7590 7817 6
7590 6324 23
6324 7120 17
7590 4370 41
4370 261 10
4370 7653 39
7653 9426 23
6587 4777 43
6587 8177 44
5641 6590 45
4862 6613 45
6613 7443 5
295 6867 45
6867 4418 33
4418 867 23
867 8394 12
2054 6973 45
4987 7047 45
7047 1486 31
6978 7051 45
7051 4106 17
302 7154 45
7154 3771 39
194 7165 45
1660 7455 45
3278 7597 45
2612 7912 45
8885 7942 45
8801 8339 45
1903 8456 45
8456 6228 12
3445 8505 45
876 8559 45
8559 5138 43
5138 7511 33
9264 8560 45
5093 8624 45
3164 8894 45
6370 8992 45
8992 9802 40
9802 9806 11
8546 9120 45
7442 9274 45
1713 9618 45
9618 6112 34
7931 9678 45
9678 1867 16
9678 5226 32
5226 8082 8
9956 9683 45
9683 8648 41
1487 9741 45
2829 9885 45
1782 9970 45
4553 420 46
420 898 29
898 2928 3
2928 5970 6
898 5170 32
420 3676 33
1033 485 46
485 2852 2
595 642 46
565 648 46
2675 717 46
1606 847 46
488 927 46
927 2003 43
2003 602 4
602 3295 32
7595 955 46
955 4770 16
4770 7920 16
955 909 25
909 2663 44
2663 5440 36
4784 1377 46
153 1459 46
609 1463 46
115 1813 46
5170 2113 46
380 2247 46
7217 2285 46
2285 5791 18
2285 7031 38
1774 2318 46
4438 2408 46
2408 1538 25
2558 2457 46
2457 1746 28
1746 8964 14
1746 9041 18
1746 2914 27
4217 2579 46
3389 2608 46
2608 1394 3
2608 4124 30
4124 9817 18
3377 2799 46
262 3064 46
3064 8902 7
3064 4989 37
9341 3466 46
3466 2493 13
8233 3510 46
3510 6444 38
2467 3592 46
3592 4791 40
9430 3675 46
3675 4044 40
634 3704 46
3704 9760 9
3704 4223 15
4223 6295 5
3704 7067 26
3694 3760 46
266 4097 46
736 4173 46
4901 4320 46
4320 1614 32
5277 4335 46
7233 4367 46
4367 3447 11
9922 4450 46
4450 3342 4
6314 4461 46
9014 4536 46
913 4626 46
5566 4644 46
4644 152 17
152 1866 34
1866 5146 19
4644 8784 38
8784 6426 2
6426 8170 41
4967 4691 46
1252 4740 46
1279 4855 46
4855 8204 18
4855 2973 45
2845 4910 46
4910 2083 44
2083 2132 8
7044 4991 46
7360 5272 46
5272 3535 24
3535 3030 31
5272 7746 38
8293 5323 46
1481 5373 46
2022 5655 46
118 5674 46
2353 5747 46
5747 6235 6
4792 5766 46
5766 4871 35
4871 6302 1
5766 8386 38
84 5785 46
5785 8248 19
1803 5939 46
4616 6029 46
6029 745 21
6106 6033 46
5 6093 46
2906 6173 46
6173 8402 20
4908 6188 46
7192 6257 46
8864 6274 46
6431 6450 46
3177 6534 46
6384 6541 46
5183 6675 46
2733 6945 46
8843 6997 46
2089 7163 46
5358 7292 46
1626 7395 46
9464 7400 46
6958 7414 46
7414 8172 25
8172 1927 24
1927 6122 7
1927 6060 38
7857 7462 46
7462 692 16
1442 7534 46
5205 7709 46
2575 7796 46
7270 8063 46
472 8173 46
9371 8196 46
8196 4627 12
3689 8214 46
6328 8426 46
8426 9150 4
9150 7772 24
7772 3729 17
7313 8497 46
8497 9195 31
4503 8548 46
8548 9396 42
9396 8773 11
5054 8714 46
6433 8730 46
2629 8764 46
2245 8777 46
8777 9987 13
9987 3115 7
9987 7052 25
1808 8816 46
2988 8988 46
8988 9398 20
9095 9153 46
9153 7386 2
9153 9465 28
9465 8683 17
2945 9178 46
9178 3338 4
3338 4255 10
4255 4473 23
7135 9207 46
2058 9489 46
265 9595 46
716 9674 46
1358 9978 46
8469 168 47
168 4569 14
4569 7922 24
651 375 47
71 395 47
2636 466 47
466 9410 35
466 3351 44
6308 545 47
545 8727 32
61 587 47
587 4666 31
587 6714 36
2961 599 47
599 403 42
403 2804 2
9401 627 47
3840 851 47
2975 947 47
947 7748 6
947 248 39
248 1437 32
248 2056 37
1619 1373 47
5823 1379 47
9350 1655 47
1675 1695 47
3101 2048 47
1178 2196 47
1636 2330 47
6201 2578 47
4107 3040 47
1279 3054 47
268 3195 47
3195 8591 33
3195 3356 46
6962 3314 47
3314 4421 37
4421 5098 3
474 3323 47
1987 3454 47
3454 6218 26
3454 4071 31
2066 3487 47
3487 2678 32
3487 5894 46
8435 3554 47
3109 3669 47
1886 3774 47
8981 4087 47
2469 4531 47
9210 4564 47
4291 4590 47
3324 4854 47
7531 4915 47
4331 4968 47
4968 1024 5
4968 9908 39
4968 7173 46
3959 4998 47
8658 5116 47
5116 4134 34
6957 5279 47
1497 5400 47
3628 5538 47
5538 7312 33
1549 5632 47
7083 5633 47
3631 5651 47
5651 6708 43
960 5879 47
8327 5882 47
5882 5772 12
5882 4737 18
5882 8419 22
8419 9523 22
5882 6850 32
5882 3373 42
3373 1014 14
4737 9853 45
1067 5888 47
5888 2061 2
5888 7630 18
5888 6743 38
5425 6021 47
6021 5132 17
5332 6054 47
6054 8538 21
8538 5682 37
5682 7860 5
3370 6068 47
5941 6084 47
6035 6141 47
5767 6343 47
3869 6481 47
6481 3048 34
5574 6572 47
6572 2477 33
2477 8927 45
5742 6588 47
2392 6763 47
1942 6767 47
5047 6831 47
2707 7023 47
7023 4731 47
1472 7035 47
7009 7037 47
3807 7203 47
7203 6821 21
30 7204 47
2640 7305 47
7305 5872 2
357 7516 47
1685 7584 47
1928 7798 47
7798 8928 41
8928 663 40
663 3205 30
663 5243 38
6042 7836 47
2858 8025 47
9147 8031 47
8425 8101 47
4277 8260 47
8260 9696 9
4847 8512 47
5398 8716 47
8716 9413 40
3214 8744 47
7111 8860 47
5425 9006 47
9006 5512 25
5702 9224 47
1486 9265 47
7015 9495 47
4114 9669 47
2350 9706 47
5463 9721 47
277 9950 47
193 667 48
667 1781 17
1781 5427 15
667 1468 28
3296 749 48
749 6303 4
6303 4820 10
4820 5341 8
471 813 48
3877 837 48
9934 894 48
4559 1209 48
1209 2094 31
1267 1261 48
1261 4659 11
1261 8755 13
1261 1247 45
1261 4101 47
9284 1278 48
1278 2417 38
7099 1439 48
863 1700 48
2840 1766 48
1766 8020 1
1766 7112 4
1766 9786 4
8020 7845 34
7845 7441 43
7441 7231 35
7231 8205 20
8205 3426 43
3426 4432 6
3676 1989 48
1989 6658 29
281 2082 48
2082 2670 8
2670 4599 3
2082 9054 18
7368 2235 48
2235 2462 40
2462 2835 8
2835 9201 2
2462 9281 8
2835 8216 35
4500 2290 48
2290 903 27
903 2727 25
2727 5898 13
5898 9966 10
2290 4723 43
7767 2389 48
2389 8698 24
1437 2572 48
1014 2751 48
9730 2981 48
2981 3944 5
517 3120 48
3120 2496 18
3121 3504 48
1161 3730 48
3730 1877 48
1877 2691 16
2691 6011 14
2926 3987 48
3987 6320 10
3987 799 43
1114 4078 48
8375 4200 48
1243 4530 48
459 4637 48
8925 4660 48
9574 4759 48
2420 4888 48
4888 2800 14
653 5251 48
909 5349 48
4373 5564 48
164 5736 48
3974 5854 48
5854 730 35
730 4689 28
4689 4191 3
4336 5871 48
5871 4824 25
5871 3998 44
1909 6078 48
4599 6222 48
2491 6360 48
6627 6471 48
8572 6539 48
8119 6611 48
6611 9030 11
6611 4162 38
4162 1681 33
3839 6654 48
1753 6679 48
7488 6742 48
6742 7236 7
7934 6856 48
6856 5240 42
3853 6994 48
6994 8438 15
6994 9323 43
2149 7057 48
7551 7081 48
6037 7122 48
10 7348 48
6019 7356 48
3771 7546 48
7546 5851 41
209 7606 48
7477 7739 48
1946 7761 48
7761 6375 23
5736 7797 48
7843 7804 48
5486 8308 48
2923 8625 48
8891 8837 48
963 8841 48
8841 893 35
7213 8989 48
2358 9079 48
6321 9221 48
3555 9241 48
8963 9295 48
1636 9316 48
4518 9357 48
9357 9756 5
1372 9449 48
5041 9450 48
3138 9554 48
2181 9561 48
9561 4725 17
4725 1086 4
1086 3319 14
3319 8882 2
1086 7267 16
9561 2957 39
3202 9625 48
9625 709 15
709 8618 48
3537 9633 48
9633 9435 32
9633 6276 33
6276 7724 19
6944 9866 48
5088 9907 48
9907 3467 26
3467 6829 12
3467 6584 35
4857 9917 48
9453 370 49
1384 399 49
399 1337 10
6743 621 49
2943 821 49
821 412 1
412 4286 35
4286 5215 25
4533 860 49
860 9167 17
3309 899 49
2368 1071 49
525 1159 49
1128 1187 49
151 1559 49
1559 2544 20
2544 3060 13
1559 7371 23
3060 7905 29
7905 836 32
2544 6913 36
3051 1567 49
1567 1723 32
1723 9961 2
2625 1638 49
219 1716 49
1782 1871 49
9778 1957 49
1190 1961 49
4320 1995 49
2844 2092 49
5350 2142 49
2142 5208 33
5208 9494 23
2142 5525 42
9494 835 49
835 3118 24
3118 2527 26
9217 2361 49
918 2382 49
2287 2604 49
2604 7618 35
1602 2646 49
325 2750 49
1509 2774 49
5981 2780 49
3969 2997 49
2997 3794 19
2997 4190 20
3794 8671 47
9869 3094 49
3094 3961 15
3961 5912 20
1172 3680 49
1285 3751 49
3751 6490 10
3751 3650 15
3650 5585 16
5585 9105 33
9105 2560 9
2560 1648 45
298 3980 49
4336 4174 49
1959 4383 49
7497 4630 49
5167 4766 49
4766 6144 5
1379 5145 49
4995 5407 49
6278 5748 49
9419 5890 49
5890 7790 40
2307 5942 49
1864 6056 49
9777 6124 49
4566 6507 49
1629 6620 49
6620 9059 12
6620 8080 19
8080 7205 1
9345 6752 49
6752 8756 15
2978 6848 49
4242 6931 49
1227 6934 49
6934 6208 39
1692 7065 49
3378 7156 49
7156 8036 4
8036 8643 1
8643 1504 17
3141 7180 49
8066 7326 49
8204 7352 49
5528 7436 49
1247 7662 49
4059 7667 49
7744 7680 49
3949 7867 49
1646 7966 49
5378 8046 49
7632 8291 49
6658 8413 49
8413 9251 7
8413 3421 45
5652 8547 49
8547 1689 31
22 8748 49
134 8867 49
5965 9384 49
9946 9387 49
1799 9416 49
663 9764 49
9764 5827 24
9764 5969 29
5969 4709 38
4331 9831 49
5139 9927 49
1304 9973 49
6560 9990 49
9990 3233 23
3233 4210 4
3233 1050 40
9990 9077 44
9077 8134 48
9 43 50
43 53 9
53 5873 32
5873 3850 5
5873 4361 32
3850 3995 33
3850 3340 38
3340 8666 14
3340 6876 16
1046 345 50
345 3531 44
206 460 50
460 2597 15
1201 940 50
2566 1224 50
1224 5150 1
1224 5629 22
726 1277 50
5890 1583 50
1583 9676 14
1583 4948 41
7765 1594 50
1594 744 27
4817 2011 50
1814 2055 50
7297 2311 50
1839 2497 50
2497 4272 9
4272 9344 18
4272 7054 49
1618 2568 50
2568 5603 46
5603 9702 7
1000 3362 50
3362 5626 6
5626 9895 46
2412 3372 50
3372 9675 26
9675 9022 22
9022 5396 26
5396 3896 18
5537 3533 50
2109 3752 50
2634 3983 50
1484 4048 50
6827 4105 50
4461 4176 50
6001 4741 50
7809 4938 50
5132 4955 50
1808 4992 50
5166 4996 50
4996 6687 30
300 5175 50
2907 5214 50
6047 5402 50
5402 3758 25
3758 746 48
3244 5438 50
2363 5581 50
5581 5140 36
5140 9843 20
5140 4063 34
4063 7380 23
4280 5625 50
4680 5640 50
5640 1433 28
2824 5802 50
4222 5988 50
4980 6129 50
4387 6191 50
4833 6203 50
8422 6570 50
6570 7437 48
5014 6648 50
7871 6795 50
6795 5599 38
5599 5451 15
5599 9381 27
6795 5467 40
4733 6833 50
7065 7070 50
7070 2626 2
609 7075 50
8233 7084 50
7084 9445 9
7084 9538 40
9538 2157 11
7752 7286 50
2661 7450 50
7072 7493 50
3957 7549 50
9410 7582 50
9756 7685 50
2285 7714 50
7714 6622 17
438 7864 50
7596 7987 50
7987 7108 24
3856 8130 50
309 8131 50
6940 8333 50
8333 9237 17
9237 6424 13
4716 8644 50
8644 7604 12
1130 8979 50
4932 9013 50
8562 9101 50
7112 9275 50
2035 9348 50
9348 5703 28
6474 9458 50
712 9507 50
9507 1731 2
1871 9529 50
7077 9640 50
5438 9704 50
4157 9795 50
9795 6735 14
9905 9938 50
3547 351 51
237 787 51
1148 1254 51
8722 1428 51
6111 1540 51
1540 9889 4
9889 4032 44
4032 3706 8
3706 8210 13
8210 8877 48
8877 3228 1
3212 2073 51
2073 1881 45
1263 2278 51
2278 6925 36
393 2377 51
2377 9068 3
2377 3193 26
3193 2263 46
1770 2720 51
2079 2859 51
2859 8896 25
2053 3002 51
3002 6746 41
765 3161 51
8815 3677 51
2510 3744 51
4132 4560 51
3210 4571 51
2463 4593 51
4593 4382 9
584 4730 51
2966 5001 51
5001 6453 38
6453 8316 32
50 5124 51
4932 5265 51
5265 9082 18
5265 2215 51
146 5308 51
2064 5324 51
7593 5389 51
6472 5478 51
2437 5488 51
5488 3822 17
542 5696 51
697 5751 51
2791 5949 51
228 6043 51
8566 6544 51
6544 2516 35
1864 6809 51
2246 6844 51
6605 7183 51
1875 7309 51
2225 7385 51
7385 8749 25
8749 6705 4
6705 9491 9
7385 6376 35
2120 8006 51
7169 8580 51
7554 8732 51
960 8961 51
8961 5612 37
8961 8090 51
3408 8985 51
7849 9151 51
5138 9208 51
4520 9307 51
9874 9614 51
9614 2355 19
100 9805 51
8353 9916 51
9916 3155 45
3155 789 14
2419 9957 51
9957 2909 6
5615 9980 51
5517 66 52
66 9928 28
66 8994 35
274 235 52
5066 543 52
543 5671 51
1055 910 52
910 1158 11
1158 6903 12
910 8462 39
6903 5705 40
3190 912 52
7120 973 52
957 1271 52
1271 7771 12
7771 1705 22
1266 1795 52
1795 3939 32
3939 5492 11
2283 1825 52
1632 1907 52
1229 2018 52
2092 2221 52
2221 8418 2
2221 3393 39
1428 2328 52
2328 3652 14
2328 7696 25
3652 501 41
7696 2038 52
9660 2580 52
509 2775 52
2775 3453 4
2789 2796 52
3094 3182 52
385 3199 52
2182 3936 52
9821 4245 52
4245 2970 30
2970 1552 25
1552 739 2
2970 9459 33
739 3075 40
3075 7708 9
7708 9164 7
2970 4535 43
2970 8351 50
2328 4491 52
7221 4515 52
8417 4651 52
4651 3870 35
7183 4718 52
4780 4749 52
4737 4757 52
4757 9998 11
1341 4832 52
1146 4848 52
4848 4493 44
4493 4962 14
1668 4867 52
4688 4986 52
1169 5096 52
3025 5523 52
2333 5631 52
5631 6805 8
5631 4437 20
4437 4937 20
4937 7287 11
5631 7045 48
4794 5699 52
5699 7642 49
7890 5793 52
5793 6800 7
5793 8812 14
511 5816 52
5816 5092 11
4705 6009 52
3005 6275 52
2773 6707 52
4799 6769 52
6769 8893 44
2747 6891 52
7667 6926 52
8196 7250 52
1912 7355 52
7355 5973 25
7538 7505 52
7505 7969 16
1599 7795 52
7795 9834 21
9834 7316 49
7555 7887 52
7887 7542 20
7887 9743 43
7542 4476 47
4476 2341 27
8631 7911 52
2774 8114 52
2554 8239 52
8239 6906 42
8239 7635 43
7635 7375 3
6734 8383 52
2683 8446 52
1982 8467 52
3066 8582 52
79 8828 52
8828 9829 6
9829 6510 28
8828 5472 44
8708 8839 52
9898 9007 52
9007 5169 39
832 9016 52
9016 2974 17
2974 9734 50
7034 9173 52
5175 9330 52
9330 6487 27
6487 6880 43
5021 9386 52
9084 9423 52
7434 9568 52
9568 4677 20
9568 2617 32
715 9856 52
195 239 53
500 408 53
5135 446 53
446 7237 32
335 536 53
1877 680 53
220 748 53
748 3480 50
7757 856 53
856 702 51
2367 990 53
2461 1129 53
202 1165 53
2537 1325 53
1325 8731 25
2045 1519 53
4138 1556 53
497 1635 53
592 1741 53
1741 3917 42
1709 1852 53
7085 1973 53
695 1977 53
1230 2030 53
1051 2071 53
3141 2281 53
1795 2499 53
2499 3033 27
1164 2709 53
1784 2734 53
6416 2795 53
3175 2874 53
2874 7783 35
7783 5968 20
5968 9857 9
2874 6402 40
695 3039 53
8629 3325 53
3325 5293 34
2542 3349 53
5014 3380 53
3573 3768 53
2388 3775 53
3775 4469 25
2769 3889 53
1890 4090 53
2672 4426 53
4426 8890 19
6500 4470 53
1283 4786 53
839 4844 53
4844 9931 10
9931 4785 13
1838 4849 53
4849 1113 51
1113 1458 42
2189 5123 53
1131 5131 53
4433 5337 53
4189 5588 53
7946 6059 53
1034 6202 53
6202 7208 21
485 6297 53
6297 7469 26
7469 7832 29
7832 2264 6
7832 9886 16
4414 6392 53
6392 7607 10
4061 6422 53
5852 6435 53
9567 6442 53
3957 6514 53
5162 6606 53
4063 6629 53
3548 6740 53
6740 9745 27
8322 6751 53
5250 6950 53
4290 7013 53
6004 7137 53
2260 7159 53
7159 575 37
575 4748 7
575 5994 9
5994 1298 11
5994 9823 22
4742 7329 53
4040 7379 53
7379 7726 21
1429 7624 53
7144 7727 53
2023 7834 53
205 8179 53
8179 5597 36
4404 8310 53
8310 7227 40
4410 8551 53
9803 8552 53
5064 8743 53
6399 8823 53
4460 8903 53
82 8932 53
8932 1333 34
8932 5513 47
4216 9285 53
4585 9544 53
2169 9732 53
7085 9789 53
6945 9796 53
9433 9993 53
9993 7288 36
256 210 54
309 539 54
634 579 54
579 9133 9
1206 926 54
926 5449 10
1867 1354 54
1354 6869 1
637 1677 54
3062 2293 54
215 2433 54
6822 2798 54
2798 4203 8
4203 6062 14
6062 6316 21
6316 9531 49
573 2937 54
310 2940 54
9069 2962 54
2962 7055 20
2962 9929 37
1523 3024 54
8547 3307 54
2012 3406 54
5714 3450 54
3450 4141 43
2498 3507 54
1329 3539 54
6752 4031 54
8265 4187 54
2671 4198 54
6995 4271 54
4271 919 12
919 1376 33
1376 8427 4
7878 4284 54
4284 6211 23
1285 4313 54
4313 4490 25
2778 4675 54
6144 4823 54
7437 5068 54
5068 4178 52
9390 5115 54
2703 5560 54
3772 5773 54
6952 5786 54
5786 305 15
5786 5984 29
5372 5844 54
5161 5853 54
5853 6169 6
3975 5907 54
5552 5933 54
4031 6187 54
6464 6252 54
775 6329 54
4771 6352 54
6352 6121 14
6121 5644 12
5644 4311 6
4311 269 31
269 8545 40
4311 6486 48
8984 6377 54
2267 6558 54
4980 6772 54
52 7253 54
1322 7406 54
2051 7427 54
8317 7445 54
8411 7453 54
3491 7816 54
1001 8086 54
7733 8180 54
709 8264 54
7443 8267 54
5216 8337 54
5230 8346 54
8346 2300 3
5724 8957 54
5675 9110 54
3666 9437 54
9367 9443 54
5589 9473 54
8713 9536 54
214 9540 54
3851 9559 54
3056 9758 54
6662 9892 54
9667 9954 54
3141 9989 54
1589 510 55
510 5937 22
510 9412 50
69 652 55
3915 959 55
959 8918 53
209 1075 55
1075 8753 19
2231 1245 55
4100 1499 55
1499 9505 1
1499 6250 51
311 1527 55
1527 6236 42
6236 8881 18
0 1539 55
1539 1837 54
6361 1548 55
1548 7884 47
590 2173 55
1801 2249 55
2249 5983 4
7919 2299 55
2299 7951 30
561 2765 55
934 2932 55
1468 3151 55
178 3337 55
2784 3614 55
9437 4136 55
3192 4256 55
4256 6933 17
4256 7463 48
7896 4307 55
4307 9738 28
202 4345 55
4345 7496 4
4345 8719 8
8347 4586 55
2178 4891 55
3360 4898 55
4898 2160 1
8255 5171 55
3004 5174 55
349 5200 55
8882 5325 55
7203 5329 55
2801 5709 55
2089 5865 55
1860 5905 55
6684 5997 55
8171 6332 55
6332 2033 16
3742 6470 55
6470 9525 22
3810 6617 55
6617 7679 26
6617 1874 30
1238 6949 55
6949 7627 53
1575 6969 55
6969 4390 26
6520 7290 55
8979 7298 55
3778 7353 55
9940 7543 55
3686 7598 55
213 7829 55
5426 7950 55
5897 8102 55
3147 8218 55
857 8323 55
8323 9205 13
6784 8338 55
5638 8403 55
4186 8675 55
8675 7481 46
3467 8676 55
722 8759 55
1167 8775 55
8775 3981 36
4332 9179 55
5241 9225 55
9225 7599 19
7599 7143 30
1878 9279 55
8865 9406 55
9406 7762 20
5463 9508 55
9083 9528 55
7552 9642 55
4885 9769 55
4830 9858 55
4174 845 56
1524 1702 56
1702 7134 55
2753 1809 56
1809 6155 39
5672 1832 56
662 1933 56
2699 2057 56
2057 6099 49
6259 2144 56
2144 5576 25
5576 6533 21
1879 2197 56
2197 8895 41
1719 2258 56
4730 2366 56
428 2484 56
2484 8449 10
2484 133 14
111 3103 56
3103 3474 38
3474 8345 8
3474 9213 17
1300 3178 56
6970 3229 56
4113 3401 56
2440 3524 56
8339 3695 56
9330 4201 56
1932 4517 56
6696 4583 56
5285 4679 56
35 4685 56
87 4690 56
4690 5232 5
357 4739 56
4739 3542 23
853 4769 56
4769 5647 20
2765 5133 56
3157 5298 56
5298 6115 1
5298 8795 52
1003 5455 56
6463 5496 56
4494 5604 56
4050 5962 56
1635 6227 56
6227 1446 32
146 6309 56
1595 6335 56
6335 3497 9
3497 3383 29
3497 6207 29
6207 8688 3
8688 9370 19
9370 9037 24
9370 9434 30
623 6593 56
3687 6601 56
2002 6782 56
2740 6993 56
4608 7223 56
7223 1550 5
1643 7299 56
4198 7330 56
1502 7391 56
2359 7745 56
3423 8222 56
2096 8223 56
8223 3715 35
4788 8268 56
4445 8280 56
7628 8468 56
4362 8597 56
8597 5960 11
5191 8871 56
9501 9218 56
9218 2478 40
1364 9286 56
9286 4366 14
8362 9594 56
9594 8574 3
8574 6724 18
8574 3805 42
3805 9296 43
4905 9979 56
9979 8710 26
159 865 57
3647 1464 57
1842 1836 57
1940 2134 57
1150 2291 57
2291 4881 4
2402 2506 57
3085 2653 57
2653 1501 14
1501 1095 54
973 2682 57
1201 2705 57
3453 2927 57
2875 3012 57
994 3112 57
1493 3122 57
3122 4581 3
2721 3235 57
3235 8306 55
2825 3376 57
3375 3431 57
5352 3517 57
2056 3765 57
7653 3812 57
3812 5627 7
6771 4049 57
4049 5225 44
9756 4122 57
1979 4778 57
4778 5730 9
4778 1005 24
5730 4619 31
1401 5382 57
5382 1265 29
5382 7958 46
1358 5559 57
4699 5591 57
21 5841 57
2051 6220 57
151 6310 57
7948 6331 57
8961 6592 57
3479 7025 57
6253 7062 57
7062 5013 48
5013 4193 57
2298 7304 57
943 7451 57
4936 7479 57
3371 7512 57
7512 7852 31
7852 7576 22
7576 9005 31
7576 8930 44
6983 7732 57
6487 7978 57
5558 7990 57
7116 8030 57
9508 8343 57
8343 7150 9
158 8803 57
1427 8909 57
4378 9603 57
9603 9919 12
9603 271 27
271 1218 27
1218 9537 31
5235 9716 57
7374 9837 57
7091 9909 57
5345 9960 57
29 160 58
160 7725 1
535 594 58
594 3435 19
3435 2668 51
2668 2902 28
514 809 58
809 4151 32
3284 872 58
3542 1036 58
187 1045 58
142 1351 58
1351 7789 54
7789 3561 35
3561 8269 16
1598 1417 58
338 1526 58
1526 2365 14
2365 2312 5
2312 4330 17
4330 5522 40
133 1916 58
1066 2027 58
2027 9723 31
9723 4030 40
4017 2119 58
4637 3223 58
6674 3226 58
2985 3605 58
3605 7566 57
8066 3662 58
3 3665 58
3192 3886 58
1367 3925 58
2985 4109 58
4109 4279 4
4279 8747 22
148 4344 58
1156 4400 58
4400 8156 44
2179 4436 58
1621 4624 58
1565 4914 58
4335 5073 58
5073 7186 7
5073 8112 52
4299 5245 58
770 5259 58
4674 5691 58
5338 5848 58
5848 7902 30
700 5874 58
5401 5958 58
5958 4776 27
4776 7461 45
4776 5643 56
3637 6092 58
6092 9926 19
7524 6096 58
6096 4762 43
9803 6204 58
3986 6307 58
6307 9270 52
6044 6432 58
113 6765 58
6765 8242 42
8242 4135 53
4135 7545 22
6913 7049 58
7215 7465 58
1460 7506 58
8963 7897 58
8592 8024 58
5637 8049 58
5274 8065 58
3515 8501 58
2265 8768 58
3792 8967 58
7168 9009 58
9009 6830 24
6830 5668 28
5668 6781 15
4776 9047 58
3913 9514 58
3566 9873 58
2843 9881 58
509 9887 58
6386 9888 58
8666 9991 58
9039 394 59
176 540 59
7146 756 59
756 807 27
893 1105 59
835 1214 59
1214 2108 34
1214 3498 47
2909 1216 59
1216 7821 48
6228 1355 59
1355 1998 31
1998 6192 18
1998 3232 53
3232 6113 22
1466 2190 59
2190 4115 26
4115 9724 57
9590 2351 59
2351 1826 54
1826 6898 21
1826 2500 49
2500 2600 26
6690 2519 59
2053 2761 59
1336 3130 59
695 3437 59
2715 3441 59
5902 3550 59
3550 2159 26
2159 4043 46
4043 7910 20
3507 3899 59
7460 3966 59
3966 6581 53
172 4075 59
2280 4269 59
7432 4392 59
4392 6357 4
4392 2890 42
4392 9577 43
9577 1042 28
2159 4422 59
1446 4695 59
3694 4868 59
4868 4012 35
4161 4916 59
9489 5069 59
4334 5228 59
5228 9992 11
5228 4988 33
4572 5415 59
5114 5446 59
331 5491 59
1337 5787 59
5787 7032 27
7032 979 1
2418 6005 59
9316 6305 59
9696 6410 59
6410 6020 1
6020 1431 18
3128 6445 59
4725 7161 59
4443 7813 59
8267 7949 59
7949 8300 35
8300 998 4
2714 8023 59
6239 8126 59
2592 8188 59
6940 8281 59
1465 8342 59
3901 8453 59
1929 8680 59
8680 5891 42
8534 8793 59
2601 8799 59
4220 8959 59
5656 9056 59
9887 9414 59
618 735 60
1338 798 60
798 448 41
448 2854 22
448 4796 37
7628 1145 60
894 1233 60
1346 1378 60
1690 1698 60
4326 3364 60
3014 3838 60
1796 3900 60
3900 2738 31
3900 5046 33
2738 5301 59
4760 4158 60
914 4230 60
3111 4542 60
1421 5112 60
2151 5179 60
5179 1328 28
5179 8136 46
8130 5397 60
498 5489 60
2816 6071 60
5192 6243 60
2977 6280 60
1255 6293 60
5125 6451 60
5841 6650 60
3548 6667 60
2915 6899 60
5755 7328 60
4316 7419 60
6937 7448 60
7448 4259 16
6294 7560 60
9462 7658 60
3457 7769 60
5386 7785 60
7785 5134 31
3918 7807 60
7412 7825 60
6933 8232 60
8232 7335 33
179 8245 60
5108 8526 60
5678 8712 60
7839 8831 60
7340 8835 60
3965 8872 60
6944 8914 60
7732 9043 60
5277 9064 60
9064 7865 25
9064 9616 57
6036 9119 60
6630 9305 60
2371 9617 60
341 9646 60
8350 9713 60
6375 9754 60
429 9766 60
591 9902 60
9902 815 39
815 2888 21
815 8181 22
339 314 61
1114 1287 61
2915 2406 61
2353 2475 61
2475 5547 34
2475 4565 48
2168 2520 61
4307 2732 61
2147 2853 61
1346 2964 61
8512 3185 61
3185 4205 20
3185 2271 49
2271 9289 27
9289 3011 9
8660 3260 61
641 3272 61
3272 1470 47
1470 6230 13
6230 1923 44
3848 3283 61
5628 3302 61
3302 6285 26
219 3793 61
2329 3808 61
7828 4057 61
1204 5622 61
936 5828 61
5828 8121 6
8407 5985 61
1853 6359 61
4301 6378 61
5701 6603 61
827 6721 61
4921 6731 61
1865 7293 61
1851 7676 61
1735 7693 61
2159 7768 61
8566 8000 61
318 8081 61
486 8401 61
6819 8405 61
8149 8542 61
8542 8856 7
2182 8589 61
8589 7100 29
2034 8776 61
8298 9026 61
9026 8191 10
3233 9351 61
7119 9399 61
1946 9481 61
9481 7423 20
7423 1759 27
9481 5224 44
5224 6516 36
3122 9653 61
845 9727 61
8498 9883 61
9883 4840 28
5931 9894 61
842 414 62
3093 521 62
521 4153 38
171 640 62
190 1590 62
1813 1948 62
2961 2468 62
7020 2476 62
2476 6505 58
2544 2573 62
9003 3968 62
3968 8071 6
3968 6718 17
4917 4102 62
4102 9395 21
4752 4204 62
2871 4246 62
7323 4297 62
2039 4727 62
4727 6677 6
4727 1119 58
1119 2577 54
2577 7536 47
5287 4939 62
1583 5038 62
5038 8693 9
4851 5082 62
5082 6908 35
2165 5231 62
7294 5394 62
4933 5458 62
2426 5563 62
2690 5784 62
5784 9688 21
9078 6120 62
8684 6149 62
6149 7026 8
4543 6221 62
6221 3522 60
2931 6669 62
3732 6717 62
6717 8662 6
8662 7242 1
6717 3754 19
3754 4086 14
4086 4521 8
1190 6737 62
7040 6776 62
5695 6915 62
6100 6977 62
251 7076 62
5857 7089 62
8621 7513 62
4647 7520 62
6081 7614 62
2747 7615 62
1189 7651 62
7651 5129 5
7651 9845 31
3454 7722 62
3767 7811 62
8623 7901 62
7221 7993 62
7118 8389 62
6065 8528 62
5400 8725 62
9780 9020 62
3529 9219 62
9219 4365 8
7764 9456 62
925 9527 62
8436 9685 62
9408 9770 62
1055 9867 62
9867 6002 28
7078 9941 62
9173 9972 62
814 445 63
445 8861 2
3517 671 63
671 7699 43
2709 1015 63
3893 1438 63
4196 1507 63
993 1514 63
303 1751 63
1515 1863 63
1863 9278 43
8238 2110 63
1450 2228 63
162 2305 63
2305 9914 45
1757 2415 63
6466 2588 63
9575 2886 63
2886 9228 18
4064 2939 63
1486 2993 63
1226 3070 63
1407 3690 63
3690 7494 10
3647 3721 63
7023 3735 63
3735 5520 49
4406 3798 63
9679 3992 63
3992 3189 28
7237 4430 63
2084 4738 63
4738 6522 40
472 4985 63
2626 6061 63
1762 6145 63
2392 6283 63
6283 3635 26
179 6485 63
6485 7147 7
2042 6547 63
6547 7489 28
8353 7000 63
553 7646 63
4426 7704 63
8872 7751 63
884 7824 63
140 7981 63
7981 5418 32
7035 8034 63
1902 8258 63
8258 8575 43
8098 8786 63
6358 8855 63
9738 8906 63
6603 8926 63
6818 9204 63
154 9255 63
8400 9301 63
9301 2861 26
7567 9504 63
9504 9944 55
9504 9121 62
166 9915 63
6703 9955 63
6352 9967 63
3059 9999 63
2754 328 64
3822 831 64
831 8380 14
263 1087 64
1087 5565 3
2689 1627 64
7752 1831 64
882 1835 64
1835 9157 30
7479 1917 64
2059 2502 64
3870 2892 64
2892 9840 44
1975 3496 64
3182 4713 64
3308 4747 64
2899 4815 64
9746 4902 64
9758 4941 64
5291 5010 64
1537 5016 64
7056 5048 64
5048 3837 37
5546 5063 64
5063 4379 53
4379 5276 31
491 5395 64
3293 5406 64
6368 5881 64
3672 6049 64
3882 6254 64
1173 6404 64
6467 6437 64
8747 6517 64
6517 2546 26
6517 8651 29
5672 6796 64
5515 6888 64
3949 7851 64
7851 8398 24
7634 8217 64
2604 8230 64
8173 8261 64
8261 9569 47
9569 8106 37
8106 7610 20
5848 8466 64
7546 8515 64
6326 8596 64
1258 9058 64
7112 9149 64
659 9366 64
3874 9411 64
5172 9431 64
2149 9461 64
9612 9624 64
7991 1064 65
2476 1082 65
932 1761 65
2167 2041 65
2102 2410 65
3667 2533 65
3587 2545 65
5432 2870 65
1185 2891 65
1213 3061 65
3061 7647 54
2218 3469 65
5935 3580 65
2841 3940 65
3940 7526 55
605 4308 65
2425 4360 65
1263 4761 65
3297 4764 65
1363 4829 65
2262 5296 65
6996 5768 65
9877 5809 65
5809 4126 47
5809 6697 51
5063 5836 65
7984 5880 65
5880 6814 42
1110 5992 65
6708 6031 65
6031 7214 31
7214 9682 45
7214 8167 55
7164 6079 65
8073 6110 65
4216 6397 65
4943 6573 65
3546 7200 65
5178 7324 65
4413 7332 65
9606 7363 65
7363 1704 14
7363 8157 29
4157 7429 65
8619 7484 65
7484 1983 57
3616 7826 65
4047 8018 65
4700 8026 65
1660 8367 65
4391 8567 65
2172 8796 65
8796 2660 24
8796 7063 58
9921 8830 65
772 8929 65
8929 9331 50
9331 8746 42
8726 9061 65
9061 9141 49
7112 9182 65
7114 9202 65
9788 9336 65
9336 5346 64
2147 9354 65
4056 9375 65
3073 9639 65
7472 9774 65
766 9819 65
4501 929 66
929 1010 2
1010 1400 40
1055 1163 66
1230 1496 66
3913 2208 66
1670 2259 66
3994 2616 66
2616 8825 15
2660 2685 66
3383 2838 66
2838 1786 43
531 3264 66
3264 4539 4
6951 3563 66
3563 5156 2
5156 9349 7
5156 6255 33
3748 3618 66
3108 3945 66
2747 4511 66
6611 5334 66
5334 3329 9
5131 5471 66
4145 5967 66
3199 6104 66
5231 6299 66
423 6344 66
3266 6387 66
6858 6968 66
3672 7155 66
1379 7175 66
6065 7188 66
5023 7369 66
2140 7544 66
7309 7563 66
8991 7640 66
312 7755 66
5232 8294 66
8294 4270 64
1585 8536 66
3906 9000 66
552 9046 66
4106 9146 66
6881 9223 66
9223 3789 16
2088 9636 66
4063 9747 66
947 9757 66
7150 977 67
977 2706 43
671 1413 67
1413 8473 13
6422 1498 67
299 1620 67
7261 1649 67
1754 1802 67
1478 2100 67
9694 2464 67
2464 6798 5
179 2511 67
1968 2781 67
2781 5706 11
2781 6775 62
232 3257 67
4594 3404 67
843 3644 67
60 3790 67
5694 4150 67
418 4487 67
138 4754 67
3521 4834 67
1019 4953 67
4953 8100 22
4953 6010 31
4165 5433 67
52 5557 67
5557 8430 63
868 5613 67
6186 5832 67
638 5917 67
5917 3664 16
3996 6846 67
6739 6912 67
5613 7362 67
1727 7378 67
3244 7392 67
6222 7515 67
7515 2004 39
2335 8146 67
492 8585 67
9726 8986 67
4999 9065 67
5240 9596 67
5534 9719 67
8975 9942 67
235 397 68
397 3568 17
3470 1688 68
42 1755 68
1430 1848 68
2828 2070 68
6928 2354 68
3260 3113 68
3113 8667 11
3113 9623 15
3113 5443 63
431 3163 68
3106 3200 68
3205 3500 68
3585 3642 68
1151 3916 68
5933 3991 68
2368 4000 68
4000 5053 6
3106 4076 68
2912 4343 68
3061 4357 68
1067 4467 68
2566 4587 68
4587 6446 3
1618 5233 68
5595 5578 68
5790 5761 68
7801 5774 68
3754 6182 68
6182 2194 66
4992 6270 68
6270 7468 54
27 6555 68
3381 6608 68
6670 6709 68
6709 9672 6
4967 6733 68
1772 7004 68
8431 7557 68
842 7671 68
5600 8059 68
7696 8079 68
3351 8176 68
8176 7476 47
9219 8207 68
5863 8236 68
4118 8246 68
5949 8313 68
3286 8962 68
8962 5246 16
5246 7082 68
7530 8990 68
8990 9358 59
8990 7495 64
2425 9648 68
8108 9900 68
4800 9939 68
153 1806 69
1806 9318 49
1 2702 69
3372 2860 69
2150 3023 69
3023 3643 49
6691 3027 69
9525 3159 69
3316 4232 69
1327 4883 69
2571 5348 69
5570 5636 69
974 6022 69
3090 6564 69
6564 9681 65
5956 7104 69
3908 7341 69
3606 7478 69
8826 7492 69
3793 7519 69
9125 8141 69
5550 8568 69
6688 8610 69
8610 2385 2
2300 8673 69
5847 8824 69
921 9397 69
9397 8910 10
4754 9407 69
4584 9709 69
4379 937 70
390 1533 70
1533 9533 62
7013 2758 70
5376 3156 70
3290 4020 70
6364 4610 70
4610 7421 17
2940 4617 70
7259 5657 70
9237 6362 70
6362 7665 63
166 7446 70
349 7609 70
316 8745 70
1563 8866 70
9081 9212 70
4486 9313 70
5037 9748 70
3299 9949 70
1092 1297 71
271 1522 71
2406 1707 71
942 1859 71
1859 5075 29
1859 5312 44
5312 5660 34
5312 6136 34
5075 5335 54
1638 2452 71
2452 5886 68
5799 2556 71
8593 2669 71
8509 2785 71
5125 3254 71
1133 3685 71
744 4144 71
1272 4380 71
5999 4865 71
2020 5199 71
4232 5211 71
1548 5381 71
5381 6506 26
1446 5819 71
8367 6282 71
5518 6311 71
6311 6337 56
6337 2200 52
9052 7571 71
7571 2752 55
3833 7749 71
2552 7959 71
3633 7986 71
7986 7064 25
7391 8033 71
3575 8399 71
8399 2827 45
4459 8752 71
1726 9591 71
5646 9838 71
37 1494 72
1494 5743 67
872 2112 72
4030 2332 72
9218 4706 72
4706 6835 6
9515 4956 72
4956 4304 68
934 5198 72
689 5221 72
5221 7568 31
9831 5286 72
2810 5420 72
2054 5758 72
9942 6087 72
6087 8068 25
6087 9952 58
5539 6363 72
6184 6420 72
2542 7650 72
4832 7842 72
2149 7847 72
2576 7970 72
7970 8302 21
8866 8257 72
1478 8358 72
8533 8808 72
6495 8915 72
3117 9189 72
9189 9935 37
4884 9306 72
2772 9578 72
4922 9601 72
861 391 73
467 477 73
1460 1661 73
715 2162 73
6757 2302 73
2912 3236 73
1544 3636 73
8045 3731 73
3731 1299 24
1849 3781 73
3781 7080 6
1901 5469 73
307 6046 73
6046 7239 70
7239 7574 40
5010 6604 73
1663 6868 73
6410 7053 73
4704 7094 73
6996 7228 73
9460 7605 73
3932 7835 73
7835 3355 45
3123 7945 73
8710 8140 73
3317 8458 73
4049 9451 73
9451 4635 38
8605 9750 73
9750 2429 42
2898 9781 73
8670 9903 73
563 1773 74
2830 2913 74
214 3133 74
3262 3173 74
337 3292 74
4244 3583 74
2302 4094 74
2169 4484 74
3960 4622 74
7398 4793 74
220 4808 74
9633 5249 74
8409 5435 74
5435 1657 37
2559 5805 74
3302 6338 74
4552 6441 74
267 6791 74
6691 6815 74
3165 7117 74
3106 7274 74
7248 7702 74
7702 1191 51
909 7913 74
7913 6896 23
3695 8318 74
6129 8487 74
4103 8603 74
2687 9107 74
4076 9113 74
8299 9996 74
19 398 75
73 1588 75
1588 6177 69
2171 2538 75
3345 3464 75
2341 3483 75
59 3632 75
2397 4015 75
3677 4181 75
5404 4188 75
4030 4202 75
2727 4261 75
2078 5143 75
3340 5313 75
3226 5884 75
5884 9733 21
9330 6127 75
6127 7459 24
6127 2480 59
9801 7184 75
7184 1686 8
1686 5826 14
269 7471 75
3326 7674 75
6768 8155 75
8155 4928 4
4928 5820 10
5887 8720 75
6064 9209 75
1484 9427 75
5255 9604 75
8343 9695 75
386 734 76
6408 1077 76
1260 1734 76
2272 2416 76
9141 2503 76
9522 2587 76
8729 3803 76
9556 5028 76
5028 9038 30
9038 8379 15
8379 137 9
4156 5223 76
2581 5978 76
1324 6028 76
4735 6381 76
287 8122 76
8122 9211 57
9211 4507 28
4507 6240 49
3739 8415 76
7894 8477 76
657 8661 76
5368 8769 76
2519 9232 76
7209 9711 76
354 9768 76
3972 9793 76
9793 6063 44
5396 1186 77
1186 9062 56
1422 2696 77
35 4538 77
424 5413 77
270 6837 77
2525 7129 77
2095 7805 77
7805 2282 32
4823 8012 77
1176 8211 77
8211 9292 62
5602 8360 77
7512 8595 77
5442 8904 77
7664 9493 77
8100 9656 77
8108 9951 77
270 332 78
2592 546 78
546 3890 67
772 850 78
1443 3174 78
3174 3463 13
3174 7339 52
3322 3595 78
2474 5416 78
5416 7673 49
3317 5572 78
3411 6477 78
6477 3971 67
3139 6553 78
4060 6557 78
275 6568 78
1990 6589 78
3867 6632 78
5375 6712 78
3987 6948 78
5815 7113 78
433 7265 78
3298 7452 78
7036 7547 78
6191 7577 78
2314 7802 78
4705 7856 78
1947 7861 78
2296 8186 78
7937 8203 78
2458 8229 78
7139 8434 78
8434 8689 44
4948 9240 78
5733 9260 78
6648 9300 78
1409 997 79
8140 2710 79
2710 1742 53
3036 3503 79
7887 4453 79
4939 4697 79
332 4976 79
3935 5683 79
6899 6246 79
5115 6354 79
1554 6455 79
3539 6900 79
368 7417 79
2611 7475 79
8343 7731 79
7576 8001 79
8514 8039 79
8039 2376 52
6758 8277 79
8754 8437 79
3172 9094 79
2940 9102 79
9102 8336 13
1277 9304 79
9304 9589 22
3342 9971 79
5022 2737 80
2737 4827 62
2637 3097 80
2126 3124 80
4869 3842 80
8838 4130 80
1679 4285 80
1106 4340 80
125 4524 80
3340 4544 80
4544 7275 7
4544 6839 19
1418 4789 80
5309 5862 80
4403 5918 80
5918 9700 10
252 6151 80
2713 6199 80
9989 6341 80
285 6597 80
5428 7068 80
2037 7637 80
1922 8113 80
3729 8125 80
5717 8183 80
3096 8206 80
2577 8263 80
909 8767 80
1132 9106 80
3615 9476 80
4581 9784 80
502 603 81
2 664 81
664 7759 30
664 6683 50
4218 1039 81
1039 322 19
322 4684 7
1039 8335 44
491 1768 81
5069 2919 81
3735 4751 81
511 4783 81
2569 5035 81
5289 5556 81
3347 7191 81
7191 7409 39
2418 7715 81
528 8184 81
3755 8791 81
7088 8921 81
2680 8997 81
7255 9097 81
8493 9298 81
51 211 82
295 2441 82
2441 5727 59
2096 2755 82
1205 3158 82
2052 3169 82
4507 3512 82
4121 4856 82
4856 8978 57
4885 5062 82
5062 8056 34
3990 5411 82
1859 5506 82
3556 5974 82
2428 6313 82
808 6556 82
8183 6585 82
2854 6618 82
8773 7127 82
9777 7997 82
7997 8083 80
3397 8827 82
6012 9717 82
1071 9749 82
7923 9798 82
833 464 83
537 1861 83
6089 3019 83
377 3271 83
2394 3444 83
1240 4133 83
4495 4652 83
4530 4657 83
343 4811 83
2509 5268 83
8158 5448 83
2742 6161 83
8847 6385 83
9858 6762 83
6743 7357 83
5734 7641 83
7641 6975 27
5723 7773 83
6624 9015 83
9015 2409 14
1588 9317 83
9374 9582 83
3191 9609 83
2258 9735 83
8916 9767 83
4591 9912 83
717 1480 84
1480 5658 6
5658 7456 25
9992 1665 84
1349 2806 84
1973 3046 84
379 4149 84
3635 5392 84
9186 5810 84
310 5916 84
5533 5982 84
4426 5989 84
513 6105 84
6105 6214 31
4508 6164 84
2648 6523 84
357 7669 84
6995 8168 84
6064 8221 84
7791 8709 84
5103 8785 84
4072 9048 84
899 1147 85
1861 2562 85
2121 3905 85
5713 3927 85
1913 4080 85
4543 5244 85
3693 6852 85
6131 7420 85
3578 8256 85
434 3779 86
362 3816 86
3322 4719 86
7888 4950 86
1461 5351 86
8910 5511 86
2925 5624 86
3650 5927 86
4359 6015 86
3841 7449 86
2991 8535 86
7286 9080 86
1135 9198 86
5654 9403 86
942 1022 87
5513 3476 87
20 3495 87
3495 5160 76
1772 3622 87
4191 4001 87
4001 3198 16
3198 5798 79
1173 4185 87
6133 4226 87
1544 4798 87
4798 7140 85
459 6699 87
3267 7207 87
4378 7603 87
8740 9267 87
215 9880 87
9389 4557 88
869 5608 88
6731 7269 88
7269 7971 43
1486 8485 88
5760 8650 88
1299 2069 89
2532 2117 89
3107 3549 89
1288 4399 89
2608 5105 89
1758 5168 89
254 5584 89
4372 5837 89
4075 6315 89
2448 6498 89
2012 7256 89
8379 8952 89
7551 9165 89
9760 890 90
96 2590 90
1756 3888 90
932 4322 90
2415 5158 90
1911 6229 90
2343 6895 90
1922 7411 90
4830 7570 90
9749 7705 90
5997 8288 90
3633 8328 90
9498 9509 90
5149 9677 90
2662 9703 90
9703 3649 68
341 2839 91
1684 6807 91
5363 7439 91
1474 8064 91
6164 8235 91
3749 8373 91
898 9444 91
5626 9483 91
144 1424 92
1406 1740 92
709 4478 92
270 4926 92
4080 9152 92
2142 9302 92
3626 9497 92
5488 5895 93
4547 6501 93
797 7840 93
5766 9024 93
765 9053 93
4216 9368 93
8630 9621 93
9621 5473 28
4148 9818 93
1954 3519 94
3778 3800 94
4324 4051 94
2494 4710 94
3013 5480 94
4385 6238 94
163 6877 94
3934 7873 94
3178 3395 95
8148 6503 95
6503 8093 19
108 6628 95
3544 6929 95
131 6988 95
500 7654 95
7654 8782 76
455 8344 95
8344 9762 51
2742 9308 95
3501 9627 95
5065 9794 95
9738 9977 95
1192 1282 96
2275 2718 96
2921 4522 96
1616 5635 96
2932 6828 96
3931 7182 96
2012 7350 96
6386 7706 96
6056 8040 96
4846 8164 96
3917 8960 96
539 9044 96
2319 2698 97
1341 2700 97
8910 3001 97
240 4016 97
6086 9825 97
108 1194 98
1194 3657 23
1037 1798 98
4948 5594 98
8719 7225 98
975 8878 98
1471 8933 98
2927 6076 99
4160 6728 99
1038 8301 99
7293 9001 99
5129 5972 100
3452 9332 100
Total MST weight: 291461
Execution time: 5.804277 ms

MST weight comparison: EQUAL
Status: PASS
