Algorithm: Kruskal's MST
MST edges:
2 2230 1
12 8698 1
21 358 1
22 2990 1
26 8717 1
39 9605 1
75 1466 1
76 148 1
106 7080 1
114 1594 1
118 8197 1
132 2518 1
138 472 1
144 158 1
170 2013 1
196 8713 1
200 7961 1
214 5171 1
238 1100 1
244 968 1
247 8729 1
273 7535 1
291 8161 1
294 842 1
312 5045 1
354 9314 1
384 8786 1
392 3284 1
413 7163 1
432 1333 1
434 1891 1
437 7677 1
455 2918 1
497 916 1
510 8706 1
520 6802 1
529 4814 1
548 2112 1
553 4309 1
554 8040 1
580 8933 1
592 1282 1
593 2696 1
607 8792 1
623 1011 1
660 8499 1
680 7419 1
690 5695 1
708 793 1
725 886 1
733 5764 1
747 3062 1
747 3563 1
759 1543 1
769 7687 1
771 6782 1
773 800 1
791 2539 1
806 5654 1
807 4554 1
811 3481 1
854 4216 1
869 1944 1
888 4535 1
907 1854 1
921 9302 1
927 8487 1
934 9508 1
943 1331 1
986 2952 1
993 6957 1
1028 8852 1
1031 3816 1
1038 2330 1
1047 4867 1
1048 8068 1
1064 2586 1
1073 4591 1
1082 9217 1
1085 2675 1
1096 2835 1
1116 5157 1
1140 9698 1
1145 4509 1
1155 9522 1
1159 3040 1
1192 1961 1
1196 6258 1
1209 3486 1
1229 1240 1
1230 3038 1
1252 9367 1
1287 7032 1
1340 7838 1
1369 4437 1
1371 2957 1
1376 1648 1
1398 3976 1
1426 7692 1
1431 8540 1
1436 2233 1
1464 3027 1
1469 5161 1
1479 3090 1
1503 9376 1
1516 6952 1
1543 8837 1
1548 2715 1
1557 2200 1
1558 3800 1
1559 3982 1
1585 2208 1
1593 1781 1
1600 1782 1
1602 2066 1
1607 2675 1
1629 6987 1
1640 8690 1
1657 5806 1
1660 1688 1
1681 4295 1
1691 3547 1
1705 8677 1
1741 5694 1
1741 6819 1
1753 4982 1
1760 5599 1
1761 7549 1
1763 5332 1
1767 7824 1
1781 2964 1
1791 7395 1
1797 7491 1
1819 7500 1
1842 9003 1
1878 5639 1
1879 2203 1
1908 9362 1
1922 2375 1
1947 8000 1
1954 6825 1
1980 9999 1
1991 3156 1
2027 7808 1
2030 3339 1
2072 5013 1
2089 3703 1
2100 4595 1
2105 5230 1
2115 8972 1
2119 9679 1
2136 5498 1
2141 6495 1
2142 2811 1
2142 4306 1
2146 8000 1
2195 6874 1
2201 5759 1
2234 3965 1
2270 3764 1
2282 6215 1
2289 7111 1
2290 3785 1
2290 5731 1
2314 9629 1
2324 6666 1
2326 8446 1
2345 5457 1
2357 2367 1
2372 8145 1
2397 5342 1
2409 8660 1
2411 4259 1
2448 4522 1
2461 4898 1
2464 5246 1
2475 4865 1
2492 6307 1
2529 4391 1
2559 5563 1
2563 8008 1
2590 6332 1
2644 7850 1
2670 6022 1
2675 5295 1
2734 3738 1
2756 9902 1
2773 9874 1
2778 5885 1
2795 8959 1
2821 7652 1
2826 4097 1
2851 6433 1
2851 7711 1
2898 4115 1
2936 9085 1
2937 6632 1
2939 3755 1
2956 4187 1
2969 5757 1
2977 7827 1
2997 8944 1
2998 4208 1
3003 8935 1
3017 6553 1
3027 5401 1
3033 5784 1
3091 7040 1
3106 8721 1
3116 6707 1
3126 3418 1
3129 9777 1
3137 5378 1
3142 8089 1
3152 5185 1
3156 9045 1
3159 3667 1
3174 8353 1
3175 4526 1
3182 5215 1
3193 9969 1
3216 6042 1
3240 3765 1
3256 8622 1
3277 4768 1
3283 4518 1
3330 4044 1
3330 9353 1
3352 3363 1
3357 6584 1
3363 9297 1
3406 5728 1
3406 9010 1
3428 4244 1
3456 4710 1
3523 8045 1
3576 7295 1
3577 6498 1
3587 6066 1
3636 4654 1
3685 5235 1
3688 5047 1
3703 5974 1
3771 8183 1
3787 8568 1
3817 9055 1
3879 4669 1
3892 5547 1
3902 7138 1
3911 5584 1
3911 8972 1
3925 5848 1
3949 8065 1
3959 4932 1
3998 7189 1
4007 6547 1
4010 4961 1
4050 9563 1
4058 6802 1
4080 8289 1
4198 5270 1
4210 8347 1
4210 8442 1
4264 4946 1
4265 8887 1
4272 5324 1
4288 8648 1
4342 8530 1
4347 5897 1
4361 7446 1
4368 5640 1
4378 8895 1
4392 8933 1
4416 6100 1
4436 6111 1
4467 5047 1
4481 8692 1
4499 6410 1
4545 7149 1
4571 6825 1
4586 6260 1
4679 5602 1
4706 4923 1
4706 6470 1
4711 8894 1
4765 5546 1
4844 8688 1
4883 9351 1
4901 7815 1
4919 9810 1
4938 7028 1
4949 8132 1
4959 9344 1
4964 9844 1
4977 5621 1
5017 7714 1
5027 6511 1
5154 9157 1
5238 7054 1
5258 6733 1
5281 7839 1
5310 9584 1
5317 9989 1
5391 9313 1
5394 6966 1
5395 9448 1
5401 9346 1
5416 7457 1
5423 5544 1
5442 6376 1
5448 7098 1
5460 9038 1
5491 7156 1
5495 8559 1
5503 9474 1
5520 7195 1
5522 7681 1
5525 5860 1
5569 8873 1
5602 8358 1
5604 8338 1
5617 9832 1
5680 9619 1
5731 9695 1
5769 9948 1
5776 8591 1
5784 6158 1
5788 7689 1
5972 6597 1
5983 7178 1
6028 7608 1
6030 9369 1
6066 7670 1
6126 8845 1
6142 7610 1
6165 9560 1
6172 9956 1
6221 6783 1
6225 6585 1
6233 8002 1
6246 7293 1
6270 8161 1
6293 9027 1
6306 6804 1
6309 8658 1
6322 8456 1
6361 9504 1
6386 9896 1
6431 8178 1
6446 7321 1
6460 7855 1
6489 9309 1
6592 7557 1
6597 9151 1
6604 9773 1
6629 9131 1
6707 9596 1
6801 7765 1
6802 8318 1
6835 7525 1
6850 8515 1
6975 7821 1
7012 8331 1
7083 7520 1
7085 7766 1
7175 8522 1
7331 7849 1
7376 7702 1
7515 9311 1
7576 8647 1
7705 7845 1
7859 8888 1
8083 9134 1
8106 9775 1
8118 8222 1
8334 9823 1
8373 8614 1
8387 8820 1
8566 9915 1
8580 8934 1
8687 8752 1
8713 9079 1
8830 9290 1
8943 9105 1
8977 9867 1
9110 9242 1
9237 9933 1
9345 9375 1
9455 9563 1
20 102 2
26 590 2
27 2047 2
38 6641 2
39 6155 2
40 1287 2
48 2263 2
50 292 2
51 9032 2
54 448 2
64 9628 2
77 2011 2
83 143 2
85 579 2
103 6739 2
103 7703 2
104 249 2
106 9910 2
124 9528 2
127 387 2
129 2029 2
137 1824 2
140 6094 2
144 9844 2
154 8530 2
161 1947 2
164 5918 2
164 8433 2
166 5683 2
173 655 2
191 4202 2
204 5277 2
214 9375 2
217 6470 2
227 951 2
227 4975 2
253 7836 2
258 1745 2
275 7520 2
286 4643 2
293 1896 2
298 2890 2
319 3064 2
337 5329 2
351 2973 2
352 3033 2
355 1750 2
372 5290 2
373 7389 2
409 2676 2
431 729 2
447 1798 2
458 2802 2
482 4973 2
485 5257 2
487 9994 2
492 8974 2
498 9766 2
512 1411 2
532 1523 2
535 7607 2
539 6309 2
544 2560 2
551 1838 2
557 4959 2
570 8552 2
573 4493 2
577 971 2
598 9354 2
624 5908 2
644 1903 2
659 9211 2
670 5576 2
671 8915 2
675 4207 2
680 4376 2
687 8516 2
724 1094 2
725 2056 2
729 2743 2
735 4081 2
759 9431 2
763 5068 2
764 1839 2
772 1160 2
800 4106 2
804 8473 2
824 1080 2
848 2473 2
848 5800 2
852 6324 2
887 8562 2
942 9848 2
959 1549 2
964 2670 2
968 2331 2
979 1988 2
1008 1012 2
1021 9544 2
1033 7227 2
1034 7471 2
1039 7442 2
1041 5209 2
1063 1565 2
1090 1206 2
1095 9412 2
1102 8068 2
1112 7260 2
1156 7930 2
1164 2577 2
1175 1587 2
1204 4611 2
1209 7510 2
1211 1741 2
1260 6813 2
1293 1522 2
1332 9188 2
1362 9065 2
1389 3811 2
1390 9371 2
1392 2423 2
1405 7275 2
1408 5783 2
1450 9515 2
1452 9818 2
1460 3752 2
1465 8395 2
1524 1637 2
1525 5812 2
1538 4870 2
1554 5101 2
1555 1830 2
1566 3026 2
1575 8751 2
1592 5012 2
1621 4791 2
1624 5373 2
1632 8774 2
1645 4727 2
1657 6370 2
1669 3029 2
1710 6422 2
1710 8538 2
1716 7774 2
1748 2860 2
1765 2150 2
1785 3141 2
1788 4146 2
1819 5561 2
1841 8069 2
1845 7810 2
1869 3355 2
1873 8907 2
1876 7737 2
1903 2992 2
1911 4615 2
1929 4881 2
1948 5040 2
1950 7036 2
1999 9002 2
2005 4183 2
2038 4325 2
2070 9262 2
2081 3885 2
2096 2900 2
2115 5766 2
2149 6922 2
2149 7607 2
2160 5983 2
2180 5439 2
2182 2569 2
2188 2923 2
2192 2309 2
2233 6750 2
2239 5188 2
2267 8992 2
2299 6986 2
2337 2385 2
2340 5202 2
2341 4702 2
2348 2689 2
2360 8029 2
2392 3387 2
2422 7660 2
2449 3480 2
2458 3359 2
2475 2993 2
2504 4475 2
2529 5747 2
2594 8887 2
2604 3932 2
2618 4195 2
2619 9608 2
2632 7263 2
2678 8086 2
2681 3439 2
2688 6118 2
2834 4527 2
2838 3845 2
2857 6721 2
2868 4171 2
2874 4577 2
2912 5027 2
2916 5492 2
2985 3123 2
3072 4694 2
3084 3636 2
3119 5633 2
3120 8299 2
3127 6998 2
3129 9487 2
3170 4618 2
3198 8061 2
3202 9902 2
3236 6151 2
3242 6541 2
3280 6055 2
3281 8959 2
3283 8048 2
3296 9731 2
3308 5366 2
3321 4542 2
3377 8262 2
3387 7447 2
3427 9583 2
3438 4727 2
3440 9809 2
3449 3609 2
3456 4541 2
3458 9600 2
3494 7392 2
3511 7633 2
3528 6102 2
3563 3969 2
3568 9761 2
3586 6423 2
3624 4648 2
3705 5146 2
3726 6632 2
3749 7988 2
3767 6211 2
3773 9857 2
3802 4840 2
3839 7445 2
3849 7285 2
3857 9931 2
3901 9822 2
3922 6981 2
3923 6800 2
3929 8387 2
3930 7287 2
3980 5909 2
4008 9635 2
4024 7686 2
4060 4407 2
4067 4837 2
4087 9608 2
4125 8128 2
4148 5667 2
4151 6564 2
4176 8545 2
4246 6588 2
4286 5407 2
4337 7401 2
4346 6735 2
4347 5468 2
4402 5657 2
4421 8589 2
4440 7260 2
4503 9280 2
4513 8686 2
4515 7441 2
4563 9885 2
4569 6757 2
4644 6387 2
4669 6252 2
4670 6528 2
4698 6819 2
4699 8348 2
4724 6777 2
4726 5766 2
4761 7660 2
4762 5295 2
4780 5089 2
4794 5028 2
4794 6866 2
4814 8963 2
4821 7560 2
4849 7903 2
4865 8580 2
4896 8911 2
4973 8408 2
4992 8291 2
5036 5062 2
5043 8544 2
5058 5247 2
5068 7661 2
5070 8803 2
5076 7420 2
5088 5564 2
5092 7648 2
5092 9821 2
5123 5853 2
5181 7062 2
5190 9365 2
5198 6782 2
5208 7451 2
5212 7832 2
5327 6434 2
5340 6958 2
5369 8728 2
5441 9975 2
5443 6575 2
5455 9440 2
5467 8385 2
5469 5692 2
5505 8539 2
5559 6080 2
5625 5691 2
5660 6539 2
5737 7969 2
5826 6852 2
5846 7237 2
5869 8235 2
5901 6506 2
5993 9706 2
5996 8291 2
5999 8678 2
6021 6451 2
6240 8866 2
6248 9694 2
6277 8819 2
6289 9194 2
6293 9140 2
6425 6750 2
6432 8171 2
6460 9261 2
6528 6976 2
6535 8049 2
6577 8299 2
6591 8155 2
6605 6909 2
6615 7595 2
6616 9180 2
6643 7566 2
6647 9050 2
6725 9650 2
6819 9809 2
6854 6856 2
6939 7321 2
6954 9198 2
7052 9106 2
7083 7305 2
7139 8084 2
7254 9787 2
7313 7866 2
7537 9847 2
7582 8776 2
7582 9489 2
7590 9276 2
7595 9882 2
7613 9180 2
7622 8259 2
7628 7665 2
7702 9166 2
7735 9310 2
7770 8167 2
7800 8811 2
7846 9201 2
7875 8606 2
7945 8421 2
7947 8136 2
8052 8434 2
8096 8603 2
8112 9213 2
8122 8861 2
8285 9225 2
8372 9535 2
8383 8901 2
8437 9916 2
8507 8699 2
8512 9547 2
8518 8893 2
8564 9011 2
8635 9381 2
8650 9789 2
8696 9197 2
8726 9868 2
8798 9153 2
8857 9335 2
9023 9858 2
9758 9942 2
3 2265 3
11 19 3
23 33 3
32 346 3
33 1652 3
35 2405 3
51 4683 3
54 9158 3
61 8120 3
65 7395 3
89 3962 3
101 7282 3
133 5231 3
148 9677 3
160 1963 3
169 8220 3
171 345 3
172 236 3
188 5179 3
212 263 3
212 4083 3
215 7311 3
244 1302 3
281 8026 3
299 641 3
309 357 3
324 6580 3
370 452 3
427 502 3
440 750 3
440 9179 3
448 8836 3
452 5857 3
478 9279 3
499 2824 3
506 822 3
508 9531 3
529 5261 3
536 6187 3
536 8537 3
547 3926 3
600 1681 3
613 7355 3
633 9884 3
636 9126 3
656 3407 3
661 2627 3
679 4554 3
702 5051 3
713 1935 3
723 8932 3
742 7536 3
756 6592 3
764 7349 3
778 1155 3
778 5896 3
788 7227 3
806 1282 3
806 7516 3
816 1509 3
846 6722 3
846 6739 3
849 1925 3
851 8084 3
853 9633 3
858 5990 3
862 5021 3
865 7394 3
870 7891 3
871 9346 3
879 3350 3
883 947 3
892 6132 3
908 1441 3
909 8745 3
929 5840 3
952 1666 3
954 6727 3
958 5665 3
959 4009 3
967 8191 3
991 2845 3
1016 4471 3
1019 6761 3
1019 8233 3
1023 2275 3
1029 1548 3
1034 4478 3
1043 5090 3
1046 9938 3
1059 8462 3
1061 7457 3
1071 1291 3
1079 2045 3
1084 6770 3
1087 8184 3
1103 7403 3
1114 2822 3
1131 1888 3
1132 7371 3
1145 5000 3
1150 5717 3
1160 1335 3
1172 1446 3
1181 2943 3
1196 3292 3
1223 2331 3
1223 5269 3
1226 1385 3
1226 9067 3
1232 1747 3
1289 1761 3
1316 7982 3
1316 8821 3
1318 2879 3
1347 8196 3
1350 2723 3
1385 3927 3
1405 1793 3
1409 1540 3
1422 3094 3
1428 9380 3
1432 5026 3
1442 5166 3
1450 7129 3
1451 5019 3
1461 2613 3
1483 6949 3
1503 6498 3
1512 9641 3
1514 2922 3
1515 6968 3
1590 7361 3
1625 8880 3
1633 7823 3
1639 2599 3
1644 4343 3
1646 8004 3
1653 6225 3
1661 1815 3
1662 9533 3
1667 3467 3
1670 7179 3
1681 2774 3
1697 4657 3
1700 8252 3
1716 3634 3
1732 6827 3
1733 9311 3
1769 4539 3
1771 5863 3
1791 2152 3
1795 5664 3
1803 3288 3
1829 8222 3
1838 3767 3
1841 6044 3
1884 9033 3
1884 9708 3
1916 3880 3
1923 9557 3
1945 7444 3
1963 9764 3
1973 8046 3
1976 3128 3
2020 2440 3
2054 2256 3
2054 2847 3
2073 9694 3
2084 4820 3
2136 2452 3
2157 4659 3
2158 8263 3
2171 5555 3
2212 2903 3
2212 5537 3
2213 3068 3
2224 6391 3
2233 9410 3
2238 3710 3
2253 7665 3
2291 5366 3
2292 3454 3
2317 4515 3
2320 7528 3
2331 5762 3
2369 2439 3
2388 5809 3
2415 9756 3
2442 4616 3
2453 8202 3
2461 9339 3
2498 2924 3
2533 6356 3
2534 2874 3
2566 4345 3
2578 2725 3
2579 5504 3
2592 5342 3
2594 5306 3
2610 6848 3
2619 7334 3
2653 2958 3
2660 7029 3
2661 3083 3
2689 7209 3
2690 6445 3
2698 3023 3
2702 8563 3
2709 4288 3
2721 9867 3
2723 9750 3
2726 7663 3
2735 3297 3
2756 6321 3
2764 5646 3
2785 3033 3
2895 3672 3
2906 6109 3
2960 4351 3
2974 7430 3
2984 4299 3
3019 6798 3
3023 5855 3
3025 7541 3
3061 6837 3
3074 8169 3
3115 3743 3
3144 7255 3
3162 5499 3
3173 6911 3
3192 6138 3
3225 3938 3
3236 6187 3
3251 9512 3
3261 8614 3
3273 8934 3
3278 6114 3
3285 3970 3
3314 9968 3
3318 9898 3
3353 3920 3
3356 9816 3
3380 4301 3
3380 7625 3
3384 8185 3
3405 7946 3
3414 9863 3
3415 4059 3
3427 5378 3
3427 8595 3
3488 4892 3
3503 7123 3
3509 8374 3
3545 7704 3
3546 5624 3
3551 9630 3
3574 7092 3
3580 7583 3
3586 4025 3
3596 5584 3
3645 9927 3
3663 6137 3
3714 4007 3
3785 4325 3
3790 7911 3
3823 6443 3
3912 7406 3
3930 5183 3
3931 8030 3
3959 9697 3
3987 7977 3
4006 8426 3
4018 5500 3
4035 7400 3
4041 4646 3
4042 8639 3
4062 5814 3
4120 9936 3
4169 5226 3
4241 7970 3
4247 6605 3
4276 4895 3
4282 5124 3
4297 6117 3
4317 8942 3
4401 4458 3
4410 9251 3
4457 5660 3
4499 6860 3
4522 6737 3
4534 9704 3
4535 5192 3
4576 8236 3
4581 7613 3
4627 8790 3
4684 4982 3
4704 9085 3
4708 4735 3
4774 5679 3
4786 9507 3
4811 7751 3
4817 9298 3
4850 5475 3
4968 8223 3
4978 9595 3
4995 6051 3
5017 5611 3
5048 5634 3
5070 5964 3
5086 5305 3
5144 5963 3
5155 8808 3
5166 9144 3
5188 7264 3
5197 8053 3
5201 5936 3
5225 5797 3
5256 7774 3
5303 5916 3
5385 6910 3
5391 6862 3
5422 8997 3
5438 9562 3
5447 8375 3
5475 9328 3
5549 9772 3
5559 6031 3
5579 6000 3
5628 8582 3
5635 9707 3
5642 8156 3
5660 9807 3
5695 6197 3
5765 9718 3
5870 9445 3
5937 7570 3
5955 8250 3
6006 9009 3
6044 9102 3
6133 7949 3
6202 7831 3
6217 7085 3
6297 9210 3
6305 7980 3
6323 8293 3
6330 9064 3
6426 8961 3
6453 8087 3
6463 7029 3
6474 9594 3
6482 9840 3
6516 7834 3
6553 7284 3
6554 8525 3
6584 9347 3
6596 7503 3
6610 9756 3
6632 7643 3
6644 7156 3
6698 7589 3
6845 8683 3
6888 6998 3
6906 7055 3
6950 7033 3
6961 9525 3
7044 8050 3
7147 9976 3
7179 9199 3
7237 8432 3
7328 9577 3
7334 8666 3
7350 9950 3
7376 8295 3
7395 9224 3
7441 7989 3
7484 8015 3
7625 9492 3
7636 8384 3
7674 9776 3
7781 8204 3
7827 7932 3
7896 8807 3
8013 8372 3
8036 9319 3
8043 9049 3
8068 8203 3
8108 9346 3
8112 8475 3
8163 9646 3
8272 8850 3
8423 9683 3
8425 9082 3
8458 9228 3
8655 9108 3
8718 8988 3
8865 9109 3
8884 9220 3
8891 8968 3
9047 9790 3
9440 9523 3
5 8432 4
5 9994 4
7 118 4
9 9971 4
22 274 4
23 2411 4
30 311 4
38 4567 4
39 4633 4
43 9481 4
55 1507 4
82 8104 4
83 122 4
86 9861 4
87 861 4
118 2482 4
121 5256 4
126 8845 4
134 8084 4
139 531 4
142 571 4
144 225 4
145 1484 4
164 4379 4
185 1378 4
200 718 4
201 9369 4
206 2877 4
209 364 4
212 7052 4
215 5468 4
232 3411 4
266 719 4
290 370 4
293 1591 4
294 2874 4
308 1061 4
316 963 4
321 3724 4
321 9339 4
324 6473 4
330 9990 4
333 3284 4
342 7877 4
355 1101 4
386 2276 4
386 4119 4
395 5647 4
396 9595 4
398 917 4
437 8766 4
440 2286 4
440 4640 4
454 3215 4
478 4483 4
495 8091 4
504 7185 4
529 9424 4
546 7774 4
550 9830 4
556 9386 4
567 9190 4
583 5459 4
583 7291 4
608 2427 4
611 5167 4
626 5413 4
635 1217 4
638 4586 4
654 7537 4
681 6408 4
682 993 4
689 1916 4
698 1195 4
701 4138 4
704 6483 4
736 8353 4
761 7707 4
785 3808 4
790 2266 4
803 1630 4
808 5509 4
818 7218 4
819 9208 4
821 8058 4
824 8202 4
843 4655 4
897 8511 4
937 2053 4
965 5184 4
971 3938 4
973 7680 4
975 7985 4
1012 7514 4
1013 1957 4
1036 1447 4
1053 2366 4
1061 7512 4
1104 8530 4
1109 4810 4
1130 1495 4
1134 5892 4
1140 4736 4
1176 6861 4
1195 7610 4
1209 7249 4
1213 3255 4
1228 9364 4
1230 4366 4
1239 7958 4
1244 1623 4
1279 3743 4
1282 5984 4
1341 1353 4
1347 1674 4
1367 4204 4
1400 8927 4
1418 1749 4
1431 4257 4
1453 6128 4
1453 9812 4
1459 6383 4
1466 9767 4
1473 7557 4
1474 4576 4
1476 3737 4
1509 8229 4
1522 2344 4
1525 6511 4
1529 3375 4
1541 1635 4
1542 3811 4
1571 5820 4
1576 9042 4
1609 7056 4
1612 4892 4
1612 7671 4
1616 1641 4
1660 9297 4
1664 2324 4
1686 3400 4
1701 4916 4
1701 9200 4
1712 7433 4
1741 5036 4
1742 2557 4
1742 2657 4
1746 3403 4
1756 4008 4
1816 4730 4
1824 5974 4
1830 2907 4
1831 8867 4
1878 6410 4
1888 3463 4
1906 3308 4
1909 9817 4
1927 3435 4
1928 3142 4
1939 7404 4
1965 7046 4
2000 8452 4
2001 2954 4
2020 5915 4
2070 5522 4
2077 5142 4
2079 2513 4
2085 9550 4
2094 7096 4
2172 8728 4
2185 8552 4
2195 7407 4
2199 8812 4
2224 4584 4
2249 3825 4
2280 6245 4
2297 4096 4
2298 7978 4
2303 5031 4
2312 9583 4
2340 7306 4
2341 4700 4
2343 8195 4
2344 9943 4
2347 8833 4
2352 7218 4
2353 9484 4
2386 9977 4
2421 4996 4
2425 2525 4
2426 7732 4
2433 6737 4
2441 9254 4
2454 9358 4
2462 4871 4
2498 6368 4
2501 6633 4
2567 8435 4
2579 2621 4
2631 4631 4
2632 7873 4
2645 9373 4
2663 5586 4
2683 5882 4
2688 7137 4
2689 3141 4
2704 9944 4
2721 6654 4
2729 7412 4
2734 8091 4
2741 7746 4
2754 3050 4
2758 4564 4
2775 5763 4
2802 9743 4
2877 3695 4
2886 8130 4
2940 7990 4
2956 9073 4
2962 9369 4
2973 3969 4
2987 6625 4
3006 3144 4
3024 6604 4
3035 3617 4
3038 4190 4
3039 9957 4
3073 6596 4
3102 7477 4
3143 6827 4
3144 7356 4
3181 7705 4
3191 7023 4
3206 4192 4
3208 9972 4
3229 7869 4
3230 6592 4
3257 8247 4
3265 7200 4
3304 6676 4
3331 7449 4
3333 9697 4
3388 4718 4
3391 7930 4
3409 3790 4
3439 6130 4
3461 5095 4
3473 3707 4
3485 4893 4
3490 3623 4
3497 7663 4
3506 4661 4
3537 4584 4
3563 8838 4
3569 8565 4
3571 4828 4
3626 7366 4
3632 6968 4
3653 6490 4
3687 6504 4
3703 8239 4
3704 4665 4
3755 3809 4
3770 5419 4
3773 5518 4
3795 8553 4
3796 3977 4
3805 4023 4
3823 4191 4
3837 6507 4
3902 6027 4
3904 5771 4
3930 5754 4
4014 4641 4
4029 9336 4
4044 8851 4
4075 7091 4
4076 5321 4
4077 9635 4
4154 5111 4
4175 5654 4
4186 8721 4
4191 9391 4
4212 7008 4
4252 7394 4
4325 8791 4
4366 9338 4
4371 7867 4
4408 5038 4
4419 4842 4
4473 7952 4
4475 5051 4
4475 5498 4
4475 6640 4
4559 7902 4
4560 4754 4
4596 4800 4
4635 5285 4
4675 8793 4
4688 9753 4
4734 7478 4
4765 6807 4
4780 9625 4
4786 9297 4
4818 6632 4
4823 5081 4
4875 7741 4
4885 8263 4
4937 7294 4
4984 8121 4
5007 8952 4
5048 5971 4
5058 6700 4
5090 9178 4
5095 8190 4
5099 7127 4
5102 6384 4
5159 6205 4
5189 6556 4
5232 6950 4
5233 5794 4
5255 6819 4
5317 5752 4
5384 9670 4
5467 5787 4
5467 9521 4
5474 6428 4
5476 6745 4
5489 8444 4
5555 9377 4
5571 8155 4
5597 8091 4
5618 5665 4
5632 6445 4
5647 8725 4
5703 7482 4
5774 9968 4
5805 7331 4
5830 6140 4
5833 9999 4
5885 7952 4
5942 7917 4
5963 7103 4
5979 9240 4
6075 6495 4
6080 8089 4
6107 7581 4
6140 9189 4
6160 6227 4
6183 6733 4
6189 8693 4
6221 6464 4
6289 8408 4
6295 7875 4
6305 9421 4
6308 7737 4
6500 8311 4
6519 7651 4
6577 9139 4
6645 8628 4
6675 9542 4
6775 8323 4
6938 8914 4
6941 8523 4
7040 7836 4
7080 8001 4
7085 9319 4
7207 8268 4
7299 9782 4
7322 9886 4
7372 8518 4
7432 8651 4
7440 7752 4
7498 7647 4
7552 7765 4
7558 8305 4
7598 7633 4
7858 8995 4
7872 8761 4
7978 8089 4
7978 9540 4
8015 9839 4
8115 8649 4
8310 9698 4
8449 9653 4
8669 9682 4
8714 8734 4
8721 9728 4
8816 8934 4
8916 9492 4
9021 9669 4
9074 9465 4
9189 9515 4
9255 9614 4
9520 9916 4
9777 9986 4
9902 9979 4
3 4204 5
6 15 5
8 24 5
16 2156 5
18 692 5
18 1951 5
20 1392 5
22 5750 5
26 1870 5
40 8990 5
62 5045 5
64 2765 5
65 113 5
65 204 5
71 8947 5
79 2826 5
82 455 5
96 7639 5
101 6265 5
103 711 5
131 481 5
138 6932 5
145 3636 5
148 3232 5
152 5479 5
162 1542 5
169 2722 5
178 3522 5
192 7693 5
209 997 5
224 5307 5
237 304 5
244 2536 5
287 4316 5
299 1327 5
342 547 5
342 7254 5
344 9874 5
355 8683 5
360 6212 5
361 4245 5
368 5092 5
385 5845 5
415 5905 5
423 1144 5
431 4038 5
447 5864 5
467 2702 5
502 907 5
509 9990 5
510 5860 5
519 3298 5
527 8163 5
542 1364 5
548 4791 5
549 553 5
555 5800 5
566 1529 5
567 6465 5
586 1126 5
598 7963 5
638 9672 5
655 4923 5
663 5899 5
697 9146 5
709 2648 5
718 5567 5
721 1767 5
730 9078 5
751 1791 5
784 9786 5
815 5053 5
818 1323 5
823 9124 5
865 5775 5
866 3288 5
868 1145 5
872 5475 5
872 8652 5
880 3124 5
887 7542 5
891 1421 5
892 9448 5
895 6804 5
917 9774 5
918 2290 5
919 6337 5
934 1178 5
948 1212 5
953 1267 5
968 9476 5
985 1394 5
988 5934 5
989 8468 5
1003 4403 5
1011 8213 5
1054 7988 5
1078 4092 5
1078 6207 5
1078 8703 5
1087 6031 5
1087 7056 5
1095 3885 5
1107 8511 5
1109 6762 5
1109 7132 5
1121 6486 5
1124 1464 5
1127 4826 5
1133 3482 5
1154 8013 5
1156 7459 5
1190 8941 5
1206 5721 5
1213 2688 5
1220 4276 5
1272 4989 5
1359 8592 5
1388 5386 5
1434 6002 5
1454 2222 5
1466 7844 5
1479 6312 5
1486 9593 5
1491 1853 5
1518 9954 5
1526 3721 5
1526 9880 5
1546 2092 5
1547 4022 5
1588 8009 5
1593 3100 5
1631 4599 5
1651 5847 5
1669 6333 5
1676 9585 5
1687 4486 5
1704 3516 5
1710 7494 5
1731 7798 5
1735 7300 5
1743 7555 5
1768 9489 5
1790 5636 5
1792 4216 5
1793 3428 5
1795 9779 5
1799 5238 5
1813 1937 5
1813 6538 5
1815 9963 5
1825 8694 5
1829 8919 5
1833 2446 5
1877 5322 5
1885 6418 5
1887 2058 5
1917 3239 5
1918 5869 5
1931 3078 5
1933 6595 5
1936 8011 5
1964 4383 5
1982 8350 5
1994 7070 5
2001 6159 5
2058 6863 5
2059 2528 5
2060 2143 5
2075 5038 5
2093 9358 5
2123 7780 5
2132 9585 5
2134 5480 5
2144 7288 5
2159 5096 5
2193 8407 5
2198 2930 5
2225 7789 5
2248 5921 5
2258 5577 5
2270 4287 5
2275 3502 5
2346 5357 5
2367 6564 5
2403 2784 5
2409 4258 5
2421 4704 5
2431 6562 5
2438 3397 5
2494 7240 5
2512 8903 5
2528 5046 5
2558 9611 5
2573 4542 5
2578 5500 5
2585 3289 5
2624 8937 5
2626 3948 5
2647 7414 5
2702 3476 5
2736 4881 5
2739 9787 5
2749 7471 5
2755 9262 5
2792 2857 5
2793 3060 5
2794 7503 5
2796 4863 5
2806 7608 5
2824 5373 5
2829 9717 5
2838 7656 5
2858 3459 5
2925 8732 5
2942 4520 5
2957 4986 5
2972 3144 5
2978 7120 5
2980 4586 5
2981 9457 5
2988 3403 5
3015 4950 5
3044 5635 5
3056 5763 5
3063 4347 5
3063 9048 5
3105 3333 5
3110 3631 5
3111 8666 5
3115 8750 5
3146 4667 5
3148 9343 5
3150 6287 5
3154 4964 5
3157 4547 5
3172 4668 5
3187 3217 5
3200 5181 5
3233 6612 5
3260 7806 5
3319 9640 5
3329 8861 5
3333 8094 5
3380 6075 5
3381 5347 5
3394 6440 5
3397 3413 5
3398 8558 5
3405 8323 5
3447 6927 5
3447 9301 5
3497 5573 5
3504 6568 5
3531 8308 5
3535 7890 5
3559 3728 5
3603 8149 5
3624 7992 5
3638 6533 5
3639 9419 5
3641 6270 5
3646 9736 5
3646 9803 5
3681 8639 5
3704 9261 5
3709 8049 5
3725 6158 5
3726 9730 5
3732 8427 5
3750 7235 5
3765 9093 5
3771 6388 5
3783 9278 5
3805 8921 5
3819 7684 5
3857 8080 5
3911 6363 5
3946 9474 5
3967 8972 5
4012 5814 5
4053 5207 5
4101 9491 5
4135 4921 5
4163 6450 5
4172 5529 5
4173 4936 5
4248 4716 5
4342 9897 5
4362 6049 5
4362 7546 5
4379 8760 5
4385 5491 5
4400 5012 5
4445 8432 5
4464 4922 5
4518 6140 5
4525 6380 5
4574 8214 5
4587 6813 5
4693 9503 5
4700 7243 5
4702 6310 5
4742 6886 5
4756 7889 5
4780 6047 5
4789 8891 5
4815 8447 5
4889 9339 5
4964 6423 5
4984 7514 5
5012 8426 5
5032 6811 5
5080 8106 5
5183 7047 5
5215 5624 5
5227 9775 5
5240 8058 5
5279 6265 5
5291 7973 5
5337 5366 5
5365 6740 5
5389 7438 5
5393 9587 5
5433 8638 5
5457 5872 5
5512 7209 5
5514 6695 5
5536 9727 5
5548 8096 5
5553 9401 5
5563 8781 5
5592 5728 5
5607 8573 5
5616 8723 5
5668 9568 5
5722 6080 5
5729 9954 5
5846 7038 5
5911 6674 5
5929 9235 5
5935 8525 5
5941 9093 5
5976 7204 5
5977 8383 5
6006 7788 5
6009 9495 5
6024 8465 5
6028 7727 5
6064 8312 5
6081 7798 5
6226 9317 5
6306 8682 5
6325 8174 5
6361 7769 5
6411 7409 5
6422 6803 5
6442 7611 5
6457 6618 5
6461 8092 5
6469 7841 5
6480 9696 5
6598 9718 5
6606 7925 5
6748 9048 5
6804 6845 5
6868 8617 5
6883 7989 5
6947 8433 5
6969 9053 5
7016 9729 5
7065 8244 5
7100 9827 5
7124 8109 5
7257 9706 5
7271 9178 5
7315 9509 5
7320 7522 5
7355 9659 5
7360 8973 5
7365 7646 5
7374 8808 5
7378 9078 5
7452 9595 5
7493 8072 5
7538 9988 5
7678 7713 5
7712 8401 5
7749 8360 5
7914 9577 5
7992 8475 5
8157 9749 5
8179 8669 5
8204 9128 5
8387 9081 5
8504 9050 5
8692 9879 5
9245 9892 5
9617 9734 5
9659 9864 5
2 22 6
4 1383 6
13 68 6
14 3529 6
22 1564 6
24 3311 6
35 1278 6
39 7397 6
60 5144 6
60 9905 6
65 3552 6
74 2061 6
78 8042 6
82 966 6
87 9299 6
102 7315 6
110 7264 6
114 4137 6
121 355 6
121 1203 6
135 7992 6
139 6467 6
141 8843 6
144 7652 6
146 441 6
146 4605 6
163 1250 6
173 634 6
174 8090 6
191 8763 6
193 1275 6
194 1239 6
206 5691 6
206 9080 6
218 5096 6
223 5139 6
228 7784 6
230 9748 6
253 4207 6
258 4205 6
270 949 6
270 994 6
287 3314 6
299 5989 6
310 3679 6
326 5568 6
333 808 6
336 7728 6
342 1487 6
343 7590 6
362 2267 6
369 6903 6
376 7346 6
378 521 6
395 8888 6
415 503 6
424 8252 6
431 5287 6
442 2697 6
443 6710 6
450 3788 6
505 7431 6
506 2788 6
512 8151 6
516 4901 6
537 6558 6
546 3081 6
551 9973 6
554 7872 6
558 560 6
567 1392 6
567 1485 6
584 2307 6
597 2931 6
600 5947 6
615 1165 6
616 9431 6
643 8302 6
659 2328 6
661 8901 6
663 4782 6
665 2815 6
665 6566 6
691 9165 6
701 4162 6
703 7891 6
733 3592 6
749 1853 6
755 6744 6
761 3924 6
768 1854 6
828 9323 6
832 5295 6
843 1135 6
853 6619 6
894 9671 6
939 1436 6
960 6966 6
970 9862 6
976 3433 6
988 4053 6
989 1016 6
995 5862 6
996 1459 6
1003 7931 6
1011 3649 6
1012 5222 6
1020 6569 6
1027 3270 6
1078 9029 6
1128 4176 6
1156 1517 6
1168 3234 6
1176 9129 6
1237 6471 6
1249 3040 6
1254 3247 6
1257 2154 6
1309 3388 6
1318 1350 6
1318 5733 6
1341 8823 6
1350 7702 6
1369 7685 6
1373 6633 6
1382 3537 6
1401 3349 6
1413 4262 6
1449 3199 6
1450 2846 6
1461 1511 6
1483 4149 6
1497 8086 6
1514 8088 6
1522 5870 6
1554 5140 6
1606 7143 6
1648 6697 6
1677 2053 6
1691 4018 6
1706 6292 6
1718 2957 6
1722 8795 6
1723 5098 6
1730 9530 6
1734 8827 6
1767 4707 6
1794 8005 6
1795 1810 6
1799 7505 6
1804 5228 6
1810 6706 6
1811 8734 6
1828 6880 6
1856 8151 6
1867 8669 6
1886 2653 6
1902 8748 6
1921 5647 6
1929 3232 6
1944 5174 6
1956 7596 6
1975 3747 6
1982 6787 6
2002 5541 6
2032 8215 6
2050 7949 6
2065 5881 6
2072 3596 6
2086 6527 6
2089 4459 6
2091 3985 6
2104 5587 6
2115 7404 6
2137 9327 6
2209 3111 6
2217 6998 6
2226 2938 6
2227 2495 6
2253 5570 6
2284 8845 6
2294 5556 6
2316 6761 6
2345 3715 6
2347 4490 6
2399 2735 6
2404 4531 6
2415 7138 6
2432 4778 6
2448 5147 6
2448 6809 6
2454 4607 6
2477 6026 6
2484 9376 6
2502 5303 6
2526 7541 6
2529 8528 6
2571 8043 6
2575 5475 6
2581 8812 6
2598 9567 6
2602 9742 6
2619 8316 6
2621 5618 6
2626 9143 6
2633 6423 6
2651 7314 6
2675 9075 6
2698 8347 6
2721 6755 6
2723 9258 6
2730 2749 6
2732 8637 6
2757 6898 6
2775 7752 6
2822 9742 6
2841 9376 6
2854 7113 6
2861 6070 6
2869 4546 6
2891 8099 6
2893 3578 6
2947 8677 6
2996 6655 6
3000 4800 6
3094 4873 6
3156 8860 6
3157 5200 6
3166 3226 6
3194 6266 6
3197 5097 6
3218 8428 6
3247 9758 6
3255 6308 6
3291 7817 6
3292 7574 6
3337 7826 6
3385 5848 6
3386 6417 6
3398 3430 6
3405 9561 6
3415 3946 6
3438 6506 6
3443 6842 6
3451 5520 6
3457 8196 6
3459 4094 6
3517 9533 6
3538 5098 6
3578 5210 6
3603 9882 6
3605 3730 6
3633 7552 6
3639 4742 6
3674 8606 6
3698 6975 6
3787 4023 6
3788 7936 6
3810 8999 6
3822 5883 6
3849 5165 6
3858 9305 6
3868 4819 6
3868 9896 6
3881 4807 6
3885 6956 6
3909 9340 6
3959 9723 6
3980 9014 6
3984 5262 6
4011 6167 6
4043 5203 6
4059 5395 6
4059 8141 6
4082 6333 6
4108 8002 6
4178 4304 6
4190 9895 6
4192 5843 6
4224 5936 6
4233 8304 6
4271 6834 6
4277 6944 6
4290 9538 6
4298 8225 6
4302 5772 6
4345 9826 6
4358 5376 6
4361 5083 6
4372 9678 6
4403 4977 6
4403 7368 6
4405 6134 6
4417 6641 6
4438 7646 6
4440 7429 6
4462 9708 6
4466 8830 6
4482 5489 6
4501 5492 6
4502 8904 6
4526 6073 6
4595 7514 6
4714 7361 6
4758 8210 6
4763 6103 6
4770 7216 6
4773 9996 6
4775 5341 6
4786 9468 6
4788 5910 6
4792 9990 6
4816 5306 6
4827 7787 6
4920 6614 6
4932 5294 6
4951 9470 6
4956 8549 6
4960 8142 6
4984 9057 6
4993 7560 6
5004 9843 6
5024 5886 6
5032 9910 6
5034 5573 6
5056 8493 6
5086 8279 6
5092 9525 6
5113 6476 6
5114 7957 6
5127 8919 6
5130 9558 6
5156 5408 6
5158 6457 6
5225 9208 6
5250 5793 6
5265 6486 6
5306 7517 6
5335 6284 6
5338 6494 6
5352 5769 6
5364 8834 6
5376 8483 6
5398 6186 6
5415 9704 6
5419 5445 6
5440 8527 6
5446 9963 6
5458 9104 6
5461 8504 6
5477 9970 6
5485 8023 6
5504 9254 6
5514 5870 6
5528 8437 6
5558 8984 6
5565 6996 6
5607 6988 6
5691 7125 6
5793 6574 6
5818 7324 6
5822 8906 6
5862 6753 6
5882 8410 6
5885 9458 6
5919 8468 6
5940 6222 6
5941 9480 6
5986 7011 6
6011 6236 6
6014 8224 6
6039 6515 6
6075 8983 6
6101 7709 6
6122 9404 6
6142 8267 6
6242 6951 6
6250 9046 6
6317 9115 6
6318 9103 6
6321 9421 6
6361 9624 6
6363 7121 6
6446 7475 6
6462 6720 6
6478 6772 6
6479 7893 6
6604 9310 6
6613 8985 6
6653 6669 6
6658 8081 6
6670 7137 6
6689 8716 6
6696 7938 6
6716 8621 6
6827 9905 6
6850 9793 6
7048 9433 6
7064 7883 6
7099 9060 6
7102 8879 6
7148 9454 6
7215 8648 6
7241 8816 6
7259 8106 6
7301 8962 6
7493 9763 6
7636 8811 6
7643 9597 6
7796 9119 6
7812 8966 6
7817 9706 6
7827 9634 6
7939 8531 6
7942 8031 6
7957 9919 6
7969 9332 6
7973 8918 6
8088 8393 6
8121 8188 6
8202 9428 6
8317 9223 6
8375 9643 6
8423 8726 6
8442 9045 6
8617 8974 6
8670 8768 6
8763 9738 6
9063 9281 6
9188 9565 6
9196 9455 6
9434 9616 6
9573 9889 6
9703 9713 6
1 4275 7
8 3803 7
11 7487 7
21 333 7
31 34 7
40 2379 7
43 1002 7
47 7872 7
53 4282 7
53 7924 7
60 4103 7
63 720 7
63 8051 7
78 874 7
80 9573 7
82 2035 7
84 157 7
93 657 7
100 4087 7
124 1287 7
128 5787 7
140 1750 7
140 1934 7
152 196 7
160 1390 7
171 482 7
190 212 7
199 1931 7
242 8982 7
260 986 7
276 7716 7
285 5116 7
287 524 7
308 1540 7
320 4320 7
328 9763 7
332 4847 7
340 4507 7
420 1899 7
425 9800 7
440 3876 7
461 5664 7
487 3958 7
510 3751 7
518 8862 7
519 9321 7
523 2077 7
554 7661 7
556 4987 7
564 3183 7
567 824 7
579 6703 7
592 9115 7
597 2743 7
612 3588 7
612 6485 7
625 3230 7
630 9387 7
640 8755 7
684 4225 7
684 7537 7
696 7940 7
775 5385 7
781 6291 7
788 1263 7
790 5539 7
796 7401 7
799 2026 7
810 6464 7
815 6330 7
831 6645 7
842 5138 7
848 4084 7
885 6754 7
890 4493 7
896 9108 7
909 8905 7
917 1929 7
940 8710 7
962 1451 7
970 1472 7
989 5967 7
998 3746 7
1009 9656 7
1028 5128 7
1037 2573 7
1037 7114 7
1069 5044 7
1070 1852 7
1082 3153 7
1100 1709 7
1115 9042 7
1122 4836 7
1135 5048 7
1142 5359 7
1153 7318 7
1158 1558 7
1160 5311 7
1171 4092 7
1218 2862 7
1232 2110 7
1243 4704 7
1244 9757 7
1253 7536 7
1262 4436 7
1265 2385 7
1300 9943 7
1309 3828 7
1319 3736 7
1359 3151 7
1360 6762 7
1383 8000 7
1386 2176 7
1388 1960 7
1401 2761 7
1427 2115 7
1430 3770 7
1455 1925 7
1457 3353 7
1458 6446 7
1463 2428 7
1474 8164 7
1494 2306 7
1563 2580 7
1564 8930 7
1608 6573 7
1630 9984 7
1668 5829 7
1671 1950 7
1673 9709 7
1695 1807 7
1708 5225 7
1717 5012 7
1737 8590 7
1816 2770 7
1816 8812 7
1821 6239 7
1833 4135 7
1852 6629 7
1867 6928 7
1877 6803 7
1896 4292 7
1898 5341 7
1933 7337 7
1958 7525 7
1983 3185 7
2015 2537 7
2015 9193 7
2063 2549 7
2081 3358 7
2118 6634 7
2133 9052 7
2136 7082 7
2138 6777 7
2139 4026 7
2145 8753 7
2164 6427 7
2169 5526 7
2186 3119 7
2187 5050 7
2226 5012 7
2232 5174 7
2238 8249 7
2241 7722 7
2247 7651 7
2258 7471 7
2265 3911 7
2267 3960 7
2268 7656 7
2282 3923 7
2284 5428 7
2305 8443 7
2309 9195 7
2332 7198 7
2338 8445 7
2358 5560 7
2363 3621 7
2397 5524 7
2435 2876 7
2457 5471 7
2457 9022 7
2464 4173 7
2471 5504 7
2502 9753 7
2504 8023 7
2523 7769 7
2537 6923 7
2558 3624 7
2568 5929 7
2576 4350 7
2580 8163 7
2619 3270 7
2638 6161 7
2644 3696 7
2647 3691 7
2665 9344 7
2668 5613 7
2672 3946 7
2717 6404 7
2718 6014 7
2724 6255 7
2775 8585 7
2788 4445 7
2796 7515 7
2798 7389 7
2815 7145 7
2832 8775 7
2841 9665 7
2909 9452 7
2936 8176 7
2957 8856 7
2963 8513 7
2965 8140 7
2993 5898 7
3012 8332 7
3023 8273 7
3030 4333 7
3036 8695 7
3039 3732 7
3040 9399 7
3048 6799 7
3054 8653 7
3076 7381 7
3132 5629 7
3157 8690 7
3164 7448 7
3181 9789 7
3219 4198 7
3232 7105 7
3237 4481 7
3254 9475 7
3255 7672 7
3266 9096 7
3301 4442 7
3307 5782 7
3361 5522 7
3397 5072 7
3409 9670 7
3416 5577 7
3434 5673 7
3456 9470 7
3500 7422 7
3520 3723 7
3542 7358 7
3561 6900 7
3562 4198 7
3592 8479 7
3728 9744 7
3752 5805 7
3761 6995 7
3766 8226 7
3768 4654 7
3782 6224 7
3783 8088 7
3787 8893 7
3805 4418 7
3831 5239 7
3862 5901 7
3877 7143 7
3882 8251 7
3898 8861 7
3907 6704 7
3943 4101 7
3959 8412 7
3975 4597 7
3975 9628 7
4000 9904 7
4040 5863 7
4054 6281 7
4056 4447 7
4061 5123 7
4092 4561 7
4092 6021 7
4094 8824 7
4116 6012 7
4127 5742 7
4172 5783 7
4173 7585 7
4177 6476 7
4236 9663 7
4252 7857 7
4276 7610 7
4278 7699 7
4351 9948 7
4372 6814 7
4385 8572 7
4399 7914 7
4443 6955 7
4512 8954 7
4520 7684 7
4550 6808 7
4553 5853 7
4555 8191 7
4563 5774 7
4593 6064 7
4597 9775 7
4602 7151 7
4707 7070 7
4713 5709 7
4766 7178 7
4767 8595 7
4776 6809 7
4792 5178 7
4797 4802 7
4849 8791 7
4894 7704 7
4908 7979 7
4914 9814 7
4964 6822 7
4965 7595 7
4986 7766 7
5085 6124 7
5110 8866 7
5139 8937 7
5146 8143 7
5168 7984 7
5227 7531 7
5231 8285 7
5248 8632 7
5296 7956 7
5312 6611 7
5385 8536 7
5435 9815 7
5437 6166 7
5457 6099 7
5475 9032 7
5510 5966 7
5541 6942 7
5541 7144 7
5544 7069 7
5555 7270 7
5569 8979 7
5582 6756 7
5675 9253 7
5682 8108 7
5690 8854 7
5732 7044 7
5782 8392 7
5842 8073 7
5845 9314 7
5847 7280 7
5873 6077 7
5877 8249 7
5943 8947 7
6027 8977 7
6030 8116 7
6039 9862 7
6040 6750 7
6066 7087 7
6078 9232 7
6097 6738 7
6220 8191 7
6274 9066 7
6296 8461 7
6301 8542 7
6325 7417 7
6325 9869 7
6358 8007 7
6379 6575 7
6421 8674 7
6568 8389 7
6571 7845 7
6647 7869 7
6663 7499 7
6691 9701 7
6711 8867 7
6964 9327 7
6974 7611 7
7023 8076 7
7065 8171 7
7114 8704 7
7118 9568 7
7245 8176 7
7309 7509 7
7410 8063 7
7424 9838 7
7438 9251 7
7460 9685 7
7498 9828 7
7521 9009 7
7569 9786 7
7598 8155 7
7630 8882 7
7693 8142 7
7770 7936 7
7789 9610 7
7937 8076 7
7951 9371 7
8004 9115 7
8033 8246 7
8034 9339 7
8039 8902 7
8207 8929 7
8254 9921 7
8420 9567 7
8509 8548 7
8645 9355 7
8751 9265 7
8756 8814 7
8936 9371 7
8960 9636 7
9151 9713 7
9247 9744 7
9335 9510 7
9339 9921 7
9 1170 8
10 2237 8
15 6479 8
19 62 8
39 499 8
39 5609 8
56 3935 8
75 4961 8
79 328 8
85 4682 8
87 318 8
105 1041 8
108 8608 8
118 5006 8
129 5278 8
131 391 8
133 287 8
140 1116 8
142 6934 8
149 3584 8
166 5258 8
171 3104 8
198 377 8
204 392 8
210 344 8
217 4076 8
228 1220 8
242 2739 8
242 5588 8
246 831 8
246 9125 8
248 313 8
252 1428 8
255 3425 8
257 1046 8
269 1963 8
271 795 8
277 4822 8
278 490 8
283 331 8
295 4043 8
296 323 8
306 9874 8
317 5313 8
320 9098 8
325 8241 8
331 2894 8
346 1680 8
360 1786 8
394 9965 8
406 8277 8
425 8299 8
426 4318 8
451 1212 8
470 9311 8
471 2412 8
480 3609 8
485 1367 8
495 9320 8
498 9043 8
503 817 8
503 9551 8
528 9459 8
565 5652 8
571 4439 8
576 4962 8
581 4969 8
585 1004 8
594 5889 8
599 1932 8
601 6053 8
605 1759 8
611 1288 8
624 5509 8
636 2779 8
666 7001 8
685 2353 8
689 9890 8
696 8022 8
700 5196 8
733 2342 8
734 3098 8
743 1343 8
758 814 8
800 974 8
819 951 8
833 9250 8
845 6302 8
852 2942 8
874 8238 8
890 3147 8
904 4236 8
921 6440 8
924 1779 8
966 3398 8
984 8467 8
1016 7389 8
1028 5472 8
1034 7563 8
1055 2701 8
1065 9546 8
1085 2504 8
1169 7960 8
1187 9019 8
1196 1977 8
1207 9477 8
1210 3146 8
1233 6790 8
1264 5946 8
1292 1844 8
1299 2922 8
1299 8486 8
1317 1680 8
1324 8956 8
1344 1820 8
1345 1770 8
1351 8231 8
1407 2924 8
1453 3842 8
1453 9562 8
1456 9303 8
1462 1789 8
1478 2146 8
1500 5993 8
1526 1615 8
1536 1794 8
1551 1596 8
1593 2023 8
1631 8355 8
1633 7705 8
1637 2751 8
1714 9003 8
1721 5541 8
1722 6761 8
1750 4278 8
1755 4760 8
1758 4583 8
1764 4098 8
1774 1860 8
1780 4183 8
1806 4091 8
1812 6485 8
1840 2608 8
1842 2343 8
1859 6495 8
1893 3506 8
1923 3610 8
1929 2147 8
1932 6745 8
1933 9263 8
1951 6481 8
1982 4446 8
1985 5827 8
1995 6525 8
2022 2388 8
2060 9666 8
2075 8682 8
2078 9654 8
2083 2517 8
2092 7723 8
2108 6337 8
2111 7518 8
2115 7222 8
2128 5556 8
2132 8968 8
2133 2785 8
2133 6029 8
2135 7623 8
2138 3504 8
2138 5975 8
2160 9624 8
2161 2711 8
2173 2980 8
2190 8124 8
2206 4156 8
2216 7227 8
2243 5656 8
2266 4180 8
2266 8979 8
2286 5931 8
2294 7524 8
2337 6780 8
2345 7365 8
2370 4550 8
2386 3778 8
2401 2788 8
2408 3297 8
2411 9794 8
2474 6778 8
2481 5675 8
2512 7494 8
2517 5000 8
2519 3617 8
2542 4065 8
2559 9668 8
2567 6375 8
2568 4651 8
2571 7876 8
2586 6298 8
2618 6432 8
2638 6574 8
2661 4822 8
2667 9890 8
2679 5850 8
2714 4380 8
2723 8837 8
2729 5579 8
2753 2781 8
2758 9929 8
2776 6411 8
2807 8149 8
2812 6918 8
2831 9730 8
2834 4136 8
2837 6947 8
2846 8584 8
2851 4781 8
2859 5782 8
2864 6104 8
2873 8287 8
2878 3704 8
2908 7281 8
2966 6958 8
2989 4793 8
3013 5239 8
3013 5925 8
3039 8587 8
3074 4701 8
3077 8902 8
3081 9603 8
3103 3652 8
3107 5843 8
3154 4318 8
3155 3898 8
3168 9670 8
3176 5726 8
3177 3352 8
3194 4660 8
3215 3583 8
3220 4338 8
3238 3851 8
3300 6497 8
3315 7494 8
3324 9985 8
3333 6029 8
3341 6986 8
3348 5294 8
3352 8686 8
3378 7324 8
3411 6043 8
3458 5298 8
3468 9422 8
3469 8891 8
3479 7771 8
3512 3750 8
3528 7050 8
3538 9345 8
3547 7574 8
3562 5757 8
3564 9052 8
3618 5330 8
3631 5955 8
3687 3961 8
3712 9825 8
3717 4132 8
3761 5875 8
3762 6589 8
3793 6154 8
3799 8034 8
3804 5068 8
3810 9330 8
3821 8661 8
3864 8292 8
3887 4972 8
3897 8836 8
3899 5325 8
3914 8078 8
3929 7109 8
3953 7150 8
3958 8152 8
3966 5553 8
3974 6004 8
3979 6878 8
4016 7887 8
4034 6197 8
4097 8701 8
4111 7461 8
4176 8769 8
4261 9407 8
4272 5827 8
4297 5530 8
4301 8734 8
4333 8758 8
4343 6926 8
4371 7301 8
4391 4821 8
4403 5415 8
4444 7864 8
4451 4553 8
4490 4933 8
4524 6652 8
4533 7807 8
4556 4946 8
4556 5578 8
4563 8204 8
4582 5933 8
4675 4974 8
4683 7002 8
4732 6821 8
4742 6336 8
4776 6168 8
4783 9763 8
4815 7700 8
4815 9081 8
4825 5386 8
4842 9760 8
4851 5020 8
4873 8044 8
4910 8156 8
4987 8121 8
4998 9938 8
5000 5637 8
5002 5466 8
5040 6816 8
5131 7607 8
5158 5336 8
5194 5650 8
5209 6927 8
5284 6246 8
5296 6396 8
5310 9588 8
5340 8263 8
5350 6236 8
5351 8162 8
5381 7537 8
5433 8407 8
5439 8395 8
5479 7706 8
5485 6500 8
5485 6859 8
5506 6714 8
5524 8098 8
5526 8133 8
5542 7726 8
5575 7135 8
5634 7751 8
5684 6538 8
5731 9997 8
5766 6676 8
5798 9269 8
5826 6538 8
5879 7203 8
5881 8380 8
5925 9845 8
5954 8060 8
5964 7264 8
5966 7118 8
5977 7405 8
5983 6477 8
6111 6410 8
6171 6601 8
6186 8493 8
6249 7144 8
6278 7346 8
6296 8633 8
6314 8140 8
6461 8424 8
6517 8028 8
6526 8436 8
6549 8729 8
6591 8809 8
6606 8471 8
6652 9246 8
6741 7049 8
6852 7480 8
7040 8614 8
7072 7343 8
7073 7962 8
7102 8388 8
7165 8691 8
7194 8384 8
7212 7468 8
7278 8885 8
7337 7871 8
7404 9356 8
7429 9992 8
7484 8875 8
7594 7827 8
7654 8936 8
7719 9234 8
7926 8145 8
7928 8084 8
7939 8399 8
7963 8511 8
7998 8251 8
8155 9393 8
8208 9523 8
8209 8365 8
8226 8583 8
8234 8259 8
8353 9797 8
8382 8490 8
8393 9127 8
8430 9809 8
8466 9694 8
8546 9582 8
8553 9813 8
8785 9372 8
8824 9936 8
8920 9234 8
9049 9174 8
9180 9625 8
0 1 9
4 79 9
13 564 9
16 5598 9
31 1304 9
47 7708 9
58 4056 9
60 2297 9
60 3346 9
68 432 9
70 567 9
92 1455 9
93 1924 9
97 1235 9
99 3552 9
104 1603 9
114 585 9
136 7286 9
154 847 9
158 2702 9
160 7001 9
164 349 9
165 2536 9
184 285 9
190 9200 9
192 461 9
192 2440 9
197 1358 9
208 351 9
215 6134 9
217 504 9
220 250 9
240 910 9
251 7328 9
263 9573 9
268 6674 9
292 2049 9
311 3388 9
333 5786 9
334 4098 9
354 418 9
356 494 9
357 4053 9
366 5541 9
370 4546 9
381 1161 9
390 4016 9
393 4917 9
402 950 9
418 606 9
426 6627 9
429 2490 9
454 6921 9
455 7433 9
461 550 9
467 3658 9
470 698 9
480 2469 9
480 6852 9
498 868 9
517 3095 9
529 3653 9
530 8164 9
583 8028 9
617 7750 9
619 2162 9
626 4602 9
632 3844 9
662 6370 9
670 4235 9
678 9506 9
696 1818 9
717 6554 9
723 8301 9
724 1036 9
731 5792 9
736 7134 9
742 5856 9
757 3877 9
783 8773 9
787 8249 9
802 7671 9
806 2970 9
821 2976 9
824 9584 9
847 2498 9
849 7088 9
855 9368 9
871 1072 9
886 5212 9
892 1206 9
895 5152 9
920 3974 9
922 2621 9
948 3415 9
952 2976 9
953 1806 9
972 5702 9
980 2349 9
989 3568 9
989 7094 9
1007 2019 9
1007 9588 9
1013 6910 9
1044 1752 9
1044 2268 9
1061 2632 9
1062 8181 9
1070 7366 9
1091 7459 9
1118 1760 9
1129 6699 9
1140 2084 9
1144 9311 9
1156 8037 9
1172 2649 9
1177 8544 9
1180 7493 9
1191 1926 9
1203 7122 9
1213 2438 9
1216 4072 9
1237 8573 9
1245 4295 9
1253 2991 9
1260 8332 9
1283 2558 9
1290 2557 9
1299 1769 9
1308 7012 9
1309 3878 9
1321 4568 9
1386 2004 9
1412 1476 9
1422 6715 9
1481 9921 9
1483 5526 9
1513 5567 9
1531 8051 9
1535 5171 9
1559 6051 9
1564 9735 9
1575 8556 9
1585 8378 9
1596 7750 9
1604 7656 9
1606 1821 9
1611 1964 9
1632 6128 9
1634 3617 9
1635 4084 9
1638 4585 9
1665 9323 9
1666 7670 9
1680 3620 9
1680 6930 9
1684 8730 9
1741 5074 9
1759 2442 9
1768 9291 9
1792 2433 9
1838 2566 9
1887 3431 9
1897 6489 9
1898 9772 9
1938 7714 9
1945 3452 9
1948 3195 9
1969 8594 9
1993 6336 9
1994 6539 9
2020 3522 9
2070 7212 9
2084 9874 9
2108 9860 9
2124 8473 9
2136 7245 9
2154 3424 9
2158 6068 9
2174 5096 9
2203 5326 9
2218 7447 9
2223 6900 9
2252 6549 9
2269 3007 9
2285 7675 9
2294 3028 9
2328 2650 9
2377 4687 9
2387 3545 9
2455 7418 9
2456 9595 9
2528 2691 9
2538 2824 9
2550 3192 9
2611 9997 9
2625 7335 9
2629 7449 9
2641 3956 9
2665 7218 9
2668 2741 9
2698 3465 9
2717 5113 9
2738 4771 9
2764 7454 9
2788 9398 9
2789 8288 9
2812 7788 9
2853 9619 9
2886 8512 9
2900 6131 9
2918 6611 9
2936 3611 9
2944 4143 9
2945 7626 9
2946 4510 9
2950 6511 9
2962 7533 9
2995 3678 9
3000 8080 9
3006 3410 9
3009 3541 9
3035 9440 9
3039 6289 9
3059 6503 9
3061 7694 9
3062 7788 9
3147 7814 9
3148 5618 9
3171 7687 9
3173 8920 9
3201 5887 9
3235 7279 9
3252 8045 9
3275 8406 9
3288 5450 9
3289 3337 9
3303 5416 9
3349 4666 9
3363 4611 9
3393 7585 9
3413 9772 9
3432 3620 9
3432 4136 9
3452 8383 9
3457 8972 9
3492 6205 9
3498 9873 9
3523 8046 9
3527 9482 9
3532 8080 9
3532 8249 9
3537 5277 9
3552 5711 9
3562 5502 9
3576 6469 9
3602 6474 9
3606 4049 9
3606 6549 9
3638 7942 9
3736 6685 9
3743 9851 9
3746 5505 9
3749 6779 9
3775 6201 9
3785 8634 9
3793 4910 9
3857 5838 9
3858 4894 9
3865 4666 9
3934 8391 9
3951 5162 9
3953 5691 9
3958 8183 9
3959 5489 9
4024 8268 9
4025 5602 9
4040 8957 9
4056 6639 9
4066 8947 9
4074 8841 9
4162 5440 9
4162 8742 9
4172 7940 9
4174 6943 9
4187 9512 9
4227 8022 9
4228 6519 9
4256 9018 9
4270 6605 9
4272 7396 9
4299 8526 9
4327 8020 9
4419 8688 9
4422 4509 9
4439 4953 9
4440 4852 9
4496 8780 9
4499 5907 9
4557 8398 9
4559 8201 9
4576 6956 9
4594 9600 9
4661 7604 9
4666 8575 9
4672 6932 9
4733 8450 9
4740 4993 9
4777 8218 9
4821 5476 9
4845 9162 9
4861 8660 9
4906 5432 9
4912 4969 9
4940 9157 9
4945 9748 9
4949 7426 9
4970 6759 9
4995 7651 9
5034 8021 9
5036 7516 9
5040 9686 9
5052 5831 9
5063 5435 9
5074 5814 9
5092 5816 9
5140 7101 9
5156 8853 9
5190 5747 9
5219 6998 9
5225 9445 9
5247 5953 9
5272 8780 9
5341 6122 9
5404 5912 9
5451 6487 9
5510 9932 9
5513 7872 9
5526 9390 9
5540 7485 9
5547 9000 9
5559 6658 9
5560 6276 9
5567 5667 9
5667 6343 9
5748 8060 9
5755 8649 9
5803 8183 9
5807 9683 9
5808 5813 9
5872 9460 9
5885 7551 9
5996 9597 9
6025 9059 9
6064 6917 9
6066 7347 9
6121 6911 9
6185 6365 9
6230 7814 9
6377 9026 9
6417 8494 9
6426 8744 9
6438 9217 9
6621 7936 9
6711 6858 9
6736 8481 9
6757 7517 9
6759 6991 9
6765 9919 9
6775 8367 9
6817 9763 9
6882 8517 9
6949 8148 9
6962 8921 9
7099 8004 9
7109 7207 9
7112 9482 9
7120 7643 9
7209 7750 9
7251 8776 9
7274 8698 9
7298 8963 9
7306 7439 9
7313 7790 9
7334 8625 9
7368 7643 9
7501 8871 9
7559 9253 9
7572 9475 9
7585 7762 9
7625 9677 9
7653 7693 9
7746 9862 9
7794 9717 9
7817 9123 9
7848 9054 9
7923 8784 9
7965 8527 9
7976 8067 9
8051 8271 9
8083 9038 9
8199 8525 9
8325 9084 9
8378 8645 9
8417 9451 9
8713 9984 9
8846 8989 9
8853 8941 9
8953 9259 9
8992 9732 9
9021 9353 9
9095 9729 9
9276 9365 9
9335 9930 9
9772 9790 9
9 73 10
9 3205 10
38 8255 10
59 2125 10
67 4741 10
70 9665 10
74 4255 10
77 2631 10
86 4930 10
97 195 10
99 536 10
101 6030 10
113 262 10
114 720 10
133 7662 10
146 5852 10
154 204 10
176 1236 10
178 347 10
184 5782 10
204 2658 10
221 8874 10
236 4025 10
242 2163 10
249 3969 10
251 438 10
252 628 10
258 9614 10
259 8777 10
279 4628 10
288 1443 10
297 9309 10
298 466 10
301 882 10
306 453 10
312 539 10
316 3160 10
324 8674 10
327 1481 10
328 1275 10
337 1066 10
355 535 10
372 8619 10
382 4056 10
408 1177 10
413 1699 10
420 5774 10
451 576 10
456 559 10
499 5913 10
517 7170 10
556 639 10
558 1211 10
558 3898 10
560 886 10
564 7095 10
572 3389 10
579 5048 10
589 6631 10
596 2872 10
617 4609 10
622 4776 10
622 6365 10
629 7630 10
646 1076 10
683 7463 10
713 4631 10
724 4816 10
734 2207 10
742 1612 10
745 8612 10
755 6865 10
770 5442 10
776 867 10
780 1192 10
782 9821 10
793 7052 10
821 7317 10
842 6842 10
848 5963 10
849 9340 10
869 6459 10
875 7957 10
898 5815 10
914 2664 10
928 4640 10
941 2155 10
950 3846 10
957 7968 10
979 6148 10
1005 6479 10
1006 2438 10
1008 2680 10
1018 2609 10
1039 3857 10
1067 8804 10
1094 1289 10
1115 4721 10
1116 9526 10
1120 9939 10
1133 3106 10
1137 1232 10
1147 8687 10
1157 8933 10
1161 5482 10
1179 9654 10
1185 9642 10
1193 5745 10
1194 2559 10
1207 3907 10
1287 8319 10
1324 1813 10
1348 5671 10
1353 4788 10
1411 3041 10
1426 2926 10
1436 7545 10
1463 3109 10
1470 5286 10
1471 3765 10
1486 4045 10
1491 4270 10
1491 6993 10
1492 2448 10
1502 4549 10
1511 3569 10
1511 4651 10
1540 3070 10
1552 4983 10
1554 9694 10
1601 4198 10
1604 8045 10
1608 3988 10
1615 3872 10
1638 4773 10
1668 7705 10
1682 4690 10
1688 4810 10
1698 2160 10
1731 3072 10
1735 6228 10
1741 7827 10
1764 3602 10
1781 8648 10
1793 5973 10
1798 9500 10
1799 2863 10
1801 9334 10
1802 2055 10
1838 8163 10
1843 9506 10
1849 4363 10
1882 8405 10
1895 9361 10
1913 9434 10
1929 3916 10
1931 6261 10
1932 9895 10
1953 3218 10
1965 9435 10
1986 6728 10
2017 2570 10
2061 4157 10
2069 2746 10
2103 8885 10
2121 3446 10
2128 2549 10
2160 9867 10
2207 5602 10
2225 3113 10
2233 6170 10
2267 4960 10
2271 7590 10
2317 6430 10
2383 4543 10
2388 6213 10
2426 4224 10
2453 7671 10
2462 3039 10
2467 4282 10
2510 6463 10
2554 3932 10
2555 9913 10
2556 4191 10
2565 6334 10
2570 2966 10
2596 6810 10
2622 7407 10
2641 5013 10
2652 4282 10
2667 7587 10
2670 8505 10
2755 5152 10
2812 9945 10
2817 4349 10
2817 8942 10
2818 6154 10
2840 4196 10
2853 2901 10
2890 8901 10
2901 5060 10
2924 3687 10
2940 8277 10
2984 6579 10
3003 5857 10
3013 8886 10
3071 6224 10
3103 9272 10
3105 5787 10
3108 3472 10
3113 8065 10
3155 5231 10
3163 7205 10
3163 9397 10
3166 4924 10
3171 3727 10
3214 8554 10
3242 6119 10
3271 4309 10
3279 3715 10
3282 8748 10
3284 9850 10
3367 5490 10
3374 5492 10
3376 9847 10
3391 5532 10
3410 6266 10
3437 9085 10
3547 4250 10
3612 9543 10
3641 8184 10
3707 7383 10
3757 5315 10
3766 9710 10
3773 7705 10
3802 4045 10
3841 7229 10
3886 9490 10
3911 8482 10
4005 7019 10
4038 6139 10
4054 9801 10
4096 6537 10
4137 4753 10
4185 4751 10
4193 6286 10
4220 7044 10
4271 7170 10
4284 7833 10
4327 5387 10
4396 6883 10
4397 8921 10
4467 5131 10
4471 8302 10
4471 9993 10
4514 4544 10
4566 4628 10
4593 8851 10
4600 5230 10
4610 7076 10
4621 8797 10
4642 8717 10
4666 4987 10
4668 5436 10
4775 7345 10
4820 7297 10
4829 7321 10
4878 6449 10
4926 8642 10
4941 6942 10
4968 9237 10
4987 5324 10
4987 9327 10
5005 6192 10
5039 7052 10
5070 7844 10
5083 6161 10
5104 6125 10
5121 9291 10
5175 8646 10
5201 9719 10
5282 7384 10
5290 6192 10
5295 7830 10
5307 6604 10
5323 6945 10
5364 9297 10
5375 9086 10
5461 7044 10
5463 6142 10
5471 6449 10
5526 9586 10
5536 9186 10
5556 7177 10
5573 7107 10
5588 9883 10
5604 5806 10
5607 6595 10
5660 9606 10
5696 9591 10
5785 5985 10
5864 8850 10
5893 8036 10
5897 7781 10
5916 8538 10
5937 7669 10
5964 8696 10
6029 8556 10
6035 6110 10
6055 6312 10
6095 7923 10
6125 8174 10
6218 9614 10
6306 9498 10
6345 6532 10
6355 7171 10
6380 6785 10
6406 7162 10
6480 8754 10
6500 9637 10
6502 9680 10
6505 8132 10
6567 9613 10
6629 6975 10
6654 8761 10
6743 8299 10
6755 6959 10
6858 8725 10
6861 9219 10
6925 8822 10
6953 8467 10
7000 8422 10
7006 7329 10
7075 7904 10
7109 7792 10
7311 7444 10
7359 8473 10
7453 8528 10
7460 9211 10
7535 9542 10
7625 8927 10
7650 7839 10
7777 9458 10
7798 8269 10
7995 9027 10
8009 8579 10
8042 8751 10
8071 9514 10
8120 8522 10
8154 9937 10
8175 8584 10
8276 9684 10
8623 8900 10
8644 9427 10
8787 9090 10
8812 9699 10
8813 9636 10
9375 9879 10
9476 9653 10
9497 9742 10
9533 9703 10
9713 9994 10
9738 9956 10
3 7694 11
4 7995 11
6 3859 11
7 43 11
12 602 11
27 4387 11
41 1014 11
53 2911 11
53 5908 11
53 9872 11
57 296 11
60 3877 11
71 9642 11
78 620 11
82 8072 11
117 150 11
123 332 11
134 4104 11
149 6821 11
161 498 11
167 796 11
169 3711 11
188 7822 11
189 4546 11
204 4869 11
209 8216 11
241 1197 11
244 5256 11
258 2558 11
270 1487 11
277 449 11
316 3739 11
373 8137 11
395 473 11
400 8807 11
413 7985 11
417 2447 11
417 7291 11
428 1329 11
440 2946 11
445 3337 11
446 2912 11
447 4097 11
450 2048 11
495 8344 11
506 789 11
540 600 11
542 2256 11
549 8382 11
554 6550 11
571 5157 11
584 5900 11
586 4799 11
587 1904 11
595 6729 11
602 3503 11
609 1764 11
628 8587 11
642 4509 11
667 8896 11
669 1443 11
673 4078 11
678 3942 11
689 3902 11
697 7975 11
713 6277 11
762 2503 11
771 4363 11
804 5735 11
813 3748 11
817 1947 11
820 5928 11
871 5559 11
899 8965 11
928 3472 11
929 1980 11
941 2999 11
946 8098 11
967 9978 11
978 9392 11
1005 2380 11
1010 8323 11
1012 9161 11
1022 9003 11
1032 2617 11
1035 3344 11
1063 8631 11
1091 2507 11
1111 4356 11
1120 4642 11
1140 2595 11
1143 9497 11
1157 6397 11
1166 4731 11
1176 9985 11
1177 3566 11
1188 6872 11
1194 3870 11
1194 5698 11
1220 2127 11
1248 1862 11
1264 4029 11
1294 1437 11
1296 1667 11
1336 6903 11
1340 4561 11
1371 8070 11
1401 4893 11
1407 7203 11
1410 1545 11
1458 7040 11
1475 7308 11
1496 9267 11
1497 7929 11
1538 2877 11
1553 1689 11
1583 2930 11
1597 4393 11
1613 6561 11
1643 2153 11
1649 7488 11
1662 9564 11
1663 9163 11
1664 6380 11
1670 7313 11
1694 8793 11
1699 5894 11
1702 8425 11
1706 9123 11
1723 8413 11
1736 6004 11
1740 9932 11
1744 2585 11
1744 5942 11
1754 9926 11
1776 3856 11
1785 9217 11
1791 4541 11
1806 8780 11
1826 8697 11
1837 5319 11
1855 7762 11
1857 8212 11
1859 5095 11
1882 4786 11
1890 2576 11
1953 8443 11
1959 8216 11
1976 2193 11
1980 8771 11
1999 3258 11
2008 3408 11
2024 9497 11
2025 8795 11
2046 4628 11
2047 3624 11
2085 5510 11
2159 2274 11
2175 3077 11
2191 4903 11
2205 7345 11
2277 3370 11
2280 4941 11
2282 9650 11
2292 4007 11
2293 4407 11
2296 5331 11
2310 8486 11
2383 4191 11
2400 8954 11
2407 9270 11
2417 7341 11
2476 3614 11
2476 8604 11
2482 2839 11
2486 6059 11
2498 5118 11
2508 6214 11
2527 7054 11
2548 3581 11
2620 6596 11
2629 7109 11
2658 7226 11
2682 7993 11
2686 9495 11
2725 9498 11
2726 4324 11
2741 6891 11
2750 9648 11
2751 3243 11
2773 7325 11
2783 5485 11
2803 9545 11
2804 3990 11
2807 8438 11
2825 5794 11
2860 6511 11
2880 3568 11
2886 9496 11
2893 6065 11
2894 6394 11
2913 7366 11
2923 4280 11
2928 4411 11
2958 5390 11
2970 4055 11
2998 7065 11
3006 4781 11
3028 7533 11
3034 4260 11
3072 6655 11
3075 7480 11
3076 6374 11
3077 5954 11
3077 9909 11
3128 3777 11
3147 5544 11
3152 7208 11
3192 8682 11
3228 3488 11
3243 9908 11
3276 8935 11
3285 7333 11
3287 4223 11
3335 6148 11
3369 5469 11
3408 6114 11
3423 6379 11
3432 9270 11
3433 7470 11
3436 4312 11
3469 5516 11
3506 6987 11
3545 6136 11
3590 5475 11
3619 4223 11
3622 4341 11
3635 6143 11
3647 9103 11
3672 9887 11
3678 8961 11
3693 4185 11
3705 4788 11
3710 6529 11
3710 8889 11
3715 8175 11
3721 3967 11
3726 6197 11
3738 7231 11
3759 7200 11
3795 6700 11
3824 6698 11
3829 5737 11
3833 8443 11
3838 6496 11
3839 5482 11
3848 5767 11
3862 5132 11
3881 7274 11
3892 7192 11
3948 6876 11
3951 4523 11
3973 4771 11
3978 5734 11
3992 4385 11
4043 8060 11
4105 8568 11
4140 8901 11
4159 5632 11
4170 7407 11
4178 7754 11
4276 7115 11
4282 5631 11
4296 5997 11
4363 9075 11
4380 8621 11
4382 4706 11
4383 9186 11
4391 8006 11
4402 6453 11
4403 7522 11
4417 5734 11
4417 7490 11
4443 6772 11
4444 9155 11
4457 5612 11
4480 6152 11
4481 9224 11
4519 9318 11
4545 8735 11
4571 6540 11
4613 6991 11
4627 4748 11
4661 5891 11
4737 5589 11
4753 9235 11
4852 9001 11
4878 6092 11
4882 8470 11
4896 9537 11
4925 5979 11
4985 8350 11
4987 7815 11
5000 7238 11
5006 8075 11
5008 6892 11
5014 5618 11
5022 7269 11
5046 5381 11
5086 6147 11
5094 7951 11
5107 8420 11
5116 8318 11
5127 9835 11
5142 9880 11
5188 7976 11
5314 8451 11
5388 9534 11
5414 5969 11
5419 5743 11
5425 7374 11
5434 9220 11
5437 7216 11
5440 5661 11
5444 7853 11
5462 7676 11
5590 8758 11
5597 9800 11
5609 5789 11
5650 7417 11
5674 9174 11
5705 5985 11
5732 7182 11
5797 8786 11
5830 9936 11
5833 9553 11
5840 9634 11
5932 9549 11
5937 9356 11
5988 6116 11
6002 8220 11
6086 8756 11
6183 8259 11
6183 9635 11
6227 6788 11
6276 9507 11
6327 6996 11
6356 8800 11
6396 9640 11
6433 7013 11
6444 8623 11
6495 6610 11
6529 9521 11
6534 9714 11
6636 8420 11
6676 8818 11
6717 8989 11
6764 9670 11
6847 6851 11
6888 8059 11
6955 8363 11
6966 7379 11
6968 9607 11
7033 7989 11
7040 8109 11
7040 8773 11
7109 9167 11
7161 8872 11
7181 7854 11
7276 8285 11
7305 8834 11
7364 7496 11
7446 8557 11
7499 7791 11
7508 8392 11
7525 8120 11
7534 9579 11
7654 8151 11
7702 9196 11
7711 7868 11
7781 9506 11
7947 9549 11
7999 9131 11
8090 8575 11
8117 8713 11
8176 8763 11
8205 9397 11
8369 9570 11
8602 8903 11
8718 9960 11
8736 9479 11
8789 8997 11
8874 9032 11
8874 9729 11
9058 9139 11
9269 9319 11
0 8124 12
14 7625 12
33 6604 12
38 3786 12
45 1912 12
48 515 12
49 9930 12
75 134 12
94 872 12
109 1413 12
109 1861 12
113 115 12
116 3840 12
118 802 12
137 2926 12
180 271 12
192 1089 12
194 8608 12
196 1801 12
210 267 12
272 2701 12
289 5809 12
297 9439 12
327 3547 12
332 3356 12
356 9394 12
363 509 12
405 2468 12
424 1080 12
431 6642 12
441 6463 12
446 6289 12
448 3927 12
458 8402 12
460 470 12
465 4599 12
467 653 12
477 3525 12
485 2025 12
488 4566 12
490 1235 12
495 1676 12
498 4443 12
509 2110 12
516 1480 12
519 6731 12
534 1028 12
537 1105 12
541 6243 12
544 5701 12
548 1056 12
549 9533 12
577 6356 12
589 1642 12
625 660 12
626 3743 12
636 5091 12
642 6507 12
669 4816 12
670 2200 12
672 9555 12
674 2145 12
675 3126 12
723 3654 12
725 8354 12
741 2413 12
746 6467 12
756 9675 12
810 5895 12
817 4429 12
820 9247 12
837 2498 12
867 9209 12
876 6562 12
881 2449 12
897 7935 12
903 7684 12
908 3691 12
911 7749 12
913 5277 12
934 4494 12
943 2876 12
1006 7649 12
1015 5333 12
1035 6966 12
1038 1731 12
1043 8489 12
1045 6111 12
1062 3064 12
1073 6649 12
1074 4119 12
1082 5188 12
1095 5523 12
1110 4932 12
1117 2300 12
1135 3871 12
1145 9769 12
1153 2950 12
1161 7410 12
1162 2142 12
1167 4569 12
1178 4749 12
1180 8945 12
1191 5329 12
1252 6607 12
1266 2127 12
1280 1577 12
1290 5172 12
1297 8161 12
1301 8789 12
1319 7477 12
1332 5882 12
1333 2557 12
1335 4015 12
1339 1746 12
1344 4702 12
1378 6767 12
1378 9167 12
1379 8268 12
1390 2729 12
1393 2924 12
1412 3680 12
1419 1423 12
1422 7620 12
1436 3497 12
1470 6046 12
1479 6323 12
1565 1771 12
1565 3442 12
1587 4755 12
1606 2284 12
1614 6130 12
1630 6412 12
1640 8167 12
1651 7019 12
1707 8334 12
1750 6084 12
1751 2122 12
1760 2393 12
1773 1874 12
1793 3026 12
1828 3097 12
1836 3987 12
1848 5245 12
1862 3266 12
1866 3109 12
1867 9120 12
1875 2293 12
1877 6564 12
1882 3406 12
1883 1916 12
1908 9603 12
1910 2261 12
1916 2202 12
1916 5147 12
1927 9004 12
1934 1985 12
2018 3372 12
2028 3293 12
2056 5227 12
2058 5757 12
2060 2178 12
2068 5149 12
2090 2244 12
2090 2336 12
2119 8193 12
2129 8434 12
2130 9277 12
2134 5481 12
2138 5383 12
2150 4100 12
2157 4565 12
2173 4217 12
2174 5596 12
2180 3611 12
2184 5745 12
2200 5700 12
2202 3992 12
2205 5207 12
2206 3434 12
2209 7354 12
2215 7775 12
2243 8601 12
2245 7324 12
2270 5968 12
2278 9918 12
2280 2635 12
2288 9786 12
2289 9488 12
2292 2777 12
2310 4147 12
2319 5163 12
2363 9449 12
2368 6749 12
2394 4368 12
2417 8279 12
2421 3314 12
2422 2558 12
2436 5719 12
2437 5604 12
2439 9938 12
2505 3795 12
2509 7141 12
2513 3833 12
2513 8339 12
2516 6496 12
2517 8974 12
2527 9851 12
2540 5630 12
2544 5089 12
2548 7712 12
2562 3288 12
2572 2777 12
2583 8653 12
2614 3369 12
2628 4861 12
2640 4022 12
2642 8211 12
2647 3708 12
2653 7672 12
2687 2858 12
2687 5416 12
2692 6342 12
2721 5346 12
2727 9063 12
2743 3765 12
2757 5593 12
2762 7145 12
2767 8369 12
2787 3171 12
2798 9702 12
2856 9843 12
2890 6196 12
2900 5026 12
2907 9314 12
2926 3121 12
2937 3243 12
2946 3754 12
2952 6539 12
2952 8479 12
2983 9775 12
3042 8609 12
3061 3701 12
3097 8319 12
3113 9888 12
3121 5881 12
3204 4527 12
3206 4291 12
3208 6149 12
3243 5601 12
3272 5129 12
3312 3534 12
3320 5402 12
3323 4297 12
3327 3635 12
3364 9585 12
3381 3939 12
3387 4210 12
3398 9894 12
3414 5792 12
3524 4048 12
3537 8489 12
3554 8849 12
3556 4163 12
3558 9539 12
3588 7441 12
3624 9901 12
3631 9611 12
3633 8939 12
3675 5709 12
3720 6647 12
3724 7201 12
3742 4219 12
3759 5926 12
3772 9918 12
3789 4592 12
3791 7837 12
3803 4092 12
3803 9330 12
3812 6640 12
3831 4213 12
3916 5295 12
3920 7025 12
3952 4866 12
3980 8060 12
3987 9844 12
3989 7806 12
3991 6650 12
4059 8412 12
4096 4765 12
4134 5477 12
4135 7739 12
4165 7973 12
4199 9038 12
4201 8639 12
4234 9498 12
4235 7789 12
4272 7136 12
4276 5663 12
4301 7360 12
4380 5560 12
4396 4743 12
4401 5220 12
4402 9554 12
4448 8221 12
4504 9256 12
4515 8098 12
4521 9079 12
4553 5551 12
4581 8334 12
4603 5423 12
4606 5616 12
4698 6625 12
4705 8934 12
4731 6308 12
4755 5586 12
4757 6723 12
4790 9426 12
4795 5005 12
4803 8687 12
4803 9368 12
4825 6875 12
4847 8782 12
4888 8181 12
4895 7594 12
4929 7919 12
4996 9064 12
5037 7763 12
5049 9631 12
5051 9095 12
5124 6660 12
5133 7610 12
5148 7307 12
5148 7369 12
5159 5785 12
5190 7840 12
5211 5575 12
5238 9399 12
5262 6894 12
5297 6331 12
5328 7357 12
5414 7565 12
5525 9225 12
5540 7363 12
5572 8518 12
5640 7224 12
5958 6136 12
6032 9623 12
6183 9808 12
6184 9962 12
6202 7532 12
6222 7650 12
6273 7222 12
6304 7370 12
6310 7530 12
6386 7855 12
6431 8492 12
6467 7970 12
6490 9956 12
6500 7987 12
6539 9845 12
6641 7143 12
6646 7943 12
6655 8086 12
6734 7935 12
6786 8753 12
6822 9228 12
6896 7252 12
6917 7618 12
6930 8763 12
6973 7098 12
6996 7274 12
7011 9091 12
7030 8358 12
7031 8449 12
7035 7765 12
7040 8222 12
7061 7572 12
7084 9699 12
7239 7354 12
7300 8841 12
7312 8023 12
7482 8576 12
7719 9467 12
7782 9208 12
7791 8871 12
7803 9664 12
7855 8492 12
7917 9882 12
7971 8547 12
7994 8930 12
8134 9195 12
8278 9841 12
8326 9511 12
8417 8797 12
8435 9685 12
9336 9981 12
9395 9639 12
12 233 13
15 16 13
25 162 13
29 1953 13
30 5357 13
57 95 13
61 4896 13
64 366 13
77 5614 13
79 125 13
82 211 13
97 987 13
115 3995 13
118 2144 13
120 534 13
140 182 13
143 5920 13
161 175 13
165 703 13
193 9730 13
196 2958 13
204 384 13
204 4609 13
224 9029 13
245 6449 13
262 9634 13
267 9341 13
274 4003 13
285 4811 13
293 9406 13
314 8512 13
330 3869 13
355 1363 13
380 6734 13
384 3521 13
391 5813 13
398 1463 13
401 4198 13
412 3432 13
415 4931 13
439 4866 13
444 489 13
444 5134 13
456 5554 13
464 1747 13
467 2691 13
469 3656 13
474 1938 13
497 8450 13
519 8344 13
533 4539 13
538 7549 13
539 5724 13
575 6576 13
617 6291 13
641 7379 13
652 6135 13
696 9532 13
698 9291 13
721 9594 13
722 9207 13
726 8609 13
729 5631 13
731 2249 13
750 5242 13
760 9266 13
767 7791 13
772 3321 13
799 8205 13
801 1430 13
806 2707 13
807 1986 13
812 8436 13
846 1580 13
849 1063 13
849 2812 13
859 3239 13
863 9595 13
867 877 13
900 1317 13
902 9228 13
905 1019 13
912 1737 13
930 7875 13
931 5122 13
957 1981 13
963 7377 13
999 4436 13
1003 3384 13
1004 7412 13
1023 8774 13
1033 3343 13
1039 1460 13
1055 5605 13
1075 6391 13
1092 8797 13
1094 4897 13
1111 9872 13
1118 3356 13
1125 6866 13
1129 7947 13
1130 2008 13
1132 2046 13
1136 1678 13
1139 8746 13
1145 1653 13
1159 4580 13
1169 4260 13
1174 1673 13
1187 3424 13
1233 9251 13
1243 7086 13
1258 8989 13
1308 8233 13
1355 5171 13
1363 8167 13
1396 9163 13
1419 5304 13
1438 3865 13
1456 3878 13
1459 7378 13
1502 2520 13
1522 4486 13
1544 5219 13
1545 9728 13
1548 3712 13
1563 5461 13
1575 6035 13
1586 7988 13
1603 8240 13
1661 2987 13
1688 1831 13
1700 2190 13
1712 5660 13
1713 7112 13
1722 1735 13
1752 3417 13
1764 1889 13
1796 9471 13
1798 4174 13
1803 4918 13
1807 4548 13
1821 2559 13
1821 7336 13
1826 3510 13
1851 7382 13
1864 8247 13
1873 3645 13
1888 6146 13
1932 5637 13
1936 9823 13
1938 7736 13
1944 9928 13
1951 5233 13
1957 1973 13
1957 5292 13
1966 5385 13
1976 2404 13
1985 8626 13
2019 7683 13
2021 8461 13
2062 9573 13
2100 4564 13
2147 8754 13
2159 5491 13
2197 6133 13
2220 3280 13
2233 3190 13
2234 6508 13
2248 9064 13
2278 8898 13
2296 2703 13
2334 4817 13
2338 9766 13
2355 5575 13
2356 8832 13
2392 9295 13
2416 9647 13
2424 2753 13
2429 4023 13
2431 3562 13
2475 9600 13
2477 7300 13
2481 3933 13
2537 9739 13
2546 6584 13
2552 8581 13
2573 8342 13
2586 7793 13
2616 5314 13
2698 6595 13
2708 3277 13
2717 8089 13
2721 9199 13
2722 4318 13
2732 7356 13
2734 5531 13
2739 2882 13
2755 9163 13
2789 8992 13
2817 6002 13
2818 2979 13
2849 4742 13
2860 5712 13
2865 3893 13
2869 5690 13
2886 5073 13
2888 6331 13
2900 8530 13
2925 4583 13
3002 9789 13
3004 7765 13
3063 6274 13
3067 4184 13
3069 7778 13
3119 4010 13
3129 6158 13
3131 3280 13
3164 7911 13
3177 7189 13
3187 3253 13
3201 9787 13
3205 5077 13
3228 3657 13
3244 7777 13
3246 4727 13
3273 6636 13
3288 3625 13
3351 6778 13
3406 4431 13
3421 8185 13
3426 5098 13
3435 9715 13
3439 4683 13
3470 9912 13
3497 4042 13
3530 6153 13
3596 8546 13
3601 5754 13
3620 8250 13
3678 3916 13
3695 5716 13
3727 4709 13
3745 5466 13
3779 6197 13
3813 5793 13
3823 8740 13
3872 8168 13
3906 8801 13
3931 7103 13
4025 8524 13
4026 5484 13
4032 4159 13
4048 4490 13
4053 5717 13
4085 4487 13
4141 5630 13
4148 6580 13
4156 4311 13
4213 6731 13
4234 6011 13
4237 5290 13
4273 4352 13
4288 9430 13
4319 7512 13
4333 8729 13
4354 7751 13
4358 9094 13
4449 9780 13
4486 8025 13
4511 4946 13
4514 9282 13
4537 6578 13
4551 7243 13
4562 7203 13
4589 6242 13
4596 8640 13
4600 9806 13
4621 8405 13
4633 8297 13
4635 8823 13
4671 9579 13
4686 6427 13
4699 5892 13
4757 6985 13
4773 7396 13
4830 8620 13
4837 9210 13
4876 8730 13
4893 7610 13
4906 8087 13
4910 8034 13
4948 9689 13
4952 5436 13
4955 9763 13
4957 9609 13
5023 7876 13
5056 8380 13
5069 6882 13
5082 7986 13
5086 6715 13
5099 7892 13
5183 9539 13
5186 5822 13
5208 7268 13
5211 9450 13
5246 9440 13
5276 7098 13
5308 7952 13
5317 9433 13
5414 7285 13
5421 8278 13
5481 5642 13
5489 6861 13
5584 6075 13
5588 7828 13
5602 7324 13
5702 5948 13
5702 7343 13
5706 7797 13
5750 7034 13
5764 5781 13
5818 9352 13
5930 7415 13
5945 9208 13
5964 6758 13
6014 8002 13
6017 6908 13
6039 9596 13
6055 9129 13
6067 7613 13
6237 6386 13
6250 9607 13
6408 9959 13
6428 9513 13
6458 9236 13
6518 6717 13
6550 6786 13
6553 7718 13
6589 9970 13
6591 9681 13
6630 7408 13
6652 8278 13
6676 7438 13
6687 9912 13
6728 8541 13
6766 8097 13
6768 7465 13
6868 7637 13
6931 9400 13
7059 8872 13
7065 9551 13
7173 8347 13
7196 8208 13
7339 8776 13
7470 9987 13
7492 8260 13
7542 9123 13
7568 8002 13
7660 8213 13
7806 8974 13
7883 8929 13
7884 8672 13
8001 8473 13
8021 8951 13
8236 8874 13
8345 9786 13
8501 9884 13
8605 9784 13
8653 9453 13
8677 9990 13
8686 9128 13
8714 9878 13
8747 9931 13
9279 9562 13
3 2246 14
41 883 14
55 527 14
62 101 14
85 400 14
91 940 14
95 6924 14
109 136 14
113 4952 14
117 5938 14
120 4246 14
127 7556 14
130 1965 14
145 5288 14
152 319 14
164 3408 14
168 963 14
186 4152 14
220 3961 14
222 5417 14
234 5424 14
258 627 14
261 3032 14
269 390 14
306 3275 14
307 4645 14
319 8424 14
356 975 14
361 591 14
366 1451 14
369 5856 14
371 784 14
395 677 14
433 606 14
440 1554 14
443 6895 14
470 588 14
489 8816 14
511 1217 14
522 854 14
528 5637 14
532 5961 14
545 8848 14
552 1667 14
553 9587 14
580 8387 14
586 5986 14
589 808 14
604 838 14
618 1422 14
619 1668 14
637 7823 14
640 4666 14
650 822 14
663 3555 14
668 4869 14
690 7792 14
691 5156 14
692 9968 14
693 6386 14
694 4501 14
700 1354 14
702 6347 14
712 9194 14
727 6245 14
738 1933 14
746 2695 14
756 2685 14
765 1087 14
776 4534 14
784 5211 14
817 7949 14
820 1179 14
822 6121 14
829 974 14
851 7443 14
852 6120 14
856 6007 14
902 1694 14
908 4787 14
926 4893 14
967 1224 14
971 2255 14
984 9580 14
997 6320 14
1013 1581 14
1021 3756 14
1080 4840 14
1099 1358 14
1133 4481 14
1135 6088 14
1144 9005 14
1171 6231 14
1194 3807 14
1197 6268 14
1218 4526 14
1219 7805 14
1223 7291 14
1228 8415 14
1251 3748 14
1262 9951 14
1264 3692 14
1269 3022 14
1286 2215 14
1289 8027 14
1310 5199 14
1322 8320 14
1323 7492 14
1326 2062 14
1333 3342 14
1334 6771 14
1346 2902 14
1390 2254 14
1407 8879 14
1410 7730 14
1423 8481 14
1446 6443 14
1471 7517 14
1490 9678 14
1499 4770 14
1546 8495 14
1585 9478 14
1600 8802 14
1650 8693 14
1659 5873 14
1660 5973 14
1674 5442 14
1688 6647 14
1719 8910 14
1725 3539 14
1747 3218 14
1748 6058 14
1750 8665 14
1756 3448 14
1756 5992 14
1757 1899 14
1759 8569 14
1810 7808 14
1836 6469 14
1864 4676 14
1879 2708 14
1891 8956 14
1894 4089 14
1905 8498 14
1912 9854 14
1921 2820 14
1928 6634 14
1929 9785 14
1944 3579 14
1954 8001 14
1969 7739 14
1993 4211 14
1996 5633 14
2012 8488 14
2031 3585 14
2031 9217 14
2043 2457 14
2054 6148 14
2070 4874 14
2073 4567 14
2077 8118 14
2098 4116 14
2124 4742 14
2133 9352 14
2143 4038 14
2168 6659 14
2173 3636 14
2186 5629 14
2208 5153 14
2219 2293 14
2227 9226 14
2266 4769 14
2281 8869 14
2293 4607 14
2314 2779 14
2340 2533 14
2354 6394 14
2374 3343 14
2385 3814 14
2392 3030 14
2398 6225 14
2433 7382 14
2445 8111 14
2460 9977 14
2474 3032 14
2479 9781 14
2503 3832 14
2518 3662 14
2534 2705 14
2543 6971 14
2592 9619 14
2601 9811 14
2612 5003 14
2663 5347 14
2695 5056 14
2696 5375 14
2699 6007 14
2702 3554 14
2709 8632 14
2735 5800 14
2769 5227 14
2771 3783 14
2804 4750 14
2820 8516 14
2830 7568 14
2835 6955 14
2844 5469 14
2858 8621 14
2890 9802 14
2916 3828 14
2916 5247 14
2920 7558 14
2958 4844 14
2963 9454 14
2964 8338 14
3007 5926 14
3038 3095 14
3066 6602 14
3086 6083 14
3094 9756 14
3096 3533 14
3133 5239 14
3134 3498 14
3135 8057 14
3167 8492 14
3195 5686 14
3225 7247 14
3238 5252 14
3242 8205 14
3251 7837 14
3267 7285 14
3268 5569 14
3280 3978 14
3292 8955 14
3297 6775 14
3331 3505 14
3337 6198 14
3384 3969 14
3385 7962 14
3413 3561 14
3436 8118 14
3470 8407 14
3474 8228 14
3484 4225 14
3491 7284 14
3510 7151 14
3515 4298 14
3520 8739 14
3530 9489 14
3542 7669 14
3580 5021 14
3643 6913 14
3643 8354 14
3650 9756 14
3659 5283 14
3660 8144 14
3669 9520 14
3682 8793 14
3683 6205 14
3686 7227 14
3690 4373 14
3695 7242 14
3707 8494 14
3761 8768 14
3799 5739 14
3804 9990 14
3832 8158 14
3839 6301 14
3850 8859 14
3876 9942 14
3898 5488 14
3922 9870 14
3932 3973 14
3986 5135 14
4059 5374 14
4060 9467 14
4061 7013 14
4064 4295 14
4089 5017 14
4100 4660 14
4102 4441 14
4124 8204 14
4135 7773 14
4162 6069 14
4242 6428 14
4253 9218 14
4278 5789 14
4346 6131 14
4368 4743 14
4422 6491 14
4425 4659 14
4426 9175 14
4443 7437 14
4481 9312 14
4519 7247 14
4543 9623 14
4596 6632 14
4606 7135 14
4610 5786 14
4615 8501 14
4679 6706 14
4737 5233 14
4797 5675 14
4797 8944 14
4821 5341 14
4905 5279 14
4919 8835 14
4937 8907 14
4939 6957 14
5017 5125 14
5021 9624 14
5057 5260 14
5092 6802 14
5110 5190 14
5134 7872 14
5173 7602 14
5230 9758 14
5277 6127 14
5314 6376 14
5325 5802 14
5371 6074 14
5383 6757 14
5402 5825 14
5408 5723 14
5434 7317 14
5548 6696 14
5559 7368 14
5573 9279 14
5650 6213 14
5656 6426 14
5701 9237 14
5827 6692 14
5834 7245 14
5846 9401 14
5851 8747 14
5883 6431 14
5949 8881 14
5954 6239 14
5969 8219 14
6009 7462 14
6013 7177 14
6037 9596 14
6059 8387 14
6068 7062 14
6114 6840 14
6190 6326 14
6234 6672 14
6259 8368 14
6291 8624 14
6319 8672 14
6377 6533 14
6489 8170 14
6498 8622 14
6527 8931 14
6544 8491 14
6604 8086 14
6619 9767 14
6626 8429 14
6707 7020 14
6790 9687 14
6826 7788 14
6853 9594 14
6928 8092 14
7037 8696 14
7039 7832 14
7045 8925 14
7046 9450 14
7059 9604 14
7071 9221 14
7192 8948 14
7323 7487 14
7339 8788 14
7348 8751 14
7456 9797 14
7525 8686 14
7528 8634 14
7557 7597 14
7636 9834 14
7756 9966 14
7839 8338 14
7910 9870 14
7935 9678 14
8047 9862 14
8097 8469 14
8112 9856 14
8129 9771 14
8274 9439 14
8545 9132 14
8607 9148 14
8959 9892 14
9061 9758 14
9105 9250 14
9232 9933 14
9366 9922 14
14 30 15
15 645 15
15 2351 15
20 2149 15
26 4026 15
39 144 15
42 3697 15
50 3250 15
58 7864 15
63 2006 15
94 5411 15
95 164 15
114 8070 15
118 9450 15
121 427 15
121 869 15
123 256 15
127 690 15
155 8378 15
166 1373 15
182 5325 15
188 6458 15
212 9194 15
215 5012 15
258 2480 15
280 4951 15
289 4245 15
291 2671 15
301 1340 15
326 846 15
338 9846 15
357 2292 15
363 1134 15
384 2418 15
390 9209 15
438 9429 15
459 8232 15
460 1103 15
463 4430 15
485 5817 15
500 4990 15
509 7026 15
518 6403 15
526 925 15
559 7592 15
575 2322 15
594 1899 15
641 1744 15
643 5171 15
664 1999 15
672 3608 15
684 6561 15
689 5273 15
689 7828 15
709 6857 15
713 2558 15
724 9296 15
725 4150 15
729 5122 15
730 4371 15
735 2487 15
737 4451 15
743 1595 15
744 1177 15
758 4339 15
769 2907 15
769 4013 15
771 6945 15
789 7923 15
794 7519 15
800 3430 15
801 1235 15
805 9197 15
828 2888 15
831 4774 15
832 9869 15
834 7032 15
836 7877 15
837 1543 15
861 1092 15
870 1709 15
880 9995 15
881 7910 15
894 9933 15
895 6687 15
896 3042 15
920 1456 15
921 1155 15
957 8472 15
967 1645 15
976 2787 15
1000 9747 15
1007 6116 15
1034 1886 15
1073 5365 15
1085 7213 15
1089 6617 15
1092 4749 15
1095 8954 15
1102 7039 15
1106 9633 15
1109 2235 15
1118 6628 15
1138 9845 15
1172 3001 15
1232 8224 15
1243 5466 15
1248 9502 15
1249 5797 15
1254 9870 15
1275 4355 15
1276 2190 15
1304 1532 15
1311 5890 15
1313 8612 15
1313 9283 15
1354 3737 15
1371 1579 15
1377 4899 15
1400 2664 15
1418 8119 15
1435 6433 15
1439 6486 15
1441 4853 15
1473 5464 15
1478 4488 15
1478 6296 15
1491 3889 15
1510 4753 15
1517 7030 15
1527 6250 15
1530 2965 15
1533 5449 15
1534 2159 15
1534 2715 15
1568 2352 15
1577 7589 15
1607 8422 15
1615 2885 15
1617 7961 15
1622 6186 15
1651 6195 15
1690 7470 15
1694 2496 15
1710 4567 15
1754 2573 15
1756 2934 15
1758 9610 15
1780 5442 15
1782 4521 15
1788 2923 15
1800 2940 15
1808 4261 15
1837 8045 15
1839 5878 15
1846 7192 15
1858 8640 15
1865 9103 15
1871 2506 15
1888 3924 15
1915 2255 15
1917 4055 15
1937 4236 15
1962 7157 15
1966 7376 15
2007 5873 15
2116 3167 15
2116 6886 15
2155 6740 15
2157 4199 15
2177 7307 15
2179 4136 15
2186 7938 15
2194 3524 15
2195 9369 15
2233 7604 15
2245 4751 15
2248 8011 15
2260 7045 15
2290 4295 15
2290 5593 15
2300 4439 15
2308 2571 15
2321 2814 15
2354 9179 15
2356 6668 15
2363 6728 15
2376 2735 15
2398 4480 15
2401 4334 15
2480 9713 15
2530 3380 15
2585 5021 15
2589 9560 15
2606 7241 15
2620 6876 15
2631 7366 15
2638 4378 15
2641 7462 15
2738 3246 15
2741 9417 15
2749 2883 15
2759 3294 15
2771 8923 15
2795 9961 15
2804 6404 15
2809 2983 15
2831 8906 15
2847 7798 15
2860 7238 15
2895 5580 15
2904 5643 15
2906 5950 15
2921 9476 15
2961 3115 15
2973 4068 15
3010 9465 15
3022 5908 15
3023 4008 15
3073 9139 15
3101 5464 15
3136 8683 15
3141 6421 15
3151 8491 15
3158 7593 15
3200 4354 15
3205 7549 15
3209 4096 15
3213 5361 15
3217 8314 15
3228 8862 15
3244 8722 15
3330 7535 15
3337 6685 15
3426 5600 15
3465 9416 15
3469 8639 15
3480 9910 15
3487 6639 15
3536 7648 15
3572 8602 15
3604 4487 15
3604 7639 15
3616 9545 15
3709 9563 15
3729 6781 15
3758 8459 15
3761 5622 15
3774 6294 15
3821 6503 15
3821 8837 15
3850 7175 15
3864 9828 15
3873 9951 15
3889 6346 15
3914 6380 15
3986 9006 15
4048 5926 15
4089 5700 15
4107 9885 15
4209 9745 15
4214 5853 15
4251 4887 15
4410 6025 15
4439 4711 15
4454 5944 15
4477 6841 15
4479 7069 15
4484 4780 15
4485 6307 15
4490 6279 15
4512 8239 15
4513 9168 15
4565 6987 15
4610 5405 15
4610 9013 15
4613 8331 15
4634 5088 15
4702 7216 15
4709 6355 15
4741 8681 15
4748 5004 15
4772 7840 15
4800 9513 15
4842 4997 15
4952 9227 15
4963 7602 15
5038 5204 15
5081 6309 15
5206 6692 15
5222 7006 15
5340 6840 15
5392 9519 15
5409 8949 15
5456 7817 15
5537 5956 15
5545 9326 15
5573 5720 15
5610 7590 15
5618 5875 15
5638 6624 15
5747 9099 15
5799 7467 15
5835 6796 15
5892 7772 15
5902 7883 15
5979 9491 15
5998 7230 15
6008 6123 15
6053 8262 15
6057 6888 15
6076 6616 15
6104 9315 15
6110 9923 15
6118 6419 15
6142 6999 15
6195 6296 15
6266 9070 15
6273 7344 15
6285 6758 15
6287 6361 15
6339 9008 15
6348 9786 15
6353 6617 15
6360 7606 15
6364 9157 15
6379 6881 15
6415 9979 15
6494 8935 15
6523 8672 15
6722 7643 15
6767 8026 15
6777 7942 15
6780 8715 15
6795 8576 15
6801 7490 15
6940 9979 15
7009 9028 15
7018 7876 15
7136 8409 15
7184 9267 15
7202 8071 15
7214 9071 15
7272 9987 15
7363 8727 15
7395 8150 15
7432 9292 15
7500 7586 15
7506 8887 15
7726 9821 15
7750 8988 15
7796 8685 15
7912 9974 15
7916 8598 15
7980 8460 15
8008 9454 15
8123 8147 15
8201 8773 15
8375 9269 15
8549 8854 15
8561 9842 15
8934 9329 15
9018 9047 15
9059 9864 15
9086 9949 15
9652 9895 15
9811 9853 15
10 421 16
11 18 16
19 5235 16
31 653 16
37 949 16
39 403 16
52 4321 16
62 5671 16
76 9590 16
85 8743 16
107 2070 16
110 6372 16
112 133 16
113 1181 16
132 849 16
139 2107 16
141 2680 16
144 1633 16
147 1864 16
147 5747 16
162 9015 16
167 2141 16
168 4231 16
169 241 16
171 959 16
181 399 16
186 664 16
206 799 16
235 6590 16
237 5657 16
258 9359 16
265 4843 16
272 2278 16
275 1500 16
297 1076 16
299 335 16
302 8631 16
302 8932 16
303 615 16
305 1110 16
313 5235 16
330 5538 16
361 782 16
368 6141 16
377 1357 16
378 989 16
408 6675 16
419 8504 16
428 3152 16
433 2289 16
442 8520 16
448 1114 16
457 9231 16
462 8225 16
480 4942 16
491 1372 16
491 5332 16
509 6718 16
519 4100 16
529 605 16
536 1047 16
551 1808 16
576 2487 16
599 6727 16
611 935 16
615 1476 16
627 996 16
649 5343 16
672 866 16
674 3474 16
688 2949 16
688 9788 16
689 3920 16
694 1069 16
726 8919 16
736 8675 16
740 8261 16
741 1267 16
753 1907 16
767 2313 16
779 2556 16
784 1120 16
811 8981 16
909 8074 16
912 5852 16
914 3103 16
922 8574 16
923 9099 16
937 1064 16
951 6708 16
958 1679 16
979 3099 16
1004 9065 16
1033 8331 16
1039 1920 16
1042 9018 16
1050 1212 16
1050 6256 16
1083 2662 16
1093 1825 16
1153 1773 16
1156 3310 16
1165 3682 16
1170 5276 16
1175 2170 16
1182 6673 16
1184 1819 16
1211 8503 16
1218 2196 16
1230 7489 16
1233 7256 16
1256 1950 16
1265 6214 16
1273 8717 16
1291 9405 16
1317 5272 16
1322 5803 16
1355 4593 16
1360 3479 16
1375 1798 16
1409 1634 16
1420 2936 16
1421 3679 16
1430 5229 16
1461 3122 16
1507 3078 16
1541 2694 16
1544 1911 16
1548 3448 16
1562 4300 16
1575 7940 16
1592 3234 16
1611 5191 16
1683 2376 16
1733 7627 16
1741 4971 16
1749 7416 16
1769 2377 16
1797 3497 16
1809 3600 16
1811 7239 16
1820 9920 16
1850 7424 16
1882 3263 16
1884 6696 16
1887 7348 16
1895 8737 16
1911 3978 16
1952 5127 16
1983 7544 16
1992 4308 16
2036 6252 16
2043 2063 16
2045 3558 16
2077 2234 16
2078 5974 16
2116 9927 16
2133 2249 16
2138 9843 16
2149 3584 16
2179 7221 16
2188 9901 16
2221 9809 16
2246 2773 16
2259 8151 16
2321 2868 16
2337 2514 16
2366 4676 16
2369 9999 16
2377 6115 16
2383 5346 16
2386 7321 16
2390 2593 16
2395 6884 16
2408 3939 16
2413 6738 16
2429 7206 16
2434 3824 16
2434 8600 16
2440 7956 16
2448 4054 16
2535 6079 16
2548 7153 16
2554 2852 16
2583 8196 16
2591 6668 16
2636 8344 16
2675 4468 16
2703 9797 16
2715 5811 16
2763 8913 16
2879 5453 16
2881 3709 16
2881 8189 16
2918 4302 16
2922 4603 16
2944 4925 16
2944 6379 16
2953 4508 16
2991 6671 16
2996 3162 16
3010 8589 16
3092 5826 16
3149 7521 16
3170 9645 16
3191 9474 16
3232 7623 16
3241 7738 16
3257 7527 16
3274 6132 16
3301 4165 16
3304 8138 16
3316 9857 16
3339 4623 16
3339 9835 16
3350 6150 16
3357 9191 16
3373 9290 16
3389 8849 16
3389 8952 16
3443 5066 16
3453 5005 16
3503 7510 16
3505 9783 16
3532 8606 16
3564 9916 16
3595 9963 16
3623 6433 16
3632 6922 16
3640 6801 16
3660 8654 16
3663 4479 16
3683 9536 16
3705 6723 16
3716 5209 16
3741 7464 16
3754 4574 16
3755 8132 16
3758 6061 16
3776 6226 16
3797 5539 16
3841 4389 16
3853 9927 16
3912 4622 16
3918 4398 16
3943 4279 16
3947 8943 16
3949 4062 16
4004 9921 16
4013 7817 16
4017 8591 16
4035 7220 16
4074 6190 16
4075 4636 16
4101 4239 16
4111 9320 16
4123 6682 16
4129 6417 16
4130 9189 16
4185 4771 16
4206 9349 16
4220 7478 16
4228 5290 16
4243 9132 16
4282 6847 16
4285 9032 16
4290 8444 16
4303 4854 16
4314 8731 16
4328 9041 16
4401 7591 16
4404 8680 16
4447 5822 16
4465 5425 16
4466 7566 16
4475 6219 16
4516 5164 16
4544 8268 16
4550 6919 16
4557 7020 16
4568 6729 16
4572 8959 16
4635 7458 16
4652 9639 16
4663 5605 16
4667 4723 16
4675 5075 16
4694 7360 16
4777 8238 16
4843 7602 16
4865 8800 16
4872 7205 16
4885 9586 16
4953 5617 16
4992 6673 16
5071 7087 16
5082 7731 16
5143 5164 16
5179 6366 16
5202 9626 16
5259 6670 16
5259 8823 16
5263 5802 16
5265 7027 16
5279 6954 16
5305 8469 16
5324 8496 16
5331 6110 16
5336 8873 16
5355 8257 16
5364 9725 16
5405 5434 16
5422 7805 16
5461 6612 16
5513 8527 16
5563 7698 16
5571 5808 16
5607 9505 16
5648 9961 16
5659 8340 16
5706 9671 16
5727 6052 16
5746 8544 16
5875 9023 16
5911 6158 16
5958 9046 16
6026 9678 16
6072 8704 16
6156 6252 16
6192 8319 16
6229 9123 16
6277 8863 16
6288 6526 16
6334 8081 16
6353 9169 16
6366 8300 16
6395 8701 16
6430 9798 16
6463 8728 16
6482 8619 16
6500 7215 16
6527 8126 16
6532 9232 16
6577 7787 16
6584 9085 16
6631 8705 16
6633 6688 16
6638 9254 16
6646 9881 16
6672 8771 16
6842 8586 16
6923 9047 16
7046 9158 16
7048 9040 16
7172 9317 16
7190 9681 16
7192 8349 16
7275 8789 16
7330 8800 16
7434 9316 16
7436 9667 16
7482 9547 16
7540 8636 16
7554 8245 16
7697 8346 16
7700 8441 16
7704 9836 16
7765 9793 16
7769 9185 16
7801 8667 16
7898 8775 16
8892 9245 16
9075 9260 16
9357 9606 16
9478 9688 16
12 9139 17
15 965 17
49 752 17
67 6603 17
82 1878 17
129 931 17
140 574 17
169 9662 17
173 252 17
184 406 17
189 6360 17
206 1184 17
213 9980 17
218 232 17
222 729 17
241 8154 17
272 3118 17
303 6360 17
317 4919 17
333 3014 17
337 3300 17
342 6033 17
348 1617 17
357 6324 17
362 4847 17
362 5684 17
365 834 17
375 455 17
390 2465 17
400 644 17
405 3579 17
414 3614 17
422 849 17
426 8811 17
444 1803 17
462 9223 17
463 1966 17
490 5486 17
514 661 17
541 1440 17
547 3525 17
552 5090 17
555 6600 17
560 9881 17
595 3999 17
601 8398 17
621 7827 17
657 8435 17
668 1742 17
671 7428 17
709 926 17
747 8873 17
766 6261 17
770 6305 17
788 5844 17
795 7999 17
820 9089 17
852 5990 17
858 5486 17
899 1347 17
919 1952 17
925 7075 17
932 1728 17
933 2119 17
933 2809 17
941 9629 17
944 1692 17
970 8333 17
989 8596 17
1010 1419 17
1036 1467 17
1097 9646 17
1127 7073 17
1146 2738 17
1146 3809 17
1154 8948 17
1158 7694 17
1168 6907 17
1183 3406 17
1202 9785 17
1228 1502 17
1245 1313 17
1250 6949 17
1260 8856 17
1280 2681 17
1282 3383 17
1328 2837 17
1343 7231 17
1344 8526 17
1349 9792 17
1376 4910 17
1397 4633 17
1404 2610 17
1407 7539 17
1414 1960 17
1417 1639 17
1484 6499 17
1490 2450 17
1490 2710 17
1510 3742 17
1511 7045 17
1559 3207 17
1593 2187 17
1599 4390 17
1672 4726 17
1718 4928 17
1720 5831 17
1731 3112 17
1737 9579 17
1786 1957 17
1790 4555 17
1803 9186 17
1816 4428 17
1897 2016 17
1907 3393 17
1909 8558 17
1914 5082 17
1941 2395 17
1941 2887 17
1944 5237 17
1988 2001 17
1999 3615 17
2021 7666 17
2026 3721 17
2063 6575 17
2081 9771 17
2118 2855 17
2146 4767 17
2148 2418 17
2148 3124 17
2155 7112 17
2194 4140 17
2260 3371 17
2262 2521 17
2272 9681 17
2281 9062 17
2378 6894 17
2456 8389 17
2471 7089 17
2503 4410 17
2503 6664 17
2506 5349 17
2517 7228 17
2517 8450 17
2592 3697 17
2644 7939 17
2689 6038 17
2689 6805 17
2697 3405 17
2699 4114 17
2714 6214 17
2738 4021 17
2754 3681 17
2829 6339 17
2871 4843 17
2939 5137 17
2986 9648 17
2997 5931 17
3024 9577 17
3043 9878 17
3093 7784 17
3114 8358 17
3135 8341 17
3148 7152 17
3164 5060 17
3168 6223 17
3243 5412 17
3296 9935 17
3302 3857 17
3307 4232 17
3312 6501 17
3328 3843 17
3345 9153 17
3385 9851 17
3400 8871 17
3425 6950 17
3444 5493 17
3452 4790 17
3454 7208 17
3461 6677 17
3478 5923 17
3503 8766 17
3507 9572 17
3527 4757 17
3613 8384 17
3628 9978 17
3648 7041 17
3658 6177 17
3663 3718 17
3691 4069 17
3732 8654 17
3769 5987 17
3787 4843 17
3791 8813 17
3805 4116 17
3836 5583 17
3908 5043 17
3937 5915 17
3949 5437 17
3966 4238 17
4011 9111 17
4018 7760 17
4155 9833 17
4161 8872 17
4234 5290 17
4302 4572 17
4317 6884 17
4375 6604 17
4420 9030 17
4456 9631 17
4497 8558 17
4499 6725 17
4503 5869 17
4523 8401 17
4536 6090 17
4588 6659 17
4598 5408 17
4602 7483 17
4626 5810 17
4636 9770 17
4671 9842 17
4676 6316 17
4690 5338 17
4707 7292 17
4712 9162 17
4720 7607 17
4741 8750 17
4802 9726 17
4819 5280 17
4842 6242 17
4847 7308 17
4894 5668 17
5011 5469 17
5015 9319 17
5020 5127 17
5051 6409 17
5067 7192 17
5102 9776 17
5147 9422 17
5187 6580 17
5337 6754 17
5413 7927 17
5429 6700 17
5447 7889 17
5472 9197 17
5482 7896 17
5539 5719 17
5685 9427 17
5725 8311 17
5726 6774 17
5768 7631 17
5769 7538 17
5776 8201 17
5784 7778 17
5832 7129 17
5914 6952 17
5924 6363 17
5992 8465 17
6081 8352 17
6090 6478 17
6174 8503 17
6206 8325 17
6216 8126 17
6310 6599 17
6313 6512 17
6324 8041 17
6357 7578 17
6397 7945 17
6442 8630 17
6528 9798 17
6581 8478 17
6590 8031 17
6594 7568 17
6639 7665 17
6702 7718 17
6772 8913 17
6825 8495 17
6980 7561 17
7003 9364 17
7042 9445 17
7079 7147 17
7079 8916 17
7104 9222 17
7145 9430 17
7164 9659 17
7244 9341 17
7245 8088 17
7302 9206 17
7365 9382 17
7390 7672 17
7397 8018 17
7549 7707 17
7552 8969 17
7554 9958 17
7562 9771 17
7619 7714 17
7778 9483 17
7821 8877 17
7989 9277 17
7997 8654 17
8101 8760 17
8117 8611 17
8265 9294 17
8517 8997 17
8581 9539 17
8713 9721 17
9156 9884 17
9189 9306 17
2 5 18
17 9292 18
36 50 18
41 5484 18
42 61 18
44 2011 18
76 5638 18
104 2302 18
111 1003 18
122 1010 18
131 5990 18
139 6300 18
150 1735 18
171 915 18
186 4308 18
186 6505 18
188 7400 18
246 8769 18
267 6622 18
289 2277 18
315 665 18
317 7981 18
371 9676 18
377 9540 18
379 5362 18
405 5382 18
458 8836 18
471 1647 18
472 7175 18
483 8794 18
494 6419 18
525 1489 18
564 1501 18
592 8555 18
595 3313 18
605 1762 18
624 6418 18
646 5623 18
648 1628 18
659 2212 18
660 4293 18
660 6113 18
677 2378 18
680 5841 18
720 3637 18
742 3083 18
758 4660 18
760 9511 18
820 9967 18
823 1086 18
839 979 18
841 1401 18
863 1359 18
893 2201 18
900 2584 18
902 7753 18
937 3783 18
958 8340 18
972 7271 18
984 4198 18
1000 1039 18
1002 7285 18
1003 4989 18
1003 5067 18
1014 5180 18
1026 6207 18
1036 1316 18
1064 4458 18
1071 5451 18
1080 3735 18
1126 7082 18
1141 9742 18
1191 3684 18
1198 9294 18
1199 1570 18
1216 5446 18
1242 3500 18
1258 2567 18
1270 7210 18
1289 5435 18
1312 9359 18
1313 5411 18
1321 6967 18
1339 7478 18
1377 2786 18
1380 1977 18
1398 7224 18
1406 2260 18
1437 2813 18
1442 8768 18
1473 9924 18
1474 4568 18
1478 5042 18
1491 2541 18
1498 9463 18
1509 7251 18
1526 3295 18
1545 3555 18
1552 6107 18
1556 8124 18
1562 7892 18
1574 4929 18
1598 2700 18
1602 1982 18
1633 7018 18
1635 3994 18
1637 3354 18
1655 2672 18
1704 2104 18
1723 5796 18
1724 9312 18
1728 2432 18
1751 6382 18
1754 5562 18
1772 7402 18
1787 2027 18
1797 4327 18
1803 3066 18
1830 9691 18
1838 3676 18
1862 2444 18
1872 2217 18
1876 4824 18
1901 3207 18
1920 7852 18
1939 5677 18
1944 3034 18
1947 7555 18
2062 3594 18
2095 4858 18
2109 3181 18
2117 7044 18
2124 5824 18
2151 4655 18
2173 7696 18
2173 7705 18
2180 4171 18
2212 5529 18
2231 9810 18
2258 3557 18
2271 9250 18
2284 8237 18
2292 2497 18
2299 9165 18
2362 9199 18
2410 5964 18
2425 6723 18
2425 7223 18
2429 4528 18
2441 9380 18
2495 4516 18
2524 5946 18
2531 3000 18
2648 2805 18
2655 7742 18
2665 4406 18
2669 6965 18
2669 9798 18
2687 7767 18
2738 4432 18
2782 7121 18
2823 3025 18
2831 3540 18
2848 6330 18
2871 4060 18
2880 7061 18
2897 4559 18
2905 5882 18
2909 3318 18
2915 6826 18
2965 4415 18
2968 3523 18
3040 7984 18
3059 6181 18
3060 6985 18
3079 4041 18
3083 8404 18
3099 8598 18
3112 5408 18
3145 4214 18
3161 4728 18
3220 8040 18
3241 7838 18
3261 4697 18
3290 3487 18
3326 7351 18
3335 8711 18
3423 6710 18
3424 9854 18
3484 3664 18
3487 6462 18
3494 3948 18
3495 8394 18
3500 9274 18
3530 5580 18
3553 5329 18
3563 6984 18
3596 4626 18
3596 7578 18
3600 5546 18
3603 4073 18
3645 8258 18
3666 7063 18
3702 3719 18
3707 3887 18
3722 7675 18
3724 4314 18
3732 5769 18
3743 6335 18
3762 7819 18
3796 8132 18
3855 6772 18
3866 5266 18
3875 7457 18
3896 4934 18
3983 7844 18
4000 5898 18
4030 8291 18
4113 9834 18
4118 9846 18
4128 8802 18
4174 9233 18
4182 4655 18
4207 9871 18
4241 5035 18
4287 5198 18
4322 5020 18
4337 4845 18
4356 9229 18
4373 6276 18
4424 4795 18
4437 6738 18
4498 7872 18
4504 7545 18
4504 7725 18
4517 5994 18
4517 8598 18
4532 6040 18
4622 6943 18
4677 5451 18
4686 8615 18
4701 9990 18
4730 7162 18
4768 5537 18
4789 5030 18
4791 6911 18
4900 7445 18
4917 6920 18
4939 9719 18
5030 8737 18
5066 7823 18
5079 5880 18
5109 7662 18
5129 6581 18
5153 8594 18
5162 9114 18
5167 9952 18
5192 7189 18
5225 7998 18
5270 9280 18
5276 5316 18
5362 9773 18
5403 8583 18
5410 9156 18
5442 6070 18
5444 7075 18
5452 6909 18
5452 8940 18
5502 7592 18
5615 6133 18
5765 6161 18
5866 8890 18
5868 9203 18
5871 9854 18
5872 7799 18
5914 6946 18
5927 6567 18
5942 6683 18
5961 6660 18
6009 6091 18
6089 6854 18
6101 9124 18
6121 8111 18
6144 9737 18
6227 8417 18
6233 7746 18
6470 8741 18
6501 7741 18
6522 9466 18
6591 9964 18
6679 9296 18
7020 8410 18
7058 7797 18
7071 7453 18
7117 8500 18
7180 8908 18
7188 8074 18
7296 9025 18
7617 9514 18
7814 9231 18
7853 9793 18
8006 9415 18
8029 9593 18
8063 9348 18
8071 8532 18
8103 9667 18
8115 9231 18
8169 8775 18
8182 9301 18
8211 8987 18
8248 9492 18
8575 9204 18
8590 8834 18
8592 9548 18
8814 9998 18
9088 9395 18
9205 9207 18
1 8471 19
20 1349 19
27 7890 19
29 7720 19
71 122 19
88 507 19
116 8307 19
121 1784 19
131 6560 19
152 7834 19
156 4711 19
169 658 19
183 1397 19
199 5033 19
202 9613 19
209 299 19
219 901 19
224 5209 19
241 3372 19
247 1381 19
264 3720 19
285 7599 19
300 7576 19
366 2199 19
379 4570 19
380 893 19
397 6352 19
401 8710 19
406 1533 19
406 5692 19
461 6969 19
483 1859 19
491 5927 19
508 6592 19
553 1584 19
563 8675 19
570 3840 19
576 5478 19
601 1065 19
602 1136 19
650 8699 19
683 8253 19
686 1201 19
697 2850 19
703 3644 19
704 1972 19
736 1506 19
748 1554 19
749 9688 19
753 875 19
754 1023 19
768 7364 19
783 1368 19
825 2121 19
843 6089 19
878 8395 19
926 4516 19
968 3673 19
995 6826 19
1030 8976 19
1055 1306 19
1055 2152 19
1067 1338 19
1075 7362 19
1079 5666 19
1086 2605 19
1185 6682 19
1190 4911 19
1194 3244 19
1195 3531 19
1210 3593 19
1252 5524 19
1304 5754 19
1382 8207 19
1389 8147 19
1394 9894 19
1402 4123 19
1403 2569 19
1414 7232 19
1437 3871 19
1438 9512 19
1445 4346 19
1466 3287 19
1481 4336 19
1550 8424 19
1574 8644 19
1583 3982 19
1596 5376 19
1607 3910 19
1638 2624 19
1639 2655 19
1658 4801 19
1722 5320 19
1730 6158 19
1737 4754 19
1753 4399 19
1774 9532 19
1820 2607 19
1832 8764 19
1843 7260 19
1853 2030 19
1861 2423 19
1871 6417 19
1887 4864 19
1905 3959 19
1921 5997 19
1952 3753 19
1973 9712 19
2001 2416 19
2072 6173 19
2072 8082 19
2176 9024 19
2179 2240 19
2193 8225 19
2205 6209 19
2213 6395 19
2251 6942 19
2288 7532 19
2292 9177 19
2298 3501 19
2328 9572 19
2342 4090 19
2347 9534 19
2353 3871 19
2365 9111 19
2391 8866 19
2397 2499 19
2406 8630 19
2434 5591 19
2440 4134 19
2448 8687 19
2459 3769 19
2480 2646 19
2485 4229 19
2511 8894 19
2513 8506 19
2521 4593 19
2587 8029 19
2599 2744 19
2626 4696 19
2630 9109 19
2639 7567 19
2654 3025 19
2668 4435 19
2670 5105 19
2719 8702 19
2738 7214 19
2769 6530 19
2822 7440 19
2842 5257 19
2863 8314 19
2882 8064 19
2901 7367 19
2914 4226 19
2918 8194 19
2941 9376 19
2948 7089 19
2957 6253 19
2985 7606 19
3071 5361 19
3079 5522 19
3088 8751 19
3093 9778 19
3159 3520 19
3216 7497 19
3248 7856 19
3265 6769 19
3323 8975 19
3427 6358 19
3445 3967 19
3458 9724 19
3505 4033 19
3573 3933 19
3594 5330 19
3610 4288 19
3622 5189 19
3637 9436 19
3645 8099 19
3692 4124 19
3694 9702 19
3746 8480 19
3748 9180 19
3766 6397 19
3833 5170 19
3852 6063 19
3860 4154 19
3896 4488 19
3899 9820 19
3906 4400 19
3942 5643 19
3955 3991 19
3991 9284 19
3996 5911 19
4027 5911 19
4046 4472 19
4049 5402 19
4109 9338 19
4131 9670 19
4163 9206 19
4181 5615 19
4217 7780 19
4223 5213 19
4248 8350 19
4256 7469 19
4265 8964 19
4266 7439 19
4307 6229 19
4378 8616 19
4453 4567 19
4453 6779 19
4464 4621 19
4470 5988 19
4547 9300 19
4591 5930 19
4617 9338 19
4642 6931 19
4657 4776 19
4660 4747 19
4717 8855 19
4784 8595 19
4817 5303 19
4830 9973 19
4847 4848 19
4883 5618 19
4919 9537 19
4985 9731 19
4991 8530 19
5009 9634 19
5020 6728 19
5025 8534 19
5046 7262 19
5073 8660 19
5100 5402 19
5107 7289 19
5126 6202 19
5168 5914 19
5241 9924 19
5264 6382 19
5375 6744 19
5379 9877 19
5392 9262 19
5404 9489 19
5566 5629 19
5600 7614 19
5604 8127 19
5619 9249 19
5645 6200 19
5662 6736 19
5693 9211 19
5760 6073 19
5807 8319 19
5823 8209 19
5824 9503 19
5826 9854 19
5853 7712 19
5870 6193 19
5961 7155 19
6041 7726 19
6047 9757 19
6098 8867 19
6126 7749 19
6173 6864 19
6186 8724 19
6192 6454 19
6203 8344 19
6220 9752 19
6278 7298 19
6289 8192 19
6358 9326 19
6426 9072 19
6479 9542 19
6520 8027 19
6607 8716 19
6630 8267 19
6666 6877 19
6731 6810 19
6763 7726 19
6912 9631 19
6992 7601 19
7024 8638 19
7128 8958 19
7148 7938 19
7186 8155 19
7209 9037 19
7499 9357 19
7660 9510 19
7722 8320 19
7882 9089 19
8014 8257 19
8092 9293 19
8266 8360 19
8813 9304 19
9006 9945 19
9056 9341 19
9281 9670 19
9573 9609 19
0 8246 20
2 6259 20
36 416 20
52 7270 20
67 170 20
119 2123 20
181 5156 20
225 6963 20
232 4929 20
291 1298 20
339 3729 20
371 566 20
438 4813 20
439 9904 20
441 1305 20
461 977 20
496 581 20
532 4855 20
534 1561 20
549 3854 20
568 7584 20
569 5476 20
578 3971 20
600 6453 20
608 2721 20
695 8688 20
717 2506 20
808 8827 20
811 2361 20
836 8993 20
873 1114 20
873 3020 20
890 1366 20
895 8480 20
898 8151 20
938 7212 20
961 8185 20
1024 6026 20
1032 6621 20
1046 7786 20
1050 1968 20
1051 2390 20
1058 8315 20
1064 1711 20
1070 5880 20
1075 2359 20
1076 2827 20
1121 9432 20
1126 4067 20
1164 1520 20
1218 9171 20
1240 2995 20
1242 7334 20
1264 8646 20
1283 9473 20
1293 3325 20
1302 4196 20
1314 1549 20
1346 3191 20
1436 4558 20
1440 3382 20
1484 1684 20
1493 6570 20
1497 5790 20
1508 4750 20
1570 3412 20
1617 7908 20
1628 3211 20
1634 9620 20
1666 4159 20
1702 2669 20
1726 4675 20
1727 7128 20
1739 9056 20
1770 2403 20
1811 5670 20
1887 5672 20
1897 8546 20
1931 6083 20
1955 9633 20
1971 7168 20
1983 2138 20
2000 5397 20
2120 6195 20
2165 9822 20
2176 4410 20
2220 7947 20
2229 7234 20
2309 8914 20
2361 5430 20
2412 2733 20
2413 4746 20
2421 7764 20
2574 9070 20
2630 6420 20
2630 6496 20
2665 9156 20
2666 7894 20
2673 7747 20
2692 2796 20
2745 8731 20
2764 5142 20
2870 6562 20
2896 9342 20
2906 8295 20
2908 9637 20
2918 7266 20
2951 5267 20
2955 5777 20
2980 6581 20
2986 5126 20
3005 4225 20
3017 9062 20
3102 5040 20
3110 3655 20
3152 5318 20
3159 4649 20
3215 4563 20
3250 5819 20
3286 7648 20
3290 7579 20
3332 4729 20
3348 7900 20
3541 8564 20
3551 5315 20
3560 6935 20
3567 7628 20
3598 8463 20
3606 6944 20
3640 3747 20
3651 3784 20
3652 9292 20
3675 5731 20
3683 7463 20
3727 5169 20
3755 7833 20
3756 8620 20
3760 8986 20
3774 8816 20
3775 9806 20
3811 5181 20
3814 9499 20
3834 6579 20
3860 4377 20
3981 5797 20
3997 9165 20
4039 5474 20
4055 9950 20
4113 6749 20
4223 7319 20
4231 6462 20
4273 7841 20
4281 5043 20
4388 8843 20
4420 5919 20
4426 9307 20
4472 5404 20
4495 6104 20
4502 6905 20
4508 9251 20
4523 8938 20
4529 5903 20
4548 5219 20
4601 6776 20
4605 8582 20
4605 9008 20
4611 9040 20
4655 9159 20
4680 6706 20
4723 4905 20
4774 8649 20
4799 5148 20
4859 9067 20
4884 6461 20
4889 5008 20
4906 7894 20
4915 5145 20
4947 6436 20
4966 5894 20
4987 9855 20
5024 9112 20
5104 7250 20
5123 7567 20
5163 7045 20
5176 5990 20
5252 6110 20
5255 8693 20
5275 7641 20
5353 9864 20
5355 9257 20
5386 7467 20
5422 5608 20
5470 7473 20
5630 9654 20
5653 6916 20
5660 9212 20
5730 6482 20
5831 6893 20
5861 6664 20
5898 7676 20
5935 6259 20
5973 9866 20
6060 7190 20
6063 9112 20
6099 7847 20
6318 6670 20
6332 9373 20
6344 9196 20
6371 8659 20
6448 9302 20
6556 7592 20
6558 7752 20
6620 9622 20
6884 7450 20
6885 8413 20
6967 7349 20
6972 9545 20
7014 9926 20
7099 8110 20
7176 7300 20
7247 9137 20
7377 9852 20
7429 9257 20
7443 8476 20
7481 7885 20
7577 9940 20
7600 9466 20
7803 9059 20
7820 8704 20
8062 9732 20
8359 9567 20
8524 8908 20
8772 9057 20
8804 8818 20
9237 9857 20
9447 9615 20
0 254 21
3 2659 21
31 8676 21
57 2057 21
72 1089 21
86 7425 21
98 3028 21
114 276 21
119 3879 21
121 7813 21
135 239 21
155 6362 21
219 4871 21
229 4324 21
234 9421 21
252 6455 21
262 7546 21
269 293 21
283 9068 21
325 9812 21
335 823 21
357 7021 21
377 6871 21
386 2793 21
393 5451 21
466 9333 21
471 8029 21
478 5771 21
486 7100 21
494 760 21
494 6016 21
500 1096 21
507 2989 21
530 578 21
541 1729 21
571 7605 21
608 4274 21
661 6176 21
683 2318 21
697 809 21
752 778 21
792 5669 21
808 1547 21
809 2686 21
811 6396 21
826 5028 21
840 5662 21
852 7969 21
856 964 21
909 4817 21
910 6430 21
950 4841 21
950 8324 21
1029 8872 21
1035 5274 21
1044 8668 21
1057 4876 21
1066 4236 21
1149 6973 21
1179 2403 21
1280 1671 21
1295 4993 21
1298 8878 21
1306 4717 21
1322 2981 21
1372 4302 21
1377 2828 21
1406 4070 21
1407 2406 21
1424 8389 21
1435 3037 21
1443 9657 21
1484 1922 21
1509 4267 21
1530 3648 21
1541 4335 21
1557 5506 21
1570 4685 21
1577 5085 21
1585 9651 21
1649 4480 21
1669 5168 21
1696 9363 21
1801 2753 21
1803 8616 21
1823 2388 21
1881 1944 21
1929 2356 21
1942 8681 21
1957 2609 21
1970 9643 21
2034 6338 21
2040 3549 21
2080 5800 21
2095 5609 21
2100 5708 21
2110 9740 21
2122 5010 21
2241 6648 21
2250 8393 21
2272 9069 21
2290 3769 21
2301 5300 21
2317 6879 21
2380 8735 21
2390 7200 21
2438 9042 21
2444 9210 21
2479 9451 21
2483 3651 21
2506 9796 21
2509 4908 21
2543 4609 21
2560 6657 21
2608 4712 21
2654 7570 21
2674 8646 21
2708 7724 21
2759 6995 21
2766 3035 21
2780 8707 21
2788 8931 21
2799 3528 21
2842 4203 21
2886 5220 21
2948 3065 21
2989 3557 21
3103 7657 21
3132 8391 21
3163 6427 21
3193 9543 21
3248 8186 21
3283 4293 21
3299 7840 21
3306 4977 21
3313 5226 21
3374 8376 21
3464 8920 21
3471 6425 21
3477 8506 21
3517 7284 21
3551 5978 21
3552 6350 21
3565 6181 21
3575 3748 21
3702 5790 21
3760 6321 21
3827 6181 21
3854 7049 21
3868 6246 21
3964 7665 21
4002 6105 21
4028 5548 21
4079 4817 21
4099 5679 21
4127 9654 21
4164 9269 21
4184 7618 21
4218 7317 21
4259 7779 21
4290 7729 21
4309 8497 21
4333 7664 21
4340 9541 21
4355 8643 21
4373 9130 21
4460 5890 21
4462 4935 21
4590 5047 21
4626 6875 21
4631 5179 21
4644 7090 21
4727 7933 21
4764 9343 21
4777 9811 21
4796 6237 21
4840 5356 21
4871 7635 21
4880 9520 21
4937 7465 21
4966 5418 21
5055 5416 21
5286 6206 21
5344 9525 21
5358 9355 21
5467 9947 21
5548 6073 21
5563 5778 21
5617 9003 21
5656 5868 21
5660 7548 21
5678 7357 21
5722 7267 21
5726 6301 21
5793 5843 21
5840 9684 21
5862 6322 21
6107 7201 21
6122 6304 21
6131 9731 21
6153 9395 21
6161 6849 21
6272 7640 21
6301 9969 21
6332 7093 21
6384 6938 21
6408 9848 21
6513 8797 21
6532 8453 21
6536 9630 21
6720 9465 21
6855 9239 21
6861 7063 21
6897 9365 21
6900 9591 21
6984 8777 21
7160 8149 21
7172 9630 21
7183 7788 21
7229 9853 21
7357 8408 21
7420 8155 21
7434 7633 21
7676 7939 21
7678 8509 21
7682 9426 21
7739 9389 21
7770 8543 21
7794 8579 21
7794 9846 21
7848 8506 21
7979 9951 21
8052 8964 21
8056 9604 21
8155 9418 21
8303 8545 21
8485 8913 21
8610 9135 21
9235 9638 21
9667 9991 21
62 5681 22
67 827 22
115 7668 22
170 4381 22
183 9486 22
190 4575 22
217 2786 22
239 7886 22
240 1589 22
244 5970 22
293 3616 22
294 7858 22
333 1597 22
358 6384 22
374 3817 22
409 8284 22
538 8294 22
541 9891 22
587 859 22
640 2463 22
706 7683 22
771 6275 22
799 1009 22
808 3717 22
809 1431 22
904 2287 22
929 1892 22
1025 6274 22
1032 8321 22
1038 8599 22
1053 9818 22
1107 2295 22
1121 2990 22
1139 3900 22
1155 1626 22
1163 1846 22
1196 3011 22
1214 7648 22
1221 5688 22
1232 9287 22
1241 1678 22
1242 7835 22
1249 6272 22
1331 6455 22
1370 6878 22
1387 8151 22
1455 2684 22
1538 8077 22
1555 4691 22
1607 3245 22
1608 4442 22
1623 8281 22
1624 7498 22
1687 7554 22
1701 4614 22
1720 3432 22
1726 9133 22
1741 2326 22
1801 2372 22
1814 7095 22
1825 3089 22
1845 6543 22
1848 8138 22
1872 7865 22
1890 4603 22
1910 6624 22
1930 9184 22
1932 7028 22
2001 4812 22
2044 2382 22
2050 5160 22
2055 4567 22
2093 3227 22
2102 2691 22
2108 9745 22
2162 5167 22
2171 6048 22
2277 5470 22
2285 5691 22
2291 4195 22
2303 9500 22
2327 9392 22
2405 3127 22
2545 5430 22
2569 7126 22
2603 7774 22
2741 4538 22
2782 7863 22
2811 4213 22
2812 4999 22
2865 4852 22
2919 6163 22
2920 8507 22
2927 5060 22
3051 8681 22
3084 6948 22
3116 3659 22
3138 7884 22
3196 7217 22
3214 7994 22
3222 9150 22
3240 6086 22
3280 4915 22
3297 5727 22
3314 4037 22
3326 9586 22
3328 3588 22
3336 5232 22
3437 5217 22
3444 4296 22
3533 8373 22
3547 7550 22
3667 4124 22
3763 5406 22
3781 5317 22
3791 4416 22
3823 7553 22
3838 4942 22
3848 7924 22
3866 6656 22
3914 9174 22
3934 6475 22
3991 8894 22
4015 7283 22
4158 6106 22
4200 4218 22
4227 8200 22
4229 9451 22
4233 5985 22
4241 8439 22
4255 7911 22
4398 9494 22
4477 8117 22
4592 9519 22
4618 7377 22
4670 5785 22
4729 5119 22
4794 6012 22
4869 9922 22
4901 8431 22
4904 8828 22
4945 9823 22
4979 9986 22
5004 5620 22
5011 8474 22
5032 9408 22
5035 8899 22
5054 6263 22
5078 7971 22
5170 9972 22
5426 5662 22
5521 7038 22
5527 9833 22
5548 7918 22
5627 6910 22
5639 8019 22
5673 7606 22
5729 6056 22
5729 8583 22
5884 6123 22
5888 9373 22
5960 8792 22
6223 7497 22
6244 9139 22
6271 7299 22
6322 9833 22
6593 8683 22
6795 8533 22
6981 9462 22
7002 7715 22
7014 7066 22
7260 9574 22
7281 8135 22
7485 8114 22
7795 9046 22
7843 9387 22
8028 9865 22
8321 9055 22
8529 8673 22
8659 9912 22
8810 9308 22
8815 9613 22
8858 8903 22
8958 9597 22
9105 9205 22
9213 9861 22
9516 9908 22
37 4449 23
48 5211 23
50 7220 23
69 4149 23
89 7475 23
114 3057 23
135 1825 23
140 3560 23
169 1320 23
180 6651 23
180 8054 23
201 1031 23
224 7198 23
232 1704 23
287 3055 23
379 1847 23
407 4831 23
408 4715 23
415 1539 23
433 4588 23
496 1330 23
499 9819 23
563 4552 23
633 8100 23
636 4658 23
716 1787 23
717 2028 23
755 2948 23
760 7680 23
783 7518 23
784 5736 23
797 1208 23
821 9039 23
889 6886 23
928 8882 23
956 4621 23
958 3212 23
964 9573 23
978 5498 23
1059 5656 23
1073 6484 23
1083 3983 23
1108 9010 23
1134 7580 23
1183 7612 23
1192 4386 23
1246 6311 23
1263 3894 23
1268 2112 23
1281 3331 23
1292 8569 23
1332 4550 23
1375 6869 23
1410 4926 23
1418 4756 23
1425 3090 23
1448 2577 23
1470 5394 23
1530 6787 23
1537 2144 23
1562 8395 23
1603 5991 23
1627 4424 23
1638 4254 23
1679 9447 23
1689 2061 23
1712 2899 23
1721 4834 23
1789 3757 23
1832 5502 23
1834 7798 23
1952 5339 23
1989 5109 23
1990 8404 23
2000 9015 23
2016 9104 23
2074 9239 23
2125 4113 23
2126 4835 23
2333 2485 23
2339 7565 23
2343 7721 23
2374 9388 23
2375 9443 23
2389 5151 23
2419 2801 23
2430 7246 23
2451 6258 23
2455 7518 23
2488 6652 23
2492 2710 23
2522 8257 23
2565 6175 23
2607 4476 23
2615 7919 23
2661 6106 23
2663 8186 23
2673 2924 23
2744 6701 23
2810 2866 23
2907 9035 23
2959 3002 23
2971 4259 23
3047 7777 23
3064 4912 23
3133 6135 23
3196 4838 23
3254 9322 23
3456 6150 23
3499 4221 23
3533 3861 23
3540 9552 23
3575 7678 23
3616 8767 23
3665 9053 23
3785 8330 23
3797 9020 23
3803 6839 23
3815 4782 23
3824 5064 23
3943 5234 23
3963 9804 23
4023 5003 23
4030 7909 23
4057 9920 23
4061 7895 23
4095 8715 23
4193 8332 23
4206 9914 23
4239 6393 23
4251 5222 23
4329 7708 23
4470 6536 23
4504 5519 23
4775 5199 23
4831 5312 23
4882 7894 23
4920 9286 23
4958 9458 23
5024 6386 23
5032 7067 23
5089 9170 23
5150 7472 23
5210 5861 23
5267 9594 23
5284 6315 23
5354 6149 23
5588 6257 23
5705 7436 23
5725 7166 23
5761 7228 23
5826 7846 23
5946 6982 23
6079 8148 23
6085 9591 23
6235 7399 23
6259 7119 23
6284 9027 23
6464 7064 23
6528 9690 23
6660 6704 23
6684 7291 23
6773 9784 23
6798 6816 23
6812 9472 23
6815 9144 23
6981 7953 23
7371 8388 23
7479 8083 23
7720 8418 23
7804 9855 23
7807 9393 23
8189 9149 23
8381 9016 23
8685 9577 23
8702 8851 23
8756 9456 23
8870 9566 23
8876 9517 23
9228 9955 23
46 633 24
51 56 24
60 8396 24
68 9915 24
100 7197 24
118 1987 24
147 3021 24
182 4122 24
213 3517 24
227 329 24
314 2121 24
348 6199 24
353 5147 24
367 1471 24
463 3139 24
465 2192 24
486 6269 24
584 8224 24
593 5111 24
673 5558 24
682 9839 24
688 1284 24
780 5002 24
785 1992 24
811 6789 24
866 2042 24
870 1270 24
878 4455 24
945 3947 24
950 4739 24
955 3532 24
964 1285 24
992 6290 24
996 4160 24
1047 8069 24
1077 1197 24
1134 7757 24
1152 6698 24
1159 2866 24
1174 1579 24
1190 1845 24
1217 8537 24
1221 8310 24
1222 4756 24
1224 7601 24
1227 2340 24
1229 4907 24
1234 2741 24
1239 1351 24
1282 4065 24
1328 7785 24
1343 6912 24
1381 8500 24
1509 8071 24
1538 4374 24
1561 2676 24
1571 3768 24
1689 9323 24
1697 1979 24
1729 3292 24
1754 4391 24
1766 5792 24
1815 2311 24
1821 7732 24
1855 4304 24
1917 9463 24
1995 5592 24
2017 5029 24
2034 4207 24
2097 6572 24
2101 7251 24
2184 6243 24
2190 6583 24
2281 5558 24
2304 9475 24
2308 3713 24
2402 9766 24
2414 7856 24
2443 4722 24
2460 7342 24
2515 6084 24
2542 6413 24
2551 4322 24
2551 5193 24
2561 5953 24
2583 7639 24
2586 8212 24
2677 4407 24
2692 4326 24
2737 7127 24
2760 5947 24
2787 2932 24
2800 4105 24
2837 6806 24
2892 9374 24
2935 8049 24
3037 4681 24
3071 5976 24
3113 5842 24
3121 3379 24
3167 6747 24
3189 5086 24
3198 8095 24
3255 5117 24
3312 4173 24
3338 7607 24
3359 4604 24
3374 4744 24
3448 8411 24
3483 3799 24
3516 9831 24
3562 4166 24
3571 3814 24
3689 4876 24
3734 9398 24
3740 4310 24
3848 5216 24
4050 6048 24
4071 6708 24
4172 6062 24
4305 4871 24
4311 6812 24
4352 7921 24
4409 8468 24
4420 5740 24
4433 9029 24
4452 6169 24
4633 7584 24
4729 8286 24
4772 6034 24
4837 9569 24
4879 6647 24
4895 7427 24
4955 7338 24
5065 5668 24
5148 6483 24
5205 8842 24
5266 8986 24
5273 7576 24
5420 6845 24
5448 6105 24
5507 6304 24
5880 8953 24
5960 7309 24
6034 6164 24
6107 6587 24
6216 6437 24
6264 8689 24
6392 7787 24
6549 8912 24
6561 7435 24
6565 7887 24
6576 9269 24
6637 8994 24
6641 6908 24
6775 9660 24
6793 7735 24
6832 9292 24
6849 7316 24
6914 7454 24
7008 9971 24
7054 9271 24
7068 9015 24
7167 8451 24
7406 9004 24
7600 8043 24
7626 8174 24
7658 9590 24
7684 8840 24
7768 9721 24
8331 9464 24
8386 9814 24
8781 9239 24
8870 9318 24
8890 9229 24
8991 9493 24
9286 9467 24
18 7474 25
28 8470 25
48 9471 25
67 3731 25
81 7583 25
101 9799 25
158 4890 25
286 2716 25
320 2694 25
393 2657 25
411 3097 25
435 8292 25
440 8971 25
444 5552 25
476 1571 25
481 1605 25
550 3269 25
592 2553 25
635 5753 25
644 6191 25
667 5238 25
679 7621 25
698 3422 25
757 3936 25
820 3886 25
838 5804 25
890 5511 25
935 7113 25
941 7964 25
986 2373 25
1001 5323 25
1007 5501 25
1086 6873 25
1178 7881 25
1198 6450 25
1199 7581 25
1246 5969 25
1294 8738 25
1315 4644 25
1331 2014 25
1334 5989 25
1336 5367 25
1353 8559 25
1417 2111 25
1457 1482 25
1466 3763 25
1477 1620 25
1502 1718 25
1573 5601 25
1599 3652 25
1620 9290 25
1696 8386 25
1728 6406 25
1774 7880 25
1841 5380 25
1890 8994 25
1954 5302 25
1959 6003 25
1981 9317 25
2069 6645 25
2076 9739 25
2091 9863 25
2109 7543 25
2126 6361 25
2136 5300 25
2139 6117 25
2189 3497 25
2242 5517 25
2283 3787 25
2307 6429 25
2396 5223 25
2489 8012 25
2519 8967 25
2645 8420 25
2659 9090 25
2741 9425 25
3044 5052 25
3083 7381 25
3087 5404 25
3158 5932 25
3182 4400 25
3317 7848 25
3396 4900 25
3639 9734 25
3687 6546 25
3724 6178 25
3817 5718 25
3933 5581 25
3979 9337 25
4088 9099 25
4125 6219 25
4190 8160 25
4195 7906 25
4222 7926 25
4239 4370 25
4281 4860 25
4364 7882 25
4398 9837 25
4450 4972 25
4492 6591 25
4529 6601 25
4530 7217 25
4530 9084 25
4560 5018 25
4703 9824 25
4809 9062 25
4909 6920 25
4913 6434 25
4985 6665 25
5092 5496 25
5119 6515 25
5275 6385 25
5299 7715 25
5334 5550 25
5336 9308 25
5528 5543 25
5713 7755 25
5747 6752 25
5765 6794 25
5807 6559 25
5816 8924 25
5822 6690 25
5874 9735 25
5878 9438 25
5884 7031 25
6335 9083 25
6340 8159 25
6378 8188 25
6534 6598 25
6620 8211 25
6644 8667 25
6663 9243 25
6742 8694 25
6771 7074 25
6860 9736 25
7056 8707 25
7181 7591 25
7697 7719 25
7874 9021 25
8136 8510 25
8287 8745 25
8298 9531 25
8397 8705 25
8424 9599 25
8502 8811 25
8708 9861 25
9288 9894 25
9837 9850 25
54 179 26
165 9784 26
169 2185 26
205 1438 26
216 3706 26
261 9142 26
295 3231 26
339 8908 26
366 4524 26
388 3479 26
392 5228 26
404 2938 26
493 5777 26
508 1236 26
538 6005 26
562 2963 26
586 7386 26
600 6770 26
603 1409 26
607 3647 26
624 1052 26
670 6570 26
692 845 26
717 6492 26
722 1643 26
775 9216 26
776 1356 26
861 9402 26
862 8679 26
865 4480 26
882 1783 26
884 6536 26
932 8381 26
1060 1780 26
1126 6341 26
1142 8511 26
1154 2007 26
1167 9618 26
1188 2964 26
1230 4639 26
1239 5017 26
1349 5676 26
1354 7523 26
1491 5334 26
1495 3518 26
1522 8242 26
1528 8314 26
1573 2466 26
1603 8400 26
1644 3565 26
1696 4233 26
1835 6570 26
1898 9017 26
1919 8700 26
1940 6039 26
2028 2191 26
2082 6673 26
2131 9665 26
2228 4700 26
2244 8718 26
2285 8700 26
2332 7631 26
2365 2656 26
2387 2819 26
2408 8909 26
2566 4846 26
2582 3279 26
2651 3866 26
2656 4745 26
2669 5343 26
2709 5078 26
2724 3831 26
2744 5400 26
2772 7891 26
2873 3944 26
2874 9829 26
2909 3044 26
2910 7331 26
2975 3866 26
3045 7505 26
3125 9429 26
3210 3286 26
3371 9012 26
3372 7564 26
3391 5108 26
3424 5804 26
3455 7353 26
3477 6352 26
3509 5841 26
3567 7966 26
3589 5424 26
3591 5336 26
3638 6573 26
3654 9136 26
3699 5190 26
3706 4345 26
3747 6408 26
3792 4399 26
3802 8351 26
3955 5534 26
3994 5867 26
4144 6178 26
4167 5007 26
4228 6730 26
4269 8570 26
4475 7920 26
4537 9009 26
4555 8172 26
4622 7577 26
4628 9383 26
4778 9289 26
4836 6285 26
4843 8429 26
4887 9791 26
4919 9875 26
4943 9896 26
4992 6751 26
5232 9838 26
5271 5894 26
5533 7608 26
5554 9138 26
5770 6564 26
5899 8328 26
5933 9168 26
6264 8268 26
6288 7852 26
6327 9248 26
6500 7829 26
6586 9748 26
6966 9374 26
7002 8162 26
7017 8333 26
7102 7710 26
7129 8796 26
7430 8393 26
7473 8613 26
7681 8897 26
8382 8829 26
8449 8720 26
8505 9575 26
8928 9246 26
9331 9784 26
1 3519 27
10 7876 27
45 4808 27
52 9720 27
93 1088 27
120 7090 27
137 7513 27
171 3661 27
190 676 27
204 2161 27
249 7234 27
287 7304 27
340 806 27
374 8177 27
415 5407 27
475 9114 27
505 1600 27
525 8219 27
560 7353 27
632 1074 27
744 5578 27
774 3279 27
777 1586 27
813 9184 27
835 8389 27
884 6724 27
891 3835 27
904 4014 27
908 1653 27
969 7576 27
969 8159 27
1058 5537 27
1119 7687 27
1128 4121 27
1138 4126 27
1139 8379 27
1215 6195 27
1259 9100 27
1268 3794 27
1317 5582 27
1319 4303 27
1326 5715 27
1390 2236 27
1399 2536 27
1407 9903 27
1429 6515 27
1444 2539 27
1590 5053 27
1628 6179 27
1643 8727 27
1797 5687 27
1929 4194 27
1987 3884 27
2020 8488 27
2039 3478 27
2044 2811 27
2165 9315 27
2224 4359 27
2229 3493 27
2371 5154 27
2430 7257 27
2431 2634 27
2570 6609 27
2574 8629 27
2610 4290 27
2623 4093 27
2643 6142 27
2699 3402 27
2727 6093 27
2728 3000 27
2776 4760 27
2845 5902 27
2914 4036 27
2976 6521 27
3004 4206 27
3134 8675 27
3264 8014 27
3347 9093 27
3433 5645 27
3467 6019 27
3508 5192 27
3539 8284 27
3605 7444 27
3629 7819 27
3708 5155 27
3816 4645 27
3826 5595 27
3945 8206 27
3954 8597 27
4006 4384 27
4414 5176 27
4559 8805 27
4751 4839 27
4860 9827 27
4904 5541 27
4940 6017 27
4975 6204 27
5016 8782 27
5019 5293 27
5205 9352 27
5218 8660 27
5233 9350 27
5361 7754 27
5453 7842 27
5483 7017 27
5552 8282 27
5585 6855 27
5630 7624 27
5649 8006 27
5714 9040 27
5839 7240 27
5849 9253 27
5914 8567 27
6061 9246 27
6152 6563 27
6182 9213 27
6186 8357 27
6212 6232 27
6241 9253 27
6289 9518 27
6319 7250 27
6389 9134 27
6491 8825 27
6920 9541 27
7142 8808 27
7323 8673 27
7340 7861 27
7413 8918 27
7553 8085 27
7614 9576 27
7888 9045 27
7928 9242 27
7936 9765 27
8499 8550 27
8878 9479 27
9020 9441 27
9107 9484 27
9218 9594 27
203 7481 28
231 8113 28
295 7922 28
343 2329 28
355 7184 28
419 5982 28
545 1248 28
616 5309 28
654 7878 28
673 5082 28
699 2416 28
722 4988 28
786 6869 28
861 2088 28
896 6235 28
987 2872 28
1030 2672 28
1049 2475 28
1068 6775 28
1224 4500 28
1235 5253 28
1260 3169 28
1274 2342 28
1325 8351 28
1370 4479 28
1433 7232 28
1436 3031 28
1455 8313 28
1512 4978 28
1522 1900 28
1567 1842 28
1639 5906 28
1667 7691 28
1703 2612 28
1712 6238 28
1739 4886 28
1742 5497 28
1817 5999 28
1902 6886 28
1958 4163 28
2049 5952 28
2106 9748 28
2315 9729 28
2532 3194 28
2533 8950 28
2580 2917 28
2583 8564 28
2625 7780 28
2740 9818 28
2792 9797 28
2808 3335 28
2836 4234 28
2867 4755 28
2979 3355 28
3014 7934 28
3032 4963 28
3043 3846 28
3104 9673 28
3106 5097 28
3127 3856 28
3198 6042 28
3221 9596 28
3397 6010 28
3570 3577 28
3656 5620 28
3737 6436 28
3747 6087 28
3784 3932 28
3786 7322 28
3950 7206 28
4039 7504 28
4045 8139 28
4063 7698 28
4100 4608 28
4274 4833 28
4319 4801 28
4380 9381 28
4427 9125 28
4535 5208 28
4557 7734 28
4574 5773 28
4615 9117 28
4653 5209 28
4902 9663 28
4968 9900 28
4994 8143 28
5025 8706 28
5043 5594 28
5093 9799 28
5106 6758 28
5150 9473 28
5355 9983 28
5388 6846 28
5465 5984 28
5560 6439 28
5780 6886 28
5788 6713 28
5961 7519 28
5990 6792 28
5992 6165 28
6074 7349 28
6123 7060 28
6157 6508 28
6179 9763 28
6271 6534 28
6313 7236 28
6351 7431 28
6600 8113 28
6838 7857 28
6972 9092 28
7043 8215 28
7127 9446 28
7540 7885 28
7643 8390 28
7883 9041 28
7907 9242 28
8163 9953 28
8457 8508 28
8826 9873 28
79 177 29
220 430 29
284 365 29
328 891 29
341 716 29
374 2752 29
375 6844 29
428 4505 29
459 4774 29
599 5087 29
680 5487 29
707 2740 29
740 8783 29
860 5379 29
867 2720 29
879 7944 29
936 2087 29
975 7385 29
1007 5221 29
1024 1271 29
1123 1549 29
1284 6974 29
1289 9148 29
1332 7775 29
1351 6691 29
1487 8656 29
1560 3149 29
1688 5949 29
1693 2913 29
1705 4215 29
1766 1827 29
1778 7190 29
1845 3513 29
1912 4360 29
1984 7909 29
2022 2642 29
2032 9475 29
2140 6996 29
2218 7776 29
2222 2867 29
2257 2923 29
2349 4420 29
2381 9135 29
2470 6721 29
2491 8459 29
2799 6981 29
2843 4851 29
2869 6572 29
2898 9418 29
3115 6608 29
3186 6622 29
3196 9822 29
3202 8369 29
3259 3815 29
3399 8946 29
3478 3987 29
3496 9886 29
3771 4310 29
3821 8970 29
3834 5841 29
3946 4413 29
4220 9674 29
4247 9121 29
4269 6446 29
4320 4785 29
4422 5136 29
4529 9644 29
4552 6681 29
4632 4810 29
4953 9974 29
5022 5761 29
5030 7159 29
5055 5741 29
5197 6392 29
5535 9223 29
5552 7547 29
5733 7495 29
5813 9680 29
5854 6048 29
6027 9501 29
6056 7380 29
6163 8850 29
6263 9946 29
6299 9821 29
6322 8806 29
6686 8371 29
6746 7346 29
6970 7245 29
6972 9181 29
7054 8966 29
7172 9147 29
7476 7530 29
7526 9957 29
7935 8623 29
8127 8885 29
8394 8856 29
8440 9022 29
8499 9759 29
153 2510 30
187 9732 30
197 3196 30
345 7126 30
394 7269 30
581 927 30
740 1787 30
758 5998 30
812 4139 30
821 2064 30
992 4095 30
1151 9885 30
1156 9409 30
1171 9632 30
1231 4175 30
1342 4121 30
1407 5707 30
1415 6496 30
1416 9547 30
1518 3053 30
1533 9187 30
1568 9141 30
1571 5999 30
1619 3125 30
1635 7941 30
1684 9559 30
1755 4856 30
1791 3334 30
1868 5089 30
1879 3399 30
1898 7511 30
1948 7258 30
1978 3282 30
1979 4344 30
1992 2325 30
2003 3192 30
2022 7455 30
2034 9150 30
2083 3635 30
2104 3368 30
2106 5644 30
2120 3249 30
2131 9442 30
2384 3567 30
2393 8618 30
2439 5260 30
2452 3395 30
2476 5306 30
2568 3750 30
2588 3613 30
2593 9755 30
2599 7609 30
2600 6262 30
2685 5858 30
2738 3903 30
2784 6867 30
2848 3360 30
2877 7745 30
3051 8309 30
3071 5836 30
3176 5372 30
3210 6557 30
3286 3806 30
3365 7320 30
3462 4770 30
3494 9982 30
3569 7199 30
3582 5706 30
3836 9627 30
3993 7768 30
4025 6385 30
4365 9097 30
4556 7057 30
4619 9571 30
4644 5377 30
4737 8521 30
4747 6129 30
4784 6929 30
4904 6020 30
5040 5520 30
5047 8847 30
5054 5334 30
5262 9571 30
5436 6836 30
5494 7728 30
5533 5772 30
5541 6732 30
6014 7009 30
6214 7540 30
6514 9549 30
6923 7879 30
6930 6936 30
6937 9626 30
7296 9624 30
7489 8370 30
7866 9461 30
7981 9737 30
8056 9751 30
8337 9208 30
8678 9768 30
9598 9964 30
151 1455 31
226 1313 31
228 4927 31
320 6901 31
325 9324 31
436 4044 31
600 8610 31
628 1578 31
651 3502 31
656 5075 31
709 1504 31
724 7689 31
791 2809 31
792 2791 31
798 2464 31
916 7728 31
1098 3470 31
1186 3500 31
1219 8844 31
1294 7391 31
1299 1307 31
1324 6171 31
1343 6267 31
1494 8013 31
1535 8379 31
1582 2291 31
1598 5852 31
1675 1705 31
1816 9621 31
1908 7566 31
1974 4051 31
2037 3962 31
2071 3415 31
2246 5658 31
2351 4423 31
2358 9941 31
2364 8001 31
2623 7271 31
2770 6555 31
3098 6399 31
3106 8985 31
3397 7629 31
3401 6655 31
3405 6760 31
3429 5266 31
3435 6545 31
3439 7158 31
3642 8066 31
3682 6784 31
3694 6488 31
3704 4133 31
4207 8733 31
4294 8775 31
4353 9091 31
4479 4725 31
4643 5222 31
4886 6925 31
4923 8514 31
5041 5752 31
5084 8870 31
5099 7959 31
5161 9441 31
5239 7387 31
5348 7723 31
5759 7667 31
5837 7271 31
5904 6955 31
5938 8419 31
5993 9111 31
6018 7693 31
6103 6425 31
6194 8762 31
6599 8038 31
6828 7009 31
6915 8465 31
7064 7388 31
8186 9403 31
8193 8883 31
8709 9175 31
9244 9716 31
49 1395 32
74 3700 32
84 5877 32
159 1994 32
173 4832 32
188 479 32
350 6496 32
487 6468 32
542 1755 32
590 4967 32
610 1651 32
697 6818 32
719 5245 32
768 7755 32
857 5877 32
925 5603 32
1105 1536 32
1119 9962 32
1195 6452 32
1288 6023 32
1293 8024 32
1329 8032 32
1449 6445 32
1471 4263 32
1521 9659 32
1570 2211 32
1772 5528 32
1799 6983 32
1822 3645 32
1962 8849 32
1968 3340 32
1971 9259 32
2038 6082 32
2138 8414 32
2258 7811 32
2280 4638 32
2283 5059 32
2350 4833 32
2492 8641 32
2627 9524 32
2682 2821 32
2833 3357 32
2933 6560 32
3048 5802 32
3162 5839 32
3188 5585 32
3192 5151 32
3284 5391 32
3310 5251 32
3359 6019 32
3420 5893 32
3456 4153 32
3597 4795 32
3670 9546 32
3818 8741 32
3836 5345 32
3836 8278 32
3905 5764 32
3913 3982 32
3917 6026 32
4019 4361 32
4268 6538 32
4283 5901 32
4283 7154 32
4418 6381 32
4476 6661 32
4595 5651 32
4647 5621 32
4806 7149 32
5073 6398 32
5115 6332 32
5236 9021 32
5264 5337 32
5268 6932 32
5282 7358 32
5564 9987 32
5746 6405 32
5944 6089 32
5955 8125 32
6003 9493 32
6095 6791 32
6116 7905 32
6456 6619 32
6594 7096 32
7305 8910 32
7411 8998 32
7454 9795 32
7487 8016 32
7529 7732 32
8198 8601 32
8475 9396 32
8594 9934 32
8847 9076 32
8940 9893 32
9354 9437 32
26 5120 33
493 5842 33
543 7575 33
557 7573 33
584 4313 33
599 7187 33
757 6623 33
792 2757 33
983 9677 33
1029 9372 33
1093 1863 33
1113 9484 33
1194 6833 33
1208 8157 33
1303 5995 33
1397 8759 33
1458 8327 33
1779 4536 33
1838 3599 33
1872 8329 33
2163 9100 33
2264 2626 33
2494 4673 33
2525 8876 33
2637 3857 33
2928 5312 33
2950 6548 33
3015 3354 33
3466 9416 33
3475 9606 33
3572 6870 33
3677 9200 33
3718 7393 33
3850 6367 33
3867 6324 33
3897 5182 33
3898 7326 33
3963 9082 33
3977 6194 33
4297 9877 33
4334 8798 33
4434 9665 33
4448 6925 33
4570 9655 33
4614 8210 33
4624 7408 33
4708 6870 33
4728 8357 33
5187 6050 33
5411 5751 33
5490 6804 33
5689 8181 33
5756 6307 33
5758 5804 33
5922 9971 33
6208 9165 33
6797 7261 33
6824 8274 33
6930 8664 33
7451 8306 33
7526 7758 33
8206 8727 33
9116 9453 33
153 6933 34
158 7225 34
434 8335 34
501 8925 34
614 966 34
667 5224 34
792 9173 34
844 4498 34
887 1337 34
936 8470 34
1017 1431 34
1077 2790 34
1152 9097 34
1155 4197 34
1238 8107 34
1301 8290 34
1303 7022 34
1331 7748 34
1345 5744 34
1415 7673 34
1448 7336 34
1459 2041 34
1614 8839 34
1715 3194 34
1729 3733 34
1804 3285 34
1869 2052 34
2033 5926 34
2320 8523 34
2401 5427 34
2472 9591 34
2742 6614 34
2836 7273 34
2877 6001 34
3008 4356 34
3016 4130 34
3119 7870 34
3135 4906 34
3169 5141 34
3262 5011 34
3311 6162 34
3630 9342 34
3847 6472 34
3854 8978 34
3939 5370 34
3957 5404 34
4072 5409 34
4078 9824 34
4142 7602 34
4179 5902 34
4362 7901 34
4419 7861 34
4579 5100 34
4695 9945 34
5001 7337 34
5104 9558 34
5327 5953 34
5334 9164 34
5396 6531 34
5473 9946 34
5605 5995 34
5690 7106 34
5986 7862 34
6036 9915 34
6823 9913 34
6905 7263 34
7158 8217 34
7169 7547 34
7315 8366 34
7722 9175 34
7851 9873 34
7872 8256 34
7983 9959 34
8238 8448 34
154 1956 35
186 7253 35
204 1943 35
222 7701 35
413 2478 35
542 2801 35
543 700 35
623 647 35
732 1060 35
944 1736 35
1067 7352 35
1443 5959 35
1488 2407 35
1643 7055 35
1946 6173 35
1953 3226 35
2067 4584 35
2210 2465 35
2222 4357 35
2267 8817 35
2345 8270 35
2346 6977 35
2406 7638 35
2453 6896 35
2597 9098 35
2693 8470 35
2742 3968 35
2834 8508 35
2866 8454 35
2889 7584 35
3049 7077 35
3049 8757 35
3460 7850 35
3550 4537 35
3607 6118 35
3874 6410 35
3968 8264 35
4054 7967 35
4143 6466 35
4306 9385 35
4367 9827 35
4491 9025 35
4615 5254 35
4674 4777 35
4719 6656 35
4879 6726 35
5022 6667 35
5164 7679 35
5267 8778 35
5444 6552 35
5794 6145 35
5921 9899 35
6188 9657 35
6315 7690 35
6381 9152 35
7051 9909 35
7053 7699 35
8365 8971 35
9034 9955 35
16 7131 36
97 3018 36
97 9805 36
269 468 36
322 867 36
387 4601 36
389 1207 36
483 3741 36
513 2880 36
753 1656 36
966 6678 36
981 8893 36
1000 9273 36
1015 1020 36
1046 3058 36
1061 1311 36
1205 2171 36
1236 9118 36
1237 7860 36
1247 8173 36
1255 3172 36
1274 7632 36
1777 2975 36
2167 3433 36
2168 9770 36
2181 5154 36
2257 6280 36
2352 7634 36
2361 5917 36
2419 7743 36
2450 5396 36
2564 6833 36
2727 4230 36
3036 3709 36
3117 9524 36
3330 6904 36
3390 7718 36
3424 9285 36
3489 8171 36
3820 7873 36
3883 7020 36
3919 7362 36
4053 7818 36
4125 9325 36
4276 5517 36
4454 6887 36
4482 5214 36
4489 5769 36
4566 6709 36
4592 5149 36
4629 4916 36
4636 6282 36
4752 6068 36
4944 7393 36
5079 9411 36
5333 5832 36
5556 7466 36
5883 7398 36
5965 9729 36
6020 6416 36
6222 9762 36
6316 8243 36
6983 7130 36
6997 9048 36
7248 9151 36
8132 9700 36
8222 8799 36
17 2099 37
90 1257 37
189 5249 37
207 1370 37
347 4637 37
466 9252 37
484 607 37
735 1391 37
889 9360 37
931 9859 37
1208 6683 37
1225 9735 37
1267 6493 37
1284 5557 37
1347 9423 37
1374 5660 37
1582 2273 37
1641 4365 37
2009 7950 37
2040 5310 37
2121 3322 37
2723 8484 37
2726 9746 37
2778 8691 37
2986 6262 37
3268 4759 37
3419 3448 37
3436 8998 37
3711 6994 37
3726 9434 37
3895 6127 37
4028 7279 37
4358 8463 37
4484 8364 37
4503 8455 37
4515 8571 37
4573 8736 37
4630 8396 37
4798 7939 37
4931 6329 37
5363 9343 37
5749 6108 37
5867 6071 37
5999 6169 37
6271 6830 37
6319 8102 37
6359 8748 37
6378 7948 37
6418 7783 37
6575 7615 37
6712 9492 37
6900 7110 37
6989 7896 37
7265 7462 37
8035 8537 37
8969 9906 37
211 8187 38
217 982 38
297 630 38
298 3223 38
380 7688 38
850 2461 38
1238 4881 38
1272 9183 38
1379 4348 38
1393 8757 38
1468 8330 38
1478 6108 38
1508 6662 38
1775 6167 38
1903 5859 38
1921 2797 38
2057 6303 38
2107 5821 38
2211 5619 38
2493 3235 38
2768 5886 38
3098 9036 38
3173 7261 38
3179 8084 38
3446 8765 38
3954 8259 38
4052 6446 38
4090 9705 38
4117 4216 38
4168 9381 38
4249 7657 38
4286 4862 38
4292 4620 38
4489 8362 38
4496 8980 38
4574 6251 38
4628 6829 38
4981 8494 38
5704 7028 38
6240 9925 38
6248 8403 38
6890 7309 38
7310 8894 38
8957 9230 38
193 631 39
310 8012 39
361 3165 39
365 2204 39
410 630 39
559 1738 39
712 3305 39
731 1247 39
772 1569 39
992 2323 39
1081 1222 39
1094 6254 39
1261 3815 39
1277 7156 39
1329 9264 39
1377 7486 39
1481 6015 39
1513 7972 39
1805 6286 39
2967 9538 39
3104 4506 39
3158 9649 39
3178 9721 39
3287 5574 39
3288 8356 39
3814 8066 39
3965 4395 39
3972 9876 39
4184 6045 39
4240 9568 39
4652 8275 39
4708 6686 39
4985 9661 39
4995 9378 39
5042 7756 39
5274 8079 39
5301 9907 39
5396 9602 39
5399 7631 39
6218 7659 39
6959 7588 39
7518 9414 39
8131 9288 39
8489 9176 39
498 4612 40
565 1139 40
671 2832 40
728 7671 40
1161 9556 40
1610 9308 40
1890 4080 40
2166 7633 40
2695 7616 40
2747 4980 40
2748 5941 40
2811 6390 40
3514 6574 40
3798 6318 40
3829 7954 40
4331 7910 40
4463 6470 40
4501 8922 40
4914 5223 40
5321 9907 40
6402 6456 40
6705 8012 40
7153 8749 40
8706 9268 40
91 2747 41
141 2214 41
243 7480 41
266 6447 41
307 7507 41
598 705 41
714 5229 41
839 8684 41
913 8831 41
953 7303 41
1040 7769 41
1137 4031 41
1152 6542 41
1267 9911 41
1826 2114 41
1919 6979 41
2500 6937 41
2628 3847 41
2743 7108 41
2888 7332 41
2896 3551 41
3046 3388 41
3080 6359 41
3162 8996 41
3351 7974 41
3366 7638 41
3379 5828 41
3392 7756 41
3673 4020 41
3780 7190 41
3921 4869 41
4043 4221 41
4662 5441 41
4932 6551 41
5050 9420 41
5205 6509 41
5800 6823 41
6298 6831 41
8442 9007 41
8868 9501 41
311 6349 42
578 6960 42
1008 4145 42
1148 1551 42
1298 9601 42
1461 6054 42
1653 4189 42
1741 2929 42
1841 9077 42
1885 7010 42
1929 8588 42
1949 3927 42
2476 5655 42
3776 5103 42
3941 6714 42
4051 5710 42
4086 6847 42
4549 8712 42
5177 8318 42
5706 6401 42
6011 7236 42
7078 9252 42
7104 9633 42
7473 9160 42
7756 8627 42
8093 8867 42
9241 9712 42
18 66 43
282 4088 43
487 7233 43
582 5987 43
735 2183 43
749 7005 43
775 9612 43
1138 9876 43
1220 5779 43
1433 8010 43
2372 5515 43
2832 7642 43
3416 5957 43
3928 5799 43
4001 4847 43
4540 9486 43
5316 6096 43
5454 9251 43
5631 9975 43
5795 7504 43
5939 6360 43
5981 8656 43
6139 8227 43
6631 9578 43
6653 7126 43
6889 7178 43
7097 9183 43
7733 7928 43
8464 9089 43
8868 9592 43
61 9741 44
739 5951 44
821 2816 44
910 7950 44
977 4625 44
1062 4868 44
1392 9214 44
1585 7899 44
1659 8680 44
1703 8770 44
1967 8289 44
2113 5427 44
2243 7502 44
2547 2581 44
2670 6247 44
2969 6328 44
3220 7802 44
3451 5791 44
3457 6582 44
3526 3921 44
3548 4432 44
3671 5581 44
3890 4650 44
4112 4778 44
4144 4656 44
4920 7763 44
4954 7763 44
5685 6414 44
7092 7401 44
7219 9541 44
8296 9466 44
97 2884 45
258 4469 45
1033 9384 45
1176 8519 45
1384 3437 45
1993 7290 45
2124 4330 45
2297 3203 45
2625 8535 45
3189 3940 45
3203 8146 45
3309 4016 45
3502 4047 45
4100 6112 45
4699 6990 45
5028 8880 45
5058 9711 45
5478 9215 45
5780 8926 45
6113 9527 45
7973 9581 45
546 5431 46
708 7423 46
1408 5641 46
2665 4323 46
2777 7717 46
3429 4738 46
4102 5682 46
5829 9370 46
6372 8551 46
6407 9258 46
6476 8377 46
6489 7373 46
6899 8899 46
7175 9192 46
8416 9233 46
8917 9094 46
98 715 47
805 9101 47
1053 3140 47
1222 1685 47
1590 3801 47
1683 6980 47
1842 9716 47
2367 5360 47
3252 8017 47
3595 9154 47
3785 8165 47
4068 9044 47
4692 7147 47
5244 9735 47
6634 9692 47
6874 6978 47
7593 8662 47
429 2705 48
575 6524 48
830 9047 48
836 9849 48
1201 2388 48
1570 9051 48
1572 4291 48
1997 3112 48
2109 9529 48
2399 3052 48
2420 5150 48
2572 9087 48
3038 6400 48
3567 6424 48
3578 8166 48
4289 9111 48
4394 9242 48
4682 8105 48
4805 9606 48
5368 8140 48
5738 6946 48
5962 7213 48
6635 9049 48
7193 9987 48
481 2875 49
710 4629 49
937 5606 49
1110 4226 49
2335 8359 49
3082 4826 49
3650 7655 49
4315 9556 49
4749 6693 49
5289 6640 49
6354 9103 49
7015 8521 49
7421 7879 49
7648 8055 49
7740 8165 49
8105 9122 49
8233 8657 49
168 7744 50
438 5112 50
513 6180 50
658 4332 50
714 2731 50
1200 1702 50
1636 8491 50
2115 3863 50
2159 9917 50
4188 4654 50
4739 7146 50
5001 7913 50
5230 6510 50
5872 7004 50
5912 9689 50
6796 8877 50
117 1361 51
574 7761 51
607 3362 51
722 8280 51
2704 9090 51
3086 9444 51
3826 5110 51
4066 6373 51
4341 4461 51
4369 5642 51
4657 9589 51
6597 7174 51
193 9172 52
897 6902 52
1331 4474 52
1399 6719 52
1961 7955 52
2612 8003 52
3915 5493 52
5543 9733 52
6369 8953 52
80 2279 53
345 359 53
739 8234 53
990 8826 53
1246 4779 53
1259 7133 53
2229 8336 53
3441 6794 53
3558 8153 53
4051 7030 53
4654 7695 53
4664 6489 53
5061 7084 53
8230 9286 53
864 1985 54
1414 7809 54
1505 4592 54
2010 2952 54
2055 6283 54
2142 9238 54
2498 4412 54
3038 8719 54
4102 6441 54
4976 5542 54
5699 9198 54
7656 7915 54
8361 8672 54
1350 3744 55
2024 3543 55
3890 7007 55
4518 8663 55
4578 9433 55
4722 8605 55
4804 8147 55
7116 9266 55
1848 5653 56
2180 2712 56
3130 4891 56
3820 9031 56
5780 6435 56
7645 9906 56
370 5243 57
383 3858 57
561 746 57
1430 5697 57
3130 8017 57
3180 7654 57
7140 9739 57
2247 5508 58
2706 5047 58
3184 5942 58
3890 3896 58
7033 7644 58
7039 9722 58
8459 8779 58
9549 9658 58
1215 3085 59
2519 6843 59
2658 3830 59
2713 3392 59
1189 2551 60
1352 1568 60
1484 1998 60
2013 8671 60
3021 9145 60
3627 7153 60
3926 8560 60
4480 7375 60
4537 7571 60
5850 9420 60
6309 7825 60
575 1365 61
1519 6316 61
4100 4877 61
6854 8593 61
707 5876 62
2345 6820 62
38 7191 63
67 7759 63
2982 3535 63
3671 8578 63
3830 7991 63
4562 9754 63
2261 4857 64
3244 4678 64
6295 7327 64
9413 9527 64
988 1654 65
1955 7897 65
2090 7211 65
5404 8864 65
5801 9943 65
2314 8322 66
7277 8779 66
7387 9485 66
8043 9202 66
637 7081 67
1298 3888 67
5626 9542 67
1074 7603 68
1173 2394 68
2321 8180 68
2690 9379 68
3224 7222 68
5229 6680 68
8477 8933 68
3891 9978 69
1434 4110 70
4524 9113 70
3450 4310 71
934 2051 73
1880 3259 73
5207 5980 73
2330 6210 74
4040 7996 74
98 3668 75
377 5195 75
436 7816 75
1562 1618 75
1455 9275 76
4689 4896 76
8577 9274 77
2625 9693 78
5865 7104 78
3283 8343 80
3544 8978 81
345 2994 84
2209 9469 86
755 3404 87
5543 6694 87
7017 8283 89
180 906 93
1472 9182 95
Total MST weight: 153388
Execution time: 4.627278 ms

Algorithm: Prim's MST
MST edges:
0 1 9
1 4275 7
0 8124 12
8124 2190 8
2190 1700 13
1700 8252 3
8252 424 6
424 1080 12
1080 824 2
824 8202 4
8202 2453 3
8202 9428 6
824 567 7
567 9190 4
567 6465 5
567 1392 6
1392 2423 2
1392 20 5
20 102 2
567 1485 6
102 7315 6
7315 9509 5
567 70 9
824 9584 9
9584 5310 1
5310 9588 8
9588 1007 9
1007 2019 9
2453 7671 10
7671 1612 4
1612 4892 4
4892 3488 3
7671 802 9
1612 742 10
742 7536 3
7536 1253 7
1253 2991 9
742 5856 9
70 9665 10
9665 2841 7
2841 9376 6
9376 1503 1
1503 6498 3
6498 3577 1
9376 2484 6
3488 3228 11
802 118 12
118 8197 1
118 7 4
118 2482 4
118 5006 8
7 43 11
43 9481 4
43 1002 7
2482 2839 11
5006 8075 11
118 2144 13
2144 7288 5
3228 3657 13
2019 7683 13
5856 369 14
369 6903 6
6903 1336 11
1080 4840 14
4840 3802 2
3802 4045 10
4045 1486 10
1486 9593 5
6498 8622 14
8622 3256 1
2190 1276 15
1253 1691 15
1691 3547 1
1691 4018 6
4018 5500 3
5500 2578 5
2578 2725 3
3547 7574 8
7574 3292 6
3292 1196 3
1196 6258 1
1196 1977 8
3547 4250 10
2725 9498 11
9498 6306 10
6306 6804 1
6804 895 5
6804 6845 5
6845 8683 3
8683 355 5
355 1750 2
355 1101 4
6306 8682 5
355 121 6
121 5256 4
5256 7774 3
7774 1716 2
1716 3634 3
7774 546 4
121 1203 6
546 3081 6
1750 140 7
140 6094 2
140 1934 7
140 1116 8
1116 5157 1
8682 2075 8
2075 5038 5
5038 4408 4
1750 4278 8
4278 7699 7
3081 9603 8
895 5152 9
1203 7122 9
355 535 10
535 7607 2
7607 2149 2
2149 6922 2
7607 5131 8
5152 2755 10
2755 9262 5
9262 2070 2
2070 5522 4
5522 7681 1
5522 3361 7
2070 7212 9
7212 7468 8
5131 4467 10
4467 5047 1
5047 3688 1
1116 9526 10
5256 244 11
244 968 1
968 2331 2
2331 1223 3
244 1302 3
1223 5269 3
2331 5762 3
244 2536 5
968 9476 5
2536 165 9
9476 9653 10
9653 8449 4
5157 571 11
571 142 4
571 4439 8
142 6934 8
4439 4953 9
8682 3192 11
3192 6138 3
3192 2550 9
3547 327 12
327 1481 10
1481 9921 9
9921 8254 7
9921 9339 7
9339 2461 3
2461 4898 1
9339 321 4
321 3724 4
9339 4889 5
9339 8034 7
8034 3799 8
9603 1908 12
1908 9362 1
1934 1985 12
1985 5827 8
5827 4272 8
4272 5324 1
4272 7396 9
5324 4987 10
4987 556 7
556 9386 4
4987 8121 8
8121 4984 4
4984 7514 5
7514 1012 4
1012 1008 2
7514 4595 6
4595 2100 1
1012 5222 6
8121 8188 6
4984 9057 6
556 639 10
1008 2680 10
4987 4666 10
4666 3349 9
3349 1401 6
1401 2761 7
4666 3865 9
4666 8575 9
4987 9327 10
9327 2137 6
9327 6964 7
1401 4893 11
4893 3485 4
4987 7815 11
7815 4901 1
4901 516 6
8575 8090 11
8090 174 6
1012 9161 11
516 1480 12
9498 4234 12
1750 6084 12
8449 7031 12
4272 7136 12
3724 7201 12
140 182 13
165 703 13
703 7891 6
7891 870 3
355 1363 13
3865 1438 13
8188 3157 13
3157 4547 5
3157 5200 6
3157 8690 7
8690 1640 1
1640 8167 12
8167 7770 2
7770 7936 7
7936 3788 6
3788 450 6
7936 6621 9
450 2048 11
2100 4564 13
4564 2758 4
2758 9929 8
7396 4773 13
4773 9996 6
4773 1638 10
1638 4585 9
8034 4910 13
4910 8156 8
8156 5642 3
4910 3793 9
3793 6154 8
6154 2818 10
2818 2979 13
5642 5481 13
5481 2134 12
2134 5480 5
4234 6011 13
6011 6236 6
6236 5350 8
4893 7610 13
7610 6142 1
7610 1195 4
1195 698 4
6142 8267 6
7610 4276 7
4276 4895 3
4276 1220 5
1220 228 8
228 7784 6
698 470 9
470 9311 8
9311 7515 1
9311 1733 3
7515 2796 7
2796 4863 5
9311 1144 9
1144 423 5
6142 5463 10
1220 2127 11
4276 7115 11
470 460 12
2127 1266 12
7610 5133 12
4276 5663 12
4895 7594 12
7594 7827 8
7827 2977 1
7827 7932 3
7827 9634 6
7827 1741 10
1741 5694 1
1741 6819 1
1741 1211 2
6819 4698 2
6819 9809 2
9809 3440 2
1741 5036 4
5036 5062 2
6819 5255 4
9809 8430 8
1741 5074 9
5074 5814 9
5814 4062 3
5814 4012 5
5036 7516 9
7516 806 3
806 5654 1
806 1282 3
1282 592 1
5654 4175 4
1282 5984 4
592 9115 7
9115 6317 6
9115 8004 7
8004 1646 3
806 2970 9
8004 7099 9
7099 9060 6
1211 558 10
558 560 6
560 886 10
886 725 1
725 2056 2
886 5212 9
5212 7832 2
558 3898 10
3898 8861 7
8861 8122 2
8861 3329 5
3898 3155 8
3155 5231 10
5231 133 3
5231 8285 7
8285 9225 2
133 287 8
287 4316 5
287 3314 6
3314 9968 3
9968 5774 4
287 524 7
5774 4563 7
4563 9885 2
4563 8204 8
8204 7781 3
8204 9128 5
5774 420 10
420 1899 7
7781 5897 10
5897 4347 1
4347 5468 2
5468 215 4
215 7311 3
4347 3063 5
3063 9048 5
9048 6748 5
215 6134 9
6134 4405 6
7311 7444 10
7444 1945 3
1945 3452 9
3452 8383 9
8383 8901 2
8383 5977 5
8901 661 6
661 2627 3
5977 7405 8
8901 2890 10
2890 298 2
298 466 10
133 7662 10
2970 4055 11
8901 4140 11
9634 5840 11
5840 929 3
929 1980 11
1980 9999 1
9999 5833 4
8285 7276 11
1980 8771 11
7781 9506 11
9506 678 9
9506 1843 10
678 3942 11
5833 9553 11
3314 2421 12
2421 4996 4
2421 4704 5
4704 9085 3
9085 2936 1
4704 1243 7
2936 8176 7
8176 7245 7
7245 2136 9
2136 5498 1
2136 2452 3
5498 4475 4
4475 2504 2
4475 5051 4
5051 702 3
4475 6640 4
2136 7082 7
2504 8023 7
8023 5485 6
2504 1085 8
1085 2675 1
2675 1607 1
2675 5295 1
5295 4762 2
5295 832 6
2675 9075 6
5485 6500 8
6500 8311 4
5485 6859 8
2936 3611 9
9085 3437 10
5295 7830 10
6500 9637 10
5485 2783 11
9075 4363 11
4363 1849 10
4363 771 11
771 6782 1
6782 5198 2
8176 8763 11
8763 191 6
191 4202 2
8763 9738 6
9738 9956 10
9956 6172 1
3611 2180 12
2180 5439 2
5439 8395 8
8395 1465 2
6640 3812 12
5295 3916 12
3916 1929 10
1929 4881 2
4881 2736 5
1929 3232 6
3232 148 5
148 76 1
148 9677 3
1929 917 7
917 398 4
917 9774 5
3232 7105 7
1929 2147 8
9677 7625 9
7625 3380 3
3380 4301 3
7625 9492 3
9492 8916 4
3380 6075 5
6075 6495 4
6495 2141 1
6075 8983 6
6495 1859 8
4301 8734 8
8734 8714 4
8734 1811 6
7625 8927 10
8927 1400 4
1859 5095 11
5095 3461 4
5095 8190 4
6495 6610 11
6610 9756 3
9756 2415 3
2415 7138 6
7138 3902 1
3902 6027 4
6027 8977 7
8977 9867 1
9867 2721 3
2721 6654 4
2721 6755 6
9867 2160 10
2160 5983 2
5983 7178 1
7178 4766 7
5983 6477 8
2160 9624 8
9624 6361 6
6361 9504 1
6361 7769 5
7769 2523 7
2160 1698 10
6755 6959 10
6654 8761 10
8761 7872 4
7872 554 6
554 8040 1
7872 47 7
554 7661 7
7661 5068 2
5068 763 2
5068 3804 8
7872 5513 9
47 7708 9
3902 689 11
689 1916 4
1916 3880 3
689 9890 8
9890 2667 8
2667 7587 10
554 6550 11
7625 14 12
14 3529 6
1916 1883 12
1916 2202 12
2202 3992 12
3992 4385 11
4385 5491 5
5491 7156 1
7156 6644 3
4385 8572 7
1916 5147 12
5147 2448 6
2448 4522 1
4522 6737 3
6737 2433 4
2448 6809 6
6809 4776 7
4776 6168 8
2433 1792 9
1792 4216 5
4216 854 1
4776 622 10
2448 1492 10
622 6365 10
6365 6185 9
2056 5227 12
5227 9775 5
9775 8106 1
8106 5080 5
8106 7259 6
9775 4597 7
4597 3975 7
5227 7531 7
3975 9628 7
9628 64 2
64 2765 5
9775 2983 12
2721 5346 12
9225 5525 12
5525 5860 1
5860 510 5
510 8706 1
510 3751 7
2890 6196 12
9956 6490 12
6490 3653 4
3653 529 9
529 4814 1
4814 8963 2
529 5261 3
529 9424 4
8963 7298 9
4698 6625 12
6625 2987 4
8763 6930 12
6930 1680 9
1680 346 8
346 32 3
1680 1317 8
1680 3620 9
3620 3432 9
3432 4136 9
4136 2834 8
2834 4527 2
3432 9270 11
9270 2407 11
4527 3204 12
8023 7312 12
4301 7360 12
7360 8973 5
6500 7987 12
725 8354 12
4996 9064 12
9064 6330 3
6330 815 7
815 5053 5
5051 9095 12
9095 9729 9
9729 7016 5
9729 8874 11
8874 221 10
8874 9032 11
9032 51 2
51 4683 3
9032 5475 7
5475 4850 3
5475 9328 3
5475 872 5
872 8652 5
5475 2575 6
4683 7002 8
5475 3590 11
872 94 12
9634 262 13
262 113 10
113 65 5
65 7395 3
7395 1791 1
1791 2152 3
7395 9224 3
65 204 5
204 5277 2
1791 751 5
65 3552 6
204 392 8
392 3284 1
3284 333 4
333 808 6
808 5509 4
333 21 7
21 358 1
5509 624 8
624 5908 2
3552 99 9
5277 3537 9
3537 4584 4
4584 2224 4
2224 6391 3
3537 1382 6
3552 5711 9
333 5786 9
204 154 10
154 8530 2
8530 4342 1
8530 1104 4
4342 9897 5
154 847 9
847 2498 9
2498 2924 3
2498 6368 4
2924 1407 8
99 536 10
536 6187 3
6187 3236 3
3236 6151 2
536 8537 3
204 2658 10
2924 3687 10
3687 6504 4
3687 3961 8
3284 9850 10
5908 53 11
53 4282 7
4282 5124 3
53 7924 7
4282 2467 10
4282 2652 10
53 2911 11
9224 4481 11
4481 8692 1
8692 9879 5
4481 3237 7
9879 9375 10
9375 9345 1
9375 214 2
214 5171 1
9345 3538 8
3538 5098 6
5098 1723 6
5171 1535 9
1791 4541 11
4541 3456 2
3456 4710 1
3456 9470 7
9470 4951 6
204 4869 11
2498 5118 11
4282 5631 11
1407 7203 11
7203 5879 8
2658 7226 11
1723 8413 11
53 9872 11
113 115 12
2498 837 12
5277 913 12
2924 1393 12
5124 6660 12
3537 8489 12
8489 1043 12
1043 5090 3
5090 9178 4
9178 7271 5
64 366 13
366 5541 9
5541 2002 6
5541 6942 7
5541 7144 7
5541 1721 8
7144 6249 8
6942 4941 10
4941 2280 11
2280 6245 4
2280 2635 12
204 384 13
384 8786 1
8786 5797 11
5797 5225 3
5225 9208 6
9208 819 4
5225 1708 7
819 951 8
951 227 2
227 4975 2
5225 9445 9
9445 5870 3
5870 1522 6
1522 1293 2
1522 2344 4
2344 9943 4
5870 5514 6
5514 6695 5
9943 1300 7
9208 7782 12
3432 412 13
5631 729 13
729 431 2
729 2743 2
431 4038 5
431 5287 6
2743 597 7
597 2931 6
4038 6139 10
2743 3765 12
3765 3240 1
3765 9093 5
9093 5941 5
5941 9480 6
3765 1471 10
431 6642 12
1317 900 13
6391 1075 13
9872 1111 13
1111 4356 11
5171 1355 13
398 1463 13
1463 2428 7
1463 3109 10
3109 1866 12
2987 1661 13
1661 1815 3
1815 9963 5
9963 5446 6
5491 2159 13
2159 5096 5
5096 218 6
5096 2174 9
2159 2274 11
2174 5596 12
9064 2248 13
2248 5921 5
806 2707 13
8530 2900 13
2900 2096 2
2900 6131 9
2900 5026 12
5026 1432 3
5098 3426 13
4683 3439 13
3439 2681 2
3439 6130 4
6130 1614 12
384 3521 13
3916 3678 13
3678 2995 9
3678 8961 11
8961 6426 3
6426 8744 9
115 3995 13
1522 4486 13
4486 1687 5
7203 4562 13
204 4609 13
4609 617 10
617 7750 9
7750 1596 9
1596 1551 8
7750 7209 9
7209 2689 3
2689 2348 2
2689 3141 4
3141 1785 2
7209 5512 5
1785 9217 11
9217 1082 1
1082 3153 7
9217 6438 9
1082 5188 12
5188 2239 2
5188 7264 3
7264 110 6
7264 5964 8
5964 5070 3
5070 8803 2
5070 7844 10
7844 1466 5
1466 75 1
1466 9767 4
75 4961 8
4961 4010 1
5964 8696 10
8696 9197 2
5188 7976 11
7976 8067 9
75 134 12
134 8084 4
8084 7139 2
8084 851 3
8084 7928 8
134 4104 11
4010 3119 13
3119 5633 2
3119 2186 7
6075 5584 13
5584 3911 1
3911 8972 1
8972 2115 1
2115 5766 2
5766 4726 2
5584 3596 3
8972 3967 5
3911 6363 5
3596 2072 6
2072 5013 1
6363 7121 6
2115 7404 6
7404 1939 4
2115 1427 7
3911 2265 7
2265 3 3
3 4204 5
4204 1367 4
1367 485 8
485 5257 2
5766 6676 8
6676 3304 4
2115 7222 8
7404 9356 8
8972 3457 9
3457 8196 6
8196 1347 3
1347 1674 4
5013 2641 10
2641 3956 9
3911 8482 10
3967 3721 11
3721 1526 5
1526 9880 5
1526 1615 8
1615 3872 10
9880 5142 11
5142 2077 4
2077 523 7
9356 5937 11
5937 7570 3
5937 7669 10
3 7694 11
7694 3061 9
3061 6837 3
6676 8818 11
485 2025 12
2025 8795 11
8795 1722 6
1722 6761 8
6761 1019 3
1019 8233 3
6761 2316 6
3061 3701 12
7222 6273 12
1019 905 13
8233 1308 13
1308 7012 9
7012 8331 1
1722 1735 13
1735 7300 5
1735 6228 10
7300 8841 12
8841 4074 9
7300 2477 13
2477 6026 6
9208 5945 13
3063 6274 13
6274 9066 7
617 6291 13
6291 781 7
5964 6758 13
6550 6786 13
6786 8753 12
8753 2145 7
2145 674 12
1243 7086 13
6676 7438 13
7438 5389 5
7438 9251 7
9251 4410 3
9251 1233 13
1233 6790 8
4486 8025 13
3872 8168 13
8874 8236 13
8236 4576 3
4576 1474 4
1474 8164 7
8164 530 9
4576 6956 9
6956 3885 6
3885 2081 2
3885 1095 5
1095 9412 2
2081 3358 7
1095 5523 12
3620 8250 13
8250 5955 3
5955 3631 8
3631 3110 5
3631 9611 12
9611 2558 5
2558 3624 7
3624 4648 2
3624 7992 5
7992 8475 5
8475 8112 3
8112 9213 2
7992 135 6
2558 1283 9
2558 258 11
258 1745 2
258 4205 6
258 9614 10
9614 9255 4
9614 6218 10
3624 2047 11
2047 27 2
27 4387 11
2558 2422 12
2422 7660 2
7660 4761 2
3624 9901 12
7660 8213 13
8213 1011 5
1011 623 1
1011 3649 6
3596 8546 13
8546 9582 8
1985 8626 13
9128 8686 13
8686 4513 2
8686 3352 8
3352 3363 1
3363 9297 1
9297 1660 4
1660 1688 1
9297 4786 4
4786 9507 3
4786 9468 6
3352 3177 8
3363 4611 9
4611 1204 2
1688 4810 10
4810 1109 4
1109 6762 5
1109 7132 5
6762 1360 7
9297 5364 10
5364 8834 6
4786 1882 11
1882 8405 10
9507 6276 11
6276 5560 9
5560 2358 7
8834 7305 11
7305 7083 2
7083 7520 1
7520 275 2
1882 3406 12
3406 5728 1
3406 9010 1
5728 5592 5
5560 4380 12
4380 2714 8
4380 8621 11
8621 6716 6
1688 1831 13
1831 8867 4
8867 6711 7
6711 6858 9
6858 8725 10
8725 5647 4
5647 395 4
5647 1921 6
395 8888 6
8888 7859 1
395 473 11
3406 4431 13
8405 4621 13
4621 8797 10
8797 8417 12
8417 9451 9
8797 1092 13
3177 7189 13
7189 3998 1
2147 8754 13
8754 6480 10
6480 9696 5
2755 9163 13
9163 1663 11
9163 1396 13
2721 9199 13
9199 7179 3
7179 1670 3
1670 7313 11
7313 7866 2
7313 7790 9
698 9291 13
9291 1768 9
1768 9489 5
9489 7582 2
7582 8776 2
8776 7251 9
9291 5121 10
8776 7339 13
8714 9878 13
3961 220 14
220 250 9
854 522 14
470 588 14
808 589 14
589 6631 10
589 1642 12
258 627 14
4666 640 14
640 8755 7
4869 668 14
395 677 14
9968 692 14
692 18 5
18 1951 5
1951 6481 8
1951 5233 13
5233 5794 4
5794 2825 11
6245 727 14
4893 926 14
4481 1133 14
1133 3482 5
1133 3106 10
3106 8721 1
8721 4186 4
8721 9728 4
9728 1545 13
1545 1410 11
366 1451 14
1451 5019 3
1451 962 7
1899 1757 14
5633 1996 14
9217 2031 14
4038 2143 14
2143 2060 5
2060 9666 8
2060 2178 12
3 2246 14
5227 2769 14
1921 2820 14
8621 2858 14
2858 3459 5
3459 4094 6
4094 8824 7
8824 9936 8
9936 4120 3
9936 5830 11
5830 6140 4
6140 9189 4
9189 9515 4
9515 1450 2
1450 7129 3
6140 4518 5
4518 3283 1
3283 8048 2
1450 2846 6
2846 8584 8
8584 8175 10
8175 3715 11
3715 2345 6
2345 5457 1
5457 5872 5
5457 6099 7
2345 7365 8
7365 7646 5
7646 4438 6
5872 9460 9
3715 3279 10
2858 2687 12
2687 5416 12
5416 7457 1
7457 1061 3
1061 308 4
1061 7512 4
308 1540 7
1540 1409 3
1061 2632 9
2632 7263 2
2632 7873 4
5416 3303 9
1540 3070 10
7512 4319 13
9756 3094 14
3094 1422 3
3094 4873 6
4873 8044 8
1422 6715 9
1422 7620 12
6715 5086 13
5086 5305 3
5086 8279 6
5086 6147 11
8279 2417 12
2417 7341 11
1422 618 14
9489 3530 14
3530 6153 13
7669 3542 14
3542 7358 7
2031 3585 14
8354 3643 14
9756 3650 14
8204 4124 14
6131 4346 14
4346 6735 2
5786 4610 14
4610 7076 10
5233 4737 14
4737 5589 11
2070 4874 14
113 4952 14
4952 5436 13
5436 4668 10
4668 3172 5
9624 5021 14
5021 862 3
5021 3580 14
3580 7583 3
7872 5134 14
5134 444 13
444 489 13
1674 5442 14
5442 6376 1
5442 770 10
6376 5314 14
5314 8451 11
5314 2616 13
3898 5488 14
2186 5629 14
5629 3132 7
6426 5656 14
5656 2243 8
2243 8601 12
3799 5739 14
4278 5789 14
5789 5609 11
5609 39 8
39 9605 1
39 6155 2
39 4633 4
39 7397 6
39 499 8
499 2824 3
2824 5373 5
5373 1624 2
2824 2538 9
499 5913 10
4633 8297 13
7245 5834 14
1660 5973 14
5973 1793 10
1793 1405 3
1405 7275 2
1793 3428 5
3428 4244 1
1793 3026 12
3026 1566 2
5277 6127 14
702 6347 14
9767 6619 14
6619 853 6
853 9633 3
1688 6647 14
6647 9050 2
9050 8504 5
8504 5461 6
6647 7869 7
7869 3229 4
5461 7044 10
7044 8050 3
7044 5732 7
7044 4220 10
5732 7182 11
6647 3720 12
5461 1563 13
1563 2580 7
2580 8163 7
8163 9646 3
8163 527 5
8163 1838 10
1838 551 2
1838 3767 3
3767 6211 2
551 9973 6
1838 2566 9
2566 4345 3
4345 9826 6
527 55 14
55 1507 4
5827 6692 14
3643 6913 14
8696 7037 14
7832 7039 14
1223 7291 14
7291 583 4
583 5459 4
583 8028 9
8028 6517 8
7291 417 11
417 2447 11
2433 7382 14
7382 1851 13
851 7443 14
1471 7517 14
7517 5306 6
5306 2594 3
2594 8887 2
8887 4265 1
5306 4816 6
7517 6757 9
6757 4569 2
4816 724 10
724 1094 2
724 1036 9
1036 1447 4
1094 1289 10
1289 1761 3
1761 7549 1
4816 669 12
669 1443 11
1443 288 10
4569 1167 12
7549 538 13
1094 4897 13
6757 5383 14
5383 2138 12
2138 6777 7
6777 4724 2
2138 3504 8
3504 6568 5
6568 8389 7
2138 5975 8
8686 7525 14
7525 6835 1
7525 1958 7
7525 8120 11
8120 61 3
8120 8522 10
8522 7175 1
61 4896 13
4896 8911 2
4896 9537 11
1410 7730 14
1289 8027 14
2077 8118 14
8118 8222 1
8222 1829 3
1829 8919 5
8919 5127 6
5127 9835 11
8222 7040 12
7040 3091 1
7040 7836 4
7836 253 2
253 4207 6
4207 675 2
7040 8614 8
8614 8373 1
8614 3261 3
7040 1458 11
1458 6446 7
6446 7321 1
7321 6939 2
6446 7475 6
7321 4829 10
7040 8109 11
8109 7124 5
7040 8773 11
8773 783 9
675 3126 12
3126 3418 1
8118 3436 14
3436 4312 11
2820 8516 14
8516 687 2
6291 8624 14
1750 8665 14
7339 8788 14
489 8816 14
8816 8934 4
8934 8580 1
8580 4865 2
4865 2475 1
2475 2993 2
8934 3273 3
8816 7241 6
2993 5898 7
8934 4705 12
3273 6636 13
6636 8420 11
8420 9567 7
9567 2598 6
8420 5107 11
2475 9600 13
9600 3458 2
3458 5298 8
9600 4594 9
1407 8879 14
8879 7102 6
7102 8388 8
3292 8955 14
1144 9005 14
4481 9312 14
6790 9687 14
1929 9785 14
2890 9802 14
8112 9856 14
3804 9990 14
9990 330 4
9990 509 5
9990 4792 6
4792 5178 7
509 363 12
509 2110 12
2110 1232 7
1232 1747 3
1232 1137 10
1747 464 13
330 3869 13
9990 8677 13
8677 1705 1
8677 2947 6
1747 3218 14
3218 8428 6
3218 1953 10
1953 8443 11
8443 2305 7
8443 3833 11
3833 2513 12
2513 2079 4
2513 8339 12
1953 29 13
14 30 15
30 311 4
311 3388 9
3388 4718 4
3388 1309 6
1309 3828 7
1309 3878 9
3878 1456 13
1456 9303 8
30 5357 13
5357 2346 5
3828 2916 14
2916 5492 2
5492 4501 6
5492 3374 10
4501 694 14
2916 5247 14
5247 5058 2
5058 6700 4
5247 5953 9
6700 3795 11
3795 8553 4
8553 9813 8
3795 2505 12
39 144 15
144 158 1
144 9844 2
9844 4964 1
144 225 4
4964 3154 5
4964 6423 5
6423 3586 2
3586 4025 3
6423 2633 6
144 7652 6
7652 2821 1
4964 6822 7
3154 4318 8
4318 426 8
158 2702 9
2702 8563 3
2702 467 5
2702 3476 5
467 3658 9
4025 5602 9
5602 4679 1
5602 8358 1
426 6627 9
4025 236 10
236 172 3
5602 2207 10
2207 734 10
734 3098 8
467 653 12
9844 3987 12
3987 7977 3
3987 1836 12
8358 7030 12
6822 9228 12
9228 8458 3
9228 902 13
467 2691 13
2691 2528 9
2528 2059 5
2528 5046 5
5046 5381 11
5381 7537 8
7537 9847 2
7537 654 4
7537 684 7
684 4225 7
9847 3376 10
4318 2722 13
2722 169 5
169 8220 3
169 3711 11
8220 6002 11
6002 1434 5
6002 2817 13
2817 4349 10
2817 8942 10
8942 4317 3
5602 7324 13
7324 5818 6
7324 3378 8
7324 2245 12
4025 8524 13
5818 9352 13
902 1694 14
1694 8793 11
8793 4675 4
4675 4974 8
9352 2133 14
2133 9052 7
2133 2785 8
2785 3033 3
3033 5784 1
5784 6158 1
3033 352 2
6158 3725 5
9052 3564 8
2133 6029 8
6029 3333 8
3333 9697 4
9697 3959 3
3959 4932 1
3333 3105 5
3333 8094 5
4932 5294 6
3959 9723 6
3959 8412 7
5294 3348 8
3959 5489 9
5489 8444 4
5489 4482 6
3105 5787 10
5787 5467 4
5467 8385 2
5467 9521 4
5787 128 7
6029 8556 10
8556 1575 9
1575 8751 2
8751 9265 7
8751 8042 10
8042 78 6
78 874 7
874 8238 8
78 620 11
9521 6529 11
6529 3710 11
3710 2238 3
2238 8249 7
8249 5877 7
8249 787 9
8249 3532 9
3532 8080 9
8080 3857 5
3857 9931 2
8080 3000 9
3000 4800 6
4800 4596 4
3857 5838 9
3857 1039 10
1039 7442 2
3710 8889 11
4932 1110 12
8412 4059 12
4059 3415 3
3415 3946 6
3946 9474 5
9474 5503 1
4059 5395 6
5395 9448 1
9448 892 5
892 6132 3
4059 8141 6
3946 2672 7
3415 948 9
948 1212 5
1212 451 8
892 1206 9
1206 1090 2
1206 5721 5
451 576 10
576 4962 8
1039 1460 13
1460 3752 2
3752 5805 7
5805 7331 4
7331 7849 1
6158 3129 13
3129 9777 1
3129 9487 2
9777 9986 4
1575 6035 13
6035 6110 10
5489 6861 13
6861 1176 4
1176 9129 6
6861 9219 10
1176 9985 11
9985 3324 8
9129 6055 13
6055 3280 2
6055 6312 10
6312 1479 5
1479 3090 1
1479 6323 12
6323 8293 3
3280 2220 13
3280 3131 13
4596 8640 13
9931 8747 13
4225 3484 14
2702 3554 14
3554 8849 12
8793 3682 14
3280 3978 14
3978 5734 11
5734 4417 11
4417 6641 6
6641 38 2
38 4567 4
38 8255 10
4417 7490 11
38 3786 12
6641 7143 12
7143 1606 6
7143 3877 7
3877 757 9
1606 1821 9
1821 6239 7
3877 60 11
60 5144 6
5144 5963 3
5963 7103 4
60 9905 6
9905 6827 6
6827 1732 3
6827 3143 4
60 4103 7
60 2297 9
2297 4096 4
60 3346 9
5963 848 10
848 2473 2
848 5800 2
5800 555 5
848 4084 7
4084 1635 9
1635 1541 4
4096 6537 10
1606 2284 12
2284 8845 6
8845 6126 1
8845 126 4
2284 5428 7
4096 4765 12
4765 5546 1
4765 6807 4
1821 2559 13
2559 5563 1
5563 8781 5
2559 9668 8
2559 1194 10
1194 3870 11
1194 5698 11
7103 3931 13
3931 8030 3
1821 7336 13
4567 2073 14
2073 9694 3
9694 6248 2
9694 8466 8
9694 1554 10
1554 5101 2
1554 5140 6
5140 7101 9
1554 440 14
440 750 3
440 9179 3
440 2286 4
440 4640 4
440 3876 7
2286 5931 8
4640 928 10
440 2946 11
2946 4510 9
928 3472 11
3472 3108 10
2946 3754 12
750 5242 13
5800 2735 14
2735 3297 3
2735 2399 6
3297 2408 8
1194 3807 14
4059 5374 14
8747 5851 14
6239 5954 14
5954 8060 8
8060 5748 9
5954 3077 11
3077 8902 8
8902 8039 7
3077 2175 11
8060 4043 11
4043 5203 6
4043 295 8
3077 9909 11
8060 3980 12
3980 5909 2
3980 9014 6
1836 6469 14
6469 7841 5
6469 3576 9
3576 7295 1
4596 6632 14
6632 2937 1
6632 3726 2
6632 7643 3
6632 4818 4
3726 9730 5
7643 9597 6
9730 2831 8
9597 5996 9
5996 8291 2
8291 4992 2
7643 7120 9
7120 2978 5
7643 7368 9
7368 4403 6
4403 1003 5
4403 4977 6
4977 5621 1
1003 7931 6
4403 5415 8
5415 9704 6
9704 4534 3
3726 6197 11
6197 5695 3
5695 690 1
6197 4034 8
4403 7522 11
7522 7320 5
2937 3243 12
3243 2751 11
2751 1637 8
1637 1524 2
3243 9908 11
3243 5601 12
9730 193 13
193 1275 6
1275 328 10
328 9763 7
9763 7493 6
7493 8072 5
328 79 8
79 2826 5
2826 4097 1
9763 4783 8
4097 8701 8
79 4 9
4 1383 6
1383 8000 7
8000 1947 1
8000 2146 1
1947 161 2
2146 1478 8
7493 1180 9
9763 6817 9
8072 82 11
82 8104 4
82 455 5
455 2918 1
82 966 6
82 2035 7
966 3398 8
3398 8558 5
3398 3430 6
2918 6611 9
6611 5312 7
455 7433 9
7433 1712 4
4097 447 11
447 1798 2
447 5864 5
5864 8850 10
8850 8272 3
1798 9500 10
161 498 11
498 9766 2
498 9043 8
498 868 9
868 1145 5
1145 4509 1
1145 5000 3
5000 2517 8
2517 2083 8
5000 5637 8
4509 4422 9
4509 642 11
1947 817 11
817 503 8
503 415 6
415 5905 5
503 9551 8
5000 7238 11
4 7995 11
7995 9027 10
9027 6293 1
6293 9140 2
817 4429 12
498 4443 12
4443 6955 7
4443 6772 11
6772 6478 6
6955 8363 11
642 6507 12
6507 3837 4
1180 8945 12
2517 8974 12
8974 492 2
8974 8617 6
8617 6868 5
1145 9769 12
3398 9894 12
79 125 13
161 175 13
82 211 13
1145 1653 13
1653 6225 3
6225 6585 1
5637 1932 13
1932 599 8
1932 6745 8
6745 5476 4
5476 4821 9
4821 7560 2
7560 4993 6
4821 4391 8
4391 2529 1
2529 5747 2
2529 8528 6
4993 4740 9
5747 5190 9
5190 9365 2
9365 9276 9
9276 7590 2
7590 343 6
7590 2271 10
8528 7453 10
1932 9895 10
9895 4190 6
4190 3038 4
3038 1230 1
1230 4366 4
4366 9338 4
4391 8006 11
5190 7840 12
9766 2338 13
2338 8445 7
1003 3384 13
3384 8185 3
8185 3421 13
6197 3779 13
1798 4174 13
4174 6943 9
415 4931 13
9763 4955 13
1712 5660 13
5660 6539 2
5660 4457 3
5660 9807 3
6539 1994 9
1994 7070 5
7070 4707 7
4707 1767 6
1767 7824 1
1767 721 5
5660 9606 10
4457 5612 11
6539 2952 12
2952 986 1
986 260 7
2952 8479 12
8479 3592 7
3592 733 6
733 5764 1
733 2342 8
6539 9845 12
9845 5925 8
5925 3013 8
3013 5239 8
5239 3831 7
3013 8886 10
3831 4213 12
5764 5781 13
4213 6731 13
6731 519 12
519 3298 5
519 9321 7
9551 7065 13
7065 8244 5
7065 8171 7
8171 6432 2
6432 2618 8
2618 4195 2
7065 2998 11
2998 4208 1
6868 7637 13
8974 7806 13
7806 3260 5
7806 3989 12
519 8344 13
8344 495 11
495 8091 4
8091 2734 4
2734 3738 1
8091 5597 4
495 9320 8
3738 7231 11
5597 9800 11
9800 425 7
425 8299 8
8299 3120 2
8299 6577 2
6577 9139 4
8299 6743 10
9139 9058 11
495 1676 12
1676 9585 5
9585 2132 5
2132 8968 8
8968 8891 3
8891 4789 5
8891 3469 8
3469 5516 11
9585 3364 12
2734 5531 13
721 9594 13
9594 6474 3
6474 3602 9
3602 1764 10
1764 4098 8
4098 334 9
1764 609 11
1764 1889 13
5637 528 14
528 9459 8
4534 776 14
776 867 10
867 9209 12
867 877 13
6225 2398 14
6955 2835 14
2835 1096 1
3038 3095 14
3095 517 9
517 7170 10
7170 4271 10
4271 6834 6
5239 3133 14
3384 3969 14
3969 3563 2
3563 747 1
747 3062 1
3969 2973 4
2973 351 2
3563 8838 4
351 208 9
3062 7788 9
7788 6006 5
6006 9009 3
9009 7521 7
7788 2812 9
2812 6918 8
3969 249 10
249 104 2
104 1603 9
2812 9945 10
2812 849 13
849 1925 3
1925 1455 7
1455 92 9
849 7088 9
849 9340 10
9340 3909 6
849 1063 13
1063 1565 2
1063 8631 11
1565 1771 12
1771 5863 3
5863 4040 7
4040 8957 9
1565 3442 12
1603 8240 13
5190 5110 14
5110 8866 7
8866 6240 2
4821 5341 14
5341 4775 6
5341 1898 7
5341 6122 9
6122 9404 6
1898 9772 9
9772 5549 3
9772 3413 9
3413 3397 5
3397 2438 5
3397 5072 7
2438 1213 9
1213 3255 4
1213 2688 5
2688 6118 2
2688 7137 4
3255 6308 6
6308 7737 4
7737 1876 2
7137 6670 6
3255 7672 7
9772 9790 9
9790 9047 3
2438 1006 10
4775 7345 10
7345 2205 11
7672 2653 12
2653 2958 3
2653 1886 6
2958 5390 11
6308 4731 12
4731 1166 11
2205 5207 12
5207 4053 5
4053 988 6
988 5934 5
4053 357 9
357 309 3
1006 7649 12
2958 196 13
196 8713 1
8713 9079 1
196 152 7
152 5479 5
5479 7706 8
8713 9984 9
9984 1630 7
1630 803 4
8713 8117 11
196 1801 12
1801 9334 10
9079 4521 12
1630 6412 12
4053 5717 13
5717 1150 3
152 319 14
319 3064 2
3064 1062 12
1062 8181 9
8181 4888 12
3413 3561 14
3561 6900 7
6900 2223 9
2958 4844 14
4844 8688 1
8688 4419 9
4419 4842 4
4842 9760 8
7368 5559 14
5559 6080 2
5559 6031 3
6080 8089 4
8089 3142 1
3142 1928 4
8089 7978 4
7978 2298 4
7978 9540 4
6031 1087 5
1087 8184 3
6080 5722 5
1087 7056 5
7056 1609 4
5559 6658 9
6658 8081 6
8184 3641 10
3641 6270 5
6270 8161 1
8161 291 1
5559 871 11
871 9346 3
9346 5401 1
5401 3027 1
3027 1464 1
9346 8108 3
1464 1124 5
8108 5682 7
871 1072 9
8161 1297 12
8089 2717 13
2717 6404 7
2717 5113 9
5113 6476 6
6476 4177 7
1087 765 14
4422 6491 14
1928 6634 14
6634 2118 7
4679 6706 14
6706 1810 6
1810 1795 6
1795 5664 3
1795 9779 5
5664 461 7
461 192 9
192 7693 5
7693 8142 7
8142 4960 6
461 550 9
550 9830 4
192 2440 9
2440 2020 3
2020 5915 4
2020 3522 9
3522 178 5
7693 7653 9
178 347 10
4960 2267 10
2267 8992 2
2267 362 6
2267 3960 7
8992 9732 9
192 1089 12
8992 2789 13
2789 8288 9
3297 6775 14
6775 8323 4
8323 3405 5
3405 7946 3
3405 9561 6
6775 8367 9
8323 1010 11
7788 6826 14
9594 6853 14
8751 7348 14
4443 7437 14
690 7792 14
7792 7109 10
7109 3929 8
3929 8387 2
8387 8820 1
8387 9081 5
9081 4815 8
4815 8447 5
4815 7700 8
7109 7207 9
7207 8268 4
8268 4024 9
4024 7686 2
7109 2629 11
2629 7449 9
7449 3331 4
7109 9167 11
9167 1378 12
1378 185 4
8268 1379 12
1378 6767 12
8387 580 14
580 8933 1
8933 4392 1
8933 1157 10
1157 6397 11
3331 3505 14
8387 6059 14
6059 2486 11
1810 7808 14
7808 2027 1
817 7949 14
7949 6133 3
7949 2050 6
6133 2197 13
319 8424 14
8424 6461 8
6461 8092 5
8092 6928 14
6928 1867 7
1867 8669 6
8669 9682 4
8669 8179 5
1867 9120 12
3876 9942 14
9942 9758 2
9758 3247 6
3247 1254 6
9758 5230 14
5230 2105 1
5230 4600 10
4600 9806 13
9758 9061 14
690 127 15
127 387 2
127 7556 14
4951 280 15
9209 390 15
390 4016 9
4016 7887 8
390 269 14
269 1963 8
1963 160 3
1963 9764 3
160 1390 7
1390 9371 2
9371 7951 7
9371 8936 7
8936 7654 8
160 7001 9
7001 666 8
7951 5094 11
7654 8151 11
8151 512 6
512 1411 2
8151 1856 6
1411 3041 10
1390 2729 12
2729 7412 4
2729 5579 8
5579 6000 3
7412 1004 13
1004 585 8
585 114 9
114 1594 1
114 4137 6
114 720 10
720 63 7
63 8051 7
8051 1531 9
8051 8271 9
4137 4753 10
4753 9235 11
9235 5929 5
5929 2568 7
2568 4651 8
4651 1511 10
1511 1461 6
1461 2613 3
1511 3569 10
3569 8565 4
1390 2254 14
121 427 15
427 502 3
502 907 5
907 1854 1
1854 768 6
1899 594 15
594 5889 8
5171 643 15
643 8302 6
8302 4471 10
4471 1016 3
1016 989 6
989 8468 5
8468 5919 6
989 5967 7
1016 7389 8
7389 373 2
7389 2798 7
989 3568 9
3568 9761 2
989 7094 9
4471 9993 10
3568 2880 11
373 8137 11
2798 9702 12
2558 713 15
713 1935 3
713 4631 10
4631 2631 4
2631 77 10
77 2011 2
713 6277 11
6277 8819 2
77 5614 13
3430 800 15
800 773 1
800 4106 2
800 974 8
974 829 14
9197 805 15
1092 861 15
861 87 4
87 9299 6
87 318 8
121 869 15
869 1944 1
1944 5174 6
5174 2232 7
869 6459 10
1944 9928 13
1944 3579 14
1456 920 15
920 3974 9
3974 6004 8
6004 1736 11
1886 1034 15
1034 7471 2
1034 4478 3
7471 2749 5
2749 2730 6
7471 2258 7
2258 5577 5
5577 3416 7
1034 7563 8
7039 1102 15
1102 8068 2
8068 1048 1
8068 8203 3
460 1103 15
1103 7403 3
9633 1106 15
363 1134 15
1134 5892 4
5892 4699 13
4699 8348 2
9845 1138 15
5797 1249 15
1249 3040 6
3040 1159 1
3040 9399 7
9399 5238 12
5238 7054 1
5238 1799 5
1799 7505 6
1799 2863 10
7054 2527 11
2527 9851 12
9851 3743 9
3743 3115 3
3743 1279 4
3115 8750 5
3743 626 12
626 5413 4
626 4602 9
4602 7151 7
1159 4580 13
7151 3510 14
3510 1826 13
1826 8697 11
4753 1510 15
7030 1517 15
1517 1156 6
1156 7930 2
7930 3391 4
1156 7459 5
7459 1091 9
1156 8037 9
3391 5532 10
1091 2507 11
2159 1534 15
837 1543 15
1543 759 1
1543 8837 1
759 9431 2
9431 616 6
8837 2723 8
2723 1350 3
2723 9750 3
1350 1318 6
1318 2879 3
1318 5733 6
1350 7702 6
7702 7376 1
7702 9166 2
7376 8295 3
2723 9258 6
7702 9196 11
9196 9455 6
9455 9563 1
9563 4050 1
870 1709 15
1709 1100 7
1100 238 1
4567 1710 15
1710 6422 2
1710 8538 2
6422 6803 5
1710 7494 5
6803 1877 7
1877 5322 5
7494 2512 8
2512 8903 5
7494 3315 8
8538 5916 10
5916 5303 3
5303 2502 6
2502 9753 7
9753 4688 4
8903 8602 11
1877 6564 12
6564 4151 2
6564 2367 5
2367 2357 1
5442 1780 15
1780 4183 8
4183 2005 2
4521 1782 15
1782 1600 1
1600 8802 14
8640 1858 15
4055 1917 15
1917 3239 5
3239 859 13
7376 1966 15
1966 5385 13
5385 6910 3
5385 775 7
5385 8536 7
6910 1013 9
1013 1957 4
1957 1973 13
1973 8046 3
8046 3523 9
3523 8045 1
8045 3252 9
8045 1604 10
1604 7656 9
7656 2838 5
2838 3845 2
7656 2268 7
2268 1044 9
1044 1752 9
1752 3417 13
1957 5292 13
1013 1581 14
8045 1837 15
1837 5319 11
63 2006 15
4136 2179 15
1109 2235 15
357 2292 15
2292 3454 3
2292 4007 11
4007 6547 1
4007 3714 3
2292 2777 12
2777 2572 12
4439 2300 15
2300 1117 12
9179 2354 15
2354 6394 14
6394 2894 11
2894 331 8
331 283 8
2735 2376 15
384 2418 15
258 2480 15
1694 2496 15
3380 2530 15
5021 2585 15
2585 3289 5
3289 3337 9
3337 7826 6
3337 445 11
2585 1744 11
1744 5942 11
5942 7917 4
7917 9882 12
9882 7595 2
7595 6615 2
9882 3603 6
3603 8149 5
7595 4965 7
8149 2807 8
2807 8438 11
3337 6198 14
1744 641 15
641 299 3
299 1327 5
299 5989 6
641 7379 13
7379 6966 11
6966 5394 1
6966 960 6
6966 1035 12
1035 3344 11
7241 2606 15
1400 2664 15
2664 914 10
291 2671 15
1534 2715 15
2715 1548 1
1548 1029 3
1548 3712 13
3712 9825 8
6404 2804 15
2804 3990 11
2804 4750 14
2983 2809 15
7238 2860 15
2860 1748 2
2860 6511 11
6511 5027 1
5027 2912 2
6511 1525 4
1525 5812 2
6511 2950 9
2912 446 11
2950 1153 12
1153 7318 7
446 6289 12
6289 9194 2
6289 8408 4
8408 4973 2
4973 482 2
482 171 7
171 345 3
171 3104 8
6289 3039 9
3039 9957 4
3039 3732 7
3732 8427 5
3039 8587 8
3039 2462 10
2462 4871 4
8587 628 11
628 252 10
252 1428 8
1428 9380 3
2860 5712 13
9194 712 14
1748 6058 14
9194 212 15
212 263 3
212 4083 3
212 7052 4
7052 9106 2
212 190 7
190 9200 9
9200 1701 4
1701 4916 4
263 9573 9
9573 9889 6
9573 80 7
7052 793 10
793 708 1
7052 5039 10
9573 2062 13
2062 1326 14
2749 2883 15
1615 2885 15
9476 2921 15
3115 2961 15
5908 3022 15
3022 1269 14
9139 3073 15
3073 6596 4
6596 7503 3
7503 2794 5
6596 2620 11
8683 3136 15
7549 3205 15
3205 9 10
9 9971 4
9 1170 8
9 73 10
3205 5077 13
4096 3209 15
8602 3572 15
9563 3709 15
3709 8049 5
8049 6535 2
8837 3821 15
3821 8661 8
7175 3850 15
3850 8859 14
2973 4068 15
9885 4107 15
725 4150 15
1275 4355 15
2398 4480 15
4480 6152 11
1478 4488 15
8331 4613 15
4613 6991 11
6991 6759 9
6759 4970 9
4439 4711 15
4711 8894 1
1092 4749 15
4749 1178 12
1178 934 5
934 9508 1
934 4494 12
2245 4751 15
4751 4185 10
4185 3693 11
7840 4772 15
4842 4997 15
215 5012 15
5012 1592 2
5012 4400 5
5012 8426 5
8426 4006 3
5012 1717 7
5012 2226 7
2226 2938 6
729 5122 15
5122 931 13
5038 5204 15
6692 5206 15
689 5273 15
182 5325 15
5325 3899 8
5325 5802 14
4610 5405 15
94 5411 15
1243 5466 15
5466 5002 8
5466 3745 13
8936 5573 15
5573 3497 5
3497 7663 4
7663 2726 3
5573 5034 6
5034 8021 9
5573 7107 10
2726 4324 11
3497 1436 12
1436 2233 1
2233 6750 2
6750 6425 2
2233 9410 3
1436 939 6
6750 6040 7
2233 6170 10
1436 7545 10
2233 3190 13
3497 4042 13
4042 8639 3
8639 3681 5
8639 4201 12
8021 8951 13
5573 9279 14
9279 478 3
478 4483 4
9279 9562 13
9562 5438 3
9562 1453 8
1453 6128 4
1453 9812 4
1453 3842 8
6128 1632 9
1632 8774 2
8774 1023 13
1023 2275 3
2275 3502 5
3426 5600 15
7590 5610 15
5573 5720 15
485 5817 15
4410 6025 15
6025 9059 9
6130 6067 15
6067 7613 13
7613 9180 2
9180 6616 2
7613 4581 3
9180 9625 8
9625 4780 4
4780 5089 2
4780 6047 5
5089 2544 12
4581 8334 12
8334 9823 1
8334 1707 12
9823 1936 13
1936 8011 5
4780 4484 15
6616 6076 15
1007 6116 15
6116 5988 11
6758 6285 15
6361 6287 15
6287 3150 5
1478 6296 15
6296 8461 7
6296 8633 8
8461 2021 13
6296 6195 15
6195 1651 15
1651 5847 5
5847 7280 7
1651 7019 12
7019 4005 10
6118 6419 15
3141 6421 15
6421 8674 7
8674 324 10
324 6580 3
324 6473 4
6580 4148 13
4148 5667 2
5667 5567 9
5567 718 5
718 200 4
200 7961 1
5567 1513 9
5667 6343 9
7961 1617 15
3821 6503 15
6503 3059 9
684 6561 15
6561 1613 11
1089 6617 15
6617 6353 15
3337 6685 15
6685 3736 9
3736 1319 7
1319 7477 12
7477 3102 4
895 6687 15
6687 9912 13
9912 3470 13
3470 8407 14
8407 2193 5
8407 5433 8
5433 8638 5
2193 1976 11
1976 3128 3
3128 3777 11
1976 2404 13
2404 4531 6
7643 6722 15
6722 846 3
846 6739 3
6739 103 2
103 7703 2
103 711 5
846 1580 13
846 326 15
326 5568 6
7490 6801 15
6801 7765 1
7765 7552 4
7552 3633 6
7765 7035 12
3633 8939 12
7765 3004 13
2620 6876 15
6876 3948 11
3948 2626 5
2626 9143 6
771 6945 15
6945 5323 10
6142 6999 15
5222 7006 15
7006 7329 10
509 7026 15
1085 7213 15
6273 7344 15
2631 7366 15
7366 3626 4
7366 1070 9
1070 1852 7
1852 6629 7
6629 9131 1
6629 6975 10
6975 7821 1
6975 3698 6
7366 2913 11
9131 7999 11
2641 7462 15
7462 6009 14
6009 9495 5
9495 2686 11
8887 7506 15
2233 7604 15
7604 4661 9
4661 3506 4
3506 1893 8
4661 5891 11
3506 6987 11
6987 1629 1
6987 4565 15
4565 2157 12
2157 4659 3
4659 4425 14
2157 4199 15
4199 9038 12
9038 5460 1
9038 8083 9
8083 9134 1
5892 7772 15
689 7828 15
7828 5588 13
5588 242 8
242 8982 7
242 2739 8
2739 9787 5
9787 7254 2
7254 342 5
342 7877 4
342 547 5
547 3926 3
342 1487 6
242 2163 10
5588 9883 10
1487 270 11
270 949 6
270 994 6
2739 2882 13
9787 3201 13
3201 5887 9
7877 836 15
2186 7938 15
7938 6696 6
6696 5548 14
5548 8096 5
8096 8603 2
6777 7942 15
7942 8031 6
7942 3638 9
3638 6533 5
6533 6377 14
6377 9026 9
6767 8026 15
8026 281 3
114 8070 15
8070 1371 11
1371 2957 1
2957 4986 5
2957 1718 6
4986 7766 7
7766 7085 1
7085 6217 3
7085 9319 4
9319 8036 3
2957 8856 7
8036 5893 10
9319 9269 11
9269 5798 8
1371 1579 15
7395 8150 15
8773 8201 15
8201 4559 9
4559 7902 4
1232 8224 15
8224 6014 6
6014 2718 7
6014 8002 13
8002 6233 1
8002 4108 6
8002 7568 13
7568 2830 14
9269 8375 15
8375 5447 3
8375 9643 6
7136 8409 15
1607 8422 15
8422 7000 10
3228 8862 15
8862 518 7
518 6403 15
2831 8906 15
8906 5822 6
5822 5186 13
1095 8954 15
8954 4512 7
8954 2400 11
4512 8239 15
8239 3703 4
3703 2089 1
3703 5974 1
5974 1824 4
1824 137 2
2089 4459 6
137 2926 12
2926 1426 10
1426 7692 1
2926 3121 12
3121 5881 12
5881 2065 6
5881 8380 8
8380 5056 13
5056 8493 6
8493 6186 8
6186 5398 6
5056 2695 14
2695 746 14
746 6467 12
6467 139 6
139 531 4
6467 7970 12
7970 4241 3
6186 1622 15
7750 8988 15
8988 8718 3
8718 9960 11
4610 9013 15
9047 9018 15
9018 4256 9
5747 9099 15
4513 9168 15
4952 9227 15
724 9296 15
8934 9329 15
118 9450 15
9450 5211 13
5211 5575 12
5575 7135 8
5575 2355 13
5211 784 14
784 9786 5
9786 7569 7
9786 2288 12
9786 8345 13
784 371 14
7135 4606 14
4606 5616 12
5616 8723 5
9450 7046 14
7046 1965 4
1965 9435 10
1965 130 14
9786 6348 15
4800 9513 15
9513 6428 13
6428 5474 4
6428 4242 14
9895 9652 15
2480 9713 15
9713 9703 6
9713 9151 7
9151 6597 1
6597 5972 1
9703 9533 10
9533 1662 3
9533 3517 6
9713 9994 10
9994 487 2
9994 5 4
5 8432 4
8432 7237 3
7237 5846 2
8432 4445 5
5846 7038 5
4445 2788 7
2788 506 6
506 822 3
487 3958 7
2788 2401 8
3958 8152 8
3958 8183 9
8183 3771 1
3771 6388 5
8183 5803 9
2788 9398 9
506 789 11
1662 9564 11
9533 549 12
549 553 5
553 4309 1
4309 3271 10
549 8382 11
8382 8490 8
822 650 14
822 6121 14
6121 6911 9
6911 3173 3
3173 8920 9
8920 9234 8
9234 7719 8
7719 9467 12
9467 4060 14
4060 4407 2
4407 2293 11
2293 1875 12
2293 2219 14
2293 4607 14
4607 2454 6
2454 9358 4
9358 2093 5
5846 9401 14
9401 5553 5
5553 3966 8
553 9587 14
9587 5393 5
2401 4334 15
789 7923 15
7923 8784 9
7923 6095 10
9059 9864 15
9864 9659 5
9659 7355 5
7355 613 3
832 9869 15
9869 6325 7
6325 8174 5
6325 7417 7
8174 6125 10
6125 5104 10
7417 5650 11
5650 5194 8
5650 6213 14
6213 2388 10
2388 5809 3
2388 2022 8
5809 289 12
289 4245 15
4245 361 5
361 591 14
1254 9870 15
9870 3922 14
3922 6981 2
9870 7910 14
7910 881 15
881 2449 12
2449 3480 2
3480 9910 15
9910 106 2
106 7080 1
7080 8001 4
9910 5032 6
5032 6811 5
8001 8473 13
8473 804 2
8473 2124 9
8473 7359 10
804 5735 11
8001 1954 14
1954 6825 1
6825 4571 1
4571 6540 11
2124 4742 14
4742 6886 5
4742 3639 6
3639 9419 5
4742 6336 8
6336 1993 9
4742 2849 13
1993 4211 14
6886 2116 15
2116 3167 15
3167 8492 14
8492 6431 12
6431 8178 1
8492 7855 12
7855 6460 1
6460 9261 2
9261 3704 5
3704 4665 4
3704 2878 8
7855 6386 12
6386 9896 1
9896 3868 6
3868 4819 6
6386 6237 13
6386 693 14
6431 5883 14
5883 3822 6
6110 9923 15
18 11 16
11 19 3
11 7487 7
19 62 8
62 5045 5
5045 312 1
312 539 10
539 6309 2
6309 8658 1
539 5724 13
62 101 14
101 7282 3
101 6265 5
6265 5279 5
101 6030 10
6030 9369 1
9369 201 4
9369 2962 4
6030 8116 7
2962 7533 9
7533 3028 11
3028 2294 9
2294 5556 6
5556 2128 8
2294 7524 8
2128 2549 10
2549 2063 7
5556 7177 10
5279 4905 14
7177 6013 14
7487 7323 14
9369 2195 15
2195 6874 1
2195 7407 4
7407 2622 10
7407 4170 11
6309 5081 15
5081 4823 4
653 31 16
31 34 7
31 1304 9
1304 1532 15
949 37 16
2070 107 16
133 112 16
849 132 16
132 2518 1
2518 3662 14
2680 141 16
141 8843 6
5747 147 16
2141 167 16
167 796 11
796 7401 7
7401 4337 2
169 241 16
241 1197 11
1197 6268 14
8631 302 16
1110 305 16
299 335 16
989 378 16
378 521 6
39 403 16
8504 419 16
529 605 16
605 1759 8
1759 2442 9
2442 4616 3
1759 8569 14
8919 726 16
726 8609 13
8609 3042 12
3042 896 15
896 9108 7
9108 8655 3
3885 737 16
737 4451 15
4451 4553 8
4553 5853 7
5853 5123 2
5123 4061 7
4553 5551 12
4061 7013 14
7013 6433 11
6433 2851 1
2851 7711 1
2851 4781 8
4781 3006 11
3006 3144 4
3144 7255 3
3144 7356 4
3144 2972 5
3006 3410 9
3410 6266 10
6266 3194 6
3194 4660 8
7711 7868 11
7356 2732 13
2732 8637 6
4660 4100 14
4100 2150 12
2150 1765 2
6433 1435 15
5853 4214 15
6266 9070 15
361 782 16
782 9821 10
9821 5092 2
5092 7648 2
5092 368 5
5092 9525 6
9525 6961 3
5092 5816 9
5092 6802 14
6802 520 1
6802 4058 1
6802 8318 1
8318 5116 11
5116 285 7
285 184 9
184 5782 10
5782 3307 7
5782 8392 7
5782 2859 8
8392 7508 11
285 4811 13
4811 7751 3
7751 5634 8
5634 5048 3
5048 5971 4
5048 1135 7
1135 843 6
843 4655 4
5048 579 10
579 85 2
579 6703 7
85 4682 8
1135 3871 12
7751 4354 13
85 400 14
400 8807 11
8807 7896 3
1135 6088 14
4354 3200 15
3200 5181 5
5181 7062 2
7062 6068 14
6068 2158 9
2158 8263 3
8263 4885 4
8263 5340 8
5340 6958 2
6958 2966 8
2966 2570 10
2570 2017 10
7648 3536 15
5340 6840 15
6840 6114 14
6114 3278 3
6114 3408 11
3408 2008 11
2008 1130 13
1130 1495 4
3408 164 14
164 5918 2
164 8433 2
164 4379 4
8433 6947 5
4379 8760 5
6947 2837 8
164 349 9
164 95 15
95 57 13
57 296 11
296 323 8
95 6924 14
9821 7726 15
7726 5542 8
9099 923 16
171 959 16
959 1549 2
959 4009 3
627 996 16
996 1459 6
1459 6383 4
1459 7378 13
7378 9078 5
9078 730 5
730 4371 15
4371 7867 4
4371 7301 8
7301 8962 6
8331 1033 16
1033 7227 2
7227 788 3
788 1263 7
7227 2216 8
1033 3343 13
3343 2374 14
7227 3686 14
9018 1042 16
536 1047 16
1047 4867 1
1212 1050 16
694 1069 16
1069 5044 7
784 1120 16
1120 9939 10
1120 4642 11
4642 8717 10
8717 26 1
26 590 2
26 1870 5
26 4026 15
4026 2139 7
4026 5484 13
3682 1165 16
1165 615 6
615 303 16
113 1181 16
1181 2943 3
8717 1273 16
5803 1322 16
1322 8320 14
6110 1354 16
1354 700 14
700 5196 8
1354 3737 15
3737 1476 4
1476 1412 9
1412 3680 12
1798 1375 16
2936 1420 16
275 1500 16
1500 5993 8
5993 9706 2
9706 7257 5
9706 7817 6
7817 3291 6
7817 9123 9
9123 1706 11
1706 6292 6
9123 7542 13
7542 887 5
887 8562 2
7817 5456 15
144 1633 16
1633 7823 3
1633 7705 8
7705 7845 1
7705 3181 4
7845 6571 7
3181 9789 7
9789 8650 2
7705 1668 10
1668 5829 7
7705 3773 10
3773 9857 2
3773 5518 4
9789 3002 13
1668 619 14
619 2162 9
7823 637 14
1409 1634 16
1634 3617 9
3617 3035 4
3617 2519 8
3035 9440 9
9440 5455 2
9440 9523 3
9523 8208 8
9440 5246 13
5246 2464 1
2464 4173 7
4173 4936 5
4173 7585 7
7585 3393 9
7585 7762 9
7762 1855 11
8208 7196 13
2376 1683 16
1153 1773 16
1773 1874 12
3497 1797 16
1797 7491 1
551 1808 16
1808 4261 15
4261 9407 8
147 1864 16
1864 8247 13
8247 3257 4
1864 4676 14
6696 1884 16
1884 9033 3
1884 9708 3
9708 4462 6
7348 1887 16
1887 2058 5
2058 6863 5
1887 3431 9
2058 5757 12
5757 2969 1
5757 3562 8
3562 4198 7
4198 5270 1
4198 3219 7
3562 5502 9
4198 1601 10
4198 401 13
3562 2431 13
2431 6562 5
6562 876 12
3978 1911 16
1911 4615 2
4615 8501 14
8501 9884 13
9884 633 3
1911 1544 16
1544 5219 13
5219 6998 9
6998 3127 2
6998 6888 3
6998 2217 6
6888 8059 11
6888 6057 15
1039 1920 16
5127 1952 16
2063 2043 16
2043 2457 14
2457 5471 7
2457 9022 7
5471 6449 10
6449 4878 10
4878 6092 11
6449 245 13
5974 2078 16
2078 9654 8
9654 1179 10
1179 820 14
820 5928 11
820 9247 12
9247 9744 7
9744 3728 7
3728 3559 5
139 2107 16
9901 2188 16
2188 2923 2
2923 4280 11
2923 1788 15
1788 4146 2
9809 2221 16
2077 2234 16
2234 3965 1
2234 6508 13
2133 2249 16
2249 3825 4
2249 731 13
731 5792 9
5792 3414 12
3414 9863 3
8151 2259 16
4676 2366 16
2366 1053 4
9999 2369 16
2369 2439 3
2439 9938 12
9938 1046 3
1046 257 8
9938 4998 8
5346 2383 16
2383 4543 10
2383 4191 11
4191 3823 4
3823 6443 3
4191 9391 4
4191 2556 10
3823 8740 13
6443 1446 14
1446 1172 3
1172 2649 9
4543 9623 14
9623 6032 12
1172 3001 15
2556 779 16
7321 2386 16
2386 9977 4
2386 3778 8
9977 2460 14
576 2487 16
2487 735 15
735 4081 2
8196 2583 16
2583 8653 12
8653 3054 7
8653 9453 13
8344 2636 16
1541 2694 16
2246 2773 16
2773 9874 1
9874 344 5
344 210 8
9874 306 8
9874 2084 9
2084 4820 3
2084 1140 9
1140 9698 1
1140 4736 4
9698 8310 4
306 453 10
4820 7297 10
1140 2595 11
2773 7325 11
210 267 12
267 9341 13
306 3275 14
3275 8406 9
3709 2881 16
1507 3078 16
3078 1931 5
1931 199 7
1931 6261 10
914 3103 16
3103 3652 8
3103 9272 10
1461 3122 16
7521 3149 16
9474 3191 16
3191 7023 4
7023 8076 7
8076 7937 7
1592 3234 16
3234 1168 6
1882 3263 16
6132 3274 16
1156 3310 16
9857 3316 16
9835 3339 16
3339 2030 1
8849 3389 16
3389 572 10
1548 3448 16
3448 1756 14
1756 4008 4
4008 9635 2
9635 4077 4
9635 6183 11
6183 6733 4
6733 5258 1
5258 166 8
166 5683 2
6183 8259 11
8259 7622 2
8259 8234 8
6183 9808 12
1756 5992 14
166 1373 15
1373 6633 6
6633 2501 4
1756 2934 15
4008 3023 15
3023 2698 3
3023 5855 3
2698 8347 6
8347 4210 1
4210 8442 1
8442 9045 6
9045 3156 1
3156 1991 1
3156 8860 6
3023 8273 7
2698 3465 9
4210 3387 12
3387 2392 2
3387 7447 2
7447 2218 9
2698 6595 13
6595 1933 5
1933 7337 7
7337 7871 8
1933 9263 8
6595 5607 10
5607 8573 5
5607 6988 6
8573 1237 9
1237 6471 6
8347 7173 13
2392 9295 13
1933 738 14
2392 3030 14
3030 4333 7
4333 8758 8
8758 5590 11
4333 8729 13
8729 247 1
8729 6549 8
6549 2252 9
6549 3606 9
3606 4049 9
3465 9416 15
674 3474 16
3474 8228 14
1360 3479 16
3479 7771 8
2149 3584 16
3584 149 8
149 6821 11
6821 4732 8
9963 3595 16
6433 3623 16
3623 3490 4
6922 3632 16
3632 6968 4
6968 1515 3
6968 9607 11
9607 6250 13
6250 9046 6
6250 1527 15
6801 3640 16
689 3920 16
3920 3353 3
3353 1457 7
3920 7025 12
2408 3939 16
3939 3381 12
3381 5347 5
5347 2663 14
2663 5586 4
5586 4755 12
4755 1587 12
1587 1175 2
1175 2170 16
4062 3949 16
3949 8065 1
8065 3113 10
3113 2225 10
2225 7789 5
7789 9610 7
7789 4235 12
4235 670 9
670 5576 2
670 2200 12
2200 1557 1
2200 5700 12
3113 9888 12
9610 1758 15
1758 4583 8
4583 2925 13
2925 8732 5
5700 4089 15
4089 1894 14
4089 5017 14
5017 7714 1
5017 5611 3
7714 1938 9
1938 474 13
1938 7736 13
5017 5125 14
9921 4004 16
7817 4013 16
4013 769 15
769 7687 1
7687 3171 9
3171 3727 10
3171 2787 12
3727 4709 13
2787 976 15
976 3433 6
3433 7470 11
7470 9987 13
7470 1690 15
769 2907 15
2907 1830 4
1830 1555 2
2907 9314 12
9314 354 1
9314 5845 7
5845 385 5
354 418 9
418 606 9
606 433 14
4709 6355 15
6355 7171 10
9987 7272 15
433 2289 16
2289 7111 1
2289 9488 12
2448 4054 16
4054 6281 7
4054 9801 10
9320 4111 16
4111 7461 8
9189 4130 16
9032 4285 16
8444 4290 16
4290 9538 6
2918 4302 16
4302 5772 6
5822 4447 16
4447 4056 7
4056 58 9
4056 6639 9
4056 382 10
6639 3487 15
58 7864 15
7864 4444 8
4444 9155 11
2675 4468 16
8268 4544 16
4544 4514 10
4514 9282 13
3754 4574 16
4574 8214 5
1355 4593 16
4593 6064 7
6064 8312 5
6064 6917 9
4593 8851 10
8851 4044 4
4044 3330 1
3330 9353 1
9353 9021 9
9021 9669 4
6917 7618 12
3330 7535 15
7535 273 1
7535 9542 10
9542 6675 4
6675 408 16
408 1177 10
1177 8544 9
8544 5043 2
1177 3566 11
1177 744 15
3339 4623 16
7360 4694 16
4694 3072 2
3072 1731 10
1731 7798 5
7798 6081 5
7798 8269 10
3072 6655 11
6655 2996 6
1731 1038 12
1038 2330 1
6655 8086 12
8086 2678 2
8086 1497 6
1497 7929 11
8086 6604 14
6604 9773 1
6604 3024 4
6604 9310 6
9310 7735 2
6604 5307 10
5307 224 5
6604 33 12
33 23 3
33 1652 3
23 2411 4
2411 4259 1
2411 9794 8
224 9029 13
9029 1078 6
1078 4092 5
1078 6207 5
1078 8703 5
4092 1171 7
4092 4561 7
4092 6021 7
6021 6451 2
4561 1340 11
1340 7838 1
4092 3803 12
3803 8 7
8 24 5
24 3311 6
3803 9330 12
9330 3810 8
3810 8999 6
1171 6231 14
1340 301 15
301 882 10
7798 2847 15
2847 2054 3
2054 2256 3
2256 542 11
542 1364 5
2054 6148 14
6148 979 10
979 1988 2
6148 3335 11
979 3099 16
2996 3162 16
3162 5499 3
4185 4771 16
4771 2738 9
4771 3973 11
3973 3932 14
3932 2604 2
3932 2554 10
2738 3246 15
3246 4727 13
4727 1645 2
4727 3438 2
3438 6506 6
6506 5901 2
5901 3862 7
3862 5132 11
1645 967 15
967 8191 3
8191 4555 7
8191 6220 7
967 9978 11
967 1224 14
2554 2852 16
8238 4777 16
4777 8218 9
1741 4971 16
4675 5075 16
19 5235 16
5235 3685 1
5235 313 16
313 248 8
6670 5259 16
5802 5263 16
1317 5272 16
5272 8780 9
8780 4496 9
8780 1806 11
1806 4091 8
1806 953 9
953 1267 5
1267 741 16
741 2413 12
1170 5276 16
5276 7098 13
7098 5448 1
7098 6973 12
6110 5331 16
5331 2296 11
2296 2703 13
5405 5434 16
5434 9220 11
9220 8884 3
5434 7317 14
7317 821 10
821 8058 4
8058 5240 5
821 2976 9
2976 952 9
952 1666 3
1666 7670 9
7670 6066 1
6066 3587 1
6066 7087 7
6066 7347 9
7087 5071 16
2879 5453 16
330 5538 16
4953 5617 16
5617 9832 1
62 5671 16
5671 1348 10
8544 5746 16
2715 5811 16
6158 5911 16
5911 6674 5
6674 268 9
9046 5958 16
5958 6136 12
6136 3545 11
3545 7704 3
7704 4894 7
3545 2387 9
4894 3858 9
3858 9305 6
368 6141 16
4074 6190 16
6190 6326 14
4475 6219 16
9123 6229 16
1050 6256 16
8081 6334 16
6334 2565 10
110 6372 16
8701 6395 16
9085 6584 16
6584 3357 1
6584 9347 3
6584 2546 13
5461 6612 16
6612 3233 5
2991 6671 16
8771 6672 16
6672 6234 14
4992 6673 16
6673 1182 16
6633 6688 16
951 6708 16
509 6718 16
599 6727 16
6727 954 3
2413 6738 16
6738 6097 7
4282 6847 16
6847 6851 11
9047 6923 16
6923 2537 7
2537 2015 7
2015 9193 7
2537 9739 13
5279 6954 16
6954 9198 2
6500 7215 16
7215 8648 6
8648 4288 1
4288 2709 3
8648 1781 10
1781 1593 1
1781 2964 1
1593 3100 5
1593 2023 8
4288 9430 13
2964 8338 14
8338 5604 1
5604 5806 10
5806 1657 1
1657 6370 2
6370 662 9
5604 2437 12
8338 7839 14
7839 5281 1
7839 7650 10
7650 6222 12
6222 5940 6
2709 8632 14
8632 5248 7
2179 7221 16
1811 7239 16
7239 7354 12
7354 2209 12
2209 3111 6
3111 8666 5
8666 7334 3
7334 2619 3
2619 9608 2
9608 4087 2
2619 8316 6
4087 100 7
2619 3270 7
3270 1027 6
7334 8625 9
1233 7256 16
4220 7478 16
7478 4734 4
1230 7489 16
3257 7527 16
3232 7623 16
7623 2135 8
1733 7627 16
5563 7698 16
6577 7787 16
7787 4827 6
1575 7940 16
7940 696 7
696 8022 8
696 1818 9
7940 4172 9
4172 5529 5
4172 5783 7
5783 1408 2
8022 4227 9
696 9532 13
2440 7956 16
7956 5296 7
5296 6396 8
6396 9640 11
9640 3319 5
3304 8138 16
2881 8189 16
7700 8441 16
5305 8469 16
8469 8097 14
8097 6766 13
5324 8496 16
1211 8503 16
5513 8527 16
8527 5440 6
5440 4162 9
4162 701 6
701 4138 4
8527 7965 9
4162 8742 9
5440 5661 11
4162 6069 14
3532 8606 16
8606 7875 2
7875 6295 4
8606 3674 6
7875 930 13
6631 8705 16
85 8743 16
7275 8789 16
8789 8997 11
8997 5422 3
8789 1301 12
5422 7805 16
7805 1219 14
4865 8800 16
8800 6356 11
6356 2533 3
6356 577 12
577 971 2
971 3938 4
3938 3225 3
971 2255 14
2533 2340 14
2340 5202 2
2340 7306 4
7306 7439 9
3225 7247 14
7247 4519 14
4519 9318 11
2255 1915 15
8800 7330 16
5259 8823 16
8823 1341 6
1341 1353 4
1353 4788 10
4788 5910 6
4788 3705 11
3705 5146 2
5146 8143 7
8823 4635 13
4635 5285 4
3705 6723 16
6723 4757 12
4757 6985 13
4635 7458 16
6277 8863 16
302 8932 16
8932 723 3
723 8301 9
723 3654 12
3389 8952 16
8952 5007 4
1004 9065 16
9065 1362 2
7046 9158 16
9158 54 3
54 448 2
448 8836 3
8836 3897 8
448 3927 12
3927 1385 3
1385 1226 3
1226 9067 3
448 1114 16
1114 2822 3
2822 9742 6
9742 2602 6
9742 9497 10
9497 1143 11
9497 2024 11
6353 9169 16
7769 9185 16
3357 9191 16
9075 9260 16
9606 9357 16
258 9359 16
5607 9505 16
4885 9586 16
9586 5526 10
5526 2169 7
5526 8133 8
5526 1483 9
1483 6949 3
1483 4149 6
6949 8148 9
5526 9390 9
76 9590 16
5202 9626 16
6026 9678 16
9678 4372 6
4372 6814 7
9678 1490 14
9678 7935 14
7935 897 12
897 8511 4
8511 1107 5
8511 7963 8
7963 598 5
598 9354 2
7935 6734 12
6734 380 13
5364 9725 16
3505 9783 16
7765 9793 16
9793 6850 6
6850 8515 1
2703 9797 16
9797 8353 8
8353 3174 1
8353 736 4
736 7134 9
9797 7456 14
736 8675 16
7704 9836 16
2138 9843 16
9843 5004 6
9843 2856 12
5004 4748 15
4748 4627 11
4627 8790 3
3564 9916 16
9916 8437 2
9916 9520 4
8437 5528 6
9520 3669 14
2116 9927 16
9927 3645 3
3645 1873 13
1873 8907 2
8907 4937 14
4937 7294 4
9927 3853 16
9139 12 17
12 8698 1
8698 7274 9
12 602 11
602 3503 11
3503 7123 3
7274 3881 11
3881 4807 6
7274 6996 12
6996 5565 6
6996 6327 11
12 233 13
3503 7510 16
7510 1209 2
1209 3486 1
1209 7249 4
931 129 17
129 2029 2
129 5278 8
252 173 17
173 655 2
655 4923 5
4923 4706 1
4706 6470 1
6470 217 2
173 634 6
217 4076 8
4076 5321 4
217 504 9
504 7185 4
4706 4382 11
729 222 17
222 5417 14
218 232 17
232 3411 4
3411 6043 8
1617 348 17
455 375 17
3579 405 17
405 2468 12
184 406 17
406 8277 8
8277 2940 10
2940 7990 4
2940 1800 15
849 422 17
4821 452 17
452 370 3
452 5857 3
370 290 4
370 4546 9
4546 2869 6
5857 3003 10
3003 8935 1
4546 189 11
8935 3276 11
2869 5690 13
5690 8854 7
8935 6494 15
6494 5338 6
8854 8549 15
8549 4956 6
1966 463 17
463 4430 15
661 514 17
5090 552 17
552 1667 14
1667 3467 3
1667 1296 11
140 574 17
7827 621 17
400 644 17
644 1903 2
1903 2992 2
926 709 17
709 2648 5
709 6857 15
6261 766 17
7999 795 17
795 271 8
271 180 12
1347 899 17
899 8965 11
1952 919 17
919 6337 5
6337 2108 8
2108 9860 9
2809 933 17
9646 1097 17
5032 1118 17
1118 1760 9
1760 5599 1
1760 2393 12
1118 3356 13
3356 9816 3
3356 332 12
332 4847 7
332 123 11
4847 8782 12
123 256 15
1118 6628 15
2738 1146 17
7694 1158 17
1158 1558 7
1558 3800 1
3406 1183 17
9785 1202 17
6949 1250 17
1250 163 6
8856 1260 17
1260 6813 2
6813 4587 5
1260 8332 9
8332 3012 7
2681 1280 17
1280 1577 12
1577 7589 15
7589 6698 3
6698 3824 11
3824 2434 16
2434 8600 16
1095 1324 17
1324 8956 8
1324 1813 10
1813 1937 5
1813 6538 5
6538 5684 8
6538 5826 8
5826 6852 2
6852 7480 8
6852 480 9
480 3609 8
3609 3449 2
480 2469 9
7480 3075 11
8956 1891 14
1891 434 1
1937 4236 15
4236 9663 7
4236 904 8
5826 3092 16
480 4942 16
2837 1328 17
7231 1343 17
1343 743 8
743 1595 15
4910 1376 17
1376 1648 1
1648 6697 6
4633 1397 17
1010 1419 17
1419 1423 12
1419 5304 13
1423 8481 14
8481 6736 9
1036 1467 17
4726 1672 17
668 1742 17
1742 2557 4
1742 2657 4
2557 1290 9
2557 1333 12
1333 432 1
432 68 9
68 13 6
13 564 9
564 3183 7
564 7095 10
1290 5172 12
1333 3342 14
1957 1786 17
1786 360 8
360 6212 5
4555 1790 17
1790 5636 5
444 1803 17
1803 3288 3
3288 866 5
3288 5450 9
3288 2562 12
3288 3625 13
1803 4918 13
866 672 16
672 9555 12
672 3608 15
82 1878 17
1878 5639 1
1878 6410 4
6410 4499 1
4499 6860 3
6410 6111 8
6111 4436 1
4436 1262 7
4499 5907 9
6111 1045 12
4436 999 13
1262 9951 14
9951 3873 15
3393 1907 17
1907 753 16
8558 1909 17
1909 9817 4
1988 2001 17
2001 2954 4
2001 6159 5
3721 2026 17
2026 799 7
799 8205 13
8205 9397 11
9397 3163 10
3163 7205 10
8205 3242 14
3242 6541 2
3242 6119 10
799 206 16
206 2877 4
2877 3695 4
206 5691 6
5691 5625 2
5691 7125 6
206 9080 6
5691 3953 9
3953 7150 8
2877 1538 11
1538 4870 2
3695 5716 13
3695 7242 14
7205 4872 16
206 1184 17
1184 1819 16
1819 7500 1
1819 5561 2
7500 7586 15
933 2119 17
2119 9679 1
2119 8193 12
2418 2148 17
1593 2187 17
2187 5050 7
4140 2194 17
2194 3524 15
3524 4048 12
4048 4490 13
4490 2347 6
2347 8833 4
4490 4933 8
4048 5926 15
5926 3759 12
3759 7200 11
7200 3265 4
5926 3007 14
3007 2269 9
4490 6279 15
1490 2450 17
8389 2456 17
2456 9595 9
9595 4978 3
9595 396 4
9595 7452 5
9595 863 13
390 2465 17
4410 2503 17
2503 762 11
2503 3832 14
3832 8158 14
3405 2697 17
2697 442 6
442 8520 16
1490 2710 17
3681 2754 17
2754 3050 4
2118 2855 17
5931 2997 17
2997 8944 1
8944 4797 14
4797 4802 7
4797 5675 14
5675 9253 7
5675 2481 8
9253 7559 9
2481 3933 13
333 3014 17
9878 3043 17
7784 3093 17
1731 3112 17
8358 3114 17
2148 3124 17
3124 880 5
880 9995 15
3857 3302 17
1282 3383 17
9851 3385 17
3385 5848 6
5848 3925 1
3385 7962 14
7962 7073 8
7073 1127 17
1127 4826 5
547 3525 17
3525 477 12
4757 3527 17
3527 9482 9
9482 7112 9
7112 1713 13
7112 2155 17
2155 941 10
941 2999 11
2155 6740 15
6740 5365 5
5365 1073 15
1073 4591 1
1073 6649 12
9978 3628 17
1510 3742 17
3742 4219 12
1146 3809 17
3809 3755 4
3755 2939 1
3755 8132 16
8132 4949 1
4949 7426 9
8132 6505 10
5043 3908 17
5915 3937 17
2738 4021 17
3307 4232 17
3966 4238 17
9816 4239 17
4239 4101 16
4101 9491 5
4101 3943 7
9491 5979 15
5979 9240 4
5979 4925 11
4925 2944 16
2944 4143 9
3943 4279 16
2944 6379 16
6379 6575 7
6575 5443 2
6379 3423 11
6379 6881 15
6604 4375 17
8558 4497 17
4302 4572 17
4572 8959 16
8959 2795 1
8959 3281 2
8959 9892 14
9892 9245 5
2795 9961 15
9961 5648 16
9245 8892 16
5338 4690 17
4690 1682 10
7607 4720 17
8750 4741 17
4741 67 10
4741 8681 15
2146 4767 17
4767 8595 7
8595 3427 3
3427 9583 2
3427 5378 3
5378 3137 1
9583 2312 4
3452 4790 17
4790 9426 12
1718 4928 17
9319 5015 17
5127 5020 17
5020 4851 8
2939 5137 17
6580 5187 17
1944 5237 17
4819 5280 17
4234 5290 17
5290 372 2
5290 6192 10
6192 5005 10
372 8619 10
5005 4795 12
5290 4237 13
5005 3453 16
5290 4228 16
4228 6519 9
6519 7651 4
7651 2247 7
7651 4995 9
4995 6051 3
6051 1559 9
1559 3982 1
8619 6482 16
6482 9840 3
6192 8319 16
8319 1287 10
1287 7032 1
1287 40 2
40 8990 5
1287 124 7
124 9528 2
40 2379 7
8319 3097 12
3097 1828 12
1828 6880 6
7032 834 15
834 365 17
1559 3207 17
3243 5412 17
6700 5429 17
3949 5437 17
5437 6166 7
5437 7216 11
7216 4770 6
4770 1499 14
7216 4702 15
4702 2341 2
2341 4700 4
4702 6310 5
4700 7243 5
4702 1344 12
1344 1820 8
6310 7530 12
7243 4551 13
1820 9920 16
9197 5472 17
5472 1028 8
1028 8852 1
1028 5128 7
1028 534 12
534 120 13
120 4246 14
4246 6588 2
7896 5482 17
5482 1161 10
1161 381 9
5482 3839 11
3839 7445 2
1161 7410 12
7410 8063 7
3839 6301 14
6301 8542 7
4894 5668 17
5668 9568 5
9568 7118 7
7118 5966 8
5966 5510 7
5510 9932 9
9932 1740 11
5510 2085 11
2085 9550 4
8311 5725 17
8201 5776 17
5776 8591 1
8591 4017 16
7129 5832 17
788 5844 17
6363 5924 17
342 6033 17
2689 6038 17
6478 6090 17
6090 4536 17
8503 6174 17
3658 6177 17
2714 6214 17
6214 2508 11
6214 1265 16
1265 2385 7
2385 2337 2
2337 6780 8
2385 3814 14
6780 8715 15
2337 2514 16
4842 6242 17
6242 6951 6
6242 4589 13
770 6305 17
6305 7980 3
6305 9421 4
9421 6321 6
6321 2756 3
2756 9902 1
9902 3202 2
9902 9979 4
9979 6415 15
9979 6940 15
7980 8460 15
4676 6316 17
357 6324 17
6324 852 2
852 2942 8
2942 4520 5
4520 7684 7
7684 3819 5
7684 903 12
852 6120 14
852 5990 17
5990 858 3
858 5486 17
5486 490 17
490 278 8
490 1235 12
1235 97 9
97 195 10
97 987 13
1235 801 15
801 1430 13
1430 3770 7
3770 5419 4
5419 5445 6
5419 5743 11
1430 5229 16
189 6360 17
6360 7606 15
5051 6409 17
8031 6590 17
6590 235 16
7568 6594 17
6310 6599 17
555 6600 17
67 6603 17
2503 6664 17
3461 6677 17
4499 6725 17
6725 9650 2
9650 2282 11
2282 6215 1
2282 3923 7
3923 6800 2
2689 6805 17
4317 6884 17
6884 2395 16
2395 1941 17
1941 2887 17
1168 6907 17
9445 7042 17
1511 7045 17
7045 8925 14
7045 2260 15
2260 3371 17
8916 7079 17
9430 7145 17
7145 2815 7
2815 665 6
665 6566 6
7145 2762 12
7079 7147 17
7147 9976 3
9659 7164 17
3454 7208 17
7208 3152 11
3152 5185 1
3152 428 16
428 1329 11
2517 7228 17
9341 7244 17
4707 7292 17
4847 7308 17
7308 1475 11
7672 7390 17
4602 7483 17
1407 7539 17
7714 7619 17
6639 7665 17
7665 7628 2
7665 2253 3
2253 5570 6
2021 7666 17
7549 7707 17
7707 761 4
761 3924 6
3924 1888 15
1888 1131 3
1888 3463 4
1888 6146 13
4018 7760 17
5784 7778 17
7778 3069 13
5447 7889 17
7889 4756 5
5413 7927 17
6397 7945 17
7945 8421 2
7397 8018 17
6324 8041 17
7245 8088 17
8088 1514 6
1514 2922 3
8088 8393 6
8088 3783 7
3783 9278 5
2922 1299 8
1299 8486 8
8393 9127 8
1299 1769 9
1769 4539 3
8486 2310 11
2310 4147 12
4539 533 13
3783 2771 14
2771 8923 15
1769 2377 16
2377 4687 9
2922 4603 16
4603 5423 12
5423 5544 1
5544 7069 7
5544 3147 11
3147 890 8
890 4493 7
4493 573 2
3147 7814 9
7814 6230 9
7069 4479 15
4479 3663 16
3663 6137 3
2377 6115 16
3663 3718 17
8760 8101 17
241 8154 17
8154 9937 10
6081 8352 17
2517 8450 17
8450 4733 9
8450 497 13
497 916 1
5992 8465 17
8465 6024 5
6825 8495 17
8495 1546 14
1546 2092 5
2092 7723 8
8997 8517 17
8517 6882 9
6882 5069 13
1344 8526 17
8526 4299 9
4299 2984 3
2984 6579 10
989 8596 17
8117 8611 17
3732 8654 17
8654 3660 16
3660 8144 14
8654 7997 17
3503 8766 17
8766 437 4
437 7677 1
426 8811 17
8811 7800 2
8811 7636 6
7636 8384 3
8384 7194 8
7636 9834 14
8384 3613 17
747 8873 17
8873 5569 1
5569 8979 7
8979 2266 8
2266 790 4
790 5539 7
2266 4180 8
5569 3268 14
2266 4769 14
5539 3797 16
8873 5336 16
5336 5158 8
5158 6457 6
6457 6618 5
5539 5719 17
5719 2436 12
7821 8877 17
6772 8913 17
8913 2763 16
7552 8969 17
820 9089 17
9884 9156 17
1803 9186 17
9186 5536 10
5536 9727 5
9186 4383 11
4383 1964 5
1964 1611 9
1611 5191 16
9189 9306 17
7365 9382 17
5147 9422 17
9422 3468 8
7778 9483 17
3024 9577 17
9577 7328 3
9577 7914 5
7914 4399 7
7328 251 9
251 438 10
438 9429 15
941 9629 17
9629 2314 1
2314 2779 14
2779 636 8
636 9126 3
636 5091 12
169 9662 17
8713 9721 17
4802 9726 17
2081 9771 17
9771 8129 14
9771 7562 17
560 9881 17
9881 6646 16
6646 7943 12
5 2 18
2 2230 1
2 22 6
22 2990 1
22 274 4
22 5750 5
22 1564 6
1564 8930 7
1564 9735 9
8930 7994 12
274 4003 13
5750 7034 13
5484 41 18
41 1014 11
41 883 14
883 947 3
61 42 18
42 3697 15
3697 2592 17
2592 5342 3
5342 2397 1
2397 5524 7
5524 8098 8
8098 946 11
8098 4515 12
4515 7441 2
4515 2317 3
7441 7989 3
7989 6883 5
6883 4396 10
2317 6430 10
7989 7033 11
7033 6950 3
6950 5232 4
7441 3588 12
3588 612 7
612 6485 7
6485 1812 8
4396 4743 12
4743 4368 14
4368 5640 1
4368 2394 12
5640 7224 12
2592 9619 14
9619 5680 1
9619 2853 9
2853 2901 10
2901 5060 10
6430 9798 16
5060 3164 17
3164 7448 7
3164 7911 13
7911 3790 3
3790 3409 4
3409 9670 7
9670 5384 4
9670 3168 8
9670 6764 11
6950 3425 17
3425 255 8
3168 6223 17
9798 6528 17
6528 4670 2
6528 6976 2
7989 9277 17
9277 2130 12
2011 44 18
1003 111 18
1010 122 18
122 83 4
83 143 2
143 5920 13
5990 131 18
131 481 5
131 391 8
391 5813 13
5813 5808 9
5808 5571 16
5571 8155 4
8155 6591 2
8155 7598 7
7598 7633 4
7633 3511 2
6591 8809 8
8155 9393 8
6591 9681 13
9681 7190 16
9681 2272 17
1735 150 18
150 117 11
117 5938 14
6505 186 18
186 4152 14
186 664 16
664 1999 15
1999 9002 2
1999 3258 11
1999 3615 17
665 315 18
9540 377 18
377 198 8
377 1357 16
8836 458 18
458 2802 2
2802 9743 4
458 8402 12
7175 472 18
472 138 1
138 6932 5
6932 4672 9
6419 494 18
494 356 9
356 9394 12
356 975 14
975 7985 4
7985 413 11
413 7163 1
413 1699 10
1699 5894 11
4660 758 18
758 814 8
758 4339 15
979 839 18
1401 841 18
171 915 18
3783 937 18
937 2053 4
2053 1677 6
937 1064 16
1064 2586 1
2586 6298 8
2586 7793 13
7271 972 18
972 5702 9
5702 5948 13
5702 7343 13
7343 7072 8
4198 984 18
984 8467 8
8467 6953 10
984 9580 14
1039 1000 18
1000 9747 15
6207 1026 18
7082 1126 18
1126 586 5
586 4799 11
586 5986 14
5986 7011 6
7011 9091 12
9742 1141 18
5446 1216 18
1216 4072 9
9359 1312 18
5411 1313 18
1313 8612 15
8612 745 10
1313 9283 15
1313 1245 17
1245 4295 9
4295 1681 1
1681 600 3
1681 2774 3
600 5947 6
600 540 11
4295 4064 14
4295 2290 15
2290 3785 1
2290 5731 1
5731 9695 1
3785 4325 3
4325 2038 2
4325 8791 4
2290 918 5
8791 4849 7
4849 7903 2
5731 9997 8
9997 2611 9
3785 8634 9
8634 7528 14
7528 2320 3
2290 5593 15
5593 2757 12
2757 6898 6
1036 1316 18
1316 7982 3
1316 8821 3
7478 1339 18
1339 1746 12
1746 3403 4
3403 2988 5
863 1359 18
1359 8592 5
1359 3151 7
3151 8491 15
8491 6544 14
1977 1380 18
7224 1398 18
1398 3976 1
2260 1406 18
564 1501 18
7251 1509 18
1509 816 3
1509 8229 4
8124 1556 18
2672 1655 18
9312 1724 18
605 1762 18
2027 1787 18
2217 1872 18
3207 1901 18
3181 2109 18
7044 2117 18
4655 2151 18
7705 2173 18
2173 2980 8
2980 4586 5
4586 6260 1
4586 638 4
638 9672 5
2173 4217 12
2173 3636 14
3636 4654 1
3636 3084 2
3636 145 5
145 1484 4
4654 3768 7
145 5288 14
1484 6499 17
5529 2212 18
2212 2903 3
2212 5537 3
5537 5956 15
2212 659 18
659 9211 2
659 2328 6
2328 2650 9
9211 7460 10
7460 9685 7
9685 8435 12
8435 2567 4
2567 6375 8
8435 657 17
657 93 7
93 1924 9
2567 1258 18
1258 8989 13
8989 8846 9
8989 6717 11
6717 6518 13
289 2277 18
2277 3370 11
104 2302 18
9199 2362 18
677 2378 18
2378 6894 17
6894 5262 12
5262 3984 6
5964 2410 18
6723 2425 18
2425 2525 4
9380 2441 18
2441 9254 4
9254 5504 6
5504 2579 3
2579 2621 4
2621 5618 6
5618 5665 4
5665 958 3
5504 2471 7
2621 922 9
5618 3148 9
3148 9343 5
5618 5014 11
5618 5875 15
5875 3761 8
3761 6995 7
3761 8768 14
8768 8670 6
3761 5622 15
958 1679 16
9254 6638 16
922 8574 16
5875 9023 16
9023 9858 2
2471 7089 17
3148 7152 17
8768 1442 18
1442 5166 3
5166 9144 3
2292 2497 18
3000 2531 18
900 2584 18
9798 2669 18
7121 2782 18
2648 2805 18
6330 2848 18
4060 2871 18
2871 4843 17
4843 265 16
4843 7602 16
7602 5173 14
7602 4963 15
4843 3787 17
3787 8568 1
3787 4023 6
4023 3805 4
3805 8921 5
3805 4418 7
3787 8893 7
8893 8518 2
8518 7372 4
8921 6962 9
8921 4397 10
8568 4105 11
8518 5572 12
4023 2429 13
2429 7206 16
3805 4116 17
4116 6012 7
4116 2098 14
4559 2897 18
6826 2915 18
3523 2968 18
1944 3034 18
3034 4260 11
4260 1169 13
1169 7960 8
6985 3060 18
3060 2793 5
1803 3066 18
3066 6602 14
742 3083 18
3083 2661 3
2661 4822 8
4822 277 8
277 449 11
4214 3145 18
8040 3220 18
3220 4338 8
7838 3241 18
3241 7738 16
3487 3290 18
1526 3295 18
1637 3354 18
3948 3494 18
3494 7392 2
2831 3540 18
1545 3555 18
3555 663 14
663 5899 5
663 4782 6
2258 3557 18
2062 3594 18
5546 3600 18
3600 1809 16
720 3637 18
3484 3664 18
1838 3676 18
1080 3735 18
8132 3796 18
3796 3977 4
6772 3855 18
7457 3875 18
7844 3983 18
1635 3994 18
5898 4000 18
4000 9904 7
8291 4030 18
3603 4073 18
9834 4113 18
8802 4128 18
2180 4171 18
4171 2868 2
2868 2321 16
2321 2814 15
4655 4182 18
5198 4287 18
4287 2270 5
2270 3764 1
2270 5968 12
186 4308 18
4308 1992 16
3724 4314 18
4314 8731 16
5020 4322 18
1797 4327 18
4327 8020 9
4327 5387 10
6276 4373 18
4373 3690 14
4795 4424 18
2738 4432 18
6738 4437 18
4437 1369 1
1369 7685 6
1064 4458 18
4458 4401 3
4401 5220 12
4401 7591 16
7872 4498 18
7545 4504 18
4504 9256 12
2429 4528 18
6040 4532 18
1474 4568 18
4568 1321 9
4568 6729 16
6729 595 11
595 3999 17
595 3313 18
6943 4622 18
4622 3912 16
3912 7406 3
3596 4626 18
4626 5810 17
3261 4697 18
9990 4701 18
4701 3074 8
3074 8169 3
5537 4768 18
4768 3277 1
3277 2708 13
2708 1879 14
1879 2203 1
2203 5326 9
6911 4791 18
4791 1621 2
4791 548 5
548 2112 1
548 1056 12
1876 4824 18
4337 4845 18
4845 9162 9
9162 4712 17
7445 4900 18
1003 4989 18
4989 1272 5
4789 5030 18
4241 5035 18
1478 5042 18
7823 5066 18
5066 3443 16
3443 6842 6
6842 842 10
842 294 1
294 2874 4
2874 4577 2
2874 2534 3
842 5138 7
2534 2705 14
6842 8586 16
1003 5067 18
5067 7192 17
7192 3892 11
3892 5547 1
5547 9000 9
7192 8948 14
7192 1846 15
7192 8349 16
8948 1154 17
1154 8013 5
8013 8372 3
8372 9535 2
7662 5109 18
1014 5180 18
7189 5192 18
5192 4535 3
4535 888 1
5276 5316 18
9773 5362 18
5362 379 18
405 5382 18
3112 5408 18
5408 5156 6
5156 8853 9
8853 8941 9
8941 1190 5
5156 691 14
691 9165 6
5408 5723 14
5408 4598 17
9165 2299 18
2299 6986 2
6986 3341 8
9156 5410 18
1289 5435 18
5435 9815 7
5435 5063 9
3530 5580 18
5580 2895 15
2895 3672 3
3672 9887 11
6133 5615 18
76 5638 18
5638 6624 15
1939 5677 18
3732 5769 18
5769 9948 1
5769 5352 6
9948 4351 7
4351 2960 3
5769 7538 17
7538 9988 5
1723 5796 18
2124 5824 18
6660 5961 18
5961 532 14
532 1523 2
5442 6070 18
6070 2861 6
6009 6091 18
3059 6181 18
8417 6227 18
6227 6160 4
6227 6788 11
139 6300 18
3743 6335 18
624 6418 18
6418 1885 5
3487 6462 18
6462 6720 6
267 6622 18
9296 6679 18
5942 6683 18
3423 6710 18
6710 443 6
443 6895 14
2669 6965 18
1321 6967 18
3563 6984 18
1633 7018 18
7018 7876 15
7876 2571 8
2571 8043 6
8043 9049 3
9049 9174 8
9174 5674 11
7876 5023 13
2571 2308 15
2880 7061 18
7061 7572 12
7572 9475 9
9475 3254 7
7453 7071 18
7071 9221 14
2425 7223 18
1002 7285 18
7285 3849 2
3849 5165 6
7285 5414 13
5414 5969 11
5414 7565 12
7285 3267 14
5969 8219 14
1947 7555 18
7555 1743 5
3596 7578 18
7578 6357 17
5502 7592 18
7592 559 15
559 456 10
456 5554 13
2173 7696 18
4504 7725 18
6233 7746 18
7746 2741 4
2741 2668 9
2668 5613 7
7746 9862 9
9862 970 6
970 1472 7
9862 6039 7
6039 6515 6
2741 6891 11
6039 9596 13
9596 6707 1
6707 3116 1
9596 6037 14
6707 7020 14
9862 8047 14
2741 9417 15
7020 4557 16
4557 8398 9
8398 601 17
601 6053 8
6053 8262 15
8262 3377 2
970 8333 17
902 7753 18
2687 7767 18
5872 7799 18
1920 7852 18
9793 7853 18
7853 5444 11
5444 7075 18
7075 7904 10
7075 925 17
925 526 15
3040 7984 18
7984 5168 7
5225 7998 18
7998 8251 8
8251 3882 7
9593 8029 18
8029 2360 2
6121 8111 18
8111 2445 14
2284 8237 18
9492 8248 18
3645 8258 18
958 8340 18
8340 5659 16
3083 8404 18
7020 8410 18
8410 5882 6
5882 2683 4
5882 1332 12
1332 9188 2
9188 9565 6
5882 2905 18
592 8555 18
8834 8590 18
8590 1737 7
1737 912 13
912 5852 16
5852 146 10
146 441 6
146 4605 6
441 6463 12
6463 7029 3
7029 2660 3
6463 2510 10
6463 8728 16
8728 5369 2
8728 2172 4
1737 9579 17
9579 7534 11
9579 4671 13
4671 9842 17
9842 8561 15
3099 8598 18
8598 7916 15
8598 4517 18
4517 5994 18
3335 8711 18
5030 8737 18
8737 1895 16
1895 9361 10
6470 8741 18
8169 8775 18
8775 2832 7
8775 7898 16
8575 9204 18
4356 9229 18
7814 9231 18
9231 457 16
9231 8115 18
8115 8649 4
8649 5755 9
4174 9233 18
2271 9250 18
9250 833 8
9250 9105 14
9105 8943 1
8943 3947 16
5270 9280 18
9280 4503 2
4503 5869 17
5869 8235 2
5869 1918 5
8063 9348 18
8006 9415 18
8592 9548 18
371 9676 18
1830 9691 18
4207 9871 18
6591 9964 18
820 9967 18
122 71 19
71 8947 5
8947 5943 7
8947 4066 9
71 9642 11
9642 1185 10
4711 156 19
1397 183 19
299 209 19
209 364 4
209 997 5
209 8216 11
8216 1959 11
997 6320 14
3720 264 19
1859 483 19
483 8794 18
8675 563 19
169 658 19
1554 748 19
1023 754 19
753 875 19
875 7957 10
7957 5114 6
7957 9919 6
9919 6765 9
8395 878 19
380 893 19
893 2201 18
2201 5759 1
6826 995 19
995 5862 6
5862 6753 6
2152 1055 19
1055 2701 8
2701 272 12
1055 5605 13
272 2278 16
2278 9918 12
9918 3772 12
2278 8898 13
5605 4663 16
272 3118 17
601 1065 19
1065 9546 8
602 1136 19
1136 1678 13
5524 1252 19
1252 9367 1
1252 6607 12
1055 1306 19
20 1349 19
1349 9792 17
783 1368 19
247 1381 19
9894 1394 19
1394 985 5
3871 1437 19
1437 1294 11
1437 2813 18
4346 1445 19
736 1506 19
406 1533 19
1533 5449 15
8424 1550 19
3982 1583 19
1583 2930 11
2930 2198 5
553 1584 19
6158 1730 19
1730 9530 6
4399 1753 19
1753 4982 1
4982 4684 3
9532 1774 19
1774 1860 8
121 1784 19
2030 1853 19
1853 1491 5
1853 749 6
1491 4270 10
4270 6605 9
6605 6909 2
6605 4247 3
1491 6993 10
1491 3889 15
3889 6346 15
1491 2541 18
6909 5452 18
5452 8940 18
2423 1861 19
1861 109 12
109 1413 12
1413 4262 6
109 136 14
136 7286 9
3959 1905 19
1905 8498 14
366 2199 19
2199 8812 4
8812 2581 6
8812 1816 7
1816 4730 4
1816 2770 7
8812 9699 10
9699 7084 12
1816 4428 17
4730 7162 18
7162 6406 10
6395 2213 19
2213 3068 3
2179 2240 19
6942 2251 19
3871 2353 19
2353 9484 4
2353 685 8
8866 2391 19
2001 2416 19
2416 9647 13
2397 2499 19
8894 2511 19
4593 2521 19
2521 2262 17
8029 2587 19
1820 2607 19
1638 2624 19
2624 8937 5
8937 5139 7
5139 223 6
2480 2646 19
5257 2842 19
9376 2941 19
7089 2948 19
7606 2985 19
2985 3123 2
5522 3079 19
3079 4041 18
4041 4646 3
8751 3088 19
1194 3244 19
3244 7777 13
7777 9458 10
9458 5885 6
5885 2778 1
5885 7952 4
7952 4473 4
5885 7551 9
7952 5308 13
3244 8722 15
1466 3287 19
3287 4223 11
4223 3619 11
241 3372 19
3372 2018 12
3967 3445 19
2298 3501 19
1195 3531 19
3531 8308 5
3933 3573 19
4288 3610 19
3610 1923 8
1923 9557 3
703 3644 19
968 3673 19
4124 3692 19
3692 1264 14
1264 5946 8
1264 4029 11
4029 9336 4
9336 9981 12
5946 2524 18
9702 3694 19
9180 3748 19
3748 813 11
3748 1251 14
1952 3753 19
6397 3766 19
3766 8226 7
8226 8583 8
3766 9710 10
8583 5403 18
4488 3896 19
3896 4934 18
4400 3906 19
3906 8801 13
1607 3910 19
5911 3996 19
5911 4027 19
3505 4033 19
2342 4090 19
9338 4109 19
9670 4131 19
2440 4134 19
4134 5477 12
5477 9970 6
9970 6589 13
6589 3762 8
3762 7819 18
5615 4181 19
7439 4266 19
6229 4307 19
1481 4336 19
2668 4435 19
4567 4453 19
4621 4464 19
4464 4922 5
5988 4470 19
926 4516 19
4516 5164 16
5164 5143 16
4516 2495 18
2495 2227 6
2227 9226 14
379 4570 19
9338 4617 19
4776 4657 19
4657 1697 3
2626 4696 19
4660 4747 19
1737 4754 19
4754 4560 4
8595 4784 19
5303 4817 19
4817 9298 3
4817 2334 13
9973 4830 19
4830 8620 13
4847 4848 19
1887 4864 19
5618 4883 19
4883 9351 1
1190 4911 19
9537 4919 19
4919 9810 1
4919 8835 14
4919 317 17
317 5313 8
9810 2231 18
317 7981 18
8530 4991 19
9634 5009 19
199 5033 19
3833 5170 19
224 5209 19
5209 1041 2
1041 105 8
5209 6927 8
6927 3447 5
3447 9301 5
5209 3716 16
9301 8182 18
4223 5213 19
1722 5320 19
3594 5330 19
5330 3618 8
1596 5376 19
5376 4358 6
5376 8483 6
4358 9094 13
9262 5392 19
5392 9519 15
4049 5402 19
5402 3320 12
5402 5825 14
5402 5100 19
9489 5404 19
5404 5912 9
576 5478 19
5629 5566 19
2434 5591 19
3942 5643 19
5643 2904 15
6736 5662 19
406 5692 19
5692 5469 2
5469 3369 11
3369 2614 12
5469 2844 14
5469 5011 17
9211 5693 19
1304 5754 19
5754 3930 4
3930 7287 2
3930 5183 3
5183 7047 5
5754 3601 13
5183 9539 13
9539 3558 12
3558 2045 16
2045 1079 3
9539 8581 17
8581 2552 13
1079 5666 19
8319 5807 19
5807 9683 9
9683 8423 3
8423 8726 6
8726 9868 2
5168 5914 19
5914 6952 17
6952 1516 1
5914 6946 18
4591 5930 19
5930 7415 13
1921 5997 19
5997 4296 11
7726 6041 19
843 6089 19
6089 6854 18
6854 6856 2
8867 6098 19
2072 6173 19
5870 6193 19
8344 6203 19
2205 6209 19
2957 6253 19
7298 6278 19
6278 7346 8
7346 376 6
3427 6358 19
6358 8007 7
6192 6454 19
9542 6479 19
6479 7893 6
6479 15 8
15 6 5
6479 1005 10
1005 2380 11
6 3859 11
15 16 13
16 2156 5
16 5598 9
15 645 15
15 2351 15
15 965 17
965 5184 4
8027 6520 19
2769 6530 19
131 6560 19
457 6606 19
6606 7925 5
6606 8471 8
8267 6630 19
6630 7408 13
1185 6682 19
6682 4123 16
4123 1402 19
5020 6728 19
6728 1986 10
1986 807 13
807 4554 1
4554 679 3
6728 8541 13
6728 2363 15
2363 3621 7
2363 9449 12
7726 6763 19
3265 6769 19
4453 6779 19
6779 3749 9
3749 7988 2
7988 1054 5
7988 1586 13
6731 6810 19
6810 2596 10
6173 6864 19
4642 6931 19
6931 9400 13
461 6969 19
6969 9053 5
8638 7024 19
7938 7148 19
7148 9454 6
9454 2963 14
2963 8513 7
9454 8008 15
8008 2563 1
5961 7155 19
8155 7186 19
2738 7214 19
7214 9071 15
1843 7260 19
7260 1112 2
7260 4440 2
4440 7429 6
7429 9992 8
4440 4852 9
4852 9001 11
5046 7262 19
5107 7289 19
1075 7362 19
768 7364 19
7364 7496 11
2901 7367 19
2822 7440 19
7440 7752 4
7752 2775 6
2775 5763 4
5763 3056 5
2775 8585 7
4256 7469 19
9357 7499 19
7499 6663 7
7499 7791 11
7791 8871 12
8871 7501 9
7791 767 13
767 2313 16
8871 3400 17
3400 1686 4
2288 7532 19
7532 6202 12
6202 7831 3
6202 5126 19
285 7599 19
5600 7614 19
5853 7712 19
7712 8401 5
7712 2548 12
2548 3581 11
2548 7153 16
8401 4523 17
4523 3951 11
3951 5162 9
5162 9114 18
29 7720 19
8320 7722 19
7722 2241 7
6126 7749 19
7749 8360 5
7749 911 12
4217 7780 19
7780 2123 5
152 7834 19
7834 6516 3
9089 7882 19
27 7890 19
7890 3535 5
2882 8064 19
2072 8082 19
3645 8099 19
8099 2891 6
5604 8127 19
6289 8192 19
2918 8194 19
1382 8207 19
8207 8929 7
8929 7883 13
7883 7064 6
7883 5902 15
2193 8225 19
8225 4298 6
4298 3515 14
8225 462 16
462 9223 17
9223 8317 6
8360 8266 19
2863 8314 19
8314 3217 15
3217 3187 5
3187 3253 13
2513 8506 19
2448 8687 19
8687 8752 1
8687 1147 10
8687 4803 12
4803 9368 12
9368 855 9
650 8699 19
8699 8507 2
401 8710 19
8710 940 7
940 91 14
6607 8716 19
8716 6689 6
6186 8724 19
4265 8964 19
9945 9006 19
9006 3986 15
3986 5135 14
7209 9037 19
9341 9056 19
6426 9072 19
2292 9177 19
9670 9281 19
9281 9063 6
9063 2727 12
8092 9293 19
4547 9300 19
6358 9326 19
9326 5545 15
3637 9436 19
5824 9503 19
9503 4693 5
7660 9510 19
9510 9335 7
9335 8857 2
9335 9930 9
9930 49 12
49 752 17
1438 9512 19
9512 3251 3
9512 4187 9
4187 2956 1
2956 9073 4
3251 7837 14
7837 3791 12
3791 8813 17
8813 9636 10
9636 8960 7
8813 9304 19
2347 9534 19
9534 5388 11
2328 9572 19
9572 3507 17
9573 9609 19
9609 4957 13
749 9688 19
9688 9478 16
9478 1585 14
1585 2208 1
1585 8378 9
8378 8645 9
8645 9355 7
2208 5153 14
8378 155 15
5153 8594 18
8594 1969 9
1969 7739 14
7739 4135 12
4135 4921 5
4135 1833 7
1833 2446 5
4135 7773 14
1973 9712 19
3458 9724 19
6220 9752 19
6047 9757 19
9757 1244 7
1244 1623 4
3093 9778 19
3899 9820 19
5826 9854 19
9854 1912 14
1912 45 12
9854 3424 18
3424 2154 9
2154 1257 6
3424 1187 13
1187 9019 8
9854 5871 18
2123 119 20
67 170 20
170 2013 1
5156 181 20
181 399 16
9904 439 20
439 4866 13
4866 3952 12
371 566 20
566 1529 5
1529 3375 4
5476 569 20
2721 608 20
608 2427 4
8688 695 20
1114 873 20
8151 898 20
898 5815 10
7212 938 20
8185 961 20
461 977 20
6026 1024 20
6621 1032 20
1032 2617 11
2995 1240 20
1240 1229 1
7334 1242 20
1242 3500 18
3500 7422 7
3500 9274 18
291 1298 20
441 1305 20
1549 1314 20
3191 1346 20
1346 2902 14
890 1366 20
4750 1508 20
534 1561 20
1484 1684 20
1684 8730 9
8730 4876 13
2669 1702 20
1702 8425 11
8425 9082 3
1064 1711 20
4675 1726 20
9056 1739 20
8546 1897 20
1897 6489 9
6489 9309 1
9309 297 10
297 9439 12
6489 8170 14
9439 8274 14
297 1076 16
1076 646 10
1897 2016 17
646 5623 18
9633 1955 20
1050 1968 20
2138 1983 20
1983 3185 7
1983 7544 16
6195 2120 20
4410 2176 20
2176 1386 7
1386 2004 9
2176 9024 19
1075 2359 20
9070 2574 20
9156 2665 20
2665 9344 7
9344 4959 1
4959 557 2
2665 7218 9
7218 818 4
7218 2352 4
818 1323 5
1323 7492 14
7492 8260 13
2352 1568 15
2665 4406 18
2796 2692 20
2692 6342 12
8731 2745 20
5142 2764 20
2764 5646 3
2764 7454 9
1076 2827 20
6562 2870 20
8295 2906 20
2906 6109 3
2906 5950 15
9637 2908 20
2908 7281 8
5126 2986 20
2986 9648 17
9648 2750 11
4225 3005 20
873 3020 20
4563 3215 20
3215 454 4
3215 3583 8
454 6921 9
7648 3286 20
1293 3325 20
7628 3567 20
3110 3655 20
5731 3675 20
3675 5709 12
5709 4713 7
3640 3747 20
3747 1975 6
8620 3756 20
3756 1021 14
1021 9544 2
8816 3774 20
3774 6294 15
9806 3775 20
3775 6201 9
5181 3811 20
3811 1389 2
3811 1542 4
1542 162 5
162 25 13
162 9015 16
1389 8147 19
8147 8123 15
6579 3834 20
549 3854 20
5797 3981 20
9165 3997 20
5474 4039 20
1126 4067 20
4067 4837 2
4837 9210 13
9210 6297 3
1666 4159 20
4159 5632 11
5632 6445 4
6445 2690 3
4159 4032 13
1302 4196 20
4196 2840 10
6462 4231 20
4231 168 16
168 963 14
963 316 4
316 3160 10
316 3739 11
963 7377 13
7841 4273 20
4273 4352 13
5043 4281 20
8843 4388 20
5919 4420 20
4420 9030 17
5404 4472 20
4472 4046 19
9251 4508 20
4508 2953 16
5219 4548 20
4548 1807 13
1807 1695 7
1436 4558 20
6706 4680 20
4905 4723 20
4723 4667 16
4667 3146 5
3146 1210 8
1210 3593 19
2413 4746 20
8649 4774 20
4774 5679 3
4774 831 15
831 6645 7
6645 8628 4
831 246 8
246 9125 8
246 8769 18
8769 4176 8
4176 8545 2
4176 1128 6
8545 9132 14
9132 4243 16
438 4813 20
532 4855 20
9067 4859 20
6461 4884 20
232 4929 20
4929 7919 12
4929 1574 18
1574 8644 19
8644 9427 10
9427 5685 17
5894 4966 20
4889 5008 20
5008 6892 11
3102 5040 20
5040 1948 2
5040 6816 8
1948 3195 9
5040 9686 9
3195 5686 14
4799 5148 20
5148 7307 12
5148 7369 12
7307 2177 15
7045 5163 20
5163 2319 12
3727 5169 20
5990 5176 20
6110 5252 20
5252 3238 14
3238 3851 8
3152 5318 20
9864 5353 20
5422 5608 20
9654 5630 20
5630 2540 12
5630 4141 13
1811 5670 20
1887 5672 20
6482 5730 20
1497 5790 20
6664 5861 20
1070 5880 20
5880 5079 18
7190 6060 20
1931 6083 20
6083 3086 14
2 6259 20
6259 8368 14
6259 5935 20
5935 8525 5
8525 6554 3
6554 717 9
8525 8199 9
717 2506 20
2506 1871 15
2506 5349 17
1871 6417 19
6417 3386 6
6417 8494 9
8494 3707 14
3707 3473 4
3707 7383 10
6417 4129 16
3707 3887 18
3887 4972 8
6670 6318 20
6318 9103 6
9103 3647 11
9103 1865 15
9196 6344 20
600 6453 20
6453 8087 3
6453 4402 11
4402 5657 2
4402 9554 12
8087 4906 13
4906 5432 9
5657 237 16
237 304 5
7592 6556 20
6556 5189 4
5189 3622 19
3622 4341 11
7752 6558 20
6558 537 6
537 1105 12
2980 6581 20
6581 8478 17
6581 5129 18
5129 3272 12
4113 6749 20
6749 2368 12
8413 6885 20
3606 6944 20
6944 4277 6
225 6963 20
7300 7176 20
5104 7250 20
2918 7266 20
4223 7319 20
6967 7349 20
7349 764 3
764 1839 2
1839 5878 15
6884 7450 20
5123 7567 20
7567 2639 19
3290 7579 20
5898 7676 20
7676 5462 11
2421 7764 20
1046 7786 20
9059 7803 20
7803 9664 12
3755 7833 20
7833 4284 10
6099 7847 20
4906 7894 20
7894 2666 20
3348 7900 20
1617 7908 20
2220 7947 20
7947 8136 2
7947 9549 11
9549 5932 11
7947 1129 13
1129 6699 9
9732 8062 20
7099 8110 20
0 8246 20
8246 8033 7
9567 8359 20
7443 8476 20
895 8480 20
8480 3746 19
3746 998 7
3746 5505 9
5505 8539 2
4605 8582 20
8582 5628 3
1264 8646 20
8646 5175 10
5255 8693 20
8693 6189 4
8693 1650 14
9057 8772 20
8818 8804 20
8804 1067 10
1067 1338 19
808 8827 20
8827 1734 6
8524 8908 20
8908 7180 18
4523 8938 20
836 8993 20
4605 9008 20
9008 6339 15
6339 2829 17
2829 9717 5
9717 7794 9
4611 9040 20
9040 7048 16
7048 9433 6
9433 5317 13
5317 9989 1
5317 5752 4
7247 9137 20
4655 9159 20
5660 9212 20
9857 9237 20
9237 9933 1
9237 4968 10
4968 8223 3
9237 5701 14
5701 544 12
544 2560 2
9933 9232 14
9232 6078 7
9933 894 15
894 9671 6
9671 5706 16
5706 7797 13
9232 6532 16
6532 6345 10
7797 7058 18
7429 9257 20
9257 5355 20
5355 8257 16
8257 8014 19
3652 9292 20
9292 7432 15
7432 8651 4
9292 17 18
1283 9473 20
3814 9499 20
1634 9620 20
7377 9852 20
4987 9855 20
5973 9866 20
4055 9950 20
9950 7350 3
1089 72 21
3028 98 21
4871 219 21
219 901 19
4324 229 21
9421 234 21
234 5424 14
135 239 21
0 254 21
114 276 21
276 7716 7
269 293 21
293 1896 2
293 1591 4
1896 4292 7
293 9406 13
9812 325 21
325 8241 8
2793 386 21
386 2276 4
386 4119 4
4119 1074 12
8029 471 21
471 2412 8
471 1647 18
2412 2733 20
1096 500 21
500 4990 15
530 578 21
578 3971 20
494 760 21
760 9266 13
760 9511 18
9511 8326 12
752 778 21
778 1155 3
1155 9522 1
778 5896 3
1155 921 15
921 9302 1
921 6440 8
6440 3394 5
9302 6448 20
2686 809 21
809 697 21
697 9146 5
697 7975 11
697 2850 19
6396 811 21
811 3481 1
811 8981 16
811 2361 20
2361 5430 20
335 823 21
823 9124 5
823 1086 18
9124 6101 18
6101 7709 6
1086 2605 19
5662 840 21
4817 909 21
909 8745 3
909 8905 7
909 8074 16
8074 7188 18
6430 910 21
910 240 9
4876 1057 21
4236 1066 21
1066 337 10
337 5329 2
5329 1191 12
1191 1926 9
337 3300 17
3300 6497 8
5329 3553 18
1191 3684 18
6973 1149 21
4993 1295 21
4302 1372 21
1372 491 16
491 5332 16
5332 1763 1
491 5927 19
5927 6567 18
6567 9613 10
9613 202 19
8389 1424 21
808 1547 21
1547 4022 5
4022 2640 12
4480 1649 21
1649 7488 11
5168 1669 21
1669 3029 2
1669 6333 5
6333 4082 6
1280 1671 21
1671 1950 7
1950 7036 2
1950 1256 16
2388 1823 21
1944 1881 21
1484 1922 21
1922 2375 1
8681 1942 21
9643 1970 21
4428 2036 21
2036 6252 16
6252 4669 2
4669 3879 1
6252 6156 16
57 2057 21
5800 2080 21
5609 2095 21
2095 4858 18
8393 2250 21
1929 2356 21
2356 8832 13
2356 6668 15
6668 2591 16
7200 2390 21
2390 2593 16
2390 1051 20
1179 2403 21
2403 2784 5
2403 1770 20
1770 1345 8
1407 2406 21
2406 8630 19
8630 6442 17
6442 7611 5
7611 6974 7
9210 2444 21
2444 1862 18
1862 1248 11
1862 3266 12
3266 9096 7
1248 9502 15
9451 2479 21
2479 9781 14
4609 2543 21
2543 6971 14
4712 2608 21
2608 1840 8
1957 2609 21
2609 1018 10
7570 2654 21
2654 3025 19
3025 7541 3
7541 2526 6
3025 2823 18
3 2659 21
8646 2674 21
1801 2753 21
2753 2781 8
2753 2424 13
6995 2759 21
2759 3294 15
3035 2766 21
5220 2886 21
2886 8130 4
2886 8512 9
8512 9547 2
2886 9496 11
8512 314 13
2886 5073 13
9547 7482 16
7482 5703 4
7482 8576 12
8576 6795 15
5073 8660 19
8660 2409 1
2409 4258 5
8660 4861 9
4861 2628 12
1322 2981 21
2981 9457 5
3557 2989 21
2989 4793 8
2989 507 21
507 88 19
1435 3037 21
2948 3065 21
7840 3299 21
4977 3306 21
8920 3464 21
6425 3471 21
8506 3477 21
6181 3565 21
3748 3575 21
5790 3702 21
3702 3719 18
6321 3760 21
3760 8986 20
2290 3769 21
3769 5987 17
3769 2459 19
2043 3813 21
3813 5793 13
5793 5250 6
5793 6574 6
6574 2638 8
2638 6161 7
6161 5083 10
5083 4361 6
4361 7446 1
7446 8557 11
2638 4378 15
4378 8895 1
6161 5765 18
5765 9718 3
9718 6598 5
4378 8616 19
6181 3827 21
7665 3964 21
5548 4028 21
1406 4070 21
4817 4079 21
5679 4099 21
9654 4127 21
4127 5742 7
9269 4164 21
7618 4184 21
4184 3067 13
2842 4203 21
7317 4218 21
1509 4267 21
608 4274 21
3283 4293 21
4293 660 18
660 8499 1
660 625 12
625 3230 7
3230 6592 4
6592 7557 1
6592 756 3
7557 1473 4
756 9675 12
756 2685 14
7557 7597 14
1473 5464 15
5464 3101 15
660 6113 18
1473 9924 18
6592 508 19
508 9531 3
9924 5241 19
1541 4335 21
5047 4590 21
1306 4717 21
4717 8855 19
9343 4764 21
6237 4796 21
9520 4880 21
4462 4935 21
5416 5055 21
1577 5085 21
5085 6124 7
4631 5179 21
5179 188 3
188 7822 11
188 6458 15
6458 9236 13
5179 6366 16
6366 8300 16
188 7400 18
7400 4035 3
4035 7220 16
3313 5226 21
5226 4169 3
1035 5274 21
9525 5344 21
4840 5356 21
9355 5358 21
4966 5418 21
1557 5506 21
5506 6714 8
2100 5708 21
6301 5726 21
5726 3176 8
5726 6774 17
478 5771 21
5771 3904 4
5563 5778 21
5793 5843 21
5843 4192 6
4192 3206 4
5843 3107 8
3206 4291 12
5656 5868 21
5868 9203 18
494 6016 21
5548 6073 21
6073 4526 6
4526 3175 1
4526 1218 14
1218 2862 7
1218 2196 16
6073 5760 19
1218 9171 20
7201 6107 21
6107 7581 4
6107 1552 18
1552 4983 10
661 6176 21
3868 6246 21
6246 7293 1
6246 5284 8
6122 6304 21
6304 7370 12
5862 6322 21
6322 8456 1
3552 6350 21
155 6362 21
3163 6427 21
6427 2164 7
6427 4686 13
4686 8615 18
252 6455 21
8797 6513 21
2241 6648 21
2560 6657 21
6161 6849 21
377 6871 21
4626 6875 21
6875 4825 12
4825 5386 8
5386 1388 5
1388 1960 7
1960 1414 17
1414 7232 19
5386 7467 20
7467 5799 15
2317 6879 21
9365 6897 21
357 7021 21
3854 7049 21
7049 6741 8
6861 7063 21
7063 3666 18
8149 7160 21
7788 7183 21
5722 7267 21
3517 7284 21
7284 6553 3
6553 3017 1
6553 7718 13
7284 3491 14
7718 6702 17
3017 9062 20
9062 2281 17
2281 8869 14
8408 7357 21
7357 5328 12
7357 5678 21
8155 7420 21
7420 5076 2
7633 7434 21
7434 9316 16
4937 7465 21
7465 6768 13
262 7546 21
7546 4362 5
4362 6049 5
5660 7548 21
571 7605 21
4871 7635 21
3103 7657 21
4333 7664 21
9426 7682 21
2708 7724 21
4290 7729 21
4259 7779 21
121 7813 21
8506 7848 21
7848 9054 9
4727 7933 21
7676 7939 21
7939 8531 6
7939 8399 8
7939 2644 17
2644 7850 1
2644 3696 7
852 7969 21
7969 5737 2
7969 9332 6
5737 3829 11
9951 7979 21
7979 4908 7
4908 2509 21
2509 7141 12
8964 8052 21
8052 8434 2
8434 2129 12
8545 8303 21
3374 8376 21
3132 8391 21
8391 3934 9
6532 8453 21
8913 8485 21
4309 8497 21
7770 8543 21
7794 8579 21
8579 8009 10
8009 1588 5
4355 8643 21
1044 8668 21
31 8676 21
2380 8735 21
8735 4545 11
4545 7149 1
6984 8777 21
8777 259 10
1029 8872 21
8872 7161 11
8872 7059 13
7059 9604 14
8872 4161 17
9604 8056 21
1298 8878 21
2788 8931 21
8931 6527 14
6527 2086 6
6527 8126 16
8126 6216 17
5617 9003 21
9003 1842 1
9003 1714 8
1842 2343 8
2343 8195 4
9003 1022 11
2438 9042 21
9042 1576 4
9042 1115 7
1115 4721 10
283 9068 21
2272 9069 21
4373 9130 21
466 9333 21
7739 9389 21
6153 9395 21
9395 9639 12
9639 4652 16
9395 9088 18
8155 9418 21
6720 9465 21
9465 9074 4
9465 3010 15
3010 8589 16
8589 4421 2
6900 9591 21
9591 5696 10
9235 9638 21
1585 9651 21
1443 9657 21
5840 9684 21
9684 8276 10
6131 9731 21
9731 3296 2
3296 9935 17
9731 4985 19
4985 8350 11
8350 1982 5
1982 6787 6
1982 4446 8
1982 1602 18
1602 2066 1
8350 4248 19
4248 4716 5
2110 9740 21
2506 9796 21
4777 9811 21
9811 2601 14
9811 9853 15
9853 7229 21
7229 3841 10
3841 4389 16
7794 9846 21
9846 338 15
9846 4118 18
5467 9947 21
6301 9969 21
9969 3193 1
3193 9543 21
9543 3612 10
859 587 22
587 1904 11
7683 706 22
67 827 22
799 1009 22
1009 9656 7
6274 1025 22
2990 1121 22
1121 6486 5
6486 5265 6
6486 1439 15
5265 7027 16
1121 9432 20
1846 1163 22
7648 1214 22
1678 1241 22
6455 1331 22
1331 943 1
943 2876 12
2876 2435 7
8151 1387 22
809 1431 22
1431 8540 1
1431 4257 4
240 1589 22
333 1597 22
1597 4393 11
1155 1626 22
3432 1720 22
1720 5831 17
5831 5052 9
5831 6893 20
7095 1814 22
8138 1848 22
1848 5245 12
4603 1890 22
1890 2576 11
2576 4350 7
929 1892 22
6624 1910 22
1910 2261 12
4567 2055 22
2055 1802 10
2691 2102 22
5691 2285 22
2285 7675 9
7675 3722 18
904 2287 22
4195 2291 22
2291 5366 3
5366 3308 2
3308 1906 4
5366 5337 5
5337 6754 17
6754 885 7
1107 2295 22
9500 2303 22
2303 5031 4
1741 2326 22
2326 8446 1
1801 2372 22
2372 8145 1
8145 7926 8
3127 2405 22
2405 35 3
35 1278 6
640 2463 22
5430 2545 22
7774 2603 22
1455 2684 22
217 2786 22
2786 1377 18
1377 4899 15
1377 2828 21
4213 2811 22
2811 2142 1
2142 4306 1
2142 1162 12
4852 2865 22
2865 3893 13
8507 2920 22
2920 7558 14
7558 8305 4
5060 2927 22
1196 3011 22
8681 3051 22
7994 3214 22
3214 8554 10
2093 3227 22
1607 3245 22
9586 3326 22
3326 7351 18
3588 3328 22
3328 3843 17
5232 3336 22
4296 3444 22
3444 5493 17
8373 3533 22
3533 3096 14
293 3616 22
3616 9545 15
9545 2803 11
9545 6972 20
3116 3659 22
3659 5283 14
4124 3667 22
3667 3159 1
3159 3520 19
3520 3723 7
3520 8739 14
3159 4649 20
808 3717 22
3717 4132 8
5317 3781 22
4942 3838 22
3838 6496 11
6496 2516 12
6496 2630 20
2630 9109 19
9109 8865 3
2630 6420 20
7924 3848 22
3848 5767 11
9174 3914 22
3914 8078 8
3914 6380 15
6380 4525 5
6380 6785 10
6380 1664 11
1664 2324 4
2324 6666 1
6666 6877 19
8894 3991 22
3991 6650 12
3991 3955 19
3991 9284 19
3314 4037 22
4218 4200 22
9451 4229 22
4229 2485 19
7911 4255 22
4255 74 10
74 2061 6
2061 4157 10
170 4381 22
3791 4416 22
4416 6100 1
8117 4477 22
4477 6841 15
2741 4538 22
190 4575 22
9519 4592 22
4592 3789 12
1701 4614 22
7377 4618 22
4618 3170 2
3170 9645 16
1555 4691 22
6012 4794 22
4794 5028 2
4794 6866 2
6866 1125 13
5028 826 21
2001 4812 22
3280 4915 22
4915 5145 20
9823 4945 22
4945 9748 9
9748 230 6
9986 4979 22
2812 4999 22
2050 5160 22
2162 5167 22
5167 611 4
611 1288 8
611 935 16
5167 9952 18
3437 5217 22
5662 5426 22
2277 5470 22
5470 7473 20
7038 5521 22
5004 5620 22
6910 5627 22
7606 5673 22
5673 3434 7
3434 2206 12
2206 4156 8
4156 4311 13
62 5681 22
3297 5727 22
5727 6052 16
8583 5729 22
5729 9954 5
9954 1518 5
4670 5785 22
5785 5985 10
5985 5705 11
5785 5159 12
5159 6205 4
6205 3492 9
6205 3683 14
3683 9536 16
3683 7463 20
7463 683 10
683 8253 19
683 2318 21
5985 4233 22
4233 8304 6
244 5970 22
5729 6056 22
3240 6086 22
6086 8756 11
8756 8814 7
8814 9998 18
9139 6244 22
1249 6272 22
6272 7640 21
771 6275 22
358 6384 22
6384 5102 4
5102 9776 17
9776 7674 3
6384 6938 21
6938 8914 4
8914 2309 20
2309 2192 2
2309 9195 7
9195 8134 12
3934 6475 22
8683 6593 22
3084 6948 22
1932 7028 22
7028 4938 1
6223 7497 22
7497 3216 19
3216 6042 1
1624 7498 22
7498 7647 4
7498 9828 7
9828 3864 15
3864 8292 8
3547 7550 22
3823 7553 22
1687 7554 22
7554 8245 16
7554 9958 17
115 7668 22
7002 7715 22
9046 7795 22
1242 7835 22
294 7858 22
7858 8995 4
2782 7863 22
1872 7865 22
239 7886 22
5548 7918 22
5639 8019 22
1538 8077 22
7281 8135 22
4227 8200 22
1623 8281 22
538 8294 22
1032 8321 22
4901 8431 22
4241 8439 22
5011 8474 22
6795 8533 22
1038 8599 22
9912 8659 22
8659 6371 20
9613 8815 22
8903 8858 22
5035 8899 22
9597 8958 22
8958 7128 19
7128 1727 20
8321 9055 22
9055 3817 1
3817 374 22
1726 9133 22
9105 9205 22
9205 9207 18
9207 722 13
1232 9287 22
5032 9408 22
6981 9462 22
183 9486 22
9908 9516 22
7260 9574 22
2108 9745 22
9745 4209 15
1053 9818 22
9818 1452 2
6322 9833 22
9833 4155 17
9833 5527 22
9213 9861 22
9861 86 4
86 4930 10
86 7425 21
8028 9865 22
4869 9922 22
9922 9366 14
5170 9972 22
9972 3208 4
3208 6149 12
5211 48 23
48 2263 2
48 515 12
7220 50 23
50 292 2
292 2049 9
50 3250 15
50 36 18
36 416 20
3250 5819 20
4149 69 23
7475 89 23
89 3962 3
1787 716 23
2948 755 23
755 6744 6
755 6865 10
6744 5375 19
5375 9086 10
5375 2696 14
2696 593 1
9086 9949 15
6886 889 23
4621 956 23
9573 964 23
964 2670 2
2670 6022 1
2670 8505 10
2670 5105 19
964 856 21
856 6007 14
6007 2699 14
2699 4114 17
5498 978 23
978 9392 11
9392 2327 22
201 1031 23
1031 3816 1
5656 1059 23
1059 8462 3
3983 1083 23
1083 2662 16
9010 1108 23
2112 1268 23
3331 1281 23
8569 1292 23
1292 1844 8
169 1320 23
4756 1418 23
1418 1749 4
1418 8119 15
1749 7416 16
3090 1425 23
5394 1470 23
1470 5286 10
1470 6046 12
5286 6206 21
6206 8325 17
8325 9084 9
6787 1530 23
1530 2965 15
2965 8140 7
8140 6314 8
2965 4415 18
1530 3648 21
3648 7041 17
2144 1537 23
415 1539 23
8395 1562 23
1562 4300 16
1562 7892 18
7892 5099 13
5099 7127 4
4424 1627 23
2061 1689 23
1689 1553 11
232 1704 23
1704 3516 5
1704 2104 18
2104 5587 6
135 1825 23
1825 8694 5
1825 1093 16
1825 3089 22
5502 1832 23
1832 8764 19
7798 1834 23
379 1847 23
5109 1989 23
8404 1990 23
9015 2000 23
2000 8452 4
2000 5397 20
717 2028 23
2028 3293 12
4113 2125 23
2125 59 10
2485 2333 23
7565 2339 23
6258 2451 23
2710 2492 23
2492 6307 1
6307 4485 15
8257 2522 23
7919 2615 23
2924 2673 23
2673 7747 20
1712 2899 23
3002 2959 23
4259 2971 23
7777 3047 23
287 3055 23
114 3057 23
958 3212 23
140 3560 23
3560 6935 20
9053 3665 23
4782 3815 23
3533 3861 23
1263 3894 23
9920 4057 23
8715 4095 23
8332 4193 23
4193 6286 10
5222 4251 23
4251 4887 15
1638 4254 23
7708 4329 23
37 4449 23
4449 9780 13
2607 4476 23
1332 4550 23
4550 6808 7
4550 2370 8
4550 6919 16
563 4552 23
433 4588 23
4588 6659 17
6659 2168 14
636 4658 23
408 4715 23
5312 4831 23
4831 407 23
1721 4834 23
7894 4882 23
4882 8470 11
3064 4912 23
4912 4969 9
4969 581 8
581 496 20
496 1330 23
1410 4926 23
4926 8642 10
9458 4958 23
4023 5003 23
5003 2612 14
6386 5024 23
5024 5886 6
5024 9112 20
9112 6063 20
6063 3852 19
3824 5064 23
4775 5199 23
5199 1310 14
5861 5210 23
5210 3578 6
3578 2893 6
2893 6065 11
3943 5234 23
9594 5267 23
5267 2951 20
1952 5339 23
6149 5354 23
2098 5458 23
5458 9104 6
4504 5519 23
784 5736 23
7228 5761 23
1603 5991 23
8148 6079 23
6079 2535 16
9591 6085 23
2661 6106 23
6106 4158 22
3133 6135 23
6135 652 13
3456 6150 23
6150 3350 16
3350 879 3
2565 6175 23
5588 6257 23
9027 6284 23
6284 5335 6
5284 6315 23
4239 6393 23
7064 6464 23
6464 6221 4
6221 6783 1
6464 810 7
810 5895 12
1073 6484 23
4470 6536 23
6536 9630 21
9630 3551 3
3551 5315 20
5315 3757 10
3551 5978 21
9630 7172 21
7172 9317 16
9317 6226 5
6226 3776 16
3757 1789 23
1789 1462 8
180 6651 23
7291 6684 23
6660 6704 23
6704 3907 7
3907 1207 10
1207 9477 8
6816 6798 23
6798 3019 3
9144 6815 23
3803 6839 23
1375 6869 23
5946 6982 23
5032 7067 23
6259 7119 23
5725 7166 23
224 7198 23
7198 2332 7
8388 7371 23
7371 1132 3
1132 2046 13
2046 4628 11
4628 279 10
4628 4566 10
4566 488 12
5705 7436 23
7436 9667 16
9667 8103 18
9667 9991 21
8083 7479 23
783 7518 23
7518 2111 8
7518 2455 23
2455 7418 9
1134 7580 23
1183 7612 23
3575 7678 23
7678 7713 5
7678 8509 21
8509 8548 7
760 7680 23
7680 973 4
2343 7721 23
9855 7804 23
9393 7807 23
7807 4533 8
5826 7846 23
7846 9201 2
4061 7895 23
4030 7909 23
6981 7953 23
180 8054 23
633 8100 23
2663 8186 23
8186 3248 21
3248 7856 19
3785 8330 23
7720 8418 23
9577 8685 23
8685 7796 15
7796 9119 6
8851 8702 23
8702 2719 19
3616 8767 23
928 8882 23
8882 7630 7
7630 629 10
3797 9020 23
2907 9035 23
821 9039 23
8189 9149 23
5089 9170 23
3254 9322 23
2374 9388 23
2375 9443 23
1679 9447 23
9447 9615 20
8756 9456 23
3540 9552 23
6528 9690 23
499 9819 23
9228 9955 23
633 46 24
51 56 24
56 3935 8
3517 213 24
213 9980 17
227 329 24
5147 353 24
1471 367 24
2192 465 24
465 4599 12
4599 1631 5
1631 8355 8
8224 584 24
584 2307 6
584 5900 11
5002 780 24
780 1192 10
1192 1961 1
1192 4386 23
1992 785 24
785 3808 4
3947 945 24
3532 955 24
1197 1077 24
6698 1152 24
1579 1174 24
1174 1673 13
1673 9709 7
8537 1217 24
1217 635 4
1217 511 14
8310 1221 24
1221 5688 22
4756 1222 24
2340 1227 24
2741 1234 24
870 1270 24
1270 7210 18
964 1285 24
3768 1571 24
1571 5820 4
3292 1729 24
1729 541 21
541 6243 12
541 1440 17
1440 3382 20
541 9891 22
4391 1754 24
1754 9926 11
1754 2573 15
2573 4542 5
4542 3321 2
2573 1037 7
1037 7114 7
7114 8704 7
3321 772 13
772 1160 2
1160 1335 3
1160 5311 7
1335 4015 12
2573 8342 13
8704 6072 16
1754 5562 18
9926 7014 20
8704 7820 20
7014 7066 22
4015 7283 22
5792 1766 24
8942 1841 24
1841 8069 2
1841 6044 3
6044 9102 3
1190 1845 24
1845 7810 2
1845 6543 22
1697 1979 24
118 1987 24
5592 1995 24
1995 6525 8
4207 2034 24
2034 6338 21
866 2042 24
7251 2101 24
314 2121 24
2121 3446 10
2121 825 19
6243 2184 24
2184 5745 12
5745 1193 10
9475 2304 24
1815 2311 24
9766 2402 24
7856 2414 24
6084 2515 24
4322 2551 24
5953 2561 24
1561 2676 24
2676 409 2
409 8284 22
4407 2677 24
7127 2737 24
5947 2760 24
4105 2800 24
1159 2866 24
2866 2810 23
2787 2932 24
8049 2935 24
147 3021 24
463 3139 24
5086 3189 24
4173 3312 24
3312 3534 12
3312 6501 17
6501 7741 18
7741 4875 4
7607 3338 24
3121 3379 24
3799 3483 24
3814 3571 24
3571 4828 4
4876 3689 24
2308 3713 24
9398 3734 24
1282 4065 24
4065 2542 8
6708 4071 24
182 4122 24
2705 4154 24
4154 5111 4
4154 3860 19
3860 4377 20
996 4160 24
3562 4166 24
1855 4304 24
4304 4178 6
4178 7754 11
4871 4305 24
2692 4326 24
1538 4374 24
8468 4409 24
9029 4433 24
878 4455 24
3037 4681 24
3374 4744 24
6647 4879 24
1229 4907 24
2017 5029 24
5668 5065 24
3255 5117 24
2551 5193 24
3848 5216 24
8986 5266 24
5266 3866 18
3866 6656 22
6845 5420 24
6304 5507 24
2281 5558 24
5558 8984 6
5558 673 24
673 4078 11
4420 5740 24
3113 5842 24
5842 8073 7
4772 6034 24
4050 6048 24
6048 2171 22
2171 5555 3
5555 9377 4
5555 7270 7
7270 52 20
52 4321 16
4172 6062 24
5448 6105 24
6105 4002 21
6034 6164 24
348 6199 24
7787 6392 24
2542 6413 24
6216 6437 24
5148 6483 24
6483 704 4
704 1972 19
7887 6565 24
9269 6576 24
6576 575 13
575 2322 15
2190 6583 24
6107 6587 24
3167 6747 24
811 6789 24
7735 6793 24
2837 6806 24
4311 6812 24
6812 9472 23
9292 6832 24
6641 6908 24
6908 6017 13
1343 6912 24
6912 9631 19
9631 5049 12
9631 4456 17
7454 6914 24
9971 7008 24
7008 4212 4
9015 7068 24
8451 7167 24
100 7197 24
6849 7316 24
4955 7338 24
2460 7342 24
4895 7427 24
6561 7435 24
5273 7576 24
7576 8647 1
7576 300 19
4633 7584 24
7584 568 20
8043 7600 24
7600 9466 20
9466 6522 18
1224 7601 24
7601 6992 19
8174 7626 24
7626 2945 9
2583 7639 24
7639 96 5
7639 3604 15
3604 4487 15
4487 4085 13
9590 7658 24
1821 7732 24
7732 2426 4
2426 4224 10
4224 5936 6
5936 5201 3
5201 9719 10
9719 4939 18
4939 6957 14
6957 993 1
993 682 4
1134 7757 24
9721 7768 24
1328 7785 24
4352 7921 24
1509 8071 24
8071 9514 10
8071 7202 15
9514 7617 18
8071 8532 18
2586 8212 24
8212 1857 11
60 8396 24
3448 8411 24
1381 8500 24
8500 7117 18
7684 8840 24
9318 8870 24
8870 9566 23
9229 8890 24
8890 5866 18
6549 8912 24
5880 8953 24
8953 9259 9
7406 9004 24
9004 1927 12
1927 3435 4
3435 9715 13
8781 9239 24
9239 6855 21
9239 2074 23
7054 9271 24
9467 9286 24
9286 4920 23
4920 6614 6
1689 9323 24
9323 828 6
9323 1665 9
828 2888 15
2888 6331 13
6331 5297 12
1917 9463 24
9463 1498 18
8331 9464 24
4837 9569 24
6775 9660 24
3516 9831 24
682 9839 24
9839 8015 4
8015 7484 3
7484 8875 8
68 9915 24
9915 8566 1
8470 28 25
7583 81 25
2694 320 25
320 4320 7
320 9098 8
2657 393 25
393 4917 9
4917 6920 18
393 5451 21
5451 6487 9
5451 1071 18
1071 1291 3
1291 9405 16
5451 4677 18
3097 411 25
8292 435 25
1571 476 25
5238 667 25
667 8896 11
5323 1001 25
7581 1199 25
1199 1570 18
1570 3412 20
1570 4685 21
5969 1246 25
1246 6311 23
5989 1334 25
1334 6771 14
2111 1417 25
1417 1639 17
1639 2599 3
1639 2655 19
2655 7742 18
2599 2744 19
2744 6701 23
1457 1482 25
1718 1502 25
1502 4549 10
1502 2520 13
1502 1228 17
1228 9364 4
1228 8415 14
9364 7003 17
5601 1573 25
3652 1599 25
1599 4390 17
481 1605 25
6406 1728 25
1728 932 17
1728 2432 18
2432 4778 6
9317 1981 25
1981 957 13
957 7968 10
957 8472 15
1331 2014 25
6645 2069 25
2069 2746 10
9739 2076 25
9863 2091 25
2091 3985 6
6361 2126 25
2126 4835 23
3497 2189 25
3787 2283 25
986 2373 25
592 2553 25
8420 2645 25
2645 9373 4
9373 6332 20
6332 2590 1
6332 7093 21
9373 5888 22
5052 3044 25
3044 5635 5
5635 9707 3
5404 3087 25
5932 3158 25
3158 7593 15
4400 3182 25
3182 5215 1
5215 5624 5
5624 3546 3
550 3269 25
7848 3317 25
4900 3396 25
698 3422 25
67 3731 25
1466 3763 25
3763 5406 22
820 3886 25
3886 9490 10
757 3936 25
9099 4088 25
6219 4125 25
4125 8128 2
7926 4222 25
7882 4364 25
4239 4370 25
4972 4450 25
6591 4492 25
9084 4530 25
9062 4809 25
4281 4860 25
158 4890 25
6920 4909 25
4560 5018 25
6515 5119 25
5119 4729 22
4729 3332 20
4729 8286 24
7715 5299 25
2136 5300 25
5300 2301 21
1954 5302 25
1336 5367 25
1841 5380 25
5092 5496 25
1007 5501 25
890 5511 25
5528 5543 25
444 5552 25
3933 5581 25
3817 5718 25
635 5753 25
9735 5874 25
7031 5884 25
5884 6123 22
6123 6008 15
1959 6003 25
2139 6117 25
6117 4297 3
4297 5530 8
4297 3323 12
3323 8975 19
3724 6178 25
644 6191 25
9467 6374 25
6374 3076 11
3076 7381 7
8188 6378 25
2307 6429 25
6598 6534 25
6534 9714 11
3687 6546 25
5807 6559 25
4440 6637 25
6637 8994 24
4985 6665 25
5822 6690 25
8694 6742 25
5747 6752 25
5765 6794 25
1086 6873 25
6771 7074 25
935 7113 25
7113 2854 6
7591 7181 25
7181 7854 11
4530 7217 25
7217 3196 22
3196 4838 23
18 7474 25
2109 7543 25
679 7621 25
7719 7697 25
7697 8346 16
9021 7874 25
1774 7880 25
1178 7881 25
4195 7906 25
941 7964 25
4190 8160 25
8745 8287 25
8287 2873 8
9531 8298 25
8705 8397 25
8811 8502 25
8136 8510 25
1353 8559 25
8559 5495 1
6644 8667 25
8667 7801 16
7056 8707 25
8707 2780 21
9861 8708 25
1294 8738 25
4433 8787 25
8787 9090 10
5816 8924 25
2519 8967 25
440 8971 25
6335 9083 25
6663 9243 25
9894 9288 25
5336 9308 25
9308 8810 22
2741 9425 25
5878 9438 25
48 9471 25
9471 1796 13
8424 9599 25
3639 9734 25
9734 9617 5
6860 9736 25
9736 3646 5
3646 9803 5
101 9799 25
9850 9837 25
9837 4398 25
4398 3918 16
4398 9494 22
54 179 26
1438 205 26
8908 339 26
339 3729 20
3729 6781 15
3479 388 26
2938 404 26
2963 562 26
1409 603 26
3647 607 26
607 8792 1
8792 5960 22
5960 7309 24
7309 7509 7
692 845 26
845 6302 8
4480 865 26
865 7394 3
7394 4252 4
865 5775 5
4252 7857 7
6536 884 26
624 1052 26
1780 1060 26
8511 1142 26
1142 5359 7
2964 1188 26
1188 6872 11
508 1236 26
1236 176 10
5017 1239 26
1239 7958 4
1239 194 6
194 8608 12
8608 108 8
1239 1351 24
1351 8231 8
776 1356 26
8314 1528 26
722 1643 26
1643 2153 11
3565 1644 26
1644 4343 3
4343 6926 8
4233 1696 26
1696 9363 21
1696 8386 25
8386 9814 24
9814 4914 7
882 1783 26
6039 1940 26
1154 2007 26
2007 5873 15
5873 6077 7
5873 1659 14
6673 2082 26
9665 2131 26
169 2185 26
2185 8552 4
8552 570 2
570 3840 19
3840 116 12
116 8307 19
2028 2191 26
2191 4903 11
4700 2228 26
8718 2244 26
2244 2090 12
2090 2336 12
1573 2466 26
3279 2582 26
3866 2651 26
2651 7314 6
3831 2724 26
2724 6255 7
7891 2772 26
2387 2819 26
3044 2909 26
2909 9452 7
2909 3318 18
3318 9898 3
7331 2910 26
3866 2975 26
7505 3045 26
9429 3125 26
3286 3210 26
295 3231 26
1495 3518 26
5424 3589 26
5336 3591 26
5190 3699 26
4345 3706 26
3706 216 26
4399 3792 26
2873 3944 26
6178 4144 26
5007 4167 26
366 4524 26
4524 6652 8
6652 9246 8
6652 8278 13
8278 9841 12
8278 5421 13
6652 2488 23
9009 4537 26
4537 6578 13
1230 4639 26
6285 4836 26
4836 1122 7
2566 4846 26
9896 4943 26
2709 5078 26
5078 7971 22
7971 8547 12
3391 5108 26
392 5228 26
5228 1804 6
5894 5271 26
1491 5334 26
5334 5550 25
2669 5343 26
5343 649 16
2744 5400 26
3955 5534 26
1349 5676 26
6564 5770 26
3424 5804 26
5804 838 25
838 604 14
3994 5867 26
9168 5933 26
5933 4582 8
538 6005 26
8268 6264 26
6264 8689 24
7852 6288 26
6288 6526 16
6526 8436 8
8436 812 13
1126 6341 26
3477 6352 26
6352 397 19
3747 6408 26
6408 681 4
6408 9959 13
6408 9848 21
9848 942 2
717 6492 26
670 6570 26
6570 1493 20
6570 1835 26
3638 6573 26
6573 1608 7
1608 3988 10
1608 4442 22
4442 3301 7
3301 4165 16
4165 7973 12
7973 5291 5
7973 8918 6
9748 6586 26
4228 6730 26
4992 6751 26
600 6770 26
6770 1084 3
8333 7017 26
586 7386 26
8393 7430 26
7430 2974 3
1354 7523 26
3372 7564 26
4622 7577 26
7577 9940 20
2332 7631 26
7631 5768 17
7102 7710 26
6500 7829 26
4475 7920 26
3567 7966 26
7002 8162 26
8162 5351 8
4555 8172 26
1522 8242 26
5899 8328 26
3802 8351 26
932 8381 26
8381 9016 23
1603 8400 26
4843 8429 26
8429 6626 14
7473 8613 26
862 8679 26
2285 8700 26
8700 1919 26
8449 8720 26
7129 8796 26
8382 8829 26
7681 8897 26
2408 8909 26
9246 8928 26
3371 9012 26
1898 9017 26
3654 9136 26
5554 9138 26
775 9216 26
6327 9248 26
4778 9289 26
6966 9374 26
9374 2892 24
4628 9383 26
861 9402 26
8505 9575 26
1167 9618 26
165 9784 26
9784 8605 13
9784 6773 23
9784 9331 26
4887 9791 26
2874 9829 26
5232 9838 26
9838 7424 7
7424 1850 16
4919 9875 26
7876 10 27
10 2237 8
10 421 16
806 340 27
340 4507 7
9114 475 27
1600 505 27
505 7431 6
8219 525 27
525 1489 18
1074 632 27
632 3844 9
190 676 27
3279 774 27
1586 777 27
8389 835 27
1653 908 27
908 1441 3
908 3691 12
3691 2647 7
2647 7414 5
2647 3708 12
908 4787 14
1441 4853 15
3691 4069 17
7576 969 27
5537 1058 27
1058 8315 20
93 1088 27
7687 1119 27
6195 1215 27
2536 1399 27
6515 1429 27
5053 1590 27
1590 7361 3
7361 4714 6
2811 2044 27
2044 2382 22
204 2161 27
2161 2711 8
1390 2236 27
7257 2430 27
2430 7246 23
4290 2610 27
2610 6848 3
2610 1404 17
2431 2634 27
6142 2643 27
3000 2728 27
5902 2845 27
2845 991 3
8675 3134 27
3134 3498 14
3498 9873 9
8014 3264 27
9093 3347 27
2699 3402 27
5192 3508 27
1 3519 27
8284 3539 27
3539 1725 14
7444 3605 27
3605 3730 6
7819 3629 27
171 3661 27
1268 3794 27
1987 3884 27
904 4014 27
4014 4641 4
1128 4121 27
1138 4126 27
1929 4194 27
3004 4206 27
4206 9349 16
4206 9914 23
1319 4303 27
4303 4854 16
2224 4359 27
4006 4384 27
5176 4414 27
3816 4645 27
4645 307 14
45 4808 27
4751 4839 27
5541 4904 27
4904 8828 22
6017 4940 27
4940 9157 9
9157 5154 1
9157 6364 15
5154 2371 27
8782 5016 27
3708 5155 27
5155 8808 3
8808 7374 5
7374 5425 11
5425 4465 16
9352 5205 27
5205 8842 24
8660 5218 27
5019 5293 27
7754 5361 27
5361 3213 15
5361 3071 19
3071 6224 10
6224 3782 7
3071 5976 24
5976 7204 5
415 5407 27
5407 4286 2
7017 5483 27
744 5578 27
5578 4556 8
4556 4946 8
4946 4264 1
4946 4511 13
1317 5582 27
5582 6756 7
6855 5585 27
3433 5645 27
5645 6200 19
8006 5649 27
1797 5687 27
9040 5714 27
1326 5715 27
9253 5849 27
3467 6019 27
9246 6061 27
6061 3758 16
3758 8459 15
2727 6093 27
9213 6182 27
4975 6204 27
6212 6232 27
9253 6241 27
7250 6319 27
6319 8672 14
8672 7884 13
8672 6523 15
7884 3138 22
9134 6389 27
2976 6521 27
6152 6563 27
2570 6609 27
884 6724 27
120 7090 27
7090 4644 21
4644 6387 2
4644 1315 25
8808 7142 27
249 7234 27
7234 2229 20
2229 3493 27
287 7304 27
560 7353 27
7353 3455 26
8918 7413 27
137 7513 27
5630 7624 27
5453 7842 27
9045 7888 27
7553 8085 27
969 8159 27
8159 6340 25
374 8177 27
5552 8282 27
6186 8357 27
2020 8488 27
8488 2012 14
8499 8550 27
5914 8567 27
2574 8629 27
7323 8673 27
8673 8529 22
1643 8727 27
8727 7363 15
7363 5540 12
5540 7485 9
7485 8114 22
4559 8805 27
6491 8825 27
9484 9107 27
813 9184 27
9184 1930 22
9594 9218 27
9218 4253 14
7928 9242 27
9242 9110 1
5233 9350 27
9020 9441 27
8878 9479 27
9479 8736 11
6289 9518 27
6920 9541 27
9541 4340 21
7614 9576 27
52 9720 27
7936 9765 27
4860 9827 27
9827 7100 5
7100 486 21
486 6269 24
1407 9903 27
1248 545 28
545 8848 14
2416 699 28
6869 786 28
2672 1030 28
1030 8976 19
2475 1049 28
6775 1068 28
2342 1274 28
8351 1325 28
4479 1370 28
1370 6878 22
6878 3979 8
3979 9337 25
7232 1433 28
4978 1512 28
1512 9641 3
1842 1567 28
2612 1703 28
1522 1900 28
6886 1902 28
1902 8748 6
8748 3282 10
861 2088 28
9748 2106 28
9729 2315 28
343 2329 28
3194 2532 28
7780 2625 28
2625 7335 9
9818 2740 28
9797 2792 28
2792 2857 5
2857 6721 2
3335 2808 28
4234 2836 28
4755 2867 28
987 2872 28
2872 596 10
2580 2917 28
1436 3031 28
4963 3032 28
3032 261 14
3032 2474 14
2474 6778 8
6778 3351 13
261 9142 26
1260 3169 28
6042 3198 28
3198 8061 2
3198 8095 24
9596 3221 28
2979 3355 28
3355 1869 2
3577 3570 28
5620 3656 28
3656 469 13
3932 3784 28
3784 3651 20
3651 2483 21
3043 3846 28
3846 950 10
950 402 9
950 4841 21
950 8324 21
950 4739 24
3127 3856 28
3856 1776 11
7206 3950 28
7698 4063 28
1958 4163 28
4163 6450 5
4163 3556 12
4163 9206 19
9206 7302 17
6450 1198 25
1198 9294 18
9294 8265 17
9125 4427 28
1224 4500 28
4100 4608 28
5209 4653 28
4319 4801 28
4801 1658 19
4274 4833 28
1739 4886 28
9663 4902 28
722 4988 28
8143 4994 28
8706 5025 28
5025 8534 19
673 5082 28
5082 7986 13
5082 7731 16
5082 1914 17
9799 5093 28
3106 5097 28
5097 3197 6
6758 5106 28
9473 5150 28
5150 7472 23
4535 5208 28
5208 7451 2
5208 7268 13
1235 5253 28
616 5309 28
5984 5465 28
1742 5497 28
5043 5594 28
4574 5773 28
6886 5780 28
1639 5906 28
2049 5952 28
419 5982 28
3397 6010 28
7349 6074 28
6074 5371 14
3747 6087 28
6508 6157 28
5992 6165 28
6165 9560 1
9560 2589 15
9763 6179 28
6179 1628 27
1628 648 18
1628 3211 20
896 6235 28
6235 7399 23
1712 6238 28
6534 6271 28
6271 7299 22
7299 9782 4
7431 6351 28
3737 6436 28
6436 4947 20
5560 6439 28
5990 6792 28
7857 6838 28
5388 6846 28
6123 7060 28
355 7184 28
7184 9267 15
9267 1496 11
3786 7322 28
7322 9886 4
4039 7504 28
5961 7519 28
7519 794 15
1667 7691 28
4557 7734 28
654 7878 28
9242 7907 28
295 7922 28
3014 7934 28
6600 8113 28
8113 231 28
4045 8139 28
1455 8313 28
7643 8390 28
2583 8564 28
8564 9011 2
8564 3541 20
3541 3009 9
9873 8826 28
2533 8950 28
7883 9041 28
9041 4328 16
6972 9092 28
4615 9117 28
4380 9381 28
9381 8635 2
7127 9446 28
3104 9673 28
4968 9900 28
8163 9953 28
5355 9983 28
79 177 29
365 284 29
716 341 29
220 430 29
4774 459 29
459 8232 15
2740 707 29
328 891 29
891 1421 5
1421 3679 16
3679 310 6
891 3835 27
1549 1123 29
1024 1271 29
6974 1284 29
1284 688 24
688 2949 16
688 9788 16
3149 1560 29
2913 1693 29
7190 1778 29
1766 1827 29
7909 1984 29
9475 2032 29
2032 8215 6
8215 7043 28
6996 2140 29
2867 2222 29
2222 1454 5
2923 2257 29
4420 2349 29
2349 980 9
6721 2470 29
8459 2491 29
2022 2642 29
2642 8211 12
8211 8987 18
8211 6620 25
6620 9622 20
867 2720 29
374 2752 29
6981 2799 29
2799 3528 21
3528 6102 2
3528 7050 8
4851 2843 29
9418 2898 29
2898 4115 1
6622 3186 29
3815 3259 29
3987 3478 29
3478 5923 17
3478 2039 27
9886 3496 29
1845 3513 29
1705 4215 29
6446 4269 29
4269 8570 26
3771 4310 29
4310 3740 24
1912 4360 29
3946 4413 29
428 4505 29
4810 4632 29
4320 4785 29
5761 5022 29
5022 7269 11
599 5087 29
4422 5136 29
6392 5197 29
5197 8053 3
1007 5221 29
9223 5535 29
5055 5741 29
3834 5841 29
5841 680 18
680 7419 1
680 4376 2
5841 3509 26
3509 8374 3
680 5487 29
6048 5854 29
1688 5949 29
5949 8881 14
8850 6163 29
6163 2919 22
9821 6299 29
2869 6572 29
6572 2097 24
3115 6608 29
4552 6681 29
1351 6691 29
6691 9701 7
7346 6746 29
375 6844 29
7245 6970 29
5030 7159 29
6056 7380 29
975 7385 29
7530 7476 29
5733 7495 29
9957 7526 29
5552 7547 29
1332 7775 29
7775 2215 12
2215 1286 14
2218 7776 29
879 7944 29
3202 8369 29
8369 9570 11
8369 2767 12
8856 8394 29
8394 3495 18
9022 8440 29
7935 8623 29
8623 8900 10
8623 6444 11
1487 8656 29
6322 8806 29
8127 8885 29
8885 7278 8
8885 2103 10
7054 8966 29
8966 7812 6
3821 8970 29
4247 9121 29
7172 9147 29
1289 9148 29
9148 8607 14
6972 9181 29
6027 9501 29
4220 9674 29
5813 9680 29
9680 6502 10
8499 9759 29
3196 9822 29
9822 3901 2
9822 2165 20
2165 9315 27
9315 6104 15
6104 2864 8
6104 4495 20
4953 9974 29
9974 7912 15
2510 153 30
9732 187 30
3196 197 30
197 1358 9
1358 1099 14
7269 394 30
394 9965 8
1787 740 30
740 8261 16
740 8783 29
581 927 30
927 8487 1
4095 992 30
992 6290 24
9885 1151 30
4175 1231 30
4121 1342 30
6496 1415 30
9547 1416 30
3125 1619 30
5089 1868 30
3282 1978 30
3192 2003 30
821 2064 30
1992 2325 30
3567 2384 30
5306 2476 30
2476 3614 11
2476 8604 11
3614 414 17
3613 2588 30
1518 3053 30
2120 3249 30
1791 3334 30
2848 3360 30
7320 3365 30
2104 3368 30
2452 3395 30
1879 3399 30
3399 8946 29
4770 3462 30
5706 3582 30
2083 3635 30
3635 6143 11
3635 3327 12
2568 3750 30
3750 7235 5
3750 3512 8
3286 3806 30
2738 3903 30
7768 3993 30
812 4139 30
1979 4344 30
5334 5054 30
5054 6263 22
6263 9946 29
2439 5260 30
5260 5057 14
3176 5372 30
4644 5377 30
5040 5520 30
5520 7195 1
5520 3451 6
5772 5533 30
5533 7608 26
7608 6028 1
7608 2806 5
6028 7727 5
2106 5644 30
1407 5707 30
3071 5836 30
2685 5858 30
758 5998 30
5998 7230 15
1571 5999 30
5999 8678 2
5999 1817 28
4904 6020 30
4747 6129 30
4025 6385 30
6385 5275 25
5275 7641 20
9549 6514 30
3210 6557 30
5541 6732 30
5436 6836 30
2784 6867 30
4784 6929 30
6930 6936 30
9626 6937 30
6014 7009 30
7009 9028 15
4556 7057 30
345 7126 30
7126 2569 22
2569 2182 2
2569 1403 19
3569 7199 30
1948 7258 30
9624 7296 30
7296 9025 18
2022 7455 30
1898 7511 30
6214 7540 30
7540 8636 16
7540 7885 28
7885 7481 20
7481 203 28
2599 7609 30
2877 7745 30
6923 7879 30
1635 7941 30
3051 8309 30
9208 8337 30
7489 8370 30
4737 8521 30
2393 8618 30
5047 8847 30
1568 9141 30
2034 9150 30
9150 3222 22
1533 9187 30
1156 9409 30
2131 9442 30
7866 9461 30
1684 9559 30
5262 9571 30
9571 4619 30
9964 9598 30
1171 9632 30
7981 9737 30
9737 6144 18
8056 9751 30
2593 9755 30
8678 9768 30
3494 9982 30
1455 151 31
1313 226 31
4044 436 31
3502 651 31
5075 656 31
656 3407 3
2809 791 31
791 2539 1
2539 1444 27
2464 798 31
3470 1098 31
3500 1186 31
1299 1307 31
8013 1494 31
1494 2306 7
709 1504 31
628 1578 31
2291 1582 31
5852 1598 31
1598 2700 18
1705 1675 31
3962 2037 31
3415 2071 31
8001 2364 31
7271 2623 31
2623 4093 27
6655 3401 31
5266 3429 31
3704 4133 31
8775 4294 31
9091 4353 31
2351 4423 31
5222 4643 31
4643 286 2
286 2716 25
4479 4725 31
228 4927 31
5752 5041 31
8870 5084 31
9441 5161 31
5161 1469 1
7723 5348 31
2246 5658 31
7271 5837 31
6955 5904 31
7693 6018 31
6425 6103 31
6103 4763 6
1324 6171 31
6171 6601 8
6601 4529 25
4529 5903 20
4529 9644 29
1343 6267 31
3098 6399 31
3694 6488 31
3435 6545 31
2770 6555 31
3405 6760 31
3682 6784 31
7009 6828 31
320 6901 31
8465 6915 31
4886 6925 31
6925 8822 10
3439 7158 31
5239 7387 31
7064 7388 31
1294 7391 31
1908 7566 31
7566 6643 2
7566 4466 16
4466 8830 6
8830 9290 1
9290 3373 16
9290 1620 25
1620 1477 25
3397 7629 31
5759 7667 31
724 7689 31
7689 5788 1
5788 6713 28
5788 2381 31
2381 9135 29
9135 8610 21
916 7728 31
7728 336 6
7728 5494 30
5099 7959 31
6599 8038 31
1535 8379 31
8379 1139 27
1139 8746 13
1139 3900 22
5938 8419 31
4923 8514 31
4207 8733 31
1219 8844 31
8193 8883 31
3106 8985 31
8985 6613 6
5993 9111 31
9111 4011 17
4011 6167 6
9111 2365 19
2365 2656 26
2656 4745 26
325 9324 31
8186 9403 31
1816 9621 31
2358 9941 31
5877 84 32
84 157 7
1994 159 32
6496 350 32
188 479 32
1651 610 32
5245 719 32
719 266 4
5877 857 32
49 1395 32
6445 1449 32
1449 3199 6
9659 1521 32
1105 1536 32
1536 1794 8
1794 8005 6
542 1755 32
1755 4760 8
4760 2776 27
2776 6411 8
6411 7409 5
1755 4856 30
5528 1772 32
1772 7402 18
3645 1822 32
8849 1962 32
1962 7157 15
9259 1971 32
1971 7168 20
1570 2211 32
4833 2350 32
2821 2682 32
2682 7993 11
3357 2833 32
6560 2933 32
5802 3048 32
3048 6799 7
5585 3188 32
1968 3340 32
6019 3359 32
3359 2458 2
3359 4604 24
5893 3420 32
4795 3597 32
9546 3670 32
74 3700 32
8741 3818 32
8278 3836 32
3836 5583 17
3836 9627 30
5764 3905 32
3982 3913 32
6026 3917 32
4361 4019 32
3456 4153 32
1471 4263 32
6538 4268 32
5901 4283 32
2280 4638 32
5621 4647 32
7149 4806 32
173 4832 32
590 4967 32
2283 5059 32
6332 5115 32
3192 5151 32
5151 2389 23
9021 5236 32
3310 5251 32
5337 5264 32
5264 6382 19
6382 1751 18
1751 2122 12
2122 5010 21
6932 5268 32
7358 5282 32
5282 7384 10
3836 5345 32
3284 5391 32
5391 9313 1
5391 6862 3
9987 5564 32
5564 5088 2
5088 4634 15
925 5603 32
4595 5651 32
3162 5839 32
5839 7240 27
7240 2494 5
6089 5944 32
5944 4454 15
1288 6023 32
2038 6082 32
4418 6381 32
5073 6398 32
5746 6405 32
1195 6452 32
6619 6456 32
487 6468 32
4476 6661 32
6095 6791 32
697 6818 32
1799 6983 32
6594 7096 32
7096 2094 4
4283 7154 32
7732 7529 32
768 7755 32
7755 5713 25
2258 7811 32
6116 7905 32
7487 8016 32
1293 8024 32
1329 8032 32
5955 8125 32
8601 8198 32
2138 8414 32
2492 8641 32
7305 8910 32
8910 1719 14
8847 9076 32
8475 9396 32
9354 9437 32
6003 9493 32
9493 8991 24
2627 9524 32
7454 9795 32
8940 9893 32
8594 9934 32
1119 9962 32
9962 6184 12
5842 493 33
493 5777 26
5777 2955 20
2757 792 33
792 5669 21
792 2791 31
9677 983 33
9484 1113 33
4536 1779 33
1779 924 8
1093 1863 33
2626 2264 33
3857 2637 33
5312 2928 33
2928 4411 11
3354 3015 33
3015 4950 5
9416 3466 33
9606 3475 33
1838 3599 33
9200 3677 33
6324 3867 33
9082 3963 33
3963 9804 23
584 4313 33
9665 4434 33
6925 4448 33
4448 8221 12
7408 4624 33
2494 4673 33
8357 4728 33
4728 3161 18
26 5120 33
3897 5182 33
6804 5490 33
5490 3367 10
8181 5689 33
5411 5751 33
6307 5756 33
5804 5758 33
9971 5922 33
5187 6050 33
3977 6194 33
6194 8762 31
9165 6208 33
3850 6367 33
2950 6548 33
757 6623 33
8274 6824 33
1194 6833 33
3572 6870 33
6870 4708 33
4708 4735 3
599 7187 33
3898 7326 33
3718 7393 33
557 7573 33
7526 7758 33
8727 8206 33
8206 3945 27
4614 8210 33
8210 4758 6
7451 8306 33
1458 8327 33
1872 8329 33
6930 8664 33
1397 8759 33
4334 8798 33
8798 9153 2
9153 3345 17
2525 8876 33
8876 9517 23
2163 9100 33
9100 1259 27
9453 9116 33
1029 9372 33
9372 8785 8
4570 9655 33
4297 9877 33
9877 5379 19
5379 860 29
8925 501 34
966 614 34
4498 844 34
8470 936 34
936 2087 29
1431 1017 34
887 1337 34
7336 1448 34
1448 2577 23
2577 1164 2
1164 1520 20
3194 1715 34
5926 2033 34
1459 2041 34
1869 2052 34
9591 2472 34
6614 2742 34
1077 2790 34
4356 3008 34
4130 3016 34
4906 3135 34
3135 8057 14
3135 8341 17
5011 3262 34
1804 3285 34
3285 3970 3
3285 7333 11
1729 3733 34
5404 3957 34
7602 4142 34
5902 4179 34
1155 4197 34
5100 4579 34
9945 4695 34
7337 5001 34
3169 5141 34
667 5224 34
5953 5327 34
5327 6434 2
6434 4913 25
3939 5370 34
4072 5409 34
5409 8949 15
2401 5427 34
9946 5473 34
1345 5744 34
5605 5995 34
5995 1303 33
2877 6001 34
9915 6036 34
3311 6162 34
7263 6905 34
6905 4502 20
4502 8904 6
153 6933 34
1303 7022 34
5690 7106 34
7547 7169 34
158 7225 34
2836 7273 34
1415 7673 34
1331 7748 34
9873 7851 34
4419 7861 34
7861 7340 27
5986 7862 34
3119 7870 34
4362 7901 34
9959 7983 34
7158 8217 34
7872 8256 34
1301 8290 34
434 8335 34
7315 8366 34
8238 8448 34
2320 8523 34
8523 6941 4
1614 8839 34
3854 8978 34
1152 9097 34
9097 4365 30
5334 9164 34
792 9173 34
7722 9175 34
9175 4426 14
4426 9307 20
9175 8709 31
5104 9558 34
9558 5130 6
4078 9824 34
9824 4703 25
700 543 35
543 7575 33
623 647 35
1060 732 35
1736 944 35
944 1692 17
2407 1488 35
204 1943 35
6173 1946 35
154 1956 35
1956 7596 6
4584 2067 35
2465 2210 35
413 2478 35
9098 2597 35
8470 2693 35
542 2801 35
2801 2419 23
7584 2889 35
1953 3226 35
3226 3166 6
3166 4924 10
7850 3460 35
4537 3550 35
6118 3607 35
6410 3874 35
2742 3968 35
2222 4357 35
9827 4367 35
9025 4491 35
4777 4674 35
6656 4719 35
4615 5254 35
1443 5959 35
5794 6145 35
9657 6188 35
4143 6466 35
5444 6552 35
5022 6667 35
4879 6726 35
2453 6896 35
6896 7252 12
2346 6977 35
9909 7051 35
7699 7053 35
1643 7055 35
7055 6906 3
186 7253 35
1067 7352 35
2406 7638 35
5164 7679 35
6315 7690 35
222 7701 35
4054 7967 35
3968 8264 35
2345 8270 35
8971 8365 35
8365 8209 8
8209 5823 19
2866 8454 35
2834 8508 35
8508 8457 28
5267 8778 35
2267 8817 35
9955 9034 35
6381 9152 35
4306 9385 35
5921 9899 35
867 322 36
1207 389 36
269 468 36
2880 513 36
8893 981 36
2171 1205 36
3172 1255 36
1061 1311 36
1311 5890 15
5890 4460 21
753 1656 36
2975 1777 36
3433 2167 36
5154 2181 36
6833 2564 36
97 3018 36
3709 3036 36
3036 8695 7
1046 3058 36
9524 3117 36
7718 3390 36
8171 3489 36
483 3741 36
3741 7464 16
7873 3820 36
7020 3883 36
7362 3919 36
2727 4230 36
5769 4489 36
387 4601 36
4601 6776 20
4916 4629 36
6068 4752 36
7393 4944 36
4592 5149 36
5149 2068 12
4482 5214 36
5832 5333 36
5333 1015 12
1015 1020 36
1020 6569 6
2450 5396 36
5396 6531 34
4276 5517 36
5517 2242 25
2361 5917 36
9729 5965 36
2257 6280 36
6020 6416 36
966 6678 36
4566 6709 36
4454 6887 36
3330 6904 36
9048 6997 36
6983 7130 36
16 7131 36
9151 7248 36
5883 7398 36
5556 7466 36
1274 7632 36
2352 7634 36
2419 7743 36
4053 7818 36
1237 7860 36
6316 8243 36
8222 8799 36
1236 9118 36
1000 9273 36
3424 9285 36
4125 9325 36
5079 9411 36
8132 9700 36
6222 9762 36
2168 9770 36
9770 4636 17
4636 4075 16
4075 7091 4
4636 6282 36
97 9805 36
1257 90 37
1370 207 37
607 484 37
6683 1208 37
1208 797 23
1208 8157 33
8157 9749 5
9735 1225 37
5660 1374 37
735 1391 37
4365 1641 37
1641 1616 4
5310 2040 37
2040 3549 21
17 2099 37
1582 2273 37
2121 3322 37
3448 3419 37
6127 3895 37
8736 4573 37
8396 4630 37
347 4637 37
3268 4759 37
7939 4798 37
189 5249 37
9343 5363 37
1284 5557 37
5867 6071 37
5999 6169 37
6169 4452 24
2986 6262 37
6262 2600 30
4931 6329 37
8748 6359 37
1267 6493 37
9492 6712 37
6271 6830 37
7896 6989 37
3711 6994 37
6900 7110 37
7462 7265 37
4028 7279 37
7279 3235 9
6575 7615 37
6418 7783 37
6378 7948 37
8537 8035 37
6319 8102 37
4484 8364 37
4503 8455 37
4358 8463 37
8463 3598 20
2723 8484 37
4515 8571 37
2778 8691 37
8691 7165 8
3436 8998 37
8998 7411 32
466 9252 37
889 9360 37
1347 9423 37
3726 9434 37
9434 9616 6
9434 1913 10
2726 9746 37
931 9859 37
8969 9906 37
297 630 38
630 9387 7
9387 7843 22
2461 850 38
217 982 38
4881 1238 38
1238 8107 34
8330 1468 38
6167 1775 38
3235 2493 38
5886 2768 38
1921 2797 38
8084 3179 38
298 3223 38
8259 3954 38
3954 8597 27
6446 4052 38
4216 4117 38
9381 4168 38
7657 4249 38
1379 4348 38
4292 4620 38
4286 4862 38
8494 4981 38
2211 5619 38
5619 9249 19
7028 5704 38
2107 5821 38
1903 5859 38
1478 6108 38
6108 5749 37
4574 6251 38
2057 6303 38
1508 6662 38
4628 6829 38
7309 6890 38
3173 7261 38
7261 6797 33
8894 7310 38
380 7688 38
211 8187 38
4489 8362 38
6248 8403 38
1393 8757 38
8757 3049 35
3049 7077 35
3446 8765 38
4496 8980 38
3098 9036 38
1272 9183 38
8957 9230 38
4090 9705 38
6240 9925 38
630 410 39
193 631 39
1222 1081 39
731 1247 39
1247 8173 36
3815 1261 39
7156 1277 39
772 1569 39
559 1738 39
6286 1805 39
365 2204 39
992 2323 39
9538 2967 39
361 3165 39
9721 3178 39
712 3305 39
9568 4240 39
3965 4395 39
3104 4506 39
7631 5399 39
3287 5574 39
1481 6015 39
4184 6045 39
1094 6254 39
4708 6686 39
6686 8371 29
1377 7486 39
6959 7588 39
6218 7659 39
5042 7756 39
7756 9966 14
1513 7972 39
310 8012 39
8012 2489 25
3814 8066 39
8066 3642 31
5274 8079 39
9288 8131 39
4652 8275 39
3288 8356 39
8489 9176 39
1329 9264 39
4995 9378 39
7518 9414 39
5396 9602 39
3158 9649 39
4985 9661 39
1139 565 40
565 5652 8
2832 671 40
671 8915 2
671 7428 17
7671 728 40
9308 1610 40
7633 2166 40
5941 2748 40
6574 3514 40
6318 3798 40
1890 4080 40
4080 8289 1
7910 4331 40
6470 4463 40
498 4612 40
4914 5223 40
5223 2396 25
2811 6390 40
6456 6402 40
8012 6705 40
2695 7616 40
3829 7954 40
7153 8749 40
4501 8922 40
8706 9268 40
1161 9556 40
5321 9907 40
9907 5301 39
7480 243 41
598 705 41
5229 714 41
7769 1040 41
1826 2114 41
141 2214 41
6937 2500 41
91 2747 41
2747 4980 40
3551 2896 41
2896 9342 20
9342 3630 34
3388 3046 41
6359 3080 41
7638 3366 41
7756 3392 41
7190 3780 41
2628 3847 41
3847 6472 34
4869 3921 41
3673 4020 41
1137 4031 41
4043 4221 41
4221 3499 23
3379 5828 41
266 6447 41
5205 6509 41
1152 6542 41
4932 6551 41
5800 6823 41
6823 9913 34
9913 2555 10
6298 6831 41
1919 6979 41
2743 7108 41
953 7303 41
2888 7332 41
307 7507 41
3351 7974 41
839 8684 41
913 8831 41
9501 8868 41
3162 8996 41
8442 9007 41
5050 9420 41
1267 9911 41
1551 1148 42
3927 1949 42
1741 2929 42
6714 3941 42
6847 4086 42
1008 4145 42
1653 4189 42
3776 5103 42
8318 5177 42
2476 5655 42
1461 6054 42
311 6349 42
5706 6401 42
578 6960 42
1885 7010 42
9252 7078 42
9633 7104 42
7104 9222 17
6011 7236 42
7236 6313 28
6313 6512 17
8867 8093 42
1929 8588 42
7756 8627 42
4549 8712 42
1841 9077 42
7473 9160 42
9712 9241 42
1298 9601 42
18 66 43
4088 282 43
5987 582 43
735 2183 43
5799 3928 43
4847 4001 43
9486 4540 43
9251 5454 43
2372 5515 43
1220 5779 43
7504 5795 43
6360 5939 43
3416 5957 43
8656 5981 43
5316 6096 43
7126 6653 43
6653 6669 6
7178 6889 43
749 7005 43
9183 7097 43
487 7233 43
2832 7642 43
7928 7733 43
1433 8010 43
6139 8227 43
9089 8464 43
6631 9578 43
8868 9592 43
775 9612 43
1138 9876 43
9876 3972 39
5631 9975 43
9975 5441 2
5441 4662 41
8289 1967 44
5427 2113 44
2581 2547 44
821 2816 44
3921 3526 44
4432 3548 44
5581 3671 44
4778 4112 44
977 4625 44
4144 4656 44
1062 4868 44
3451 5791 44
2670 6247 44
2969 6328 44
5685 6414 44
3457 6582 44
7401 7092 44
7092 3574 3
9541 7219 44
2243 7502 44
4920 7763 44
7763 5037 12
7763 4954 44
3220 7802 44
1585 7899 44
910 7950 44
7950 2009 37
9466 8296 44
1659 8680 44
8680 4404 16
1703 8770 44
1392 9214 44
61 9741 44
3437 1384 45
97 2884 45
2297 3203 45
4016 3309 45
3189 3940 45
3502 4047 45
2124 4330 45
258 4469 45
4100 6112 45
4699 6990 45
1993 7290 45
3203 8146 45
1176 8519 45
2625 8535 45
5028 8880 45
8880 1625 3
5780 8926 45
5478 9215 45
1033 9384 45
6113 9527 45
7973 9581 45
5058 9711 45
5682 4102 46
4102 4441 14
2665 4323 46
3429 4738 46
546 5431 46
1408 5641 46
9258 6407 46
8899 6899 46
6489 7373 46
708 7423 46
2777 7717 46
6476 8377 46
9233 8416 46
6372 8551 46
9094 8917 46
7175 9192 46
5829 9370 46
98 715 47
1222 1685 47
1053 3140 47
1590 3801 47
7147 4692 47
9735 5244 47
2367 5360 47
6874 6978 47
1683 6980 47
6980 7561 17
3252 8017 47
3785 8165 47
7593 8662 47
4068 9044 47
805 9101 47
3595 9154 47
6634 9692 47
1842 9716 47
9716 9244 31
2705 429 48
429 2490 9
9047 830 48
2388 1201 48
1201 686 19
4291 1572 48
3112 1997 48
5150 2420 48
2399 3052 48
9111 4289 48
9242 4394 48
9606 4805 48
8140 5368 48
6946 5738 48
7213 5962 48
3038 6400 48
3567 6424 48
575 6524 48
9049 6635 48
9987 7193 48
4682 8105 48
3578 8166 48
1570 9051 48
2572 9087 48
2109 9529 48
836 9849 48
4629 710 49
8359 2335 49
481 2875 49
4826 3082 49
1110 4226 49
4226 2914 19
2914 4036 27
9556 4315 49
6640 5289 49
937 5606 49
9103 6354 49
4749 6693 49
8521 7015 49
7879 7421 49
3650 7655 49
8165 7740 49
7648 8055 49
8233 8657 49
8105 9122 49
1702 1200 50
8491 1636 50
714 2731 50
2115 3863 50
4654 4188 50
658 4332 50
438 5112 50
513 6180 50
5230 6510 50
8877 6796 50
6796 5835 15
5872 7004 50
4739 7146 50
168 7744 50
5001 7913 50
5912 9689 50
9689 4948 13
2159 9917 50
117 1361 51
9090 2704 51
2704 9944 4
607 3362 51
5110 3826 51
3826 5595 27
5642 4369 51
4341 4461 51
4066 6373 51
6597 7174 51
574 7761 51
722 8280 51
3086 9444 51
4657 9589 51
5493 3915 52
1331 4474 52
8953 6369 52
1399 6719 52
897 6902 52
1961 7955 52
2612 8003 52
193 9172 52
5543 9733 52
345 359 53
8234 739 53
739 5951 44
8826 990 53
80 2279 53
6794 3441 53
7030 4051 53
4051 1974 31
4051 5710 42
6489 4664 53
1246 4779 53
7084 5061 53
1259 7133 53
4654 7695 53
3558 8153 53
9286 8230 53
2229 8336 53
1985 864 54
4592 1505 54
2952 2010 54
2498 4412 54
5542 4976 54
9198 5699 54
2055 6283 54
4102 6441 54
1414 7809 54
7656 7915 54
8672 8361 54
3038 8719 54
2142 9238 54
2024 3543 55
1350 3744 55
9433 4578 55
8605 4722 55
4722 2443 24
8147 4804 55
9266 7116 55
4518 8663 55
2180 2712 56
1848 5653 56
5653 6916 20
5780 6435 56
9906 7645 56
3820 9031 56
3858 383 57
746 561 57
8017 3130 57
3130 4891 56
7654 3180 57
370 5243 57
1430 5697 57
9739 7140 57
5047 2706 58
5942 3184 58
3896 3890 58
3890 4650 44
3890 7007 55
2247 5508 58
7033 7644 58
8459 8779 58
9549 9658 58
7039 9722 58
3392 2713 59
1215 3085 59
2658 3830 59
2519 6843 59
2551 1189 60
1568 1352 60
1484 1998 60
7153 3627 60
9420 5850 60
5850 2679 8
4480 7375 60
4537 7571 60
6309 7825 60
3926 8560 60
2013 8671 60
3021 9145 60
575 1365 61
6316 1519 61
4100 4877 61
6854 8593 61
707 5876 62
2345 6820 62
3535 2982 63
38 7191 63
67 7759 63
3830 7991 63
3671 8578 63
4562 9754 63
3244 4678 64
2261 4857 64
6295 7327 64
9527 9413 64
988 1654 65
9943 5801 65
2090 7211 65
1955 7897 65
5404 8864 65
8779 7277 66
2314 8322 66
8043 9202 66
7387 9485 66
1298 3888 67
9542 5626 67
637 7081 67
2394 1173 68
7222 3224 68
5229 6680 68
1074 7603 68
2321 8180 68
8933 8477 68
2690 9379 68
9978 3891 69
1434 4110 70
4524 9113 70
4310 3450 71
3259 1880 73
934 2051 73
5207 5980 73
2330 6210 74
4040 7996 74
1562 1618 75
98 3668 75
377 5195 75
436 7816 75
4896 4689 76
1455 9275 76
9274 8577 77
7104 5865 78
2625 9693 78
3283 8343 80
8978 3544 81
345 2994 84
2209 9469 86
755 3404 87
5543 6694 87
7017 8283 89
180 906 93
1472 9182 95
Total MST weight: 153388
Execution time: 7.006869 ms

MST weight comparison: EQUAL
Status: PASS
