Algorithm: Kruskal's MST
MST edges:
6 8 1
7 2020 1
13 788 1
15 396 1
16 455 1
24 342 1
68 613 1
76 3396 1
78 7275 1
80 2797 1
81 9319 1
105 9040 1
109 2891 1
127 3008 1
130 8060 1
131 2143 1
131 3317 1
147 3409 1
160 7725 1
166 2122 1
176 1874 1
192 2058 1
198 5989 1
234 3344 1
262 3857 1
266 682 1
274 4445 1
299 975 1
322 1652 1
337 8400 1
344 3406 1
350 626 1
361 7402 1
374 3767 1
386 9446 1
411 1067 1
412 821 1
413 1630 1
421 914 1
426 2379 1
459 8131 1
461 9552 1
479 8103 1
481 659 1
487 6612 1
509 1912 1
529 6822 1
532 7866 1
602 8585 1
612 2151 1
617 1994 1
636 5330 1
647 2659 1
660 9652 1
672 8139 1
675 6226 1
678 1667 1
682 985 1
685 4993 1
719 759 1
736 747 1
741 6266 1
758 1876 1
768 1370 1
772 2054 1
784 9792 1
793 1146 1
826 5304 1
839 8354 1
862 1872 1
892 6885 1
916 6244 1
924 935 1
932 2725 1
942 1479 1
942 6625 1
960 2733 1
967 3484 1
974 3876 1
979 7032 1
985 3472 1
1051 4195 1
1062 6064 1
1069 1249 1
1071 7378 1
1072 3782 1
1076 2488 1
1098 4890 1
1137 4143 1
1150 1656 1
1160 1445 1
1185 2834 1
1224 5150 1
1274 7258 1
1280 2484 1
1287 9537 1
1323 1402 1
1338 4597 1
1354 6869 1
1358 7820 1
1363 5110 1
1364 7422 1
1378 7401 1
1442 3154 1
1451 4845 1
1472 3526 1
1499 9505 1
1509 5355 1
1524 5782 1
1532 3078 1
1551 9632 1
1565 2349 1
1616 5466 1
1630 1830 1
1636 1978 1
1636 6312 1
1647 1818 1
1766 8020 1
1772 7139 1
1844 9686 1
1887 5835 1
1902 2723 1
1905 2204 1
1907 6206 1
1918 3047 1
1974 9732 1
2007 2029 1
2026 3943 1
2032 9057 1
2040 9440 1
2138 4305 1
2160 4898 1
2211 6298 1
2239 6340 1
2280 3462 1
2346 8119 1
2349 7915 1
2357 3841 1
2359 7617 1
2369 5043 1
2458 4237 1
2469 4440 1
2509 8226 1
2537 6037 1
2563 7043 1
2591 6697 1
2623 6137 1
2648 4309 1
2664 6436 1
2725 7415 1
2804 9823 1
2833 4186 1
2856 5339 1
2901 5047 1
2921 9477 1
2975 5054 1
2979 9448 1
2983 3407 1
3067 3667 1
3117 4213 1
3145 3409 1
3146 8692 1
3169 7335 1
3181 4550 1
3190 8507 1
3209 9408 1
3228 8877 1
3290 5609 1
3293 5321 1
3307 8746 1
3321 6872 1
3332 8479 1
3360 7167 1
3455 7719 1
3464 5205 1
3486 9025 1
3567 5071 1
3579 5089 1
3603 7118 1
3628 6269 1
3671 5171 1
3691 5945 1
3722 4045 1
3746 5914 1
3767 8544 1
3785 6485 1
3842 4914 1
3893 4948 1
3908 3914 1
3932 5768 1
3936 8696 1
3937 8543 1
4036 6159 1
4051 5941 1
4057 5560 1
4098 9247 1
4151 9333 1
4155 8531 1
4204 5391 1
4248 4520 1
4251 7883 1
4260 5907 1
4373 5776 1
4408 6158 1
4443 7371 1
4457 4661 1
4554 8940 1
4629 6783 1
4661 5783 1
4717 5946 1
4724 7359 1
4800 7578 1
4819 6355 1
4871 6302 1
4940 8429 1
4967 5042 1
5001 7437 1
5002 5769 1
5024 6638 1
5058 5646 1
5106 9931 1
5116 6666 1
5120 6380 1
5130 6275 1
5153 7580 1
5247 8416 1
5250 5700 1
5264 9730 1
5270 9051 1
5298 6115 1
5328 7592 1
5361 7839 1
5371 5970 1
5442 7792 1
5450 8424 1
5469 7513 1
5567 7882 1
5611 7649 1
5628 5630 1
5672 6179 1
5759 8541 1
5803 8305 1
5824 7340 1
5833 6007 1
5878 6988 1
5883 9497 1
5964 8177 1
6020 6410 1
6027 6814 1
6047 6334 1
6061 9363 1
6083 8919 1
6093 9948 1
6114 7944 1
6128 8137 1
6130 7566 1
6163 7778 1
6175 7668 1
6206 8682 1
6266 9833 1
6294 6421 1
6310 9794 1
6366 7209 1
6421 7988 1
6574 9120 1
6607 9372 1
6703 8713 1
6722 6799 1
6783 8051 1
6833 7309 1
6834 9457 1
6905 8417 1
7067 9346 1
7074 7157 1
7097 9072 1
7162 9671 1
7205 8080 1
7242 8662 1
7376 7589 1
7500 7650 1
7613 8181 1
7625 9303 1
8036 8643 1
8043 8331 1
8071 8802 1
8214 9020 1
8265 8692 1
8489 9434 1
8670 9049 1
8672 9038 1
8807 9401 1
9090 9555 1
9293 9661 1
9446 9846 1
30 157 2
30 2014 2
43 840 2
56 2505 2
92 3439 2
99 470 2
106 108 2
122 2872 2
136 177 2
138 871 2
140 7830 2
146 5095 2
190 2427 2
209 3734 2
233 2339 2
238 1509 2
273 1564 2
277 3751 2
295 1580 2
306 7972 2
307 333 2
349 1653 2
349 5018 2
360 546 2
387 864 2
388 6802 2
403 2804 2
405 4193 2
410 965 2
445 8861 2
464 5666 2
473 6594 2
483 1074 2
485 2852 2
486 5290 2
527 3988 2
528 558 2
541 1928 2
547 1537 2
558 657 2
565 9850 2
581 1094 2
605 6923 2
617 2612 2
622 4497 2
631 5797 2
633 3430 2
674 928 2
718 1290 2
720 7729 2
722 842 2
725 7388 2
733 1685 2
739 1552 2
761 8109 2
770 1051 2
773 2165 2
775 7687 2
779 3691 2
787 4491 2
796 5290 2
837 5794 2
862 4902 2
873 2495 2
874 1368 2
885 4462 2
890 9558 2
910 9306 2
923 5628 2
929 1010 2
1009 1641 2
1029 6282 2
1060 3003 2
1072 5124 2
1074 6075 2
1088 1286 2
1089 2759 2
1205 7838 2
1217 2907 2
1237 3765 2
1243 5669 2
1255 1460 2
1300 6106 2
1318 5576 2
1327 2624 2
1344 1694 2
1347 8556 2
1352 4577 2
1380 6677 2
1408 8194 2
1512 3712 2
1530 7663 2
1562 1876 2
1569 3874 2
1581 7434 2
1585 3494 2
1591 5980 2
1609 2905 2
1616 3433 2
1643 4240 2
1652 2819 2
1659 9715 2
1660 2741 2
1684 3589 2
1723 9961 2
1731 9507 2
1757 7171 2
1796 8833 2
1824 5076 2
1857 9611 2
1903 2772 2
1930 4836 2
1930 6544 2
1975 7863 2
1987 2674 2
1987 7103 2
1992 5345 2
2021 2539 2
2032 5381 2
2044 3693 2
2061 5888 2
2063 6017 2
2076 4577 2
2096 7106 2
2098 4804 2
2122 6247 2
2138 3448 2
2153 7733 2
2221 8418 2
2252 5534 2
2254 7972 2
2270 8806 2
2296 7093 2
2324 7078 2
2354 7213 2
2357 2689 2
2385 8610 2
2428 9404 2
2507 2731 2
2513 5438 2
2541 5543 2
2581 5710 2
2615 3562 2
2626 7070 2
2629 7445 2
2637 3751 2
2681 9424 2
2683 6652 2
2695 4222 2
2717 3827 2
2721 7751 2
2724 9448 2
2835 9201 2
2843 5579 2
2863 8452 2
2893 4519 2
2903 5998 2
2963 3255 2
3058 8922 2
3064 9835 2
3069 6813 2
3127 7407 2
3177 4323 2
3200 3293 2
3257 6224 2
3258 4327 2
3319 8882 2
3324 7169 2
3330 4216 2
3354 7296 2
3382 7712 2
3399 9739 2
3429 9930 2
3539 9041 2
3554 5426 2
3563 5156 2
3602 9439 2
3605 3919 2
3621 7875 2
3654 9442 2
3656 8149 2
3661 5087 2
3675 3732 2
3686 7830 2
3702 6294 2
3716 5678 2
3727 9958 2
3759 8706 2
3761 8685 2
3795 8862 2
3821 9031 2
3829 4639 2
3836 7655 2
3963 8330 2
4003 4702 2
4033 5677 2
4091 9983 2
4100 6504 2
4107 4312 2
4173 5034 2
4180 4458 2
4229 7167 2
4272 6622 2
4315 5690 2
4334 7655 2
4396 9879 2
4406 7092 2
4482 9335 2
4492 6645 2
4492 7179 2
4532 5286 2
4551 8781 2
4574 5402 2
4591 9658 2
4621 8913 2
4658 9365 2
4689 8868 2
4704 6670 2
4714 7558 2
4768 8738 2
4788 5769 2
4799 4891 2
4810 5735 2
4859 9760 2
4876 5436 2
4897 9136 2
4903 8569 2
4947 9474 2
4959 8850 2
5058 7803 2
5086 5755 2
5102 9021 2
5148 7880 2
5155 8641 2
5156 9646 2
5165 8295 2
5186 9715 2
5188 5339 2
5198 6701 2
5210 6843 2
5281 8369 2
5422 8436 2
5457 6007 2
5514 6894 2
5562 8607 2
5621 6636 2
5638 8428 2
5737 8892 2
5740 9005 2
5740 9083 2
5752 6414 2
5755 5889 2
5771 6421 2
5793 8218 2
5872 7305 2
6019 8602 2
6156 8387 2
6197 7349 2
6217 7548 2
6231 9666 2
6332 9029 2
6366 9197 2
6394 7458 2
6416 6862 2
6426 8784 2
6456 9207 2
6526 8231 2
6551 8334 2
6575 9742 2
6614 7775 2
6651 8583 2
6668 9510 2
6686 9191 2
6691 8289 2
6691 9844 2
6702 8496 2
6813 8663 2
7041 8761 2
7063 9241 2
7346 9144 2
7361 8524 2
7386 9153 2
7532 8397 2
7579 9405 2
7581 9312 2
7657 8836 2
7660 7820 2
7661 8480 2
7786 8937 2
7867 8263 2
8015 8459 2
8158 9431 2
8161 8912 2
8286 9337 2
8341 8430 2
8365 9714 2
8517 9503 2
8550 9385 2
8974 9322 2
9017 9401 2
9161 9752 2
9216 9995 2
9482 9510 2
3 11 3
4 9 3
15 5834 3
17 3377 3
17 7527 3
29 5991 3
54 3824 3
57 502 3
65 5800 3
70 531 3
77 107 3
81 5849 3
98 601 3
99 208 3
116 822 3
129 5870 3
131 816 3
134 401 3
138 3227 3
138 3351 3
188 3188 3
217 1591 3
225 4294 3
234 1954 3
237 2469 3
250 1285 3
292 2959 3
295 8870 3
299 4879 3
311 5592 3
327 1883 3
365 9040 3
373 2998 3
421 3282 3
424 6174 3
444 4860 3
460 3697 3
489 4553 3
492 3074 3
517 8497 3
559 6948 3
586 8034 3
595 4594 3
596 4114 3
601 1600 3
622 1506 3
628 6435 3
654 2238 3
674 5588 3
680 2904 3
716 2041 3
722 923 3
742 5543 3
754 6390 3
757 7454 3
767 5876 3
805 1167 3
806 3038 3
806 9449 3
830 6534 3
850 2316 3
888 3541 3
898 2928 3
942 3701 3
952 2267 3
953 4110 3
988 7248 3
991 5466 3
994 4404 3
1012 3292 3
1022 7899 3
1035 6563 3
1046 9036 3
1063 3920 3
1080 6030 3
1085 2241 3
1087 5565 3
1174 8980 3
1189 6719 3
1193 1457 3
1202 9911 3
1210 1581 3
1213 2721 3
1214 3186 3
1222 1586 3
1225 5531 3
1240 5869 3
1284 8869 3
1289 2143 3
1290 9123 3
1302 5594 3
1313 2821 3
1327 2329 3
1346 9586 3
1347 4209 3
1348 3092 3
1350 2089 3
1364 2266 3
1367 3740 3
1394 2608 3
1405 6370 3
1429 4788 3
1451 1814 3
1454 2137 3
1457 3737 3
1482 6938 3
1504 3198 3
1541 3898 3
1563 7408 3
1566 6174 3
1603 4720 3
1613 8754 3
1618 4447 3
1622 9184 3
1632 5842 3
1744 6255 3
1750 7708 3
1782 7270 3
1794 9824 3
1803 7934 3
1828 1834 3
1840 3557 3
1859 2885 3
1865 9501 3
1897 2623 3
1906 3543 3
1921 2530 3
1923 4855 3
1923 7661 3
1932 4433 3
1946 2000 3
1959 8953 3
2017 3252 3
2022 5122 3
2023 3818 3
2051 6882 3
2063 5885 3
2077 9637 3
2153 3289 3
2195 4812 3
2218 2769 3
2230 8084 3
2231 7591 3
2256 3982 3
2300 8346 3
2361 8193 3
2377 9068 3
2395 9522 3
2403 2837 3
2426 3400 3
2459 7734 3
2460 2517 3
2473 2801 3
2523 2717 3
2536 5328 3
2565 4605 3
2567 4373 3
2570 4566 3
2598 2651 3
2637 7457 3
2639 5052 3
2643 4409 3
2645 9620 3
2667 8635 3
2670 4599 3
2755 6603 3
2765 5966 3
2794 7989 3
2823 9281 3
2903 9816 3
2916 3907 3
2918 4331 3
2954 4831 3
2969 6670 3
2972 3717 3
3100 4427 3
3101 7188 3
3106 6662 3
3122 4581 3
3127 5447 3
3148 9315 3
3175 7525 3
3181 5533 3
3203 8476 3
3230 4375 3
3245 3648 3
3247 7622 3
3273 8045 3
3278 5146 3
3297 8003 3
3305 5955 3
3311 8189 3
3385 5715 3
3459 7207 3
3555 6928 3
3558 6819 3
3560 8742 3
3659 3919 3
3670 4161 3
3671 6147 3
3696 9604 3
3701 3748 3
3732 4159 3
3741 4924 3
3800 4286 3
3951 7889 3
3964 9280 3
4019 9389 3
4049 4390 3
4096 7281 3
4119 6087 3
4191 4689 3
4209 4292 3
4215 8853 3
4405 9638 3
4421 5098 3
4458 4880 3
4528 8869 3
4533 7738 3
4556 6684 3
4587 6446 3
4674 6893 3
4683 9822 3
4720 8322 3
4721 5428 3
4753 7788 3
4761 6997 3
4817 5369 3
4850 7882 3
4880 6546 3
4993 6389 3
5034 8897 3
5061 8199 3
5141 8901 3
5183 6771 3
5360 9241 3
5384 9694 3
5425 9081 3
5498 8160 3
5508 8602 3
5537 5770 3
5558 8617 3
5746 7079 3
5898 6334 3
5963 8237 3
6006 7040 3
6013 9504 3
6027 8319 3
6107 7532 3
6207 8688 3
6276 6557 3
6311 9116 3
6314 8135 3
6330 9606 3
6372 9385 3
6405 9690 3
6446 9269 3
6511 8279 3
6564 8435 3
6587 7236 3
6649 9906 3
6666 7956 3
6673 7087 3
6692 7373 3
6729 9367 3
6823 9497 3
6825 9130 3
6893 9753 3
6928 7121 3
6954 7192 3
7016 7935 3
7098 8259 3
7245 9418 3
7336 9096 3
7359 8147 3
7375 7635 3
7405 9587 3
7408 9835 3
7764 8240 3
7814 9736 3
7894 9530 3
7912 8596 3
7936 8412 3
7937 8035 3
8070 8788 3
8321 9319 3
8330 8983 3
8369 9311 3
8538 9937 3
8574 9594 3
9 1979 4
11 55 4
26 482 4
26 3219 4
39 2972 4
45 52 4
47 4046 4
49 7611 4
59 648 4
67 113 4
69 6314 4
74 3714 4
77 1902 4
114 1331 4
120 866 4
122 710 4
125 1161 4
144 236 4
194 4602 4
201 1029 4
209 2234 4
237 6130 4
240 3374 4
253 320 4
259 2621 4
287 334 4
291 4010 4
304 3405 4
313 9857 4
320 6242 4
350 1307 4
353 9324 4
358 2699 4
358 6205 4
365 1112 4
369 490 4
396 2601 4
404 7520 4
423 7494 4
423 7984 4
443 6185 4
463 4629 4
480 2826 4
509 5267 4
518 1805 4
522 690 4
548 2803 4
602 2003 4
631 7907 4
637 728 4
665 1625 4
669 3369 4
693 3571 4
707 743 4
724 917 4
749 6303 4
762 6672 4
796 1302 4
816 5447 4
867 1962 4
925 2793 4
944 5846 4
958 7028 4
961 1385 4
963 5292 4
996 5662 4
998 8300 4
1007 1069 4
1017 1232 4
1017 4576 4
1034 3667 4
1063 3370 4
1080 9548 4
1084 1866 4
1086 4725 4
1137 3251 4
1164 8097 4
1248 5148 4
1249 3783 4
1285 3282 4
1317 9934 4
1321 5284 4
1323 3003 4
1338 1862 4
1340 2555 4
1340 9343 4
1353 5915 4
1367 9258 4
1376 8427 4
1380 8622 4
1389 4291 4
1414 2054 4
1419 2882 4
1467 2584 4
1483 7989 4
1484 2859 4
1492 2954 4
1520 2522 4
1540 9889 4
1591 5379 4
1612 5708 4
1639 8062 4
1670 1785 4
1671 2249 4
1672 5130 4
1681 4666 4
1689 3887 4
1758 2769 4
1766 7112 4
1766 9786 4
1779 6450 4
1785 8157 4
1810 5137 4
1834 7253 4
1853 3077 4
1868 7885 4
1892 4984 4
1939 9906 4
1951 2601 4
1951 3667 4
1973 6733 4
1981 7142 4
1986 3429 4
2009 2687 4
2032 9184 4
2039 3738 4
2044 5255 4
2064 9846 4
2116 4760 4
2120 2350 4
2130 5277 4
2174 7097 4
2186 9379 4
2201 3084 4
2219 9402 4
2229 9330 4
2249 5983 4
2283 6654 4
2291 4881 4
2298 6070 4
2313 4060 4
2373 5192 4
2394 8924 4
2405 6193 4
2414 3258 4
2445 4729 4
2467 5585 4
2481 5349 4
2495 2574 4
2509 3073 4
2593 5809 4
2631 7938 4
2643 3637 4
2662 8531 4
2680 3345 4
2681 7467 4
2759 7073 4
2775 3453 4
2776 9631 4
2810 8278 4
2816 6548 4
2883 6965 4
2884 8613 4
2895 6200 4
2900 9719 4
2906 6469 4
2933 8343 4
2979 5143 4
2985 5739 4
2990 6581 4
2992 6595 4
2995 6231 4
3013 9829 4
3092 9763 4
3128 7632 4
3153 8474 4
3233 4210 4
3258 7450 4
3259 8292 4
3264 4539 4
3302 6132 4
3338 9178 4
3342 4450 4
3362 6123 4
3366 5933 4
3403 4954 4
3434 7175 4
3437 6558 4
3491 9391 4
3495 6534 4
3553 8335 4
3586 5065 4
3607 7279 4
3687 3857 4
3757 9380 4
3769 9454 4
3782 5247 4
3784 5686 4
3802 7155 4
3834 8740 4
3953 9232 4
3963 4164 4
3966 9200 4
4012 7721 4
4024 7606 4
4043 6185 4
4109 4279 4
4159 6046 4
4183 6914 4
4220 5385 4
4227 4503 4
4232 8145 4
4295 8476 4
4316 9116 4
4325 6943 4
4345 7496 4
4392 6357 4
4409 7474 4
4481 6922 4
4483 9778 4
4513 6802 4
4525 6624 4
4532 7090 4
4543 8684 4
4555 5077 4
4633 5288 4
4654 7939 4
4708 6016 4
4917 7189 4
4928 8155 4
4938 6256 4
4946 7817 4
4984 8013 4
5025 5832 4
5126 6735 4
5185 7654 4
5251 8111 4
5273 6174 4
5287 6995 4
5350 7876 4
5355 6134 4
5368 6425 4
5481 7596 4
5553 9190 4
5626 9605 4
5645 7079 4
5676 9809 4
5717 6756 4
5822 6818 4
5849 7317 4
5855 9463 4
5981 9019 4
6053 7962 4
6080 8942 4
6189 7589 4
6189 8976 4
6207 7552 4
6233 8085 4
6279 6720 4
6406 9147 4
6432 7893 4
6614 7841 4
6634 9415 4
6705 8749 4
6784 9353 4
6789 8110 4
6942 7333 4
6956 9203 4
7020 7111 4
7085 9124 4
7091 9155 4
7156 8036 4
7181 9462 4
7230 9478 4
7317 9177 4
7364 7972 4
7382 7838 4
7492 9512 4
7537 8219 4
7552 9893 4
7569 9834 4
7595 7908 4
7599 9662 4
7890 8091 4
7927 9013 4
7936 9335 4
7989 8051 4
8232 8788 4
8426 9150 4
8672 9031 4
9212 9454 4
9356 9446 4
9394 9486 4
9634 9984 4
0 1 5
16 7170 5
17 6527 5
27 7386 5
33 40 5
39 6494 5
52 817 5
55 1148 5
65 8614 5
71 1972 5
96 6150 5
106 9081 5
107 1933 5
121 1457 5
150 2391 5
155 1276 5
158 7540 5
166 3189 5
181 1918 5
185 2832 5
192 283 5
221 7719 5
229 6171 5
254 631 5
265 1962 5
273 2731 5
298 801 5
314 1596 5
318 1894 5
338 4623 5
352 7476 5
368 4602 5
376 8746 5
382 5212 5
384 1970 5
386 1924 5
434 9060 5
461 7948 5
471 4274 5
487 5534 5
518 722 5
547 3814 5
561 5540 5
566 697 5
570 835 5
605 1291 5
626 2046 5
636 7866 5
649 1078 5
688 1253 5
694 1976 5
723 4971 5
778 8037 5
806 5507 5
817 6634 5
838 3540 5
840 1388 5
845 1086 5
880 4615 5
884 1134 5
900 5947 5
905 6378 5
933 1641 5
943 7559 5
943 8233 5
968 8840 5
980 2440 5
990 3479 5
999 8331 5
1000 6646 5
1011 1629 5
1012 9269 5
1024 4968 5
1040 3658 5
1058 2111 5
1077 3755 5
1093 3042 5
1094 5142 5
1107 8477 5
1115 2510 5
1118 8276 5
1121 2307 5
1122 9360 5
1135 4554 5
1136 4003 5
1139 6888 5
1185 6626 5
1193 1821 5
1201 4601 5
1211 2019 5
1226 6979 5
1227 8120 5
1234 7698 5
1269 1473 5
1338 7298 5
1353 2747 5
1354 5489 5
1358 2730 5
1363 4502 5
1363 7507 5
1370 7073 5
1372 4364 5
1407 3623 5
1441 7346 5
1442 4752 5
1447 8366 5
1449 6340 5
1484 3131 5
1495 3216 5
1497 4893 5
1517 4254 5
1543 5106 5
1550 7223 5
1581 9595 5
1589 4018 5
1600 2442 5
1603 2205 5
1608 9693 5
1618 3730 5
1619 2059 5
1628 4398 5
1645 1675 5
1652 6430 5
1676 9567 5
1687 9516 5
1710 2759 5
1713 3167 5
1732 4446 5
1738 4070 5
1771 7058 5
1783 2104 5
1869 5297 5
1927 9774 5
1967 9039 5
1986 6457 5
2005 9365 5
2022 9661 5
2061 6117 5
2065 3442 5
2103 8732 5
2130 8099 5
2145 9746 5
2177 2309 5
2223 2637 5
2268 3202 5
2292 3171 5
2312 2365 5
2326 3308 5
2327 9994 5
2335 6462 5
2336 5172 5
2344 8469 5
2416 5354 5
2419 6273 5
2420 8411 5
2431 3596 5
2463 3531 5
2464 6798 5
2494 5185 5
2513 5340 5
2541 3253 5
2553 3623 5
2605 5297 5
2618 9687 5
2658 9769 5
2663 3593 5
2664 5653 5
2728 3419 5
2839 4437 5
2871 3943 5
2912 3318 5
2912 4424 5
2949 7143 5
2951 6954 5
2962 3601 5
2968 3284 5
2981 3944 5
2992 8646 5
2995 8486 5
3014 3422 5
3038 8330 5
3074 9850 5
3079 7562 5
3092 3162 5
3096 3786 5
3105 7355 5
3116 3719 5
3165 9438 5
3179 3862 5
3184 8800 5
3191 8746 5
3316 9564 5
3317 4118 5
3327 7890 5
3350 3887 5
3360 4641 5
3377 5296 5
3410 6861 5
3414 9741 5
3432 7284 5
3456 3631 5
3458 3770 5
3489 7106 5
3552 8449 5
3711 4014 5
3725 5580 5
3746 4772 5
3788 4649 5
3806 5614 5
3810 5720 5
3815 4714 5
3841 8065 5
3850 5873 5
3858 7774 5
3951 7781 5
3956 9276 5
3957 8249 5
4047 6966 5
4065 7018 5
4209 6244 5
4223 6295 5
4227 8846 5
4251 6897 5
4265 4290 5
4267 5053 5
4268 6820 5
4271 4522 5
4314 8833 5
4389 8963 5
4425 8783 5
4463 6241 5
4519 4728 5
4547 5368 5
4584 6976 5
4585 7523 5
4591 5399 5
4633 7029 5
4634 7718 5
4635 6779 5
4648 6704 5
4690 5232 5
4746 8038 5
4750 9979 5
4760 8019 5
4766 6144 5
4827 7595 5
4834 9659 5
4887 7687 5
4932 8898 5
4954 5244 5
4957 7179 5
5122 7003 5
5129 7651 5
5246 9914 5
5260 8362 5
5292 6241 5
5322 7581 5
5355 8582 5
5421 5959 5
5482 9835 5
5489 7285 5
5510 5623 5
5533 8815 5
5540 9518 5
5541 7979 5
5555 7378 5
5592 8885 5
5617 9029 5
5642 7212 5
5645 7960 5
5678 7659 5
5682 7860 5
5839 9696 5
5925 6955 5
6044 9147 5
6046 8345 5
6104 7296 5
6249 6468 5
6326 9325 5
6368 9453 5
6464 9985 5
6494 9132 5
6550 9262 5
6579 6843 5
6580 7336 5
6613 7443 5
6651 9479 5
6664 7598 5
6667 7117 5
6765 6941 5
6861 6875 5
6920 9515 5
7071 9808 5
7078 9376 5
7107 7195 5
7164 7944 5
7196 9647 5
7282 8729 5
7554 8353 5
7741 8852 5
7846 9095 5
8053 8883 5
8810 9019 5
9096 9671 5
9243 9852 5
9279 9663 5
9357 9756 5
9509 9672 5
26 9546 6
37 136 6
59 8908 6
61 4729 6
75 8029 6
77 3977 6
80 623 6
84 5006 6
119 4822 6
121 5378 6
122 228 6
123 8259 6
126 5401 6
149 2935 6
181 3329 6
185 6726 6
189 4120 6
203 7124 6
206 728 6
215 385 6
215 1623 6
219 8606 6
221 6723 6
230 373 6
240 4671 6
262 6591 6
264 8050 6
270 6032 6
274 2977 6
282 2062 6
298 2910 6
316 969 6
353 3532 6
356 1061 6
357 2257 6
384 556 6
413 4884 6
424 6683 6
427 7009 6
427 8384 6
438 6342 6
445 1683 6
526 1873 6
583 1637 6
588 5839 6
637 7022 6
651 4607 6
655 2688 6
661 7733 6
669 7342 6
688 2851 6
691 4423 6
704 969 6
706 736 6
720 5738 6
728 3869 6
747 1690 6
762 8885 6
774 6626 6
783 8017 6
785 6187 6
793 2265 6
818 4694 6
818 8511 6
842 980 6
844 7418 6
853 1270 6
854 5204 6
881 9585 6
901 2739 6
902 6209 6
943 2245 6
947 7748 6
956 3231 6
971 7531 6
978 1089 6
980 2018 6
992 2855 6
999 2789 6
1017 3830 6
1027 3871 6
1044 9402 6
1084 4184 6
1092 2950 6
1098 8435 6
1101 8564 6
1109 1725 6
1161 5058 6
1166 7360 6
1172 3539 6
1175 7859 6
1196 1810 6
1201 1898 6
1205 3206 6
1208 4499 6
1217 9194 6
1238 9243 6
1267 2557 6
1291 3049 6
1296 3069 6
1311 6372 6
1311 6401 6
1312 8292 6
1324 2816 6
1341 8326 6
1358 4287 6
1430 1827 6
1444 8972 6
1480 5658 6
1481 6562 6
1485 1671 6
1524 2904 6
1547 3657 6
1560 4068 6
1571 6736 6
1580 4459 6
1610 1892 6
1656 4296 6
1663 9637 6
1664 2466 6
1668 3322 6
1687 6540 6
1794 2252 6
1820 3949 6
1852 2448 6
1860 9002 6
1864 8533 6
1887 2319 6
1906 5759 6
1913 4774 6
1925 1996 6
1991 4654 6
2005 2219 6
2032 8174 6
2036 3391 6
2038 4981 6
2072 6222 6
2086 7233 6
2090 3985 6
2097 9160 6
2138 7632 6
2217 2966 6
2235 9937 6
2240 7967 6
2242 3499 6
2256 7289 6
2259 6166 6
2264 7832 6
2294 9688 6
2317 5491 6
2363 2912 6
2375 4589 6
2384 6730 6
2398 2936 6
2418 8619 6
2423 5553 6
2428 7736 6
2430 7076 6
2438 9479 6
2485 9771 6
2513 8085 6
2518 4869 6
2538 8729 6
2541 5708 6
2577 6585 6
2637 2922 6
2717 3419 6
2723 5667 6
2748 3755 6
2762 5012 6
2782 9066 6
2819 5605 6
2820 8072 6
2869 7540 6
2909 9957 6
2928 5970 6
2929 9548 6
2941 5885 6
2967 7034 6
2969 6851 6
2995 8807 6
3099 8576 6
3110 4027 6
3137 8443 6
3148 5728 6
3164 8715 6
3167 7737 6
3181 5126 6
3248 6160 6
3261 5458 6
3305 3657 6
3326 7413 6
3328 8014 6
3332 6400 6
3335 8572 6
3336 8029 6
3341 8898 6
3356 9678 6
3362 5626 6
3397 4089 6
3419 5342 6
3426 4432 6
3453 8965 6
3461 4951 6
3521 8988 6
3670 3809 6
3688 4787 6
3705 3930 6
3727 4859 6
3745 5863 6
3745 7232 6
3769 9471 6
3781 7080 6
3819 4575 6
3857 5254 6
3892 8058 6
3901 9191 6
3913 4028 6
3968 8071 6
4000 5053 6
4013 9293 6
4019 6886 6
4060 6600 6
4089 4604 6
4208 4653 6
4234 9415 6
4293 5503 6
4311 5644 6
4318 9063 6
4348 9290 6
4399 5592 6
4419 7059 6
4420 6605 6
4433 9969 6
4457 8712 6
4501 4813 6
4503 7005 6
4558 9769 6
4706 6835 6
4720 8868 6
4727 6677 6
4771 8428 6
4796 8446 6
4804 5575 6
4817 6236 6
4866 6589 6
4875 6909 6
4946 6288 6
4957 9125 6
4967 5029 6
4976 5784 6
5017 9236 6
5030 5661 6
5049 8220 6
5050 6602 6
5080 6637 6
5109 7083 6
5111 5496 6
5235 6322 6
5264 5912 6
5277 8619 6
5321 7564 6
5356 9003 6
5379 7190 6
5390 9982 6
5393 7736 6
5403 8771 6
5484 8853 6
5618 5838 6
5626 6543 6
5628 6855 6
5668 9871 6
5672 6730 6
5677 9611 6
5693 6890 6
5708 9169 6
5715 8584 6
5747 6235 6
5755 6729 6
5756 8060 6
5828 8121 6
5834 8423 6
5853 6169 6
5922 8450 6
5990 6935 6
6042 7442 6
6068 9765 6
6103 7756 6
6181 9754 6
6184 7508 6
6247 7964 6
6261 7968 6
6330 7992 6
6331 7035 6
6418 9263 6
6499 8516 6
6532 8123 6
6586 8256 6
6587 7590 6
6619 9974 6
6665 8657 6
6709 9672 6
6717 8662 6
6801 9820 6
6842 8687 6
6845 9513 6
6857 8943 6
7073 8388 6
7146 7318 6
7179 9910 6
7201 9333 6
7554 8701 6
7590 7817 6
7717 8271 6
7826 9171 6
7830 8134 6
7909 8858 6
7918 9282 6
8112 9925 6
8253 9655 6
8282 9489 6
8290 8660 6
8412 9941 6
8416 8612 6
8606 9158 6
8718 9506 6
8760 9483 6
8828 9829 6
9248 9790 6
9509 9681 6
7 6391 7
16 3020 7
52 777 7
62 7377 7
71 6753 7
76 6513 7
134 4434 7
146 1944 7
149 364 7
150 1336 7
169 1728 7
171 3714 7
181 255 7
193 9081 7
211 6813 7
227 6346 7
228 4959 7
238 6741 7
240 5106 7
247 5441 7
253 501 7
266 3720 7
301 3868 7
322 4684 7
410 1006 7
459 2874 7
480 6957 7
505 3316 7
526 1322 7
530 2080 7
550 3627 7
572 973 7
575 4748 7
655 1489 7
678 9619 7
686 1059 7
690 2399 7
714 6347 7
721 3719 7
728 810 7
740 5964 7
753 7072 7
806 7547 7
830 2460 7
833 5889 7
839 2647 7
854 9066 7
881 5356 7
892 9390 7
898 6071 7
905 3303 7
923 2064 7
924 7647 7
946 1508 7
1001 3196 7
1019 2079 7
1061 4943 7
1070 5661 7
1108 2619 7
1109 6265 7
1111 6619 7
1117 8198 7
1137 1984 7
1137 2104 7
1164 3909 7
1173 7993 7
1237 8299 7
1282 7981 7
1335 2845 7
1381 8305 7
1384 4131 7
1403 7929 7
1411 5057 7
1469 7743 7
1471 9314 7
1531 9176 7
1536 2495 7
1564 5135 7
1611 7376 7
1627 4567 7
1628 6367 7
1647 9105 7
1653 4699 7
1691 6102 7
1701 9606 7
1711 2284 7
1718 7358 7
1743 2065 7
1754 4732 7
1818 2678 7
1828 9897 7
1838 2333 7
1849 2189 7
1870 2245 7
1876 5801 7
1888 5666 7
1909 8656 7
1917 5578 7
1924 3333 7
1927 6122 7
2006 8152 7
2014 2118 7
2016 5716 7
2026 9057 7
2036 6812 7
2043 6725 7
2044 3239 7
2049 8402 7
2075 3031 7
2094 7281 7
2114 6147 7
2125 3740 7
2131 6698 7
2185 6373 7
2198 9502 7
2230 5086 7
2386 6294 7
2386 9947 7
2394 8565 7
2433 4716 7
2452 7977 7
2474 9572 7
2500 8671 7
2508 4555 7
2521 7422 7
2557 3360 7
2586 3591 7
2620 2921 7
2673 4671 7
2715 4471 7
2721 9203 7
2843 5241 7
2857 3733 7
2860 4360 7
2912 8408 7
2926 4556 7
2978 6722 7
2983 9320 7
2987 9583 7
3055 5020 7
3064 8902 7
3075 7798 7
3079 3855 7
3115 9987 7
3125 9792 7
3128 4756 7
3251 5387 7
3279 5606 7
3306 3428 7
3316 4207 7
3392 5126 7
3399 6971 7
3409 9845 7
3411 8457 7
3413 4588 7
3425 5412 7
3456 7486 7
3484 4065 7
3506 4623 7
3513 8104 7
3525 6045 7
3548 5737 7
3558 3761 7
3565 5272 7
3570 9797 7
3577 4512 7
3593 7018 7
3624 5954 7
3637 8509 7
3660 6747 7
3673 9128 7
3744 6071 7
3759 9654 7
3766 4371 7
3782 7700 7
3791 3821 7
3812 5627 7
3814 7428 7
3839 6284 7
3862 4257 7
3897 5498 7
3947 6531 7
3975 9192 7
4050 7145 7
4079 5831 7
4083 4668 7
4120 7191 7
4131 5795 7
4247 6435 7
4262 4623 7
4279 8311 7
4334 8043 7
4358 5677 7
4445 8287 7
4489 4741 7
4500 8387 7
4501 7792 7
4544 7275 7
4563 8213 7
4566 6771 7
4595 5327 7
4635 9117 7
4641 7644 7
4701 5484 7
4711 6580 7
4731 5839 7
4734 9457 7
4755 6088 7
4794 5428 7
4797 7390 7
4827 9995 7
4850 6745 7
4878 9441 7
4897 9485 7
4983 5374 7
5060 8447 7
5073 7186 7
5078 8564 7
5091 9185 7
5126 5192 7
5148 7601 7
5156 9349 7
5178 7965 7
5188 5602 7
5198 8365 7
5270 6706 7
5324 8987 7
5347 8433 7
5375 9452 7
5378 7849 7
5452 9922 7
5575 8362 7
5590 6096 7
5603 9702 7
5608 8129 7
5634 7464 7
5701 8737 7
5707 8150 7
5740 8075 7
5765 7815 7
5793 6800 7
5892 6413 7
5952 6119 7
5983 8225 7
6094 8491 7
6140 8365 7
6213 7854 7
6292 9567 7
6302 9162 7
6413 7469 7
6444 6676 7
6471 7134 7
6472 6884 7
6475 8041 7
6485 7147 7
6530 6594 7
6699 9274 7
6711 6819 7
6742 7236 7
6777 9515 7
6797 7678 7
6814 7855 7
6924 8053 7
6941 8905 7
6997 7812 7
7110 7655 7
7233 9237 7
7257 8854 7
7277 8374 7
7613 9655 7
7621 8598 7
7708 9164 7
7829 9317 7
7929 9134 7
8375 9181 7
8413 9251 7
8542 8856 7
8594 9334 7
8874 9714 7
8995 9963 7
9087 9168 7
9252 9398 7
2 1016 8
4 19 8
35 2771 8
46 2262 8
49 263 8
50 1830 8
50 2794 8
57 4899 8
69 9651 8
93 7448 8
95 8601 8
105 2614 8
114 5147 8
116 985 8
135 2288 8
159 522 8
161 4385 8
172 232 8
175 650 8
182 6119 8
189 9064 8
216 1990 8
218 6786 8
237 1170 8
256 5350 8
273 9791 8
279 410 8
315 633 8
335 3546 8
358 8442 8
369 406 8
380 6296 8
440 5108 8
473 7281 8
486 1428 8
506 4036 8
561 918 8
581 4141 8
584 8936 8
597 901 8
606 2849 8
616 8691 8
622 5811 8
628 5118 8
646 1175 8
647 900 8
649 2087 8
651 4038 8
670 783 8
703 2809 8
708 5943 8
723 3201 8
733 8532 8
741 8889 8
743 7819 8
757 5161 8
774 8202 8
790 9185 8
802 8284 8
828 6904 8
829 1765 8
829 3800 8
882 938 8
900 4094 8
905 1599 8
954 8150 8
976 8817 8
980 7946 8
1000 8639 8
1004 4786 8
1012 2342 8
1033 5360 8
1069 2247 8
1072 3854 8
1088 3037 8
1097 8705 8
1131 4296 8
1135 6633 8
1159 3874 8
1160 6937 8
1172 1269 8
1207 9183 8
1242 7017 8
1244 3820 8
1249 1584 8
1256 1372 8
1259 7435 8
1301 5126 8
1308 5869 8
1323 3673 8
1352 2375 8
1369 4156 8
1370 7376 8
1375 7115 8
1397 1432 8
1431 6925 8
1440 1904 8
1447 5734 8
1493 9917 8
1503 7280 8
1536 3187 8
1546 4289 8
1547 3651 8
1602 2086 8
1602 4828 8
1607 7935 8
1608 2076 8
1626 4229 8
1654 4416 8
1669 5507 8
1686 7184 8
1709 8854 8
1720 7645 8
1725 6999 8
1729 3593 8
1748 5504 8
1775 2818 8
1776 5624 8
1811 4625 8
1821 7136 8
1822 2335 8
1822 8225 8
1824 6388 8
1833 3518 8
1833 7758 8
1887 9299 8
1925 9635 8
1960 2284 8
1963 7466 8
1974 3093 8
1996 8382 8
2002 2906 8
2002 4060 8
2031 9492 8
2045 5526 8
2047 9014 8
2082 2670 8
2083 2132 8
2120 6159 8
2184 3095 8
2202 4441 8
2216 5620 8
2241 8525 8
2275 5460 8
2344 5270 8
2363 2791 8
2370 7244 8
2387 3697 8
2426 3586 8
2462 2835 8
2462 9281 8
2529 8920 8
2544 7640 8
2579 7874 8
2583 5910 8
2601 4315 8
2665 6097 8
2671 5539 8
2673 4886 8
2686 3125 8
2736 4327 8
2746 4525 8
2789 4909 8
2798 4203 8
2834 3638 8
2907 2971 8
2944 7784 8
2963 4931 8
2969 3624 8
3058 6769 8
3082 6205 8
3099 9815 8
3114 8283 8
3121 6856 8
3147 4429 8
3149 8513 8
3238 4250 8
3243 5045 8
3259 4384 8
3274 3422 8
3296 5822 8
3308 9076 8
3316 8357 8
3383 8565 8
3425 6089 8
3466 4371 8
3474 8345 8
3487 7594 8
3560 8194 8
3574 3647 8
3576 9268 8
3579 5958 8
3603 6034 8
3606 9093 8
3645 3895 8
3687 8021 8
3706 4032 8
3727 4099 8
3753 9721 8
3804 7924 8
3834 8635 8
3857 8315 8
3908 9984 8
3949 7928 8
3971 5672 8
3978 8069 8
4019 8069 8
4072 7454 8
4086 4521 8
4094 6702 8
4125 8715 8
4148 9329 8
4179 7224 8
4215 4592 8
4235 8113 8
4278 8292 8
4345 8719 8
4365 9219 8
4373 8062 8
4374 4381 8
4375 5663 8
4387 9236 8
4492 5191 8
4704 5541 8
4710 4800 8
4772 9629 8
4820 5341 8
4835 7700 8
4872 8433 8
4920 6438 8
4972 8788 8
4990 5963 8
5033 9363 8
5047 8037 8
5055 7319 8
5101 6400 8
5128 8885 8
5136 8419 8
5185 9878 8
5224 9744 8
5226 8082 8
5246 7321 8
5280 5655 8
5284 8117 8
5286 8817 8
5300 9573 8
5318 5343 8
5387 7953 8
5419 6496 8
5496 9749 8
5607 9650 8
5631 6805 8
5651 8282 8
5749 6371 8
5778 9880 8
5789 6569 8
5885 8475 8
6012 6526 8
6067 6812 8
6112 7078 8
6138 7917 8
6149 7026 8
6240 9299 8
6245 7490 8
6253 6766 8
6278 6661 8
6425 6448 8
6443 6797 8
6536 7244 8
6693 7187 8
6733 9341 8
6892 8617 8
6927 8950 8
6946 8938 8
6967 8586 8
7073 9234 8
7136 8506 8
7279 9729 8
7326 9106 8
7450 8193 8
7487 9777 8
7656 9361 8
7737 8392 8
7742 9512 8
7837 8790 8
7914 9417 8
7924 9576 8
8171 8552 8
8260 9670 8
8461 9864 8
8474 8664 8
8504 8556 8
8544 8621 8
8592 9809 8
8658 9560 8
8687 8844 8
9374 9563 8
9671 9923 8
8 171 9
15 223 9
42 9605 9
43 53 9
44 118 9
45 4528 9
57 4534 9
60 112 9
65 1528 9
70 71 9
73 5702 9
94 148 9
97 1857 9
124 7645 9
137 8379 9
146 5769 9
150 1415 9
151 1693 9
159 2629 9
163 272 9
180 2627 9
187 1380 9
189 1899 9
222 3659 9
237 3630 9
241 830 9
250 936 9
260 2107 9
268 4472 9
296 1613 9
296 2121 9
299 6384 9
301 619 9
302 4303 9
323 2982 9
326 9242 9
342 3778 9
346 617 9
360 7237 9
362 2419 9
367 9901 9
413 3379 9
424 5072 9
425 1788 9
456 2825 9
470 8888 9
474 3300 9
500 6521 9
500 6625 9
503 1300 9
512 2307 9
523 2208 9
544 4634 9
560 1197 9
561 5072 9
573 7965 9
575 5994 9
579 9133 9
592 5947 9
600 1150 9
624 841 9
639 5928 9
641 7801 9
651 3813 9
679 8347 9
693 5807 9
705 7577 9
712 4877 9
714 3004 9
729 2747 9
733 9086 9
747 8847 9
779 2968 9
792 4274 9
798 7569 9
800 8735 9
808 9017 9
811 1149 9
823 1281 9
840 3845 9
853 6462 9
866 909 9
867 4580 9
880 3405 9
934 1514 9
953 1100 9
996 5634 9
1001 2207 9
1008 1749 9
1011 2236 9
1029 8034 9
1041 1061 9
1047 3821 9
1083 1892 9
1094 1776 9
1111 5519 9
1207 7042 9
1208 2381 9
1239 4213 9
1239 8092 9
1256 3607 9
1258 2711 9
1269 1855 9
1303 9976 9
1310 4035 9
1390 9506 9
1412 7320 9
1412 7831 9
1415 7701 9
1418 9579 9
1454 3879 9
1461 2603 9
1480 5641 9
1481 1934 9
1536 2631 9
1547 3723 9
1615 7567 9
1620 3226 9
1623 2308 9
1628 6773 9
1660 3026 9
1660 4419 9
1662 1674 9
1671 4803 9
1672 4529 9
1682 4869 9
1682 6176 9
1691 8662 9
1710 2286 9
1783 3350 9
1785 6900 9
1812 6643 9
1837 5536 9
1878 2035 9
1879 3261 9
1909 2131 9
1936 5468 9
1939 8942 9
1944 5569 9
1959 2323 9
1967 3041 9
1980 6466 9
1981 3581 9
1982 7743 9
1987 6373 9
2005 4816 9
2006 3332 9
2010 2192 9
2059 8278 9
2107 2888 9
2116 4680 9
2135 8926 9
2138 8546 9
2148 9247 9
2154 3152 9
2177 8862 9
2182 3570 9
2192 6725 9
2196 7007 9
2198 3145 9
2225 6704 9
2255 6508 9
2297 5779 9
2314 2960 9
2329 2830 9
2375 5170 9
2437 4610 9
2448 9270 9
2487 8144 9
2497 4272 9
2560 9105 9
2602 3926 9
2623 3215 9
2631 5376 9
2639 3853 9
2641 4243 9
2708 6132 9
2756 3604 9
2790 6706 9
2809 4059 9
2811 7374 9
2820 8098 9
2857 8796 9
2883 9636 9
2907 5838 9
2945 4192 9
2957 3780 9
3011 9289 9
3045 9090 9
3052 5003 9
3063 8732 9
3067 8531 9
3075 7708 9
3081 8455 9
3089 5536 9
3108 7107 9
3113 8670 9
3165 5008 9
3197 7016 9
3204 8962 9
3214 6261 9
3258 4266 9
3315 4960 9
3329 5334 9
3333 7778 9
3369 3725 9
3374 5896 9
3389 5430 9
3424 4973 9
3425 4039 9
3440 4212 9
3452 5391 9
3492 8322 9
3497 6335 9
3523 8673 9
3545 9542 9
3547 9628 9
3575 6963 9
3587 8240 9
3598 4123 9
3612 7977 9
3643 6276 9
3645 5606 9
3653 3918 9
3704 9760 9
3708 7992 9
3753 7110 9
3772 4462 9
3795 4595 9
3811 7810 9
3826 3903 9
3835 5928 9
3839 7647 9
3851 5721 9
3868 6199 9
3898 7134 9
3928 4001 9
3936 7818 9
3964 4932 9
3968 5336 9
4010 5812 9
4111 4129 9
4172 9633 9
4227 7486 9
4260 5830 9
4267 6755 9
4273 7724 9
4291 8595 9
4333 5477 9
4333 5868 9
4382 4593 9
4460 7198 9
4574 5970 9
4637 6299 9
4681 7583 9
4729 5315 9
4771 7897 9
4778 5730 9
4828 4984 9
4945 6884 9
4984 9440 9
5011 7900 9
5017 5820 9
5038 8693 9
5141 7916 9
5186 8884 9
5187 7101 9
5188 9922 9
5267 5476 9
5288 7720 9
5312 7414 9
5336 6417 9
5356 6085 9
5364 6265 9
5388 6013 9
5388 6951 9
5412 7852 9
5434 9101 9
5528 8738 9
5614 8129 9
5670 5938 9
5698 7657 9
5753 6396 9
5799 6889 9
5806 9127 9
5816 9771 9
5850 6233 9
5863 9808 9
5920 6726 9
5968 9857 9
6086 6911 9
6130 9611 9
6221 6345 9
6245 8969 9
6278 6394 9
6290 9879 9
6379 7632 9
6552 8226 9
6566 8609 9
6566 9055 9
6690 6938 9
6692 8740 9
6705 9491 9
6723 8158 9
6845 7793 9
6854 8410 9
6995 7996 9
7084 9445 9
7150 8343 9
7178 8945 9
7314 8579 9
7519 8178 9
7567 9352 9
7588 8740 9
7631 9890 9
7682 9713 9
7773 9630 9
7782 9492 9
7842 8091 9
7904 8489 9
8014 9351 9
8161 9261 9
8247 9408 9
8260 9696 9
8299 9355 9
8476 8916 9
8638 9940 9
9777 9808 9
0 124 10
0 754 10
25 5111 10
27 32 10
32 3934 10
44 131 10
47 64 10
55 1554 10
78 105 10
100 2879 10
158 1510 10
172 9010 10
194 7268 10
215 413 10
223 6291 10
261 4370 10
280 309 10
288 509 10
294 5404 10
311 707 10
331 2514 10
342 551 10
361 5342 10
366 4147 10
367 2774 10
399 1337 10
419 1406 10
432 1969 10
437 519 10
444 8534 10
452 3181 10
453 1743 10
461 1201 10
474 9977 10
481 2451 10
494 7503 10
499 547 10
524 629 10
549 9104 10
600 3117 10
600 4410 10
604 8647 10
609 8819 10
612 8408 10
615 2699 10
668 4220 10
685 7518 10
689 5004 10
692 7534 10
698 891 10
766 6923 10
791 4293 10
793 8135 10
818 6913 10
895 8805 10
901 4140 10
925 3288 10
926 5449 10
943 8139 10
944 1869 10
960 2858 10
964 999 10
967 5521 10
987 1073 10
995 3473 10
1053 9297 10
1057 3285 10
1111 6457 10
1116 1999 10
1149 1561 10
1170 6916 10
1208 4561 10
1218 1317 10
1233 2467 10
1263 2745 10
1272 2523 10
1301 1988 10
1334 4959 10
1343 2919 10
1381 5319 10
1383 9172 10
1384 8132 10
1441 6778 10
1445 4338 10
1509 1851 10
1512 7067 10
1598 6643 10
1603 9466 10
1631 8381 10
1713 6088 10
1743 4647 10
1744 3392 10
1755 8585 10
1758 4567 10
1762 2060 10
1774 1779 10
1775 1996 10
1780 5273 10
1796 7849 10
1804 6356 10
1811 8892 10
1847 7027 10
1862 8193 10
1879 4685 10
1901 2074 10
1915 6146 10
1954 3859 10
1979 9553 10
2022 7975 10
2122 7760 10
2151 3503 10
2171 3009 10
2181 3055 10
2268 3451 10
2332 2727 10
2339 9247 10
2371 3947 10
2414 8085 10
2444 2482 10
2484 8449 10
2509 4545 10
2513 4129 10
2515 7176 10
2517 7101 10
2535 5685 10
2550 9378 10
2589 8976 10
2595 4676 10
2618 3618 10
2645 3149 10
2671 6252 10
2683 3754 10
2703 5971 10
2722 4686 10
2741 6734 10
2782 7102 10
2783 4877 10
2830 9598 10
2837 8802 10
2914 4606 10
2925 5938 10
2936 3734 10
3026 7383 10
3050 5876 10
3050 9486 10
3053 7806 10
3062 8134 10
3088 6934 10
3181 8381 10
3186 8311 10
3203 6817 10
3230 4618 10
3248 4084 10
3269 4267 10
3309 9070 10
3310 9299 10
3324 7521 10
3338 4255 10
3343 3983 10
3344 9584 10
3367 9424 10
3368 6582 10
3394 5445 10
3408 4251 10
3470 7801 10
3477 7535 10
3491 6072 10
3513 5897 10
3555 7822 10
3565 5155 10
3678 7886 10
3690 7494 10
3691 6847 10
3723 3939 10
3741 4482 10
3751 6490 10
3775 4646 10
3788 7166 10
3823 9457 10
3835 8491 10
3853 8193 10
3911 4283 10
3937 7681 10
3951 4546 10
3987 6320 10
4005 8319 10
4041 5409 10
4095 9859 10
4183 5710 10
4301 4332 10
4341 7291 10
4348 5366 10
4369 8108 10
4396 7167 10
4407 7855 10
4455 8208 10
4559 4794 10
4563 6772 10
4624 9552 10
4677 7748 10
4702 7273 10
4712 5928 10
4734 5567 10
4818 7585 10
4820 6303 10
4837 6244 10
4844 9931 10
4846 4881 10
4853 7621 10
4875 8720 10
4921 7897 10
4928 5820 10
4983 9498 10
5004 6239 10
5018 9246 10
5057 6576 10
5142 6491 10
5151 5758 10
5191 7216 10
5195 8171 10
5447 6048 10
5484 8015 10
5640 8956 10
5642 7197 10
5649 7405 10
5669 6416 10
5689 9315 10
5764 9347 10
5766 9662 10
5782 8919 10
5898 9966 10
5900 6718 10
5918 9700 10
5925 7585 10
5931 6308 10
6025 7985 10
6029 8115 10
6037 7162 10
6051 7795 10
6066 9027 10
6091 9652 10
6098 7413 10
6109 7210 10
6138 8763 10
6158 8821 10
6392 7607 10
6423 9969 10
6552 7365 10
6616 8367 10
6666 8626 10
6682 6881 10
6724 7441 10
6756 7567 10
6802 9353 10
6824 8111 10
6872 8740 10
6936 9471 10
6944 9746 10
6954 9314 10
7012 8958 10
7074 9631 10
7230 9705 10
7268 9801 10
7277 7818 10
7318 9199 10
7341 9881 10
7357 8947 10
7405 7638 10
7470 9737 10
7509 7897 10
7560 7962 10
7562 7846 10
7678 8214 10
7836 8029 10
7860 9314 10
7870 9277 10
8063 9491 10
8191 9026 10
8213 8639 10
8430 9363 10
8477 9860 10
8516 8997 10
8549 8831 10
8770 9570 10
8819 9033 10
8910 9397 10
8987 9900 10
9134 9263 10
9215 9718 10
9363 9684 10
6 5558 11
30 34 11
32 3829 11
35 7991 11
42 1381 11
54 312 11
61 6479 11
65 9860 11
69 166 11
74 5400 11
93 159 11
95 280 11
101 102 11
102 3686 11
129 2199 11
158 3815 11
162 5008 11
167 583 11
196 8579 11
202 6819 11
233 1217 11
236 3783 11
251 1363 11
294 4112 11
296 1611 11
311 4310 11
335 341 11
396 554 11
399 9319 11
409 8854 11
410 6579 11
415 6343 11
417 3836 11
424 5236 11
428 3353 11
479 1088 11
511 2550 11
515 4620 11
582 989 11
583 6586 11
585 4718 11
596 9464 11
615 2938 11
679 699 11
701 2158 11
705 4989 11
716 8481 11
721 6935 11
761 5580 11
774 4122 11
775 2240 11
776 1953 11
797 7060 11
819 5596 11
832 5173 11
834 1380 11
838 4912 11
855 6407 11
896 7594 11
910 1158 11
912 7238 11
913 1152 11
924 3247 11
924 9691 11
936 6247 11
943 3884 11
961 4932 11
989 6946 11
1013 4244 11
1013 7006 11
1025 6067 11
1029 3142 11
1048 9546 11
1053 8250 11
1054 9725 11
1069 8224 11
1082 8105 11
1088 1479 11
1089 2393 11
1102 2396 11
1122 8448 11
1137 6950 11
1137 8935 11
1168 2652 11
1175 6879 11
1190 6143 11
1231 1829 11
1235 2731 11
1236 1999 11
1253 6052 11
1255 1736 11
1255 8781 11
1261 4659 11
1283 5281 11
1292 6967 11
1295 5529 11
1297 1794 11
1298 5994 11
1318 4349 11
1326 1453 11
1345 6194 11
1350 4710 11
1391 3177 11
1409 2230 11
1461 3641 11
1465 3431 11
1468 8520 11
1477 3290 11
1488 9270 11
1524 3321 11
1528 6827 11
1616 8476 11
1642 8463 11
1645 4868 11
1646 2510 11
1653 5165 11
1682 8202 11
1717 6268 11
1750 6980 11
1754 5714 11
1769 6434 11
1790 3132 11
1817 9592 11
1882 4589 11
1888 7698 11
1892 3434 11
1913 3135 11
1932 5616 11
1945 5543 11
1982 8640 11
2017 2177 11
2063 9314 11
2102 9689 11
2120 8778 11
2139 3354 11
2146 2596 11
2157 9538 11
2198 3927 11
2201 5954 11
2223 3826 11
2270 5024 11
2314 3309 11
2333 4093 11
2364 2941 11
2381 5026 11
2412 9137 11
2457 3663 11
2472 9675 11
2476 4567 11
2555 9560 11
2636 8279 11
2681 4745 11
2689 7645 11
2707 7945 11
2742 8615 11
2779 2858 11
2781 5706 11
2869 4312 11
2895 6417 11
2915 6727 11
2933 6917 11
2933 7586 11
2944 6107 11
2988 7915 11
3074 4085 11
3076 5023 11
3113 8667 11
3240 3543 11
3245 5434 11
3261 9607 11
3268 9477 11
3333 4160 11
3348 9771 11
3374 7331 11
3385 8611 11
3388 9899 11
3415 9087 11
3445 8356 11
3447 4367 11
3509 4924 11
3532 9955 11
3540 4419 11
3561 8200 11
3569 7511 11
3616 8659 11
3630 7643 11
3660 6170 11
3679 9474 11
3725 3929 11
3728 5710 11
3728 6812 11
3734 9394 11
3795 6589 11
3800 5331 11
3893 8763 11
3920 6783 11
3924 8669 11
3939 5492 11
4022 4588 11
4082 5598 11
4116 4345 11
4172 7730 11
4177 8540 11
4206 9404 11
4283 6839 11
4377 8963 11
4442 8984 11
4480 6211 11
4527 6811 11
4533 5166 11
4598 5128 11
4603 9571 11
4656 8240 11
4657 8897 11
4701 5180 11
4727 4914 11
4757 9998 11
4773 9130 11
4807 6873 11
4807 8382 11
4826 7594 11
4830 8399 11
4858 9686 11
4894 5829 11
4911 6183 11
4937 7287 11
4947 4975 11
4981 5144 11
5030 7322 11
5032 9593 11
5080 9294 11
5092 5816 11
5119 9229 11
5183 6847 11
5228 9992 11
5248 6659 11
5329 7325 11
5333 6780 11
5347 8492 11
5425 7060 11
5429 6579 11
5457 7652 11
5464 8968 11
5544 7079 11
5546 8018 11
5573 6197 11
5642 9135 11
5726 7111 11
5735 9759 11
5771 9528 11
5778 6319 11
5835 8536 11
5845 7002 11
5847 6739 11
5856 7044 11
5902 9093 11
5904 6746 11
5960 8597 11
5971 8655 11
6019 8284 11
6021 9800 11
6034 8842 11
6136 6656 11
6215 9257 11
6287 7382 11
6338 7282 11
6565 9897 11
6611 9030 11
6702 6928 11
6726 9024 11
6736 7247 11
6767 7483 11
6774 7776 11
6778 7320 11
6940 8781 11
6952 8704 11
6980 7027 11
7005 8253 11
7126 8590 11
7207 9589 11
7254 8832 11
7378 8306 11
7386 9150 11
7396 7914 11
7401 7500 11
7412 8498 11
7499 8599 11
7588 9460 11
7652 8704 11
7676 8458 11
7767 8434 11
7826 9558 11
8330 9404 11
8369 9769 11
8420 9253 11
8432 9581 11
8470 9485 11
8516 9687 11
8562 8970 11
8642 9252 11
8773 9396 11
9063 9945 11
9341 9809 11
9802 9806 11
8 205 12
8 553 12
14 7424 12
18 287 12
27 274 12
30 8539 12
31 7994 12
57 70 12
57 4934 12
64 1644 12
72 154 12
87 6397 12
109 6824 12
126 3274 12
136 7841 12
161 1392 12
178 2884 12
228 1047 12
257 8451 12
274 2692 12
281 291 12
287 2248 12
297 1968 12
298 7639 12
308 874 12
312 6043 12
334 9924 12
339 8951 12
363 3372 12
382 662 12
419 6102 12
429 8637 12
434 8731 12
443 643 12
444 726 12
457 8859 12
472 4324 12
481 1662 12
495 778 12
497 7599 12
524 6358 12
563 5164 12
592 3428 12
705 2884 12
716 3596 12
721 1690 12
726 1187 12
728 2396 12
729 770 12
733 1791 12
740 5726 12
741 9936 12
763 9428 12
765 922 12
867 8394 12
892 1872 12
892 4212 12
905 9012 12
919 4271 12
966 7051 12
969 6460 12
981 5684 12
986 1739 12
986 8478 12
1038 2768 12
1046 3616 12
1049 2289 12
1062 8568 12
1085 1784 12
1107 5855 12
1142 8521 12
1151 1586 12
1154 5190 12
1155 1792 12
1158 6903 12
1161 9587 12
1218 4900 12
1226 6776 12
1252 5656 12
1255 1642 12
1271 7771 12
1323 4703 12
1349 9633 12
1352 1722 12
1365 6277 12
1374 6301 12
1395 2740 12
1398 9143 12
1401 1478 12
1411 1851 12
1418 2286 12
1419 3230 12
1443 7943 12
1455 8060 12
1490 4758 12
1516 5909 12
1571 9070 12
1603 7246 12
1607 4142 12
1618 2471 12
1622 7171 12
1643 8794 12
1757 3613 12
1758 3950 12
1772 2436 12
1779 8493 12
1784 4838 12
1787 2210 12
1801 3111 12
1833 9155 12
1855 4940 12
1874 8349 12
1878 4620 12
1889 6054 12
1930 2486 12
1949 7800 12
1981 8635 12
2011 9838 12
2013 2227 12
2058 5859 12
2060 2900 12
2182 7689 12
2187 8874 12
2225 3856 12
2226 6413 12
2231 3073 12
2286 3423 12
2308 9694 12
2348 2387 12
2358 6794 12
2368 3633 12
2440 3693 12
2501 6528 12
2516 4751 12
2553 6162 12
2599 3121 12
2632 3157 12
2644 3610 12
2645 7633 12
2715 3647 12
2854 7600 12
2866 6836 12
2869 9319 12
2871 7917 12
2889 7954 12
2954 9325 12
2968 5460 12
2984 3320 12
3000 3035 12
3008 7665 12
3087 6672 12
3153 5807 12
3154 3692 12
3184 5938 12
3219 9353 12
3221 5579 12
3256 6478 12
3265 9630 12
3277 5781 12
3278 6566 12
3312 9443 12
3358 8370 12
3376 5539 12
3412 8665 12
3467 6829 12
3484 3600 12
3485 8272 12
3499 3670 12
3506 6749 12
3518 6473 12
3530 5877 12
3558 6073 12
3562 8604 12
3577 8850 12
3604 9992 12
3627 9544 12
3642 6197 12
3695 7423 12
3700 8640 12
3710 7150 12
3733 6863 12
3777 8843 12
3914 8300 12
3957 4434 12
4005 6474 12
4037 5359 12
4052 6170 12
4214 5103 12
4288 7096 12
4303 9641 12
4323 5512 12
4336 4451 12
4348 9780 12
4403 5011 12
4412 8312 12
4468 9965 12
4500 9959 12
4514 9811 12
4587 7346 12
4627 8196 12
4633 4702 12
4639 6855 12
4711 9610 12
4789 5082 12
4802 6418 12
4830 6264 12
4886 5843 12
4944 8460 12
4954 5722 12
4994 7138 12
5055 6614 12
5151 5544 12
5172 8309 12
5180 6617 12
5207 8482 12
5231 6142 12
5285 6641 12
5343 5423 12
5356 6295 12
5416 6945 12
5470 6395 12
5524 6176 12
5600 6836 12
5644 6121 12
5670 6233 12
5702 9878 12
5743 6099 12
5757 8286 12
5759 8889 12
5772 5882 12
5844 9632 12
5851 9600 12
5854 7176 12
5968 6067 12
6031 6342 12
6049 8219 12
6052 9976 12
6228 8456 12
6249 8332 12
6272 9816 12
6478 7399 12
6620 9059 12
6621 8958 12
6637 7636 12
6731 8003 12
6847 9130 12
6858 7994 12
6881 9791 12
6882 8877 12
6946 7108 12
6967 8857 12
6981 8801 12
7036 7485 12
7039 8425 12
7167 8364 12
7467 9712 12
7520 8636 12
7604 8644 12
7677 7928 12
7707 8099 12
7787 8193 12
7971 8446 12
8353 9549 12
8483 9953 12
8513 8825 12
8846 9718 12
9603 9919 12
6 7934 13
7 4126 13
7 5408 13
7 6587 13
10 1617 13
22 3298 13
28 9731 13
46 7775 13
75 1595 13
79 80 13
88 9112 13
91 2563 13
91 6723 13
93 7328 13
103 1018 13
127 846 13
161 6082 13
186 7072 13
188 9588 13
215 3574 13
216 5120 13
227 3166 13
243 3754 13
246 8611 13
250 3598 13
253 7298 13
256 373 13
267 6649 13
278 478 13
280 604 13
284 3206 13
302 863 13
309 3475 13
319 3224 13
321 6077 13
341 5045 13
362 1079 13
377 2489 13
454 6803 13
468 4300 13
475 4892 13
487 8460 13
499 5483 13
505 2701 13
506 4623 13
524 8178 13
554 5707 13
610 7152 13
629 3138 13
654 1505 13
664 4625 13
665 2217 13
686 1100 13
699 6566 13
756 9697 13
765 9334 13
812 1757 13
864 1593 13
880 2887 13
911 3207 13
926 2430 13
969 2943 13
974 8396 13
992 3870 13
992 8687 13
996 3006 13
1006 1242 13
1018 6660 13
1032 1503 13
1040 1643 13
1040 4616 13
1053 3385 13
1054 1183 13
1061 8332 13
1074 6286 13
1110 6987 13
1140 8663 13
1154 4339 13
1168 6947 13
1176 7716 13
1178 7587 13
1183 5337 13
1185 2740 13
1208 1384 13
1212 4098 13
1242 1749 13
1261 8755 13
1269 6620 13
1280 1333 13
1305 1691 13
1314 9175 13
1329 2958 13
1347 4373 13
1361 2412 13
1387 5889 13
1391 8680 13
1412 5886 13
1413 8473 13
1429 7123 13
1434 3764 13
1453 3160 13
1455 5790 13
1461 5186 13
1470 6230 13
1601 6231 13
1663 2540 13
1731 8099 13
1782 7687 13
1797 8857 13
1843 7652 13
1869 6688 13
1916 6509 13
1922 8275 13
1963 5288 13
1964 3362 13
1980 2091 13
2021 2364 13
2045 2198 13
2066 2575 13
2069 3205 13
2104 5198 13
2105 5735 13
2131 7065 13
2131 8268 13
2138 9618 13
2143 2807 13
2148 8132 13
2159 2162 13
2213 7805 13
2234 5004 13
2237 3523 13
2245 2884 13
2405 3757 13
2418 7344 13
2419 8500 13
2434 6012 13
2438 4665 13
2453 9220 13
2455 5292 13
2465 2809 13
2493 3466 13
2517 3128 13
2544 3060 13
2549 5734 13
2557 9548 13
2567 3192 13
2576 5745 13
2595 2870 13
2607 5083 13
2633 9775 13
2697 4120 13
2727 5898 13
2857 6107 13
2925 5892 13
2959 4460 13
3017 3038 13
3020 5762 13
3059 4889 13
3090 7940 13
3103 8205 13
3106 6346 13
3114 3654 13
3116 3594 13
3139 7583 13
3141 6346 13
3161 9921 13
3163 7663 13
3174 3463 13
3194 4543 13
3195 8571 13
3211 9177 13
3216 4742 13
3218 3863 13
3220 6405 13
3260 6898 13
3283 6200 13
3286 5118 13
3293 8069 13
3297 8457 13
3304 6537 13
3306 4826 13
3315 3809 13
3340 6886 13
3370 3597 13
3370 3661 13
3419 8248 13
3452 3931 13
3495 3654 13
3528 4658 13
3558 8224 13
3571 7333 13
3594 5830 13
3600 6871 13
3651 7059 13
3651 9666 13
3673 5019 13
3689 4219 13
3702 8314 13
3706 8210 13
3710 7368 13
3845 7976 13
3846 8870 13
3858 4145 13
3864 7998 13
3889 6428 13
3901 8846 13
3912 7295 13
3963 3999 13
3967 5279 13
4014 5421 13
4030 9675 13
4071 8085 13
4132 7683 13
4190 5061 13
4195 4810 13
4282 5253 13
4393 6978 13
4409 8366 13
4420 9592 13
4493 9840 13
4510 6199 13
4532 6340 13
4606 7314 13
4688 6922 13
4692 6008 13
4760 6577 13
4763 9835 13
4777 6509 13
4785 9931 13
4900 6353 13
4918 6530 13
4972 5084 13
5010 9653 13
5054 6279 13
5154 6391 13
5159 5362 13
5181 8311 13
5209 7491 13
5248 6966 13
5292 7215 13
5475 6538 13
5537 9552 13
5560 6490 13
5567 8771 13
5584 7243 13
5683 5906 13
5695 9362 13
5695 9701 13
5736 9036 13
5792 9824 13
5908 9193 13
6052 7149 13
6070 8518 13
6084 9652 13
6106 8679 13
6107 6528 13
6133 9803 13
6153 6463 13
6157 7419 13
6190 9665 13
6196 6631 13
6286 8463 13
6424 9237 13
6524 6941 13
6614 9871 13
6678 8542 13
6683 8847 13
6822 9443 13
6893 8424 13
7011 9098 13
7112 9000 13
7177 8787 13
7246 9162 13
7255 7938 13
7262 7586 13
7285 7978 13
7405 8206 13
7434 8528 13
7472 8070 13
7477 9867 13
7561 8151 13
7666 8081 13
7679 8363 13
7770 9311 13
8074 9698 13
8128 9188 13
8211 8646 13
8300 9988 13
8322 9709 13
8323 9205 13
8324 9526 13
8336 9102 13
8432 9100 13
8519 9453 13
8544 9745 13
8627 9726 13
8777 9987 13
8869 9346 13
1 6 14
31 569 14
40 1034 14
42 5377 14
48 2435 14
53 8697 14
57 5765 14
75 6425 14
80 431 14
103 5188 14
109 3654 14
112 134 14
113 8604 14
117 358 14
130 6964 14
131 5510 14
133 2484 14
163 2656 14
168 4569 14
187 5827 14
213 550 14
229 4819 14
232 9722 14
236 1055 14
255 7360 14
270 1547 14
274 1426 14
280 520 14
283 5309 14
290 1583 14
301 7045 14
303 9315 14
304 2808 14
348 2115 14
358 7306 14
362 2766 14
384 4066 14
384 9136 14
407 4466 14
417 8669 14
426 1557 14
427 1112 14
435 1601 14
483 1387 14
505 3597 14
544 9780 14
559 849 14
563 1756 14
567 4974 14
572 3523 14
585 1629 14
586 9099 14
614 2106 14
632 2173 14
674 1650 14
726 7947 14
733 6878 14
749 5833 14
757 7232 14
759 1099 14
789 3155 14
813 8669 14
831 8380 14
851 6424 14
859 930 14
859 8212 14
863 3368 14
868 3299 14
884 6374 14
950 7323 14
980 5932 14
980 7106 14
983 7151 14
1014 3373 14
1019 6992 14
1060 1161 14
1072 4750 14
1086 3319 14
1120 4570 14
1168 4443 14
1173 2016 14
1176 5544 14
1217 1882 14
1239 4145 14
1258 3327 14
1258 9346 14
1294 8864 14
1296 3164 14
1335 5794 14
1341 1432 14
1343 1910 14
1357 7497 14
1360 4562 14
1365 9854 14
1382 6361 14
1466 2978 14
1501 2653 14
1508 8832 14
1518 2985 14
1526 2365 14
1561 7721 14
1563 5817 14
1569 2979 14
1583 9676 14
1587 4033 14
1626 1908 14
1634 3331 14
1642 5153 14
1647 8513 14
1669 3015 14
1674 5979 14
1677 4151 14
1686 5826 14
1704 7363 14
1733 3832 14
1745 3063 14
1746 8964 14
1839 9391 14
1841 2662 14
1871 2463 14
1889 8626 14
1893 2225 14
1902 8980 14
1925 4132 14
1937 5856 14
1950 9593 14
1982 8442 14
2030 5651 14
2105 8293 14
2135 7483 14
2211 6279 14
2239 2507 14
2262 3579 14
2262 8554 14
2280 2821 14
2328 3652 14
2347 6806 14
2347 9288 14
2357 3142 14
2368 8408 14
2383 3154 14
2385 9749 14
2397 5302 14
2409 9015 14
2414 3172 14
2422 9274 14
2427 6007 14
2440 5908 14
2542 8322 14
2557 2598 14
2588 9951 14
2606 8912 14
2691 6011 14
2770 4977 14
2800 4888 14
2832 5259 14
2841 4650 14
2860 8288 14
2889 6449 14
2923 3739 14
2930 6327 14
2941 8457 14
2952 8471 14
2964 6209 14
2979 3552 14
2992 5487 14
3013 4529 14
3013 5030 14
3084 4801 14
3085 4529 14
3101 7435 14
3181 4159 14
3193 9230 14
3202 4781 14
3222 3452 14
3238 3709 14
3241 8542 14
3245 3356 14
3249 9587 14
3283 5364 14
3296 7644 14
3340 8666 14
3367 5732 14
3392 7634 14
3413 7663 14
3493 4904 14
3521 5102 14
3530 5326 14
3534 7768 14
3566 7898 14
3582 8524 14
3584 4918 14
3585 8050 14
3656 6080 14
3693 7929 14
3700 4160 14
3753 5688 14
3754 4086 14
3815 7858 14
3823 6350 14
3948 9836 14
3959 9422 14
3960 4439 14
3973 8356 14
3989 5347 14
3991 6492 14
4000 4573 14
4000 9612 14
4114 5965 14
4116 6661 14
4137 9479 14
4138 8883 14
4140 8637 14
4172 7899 14
4176 9740 14
4181 4794 14
4196 6503 14
4203 6062 14
4214 5196 14
4217 9353 14
4301 5741 14
4331 7459 14
4357 6158 14
4366 9286 14
4389 4818 14
4415 5339 14
4435 9154 14
4462 6500 14
4481 6832 14
4493 4962 14
4564 6958 14
4577 8243 14
4820 7527 14
4837 5665 14
4859 9668 14
4874 4935 14
4917 9486 14
4974 7546 14
4983 6494 14
5091 7027 14
5101 5281 14
5106 9124 14
5115 8968 14
5176 9299 14
5241 6265 14
5375 9671 14
5383 6792 14
5439 7740 14
5522 9527 14
5537 7426 14
5564 9398 14
5569 6959 14
5586 9835 14
5593 8955 14
5614 7172 14
5683 6722 14
5695 7172 14
5697 9981 14
5705 7299 14
5793 8812 14
5897 9198 14
5987 9898 14
6016 9949 14
6050 7698 14
6079 9716 14
6121 6352 14
6131 6988 14
6201 9180 14
6205 9254 14
6206 9718 14
6280 7880 14
6327 7752 14
6429 9264 14
6482 6504 14
6599 7532 14
6629 9666 14
6672 7206 14
6679 8016 14
6693 8641 14
6735 9795 14
6834 8042 14
6872 7480 14
6873 6874 14
6920 7226 14
7125 8006 14
7156 7604 14
7648 8926 14
7774 8672 14
7909 8556 14
7910 9676 14
8065 9589 14
8395 9864 14
8422 8944 14
8439 8926 14
8441 8692 14
8659 9143 14
8681 9073 14
9122 9893 14
9175 9922 14
9346 9388 14
9464 9922 14
2 8021 15
27 78 15
31 1404 15
32 2955 15
51 5451 15
56 6396 15
65 171 15
66 9995 15
70 308 15
75 6730 15
76 194 15
106 3523 15
115 1310 15
117 1889 15
128 3710 15
144 166 15
192 9170 15
196 363 15
201 3213 15
205 3648 15
231 9200 15
241 2349 15
253 476 15
255 8458 15
262 3648 15
294 1906 15
305 5786 15
310 5380 15
313 1053 15
319 6353 15
321 1146 15
325 8214 15
332 7908 15
341 9605 15
357 8468 15
362 1899 15
363 4505 15
365 9878 15
368 1324 15
393 2164 15
405 4803 15
439 2395 15
455 911 15
460 2597 15
463 6663 15
472 946 15
473 9975 15
482 6532 15
491 741 15
505 7770 15
635 3027 15
653 771 15
676 2847 15
706 4295 15
709 9625 15
742 1486 15
803 8692 15
824 5460 15
885 2934 15
911 8141 15
943 7010 15
950 1144 15
954 2143 15
972 1645 15
983 6887 15
1026 4540 15
1049 9029 15
1065 1303 15
1068 3157 15
1086 6073 15
1102 9236 15
1127 1730 15
1148 2812 15
1166 3707 15
1172 1797 15
1172 8457 15
1203 9864 15
1210 5746 15
1210 7711 15
1219 3806 15
1221 2025 15
1246 9958 15
1254 7997 15
1258 8485 15
1320 6428 15
1383 6828 15
1397 4338 15
1398 8058 15
1434 8414 15
1436 6682 15
1452 2114 15
1499 5877 15
1546 9877 15
1564 8030 15
1574 8635 15
1636 5527 15
1636 9582 15
1642 2479 15
1662 9271 15
1708 1764 15
1733 6215 15
1758 9011 15
1781 5427 15
1785 6150 15
1797 4831 15
1905 4819 15
1910 9626 15
1922 5529 15
1926 3161 15
1931 7245 15
1944 8783 15
2026 2803 15
2057 5632 15
2090 2748 15
2107 2456 15
2146 4523 15
2153 6999 15
2170 7396 15
2222 6907 15
2229 8875 15
2230 6535 15
2276 8108 15
2295 5667 15
2347 6116 15
2387 5571 15
2390 5919 15
2407 7185 15
2411 5189 15
2413 3551 15
2454 5128 15
2456 2712 15
2516 9214 15
2518 9035 15
2524 3915 15
2536 6787 15
2539 7976 15
2540 9643 15
2549 6670 15
2553 4207 15
2591 4969 15
2607 4462 15
2616 8825 15
2622 4464 15
2627 5272 15
2634 5650 15
2635 7258 15
2651 9874 15
2664 7898 15
2676 5943 15
2694 3700 15
2701 8029 15
2711 8454 15
2715 4702 15
2725 8324 15
2761 4869 15
2802 7486 15
2849 3250 15
2898 6726 15
2907 6982 15
2938 5425 15
2944 7971 15
2991 6574 15
3055 6802 15
3094 3961 15
3095 7591 15
3097 7791 15
3113 9623 15
3116 6834 15
3121 7510 15
3134 8423 15
3145 9296 15
3178 8182 15
3220 8496 15
3240 3424 15
3247 6373 15
3311 9362 15
3331 5817 15
3374 6216 15
3415 6045 15
3443 5032 15
3494 5934 15
3527 6681 15
3650 3751 15
3699 6424 15
3704 4223 15
3762 9910 15
3767 7868 15
3795 4200 15
3819 3951 15
3873 6106 15
3891 7452 15
3895 7563 15
3912 7290 15
3920 6074 15
3963 8994 15
4023 7798 15
4026 6095 15
4039 5314 15
4083 4278 15
4140 7254 15
4167 5906 15
4175 5569 15
4217 8704 15
4254 5387 15
4254 5818 15
4289 6046 15
4290 8629 15
4309 5952 15
4324 8638 15
4330 4926 15
4423 8976 15
4477 8007 15
4499 6785 15
4500 8103 15
4518 6268 15
4607 7884 15
4642 6596 15
4697 7646 15
4825 5040 15
4906 7596 15
4954 8737 15
4974 8481 15
5012 8558 15
5100 7612 15
5121 8057 15
5152 5689 15
5164 5430 15
5262 9940 15
5327 8778 15
5336 8105 15
5451 5599 15
5453 8105 15
5516 7564 15
5532 8617 15
5542 8282 15
5546 9269 15
5599 7014 15
5642 7222 15
5668 6781 15
5702 8519 15
5741 7008 15
5750 7517 15
5777 8209 15
5821 8750 15
5844 6353 15
5885 7011 15
5911 8765 15
5927 7476 15
5938 9588 15
6014 7301 15
6045 6959 15
6065 6793 15
6163 8555 15
6175 6468 15
6285 9736 15
6291 6934 15
6330 7467 15
6421 7584 15
6431 7179 15
6476 7589 15
6513 6987 15
6560 8569 15
6752 8756 15
6865 6932 15
6874 9981 15
6994 8438 15
7111 9140 15
7141 7766 15
7315 9668 15
7319 9680 15
7350 8823 15
7524 9527 15
7617 8307 15
7624 8520 15
7737 9353 15
7780 9359 15
7807 9599 15
7814 8304 15
7818 8152 15
7866 8240 15
7877 8038 15
8041 9516 15
8077 9961 15
8081 8685 15
8104 8299 15
8371 9720 15
8377 9131 15
8379 9038 15
8445 8481 15
8453 9269 15
8494 8616 15
8681 9222 15
8723 9172 15
9063 9488 15
9214 9771 15
9372 9999 15
9417 9564 15
9739 9779 15
9822 9836 15
9832 9936 15
2 999 16
14 2598 16
16 4792 16
38 3341 16
41 103 16
41 6247 16
46 3992 16
56 1663 16
65 8717 16
69 353 16
93 9324 16
112 5283 16
117 7461 16
117 8241 16
141 3443 16
153 2745 16
157 336 16
164 713 16
165 1189 16
176 6184 16
178 1998 16
179 4082 16
180 5485 16
183 503 16
197 562 16
225 1343 16
227 5429 16
228 7542 16
284 1169 16
286 4290 16
290 6727 16
293 6966 16
354 9131 16
373 8048 16
382 2442 16
441 5121 16
446 8409 16
512 962 16
523 7684 16
538 3664 16
548 6656 16
568 5721 16
573 595 16
577 1636 16
583 974 16
590 6575 16
622 5266 16
625 7162 16
632 3491 16
655 7465 16
669 8765 16
672 8057 16
691 4183 16
692 7462 16
698 2232 16
723 8544 16
745 6126 16
761 931 16
762 3322 16
788 2242 16
793 5216 16
803 7432 16
812 2846 16
825 6198 16
833 3848 16
834 5140 16
873 8983 16
884 1030 16
885 2821 16
901 5441 16
902 3799 16
946 4970 16
955 4770 16
970 1090 16
980 1849 16
994 6638 16
1032 1896 16
1059 6682 16
1086 7267 16
1123 9573 16
1131 4196 16
1135 9450 16
1136 5567 16
1162 6702 16
1166 1817 16
1210 9284 16
1257 8961 16
1301 2694 16
1330 8073 16
1335 3506 16
1356 1485 16
1357 5838 16
1372 1929 16
1372 3604 16
1383 9075 16
1385 2782 16
1393 9271 16
1407 6729 16
1426 5046 16
1439 9957 16
1441 2269 16
1449 3602 16
1452 2813 16
1469 2759 16
1493 1570 16
1524 3180 16
1533 1682 16
1549 3333 16
1575 8297 16
1575 8445 16
1586 4121 16
1587 1915 16
1621 8148 16
1626 5336 16
1650 2787 16
1659 9131 16
1661 8957 16
1721 8393 16
1790 2019 16
1797 4498 16
1797 9651 16
1800 2074 16
1800 5064 16
1819 3902 16
1820 5079 16
1822 8723 16
1824 2656 16
1840 5003 16
1865 6734 16
1867 9678 16
1876 2524 16
1877 2691 16
1887 8296 16
1931 4167 16
1948 5869 16
1956 7006 16
1969 3050 16
1973 7629 16
2033 6332 16
2040 4030 16
2078 4817 16
2114 5386 16
2136 5453 16
2170 3361 16
2185 4135 16
2194 7777 16
2223 9539 16
2245 9242 16
2251 5391 16
2256 7349 16
2279 9484 16
2304 4448 16
2319 7895 16
2337 6907 16
2356 4362 16
2392 6525 16
2422 8814 16
2454 6072 16
2455 6253 16
2492 5552 16
2520 9830 16
2531 8005 16
2552 7961 16
2618 2931 16
2656 7670 16
2666 9051 16
2684 8504 16
2689 7834 16
2690 8849 16
2724 9154 16
2767 4537 16
2806 5965 16
2833 3534 16
2834 3288 16
2848 4469 16
2864 6395 16
2868 5717 16
2869 7165 16
2890 6316 16
2891 3322 16
2925 4420 16
2960 7878 16
2968 5920 16
2971 4787 16
2980 3576 16
2985 9535 16
2994 3037 16
3030 9186 16
3031 6845 16
3079 6858 16
3080 3247 16
3126 6406 16
3147 6037 16
3198 4001 16
3206 4717 16
3207 3935 16
3323 7509 16
3340 6876 16
3357 9756 16
3392 5098 16
3406 9362 16
3414 5067 16
3499 5789 16
3499 8240 16
3545 8021 16
3559 9849 16
3561 8269 16
3595 8113 16
3602 7458 16
3606 3948 16
3650 5585 16
3664 5917 16
3699 8022 16
3720 4639 16
3769 9585 16
3784 6974 16
3789 9223 16
3854 4352 16
3895 6053 16
3951 9194 16
4113 9443 16
4171 4730 16
4215 8517 16
4228 9432 16
4259 7448 16
4288 4912 16
4292 6321 16
4297 9151 16
4371 6979 16
4423 4648 16
4482 9973 16
4513 5141 16
4533 6184 16
4541 8290 16
4586 6524 16
4623 9808 16
4636 8200 16
4638 5359 16
4682 9087 16
4755 4907 16
4760 6614 16
4770 7920 16
4833 6439 16
4839 6026 16
4862 9184 16
4885 7508 16
4887 5115 16
4904 7717 16
4932 7416 16
5002 7317 16
5005 5863 16
5021 7413 16
5066 7525 16
5104 7364 16
5147 5913 16
5246 8962 16
5336 6920 16
5370 6936 16
5425 7434 16
5509 6775 16
5617 8412 16
5661 8630 16
5675 7069 16
5679 9210 16
5695 7389 16
5702 6457 16
5717 9219 16
5764 6905 16
5901 7656 16
5989 8494 16
6117 6960 16
6249 6399 16
6264 7018 16
6353 7853 16
6411 7114 16
6479 7878 16
6489 9245 16
6615 7102 16
6621 9194 16
6631 9828 16
6722 7681 16
6778 7932 16
6826 6889 16
6829 8628 16
6845 9658 16
6909 7270 16
7194 8811 16
7416 8495 16
7442 9389 16
7442 9490 16
7505 7969 16
7634 9313 16
7756 8713 16
7777 9510 16
7818 7999 16
7832 9886 16
7894 8231 16
8083 8887 16
8241 9522 16
8343 8695 16
8377 9774 16
8445 8667 16
8482 9740 16
8660 9142 16
8665 9830 16
8726 9372 16
8751 9448 16
9140 9669 16
9 3065 17
17 592 17
36 1935 17
42 492 17
43 4440 17
54 529 17
57 4980 17
73 214 17
92 3369 17
96 1834 17
97 6881 17
105 5841 17
152 4644 17
161 1066 17
198 941 17
207 5182 17
215 6898 17
218 906 17
219 430 17
231 6340 17
285 5939 17
286 681 17
297 1856 17
306 5237 17
333 1227 17
333 3282 17
363 7661 17
372 5425 17
387 8421 17
393 2726 17
396 429 17
397 3568 17
405 2676 17
406 523 17
432 2152 17
435 4257 17
440 3709 17
456 2425 17
458 2569 17
492 6711 17
500 6148 17
512 3218 17
513 2858 17
514 9250 17
516 1399 17
565 5870 17
573 9484 17
574 5388 17
622 4519 17
630 1177 17
650 5344 17
667 1781 17
681 915 17
693 1448 17
708 2023 17
721 1023 17
729 3170 17
733 3428 17
760 2034 17
788 8236 17
830 1621 17
834 939 17
834 7786 17
840 5110 17
843 6883 17
860 9167 17
907 4163 17
934 8525 17
980 8021 17
1008 8116 17
1027 3817 17
1043 1411 17
1066 6613 17
1084 5059 17
1096 3366 17
1099 3177 17
1118 1237 17
1118 2883 17
1137 1389 17
1146 1175 17
1159 4060 17
1266 9117 17
1275 6045 17
1285 5561 17
1323 3985 17
1335 7269 17
1352 4942 17
1363 3672 17
1364 1692 17
1396 4563 17
1398 5366 17
1407 3711 17
1416 4703 17
1429 5127 17
1447 1778 17
1479 1858 17
1504 8643 17
1515 3833 17
1515 5002 17
1553 4901 17
1561 2239 17
1575 1701 17
1584 5315 17
1593 6549 17
1607 5681 17
1617 5239 17
1629 7033 17
1659 5744 17
1697 8910 17
1706 8274 17
1779 3136 17
1800 9778 17
1805 5445 17
1808 3204 17
1816 6637 17
1829 7263 17
1830 7351 17
1840 2012 17
1865 2283 17
1884 5957 17
1895 2946 17
1979 3874 17
1991 8846 17
1996 3326 17
2081 7753 17
2085 4903 17
2114 2126 17
2136 2740 17
2136 3249 17
2146 9358 17
2149 2969 17
2151 2353 17
2199 9831 17
2236 7822 17
2239 5852 17
2240 8162 17
2312 4330 17
2380 4570 17
2383 6172 17
2391 9314 17
2413 7753 17
2463 6716 17
2489 4129 17
2490 3646 17
2529 3384 17
2536 4743 17
2543 8593 17
2547 5149 17
2576 8739 17
2584 5782 17
2606 3498 17
2655 4913 17
2666 5448 17
2672 2684 17
2680 6508 17
2685 7477 17
2692 8501 17
2714 3127 17
2786 8881 17
2823 9103 17
2850 6304 17
2864 5334 17
2893 3556 17
2933 5825 17
2953 4259 17
2974 9016 17
3006 4027 17
3043 5363 17
3102 6579 17
3117 5590 17
3154 7294 17
3194 3332 17
3199 8188 17
3211 5065 17
3243 4396 17
3273 3425 17
3368 5371 17
3410 7954 17
3451 5396 17
3456 3891 17
3474 9213 17
3513 6687 17
3523 4228 17
3582 9773 17
3597 7114 17
3666 9442 17
3694 5616 17
3714 7845 17
3719 6958 17
3729 7772 17
3733 4009 17
3734 4417 17
3756 5659 17
3756 5924 17
3822 5488 17
3872 6033 17
3877 9215 17
3905 8948 17
3909 8630 17
3952 8274 17
3968 6718 17
3979 7144 17
4004 4526 17
4050 7691 17
4106 7051 17
4159 9018 17
4171 7133 17
4197 4942 17
4227 4394 17
4256 6933 17
4314 5587 17
4338 7652 17
4358 6961 17
4362 8225 17
4397 8609 17
4459 4866 17
4474 9922 17
4558 7132 17
4610 7421 17
4623 9142 17
4625 6336 17
4672 6346 17
4673 6069 17
4696 5241 17
4717 9298 17
4725 9561 17
4729 5549 17
4746 5601 17
4773 6521 17
4837 9243 17
4855 6065 17
4934 6747 17
4984 7561 17
4995 6135 17
5015 8664 17
5018 8592 17
5092 7045 17
5132 6021 17
5150 9530 17
5207 5444 17
5254 6408 17
5257 6466 17
5286 8612 17
5401 6251 17
5618 9017 17
5634 5695 17
5676 7413 17
5707 7425 17
5806 9792 17
6001 9665 17
6027 9519 17
6038 9373 17
6041 7003 17
6067 8154 17
6075 8163 17
6091 8209 17
6104 9530 17
6133 9566 17
6151 8086 17
6178 9807 17
6181 9299 17
6324 7120 17
6351 8144 17
6405 9726 17
6406 7891 17
6425 7878 17
6448 6529 17
6454 8241 17
6460 6842 17
6475 8148 17
6507 7534 17
6571 6972 17
6578 8482 17
6616 6959 17
6622 7714 17
6729 8350 17
6760 8822 17
6799 8047 17
6805 7188 17
6826 8118 17
6884 8702 17
6947 7413 17
7082 8301 17
7171 7316 17
7326 7518 17
7499 7559 17
7507 8015 17
7660 8421 17
8333 9237 17
8409 8858 17
8421 8822 17
8491 9551 17
8580 8701 17
8611 8806 17
8611 9281 17
8683 9465 17
9231 9652 17
9546 9604 17
0 7405 18
4 1864 18
7 1003 18
15 5127 18
16 6551 18
33 572 18
34 1314 18
45 4374 18
55 8090 18
73 87 18
85 381 18
90 4062 18
95 490 18
119 3764 18
127 2586 18
172 1573 18
202 8987 18
216 245 18
224 3017 18
235 1065 18
237 6567 18
257 6027 18
259 5518 18
272 6035 18
295 4363 18
347 3615 18
380 451 18
393 2123 18
397 4271 18
411 5783 18
418 3879 18
458 8491 18
474 1244 18
491 8848 18
496 8123 18
505 1789 18
508 4397 18
528 1115 18
561 5304 18
563 755 18
588 3484 18
613 1730 18
647 2097 18
647 8081 18
670 984 18
722 1854 18
745 6857 18
752 2906 18
759 2053 18
761 3762 18
763 2141 18
781 6147 18
811 1969 18
811 9067 18
819 9506 18
843 1682 18
860 8960 18
888 3699 18
906 3972 18
911 1816 18
929 3122 18
958 1011 18
982 2865 18
1016 5768 18
1048 2013 18
1055 7917 18
1069 1258 18
1083 9904 18
1137 2969 18
1187 4525 18
1187 7331 18
1192 4388 18
1199 5993 18
1213 9429 18
1225 7822 18
1278 3962 18
1280 8286 18
1296 8620 18
1311 4844 18
1312 8740 18
1324 2263 18
1324 6999 18
1327 6042 18
1334 1911 18
1334 7407 18
1335 3997 18
1368 9078 18
1370 6639 18
1421 9342 18
1431 6020 18
1435 8546 18
1445 4705 18
1461 9147 18
1493 4214 18
1512 3450 18
1518 8877 18
1524 4281 18
1531 1579 18
1544 7226 18
1591 4846 18
1611 2787 18
1615 3149 18
1625 9394 18
1670 8909 18
1671 7033 18
1718 6066 18
1721 4670 18
1733 8153 18
1746 9041 18
1747 6792 18
1770 3452 18
1771 5976 18
1775 2280 18
1841 2233 18
1847 8690 18
1851 8154 18
1884 2008 18
1886 6546 18
1899 6019 18
1902 5607 18
1909 2121 18
1929 9821 18
1998 6192 18
2005 2900 18
2040 3348 18
2082 9054 18
2107 5640 18
2111 6636 18
2122 3726 18
2126 8303 18
2127 6989 18
2136 8813 18
2146 9085 18
2168 8510 18
2179 2992 18
2211 5524 18
2213 3096 18
2223 8011 18
2226 8227 18
2227 2981 18
2243 2757 18
2254 6524 18
2256 9089 18
2260 6827 18
2268 6163 18
2285 5791 18
2324 9635 18
2329 6471 18
2339 3360 18
2346 5010 18
2366 5033 18
2373 4932 18
2390 3253 18
2405 5025 18
2413 3246 18
2426 4899 18
2440 4663 18
2450 4409 18
2482 2548 18
2496 3120 18
2509 6271 18
2541 4707 18
2547 3282 18
2554 3821 18
2566 8493 18
2640 3472 18
2645 8681 18
2646 6847 18
2689 5697 18
2728 7754 18
2735 4164 18
2809 5774 18
2862 3689 18
2886 9228 18
2896 3865 18
2918 5439 18
2959 7315 18
2960 6858 18
3009 3322 18
3031 3312 18
3071 4058 18
3073 9425 18
3200 7872 18
3402 7088 18
3416 3827 18
3442 7930 18
3502 4872 18
3524 9279 18
3535 4439 18
3536 8109 18
3537 9268 18
3593 9871 18
3617 4615 18
3623 8227 18
3637 9194 18
3670 3841 18
3722 5045 18
3744 5055 18
3757 4582 18
3861 8428 18
3864 5695 18
3879 7019 18
3891 4449 18
3896 5396 18
3946 8524 18
3993 4355 18
3999 5885 18
4021 6186 18
4124 9817 18
4127 7991 18
4133 7967 18
4138 6175 18
4158 9366 18
4168 7201 18
4179 6895 18
4205 7548 18
4211 8219 18
4220 5919 18
4272 9344 18
4274 6635 18
4287 9741 18
4318 8022 18
4387 6631 18
4401 9186 18
4466 8978 18
4488 7713 18
4547 5582 18
4550 8272 18
4608 9815 18
4667 6380 18
4672 9644 18
4676 9287 18
4732 7264 18
4737 5882 18
4739 5415 18
4768 9976 18
4815 7201 18
4831 5053 18
4841 7249 18
4855 8204 18
4909 9947 18
4989 5494 18
5107 9746 18
5179 6602 18
5217 8634 18
5234 7850 18
5253 7793 18
5265 9082 18
5280 7882 18
5378 5692 18
5393 6618 18
5451 5899 18
5546 6873 18
5553 8169 18
5565 8174 18
5687 6431 18
5718 7672 18
5760 7136 18
5763 6750 18
5821 8110 18
5855 5956 18
5888 7630 18
5929 8703 18
6006 9673 18
6139 9091 18
6167 6841 18
6236 8881 18
6248 7933 18
6314 8340 18
6340 6438 18
6386 8642 18
6412 7164 18
6514 8627 18
6555 8708 18
6571 8566 18
6607 6836 18
6651 9277 18
6724 8574 18
6816 9421 18
7126 8948 18
7262 8143 18
7464 8419 18
7523 7639 18
7653 9569 18
7718 9567 18
7854 8499 18
8002 9855 18
8089 9385 18
8448 8876 18
8457 9127 18
8615 9126 18
8817 9412 18
9103 9393 18
9350 9836 18
9462 9835 18
9611 9932 18
8 3611 19
11 5780 19
14 35 19
17 8266 19
24 1487 19
25 58 19
32 4219 19
48 4732 19
85 5301 19
94 104 19
96 229 19
99 1467 19
101 8047 19
102 724 19
127 6671 19
136 8416 19
146 1610 19
165 240 19
171 1712 19
179 3732 19
186 4385 19
231 562 19
244 5257 19
260 8577 19
291 310 19
294 736 19
294 5419 19
296 807 19
301 640 19
322 1039 19
366 5386 19
368 7659 19
385 1169 19
428 4242 19
428 6090 19
430 515 19
435 7678 19
469 1451 19
475 8818 19
502 876 19
503 887 19
504 5849 19
530 5769 19
569 4387 19
591 3828 19
594 3435 19
605 8668 19
610 8444 19
624 7806 19
641 751 19
653 9869 19
667 6068 19
670 8607 19
677 1107 19
680 8734 19
685 1992 19
698 5383 19
701 986 19
705 2316 19
705 8104 19
726 2583 19
741 8780 19
742 8984 19
747 945 19
768 5379 19
785 6366 19
802 1644 19
823 6371 19
886 5970 19
958 1347 19
965 1028 19
969 1630 19
996 3107 19
1000 4196 19
1037 5417 19
1048 8510 19
1051 2340 19
1075 8753 19
1084 3708 19
1090 4558 19
1118 1374 19
1190 8160 19
1228 8612 19
1286 6436 19
1288 3204 19
1320 7977 19
1325 6639 19
1326 4653 19
1359 4991 19
1420 6764 19
1423 2398 19
1430 7182 19
1431 6165 19
1436 1573 19
1482 3076 19
1505 3882 19
1510 6520 19
1511 2990 19
1546 3521 19
1549 9615 19
1570 3246 19
1597 2863 19
1607 8598 19
1615 4114 19
1632 7074 19
1640 2612 19
1678 6853 19
1682 4854 19
1714 6579 19
1716 2917 19
1719 5914 19
1768 5486 19
1779 4582 19
1790 2426 19
1817 1839 19
1818 6932 19
1856 5343 19
1866 5146 19
1868 1876 19
1879 5904 19
1900 9712 19
1904 2920 19
1914 5354 19
1915 5583 19
1936 2256 19
1946 2956 19
1949 2195 19
1949 2991 19
2035 5067 19
2148 3556 19
2179 8471 19
2179 9275 19
2185 3242 19
2218 4348 19
2226 3436 19
2251 5040 19
2317 7908 19
2319 6016 19
2322 7938 19
2325 5445 19
2338 2487 19
2349 6068 19
2355 9614 19
2361 8526 19
2381 7146 19
2386 5986 19
2400 2883 19
2420 6086 19
2422 5638 19
2443 9400 19
2447 2654 19
2470 5617 19
2473 7697 19
2538 3930 19
2563 9345 19
2576 6151 19
2600 9775 19
2613 5998 19
2647 5517 19
2717 3129 19
2728 8075 19
2735 3626 19
2752 5792 19
2779 6976 19
2787 4964 19
2802 5379 19
2829 5729 19
2866 7465 19
2880 8690 19
2883 4372 19
2942 4814 19
2946 6577 19
2947 7569 19
2971 4505 19
2989 4452 19
2990 7393 19
2997 3794 19
3087 7742 19
3087 8359 19
3088 6070 19
3145 5323 19
3151 8568 19
3194 4264 19
3195 3470 19
3246 8650 19
3247 5063 19
3277 5808 19
3290 4952 19
3302 8109 19
3347 4634 19
3421 4733 19
3427 7962 19
3446 3502 19
3477 9871 19
3513 9985 19
3544 6139 19
3564 6183 19
3570 4971 19
3578 4583 19
3618 5525 19
3715 7885 19
3754 6717 19
3757 7806 19
3760 4548 19
3848 6995 19
3850 9715 19
3877 6749 19
3878 4427 19
3952 4059 19
4006 5023 19
4079 6930 19
4082 8011 19
4144 6174 19
4158 7138 19
4229 9799 19
4241 6099 19
4293 6985 19
4413 5006 19
4426 8890 19
4438 7525 19
4441 8608 19
4448 5262 19
4483 6017 19
4523 5383 19
4544 6839 19
4597 5740 19
4646 5464 19
4812 7176 19
4893 9365 19
4910 9623 19
4930 7960 19
4963 9347 19
5011 7260 19
5103 7843 19
5133 6374 19
5167 8728 19
5205 8391 19
5238 7620 19
5352 9855 19
5431 7464 19
5472 9863 19
5578 7447 19
5587 5733 19
5614 7877 19
5674 9521 19
5710 7995 19
5719 8128 19
5785 8248 19
5822 6236 19
5825 9229 19
5843 7596 19
5930 7409 19
5951 9147 19
5985 5999 19
6047 6764 19
6092 9926 19
6107 9114 19
6144 9077 19
6173 8697 19
6276 7724 19
6328 9051 19
6364 6886 19
6491 8255 19
6503 8093 19
6620 8080 19
6771 9377 19
6784 7973 19
6808 9198 19
6830 7021 19
6845 9050 19
6884 8510 19
7026 8147 19
7105 8371 19
7127 9869 19
7160 8626 19
7213 9881 19
7368 7482 19
7368 8494 19
7480 9433 19
7599 9225 19
7612 7724 19
7701 9026 19
7732 8221 19
7774 9076 19
7896 8060 19
7903 9658 19
8335 8382 19
8392 9033 19
8419 9502 19
8424 9253 19
8688 9370 19
8765 8972 19
9116 9778 19
9429 9549 19
9450 9688 19
9809 9870 19
27 2650 20
29 9076 20
30 3100 20
59 7684 20
62 77 20
62 192 20
80 7894 20
80 8950 20
91 2087 20
109 7602 20
113 896 20
113 8094 20
117 2002 20
150 1942 20
164 7043 20
242 409 20
247 3442 20
255 6484 20
279 7671 20
282 468 20
297 7580 20
320 442 20
324 5357 20
330 6301 20
361 407 20
369 6963 20
385 509 20
406 8702 20
428 1000 20
438 463 20
443 5069 20
468 526 20
488 4543 20
495 828 20
530 6862 20
542 653 20
625 5365 20
632 6327 20
645 4423 20
655 1226 20
673 2728 20
678 4288 20
718 1117 20
740 3207 20
762 3482 20
771 1286 20
786 2276 20
796 3305 20
800 1767 20
850 3544 20
869 8518 20
896 2950 20
933 8492 20
945 3405 20
970 4482 20
976 9607 20
1057 6813 20
1075 8523 20
1085 9396 20
1088 9511 20
1107 3102 20
1137 1597 20
1148 3681 20
1167 6673 20
1182 3433 20
1190 7677 20
1198 4310 20
1215 8169 20
1248 1263 20
1293 8409 20
1353 6887 20
1393 3674 20
1408 5358 20
1462 9715 20
1478 9560 20
1487 1615 20
1525 8350 20
1549 5664 20
1559 2544 20
1580 1640 20
1622 4208 20
1622 4457 20
1655 2186 20
1658 7989 20
1666 5229 20
1682 3439 20
1738 1847 20
1769 5219 20
1770 1909 20
1773 4157 20
1776 2378 20
1777 9710 20
1785 6400 20
1787 9618 20
1837 6507 20
1882 9187 20
1883 8826 20
1903 5111 20
1904 2148 20
1937 2115 20
1976 8448 20
2022 4642 20
2037 8185 20
2042 8564 20
2054 6322 20
2065 2412 20
2101 6722 20
2102 7199 20
2114 4804 20
2166 7986 20
2181 9686 20
2246 4299 20
2260 3072 20
2279 2447 20
2282 4404 20
2295 5532 20
2323 2672 20
2339 4047 20
2349 3109 20
2350 7923 20
2384 4077 20
2412 5320 20
2422 9963 20
2443 3016 20
2450 7865 20
2453 9844 20
2461 5783 20
2463 9553 20
2575 3320 20
2630 7617 20
2713 3967 20
2757 7051 20
2784 4069 20
2819 8678 20
2825 5864 20
2841 4500 20
2950 8502 20
2956 9534 20
2962 7055 20
2997 4190 20
3000 9491 20
3010 6039 20
3042 4919 20
3050 7235 20
3082 4628 20
3100 5924 20
3136 8804 20
3152 8237 20
3185 4205 20
3192 6193 20
3204 4797 20
3218 3737 20
3281 8996 20
3287 8416 20
3328 6433 20
3363 9441 20
3397 5948 20
3416 4847 20
3467 4020 20
3514 6388 20
3517 5636 20
3523 3970 20
3527 5518 20
3553 5614 20
3570 8876 20
3634 4058 20
3648 9294 20
3694 7232 20
3727 8132 20
3742 5725 20
3807 7482 20
3837 8139 20
3885 7569 20
3885 8923 20
3887 5638 20
3928 7072 20
3961 5912 20
4043 7910 20
4095 8148 20
4100 5689 20
4189 5401 20
4213 6859 20
4437 4937 20
4437 5631 20
4446 6811 20
4497 4929 20
4616 8505 20
4641 8067 20
4677 9568 20
4702 4880 20
4705 4707 20
4769 5647 20
4873 9910 20
4907 8996 20
4925 6640 20
4936 8212 20
4941 7423 20
4960 8977 20
5110 6263 20
5140 6740 20
5140 9843 20
5141 6427 20
5289 5860 20
5340 6281 20
5357 5861 20
5365 5568 20
5386 5457 20
5388 9288 20
5391 6308 20
5444 5808 20
5479 5887 20
5527 6502 20
5615 6898 20
5637 9906 20
5761 9442 20
5917 7493 20
5931 7294 20
5968 7783 20
5997 9332 20
6004 9162 20
6018 7661 20
6068 9009 20
6173 8402 20
6196 6939 20
6246 7403 20
6251 8105 20
6270 8205 20
6361 6429 20
6365 6696 20
6366 9888 20
6460 7126 20
6552 7963 20
6554 9076 20
6619 8523 20
6632 8147 20
6633 7255 20
6633 9088 20
6655 8187 20
6873 8324 20
6894 8908 20
7086 9433 20
7090 9575 20
7179 9259 20
7231 8205 20
7235 9577 20
7377 8634 20
7423 9481 20
7433 9502 20
7441 9659 20
7542 7887 20
7595 9890 20
7610 8106 20
7657 8189 20
7705 9888 20
7762 9406 20
8028 9565 20
8094 9409 20
8103 9160 20
8175 8354 20
8220 9492 20
8244 9992 20
8600 8840 20
8705 9575 20
8777 9443 20
8827 9182 20
8859 8980 20
8966 9104 20
8988 9398 20
9036 9686 20
9140 9462 20
9176 9501 20
7 121 21
12 7610 21
13 2209 21
29 3715 21
42 187 21
42 384 21
47 760 21
73 3071 21
112 3696 21
134 4506 21
134 7600 21
141 6594 21
191 9663 21
197 3831 21
197 6693 21
201 4885 21
212 449 21
226 6388 21
226 8273 21
233 7302 21
236 3844 21
255 814 21
295 644 21
298 6971 21
354 5477 21
356 3087 21
377 5606 21
408 3754 21
443 4510 21
444 8533 21
459 8691 21
478 2659 21
479 8545 21
485 9763 21
529 1600 21
532 791 21
534 1927 21
535 957 21
562 1727 21
573 788 21
582 2525 21
590 2971 21
630 7178 21
651 4291 21
662 7787 21
670 1735 21
670 8104 21
676 1134 21
676 7832 21
687 2772 21
744 4294 21
745 6029 21
757 3382 21
773 9643 21
775 4023 21
793 1128 21
815 2888 21
825 8072 21
841 6770 21
855 4830 21
859 4501 21
864 9042 21
868 3408 21
871 2586 21
884 1450 21
891 8528 21
906 4329 21
911 7199 21
913 5669 21
924 4767 21
934 1371 21
939 9273 21
996 7529 21
1020 3025 21
1038 1419 21
1046 5437 21
1122 3438 21
1127 6574 21
1133 4792 21
1141 1155 21
1166 7977 21
1179 3180 21
1230 9361 21
1235 2916 21
1240 1403 21
1242 5202 21
1257 5471 21
1285 3123 21
1296 6492 21
1311 7835 21
1412 3138 21
1444 1724 21
1444 3522 21
1448 5704 21
1450 9098 21
1462 5225 21
1472 2347 21
1487 2630 21
1530 5407 21
1534 1573 21
1545 9745 21
1547 6549 21
1549 5398 21
1557 4930 21
1589 1618 21
1603 4735 21
1622 3077 21
1659 4925 21
1673 5893 21
1725 3256 21
1745 4809 21
1762 7792 21
1767 4111 21
1810 8983 21
1812 5459 21
1826 6898 21
1829 7118 21
1856 8694 21
1928 9590 21
1953 8898 21
1963 4821 21
1974 8062 21
1993 3863 21
2000 3300 21
2001 5074 21
2007 8008 21
2028 8285 21
2049 3986 21
2053 4990 21
2087 4306 21
2135 6648 21
2176 5102 21
2223 8008 21
2239 7242 21
2248 3762 21
2250 8507 21
2255 3397 21
2295 8578 21
2331 5209 21
2333 8799 21
2343 8608 21
2350 3674 21
2360 6764 21
2371 4053 21
2380 5897 21
2404 4336 21
2440 7808 21
2466 7593 21
2512 2608 21
2529 3600 21
2530 6072 21
2534 6140 21
2555 9349 21
2585 7483 21
2638 6567 21
2661 5357 21
2674 3234 21
2752 6488 21
2763 4274 21
2789 3131 21
2815 4293 21
2831 3123 21
2866 7337 21
2876 5377 21
2924 5555 21
2941 3973 21
2956 5306 21
2958 4455 21
2969 4231 21
2996 5596 21
3042 8692 21
3068 8404 21
3089 4933 21
3146 4238 21
3148 9083 21
3186 7342 21
3242 7518 21
3247 8945 21
3362 9323 21
3432 9116 21
3478 9161 21
3479 6726 21
3505 6348 21
3526 8891 21
3572 9127 21
3589 3650 21
3593 7366 21
3597 4168 21
3597 6974 21
3604 4408 21
3605 7038 21
3608 7777 21
3686 7462 21
3696 9901 21
3711 9882 21
3773 7953 21
3815 7142 21
3819 6526 21
3827 7301 21
3905 4015 21
3951 6754 21
3990 8908 21
4005 6300 21
4030 5989 21
4064 6118 21
4091 6106 21
4102 9395 21
4112 7162 21
4199 4452 21
4233 7888 21
4389 8982 21
4427 6253 21
4505 9129 21
4516 7498 21
4522 6008 21
4546 7397 21
4594 7530 21
4666 6946 21
4669 5783 21
4673 8073 21
4701 8407 21
4745 8797 21
4776 6225 21
4780 9632 21
4790 7982 21
4823 5906 21
4879 8842 21
4889 9421 21
4978 7974 21
5033 5694 21
5034 5108 21
5108 6656 21
5221 5567 21
5300 6461 21
5310 8406 21
5385 7766 21
5475 8865 21
5504 5686 21
5569 7069 21
5576 6533 21
5664 8187 21
5720 7077 21
5777 5931 21
5784 9688 21
5868 8687 21
5884 9733 21
5914 6480 21
5931 9203 21
5935 9170 21
6054 8538 21
6062 6316 21
6065 6758 21
6082 7666 21
6109 6150 21
6118 9145 21
6202 7208 21
6236 9888 21
6274 8508 21
6307 8765 21
6382 8169 21
6415 9000 21
6484 7687 21
6665 8020 21
6681 8901 21
6707 8980 21
6748 8802 21
6821 7203 21
7114 9876 21
7300 8524 21
7379 7726 21
7480 7723 21
7534 7636 21
7795 9834 21
7921 9004 21
7970 8302 21
8240 8503 21
8404 9945 21
8470 8905 21
8792 8804 21
32 7539 22
57 6362 22
81 7014 22
85 5687 22
105 7872 22
127 1023 22
151 5995 22
190 3908 22
199 2169 22
266 498 22
273 2380 22
287 577 22
357 948 22
361 696 22
381 7115 22
382 9556 22
391 6238 22
404 8715 22
414 4714 22
429 2935 22
437 3148 22
448 2854 22
463 8608 22
474 1151 22
479 5993 22
483 3168 22
497 2161 22
510 5937 22
552 6318 22
559 4243 22
560 5670 22
571 9379 22
593 2485 22
607 658 22
626 5136 22
638 9429 22
642 7306 22
679 3742 22
734 1556 22
758 920 22
815 8181 22
823 8879 22
828 4559 22
836 7297 22
855 1491 22
869 2315 22
883 2810 22
906 2607 22
921 7396 22
966 7539 22
999 1342 22
1041 3266 22
1050 1151 22
1081 2924 22
1103 6080 22
1116 5547 22
1156 6804 22
1174 1967 22
1181 2012 22
1204 6030 22
1211 8450 22
1224 5629 22
1227 9207 22
1250 1748 22
1276 5958 22
1283 8824 22
1319 4488 22
1326 2124 22
1367 3999 22
1400 2906 22
1407 4667 22
1450 9510 22
1466 3882 22
1475 1844 22
1510 4236 22
1549 1827 22
1553 5318 22
1554 8833 22
1578 4277 22
1593 9469 22
1650 5846 22
1651 8723 22
1652 6025 22
1665 2969 22
1667 1946 22
1680 8103 22
1705 7771 22
1723 2524 22
1732 3606 22
1749 2367 22
1764 4512 22
1814 7160 22
1860 9388 22
1869 2458 22
1922 4995 22
1950 2561 22
1971 6531 22
2127 8917 22
2139 4870 22
2141 5654 22
2172 4265 22
2183 5956 22
2275 3962 22
2297 2670 22
2301 6958 22
2337 7018 22
2337 8951 22
2345 8544 22
2446 6768 22
2459 4572 22
2489 5363 22
2504 3214 22
2554 5877 22
2561 5106 22
2580 3784 22
2593 3952 22
2613 4562 22
2623 6692 22
2633 5242 22
2636 5600 22
2636 8404 22
2671 4092 22
2684 3969 22
2697 3412 22
2753 4169 22
2790 8918 22
2838 5209 22
2845 9470 22
2878 8108 22
2879 4046 22
2963 4459 22
3018 3847 22
3050 8794 22
3095 5571 22
3166 9842 22
3167 9761 22
3197 7349 22
3232 6113 22
3251 7523 22
3261 5936 22
3285 7350 22
3375 9365 22
3389 7184 22
3416 7046 22
3436 7105 22
3478 8092 22
3546 6225 22
3557 4074 22
3560 5770 22
3582 7510 22
3599 4115 22
3756 4025 22
3822 8334 22
3850 4805 22
3907 6319 22
3926 8774 22
3950 9552 22
3957 4431 22
4021 5619 22
4025 8165 22
4079 6333 22
4082 4748 22
4083 9444 22
4091 8262 22
4135 7545 22
4150 7235 22
4170 8019 22
4236 9196 22
4241 5434 22
4279 8747 22
4295 9028 22
4329 7791 22
4362 6052 22
4527 7264 22
4559 6964 22
4612 6083 22
4638 7877 22
4641 5031 22
4683 9156 22
4704 9238 22
4722 7718 22
4790 7711 22
4838 5051 22
4851 9947 22
4861 9518 22
4876 5258 22
4953 8100 22
4963 9453 22
5031 7502 22
5039 5665 22
5089 5550 22
5103 8781 22
5173 5950 22
5195 8370 22
5264 5925 22
5313 8724 22
5316 8234 22
5317 9860 22
5361 9074 22
5510 6897 22
5548 9883 22
5701 6655 22
5718 7282 22
5765 7531 22
5882 8419 22
5887 6290 22
5918 6837 22
5994 9823 22
6019 6423 22
6022 6640 22
6080 7276 22
6088 9342 22
6131 9461 22
6165 7738 22
6169 8656 22
6323 7663 22
6464 8087 22
6470 9525 22
6557 7461 22
6623 7264 22
6639 9330 22
6842 9545 22
7086 8934 22
7222 8115 22
7283 9333 22
7287 7394 22
7311 9007 22
7403 9815 22
7440 9761 22
7490 8066 22
7548 8325 22
7576 7852 22
7623 7747 22
7646 9753 22
7721 8215 22
7835 9624 22
7962 9918 22
8147 8625 22
8317 9606 22
8417 9322 22
8419 9523 22
8440 8622 22
8755 9108 22
9022 9675 22
9304 9589 22
12 198 23
21 380 23
22 279 23
29 1410 23
32 7776 23
45 5148 23
60 566 23
112 7906 23
120 266 23
124 1745 23
139 2397 23
147 952 23
147 2174 23
163 8132 23
167 356 23
173 824 23
181 988 23
233 3802 23
252 6210 23
281 3626 23
282 1599 23
290 1321 23
292 6337 23
308 727 23
317 6693 23
344 1315 23
345 4480 23
377 4156 23
433 1293 23
435 962 23
438 2918 23
450 1397 23
506 1130 23
507 1078 23
530 634 23
535 7016 23
561 2881 23
563 4761 23
569 6126 23
572 9964 23
573 1502 23
573 9659 23
574 7321 23
591 2507 23
592 7628 23
595 7131 23
608 7087 23
620 8736 23
631 5981 23
650 7303 23
677 2967 23
683 5464 23
695 6790 23
699 6181 23
714 1223 23
717 1670 23
758 7370 23
764 6927 23
771 7196 23
775 7608 23
795 6901 23
820 3204 23
820 8327 23
856 7573 23
867 4418 23
879 8199 23
896 2965 23
901 4961 23
916 2944 23
931 2319 23
981 1521 23
1019 7351 23
1040 8201 23
1076 2686 23
1122 1993 23
1143 7300 23
1150 4578 23
1155 9580 23
1156 6953 23
1194 3657 23
1207 7090 23
1219 1985 23
1229 3569 23
1243 9875 23
1281 7906 23
1309 8955 23
1350 7721 23
1407 1693 23
1411 4465 23
1443 9543 23
1447 6262 23
1525 9868 23
1558 4870 23
1559 7371 23
1591 6790 23
1604 9783 23
1624 7402 23
1667 2679 23
1775 9590 23
1785 4549 23
1822 3237 23
1842 2169 23
1846 3559 23
1854 4652 23
1903 6849 23
1931 9291 23
1951 2498 23
1983 2006 23
1996 2772 23
1996 5706 23
2047 6300 23
2067 2214 23
2067 4656 23
2084 4875 23
2103 9492 23
2118 6304 23
2139 3095 23
2140 2697 23
2143 6611 23
2146 2582 23
2170 9602 23
2182 4999 23
2185 5778 23
2193 6700 23
2205 5545 23
2306 5282 23
2317 7833 23
2352 5172 23
2446 2631 23
2486 7678 23
2525 3844 23
2535 9099 23
2549 6124 23
2550 9554 23
2573 2705 23
2587 3908 23
2588 8275 23
2652 6356 23
2657 6991 23
2696 5788 23
2708 3703 23
2770 4802 23
2788 6080 23
2836 4898 23
2899 6726 23
2936 5530 23
2986 3000 23
2991 7413 23
3034 8444 23
3051 3501 23
3065 9384 23
3066 3515 23
3081 6431 23
3139 3545 23
3163 7952 23
3233 9990 23
3253 8912 23
3265 4050 23
3334 4946 23
3349 4073 23
3366 9093 23
3413 6739 23
3529 5649 23
3542 4739 23
3543 5277 23
3590 3922 23
3612 4975 23
3641 8774 23
3681 5860 23
3735 8171 23
3749 5909 23
3770 7683 23
3770 9995 23
3777 8805 23
3809 7824 23
3811 4781 23
3819 9600 23
3839 5486 23
3969 9320 23
3982 7857 23
4062 7889 23
4063 7380 23
4138 7214 23
4148 8340 23
4148 8677 23
4221 5234 23
4244 6298 23
4255 4473 23
4278 5008 23
4284 6211 23
4317 5278 23
4405 6367 23
4475 5141 23
4477 5235 23
4501 5621 23
4558 7367 23
4572 8662 23
4576 8504 23
4584 8337 23
4598 7211 23
4631 5350 23
4642 5679 23
4757 9400 23
4773 8197 23
4807 6695 23
4842 7931 23
4879 5698 23
4904 6269 23
4974 5570 23
4992 6445 23
5025 9260 23
5130 6535 23
5201 7169 23
5208 9494 23
5294 9584 23
5409 8159 23
5496 9340 23
5502 6289 23
5510 8808 23
5553 7675 23
5627 6901 23
5814 8094 23
5940 8499 23
5976 7519 23
5998 7713 23
6023 7578 23
6106 6150 23
6151 7241 23
6215 6353 23
6319 9117 23
6324 7590 23
6327 9729 23
6375 7761 23
6590 8273 23
6830 6941 23
6894 7358 23
6896 7913 23
7046 7844 23
7336 9944 23
7551 8587 23
7653 9426 23
7747 9600 23
7830 8149 23
7927 8161 23
7943 8761 23
8011 8393 23
8098 8348 23
8113 9677 23
8190 9424 23
8250 9920 23
8355 9405 23
8519 8668 23
8524 9607 23
8555 9046 23
8628 9008 23
9216 9775 23
17 1589 24
50 9744 24
86 675 24
95 5752 24
104 862 24
126 9599 24
153 1223 24
169 1988 24
187 875 24
195 2762 24
205 289 24
221 6119 24
222 311 24
225 5763 24
253 8603 24
280 7945 24
296 3028 24
300 4047 24
316 9965 24
323 620 24
392 1327 24
416 6964 24
423 8708 24
432 3401 24
454 635 24
467 5885 24
481 8652 24
547 7183 24
553 2206 24
558 1535 24
568 6921 24
580 4312 24
618 1248 24
639 1004 24
658 1752 24
661 5999 24
725 4841 24
732 2724 24
804 2692 24
806 7855 24
835 3118 24
858 2345 24
877 949 24
895 4491 24
912 9454 24
939 5724 24
946 3039 24
981 1633 24
991 8101 24
1002 7700 24
1005 4778 24
1015 8147 24
1022 7855 24
1043 5218 24
1073 7206 24
1078 3013 24
1105 5600 24
1109 6234 24
1156 3013 24
1157 5366 24
1172 2559 24
1182 6128 24
1200 2820 24
1205 5797 24
1257 4923 24
1258 1940 24
1299 3731 24
1344 1819 24
1378 8116 24
1393 4588 24
1416 9982 24
1444 4346 24
1458 9153 24
1476 9500 24
1537 3722 24
1565 6258 24
1643 2437 24
1652 2696 24
1652 6770 24
1675 5900 24
1679 6404 24
1731 1833 24
1741 2934 24
1753 4282 24
1815 2331 24
1862 9654 24
1884 9052 24
1927 8172 24
1997 6704 24
2001 2198 24
2049 6610 24
2072 2773 24
2101 3976 24
2114 3633 24
2115 5088 24
2156 8959 24
2167 4502 24
2250 8163 24
2273 8384 24
2360 9524 24
2389 8698 24
2426 7217 24
2430 8328 24
2444 6882 24
2445 3785 24
2449 2550 24
2491 5633 24
2502 4828 24
2509 4411 24
2565 2693 24
2582 8025 24
2593 4563 24
2594 2623 24
2660 8796 24
2665 4543 24
2667 6870 24
2722 6531 24
2814 4414 24
2824 9185 24
2923 5468 24
2944 8289 24
2949 3448 24
2965 7495 24
2992 4580 24
3021 3196 24
3074 3528 24
3076 8899 24
3107 8175 24
3321 6972 24
3346 9791 24
3385 6989 24
3387 8157 24
3465 8436 24
3477 8124 24
3515 8663 24
3518 9217 24
3535 5272 24
3599 5083 24
3599 8565 24
3629 3965 24
3658 3786 24
3670 6152 24
3691 6121 24
3737 9328 24
3982 4664 24
4093 7766 24
4185 5572 24
4195 8670 24
4286 6553 24
4319 4458 24
4334 8498 24
4350 7202 24
4367 5631 24
4388 9649 24
4416 4522 24
4465 7449 24
4469 9192 24
4569 7922 24
4575 6001 24
4645 6022 24
4678 6518 24
4721 6094 24
4724 9913 24
4901 7431 24
4904 9655 24
4912 5845 24
4919 7938 24
4938 9485 24
4991 6669 24
5009 6102 24
5041 6288 24
5088 8697 24
5134 8287 24
5149 7264 24
5186 7007 24
5203 7216 24
5263 7895 24
5324 9839 24
5440 9715 24
5509 7011 24
5518 5799 24
5535 7348 24
5539 8369 24
5574 7073 24
5654 6518 24
5737 7285 24
5824 6569 24
5827 9764 24
5889 6854 24
5940 9788 24
6031 6850 24
6042 9248 24
6127 7459 24
6135 7183 24
6195 9237 24
6271 7854 24
6433 7211 24
6434 8305 24
6509 6957 24
6540 6761 24
6550 9114 24
6678 7074 24
6825 7470 24
6919 9558 24
6921 8349 24
6960 9785 24
7018 8653 24
7042 8903 24
7106 8939 24
7108 7987 24
7152 8853 24
7170 8530 24
7362 8496 24
7451 8624 24
7464 8911 24
7772 9150 24
7851 8398 24
7954 9673 24
7976 8789 24
8286 9338 24
8452 9309 24
8516 9686 24
8735 8973 24
8741 8956 24
9037 9370 24
6 533 25
20 2842 25
64 4386 25
115 779 25
129 1888 25
170 6101 25
176 9475 25
178 8012 25
206 4192 25
249 3806 25
269 8008 25
276 4525 25
284 2897 25
317 3922 25
344 1274 25
378 4753 25
382 7144 25
415 4484 25
453 458 25
480 6983 25
538 3494 25
589 9456 25
629 6439 25
652 4084 25
693 2649 25
731 7020 25
769 7922 25
794 2438 25
824 9657 25
832 5777 25
903 2727 25
908 5959 25
909 955 25
956 5694 25
959 9134 25
1049 5595 25
1065 6178 25
1099 1511 25
1115 8868 25
1140 3520 25
1152 4276 25
1166 7384 25
1188 1541 25
1281 1663 25
1288 6623 25
1309 5893 25
1317 3490 25
1325 8731 25
1344 9475 25
1426 1926 25
1456 9965 25
1484 6260 25
1506 5409 25
1520 2445 25
1536 6154 25
1538 2408 25
1552 2970 25
1609 8371 25
1613 2571 25
1668 7444 25
1678 4342 25
1729 8967 25
1731 2527 25
1760 3294 25
1792 4965 25
1792 6596 25
1900 7395 25
1916 5548 25
1918 6223 25
1955 8835 25
1957 9123 25
1975 8185 25
2000 4139 25
2029 8309 25
2062 5031 25
2076 3363 25
2091 2248 25
2144 5576 25
2156 4908 25
2199 6383 25
2203 6889 25
2274 3494 25
2323 3717 25
2325 7682 25
2328 7696 25
2344 5965 25
2397 6627 25
2419 7955 25
2419 9738 25
2421 3086 25
2482 4378 25
2536 2822 25
2566 4326 25
2570 8282 25
2576 4508 25
2601 9447 25
2656 3724 25
2705 4315 25
2753 4222 25
2762 5648 25
2805 5079 25
2815 6040 25
2859 8896 25
2865 5741 25
2878 3212 25
2941 4321 25
2987 4830 25
3005 5263 25
3090 3860 25
3141 5493 25
3168 6880 25
3212 9558 25
3301 9171 25
3317 7185 25
3426 4403 25
3494 4898 25
3506 5367 25
3545 4152 25
3578 7243 25
3709 8873 25
3747 3776 25
3758 5402 25
3775 4469 25
3852 6234 25
3984 4576 25
4005 8403 25
4007 9010 25
4147 4157 25
4172 8925 25
4206 6489 25
4218 5470 25
4237 4949 25
4286 5215 25
4313 4490 25
4356 8417 25
4388 5845 25
4398 6544 25
4410 9266 25
4431 4674 25
4478 9282 25
4654 6744 25
4681 8750 25
4698 6701 25
4708 6583 25
4782 9187 25
4794 7861 25
4824 5871 25
4905 9923 25
4932 5506 25
4960 7517 25
5000 9273 25
5010 8205 25
5070 9611 25
5072 9813 25
5123 8297 25
5147 6232 25
5195 9832 25
5212 7823 25
5320 8145 25
5360 7027 25
5391 9786 25
5415 8241 25
5445 6694 25
5461 7068 25
5511 9906 25
5512 9006 25
5533 6816 25
5620 6412 25
5658 7456 25
5673 9202 25
5700 6358 25
5815 5946 25
5878 7774 25
5910 7310 25
5955 8762 25
5973 7355 25
6087 8068 25
6105 6295 25
6281 6705 25
6289 8251 25
6678 7181 25
6701 7334 25
6790 7925 25
6889 9848 25
6901 9810 25
7052 9987 25
7064 7986 25
7092 9246 25
7302 9118 25
7345 9519 25
7385 8749 25
7414 8172 25
7524 9752 25
7916 9893 25
8070 9557 25
8103 9476 25
8221 8447 25
8308 8643 25
8468 9683 25
8534 8551 25
8863 9654 25
9012 9667 25
9063 9487 25
9181 9562 25
9264 9324 25
9829 9892 25
6 9364 26
13 139 26
15 4972 26
29 9622 26
37 5299 26
62 2713 26
82 1542 26
92 4584 26
111 2904 26
117 184 26
148 2849 26
157 8910 26
171 8954 26
190 2310 26
191 6542 26
193 2921 26
195 4573 26
212 8726 26
219 7327 26
234 9860 26
242 3350 26
265 6670 26
276 8054 26
278 9576 26
318 2721 26
356 3930 26
361 5597 26
401 9148 26
405 2500 26
449 9359 26
470 8563 26
510 5017 26
537 2777 26
538 8321 26
544 4966 26
570 2135 26
628 6790 26
678 2477 26
705 9933 26
728 7193 26
729 7387 26
748 5949 26
763 7280 26
767 3875 26
781 3029 26
878 2213 26
892 5782 26
907 2091 26
924 3402 26
974 6933 26
1021 1353 26
1056 8228 26
1069 6440 26
1184 2978 26
1239 9045 26
1266 6036 26
1291 5739 26
1294 2272 26
1331 2563 26
1339 5182 26
1405 7608 26
1414 8849 26
1420 3244 26
1454 5481 26
1461 7569 26
1474 5493 26
1535 7829 26
1560 8751 26
1603 9944 26
1676 8758 26
1851 7679 26
1859 9715 26
1952 7502 26
1986 8926 26
2061 3303 26
2083 6737 26
2090 4991 26
2156 4717 26
2159 3550 26
2186 6907 26
2190 4115 26
2224 4237 26
2226 7356 26
2269 8166 26
2271 4147 26
2331 8027 26
2335 3025 26
2374 4416 26
2377 3193 26
2438 5915 26
2514 5942 26
2536 8054 26
2546 6517 26
2554 8628 26
2620 9419 26
2638 7133 26
2644 5538 26
2726 4604 26
2742 3652 26
2764 4554 26
2848 3894 26
2861 9301 26
2908 7424 26
2909 6397 26
2911 4007 26
2998 8271 26
3034 4165 26
3054 9585 26
3062 4982 26
3073 7374 26
3109 7308 26
3111 8252 26
3123 6461 26
3160 3982 26
3187 3397 26
3294 7054 26
3302 6285 26
3307 5109 26
3357 8378 26
3412 3777 26
3454 6218 26
3467 9907 26
3488 6473 26
3550 6457 26
3568 9865 26
3578 5058 26
3621 4166 26
3635 6283 26
3639 3783 26
3655 8765 26
3672 8028 26
3780 8247 26
3825 9564 26
3929 7388 26
3999 6561 26
4014 5097 26
4019 8975 26
4100 8733 26
4101 4638 26
4117 5483 26
4128 4724 26
4149 6382 26
4227 8936 26
4238 5731 26
4258 6513 26
4273 7875 26
4307 5970 26
4323 7340 26
4390 6969 26
4395 6459 26
4613 5043 26
4630 9050 26
4678 5609 26
4782 5454 26
4895 8169 26
4902 7313 26
4978 7354 26
5002 7498 26
5025 6875 26
5078 6956 26
5144 5342 26
5189 7750 26
5214 8545 26
5227 8120 26
5290 8325 26
5291 9478 26
5300 6821 26
5381 6506 26
5474 7730 26
5765 6676 26
5775 8010 26
5804 9516 26
5807 7251 26
5858 6471 26
5900 7565 26
5919 5960 26
5983 9077 26
6297 7469 26
6343 8444 26
6446 8390 26
6672 8887 26
6759 9460 26
6779 7827 26
6890 8561 26
6895 8306 26
6914 8076 26
7020 8779 26
7130 9512 26
7164 7713 26
7195 8593 26
7430 9545 26
7533 9893 26
7643 9115 26
7656 9126 26
7763 9934 26
8010 9787 26
8166 9520 26
8185 9051 26
8443 9673 26
8710 9979 26
8736 9078 26
8833 8971 26
8989 9917 26
9613 9755 26
9671 9841 26
27 63 27
113 933 27
118 5252 27
135 3964 27
142 4873 27
170 3877 27
199 5260 27
200 1171 27
204 3301 27
209 1516 27
221 4494 27
226 8252 27
247 819 27
268 1117 27
271 1218 27
271 9603 27
286 7148 27
301 5499 27
320 9373 27
324 4809 27
333 1488 27
340 7882 27
404 1196 27
450 5316 27
480 6838 27
485 1246 27
487 2528 27
500 5548 27
553 4774 27
559 4752 27
626 5048 27
650 1454 27
670 997 27
710 7763 27
744 1594 27
756 807 27
868 2106 27
871 4619 27
903 2290 27
1010 1748 27
1026 7741 27
1029 1141 27
1035 4402 27
1058 1989 27
1185 6559 27
1241 3983 27
1248 8002 27
1262 9563 27
1268 4408 27
1279 1839 27
1330 2723 27
1356 1719 27
1362 5210 27
1424 5827 27
1482 2741 27
1550 6162 27
1569 4350 27
1637 6442 27
1718 3386 27
1753 4839 27
1759 7423 27
1782 3743 27
1793 4609 27
1794 5195 27
1845 6314 27
1846 2963 27
1846 7093 27
1868 5159 27
1884 5981 27
1896 6649 27
1981 5620 27
2004 3711 27
2016 2439 27
2025 6125 27
2039 2609 27
2048 5816 27
2050 7390 27
2271 9289 27
2321 2783 27
2341 4476 27
2352 4480 27
2402 6470 27
2499 3033 27
2532 8167 27
2581 3620 27
2591 3785 27
2622 2825 27
2626 4951 27
2648 4716 27
2674 3900 27
2675 7763 27
2681 3108 27
2778 5330 27
2782 6572 27
2786 7087 27
2791 7398 27
2820 3610 27
2827 6054 27
2829 4104 27
3105 6210 27
3134 8588 27
3134 9188 27
3168 5515 27
3210 5816 27
3265 8880 27
3389 8116 27
3396 4008 27
3422 3534 27
3468 4454 27
3469 9524 27
3579 8615 27
3625 6137 27
3639 6447 27
3883 6794 27
3986 8320 27
4021 4561 27
4055 6379 27
4099 7728 27
4121 6093 27
4142 8711 27
4153 6293 27
4256 5231 27
4313 9474 27
4353 9903 27
4523 9363 27
4552 7531 27
4597 9092 27
4631 9249 27
4686 9691 27
4779 9372 27
4798 9608 27
4924 6259 27
5222 9737 27
5278 6105 27
5335 6679 27
5338 9391 27
5393 8557 27
5413 9307 27
5561 9204 27
5599 9381 27
5630 6523 27
5639 7166 27
5650 8315 27
5666 6841 27
5722 6538 27
5787 7032 27
5961 6861 27
6008 7039 27
6178 7124 27
6218 6769 27
6299 6978 27
6472 8986 27
6487 9330 27
6495 8729 27
6674 8787 27
6841 8472 27
6859 7871 27
6866 7399 27
6975 7641 27
7018 7325 27
7111 9221 27
7243 8946 27
7322 9663 27
7388 9962 27
7710 7931 27
7974 8029 27
7980 9947 27
8502 9728 27
8802 9392 27
8874 9004 27
9326 9673 27
9 8998 28
38 132 28
51 9007 28
66 9928 28
98 3313 28
124 8872 28
139 8922 28
174 209 28
210 2990 28
217 5353 28
245 1592 28
254 666 28
274 4402 28
278 1180 28
324 5310 28
357 8138 28
362 2564 28
423 4471 28
447 6380 28
449 9746 28
475 1076 28
527 3445 28
537 2969 28
607 6873 28
667 1468 28
684 2743 28
708 2415 28
727 5987 28
730 4689 28
794 8196 28
829 8417 28
861 5873 28
923 1443 28
948 2434 28
951 7810 28
978 5465 28
989 5663 28
1016 2109 28
1042 9577 28
1052 2856 28
1056 6474 28
1064 3667 28
1065 4185 28
1092 1124 28
1113 8550 28
1138 6820 28
1139 1960 28
1157 4391 28
1197 2642 28
1260 1277 28
1273 3455 28
1291 3150 28
1294 2455 28
1328 5179 28
1367 5044 28
1433 5640 28
1449 7488 28
1493 6864 28
1509 9206 28
1525 9820 28
1542 2673 28
1560 1795 28
1573 9847 28
1670 3557 28
1692 6858 28
1746 2457 28
1805 5652 28
1849 7234 28
1965 3317 28
2065 7626 28
2135 5432 28
2147 2303 28
2154 4252 28
2187 2464 28
2188 4454 28
2210 2690 28
2253 2916 28
2321 7822 28
2338 9233 28
2344 5022 28
2394 3378 28
2457 5105 28
2473 8088 28
2473 9563 28
2481 6797 28
2549 9157 28
2550 9541 28
2594 2628 28
2651 4935 28
2668 2902 28
2703 4377 28
2782 3010 28
2802 4412 28
2836 5177 28
2841 8594 28
2850 8052 28
2859 3508 28
2931 5738 28
2936 5261 28
3015 8413 28
3086 4069 28
3119 7333 28
3166 4351 28
3294 3853 28
3304 8439 28
3336 8572 28
3352 5266 28
3358 8581 28
3359 7934 28
3435 6167 28
3534 8852 28
3548 7077 28
3627 6684 28
3635 6976 28
3687 4154 28
3956 9132 28
3995 6596 28
4027 8005 28
4113 7762 28
4328 4669 28
4406 5941 28
4507 9211 28
4640 8060 28
4695 5213 28
4696 7228 28
4765 7980 28
4814 7272 28
4840 9883 28
4927 9574 28
5036 5179 28
5036 5256 28
5050 8061 28
5080 8372 28
5080 9751 28
5157 9809 28
5229 6713 28
5257 8649 28
5343 5837 28
5344 5921 28
5361 7521 28
5390 5802 28
5473 9621 28
5574 9430 28
5703 9348 28
5879 7250 28
5930 9279 28
5940 8242 28
6002 9867 28
6086 6875 28
6256 6598 28
6330 6419 28
6408 6667 28
6422 9048 28
6510 9829 28
6547 7489 28
6726 9480 28
6823 6979 28
6847 9244 28
6878 7375 28
6930 9019 28
7119 7468 28
7149 8277 28
7153 7201 28
7219 7259 28
7518 9283 28
7551 8118 28
7691 9361 28
7879 8086 28
7886 8041 28
7947 8368 28
8266 8490 28
8331 9679 28
8340 8400 28
8931 9326 28
8975 9316 28
9032 9902 28
9153 9465 28
9347 9544 28
8 870 29
59 7919 29
95 1500 29
114 252 29
117 6201 29
179 7688 29
268 2424 29
355 2362 29
359 8178 29
420 898 29
427 8772 29
456 1323 29
511 7433 29
513 827 29
576 2349 29
635 4182 29
656 6948 29
660 4896 29
710 1958 29
716 1081 29
738 2801 29
750 7740 29
789 6174 29
857 3509 29
889 9453 29
905 4263 29
922 1259 29
926 1749 29
950 2031 29
958 5840 29
1020 4299 29
1029 4265 29
1055 1068 29
1091 1311 29
1125 9660 29
1142 7196 29
1207 6630 29
1215 3977 29
1239 9189 29
1251 2314 29
1265 5382 29
1285 4341 29
1381 6603 29
1490 5143 29
1513 8486 29
1582 8411 29
1612 5975 29
1617 5120 29
1683 3107 29
1684 8164 29
1777 2327 29
1815 4615 29
1836 6156 29
1859 5075 29
1880 2848 29
1883 8104 29
1887 6653 29
1903 5463 29
1945 7664 29
1989 6658 29
2015 5127 29
2034 2552 29
2128 9570 29
2212 2295 29
2244 3052 29
2293 6171 29
2297 3243 29
2307 6918 29
2405 3796 29
2454 2716 29
2564 7039 29
2589 7941 29
2664 3904 29
2675 5394 29
2681 3280 29
2704 6914 29
2796 5155 29
2870 3944 29
2876 5866 29
2979 8133 29
2994 7490 29
3060 7905 29
3068 7244 29
3196 3612 29
3225 4404 29
3275 9235 29
3329 3958 29
3330 9116 29
3383 3497 29
3398 6755 29
3425 9869 29
3448 4997 29
3465 5263 29
3584 3738 29
3636 7211 29
3763 6759 29
3817 5500 29
3954 4781 29
3990 9899 29
4024 6400 29
4040 4084 29
4054 6990 29
4093 8391 29
4106 6293 29
4239 4722 29
4294 4579 29
4336 4532 29
4352 5796 29
4359 9227 29
4497 9521 29
4499 6345 29
4593 9541 29
4608 5426 29
4609 6090 29
4688 8941 29
4799 9644 29
4842 8729 29
4842 9707 29
4913 5075 29
5084 5322 29
5205 7261 29
5270 5673 29
5277 6560 29
5333 8038 29
5339 9970 29
5350 8009 29
5405 6940 29
5690 8722 29
5705 6248 29
5786 5984 29
5807 8001 29
5969 9764 29
6063 8774 29
6133 7588 29
6358 6782 29
6437 9403 29
6517 8651 29
6521 8553 29
6703 7142 29
6750 8917 29
6932 9699 29
7100 8589 29
7245 7926 29
7317 9818 29
7363 8157 29
7502 8488 29
7569 9708 29
7572 8147 29
7595 9613 29
8421 9226 29
8448 9662 29
49 54 30
59 352 30
112 1138 30
126 4611 30
156 562 30
161 4822 30
285 1369 30
297 2487 30
334 1202 30
335 6943 30
339 6329 30
347 4643 30
371 2614 30
468 7278 30
555 2808 30
557 3955 30
604 2128 30
634 7794 30
654 2576 30
663 3205 30
664 7759 30
743 1885 30
825 2103 30
873 1037 30
913 1850 30
1034 5712 30
1114 7800 30
1125 9108 30
1141 3684 30
1248 3381 30
1257 2979 30
1260 9165 30
1309 2078 30
1338 5194 30
1346 9852 30
1364 2261 30
1414 1555 30
1417 2690 30
1422 8949 30
1481 5253 30
1523 4603 30
1529 2763 30
1613 7759 30
1636 3468 30
1651 9986 30
1699 8396 30
1835 9157 30
1841 8147 30
1999 9800 30
2155 3415 30
2176 3537 30
2292 5461 30
2299 7951 30
2396 7274 30
2427 8254 30
2503 4719 30
2608 4124 30
2642 3371 30
2745 9285 30
2776 7575 30
2842 4242 30
2927 5234 30
2958 3534 30
2970 4245 30
2982 6289 30
3091 7799 30
3094 4184 30
3175 8120 30
3271 6555 30
3272 7339 30
3279 6110 30
3324 4351 30
3399 5426 30
3714 9141 30
3849 4782 30
3912 6298 30
3937 5641 30
3950 8654 30
4056 4521 30
4339 6008 30
4416 5456 30
4450 6580 30
4456 7779 30
4514 6642 30
4555 6642 30
4587 6890 30
4671 9468 30
4675 4755 30
4787 6153 30
4797 9804 30
4958 9126 30
4995 7008 30
4996 6687 30
5028 9038 30
5139 5971 30
5163 6672 30
5389 6501 30
5468 9481 30
5634 7809 30
5653 6910 30
5705 6546 30
5848 7902 30
5857 8682 30
5900 6628 30
6125 9389 30
6184 7869 30
6599 7240 30
6599 8845 30
6700 9092 30
6792 8809 30
6979 9810 30
7468 7767 30
7767 9897 30
7839 8378 30
8004 9365 30
8017 8515 30
9109 9481 30
9211 9636 30
9370 9434 30
9448 9884 30
79 360 31
135 9104 31
135 9827 31
136 8886 31
137 4337 31
154 5290 31
251 1290 31
276 1139 31
321 5903 31
366 4349 31
386 7522 31
573 968 31
576 8078 31
587 4666 31
693 1775 31
741 9321 31
749 1734 31
782 1173 31
782 3140 31
852 6732 31
877 5770 31
986 8879 31
1077 6087 31
1085 3077 31
1104 8911 31
1153 9867 31
1206 4347 31
1209 2094 31
1218 9537 31
1262 5593 31
1277 9440 31
1355 1998 31
1486 7047 31
1520 7174 31
1572 8058 31
1689 8547 31
1701 4614 31
1721 7128 31
1813 3490 31
1820 4505 31
1917 9224 31
2027 9723 31
2032 3480 31
2043 9539 31
2091 8812 31
2180 7103 31
2189 2948 31
2334 8451 31
2375 3270 31
2479 9182 31
2492 9079 31
2532 5018 31
2540 6157 31
2582 8465 31
2593 7230 31
2695 3867 31
2710 4895 31
2738 3900 31
2742 5303 31
2957 8627 31
3030 3535 31
3128 6180 31
3183 7105 31
3305 5256 31
3442 3955 31
3445 9782 31
3471 3615 31
3745 4224 31
3777 6622 31
3831 8605 31
3890 3921 31
4067 8282 31
4176 4870 31
4196 4695 31
4211 8371 31
4215 5094 31
4249 8615 31
4280 9183 31
4289 6902 31
4379 5276 31
4486 6304 31
4619 5730 31
4655 9090 31
4754 5831 31
4775 8509 31
4857 5930 31
4922 6480 31
4953 6010 31
4972 5566 31
5029 5548 31
5060 7099 31
5084 8298 31
5134 7785 31
5145 6599 31
5185 7061 31
5188 8658 31
5221 7568 31
5436 9346 31
5505 8757 31
5599 5742 31
5657 8807 31
5988 7905 31
6024 9206 31
6051 7213 31
6055 7425 31
6095 7939 31
6105 6214 31
6142 6984 31
6194 6371 31
6757 9771 31
6875 8464 31
7192 9282 31
7512 7852 31
7538 8137 31
7567 7755 31
7651 9845 31
7769 8330 31
7895 9467 31
8200 9471 31
8465 9994 31
8484 9710 31
8497 9195 31
9075 9166 31
9172 9731 31
21 6458 32
89 7562 32
119 4456 32
132 6788 32
134 9111 32
143 213 32
175 9851 32
200 2697 32
245 9909 32
248 1437 32
267 5875 32
309 1938 32
311 1633 32
326 2287 32
343 4687 32
349 818 32
493 8704 32
503 6568 32
530 9436 32
545 8727 32
589 1390 32
602 3295 32
635 765 32
641 2644 32
808 1941 32
809 4151 32
836 7905 32
844 2956 32
848 7390 32
937 9019 32
1021 5307 32
1206 3830 32
1223 4042 32
1347 8941 32
1364 7544 32
1446 6227 32
1567 1723 32
1614 4320 32
1622 4461 32
1735 3640 32
1823 3105 32
1862 8437 32
1956 8631 32
1982 7942 32
2052 3562 32
2146 6647 32
2250 6033 32
2277 4567 32
2353 7288 32
2372 7907 32
2419 7030 32
2464 3736 32
2505 5610 32
2509 3248 32
2526 3335 32
2530 9223 32
2617 9568 32
2645 5233 32
2668 9450 32
2729 4686 32
2850 7168 32
2887 5007 32
2908 8192 32
2913 4350 32
3023 9397 32
3078 7404 32
3091 5925 32
3140 9303 32
3142 4600 32
3241 9305 32
3262 5755 32
3318 5535 32
3339 7746 32
3436 8757 32
3440 9574 32
3569 3825 32
3860 7538 32
3886 7948 32
3906 6939 32
3918 7573 32
3969 4806 32
4004 4046 32
4293 6465 32
4302 9649 32
4313 7001 32
4319 5295 32
4361 5873 32
4420 5158 32
4453 8410 32
4537 7260 32
4579 5285 32
4746 7066 32
4810 5125 32
4814 7346 32
4860 8949 32
4872 6409 32
5037 5385 32
5056 8907 32
5083 7307 32
5226 9678 32
5288 9550 32
5390 6685 32
5418 7981 32
5487 6810 32
5767 9137 32
6035 7686 32
6186 7553 32
6318 7126 32
6422 9007 32
6453 8316 32
6481 7770 32
6642 8893 32
6696 6923 32
6852 7211 32
7082 9762 32
7083 7765 32
7098 8642 32
7145 7392 32
7530 8032 32
7538 7550 32
7757 9112 32
8107 9975 32
8132 9946 32
8213 8724 32
8431 8826 32
8657 8960 32
9081 9084 32
9339 9869 32
9420 9968 32
9435 9633 32
13 21 33
158 3267 33
218 379 33
391 1235 33
420 3676 33
422 576 33
422 9171 33
424 2332 33
465 674 33
477 9470 33
541 8748 33
633 7664 33
676 8358 33
750 2478 33
812 1427 33
919 1376 33
971 9369 33
972 9069 33
986 9371 33
1044 1220 33
1075 4081 33
1170 8258 33
1195 9984 33
1249 1966 33
1304 4065 33
1347 3343 33
1365 2648 33
1425 2610 33
1474 7439 33
1529 3386 33
1632 7062 33
1635 3306 33
1661 2864 33
1672 5977 33
1681 4162 33
1716 2882 33
1764 9578 33
1768 8573 33
1804 3471 33
1919 2933 33
1920 4900 33
2009 7439 33
2018 8389 33
2070 9680 33
2093 4818 33
2122 7083 33
2142 5208 33
2142 5954 33
2185 8900 33
2226 8811 33
2306 5081 33
2362 3548 33
2421 8812 33
2459 3057 33
2568 3749 33
2767 7617 33
2771 3787 33
2847 9968 33
2921 9163 33
2970 9459 33
2989 7999 33
3046 6119 33
3096 6339 33
3195 8591 33
3249 6512 33
3332 8483 33
3414 5073 33
3500 5444 33
3573 9563 33
3629 5858 33
3766 7862 33
3798 7928 33
3823 3923 33
3842 8313 33
3891 6452 33
4029 8159 33
4073 6421 33
4118 7503 33
4277 6461 33
4289 6752 33
4303 4655 33
4418 6867 33
4445 6962 33
4590 8029 33
4640 7881 33
4693 5408 33
4726 5039 33
4814 9597 33
4895 6000 33
4932 7957 33
4966 5872 33
4988 5228 33
5008 7095 33
5060 9321 33
5138 7511 33
5149 9776 33
5354 5948 33
5382 6303 33
5421 5867 33
5424 8678 33
5429 9295 33
5433 8056 33
5538 7312 33
5740 8044 33
6196 6794 33
6261 8571 33
6443 7208 33
6864 9239 33
6868 7467 33
6970 9371 33
6990 9664 33
7082 7550 33
7120 9472 33
7335 8232 33
7593 9684 33
7704 9380 33
7844 8010 33
8055 8549 33
8111 8674 33
8512 9685 33
8916 9383 33
9354 9978 33
69 7514 34
106 275 34
127 6644 34
152 1866 34
156 1678 34
190 8142 34
207 535 34
220 6035 34
242 1476 34
274 782 34
383 4319 34
415 5848 34
525 7751 34
534 9272 34
538 7693 34
614 8127 34
635 2166 34
655 1776 34
675 3086 34
774 2719 34
849 8928 34
942 4340 34
982 6680 34
993 1940 34
1007 3933 34
1040 2492 34
1112 5085 34
1125 1289 34
1183 3551 34
1203 4905 34
1214 2108 34
1244 1316 34
1319 2657 34
1333 8932 34
1402 8329 34
1436 9181 34
1501 3782 34
1596 4525 34
1629 9301 34
1779 2792 34
1848 5101 34
1852 5962 34
1892 4353 34
1919 4504 34
1944 8456 34
1967 4088 34
1970 3683 34
2127 2292 34
2134 3366 34
2137 6111 34
2186 9032 34
2325 3609 34
2475 5547 34
2519 4815 34
2592 9145 34
2622 5274 34
2625 4096 34
2747 9496 34
2800 5201 34
2939 8845 34
3048 6481 34
3204 9227 34
3261 7048 34
3325 5293 34
3417 9432 34
3438 7620 34
3441 6479 34
3461 6425 34
3486 4170 34
3501 3894 34
3538 4215 34
3795 5551 34
3881 4959 34
4017 5554 34
4054 7224 34
4063 4627 34
4134 5116 34
4275 6374 34
4440 8270 34
4590 6493 34
5006 9905 34
5027 8965 34
5062 8056 34
5207 6657 34
5230 5332 34
5312 5660 34
5373 6847 34
5378 8570 34
5528 8728 34
5557 7193 34
5740 8993 34
5929 9983 34
6040 9896 34
6696 8699 34
6940 9800 34
6964 9256 34
7036 7863 34
7050 8557 34
7053 9232 34
7102 7304 34
7717 8700 34
8032 8991 34
8033 8835 34
8038 9656 34
8125 9450 34
8383 9984 34
39 2984 35
64 7451 35
88 3098 35
106 2133 35
135 3036 35
179 2558 35
303 8055 35
390 4119 35
395 6177 35
412 4286 35
461 1598 35
466 9410 35
498 8707 35
513 7417 35
593 1715 35
623 6003 35
677 8207 35
696 8016 35
697 5966 35
759 7695 35
762 4511 35
795 5729 35
893 8841 35
897 3088 35
949 5090 35
1062 5414 35
1317 2743 35
1398 1399 35
1420 8122 35
1465 7337 35
1470 5903 35
1574 5093 35
1621 4632 35
1683 5495 35
1763 1790 35
1807 3315 35
1808 2417 35
1854 3668 35
1862 2875 35
1863 3063 35
1941 3018 35
2016 3339 35
2023 5709 35
2043 9455 35
2128 9956 35
2390 2749 35
2401 4116 35
2507 4226 35
2604 7618 35
2835 8216 35
2838 8385 35
2843 7674 35
2860 6468 35
2874 7783 35
2894 3263 35
2989 7100 35
3098 7866 35
3104 9365 35
3104 9608 35
3208 7019 35
3406 4235 35
3408 5823 35
3467 6584 35
3497 8188 35
3548 9547 35
3559 3974 35
3561 7789 35
3641 8422 35
3696 5490 35
3715 8223 35
3738 4493 35
3847 8965 35
3862 9265 35
3870 4651 35
3912 5162 35
3921 9700 35
3994 8750 35
4011 7541 35
4108 8119 35
4137 4742 35
4193 7159 35
4194 5740 35
4261 9746 35
4273 4548 35
4564 8851 35
4621 9318 35
4639 8263 35
4717 9812 35
4729 9591 35
4797 5497 35
4839 8790 35
4843 5952 35
5082 6908 35
5174 9989 35
5435 7399 35
5461 9743 35
5577 6000 35
5589 5734 35
5647 9217 35
5837 8529 35
5929 9235 35
6132 9862 35
6168 6201 35
6183 8555 35
6341 9784 35
6376 7385 35
6612 8981 35
6987 7874 35
6996 7337 35
7163 9050 35
7231 7441 35
7259 7447 35
7653 8418 35
7949 8300 35
8002 8050 35
8331 9332 35
8586 8839 35
8829 9488 35
9092 9331 35
30 5828 36
225 1252 36
240 489 36
307 8947 36
327 3567 36
378 3585 36
389 1370 36
473 4994 36
558 7116 36
587 6714 36
624 2754 36
653 2611 36
667 2059 36
728 7828 36
879 3487 36
923 9772 36
1043 7125 36
1085 1366 36
1108 7029 36
1110 6398 36
1163 7009 36
1167 1178 36
1184 1799 36
1246 4393 36
1389 7218 36
1436 5275 36
1464 2015 36
1482 6369 36
1515 2306 36
1529 2867 36
1639 6220 36
1715 2760 36
1772 2432 36
1810 6515 36
1839 7266 36
1919 2175 36
2056 7704 36
2099 3684 36
2102 9978 36
2111 2147 36
2124 9925 36
2129 4212 36
2178 4492 36
2278 6925 36
2387 8508 36
2430 8834 36
2535 9517 36
2551 3461 36
2845 8540 36
2907 6609 36
3055 4103 36
3158 7695 36
3217 3880 36
3281 3505 36
3285 7958 36
3285 8435 36
3511 6860 36
3621 7603 36
3649 5072 36
3674 6445 36
3726 4011 36
3756 3938 36
3797 6953 36
3981 8775 36
4248 4591 36
4257 6664 36
4320 6946 36
4596 7246 36
4696 9943 36
4795 8408 36
5102 5926 36
5140 5581 36
5224 6516 36
5225 8933 36
5271 5666 36
5544 6393 36
5597 8179 36
6323 7892 36
6689 9725 36
6713 8956 36
6931 8324 36
6933 7473 36
7023 8324 36
7113 7269 36
7288 9993 36
7607 7653 36
7951 8316 36
8761 9674 36
23 8410 37
61 343 37
69 5114 37
150 3588 37
155 3871 37
248 2056 37
308 578 37
436 4179 37
518 5723 37
581 4354 37
598 4262 37
656 780 37
707 2894 37
715 6704 37
878 5501 37
1031 2027 37
1034 2088 37
1127 9327 37
1347 3601 37
1517 6058 37
1568 6917 37
1569 2095 37
1605 2244 37
1657 5435 37
1737 2635 37
1800 2999 37
1832 9686 37
1857 3078 37
1868 3355 37
1875 2873 37
1890 5589 37
2007 8562 37
2028 4053 37
2067 5996 37
2369 8934 37
2491 5043 37
2512 7734 37
2729 3713 37
2732 6720 37
2962 9929 37
2976 6064 37
3032 3651 37
3116 6981 37
3314 4421 37
3443 6081 37
3592 8695 37
3718 7015 37
3840 7314 37
3942 4024 37
4189 9766 37
4458 7556 37
5117 5639 37
5170 9853 37
5202 7410 37
5222 6807 37
5311 6212 37
5420 9907 37
5526 6212 37
5612 8961 37
5657 8432 37
6153 7053 37
6477 8948 37
6525 8076 37
6627 7501 37
6687 9735 37
7401 9382 37
7703 8192 37
7986 8376 37
8106 9569 37
8698 8879 37
8838 9850 37
8913 9217 37
9189 9935 37
9794 9944 37
139 7692 38
145 411 38
293 8990 38
363 6968 38
521 4153 38
611 678 38
644 9082 38
663 5243 38
690 7528 38
726 6986 38
735 6860 38
743 1947 38
758 7221 38
785 7056 38
901 4489 38
902 1100 38
964 5206 38
981 2828 38
1302 9672 38
1332 1442 38
1523 1632 38
1927 6060 38
1938 2877 38
1943 2677 38
2179 4467 38
2239 4784 38
2239 6155 38
2285 7031 38
2367 2436 38
2737 3064 38
2820 3176 38
2915 8096 38
3227 4428 38
3276 9890 38
3371 8462 38
3402 8302 38
3510 6444 38
3569 6998 38
3921 8649 38
4245 6639 38
4300 7252 38
4355 7241 38
4376 5686 38
4555 8225 38
4605 9725 38
4635 9451 38
4639 8721 38
4644 8784 38
4709 5969 38
4711 9894 38
4797 8787 38
4807 4829 38
4826 8537 38
4827 8878 38
5001 6453 38
5166 6467 38
5328 9407 38
5424 5944 38
5432 9250 38
5561 8645 38
5599 6795 38
5766 8386 38
5885 6545 38
5888 6743 38
6064 8117 38
6065 6451 38
6100 6119 38
6219 8581 38
6237 7101 38
6373 6809 38
6505 7904 38
6693 7969 38
6865 9174 38
7133 9508 38
7544 9989 38
7565 8346 38
7636 8026 38
8624 9499 38
9814 9921 38
149 6306 39
198 1935 39
248 947 39
329 561 39
331 1978 39
340 995 39
373 711 39
419 3365 39
449 8769 39
566 3996 39
658 8791 39
711 1556 39
737 3449 39
769 993 39
784 1132 39
810 7504 39
852 7992 39
910 8462 39
1222 6108 39
1479 7641 39
1498 7420 39
1509 2402 39
1520 3083 39
1548 9231 39
1587 1891 39
1631 8095 39
1763 6357 39
1765 3393 39
1809 6155 39
2004 7515 39
2055 5127 39
2213 4322 39
2406 5466 39
2408 8017 39
2546 3571 39
2627 9230 39
2644 4479 39
2675 6715 39
2677 4775 39
2767 3481 39
2823 5372 39
2896 7687 39
2942 3747 39
2979 4028 39
3205 8991 39
3246 9071 39
3292 6182 39
3665 8647 39
3725 5197 39
3771 7154 39
3792 7717 39
3814 5269 39
3816 8948 39
3835 8195 39
3908 4485 39
3941 4416 39
4066 4495 39
4252 7673 39
4370 7653 39
4383 6870 39
4457 8999 39
4539 5486 39
4968 9908 39
4986 6114 39
4987 9871 39
5169 9007 39
5266 8767 39
5298 8921 39
5316 9422 39
5754 8665 39
5801 9826 39
6154 9034 39
6208 6934 39
6325 7858 39
6674 8035 39
8489 9023 39
8521 9159 39
8686 9565 39
8798 9726 39
9025 9997 39
9698 9872 39
30 5184 40
34 536 40
47 3516 40
80 5014 40
110 5444 40
270 7447 40
425 6042 40
769 1153 40
938 7580 40
1050 3233 40
1126 1675 40
1327 2773 40
1340 2817 40
1373 1460 40
1473 6268 40
1606 7485 40
1669 2490 40
1875 7634 40
2191 3056 40
2213 3460 40
2219 7722 40
2280 3476 40
2443 3031 40
2478 9218 40
2504 9532 40
2506 4839 40
2562 8380 40
2681 3044 40
2714 3698 40
2874 6402 40
3069 7158 40
3102 4863 40
3124 9211 40
3234 3420 40
3248 8632 40
3373 5895 40
3400 4330 40
3418 4446 40
3438 6519 40
3592 4791 40
3627 7460 40
3675 4044 40
4030 9723 40
4296 7619 40
4300 6224 40
4335 9061 40
4395 4428 40
4476 6174 40
4707 9863 40
4738 6522 40
5418 7262 40
5467 6795 40
5862 8709 40
5890 7790 40
6312 6710 40
6331 9673 40
6339 9145 40
6349 7780 40
6748 8527 40
7084 9538 40
7227 8310 40
7239 7574 40
7338 7394 40
7353 8349 40
7381 7516 40
7589 8522 40
7811 9067 40
8592 9628 40
8716 9413 40
8992 9802 40
9112 9781 40
81 6161 41
106 2814 41
258 453 41
273 7438 41
299 1577 41
324 4536 41
383 5891 41
395 6183 41
402 7932 41
444 2533 41
457 7229 41
466 1510 41
484 879 41
568 2840 41
671 3850 41
737 9874 41
816 6166 41
865 7919 41
1067 9255 41
1405 8352 41
1406 3866 41
1522 9792 41
1532 3801 41
1575 1700 41
1579 5410 41
1590 8375 41
1703 5687 41
1705 6108 41
1724 7893 41
1740 7131 41
1890 5168 41
1929 2511 41
1991 2844 41
2061 2932 41
2068 3958 41
2193 3457 41
2197 8895 41
2204 7649 41
2215 4015 41
2351 6362 41
2483 9557 41
2594 7154 41
2921 6317 41
3002 6746 41
3016 5953 41
3144 5284 41
3186 3843 41
3277 4233 41
3291 9012 41
3608 8596 41
3679 4979 41
4462 6403 41
4470 6524 41
4557 7807 41
4736 4897 41
4852 6322 41
5249 5291 41
5907 6973 41
5923 9069 41
6400 7220 41
6426 8170 41
6689 7555 41
7130 8841 41
7514 9310 41
7616 7869 41
8636 8776 41
8648 9683 41
4 5 42
40 5006 42
93 904 42
157 5193 42
381 3390 42
403 599 42
467 4496 42
492 8633 42
564 7266 42
597 9891 42
702 9046 42
786 7372 42
793 1861 42
923 4568 42
1033 2119 42
1070 4368 42
1130 7694 42
1329 1955 42
1397 3619 42
1425 2836 42
1527 6236 42
1547 7381 42
1582 4744 42
1679 8901 42
1741 3917 42
1746 2299 42
1914 3880 42
1915 6483 42
1920 8074 42
1939 3143 42
2297 7343 42
2351 6796 42
2429 9750 42
2740 6994 42
2744 9012 42
2762 5113 42
2890 4392 42
2940 5165 42
2959 4950 42
2961 3176 42
3373 5882 42
3404 4840 42
3511 4613 42
3653 9436 42
3805 8574 42
3976 5160 42
4025 6840 42
4031 4280 42
4034 6916 42
4369 4700 42
4531 4660 42
4577 7802 42
4613 5554 42
4616 4953 42
4629 7411 42
4636 5703 42
4662 4885 42
4998 5947 42
5219 8203 42
5240 6856 42
5613 9224 42
5713 9138 42
5813 6859 42
5880 6814 42
6011 7968 42
6895 7324 42
6906 8239 42
7056 8514 42
7260 9784 42
8548 9396 42
9034 9645 42
9669 9702 42
106 3022 43
173 9967 43
184 3682 43
285 2024 43
524 1106 43
555 1540 43
598 8760 43
633 5462 43
671 7699 43
729 7506 43
774 1306 43
799 3987 43
872 1283 43
927 2003 43
977 2706 43
995 9139 43
1110 7983 43
1157 9861 43
1204 5680 43
1264 2111 43
1404 7024 43
1613 3910 43
1786 2838 43
1863 9278 43
1924 2220 43
2163 4721 43
2191 3037 43
2290 4723 43
2333 7745 43
2411 4152 43
2479 7135 43
2512 4146 43
2578 5510 43
2966 8623 43
2970 4535 43
3007 7621 43
3384 8766 43
3414 7347 43
3974 8238 43
4061 4317 43
4244 7735 43
4733 5731 43
4762 6096 43
4798 5691 43
4882 5087 43
5056 9162 43
5099 7927 43
5138 8559 43
5220 9125 43
5586 5711 43
5651 6708 43
5812 5982 43
6156 7446 43
6467 8184 43
6582 7109 43
6592 8710 43
6851 7081 43
7015 8523 43
7565 7848 43
7635 8239 43
7744 7778 43
7965 8156 43
8182 9545 43
8258 8575 43
8617 8745 43
9405 9647 43
83 127 44
87 4864 44
246 7690 44
268 2474 44
287 4894 44
400 2068 44
1385 2795 44
1386 1772 44
1436 2388 44
1588 1916 44
1696 2216 44
1799 7137 44
1868 8000 44
1928 4225 44
2083 4910 44
2150 4795 44
2192 9368 44
2216 6497 44
2320 9772 44
2407 4174 44
2695 6388 44
2892 3186 44
2937 8424 44
3655 6738 44
3674 7271 44
3713 6721 44
3747 8031 44
3998 5871 44
4002 7162 44
4032 9889 44
4049 5225 44
4077 9138 44
4112 4715 44
4220 4221 44
4297 8112 44
4298 8334 44
4308 7893 44
4400 8156 44
4493 4848 44
4509 7416 44
4738 5469 44
5059 8361 44
5114 6360 44
5402 5791 44
5446 9459 44
5567 9802 44
6063 9793 44
7295 8339 44
7576 8930 44
7633 9837 44
7639 9695 44
8064 8126 44
8434 8689 44
8820 9161 44
9692 9882 44
43 2572 45
131 9950 45
160 6093 45
462 6723 45
517 764 45
545 9937 45
628 1604 45
700 2187 45
829 5305 45
1247 1261 45
1291 8535 45
1432 9747 45
1576 6365 45
1648 2560 45
1660 7455 45
1726 3653 45
1881 2073 45
2000 4253 45
2011 9531 45
2305 9914 45
2477 8927 45
2524 6057 45
2829 9885 45
2973 4855 45
3155 9916 45
3164 8894 45
3278 7597 45
3750 7224 45
3835 7727 45
3936 7549 45
4078 5156 45
4247 5639 45
4436 5272 45
4444 9861 45
4907 7605 45
5230 6659 45
6267 7277 45
6828 9413 45
7075 7895 45
7214 9682 45
8560 9264 45
153 1459 46
266 4097 46
472 8173 46
488 927 46
573 3236 46
593 4048 46
609 1463 46
847 1606 46
894 8103 46
913 4626 46
1084 3803 46
1252 4740 46
1377 4784 46
1774 2318 46
1808 8816 46
1929 6191 46
2113 5170 46
2353 5747 46
2575 7796 46
2629 8764 46
2733 6945 46
2796 7104 46
2799 3377 46
2945 9178 46
3001 9912 46
3057 4571 46
3082 8264 46
3487 5894 46
4160 9621 46
4230 7229 46
4335 5277 46
4660 4665 46
4691 4967 46
4908 6188 46
4968 7173 46
5054 8714 46
5179 8136 46
5183 6675 46
5205 7709 46
5241 6728 46
5358 7292 46
5626 9895 46
6085 7662 46
6257 7192 46
6384 6541 46
6433 8730 46
6833 8199 46
7080 7707 46
7400 9464 46
7481 8675 46
30 7204 47
375 651 47
627 9401 47
960 5879 47
1036 8630 47
1379 5823 47
1470 3272 47
1549 5632 47
1618 9596 47
1636 2330 47
1675 1695 47
1851 8229 47
1886 3774 47
1943 2853 47
2302 7398 47
2350 9706 47
2392 6763 47
2577 7536 47
2879 3112 47
3040 4107 47
3109 3669 47
3214 8744 47
3519 4468 47
4078 8040 47
4087 8981 47
4331 4968 47
4411 6597 47
4530 6237 47
4847 8512 47
4859 5038 47
4915 7531 47
5047 6831 47
5513 8932 47
5593 6848 47
5728 5865 47
5742 6588 47
6035 6141 47
7009 7037 47
7015 9495 47
7057 8092 47
7111 8860 47
7476 8176 47
8261 9569 47
467 940 48
517 3120 48
669 6059 48
709 8618 48
746 3758 48
992 6455 48
1014 2751 48
1216 7821 48
1909 6078 48
1946 7761 48
2475 4565 48
2847 9205 48
2926 3987 48
2961 5413 48
3121 3504 48
3170 7084 48
3202 9625 48
3220 3752 48
3925 6183 48
4256 7463 48
4311 6486 48
4336 5871 48
4759 9574 48
5013 7062 48
5016 9356 48
5419 7379 48
5696 7195 48
5736 7797 48
6018 9121 48
6037 7122 48
6539 8572 48
6570 7437 48
6944 9866 48
7173 9386 48
7261 8126 48
7477 7739 48
7804 7843 48
8837 8891 48
134 8867 49
298 3980 49
305 2534 49
325 2750 49
370 9453 49
621 6743 49
899 3309 49
918 2382 49
1137 7571 49
1172 3680 49
1190 1961 49
1433 8245 49
1525 3001 49
1621 6028 49
1638 2625 49
1646 7966 49
1799 9416 49
1806 9318 49
1864 6056 49
1995 4320 49
2092 2844 49
2287 2604 49
2562 9243 49
2780 5981 49
3141 7180 49
3735 5520 49
4059 7667 49
5139 9927 49
5175 8632 49
5378 8046 49
5513 6846 49
5528 7436 49
5699 7642 49
5748 6278 49
5819 7758 49
5890 9419 49
6316 9531 49
6729 7574 49
7352 8204 49
7632 8291 49
7680 7744 49
9047 9388 49
9387 9946 49
438 7864 50
748 3480 50
1078 4178 50
1130 8979 50
1351 2096 50
1871 9529 50
2183 8318 50
2311 7297 50
2429 8550 50
2556 7790 50
2666 9149 50
2719 5232 50
2970 8351 50
2974 9734 50
3533 5537 50
3538 6120 50
3856 8130 50
4105 6827 50
4280 5625 50
4422 8531 50
4833 6203 50
4955 5132 50
4980 6129 50
5438 9704 50
6015 7846 50
6474 9458 50
7077 9640 50
7286 7752 50
7582 9410 50
7685 9756 50
7997 8093 50
8929 9331 50
9905 9938 50
100 9805 51
146 5308 51
351 3547 51
543 3737 51
543 5671 51
697 5751 51
738 5455 51
846 3899 51
1113 4849 51
1191 7702 51
1244 4524 51
1386 5397 51
1499 6250 51
1770 2720 51
2071 7812 51
2073 3212 51
2158 4622 51
2246 6844 51
2564 5636 51
2641 5200 51
3408 8985 51
3677 8815 51
4070 6115 51
4132 4560 51
4575 9308 51
4795 5972 51
5096 9407 51
5138 9208 51
5389 7593 51
5478 6472 51
5615 9980 51
7238 8235 51
7398 9609 51
7479 8884 51
8344 9762 51
8441 9798 51
9614 9874 51
715 9856 52
832 9016 52
1097 9056 52
1341 4832 52
1668 4867 52
1825 2283 52
1982 8467 52
2200 6337 52
2376 8039 52
2747 6891 52
2774 8114 52
3025 5523 52
3094 3182 52
3174 7339 52
3532 9399 52
3942 4793 52
4076 5745 52
4178 5068 52
4515 7221 52
4705 6009 52
4749 4780 52
4794 5699 52
4865 9374 52
5298 8795 52
6286 9102 52
6926 7667 52
7034 9173 52
7911 8631 52
9084 9423 52
195 239 53
202 1165 53
695 1977 53
1080 6606 53
1129 2461 53
1131 5131 53
1164 2709 53
1191 9646 53
1519 2045 53
1742 2710 53
1784 2734 53
1795 2499 53
1890 4090 53
1998 3232 53
2281 3141 53
2672 4426 53
2834 4956 53
3325 8629 53
3380 5014 53
3573 3768 53
4080 5303 53
4290 7013 53
4379 5063 53
4404 8310 53
4517 8914 53
4706 7770 53
4742 7329 53
5064 8743 53
6476 8952 53
6751 8322 53
6898 8709 53
6945 9796 53
6949 7627 53
7085 9789 53
8603 9717 53
214 9540 54
309 539 54
579 634 54
695 6593 54
1095 1501 54
1119 2577 54
1289 6387 54
1322 7406 54
1498 3861 54
1523 3024 54
1539 1837 54
2051 7427 54
2267 6558 54
2498 3507 54
2671 4198 54
3056 9758 54
3061 7647 54
3491 7816 54
3666 9437 54
3772 5773 54
3819 5622 54
3851 9559 54
3981 7216 54
4187 8265 54
4487 7347 54
4798 9300 54
5589 9473 54
5675 9110 54
6377 8984 54
6929 7917 54
7443 8267 54
7453 8411 54
7733 8180 54
8713 9536 54
9667 9954 54
178 3337 55
560 6791 55
722 8759 55
967 7669 55
1238 6949 55
1245 2231 55
1702 7134 55
1860 5905 55
2784 3614 55
3028 6092 55
3235 8306 55
3467 8676 55
3810 9601 55
3940 7526 55
4109 5881 55
4136 9437 55
4186 8675 55
4201 6085 55
4332 9179 55
4664 7731 55
4830 9858 55
4990 5635 55
5046 7526 55
5062 6499 55
5325 8882 55
5426 7950 55
5798 7236 55
5897 8102 55
6381 9801 55
6784 8338 55
6815 9140 55
7543 9940 55
7552 9642 55
146 6309 56
489 8785 56
1186 9062 56
1364 9286 56
1502 7391 56
1635 6227 56
1719 2258 56
1879 2197 56
1911 6993 56
1932 4517 56
2016 7614 56
2112 4584 56
3229 6970 56
3423 8222 56
3687 6601 56
3984 9533 56
4198 7330 56
4445 8280 56
4494 5604 56
4679 5285 56
4776 5643 56
5191 8871 56
6874 9733 56
158 8803 57
162 9703 57
973 2682 57
1067 7856 57
1119 2446 57
1358 5559 57
1607 7851 57
1983 7484 57
2825 7293 57
2875 3012 57
3479 7025 57
3792 6712 57
4115 9724 57
4699 5591 57
4856 8978 57
5235 9716 57
5345 9960 57
5558 7990 57
6877 9063 57
9064 9616 57
148 4344 58
187 1045 58
509 9887 58
700 5874 58
1307 9113 58
2265 8768 58
3223 4637 58
3226 6674 58
3566 9873 58
3662 8066 58
3913 9514 58
4299 5245 58
5637 8049 58
6087 9952 58
6204 9803 58
6913 7049 58
7475 8522 58
7903 9942 58
8024 8592 58
8666 9991 58
172 4075 59
176 540 59
394 9039 59
430 8217 59
1186 2178 59
1216 2909 59
1336 3130 59
1337 5787 59
1465 8342 59
2280 4269 59
2380 8855 59
2418 6005 59
2441 5727 59
2480 6127 59
2714 8023 59
2922 7332 59
4161 4916 59
4443 7813 59
4725 7161 59
6305 9316 59
6441 7097 59
6940 8281 59
8534 8793 59
9119 9375 59
9414 9887 59
474 3779 60
1145 7628 60
1421 5112 60
1690 1698 60
2371 9617 60
2915 6899 60
3014 3838 60
3111 4542 60
3364 4326 60
5192 6243 60
5406 8120 60
5556 7360 60
5841 6650 60
6036 9119 60
6398 7840 60
7412 7825 60
7627 9053 60
7658 9462 60
7732 9043 60
135 7557 61
219 3793 61
486 8401 61
845 9727 61
1853 6359 61
2329 3808 61
2376 4990 61
2545 9681 61
2645 3395 61
3249 8059 61
3888 5249 61
6819 8405 61
1136 9080 62
1761 5518 62
2426 5563 62
2468 2961 62
2747 7615 62
2871 4246 62
2886 6863 62
4102 4917 62
4851 5082 62
4939 5287 62
5400 8725 62
5695 6915 62
5857 7089 62
6100 6977 62
6164 8221 62
6590 9336 62
7513 8621 62
7901 8623 62
8211 9292 62
8257 9283 62
9173 9972 62
9408 9770 62
166 9915 63
303 1751 63
472 4985 63
1226 3070 63
1438 3893 63
1450 2228 63
1486 2993 63
1507 4196 63
1762 6145 63
2042 6547 63
2110 8238 63
3113 5443 63
3647 3721 63
4430 7237 63
4433 9627 63
4852 8904 63
5346 6581 63
7000 8353 63
8098 8786 63
8906 9738 63
328 2754 64
491 5395 64
1258 9058 64
1831 7752 64
1975 3496 64
2604 8230 64
3182 4713 64
3308 4747 64
3874 9411 64
3882 6254 64
4270 8294 64
5645 7225 64
5848 8466 64
6437 6467 64
766 9819 65
1110 5992 65
2102 2410 65
3073 9639 65
3133 7190 65
3297 4764 65
3546 7200 65
3580 5935 65
4028 8294 65
4157 7429 65
4391 8567 65
4619 9493 65
4943 6573 65
5063 5836 65
8830 9921 65
423 6344 66
511 2503 66
947 9757 66
1230 1496 66
3019 3764 66
3108 3945 66
3671 4808 66
4106 9146 66
4130 4777 66
4145 5967 66
5023 7369 66
60 3790 67
671 1413 67
843 3644 67
977 7150 67
1478 2100 67
1494 5743 67
1649 4819 67
1754 1802 67
2335 8146 67
2409 2539 67
4999 9065 67
5680 5805 67
6739 6912 67
1147 3733 68
1151 3916 68
1609 9768 68
1688 3470 68
1772 7004 68
2425 9648 68
2912 4343 68
3381 6608 68
4118 8246 68
4304 4956 68
4800 9939 68
7696 8079 68
1 2702 69
1327 4883 69
2571 5348 69
3159 9525 69
3606 7478 69
349 7609 70
1563 8866 70
2758 7013 70
2940 4617 70
3156 5376 70
5037 9748 70
1133 3685 71
1272 4380 71
1707 2406 71
2020 5199 71
2552 7959 71
2669 8593 71
2785 8509 71
3254 5125 71
3833 7749 71
4232 5211 71
4459 8752 71
2149 7847 72
5539 6363 72
6184 6420 72
6495 8915 72
7094 7227 72
3731 8045 73
5010 6604 73
8140 8710 73
909 7913 74
2687 9107 74
3173 3262 74
3583 4244 74
6129 8487 74
8299 9996 74
19 398 75
59 3632 75
269 7471 75
1484 9427 75
2341 3483 75
4030 4202 75
4188 5404 75
6064 9209 75
657 8661 76
2581 5978 76
3739 8415 76
4156 5223 76
7209 9711 76
7654 8782 76
35 4538 77
2525 7129 77
4783 7210 77
5270 7570 77
5602 8360 77
349 2590 78
433 7265 78
2296 8186 78
4414 6229 78
4504 6315 78
4948 9240 78
2117 2555 79
3172 9094 79
3342 9971 79
5115 6354 79
6634 8373 79
1679 4285 80
2037 7637 80
3622 7385 80
5717 8183 80
6732 7140 80
502 603 81
2418 7715 81
2569 5035 81
7255 9097 81
295 2441 82
808 6556 82
2428 6313 82
3025 7873 82
3512 4507 82
3556 5974 82
3990 5411 82
9136 9767 82
343 4811 83
2394 3444 83
2509 5268 83
6385 8847 83
6762 9858 83
310 5916 84
3635 5392 84
5810 9186 84
6995 8168 84
1461 5351 86
5576 9152 86
8740 9267 87
1798 5197 89
2012 7256 89
2448 6498 89
3107 3549 89
6076 8766 91
2142 9302 92
5480 9480 92
6124 9001 92
2698 8119 93
539 9044 96
2275 2718 96
6386 7706 96
240 4016 97
1341 2700 97
6086 9825 97
Total MST weight: 201713
Execution time: 7.673578 ms

Algorithm: Prim's MST
MST edges:
0 1 5
0 124 10
124 7645 9
7645 1720 8
0 754 10
754 6390 3
7645 2689 11
2689 2357 2
2357 3841 1
3841 8065 5
1 6 14
6 8 1
8 171 9
171 3714 7
3714 74 4
74 5400 11
6 5558 11
5558 8617 3
8617 6892 8
8 205 12
8 553 12
6 7934 13
7934 1803 3
2357 3142 14
3142 1029 11
1029 6282 2
1029 201 4
1029 8034 9
8034 586 3
586 9099 14
8065 9589 14
9589 7207 11
7207 3459 3
171 65 15
65 5800 3
65 8614 5
65 1528 9
1528 6827 11
65 9860 11
9860 8477 10
8477 1107 5
1107 5855 12
5855 9463 4
201 3213 15
205 3648 15
3648 3245 3
3245 5434 11
5434 9101 9
3245 3356 14
3356 9678 6
3648 262 15
262 3857 1
3857 3687 4
3857 5254 6
262 6591 6
3687 8021 8
3857 8315 8
8021 2 15
2 1016 8
8617 5532 15
2 999 16
999 8331 5
8331 8043 1
999 2789 6
8043 4334 7
4334 7655 2
7655 3836 2
7655 7110 7
2789 4909 8
7110 3753 9
3753 9721 8
999 964 10
3836 417 11
3753 5688 14
417 8669 14
8669 3924 11
8669 813 14
9678 1867 16
8021 3545 16
3545 9542 9
2689 7834 16
65 8717 16
8021 980 17
980 2440 5
980 842 6
842 722 2
722 923 3
923 5628 2
5628 5630 1
722 518 5
518 1805 4
980 2018 6
5628 6855 6
923 2064 7
2064 9846 4
9846 9446 1
9446 386 1
9446 9356 4
386 1924 5
1924 3333 7
980 7946 8
3333 7778 9
7778 6163 1
3333 4160 11
2440 3693 12
3693 2044 2
2044 5255 4
2044 3239 7
6855 4639 12
4639 3829 2
3829 32 11
32 27 10
27 7386 5
7386 9153 2
32 3934 10
7386 9150 11
9150 8426 4
27 274 12
274 4445 1
274 2977 6
4445 8287 7
274 2692 12
274 1426 14
4160 3700 14
3700 8640 12
8640 1982 11
1982 7743 9
7743 1469 7
2440 5908 14
5908 9193 13
980 5932 14
980 7106 14
7106 2096 2
7106 3489 5
3693 7929 14
7929 1403 7
7929 9134 7
9134 9263 10
9263 6418 6
6418 4802 12
1982 8442 14
8442 358 8
358 2699 4
358 6205 4
6205 3082 8
2699 615 10
615 2938 11
358 117 14
358 7306 14
6205 9254 14
27 78 15
78 7275 1
7275 4544 7
78 105 10
105 9040 1
9040 365 3
365 1112 4
105 2614 8
1112 427 14
427 7009 6
427 8384 6
117 1889 15
1889 6054 12
1889 8626 14
8626 6666 10
6666 5116 1
6666 7956 3
3700 2694 15
32 2955 15
2938 5425 15
5425 9081 3
9081 106 5
106 108 2
9081 193 7
5425 7060 11
7060 797 11
106 3523 15
3523 8673 9
3523 2237 13
3523 572 14
572 973 7
6163 8555 15
365 9878 15
9878 5185 8
5185 7654 4
5185 2494 5
9878 5702 12
5702 73 9
5702 8519 15
8519 9453 13
9453 6368 5
2694 1301 16
1301 5126 8
5126 6735 4
5126 3181 6
3181 4550 1
3181 5533 3
5533 8815 5
5126 3392 7
5126 5192 7
5192 2373 4
3181 452 10
3392 1744 10
1744 6255 3
1301 1988 10
3181 8381 10
8381 1631 10
3181 4159 14
4159 3732 3
3732 3675 2
4159 6046 4
6046 8345 5
8345 3474 8
3392 7634 14
6735 9795 14
6046 4289 15
4289 1546 8
1546 9877 15
3333 1549 16
980 1849 16
1849 2189 7
1469 2759 16
2759 1089 2
2759 7073 4
7073 1370 5
1370 768 1
2759 1710 5
1089 978 6
7073 8388 6
1370 7376 8
7376 7589 1
7589 6189 4
6189 8976 4
7376 1611 7
7073 9234 8
1710 2286 9
8976 2589 10
1611 296 11
296 1613 9
1613 8754 3
296 2121 9
1089 2393 11
2286 1418 12
1418 9579 9
2286 3423 12
8976 4423 15
4423 691 6
7589 6476 15
4639 3720 16
3720 266 7
266 682 1
682 985 1
985 3472 1
985 116 8
116 822 3
691 4183 16
4183 6914 4
4183 5710 10
5710 2581 2
5710 3728 11
3728 6812 11
6812 2036 7
2036 3391 6
6812 6067 8
6067 1025 11
6067 5968 12
5968 9857 9
9857 313 4
313 1053 15
1053 9297 10
1053 8250 11
1053 3385 13
3385 5715 3
5715 8584 6
3385 8611 11
8611 246 13
4423 4648 16
4648 6704 5
6704 2225 9
2225 3856 12
2225 1893 14
1426 5046 16
3392 5098 16
5098 4421 3
5702 6457 16
6457 1986 5
1986 3429 4
3429 9930 2
6457 1111 10
1111 6619 7
6619 9974 6
1111 5519 9
5425 7434 16
7434 1581 2
1581 1210 3
1581 9595 5
7434 8528 13
1210 5746 15
5746 7079 3
7079 5645 4
5645 7960 5
7079 5544 11
5544 5151 12
5151 5758 10
5544 1176 14
1176 7716 13
1210 7711 15
117 7461 16
117 8241 16
1210 9284 16
7634 9313 16
8241 9522 16
9522 2395 3
2395 439 15
73 214 17
5425 372 17
3523 4228 17
4228 9432 16
1805 5445 17
5445 3394 10
105 5841 17
5254 6408 17
8241 6454 17
3714 7845 17
6067 8154 17
2692 8501 17
8611 8806 17
8806 2270 2
2270 5024 11
5024 6638 1
6638 994 16
994 4404 3
4159 9018 17
3474 9213 17
8611 9281 17
9281 2823 3
9281 2462 8
2462 2835 8
2835 9201 2
2823 9103 17
572 33 18
33 40 5
40 1034 14
1034 3667 4
3667 3067 1
3667 1951 4
1951 2601 4
2601 396 4
396 15 1
15 5834 3
5834 8423 6
2601 4315 8
4315 5690 2
15 223 9
3067 8531 9
8531 4155 1
8531 2662 4
223 6291 10
396 554 11
554 5707 13
5707 8150 7
8150 954 8
2662 1841 14
954 2143 15
2143 131 1
131 3317 1
131 816 3
2143 1289 3
816 5447 4
5447 3127 3
3127 7407 2
3317 4118 5
131 44 10
44 118 9
5447 6048 10
2143 2807 13
131 5510 14
5510 5623 5
8423 3134 15
6291 6934 15
6934 3088 10
396 429 17
429 8637 12
8637 4140 14
4140 901 10
901 2739 6
901 597 8
4140 7254 15
7254 8832 11
8832 1508 14
1508 946 7
946 472 15
472 4324 12
4324 8638 15
8638 9940 9
9940 5262 15
946 4970 16
901 5441 16
5441 247 7
3127 2714 17
5707 7425 17
73 87 18
87 6397 12
1720 236 18
236 144 4
236 3783 11
3783 1249 4
1249 1069 1
1069 1007 4
1249 1584 8
1069 2247 8
1069 8224 11
8224 3558 13
3558 6819 3
3558 3761 7
3761 8685 2
6819 6711 7
6819 202 11
3558 6073 12
236 1055 14
144 166 15
166 2122 1
2122 6247 2
166 3189 5
6247 7964 6
2122 7760 10
166 69 11
69 6314 4
6314 8135 3
69 9651 8
8135 793 10
793 1146 1
793 2265 6
6247 936 11
936 250 9
250 1285 3
1285 3282 4
3282 421 3
421 914 1
250 3598 13
3598 4123 9
1146 321 15
321 6077 13
6073 1086 15
1086 4725 4
1086 845 5
1086 3319 14
3319 8882 2
8685 8081 15
8081 7666 13
6247 41 16
41 103 16
103 1018 13
1018 6660 13
103 5188 14
5188 5339 2
5339 2856 1
5188 5602 7
5188 9922 9
9922 5452 7
5339 4415 14
9922 9175 14
9175 1314 13
9922 9464 14
9464 596 11
596 4114 3
4114 5965 14
69 353 16
353 9324 4
353 3532 6
3532 9955 11
9324 93 16
93 7448 8
93 159 11
159 522 8
522 690 4
690 2399 7
159 2629 9
2629 7445 2
93 7328 13
9651 1797 16
1797 8857 13
8857 6967 12
6967 8586 8
6967 1292 11
1797 1172 15
1172 3539 6
3539 9041 2
1172 1269 8
1269 1473 5
1269 1855 9
1855 4940 12
4940 8429 1
1269 6620 13
6620 9059 12
1797 4831 15
4831 2954 3
2954 1492 4
2954 9325 12
9325 6326 5
1172 8457 15
8457 3411 7
8457 3297 13
3297 8003 3
8003 6731 12
8457 2941 14
2941 5885 6
5885 2063 3
2063 6017 2
5885 8475 8
2941 2364 11
2063 9314 11
9314 1471 7
9314 6954 10
6954 7192 3
6954 2951 5
9314 7860 10
7860 5682 5
2364 2021 13
2021 2539 2
5885 7011 15
7011 9098 13
2539 7976 15
7976 3845 13
3845 840 9
840 43 2
840 1388 5
43 53 9
53 8697 14
5965 2806 16
7448 4259 16
1797 4498 16
793 5216 16
1086 7267 16
3282 333 17
333 307 2
6711 492 17
492 3074 3
3074 9850 5
9850 565 2
3074 4085 11
492 42 17
42 9605 9
9605 5626 4
5626 3362 6
3362 6123 4
5626 6543 6
42 1381 11
1381 8305 7
8305 5803 1
1381 5319 10
3362 1964 13
42 5377 14
9605 341 15
341 335 11
335 3546 8
341 5045 13
5045 3243 8
1146 1175 17
1175 7859 6
1175 646 8
1175 6879 11
333 1227 17
1227 8120 5
9314 2391 17
2391 150 5
150 1336 7
150 1415 9
1415 7701 9
4259 2953 17
3243 4396 17
4396 9879 2
9879 6290 9
4396 7167 10
7167 3360 1
7167 4229 2
3360 4641 5
3360 2557 7
2557 1267 6
4641 7644 7
4229 1626 8
7167 8364 12
2557 9548 13
9548 1080 4
1080 6030 3
9548 2929 6
1626 1908 14
2557 2598 14
2598 2651 3
7644 3296 14
3296 5822 8
5822 6818 4
2651 9874 15
2598 14 16
14 7424 12
1626 5336 16
5336 3968 9
3968 8071 6
8071 8802 1
5336 6417 9
8802 2837 10
2837 2403 3
6417 2895 11
2895 6200 4
6200 3283 13
3283 5364 14
5364 6265 9
6265 1109 7
1109 1725 6
1725 6999 8
6265 5241 14
5241 2843 7
2843 5579 2
5579 3221 12
6999 2153 15
2153 7733 2
2153 3289 3
7733 661 6
5336 8105 15
8105 1082 11
8105 5453 15
5453 2136 16
5336 6920 16
6920 9515 5
9515 6777 7
6920 7226 14
2136 2740 17
2740 1395 12
2740 1185 13
1185 2834 1
1185 6626 5
6626 774 6
2834 3638 8
774 8202 8
8202 1682 11
1682 4869 9
4869 2518 6
1682 6176 9
774 4122 11
6176 5524 12
4869 2761 15
2518 9035 15
1682 1533 16
2834 3288 16
3288 925 10
925 2793 4
2136 3249 17
3249 9587 14
9587 7405 3
7405 5649 10
7405 7638 10
9587 1161 12
1161 125 4
1161 5058 6
5058 5646 1
5058 7803 2
7405 8206 13
1161 1060 14
1060 3003 2
3003 1323 4
1323 1402 1
1323 3673 8
3673 9128 7
1323 4703 12
3673 5019 13
4703 1416 17
1323 3985 17
3985 2090 6
2090 2748 15
2748 3755 6
3755 1077 5
43 4440 17
4440 2469 1
2469 237 3
237 6130 4
6130 7566 1
237 1170 8
237 3630 9
6130 9611 9
9611 1857 2
9611 5677 6
5677 4033 2
5677 4358 7
1857 97 9
1170 6916 10
3630 7643 11
4033 1587 14
1587 1915 16
1915 6146 10
9922 4474 17
5241 4696 17
840 5110 17
5110 1363 1
1363 4502 5
1363 7507 5
1363 251 11
1363 3672 17
1584 5315 17
5315 4729 9
4729 2445 4
4729 61 6
61 6479 11
6479 7878 16
7878 2960 16
2960 2314 9
2314 3309 11
3309 9070 10
9070 1571 12
1571 6736 6
6736 7247 11
4729 5549 17
1285 5561 17
565 5870 17
5870 129 3
129 2199 11
7878 6425 17
6425 5368 4
5368 4547 5
6425 6448 8
6425 75 14
75 8029 6
8029 3336 6
8029 7836 10
75 1595 13
8029 2701 15
2701 505 13
505 3316 7
3316 9564 5
3316 4207 7
3316 8357 8
505 3597 14
3597 3370 13
3370 1063 4
1063 3920 3
3920 6783 11
6783 4629 1
6783 8051 1
4629 463 4
8051 7989 4
7989 2794 3
7989 1483 4
2794 50 8
50 1830 8
1830 1630 1
1630 413 1
413 4884 6
413 3379 9
413 215 10
215 385 6
215 1623 6
1623 2308 9
2308 9694 12
9694 5384 3
215 3574 13
3574 3647 8
3647 2715 12
2715 4471 7
3370 3661 13
3661 5087 2
4207 2553 15
2553 3623 5
3623 1407 5
2553 6162 12
2715 4702 15
4702 4003 2
4003 1136 5
4702 7273 10
4702 4633 12
4633 5288 4
4633 7029 5
5288 7720 9
5288 1963 13
1963 7466 8
3920 6074 15
463 6663 15
75 6730 15
6730 2384 6
6730 5672 6
5672 6179 1
5672 3971 8
505 7770 15
7770 9311 13
9311 8369 3
8369 5281 2
5281 1283 11
8369 9769 11
9769 2658 5
9769 4558 6
5281 5101 14
5101 6400 8
6400 3332 6
3332 8479 1
3332 2006 9
2006 8152 7
8152 7818 15
7818 3936 9
3936 8696 1
7818 7277 10
7277 8374 7
9564 9417 15
9417 7914 8
7914 7396 11
7396 2170 15
2170 3361 16
1136 5567 16
5567 7882 1
7882 4850 3
4850 6745 7
5567 4734 10
4734 9457 7
9457 6834 1
9457 3823 10
5567 8771 13
8771 5403 6
3823 6350 14
6834 8042 14
6834 3116 15
3116 3719 5
3719 721 7
721 6935 11
6935 5990 6
721 1690 12
1690 747 6
747 736 1
736 706 6
747 8847 9
3116 3594 13
3594 5830 13
5830 4260 9
4260 5907 1
8847 6683 13
6683 424 6
424 6174 3
6174 1566 3
6174 5273 4
424 5072 9
5072 561 9
561 5540 5
5540 9518 5
561 918 8
5273 1780 10
424 5236 11
706 4295 15
4295 8476 4
8476 3203 3
8476 8916 9
3203 6817 10
8476 1616 11
1616 5466 1
1616 3433 2
5466 991 3
1407 6729 16
6729 9367 3
6729 5755 6
5755 5086 2
5755 5889 2
5889 833 7
5086 2230 7
2230 8084 3
2230 1409 11
5889 1387 13
1387 483 14
483 1074 2
1074 6075 2
1074 6286 13
6286 8463 13
8463 1642 11
1642 1255 12
1255 1460 2
1255 1736 11
1255 8781 11
8781 4551 2
8781 6940 11
1642 5153 14
5153 7580 1
1642 2479 15
2230 6535 15
833 3848 16
7818 7999 16
721 1023 17
3332 3194 17
3194 4543 13
4543 8684 4
1407 3711 17
3711 4014 5
4014 5421 13
5421 5959 5
6448 6529 17
3968 6718 17
6718 5900 10
97 6881 17
6881 6682 10
6881 9791 12
9791 273 8
273 1564 2
273 2731 5
2731 2507 2
1564 5135 7
2731 1235 11
2507 2239 14
2239 6340 1
6340 1449 5
6340 4532 13
4532 5286 2
4532 7090 4
5286 8817 8
8817 976 8
6682 1436 15
1564 8030 15
6682 1059 16
1059 686 7
686 1100 13
1100 953 9
953 4110 3
1449 3602 16
3602 9439 2
3602 7458 16
7458 6394 2
6394 6278 9
6278 6661 8
6661 4116 14
4116 4345 11
4345 7496 4
4345 8719 8
6340 231 17
231 9200 15
9200 3966 4
2239 1561 17
1561 1149 10
1149 811 9
1561 7721 14
7721 4012 4
2239 5852 17
215 6898 17
6898 3260 13
3719 6958 17
6958 4564 14
4358 6961 17
3597 7114 17
7114 6411 16
4558 7132 17
1830 7351 17
7507 8015 17
8015 8459 2
8015 5484 10
5484 8853 6
8853 4215 3
5484 4701 7
4215 4592 8
4701 5180 11
5180 6617 12
4215 8517 16
8517 9503 2
6075 8163 17
6729 8350 17
5286 8612 17
8612 8416 6
8416 5247 1
5247 3782 4
3782 1072 1
1072 5124 2
3782 7700 7
1072 3854 8
7700 4835 8
1072 4750 14
4750 9979 5
3854 4352 16
4725 9561 17
2199 9831 17
1314 34 18
34 30 11
30 157 2
30 2014 2
2014 2118 7
30 8539 12
157 336 16
8081 647 18
647 2659 1
647 900 8
900 5947 5
900 4094 8
4094 6702 8
6702 8496 2
5947 592 9
6702 6928 11
6928 3555 3
6928 7121 3
3555 7822 10
592 3428 12
3428 3306 7
3306 4826 13
4826 7594 11
7594 3487 8
7594 896 11
8496 3220 15
3220 6405 13
6405 9690 3
6702 1162 16
592 17 17
17 3377 3
17 7527 3
3377 5296 5
17 6527 5
7527 4820 14
4820 5341 8
4820 6303 10
6303 749 4
749 5833 14
5833 6007 1
6007 5457 2
5457 7652 11
7652 8704 11
8704 6952 11
7652 1843 13
6007 2427 14
2427 190 2
8704 4217 15
4217 9353 14
9353 6784 4
9353 6802 10
6802 388 2
6802 4513 4
9353 3219 12
3219 26 4
26 482 4
26 9546 6
9546 1048 11
6802 3055 15
3055 5020 7
3055 2181 10
482 6532 15
6532 8123 6
9353 7737 15
7737 3167 6
3167 1713 5
7737 8392 8
1713 6088 10
6088 4755 7
4755 4907 16
4513 5141 16
5141 8901 3
5141 7916 9
3428 733 17
733 1685 2
733 8532 8
733 9086 9
733 1791 12
733 6878 14
7822 2236 17
2236 1011 9
1011 1629 5
1629 585 14
585 4718 11
7652 4338 17
4338 1445 10
1445 1160 1
1160 6937 8
4338 1397 15
1397 1432 8
1432 1341 14
1341 8326 6
1629 7033 17
9546 9604 17
9604 3696 3
6405 9726 17
9726 8627 13
8123 496 18
1682 843 18
843 6883 17
1011 958 18
958 7028 4
7822 1225 18
1225 5531 3
1069 1258 18
1258 2711 9
1258 3327 14
3327 7890 5
7890 8091 4
8091 7842 9
1258 9346 14
9346 7067 1
7067 1512 10
1512 3712 2
9346 8869 13
8869 1284 3
8869 4528 3
4528 45 9
45 52 4
52 817 5
817 6634 5
6634 9415 4
9415 4234 6
52 777 7
9346 9388 14
2711 8454 15
1258 8485 15
6999 1324 18
1324 2816 6
2816 6548 4
1324 368 15
368 4602 5
4602 194 4
194 7268 10
7268 9801 10
194 76 15
76 3396 1
76 6513 7
6513 6987 15
6987 1110 13
7407 1334 18
1334 4959 10
4959 8850 2
4959 228 7
228 122 6
122 2872 2
122 710 4
228 1047 12
1047 3821 9
3821 9031 2
9031 8672 4
8672 9038 1
3821 3791 7
8850 3577 12
3577 4512 7
8672 7774 14
7774 3858 5
3858 4145 13
4145 1239 14
1239 4213 9
4213 3117 1
1239 8092 9
3117 600 10
600 1150 9
1150 1656 1
1656 4296 6
4296 1131 8
600 4410 10
9038 8379 15
8379 137 9
1131 4196 16
4196 6503 14
228 7542 16
3117 5590 17
5590 6096 7
7226 1544 18
7033 1671 18
1671 2249 4
2249 5983 4
1671 1485 6
5983 8225 7
8225 1822 8
1822 2335 8
2335 6462 5
6462 853 9
853 1270 6
1671 4803 9
4803 405 15
405 4193 2
1485 1356 16
1822 8723 16
8723 9172 15
9172 1383 10
1383 6828 15
1383 9075 16
405 2676 17
2676 5943 15
5943 708 8
708 2023 17
2023 3818 3
8225 4362 17
4362 2356 16
9041 1746 18
1746 8964 14
505 1789 18
8154 1851 18
1851 1509 10
1509 5355 1
1509 238 2
5355 6134 4
5355 8582 5
238 6741 7
1851 1411 12
1411 5057 7
5057 6576 10
1411 1043 17
722 1854 18
2121 1909 18
1909 8656 7
1909 2131 9
2131 6698 7
2131 7065 13
2131 8268 13
1334 1911 18
811 1969 18
1969 432 10
1969 3050 16
3050 5876 10
5876 767 3
3050 9486 10
9486 9394 4
9394 3734 11
3734 209 2
209 2234 4
3734 2936 10
2936 2398 6
2234 5004 13
5004 689 10
5004 6239 10
9486 4917 14
4917 7189 4
432 2152 17
3734 4417 17
9394 1625 18
1625 665 4
665 2217 13
2217 2966 6
1048 2013 18
2013 2227 12
647 2097 18
2097 9160 6
5524 2211 18
2211 6298 1
2211 6279 14
6279 6720 4
6279 5054 13
5054 2975 1
1841 2233 18
6827 2260 18
1324 2263 18
6163 2268 18
2268 3202 5
2268 3451 10
3202 4781 14
3451 5396 17
3360 2339 18
2339 233 2
2339 9247 10
9247 4098 1
9247 2148 9
233 1217 11
1217 2907 2
1217 9194 6
2907 2971 8
2907 5838 9
5838 5618 6
4098 1212 13
2148 8132 13
8132 1384 10
1384 4131 7
4131 5795 7
1384 1208 13
1208 4499 6
1208 2381 9
1208 4561 10
2381 5026 11
1217 1882 14
1882 4589 11
4589 2375 6
2375 1352 8
1352 4577 2
4577 2076 2
2076 1608 8
1608 9693 5
2375 5170 9
1352 1722 12
4577 8243 14
4499 6785 15
2907 6982 15
5838 1357 16
1357 7497 14
9194 3951 16
3951 7889 3
3951 7781 5
3951 4546 10
3951 3819 15
3819 4575 6
2971 4787 16
4787 3688 6
9194 6621 16
6621 8958 12
8958 7012 10
1352 4942 17
4942 4197 17
5618 9017 17
9017 9401 2
9401 8807 1
8807 2995 6
2995 6231 4
6231 9666 2
2995 8486 5
9017 808 9
6231 1601 13
9666 3651 13
3651 1547 8
1547 3657 6
3657 3305 6
3305 5955 3
1547 3723 9
3723 3939 10
3939 5492 11
3651 7059 13
7059 4419 6
4419 1660 9
1660 2741 2
1660 3026 9
2741 6734 10
3026 7383 10
4419 3540 11
3540 838 5
838 4912 11
1547 270 14
270 6032 6
1601 435 14
9666 6629 14
6734 1865 16
1865 9501 3
4912 4288 16
4288 7096 12
1865 2283 17
2283 6654 4
435 4257 17
4257 3862 7
3862 3179 5
3282 2547 18
2547 5149 17
3821 2554 18
3472 2640 18
1611 2787 18
2787 1650 16
1650 674 14
674 928 2
674 5588 3
2227 2981 18
2981 3944 5
1512 3450 18
9194 3637 18
3637 2643 4
2643 4409 3
4409 7474 4
3637 8509 7
4409 8366 13
8366 1447 5
1447 5734 8
5734 2549 13
2549 6670 15
6670 4704 2
6670 2969 3
2969 6851 6
2969 3624 8
3624 5954 7
4704 5541 8
5541 7979 5
5954 2201 11
2201 3084 4
3084 4801 14
1447 1778 17
2969 2149 17
2969 1137 18
1137 4143 1
1137 3251 4
1137 1984 7
1137 2104 7
2104 1783 5
3251 5387 7
5387 7953 8
1783 3350 9
3350 3887 5
3887 1689 4
1137 6950 11
1137 8935 11
2104 5198 13
5198 6701 2
5198 8365 7
8365 9714 2
8365 6140 7
9714 8874 7
8874 2187 12
5387 4254 15
4254 1517 5
4254 5818 15
1137 1389 17
1389 4291 4
4291 8595 9
4409 2450 18
3841 3670 18
3670 4161 3
3670 3809 6
3670 3499 12
3499 2242 6
3809 3315 13
3315 4960 9
2242 788 16
788 13 1
3499 5789 16
5789 6569 8
3499 8240 16
8240 7764 3
8240 3587 9
8240 4656 11
8240 7866 15
7866 532 1
7866 636 5
636 5330 1
788 8236 17
5045 3722 18
3722 4045 1
2122 3726 18
5396 3896 18
5885 3999 18
3999 3963 13
3963 8330 2
8330 8983 3
3963 4164 4
8330 3038 5
3038 806 3
806 9449 3
806 5507 5
806 7547 7
5507 1669 8
8330 9404 11
9404 2428 2
2428 7736 6
7736 5393 6
9404 4206 11
3038 3017 13
1669 3015 14
3963 8994 15
8983 873 16
873 2495 2
2495 2574 4
2495 1536 7
1536 3187 8
1536 2631 9
2631 7938 4
2631 5376 9
7938 7255 13
3017 224 18
4164 2735 18
45 4374 18
4374 4381 8
2440 4663 18
1445 4705 18
2373 4932 18
4932 8898 5
8898 3341 6
4932 3964 9
3964 9280 3
4932 961 11
961 1385 4
3341 38 16
1385 2782 16
2782 9066 6
9066 854 7
854 5204 6
2782 7102 10
7102 6615 16
4932 7416 16
7416 8495 16
4831 5053 18
5053 4267 5
5053 4000 6
4267 6755 9
4267 3269 10
4000 4573 14
4000 9612 14
15 5127 18
5127 1429 17
1429 4788 3
4788 5769 2
5769 5002 1
5769 146 9
146 5095 2
146 1944 7
1944 5569 9
1429 7123 13
5569 6959 14
5569 4175 15
6959 6045 15
6045 3525 7
6045 3415 15
3415 9087 11
9087 9168 7
1944 8783 15
8783 4425 5
9087 4682 16
5002 7317 16
7317 5849 4
5849 81 3
81 9319 1
9319 8321 3
7317 9177 4
9319 399 11
399 1337 10
9319 2869 12
2869 7540 6
7540 158 5
158 1510 10
158 3815 11
3815 4714 5
4714 7558 2
2869 4312 11
4312 4107 2
9177 3211 13
3815 7858 14
2869 7165 16
6045 1275 17
5002 1515 17
1515 3833 17
3211 5065 17
5065 3586 4
3586 2426 8
2426 3400 3
6959 6616 17
6616 8367 10
2426 4899 18
4899 57 8
57 502 3
57 4534 9
57 70 12
70 531 3
70 71 9
71 1972 5
71 6753 7
57 4934 12
57 5765 14
5765 7815 7
70 308 15
308 874 12
874 1368 2
57 4980 17
4934 6747 17
6747 3660 7
3660 6170 11
6170 4052 12
7882 5280 18
5280 5655 8
561 5304 18
5304 826 1
4547 5582 18
2689 5697 18
5697 9981 14
9981 6874 15
6874 6873 14
6873 4807 11
4807 8382 11
8382 1996 8
1996 1925 6
1925 9635 8
1996 1775 10
1775 2818 8
1925 4132 14
4132 7683 13
1996 3326 17
3326 7413 6
7413 6098 10
7413 5021 16
7413 5676 17
5676 9809 4
9809 8592 8
9809 9341 11
9341 6733 8
6733 1973 4
1973 7629 16
8592 5018 17
5018 349 2
349 1653 2
1653 4699 7
5018 9246 10
1653 5165 11
5165 8295 2
7413 6947 17
6947 1168 13
1168 2652 11
1168 4443 14
4443 7371 1
1775 2280 18
2280 3462 1
2280 2821 14
2821 1313 3
2821 885 16
885 4462 2
4462 3772 9
4462 6500 14
4462 2607 15
2607 5083 13
885 2934 15
9635 2324 18
2324 7078 2
7078 9376 5
7078 6112 8
6873 5546 18
5546 8018 11
5546 9269 15
9269 6446 3
6446 4587 3
9269 1012 5
1012 3292 3
1012 2342 8
4587 7346 12
7346 9144 2
7346 1441 5
1441 6778 10
6778 7320 11
7320 1412 9
1412 7831 9
1412 5886 13
9269 8453 15
1441 2269 16
6778 7932 16
1016 5768 18
5768 3932 1
5855 5956 18
6340 6438 18
6438 4920 8
8627 6514 18
237 6567 18
5393 6618 18
1370 6639 18
2960 6858 18
6858 7994 12
7994 31 12
31 569 14
31 1404 15
6858 3079 16
3079 7562 5
3079 3855 7
7562 7846 10
7846 9095 5
1055 7917 18
7917 6138 8
6138 8763 10
8763 3893 11
3893 4948 1
7917 2871 12
2871 3943 5
3943 2026 1
2026 9057 7
9057 2032 1
2032 5381 2
2032 9184 4
9184 1622 3
2032 8174 6
1622 7171 12
7171 1757 2
1757 3613 12
1757 812 13
2026 2803 15
2803 548 4
812 2846 16
9184 4862 16
548 6656 16
6656 6136 11
7171 7316 17
8174 5565 18
5565 1087 3
7123 7988 18
7988 6421 1
6421 6294 1
6294 3702 2
6421 5771 2
6294 2386 7
2386 9947 7
5771 9528 11
3702 8314 13
6421 7584 15
3623 8227 18
8227 2226 18
2226 6413 12
6413 5892 7
6413 7469 7
5892 2925 13
2925 5938 10
5938 5670 9
5938 3184 12
3184 8800 5
5670 6233 12
6233 8085 4
8085 2513 6
2513 5438 2
2513 5340 5
6233 5850 9
8085 2414 10
2414 3258 4
3258 4327 2
3258 7450 4
4327 2736 8
7450 8193 8
8193 2361 3
3258 4266 9
8193 1862 10
1862 1338 4
1338 4597 1
1338 7298 5
8193 3853 10
3853 2639 9
2639 5052 3
2513 4129 10
4129 4111 9
8193 7787 12
7298 253 13
253 320 4
320 6242 4
253 501 7
8085 4071 13
2414 3172 14
253 476 15
5938 9588 15
9588 188 13
188 3188 3
2925 4420 16
4420 6605 6
4420 9592 13
9592 1817 11
1817 1166 16
1166 7360 6
7360 255 14
255 181 7
181 1918 5
1918 3047 1
181 3329 6
3329 5334 9
1166 3707 15
255 8458 15
8458 7676 11
4129 2489 17
2489 377 13
5334 2864 17
2864 6395 16
6395 5470 12
4550 8272 18
8272 3485 12
6314 8340 18
2136 8813 18
202 8987 18
8987 5324 7
8987 9900 10
811 9067 18
1368 9078 18
8457 9127 18
9127 5806 9
5806 9792 17
9792 784 1
9792 3125 7
3125 2686 8
9103 9393 18
8817 9412 18
9611 9932 18
14 35 19
35 2771 8
35 7991 11
7991 4127 18
8416 136 19
136 177 2
136 37 6
136 7841 12
7841 6614 4
6614 7775 2
6614 5055 12
5055 7319 8
7775 46 13
46 2262 8
6614 9871 13
9871 5668 6
2262 3579 14
3579 5089 1
3579 5958 8
2262 8554 14
5668 6781 15
7319 9680 15
46 3992 16
6614 4760 16
4760 2116 4
4760 8019 5
2116 4680 9
4760 6577 13
9871 3593 18
3593 2663 5
3593 7018 7
7018 4065 5
4065 3484 7
3484 967 1
3593 1729 8
967 5521 10
3484 3600 12
3600 6871 13
7018 6264 16
6264 4830 12
4830 8399 11
3484 588 18
588 5839 6
5839 9696 5
5839 4731 7
9696 8260 9
8260 9670 8
5055 3744 18
3744 6071 7
6071 898 7
898 2928 3
2928 5970 6
5970 5371 1
5970 4574 9
4574 5402 2
5371 3368 17
3368 6582 10
3368 863 14
863 302 13
302 4303 9
4303 9641 12
3732 179 19
179 4082 16
4082 5598 11
736 294 19
294 5404 10
294 4112 11
294 1906 15
1906 3543 3
1906 5759 6
5759 8541 1
3543 3240 11
5759 8889 12
8889 741 8
741 6266 1
6266 9833 1
741 9936 12
741 491 15
3240 3424 15
3424 4973 9
9936 9832 15
491 8848 18
5849 504 19
5769 530 19
530 2080 7
231 562 19
562 197 16
1107 677 19
296 807 19
502 876 19
5970 886 19
747 945 19
1630 969 19
969 316 6
969 704 6
969 6460 12
969 2943 13
6460 6842 17
6842 8687 6
8687 8844 8
8687 992 13
992 2855 6
992 3870 13
4196 1000 19
1000 6646 5
1000 8639 8
8639 8213 10
8213 4563 7
4563 6772 10
4563 1396 17
4558 1090 19
1090 970 16
385 1169 19
1169 284 16
284 3206 13
3206 1205 6
1205 7838 2
7838 7382 4
7382 6287 11
3206 4717 16
4717 5946 1
4717 9298 17
8612 1228 19
6639 1325 19
958 1347 19
1347 8556 2
1347 4209 3
4209 4292 3
4209 6244 5
6244 916 1
8556 8504 8
6244 4837 10
1347 4373 13
4373 5776 1
4373 2567 3
4373 8062 8
8062 1639 4
2567 3192 13
4837 5665 14
8556 7909 14
7909 8858 6
8504 2684 16
4292 6321 16
2684 2672 17
8858 8409 17
8409 446 16
4837 9243 17
9243 9852 5
9243 1238 6
2398 1423 19
1436 1573 19
1573 172 18
172 232 8
172 9010 10
232 9722 14
146 1610 19
1610 1892 6
1892 4984 4
4984 8013 4
1892 1083 9
4984 4828 9
4828 1602 8
1602 2086 8
2086 7233 6
7233 9237 7
4984 9440 9
9440 2040 1
1892 3434 11
3434 7175 4
9237 6424 13
6424 851 14
6424 3699 15
2040 4030 16
4030 9675 13
9675 2472 11
3699 8022 16
4984 7561 17
7561 8151 13
9237 8333 17
3699 888 18
888 3541 3
2040 3348 18
3348 9771 11
9771 2485 6
9771 5816 9
5816 5092 11
9771 9214 15
9214 2516 15
2516 4751 12
5092 7045 17
7045 301 14
301 3868 7
301 619 9
3868 6199 9
6199 4510 13
8022 4318 18
4318 9063 6
9063 9945 11
9063 9488 15
1083 9904 18
301 640 19
4114 1615 19
1615 7567 9
7567 9352 9
7567 6756 10
6756 5717 4
5717 2868 16
5717 9219 16
9219 4365 8
1615 3149 18
3149 8513 8
3149 2645 10
2645 9620 3
2645 7633 12
8513 8825 12
8513 1647 14
1647 1818 1
1818 2678 7
1647 9105 7
9105 2560 9
8825 2616 15
2645 8681 18
8681 9073 14
8681 9222 15
171 1712 19
2426 1790 19
1790 3132 11
1790 2019 16
2019 1211 5
1817 1839 19
1839 9391 14
9391 3491 4
3491 6072 10
3491 632 16
632 2173 14
6072 2454 16
2454 5128 15
5128 8885 8
8885 5592 5
5592 311 3
8885 762 6
762 6672 4
5592 4399 6
311 707 10
707 743 4
743 7819 8
311 4310 11
5128 4598 11
6672 3087 12
6672 7206 14
762 3322 16
3322 1668 6
3322 2891 16
2891 109 1
109 6824 12
6824 8111 10
8111 5251 4
109 3654 14
3654 9442 2
3654 3114 13
3114 8283 8
3654 3495 13
3495 6534 4
6534 830 3
830 2460 7
2460 2517 3
830 241 9
2517 7101 10
7101 5187 9
2517 3128 13
3128 7632 4
7632 2138 6
2138 4305 1
2138 3448 2
3128 4756 7
7632 6379 9
2138 8546 9
2138 9618 13
241 2349 15
2349 1565 1
2349 7915 1
7915 2988 11
830 1621 17
1621 8148 16
9442 3666 17
8148 6475 17
6475 8041 7
8041 9516 15
9516 1687 5
1687 6540 6
8546 1435 18
3322 3009 18
3009 2171 10
7938 2322 19
5445 2325 19
6577 2946 19
2946 1895 17
2226 3436 19
9871 3477 19
3477 7535 10
1546 3521 19
3521 8988 6
3521 5102 14
5102 9021 2
2148 3556 19
3556 2893 17
2893 4519 2
4519 4728 5
4519 622 17
622 4497 2
622 1506 3
622 5811 8
622 5266 16
8 3611 19
2735 3626 19
6174 4144 19
32 4219 19
4219 3689 13
3689 2862 18
3194 4264 19
569 4387 19
4387 9236 8
9236 5017 6
5017 5820 9
5820 4928 10
4928 8155 4
9236 1102 15
1102 2396 11
2396 728 12
728 637 4
728 206 6
728 3869 6
637 7022 6
728 810 7
4387 6631 18
6631 6196 13
6631 9828 16
5262 4448 19
4448 2304 16
6017 4483 19
4483 9778 4
9778 1800 17
1800 2074 16
2074 1901 10
1800 5064 16
2971 4505 19
4505 363 15
363 3372 12
363 196 15
196 8579 11
8579 7314 9
7314 4606 13
4606 2914 10
363 7661 17
7661 8480 2
7661 1923 3
1923 4855 3
4855 6065 17
6065 6793 15
4855 8204 18
1682 4854 19
7960 4930 19
2787 4964 19
768 5379 19
5379 1591 4
1591 5980 2
1591 217 3
5379 7190 6
1591 4846 18
4846 4881 10
4881 2291 4
5379 2802 19
2802 7486 15
7486 3456 7
3456 3631 5
7486 4227 9
4227 4503 4
4227 8846 5
4503 7005 6
7005 8253 11
8253 9655 6
9655 7613 7
7613 8181 1
8846 9718 12
9718 9215 10
8846 3901 13
3901 9191 6
9191 6686 2
9718 6206 14
6206 1907 1
6206 8682 1
8846 1991 17
1991 4654 6
4654 7939 4
9215 3877 17
3456 3891 17
3891 7452 15
4227 4394 17
3891 4449 18
294 5419 19
5419 6496 8
1915 5583 19
4597 5740 19
5740 9005 2
5740 9083 2
5740 8075 7
8075 2728 19
2728 3419 5
3419 2717 6
2717 3827 2
2717 2523 3
3419 5342 6
5342 361 10
361 7402 1
2523 1272 10
3419 8248 13
3827 3416 18
2728 7754 18
2717 3129 19
8248 5785 19
2386 5986 19
2349 6068 19
6068 9765 6
6068 667 19
667 1781 17
1781 5427 15
3088 6070 19
6070 2298 4
6070 8518 13
8697 6173 19
5822 6236 19
6236 4817 6
4817 5369 3
4817 2078 16
6236 8881 18
8881 2786 17
1510 6520 19
3877 6749 19
6749 3506 12
3506 4623 7
4623 338 5
4623 4262 7
4623 506 13
506 4036 8
4036 6159 1
6159 2120 8
2120 2350 4
2120 8778 11
8778 5327 15
5327 4595 7
4595 3795 9
3795 8862 2
8862 2177 9
2177 2309 5
2177 2017 11
2017 3252 3
3795 6589 11
6589 4866 6
3795 4200 15
3506 1335 16
1335 2845 7
1335 5794 14
5794 837 2
4623 9808 16
9808 7071 5
9808 5863 9
5863 3745 6
3745 7232 6
9808 9777 9
9777 7487 8
7232 757 14
757 7454 3
7454 4072 8
757 5161 8
5863 5005 16
4866 4459 17
4459 1580 6
1580 295 2
295 8870 3
8870 3846 13
1335 7269 17
4623 9142 17
9142 8660 16
8660 8290 6
8290 4541 16
1335 3997 18
295 4363 18
4544 6839 19
6839 4283 11
4283 3911 10
1818 6932 19
6932 6865 15
3848 6995 19
6995 5287 4
6995 7996 9
2381 7146 19
7146 7318 6
7318 9199 10
8626 7160 19
368 7659 19
7659 5678 5
5678 3716 2
435 7678 19
7678 6797 7
6797 6443 8
7678 8214 10
8214 9020 1
8214 325 15
3087 7742 19
7742 9512 8
9512 7492 4
6784 7973 19
5710 7995 19
4082 8011 19
8011 2223 18
2223 2637 5
2637 3751 2
3751 277 2
2637 7457 3
2637 2922 6
3751 6490 10
2223 3826 11
3826 3903 9
6490 5560 13
5560 4057 1
3751 3650 15
3650 5585 16
5585 2467 4
2467 1233 10
2223 9539 16
6620 8080 19
8080 7205 1
6503 8093 19
17 8266 19
8382 8335 19
8335 3553 4
3087 8359 19
1048 8510 19
8510 2168 18
8510 6884 19
6884 6472 7
6884 4945 9
6884 8702 17
2361 8526 19
741 8780 19
7701 9026 19
9026 8191 10
8392 9033 19
9033 8819 10
8819 609 10
7774 9076 19
9076 3308 8
3308 2326 5
9778 9116 19
9116 6311 3
9116 4316 4
1549 9615 19
4229 9799 19
9809 9870 19
9076 29 20
29 5991 3
896 113 20
113 67 4
113 8604 14
8604 3562 12
3562 2615 2
7580 297 20
297 1968 12
297 1856 17
1856 5343 19
5343 5318 8
5343 5423 12
8702 406 20
406 369 8
369 490 4
406 523 17
523 2208 9
523 7684 16
490 95 18
95 8601 8
95 280 11
280 309 10
280 604 13
604 8647 10
309 3475 13
280 520 14
7684 59 20
59 648 4
59 8908 6
361 407 20
407 4466 14
4466 8978 18
1000 428 20
428 3353 11
428 4242 19
428 6090 19
463 438 20
438 6342 6
6342 6031 12
320 442 20
4543 488 20
385 509 20
509 1912 1
509 5267 4
5267 5476 9
509 288 10
4423 645 20
2728 673 20
4288 678 20
678 1667 1
678 9619 7
3305 796 20
796 5290 2
5290 486 2
796 1302 4
1302 5594 3
486 1428 8
8518 869 20
3433 1182 20
4310 1198 20
8409 1293 20
1615 1487 20
1487 24 19
24 342 1
342 3778 9
342 551 10
8350 1525 20
1137 1597 20
1597 2863 19
2863 8452 2
1580 1640 20
1640 2612 19
2612 617 2
617 1994 1
617 346 9
7989 1658 20
1909 1770 20
1770 3452 18
3452 5391 9
5391 4204 1
3452 3931 13
3452 3222 14
5391 2251 16
2251 5040 19
5040 4825 15
6400 1785 20
1785 1670 4
1785 8157 4
1785 6900 9
1785 6150 15
6150 96 5
96 1834 17
1834 1828 3
1834 7253 4
1828 9897 7
9897 6565 11
1670 8909 18
96 229 19
229 6171 5
229 4819 14
4819 6355 1
4819 1905 15
1905 2204 1
9618 1787 20
1787 2210 12
2148 1904 20
1904 1440 8
1904 2920 19
150 1942 20
117 2002 20
2002 2906 8
2906 6469 4
2002 4060 8
4060 2313 4
4060 6600 6
4060 1159 17
1159 3874 8
3874 1569 2
1569 2979 14
2979 9448 1
9448 2724 2
2979 5143 4
2979 3552 14
3552 8449 5
8449 2484 10
2484 1280 1
1280 1333 13
2484 133 14
9448 8751 16
2724 9154 16
9154 4435 14
3874 1979 17
1979 9 4
9 4 3
4 19 8
1979 9553 10
9 3065 17
2906 752 18
4 1864 18
1864 8533 6
1280 8286 18
8286 9337 2
8286 5757 12
4404 2282 20
5532 2295 20
2295 5667 15
5667 2723 6
2723 1902 1
1902 77 4
77 107 3
107 1933 5
77 3977 6
1902 8980 14
8980 1174 3
1902 5607 18
5607 9650 8
77 62 20
62 7377 7
62 192 20
192 2058 1
192 283 5
2058 5859 12
283 5309 14
192 9170 15
2672 2323 20
2323 1959 9
1959 8953 3
9553 2463 20
2463 3531 5
2463 1871 14
2463 6716 17
27 2650 20
896 2950 20
2950 1092 6
2260 3072 20
30 3100 20
3100 4427 3
4427 3878 19
1107 3102 20
3102 6579 17
6579 6843 5
6843 5210 2
6579 410 11
410 965 2
410 1006 7
410 279 8
6579 5429 11
1006 1242 13
1242 7017 8
1242 1749 13
1749 1008 9
5429 227 16
227 6346 7
6346 3106 13
3106 6662 3
6346 3141 13
227 3166 13
6346 4672 17
1008 8116 17
4672 9644 18
965 1028 19
6579 1714 19
2349 3109 20
8416 3287 20
945 3405 20
3405 304 4
3405 880 9
880 4615 5
880 2887 13
304 2808 14
4615 3617 18
1682 3439 20
3439 92 2
92 3369 17
3369 669 4
669 7342 6
3369 3725 9
3725 5580 5
5580 761 11
761 8109 2
3725 3929 11
761 931 16
669 8765 16
8765 5911 15
8109 3536 18
761 3762 18
3762 9910 15
9910 7179 6
7179 4492 2
4492 6645 2
7179 4957 5
4957 9125 6
4492 5191 8
5191 7216 10
7179 6431 15
6431 5687 18
8109 3302 19
3302 6132 4
6132 2708 9
8765 8972 19
8972 1444 6
247 3442 20
3442 2065 5
2065 1743 7
1743 453 10
1743 4647 10
3442 7930 18
2065 2412 20
2412 9137 11
2412 1361 13
762 3482 20
7232 3694 20
3694 5616 17
5616 1932 11
1932 4433 3
4433 9969 6
9969 6423 10
8132 3727 20
3727 9958 2
3727 4859 6
4859 9760 2
3727 4099 8
9760 3704 9
4859 9668 14
9958 1246 15
3704 4223 15
4223 6295 5
6295 5356 12
5356 9003 6
5356 881 7
881 9585 6
5356 6085 9
9668 7315 15
9585 3769 16
3769 9454 4
9454 9212 4
3769 9471 6
9471 6936 10
6936 5370 16
7315 2959 18
2959 292 3
2959 4460 13
4460 7198 9
3523 3970 20
2339 4047 20
4047 6966 5
6966 5248 13
5248 6659 11
6966 293 16
2384 4077 20
8148 4095 20
4095 9859 10
1622 4208 20
4208 4653 6
4653 1326 19
1326 1453 11
1453 3160 13
1622 4457 20
4457 4661 1
4661 5783 1
4457 8712 6
5783 411 18
411 1067 1
5783 2461 20
970 4482 20
4482 9335 2
9335 7936 4
7936 8412 3
8412 9941 6
4482 3741 10
3741 4924 3
4924 3509 11
8412 5617 16
5617 9029 5
9029 6332 2
9029 1049 15
1049 2289 12
6332 2033 16
4482 9973 16
5617 2470 19
3082 4628 20
4705 4707 20
4707 2541 18
2541 5543 2
5543 742 3
2541 3253 5
2541 5708 6
5708 1612 4
5708 9169 6
5543 1945 11
742 1486 15
3253 2390 18
2390 5919 15
5919 4220 18
4220 5385 4
4220 668 10
742 8984 19
8984 4442 11
3416 4847 20
9910 4873 20
4702 4880 20
4880 4458 3
4458 4180 2
4880 6546 3
6546 1886 18
4497 4929 20
2412 5320 20
5457 5386 20
5386 2114 16
2114 6147 7
6147 3671 3
3671 5171 1
2114 1452 15
1452 2813 16
2114 2126 17
6147 781 18
2126 8303 18
5386 366 19
366 4147 10
2114 4804 20
4804 2098 2
4804 5575 6
5575 8362 7
8362 5260 5
3553 5614 20
5614 3806 5
5614 8129 9
8129 5608 7
5614 7172 14
7172 5695 14
5695 9362 13
5695 9701 13
3806 1219 15
9362 3311 15
3311 8189 3
9362 3406 16
3406 344 1
5695 7389 16
5695 5634 17
5634 7464 7
5634 996 9
996 5662 4
996 3006 13
3006 4027 17
4027 3110 6
5695 3864 18
3864 7998 13
7464 8419 18
8419 5136 8
996 3107 19
7464 5431 19
5614 7877 19
7877 8038 15
8038 4746 5
4746 5601 17
8419 9502 19
9502 2198 7
2198 3145 9
3145 3409 1
3409 147 1
3409 9845 7
2198 3927 11
2198 2045 13
2045 5526 8
3145 9296 15
3145 5323 19
6898 5615 20
3887 5638 20
5638 8428 2
8428 4771 6
4771 7897 9
7897 4921 10
7897 7509 10
7509 3323 16
8428 3861 18
5638 2422 19
2422 9274 14
9274 6699 7
2422 8814 16
1549 5664 20
9442 5761 20
3100 5924 20
5924 3756 17
3756 5659 17
7661 6018 20
3192 6193 20
6193 2405 4
2405 3757 13
3757 9380 4
3757 4582 18
2405 5025 18
5025 5832 4
4582 1779 19
1779 6450 4
1779 1774 10
1779 8493 12
1779 3136 17
8493 2566 18
3757 7806 19
7806 3053 10
7806 624 19
624 841 9
8105 6251 20
6251 5401 17
5401 126 6
126 3274 12
3274 3422 8
3422 3014 5
5401 4189 20
5110 6263 20
5340 6281 20
5391 6308 20
6308 5931 10
632 6327 20
6327 2930 14
6327 7752 14
5141 6427 20
255 6484 20
9076 6554 20
7255 6633 20
6633 1135 8
1135 4554 5
4554 8940 1
1135 9450 16
9450 9688 19
9688 2294 6
4213 6859 20
530 6862 20
6862 6416 2
6416 5669 10
5669 1243 2
8908 6894 20
6894 5514 2
6196 6939 20
369 6963 20
6963 3575 9
6460 7126 20
7126 8590 11
7126 8948 18
8948 3905 17
3050 7235 20
5931 7294 20
7294 3154 17
3154 1442 1
1442 4752 5
3154 3692 12
3154 2383 14
2383 6172 17
9502 7433 20
109 7602 20
8189 7657 20
7657 8836 2
7657 5698 9
279 7671 20
5968 7783 20
2450 7865 20
7542 7887 20
2350 7923 20
4641 8067 20
113 8094 20
9160 8103 20
8103 479 1
479 1088 11
1088 1286 2
1088 3037 8
1088 1479 11
1479 942 1
942 6625 1
942 3701 3
3701 3748 3
6625 500 9
500 6521 9
8103 4500 15
4500 8387 7
8387 6156 2
4500 9959 12
3037 2994 16
1479 1858 17
6521 4773 17
4773 9130 11
9130 6825 3
9130 6847 12
6847 3691 10
3691 5945 1
3691 779 2
779 2968 9
2968 3284 5
6847 5183 11
5183 6771 3
6771 4566 7
4566 2570 3
2968 5460 12
5460 2275 8
5460 824 15
2968 5920 16
5920 6726 9
6726 185 6
185 2832 5
6726 9024 11
2832 5259 14
6726 2898 15
500 6148 17
6847 2646 18
1286 6436 19
6436 2664 1
2664 5653 5
2664 7898 15
7898 3566 14
6771 9377 19
1286 771 20
771 653 15
653 9869 19
9869 7127 19
653 542 20
4500 2841 20
2841 4650 14
6873 8324 20
8324 9526 13
8324 2725 15
2725 932 1
2725 7415 1
6173 8402 20
8402 2049 7
2950 8502 20
6619 8523 20
8523 1075 20
1075 8753 19
7377 8634 20
8634 5217 18
3136 8804 20
8980 8859 20
8859 457 12
4960 8977 20
4907 8996 20
8996 3281 20
6068 9009 20
6633 9088 20
9501 9176 20
9176 1531 7
1531 1579 18
1882 9187 20
7179 9259 20
3648 9294 20
9294 5080 11
5080 6637 6
6637 7636 12
6637 1816 17
1816 911 18
911 3207 13
911 455 15
455 16 1
16 7170 5
16 3020 7
3020 5762 13
911 8141 15
3207 3935 16
16 4792 16
16 6551 18
6551 8334 2
3207 740 20
740 5964 7
5964 8177 1
740 5726 12
5726 7111 11
7111 7020 4
7111 9140 15
9140 9669 16
8988 9398 20
9398 9252 7
9252 8642 11
9398 5564 14
8642 6386 18
8094 9409 20
9140 9462 20
9462 7181 4
9462 9835 18
9835 3064 2
9835 7408 3
7408 1563 3
9835 5482 5
3064 8902 7
9835 4763 13
9835 5586 14
1563 5817 14
5817 3331 15
3331 1634 14
1088 9511 20
7090 9575 20
9575 8705 20
8705 1097 8
7235 9577 20
976 9607 20
9607 3261 11
3261 5458 6
3261 1879 9
1879 4685 10
1879 5904 19
5904 6746 11
2181 9686 20
9686 1844 1
9686 4858 11
9686 9036 20
9036 1046 3
1046 3616 12
3616 8659 11
9036 5736 13
8659 9143 14
9143 1398 12
1398 8058 15
8058 3892 6
1398 5366 17
5366 4348 10
4348 9290 6
4348 9780 12
9780 544 14
544 4634 9
4634 7718 5
7718 9567 18
9567 1676 5
9567 6292 7
4348 2218 19
2218 2769 3
2769 1758 4
1758 4567 10
4567 1627 7
4567 2476 11
1758 3950 12
1758 9011 15
4634 3347 19
2422 9963 20
9963 8995 7
3696 112 21
112 60 9
112 134 14
134 401 3
134 4434 7
4434 3957 12
3957 8249 5
112 5283 16
42 187 21
187 1380 9
1380 6677 2
1380 8622 4
6677 4727 6
1380 834 11
4727 4914 11
4914 3842 1
187 5827 14
834 5140 16
834 939 17
834 7786 17
7786 8937 2
5140 6740 20
5140 9843 20
3087 356 21
356 1061 6
1061 4943 7
1061 1041 9
1061 8332 13
8332 6249 12
6249 6468 5
6468 6175 15
6175 7668 1
6249 6399 16
6175 4138 18
4138 8883 14
8883 8053 5
8053 6924 7
42 384 21
384 1970 5
384 556 6
384 4066 14
384 9136 14
9136 4897 2
4897 9485 7
9485 8470 11
4510 443 21
443 6185 4
6185 4043 4
443 643 12
443 5069 20
4043 7910 20
7910 9676 14
9676 1583 14
1583 290 14
290 6727 16
6727 2915 11
8533 444 21
444 4860 3
444 8534 10
444 726 12
726 1187 12
726 7947 14
1187 4525 18
4525 6624 4
4525 2746 8
1187 7331 18
7331 3374 11
3374 240 4
240 4671 6
4671 2673 7
240 5106 7
5106 9931 1
5106 1543 5
2673 4886 8
3374 5896 9
9931 4844 10
4886 5843 12
9931 4785 13
5106 9124 14
9124 7085 4
3374 6216 15
4844 1311 18
1311 6372 6
6372 9385 3
9385 8550 2
1311 6401 6
9385 8089 18
240 165 19
165 1189 16
1189 6719 3
726 2583 19
2583 5910 8
5843 7596 19
7596 5481 4
7596 4906 15
2659 478 21
478 278 13
788 573 21
573 7965 9
7965 5178 7
573 595 16
595 4594 3
573 9484 17
9484 2279 16
2279 2447 20
2447 2654 19
2971 590 21
590 6575 16
6575 9742 2
295 644 21
4291 651 21
651 4607 6
651 4038 8
651 3813 9
4607 7884 15
7787 662 21
662 382 12
382 5212 5
382 2442 16
2442 1600 5
1600 601 3
601 98 3
1600 529 21
529 6822 1
6822 9443 13
9443 3312 12
9443 4113 16
529 54 17
54 3824 3
54 312 11
312 6043 12
3312 3031 18
3031 2075 7
3031 6845 16
6845 9513 6
6845 7793 9
6845 9658 16
9658 4591 2
4591 5399 5
7793 5253 18
5253 4282 13
9658 7903 19
6845 9050 19
9443 8777 20
8777 9987 13
9987 3115 7
532 791 21
791 4293 10
4293 5503 6
4293 6985 19
255 814 21
4830 855 21
855 6407 11
8528 891 21
891 698 10
698 2232 16
698 5383 19
5383 6792 14
6792 1747 18
5383 4523 19
4523 2146 15
2146 2596 11
2146 9358 17
2146 9085 18
5669 913 21
913 1152 11
793 1128 21
4792 1133 21
1403 1240 21
1240 5869 3
5869 1308 8
5869 1948 16
9098 1450 21
1450 884 21
884 1134 5
884 6374 14
884 1030 16
6374 5133 19
1134 676 21
676 2847 15
1573 1534 21
4930 1557 21
1557 426 14
426 2379 1
7509 1562 21
1562 1876 2
1876 758 1
1876 5801 7
1876 2524 16
2524 3915 15
1876 1868 19
1868 7885 4
7885 3715 19
1444 1724 21
562 1727 21
4111 1767 21
1767 800 20
800 8735 9
8983 1810 21
1810 5137 4
1810 1196 6
6898 1826 21
8898 1953 21
1953 776 11
8062 1974 21
1974 9732 1
1974 3093 8
5102 2176 21
13 2209 21
3762 2248 21
2248 287 12
287 334 4
287 18 12
334 9924 12
3600 2529 21
2529 8920 8
2529 3384 17
6072 2530 21
2530 1921 3
6140 2534 21
1487 2630 21
2630 7617 20
7617 2359 1
7617 8307 15
6567 2638 21
4293 2815 21
5377 2876 21
1235 2916 21
2916 3907 3
73 3071 21
3071 4058 18
4058 3634 20
1622 3077 21
3077 1853 4
1285 3123 21
3123 2831 21
2789 3131 21
3131 1484 5
1484 2859 4
1412 3138 21
3138 629 13
629 524 10
524 6358 12
524 8178 13
8178 7519 9
9083 3148 21
3148 9315 3
3148 5728 6
9315 5689 10
9315 303 14
5689 5152 15
5689 4100 20
4100 6504 2
6504 6482 14
7342 3186 21
3186 1214 3
3186 8311 10
8311 4279 7
4279 4109 4
8311 5181 13
1725 3256 21
3256 6478 12
6478 7399 12
757 3382 21
3382 7712 2
9116 3432 21
3432 7284 5
6726 3479 21
3479 990 5
1444 3522 21
9127 3572 21
3650 3589 21
3589 1684 2
2350 3674 21
3674 1393 20
1393 9271 16
9271 1662 15
1662 1674 9
1662 481 12
481 659 1
481 2451 10
1674 5979 14
7953 3773 21
197 3831 21
236 3844 21
2941 3973 21
3973 8356 14
8356 3445 11
2049 3986 21
8908 3990 21
3905 4015 21
3597 4168 21
4168 7201 18
7201 9333 6
9333 4151 1
4151 1677 14
7201 4815 18
2969 4231 21
134 4506 21
5783 4669 21
1963 4821 21
201 4885 21
4885 7508 16
7508 6184 6
6184 176 16
176 1874 1
1874 8349 12
6184 4533 16
4533 7738 3
4533 5166 11
6656 5108 21
5108 440 8
440 3709 17
3709 3238 14
3238 4250 8
5108 5034 21
5034 4173 2
5034 8897 3
8897 4657 11
1242 5202 21
5567 5221 21
8717 5292 21
5292 963 4
5292 6241 5
6241 4463 5
5292 2455 13
5292 7215 13
2455 6253 16
6253 6766 8
1549 5398 21
1046 5437 21
377 5606 21
5606 3279 7
5606 3645 9
3645 3895 8
3895 7563 15
3895 6053 16
6053 7962 4
7962 7560 10
7962 3427 19
5931 5777 21
5777 8209 15
8209 6091 17
6091 9652 10
9652 660 1
9652 6084 13
9652 9231 17
9688 5784 21
5784 4976 6
8687 5868 21
5868 4333 9
4333 5477 9
5477 354 21
354 9131 16
9131 8377 15
9131 1659 16
1659 9715 2
9715 5186 2
5186 8884 9
5186 1461 13
1461 2603 9
1461 3641 11
8377 9774 16
9774 1927 5
1927 6122 7
1659 5744 17
1461 9147 18
9147 6406 4
9147 6044 5
6406 3126 16
6406 7891 17
9715 3850 19
3850 5873 5
9147 5951 19
9715 1462 20
1927 534 21
1659 4925 21
4925 6640 20
1462 5225 21
9170 5935 21
4030 5989 21
5989 198 1
5989 8494 16
8494 8616 15
198 941 17
8494 7368 19
7368 3710 13
3710 7150 12
7150 8343 9
8343 2933 4
2933 6917 11
2933 7586 11
7586 7262 13
3710 128 15
8343 8695 16
2933 5825 17
7262 8143 18
7368 7482 19
5825 9229 19
9229 5119 11
7482 3807 20
7666 6082 21
6082 161 13
161 4385 8
161 1392 12
161 1066 17
1066 6613 17
6613 7443 5
4385 186 19
186 7072 13
7072 753 7
7072 3928 20
3928 4001 9
4001 3198 16
3198 1504 3
1504 8643 17
8643 8036 1
8036 7156 4
7156 7604 14
7604 8644 12
6150 6109 21
6109 7210 10
8765 6307 21
7916 6428 21
6428 3889 13
6428 1320 15
1320 7977 19
7977 2452 7
7977 3612 9
3819 6526 21
6526 8231 2
6526 6012 8
6012 2434 13
8231 7894 16
7894 9530 3
9530 5150 17
5150 1224 1
9530 6104 17
6104 7296 5
7296 3354 2
3354 2139 11
7894 80 20
80 2797 1
80 623 6
80 79 13
80 431 14
80 8950 20
8950 6927 8
1547 6549 21
6549 1593 17
1593 864 13
864 387 2
387 8421 17
8421 7660 17
7660 7820 2
7820 1358 1
1358 2730 5
1358 4287 6
8421 8822 17
8822 6760 17
4287 9741 18
9741 3414 5
3414 5067 16
5067 2035 19
2035 1878 9
1878 4620 12
4620 515 11
515 430 19
430 219 17
219 8606 6
8606 9158 6
8901 6681 21
6681 3527 15
3527 5518 20
5518 259 18
259 2621 4
197 6693 21
6693 7187 8
6693 8641 14
8641 5155 2
5155 3565 10
3565 5272 7
5272 2627 15
2627 180 9
180 5485 16
8980 6707 21
8802 6748 21
3951 6754 21
6065 6758 21
841 6770 21
3597 6974 21
6974 3784 16
3784 5686 4
5686 5504 21
5504 1748 8
5569 7069 21
7069 5675 16
3815 7142 21
7142 1981 4
1981 3581 9
1981 8635 12
8635 2667 3
8635 3834 8
3834 8740 4
8740 6692 9
6692 7373 3
8740 7588 9
8740 6872 10
6872 3321 1
3321 1524 11
1524 5782 1
1524 2904 6
2904 680 3
5782 8919 10
8919 6083 1
7588 9460 11
6872 7480 14
8635 1574 15
1524 3180 16
5782 2584 17
2584 1467 4
8740 1312 18
1312 8292 6
8292 3259 4
8292 4278 8
3259 4384 8
4278 4083 15
4083 4668 7
1524 4281 18
1467 99 19
99 470 2
99 208 3
470 8888 9
680 8734 19
7480 9433 19
9433 7086 20
3180 1179 21
4112 7162 21
7162 9671 1
9671 9096 5
9096 7336 3
7336 6580 5
6580 4711 7
9671 9923 8
7162 6037 10
6037 2537 1
4711 9610 12
9671 5375 14
5375 9452 7
7162 625 16
6037 3147 16
3147 4429 8
625 5365 20
5365 5568 20
911 7199 21
7199 2102 20
2102 9689 11
2239 7242 21
7242 8662 1
8662 6717 6
8662 1691 9
1691 6102 7
6102 419 12
419 1406 10
1691 1305 13
6717 3754 19
3754 2683 10
2683 6652 2
3754 243 13
3754 4086 14
4086 4521 8
3754 408 21
3827 7301 21
7301 6014 15
233 7302 21
3593 7366 21
4546 7397 21
996 7529 21
4594 7530 21
7636 7534 21
7534 692 10
692 7462 16
7534 6507 17
6507 1837 20
1837 5536 9
5536 3089 9
7462 3686 21
3686 7830 2
7830 140 2
7830 8134 6
8134 3062 10
3686 102 11
102 101 11
102 724 19
724 917 4
101 8047 19
8047 6799 17
6799 6722 1
6722 2978 7
2978 1466 14
6722 5683 14
5683 5906 13
5906 4167 15
4167 1931 16
1931 7245 15
7245 9418 3
6722 7681 16
7681 3937 10
3937 8543 1
6722 2101 20
5906 4823 21
3089 4933 21
134 7600 21
7600 2854 12
6484 7687 21
7687 775 2
7687 4887 5
775 2240 11
2240 7967 6
7687 1782 13
1782 7270 3
4887 5115 16
5115 8968 14
8968 5464 11
7270 6909 16
6909 4875 6
4875 8720 10
2240 8162 17
7967 4133 18
5464 4646 19
4646 3775 10
775 4023 21
4023 7798 15
7798 3075 7
3075 7708 9
7708 1750 3
7708 9164 7
1750 6980 11
6980 7027 11
7027 1847 10
7027 5091 14
5091 9185 7
9185 790 8
1847 8690 18
8690 2880 19
1847 1738 20
1738 4070 5
7480 7723 21
5385 7766 21
7766 7141 15
2440 7808 21
676 7832 21
7832 2264 6
7832 9886 16
1311 7835 21
2223 8008 21
8008 2007 21
2007 2029 1
5664 8187 21
8187 6655 20
9945 8404 21
8404 3068 21
4701 8407 21
8240 8503 21
6054 8538 21
8538 9937 3
9937 2235 6
479 8545 21
2295 8578 21
1856 8694 21
8804 8792 21
8470 8905 21
8905 6941 7
6941 6765 5
6941 6524 13
6524 4586 16
6524 2254 18
2254 7972 2
7972 306 2
7972 7364 4
7364 5104 16
306 5237 17
864 9042 21
4505 9129 21
5931 9203 21
9203 6956 4
9203 2721 7
2721 7751 2
2721 1213 3
1213 9429 18
9429 9549 19
9549 8353 12
8353 7554 5
7554 8701 6
8701 8580 17
939 9273 21
3362 9323 21
7114 9876 21
3711 9882 21
6236 9888 21
9888 6366 20
6366 7209 1
6366 9197 2
6366 785 19
785 6187 6
9888 7705 20
3696 9901 21
9901 367 9
367 2774 10
5687 85 22
85 381 18
85 5301 19
1023 127 22
127 3008 1
3008 7665 12
127 846 13
127 2586 18
2586 3591 7
127 6671 19
2586 871 21
871 138 2
138 3227 3
138 3351 3
4714 414 22
3148 437 22
437 519 10
2854 448 22
266 498 22
5670 560 22
560 1197 9
287 577 22
577 1636 16
1636 1978 1
1636 6312 1
1636 5527 15
1636 9582 15
5527 6502 20
2485 593 22
5136 626 22
626 350 1
350 1307 4
626 2046 5
9429 638 22
7306 642 22
361 696 22
8181 815 22
815 2888 21
2888 2107 9
2107 260 9
2107 2456 15
2456 2712 15
2107 5640 18
5640 8956 10
260 8577 19
2607 906 22
906 218 17
218 6786 8
906 3972 18
906 4329 21
758 920 22
7396 921 22
6030 1204 22
1748 1250 22
5958 1276 22
1276 155 5
4209 1327 22
1327 2624 2
1327 2329 3
2329 2830 9
2830 9598 10
1327 6042 18
6042 7442 6
7442 9389 16
9389 4019 3
4019 6886 6
4019 8069 8
8069 3978 8
8069 3293 13
3293 5321 1
3293 3200 2
5321 7564 6
6886 3340 13
3340 8666 14
7564 5516 15
3340 6876 16
7442 9490 16
2329 6471 18
6471 7134 7
7134 3898 9
3898 1541 3
3200 7872 18
6886 6364 19
999 1342 22
3999 1367 22
1367 3740 3
1367 9258 4
3740 2125 7
2906 1400 22
1844 1475 22
855 1491 22
5318 1553 22
1553 4901 17
8723 1651 22
2969 1665 22
8103 1680 22
2524 1723 22
1723 9961 2
9961 8077 15
4512 1764 22
1764 1708 15
7160 1814 22
1814 1451 3
1451 4845 1
1451 469 19
1549 1827 22
1827 1430 6
1430 7182 19
9388 1860 22
1860 9002 6
1667 1946 22
1946 2000 3
1946 2956 19
2956 9534 20
2000 3300 21
3300 474 9
474 9977 10
474 1244 18
1244 3820 8
2956 5306 21
474 1151 22
1151 1586 12
1586 1222 3
1586 4121 16
1151 1050 22
1174 1967 22
1967 9039 5
1967 3041 9
1326 2124 22
5956 2183 22
6958 2301 22
869 2315 22
7018 2337 22
2337 6907 16
6907 2222 15
1749 2367 22
273 2380 22
2380 4570 17
4570 1120 14
2380 5897 21
5897 3513 10
3513 8104 7
5897 9198 14
8104 8299 15
8299 1237 7
1237 3765 2
8299 9355 9
1237 1118 17
1118 8276 5
1118 2883 17
2883 6965 4
2883 9636 9
3513 6687 17
8104 705 19
705 7577 9
705 4989 11
705 2884 12
2884 8613 4
2884 178 12
2884 2245 13
2245 943 6
943 7559 5
943 8233 5
2245 1870 7
943 8139 10
8139 672 1
943 3884 11
943 7010 15
178 1998 16
672 8057 16
8057 5121 15
5121 441 16
2245 9242 16
9242 326 9
7559 7499 17
7499 8599 11
4989 5494 18
1998 6192 18
1118 1374 19
1374 6301 12
705 2316 19
2316 850 3
2883 2400 19
2883 4372 19
9198 6808 19
3513 9985 19
9985 6464 5
6301 330 20
850 3544 20
3544 6139 19
6139 9091 18
8139 3837 20
8104 670 21
670 783 8
783 8017 6
670 984 18
670 8607 19
8607 5562 2
670 1735 21
5106 2561 22
2561 1950 22
1950 9593 14
9593 5032 11
5032 3443 15
3443 141 16
141 6594 21
6594 473 2
6594 6530 7
473 7281 8
7281 4096 3
7281 2094 7
6530 4918 13
4918 3584 14
473 9975 15
3784 2580 22
6692 2623 22
2623 6137 1
2623 1897 3
2623 3215 9
8404 2636 22
2636 8279 11
8279 6511 3
429 2935 22
2935 149 6
149 364 7
4459 2963 22
2963 3255 2
2963 4931 8
483 3168 22
1041 3266 22
8092 3478 22
3478 9161 21
9161 9752 2
8334 3822 22
3822 5488 17
1466 3882 22
3882 1505 19
1505 654 13
654 2238 3
190 3908 22
3908 3914 1
3908 9984 8
9984 9634 4
3914 8300 12
8300 998 4
8300 9988 13
2275 3962 22
3962 1278 18
2684 3969 22
3756 4025 22
7235 4150 22
8019 4170 22
1510 4236 22
5434 4241 22
4241 6099 19
6099 5743 12
3957 4431 22
6083 4612 22
7877 4638 22
4638 5359 16
5359 4037 12
1407 4667 22
4667 6380 18
6380 5120 1
5120 216 13
216 1990 8
216 245 18
7718 4722 22
4082 4748 22
4748 575 7
575 5994 9
5994 1298 11
7711 4790 22
4790 7982 21
3850 4805 22
9947 4851 22
9518 4861 22
2139 4870 22
9453 4963 22
4963 9347 19
9347 5764 10
5764 6905 16
6905 8417 1
4641 5031 22
5665 5039 22
8781 5103 22
5103 4214 12
4214 5196 14
4214 1493 18
1493 9917 8
1493 1570 16
1570 3246 19
3246 2413 18
2413 3551 15
2413 7753 17
7753 2081 17
5103 7843 19
3246 8650 19
9860 5317 22
2489 5363 22
5363 3043 17
5089 5550 22
2636 5600 22
5600 6836 12
6836 2866 12
6836 6607 18
6607 9372 1
9372 9999 15
9372 8726 16
2866 7465 19
7465 655 16
655 2688 6
655 1489 7
655 1226 20
1226 6979 5
1226 6776 12
6979 4371 16
4371 3766 7
4371 3466 8
3466 2493 13
2866 7337 21
1224 5629 22
6655 5701 22
5701 8737 7
8737 4954 15
4954 3403 4
4954 5244 5
4954 5722 12
1650 5846 22
5846 944 4
944 1869 10
1869 5297 5
5297 2605 5
1869 6688 13
1869 2458 22
2458 4237 1
2554 5877 22
5877 3530 12
3530 5326 14
5877 1499 15
1499 9505 1
8419 5882 22
5882 5772 12
5882 4737 18
6290 5887 22
5887 5479 20
3261 5936 22
479 5993 22
5993 1199 18
6423 6019 22
6019 8602 2
8602 5508 3
6019 8284 11
8284 802 8
6019 1899 18
1899 189 9
189 4120 6
4120 7191 7
189 9064 8
4120 2697 13
1899 362 15
362 2419 9
2419 6273 5
362 1079 13
2419 8500 13
362 2766 14
802 1644 19
1644 64 12
64 47 10
47 4046 4
47 760 21
760 2034 17
4046 2879 22
2879 100 10
2697 3412 22
3412 8665 12
8665 9830 16
9830 2520 16
6640 6022 22
4362 6052 22
6052 1253 11
1253 688 5
688 2851 6
6052 9976 12
9976 1303 9
6052 7149 13
1303 1065 15
1065 235 18
9976 4768 18
4768 8738 2
8738 5528 9
7738 6165 22
6165 1431 19
1431 6925 8
1431 6020 18
6020 6410 1
8656 6169 22
6169 5853 6
3546 6225 22
6225 4776 21
3907 6319 22
6319 5778 11
5778 9880 8
57 6362 22
7461 6557 22
6557 6276 3
6276 3643 9
6276 7724 19
7724 4273 9
7724 7612 19
7612 5100 15
5510 6897 22
6897 4251 5
4251 7883 1
4251 3408 10
3408 868 21
868 3299 14
81 7014 22
7014 5599 15
5599 5451 15
5451 51 15
5451 5899 18
3416 7046 22
3436 7105 22
7105 8371 19
8371 9720 15
381 7115 22
7115 1375 8
9333 7283 22
5031 7502 22
3251 7523 22
7523 4585 5
7523 7639 18
7639 298 12
298 801 5
298 2910 6
298 6971 21
6971 3399 7
3399 9739 2
9739 9779 15
5765 7531 22
7531 971 6
32 7539 22
7539 966 22
966 7051 12
7051 4106 17
7051 2757 20
2757 2243 18
4329 7791 22
7791 3097 15
6464 8087 22
4025 8165 22
7721 8215 22
8622 8440 22
1211 8450 22
8450 5922 6
463 8608 22
8608 4441 19
4441 2202 8
8608 2343 21
4279 8747 22
3050 8794 22
8794 1643 12
1643 4240 2
1643 1040 13
1040 3658 5
1040 4616 13
4616 8505 20
1283 8824 22
7086 8934 22
2337 8951 22
8951 339 12
9675 9022 22
4295 9028 22
4236 9196 22
1227 9207 22
9207 6456 2
4704 9238 22
9589 9304 22
8417 9322 22
9322 8974 2
6639 9330 22
9330 2229 4
2229 8875 15
6088 9342 22
9342 1421 18
4083 9444 22
1593 9469 22
2845 9470 22
1450 9510 22
9510 6668 2
9510 9482 2
9510 7777 16
7777 2194 16
7777 3608 21
8419 9523 22
6842 9545 22
3950 9552 22
9552 461 1
461 7948 5
461 1201 10
1201 4601 5
1201 1898 6
9552 4624 10
9552 5537 13
5537 5770 3
5537 7426 14
5770 3560 22
3560 8742 3
3560 8194 8
8194 1408 2
1408 5358 20
382 9556 22
7835 9624 22
3167 9761 22
9761 7440 22
5994 9823 22
9823 2804 1
2804 403 2
3166 9842 22
7962 9918 22
198 12 23
12 7610 21
7610 8106 20
279 22 23
22 3298 13
266 120 23
120 866 4
866 909 9
8132 163 23
163 272 9
163 2656 14
2656 1824 16
1824 5076 2
1824 6388 8
2656 7670 16
272 6035 18
6388 3514 20
6388 226 21
226 8273 21
356 167 23
167 583 11
583 1637 6
583 6586 11
6586 8256 6
583 974 16
974 3876 1
974 8396 13
824 173 23
3626 281 23
281 291 12
291 4010 4
4010 5812 9
291 310 19
310 5380 15
6693 317 23
1293 433 23
1397 450 23
60 566 23
566 697 5
2507 591 23
591 3828 19
530 634 23
5464 683 23
1670 717 23
308 727 23
6927 764 23
147 952 23
952 2267 3
435 962 23
962 512 16
512 2307 9
2307 1121 5
512 3218 17
3218 3863 13
3218 3737 20
3737 1457 3
1457 1193 3
1457 121 5
1193 1821 5
121 5378 6
5378 7849 7
1821 7136 8
7136 8506 8
7849 1796 10
1796 8833 2
8833 4314 5
4314 5587 17
5378 5692 18
7136 5760 18
5587 5733 19
121 7 21
7 2020 1
7 6391 7
7 4126 13
6391 5154 13
7 5408 13
7 6587 13
6587 7236 3
6587 7590 6
7590 7817 6
7817 4946 4
4946 6288 6
7236 6742 7
7 1003 18
3863 1993 21
8833 1554 22
1554 55 10
55 11 4
11 3 3
55 1148 5
1148 2812 15
55 8090 18
11 5780 19
1148 3681 20
181 988 23
988 7248 3
7351 1019 23
1019 2079 7
1019 6992 14
2686 1076 23
1076 2488 1
1993 1122 23
1122 9360 5
1122 8448 11
8448 8876 18
8448 1976 20
1976 694 5
8876 3570 20
3570 9797 7
3570 2182 9
2182 7689 12
3570 4971 19
4971 723 5
723 3201 8
723 8544 16
8544 3767 1
3767 374 1
8544 8621 8
8544 9745 13
3767 7868 15
9745 1545 21
1122 3438 21
8544 2345 22
506 1130 23
3657 1194 23
7090 1207 23
1207 9183 8
1207 7042 9
344 1315 23
290 1321 23
1321 5284 4
5284 8117 8
7721 1350 23
1350 2089 3
1350 4710 11
4710 4800 8
4800 7578 1
29 1410 23
573 1502 23
4870 1558 23
7371 1559 23
1559 2544 20
2544 7640 8
2544 3060 13
7402 1624 23
1407 1693 23
1693 151 9
151 5995 22
124 1745 23
1745 3063 14
3063 8732 9
8732 2103 5
1745 4809 21
2006 1983 23
1219 1985 23
4656 2067 23
4875 2084 23
2697 2140 23
147 2174 23
2174 7097 4
7097 9072 1
5778 2185 23
2185 6373 7
6373 1987 9
1987 2674 2
1987 7103 2
6373 3247 15
3247 7622 3
3247 924 11
924 935 1
924 7647 7
7647 3839 9
3839 6284 7
924 9691 11
3247 3080 16
2185 4135 16
2185 3242 19
3247 5063 19
2674 3234 21
924 4767 21
3242 7518 21
7518 685 10
685 4993 1
4993 6389 3
7518 7326 17
7326 9106 8
685 1992 19
1992 5345 2
3247 8945 21
8945 7178 9
7178 630 21
630 1177 17
4135 7545 22
2067 2214 23
931 2319 23
2319 1887 6
1887 5835 1
1887 9299 8
9299 6240 8
9299 3310 10
5835 8536 11
9299 5176 14
2319 7895 16
1887 8296 16
9299 6181 17
6181 9754 6
2319 6016 19
6016 4708 4
6016 9949 14
6181 699 23
699 679 11
679 8347 9
699 6566 13
6566 8609 9
6566 9055 9
6566 3278 12
3278 5146 3
8609 4397 17
4397 508 18
5146 1866 19
1866 1084 4
1084 4184 6
1084 5059 17
1084 3708 19
3708 7992 9
7992 6330 6
6330 9606 3
9606 1701 7
6330 7467 15
7467 2681 4
2681 9424 2
9424 3367 10
2681 4745 11
7467 9712 12
3367 5732 14
1701 1575 17
1575 8297 16
1575 8445 16
8445 8481 15
8481 716 11
716 2041 3
716 3596 12
3596 2431 5
8481 4974 15
4974 567 14
4974 7546 14
8445 8667 16
8667 3113 11
3113 8670 9
8670 9049 1
3113 9623 15
9712 1900 19
9623 4910 19
4745 8797 21
679 3742 22
3742 5725 20
9606 8317 22
2631 2446 23
2446 6768 22
7678 2486 23
2486 1930 12
1930 4836 2
1930 6544 2
1951 2498 23
3844 2525 23
2525 582 21
582 989 11
989 6946 11
6946 8938 8
6946 7108 12
6946 4666 21
4666 1681 4
9099 2535 23
2535 5685 10
2146 2582 23
3908 2587 23
1667 2679 23
4802 2770 23
2770 4977 14
1996 2772 23
2772 1903 2
1903 5111 20
5111 5496 6
5496 9749 8
5111 25 10
9749 2385 14
2385 8610 2
25 58 19
2772 687 21
561 2881 23
6726 2899 23
438 2918 23
2918 4331 3
4331 7459 14
2918 5439 18
5439 7740 14
916 2944 23
2944 7784 8
2944 6107 11
6107 7532 3
7532 8397 2
6107 2857 13
2857 3733 7
2857 8796 9
3733 6863 12
6107 6528 13
6528 2501 12
7532 6599 14
2944 7971 15
7971 8446 12
8446 4796 6
3733 4009 17
6107 9114 19
896 2965 23
677 2967 23
2967 7034 6
7413 2991 23
2991 6574 15
6574 9120 1
2991 1949 19
1949 7800 12
1949 2195 19
2195 4812 3
4812 7176 19
7176 2515 10
7176 5854 12
6574 1127 21
1127 1730 15
1730 613 18
613 68 1
6431 3081 23
3081 8455 9
2139 3095 23
3095 2184 8
3095 7591 15
7591 2231 3
2231 3073 12
3073 2509 4
2509 8226 1
8226 6552 9
2509 4545 10
6552 7365 10
2509 6271 18
3073 9425 18
6552 7963 20
3095 5571 22
5571 2387 15
2387 3697 8
3697 460 3
2387 2348 12
460 2597 15
3545 3139 23
3139 7583 13
7583 4681 9
1822 3237 23
4946 3334 23
5649 3529 23
2708 3703 23
7683 3770 23
3770 3458 5
233 3802 23
3802 7155 4
4781 3811 23
3811 7810 9
7889 4062 23
4062 90 18
8340 4148 23
4148 9329 8
377 4156 23
4156 1369 8
6298 4244 23
4244 1013 11
1013 7006 11
7006 1956 16
1411 4465 23
5141 4475 23
1785 4549 23
8662 4572 23
4572 2459 22
2459 7734 3
8504 4576 23
4576 1017 4
1017 1232 4
1017 3830 6
1150 4578 23
1854 4652 23
5698 4879 23
4879 299 3
299 975 1
299 6384 9
4879 8842 21
8842 6034 11
6034 3603 8
3603 7118 1
7118 1829 21
1829 1231 11
1829 7263 17
901 4961 23
3612 4975 23
4975 4947 11
4947 9474 2
9474 3679 11
2182 4999 23
4278 5008 23
5008 3165 9
3165 9438 5
5008 162 11
6535 5130 23
5130 6275 1
5130 1672 4
1672 4529 9
4529 3013 14
3013 9829 4
9829 8828 6
4529 3085 14
3013 5030 14
5030 5661 6
5661 1070 7
5030 7322 11
5661 8630 16
8630 3909 17
3909 1164 7
1164 8097 4
45 5148 23
5148 7880 2
5148 1248 4
5148 7601 7
7880 6280 14
1248 1263 20
1263 2745 10
2745 153 16
3543 5277 23
5277 2130 4
2130 8099 5
5277 8619 6
8619 2418 6
8099 7707 12
8099 1731 13
1731 9507 2
2418 7344 13
3839 5486 23
5486 1768 19
2936 5530 23
4974 5570 23
1996 5706 23
5706 2781 11
1333 5749 23
5749 6371 8
6371 823 19
823 1281 9
823 8879 22
8094 5814 23
3681 5860 23
5860 5289 20
7519 5976 23
5976 1771 18
1771 7058 5
7578 6023 23
6150 6106 23
6106 1300 2
1300 503 9
6106 8679 13
6106 3873 15
503 183 16
503 887 19
6106 4091 21
4091 9983 2
4091 8262 22
2549 6124 23
569 6126 23
6126 745 16
745 6857 18
6857 8943 6
745 6029 21
6029 8115 10
8115 7222 22
7222 5642 15
5642 7212 5
5642 7197 10
5642 9135 11
1447 6262 23
2118 6304 23
6304 2850 17
7590 6324 23
6324 7120 17
292 6337 23
2652 6356 23
6356 1804 10
8273 6590 23
2143 6611 23
6611 9030 11
4807 6695 23
1591 6790 23
6790 695 23
6941 6830 23
6830 7021 19
1903 6849 23
595 7131 23
771 7196 23
7196 9647 5
4598 7211 23
4138 7214 23
6894 7358 23
7358 1718 7
1718 6066 18
6066 9027 10
4558 7367 23
758 7370 23
775 7608 23
592 7628 23
32 7776 23
7776 6774 11
3809 7824 23
7046 7844 23
112 7906 23
7830 8149 23
8149 3656 2
3656 6080 14
6080 8942 4
8942 1939 9
1939 9906 4
9906 6649 3
6649 267 13
9906 5637 20
6080 1103 22
6080 7276 22
6080 2788 23
9424 8190 23
4773 8197 23
1040 8201 23
8011 8393 23
8393 1721 16
1721 4670 18
9607 8524 23
8524 7361 2
8524 3582 14
3582 9773 17
8524 3946 18
8524 7300 21
3582 7510 22
7510 3121 15
3121 6856 8
3121 2599 12
7300 1143 23
8519 8668 23
8668 605 19
605 6923 2
605 1291 5
1291 3049 6
6923 766 10
4148 8677 23
3641 8774 23
8774 3926 22
3926 2602 9
5510 8808 23
3253 8912 23
8912 8161 2
8161 9261 9
8912 2606 14
2606 3498 17
8161 7927 23
7927 9013 4
8555 9046 23
6319 9117 23
9117 4635 7
4635 6779 5
9117 1266 17
5025 9260 23
1931 9291 23
3969 9320 23
9320 2983 7
2983 3407 1
5496 9340 23
3065 9384 23
2103 9492 23
9492 2031 8
9492 7782 9
9492 8220 20
8220 5049 6
1775 9590 23
9590 1928 21
1928 541 2
3819 9600 23
9600 5851 12
9600 7747 23
7747 7623 22
2170 9602 23
573 9659 23
9659 4834 5
9659 7441 20
7441 6724 10
6724 8574 18
8574 9594 3
6327 9729 23
9729 7279 8
7279 3607 4
3607 1256 9
1256 1372 8
1372 4364 5
1372 1929 16
1372 3604 16
3604 2756 9
3604 9992 12
9992 5228 11
1929 9821 18
9992 8244 20
3604 4408 21
4408 6158 1
6158 8821 10
6158 4357 14
1525 9868 23
1243 9875 23
8250 9920 23
7336 9944 23
572 9964 23
3770 9995 23
9995 9216 2
9995 4827 7
4827 7595 5
7595 7908 4
9995 66 15
7908 332 15
7908 2317 19
2317 5491 6
7595 9890 20
9890 7631 9
2317 7833 23
9216 9775 23
9775 2633 13
9775 2600 19
2633 5242 22
1988 169 24
169 1728 7
311 222 24
222 3659 9
3659 3919 3
3919 3605 2
3605 7038 21
205 289 24
4047 300 24
1327 392 24
5885 467 24
4312 580 24
1248 618 24
2724 732 24
2692 804 24
2345 858 24
187 875 24
9454 912 24
912 7238 11
7700 1002 24
7206 1073 24
1073 987 10
3013 1078 24
1078 649 5
649 2087 8
2087 91 20
91 2563 13
2563 7043 1
91 6723 13
6723 221 6
221 7719 5
7719 3455 1
6723 8158 9
8158 9431 2
2563 9345 19
7043 164 20
164 713 16
2087 4306 21
1078 507 23
5600 1105 24
3013 1156 24
1156 6804 22
1156 6953 23
5366 1157 24
153 1223 24
1223 714 23
714 6347 7
714 3004 9
8116 1378 24
1378 7401 1
7401 7500 11
7500 7650 1
9153 1458 24
3722 1537 24
1537 547 2
547 3814 5
3814 7428 7
547 499 10
499 5483 13
17 1589 24
1589 4018 5
1589 1618 21
1618 4447 3
1618 3730 5
1618 2471 12
6770 1652 24
1652 322 1
1652 2819 2
1652 6430 5
2819 5605 6
322 4684 7
322 1039 19
2819 8678 20
1652 6025 22
6025 7985 10
5900 1675 24
1675 1645 5
1645 4868 11
1645 972 15
2934 1741 24
4282 1753 24
1731 1833 24
1833 3518 8
1833 7758 8
3518 6473 12
1833 9155 12
9155 7091 4
1258 1940 24
6704 1997 24
2198 2001 24
2001 5074 21
4502 2167 24
553 2206 24
8163 2250 24
2250 8507 21
8507 3190 1
8384 2273 24
1643 2437 24
2437 4610 9
4610 7421 17
4828 2502 24
1172 2559 24
4563 2593 24
2593 5809 4
2593 3952 22
3952 8274 17
8274 1706 17
3952 4059 19
4059 2809 9
2809 703 8
2809 2465 13
2809 5774 18
2623 2594 24
8796 2660 24
4543 2665 24
2665 6097 8
1652 2696 24
2696 5788 23
9185 2824 24
3448 2949 24
2949 7143 5
296 3028 24
946 3039 24
9791 3346 24
8157 3387 24
432 3401 24
3074 3528 24
3528 4658 13
4658 9365 2
9365 2005 5
2005 2219 6
2219 9402 4
9402 1044 6
2005 4816 9
2005 2900 18
2900 9719 4
2900 2060 12
2060 1762 10
9365 4893 19
4893 1497 5
1762 7792 21
7792 5442 1
7792 4501 7
4501 4813 6
4501 859 21
859 930 14
859 8212 14
8212 4936 20
9365 3375 22
4501 5621 23
5621 6636 2
6636 2111 18
2111 1058 5
5272 3535 24
3535 4439 18
4439 3960 14
5083 3599 24
3599 4115 22
2114 3633 24
3633 2368 12
2368 8408 14
8408 2912 7
2912 3318 5
2912 4424 5
2912 2363 6
2363 2791 8
8408 612 10
612 2151 1
2151 3503 10
2151 2353 17
2445 3785 24
3785 6485 1
6485 7147 7
3658 3786 24
3786 3096 5
3096 2213 18
2213 7805 13
2101 3976 24
7766 4093 24
4093 2333 11
2333 1838 7
2333 8799 21
8670 4195 24
4195 1051 1
1051 770 2
770 729 12
729 2747 9
2747 1353 5
1353 5915 4
4195 4810 13
4810 5735 2
5735 9759 11
5735 2105 13
2105 8293 14
729 3170 17
1051 2340 19
1353 6887 20
6887 983 15
983 7151 14
4458 4319 24
1444 4346 24
2509 4411 24
1393 4588 24
4588 3413 7
4588 4022 11
3413 7663 14
7663 1530 2
7663 3163 13
1530 5407 21
7663 6323 22
3413 6739 23
6739 5847 11
3163 7952 23
6022 4645 24
9655 4904 24
4904 3493 14
4904 7717 16
7717 8271 6
4904 6269 23
6269 3628 1
7938 4919 24
4919 3042 20
3042 1093 5
3042 8692 21
8692 3146 1
8692 8265 1
8692 8441 14
8692 803 15
803 7432 16
3146 4238 21
9485 4938 24
4938 6256 4
6102 5009 24
6288 5041 24
8697 5088 24
5088 2115 24
2115 348 14
2115 1937 20
1937 5856 14
5856 7044 11
8287 5134 24
7216 5203 24
1043 5218 24
7895 5263 24
9715 5440 24
7011 5509 24
5509 6775 16
8369 5539 24
5539 2671 8
2671 6252 10
5539 3376 12
2671 4092 22
7073 5574 24
939 5724 24
95 5752 24
5752 6414 2
1205 5797 24
5797 631 2
631 7907 4
631 254 5
631 5981 23
5981 9019 4
9019 8810 5
5518 5799 24
5799 6889 9
6889 6826 16
6826 8118 17
6569 5824 24
5824 7340 1
4912 5845 24
5845 7002 11
6052 5902 24
5902 9093 11
9093 3606 8
3606 3948 16
3948 9836 14
9836 9822 15
9822 4683 3
9836 9350 18
3606 1732 22
1732 4446 5
4446 6811 20
6811 4527 11
4527 7264 22
7264 4732 18
4732 1754 7
1754 5714 11
4732 48 19
48 2435 14
7264 6623 22
4683 9156 22
9093 3366 23
3366 5933 4
3366 1096 17
661 5999 24
5999 5985 19
4575 6001 24
6001 9665 17
9665 6190 13
221 6119 24
6119 5952 7
6119 182 8
5952 4309 15
4309 2648 1
3691 6121 24
6121 5644 12
5644 4311 6
6121 6352 14
7459 6127 24
1182 6128 24
6128 8137 1
3670 6152 24
9237 6195 24
1109 6234 24
1565 6258 24
7211 6433 24
6433 3328 20
3328 8014 6
8014 9351 9
8305 6434 24
6434 1769 11
1769 5219 20
9114 6550 24
6550 9262 5
2049 6610 24
6540 6761 24
6031 6850 24
5889 6854 24
6854 8410 9
2667 6870 24
8349 6921 24
6921 568 24
568 5721 16
5721 3851 9
3321 6972 24
6972 6571 17
6571 8566 18
3385 6989 24
6989 2127 18
2127 8917 22
5186 7007 24
7007 2196 9
8853 7152 24
7152 610 13
610 8444 19
8444 3034 23
547 7183 24
7183 6135 24
6135 4995 17
4995 1922 22
1922 8275 13
1922 5529 15
5529 1295 11
8275 2588 23
2588 9951 14
2426 7217 24
8496 7362 24
4901 7431 24
4465 7449 24
6825 7470 24
7470 9737 10
2965 7495 24
9150 7772 24
7772 3729 17
6271 7854 24
7854 6213 7
7854 8499 18
8499 5940 23
806 7855 24
7855 6814 7
6814 6027 1
6027 8319 3
8319 4005 10
7855 4407 10
4005 6474 12
6027 9519 17
6027 257 18
257 8451 12
4005 6300 21
6300 2047 23
2047 9014 8
7855 1022 24
1022 7899 3
7899 4172 14
4172 9633 9
4172 7730 11
9633 1349 12
280 7945 24
7945 2707 11
7108 7987 24
2582 8025 24
991 8101 24
3477 8124 24
1927 8172 24
3107 8175 24
8175 8354 20
8354 839 1
839 2647 7
2647 5517 19
2944 8289 24
8289 6691 2
6691 9844 2
9844 2453 20
2453 9220 13
4334 8498 24
8498 7412 11
9686 8516 24
8516 6499 6
8516 8997 10
8516 9687 11
9687 2618 5
2618 3618 10
2618 2931 16
3618 5525 19
7170 8530 24
3599 8565 24
8565 2394 7
2394 8924 4
8565 3383 8
253 8603 24
481 8652 24
7018 8653 24
8956 8741 24
7976 8789 24
7042 8903 24
7464 8911 24
7106 8939 24
8735 8973 24
3518 9217 24
6042 9248 24
9248 9790 6
8452 9309 24
3737 9328 24
8286 9338 24
126 9599 24
9599 7807 15
1862 9654 24
9654 3759 7
3759 8706 2
50 9744 24
9744 5224 8
5827 9764 24
5940 9788 24
5324 9839 24
316 9965 24
9965 4468 12
1416 9982 24
9982 5390 6
779 115 25
115 1310 15
1310 4035 9
3806 249 25
8008 269 25
4525 276 25
453 458 25
458 2569 17
458 8491 18
8491 6094 7
8491 3835 10
3835 5928 9
5928 639 9
5928 4712 10
8491 9551 17
639 1004 24
1004 4786 8
6094 4721 24
4721 5428 3
5428 4794 7
4794 4559 10
4794 4181 14
4559 828 22
828 6904 8
828 495 20
495 778 12
778 8037 5
8037 5047 8
5047 2901 1
4559 6964 22
6964 130 14
130 8060 1
8060 5756 6
8060 1455 12
1455 5790 13
8060 7896 19
6964 416 24
6 533 25
7020 731 25
5777 832 25
832 5173 11
5173 5950 22
5959 908 25
909 955 25
955 4770 16
4770 7920 16
9134 959 25
1541 1188 25
344 1274 25
1274 7258 1
7258 2635 15
6623 1288 25
1288 3204 19
3204 8962 9
8962 5246 16
5246 9914 5
5246 7321 8
3204 1808 17
3204 4797 20
4797 7390 7
7321 574 23
574 5388 17
5388 6013 9
6013 9504 3
5388 6951 9
5388 9288 20
9288 2347 14
2347 6806 14
2347 6116 15
2347 1472 21
1472 3526 1
3526 8891 21
3204 820 23
820 8327 23
9965 1456 25
2445 1520 25
1520 2522 4
8371 1609 25
1609 2905 2
1281 1663 25
1663 9637 6
9637 2077 3
1663 2540 13
2540 9643 15
1663 56 16
56 2505 2
56 6396 15
6396 5753 9
9643 773 21
773 2165 2
129 1888 25
1888 5666 7
5666 464 2
1888 7698 11
7698 1234 5
7698 6050 14
1426 1926 25
1926 3161 15
3161 9921 13
5031 2062 25
2062 282 6
282 468 20
468 4300 13
468 526 20
526 1873 6
526 1322 7
282 1599 23
1599 905 8
905 6378 5
905 3303 7
905 9012 12
2248 2091 25
2091 1980 13
1980 6466 9
6466 5257 17
5257 244 19
6889 2203 25
5965 2344 25
2344 8469 5
2344 5270 8
5270 9051 1
5270 6706 7
6706 2790 9
9051 2666 16
2666 5448 17
9051 6328 19
2790 8918 22
1731 2527 25
1613 2571 25
4315 2705 25
2705 2573 23
284 2897 25
4830 2987 25
2987 9583 7
5263 3005 25
2076 3363 25
3363 9441 20
9441 4878 7
2323 3717 25
3717 2972 3
2972 39 4
39 6494 5
6494 9132 5
6494 4983 14
4983 5374 7
4983 9498 10
2656 3724 25
5402 3758 25
6234 3852 25
317 3922 25
3922 3590 23
4576 3984 25
9010 4007 25
2000 4139 25
3545 4152 25
4147 4157 25
4157 1773 20
206 4192 25
4192 2945 9
5470 4218 25
1152 4276 25
2941 4321 25
2566 4326 25
8417 4356 25
64 4386 25
5845 4388 25
4388 1192 18
4388 9649 24
6544 4398 25
4398 1628 5
1628 6367 7
1628 6773 9
6367 4405 23
4405 9638 3
3775 4469 25
4469 2848 16
4469 9192 24
9192 3975 7
4431 4674 25
4674 6893 3
6893 9753 3
6893 8424 13
8424 5450 1
8424 9253 19
9253 8420 11
9753 7646 22
7646 4697 15
6701 4698 25
9187 4782 25
9923 4905 25
4237 4949 25
9273 5000 25
9611 5070 25
8297 5123 25
9832 5195 25
5195 8171 10
8171 8552 8
5195 8370 22
8370 3358 12
8171 3735 23
7027 5360 25
5360 9241 3
9241 7063 2
5360 1033 8
3506 5367 25
1506 5409 25
5409 4041 10
5409 8159 23
8241 5415 25
5415 4739 18
4739 3542 23
3141 5493 25
4932 5506 25
9906 5511 25
1049 5595 25
6358 5700 25
5700 5250 1
5946 5815 25
7774 5878 25
5878 6988 1
6988 6131 14
6131 9461 22
2815 6040 25
6295 6105 25
1536 6154 25
1065 6178 25
6178 9807 17
1918 6223 25
1484 6260 25
2199 6383 25
629 6439 25
6439 4833 16
4206 6489 25
6489 9245 16
4708 6583 25
7181 6678 25
6678 8542 13
8542 8856 7
8542 3241 14
6678 7074 24
7074 7157 1
7074 9631 10
9631 2776 4
7074 1632 19
1632 5842 3
5445 6694 25
6281 6705 25
6705 8749 4
6705 9491 9
9491 8063 10
9491 3000 20
3000 3035 12
3000 2986 23
4654 6744 25
5533 6816 25
6816 9421 18
9421 4889 21
4889 3059 13
3168 6880 25
9987 7052 25
9246 7092 25
7092 4406 2
382 7144 25
7144 3979 17
3317 7185 25
7185 2407 15
5910 7310 25
6701 7334 25
9519 7345 25
1166 7384 25
8749 7385 25
1900 7395 25
8172 7414 25
7414 5312 9
1668 7444 25
4960 7517 25
7517 5750 15
9752 7524 25
7524 9527 15
9527 5522 14
2325 7682 25
7682 9713 9
5212 7823 25
4794 7861 25
6790 7925 25
2419 7955 25
178 8012 25
5320 8145 25
8145 4232 4
2570 8282 25
8282 9489 6
8282 5651 8
5651 2030 14
8282 5542 15
8643 8308 25
2029 8309 25
8309 5172 12
5172 2336 5
5172 2352 23
4005 8403 25
8534 8551 25
1325 8731 25
8731 434 12
434 9060 5
4681 8750 25
8750 5821 15
5821 8110 18
8110 6789 4
5955 8762 25
9654 8863 25
3709 8873 25
2859 8896 25
4172 8925 25
1729 8967 25
7302 9118 25
9324 9264 25
9264 6429 14
6429 6361 20
6361 1382 14
4410 9266 25
2601 9447 25
176 9475 25
9475 1344 25
1344 1694 2
1344 1819 24
1819 3902 16
8103 9476 25
9063 9487 25
824 9657 25
9012 9667 25
2419 9738 25
5391 9786 25
9786 1766 4
1766 8020 1
1766 7112 4
7112 9000 13
9000 6415 21
8020 6665 21
6665 8657 6
5072 9813 25
6889 9848 25
9829 9892 25
7916 9893 25
9893 7552 4
7552 6207 4
6207 8688 3
9893 9122 14
8688 9370 19
9370 9037 24
2904 111 26
13 139 26
139 2397 23
2397 5302 14
2397 6627 25
117 184 26
4573 195 26
195 2762 24
2762 5012 6
5012 8558 15
2762 5648 25
8726 212 26
212 449 21
9860 234 26
234 3344 1
234 1954 3
1954 3859 10
3344 9584 10
9584 5294 23
3350 242 26
242 409 20
409 8854 11
8854 7257 7
8854 1709 8
6670 265 26
265 1962 5
1962 867 4
867 4580 9
867 8394 12
867 4418 23
4580 2992 24
2992 6595 4
2992 8646 5
8646 8211 13
2992 5487 14
2992 2179 18
2179 8471 19
8471 2952 14
2179 9275 19
2721 318 26
318 1894 5
5017 510 26
510 5937 22
8321 538 26
538 3664 16
3664 5917 16
5917 7493 20
538 3494 25
3494 1585 2
3494 5934 15
3494 2274 25
3494 4898 25
4898 2160 1
4898 2836 23
6790 628 26
628 6435 3
6435 4247 7
628 5118 8
5118 3286 13
2213 878 26
5782 892 26
892 6885 1
892 9390 7
892 1872 12
1872 862 1
862 4902 2
892 4212 12
4212 3440 9
862 104 24
104 94 19
94 148 9
2091 907 26
907 4163 17
1353 1021 26
2978 1184 26
2563 1331 26
1331 114 4
114 5147 8
5147 5913 16
5147 6232 25
7608 1405 26
1405 6370 3
5481 1454 26
1454 2137 3
1454 3879 9
3879 418 18
3879 7019 18
5493 1474 26
8751 1560 26
1560 4068 6
9944 1603 26
1603 4720 3
4720 8322 3
1603 2205 5
4720 8868 6
8868 4689 2
4689 4191 3
8322 3492 9
1603 9466 10
1603 7246 12
7246 9162 13
9162 6302 7
6302 4871 1
8322 9709 13
8322 2542 14
9162 6004 20
1603 4735 21
2205 5545 23
8868 1115 25
1115 2510 5
2510 1646 11
1115 528 18
528 558 2
558 657 2
558 1535 24
9715 1859 26
1859 2885 3
7502 1952 26
3303 2061 26
2061 5888 2
2061 6117 5
6117 6960 16
5888 7630 18
6960 9785 24
4717 2156 26
2156 8959 24
2156 4908 25
6907 2186 26
2186 9379 4
2186 1655 20
9379 571 22
4115 2190 26
4237 2224 26
4147 2271 26
190 2310 26
5915 2438 26
2438 9479 6
9479 6651 5
6651 8583 2
2438 4665 13
9479 4137 14
6651 9277 18
9277 7870 10
2438 794 25
678 2477 26
405 2500 26
2500 8671 7
62 2713 26
2713 3967 20
3967 5279 13
4554 2764 26
148 2849 26
2849 606 8
2849 3250 15
7424 2908 26
6397 2909 26
2909 9957 6
9957 1439 16
4007 2911 26
193 2921 26
2921 9477 1
2921 2620 7
9477 3268 11
8271 2998 26
2998 373 3
373 230 6
373 256 13
256 5350 8
5350 7876 4
373 8048 16
5350 4631 23
2335 3025 26
3025 1020 21
781 3029 26
9585 3054 26
2527 3118 26
3118 835 24
835 570 5
570 2135 26
2135 8926 9
2135 7483 14
7483 6767 11
8926 7648 14
8926 8439 14
7483 2585 21
2135 6648 21
5955 3228 26
3228 8877 1
8877 6882 12
6882 2051 3
8877 1518 18
1518 2985 14
2985 5739 4
2985 9535 16
6882 2444 24
2444 2482 10
2482 2548 18
2482 4378 25
3187 3397 26
3397 4089 6
4089 4604 6
3397 5948 20
3397 2255 21
2255 6508 9
6508 2680 17
2680 3345 4
4604 2726 26
2726 393 17
393 2164 15
393 2123 18
924 3402 26
3402 7088 18
6473 3488 26
6457 3550 26
3550 2159 26
2159 2162 13
5058 3578 26
3578 4583 19
3578 7243 25
7243 5584 13
3783 3639 26
8765 3655 26
3412 3777 26
3777 8843 12
3777 8805 23
8805 895 10
895 4491 24
4491 787 2
9564 3825 26
767 3875 26
2848 3894 26
356 3930 26
3930 3705 6
3930 2538 19
2538 8729 6
8729 7282 5
7282 6338 11
7282 5718 22
5718 7672 18
3160 3982 26
3982 2256 3
2256 7289 6
2256 7349 16
7349 6197 2
6197 5573 11
6197 3642 12
2256 9089 18
2256 1936 19
1936 5468 9
7349 3197 22
3197 7016 9
7016 7935 3
7935 1607 8
1607 4142 12
1607 5681 17
1607 8598 19
8598 7621 7
7621 4853 10
7016 535 23
535 957 21
3982 7857 23
5468 2923 24
2923 3739 14
3982 4664 24
4638 4101 26
5483 4117 26
3034 4165 26
6513 4258 26
5970 4307 26
7340 4323 26
4323 3177 2
3177 1391 11
4323 5512 12
1391 8680 13
3177 1099 17
1099 759 14
759 719 1
759 2053 18
2053 4990 21
4990 5963 8
5963 8237 3
8237 3152 20
3152 2154 9
1099 1511 25
1511 2990 19
2990 6581 4
2990 7393 19
5512 9006 25
92 4584 26
4584 6976 5
6976 2779 19
2779 2858 11
2858 960 10
960 2733 1
2858 513 17
4584 8337 23
9050 4630 26
544 4966 26
15 4972 26
4972 8788 8
8788 8070 3
8788 8232 4
4972 5084 13
8070 7472 13
8070 9557 25
3062 4982 26
2090 4991 26
4991 1359 19
4991 6669 24
6956 5078 26
5078 8564 7
8564 1101 6
8564 2042 20
4014 5097 26
5342 5144 26
5144 4981 11
4981 2038 6
8545 5214 26
8120 5227 26
37 5299 26
4782 5454 26
7730 5474 26
361 5597 26
4238 5731 26
9516 5804 26
6471 5858 26
5919 5960 26
5960 8597 11
1266 6036 26
3302 6285 26
6285 9736 15
9736 7814 3
7814 8304 15
7469 6297 26
8444 6343 26
6343 415 11
415 4484 25
1069 6440 26
3123 6461 26
6461 5300 21
5300 9573 8
9573 1123 16
5381 6506 26
3999 6561 26
5765 6676 26
6676 6444 7
9460 6759 26
5300 6821 26
6821 7203 21
5025 6875 26
6875 6861 5
6861 3410 5
3410 7954 17
7954 2889 12
2889 6449 14
7954 9673 24
9673 6006 18
6006 7040 3
974 6933 26
6933 4256 17
9512 7130 26
2638 7133 26
7133 4171 17
4171 4730 16
728 7193 26
3109 7308 26
4902 7313 26
219 7327 26
2226 7356 26
3073 7374 26
7374 2811 9
729 7387 26
3929 7388 26
7388 725 2
725 4841 24
4841 7249 18
9545 7430 26
5002 7498 26
7498 4516 21
9893 7533 26
5900 7565 26
1461 7569 26
7569 9834 4
7569 798 9
7569 2947 19
7569 3885 20
3885 8923 20
9834 7795 21
7795 6051 10
1851 7679 26
7679 8363 13
6779 7827 26
1535 7829 26
7829 9317 7
4273 7875 26
7875 3621 2
3621 4166 26
3672 8028 26
8028 9565 20
276 8054 26
8054 2536 26
2536 5328 3
5328 7592 1
2536 6787 15
2536 4743 17
2536 2822 25
6914 8076 26
2269 8166 26
9051 8185 26
8185 2037 20
8185 1975 25
1975 7863 2
5290 8325 26
8325 7548 22
7548 6217 2
7548 4205 18
4205 3185 20
6446 8390 26
9673 8443 26
8443 3137 6
470 8563 26
2554 8628 26
8628 6829 16
6829 3467 12
3467 4020 20
8628 9008 23
9979 8710 26
4100 8733 26
9078 8736 26
8736 620 23
620 323 24
323 2982 9
1676 8758 26
7020 8779 26
6672 8887 26
8887 8083 16
157 8910 26
8910 9397 10
8910 1697 17
4227 8936 26
8936 584 8
171 8954 26
8833 8971 26
4019 8975 26
9917 8989 26
1239 9045 26
5983 9077 26
9077 6144 19
6144 4766 5
7643 9115 26
401 9148 26
449 9359 26
9359 7780 15
6 9364 26
2620 9419 26
8166 9520 26
278 9576 26
9576 7924 8
7924 3804 8
29 9622 26
9671 9841 26
3467 9907 26
705 9933 26
27 63 27
3964 135 27
135 2288 8
4873 142 27
3877 170 27
170 6101 25
5260 199 27
199 2169 22
2169 1842 23
4809 324 27
324 5357 20
5357 5861 20
5357 2661 21
7882 340 27
1196 404 27
404 7520 4
7520 8636 12
404 8715 22
8715 3164 6
8715 4125 8
3164 1296 14
1296 3069 6
3069 6813 2
6813 8663 2
6813 211 7
8663 1140 13
1296 8620 18
6813 1057 20
1057 3285 10
1296 6492 21
6492 3991 14
3285 7350 22
7350 8823 15
8663 3515 24
3515 3066 23
1140 3520 25
1246 485 27
485 2852 2
485 9763 21
9763 3092 4
3092 1348 3
3092 3162 5
4752 559 27
559 6948 3
559 849 14
559 4243 22
4243 2641 9
1454 650 27
650 175 8
650 5344 17
650 7303 23
807 756 27
756 9697 13
247 819 27
819 5596 11
819 9506 18
9506 8718 6
9506 1390 9
5596 2996 21
113 933 27
933 1641 5
1641 1009 2
933 8492 20
8492 5347 11
5347 8433 7
8433 4872 8
5347 3989 14
4872 3502 18
3502 3446 19
670 997 27
1748 1010 27
1010 929 2
929 3122 18
3122 4581 3
1029 1141 27
1141 1155 21
1155 1792 12
1155 9580 23
1792 4965 25
1792 6596 25
6596 4642 15
4642 2022 20
2022 5122 3
5122 7003 5
2022 9661 5
9661 9293 1
9293 4013 6
2022 7975 10
7003 6041 17
4642 5679 23
5679 9210 16
4408 1268 27
1839 1279 27
2723 1330 27
1330 8073 16
8073 4673 21
4673 6069 17
5210 1362 27
5827 1424 27
2741 1482 27
1482 6938 3
6938 6690 9
1482 3076 19
3076 5023 11
5023 4006 19
3076 8899 24
333 1488 27
1488 9270 11
9270 2448 9
2448 1852 6
209 1516 27
1516 5909 12
5909 3749 23
6162 1550 27
1550 7223 5
1356 1719 27
1719 5914 19
5914 3746 1
3746 4772 5
4772 9629 8
5914 6480 21
5195 1794 27
1794 9824 3
1794 2252 6
2252 5534 2
5534 487 5
487 6612 1
1794 1297 11
9824 5792 13
487 8460 13
8460 4944 12
5792 2752 19
2752 6488 21
6314 1845 27
2963 1846 27
1846 3559 23
3559 9849 16
5981 1884 27
1884 5957 17
1884 2008 18
1884 9052 24
6649 1896 27
1896 1032 16
1032 1503 13
1503 7280 8
7280 763 26
763 9428 12
763 2141 18
2141 5654 22
5654 6518 24
6518 4678 24
4678 5609 26
5609 3290 1
3290 1477 11
3290 4952 19
1058 1989 27
3711 2004 27
5816 2048 27
7390 2050 27
868 2106 27
2106 614 14
487 2528 27
3785 2591 27
2591 6697 1
2591 4969 15
5330 2778 27
6054 2827 27
2681 3108 27
3108 7107 9
7107 7195 5
7195 8593 26
8593 2543 17
5816 3210 27
1718 3386 27
8116 3389 27
3389 5430 9
5430 5164 15
5164 563 12
563 1756 14
563 755 18
3389 7184 22
7184 1686 8
1686 5826 14
563 4761 23
4761 6997 3
6997 7812 7
3422 3534 27
3534 7768 14
3534 2833 16
2833 4186 1
2581 3620 27
6137 3625 27
1782 3743 27
2356 3832 27
3832 1733 14
1733 6215 15
6215 9257 11
1733 8153 18
6215 6353 23
6353 4900 13
4900 1218 12
1218 1317 10
1317 9934 4
6353 319 15
319 3224 13
6353 5844 15
5844 9632 12
9632 1551 1
6353 7853 16
9632 4780 21
1317 3490 25
9934 7763 26
1218 271 27
7763 2675 27
2674 3900 27
3396 4008 27
4561 4021 27
4021 6186 18
4021 5619 22
6379 4055 27
9474 4313 27
4313 4490 25
1569 4350 27
4350 7202 24
2352 4480 27
4480 6211 11
4480 345 23
6211 4284 23
221 4494 27
7531 4552 27
871 4619 27
9691 4686 27
4686 2722 10
2722 6531 24
6531 3947 7
3947 2371 10
2371 4053 21
6531 1971 22
2648 4716 27
4716 2433 7
553 4774 27
4774 1913 6
1913 3135 11
9372 4779 27
1753 4839 27
4839 6026 16
626 5048 27
1868 5159 27
5159 5362 13
9737 5222 27
4256 5231 27
5231 6142 12
118 5252 27
6105 5278 27
5278 4317 23
450 5316 27
5316 8234 22
9391 5338 27
301 5499 27
3168 5515 27
500 5548 27
5548 9883 22
5548 1916 25
1916 6509 13
6509 4777 13
6509 6957 24
6957 480 7
480 2826 4
480 6983 25
1981 5620 27
5620 2216 8
5620 6412 25
6412 7164 18
7164 7944 5
7944 6114 1
7164 7713 26
7713 4488 18
4488 1319 22
7713 5998 23
5998 2903 2
2903 9816 3
9816 6272 12
5998 2613 19
2613 4562 22
4562 1360 14
8315 5650 27
5650 2634 15
6861 5961 27
4121 6093 27
6093 9948 1
4924 6259 27
1637 6442 27
3639 6447 27
9330 6487 27
8729 6495 27
5630 6523 27
5722 6538 27
6538 5475 13
5475 8865 21
1185 6559 27
2782 6572 27
480 6838 27
5666 6841 27
6841 6167 18
7399 6866 27
2786 7087 27
7087 6673 3
6673 1167 20
1167 805 3
7087 608 23
1846 7093 27
7093 2296 2
6178 7124 27
7124 203 6
7018 7325 27
7325 5329 11
2791 7398 27
4099 7728 27
6859 7871 27
8029 7974 27
7974 4978 21
4978 7354 26
9947 7980 27
1248 8002 27
8002 9855 18
9855 5352 19
226 8252 27
8252 3111 26
3111 1801 12
3986 8320 27
6841 8472 27
5393 8557 27
3134 8588 27
3579 8615 27
8615 2742 11
8615 9126 18
2742 3652 26
3652 2328 14
2328 7696 25
9126 7656 26
7656 9361 8
7656 5901 16
9361 1230 21
4142 8711 27
7243 8946 27
6472 8986 27
8874 9004 27
9004 7921 21
4597 9092 27
3134 9188 27
9188 8128 13
8128 5719 19
5561 9204 27
7111 9221 27
4631 9249 27
2271 9289 27
9289 3011 9
9673 9326 27
4523 9363 27
9363 6061 1
9363 5033 8
9363 8430 10
8430 8341 2
9363 9684 10
5033 2366 18
5033 5694 21
5694 956 25
956 3231 6
320 9373 27
9373 6038 17
5599 9381 27
8802 9392 27
271 9603 27
9603 9919 12
7322 9663 27
9663 9279 5
9279 3524 18
9663 191 21
191 6542 26
8502 9728 27
7388 9962 27
38 132 28
209 174 28
2990 210 28
4471 423 28
423 7494 4
423 7984 4
7494 3690 10
423 8708 24
8708 6555 18
6380 447 28
1076 475 28
475 4892 13
475 8818 19
3445 527 28
527 3988 2
2969 537 28
537 2777 26
6873 607 28
607 658 22
658 1752 24
254 666 28
4689 730 28
8417 829 28
829 1765 8
829 3800 8
3800 4286 3
3800 5331 11
4286 6553 24
4286 5215 25
5873 861 28
2434 948 28
948 357 22
357 2257 6
357 8468 15
8468 9683 25
7810 951 28
9577 1042 28
2856 1052 28
6474 1056 28
1056 8228 26
3667 1064 28
8550 1113 28
1092 1124 28
278 1180 28
3455 1273 28
2455 1294 28
1294 8864 14
1294 2272 26
5640 1433 28
923 1443 28
1443 7943 12
7943 8761 23
8761 7041 2
1443 9543 23
667 1468 28
1468 8520 11
8520 7624 15
2673 1542 28
1542 82 26
245 1592 28
6858 1692 28
1692 1364 17
1364 7422 1
1364 2266 3
7422 2521 7
1560 1795 28
3317 1965 28
1016 2109 28
2916 2253 28
7822 2321 28
2321 2783 27
2783 4877 10
4877 712 9
708 2415 28
1746 2457 28
2457 3663 11
2187 2464 28
2464 6798 5
6797 2481 28
2481 5349 4
362 2564 28
2594 2628 28
1197 2642 28
2210 2690 28
2690 8849 16
8849 1414 26
1414 2054 4
2054 772 1
2054 6322 20
6322 5235 6
5235 4477 23
4477 8007 15
2782 3010 28
3010 6039 20
1291 3150 28
3853 3294 28
3294 1760 25
3294 7054 26
8439 3304 28
3304 6537 13
98 3313 28
5266 3352 28
7934 3359 28
2394 3378 28
6167 3435 28
3435 594 19
2859 3508 28
1670 3557 28
3557 1840 3
1840 5003 16
5003 3052 9
1840 2012 17
2012 1181 22
3557 4074 22
6976 3635 28
3635 6283 26
9132 3956 28
3956 9276 5
6596 3995 28
3687 4154 28
1065 4185 28
4185 5572 24
2154 4252 28
4669 4328 28
3166 4351 28
1157 4391 28
274 4402 28
4402 1035 27
1035 6563 3
2802 4412 28
4412 8312 12
8060 4640 28
7980 4765 28
9883 4840 28
2651 4935 28
4935 4874 14
2344 5022 28
1367 5044 28
2457 5105 28
9809 5157 28
2836 5177 28
2936 5261 28
324 5310 28
5310 8406 21
217 5353 28
2135 5432 28
978 5465 28
1805 5652 28
989 5663 28
5663 4375 8
4375 3230 3
3230 4618 10
3230 1419 12
1419 2882 4
1419 1038 21
1038 2768 12
2931 5738 28
5738 720 6
720 7729 2
5390 5802 28
5343 5837 28
5344 5921 28
9279 5930 28
5930 7409 19
4406 5941 28
5941 4051 1
727 5987 28
5987 9898 14
6875 6086 28
6086 6911 9
6086 2420 19
2420 8411 5
6330 6419 28
9829 6510 28
6256 6598 28
6408 6667 28
6667 7117 5
6979 6823 28
6823 9497 3
9497 5883 1
1493 6864 28
9019 6930 28
6930 4079 19
4079 5831 7
4079 6333 22
7201 7153 28
4696 7228 28
1849 7234 28
6878 7375 28
7375 7635 3
1449 7488 28
8118 7551 28
7551 8587 23
2065 7626 28
9361 7691 28
7691 4050 17
4050 7145 7
4050 3265 23
3265 9630 12
9630 7773 9
3265 8880 27
4113 7762 28
7762 9406 20
8041 7886 28
7886 3678 10
4027 8005 28
8005 2531 16
2850 8052 28
357 8138 28
794 8196 28
8196 4627 12
5940 8242 28
7149 8277 28
7947 8368 28
5080 8372 28
8340 8400 28
8400 337 1
3015 8413 28
8413 9251 7
8266 8490 28
3336 8572 28
8572 3335 6
3358 8581 28
2841 8594 28
8594 9334 7
9334 765 13
765 922 12
5257 8649 28
3534 8852 28
8852 7741 5
7741 1026 27
1026 4540 15
124 8872 28
139 8922 28
8922 3058 2
3058 6769 8
6769 6218 27
6218 3454 26
9326 8931 28
9 8998 28
51 9007 28
9007 7311 22
2549 9157 28
1509 9206 28
6847 9244 28
7518 9283 28
8975 9316 28
5574 9430 28
9153 9465 28
9465 8683 17
6726 9480 28
9347 9544 28
9544 3627 12
3627 550 7
550 213 14
3627 6684 28
6684 4556 3
4556 2926 7
8331 9679 28
449 9746 28
9746 2145 5
9746 6944 10
9746 5107 18
5080 9751 28
1525 9820 28
9820 6801 6
1573 9847 28
66 9928 28
114 252 29
252 6210 23
6210 3105 27
3105 7355 5
7355 5973 25
8178 359 29
898 420 29
1323 456 29
456 2825 9
456 2425 17
2825 5864 20
2825 2622 27
2622 4464 15
7433 511 29
511 2550 11
2550 9378 10
2550 9554 23
2550 2449 24
2550 9541 28
2349 576 29
6948 656 29
7740 750 29
6174 789 29
789 3155 14
513 827 29
3509 857 29
8 870 29
9453 889 29
1749 926 29
926 5449 10
926 2430 13
2430 7076 6
2430 8328 24
2031 950 29
950 7323 14
950 1144 15
1055 1068 29
1068 3157 15
3157 2632 12
716 1081 29
1081 2924 22
2924 5555 21
5555 7378 5
7378 1071 1
7378 8306 11
8306 6895 26
6895 4179 18
4179 7224 8
1311 1091 29
7196 1142 29
1142 8521 12
3977 1215 29
1215 8169 20
8169 5553 18
5553 9190 4
5553 2423 6
8169 6382 21
5553 7675 23
6382 4149 26
8169 4895 26
2314 1251 29
922 1259 29
1259 7435 8
7435 3101 14
3101 7188 3
7188 6805 17
6805 5631 8
5631 4437 20
4437 2839 5
4437 4937 20
4937 7287 11
7287 7394 22
5631 4367 24
4367 3447 11
5143 1490 29
1490 4758 12
95 1500 29
8486 1513 29
8411 1582 29
5120 1617 29
1617 10 13
1617 5239 17
3107 1683 29
1683 445 6
445 8861 2
4615 1815 29
1815 2331 24
2331 5209 21
5209 7491 13
5209 2838 22
2331 8027 26
6156 1836 29
2848 1880 29
8104 1883 29
1883 327 3
1883 8826 20
710 1958 29
5127 2015 29
2295 2212 29
3052 2244 29
6171 2293 29
3243 2297 29
2297 5779 9
2297 2670 22
2670 4599 3
2670 2082 8
2082 9054 18
2034 2552 29
2552 7961 16
6914 2704 29
2454 2716 29
5155 2796 29
3944 2870 29
2870 2595 13
2595 4676 10
4676 9287 18
3612 3196 29
3196 1001 7
1001 2207 9
3196 3021 24
4404 3225 29
2681 3280 29
9116 3330 29
3330 4216 2
6755 3398 29
9869 3425 29
3425 5412 7
3425 6089 8
3425 4039 9
5412 7852 9
4039 5314 15
3425 3273 17
3273 8045 3
7852 7576 22
5263 3465 29
3465 8436 24
8436 5422 2
3383 3497 29
3497 6335 9
7211 3636 29
3584 3738 29
3738 2039 4
2039 2609 27
6759 3763 29
2405 3796 29
2664 3904 29
4781 3954 29
3329 3958 29
6400 4024 29
4024 7606 4
4722 4239 29
905 4263 29
1029 4265 29
4265 4290 5
4290 8629 15
4290 286 16
286 681 17
681 915 17
4265 2172 22
286 7148 27
1020 4299 29
4299 2246 20
4532 4336 29
4336 4451 12
4336 2404 21
1285 4341 29
4341 7291 10
9541 4593 29
4593 4382 9
6090 4609 29
4609 1793 27
9644 4799 29
4799 4891 2
8729 4842 29
4842 7931 23
7931 7710 27
660 4896 29
3448 4997 29
1859 5075 29
5075 4913 29
4913 2655 17
5084 5322 29
5322 7581 5
7581 9312 2
8038 5333 29
5333 6780 11
2675 5394 29
6940 5405 29
1903 5463 29
5270 5673 29
5673 9202 25
4352 5796 29
958 5840 29
2876 5866 29
9764 5969 29
1612 5975 29
8774 6063 29
7588 6133 29
6133 9803 13
6133 9566 17
117 6201 29
6201 9180 14
8808 6221 29
6221 6345 9
4106 6293 29
6293 4153 27
5344 6536 29
6536 7244 8
7244 2370 8
5277 6560 29
6560 8569 15
8569 4903 2
4903 2085 17
1381 6603 29
6603 2755 3
1207 6630 29
1887 6653 29
1989 6658 29
7142 6703 29
6703 8713 1
8713 7756 16
7756 6103 6
8917 6750 29
6750 5763 18
5763 225 24
225 4294 3
225 1343 16
1343 2919 10
1343 1910 14
1910 9626 15
4294 744 21
744 1594 27
4294 4579 29
6358 6782 29
2307 6918 29
2564 7039 29
7039 8425 12
7039 6008 27
6008 4692 13
6008 4522 21
4522 4271 5
4271 919 12
4271 397 18
397 3568 17
4522 4416 24
4416 1654 8
4416 2374 26
3568 9865 26
8157 7363 29
7363 1704 14
2994 7490 29
7490 6245 8
6245 8969 9
7490 8066 22
1945 7664 29
179 7688 29
3060 7905 29
59 7919 29
7245 7926 29
2589 7941 29
5350 8009 29
2979 8133 29
1684 8164 29
4093 8391 29
8391 5205 19
5205 3464 1
5205 7261 29
7502 8488 29
6521 8553 29
5690 8722 29
427 8772 29
1239 9189 29
8421 9226 29
4497 9521 29
9521 5674 19
7595 9613 29
9613 9755 26
8448 9662 29
9662 7599 4
9662 5766 10
7599 497 12
7599 9225 19
497 2161 22
6932 9699 29
4842 9707 29
7569 9708 29
7317 9818 29
3990 9899 29
9899 3388 11
5339 9970 29
54 49 30
49 7611 4
49 263 8
562 156 30
1369 285 30
285 5939 17
59 352 30
352 7476 5
7476 5927 15
2614 371 30
2808 555 30
2103 825 30
825 6198 16
825 8072 21
8072 2820 6
2820 8098 9
8098 8348 23
2820 1200 24
2820 3610 27
3610 2644 12
2644 5538 26
873 1037 30
1037 5417 19
7800 1114 30
112 1138 30
1138 6820 28
6820 4268 5
334 1202 30
1202 9911 3
2979 1257 30
1257 8961 16
1257 5471 21
1257 4923 24
2078 1309 30
1309 8955 23
8955 5593 14
1309 5893 25
5893 1673 21
9852 1346 30
1346 9586 3
2690 1417 30
5253 1481 30
1481 6562 6
1481 1934 9
1414 1555 30
8396 1699 30
9157 1835 30
913 1850 30
743 1885 30
604 2128 30
2128 9570 29
9570 8770 10
3415 2155 30
1364 2261 30
297 2487 30
2487 8144 9
8144 6351 17
2487 2338 19
2338 9233 28
654 2576 30
2576 5745 13
2576 8739 17
2576 6151 19
6151 8086 17
6151 7241 23
2576 4508 25
8086 7879 28
4242 2842 30
2842 20 25
3534 2958 30
2958 1329 13
2958 4455 21
4455 8208 10
6691 2980 30
2980 3576 16
3576 9268 8
9268 3537 18
4184 3094 30
3094 3961 15
3961 5912 20
5912 5264 6
5264 9730 1
5264 5925 22
5925 6955 5
5925 7585 10
7585 4818 10
4818 4389 14
4389 8963 5
8963 4377 11
4389 8982 21
4377 2703 28
2703 5971 10
5971 8655 11
8120 3175 30
3175 7525 3
7525 5066 16
7525 4438 19
6555 3271 30
4351 3324 30
3324 7169 2
3324 7521 10
7169 5201 23
7521 5361 28
5361 7839 1
5361 9074 22
2642 3371 30
1248 3381 30
1636 3468 30
3468 4454 27
4454 2188 28
1141 3684 30
4782 3849 30
6298 3912 30
3912 7295 13
3912 7290 15
4521 4056 30
6008 4339 30
4339 1154 13
1154 5190 12
6580 4450 30
4450 3342 4
126 4611 30
4755 4675 30
161 4822 30
4822 119 6
119 3764 18
3764 1434 13
1434 8414 15
9126 4958 30
6687 4996 30
9038 5028 30
5971 5139 30
6672 5163 30
1338 5194 30
3399 5426 30
5426 3554 2
5426 4608 29
4608 9815 18
9815 3099 8
3099 8576 6
9815 7403 22
7403 6246 20
4416 5456 30
3937 5641 30
5641 1480 9
1480 5658 6
5658 7456 25
6546 5705 30
5705 7299 14
5705 6248 29
6248 7933 18
1034 5712 30
2308 5737 30
5737 8892 2
5737 3548 7
8892 1811 10
1811 4625 8
4625 664 13
4625 6336 17
5737 7285 24
7285 5489 5
5489 1354 5
1354 6869 1
7285 7978 13
3548 7077 28
7077 5720 21
5720 3810 5
8682 5857 30
3279 6110 30
9389 6125 30
6125 2025 27
2025 1221 15
4787 6153 30
6153 6463 13
2982 6289 30
6289 5502 23
6289 8251 25
339 6329 30
5900 6628 30
9092 6700 30
6700 2193 23
4587 6890 30
6890 5693 6
6890 8561 26
5653 6910 30
335 6943 30
6943 4325 4
4995 7008 30
7008 5741 15
5741 4301 14
4301 4332 10
5741 2865 25
2865 982 18
6599 7240 30
2396 7274 30
468 7278 30
2776 7575 30
664 7759 30
9897 7767 30
7767 8434 11
7767 7468 30
7468 7119 28
634 7794 30
5634 7809 30
6184 7869 30
9365 8004 30
1841 8147 30
8147 7359 3
7359 4724 1
8147 7026 19
7026 6149 8
8147 6632 20
8147 8625 22
8147 1015 24
4724 9913 24
4724 4128 26
8147 7572 29
2427 8254 30
7839 8378 30
8378 3357 26
3357 9756 16
9756 9357 5
8017 8515 30
3950 8654 30
6792 8809 30
6599 8845 30
3714 9141 30
9636 9211 30
9211 4507 28
2745 9285 30
9370 9434 30
9434 8489 1
8489 7904 9
4671 9468 30
5468 9481 30
9481 7423 20
7423 3695 12
7423 4941 20
7423 1759 27
9481 9109 30
4797 9804 30
6979 9810 30
9810 6901 25
6901 795 23
6901 5627 23
5627 3812 7
9448 9884 30
1651 9986 30
5290 154 31
154 72 12
79 360 31
360 546 2
360 7237 9
4666 587 31
1775 693 31
693 3571 4
693 5807 9
5807 3153 12
3153 8474 4
8474 8664 8
3571 7333 13
7333 6942 4
693 1448 17
8664 5015 17
1448 5704 21
693 2649 25
5807 7251 26
7333 3119 28
5807 8001 29
5770 877 31
877 949 24
573 968 31
968 8840 5
8840 8600 20
8879 986 31
986 1739 12
986 8478 12
986 701 19
701 2158 11
3077 1085 31
1085 2241 3
2241 8525 8
1085 1784 12
1784 4838 12
8525 934 17
934 1514 9
1085 9396 20
9396 8773 11
934 1371 21
4838 5051 22
8911 1104 31
276 1139 31
1139 6888 5
1139 1960 28
1960 2284 8
2284 1711 7
2094 1209 31
5593 1262 31
1262 9563 27
9563 9374 8
9563 2473 28
2473 2801 3
2473 7697 19
2473 8088 28
2801 738 29
9440 1277 31
1277 1260 28
1260 9165 30
251 1290 31
1290 718 2
1290 9123 3
718 1117 20
1117 8198 7
9123 1957 25
1117 268 27
268 4472 9
268 2424 29
1998 1355 31
8058 1572 31
749 1734 31
3490 1813 31
4505 1820 31
1820 3949 6
3949 7928 8
7928 7677 12
1820 5079 16
7677 1190 20
1190 6143 11
1190 8160 19
8160 5498 3
5498 3897 7
5079 2805 25
9539 2043 31
2043 6725 7
6725 2192 9
2192 2010 9
7103 2180 31
8451 2334 31
5018 2532 31
2532 8167 27
4895 2710 31
3900 2738 31
2189 2948 31
8627 2957 31
2957 3780 9
3780 8247 26
8247 9408 9
9408 3209 1
3535 3030 31
3030 9186 16
9186 4401 18
7105 3183 31
2375 3270 31
2032 3480 31
3442 3955 31
3955 557 30
8282 4067 31
4870 4176 31
4176 9740 14
9740 8482 16
8482 5207 12
5207 5444 17
8482 6578 17
5444 5808 20
5808 3277 19
3277 5781 12
8371 4211 31
4211 8219 18
8219 7537 4
8219 6049 12
3745 4224 31
8615 4249 31
9183 4280 31
137 4337 31
366 4349 31
4349 1318 11
1318 5576 2
5576 6533 21
5576 2144 25
6304 4486 31
1701 4614 31
4196 4695 31
4695 5213 28
5831 4754 31
8509 4775 31
5930 4857 31
6480 4922 31
5548 5029 31
5029 4967 6
4967 5042 1
4215 5094 31
6599 5145 31
3305 5256 31
5256 5036 28
5036 5179 28
5179 6602 18
6602 5050 6
5179 1328 28
5050 8061 28
2742 5303 31
9346 5436 31
5436 4876 2
4876 5258 22
4972 5566 31
8807 5657 31
4619 5730 31
5730 4778 9
4778 1005 24
5599 5742 31
321 5903 31
7905 5988 31
9206 6024 31
7425 6055 31
1077 6087 31
6087 4119 3
6087 8068 25
7939 6095 31
6095 4026 15
2540 6157 31
6157 7419 13
3128 6180 31
6371 6194 31
6194 1345 11
6105 6214 31
3777 6622 31
6622 4272 2
4272 2497 9
6622 7714 17
4272 9344 18
9771 6757 31
4289 6902 31
6142 6984 31
1486 7047 31
5185 7061 31
1721 7128 31
1520 7174 31
6051 7213 31
7213 2354 2
7213 9881 19
9881 7341 10
2593 7230 31
7230 9478 4
7230 9705 10
9478 5291 26
7852 7512 31
386 7522 31
8137 7538 31
5221 7568 31
9845 7651 31
7651 5129 5
7567 7755 31
8330 7769 31
5134 7785 31
576 8078 31
9471 8200 31
8200 3561 11
8200 4636 16
3561 8269 16
5084 8298 31
6875 8464 31
2582 8465 31
1689 8547 31
3831 8605 31
5188 8658 31
8658 9560 8
9560 2555 11
2555 1340 4
1340 9343 4
9560 1478 20
1478 1401 12
2555 9349 21
9349 5156 7
5156 3563 2
5156 9646 2
2091 8812 31
8812 5793 14
5793 8218 2
5793 6800 7
136 8886 31
135 9104 31
9104 549 10
9104 8966 20
9075 9166 31
2479 9182 31
9182 8827 20
7192 9282 31
9282 7918 6
9282 4478 25
741 9321 31
7895 9467 31
1218 9537 31
9537 1287 1
9172 9731 31
9731 28 13
3445 9782 31
135 9827 31
8465 9994 31
9994 2327 5
2327 1777 29
1777 9710 20
9710 8484 31
7562 89 32
213 143 32
2697 200 32
200 1171 27
8704 493 32
1390 589 32
589 9456 25
765 635 32
635 3027 15
635 454 24
454 6803 13
635 4182 29
2644 641 32
641 7801 9
7801 3470 10
641 751 19
3470 3195 19
3195 8571 13
4151 809 32
349 818 32
818 4694 6
818 8511 6
818 6913 10
7905 836 32
836 7297 22
2956 844 32
844 7418 6
7390 848 32
9019 937 32
5369 981 32
981 5684 12
981 1521 23
981 1633 24
3830 1206 32
1206 4347 31
1723 1567 32
3105 1823 32
309 1938 32
808 1941 32
3562 2052 32
4567 2277 32
326 2287 32
7907 2372 32
3335 2526 32
9450 2668 32
2668 2902 28
4686 2729 32
4350 2913 32
9397 3023 32
5925 3091 32
3091 7799 30
2509 3248 32
3248 6160 6
3248 4084 10
4084 652 25
4084 4040 29
5755 3262 32
3825 3569 32
3569 7511 11
3569 1229 23
1735 3640 32
2464 3736 32
7538 3860 32
3860 3090 25
3090 7940 13
7948 3886 32
6939 3906 32
4046 4004 32
4004 4526 17
1223 4042 32
9649 4302 32
5873 4361 32
8410 4453 32
119 4456 32
4456 7779 30
1622 4461 32
3142 4600 32
3969 4806 32
7346 4814 32
4814 2942 19
4814 7272 28
2887 5007 32
5385 5037 32
4810 5125 32
4420 5158 32
9678 5226 32
5226 8082 8
2645 5233 32
4579 5285 32
5285 6641 12
4319 5295 32
1021 5307 32
3318 5535 32
5535 7348 24
2505 5610 32
9137 5767 32
267 5875 32
2250 6033 32
6033 3872 17
7126 6318 32
6318 552 22
4872 6409 32
9007 6422 32
6422 9048 28
4293 6465 32
7770 6481 32
503 6568 32
2146 6647 32
5390 6685 32
6923 6696 32
6696 6365 20
132 6788 32
5487 6810 32
7211 6852 32
4313 7001 32
2419 7030 32
4746 7066 32
8642 7098 32
7098 8259 3
8259 123 6
2850 7168 32
2353 7288 32
5083 7307 32
7145 7392 32
1364 7544 32
7538 7550 32
6186 7553 32
6035 7686 32
1982 7942 32
7530 8032 32
9975 8107 32
2908 8192 32
8826 8431 32
1862 8437 32
1956 8631 32
8213 8724 32
8724 5313 22
3436 8757 32
8757 5505 31
1347 8941 32
8941 4688 29
4688 6922 13
6922 4481 4
4481 6832 14
4860 8949 32
8949 1422 30
8657 8960 32
8960 860 18
860 9167 17
9081 9084 32
134 9111 32
2530 9223 32
9223 3789 16
3241 9305 32
9869 9339 32
9633 9435 32
530 9436 32
5288 9550 32
3440 9574 32
9574 4927 28
175 9851 32
245 9909 32
8132 9946 32
13 21 33
21 380 23
380 6296 8
380 451 18
21 6458 32
218 379 33
1235 391 33
391 6238 22
576 422 33
674 465 33
9470 477 33
7664 633 33
633 3430 2
633 315 8
9984 1195 33
1044 1220 33
4065 1304 33
2648 1365 33
1365 6277 12
1365 9854 14
919 1376 33
1376 8427 4
812 1427 33
3386 1529 33
1529 2763 30
2763 4274 21
4274 471 5
4274 792 9
4274 6635 18
3306 1635 33
2864 1661 33
1661 8957 16
2882 1716 33
1716 2917 19
2933 1919 33
4900 1920 33
1249 1966 33
9680 2070 33
4818 2093 33
5954 2142 33
424 2332 33
2332 2727 10
2727 5898 13
5898 6334 3
6334 6047 1
5898 9966 10
6047 6764 19
6764 1420 19
6764 2360 21
2360 9524 24
2727 903 25
1420 3244 26
903 2290 27
9524 3469 27
3548 2362 33
2362 355 29
8812 2421 33
2421 3086 25
3086 4069 28
4069 2784 20
750 2478 33
3749 2568 33
7617 2767 33
2767 4537 16
4537 7260 32
7260 5011 19
5011 7900 9
5011 4403 12
4403 3426 25
3426 4432 6
7999 2989 33
2989 4452 19
4452 4199 21
6119 3046 33
2459 3057 33
158 3267 33
1347 3343 33
3343 3983 10
3983 1241 27
1804 3471 33
3471 3615 31
3615 347 18
347 4643 30
5444 3500 33
9563 3573 33
5858 3629 33
3629 3965 24
420 3676 33
2771 3787 33
7928 3798 33
3823 3923 33
8159 4029 33
6421 4073 33
4073 3349 23
1075 4081 33
1681 4162 33
6461 4277 33
4277 1578 22
8029 4590 33
4303 4655 33
4655 9090 31
9090 9555 1
9090 3045 9
5408 4693 33
5039 4726 33
5228 4988 33
9321 5060 33
5060 8447 7
8447 8221 25
8221 7732 19
5060 7099 31
3414 5073 33
5073 7186 7
7511 5138 33
2142 5208 33
5208 9494 23
5948 5354 33
5354 2416 5
5354 1914 19
6303 5382 33
5382 1265 29
8678 5424 33
5421 5867 33
4966 5872 33
5872 7305 2
1672 5977 33
4895 6000 33
8571 6261 33
6261 7968 6
6261 3214 9
3214 2504 22
3096 6339 33
3891 6452 33
3249 6512 33
4289 6752 33
6752 8756 15
6196 6794 33
6794 2358 12
6794 3883 27
4418 6867 33
7467 6868 33
4445 6962 33
1632 7062 33
7550 7082 33
7082 8301 17
7082 9762 32
2122 7083 33
7083 5109 6
5109 3307 26
3307 8746 1
8746 376 5
8746 3191 5
7083 7765 32
5008 7095 33
6443 7208 33
7208 6202 21
5538 7312 33
8232 7335 33
7335 3169 1
1474 7439 33
7439 2009 33
2009 2687 4
4118 7503 33
7503 494 10
9684 7593 33
7593 2466 21
2466 1664 6
9380 7704 33
3766 7862 33
4640 7881 33
4932 7957 33
7844 8010 33
8010 5775 26
8010 9787 26
5740 8044 33
1170 8258 33
3842 8313 33
676 8358 33
2018 8389 33
3332 8483 33
8483 9953 12
1768 8573 33
3195 8591 33
8111 8674 33
541 8748 33
2226 8811 33
8811 7194 16
2185 8900 33
972 9069 33
2921 9163 33
422 9171 33
9171 7826 6
7826 9558 11
9558 890 2
9558 6919 24
9558 3212 25
3212 2878 25
2878 8108 22
8108 4369 10
8108 2276 15
2276 786 20
9171 3301 25
3301 204 27
6864 9239 33
5429 9295 33
971 9369 33
986 9371 33
9371 6970 33
8916 9383 33
7120 9472 33
1764 9578 33
4814 9597 33
5149 9776 33
2847 9968 33
9968 9420 32
1866 152 34
152 4644 17
535 207 34
207 5182 17
5182 1339 26
6035 220 34
106 275 34
4319 383 34
7751 525 34
3086 675 34
675 6226 1
675 86 24
274 782 34
782 1173 31
1173 7993 7
1173 2016 14
2016 5716 7
2016 2439 27
782 3140 31
3140 9303 32
9303 7625 1
1940 993 34
1289 1125 34
1125 9660 29
1125 9108 30
9108 8755 22
8755 1261 13
1261 4659 11
3551 1183 34
1183 1054 13
1054 9725 11
1183 5337 13
4905 1203 34
1203 9864 15
9864 8461 8
9864 8395 14
1244 1316 34
242 1476 34
1476 9500 24
3782 1501 34
1501 2653 14
4525 1596 34
1596 314 5
156 1678 34
1678 6853 19
1678 4342 25
655 1776 34
1776 5624 8
1776 1094 9
1094 581 2
1094 5142 5
581 4141 8
5142 6491 10
6491 8255 19
1776 2378 20
5101 1848 34
1214 2108 34
3366 2134 34
635 2166 34
2166 7986 20
7986 7064 25
2127 2292 34
2292 3171 5
2292 5461 30
5461 7068 25
1040 2492 34
2492 5552 16
2492 9079 31
4815 2519 34
4096 2625 34
1319 2657 34
2657 6991 23
774 2719 34
1779 2792 34
5201 2800 34
2800 4888 14
8845 2939 34
6481 3048 34
9432 3417 34
6479 3441 34
6425 3461 34
3461 4951 6
4951 2626 27
2626 7070 2
4170 3486 34
3486 9025 1
3894 3501 34
3501 3051 23
4215 3538 34
2325 3609 34
1970 3683 34
4959 3881 34
1007 3933 34
7224 4054 34
4054 6990 29
6990 9664 33
4627 4063 34
4063 7380 23
1967 4088 34
5116 4134 34
6374 4275 34
942 4340 34
1892 4353 34
4353 9903 27
1919 4504 34
1112 5085 34
2622 5274 34
6847 5373 34
3795 5551 34
7193 5557 34
5312 5660 34
415 5848 34
5848 7902 30
9983 5929 34
5929 8703 18
1852 5962 34
2137 6111 34
4590 6493 34
127 6644 34
5207 6657 34
982 6680 34
7863 7036 34
7036 7485 12
3261 7048 34
8557 7050 34
7102 7304 34
69 7514 34
3438 7620 34
7620 5238 19
538 7693 34
9450 8125 34
614 8127 34
190 8142 34
4440 8270 34
1402 8329 34
9984 8383 34
1944 8456 34
8456 6228 12
5378 8570 34
6696 8699 34
7717 8700 34
5528 8728 34
8728 5167 19
849 8928 34
1333 8932 34
8032 8991 34
5740 8993 34
2186 9032 34
9032 9902 28
1436 9181 34
9181 8375 7
9181 9562 25
3204 9227 34
9227 4359 29
6964 9256 34
534 9272 34
1629 9301 34
9301 2861 26
2747 9496 34
8038 9656 34
6940 9800 34
9800 6021 11
6021 5132 17
9800 1999 30
1999 1116 10
1999 1236 11
1116 5547 22
5547 2475 34
6040 9896 34
4119 390 35
4286 412 35
412 821 1
3088 897 35
1398 1399 35
1399 516 17
7337 1465 35
1465 3431 11
5903 1470 35
1470 6230 13
461 1598 35
1598 6643 10
6643 1812 9
1812 5459 21
593 1715 35
1790 1763 35
3315 1807 35
3063 1863 35
106 2133 35
4116 2401 35
1808 2417 35
179 2558 35
1317 2743 35
2743 684 28
2390 2749 35
6468 2860 35
2860 4360 7
2860 8288 14
7783 2874 35
2874 459 7
459 8131 1
459 8691 21
8691 616 8
1862 2875 35
39 2984 35
2984 3320 12
3320 2575 20
2575 2066 13
1941 3018 35
3018 3847 22
135 3036 35
7866 3098 35
3098 88 35
88 9112 13
9112 7757 32
9365 3104 35
7019 3208 35
2016 3339 35
3339 7746 32
1854 3668 35
3559 3974 35
8750 3994 35
5740 4194 35
2507 4226 35
3406 4235 35
4235 8113 8
8113 3595 16
8113 9677 23
9746 4261 35
3738 4493 35
4493 9840 13
4493 4962 14
762 4511 35
4273 4548 35
4548 3760 19
1621 4632 35
3870 4651 35
4137 4742 35
4742 3216 13
3216 1495 5
5952 4843 35
949 5090 35
1574 5093 35
3912 5162 35
7399 5435 35
3696 5490 35
1683 5495 35
4797 5497 35
6000 5577 35
5734 5589 35
9217 5647 35
5647 4769 20
2023 5709 35
795 5729 35
5729 2829 19
2829 4104 27
3408 5823 35
697 5966 35
5966 2765 3
623 6003 35
6201 6168 35
8555 6183 35
6183 4911 11
6183 3564 19
7385 6376 35
3467 6584 35
7337 6996 35
2989 7100 35
7100 8589 29
4193 7159 35
9050 7163 35
7441 7231 35
7231 8205 20
8205 3103 13
8205 6270 20
8205 5010 25
5010 9653 13
5010 2346 18
2346 8119 1
8119 4108 35
513 7417 35
64 7451 35
7451 8624 24
2843 7674 35
759 7695 35
3561 7789 35
6987 7874 35
7874 2579 8
8300 7949 35
696 8016 35
8016 6679 14
6679 5335 27
8002 8050 35
8050 264 6
8050 3585 14
303 8055 35
8055 8549 33
8549 8831 10
1420 8122 35
3497 8188 35
8188 3199 17
677 8207 35
2835 8216 35
3715 8223 35
4639 8263 35
8263 7867 2
2838 8385 35
3641 8422 35
8422 8944 14
5837 8529 35
498 8707 35
4839 8790 35
8790 7837 8
9488 8829 35
8586 8839 35
4564 8851 35
3847 8965 35
8965 3453 6
3453 2775 4
8965 5027 34
6612 8981 35
5929 9235 35
9235 3275 29
3862 9265 35
9092 9331 35
8331 9332 35
9332 5997 20
2043 9455 35
3548 9547 35
4729 9591 35
3104 9608 35
9608 4798 27
5461 9743 35
4717 9812 35
6132 9862 35
2128 9956 35
3585 378 36
378 4753 25
4753 7788 3
1370 389 36
240 489 36
489 4553 3
3487 879 36
879 8199 23
8199 5061 3
5061 4190 13
4190 2997 20
2997 3794 19
7029 1108 36
1108 2619 7
7009 1163 36
1167 1178 36
1178 7587 13
225 1252 36
1252 5656 12
1085 1366 36
2015 1464 36
1184 1799 36
7704 2056 36
667 2059 36
2059 1619 5
2059 8278 9
8278 2810 4
2810 883 22
3684 2099 36
4212 2129 36
2111 2147 36
2147 2303 28
1919 2175 36
4492 2178 36
6925 2278 36
1515 2306 36
2306 5282 23
2306 5081 33
3461 2551 36
653 2611 36
624 2754 36
1715 2760 36
1529 2867 36
7695 3158 36
3281 3505 36
3505 6348 21
327 3567 36
3567 5071 1
5072 3649 36
6953 3797 36
3756 3938 36
3726 4011 36
4011 7541 35
3055 4103 36
4591 4248 36
4248 4520 1
6946 4320 36
4320 1614 32
1246 4393 36
4393 6978 13
6978 6299 27
6299 4637 9
7246 4596 36
8408 4795 36
473 4994 36
4994 7138 12
7138 4158 19
4158 9366 18
5666 5271 36
1436 5275 36
5140 5581 36
30 5828 36
5828 8121 6
5102 5926 36
1639 6220 36
1482 6369 36
5544 6393 36
1110 6398 36
3674 6445 36
6445 4992 23
1810 6515 36
5224 6516 36
2907 6609 36
4257 6664 36
6664 7598 5
9725 6689 36
8956 6713 36
6713 5229 28
5229 1666 20
587 6714 36
8324 6931 36
8324 7023 36
7269 7113 36
558 7116 36
1043 7125 36
7125 8006 14
1389 7218 36
1839 7266 36
6933 7473 36
3621 7603 36
728 7828 36
6323 7892 36
3285 7958 36
5597 8179 36
3285 8435 36
8435 6564 3
8435 1098 6
1098 4890 1
2387 8508 36
8508 6274 21
2845 8540 36
8540 4177 11
2430 8834 36
5225 8933 36
307 8947 36
8947 7357 10
2535 9517 36
8761 9674 36
923 9772 36
2124 9925 36
9925 8112 6
4696 9943 36
2102 9978 36
9978 9354 33
7288 9993 36
8410 23 37
2056 248 37
248 1437 32
61 343 37
343 4687 32
4179 436 37
308 578 37
4262 598 37
6704 715 37
656 780 37
6917 1568 37
2244 1605 37
5435 1657 37
2635 1737 37
9686 1832 37
5589 1890 37
4053 2028 37
2028 8285 21
1034 2088 37
1569 2095 37
8934 2369 37
2369 5043 1
5043 4613 26
5043 2491 37
2491 5633 24
7734 2512 37
2512 2608 21
2608 1394 3
2608 4124 30
4124 9817 18
6720 2732 37
707 2894 37
2894 3263 35
1800 2999 37
3651 3032 37
1857 3078 37
3078 1532 1
3078 7404 32
4421 3314 37
1868 3355 37
150 3588 37
8695 3592 37
1347 3601 37
3601 2962 5
2962 7055 20
2729 3713 37
7314 3840 37
155 3871 37
3871 1027 6
1027 3817 17
3817 5500 29
4024 3942 37
581 4354 37
69 5114 37
9907 5420 37
878 5501 37
8961 5612 37
518 5723 37
2067 5996 37
1517 6058 37
3443 6081 37
5526 6212 37
6212 5311 37
8948 6477 37
8076 6525 37
6525 2392 16
5222 6807 37
3116 6981 37
6981 8801 12
6153 7053 37
7053 9232 34
9232 3953 4
5202 7410 37
6627 7501 37
4458 7556 37
8192 7703 37
7986 8376 37
5657 8432 37
8432 9581 11
8432 9100 13
2007 8562 37
8562 8970 11
8879 8698 37
8698 2389 24
9850 8838 37
9217 8913 37
8913 4621 2
4621 9318 35
1127 9327 37
7401 9382 37
8106 9569 37
9569 7653 18
7653 9426 23
7653 8418 35
8418 2221 2
7653 7607 36
7607 6392 10
6687 9735 37
4189 9766 37
9944 9794 37
9794 6310 1
5170 9853 37
2962 9929 37
9189 9935 37
411 145 38
4153 521 38
678 611 38
1100 902 38
902 6209 6
6209 2964 14
902 3799 16
1442 1332 38
1632 1523 38
1523 4603 30
4603 9571 11
743 1947 38
2367 2436 38
2436 1772 12
1772 7139 1
1772 2432 36
3064 2737 38
981 2828 38
1938 2877 38
2820 3176 38
9890 3276 38
6444 3510 38
8649 3921 38
3921 3890 31
3921 9700 35
9700 5918 10
5918 6837 22
6639 4245 38
4245 2970 30
2970 1552 25
1552 739 2
2970 9459 33
7241 4355 38
4355 3993 18
5686 4376 38
3227 4428 38
2179 4467 38
901 4489 38
4489 4741 7
8225 4555 38
4555 5077 4
4555 2508 7
4555 6642 30
6642 4514 30
4514 9811 12
6642 8893 32
9725 4605 38
4605 2565 3
2565 2693 24
5969 4709 38
2239 4784 38
4807 4829 38
964 5206 38
5424 5944 38
1927 6060 38
8117 6064 38
6064 1062 1
1062 8568 12
8568 3151 19
1062 5414 35
6064 2976 37
6119 6100 38
2239 6155 38
8581 6219 38
7101 6237 38
6065 6451 38
5166 6467 38
7904 6505 38
5885 6545 38
5888 6743 38
5599 6795 38
6373 6809 38
363 6968 38
726 6986 38
3569 6998 38
785 7056 38
758 7221 38
4300 7252 38
690 7528 38
139 7692 38
6693 7969 38
7969 7505 16
7636 8026 38
2915 8096 38
3402 8302 38
8302 7970 21
7565 8346 38
8346 2300 3
5766 8386 38
3371 8462 38
4826 8537 38
5561 8645 38
4639 8721 38
4644 8784 38
8784 6426 2
4797 8787 38
8787 7177 13
8787 6674 27
4827 8878 38
293 8990 38
644 9082 38
9082 5265 18
6865 9174 38
5432 9250 38
9250 514 17
5328 9407 38
4635 9451 38
8624 9499 38
7133 9508 38
1302 9672 38
9672 9509 5
9672 6709 6
9509 9681 6
9921 9814 38
4711 9894 38
7544 9989 38
9989 5174 35
561 329 39
1978 331 39
331 2514 10
2514 5942 26
373 711 39
993 769 39
769 7922 25
7922 4569 24
4569 168 14
7992 852 39
852 6732 31
8462 910 39
910 9306 2
910 1158 11
1158 6903 12
248 947 39
947 7748 6
7748 4677 10
4677 9568 20
9568 2617 32
340 995 39
995 3473 10
784 1132 39
9231 1548 39
711 1556 39
1556 734 22
6155 1809 39
1587 1891 39
198 1935 39
1935 36 17
5127 2055 39
1509 2402 39
2402 6470 27
6470 9525 22
5466 2406 39
8017 2408 39
2408 1538 25
3571 2546 39
2546 6517 26
6517 8651 29
4775 2677 39
2677 1943 38
7687 2896 39
2896 3865 18
1520 3083 39
8991 3205 39
3205 2069 13
3205 663 30
663 5243 38
419 3365 39
1765 3393 39
2767 3481 39
8647 3665 39
2942 3747 39
3747 3776 25
7717 3792 39
8948 3816 39
4416 3941 39
566 3996 39
2979 4028 39
4028 3913 6
2213 4322 39
7653 4370 39
4370 261 10
6870 4383 39
2644 4479 39
3908 4485 39
4066 4495 39
5486 4539 39
4539 3264 4
6114 4986 39
9871 4987 39
9007 5169 39
3725 5197 39
3814 5269 39
2823 5372 39
8665 5754 39
1222 6108 39
3292 6182 39
6934 6208 39
149 6306 39
7858 6325 39
1763 6357 39
6357 4392 4
2675 6715 39
810 7504 39
2004 7515 39
1479 7641 39
7641 6975 27
4252 7673 39
6674 8035 39
8035 7937 3
1631 8095 39
3835 8195 39
9565 8686 39
5266 8767 39
449 8769 39
658 8791 39
9726 8798 39
4457 8999 39
8489 9023 39
6154 9034 39
3246 9071 39
8521 9159 39
2627 9230 39
9230 3193 14
3193 2377 26
2377 9068 3
5316 9422 39
9422 3959 14
5801 9826 39
9025 9997 39
5444 110 40
6042 425 40
425 1788 9
34 536 40
7580 938 40
938 882 8
1675 1126 40
769 1153 40
1153 9867 31
9867 7477 13
7477 2685 17
9867 6002 28
1460 1373 40
7485 1606 40
7634 1875 40
1875 2873 37
3031 2443 40
2443 9400 19
2443 3016 20
9400 4757 23
4757 9998 11
1669 2490 40
2490 3646 17
4839 2506 40
1327 2773 40
2773 2072 24
2072 6222 6
1340 2817 40
2681 3044 40
9211 3124 40
1050 3233 40
3233 4210 4
3233 9990 23
4446 3418 40
3234 3420 40
2213 3460 40
2280 3476 40
47 3516 40
2714 3698 40
3675 4044 40
3400 4330 40
4330 4926 15
4330 2312 17
2312 2365 5
2365 1526 14
4428 4395 40
4395 6459 26
6174 4476 40
4476 2341 27
3592 4791 40
3102 4863 40
80 5014 40
30 5184 40
7262 5418 40
5418 7981 32
7981 1282 7
6795 5467 40
4300 6224 40
6224 3257 2
1473 6268 40
6268 1717 11
6268 4518 15
9673 6331 40
6331 7035 6
7780 6349 40
2874 6402 40
3438 6519 40
6312 6710 40
3069 7158 40
7394 7338 40
8349 7353 40
270 7447 40
7447 5578 19
5578 1917 7
1917 9224 31
7447 7259 35
7259 7219 28
3627 7460 40
4296 7619 40
2219 7722 40
9067 7811 40
7589 8522 40
6748 8527 40
3248 8632 40
6339 9145 40
9145 6118 21
6118 4064 21
9145 2592 34
2478 9218 40
2504 9532 40
8592 9628 40
9628 3547 9
4030 9723 40
9723 2027 31
2027 1031 37
9112 9781 40
4707 9863 40
9863 5472 19
453 258 41
6183 395 41
395 6177 35
7932 402 41
1510 466 41
466 9410 35
879 484 41
3850 671 41
9874 737 41
737 3449 39
7919 865 41
9792 1522 41
299 1577 41
8375 1590 41
1575 1700 41
5687 1703 41
6108 1705 41
1705 7771 22
7771 1271 12
7131 1740 41
3958 2068 41
4015 2215 41
6362 2351 41
9557 2483 41
1929 2511 41
444 2533 41
106 2814 41
2814 4414 24
568 2840 41
1991 2844 41
2061 2932 41
6746 3002 41
5284 3144 41
9012 3291 41
2193 3457 41
1532 3801 41
3186 3843 41
1406 3866 41
3277 4233 41
4233 7888 21
6524 4470 41
324 4536 41
7807 4557 41
4897 4736 41
6322 4852 41
3679 4979 41
1890 5168 41
5291 5249 41
1579 5410 41
383 5891 41
9069 5923 41
3016 5953 41
81 6161 41
816 6166 41
6166 2259 6
2921 6317 41
4462 6403 41
5907 6973 41
2594 7154 41
7154 3771 39
6400 7220 41
457 7229 41
273 7438 41
6689 7555 41
7869 7616 41
2204 7649 41
7649 5611 1
1724 7893 41
7893 6432 4
6426 8170 41
1405 8352 41
3608 8596 41
8596 7912 3
9683 8648 41
8636 8776 41
7130 8841 41
8841 893 35
1067 9255 41
7514 9310 41
4 5 42
7266 564 42
403 599 42
9046 702 42
93 904 42
2836 1425 42
1425 2610 33
6236 1527 42
8901 1679 42
1679 6404 24
793 1861 42
1329 1955 42
1955 8835 25
8835 8033 34
1033 2119 42
1746 2299 42
2299 7951 30
7951 8316 36
8316 6453 32
6453 5001 38
5001 7437 1
9012 2744 42
4392 2890 42
2890 6316 16
6316 6062 21
6062 4203 14
4203 2798 8
5165 2940 42
3176 2961 42
1939 3143 42
5882 3373 42
3373 1014 14
3373 5895 40
381 3390 42
4840 3404 42
4613 3511 42
3511 6860 36
6860 735 38
1397 3619 42
9436 3653 42
3653 3918 9
3918 7573 32
7573 856 23
8574 3805 42
1914 3880 42
3880 3217 36
1741 3917 42
4280 4031 42
6916 4034 42
1070 4368 42
467 4496 42
923 4568 42
4885 4662 42
4369 4700 42
1582 4744 42
2959 4950 42
4616 4953 42
4953 8100 22
4953 6010 31
5947 4998 42
40 5006 42
5006 84 6
5006 4413 19
5006 9905 34
2762 5113 42
3976 5160 42
157 5193 42
6856 5240 42
4613 5554 42
5554 4017 34
9224 5613 42
4636 5703 42
5703 9348 28
6859 5813 42
6814 5880 42
7968 6011 42
6011 2691 14
2691 1877 16
1915 6483 42
2351 6796 42
4025 6840 42
2740 6994 42
6994 8438 15
6895 7324 42
2297 7343 42
786 7372 42
1547 7381 42
7381 7516 40
4629 7411 42
1130 7694 42
4577 7802 42
1920 8074 42
8074 9698 13
9698 9872 39
5219 8203 42
7056 8514 42
9396 8548 42
492 8633 42
9034 9645 42
9669 9702 42
9702 5603 7
7260 9784 42
9784 6341 35
597 9891 42
1283 872 43
524 1106 43
2111 1264 43
774 1306 43
555 1540 43
1540 9889 4
2838 1786 43
285 2024 43
4721 2163 43
3037 2191 43
2191 3056 40
1924 2220 43
4152 2411 43
2411 5189 15
5189 7750 26
5510 2578 43
7621 3007 43
106 3022 43
184 3682 43
1613 3910 43
4317 4061 43
2512 4146 43
2970 4535 43
2290 4723 43
5731 4733 43
4733 3421 19
6096 4762 43
5087 4882 43
9162 5056 43
5056 8907 32
7927 5099 43
9125 5220 43
633 5462 43
1204 5680 43
4798 5691 43
5586 5711 43
5812 5982 43
8710 6592 43
5651 6708 43
8523 7015 43
7015 3718 37
1404 7024 43
6851 7081 43
6582 7109 43
2479 7135 43
3414 7347 43
6156 7446 43
729 7506 43
671 7699 43
4244 7735 43
7778 7744 43
2333 7745 43
7565 7848 43
1110 7983 43
7965 8156 43
9545 8182 43
8182 3178 15
6467 8184 43
3974 8238 43
7635 8239 43
8239 6906 42
5138 8559 43
8258 8575 43
2966 8623 43
8617 8745 43
598 8760 43
8760 9483 6
3384 8766 43
995 9139 43
1863 9278 43
9647 9405 43
9405 7579 2
9405 8355 23
1157 9861 43
173 9967 43
127 83 44
2068 400 44
1772 1386 44
1916 1588 44
2216 1696 44
4910 2083 44
2083 2132 8
2083 6737 26
4795 2150 44
9772 2320 44
1436 2388 44
268 2474 44
2474 9572 7
6388 2695 44
2695 4222 2
4222 2753 25
2753 4169 22
2695 3867 31
1385 2795 44
3186 2892 44
8424 2937 44
7162 4002 44
9889 4032 44
4032 3706 8
3706 8210 13
5225 4049 44
4049 4390 3
4390 6969 26
2407 4174 44
4220 4221 44
4221 5234 23
5234 7850 18
5234 2927 30
1928 4225 44
8112 4297 44
4297 9151 16
8334 4298 44
7893 4308 44
8156 4400 44
7416 4509 44
4112 4715 44
4493 4848 44
87 4864 44
287 4894 44
4894 5829 11
9459 5446 44
5402 5791 44
5791 2285 18
2285 7031 38
5114 6360 44
2216 6497 44
3713 6721 44
3655 6738 44
1799 7137 44
3674 7271 44
246 7690 44
1868 8000 44
3747 8031 44
7295 8339 44
5059 8361 44
8434 8689 44
9161 8820 44
7576 8930 44
4077 9138 44
9138 5713 42
2192 9368 44
9882 9692 44
7639 9695 44
6063 9793 44
5567 9802 44
9802 9806 11
9802 8992 40
7633 9837 44
6093 160 45
160 7725 1
6723 462 45
764 517 45
517 8497 3
8497 9195 31
9937 545 45
545 8727 32
2187 700 45
1261 1247 45
6365 1576 45
628 1604 45
1604 9783 23
2560 1648 45
3653 1726 45
9914 2305 45
43 2572 45
4855 2973 45
7224 3750 45
5156 4078 45
2000 4253 45
5272 4436 45
9861 4444 45
7993 4649 45
4649 3788 5
3788 7166 10
7166 5639 27
5639 5117 37
6659 5230 45
5230 5332 34
829 5305 45
2524 6057 45
7277 6267 45
7895 7075 45
1660 7455 45
3936 7549 45
3278 7597 45
4907 7605 45
3835 7727 45
1291 8535 45
9264 8560 45
3164 8894 45
2477 8927 45
6828 9413 45
9413 8716 40
7214 9682 45
1432 9747 45
2829 9885 45
3155 9916 45
131 9950 45
1606 847 46
8103 894 46
488 927 46
927 2003 43
2003 602 4
602 8585 1
8585 1755 10
602 3295 32
4784 1377 46
153 1459 46
609 1463 46
5170 2113 46
1774 2318 46
3377 2799 46
573 3236 46
1084 3803 46
593 4048 46
266 4097 46
7229 4230 46
5277 4335 46
4335 9061 40
3057 4571 46
913 4626 46
4665 4660 46
4660 4531 42
4967 4691 46
1252 4740 46
2353 5747 46
5747 6235 6
3487 5894 46
4908 6188 46
1929 6191 46
7192 6257 46
6384 6541 46
5183 6675 46
5241 6728 46
8199 6833 46
6833 7309 1
2733 6945 46
6945 5416 12
7707 7080 46
7080 3781 6
2796 7104 46
5358 7292 46
9464 7400 46
6085 7662 46
5205 7709 46
2575 7796 46
5179 8136 46
472 8173 46
3082 8264 46
5054 8714 46
6433 8730 46
2629 8764 46
1808 8816 46
2945 9178 46
9178 3338 4
3338 4255 10
4255 4473 23
4160 9621 46
9621 5473 28
5626 9895 46
651 375 47
9401 627 47
8630 1036 47
5823 1379 47
1675 1695 47
7398 2302 47
1636 2330 47
1943 2853 47
4107 3040 47
2879 3112 47
1470 3272 47
3272 7339 30
4468 3519 47
3109 3669 47
1886 3774 47
8981 4087 47
6237 4530 47
7531 4915 47
4331 4968 47
4968 1024 5
4968 9908 39
4968 7173 46
4859 5038 47
5038 8693 9
8932 5513 47
1549 5632 47
5632 2057 15
5728 5865 47
960 5879 47
5879 7250 28
6035 6141 47
5742 6588 47
4411 6597 47
2392 6763 47
5047 6831 47
5593 6848 47
7009 7037 47
8092 7057 47
30 7204 47
4078 8040 47
7476 8176 47
1851 8229 47
9569 8261 47
4847 8512 47
8512 9685 33
3214 8744 47
7111 8860 47
7015 9495 47
1618 9596 47
2350 9706 47
3758 746 48
467 940 48
1014 2751 48
517 3120 48
3120 2496 18
3121 3504 48
3220 3752 48
6183 3925 48
2926 3987 48
3987 6320 10
3987 799 43
2475 4565 48
9574 4759 48
7062 5013 48
9356 5016 48
2961 5413 48
5413 9307 27
7195 5696 48
4336 5871 48
5871 4824 25
5871 3998 44
669 6059 48
1909 6078 48
992 6455 48
4311 6486 48
8572 6539 48
7437 6570 48
3170 7084 48
7084 9445 9
7084 9538 40
9538 2157 11
6037 7122 48
5419 7379 48
7379 7726 21
4256 7463 48
7477 7739 48
1946 7761 48
7761 6375 23
5736 7797 48
7843 7804 48
7261 8126 48
8126 8064 44
8891 8837 48
6018 9121 48
2847 9205 48
9205 8323 13
7173 9386 48
3202 9625 48
9625 709 15
709 8618 48
6944 9866 48
2534 305 49
305 5786 15
5786 5984 29
9453 370 49
6743 621 49
3309 899 49
2625 1638 49
9318 1806 49
1190 1961 49
4320 1995 49
2844 2092 49
918 2382 49
9243 2562 49
2562 8380 40
8380 831 14
2287 2604 49
2604 7618 35
325 2750 49
5981 2780 49
1525 3001 49
3001 9912 46
1172 3680 49
298 3980 49
8632 5175 49
3735 5520 49
6278 5748 49
7758 5819 49
9419 5890 49
5890 7790 40
1621 6028 49
1864 6056 49
5513 6846 49
3141 7180 49
8204 7352 49
5528 7436 49
1137 7571 49
6729 7574 49
7574 7239 40
4059 7667 49
7744 7680 49
1646 7966 49
5378 8046 49
1433 8245 49
7632 8291 49
134 8867 49
9388 9047 49
9946 9387 49
1799 9416 49
6316 9531 49
9531 2011 45
2011 9838 12
5139 9927 49
3480 748 50
748 5949 26
2096 1351 50
7297 2311 50
8550 2429 50
2429 9750 42
7790 2556 50
5537 3533 50
6827 4105 50
1078 4178 50
8531 4422 50
5132 4955 50
2719 5232 50
5232 4690 5
4280 5625 50
7846 6015 50
3538 6120 50
4980 6129 50
4833 6203 50
7752 7286 50
9410 7582 50
9756 7685 50
438 7864 50
8093 7997 50
7997 1254 15
3856 8130 50
2183 8318 50
2970 8351 50
9331 8929 50
1130 8979 50
2666 9149 50
6474 9458 50
1871 9529 50
7077 9640 50
5438 9704 50
9905 9938 50
3547 351 51
3737 543 51
7812 2071 51
3212 2073 51
2073 1881 45
1770 2720 51
8815 3677 51
846 3899 51
1244 4524 51
4132 4560 51
2158 4622 51
1113 4849 51
9407 5096 51
2641 5200 51
146 5308 51
7593 5389 51
5389 6501 30
1386 5397 51
738 5455 51
6472 5478 51
2564 5636 51
5636 3517 20
543 5671 51
697 5751 51
4795 5972 51
4070 6115 51
6115 5298 1
5298 8921 39
1499 6250 51
2246 6844 51
8884 7479 51
7238 8235 51
9762 8344 51
3408 8985 51
5138 9208 51
4575 9308 51
7398 9609 51
9874 9614 51
9614 2355 19
8441 9798 51
100 9805 51
5615 9980 51
2283 1825 52
6337 2200 52
7339 3174 52
3174 3463 13
3094 3182 52
5745 4076 52
7221 4515 52
4780 4749 52
3942 4793 52
1341 4832 52
9374 4865 52
1668 4867 52
4178 5068 52
3025 5523 52
4794 5699 52
5699 7642 49
4705 6009 52
2747 6891 52
7667 6926 52
8631 7911 52
2774 8114 52
1982 8467 52
5298 8795 52
832 9016 52
9016 2974 17
2974 9734 50
1097 9056 52
6286 9102 52
9102 8336 13
7034 9173 52
3532 9399 52
9084 9423 52
715 9856 52
195 239 53
2461 1129 53
202 1165 53
9646 1191 53
1191 7702 51
2045 1519 53
2710 1742 53
695 1977 53
3141 2281 53
1795 2499 53
2499 3033 27
1164 2709 53
1784 2734 53
1998 3232 53
3232 6113 22
8629 3325 53
3325 5293 34
5014 3380 53
3573 3768 53
5303 4080 53
1890 4090 53
5063 4379 53
4379 5276 31
2672 4426 53
4426 8890 19
7770 4706 53
4706 6835 6
2834 4956 53
1131 5131 53
1080 6606 53
8322 6751 53
4290 7013 53
4742 7329 53
4404 8310 53
8310 7227 40
6898 8709 53
8709 5862 40
5064 8743 53
6476 8952 53
8603 9717 53
7085 9789 53
6945 9796 53
309 539 54
634 579 54
579 9133 9
1501 1095 54
3861 1498 54
1498 7420 39
1837 1539 54
1523 3024 54
7647 3061 54
2498 3507 54
7216 3981 54
3981 8775 36
8265 4187 54
2671 4198 54
7347 4487 54
3819 5622 54
3772 5773 54
8984 6377 54
1289 6387 54
2267 6558 54
6558 3437 4
695 6593 54
7917 6929 54
1322 7406 54
2051 7427 54
8411 7453 54
3491 7816 54
7733 8180 54
7443 8267 54
5675 9110 54
4798 9300 54
3666 9437 54
5589 9473 54
8713 9536 54
214 9540 54
3851 9559 54
3056 9758 54
9667 9954 54
2231 1245 55
7134 1702 55
8306 3235 55
178 3337 55
2784 3614 55
9437 4136 55
6085 4201 55
6499 5062 55
5062 8056 34
8056 5433 33
8882 5325 55
4990 5635 55
7236 5798 55
4109 5881 55
1860 5905 55
3028 6092 55
6092 9926 19
9801 6381 55
560 6791 55
9140 6815 55
1238 6949 55
6949 7627 53
5046 7526 55
7526 3940 55
9940 7543 55
967 7669 55
4664 7731 55
5426 7950 55
5897 8102 55
6784 8338 55
4186 8675 55
8675 7481 46
3467 8676 55
722 8759 55
4332 9179 55
3810 9601 55
7552 9642 55
4830 9858 55
4584 2112 56
1879 2197 56
2197 8895 41
1719 2258 56
6970 3229 56
1932 4517 56
4517 8914 53
5285 4679 56
4494 5604 56
4776 5643 56
1635 6227 56
6227 1446 32
146 6309 56
3687 6601 56
1911 6993 56
4198 7330 56
1502 7391 56
2016 7614 56
3423 8222 56
4445 8280 56
489 8785 56
5191 8871 56
1364 9286 56
9286 4366 14
3984 9533 56
6874 9733 56
9733 5884 21
2446 1119 57
1119 2577 54
2577 6585 6
2577 7536 47
973 2682 57
2875 3012 57
8978 4856 57
1358 5559 57
4699 5591 57
3792 6712 57
9063 6877 57
3479 7025 57
2825 7293 57
1983 7484 57
1607 7851 57
7851 8398 24
1067 7856 57
5558 7990 57
158 8803 57
9064 9616 57
162 9703 57
5235 9716 57
9716 6079 14
4115 9724 57
5345 9960 57
187 1045 58
4637 3223 58
6674 3226 58
3226 1620 9
8066 3662 58
148 4344 58
4299 5245 58
700 5874 58
9803 6204 58
6913 7049 58
8522 7475 58
8592 8024 58
5637 8049 58
2265 8768 58
1307 9113 58
3913 9514 58
3566 9873 58
509 9887 58
7903 9942 58
6087 9952 58
8666 9991 58
9039 394 59
176 540 59
2178 1186 59
1186 9062 56
2909 1216 59
1216 7821 48
6127 2480 59
1336 3130 59
172 4075 59
2280 4269 59
4161 4916 59
1337 5787 59
5787 7032 27
7032 979 1
2418 6005 59
9316 6305 59
7097 6441 59
4725 7161 59
2922 7332 59
4443 7813 59
2714 8023 59
430 8217 59
6940 8281 59
1465 8342 59
8534 8793 59
2380 8855 59
9887 9414 59
7628 1145 60
1690 1698 60
4326 3364 60
474 3779 60
3014 3838 60
3111 4542 60
1421 5112 60
8120 5406 60
7360 5556 60
5192 6243 60
5841 6650 60
2915 6899 60
9462 7658 60
7412 7825 60
6398 7840 60
7732 9043 60
7627 9053 60
6036 9119 60
9119 9375 59
2371 9617 60
4990 2376 61
2376 8039 52
9681 2545 61
2645 3395 61
219 3793 61
2329 3808 61
5249 3888 61
1853 6359 61
135 7557 61
3249 8059 61
486 8401 61
6819 8405 61
845 9727 61
5518 1761 62
2961 2468 62
6863 2886 62
2886 9228 18
4917 4102 62
4102 9395 21
2871 4246 62
5287 4939 62
4851 5082 62
5082 4789 12
5082 6908 35
2426 5563 62
8221 6164 62
5695 6915 62
6100 6977 62
5857 7089 62
8621 7513 62
7513 5469 1
5469 4738 44
4738 6522 40
2747 7615 62
8623 7901 62
9283 8257 62
5400 8725 62
1136 9080 62
8211 9292 62
6590 9336 62
9408 9770 62
9173 9972 62
3893 1438 63
4196 1507 63
303 1751 63
8238 2110 63
1450 2228 63
1486 2993 63
1226 3070 63
3647 3721 63
7237 4430 63
472 4985 63
6581 5346 63
3113 5443 63
1762 6145 63
2042 6547 63
6547 7489 28
8353 7000 63
8098 8786 63
4852 8904 63
9738 8906 63
4433 9627 63
166 9915 63
2754 328 64
7752 1831 64
1975 3496 64
3182 4713 64
3308 4747 64
491 5395 64
3882 6254 64
6467 6437 64
6437 9403 29
5645 7225 64
2604 8230 64
5848 8466 64
1258 9058 64
3874 9411 64
2102 2410 65
7190 3133 65
5935 3580 65
3297 4764 65
5063 5836 65
1110 5992 65
4943 6573 65
3546 7200 65
4157 7429 65
4028 8294 65
8294 4270 64
4391 8567 65
9921 8830 65
4619 9493 65
3073 9639 65
766 9819 65
1230 1496 66
511 2503 66
2503 4719 30
3764 3019 66
3108 3945 66
4777 4130 66
3671 4808 66
4145 5967 66
423 6344 66
5023 7369 66
4106 9146 66
947 9757 66
7150 977 67
977 2706 43
671 1413 67
1413 8473 13
5743 1494 67
4819 1649 67
1754 1802 67
1478 2100 67
2539 2409 67
2409 9015 14
843 3644 67
60 3790 67
5680 5805 67
6739 6912 67
2335 8146 67
4999 9065 67
3733 1147 68
3470 1688 68
1151 3916 68
4956 4304 68
2912 4343 68
3381 6608 68
1772 7004 68
7696 8079 68
4118 8246 68
2425 9648 68
1609 9768 68
4800 9939 68
1 2702 69
9525 3159 69
1327 4883 69
2571 5348 69
3606 7478 69
7013 2758 70
5376 3156 70
2940 4617 70
349 7609 70
1563 8866 70
5037 9748 70
2406 1707 71
8593 2669 71
8509 2785 71
5125 3254 71
1133 3685 71
1272 4380 71
2020 5199 71
4232 5211 71
3833 7749 71
2552 7959 71
4459 8752 71
5539 6363 72
6184 6420 72
7227 7094 72
2149 7847 72
6495 8915 72
8045 3731 73
3731 1299 24
5010 6604 73
8710 8140 73
3262 3173 74
4244 3583 74
909 7913 74
7913 6896 23
6129 8487 74
2687 9107 74
8299 9996 74
19 398 75
2341 3483 75
59 3632 75
5404 4188 75
4030 4202 75
269 7471 75
6064 9209 75
1484 9427 75
4156 5223 76
2581 5978 76
3739 8415 76
657 8661 76
7654 8782 76
7209 9711 76
35 4538 77
7210 4783 77
2525 7129 77
5270 7570 77
5602 8360 77
349 2590 78
4414 6229 78
4504 6315 78
433 7265 78
2296 8186 78
4948 9240 78
2555 2117 79
5115 6354 79
6634 8373 79
3172 9094 79
3342 9971 79
7385 3622 80
1679 4285 80
6732 7140 80
2037 7637 80
5717 8183 80
502 603 81
2569 5035 81
2418 7715 81
7255 9097 81
295 2441 82
2441 5727 59
4507 3512 82
3990 5411 82
3556 5974 82
2428 6313 82
808 6556 82
3025 7873 82
9136 9767 82
2394 3444 83
343 4811 83
2509 5268 83
8847 6385 83
9858 6762 83
3635 5392 84
9186 5810 84
310 5916 84
6995 8168 84
1461 5351 86
5576 9152 86
8740 9267 87
5197 1798 89
3107 3549 89
2448 6498 89
2012 7256 89
8766 6076 91
9480 5480 92
6124 9001 92
2142 9302 92
8119 2698 93
2275 2718 96
6386 7706 96
539 9044 96
1341 2700 97
240 4016 97
6086 9825 97
Total MST weight: 201713
Execution time: 5.486778 ms

MST weight comparison: EQUAL
Status: PASS
