Algorithm: Floyd-Warshall
Distance matrix:
0 11 18 35 49 66 71 74 81 83 56 79 102 110 119 121 83 88 62 78 84 87 106 113 129 62 64 66 69 70 73 88 98 96 109 127 131 155 85 98 73 78 100 90 111 92 99 85 104 115 77 53 66 82 90 88 92 105 79 39 44 47 60 65 67 78 88 89 114 99 96 87 97 57 75 35 43 62 48 62 78 92 33 35 51 63 73 81 58 74 97 101 83 76 42 62 86 91 112 91 42 44 55 69 58 44 45 67 78 48 62 80 54 63 70 76 80 88 95 19 40 46 41 53 62 63 62 18 29 39 55 69 73 72 58 64 83 68 45 48 33 44 64 37 41 45 65 72 46 47 48 58 50 54 61 49 47 49 39 60 65 54 63 46 52 66 75 77 88 53 70 51 62 48 72 48 45 47 58 53 44 46 46 38 54 63 74 36 39 59 73 61 52 57 48 32 22 38 46 33 38 41 44 49 23 30 38 49 52 55 50 73 24 34 45 21 34 45 52 26 29 37 41 43 30 25 46 43 32 51 53 31 33 24 34 47 26 33 37 50 48 42 64 52 51 26 38 50 22 31 32 44 32 39 44 40 41 28 36 43 30 40 53 48 47 25 50 43 40 39 45 35 36 41 43 45 44 61 36 38 38 42 50 42 43 28 36 41 54 45 37 41 45 38 40 39 47 34 49 37 30 51 37 38 32 32 45 45 41 26 39 47 45 37 28 43 33 42 47 42 53 38 46 44 50 32 38 30 34 37 49 44 32 42 42 9 21 18 42 28 40 41 40 45 41 35 37 37 36 40 32 34 38 35 17 42 45 46 38 40 37 28 36 37 30 19 23 33 18 20 40 45 41 40 23 20 28 31 29 35 29 29 34 28 33 34 39 40 36 36 35 38 40 39 24 31 19 33 31 26 42 31 39 36 29 23 19 24 21 22 28 34 39 28 27 30 27 29 26 26 28 26 34 17 27 33 21 29 29 27 32 29 28 24 27 31 28 27 30 20 22 21 26 29 26 38 37 39 38 37 25 26 31 29 26 20 29 27 22 29 22 29 34 30 24 25 37 34 20 24 25 30 37 28 13 14 31 18 22 26 21 20 17 19 28 25 27 23 19 22 24 22 24 27 27 21 25 23 26 17
INF 0 7 24 38 55 60 63 70 72 45 68 91 99 108 110 72 77 51 67 73 76 95 102 118 51 53 55 58 59 62 77 87 85 98 116 120 144 74 87 62 67 89 79 100 81 88 74 93 104 66 42 55 71 79 77 81 94 68 28 33 36 49 54 56 67 77 78 103 88 85 76 86 46 64 24 32 51 37 51 67 81 22 24 40 52 62 70 47 63 86 90 72 65 31 51 75 80 101 80 31 33 44 58 47 33 34 56 67 37 51 69 43 52 59 65 69 77 84 8 29 35 30 42 51 52 51 7 18 28 44 58 62 61 47 53 72 57 34 37 22 33 53 26 30 34 54 61 35 36 37 47 39 43 50 38 36 38 28 49 54 43 52 35 41 55 64 66 77 42 59 40 51 37 61 37 34 36 47 42 33 35 35 27 43 52 63 25 28 48 62 50 41 46 37 21 11 27 35 22 27 30 33 38 12 19 27 38 41 44 39 62 40 23 34 10 23 34 41 15 18 26 30 32 19 14 35 32 21 40 42 20 22 13 23 36 15 22 26 39 37 31 53 41 40 15 27 39 11 20 21 33 21 28 33 29 30 17 25 32 19 29 42 37 36 14 39 32 29 28 34 24 25 30 32 34 33 50 25 27 27 31 39 31 32 17 25 30 43 34 26 30 34 27 29 28 36 23 38 26 19 40 26 27 21 21 34 34 30 15 28 36 34 26 30 32 22 31 36 31 42 27 35 33 39 21 27 19 23 26 38 33 21 31 31 17 29 26 33 37 29 30 29 34 30 24 26 26 25 29 21 23 27 24 6 31 34 35 27 29 26 17 25 26 23 8 12 22 29 21 37 34 31 29 12 9 17 20 18 24 26 33 23 35 22 23 28 29 26 36 24 27 29 28 13 20 25 30 26 15 31 20 28 31 23 29 21 21 20 21 27 23 28 17 16 19 18 18 30 15 17 15 23 25 16 27 10 18 18 20 21 18 17 21 16 20 19 19 20 22 29 21 22 21 26 28 26 28 27 26 21 25 21 25 19 24 18 16 14 19 18 18 25 19 13 14 26 23 9 13 14 20 26 21 21 21 21 20 19 15 23 19 20 16 17 21 16 19 8 16 16 24 22 16 17 18 22 17 22 20
INF INF 0 17 31 48 53 56 63 65 38 61 84 92 101 103 65 70 44 60 66 69 88 95 111 44 46 48 51 52 55 70 80 78 91 109 113 137 67 80 55 60 82 72 93 74 81 67 86 97 59 35 48 64 72 70 74 87 61 21 26 29 42 47 49 60 70 71 96 81 78 69 79 39 57 17 25 44 30 44 60 74 67 20 36 48 58 65 40 56 79 83 65 58 25 45 69 74 94 73 27 29 40 54 43 26 27 49 60 30 44 62 36 45 52 58 62 70 77 44 48 53 23 35 44 45 44 65 76 27 40 51 55 54 43 49 68 50 27 30 42 29 49 19 23 27 47 54 34 29 30 40 33 37 44 31 33 35 28 49 50 36 45 31 37 51 60 62 73 35 52 33 44 45 69 30 30 32 43 45 27 29 30 20 36 45 56 32 21 41 62 43 34 39 30 37 20 36 44 33 38 32 35 47 21 28 36 40 43 40 32 55 33 37 27 28 39 43 35 33 29 33 37 39 42 38 52 37 33 52 38 13 30 31 41 41 24 46 40 37 44 24 46 40 41 37 35 33 31 40 31 38 30 37 35 32 39 26 33 40 28 38 43 44 32 30 33 34 35 36 32 31 34 39 38 40 40 44 28 49 39 39 32 34 34 32 35 30 49 30 19 34 30 27 23 43 32 40 41 31 35 57 21 22 14 19 32 30 45 29 37 29 27 35 37 43 30 41 51 40 35 41 39 27 35 37 22 36 31 33 36 28 31 42 24 35 47 36 44 37 42 29 35 37 30 29 34 35 34 32 32 38 33 29 28 41 27 34 33 28 24 26 34 35 37 30 22 33 35 23 38 36 37 27 5 8 16 19 17 27 20 28 27 31 33 39 31 32 35 32 30 35 24 37 27 26 31 31 25 33 31 18 39 28 34 35 30 20 29 25 27 16 24 21 23 26 27 17 32 29 30 24 22 29 30 20 9 19 31 19 14 11 24 27 27 36 24 20 17 16 26 28 21 24 29 27 21 23 20 25 22 26 20 26 20 22 26 29 24 25 18 17 24 28 6 7 25 31 17 17 13 21 19 20 21 20 26 24 18 8 22 23 13 24 21 18 16 21 23 17 9 17 16 15 19 17 20 10 21 18
INF INF INF 0 14 31 36 39 46 48 21 44 67 75 84 86 48 53 27 43 49 52 71 78 94 27 29 31 34 35 38 53 63 61 74 92 96 120 50 63 38 43 65 55 76 57 64 50 69 80 42 18 31 47 55 53 57 70 44 4 9 12 25 30 32 43 53 54 79 64 61 52 62 22 40 52 60 37 53 67 44 58 50 52 68 80 47 48 23 39 62 66 48 41 8 28 52 57 77 56 59 59 57 62 40 60 60 62 65 36 50 68 43 43 50 56 60 56 63 27 48 36 6 18 27 28 27 48 59 61 56 34 38 37 43 46 65 33 25 28 40 15 35 54 34 38 58 65 65 12 13 23 21 25 32 33 35 37 11 32 37 28 48 29 35 38 47 49 60 46 63 44 41 33 57 28 51 49 60 28 10 12 13 22 38 28 48 29 30 50 50 41 52 37 13 22 40 36 40 16 21 24 18 35 40 23 31 25 28 38 39 46 16 20 10 15 28 46 23 20 23 16 20 22 25 28 40 22 16 35 27 34 13 18 28 41 36 33 37 20 30 9 31 32 25 29 18 18 16 25 26 29 19 26 18 15 37 34 16 23 34 40 31 33 25 19 16 17 18 28 29 29 19 24 27 27 23 27 11 34 28 23 15 17 26 15 22 13 32 30 24 26 32 29 17 34 32 34 24 17 20 41 23 24 26 22 22 26 40 39 25 32 10 28 20 26 13 24 34 28 18 24 28 12 20 22 18 19 14 17 30 28 25 25 7 22 34 31 27 20 26 14 18 23 33 16 17 24 17 15 26 21 16 15 17 31 39 19 28 22 27 29 23 22 24 19 21 27 21 6 26 20 20 21 28 28 26 29 21 24 18 21 28 28 20 24 14 15 18 15 23 19 26 26 17 19 24 21 22 16 23 18 29 27 19 20 22 18 21 22 28 28 22 21 17 18 13 12 21 19 19 20 5 20 20 18 16 20 14 20 23 16 18 18 19 19 20 24 20 18 15 22 16 14 22 23 18 28 3 19 13 17 8 17 16 21 10 21 20 16 17 12 8 11 12 13 21 17 19 9 13 12 20 19 23 15 18 11 18 19 14 6 6 14 9 16 11 14 13 10 13 12 17 15 15 14 14 15 5 4
INF INF INF INF 0 17 22 25 32 34 7 30 53 61 70 72 34 39 13 29 35 38 57 64 80 13 15 17 20 21 24 39 49 47 60 78 82 106 36 49 24 29 51 41 62 43 50 36 55 66 28 4 17 33 41 39 43 56 30 22 27 30 17 22 24 35 45 40 65 50 47 38 48 40 39 51 54 51 59 58 30 44 36 38 54 66 33 35 58 25 48 52 34 39 26 46 70 75 63 42 45 45 43 48 26 46 46 48 51 22 36 54 29 35 42 48 52 42 49 52 66 22 24 35 44 45 19 40 51 47 42 26 30 23 29 32 51 51 11 14 26 28 48 55 25 29 49 56 51 30 29 39 34 38 45 46 22 24 26 46 53 30 43 36 42 24 33 35 46 37 54 35 33 39 45 14 37 35 46 20 21 23 24 35 26 32 38 17 32 38 38 33 44 48 31 27 27 29 26 28 33 34 34 29 28 35 42 23 20 39 40 32 32 24 28 33 24 45 35 38 13 21 10 12 18 21 35 27 31 50 38 45 17 35 45 30 24 19 23 31 20 15 23 30 37 22 33 24 22 28 29 31 23 30 20 27 30 20 28 35 27 38 34 29 27 25 34 12 13 23 28 15 5 10 13 15 13 30 16 34 33 18 26 21 12 29 26 23 32 32 32 31 38 27 17 26 41 20 28 18 13 27 24 25 32 15 8 14 34 44 29 20 15 26 36 15 11 22 30 31 31 28 17 18 26 27 15 17 12 15 16 30 32 27 27 23 33 21 17 24 16 17 22 25 33 2 11 18 19 20 16 7 16 13 19 27 27 22 23 19 20 21 24 8 10 21 18 17 22 24 26 11 23 19 21 14 22 21 23 21 4 12 26 19 17 23 11 12 27 15 19 20 27 30 17 8 13 17 18 20 10 16 22 18 15 11 13 18 20 21 27 21 14 19 21 14 15 13 19 19 17 20 19 17 20 27 15 22 17 14 16 13 11 14 14 16 19 21 18 4 12 21 17 18 23 25 15 18 26 27 13 17 17 17 13 18 10 18 20 17 6 19 11 17 13 14 21 11 5 9 14 5 13 15 19 6 13 10 16 17 13 12 14 16 13 6 12 16 10 15 13 9 7 15 8 8 12 10 14 9
INF INF INF INF INF 0 5 8 15 17 41 64 87 95 104 106 17 22 40 56 62 65 84 91 107 47 49 51 54 55 58 73 83 30 43 61 65 89 30 32 7 12 34 49 70 77 84 70 89 100 62 69 82 60 50 22 26 39 13 28 33 13 26 17 19 30 40 48 73 33 49 21 31 46 34 46 37 34 50 54 64 78 70 72 88 92 45 18 41 8 31 52 68 35 32 41 65 70 95 51 53 55 66 42 51 38 39 31 42 49 45 63 48 30 37 43 47 27 34 37 58 53 30 18 27 28 28 49 60 39 28 35 26 29 31 33 52 55 56 59 64 39 39 38 28 32 52 52 36 30 29 39 38 42 37 31 21 23 9 30 37 36 45 19 25 39 25 26 37 28 45 38 42 43 53 50 33 32 31 29 30 32 33 39 41 44 30 27 35 30 21 32 39 42 37 42 42 32 40 40 45 33 34 36 41 21 29 32 3 22 23 46 32 30 34 39 35 56 40 36 39 36 40 42 43 43 39 16 17 36 26 33 37 32 31 29 34 37 14 27 5 8 28 22 26 30 28 17 15 24 25 37 17 24 23 14 36 25 30 32 16 33 30 34 30 18 40 41 35 27 28 20 22 27 28 26 17 34 21 42 38 10 28 25 29 26 31 11 28 37 24 23 21 35 26 29 31 28 24 29 30 34 14 15 25 19 26 33 24 27 26 33 20 23 36 32 26 25 41 28 36 20 11 11 19 21 7 20 27 17 32 25 25 30 33 32 24 25 27 15 17 13 23 28 38 18 27 34 13 25 27 27 15 26 36 29 38 18 30 30 24 30 7 20 22 26 20 28 20 22 29 21 23 13 26 29 10 13 11 21 20 20 26 15 19 23 8 9 23 17 11 17 17 24 12 14 19 25 7 27 26 21 32 12 24 13 15 20 14 15 21 25 19 24 15 18 19 11 21 14 19 22 32 19 15 26 19 13 14 22 26 22 22 13 13 13 16 14 17 17 9 20 15 17 20 21 12 25 18 22 14 18 9 18 13 18 17 19 19 16 15 17 18 16 20 18 19 22 18 19 12 17 20 19 24 20 18 17 17 20 9 20 21 18 10 18 11 13 16 14 16 19 19 12 15 18 15 15 20 17
INF INF INF INF INF INF 0 3 10 12 36 59 82 90 99 101 12 17 35 51 57 60 79 86 102 42 44 46 49 50 53 68 78 25 38 56 60 84 25 27 28 33 55 70 91 72 79 65 84 95 57 64 77 55 45 17 21 34 16 31 36 34 35 38 39 50 60 43 68 28 44 16 26 48 54 66 32 29 45 49 59 73 65 67 83 87 55 62 85 29 52 55 63 55 35 36 60 65 90 46 63 52 63 37 46 33 34 26 37 44 58 76 43 51 58 64 68 22 29 32 53 48 33 39 48 49 37 58 69 34 49 44 21 24 30 38 57 50 56 59 71 42 51 41 44 36 54 61 31 39 31 41 42 46 32 33 32 34 4 25 32 31 44 22 28 42 20 22 33 23 40 42 51 54 48 59 28 27 26 38 37 39 28 42 44 46 33 22 31 25 24 28 34 37 38 45 45 31 39 41 46 38 36 39 44 16 24 35 23 26 27 42 34 25 36 41 34 54 44 46 39 31 35 37 38 38 42 11 12 31 28 35 40 27 37 32 31 34 17 30 40 34 23 17 30 34 24 36 35 23 23 35 12 19 24 34 37 20 25 27 37 45 38 34 26 27 40 37 30 31 31 15 23 28 23 25 38 54 16 39 33 5 23 20 30 30 27 6 23 32 21 18 16 30 32 33 42 39 19 26 31 29 35 36 28 14 21 28 19 22 21 28 33 35 37 33 24 29 43 40 31 15 6 18 26 32 21 15 22 24 35 29 26 31 28 27 27 25 22 11 20 21 21 26 33 28 36 42 8 20 23 38 22 21 31 29 34 20 32 25 19 29 27 23 25 21 15 24 22 24 36 27 23 22 21 24 5 8 6 16 16 24 21 26 14 29 19 20 28 12 6 22 17 19 24 9 14 20 14 30 25 20 27 19 22 8 10 15 19 19 25 23 25 22 10 13 14 6 20 24 17 17 28 14 21 22 15 8 10 20 24 17 26 16 27 16 14 9 16 12 20 15 10 13 18 16 21 20 18 23 10 14 11 14 10 15 14 19 17 11 11 12 13 17 17 13 19 18 13 15 7 17 15 14 26 15 13 12 12 20 10 15 21 13 15 17 9 14 16 13 11 22 17 9 14 16 20 10 15 13
INF INF INF INF INF INF INF 0 7 9 33 56 79 87 96 98 110 115 39 55 61 64 83 90 106 39 41 43 46 47 50 65 75 95 108 126 130 154 28 24 25 30 52 67 88 69 76 62 81 92 54 61 74 59 67 14 18 31 13 28 33 31 32 35 37 48 58 40 65 25 41 37 47 46 52 64 53 26 42 46 56 70 62 64 80 84 59 60 83 26 49 52 60 53 32 52 76 81 89 68 71 49 60 40 49 54 55 23 34 44 58 76 56 48 55 61 65 43 50 53 74 70 30 36 45 46 34 55 66 55 46 41 18 21 27 35 54 57 63 66 70 39 48 38 41 36 56 63 46 36 28 38 42 46 53 31 33 35 35 56 52 28 41 19 25 39 17 19 30 34 51 42 48 54 45 61 74 38 23 35 34 36 37 39 41 43 30 32 28 22 21 25 31 36 37 42 42 28 36 40 45 35 33 36 41 47 26 36 39 47 24 47 31 27 34 39 31 52 44 44 36 39 36 38 35 38 39 8 24 38 25 32 37 30 40 29 34 38 14 27 37 33 20 29 27 31 21 33 40 41 20 32 43 23 28 31 48 17 24 31 34 43 42 41 23 36 39 38 39 28 28 12 20 25 28 30 39 51 13 36 30 22 36 32 27 27 29 22 20 29 38 36 13 27 29 41 48 38 29 25 28 26 32 33 25 30 31 27 42 54 32 35 30 32 35 30 34 26 40 37 28 12 3 15 23 29 28 12 30 21 32 26 23 33 25 37 24 22 40 28 17 18 28 33 30 28 33 39 5 17 36 49 19 35 30 26 41 23 35 22 28 28 30 20 22 24 12 25 19 21 33 24 30 31 18 21 2 5 3 13 13 21 18 23 24 31 16 17 25 28 16 25 14 31 23 25 26 17 11 27 26 23 29 16 26 5 7 12 18 19 25 29 24 21 20 22 18 3 18 21 23 21 29 11 18 30 12 5 18 23 28 21 23 13 26 13 11 6 13 9 17 14 7 10 15 13 18 21 15 20 7 11 8 11 7 12 11 22 14 11 11 9 10 22 14 10 21 19 10 12 4 14 20 14 24 12 13 9 9 21 12 12 18 10 15 14 6 12 13 10 8 19 14 6 11 13 17 7 12 10
INF INF INF INF INF INF INF INF 0 2 26 49 72 80 89 91 103 108 32 48 54 57 76 83 99 32 34 36 39 40 43 58 68 88 101 119 123 147 21 17 18 23 45 60 81 62 69 55 74 85 47 54 67 52 60 7 11 24 6 21 26 24 25 28 30 41 51 33 58 18 34 30 40 39 45 57 46 19 35 39 49 63 55 57 73 77 52 53 76 19 42 45 53 46 25 45 69 74 82 61 64 42 53 33 42 47 48 16 27 37 51 69 49 41 48 54 58 36 43 46 67 63 23 29 38 39 27 48 59 48 39 34 38 41 42 28 47 50 56 59 63 32 41 31 34 29 49 56 39 29 21 31 35 39 46 24 26 28 28 49 45 29 49 12 18 32 41 19 30 31 48 35 41 47 38 54 67 35 16 28 27 29 30 32 34 36 23 25 28 46 14 25 24 29 30 35 35 43 45 33 38 38 26 29 34 40 26 29 32 40 17 40 24 21 27 32 43 56 37 37 29 32 29 31 28 31 32 1 17 36 19 26 30 23 33 29 34 31 7 20 30 26 42 34 20 24 21 33 33 35 13 25 36 37 35 25 45 10 17 24 27 37 40 34 24 36 32 31 32 21 26 5 13 18 21 23 32 44 6 29 23 15 29 25 20 20 23 22 31 22 32 29 6 20 22 34 42 31 22 18 21 19 25 26 18 23 24 31 35 54 26 28 23 25 28 23 27 27 33 30 35 5 25 24 20 26 21 28 23 17 30 25 30 26 30 39 17 18 33 21 10 11 21 26 23 21 26 33 13 10 29 42 12 28 26 19 35 16 28 26 28 21 23 13 15 24 23 18 12 14 26 17 23 24 11 14 20 12 21 31 16 22 33 25 17 28 9 10 18 21 16 18 23 24 18 25 24 20 17 20 26 16 29 22 19 17 19 14 23 14 20 22 17 19 20 23 11 19 21 20 17 24 26 19 21 25 15 14 15 24 21 14 16 14 19 14 17 21 23 14 10 7 17 10 12 19 13 25 24 25 19 12 17 22 14 19 18 21 19 11 13 19 17 22 21 20 20 12 15 17 19 17 25 14 24 15 13 14 8 14 17 15 18 18 15 24 16 15 19 19 15 17 8 16 13 22 22 16 20 3
INF INF INF INF INF INF INF INF INF 0 24 47 70 78 87 89 101 106 30 46 52 55 74 81 97 30 32 34 37 38 41 56 66 86 99 117 121 145 53 73 51 56 75 58 79 60 67 53 72 83 45 52 65 50 58 5 9 22 4 19 24 27 23 28 30 41 51 31 56 16 32 28 38 37 45 57 44 52 65 37 47 61 53 55 71 75 50 53 76 52 75 43 51 46 23 43 67 72 80 59 62 40 51 65 68 45 46 14 25 35 49 67 47 41 48 54 58 34 41 44 65 61 21 33 42 43 25 46 57 46 59 32 36 39 45 26 45 48 54 57 61 30 39 29 32 36 56 56 37 27 28 38 36 40 44 22 24 26 26 47 52 27 47 10 16 30 39 17 28 29 46 42 39 45 51 56 65 33 14 26 25 27 28 30 32 37 21 23 26 44 12 23 22 27 28 33 33 46 43 31 36 36 33 27 32 38 24 27 30 38 15 38 24 19 25 30 41 54 38 35 27 30 27 29 26 29 30 30 31 38 17 24 28 33 31 27 32 29 5 18 28 24 40 32 19 23 19 31 31 40 11 23 34 35 33 23 43 8 15 22 35 35 38 32 40 34 30 29 30 19 24 3 24 28 31 25 30 42 4 27 21 13 27 32 31 18 21 20 29 20 30 27 4 18 20 32 40 29 26 16 29 17 27 28 16 21 25 32 33 52 24 31 29 24 28 34 28 25 31 29 33 3 23 22 18 24 19 27 21 15 28 23 28 24 28 37 15 16 31 19 8 9 19 24 21 19 24 31 11 8 27 40 10 26 24 17 36 14 26 24 26 19 21 11 13 22 22 16 10 12 24 15 21 23 9 12 18 10 19 29 14 20 31 23 15 26 7 8 16 19 14 16 26 22 16 23 22 18 15 18 24 14 27 20 17 15 17 12 21 12 18 20 15 17 18 21 9 17 19 18 15 22 24 17 19 23 13 12 13 22 19 12 14 12 17 12 15 19 21 12 8 20 15 8 16 17 11 23 27 23 17 21 15 21 12 17 16 19 17 9 11 21 15 20 19 18 18 10 13 17 17 15 23 12 22 13 11 12 20 12 15 13 16 16 13 22 14 13 17 17 13 20 20 16 11 20 24 14 18 8
INF INF INF INF INF INF INF INF INF INF 0 23 46 54 63 65 77 82 6 22 28 31 50 57 73 6 8 10 13 14 17 32 42 62 75 93 97 121 29 49 27 32 51 34 55 36 43 29 48 59 21 28 41 26 34 44 48 52 69 15 20 23 10 15 17 28 38 33 58 55 40 50 60 33 32 44 52 48 52 51 23 37 29 31 47 59 26 34 57 28 51 45 27 32 19 39 63 68 56 35 38 38 36 41 44 53 39 61 44 15 29 47 23 28 35 41 45 35 42 45 59 37 17 29 38 39 12 33 44 54 35 19 23 26 32 25 44 44 48 51 43 21 41 60 18 22 42 49 44 23 22 32 27 31 38 39 15 17 22 39 46 33 46 40 46 17 26 28 39 30 47 28 26 32 38 47 41 28 39 13 14 16 17 28 19 32 31 10 25 31 39 26 37 41 24 20 20 22 19 21 26 27 27 22 21 28 35 16 19 33 34 25 25 31 21 26 17 38 28 31 34 20 3 5 11 14 28 26 24 43 34 41 24 29 38 23 17 12 16 24 13 16 16 23 30 15 26 25 23 21 22 25 30 25 13 20 24 13 21 28 20 31 27 22 20 22 27 5 6 16 22 8 26 28 31 15 6 23 9 27 26 11 26 14 19 22 25 16 25 34 35 24 31 20 19 19 34 22 21 18 19 42 22 23 25 21 1 8 30 40 28 20 26 19 29 30 17 28 36 24 24 30 24 19 27 21 8 19 18 21 9 23 28 20 20 33 26 14 10 17 9 10 15 20 26 8 17 24 21 13 25 27 13 19 21 27 27 15 16 12 18 14 22 14 16 23 24 26 15 17 25 22 16 14 14 17 21 16 22 19 10 18 24 19 16 23 12 13 27 18 12 17 25 27 22 17 22 11 11 17 15 15 18 11 8 4 6 11 13 14 20 14 7 15 16 7 8 19 22 19 14 15 12 10 20 25 18 17 16 15 21 11 17 12 14 17 15 16 18 10 13 14 20 11 19 20 16 24 22 25 6 10 10 10 13 13 10 11 15 10 12 19 12 17 12 13 19 16 11 11 18 11 19 13 13 12 12 13 9 15 16 16 17 18 14 19 13 14 16 9 16 15 17 15 10 13 16 11 20 15
INF INF INF INF INF INF INF INF INF INF INF 0 23 31 40 42 54 59 77 93 99 102 121 128 144 166 131 133 27 28 31 19 29 49 62 80 84 108 6 26 27 32 44 11 32 50 57 59 78 73 39 46 51 74 69 79 83 29 46 61 66 33 46 37 31 42 52 47 72 84 75 43 53 36 46 58 59 58 66 65 75 72 85 87 103 91 57 54 77 28 51 59 75 47 65 60 84 89 86 70 15 17 28 18 27 47 48 70 74 55 57 75 41 36 43 49 53 49 56 59 80 56 38 38 47 48 48 44 55 48 48 27 31 34 40 48 67 47 25 28 40 17 37 56 48 52 72 58 44 28 29 39 23 27 34 35 37 39 7 28 35 40 54 19 25 39 48 50 61 60 77 58 62 35 47 28 18 20 31 45 19 21 22 24 40 44 63 25 40 53 46 56 46 49 34 41 42 38 33 37 42 45 34 36 41 19 27 35 38 24 25 39 32 28 38 35 41 62 25 28 27 25 29 31 42 45 42 31 15 34 12 19 14 8 18 26 31 39 43 29 32 28 30 31 29 33 30 26 35 43 40 30 15 22 27 18 30 38 46 30 36 30 31 37 9 1 26 27 28 29 28 35 25 30 26 28 32 49 25 30 31 32 36 33 32 22 30 9 28 28 23 17 18 31 25 31 20 36 31 31 30 53 24 8 20 25 33 28 34 47 33 33 24 31 22 35 22 33 43 36 38 32 37 31 27 30 24 28 23 24 32 12 8 23 27 30 42 34 36 17 30 31 24 29 37 27 18 25 24 23 29 39 19 17 16 37 27 23 33 30 14 26 32 26 28 18 21 21 23 20 26 30 26 17 29 32 38 25 30 17 24 15 18 28 17 32 28 26 28 9 11 9 10 22 13 23 18 23 20 17 28 24 29 25 22 22 24 19 21 22 28 35 16 25 15 13 11 24 15 12 17 14 24 23 13 25 23 15 13 17 9 14 17 13 16 23 22 18 12 11 21 20 7 10 18 14 13 17 11 21 15 16 16 19 19 17 19 3 11 22 12 20 23 19 22 19 11 17 12 16 14 20 21 14 26 19 17 18 17 12 15 14 14 21 15 13 11 16 18 15 8 20 14 7 12 15 19 11 13 7
INF INF INF INF INF INF INF INF INF INF INF INF 0 8 17 19 31 36 54 70 76 79 98 105 121 143 108 110 4 5 8 23 33 44 57 75 79 103 9 29 18 23 21 36 57 27 34 36 55 50 16 23 36 59 64 74 78 54 23 38 43 24 37 28 30 41 51 24 49 61 70 68 78 40 45 57 65 49 65 42 52 49 62 64 80 68 56 53 76 19 42 36 52 46 42 55 79 84 63 65 40 29 40 21 30 50 30 52 51 32 46 64 18 13 20 26 30 38 45 48 69 41 15 27 36 37 38 48 59 51 26 4 8 11 17 25 44 51 50 53 50 32 32 48 39 43 63 35 42 21 22 32 26 30 37 34 32 34 27 48 46 18 31 29 30 44 53 30 41 42 59 49 40 38 50 46 43 2 13 27 22 24 25 27 43 37 40 41 20 40 31 36 28 26 30 39 40 18 10 28 33 25 27 13 18 25 33 38 39 40 28 16 25 29 19 24 21 40 23 26 29 28 28 30 34 37 45 30 25 28 36 13 32 11 21 29 21 42 22 15 25 7 7 16 32 26 27 16 14 23 24 20 27 13 18 27 12 18 25 32 25 35 32 22 12 17 29 11 12 22 15 22 24 23 26 13 29 46 20 33 25 17 24 20 31 24 18 22 10 19 19 27 29 25 7 29 32 39 23 16 32 31 15 16 14 19 21 17 32 37 21 29 33 32 28 34 25 16 29 37 15 33 34 10 18 20 6 22 23 16 17 15 20 25 29 28 32 25 34 23 25 12 1 6 19 22 30 27 28 7 30 26 28 27 19 14 9 7 15 12 17 12 20 10 12 21 22 31 14 16 31 17 3 10 19 22 15 18 16 18 18 11 21 5 18 17 9 10 13 13 18 18 7 21 18 8 13 24 14 21 17 18 11 16 2 17 16 19 18 19 25 22 5 16 17 12 13 10 20 5 19 12 29 17 6 21 9 8 15 13 14 16 13 13 12 14 13 16 7 11 10 12 14 16 17 17 13 20 8 16 7 11 8 10 13 12 11 10 12 8 13 6 19 13 6 7 13 6 12 12 11 14 14 11 19 9 10 7 10 14 10 10 11 22 8 8 11 11 6 3 12 9 9 13 8 7 11 9 10 9
INF INF INF INF INF INF INF INF INF INF INF INF INF 0 9 11 23 28 46 62 68 71 90 97 113 135 100 102 105 106 109 124 134 36 49 67 71 95 103 123 119 86 13 28 49 69 76 28 47 71 75 82 50 66 56 66 70 46 15 30 35 38 51 56 50 61 71 80 105 77 62 60 70 48 65 77 76 63 79 93 94 91 104 106 122 124 66 73 96 59 82 92 94 66 34 47 71 76 55 57 32 34 45 59 68 77 72 94 43 53 67 85 77 5 12 18 22 30 37 40 61 55 32 44 53 54 53 74 85 78 79 60 64 56 62 65 84 59 42 45 42 34 54 40 44 44 64 27 34 31 32 42 20 24 31 32 24 26 19 40 47 37 57 21 27 41 50 22 33 34 51 50 61 32 56 40 35 12 23 37 21 23 24 21 37 47 32 34 31 43 23 28 38 43 31 38 44 35 43 34 35 36 37 11 16 23 29 38 31 34 20 43 35 30 35 39 38 38 22 25 28 27 22 24 35 38 39 33 27 46 28 5 24 26 36 32 19 34 16 7 17 20 42 28 30 34 24 29 27 34 35 40 25 32 32 26 22 21 29 36 23 33 42 32 37 27 42 3 4 14 20 25 23 28 31 23 25 42 26 33 17 9 27 12 28 31 23 21 29 14 11 22 35 28 17 22 37 31 15 26 29 45 7 8 6 11 17 24 44 33 26 21 32 28 37 33 24 18 21 33 18 34 33 23 29 33 14 28 18 8 15 29 28 39 43 27 26 17 29 15 19 20 13 18 31 14 23 25 28 17 27 30 23 26 28 6 19 25 14 18 16 22 30 14 16 27 14 28 15 17 31 9 15 19 22 21 7 10 8 18 16 23 23 17 22 29 21 22 22 16 10 26 10 28 13 17 16 18 9 23 22 10 20 14 14 11 13 12 16 17 23 19 16 13 14 5 6 8 12 15 12 4 21 17 16 26 18 10 14 13 6 9 15 10 16 18 16 8 9 8 18 19 12 9 17 18 22 15 11 25 7 11 11 11 12 14 11 9 11 13 10 14 15 19 10 11 23 17 9 9 9 14 22 14 11 12 9 10 7 17 9 13 14 17 13 10 8 13 15 12 8 20 11 11 8 12 16 9 13 11
INF INF INF INF INF INF INF INF INF INF INF INF INF INF 0 2 14 19 37 53 59 62 81 88 104 126 91 93 96 97 100 115 125 27 40 58 62 86 94 114 110 77 82 97 118 119 126 19 38 62 66 73 41 57 47 57 61 74 6 21 26 29 42 47 41 52 62 71 96 68 53 66 76 39 56 68 76 54 70 84 100 114 112 114 130 115 57 64 87 50 73 83 106 57 25 38 62 67 46 48 65 67 78 92 75 77 78 100 34 44 58 76 68 60 67 73 77 66 73 76 74 46 23 35 44 45 44 65 76 78 70 51 55 47 53 56 75 50 56 59 33 32 52 31 35 39 59 66 73 29 30 40 38 42 49 24 26 28 10 31 38 29 49 12 18 32 41 13 24 25 42 45 56 50 53 58 30 3 14 28 27 29 30 32 34 45 23 25 22 42 14 19 29 34 30 35 35 51 59 33 38 38 35 2 7 14 20 29 32 51 33 44 26 21 27 32 45 29 40 37 40 33 34 22 33 30 32 27 18 37 19 26 30 26 36 23 10 35 7 20 14 17 39 19 21 25 15 26 22 25 26 38 16 23 28 23 13 12 20 27 14 24 39 23 35 25 33 34 28 23 26 16 20 25 28 14 26 43 17 37 25 15 25 22 27 22 23 12 31 5 16 31 32 22 8 30 40 33 28 17 28 51 33 34 18 7 20 27 40 24 23 33 29 21 30 30 26 31 34 26 9 25 32 20 20 26 7 23 23 17 6 29 19 34 38 33 17 11 27 20 10 11 21 26 25 10 19 16 30 8 31 34 14 28 27 22 10 16 16 9 12 13 21 13 15 18 10 32 15 17 22 21 8 13 13 12 20 23 21 29 12 16 22 11 17 28 20 21 19 19 16 23 8 22 21 24 7 20 15 14 18 16 12 8 7 11 12 16 10 11 17 24 10 19 15 18 13 20 19 15 15 22 25 11 16 22 13 18 20 18 21 16 16 13 13 24 14 20 13 12 11 15 17 10 18 19 19 20 9 22 12 16 9 11 10 14 16 20 16 9 13 13 18 14 11 12 18 16 13 17 17 13 21 12 24 16 11 12 13 16 15 12 12 14 13 14 12 12 12 8 16 15 15 16 15 9 13 11 11 10
INF INF INF INF INF INF INF INF INF INF INF INF INF INF INF 0 12 17 35 51 57 60 79 86 102 124 89 91 94 95 98 113 123 25 38 56 60 84 92 112 108 75 80 95 116 117 124 17 36 60 64 71 39 55 45 55 59 72 79 58 59 62 75 80 39 50 60 69 94 66 51 64 74 72 54 66 74 57 73 87 103 117 110 112 128 113 55 62 85 48 71 81 104 55 62 36 60 65 44 46 63 65 76 90 73 75 76 98 32 42 56 74 66 75 75 81 85 64 71 74 72 44 47 59 68 69 70 91 102 76 68 77 68 45 51 54 73 83 73 76 31 47 67 41 45 49 69 76 73 53 54 64 53 57 64 65 66 50 61 68 75 52 63 67 39 53 62 64 40 23 40 55 66 65 74 64 28 27 38 51 52 54 55 42 55 54 74 34 49 55 71 64 53 37 38 46 50 52 60 41 46 49 52 63 51 58 66 74 65 52 53 42 47 53 51 56 46 54 55 56 59 37 40 20 31 34 55 25 41 60 60 63 63 37 38 51 49 45 49 53 12 15 37 17 33 35 47 24 22 23 24 36 55 40 28 21 37 47 55 62 40 57 37 46 35 25 40 41 42 52 35 36 45 50 52 30 24 41 37 47 48 47 31 20 43 33 38 29 45 37 36 41 35 35 32 40 38 42 27 33 39 49 35 36 40 5 18 25 39 22 21 36 27 38 37 51 25 36 55 43 45 48 40 18 26 28 5 21 26 24 39 36 32 35 39 40 25 26 25 30 27 20 21 26 39 25 34 41 28 32 40 34 22 27 38 42 34 25 37 35 10 31 39 28 26 36 8 32 27 29 36 19 23 11 28 31 37 36 28 34 20 27 39 27 26 30 29 30 29 31 35 34 28 46 33 26 31 26 23 34 33 28 36 28 22 21 17 22 30 31 37 23 22 30 30 33 34 18 28 25 26 22 34 21 26 36 31 23 34 29 32 23 31 24 11 22 25 18 15 10 25 25 22 25 27 33 30 20 29 25 20 22 7 24 22 20 24 27 22 27 12 23 30 14 19 20 27 30 11 15 19 12 20 27 22 23 29 27 15 27 19 21 20 12 17 16 10 16 17 14 18 23 17 21 18 18 13 17 18 17
INF INF INF INF INF INF INF INF INF INF INF INF INF INF INF INF 0 5 23 39 45 48 67 74 90 112 77 79 82 83 86 101 111 13 26 44 48 72 80 100 96 63 68 83 104 105 112 98 117 128 87 80 93 43 33 43 47 60 67 46 47 50 63 68 27 38 48 57 82 54 39 52 62 60 42 54 62 45 61 75 91 105 98 100 116 101 43 50 73 97 120 69 92 43 50 24 48 53 78 34 51 53 64 78 61 63 64 86 97 32 46 64 69 65 63 69 73 52 59 62 60 36 39 51 60 61 62 83 94 64 85 69 56 50 56 42 61 71 61 64 76 38 58 29 33 37 57 64 61 45 46 56 43 47 54 55 56 58 49 56 63 57 51 55 61 75 84 80 28 11 28 43 54 55 79 52 16 15 26 40 41 43 44 30 46 59 66 42 45 43 64 53 41 25 26 35 40 56 64 29 34 37 40 57 41 48 56 66 53 49 50 30 48 41 43 48 34 42 45 44 47 47 28 30 41 44 43 13 29 48 52 59 51 25 35 46 44 55 56 41 38 34 56 5 26 30 36 43 34 11 12 24 43 36 19 36 25 46 49 56 36 46 33 35 26 15 28 29 30 40 39 25 33 38 40 26 31 48 26 42 41 35 19 8 31 44 36 17 36 25 36 31 23 32 20 42 30 50 15 29 32 41 31 32 44 2 15 22 31 10 9 24 42 31 25 39 13 24 43 36 39 45 28 34 42 36 18 19 14 17 32 24 22 26 30 38 46 28 23 25 34 35 9 14 27 19 28 35 16 20 37 37 18 15 31 35 22 31 28 23 7 25 33 23 14 27 5 29 27 29 32 32 11 10 25 28 34 33 35 25 17 19 30 23 15 25 17 18 17 27 25 25 20 34 30 31 27 21 20 29 25 23 24 25 10 18 20 25 23 24 30 19 13 24 23 25 22 15 21 13 14 21 22 22 14 30 27 11 23 21 20 16 26 21 24 20 21 13 20 15 18 26 19 22 22 23 21 8 21 13 15 19 14 19 19 24 19 17 20 21 9 21 23 26 14 15 20 20 16 20 16 16 24 22 30 24 23 18 14 19 18 18 21 9 16 19 17 16 16 11 16 21 19 18 15 15 19 14 23 21
INF INF INF INF INF INF INF INF INF INF INF INF INF INF INF INF INF 0 18 34 40 43 62 69 85 107 72 74 77 78 81 96 106 126 139 157 161 185 75 95 91 58 63 78 99 100 107 93 112 123 82 89 102 38 46 56 60 73 96 59 42 45 58 63 65 76 86 62 87 67 52 62 72 55 73 85 72 70 86 80 87 101 93 95 111 106 38 46 69 92 115 74 91 74 63 83 107 112 120 47 64 66 77 87 56 73 74 96 107 27 41 59 70 76 58 64 68 47 54 57 78 49 52 64 73 74 60 81 92 74 95 67 66 56 62 37 56 66 72 75 87 33 53 24 28 32 52 59 56 58 59 69 38 42 49 50 51 53 44 51 58 55 58 62 68 82 91 93 104 6 23 38 49 50 74 58 67 10 21 35 36 38 39 25 41 54 61 37 40 38 59 48 36 20 24 33 35 51 59 27 32 35 38 55 36 43 51 62 48 45 46 55 44 39 51 43 29 50 40 43 45 42 23 25 36 39 56 8 24 43 52 56 46 46 53 47 39 50 54 46 33 29 51 45 45 40 34 38 29 6 7 19 38 31 14 34 20 41 49 53 31 48 28 30 21 10 23 24 25 35 41 20 28 33 35 21 26 43 21 44 39 30 26 17 31 47 41 28 40 47 43 26 42 27 15 37 25 45 24 24 27 44 26 27 39 29 26 33 26 22 35 33 38 38 20 37 8 19 38 43 47 43 23 29 37 42 13 14 9 12 27 19 17 21 25 45 41 39 29 36 29 30 18 23 32 31 40 35 11 15 38 32 13 10 26 30 17 27 23 20 26 20 28 18 9 22 16 30 22 24 27 27 17 16 31 31 29 32 30 20 20 23 25 26 17 22 21 22 12 22 20 20 15 29 32 32 27 16 22 25 20 18 19 24 14 22 24 29 18 19 25 23 19 20 18 20 17 10 16 21 14 20 17 22 22 25 27 20 24 23 15 11 21 21 19 15 16 24 15 17 22 23 14 17 25 21 22 3 16 8 19 23 15 15 14 19 22 12 21 16 4 16 20 21 9 10 22 15 18 20 11 11 19 19 30 19 18 13 16 14 13 13 19 12 13 16 13 12 11 15 15 16 17 13 10 12 14 14 18 16
INF INF INF INF INF INF INF INF INF INF INF INF INF INF INF INF INF INF 0 16 22 25 44 51 67 89 54 56 59 60 63 78 88 108 121 139 143 167 57 77 73 40 45 60 81 82 89 75 94 105 64 71 84 20 28 38 42 55 78 41 24 27 40 45 47 58 68 44 69 49 34 44 54 37 55 67 54 52 68 62 69 83 75 77 93 88 20 28 51 74 97 56 73 56 45 65 89 94 102 29 46 48 59 69 38 55 56 78 89 9 23 41 52 58 40 46 50 29 36 39 60 31 34 46 55 56 42 63 74 56 77 49 48 38 44 19 38 48 54 57 69 15 35 54 48 43 63 55 38 40 41 51 21 25 32 33 33 35 26 33 40 38 40 44 50 64 73 75 86 60 77 49 56 33 57 41 49 51 62 35 34 36 23 22 38 39 59 44 22 42 51 48 37 42 32 39 17 33 41 35 40 43 46 44 18 25 33 44 30 27 28 37 26 34 36 25 11 32 23 26 29 26 18 20 31 34 38 32 30 49 42 38 28 28 35 41 21 41 45 30 28 26 48 42 49 35 36 35 33 15 16 28 27 34 28 30 36 23 31 35 25 35 42 31 35 28 31 20 21 31 33 2 23 28 31 30 21 38 3 26 27 26 27 26 13 33 36 10 22 30 30 35 25 29 24 34 47 40 33 32 14 36 23 24 36 16 29 29 48 42 32 38 33 27 30 33 17 24 31 32 33 38 18 21 29 25 22 15 18 21 36 28 31 35 39 28 23 24 25 18 24 25 27 32 36 18 27 32 20 7 30 41 22 19 27 39 42 24 31 29 21 23 31 14 16 29 19 31 9 11 31 34 21 24 24 27 20 20 21 29 13 20 33 23 18 24 6 7 21 31 27 15 26 21 26 20 25 25 14 30 26 27 23 19 2 17 16 11 20 11 17 30 14 15 26 19 17 16 21 28 23 21 26 20 29 22 22 15 12 22 22 20 17 11 20 11 14 18 16 11 7 19 17 17 18 26 10 24 27 22 7 11 16 11 11 16 11 24 17 8 13 17 19 20 6 7 13 17 12 12 16 14 19 11 23 12 10 11 19 14 14 14 17 22 12 16 15 12 16 3 12 20 17 14 13 7 11 9 17 13
INF INF INF INF INF INF INF INF INF INF INF INF INF INF INF INF INF INF INF 0 6 9 28 35 51 73 38 40 43 44 47 62 72 92 105 123 127 151 41 61 57 24 29 44 65 66 73 59 78 89 48 55 68 4 12 22 26 39 62 25 8 11 24 29 31 42 52 28 53 33 18 28 38 21 39 51 38 36 52 46 53 67 59 61 77 72 50 47 70 58 81 40 57 40 29 49 73 78 86 13 30 32 43 53 22 39 40 62 73 36 50 68 49 42 49 55 59 13 20 23 44 15 18 30 39 40 26 47 58 40 61 33 32 35 41 3 22 32 38 41 53 18 36 55 32 27 47 54 22 24 25 35 24 28 31 32 23 25 10 17 24 27 24 28 34 48 57 59 70 44 61 33 40 35 43 31 33 35 46 19 18 20 21 25 41 23 43 28 29 49 35 32 39 44 34 42 44 35 43 32 37 35 30 46 45 22 30 28 14 11 12 21 28 31 22 27 29 50 26 29 32 24 27 29 29 29 22 29 14 33 31 22 12 30 19 26 31 25 29 22 32 25 34 31 37 30 30 34 20 29 30 28 18 25 30 14 36 41 28 19 28 43 30 29 35 22 15 16 17 16 22 29 26 25 25 27 30 26 23 42 38 19 36 25 16 23 25 12 6 15 26 24 32 21 23 18 31 30 18 29 17 20 23 24 23 18 20 13 35 26 28 27 20 24 26 36 21 32 34 29 17 33 21 28 32 17 25 5 21 23 25 33 29 37 41 31 7 8 32 20 17 18 19 24 37 20 16 23 23 21 24 26 15 23 23 34 36 18 27 27 16 28 18 15 17 25 21 25 27 16 26 19 21 19 26 29 26 27 24 32 18 15 26 27 20 8 26 27 17 24 20 25 26 25 18 23 17 27 11 14 28 23 26 16 20 21 9 14 18 19 23 22 23 24 15 18 19 22 16 20 16 20 29 13 21 25 19 18 5 17 22 18 18 17 16 6 9 14 6 13 8 17 23 12 20 18 23 14 13 25 12 16 13 16 12 11 14 22 13 13 15 7 20 7 12 8 15 18 14 14 18 8 16 13 22 10 13 14 14 16 17 16 16 19 14 7 15 10 10 15 11 14 8 11 8 9 13 11 15 13
INF INF INF INF INF INF INF INF INF INF INF INF INF INF INF INF INF INF INF INF 0 3 22 29 45 67 32 34 37 38 41 56 66 86 99 117 121 145 35 55 51 56 23 38 59 60 67 53 72 83 42 49 62 85 9 19 23 36 59 22 27 30 34 39 41 52 62 22 47 30 15 22 32 40 56 68 32 51 50 40 47 61 53 55 71 66 67 64 87 52 75 34 51 56 26 46 70 75 80 10 27 29 40 47 56 33 34 56 67 30 44 62 43 52 59 65 69 7 14 17 38 12 15 27 36 37 36 57 68 34 55 43 26 29 35 40 59 51 37 40 52 29 30 49 29 21 41 48 16 21 22 32 27 28 25 26 17 19 21 11 18 30 39 31 37 51 60 59 70 41 58 27 38 32 56 28 30 32 43 37 28 30 31 28 44 37 50 26 32 52 29 29 36 41 31 40 38 29 37 33 38 29 27 40 39 26 34 22 8 5 6 29 25 29 19 24 32 53 28 29 32 34 21 23 34 23 19 26 11 30 28 16 31 27 16 20 25 19 23 16 26 19 40 25 34 24 27 28 20 29 25 31 28 31 27 33 40 38 25 13 29 39 41 23 31 19 34 23 24 10 16 23 20 19 22 24 24 41 20 36 35 13 31 26 27 20 19 23 25 34 22 18 30 30 25 12 27 24 15 25 28 17 17 18 17 15 17 24 40 20 22 24 30 18 23 30 28 27 30 23 29 33 32 22 30 30 24 27 18 17 20 34 26 34 38 30 1 2 26 19 14 15 13 18 31 24 24 31 34 21 18 20 18 29 17 31 30 12 24 23 10 30 12 15 14 19 18 19 21 23 32 34 15 13 20 23 31 23 18 28 12 20 23 25 17 25 21 22 30 20 14 19 20 32 17 27 24 24 5 11 27 20 34 10 14 20 3 8 12 13 17 19 17 21 12 15 16 17 10 17 10 24 25 7 18 19 24 15 18 11 17 13 18 11 10 26 10 8 14 12 2 11 17 10 16 15 21 23 21 22 9 13 7 13 6 10 10 18 8 11 12 17 14 1 6 7 9 15 13 14 12 2 10 12 21 9 13 13 9 10 16 15 21 13 13 15 9 12 5 12 5 16 12 10 14 16 14 5 11 7
INF INF INF INF INF INF INF INF INF INF INF INF INF INF INF INF INF INF INF INF INF 0 19 26 42 64 29 31 34 35 38 53 63 83 96 114 118 142 32 52 48 53 20 35 56 57 64 50 69 80 39 46 59 82 6 16 20 33 56 19 24 27 31 36 38 49 59 42 67 27 12 25 35 37 53 65 29 48 47 48 44 58 50 52 68 80 64 61 84 49 72 54 48 53 23 43 67 72 77 7 24 26 37 44 53 30 31 53 64 50 64 82 40 49 56 62 66 4 11 14 35 9 12 24 33 34 33 54 65 31 52 40 23 26 32 37 56 48 34 37 49 26 46 65 26 18 38 45 13 18 19 29 24 25 22 23 14 16 18 8 15 27 36 28 34 48 57 59 70 38 55 24 35 29 53 25 27 29 40 34 25 27 28 25 41 34 47 23 29 49 26 26 33 38 28 37 51 26 34 30 35 26 24 37 42 23 31 19 5 2 3 26 22 26 16 21 29 50 25 26 29 31 18 20 31 20 16 23 8 27 25 13 28 24 13 17 22 16 20 13 23 16 37 22 31 21 24 25 17 26 22 28 25 28 24 30 37 36 22 10 26 36 38 20 28 16 31 20 21 7 13 20 17 16 19 21 21 38 17 33 32 10 28 23 24 17 16 20 22 31 19 15 27 32 22 9 24 21 12 22 25 14 14 15 14 12 14 21 37 17 19 21 27 15 20 27 25 24 27 20 26 30 29 19 27 27 21 24 15 14 17 31 23 31 35 27 30 22 25 16 11 12 10 15 28 21 21 28 31 18 15 17 15 26 14 28 27 9 21 20 7 27 9 12 14 16 15 16 18 20 29 31 12 10 26 23 29 20 15 25 9 17 20 22 18 22 18 19 27 17 11 16 17 29 14 24 21 21 9 8 24 17 31 14 11 17 19 20 16 13 19 16 14 18 9 12 13 14 18 14 16 21 23 23 15 24 21 12 15 17 14 10 15 15 7 23 7 5 11 9 16 14 18 7 14 12 22 20 18 19 7 11 11 11 16 16 11 18 5 11 9 18 20 10 14 15 18 14 10 11 15 10 18 14 18 19 13 13 6 18 15 12 19 19 15 12 9 14 14 9 14 21 13 9 14 13 17 6 14 14
INF INF INF INF INF INF INF INF INF INF INF INF INF INF INF INF INF INF INF INF INF INF 0 7 23 45 10 12 15 16 19 34 44 64 77 95 99 123 13 33 29 34 56 71 92 38 45 31 50 61 20 27 40 63 71 81 85 89 112 54 59 35 12 17 19 30 40 35 60 72 77 90 100 51 34 46 10 29 28 42 25 39 31 33 49 61 45 42 65 30 53 47 29 34 40 60 84 89 58 72 40 40 38 25 34 11 12 34 45 43 45 63 21 30 37 43 47 55 62 65 61 45 26 26 35 16 14 35 46 12 33 21 4 7 13 21 40 62 50 53 45 28 43 62 20 24 32 39 19 32 33 43 29 33 40 29 20 22 37 58 49 8 27 31 34 48 57 53 64 32 49 30 28 34 54 13 36 30 41 15 16 18 19 30 46 41 33 29 10 30 51 28 39 22 26 35 51 14 21 28 33 17 20 24 29 36 44 18 21 40 21 27 36 23 30 22 17 38 27 27 30 22 24 26 32 31 30 28 32 24 31 31 33 15 25 28 19 33 19 26 34 22 18 27 27 22 33 31 29 27 28 23 32 9 7 22 26 29 34 41 33 33 21 33 9 22 25 21 22 25 21 28 28 27 30 32 25 30 28 34 34 11 28 30 29 26 24 31 6 15 26 19 25 21 12 21 36 10 25 20 29 27 23 24 30 31 27 13 28 42 27 22 28 21 32 32 19 12 31 26 21 27 34 21 29 17 6 22 20 23 11 12 16 14 18 24 29 16 25 17 22 23 23 22 15 20 29 25 23 24 21 29 23 21 16 31 37 18 24 8 14 16 24 13 15 18 19 22 24 16 27 20 10 12 24 27 26 26 27 13 14 18 18 22 10 19 2 3 19 18 12 11 26 28 14 19 17 26 22 18 13 19 32 13 23 21 17 15 15 16 22 18 12 22 16 8 9 12 17 16 15 23 13 14 17 27 26 19 8 9 9 12 16 18 12 7 10 18 12 11 3 15 13 12 14 14 6 17 23 18 10 14 8 12 7 12 11 14 13 12 13 18 15 15 14 15 13 16 12 15 8 12 20 10 22 16 10 11 13 14 14 14 21 14 16 13 11 15 17 2 11 9 14 10 9 6 10 8 16 12
INF INF INF INF INF INF INF INF INF INF INF INF INF INF INF INF INF INF INF INF INF INF INF 0 16 38 40 42 45 46 49 64 74 94 107 125 129 153 6 26 27 32 54 69 90 68 75 61 80 91 13 20 33 56 64 74 78 87 110 47 52 33 42 37 39 50 60 65 90 85 70 83 93 65 54 66 3 22 21 35 51 65 61 63 79 91 41 49 72 28 51 72 59 55 51 71 95 100 88 65 70 38 49 18 27 4 5 27 38 48 62 80 14 23 30 36 40 48 55 58 79 38 41 19 28 9 10 31 42 5 26 17 21 24 28 22 41 64 67 70 46 37 57 76 17 21 25 32 12 28 29 39 22 26 33 22 13 15 37 58 50 1 21 25 27 41 50 46 57 29 46 27 24 30 47 42 65 26 37 11 12 14 15 23 39 42 36 26 3 23 44 24 35 39 21 30 44 29 37 24 29 10 13 30 35 42 50 14 17 36 14 37 32 35 25 15 27 48 20 20 23 18 22 24 35 24 26 24 31 41 24 24 26 8 18 21 26 28 18 20 30 15 31 26 20 15 27 24 22 22 23 16 28 23 28 18 36 34 28 35 30 40 34 26 9 22 22 14 15 18 14 21 21 20 23 25 25 42 21 27 28 4 22 23 22 19 17 24 23 27 25 12 28 26 5 17 32 3 18 13 23 39 16 17 25 25 20 27 25 39 20 27 24 23 25 28 15 26 34 28 37 39 27 14 22 21 20 19 16 19 18 12 9 24 28 17 28 9 21 10 21 20 17 15 8 18 25 32 19 17 22 25 16 17 16 24 33 25 17 10 14 12 19 6 8 18 12 23 23 20 23 26 16 9 32 30 25 22 20 27 7 15 14 18 24 21 18 12 24 11 5 15 19 21 20 21 15 22 15 18 21 20 27 20 18 19 10 15 22 18 24 18 18 22 9 12 11 17 17 13 16 16 22 7 14 24 21 16 9 17 2 14 9 17 12 16 19 13 5 4 15 11 6 9 12 14 22 17 20 21 14 16 17 14 11 10 9 7 12 16 6 19 16 15 12 13 17 9 5 9 1 8 16 17 19 12 17 12 6 18 9 14 14 16 13 6 4 9 11 8 4 17 7 3 8 8 12 7 9 11
INF INF INF INF INF INF INF INF INF INF INF INF INF INF INF INF INF INF INF INF INF INF INF INF 0 22 24 26 29 30 33 48 58 78 91 109 113 137 55 75 43 48 70 85 106 52 59 45 64 75 37 44 57 80 88 98 102 103 126 31 36 39 26 31 33 44 54 49 74 86 94 107 117 49 48 60 68 64 68 67 39 53 45 47 63 75 25 33 56 44 67 61 43 48 35 55 79 84 72 89 54 54 52 66 66 69 55 77 60 57 59 77 39 44 45 51 55 63 70 60 75 62 33 45 54 55 28 49 60 70 51 35 39 42 48 6 25 48 54 57 59 21 41 60 34 38 58 60 67 39 40 50 27 31 38 39 31 33 38 59 34 44 27 31 37 33 42 44 55 46 63 44 42 39 46 47 57 44 55 29 21 23 24 28 35 26 46 26 41 47 47 42 42 47 38 36 36 42 35 37 42 43 44 38 37 42 50 32 35 54 52 41 41 47 37 39 45 59 29 32 35 27 31 33 44 47 44 33 40 59 38 45 39 42 52 39 33 28 32 14 24 27 32 39 41 45 42 36 23 32 33 41 30 37 41 33 40 39 40 30 44 47 49 38 44 26 43 33 34 44 40 39 45 42 45 43 34 44 38 57 42 39 40 42 19 38 43 40 9 18 29 41 57 24 26 35 50 38 22 39 20 43 29 29 41 22 24 16 9 33 44 31 39 35 45 46 24 25 28 40 30 51 24 30 35 20 26 8 25 15 25 36 32 46 36 34 42 24 12 31 23 24 34 31 44 23 32 29 26 42 27 35 16 26 28 45 51 29 41 28 27 30 34 18 20 30 25 28 31 19 29 40 36 29 40 43 29 30 30 35 25 18 36 21 30 22 34 35 29 25 20 30 31 5 22 26 12 13 28 27 31 10 29 17 29 16 18 22 19 17 23 26 30 13 23 20 21 26 19 24 24 10 32 22 25 26 20 25 24 20 17 21 21 16 24 6 9 14 9 16 20 26 27 12 20 21 28 17 32 27 16 20 24 20 23 14 20 21 16 13 14 10 25 23 23 11 23 21 17 9 20 24 23 16 25 13 15 16 17 23 16 17 21 23 13 10 12 13 18 16 19 21 11 11 8 12 16 14 16 16
INF INF INF INF INF INF INF INF INF INF INF INF INF INF INF INF INF INF INF INF INF INF INF INF INF 0 2 4 7 8 11 26 36 56 69 87 91 115 33 53 21 26 48 63 84 30 37 23 42 53 15 22 35 58 66 76 80 81 104 9 14 17 4 9 11 22 32 27 52 64 72 85 95 27 26 38 46 42 46 45 17 31 23 25 41 53 37 34 57 22 45 39 21 26 13 33 57 62 50 67 32 32 30 44 44 47 33 55 38 35 37 55 17 22 29 35 39 47 54 57 53 40 11 23 32 33 6 27 38 48 29 13 17 20 26 34 53 38 42 45 37 20 35 54 12 16 36 43 50 17 18 28 22 26 33 34 9 11 16 37 42 27 40 34 40 11 20 22 33 24 41 22 20 26 32 42 35 22 33 7 8 10 11 23 13 26 25 4 19 25 33 20 31 35 18 14 14 27 13 15 20 21 22 16 15 22 29 10 13 32 30 19 19 25 15 20 30 37 22 25 28 14 18 20 30 25 22 20 18 37 28 35 18 23 32 17 11 6 10 18 21 14 10 17 24 25 20 23 20 29 20 19 24 22 23 14 18 17 21 28 22 25 30 16 22 23 21 20 21 24 18 18 23 22 25 27 21 22 16 37 20 17 20 22 30 16 21 18 19 28 29 19 35 27 15 13 28 16 26 17 25 36 16 17 21 26 24 6 28 34 24 14 20 13 23 24 11 22 32 18 18 29 26 17 25 17 9 17 12 15 3 17 22 26 14 27 20 21 17 11 13 14 23 26 30 30 21 18 15 20 20 21 15 13 15 23 29 10 22 6 12 8 16 13 15 17 19 21 10 12 19 23 22 15 18 21 15 18 16 17 18 20 22 14 14 19 12 13 21 18 18 11 19 23 21 11 16 18 17 21 9 15 12 5 21 14 16 21 7 8 14 8 16 18 18 16 17 13 17 23 12 18 20 20 21 19 18 16 15 22 19 14 15 10 15 17 19 18 16 12 13 15 17 12 20 19 16 21 16 20 15 19 8 10 7 12 16 20 13 12 13 13 20 16 17 14 13 10 13 17 14 14 17 15 15 16 13 10 13 9 13 13 16 12 16 13 11 9 13 11 10 18 14 14 15 15 13 11 18 13
INF INF INF INF INF INF INF INF INF INF INF INF INF INF INF INF INF INF INF INF INF INF INF INF INF INF 0 2 5 6 9 24 34 54 67 85 89 113 31 51 19 24 46 61 82 28 35 21 40 51 13 20 33 56 64 74 78 79 102 77 60 25 2 7 9 20 30 25 50 62 70 83 93 41 24 36 44 50 44 43 15 29 21 23 39 51 35 32 55 20 43 37 19 24 30 50 74 79 48 65 30 30 28 42 42 45 31 53 36 33 35 53 15 20 27 33 37 45 52 55 51 38 16 28 37 38 4 25 36 46 27 11 15 18 24 32 51 52 40 43 35 32 33 52 10 14 34 41 48 22 23 33 20 24 31 32 33 23 27 48 47 25 38 34 40 54 63 62 69 22 39 20 18 24 48 40 33 20 31 5 6 8 9 21 37 38 23 19 27 47 49 18 29 33 31 37 41 25 11 18 23 26 20 14 19 26 34 8 11 30 31 17 26 30 20 24 28 41 20 23 26 12 16 18 29 23 20 18 22 35 28 35 30 27 30 34 9 23 9 16 26 25 8 17 23 24 23 34 32 29 18 17 22 20 25 12 16 19 24 31 26 23 28 26 20 25 36 18 19 22 16 23 21 20 23 25 19 20 21 36 24 17 33 27 28 21 19 26 17 26 31 17 33 28 13 11 26 36 24 25 28 38 22 23 20 24 22 22 37 32 22 12 18 11 30 22 9 20 30 16 16 27 24 28 33 15 7 15 10 13 1 15 20 27 31 25 19 20 15 9 12 13 23 25 30 28 19 26 13 25 21 19 13 11 13 21 27 8 20 4 19 6 14 11 13 15 17 22 14 16 17 21 20 13 20 23 22 25 17 25 18 18 30 12 19 17 22 23 20 16 17 15 25 21 19 9 14 16 15 21 7 13 22 3 20 18 19 24 5 6 12 24 20 16 16 14 15 11 17 21 10 20 18 18 19 17 16 14 19 20 17 12 13 8 13 16 17 18 14 12 13 13 15 10 18 17 14 19 26 18 13 17 6 8 5 10 14 19 12 10 11 13 20 15 15 14 17 8 13 17 12 12 15 13 24 16 11 8 11 15 11 11 14 10 14 11 9 7 11 9 16 16 12 14 13 13 11 14 17 12
INF INF INF INF INF INF INF INF INF INF INF INF INF INF INF INF INF INF INF INF INF INF INF INF INF INF INF 0 3 4 7 22 32 52 65 83 87 111 29 49 17 22 44 59 80 26 33 19 38 49 11 18 31 54 62 72 76 77 100 75 58 23 36 27 29 40 50 23 48 60 68 81 91 39 44 56 64 48 64 41 51 48 61 63 79 67 55 52 75 18 41 35 17 22 45 63 87 92 46 63 45 28 26 40 40 60 29 51 34 31 45 63 13 22 29 35 39 47 54 57 78 36 14 26 35 36 37 47 58 61 25 44 48 37 28 34 53 50 55 58 33 32 31 50 38 42 62 44 51 20 21 31 21 25 32 33 31 33 55 76 45 38 42 46 41 55 64 60 67 34 51 48 39 33 57 41 48 18 29 38 38 40 40 22 38 36 21 23 38 58 58 46 44 45 32 35 39 29 9 27 32 35 18 12 17 24 32 27 30 37 37 15 24 28 18 23 32 39 18 21 24 32 36 38 33 36 40 29 24 43 47 47 28 26 28 39 7 32 17 30 40 26 6 15 25 25 26 35 33 27 28 15 26 27 26 26 22 17 24 31 24 21 40 32 31 23 45 37 38 20 14 21 19 18 21 23 39 18 19 37 30 23 34 25 26 23 17 24 24 25 32 15 31 27 23 42 31 34 32 25 27 39 23 24 28 22 20 27 38 55 20 28 29 30 28 29 25 35 44 35 14 25 31 29 31 22 5 21 22 20 16 30 26 25 29 23 27 28 33 28 20 21 26 23 28 26 29 31 32 23 27 42 19 27 33 23 25 6 18 19 17 28 34 9 11 29 25 28 28 30 32 19 18 11 18 21 24 27 25 29 16 24 32 21 27 24 20 21 29 28 24 29 23 33 25 7 12 26 18 24 24 26 27 18 22 16 17 22 20 21 27 23 20 23 20 23 18 23 23 25 19 22 22 16 26 20 22 27 26 18 17 21 12 21 11 22 25 16 15 10 21 11 21 19 16 23 24 23 24 16 18 16 7 22 14 19 12 17 21 19 12 23 20 14 15 16 27 12 11 15 19 15 13 13 22 20 21 6 9 21 9 9 18 22 16 16 10 13 17 13 15 21 15 18 18 14 13 16 18 14
INF INF INF INF INF INF INF INF INF INF INF INF INF INF INF INF INF INF INF INF INF INF INF INF INF INF INF INF 0 1 4 19 29 49 62 80 84 108 26 46 14 19 41 56 77 23 30 51 70 46 12 19 32 55 63 73 77 74 97 76 59 20 33 24 26 37 47 20 45 57 69 82 92 36 41 53 61 45 61 38 48 45 58 60 76 64 52 49 72 15 38 32 48 42 65 60 84 89 78 64 42 25 36 38 41 61 26 48 59 28 42 60 14 23 30 36 40 48 55 58 79 37 11 23 32 33 34 44 55 62 22 41 45 38 25 31 50 47 52 55 59 44 28 47 35 39 59 45 52 17 18 28 22 26 33 30 28 30 52 73 42 35 39 43 47 61 70 57 64 47 64 45 36 34 58 42 45 47 58 35 36 38 39 23 39 33 48 44 37 57 57 43 54 42 33 40 36 26 6 24 29 32 23 9 14 21 29 38 39 36 37 12 21 25 15 20 29 36 19 22 25 33 36 38 30 33 41 26 21 40 44 47 29 23 25 36 17 42 18 28 38 27 3 12 30 22 23 35 34 32 33 16 23 28 23 23 32 14 21 28 21 31 37 31 28 24 42 38 35 30 11 18 20 19 22 24 39 49 16 34 27 26 35 22 27 20 14 21 34 26 29 29 41 24 26 39 28 35 29 22 28 36 21 22 29 30 17 24 35 52 17 29 29 28 25 30 26 32 42 33 11 29 32 29 28 19 2 18 19 17 13 31 27 22 26 24 28 29 30 25 21 22 23 24 27 23 26 28 34 20 28 42 24 28 31 24 36 3 15 16 14 30 36 6 8 26 29 29 25 27 29 16 15 8 15 18 25 27 26 29 17 23 29 18 26 21 19 20 26 26 27 28 24 30 22 4 9 23 22 21 21 23 30 15 24 13 14 19 17 18 24 20 17 24 17 20 15 20 21 22 20 19 26 13 23 17 19 25 25 15 14 18 9 18 8 19 22 15 12 7 20 8 18 16 13 20 23 27 25 13 15 13 4 19 11 16 9 14 18 16 9 20 18 11 12 13 24 9 8 12 16 12 10 10 19 20 18 3 6 18 6 6 15 19 13 13 7 10 14 10 12 18 12 15 15 11 10 13 15 11
INF INF INF INF INF INF INF INF INF INF INF INF INF INF INF INF INF INF INF INF INF INF INF INF INF INF INF INF INF 0 3 18 28 48 61 79 83 107 25 45 46 51 73 88 109 22 29 50 69 45 49 56 69 92 68 78 82 95 102 81 86 52 65 56 30 41 51 19 44 56 72 85 95 35 45 57 65 77 65 37 47 44 57 59 75 63 56 53 76 47 70 31 47 46 66 59 83 88 77 69 41 40 51 37 46 66 25 47 58 27 41 59 51 60 67 73 77 85 75 78 87 71 70 57 66 67 67 43 54 64 21 41 45 48 24 30 49 46 51 54 58 43 27 46 50 52 72 56 63 47 48 58 49 53 60 29 31 33 55 76 58 34 38 42 46 60 69 56 63 62 79 58 35 41 65 54 44 46 57 68 38 40 41 47 62 50 47 49 36 56 56 42 53 58 60 57 35 25 5 23 28 31 34 8 13 20 28 39 38 51 47 11 29 29 32 35 28 35 51 40 43 44 35 37 30 33 54 25 38 57 49 56 47 27 24 37 16 41 45 27 37 40 48 26 41 21 31 43 47 36 37 49 22 29 34 30 31 13 21 28 20 30 46 30 28 34 41 37 34 29 35 35 26 31 34 36 38 48 19 33 26 32 40 46 31 23 31 38 33 42 31 28 44 23 25 39 43 38 35 22 32 39 36 37 28 31 16 23 45 51 34 39 36 27 31 33 37 32 41 32 10 31 36 28 30 18 1 17 33 16 12 31 29 41 45 35 47 40 42 33 38 39 25 26 26 22 31 27 38 23 33 47 31 39 35 44 48 29 35 15 33 29 37 8 10 25 28 34 30 32 28 15 14 7 14 17 25 28 26 36 24 22 28 17 30 20 22 23 25 25 28 31 37 29 22 23 28 35 30 20 23 26 31 14 26 19 13 18 16 17 23 19 16 29 21 24 14 26 20 21 19 18 29 12 22 16 18 24 27 24 16 17 11 19 7 18 21 14 11 18 23 16 22 17 21 19 25 26 35 22 16 18 3 19 13 15 20 23 17 18 9 19 25 10 15 16 28 11 19 21 15 11 19 20 18 19 20 14 5 17 15 17 17 22 18 12 6 12 13 10 14 19 13 17 14 14 9 14 14 16
INF INF INF INF INF INF INF INF INF INF INF INF INF INF INF INF INF INF INF INF INF INF INF INF INF INF INF INF INF INF 0 15 25 45 58 76 80 104 22 42 43 48 70 85 106 19 26 47 66 42 46 53 66 89 65 75 79 92 99 78 83 49 62 53 27 38 48 57 82 86 71 84 94 32 42 54 62 74 62 75 44 41 54 56 72 84 53 50 73 44 67 69 44 43 63 56 80 85 74 66 38 40 51 34 43 63 22 44 55 65 53 71 48 57 64 70 74 82 87 77 84 68 67 54 63 64 64 40 51 61 18 38 42 45 21 27 46 43 48 51 55 40 60 79 64 49 69 76 68 44 45 55 46 50 57 27 29 31 53 74 55 32 35 39 43 57 66 63 60 62 79 55 66 42 63 51 41 43 54 65 35 37 38 47 59 47 67 54 34 54 53 39 50 55 57 54 60 22 2 20 25 28 31 5 10 17 25 36 39 51 45 62 48 26 30 32 25 32 48 37 40 41 32 34 40 33 54 47 36 55 46 53 44 24 21 34 13 38 42 24 34 37 45 23 38 34 28 40 44 33 34 46 19 26 31 27 28 15 23 30 17 27 43 27 25 38 38 34 31 26 32 39 23 28 31 33 35 45 39 46 28 29 37 43 30 25 28 35 30 39 28 30 41 25 27 49 43 36 32 24 31 36 46 47 25 28 13 20 42 48 31 36 33 24 28 30 34 29 38 29 12 30 35 31 27 15 20 29 30 25 9 28 26 38 42 39 51 42 39 35 35 36 27 32 28 20 29 24 37 40 35 50 28 36 32 41 45 26 37 12 30 26 34 5 7 22 25 36 27 29 25 34 11 18 16 15 23 26 24 33 22 19 25 14 27 17 29 30 22 22 25 31 35 26 24 29 33 32 31 26 20 26 28 11 28 16 18 19 13 14 20 27 13 26 25 28 16 24 29 18 18 27 28 14 19 25 16 21 29 21 13 19 8 16 11 28 23 18 15 15 23 18 24 19 23 16 22 24 32 23 18 22 22 16 10 15 22 23 17 15 13 19 27 14 13 14 25 8 16 20 20 15 23 17 15 16 17 11 18 18 14 14 14 21 19 16 15 15 15 14 11 17 17 14 18 18 22 14 15 19
INF INF INF INF INF INF INF INF INF INF INF INF INF INF INF INF INF INF INF INF INF INF INF INF INF INF INF INF INF INF INF 0 10 30 43 61 65 89 7 27 28 33 55 70 91 111 118 139 158 134 138 97 110 133 50 60 64 77 84 63 68 34 47 38 12 23 33 42 67 71 56 69 79 17 27 39 47 59 47 60 76 90 103 105 121 86 38 35 58 29 52 54 77 28 51 41 65 70 95 51 68 63 74 19 28 48 49 71 82 50 38 56 58 51 58 64 68 75 72 62 77 53 52 39 48 49 49 25 36 46 49 56 41 44 50 50 69 28 34 37 40 38 50 69 49 34 54 61 53 29 30 40 40 44 51 48 42 44 66 87 54 51 64 68 28 42 51 53 45 49 66 40 51 52 48 37 33 35 46 50 20 22 23 41 44 45 63 39 43 56 49 50 55 54 43 39 45 51 59 40 44 47 35 33 38 45 53 36 39 43 44 47 33 47 51 36 49 59 42 29 32 26 30 32 43 36 57 32 25 44 42 49 36 9 19 27 32 57 41 26 32 35 54 32 30 34 35 44 42 44 38 50 38 24 29 37 45 43 51 58 37 31 43 51 10 23 47 32 33 43 24 31 26 31 34 36 33 50 31 31 32 38 36 34 33 52 27 34 43 45 45 32 40 34 27 49 54 49 32 39 34 49 35 36 19 24 34 30 48 33 30 34 36 32 26 36 23 34 40 37 40 51 38 33 30 36 28 29 24 27 28 13 18 33 37 31 43 40 37 31 36 37 25 30 43 34 33 32 27 35 35 47 28 25 17 42 39 42 43 31 15 38 33 33 31 19 23 36 35 21 41 42 27 18 41 43 43 22 31 35 25 9 19 36 32 38 32 27 22 32 21 29 33 39 24 29 22 31 28 19 35 23 43 30 26 24 26 24 27 26 32 36 29 26 20 14 12 25 31 22 18 29 32 26 23 35 24 25 25 11 22 15 18 11 21 24 18 28 25 24 29 25 29 15 21 1 16 9 25 8 16 20 28 20 20 23 20 16 22 22 10 27 24 21 21 22 22 28 21 21 14 17 8 12 24 19 22 23 4 23 18 16 28 13 11 20 19 12 17 20 16 21 21 4 9 18 22 16 22 9
INF INF INF INF INF INF INF INF INF INF INF INF INF INF INF INF INF INF INF INF INF INF INF INF INF INF INF INF INF INF INF INF 0 20 33 51 55 79 92 112 113 118 140 155 176 196 203 224 243 219 223 87 100 123 40 50 54 67 74 53 58 61 74 79 18 29 39 48 73 61 46 59 69 71 33 45 53 52 53 66 82 96 109 111 127 92 44 41 64 88 111 60 83 34 57 31 55 60 85 41 58 60 71 85 94 54 55 77 88 56 44 62 64 72 64 70 74 65 72 68 67 43 46 58 67 68 69 15 26 36 57 76 47 50 56 64 83 82 51 54 30 44 56 75 56 40 60 67 43 41 42 48 46 50 57 54 44 46 60 81 62 57 58 62 68 82 91 85 35 39 56 46 57 58 82 54 23 25 36 50 51 53 43 47 63 57 69 33 48 68 82 56 51 53 33 29 47 57 65 30 35 38 41 23 28 35 43 49 52 49 50 37 45 42 50 55 60 49 48 35 38 46 50 52 56 42 50 41 29 48 57 60 42 32 42 52 31 52 47 24 34 37 59 41 48 43 43 46 44 50 37 49 37 44 47 37 35 33 41 48 35 37 53 45 52 47 50 45 37 44 30 35 41 46 40 36 46 63 36 55 35 43 26 46 48 43 33 24 43 52 43 39 30 40 30 52 54 51 32 39 47 48 34 35 9 14 27 34 38 23 36 24 43 42 49 40 27 35 38 43 30 46 42 40 48 46 32 30 28 25 27 24 29 39 43 37 49 46 41 32 44 42 45 41 46 24 33 40 42 30 35 50 32 29 35 48 32 38 35 30 19 35 43 30 32 37 17 36 37 32 43 46 29 22 34 33 41 12 25 32 26 34 37 32 31 45 28 29 39 40 30 37 30 44 39 43 39 35 18 23 32 13 34 23 29 30 32 33 25 20 26 36 31 16 24 25 26 27 29 33 30 33 24 32 34 29 23 15 28 36 37 26 29 22 26 31 18 33 27 19 29 29 31 21 29 20 32 28 31 27 27 31 18 29 31 32 29 6 17 22 21 29 17 29 13 14 13 19 20 23 16 27 26 19 31 32 24 22 21 14 24 23 25 19 22 23 21 21 25 24 15 23 22 10 15 20 24 16 21 10
INF INF INF INF INF INF INF INF INF INF INF INF INF INF INF INF INF INF INF INF INF INF INF INF INF INF INF INF INF INF INF INF INF 0 13 31 35 59 72 92 93 98 120 135 156 176 183 204 223 199 203 67 80 103 20 30 34 47 54 33 38 41 54 59 14 25 35 44 69 41 26 39 49 51 29 41 49 32 48 62 78 92 105 107 123 88 40 37 60 84 107 56 79 30 37 11 35 40 65 21 38 40 51 65 74 50 51 73 84 52 40 58 56 52 59 65 60 45 52 55 47 23 26 38 47 48 49 70 81 51 72 56 43 37 43 51 70 62 48 51 63 40 52 71 40 36 56 63 54 32 33 43 42 39 53 49 50 52 40 61 57 44 38 42 48 62 71 67 15 19 36 42 53 43 67 39 3 5 16 30 31 33 34 43 59 48 65 41 45 51 62 40 31 33 13 22 40 44 52 16 21 24 27 44 41 48 56 53 46 36 37 17 35 28 30 35 47 29 44 31 34 37 36 38 36 38 30 21 22 41 39 46 38 12 22 33 38 51 43 28 25 28 48 38 34 27 23 35 24 30 31 42 40 38 27 23 15 36 36 43 44 33 39 25 34 27 36 37 38 41 26 33 29 33 33 16 34 51 25 39 28 33 6 29 36 31 23 4 23 32 23 19 10 24 10 32 38 39 26 19 37 28 38 39 47 26 18 25 39 56 26 32 29 33 29 26 7 18 37 36 38 32 22 27 35 33 12 10 8 11 26 20 16 30 34 25 37 34 42 12 25 26 28 29 29 25 30 30 22 10 24 31 12 9 25 28 12 18 18 15 29 15 23 17 19 26 3 22 17 19 26 26 30 15 23 26 24 26 24 25 21 18 22 31 12 27 28 29 36 21 19 25 10 24 28 33 26 15 16 22 20 24 14 19 9 21 19 13 17 18 24 20 28 19 17 20 17 7 15 20 13 19 16 21 21 22 22 21 14 20 20 6 19 20 18 11 14 20 7 14 20 22 11 14 22 22 30 19 11 27 14 18 14 13 11 12 18 18 11 11 9 12 10 16 13 13 17 16 15 17 8 17 25 14 25 14 13 14 13 13 12 14 14 7 15 8 10 11 16 10 12 17 9 10 10 10 13 12 13 12
INF INF INF INF INF INF INF INF INF INF INF INF INF INF INF INF INF INF INF INF INF INF INF INF INF INF INF INF INF INF INF INF INF INF 0 18 22 46 59 79 80 85 107 122 143 163 170 191 210 186 190 54 67 90 98 108 112 125 41 56 61 64 77 82 19 30 40 49 74 86 102 115 125 74 34 46 54 19 35 49 65 79 92 94 110 93 45 42 65 76 99 61 84 35 58 78 102 107 132 99 101 52 63 71 76 55 56 78 89 57 45 63 43 39 46 52 47 55 39 42 43 49 52 64 73 74 75 96 100 56 77 82 38 24 30 38 57 80 56 59 71 45 57 66 27 29 49 56 41 31 32 42 35 39 46 36 38 40 46 67 56 31 25 29 35 49 58 54 2 6 23 35 46 47 70 35 58 10 21 35 36 38 39 36 51 47 58 34 33 38 49 45 36 20 24 33 51 31 39 27 32 35 37 42 47 54 61 47 49 49 44 4 22 39 39 44 34 22 37 36 39 42 23 25 23 26 47 8 24 43 36 43 43 40 50 20 25 50 42 27 27 30 35 25 39 14 26 25 29 23 24 29 42 41 14 34 20 41 49 56 31 22 28 30 21 27 23 24 25 35 31 28 37 20 23 17 26 43 12 26 27 30 26 33 44 46 19 26 40 40 37 21 37 23 15 32 25 45 35 20 27 44 29 30 42 23 5 12 26 46 22 30 32 20 26 37 25 29 41 25 25 43 39 21 29 20 12 18 24 27 35 24 29 21 25 32 44 40 29 26 27 28 34 31 39 12 21 28 28 15 38 40 25 27 28 29 17 27 22 20 26 18 26 18 19 29 26 36 22 24 27 26 17 18 31 24 29 24 29 20 14 22 25 28 17 22 15 16 25 32 23 20 15 29 27 32 29 30 22 21 20 23 19 24 14 8 10 15 14 15 21 7 15 26 22 25 22 25 26 24 23 29 23 14 25 9 22 23 21 23 25 23 16 16 18 19 19 17 19 14 16 18 24 22 23 18 19 26 16 25 10 14 14 14 18 17 14 23 19 14 16 20 23 21 9 10 22 15 15 15 24 15 22 17 21 16 16 17 19 23 20 19 19 20 18 20 17 16 20 15 15 16 21 21 21 19 20 18 18 17
INF INF INF INF INF INF INF INF INF INF INF INF INF INF INF INF INF INF INF INF INF INF INF INF INF INF INF INF INF INF INF INF INF INF INF 0 4 28 41 61 62 67 89 104 125 145 152 173 192 168 172 36 49 72 80 90 94 107 23 38 43 46 59 64 1 12 22 31 56 68 84 97 107 56 16 28 36 55 36 49 65 79 92 94 110 75 27 24 47 58 81 43 66 17 40 60 84 89 114 81 98 52 63 53 58 37 38 60 71 39 27 45 25 21 28 34 29 37 21 24 25 31 34 46 55 56 57 78 89 38 59 64 20 6 12 20 39 62 38 41 53 27 39 48 9 13 33 40 23 24 25 31 19 23 30 31 24 26 28 49 45 13 7 11 17 31 40 36 47 21 38 19 30 31 52 17 40 25 36 36 35 37 35 20 33 40 40 18 15 35 31 29 40 35 30 34 34 13 21 33 38 20 23 24 29 36 43 29 32 32 26 49 25 27 32 37 16 4 21 18 21 29 23 25 31 25 38 23 14 33 18 25 25 40 50 2 7 32 24 15 9 12 17 7 21 25 22 7 19 5 6 11 24 23 17 18 22 29 37 44 31 20 31 30 24 22 29 25 26 20 13 20 20 25 16 16 21 38 20 37 23 16 27 16 27 28 16 23 22 27 19 21 24 23 17 39 35 31 23 19 28 36 21 22 26 21 25 29 36 28 19 14 14 2 23 30 7 11 29 7 15 31 22 15 19 11 11 13 8 11 17 7 12 24 28 14 26 23 17 20 20 17 17 19 24 32 28 24 10 24 24 31 12 9 18 22 14 12 20 20 16 35 35 15 8 20 15 25 5 7 9 25 19 6 29 6 14 17 11 21 3 11 24 19 20 13 16 17 11 21 15 23 20 31 16 23 22 15 23 13 20 17 14 19 16 19 21 23 17 12 18 20 21 19 14 8 9 9 15 16 5 17 16 13 11 10 7 13 19 13 12 10 8 13 11 14 7 14 14 7 12 17 7 10 18 9 20 12 18 16 10 14 13 14 10 15 14 19 17 11 9 15 16 14 10 11 11 17 8 12 10 4 12 14 18 13 13 10 10 8 12 11 17 2 14 12 12 7 9 14 8 17 13 9 11 14 13 10 13 9
INF INF INF INF INF INF INF INF INF INF INF INF INF INF INF INF INF INF INF INF INF INF INF INF INF INF INF INF INF INF INF INF INF INF INF INF 0 24 37 57 58 63 85 100 121 141 148 169 188 164 168 32 45 68 76 86 90 103 19 34 39 42 55 60 62 73 83 92 117 97 82 95 105 52 70 82 90 67 83 97 113 127 140 142 158 136 81 78 101 54 77 98 121 71 38 58 82 87 112 77 94 96 107 49 54 74 75 97 108 95 81 99 21 30 37 43 25 33 17 20 41 47 36 48 57 58 57 78 89 75 74 64 68 2 8 16 35 58 64 67 79 23 43 44 5 9 29 36 19 41 42 52 15 19 26 27 20 22 24 45 44 9 22 25 31 45 54 32 43 17 34 15 26 27 51 35 58 21 32 32 31 33 31 16 32 36 36 14 11 31 27 25 36 31 26 33 48 9 17 29 34 16 19 20 25 32 39 25 28 37 22 45 39 27 28 33 12 33 17 20 22 30 19 21 27 26 34 19 32 36 32 32 26 36 46 23 28 36 20 28 5 8 30 28 26 27 18 17 15 22 13 23 20 27 23 14 31 27 35 40 32 42 30 26 30 18 25 21 22 26 22 21 32 35 20 22 17 34 22 39 31 12 28 14 26 26 25 26 19 24 29 18 20 23 13 35 31 27 21 21 27 47 17 18 30 29 23 26 32 38 28 27 20 31 36 39 24 7 26 31 27 31 31 11 19 21 7 18 24 17 20 24 25 30 34 10 22 19 26 18 20 13 15 20 33 29 30 20 27 24 25 27 15 26 31 31 28 18 30 18 23 31 32 14 16 21 25 26 20 22 22 21 17 13 28 2 10 13 11 21 17 20 20 29 19 23 23 24 18 19 13 22 20 27 14 19 20 27 19 29 23 21 22 22 16 19 19 22 18 19 21 25 18 22 17 20 21 11 21 16 20 24 29 18 17 23 3 13 17 13 11 23 17 17 13 19 3 14 14 13 8 20 15 6 14 15 21 23 21 19 14 18 9 14 12 17 16 15 19 7 9 11 18 16 19 9 17 17 14 8 7 17 21 10 14 14 9 6 12 17 9 9 18 20 10 15 11 13 16 13 13 22 15 5 10 11 15 13 10 13
INF INF INF INF INF INF INF INF INF INF INF INF INF INF INF INF INF INF INF INF INF INF INF INF INF INF INF INF INF INF INF INF INF INF INF INF INF 0 13 33 34 39 61 76 97 117 124 145 164 140 144 8 21 44 52 62 66 79 102 65 48 40 53 44 46 57 67 76 101 73 58 71 81 61 61 73 81 65 81 94 110 124 137 139 155 120 72 69 92 30 53 74 97 62 69 89 113 118 143 53 70 72 83 25 30 50 51 73 84 84 72 90 33 42 49 55 1 9 16 19 40 26 29 41 50 51 52 73 84 51 50 59 63 27 33 41 60 72 78 81 88 48 61 80 55 23 43 50 18 35 36 46 29 33 27 28 19 21 23 44 51 33 47 51 34 48 57 59 70 67 84 29 40 41 54 49 72 71 82 8 9 11 12 30 46 16 36 28 35 55 55 21 32 37 40 47 51 31 39 21 14 17 20 37 42 35 43 24 10 13 14 35 39 33 31 27 34 55 3 6 9 15 19 21 32 25 46 21 31 12 21 24 13 15 25 22 27 21 25 19 29 19 41 27 27 21 32 28 22 29 18 6 20 18 23 27 33 41 39 46 31 39 37 32 16 8 29 21 22 18 11 18 9 14 17 19 22 39 18 33 27 21 30 25 16 31 14 21 33 10 21 19 35 36 16 20 35 24 27 22 17 31 20 21 25 19 29 25 33 49 17 24 19 26 32 19 12 18 33 31 21 37 21 22 25 27 17 18 13 16 15 19 11 26 30 8 20 16 26 12 21 22 26 14 19 15 17 21 16 22 12 27 17 14 16 31 31 14 26 18 14 22 14 17 14 18 20 12 19 21 28 15 22 17 24 18 8 11 9 19 7 15 21 23 13 27 11 12 23 19 14 18 20 27 19 18 12 20 14 16 23 22 26 17 13 16 17 17 19 18 24 24 23 8 17 17 18 9 20 15 8 24 21 16 16 26 15 11 17 17 15 15 11 17 14 16 17 12 9 15 12 20 13 13 21 19 15 21 21 24 14 18 14 18 13 14 18 10 14 18 14 15 11 17 13 14 17 11 16 19 10 8 16 18 12 10 19 14 15 18 14 16 16 17 16 10 12 10 13 14 14 13 11 12 12 12 16 13 17 13
INF INF INF INF INF INF INF INF INF INF INF INF INF INF INF INF INF INF INF INF INF INF INF INF INF INF INF INF INF INF INF INF INF INF INF INF INF INF 0 20 21 26 48 63 84 104 111 132 151 127 131 138 103 126 134 144 148 81 104 119 124 27 40 31 33 44 54 63 88 100 116 95 105 98 48 60 68 52 68 81 97 111 124 126 142 107 59 56 79 22 45 66 89 49 72 92 116 121 146 135 67 69 80 12 21 41 42 64 75 71 59 77 79 44 51 57 61 69 76 79 100 106 73 32 41 42 42 63 74 42 42 49 53 56 45 43 62 85 70 73 78 58 53 72 42 46 66 66 49 22 23 33 52 56 63 55 35 37 59 80 47 60 59 63 21 35 44 46 57 54 71 52 56 57 41 57 70 58 69 43 13 15 16 40 37 38 58 32 47 49 42 52 63 47 51 38 38 46 54 39 37 40 28 45 39 46 53 29 32 51 52 57 26 48 58 29 42 61 54 34 37 19 23 25 36 39 58 25 41 60 35 42 41 2 12 20 25 50 54 23 33 36 47 25 23 27 28 40 37 37 38 50 42 17 22 30 40 44 52 59 30 39 36 44 3 16 41 25 26 36 22 29 19 24 27 29 26 43 29 24 25 31 40 27 26 45 25 32 46 38 38 25 41 40 20 42 47 42 25 32 27 47 28 29 41 29 27 23 45 61 28 32 29 25 19 29 16 27 37 30 43 50 31 26 23 29 21 22 17 20 26 6 11 26 30 36 48 40 30 30 29 30 18 23 36 32 26 33 20 33 40 40 21 18 10 35 32 35 36 25 8 31 26 26 24 12 16 31 28 14 34 35 20 11 34 37 36 34 24 28 18 26 12 29 25 31 25 20 34 30 14 22 26 32 17 22 21 24 21 12 28 18 36 24 19 17 19 24 20 21 27 29 22 21 13 7 5 18 24 15 11 22 25 19 16 28 17 18 18 28 18 8 11 23 14 17 20 21 18 20 25 18 22 8 16 8 23 11 27 15 9 13 21 13 13 16 13 18 18 17 11 23 17 14 16 17 22 21 14 14 15 15 15 20 25 24 18 17 11 19 18 13 22 20 18 19 17 13 12 13 14 14 20 11 7 17 19 11 21 16
INF INF INF INF INF INF INF INF INF INF INF INF INF INF INF INF INF INF INF INF INF INF INF INF INF INF INF INF INF INF INF INF INF INF INF INF INF INF INF 0 1 6 28 43 64 84 91 112 131 107 111 118 83 106 114 124 128 61 84 99 104 7 20 11 13 24 34 43 68 80 96 75 85 78 28 40 48 32 48 61 77 91 104 106 122 87 39 36 59 2 25 46 69 29 52 72 96 101 126 115 47 49 60 74 83 49 50 72 83 51 39 57 59 24 31 37 41 49 56 59 80 86 53 12 21 22 22 43 54 50 22 29 33 36 25 27 46 69 50 53 58 39 33 52 22 26 46 46 53 24 23 33 32 36 43 35 15 17 39 60 47 40 39 43 49 63 72 74 85 34 51 32 36 37 21 37 50 38 49 23 24 26 27 33 49 38 48 31 42 62 22 36 47 48 43 50 59 26 34 36 41 27 28 37 42 49 57 26 29 44 39 57 26 44 38 42 29 50 34 30 33 30 34 36 44 37 38 36 22 41 31 38 35 45 25 23 28 53 42 27 24 27 49 26 3 7 19 31 17 26 27 39 30 37 41 10 32 35 42 49 10 27 26 28 38 20 39 29 30 40 25 24 16 21 24 26 36 53 25 19 20 28 37 27 23 39 28 35 30 33 18 29 45 35 23 29 27 22 5 23 24 40 8 9 21 26 7 14 35 51 31 14 16 8 29 26 26 19 38 13 34 48 28 30 38 13 14 11 8 11 26 19 19 32 36 32 44 20 23 19 28 29 28 32 36 12 21 28 30 29 31 29 11 26 22 25 35 25 37 28 18 20 28 17 19 22 6 30 11 13 25 19 30 7 26 29 22 14 23 28 14 16 22 9 22 15 22 23 17 17 22 17 11 36 14 24 29 24 20 23 20 25 30 25 22 10 12 17 26 18 24 9 17 28 19 20 17 9 15 16 10 18 25 16 10 26 13 12 19 18 17 20 9 18 12 12 15 19 11 13 9 20 13 16 24 20 19 20 12 20 12 16 15 16 11 16 16 20 18 16 14 13 19 15 14 14 19 17 14 17 10 15 23 19 23 16 18 18 11 14 12 15 15 10 18 12 12 12 10 16 12 4 5 11 14 14 9 8 11 13
INF INF INF INF INF INF INF INF INF INF INF INF INF INF INF INF INF INF INF INF INF INF INF INF INF INF INF INF INF INF INF INF INF INF INF INF INF INF INF INF 0 5 27 42 63 83 90 111 130 106 110 117 82 105 113 123 127 60 83 98 103 6 19 10 12 23 33 42 67 79 95 74 84 77 27 39 47 31 47 60 76 90 103 105 121 86 38 35 58 1 24 45 68 28 51 71 95 100 125 114 46 48 59 73 82 48 49 71 82 50 38 56 58 23 30 36 40 48 55 58 79 85 52 11 20 21 21 42 53 49 21 28 32 35 24 26 45 68 49 52 57 38 32 51 21 25 45 45 52 23 22 32 31 35 42 34 14 16 38 59 46 39 38 42 48 62 71 73 84 33 50 31 35 36 60 51 49 37 48 22 23 25 26 32 48 37 47 30 41 61 61 35 46 47 42 49 58 25 33 35 40 26 27 36 41 48 56 25 28 43 38 56 25 43 37 41 28 49 33 29 32 29 33 35 43 36 37 35 21 40 30 37 34 44 24 22 27 52 41 26 36 36 48 25 34 30 27 39 43 36 29 41 29 36 41 9 31 43 41 48 9 26 25 27 37 28 38 35 36 40 24 31 15 20 23 25 36 53 31 42 35 41 36 26 22 38 27 34 29 38 17 28 44 34 22 28 26 21 33 22 23 39 7 8 20 25 32 35 34 50 30 30 15 16 29 25 25 18 37 21 33 47 27 39 44 32 20 28 26 27 27 18 23 31 35 31 43 20 31 18 27 28 27 31 38 11 20 27 29 35 30 36 10 25 29 24 34 24 36 27 17 23 31 17 19 30 28 31 19 21 24 18 29 6 28 31 25 13 26 30 13 15 30 8 21 32 21 22 16 16 25 16 10 35 13 23 28 31 19 24 19 24 29 24 21 30 21 26 26 26 30 30 16 27 18 19 16 26 22 15 22 17 27 21 9 25 12 11 18 17 22 19 20 17 16 26 19 21 10 13 11 23 27 19 23 20 18 21 11 19 21 17 14 20 15 15 19 19 17 20 15 13 18 19 22 14 18 16 14 18 16 14 22 18 24 16 22 17 10 19 14 14 14 13 17 11 17 14 9 18 20 12 12 18 13 13 17 15 13 12
INF INF INF INF INF INF INF INF INF INF INF INF INF INF INF INF INF INF INF INF INF INF INF INF INF INF INF INF INF INF INF INF INF INF INF INF INF INF INF INF INF 0 22 37 58 78 85 106 125 101 105 112 77 100 108 118 122 55 78 93 98 1 14 19 21 32 42 51 76 88 104 69 79 72 36 48 56 26 42 56 72 86 99 101 117 95 47 44 67 86 109 63 86 37 60 80 104 109 133 109 41 43 54 68 77 57 58 80 91 59 47 65 67 32 39 45 49 57 64 67 88 82 61 6 15 16 16 37 48 58 79 23 27 30 36 21 40 63 51 54 52 36 56 75 16 20 40 47 54 18 17 27 26 30 37 38 9 11 33 54 41 37 42 45 51 65 74 75 86 28 45 26 30 31 55 46 44 32 43 17 18 20 21 27 43 32 42 25 39 59 56 30 41 42 37 44 62 37 45 30 35 21 22 39 44 45 53 20 23 42 43 51 20 38 39 36 40 61 28 30 33 24 28 30 41 35 32 30 16 35 25 32 37 39 49 17 22 47 48 28 38 31 52 20 29 25 22 34 38 31 24 36 24 31 36 4 26 38 36 43 4 21 20 22 32 23 33 30 31 35 33 32 10 15 18 20 31 48 26 37 36 36 31 21 17 33 36 35 24 33 12 23 39 30 17 23 21 16 28 17 18 41 25 26 27 20 30 31 29 45 31 25 10 11 24 20 20 13 32 16 28 42 22 34 39 27 15 23 21 24 31 27 22 26 30 32 41 22 26 13 22 23 22 26 33 6 15 22 24 30 25 31 5 20 25 32 29 19 31 22 12 18 26 12 14 25 23 26 14 16 19 29 24 14 23 26 25 28 26 25 8 10 25 3 16 27 16 17 11 11 20 11 28 31 21 24 29 26 25 33 14 20 24 21 16 28 23 25 23 21 25 25 13 23 13 16 11 22 17 23 17 16 22 25 4 20 7 6 15 12 17 14 15 12 18 21 19 20 5 8 6 18 22 14 18 18 13 16 28 14 17 18 9 15 10 10 14 14 12 15 10 8 18 16 17 9 13 11 9 13 11 9 17 13 19 11 17 12 13 14 15 15 11 19 15 6 12 9 4 16 15 7 7 13 8 8 12 10 14 14
INF INF INF INF INF INF INF INF INF INF INF INF INF INF INF INF INF INF INF INF INF INF INF INF INF INF INF INF INF INF INF INF INF INF INF INF INF INF INF INF INF INF 0 15 36 56 63 84 103 79 83 90 55 78 86 96 100 33 56 71 76 79 92 97 99 110 120 122 147 107 92 47 57 50 68 80 63 82 93 107 81 78 91 93 109 121 79 76 99 64 87 108 81 69 75 95 119 124 111 87 19 21 32 46 55 64 59 81 92 93 79 97 74 83 90 96 100 53 60 63 84 60 63 75 84 85 86 107 99 65 84 93 97 61 67 75 94 61 29 32 44 21 41 60 64 67 85 92 48 18 19 29 7 11 18 19 11 13 35 56 42 24 44 23 29 43 52 54 65 69 86 73 84 19 43 27 22 24 35 49 47 49 29 8 24 34 54 47 26 46 44 58 50 43 18 25 43 22 30 21 26 23 24 33 38 45 53 54 54 32 33 53 22 33 22 27 25 46 9 12 15 23 27 29 40 42 26 29 28 47 16 23 18 30 40 19 24 47 51 36 36 12 34 24 31 25 24 21 19 28 24 34 26 33 30 22 34 40 48 55 45 34 35 24 24 14 35 29 30 37 32 19 40 45 33 30 30 47 20 20 21 27 20 23 33 26 35 37 52 16 27 25 22 15 17 35 24 18 30 19 34 44 9 10 22 27 32 32 38 42 24 31 28 21 26 31 21 30 49 26 6 27 31 15 23 25 26 19 22 21 29 16 17 28 32 14 26 22 34 26 33 17 14 19 32 21 22 27 33 24 18 31 23 21 23 37 31 22 34 21 14 30 34 25 27 25 27 19 24 23 30 28 16 17 31 34 34 15 25 15 20 19 20 28 19 27 22 23 29 32 18 13 12 33 15 23 18 27 21 21 29 25 33 26 15 22 23 23 27 24 30 34 10 14 20 17 18 15 19 17 14 26 26 8 18 24 21 18 17 21 21 21 21 17 18 20 21 25 15 22 23 12 18 21 17 18 26 21 13 25 18 17 18 22 19 11 22 16 13 24 20 21 20 21 19 20 15 21 21 19 16 21 25 18 18 19 23 22 13 16 20 16 16 23 14 16 18 14 21 16 17 22 15 16 18 18 22 18 15 14
INF INF INF INF INF INF INF INF INF INF INF INF INF INF INF INF INF INF INF INF INF INF INF INF INF INF INF INF INF INF INF INF INF INF INF INF INF INF INF INF INF INF INF 0 21 41 48 69 88 64 68 75 40 63 71 81 85 18 41 56 61 64 77 82 84 95 105 107 132 92 77 32 42 35 53 65 48 67 78 92 66 63 76 78 94 106 64 61 84 49 72 93 66 54 60 80 104 109 96 72 4 6 17 31 40 49 44 66 77 78 64 82 59 68 75 81 85 38 45 48 69 45 48 60 69 70 71 92 84 50 69 78 82 46 52 60 79 46 14 17 29 6 26 45 49 52 70 77 33 54 55 65 12 16 23 24 26 28 50 71 27 29 48 8 14 28 37 39 50 54 71 58 69 24 48 17 7 9 20 34 32 34 14 13 29 42 58 32 31 42 49 45 35 40 23 30 31 27 35 26 31 34 37 38 32 35 43 39 39 17 18 41 22 27 27 29 30 51 14 17 16 17 21 23 34 37 31 23 33 34 1 8 3 21 31 34 32 32 36 21 21 17 39 33 18 22 33 15 24 33 29 19 33 31 25 7 19 37 41 48 39 19 20 29 9 15 40 23 24 22 22 24 28 31 34 20 24 41 25 34 35 25 25 32 35 11 25 25 37 17 12 30 7 20 14 20 9 25 29 23 29 47 13 14 9 14 27 17 23 36 28 23 13 23 11 33 26 32 35 28 31 31 36 20 16 19 15 24 22 13 26 12 17 27 31 19 31 23 26 16 27 22 19 24 26 22 7 14 19 12 19 28 8 6 16 32 16 22 22 19 14 15 23 19 21 18 12 19 12 14 15 29 21 12 18 21 28 19 19 20 20 4 22 26 20 21 23 19 23 17 20 20 14 25 19 20 19 12 14 6 22 13 18 19 13 23 21 8 12 13 19 29 15 16 7 10 11 20 16 20 11 16 13 19 17 16 22 17 24 6 9 7 6 2 9 20 11 16 12 11 22 12 15 10 12 14 16 16 15 21 7 11 13 11 8 13 11 8 15 13 11 19 14 11 11 12 22 13 12 12 9 12 20 7 19 9 9 10 13 21 13 11 16 16 16 13 11 13 15 7 9 17 14 11 13 11 15 10 17 10
INF INF INF INF INF INF INF INF INF INF INF INF INF INF INF INF INF INF INF INF INF INF INF INF INF INF INF INF INF INF INF INF INF INF INF INF INF INF INF INF INF INF INF INF 0 20 27 48 67 43 47 54 19 42 50 60 64 77 100 63 46 49 62 67 69 80 90 86 111 71 56 69 79 59 77 89 85 74 90 92 45 42 55 57 73 85 88 61 84 28 51 72 45 50 64 84 108 113 75 51 39 41 52 39 48 68 23 45 56 66 80 98 49 58 65 71 75 75 82 85 85 24 27 39 48 49 50 71 63 69 48 57 61 25 31 39 58 70 49 52 62 41 59 78 57 61 81 80 76 33 34 44 47 51 19 20 22 24 46 67 58 25 45 43 49 63 72 64 75 63 80 67 64 43 67 52 42 44 55 51 40 42 43 48 64 34 54 56 27 47 54 40 51 56 58 65 66 23 31 6 11 14 17 34 39 46 54 54 57 52 38 53 37 18 23 28 26 47 49 33 36 44 33 35 41 44 60 41 24 43 39 46 40 31 41 30 35 42 44 44 43 46 55 35 24 28 39 51 53 26 27 39 37 44 31 13 35 44 37 44 46 49 29 28 38 50 26 27 28 38 30 37 42 47 35 37 36 46 32 40 29 28 38 36 26 36 20 27 42 46 24 16 32 46 29 46 30 22 41 30 27 29 34 35 47 29 42 41 2 26 23 22 19 29 41 16 20 15 34 34 23 22 30 17 25 31 25 26 21 23 34 39 27 38 42 31 43 28 5 22 16 17 27 19 32 35 32 34 31 36 20 35 2 22 24 42 42 16 28 30 25 48 31 19 21 26 27 21 26 28 16 30 20 27 32 35 40 25 14 24 24 19 18 14 23 29 22 23 22 11 13 24 25 23 28 33 23 6 19 38 34 3 21 10 22 23 25 25 12 10 16 29 22 6 10 13 14 22 19 27 17 10 29 25 18 17 13 11 17 21 19 17 20 12 14 26 25 11 16 15 19 15 25 17 15 23 21 25 25 25 13 17 14 17 22 21 17 11 17 12 7 19 26 17 16 17 22 22 16 18 17 18 26 15 21 22 14 15 16 23 14 18 14 16 16 17 13 11 14 16 17 18 18 15 13 19 17 12 24 15
INF INF INF INF INF INF INF INF INF INF INF INF INF INF INF INF INF INF INF INF INF INF INF INF INF INF INF INF INF INF INF INF INF INF INF INF INF INF INF INF INF INF INF INF INF 0 7 28 47 23 27 34 47 70 78 88 92 105 128 91 74 77 90 95 97 108 118 114 139 99 84 97 107 87 105 117 113 102 118 120 25 22 35 37 53 65 75 41 64 56 79 100 25 30 44 64 88 93 55 79 19 21 32 19 28 48 3 25 36 46 60 78 29 38 45 51 55 63 70 68 65 52 54 66 75 76 77 98 43 49 57 77 81 53 43 50 69 92 29 32 42 21 41 60 55 59 79 60 56 60 61 71 27 31 38 8 10 12 34 55 42 13 33 23 29 43 52 44 55 43 60 65 76 23 47 32 22 24 35 49 20 22 23 28 44 48 68 39 15 35 34 20 31 36 38 45 46 42 50 41 44 22 25 42 47 46 51 36 39 32 26 49 37 42 11 13 25 46 29 18 21 26 30 32 43 34 46 32 17 36 30 36 25 16 26 18 23 33 33 30 36 32 43 23 32 26 38 41 39 34 35 31 25 32 19 36 34 46 26 33 40 33 33 8 21 30 34 32 33 18 24 31 33 34 28 30 33 26 27 38 9 16 18 41 34 40 27 34 32 31 27 24 22 35 17 35 24 17 30 18 35 48 27 28 37 33 32 32 42 46 30 30 42 37 33 43 19 30 23 37 45 33 20 32 8 14 22 25 20 23 28 24 7 22 26 20 32 23 37 22 32 33 32 26 34 32 29 36 22 21 24 39 24 21 27 39 30 38 36 21 13 30 33 18 20 29 27 25 27 29 30 32 22 10 35 38 23 26 24 25 19 27 26 39 22 16 29 26 24 23 10 12 24 28 26 29 17 27 26 25 25 31 33 30 26 21 10 13 22 23 29 34 24 19 14 17 18 19 18 11 20 21 23 14 12 31 26 14 14 29 18 21 21 25 24 26 17 25 21 18 24 18 23 20 23 18 33 25 25 25 19 21 17 23 22 17 7 16 14 21 20 25 11 23 10 11 14 18 19 20 17 20 23 17 24 13 22 17 14 15 14 14 11 25 14 18 19 18 16 16 16 17 19 15 14 11 15 13 22 15
INF INF INF INF INF INF INF INF INF INF INF INF INF INF INF INF INF INF INF INF INF INF INF INF INF INF INF INF INF INF INF INF INF INF INF INF INF INF INF INF INF INF INF INF INF INF 0 21 40 16 20 27 40 63 71 81 85 98 121 84 67 70 83 88 90 101 111 107 132 92 77 90 100 80 98 110 106 95 111 113 18 15 28 30 46 58 68 34 57 49 72 93 18 23 37 57 81 86 48 72 37 39 27 41 49 67 68 90 36 46 60 78 22 31 38 44 48 56 63 61 58 45 47 59 68 69 70 91 36 46 50 70 74 46 36 44 63 86 47 50 35 24 44 63 48 52 72 53 53 53 54 64 30 34 41 1 3 5 27 48 55 6 26 30 36 50 59 61 72 36 53 58 69 16 40 50 40 19 30 44 39 41 32 31 47 55 75 38 8 28 27 13 24 29 33 42 53 37 45 36 41 15 18 35 40 39 47 57 37 38 19 42 44 48 4 9 22 43 27 14 17 25 29 31 42 27 45 31 10 29 37 29 21 12 22 11 16 26 26 25 35 35 36 16 25 19 31 43 38 27 28 24 18 25 12 33 29 39 20 27 33 26 26 16 19 32 27 28 29 23 19 26 28 27 21 23 32 19 20 31 19 9 26 37 27 42 22 29 25 34 27 17 33 29 10 32 42 10 23 11 28 41 20 21 30 27 25 32 35 39 25 23 38 30 29 38 14 25 16 30 42 26 28 34 1 7 15 20 15 18 23 22 27 19 23 16 26 16 34 15 25 26 28 19 27 25 25 32 30 24 20 35 19 16 26 32 23 31 29 14 6 29 26 11 13 28 22 21 28 30 24 25 15 9 29 32 16 19 17 18 12 20 19 33 15 9 22 19 17 16 10 5 23 25 19 26 20 22 19 18 18 24 28 24 22 22 17 6 15 16 22 27 17 16 14 17 18 16 11 6 14 20 16 19 7 25 23 9 9 22 11 17 14 18 17 21 10 18 14 13 17 19 20 13 20 11 26 19 24 18 19 20 12 18 15 19 18 11 7 14 15 21 14 20 19 15 7 11 14 13 10 13 18 10 20 7 16 11 13 8 14 13 14 19 9 15 12 12 11 16 9 14 16 8 9 4 8 6 15 8
INF INF INF INF INF INF INF INF INF INF INF INF INF INF INF INF INF INF INF INF INF INF INF INF INF INF INF INF INF INF INF INF INF INF INF INF INF INF INF INF INF INF INF INF INF INF INF 0 19 43 47 54 22 45 53 63 67 80 103 66 49 52 65 70 72 83 93 89 114 74 59 72 82 62 80 92 88 77 93 95 111 125 138 140 156 133 91 88 111 31 54 75 98 81 70 90 114 119 27 51 68 70 81 95 76 89 90 112 15 25 39 57 49 58 65 71 75 78 73 76 97 27 30 42 51 52 53 74 85 90 51 60 64 28 34 42 61 73 78 81 14 30 50 69 60 64 84 80 75 36 37 47 36 40 47 48 49 33 51 72 61 35 48 52 22 36 45 47 58 15 32 53 64 48 57 56 71 19 30 34 35 37 38 37 38 37 57 17 32 47 54 47 45 29 33 29 33 35 43 30 35 38 41 46 34 41 49 57 60 35 36 56 30 42 34 39 38 56 38 41 44 20 24 26 37 40 55 17 33 52 43 46 48 42 21 34 32 36 40 38 34 37 48 39 26 30 42 25 38 47 48 43 41 46 23 37 29 30 38 45 40 44 37 29 30 27 32 26 27 37 33 40 45 49 44 30 27 44 35 42 35 30 35 35 29 39 36 39 45 45 37 36 46 36 24 39 34 25 42 33 30 32 18 19 31 32 44 32 22 46 39 46 43 31 28 40 36 33 47 36 42 46 31 37 24 29 36 31 37 39 37 33 34 30 34 31 43 31 24 34 29 30 27 32 43 37 39 44 33 24 35 47 29 24 21 42 26 35 32 29 35 29 37 38 37 23 27 36 23 25 43 14 26 30 31 34 38 24 29 29 34 32 28 22 26 31 30 31 30 30 31 23 21 38 24 22 27 25 30 39 29 23 25 30 23 31 31 36 29 30 36 42 27 26 29 28 29 36 29 26 35 29 31 35 27 39 26 27 27 32 34 25 32 32 27 28 30 30 24 23 31 34 31 32 39 30 34 38 22 33 24 28 27 27 24 29 28 29 25 25 25 26 29 25 18 19 25 24 24 28 28 26 28 28 34 29 27 27 29 22 16 25 25 30 28 25 30 20 23 21 23 25 26 26 27 25 29 24 24 23
INF INF INF INF INF INF INF INF INF INF INF INF INF INF INF INF INF INF INF INF INF INF INF INF INF INF INF INF INF INF INF INF INF INF INF INF INF INF INF INF INF INF INF INF INF INF INF INF 0 24 28 35 48 71 79 89 93 106 129 92 75 78 91 96 98 109 119 115 140 100 85 98 108 88 106 118 114 103 119 121 137 151 164 166 182 159 117 114 137 57 80 101 124 107 96 116 140 145 8 32 49 51 62 76 57 77 78 100 111 121 117 135 30 39 46 52 56 64 71 74 95 53 56 68 77 78 79 100 111 78 77 86 90 54 44 52 71 94 59 62 74 32 52 71 75 78 98 61 68 62 63 73 38 42 49 50 52 54 76 97 72 55 58 53 59 73 82 84 95 87 104 84 93 50 74 58 52 54 65 79 55 57 20 39 55 63 83 70 57 77 35 49 60 65 49 56 74 45 53 52 57 60 63 50 55 62 70 65 65 16 17 40 58 64 53 35 48 69 35 38 41 23 27 29 40 35 53 29 45 64 39 27 45 38 38 51 56 31 34 27 37 40 62 56 48 36 48 6 23 32 33 32 51 44 16 38 48 60 28 35 41 47 30 45 23 8 33 29 30 21 27 34 36 30 33 15 30 47 34 48 49 24 18 38 43 49 30 37 36 42 18 24 40 44 24 23 38 49 35 18 37 52 28 29 28 33 37 33 51 27 33 40 44 29 45 22 19 30 41 34 56 54 34 40 48 10 18 20 20 23 31 26 15 23 27 40 44 45 34 30 33 34 39 29 42 36 42 49 31 38 40 31 24 21 24 27 27 37 33 29 28 49 48 29 31 26 27 28 29 31 33 30 19 24 33 36 19 22 10 20 20 27 25 38 19 12 32 33 35 31 18 22 21 36 22 26 25 27 27 21 19 25 38 27 29 29 30 22 29 29 31 34 21 28 22 25 26 19 27 19 21 24 28 29 20 34 35 22 22 29 24 22 31 29 24 21 12 19 21 23 23 26 23 15 23 24 20 22 22 30 21 25 19 23 23 26 25 10 18 16 18 22 21 6 11 12 24 27 24 17 20 7 15 17 29 16 18 19 16 24 22 12 25 18 18 22 20 23 10 16 10 18 17 14 19 20 19 10 16 12
INF INF INF INF INF INF INF INF INF INF INF INF INF INF INF INF INF INF INF INF INF INF INF INF INF INF INF INF INF INF INF INF INF INF INF INF INF INF INF INF INF INF INF INF INF INF INF INF INF 0 4 11 24 47 55 65 69 82 105 68 51 54 67 72 74 85 95 91 116 76 61 74 84 64 82 94 90 79 95 97 113 127 140 142 158 135 93 90 113 33 56 77 100 83 72 92 116 121 146 56 73 75 86 100 33 53 54 76 87 97 93 111 6 15 22 28 32 40 47 50 71 29 32 44 53 54 55 76 87 54 53 62 66 30 20 28 47 70 76 79 91 8 28 47 51 54 74 37 44 38 39 49 14 18 25 26 28 30 52 73 56 31 34 38 44 58 67 69 80 63 80 60 69 26 50 34 57 59 70 56 31 33 16 15 31 39 59 46 33 53 11 25 36 41 25 32 50 21 29 28 33 36 39 26 31 38 46 41 41 44 30 53 42 40 29 31 24 45 11 14 17 19 23 25 36 11 29 25 35 54 35 40 21 34 44 36 34 44 10 23 33 19 41 35 24 12 24 28 26 34 26 8 27 20 25 29 44 36 4 11 17 34 39 21 32 16 37 25 26 34 35 13 12 11 14 16 26 43 14 24 25 18 27 27 19 26 38 45 31 18 29 32 36 22 20 42 46 27 31 5 16 34 16 17 21 18 31 29 44 49 26 21 22 24 35 22 18 29 33 29 32 44 24 22 30 18 23 16 19 22 27 23 19 32 36 16 20 21 30 24 13 14 21 5 18 23 25 29 26 18 16 31 17 20 20 16 28 19 27 15 23 44 28 22 17 22 21 17 20 22 31 18 23 23 29 21 17 20 16 17 9 17 22 26 20 20 8 9 25 22 19 17 19 32 5 15 20 23 14 15 20 19 25 19 18 20 22 22 17 18 24 26 17 16 10 13 14 18 18 7 8 27 23 16 8 29 22 10 10 17 11 17 13 19 8 13 13 15 12 13 9 13 22 16 18 22 12 19 20 23 15 18 13 19 13 17 17 12 14 14 10 18 8 11 13 14 18 15 14 18 19 10 18 17 19 13 16 17 14 19 20 19 15 21 10 13 5 10 12 9 13 16 13 15 10 13 17 15 17 13
INF INF INF INF INF INF INF INF INF INF INF INF INF INF INF INF INF INF INF INF INF INF INF INF INF INF INF INF INF INF INF INF INF INF INF INF INF INF INF INF INF INF INF INF INF INF INF INF INF INF 0 7 20 43 51 61 65 78 101 64 47 50 63 68 70 81 91 87 112 72 57 70 80 60 78 90 86 75 91 93 109 123 136 138 154 131 89 86 109 29 52 73 96 79 68 88 112 117 142 52 69 71 82 96 29 49 50 72 83 93 89 107 2 11 18 24 28 36 43 46 67 25 28 40 49 50 51 72 83 50 49 58 62 26 32 40 59 71 77 80 87 47 60 79 58 50 70 33 40 34 35 45 10 14 21 22 24 26 48 69 59 27 46 50 56 70 79 81 92 70 87 56 65 22 46 30 53 55 66 52 27 29 30 11 27 35 55 42 29 49 47 61 72 59 21 28 46 25 33 24 29 32 35 36 41 48 56 37 37 40 26 49 38 36 25 30 22 43 7 10 13 21 25 27 38 41 29 27 31 50 41 36 17 33 43 32 37 40 6 19 29 15 37 31 20 24 31 24 22 31 22 4 23 16 21 31 46 46 38 45 47 45 35 37 28 12 37 27 28 30 31 22 8 7 10 12 28 45 23 36 23 14 23 23 15 30 34 41 43 14 25 28 44 18 20 42 48 23 27 15 16 30 12 13 17 18 29 36 48 45 22 17 18 25 31 18 14 25 33 30 28 40 20 18 26 28 19 20 15 18 23 19 15 28 32 12 16 17 32 20 9 10 17 12 17 19 21 25 22 26 16 31 13 16 22 12 24 15 26 11 23 41 24 18 13 24 21 17 24 26 27 14 19 22 29 17 13 16 14 18 5 13 23 22 16 26 9 10 26 18 15 18 15 30 18 22 16 19 10 19 16 15 25 15 18 16 18 21 17 18 24 22 13 12 19 20 20 14 22 19 8 23 23 16 20 26 18 16 15 15 15 17 9 15 12 14 17 17 13 17 10 20 18 20 21 21 13 19 16 25 12 16 12 15 11 16 16 14 12 16 12 20 9 15 13 14 20 19 18 17 15 6 14 16 16 9 17 13 18 20 16 15 19 17 14 9 14 10 11 18 12 12 10 14 11 11 15 13 13 9
INF INF INF INF INF INF INF INF INF INF INF INF INF INF INF INF INF INF INF INF INF INF INF INF INF INF INF INF INF INF INF INF INF INF INF INF INF INF INF INF INF INF INF INF INF INF INF INF INF INF INF 0 13 36 44 54 58 71 94 57 40 43 56 61 63 74 84 80 105 65 50 63 73 53 71 83 79 68 84 86 102 116 129 131 147 124 82 79 102 22 45 66 89 72 61 81 105 110 135 45 62 64 75 89 22 42 43 65 76 86 82 100 25 34 41 47 51 59 66 69 90 18 21 33 42 43 44 65 76 43 42 51 55 19 25 33 52 64 70 73 80 40 53 72 51 55 75 56 50 27 28 38 33 37 44 45 47 24 42 63 52 26 39 43 49 63 72 74 85 63 80 61 58 45 69 53 65 64 75 45 46 48 48 34 50 28 48 44 28 48 69 58 69 52 44 51 66 26 34 39 44 33 33 37 42 49 57 30 33 52 39 47 31 35 25 30 29 50 35 35 38 46 36 38 40 43 52 52 31 50 34 41 42 33 43 55 45 53 29 42 46 11 33 42 40 44 33 20 18 27 28 27 32 39 30 40 54 45 31 38 49 52 44 35 37 21 42 38 39 43 24 31 1 6 9 11 29 46 26 49 46 29 22 17 8 29 27 34 36 28 32 30 37 41 13 35 50 16 24 14 9 23 29 30 40 11 24 31 48 41 30 16 11 29 35 11 7 18 26 34 33 39 13 14 22 23 12 13 8 11 22 40 28 37 41 19 31 22 43 35 13 14 18 21 34 31 30 37 15 27 29 30 12 9 25 23 23 19 29 18 16 37 28 17 6 26 14 22 23 25 22 7 20 15 31 10 18 21 19 29 18 26 34 15 20 19 7 8 23 11 20 16 30 38 29 15 20 15 27 28 15 19 18 23 19 20 19 23 17 18 24 22 22 19 17 14 15 9 15 22 13 16 16 21 23 23 11 20 13 21 12 10 19 20 18 12 15 20 14 14 8 20 13 16 19 21 11 22 22 23 11 15 14 15 12 17 15 21 18 17 16 15 17 21 15 16 18 20 15 16 10 19 21 20 23 2 17 6 15 13 9 8 22 18 13 2 11 13 10 12 14 5 3 11 4 4 8 6 12 5
INF INF INF INF INF INF INF INF INF INF INF INF INF INF INF INF INF INF INF INF INF INF INF INF INF INF INF INF INF INF INF INF INF INF INF INF INF INF INF INF INF INF INF INF INF INF INF INF INF INF INF INF 0 23 31 41 45 58 81 44 27 30 43 48 50 61 71 67 92 52 37 50 60 40 58 70 66 55 71 73 89 103 116 118 134 111 69 66 89 9 32 53 76 59 48 68 92 97 122 32 49 51 62 76 85 67 68 90 101 75 69 87 77 43 50 56 60 56 63 66 87 5 8 20 29 30 31 52 63 68 29 38 42 6 12 20 39 51 57 60 67 27 40 59 38 42 62 65 65 14 15 25 33 37 44 42 44 11 29 50 39 13 26 30 36 50 59 61 72 50 67 48 45 45 60 50 52 51 62 32 33 35 35 34 50 15 35 37 15 35 56 45 56 39 43 49 53 13 21 26 31 20 20 24 29 36 44 35 38 57 26 34 18 22 12 17 16 37 35 22 25 33 23 25 27 30 41 39 18 37 21 28 29 20 30 43 32 40 25 32 33 36 36 34 27 31 20 32 37 26 27 39 19 26 20 27 41 34 18 25 36 39 34 22 27 37 29 25 26 30 11 18 23 28 29 31 24 41 13 36 37 16 32 19 29 17 14 21 23 32 26 22 24 38 17 36 44 3 22 19 30 10 16 17 29 32 24 30 35 53 17 31 33 32 22 33 20 11 30 30 20 26 34 31 24 30 25 22 19 22 15 27 32 27 31 24 35 9 30 22 7 8 18 23 24 18 17 24 31 17 28 42 11 22 28 33 42 13 25 18 14 33 19 16 18 23 25 29 25 27 25 30 20 9 30 33 33 22 27 26 20 24 24 32 14 10 16 12 26 20 17 25 19 26 18 26 27 17 24 19 25 13 30 17 19 14 10 15 19 20 26 26 22 16 19 22 22 20 17 20 22 20 23 14 21 20 22 22 13 18 15 19 19 19 21 16 19 21 18 1 16 18 24 22 23 8 20 16 20 15 2 6 14 6 11 16 6 19 18 10 3 18 18 13 9 10 18 14 2 6 17 14 15 13 16 16 12 11 11 17 11 12 11 18 10 19 9 13 10 13 10 16 17 11 9 17 19 8 18 11
INF INF INF INF INF INF INF INF INF INF INF INF INF INF INF INF INF INF INF INF INF INF INF INF INF INF INF INF INF INF INF INF INF INF INF INF INF INF INF INF INF INF INF INF INF INF INF INF INF INF INF INF INF 0 8 18 22 35 58 21 4 7 20 25 27 38 48 44 69 29 14 27 37 17 35 47 43 32 48 50 66 80 93 95 111 88 46 43 66 90 113 56 79 36 25 45 69 74 99 9 26 28 39 53 62 44 45 67 78 52 46 64 54 38 45 51 55 33 40 43 64 11 14 26 35 36 22 43 54 45 66 29 33 36 42 39 58 28 34 37 49 28 48 67 28 32 52 59 42 20 21 31 34 27 43 44 43 41 6 27 34 23 43 24 30 44 53 55 66 40 57 38 36 31 55 27 29 31 42 23 24 26 27 35 46 36 48 24 25 45 45 28 35 40 30 39 47 43 51 32 37 40 26 43 48 18 26 26 29 37 36 17 24 27 18 23 25 46 36 28 31 30 32 27 25 28 18 25 10 29 27 34 8 26 15 28 33 45 49 34 32 26 48 33 33 27 26 35 18 27 28 24 14 21 26 10 32 37 24 29 34 39 26 36 31 18 11 12 13 23 24 30 33 33 21 23 35 22 19 39 34 18 32 21 35 19 27 8 27 36 23 29 28 36 27 29 27 27 14 25 15 16 26 27 21 14 16 23 35 51 30 23 16 29 22 40 26 30 32 34 13 29 29 29 31 33 23 31 17 20 21 33 25 33 37 29 41 28 32 16 13 14 21 26 37 16 12 19 31 17 25 30 11 28 31 30 35 19 23 24 19 24 28 22 24 23 17 26 24 26 25 15 23 22 23 25 31 30 28 32 18 16 22 23 16 4 22 23 13 20 19 31 29 21 14 21 22 23 18 10 24 19 24 23 22 19 21 13 21 18 24 18 25 20 11 14 15 18 24 16 17 16 25 15 17 22 15 14 19 18 24 14 24 18 13 27 9 20 17 18 12 16 20 9 17 14 19 22 28 21 8 12 17 12 16 18 12 18 19 13 12 20 24 16 15 16 21 16 19 13 16 17 21 9 20 14 14 14 16 20 17 13 21 20 17 18 11 17 6 11 13 10 19 11 15 15 15 14 16 12
INF INF INF INF INF INF INF INF INF INF INF INF INF INF INF INF INF INF INF INF INF INF INF INF INF INF INF INF INF INF INF INF INF INF INF INF INF INF INF INF INF INF INF INF INF INF INF INF INF INF INF INF INF INF 0 10 14 27 50 13 18 21 34 39 41 52 62 36 61 21 6 19 29 31 49 61 35 46 62 42 58 72 85 87 103 80 60 57 80 104 127 48 71 50 17 37 61 66 91 1 18 20 31 45 54 36 37 59 70 44 58 76 46 52 59 65 69 25 32 35 56 3 6 18 27 28 29 50 61 37 58 36 40 43 49 31 50 42 28 31 43 20 40 59 20 24 44 51 34 12 13 23 26 19 35 36 35 37 20 41 37 37 52 22 28 42 51 53 64 32 49 30 41 23 47 19 21 23 34 30 19 21 22 27 43 28 48 29 39 56 48 20 27 32 22 31 45 39 47 24 29 32 18 35 40 32 40 33 26 29 30 47 16 20 10 15 28 49 28 20 23 25 29 19 25 28 10 17 2 21 19 26 22 18 7 20 25 37 41 29 35 18 40 25 25 29 18 27 25 27 28 22 28 34 18 24 33 34 16 23 34 37 32 33 23 10 25 26 27 34 36 27 31 36 13 15 32 36 11 34 26 32 24 17 27 11 22 22 34 31 24 21 21 34 26 34 23 19 6 17 28 8 18 19 27 6 8 15 37 48 25 15 30 30 14 34 22 33 36 28 27 24 32 21 23 29 15 28 9 12 13 26 17 25 29 21 33 21 24 20 5 6 13 18 31 15 15 22 26 15 26 32 9 20 26 22 27 11 23 16 11 21 20 14 16 21 9 27 19 21 23 25 15 14 28 17 23 24 20 24 17 22 14 16 12 16 14 15 24 18 20 23 21 29 17 27 27 15 17 2 18 11 28 15 14 11 13 18 15 16 22 10 17 12 3 6 7 10 16 17 10 19 17 17 18 18 18 6 11 24 17 10 17 17 5 19 1 12 9 10 10 8 14 1 9 6 18 14 22 13 8 9 9 12 10 11 12 12 11 5 4 12 17 8 13 13 15 8 11 6 11 9 13 8 16 15 7 7 9 12 10 6 14 13 9 10 3 9 10 3 11 16 11 3 8 7 11 9 8 8
INF INF INF INF INF INF INF INF INF INF INF INF INF INF INF INF INF INF INF INF INF INF INF INF INF INF INF INF INF INF INF INF INF INF INF INF INF INF INF INF INF INF INF INF INF INF INF INF INF INF INF INF INF INF INF 0 4 17 40 55 60 63 76 81 83 94 104 26 51 11 27 23 33 34 52 64 39 58 74 32 48 62 75 77 93 70 63 60 83 107 130 38 61 53 59 79 103 108 133 157 84 35 46 60 69 40 41 63 74 34 48 66 50 59 66 72 76 29 36 39 60 66 57 55 64 65 66 87 83 41 62 73 77 63 64 21 40 45 51 54 66 36 34 53 52 43 61 51 32 54 55 65 42 46 39 36 33 35 43 64 49 41 42 25 31 45 54 51 62 24 41 49 42 48 61 54 77 28 39 53 36 38 35 43 47 41 54 48 43 56 48 57 17 22 26 35 42 43 51 29 34 37 40 54 43 50 58 38 30 33 34 57 39 14 32 37 46 65 44 42 22 30 25 27 21 24 31 25 38 33 32 39 26 40 50 41 38 41 41 42 35 35 52 40 35 25 36 44 38 47 40 36 39 46 32 36 38 42 32 39 30 37 33 46 38 32 25 26 27 37 39 26 36 41 44 20 28 45 27 37 38 32 28 35 34 32 16 23 24 33 41 25 41 34 33 30 38 24 42 23 29 12 22 23 35 31 44 31 28 52 19 34 24 23 41 39 29 38 26 28 46 18 26 38 33 21 29 23 21 24 34 41 34 39 28 42 51 30 31 31 31 32 36 29 42 37 19 26 28 23 25 38 25 31 19 12 31 34 37 33 36 38 32 30 32 21 25 26 9 11 31 15 23 30 27 7 13 16 14 24 20 20 29 23 26 23 30 31 22 31 27 33 25 37 26 23 28 32 22 27 24 27 36 27 20 32 27 26 29 30 26 27 25 30 28 28 18 14 28 28 24 35 38 31 29 31 8 16 15 18 29 21 27 22 29 24 22 17 24 11 26 23 17 20 26 24 34 32 26 24 19 23 19 23 18 23 23 32 25 19 13 16 21 32 24 14 28 31 12 16 12 21 26 19 17 18 21 22 17 23 17 15 21 23 20 25 17 21 20 19 18 26 22 14 19 16 20 18 17 21
INF INF INF INF INF INF INF INF INF INF INF INF INF INF INF INF INF INF INF INF INF INF INF INF INF INF INF INF INF INF INF INF INF INF INF INF INF INF INF INF INF INF INF INF INF INF INF INF INF INF INF INF INF INF INF INF 0 13 36 51 56 59 72 77 79 90 100 22 47 7 23 19 29 30 48 60 35 54 70 28 44 58 71 73 89 66 59 56 79 103 126 34 57 49 55 75 99 104 129 153 80 31 42 56 65 36 37 59 70 30 44 62 46 55 62 68 72 25 32 35 56 62 53 51 60 61 62 83 79 37 58 69 73 59 60 17 36 41 47 50 62 32 30 49 48 39 57 47 28 50 51 61 38 42 35 32 29 31 39 60 45 37 38 21 27 41 50 47 58 60 77 45 38 44 57 50 73 58 69 49 32 34 31 39 43 37 50 44 39 55 44 53 64 69 49 44 38 39 47 45 50 41 44 50 39 46 54 34 26 29 30 53 35 10 28 33 42 61 40 38 41 34 38 40 51 41 27 28 34 29 28 35 42 36 46 37 34 37 37 38 45 31 48 36 31 35 36 40 34 43 36 39 41 48 36 34 49 38 28 35 46 46 29 42 34 37 53 40 41 34 35 42 47 43 45 16 34 51 42 47 48 37 27 49 30 28 12 19 20 29 37 21 37 30 30 36 34 20 39 19 31 8 18 19 31 33 41 27 33 57 15 30 20 19 37 45 28 39 22 24 42 14 22 34 29 17 25 19 17 20 30 37 30 43 47 38 47 26 34 27 37 36 45 25 38 34 15 22 24 19 39 40 21 30 15 8 27 30 33 33 32 39 30 26 28 17 21 36 22 24 35 11 19 26 28 31 9 12 10 20 20 27 25 19 27 19 28 28 18 27 23 31 21 33 22 19 24 35 18 23 20 23 40 23 33 28 23 22 25 26 30 31 21 26 24 27 23 10 24 24 22 31 34 27 25 35 23 12 11 27 25 17 28 22 25 20 18 13 20 16 29 27 14 17 22 20 32 28 22 27 15 19 15 19 14 19 19 29 21 15 18 16 17 28 22 17 25 27 17 20 11 21 25 18 13 14 17 18 16 19 13 20 17 19 19 21 13 17 17 17 15 22 21 13 18 20 22 14 18 17
INF INF INF INF INF INF INF INF INF INF INF INF INF INF INF INF INF INF INF INF INF INF INF INF INF INF INF INF INF INF INF INF INF INF INF INF INF INF INF INF INF INF INF INF INF INF INF INF INF INF INF INF INF INF INF INF INF 0 23 38 43 46 59 64 66 77 87 96 121 133 149 14 24 17 35 47 30 49 60 74 90 104 117 119 135 140 46 43 66 90 113 108 131 36 42 62 86 91 116 140 126 77 88 102 111 31 32 54 65 60 46 64 41 50 57 63 67 20 27 30 51 57 40 46 55 56 57 78 89 32 53 64 68 61 55 62 81 28 34 37 49 46 66 48 52 34 52 59 15 37 38 48 40 44 30 31 16 18 34 55 41 36 50 29 35 49 58 36 47 51 68 40 51 52 70 37 60 53 64 57 44 46 26 41 51 53 40 39 38 58 31 42 53 58 47 52 52 34 42 50 55 28 31 45 50 46 43 21 21 24 25 48 41 44 34 39 37 58 42 37 36 29 33 35 46 36 49 35 40 16 25 32 40 42 52 24 29 32 24 33 32 18 40 29 38 25 37 27 25 34 35 43 31 38 37 31 44 52 23 30 42 39 47 29 42 28 40 35 36 29 35 33 47 38 38 36 36 53 34 37 38 32 39 42 40 35 38 36 34 43 38 16 32 42 24 31 46 7 26 24 41 60 20 21 33 38 28 35 56 48 41 35 37 37 45 40 27 34 47 42 48 48 41 21 29 31 32 29 28 27 39 31 35 33 37 39 34 13 37 33 27 23 33 33 35 22 31 32 39 20 35 37 20 29 30 39 36 25 37 29 19 26 23 28 25 32 35 35 14 14 34 42 34 13 38 41 40 26 27 37 24 25 32 28 28 33 32 16 5 15 24 18 23 34 24 29 22 35 19 37 24 30 39 24 25 26 14 19 26 26 32 30 29 33 28 31 10 21 21 26 16 20 25 18 27 35 32 28 22 22 23 13 26 25 27 20 23 17 23 16 27 22 22 13 21 15 30 23 24 22 19 22 21 23 22 21 23 27 20 21 16 27 22 30 21 22 20 26 17 21 18 25 22 23 31 20 23 6 17 21 9 9 23 22 19 17 23 13 17 13 22 27 15 18 12 17 21 18 5 20
INF INF INF INF INF INF INF INF INF INF INF INF INF INF INF INF INF INF INF INF INF INF INF INF INF INF INF INF INF INF INF INF INF INF INF INF INF INF INF INF INF INF INF INF INF INF INF INF INF INF INF INF INF INF INF INF INF INF 0 15 20 23 36 41 43 54 64 73 98 110 126 139 149 33 51 63 71 48 64 78 94 108 121 123 139 117 62 59 82 106 129 85 108 52 19 39 63 68 93 117 130 81 92 106 115 72 73 95 106 76 62 80 82 54 61 67 71 79 86 86 75 81 17 29 38 39 38 59 70 73 94 45 49 52 58 66 85 44 50 53 65 26 46 25 29 33 53 60 67 23 24 34 32 36 43 18 20 22 22 43 48 23 43 6 12 26 35 13 24 28 45 39 50 44 47 52 75 32 43 34 21 23 24 26 28 39 17 19 22 40 8 19 30 35 24 29 29 45 53 27 32 32 29 23 28 34 20 23 26 45 33 56 20 21 21 26 39 50 34 31 34 27 28 30 36 39 26 30 27 46 13 20 24 29 39 23 28 47 1 14 24 20 38 28 15 19 15 27 27 36 37 38 30 37 29 19 41 31 27 34 35 31 35 31 36 30 27 28 29 37 20 10 31 36 37 36 31 38 11 31 25 9 26 28 38 23 23 16 35 41 26 34 33 33 24 45 36 27 22 28 29 45 27 28 12 17 24 31 41 48 26 27 25 20 24 37 24 25 28 25 29 25 33 23 14 20 26 23 17 11 24 34 30 36 40 33 11 12 27 15 4 5 15 20 33 26 28 35 28 15 27 39 8 22 27 16 34 10 22 24 22 25 17 7 9 18 18 28 17 19 22 19 17 24 27 18 17 20 18 28 21 16 29 27 11 22 14 15 29 16 10 22 22 28 22 24 20 14 22 14 20 10 23 23 16 11 13 18 25 17 23 26 19 13 14 17 18 18 15 19 20 18 27 17 20 21 19 20 14 18 15 21 10 14 13 18 21 19 17 17 5 17 22 4 12 13 18 19 23 20 13 17 11 17 9 14 13 17 16 14 7 19 12 16 15 16 16 10 18 17 19 17 20 17 24 19 16 13 16 15 12 9 16 15 17 18 14 16 14 13 13 16 18 16 13 17 21 16 15 4
INF INF INF INF INF INF INF INF INF INF INF INF INF INF INF INF INF INF INF INF INF INF INF INF INF INF INF INF INF INF INF INF INF INF INF INF INF INF INF INF INF INF INF INF INF INF INF INF INF INF INF INF INF INF INF INF INF INF INF 0 5 8 21 26 28 39 49 58 83 95 111 124 134 18 36 48 56 33 49 63 79 93 106 108 124 102 47 44 67 91 114 70 93 37 4 24 48 53 78 102 115 66 77 91 100 57 58 80 91 61 47 65 67 39 46 52 56 64 71 71 60 66 2 14 23 24 23 44 55 58 79 30 34 37 43 51 70 29 35 38 50 11 31 50 30 34 54 61 65 8 9 19 17 21 28 29 31 33 7 28 33 24 44 25 31 45 54 56 67 42 59 40 37 29 53 37 60 45 56 24 6 8 9 18 34 24 44 25 26 46 46 37 48 33 9 18 36 32 40 12 17 20 14 31 36 19 27 27 30 34 35 43 12 16 6 11 24 42 19 16 19 12 16 18 21 24 36 18 12 31 23 30 9 14 24 37 32 39 43 16 26 5 27 28 21 25 14 14 12 21 22 25 15 22 14 11 33 30 12 19 30 36 27 29 21 15 12 13 14 24 25 26 31 34 23 23 19 23 7 30 24 19 11 13 23 11 18 9 28 26 20 22 28 25 13 30 28 38 20 13 16 39 19 20 22 18 22 22 36 35 21 28 17 26 16 22 9 20 30 24 14 20 24 8 16 18 14 15 10 13 28 24 21 21 25 18 30 27 23 16 22 10 14 19 29 24 13 20 13 11 22 24 12 11 13 27 35 15 24 18 23 25 19 18 20 15 17 23 17 19 26 16 16 17 24 27 27 25 17 20 17 17 24 24 16 20 10 11 14 11 19 15 22 22 13 15 20 17 18 12 19 14 25 23 15 16 18 14 17 18 24 24 18 17 13 14 15 8 17 15 15 16 17 16 16 14 12 16 10 19 19 12 21 14 15 15 16 20 16 18 11 18 12 10 18 19 14 24 23 25 9 13 16 13 12 17 13 17 16 12 13 14 16 7 12 13 17 13 19 14 9 8 16 15 19 15 14 11 14 15 14 14 19 18 7 17 11 12 11 12 11 16 18 11 16 16 15 11 17 13
INF INF INF INF INF INF INF INF INF INF INF INF INF INF INF INF INF INF INF INF INF INF INF INF INF INF INF INF INF INF INF INF INF INF INF INF INF INF INF INF INF INF INF INF INF INF INF INF INF INF INF INF INF INF INF INF INF INF INF INF 0 3 16 21 23 34 44 53 78 90 106 119 129 13 31 43 51 28 44 58 74 88 101 103 119 97 42 39 62 86 109 65 88 32 55 75 99 104 129 153 110 61 72 86 95 52 53 75 86 56 42 60 62 34 41 47 51 59 66 66 87 93 56 67 75 76 18 39 50 53 74 25 29 32 38 46 65 24 30 33 45 42 61 80 25 29 49 56 60 40 19 29 35 39 46 45 47 37 2 23 30 19 39 20 26 40 49 51 62 37 54 35 32 38 61 33 56 41 52 19 20 22 23 36 42 34 44 20 21 41 41 32 43 47 46 43 43 39 47 32 37 40 24 41 44 14 22 22 25 44 32 53 22 23 41 38 42 63 37 33 32 26 30 32 43 37 34 32 10 29 27 34 4 22 32 45 44 46 50 30 28 31 49 46 30 34 24 36 38 33 33 20 10 17 22 6 28 33 38 25 42 35 22 32 29 41 7 8 9 19 20 27 29 29 21 23 33 18 20 43 38 14 32 17 33 35 23 4 23 32 19 27 24 32 23 25 23 47 24 26 11 34 27 28 17 13 26 30 31 47 26 28 12 25 26 36 22 26 28 30 9 25 25 34 28 29 19 28 23 25 24 29 34 29 33 25 37 24 29 12 25 26 18 23 33 19 8 15 27 13 21 33 7 24 27 31 35 18 19 27 18 20 28 21 23 19 16 22 20 22 21 11 20 21 19 22 30 26 30 28 21 12 22 19 12 27 22 23 9 16 15 28 30 17 22 17 18 29 14 7 23 19 20 19 18 16 18 9 17 14 20 28 22 19 8 10 11 24 24 22 13 21 28 11 23 20 11 14 19 14 20 10 20 14 10 23 13 17 14 18 8 13 16 11 18 19 15 23 24 25 4 8 16 8 12 14 8 14 16 12 9 20 20 13 11 12 17 16 19 9 15 14 22 15 16 10 10 10 12 18 13 13 17 16 13 15 12 15 16 8 17 18 16 15 13 12 16 14 20 13
INF INF INF INF INF INF INF INF INF INF INF INF INF INF INF INF INF INF INF INF INF INF INF INF INF INF INF INF INF INF INF INF INF INF INF INF INF INF INF INF INF INF INF INF INF INF INF INF INF INF INF INF INF INF INF INF INF INF INF INF INF 0 13 18 20 31 41 50 75 87 103 116 126 148 35 47 55 25 41 55 71 85 98 100 116 94 46 43 66 90 113 62 85 36 59 79 103 108 133 157 107 58 69 83 92 56 57 79 90 58 46 64 66 31 38 44 48 56 63 66 87 93 60 71 79 80 15 36 47 57 78 22 26 29 35 43 62 85 57 60 51 46 58 77 22 26 46 53 60 37 16 26 32 36 43 42 44 34 56 77 40 36 49 53 59 73 82 74 85 34 51 32 29 35 59 52 75 38 49 16 17 19 20 33 49 31 41 31 38 58 60 29 40 44 43 50 66 36 44 29 34 37 21 38 43 48 56 19 22 41 42 50 19 41 45 35 39 60 34 37 39 23 27 29 40 34 31 29 33 46 39 46 42 38 48 44 41 46 47 27 37 37 59 49 28 32 21 33 44 30 30 42 33 31 36 3 25 37 35 42 40 39 19 35 31 39 47 29 30 40 32 38 44 26 29 31 30 47 39 44 35 35 42 20 30 32 35 35 28 37 42 39 47 29 24 22 20 44 27 34 25 48 24 25 37 27 29 33 28 44 38 36 9 27 23 33 20 23 41 32 36 45 35 40 38 26 25 26 21 24 34 26 31 41 45 39 45 38 26 12 27 28 21 26 36 21 30 37 24 40 24 30 4 22 24 32 42 18 30 24 32 17 25 21 23 24 28 25 23 25 18 31 23 27 22 25 33 28 28 38 23 9 27 23 34 28 19 20 27 13 22 26 27 32 30 26 31 27 26 32 26 29 23 28 15 30 32 24 24 25 31 31 25 29 12 15 16 22 21 25 19 18 29 27 20 19 26 22 25 11 22 19 17 11 20 24 18 22 24 23 5 17 26 19 17 28 12 31 27 23 16 20 17 20 9 14 13 13 16 14 22 20 17 15 16 17 24 19 24 21 14 16 24 12 24 23 16 17 17 25 20 16 25 21 18 25 20 17 19 16 16 27 18 16 18 20 24 19 22 15
INF INF INF INF INF INF INF INF INF INF INF INF INF INF INF INF INF INF INF INF INF INF INF INF INF INF INF INF INF INF INF INF INF INF INF INF INF INF INF INF INF INF INF INF INF INF INF INF INF INF INF INF INF INF INF INF INF INF INF INF INF INF 0 5 7 18 28 37 62 74 90 103 113 135 22 34 42 61 42 55 71 85 98 100 116 81 33 30 53 77 100 49 72 23 46 66 90 95 120 144 107 58 69 83 92 43 44 66 77 45 33 51 53 18 25 31 35 43 50 53 74 80 47 58 66 67 2 23 34 44 65 9 13 16 22 30 49 72 44 47 38 33 45 64 9 13 33 40 47 30 31 37 19 23 30 31 33 21 43 64 51 23 36 40 46 60 69 71 82 21 38 19 16 22 46 39 62 25 36 3 4 6 7 20 36 46 28 18 25 45 47 16 27 31 30 37 53 23 31 16 21 24 27 34 39 46 54 6 9 28 29 52 34 28 32 22 26 47 21 24 26 10 14 16 27 21 18 16 20 33 26 33 29 25 35 32 28 41 34 14 24 24 46 37 34 22 22 33 31 36 17 29 20 18 23 10 28 31 22 29 27 26 26 30 18 26 34 16 17 27 19 25 31 36 24 26 17 34 26 34 22 22 32 25 30 19 22 29 15 24 29 26 34 27 11 9 24 36 22 23 26 36 21 22 34 27 24 20 35 31 25 31 16 15 28 20 7 18 28 20 30 32 22 27 35 13 12 13 8 11 21 13 18 30 34 26 32 30 13 7 20 21 26 29 42 27 17 24 11 27 19 17 11 9 11 19 32 25 27 16 22 4 12 17 19 13 15 20 18 20 25 22 26 15 29 32 20 23 15 25 21 16 28 10 23 15 26 21 18 18 20 13 24 19 17 13 18 14 13 19 21 22 26 18 21 22 24 24 17 18 24 22 18 18 14 12 13 9 15 19 13 18 16 21 20 21 14 21 17 18 20 10 18 18 18 14 15 19 12 16 12 19 13 8 16 15 19 18 25 21 14 18 4 18 13 17 18 20 15 18 11 11 19 13 18 12 15 6 17 19 10 10 18 18 24 14 9 9 15 13 12 12 12 8 18 13 7 13 11 11 14 14 14 12 15 15 13 15 15 11
INF INF INF INF INF INF INF INF INF INF INF INF INF INF INF INF INF INF INF INF INF INF INF INF INF INF INF INF INF INF INF INF INF INF INF INF INF INF INF INF INF INF INF INF INF INF INF INF INF INF INF INF INF INF INF INF INF INF INF INF INF INF INF 0 2 13 23 32 57 69 85 98 108 130 17 29 37 56 37 50 66 80 93 95 111 76 28 25 48 72 95 44 67 18 41 61 85 90 115 139 102 53 64 78 87 38 39 61 72 40 28 46 48 13 20 26 30 38 45 48 69 75 42 53 61 62 63 84 95 39 60 70 31 34 40 48 67 90 39 42 54 28 40 59 40 24 44 35 42 25 26 32 30 34 41 38 38 16 38 59 46 41 54 58 64 78 87 69 80 48 65 30 41 42 66 42 65 52 63 64 29 31 32 31 47 41 53 29 33 51 67 40 45 49 41 48 48 41 49 44 43 44 31 48 49 50 58 48 39 33 28 51 29 42 41 46 44 65 32 19 22 30 30 32 43 26 47 36 15 34 43 38 24 42 52 46 51 42 31 16 26 29 51 51 38 27 31 38 36 38 28 40 28 35 40 35 55 42 50 57 32 21 43 27 36 34 37 32 33 32 14 21 26 31 26 28 33 50 21 39 25 33 37 30 33 47 17 24 33 39 37 40 44 24 26 40 52 45 24 31 31 39 23 24 36 22 26 33 38 59 20 33 36 39 33 36 25 27 30 41 46 46 38 32 40 30 28 26 22 17 18 8 13 28 32 21 33 30 37 21 30 31 31 33 38 33 28 34 36 25 25 40 30 27 19 14 33 36 39 21 17 39 42 23 25 21 25 26 28 16 34 17 25 19 35 38 15 18 16 26 26 33 31 25 26 32 24 22 31 33 16 32 26 34 26 25 23 33 24 14 30 26 37 15 25 20 22 27 17 18 24 28 27 21 15 9 10 16 21 17 16 30 22 24 18 29 28 18 20 35 23 13 13 20 16 22 24 19 20 14 25 20 20 13 21 10 25 13 27 17 11 15 21 15 15 20 15 22 22 19 14 22 21 19 18 19 12 18 15 16 15 20 17 22 25 25 18 19 13 13 18 18 24 3 20 13 19 18 18 15 10 22 14 13 12 15 19 13 23 15
INF INF INF INF INF INF INF INF INF INF INF INF INF INF INF INF INF INF INF INF INF INF INF INF INF INF INF INF INF INF INF INF INF INF INF INF INF INF INF INF INF INF INF INF INF INF INF INF INF INF INF INF INF INF INF INF INF INF INF INF INF INF INF INF 0 11 21 30 55 67 83 96 106 128 15 27 35 54 35 48 64 78 91 93 109 74 26 23 46 70 93 42 65 16 39 59 83 88 113 137 100 51 62 76 85 36 37 59 70 38 26 44 46 55 46 52 56 64 60 50 71 77 40 51 59 60 61 82 93 37 58 68 29 32 38 46 65 88 37 40 52 26 38 57 38 22 42 49 44 23 24 30 28 32 39 36 36 38 60 81 44 39 52 56 62 76 85 67 78 46 63 28 39 40 64 40 63 50 61 62 41 43 34 29 45 39 51 27 31 51 65 38 43 47 39 46 46 39 47 42 47 42 29 46 47 52 60 50 42 31 32 55 27 40 39 44 42 63 30 17 20 28 32 34 45 24 45 34 13 32 41 42 24 40 50 44 49 46 29 14 24 27 49 49 36 25 29 36 34 36 26 38 26 33 38 33 53 40 48 55 30 19 41 39 34 32 35 34 35 36 12 19 24 29 24 26 35 52 19 37 24 32 37 28 31 45 15 22 31 37 35 44 42 22 24 38 50 43 22 29 29 37 30 31 40 20 24 31 36 57 18 31 34 37 31 34 38 25 28 39 44 44 36 30 38 28 26 24 20 15 16 6 11 26 30 19 31 28 39 19 28 29 29 31 40 31 27 34 38 23 23 38 32 40 17 38 38 34 40 19 15 37 43 21 23 19 23 24 26 14 32 39 23 17 36 39 36 28 36 36 25 31 38 38 24 30 22 20 29 31 14 30 28 32 24 34 21 35 28 12 28 24 35 18 25 18 20 25 20 21 27 26 25 19 13 7 8 21 19 15 14 28 20 22 16 29 26 17 18 33 21 11 11 23 14 20 23 21 18 12 23 18 25 11 19 8 23 11 29 15 9 13 20 13 13 18 13 20 20 17 12 24 19 17 16 17 10 16 13 14 13 18 15 20 23 24 16 17 11 11 16 16 22 1 18 11 17 16 16 13 8 20 12 11 10 13 17 11 21 13
INF INF INF INF INF INF INF INF INF INF INF INF INF INF INF INF INF INF INF INF INF INF INF INF INF INF INF INF INF INF INF INF INF INF INF INF INF INF INF INF INF INF INF INF INF INF INF INF INF INF INF INF INF INF INF INF INF INF INF INF INF INF INF INF INF 0 10 19 44 56 72 85 95 117 135 147 101 120 24 37 53 67 80 82 98 63 73 81 104 128 151 31 54 59 82 102 126 131 156 180 89 40 51 65 74 72 73 95 106 27 41 59 70 79 86 92 96 91 75 78 99 105 83 95 104 105 106 127 88 73 94 113 18 21 27 35 54 77 83 86 98 42 27 46 27 31 51 56 63 12 13 23 37 41 48 25 27 29 51 72 37 28 41 45 51 65 74 56 67 35 52 37 35 41 65 57 80 39 50 64 50 52 50 38 54 28 47 19 30 42 63 47 40 36 40 49 35 28 36 43 48 35 18 35 36 43 51 53 38 51 41 47 16 38 28 33 31 52 39 38 38 42 38 40 46 13 34 25 2 21 30 37 42 29 39 35 39 43 18 31 41 40 51 40 25 14 18 30 47 27 28 35 32 23 28 36 49 32 40 47 19 36 34 31 23 21 24 25 26 36 41 43 25 30 13 15 33 50 12 26 27 26 26 17 27 35 40 47 20 29 38 37 39 27 29 44 43 34 24 18 18 41 35 36 29 20 26 27 42 51 43 20 35 26 20 35 27 26 35 28 33 42 32 30 35 20 28 18 27 30 26 26 28 35 39 35 28 29 40 8 17 18 18 23 33 33 32 39 32 16 20 35 21 29 6 27 27 23 33 22 25 31 32 26 28 8 12 21 25 21 35 28 20 27 32 35 28 25 25 34 22 25 27 32 24 22 15 16 24 30 27 24 36 30 13 23 28 27 23 17 19 23 27 28 19 24 21 26 19 20 26 28 22 12 18 21 22 25 23 15 21 31 36 25 16 18 19 6 18 23 24 18 16 20 16 19 18 23 19 1 16 23 29 21 27 18 19 26 31 25 15 5 9 15 18 16 19 20 14 7 3 17 21 14 19 18 17 8 2 6 17 15 23 10 14 15 9 10 19 18 11 12 11 16 10 20 9 13 8 13 10 17 17 17 9 17 19 8 16 13
INF INF INF INF INF INF INF INF INF INF INF INF INF INF INF INF INF INF INF INF INF INF INF INF INF INF INF INF INF INF INF INF INF INF INF INF INF INF INF INF INF INF INF INF INF INF INF INF INF INF INF INF INF INF INF INF INF INF INF INF INF INF INF INF INF INF 0 9 34 46 62 75 85 107 125 137 91 110 126 27 43 57 70 72 88 53 63 71 94 118 141 21 44 49 72 92 116 121 146 170 79 30 41 55 64 62 63 85 96 17 31 49 60 69 76 82 86 81 65 68 89 95 73 85 94 95 96 117 78 63 84 103 107 46 52 60 79 102 89 92 104 59 17 36 17 21 41 46 53 2 3 13 27 31 38 19 21 23 45 66 27 24 44 48 54 68 77 46 57 25 42 27 25 31 55 47 70 29 40 54 55 50 51 28 44 18 37 26 26 46 56 37 48 27 31 40 25 41 40 34 39 33 8 25 26 33 41 43 28 41 37 37 6 28 22 27 40 48 29 32 28 36 30 32 43 3 24 15 28 47 39 46 32 30 40 29 29 33 28 41 40 30 52 34 15 4 8 20 37 17 18 25 22 29 30 41 39 24 32 39 9 26 24 27 33 11 30 26 27 37 37 33 15 20 23 25 33 45 34 16 17 25 33 7 17 25 30 37 51 30 31 27 43 17 19 41 33 28 14 28 8 31 25 26 32 10 16 23 33 41 33 23 25 16 10 25 19 30 25 18 23 32 22 33 25 10 18 8 17 20 27 30 18 33 33 25 37 21 30 10 25 26 8 13 23 23 22 29 22 34 22 37 24 21 19 21 36 29 32 18 15 29 32 26 20 11 13 23 19 21 36 18 10 17 25 28 19 22 15 25 25 18 30 22 32 12 16 17 14 24 21 23 26 29 22 14 19 27 13 7 13 19 17 18 9 19 21 24 9 10 16 18 12 19 8 11 12 18 13 12 13 24 27 21 13 8 21 10 22 20 20 15 6 12 9 9 8 16 9 14 17 13 21 11 18 20 20 17 21 24 13 17 13 10 8 6 14 13 8 12 11 10 19 12 11 11 20 16 15 13 19 13 16 15 20 13 14 12 9 19 15 15 15 17 15 10 13 9 14 6 9 16 10 10 11 10 14 12 15 13
INF INF INF INF INF INF INF INF INF INF INF INF INF INF INF INF INF INF INF INF INF INF INF INF INF INF INF INF INF INF INF INF INF INF INF INF INF INF INF INF INF INF INF INF INF INF INF INF INF INF INF INF INF INF INF INF INF INF INF INF INF INF INF INF INF INF INF 0 25 37 53 66 76 98 116 128 82 101 117 18 34 48 61 63 79 44 54 62 85 109 132 12 35 40 63 83 107 112 137 161 70 21 32 46 55 53 54 76 87 8 22 40 51 60 67 73 77 72 56 59 80 86 64 76 85 86 87 108 69 54 75 94 98 37 43 51 70 93 80 83 95 50 8 27 31 35 55 37 44 66 67 77 41 45 52 10 12 14 36 57 42 15 35 39 45 59 68 37 48 43 60 41 16 22 46 61 73 36 47 61 47 41 42 28 44 57 28 30 17 37 47 43 53 57 52 42 16 32 31 43 48 24 27 34 17 24 32 34 19 32 28 44 25 33 13 18 31 39 43 23 26 34 38 40 50 40 57 6 19 38 30 37 30 21 31 20 20 42 34 34 44 32 45 25 34 28 26 38 39 36 26 38 26 33 21 36 35 16 24 31 24 34 35 25 24 30 36 37 38 32 28 30 30 35 30 32 41 36 29 40 29 18 35 40 12 26 31 38 42 32 27 26 42 8 10 32 24 19 32 20 13 36 17 18 30 15 28 35 52 59 31 32 40 31 29 40 23 34 30 36 41 31 17 27 35 24 28 14 24 27 32 27 27 28 32 16 28 25 43 24 34 35 28 29 29 25 34 31 19 33 29 40 28 25 31 34 32 25 37 14 15 22 23 20 22 29 18 30 24 26 33 31 24 13 17 20 28 23 29 27 21 29 28 35 24 26 19 20 31 25 19 14 20 32 23 18 23 31 23 1 17 13 22 27 29 27 26 15 24 20 26 28 26 13 2 5 6 25 20 24 9 20 24 17 18 28 20 20 18 31 16 9 22 22 4 15 18 11 8 15 14 7 12 9 12 18 23 23 21 19 7 11 23 11 10 10 11 21 10 15 6 16 18 7 6 7 16 16 15 12 16 8 16 18 15 16 17 6 8 17 9 9 19 19 16 9 10 11 11 2 11 23 10 13 8 6 10 8 17 7
INF INF INF INF INF INF INF INF INF INF INF INF INF INF INF INF INF INF INF INF INF INF INF INF INF INF INF INF INF INF INF INF INF INF INF INF INF INF INF INF INF INF INF INF INF INF INF INF INF INF INF INF INF INF INF INF INF INF INF INF INF INF INF INF INF INF INF INF 0 12 28 41 51 73 91 103 57 76 92 33 49 63 76 78 94 19 29 37 60 84 107 128 151 92 85 105 129 134 159 183 85 36 47 61 70 28 29 51 62 72 86 104 68 77 49 55 59 47 54 57 78 84 87 73 73 74 75 96 84 29 50 70 74 77 53 51 70 75 81 84 96 66 86 36 40 44 64 52 36 58 59 69 50 54 57 49 37 39 61 82 57 54 67 71 64 78 87 52 63 52 69 50 61 62 86 69 88 50 37 51 52 50 51 37 53 66 73 49 56 68 87 58 46 51 55 54 72 54 62 55 60 3 6 23 28 35 43 42 45 47 48 19 37 44 52 39 51 50 52 44 47 47 51 53 38 41 32 39 55 74 58 58 51 5 15 28 31 31 35 48 46 39 61 33 13 17 29 41 46 15 16 28 37 40 45 55 46 33 41 48 35 45 50 25 38 42 15 16 17 27 33 40 22 27 30 32 50 67 27 29 30 22 35 25 15 33 36 43 42 35 42 5 21 35 34 35 39 44 32 35 16 13 23 24 36 18 8 15 37 61 39 37 32 18 22 29 17 28 33 23 30 46 20 31 39 23 15 21 18 21 27 28 29 41 45 43 45 29 33 28 34 35 21 8 21 15 20 27 20 31 40 41 9 19 32 13 32 23 27 28 23 21 29 21 18 31 16 33 21 23 23 16 9 16 33 33 14 17 15 20 17 17 7 24 37 25 11 12 17 18 15 20 26 24 29 22 25 25 8 24 23 13 8 13 21 11 13 18 15 16 22 32 11 16 17 18 19 7 11 16 19 23 26 17 13 24 19 15 16 19 24 20 19 14 13 16 15 6 17 10 12 21 11 14 15 22 15 14 12 27 8 12 10 12 11 16 9 18 18 16 12 9 22 16 12 10 22 20 11 13 8 17 22 19 24 12 18 13 13 23 13 15 15 20 16 8 10 16 16 12 12 14 9 10 10 10 14 7 14 13
INF INF INF INF INF INF INF INF INF INF INF INF INF INF INF INF INF INF INF INF INF INF INF INF INF INF INF INF INF INF INF INF INF INF INF INF INF INF INF INF INF INF INF INF INF INF INF INF INF INF INF INF INF INF INF INF INF INF INF INF INF INF INF INF INF INF INF INF INF 0 16 29 39 61 79 91 45 64 80 21 37 51 64 66 82 94 90 70 93 117 140 161 184 80 73 93 117 122 147 171 73 24 35 49 58 46 47 69 80 90 90 108 56 65 72 78 82 35 42 45 66 72 75 61 70 71 72 93 72 47 68 79 83 86 70 77 96 63 69 72 84 75 95 111 41 45 65 40 44 66 67 77 51 55 45 46 45 47 49 70 45 51 65 69 52 66 75 40 51 53 70 51 62 63 87 71 76 57 68 73 50 52 41 52 68 81 74 49 49 56 77 46 57 62 62 69 69 49 57 65 70 52 55 60 65 53 47 50 36 35 36 59 60 48 49 54 52 73 53 56 58 44 48 50 61 51 20 27 43 62 46 46 62 57 67 48 44 45 49 46 56 47 69 46 56 52 29 41 48 57 29 32 51 44 49 52 59 45 38 45 57 58 38 55 27 33 58 46 47 40 46 53 41 46 49 50 51 68 53 47 48 43 61 55 48 21 44 40 49 58 30 31 47 55 45 42 27 38 54 39 43 1 11 12 24 29 42 49 65 62 38 39 51 48 30 51 39 50 52 53 67 34 53 30 38 44 33 45 40 36 23 30 35 48 52 31 43 30 54 48 43 44 54 38 45 31 8 15 30 46 50 50 35 41 34 1 20 30 26 26 32 33 40 33 32 32 18 40 30 32 39 4 22 29 21 24 2 5 3 13 13 21 18 12 25 40 21 22 20 20 16 30 14 34 17 12 17 29 11 34 34 16 35 16 30 21 16 15 18 19 25 30 20 19 20 23 20 3 18 19 23 25 27 20 18 30 16 5 4 20 30 10 23 15 20 26 11 6 14 9 22 24 7 10 15 13 25 21 15 20 8 12 8 12 7 12 12 22 14 8 11 9 10 22 15 10 18 20 10 13 4 14 18 11 23 12 10 11 9 12 6 14 18 22 12 15 6 10 13 10 8 16 14 6 11 13 17 7 12 14
INF INF INF INF INF INF INF INF INF INF INF INF INF INF INF INF INF INF INF INF INF INF INF INF INF INF INF INF INF INF INF INF INF INF INF INF INF INF INF INF INF INF INF INF INF INF INF INF INF INF INF INF INF INF INF INF INF INF INF INF INF INF INF INF INF INF INF INF INF INF 0 13 23 45 63 75 29 48 64 78 94 108 121 123 139 151 74 71 94 118 141 162 185 64 87 107 131 136 161 185 130 81 92 106 115 30 31 53 64 74 74 92 40 49 56 62 66 19 26 29 50 56 59 45 54 55 56 77 88 31 52 63 67 70 54 61 80 47 53 56 68 74 94 113 63 33 51 58 28 50 51 61 39 43 29 30 29 31 33 54 40 35 49 53 59 73 82 72 83 75 92 39 50 51 75 56 79 52 63 57 58 60 25 40 56 66 62 38 37 57 72 49 60 65 47 56 74 33 41 50 55 36 39 44 49 45 53 34 20 23 24 47 54 51 33 38 36 57 41 43 46 28 32 34 45 35 4 11 27 46 44 34 50 41 51 32 28 31 35 32 42 31 53 30 46 36 42 40 32 41 37 16 35 28 33 50 43 51 22 29 41 42 47 39 40 35 48 34 35 28 34 41 25 30 33 35 35 52 37 48 49 31 46 43 32 5 28 24 33 42 40 15 31 45 29 30 45 22 40 23 33 56 35 36 35 35 42 38 49 61 22 37 35 36 14 35 23 34 46 41 51 55 37 29 37 42 28 29 24 27 7 30 35 40 44 15 27 24 39 32 37 36 44 22 29 37 40 44 38 33 34 38 19 25 29 45 44 24 36 10 32 35 24 27 29 31 12 34 29 31 23 42 36 28 29 32 40 38 14 24 17 25 29 34 32 42 21 20 36 22 23 30 25 41 23 31 25 31 17 36 39 8 28 9 26 29 25 26 11 12 18 31 36 11 24 27 27 25 30 25 16 27 11 23 25 23 18 20 27 27 23 26 19 14 22 24 27 16 26 20 21 27 29 30 24 32 20 24 26 32 18 22 19 14 11 16 16 28 18 16 16 22 14 25 18 19 18 22 21 23 18 18 26 19 19 19 18 17 11 19 19 20 19 15 19 17 18 13 17 15 20 25 18 19 19 19 23 17 26 19
INF INF INF INF INF INF INF INF INF INF INF INF INF INF INF INF INF INF INF INF INF INF INF INF INF INF INF INF INF INF INF INF INF INF INF INF INF INF INF INF INF INF INF INF INF INF INF INF INF INF INF INF INF INF INF INF INF INF INF INF INF INF INF INF INF INF INF INF INF INF INF 0 10 32 50 62 16 35 51 65 81 95 108 110 126 138 61 58 81 105 128 149 172 51 74 94 118 123 148 172 117 68 79 93 102 17 18 40 51 61 61 79 27 36 43 49 53 6 13 16 37 43 46 32 41 42 43 64 75 18 39 50 54 57 41 48 67 34 40 43 55 61 81 100 50 20 38 45 15 37 38 48 26 30 16 17 16 18 20 41 27 22 36 40 46 60 69 59 70 62 79 26 37 38 62 43 66 39 50 44 45 47 12 27 43 53 49 25 24 44 59 36 47 52 34 43 61 20 28 37 42 23 26 31 36 32 40 21 7 10 11 34 41 38 20 25 23 44 28 30 33 15 19 21 32 22 43 21 26 45 31 21 37 28 38 19 15 18 22 19 29 18 40 17 33 23 29 27 19 28 24 29 28 35 28 37 30 38 9 16 28 29 42 26 35 22 35 21 22 15 21 28 33 24 27 29 22 39 28 35 36 18 36 30 35 31 24 22 20 29 27 2 18 32 16 17 32 23 27 10 27 46 22 23 22 27 29 25 43 48 27 31 43 23 44 26 26 30 33 28 38 42 38 21 29 29 30 27 27 20 25 35 22 33 37 30 32 28 26 19 25 23 31 28 21 25 34 31 25 20 21 25 6 19 16 37 31 11 23 21 19 22 11 14 16 18 22 21 26 28 20 39 27 22 28 31 38 25 21 31 17 25 27 35 26 29 18 19 29 15 12 18 25 30 10 18 22 25 5 26 29 26 25 10 22 26 26 22 12 13 19 31 23 19 14 17 18 21 23 12 13 20 25 20 13 21 23 15 15 23 16 18 17 11 13 23 25 3 17 7 19 18 19 21 12 26 21 11 26 21 5 9 7 9 14 19 9 15 13 13 9 19 13 16 12 13 20 17 8 10 5 17 24 16 22 16 15 10 10 20 13 13 17 20 14 17 9 14 6 12 15 22 15 7 12 16 20 4 13 19
INF INF INF INF INF INF INF INF INF INF INF INF INF INF INF INF INF INF INF INF INF INF INF INF INF INF INF INF INF INF INF INF INF INF INF INF INF INF INF INF INF INF INF INF INF INF INF INF INF INF INF INF INF INF INF INF INF INF INF INF INF INF INF INF INF INF INF INF INF INF INF INF 0 22 40 52 6 25 41 55 71 85 98 100 116 128 51 48 71 95 118 139 162 41 64 84 108 113 138 162 107 58 69 83 92 7 8 30 41 51 51 69 17 26 33 39 43 51 58 61 82 88 65 22 31 32 33 54 65 8 29 40 44 47 31 38 57 24 30 33 45 51 71 90 40 35 28 35 15 34 35 45 25 29 36 28 16 18 40 61 17 33 26 30 36 50 59 49 60 52 69 41 47 37 61 33 56 29 40 34 35 37 2 26 42 50 59 40 35 51 62 47 55 59 24 33 51 32 40 27 32 13 16 33 38 25 33 21 24 43 31 54 38 34 31 17 30 51 27 22 25 5 9 11 22 25 44 11 27 46 21 28 29 20 30 24 5 30 21 9 19 18 36 29 23 18 30 27 25 25 26 19 27 31 19 27 20 41 31 38 31 19 33 29 26 28 25 11 12 18 24 27 28 26 29 21 12 29 28 30 31 17 26 20 25 22 27 30 33 34 28 15 31 26 6 28 43 23 17 24 26 47 27 28 29 20 19 15 37 48 30 26 33 28 37 37 27 20 23 33 40 36 30 17 25 24 21 22 20 10 25 29 12 26 30 20 31 29 16 23 15 16 21 18 11 22 31 28 30 20 28 17 19 18 6 27 33 21 20 11 19 31 28 16 18 8 12 11 18 20 28 29 19 22 23 26 28 15 28 25 10 18 17 25 22 26 21 22 24 23 15 8 29 33 13 8 13 17 17 23 25 21 23 22 12 17 16 21 24 6 12 21 13 21 18 13 14 21 14 15 20 21 20 10 16 17 24 14 12 20 24 17 19 8 16 23 21 16 20 11 15 14 9 12 15 21 22 24 27 28 13 17 17 15 12 13 12 16 10 17 13 22 18 19 15 16 10 16 12 16 13 11 14 13 19 6 11 10 15 11 11 12 21 16 17 17 15 7 8 13 10 14 17 11 16 13 17 13 20 9
INF INF INF INF INF INF INF INF INF INF INF INF INF INF INF INF INF INF INF INF INF INF INF INF INF INF INF INF INF INF INF INF INF INF INF INF INF INF INF INF INF INF INF INF INF INF INF INF INF INF INF INF INF INF INF INF INF INF INF INF INF INF INF INF INF INF INF INF INF INF INF INF INF 0 18 30 38 57 43 57 73 87 100 102 118 130 29 26 49 73 96 117 140 19 42 62 86 91 116 140 109 60 71 85 94 39 40 62 73 43 29 47 49 58 49 55 59 67 63 53 74 80 43 54 62 63 64 85 96 40 61 71 75 44 50 51 70 11 17 20 32 29 49 68 71 67 60 64 47 49 50 33 35 39 46 44 39 41 63 84 47 49 58 62 68 82 91 76 87 83 100 73 78 47 71 20 43 45 56 52 44 46 37 36 52 65 85 35 34 54 72 65 46 51 46 47 51 50 58 48 53 45 48 52 52 55 63 53 56 34 35 58 32 30 47 50 53 74 37 20 19 27 31 33 44 47 54 33 49 68 51 45 23 41 51 47 35 49 53 44 15 18 40 49 36 40 52 27 25 34 35 39 29 36 33 24 36 41 49 56 53 22 40 46 40 28 53 28 29 39 38 37 48 48 51 36 27 44 38 52 35 34 47 37 47 36 32 39 50 44 38 44 50 25 25 33 41 46 30 39 46 63 30 31 43 23 32 20 40 48 35 26 30 39 36 58 20 31 50 44 48 34 35 21 29 31 17 26 21 24 39 43 35 40 44 22 34 31 38 33 30 23 33 38 43 39 27 15 30 32 22 37 25 22 28 42 23 28 29 30 28 45 45 30 32 30 26 23 30 32 38 31 34 23 35 38 32 27 31 35 33 30 40 31 23 33 40 23 5 15 24 30 33 36 35 29 5 19 33 26 24 28 26 28 24 9 11 15 24 9 15 28 35 22 27 30 10 21 23 33 16 20 23 15 34 20 29 17 28 29 23 13 26 11 23 22 19 24 26 11 18 19 16 13 21 15 24 23 30 22 11 15 17 15 20 18 15 26 20 15 1 18 22 16 18 18 21 23 12 16 18 17 22 18 26 16 17 6 18 22 9 9 21 22 19 23 19 10 8 13 17 24 15 18 7 7 11 9 18 19
INF INF INF INF INF INF INF INF INF INF INF INF INF INF INF INF INF INF INF INF INF INF INF INF INF INF INF INF INF INF INF INF INF INF INF INF INF INF INF INF INF INF INF INF INF INF INF INF INF INF INF INF INF INF INF INF INF INF INF INF INF INF INF INF INF INF INF INF INF INF INF INF INF INF 0 12 20 39 25 39 55 69 82 84 100 112 11 8 31 55 78 99 122 1 24 44 68 73 98 122 91 42 53 67 76 21 22 44 55 25 11 29 31 40 31 37 41 49 45 35 56 62 25 36 44 45 46 67 78 22 43 53 57 26 32 33 52 75 22 25 37 11 31 50 53 49 42 46 29 31 32 15 17 21 28 26 21 23 45 66 29 31 40 44 50 64 73 58 69 65 82 55 60 29 53 25 48 43 54 47 26 28 19 18 34 47 67 40 16 36 54 60 28 33 28 35 33 32 40 31 36 27 30 34 34 37 45 35 38 16 17 40 14 35 29 32 35 56 19 2 5 13 17 19 30 33 36 19 35 54 38 27 9 27 37 29 34 31 35 26 27 22 44 34 37 32 37 31 29 21 22 25 11 18 23 32 38 39 35 42 39 4 26 33 30 24 36 19 20 21 27 19 34 30 33 29 20 37 20 43 17 24 30 21 29 34 30 37 36 26 20 29 42 7 9 23 38 28 28 26 30 52 16 17 28 5 18 25 39 52 31 31 19 29 18 40 23 31 40 34 36 39 23 25 27 13 20 9 7 10 25 26 26 29 30 4 16 13 24 18 23 24 22 27 25 25 13 20 25 18 8 23 27 25 14 28 41 29 30 13 10 31 38 16 18 16 8 9 16 18 24 31 24 12 21 24 21 13 22 25 15 23 30 23 9 15 23 5 21 25 21 16 19 18 21 21 14 25 19 12 28 18 29 16 10 18 14 13 18 19 25 21 20 4 13 16 15 8 14 23 4 23 5 12 23 21 11 16 20 22 11 15 19 21 15 9 12 17 10 13 17 16 11 14 16 21 25 18 20 27 15 19 19 17 12 15 10 15 17 16 15 11 8 16 9 10 13 19 14 17 9 16 22 19 8 9 13 11 14 14 11 14 12 12 13 11 11 6 1 11 12 17 12 11 10 13 12 15 17 12
INF INF INF INF INF INF INF INF INF INF INF INF INF INF INF INF INF INF INF INF INF INF INF INF INF INF INF INF INF INF INF INF INF INF INF INF INF INF INF INF INF INF INF INF INF INF INF INF INF INF INF INF INF INF INF INF INF INF INF INF INF INF INF INF INF INF INF INF INF INF INF INF INF INF INF 0 8 27 13 27 43 57 70 72 88 100 110 76 99 123 146 167 190 195 79 99 123 128 153 177 79 30 41 55 64 9 10 32 43 13 27 45 19 28 35 41 45 53 60 63 84 90 93 24 33 34 35 56 67 10 31 42 46 42 33 40 59 82 10 13 25 41 61 80 42 37 30 37 17 36 37 47 27 31 38 14 16 18 40 61 51 19 28 32 38 52 61 46 57 54 71 43 49 39 63 13 36 31 42 36 37 39 40 28 44 52 61 28 4 24 45 49 17 22 26 35 21 34 42 29 34 15 18 35 22 29 37 23 26 41 15 38 30 23 17 20 32 44 29 25 12 20 24 26 37 29 46 25 23 42 39 25 16 18 28 24 25 29 23 21 31 20 38 29 25 20 32 29 27 27 28 21 29 33 25 36 29 27 33 40 29 37 39 29 32 30 25 19 20 19 15 22 27 28 31 33 27 44 22 32 33 22 28 28 17 24 18 25 34 36 30 17 33 31 6 26 33 23 29 14 18 40 23 24 26 20 31 13 28 50 20 19 37 30 34 37 27 27 35 35 42 27 22 19 27 26 32 19 23 22 19 35 14 29 28 22 33 29 31 28 26 25 29 20 13 29 20 27 24 22 15 30 21 29 21 29 36 30 22 11 18 27 30 23 25 23 17 16 23 25 30 29 21 21 27 30 23 20 24 31 3 11 19 17 16 28 23 24 25 23 17 18 26 35 16 9 14 16 20 19 31 25 27 21 17 18 18 19 23 24 30 20 23 20 20 21 22 23 23 18 17 20 27 12 19 31 21 21 21 13 20 22 22 13 19 20 14 15 19 12 16 16 11 14 17 23 27 17 27 28 17 21 16 15 12 15 14 19 17 17 14 21 17 22 17 18 20 23 13 17 16 4 12 14 22 17 19 20 17 20 21 18 22 15 15 19 19 18 9 18 12 21 19 16 18 15 19 15 13 9
INF INF INF INF INF INF INF INF INF INF INF INF INF INF INF INF INF INF INF INF INF INF INF INF INF INF INF INF INF INF INF INF INF INF INF INF INF INF INF INF INF INF INF INF INF INF INF INF INF INF INF INF INF INF INF INF INF INF INF INF INF INF INF INF INF INF INF INF INF INF INF INF INF INF INF INF 0 19 35 49 65 79 92 94 110 122 132 98 121 145 168 189 212 217 101 121 145 150 175 199 101 52 63 77 86 1 2 24 35 45 59 77 11 20 27 33 37 45 52 55 76 82 85 16 25 26 27 48 59 2 23 34 38 41 25 32 51 74 80 83 63 47 67 86 34 29 22 29 9 28 29 39 19 23 30 22 10 12 34 55 53 27 20 24 30 44 53 43 54 46 63 35 41 31 55 39 62 23 34 28 29 31 32 20 36 44 53 34 29 45 56 41 49 53 18 27 45 26 34 21 26 7 10 27 32 39 47 15 18 37 25 48 32 32 25 12 24 45 21 17 20 20 24 26 37 21 38 26 31 50 31 35 24 15 25 18 23 35 15 28 34 12 30 23 17 12 24 21 19 19 20 13 25 25 30 28 33 37 25 32 27 37 44 23 36 22 19 11 12 17 23 30 22 20 23 25 27 44 30 24 25 17 20 20 19 16 26 24 32 28 22 9 25 23 18 30 45 17 27 18 20 41 21 22 26 22 29 34 45 42 29 30 32 22 32 31 21 30 37 27 34 36 24 11 19 18 25 16 22 17 27 28 6 21 25 14 25 23 31 23 18 17 21 12 5 21 28 35 24 14 23 31 13 23 21 21 30 22 14 20 13 29 22 23 22 23 9 24 20 22 22 23 13 16 29 30 22 24 23 24 4 12 11 31 23 20 15 16 21 22 9 12 23 27 17 23 16 28 12 25 29 17 24 17 22 19 10 15 19 20 26 21 15 19 13 13 14 15 15 10 17 27 19 4 11 23 18 13 13 14 24 17 14 14 17 17 19 10 17 14 16 8 3 6 9 15 19 18 24 22 12 13 14 16 16 7 6 15 9 15 8 16 18 20 9 10 14 18 15 14 16 5 13 15 18 16 17 17 9 15 13 11 18 13 13 11 14 10 10 15 4 18 11 15 13 7 11 7 14 10
INF INF INF INF INF INF INF INF INF INF INF INF INF INF INF INF INF INF INF INF INF INF INF INF INF INF INF INF INF INF INF INF INF INF INF INF INF INF INF INF INF INF INF INF INF INF INF INF INF INF INF INF INF INF INF INF INF INF INF INF INF INF INF INF INF INF INF INF INF INF INF INF INF INF INF INF INF 0 16 30 46 60 73 75 91 103 113 79 102 126 149 170 193 198 82 102 126 131 156 180 82 33 44 58 67 87 88 110 121 131 145 163 174 160 133 139 143 151 158 106 103 109 112 124 115 116 117 138 81 88 95 115 119 122 98 89 108 131 92 95 107 84 104 120 50 10 30 37 44 12 13 23 16 20 27 17 19 21 43 64 37 22 42 46 52 66 75 49 60 62 79 16 27 28 52 36 59 61 72 74 59 61 43 17 33 28 39 15 24 34 53 26 32 37 27 34 52 31 39 30 35 31 18 35 40 45 53 45 30 44 35 47 16 28 20 25 34 55 18 21 23 31 35 37 48 36 35 37 26 45 49 45 27 21 31 27 32 43 47 41 45 21 43 32 25 29 18 30 28 27 14 26 32 38 28 37 47 28 36 43 42 21 34 27 35 23 40 37 38 39 35 22 35 1 4 6 24 41 23 41 32 25 17 17 27 36 30 37 47 25 29 33 45 4 6 28 36 26 24 9 28 51 18 19 31 22 25 32 43 51 33 11 32 30 13 35 18 29 45 28 33 32 20 24 32 34 23 24 19 22 17 25 23 26 30 23 35 31 42 20 8 9 18 16 29 30 31 36 22 22 24 36 12 20 32 18 18 14 24 10 22 38 23 17 19 21 25 17 20 22 26 21 20 9 25 28 19 5 18 24 18 25 29 29 15 30 19 20 19 21 26 21 21 36 24 29 27 18 11 30 10 14 23 16 18 15 14 18 14 15 21 28 19 17 20 23 24 18 23 22 12 20 22 18 19 18 24 8 21 27 15 21 20 17 23 24 11 18 18 12 16 17 8 11 19 13 23 21 22 20 6 10 11 10 11 16 10 21 18 14 13 22 10 22 13 14 20 18 13 11 19 19 20 17 27 19 16 15 13 20 17 16 18 19 15 19 14 14 17 16 9 20 16 8 13 20 14 12 7 18
INF INF INF INF INF INF INF INF INF INF INF INF INF INF INF INF INF INF INF INF INF INF INF INF INF INF INF INF INF INF INF INF INF INF INF INF INF INF INF INF INF INF INF INF INF INF INF INF INF INF INF INF INF INF INF INF INF INF INF INF INF INF INF INF INF INF INF INF INF INF INF INF INF INF INF INF INF INF 0 14 30 44 57 59 75 87 97 63 86 110 133 154 177 182 66 86 110 115 140 164 66 17 28 42 51 71 72 94 105 115 129 147 158 144 117 123 127 135 142 90 87 93 96 108 99 100 101 122 65 72 79 99 103 106 82 73 92 115 76 79 91 68 88 104 34 38 58 33 40 62 63 73 44 48 55 1 3 5 27 48 38 6 26 30 36 50 59 33 44 46 63 44 55 56 71 64 69 50 61 58 43 45 39 45 52 65 67 42 8 18 39 39 16 21 25 34 52 59 67 28 33 15 18 35 40 39 40 46 49 28 19 42 44 40 4 9 22 43 46 14 17 25 24 26 37 40 57 24 10 29 37 29 21 5 15 11 16 33 37 25 34 37 36 16 25 19 22 34 44 27 22 34 18 25 12 34 31 29 37 44 32 30 26 16 19 26 24 25 26 23 19 26 22 27 21 23 27 44 20 31 32 9 26 34 27 39 22 29 38 36 23 17 33 39 10 32 20 10 23 11 28 44 23 24 30 30 25 26 27 51 19 23 32 30 22 32 14 14 33 35 42 27 28 23 31 25 19 20 15 18 23 22 27 19 23 16 28 16 30 15 25 26 21 20 27 25 25 32 30 24 20 35 19 16 26 35 23 31 29 15 6 26 26 11 13 25 22 21 23 25 24 28 15 9 26 29 10 13 11 18 12 20 15 29 15 26 23 19 26 16 10 5 22 25 25 29 20 22 19 24 18 21 29 24 22 22 17 6 15 16 22 27 17 16 14 17 18 11 11 21 14 20 16 19 21 25 23 13 9 22 17 17 14 18 17 21 1 2 20 6 12 19 15 4 11 11 26 19 23 18 4 8 16 8 13 18 8 12 7 5 7 12 14 20 11 12 7 11 7 6 10 13 18 8 20 7 7 8 13 8 11 9 16 19 9 17 9 14 14 11 9 14 16 3 8 4 8 3 8 8
INF INF INF INF INF INF INF INF INF INF INF INF INF INF INF INF INF INF INF INF INF INF INF INF INF INF INF INF INF INF INF INF INF INF INF INF INF INF INF INF INF INF INF INF INF INF INF INF INF INF INF INF INF INF INF INF INF INF INF INF INF INF INF INF INF INF INF INF INF INF INF INF INF INF INF INF INF INF INF 0 16 30 43 45 61 73 83 49 72 96 119 140 163 168 52 72 96 101 126 150 52 3 14 28 37 57 58 80 91 101 115 133 144 130 103 109 113 121 128 76 73 79 82 94 85 86 87 108 51 58 65 85 89 92 68 59 78 101 62 65 77 54 74 90 20 24 44 19 26 48 49 59 30 34 41 42 27 29 49 70 24 47 45 49 31 45 54 19 30 32 49 30 41 42 66 50 55 36 47 53 29 31 25 31 47 60 53 28 28 35 56 25 36 41 41 48 48 45 53 44 49 39 42 56 49 32 26 32 35 14 15 38 39 27 43 40 48 69 32 35 37 28 32 29 40 43 49 34 49 68 25 25 41 43 53 29 34 24 28 25 35 29 51 34 35 39 8 20 36 45 8 20 34 32 30 31 46 24 32 39 49 43 17 38 6 12 37 25 26 19 25 32 29 28 31 29 30 47 32 26 27 22 40 34 36 34 28 22 34 39 9 27 43 34 29 21 6 30 33 32 22 45 10 11 23 24 33 37 47 41 31 38 37 27 43 39 32 36 31 32 53 13 33 9 17 23 12 28 33 15 29 9 14 27 31 29 38 29 34 28 22 23 33 28 33 30 32 39 35 31 40 29 20 34 13 21 39 28 36 30 11 12 20 21 23 11 15 30 9 11 31 18 20 13 20 23 22 16 23 33 20 20 38 23 29 25 25 16 13 23 17 22 13 22 16 26 22 32 22 15 13 19 29 18 19 26 24 29 20 21 22 30 19 22 16 10 11 23 19 18 17 24 32 25 19 27 24 19 21 22 24 14 14 15 17 20 22 17 21 11 23 21 17 14 22 11 24 13 14 18 12 16 10 16 16 21 16 5 16 20 13 23 21 17 19 20 24 24 12 16 20 16 16 18 26 26 17 14 14 23 16 15 17 19 17 20 13 13 15 16 17 23 21 9 13 20 17 14 16 9
INF INF INF INF INF INF INF INF INF INF INF INF INF INF INF INF INF INF INF INF INF INF INF INF INF INF INF INF INF INF INF INF INF INF INF INF INF INF INF INF INF INF INF INF INF INF INF INF INF INF INF INF INF INF INF INF INF INF INF INF INF INF INF INF INF INF INF INF INF INF INF INF INF INF INF INF INF INF INF INF 0 14 27 29 45 57 67 33 56 80 103 124 147 152 36 56 80 85 110 134 36 38 49 63 52 66 67 89 100 110 124 142 153 114 87 93 97 105 112 60 57 63 66 78 69 70 71 92 35 45 49 69 73 76 52 58 77 100 46 49 61 38 58 74 47 51 71 78 52 72 59 69 44 48 55 56 53 55 33 54 59 61 66 40 46 60 69 71 82 59 76 57 68 56 80 49 39 41 52 66 38 40 41 45 61 74 80 51 63 74 72 67 67 72 55 62 63 53 61 58 62 65 64 64 64 45 53 58 61 49 50 73 54 54 57 51 56 74 46 49 48 44 48 50 61 64 63 50 41 60 47 54 52 54 48 61 64 8 12 25 23 18 40 49 26 30 42 27 25 34 35 24 41 36 37 15 37 52 60 51 68 65 31 47 41 28 53 50 51 54 38 40 33 38 41 36 35 52 41 42 43 20 38 45 40 36 41 35 54 39 39 44 39 52 41 52 32 54 33 39 37 60 36 37 23 28 35 42 40 38 44 38 21 31 52 43 36 36 15 29 48 58 45 21 29 31 25 22 28 26 40 24 29 44 48 43 22 23 43 24 15 16 26 18 31 38 47 50 39 45 36 37 16 38 37 27 46 21 33 35 33 47 30 24 26 21 25 37 30 32 30 30 28 31 34 37 28 31 29 30 25 21 35 38 16 31 14 15 16 25 21 23 39 39 35 29 31 25 18 25 35 21 35 23 23 22 24 29 25 26 32 37 30 24 24 25 21 21 29 30 27 29 38 28 31 31 31 31 20 23 29 24 27 23 28 19 22 24 23 28 15 27 25 24 26 26 18 29 35 30 24 28 20 28 19 24 23 22 25 24 27 24 27 21 26 25 21 27 29 27 22 22 30 24 36 27 24 17 27 11 20 20 22 20 20 24 22 24 25 24 12 20 19 22 21 26 23 13 25 15
INF INF INF INF INF INF INF INF INF INF INF INF INF INF INF INF INF INF INF INF INF INF INF INF INF INF INF INF INF INF INF INF INF INF INF INF INF INF INF INF INF INF INF INF INF INF INF INF INF INF INF INF INF INF INF INF INF INF INF INF INF INF INF INF INF INF INF INF INF INF INF INF INF INF INF INF INF INF INF INF INF 0 13 15 31 43 53 19 42 66 89 110 133 138 22 42 66 71 96 120 22 24 35 49 38 52 53 75 86 96 110 128 139 100 73 79 83 91 98 46 43 49 52 64 55 56 57 78 21 31 35 55 59 62 38 44 63 86 32 35 47 24 44 60 33 37 57 64 38 58 45 55 30 34 41 42 39 41 19 40 45 47 52 26 32 46 55 57 68 45 62 43 54 42 66 35 25 27 38 52 24 26 27 31 47 60 66 37 49 60 58 53 53 58 41 48 49 39 47 44 48 51 50 50 50 31 39 44 47 35 36 59 40 40 43 37 42 60 32 35 34 30 34 36 47 50 49 36 27 46 33 40 38 40 34 47 50 50 54 34 39 23 45 51 36 40 42 32 30 39 40 52 27 34 39 39 37 50 58 37 54 51 38 47 27 33 55 36 37 40 40 26 47 49 38 38 37 54 27 50 49 42 43 32 46 41 42 21 40 25 30 48 25 38 27 38 27 46 39 41 47 53 31 32 41 46 41 32 54 24 37 41 45 41 41 53 27 38 1 15 38 44 42 26 34 36 32 8 28 24 26 10 15 30 34 37 49 31 41 29 40 28 33 4 17 30 37 36 31 31 37 42 32 24 23 48 34 33 26 29 32 33 37 30 32 25 29 26 30 18 33 46 35 30 38 37 35 30 35 16 32 27 21 26 29 38 7 8 2 12 18 16 32 34 30 28 25 26 36 16 21 27 36 28 9 24 26 31 24 20 26 39 33 23 17 11 7 17 20 19 13 17 28 21 20 31 30 22 13 16 20 10 15 22 18 9 12 21 9 16 8 20 21 10 18 12 11 15 28 19 13 17 25 17 12 14 16 24 16 16 13 10 19 21 13 11 18 16 16 17 15 22 19 17 29 13 17 3 15 16 6 6 20 18 17 10 20 10 14 10 17 14 11 14 9 12 16 14 19 16
INF INF INF INF INF INF INF INF INF INF INF INF INF INF INF INF INF INF INF INF INF INF INF INF INF INF INF INF INF INF INF INF INF INF INF INF INF INF INF INF INF INF INF INF INF INF INF INF INF INF INF INF INF INF INF INF INF INF INF INF INF INF INF INF INF INF INF INF INF INF INF INF INF INF INF INF INF INF INF INF INF INF 0 2 18 30 40 48 71 95 118 139 162 167 9 29 53 58 83 107 9 11 22 36 25 39 40 62 73 83 97 115 126 129 60 66 70 78 85 75 30 36 39 51 60 61 62 83 94 40 22 42 46 49 25 31 50 73 19 22 34 11 31 47 20 24 44 51 47 45 32 42 17 21 28 29 31 33 6 27 32 34 39 13 19 33 42 44 55 32 49 30 41 29 53 22 12 14 25 39 11 13 14 18 34 47 53 24 36 47 45 40 40 45 28 35 36 26 34 31 35 38 37 37 37 18 26 33 36 22 23 46 27 27 30 24 29 47 19 22 21 17 21 23 34 37 36 23 14 33 20 27 25 27 21 34 37 37 41 21 26 10 32 38 23 27 29 19 17 26 27 39 14 21 26 26 24 37 45 24 41 38 25 34 14 20 42 23 24 27 27 13 34 36 25 25 24 41 14 37 38 29 30 32 33 28 29 8 27 12 17 35 12 25 18 25 14 38 29 28 34 40 18 19 28 33 31 19 41 11 24 28 32 28 28 40 14 25 35 33 26 31 29 13 21 23 19 20 15 18 31 17 22 27 31 24 36 18 28 16 27 15 24 29 31 17 24 23 18 18 24 29 19 11 10 35 21 20 27 23 19 20 24 23 25 12 16 13 17 19 20 33 26 17 25 28 31 17 22 25 19 23 25 13 16 25 17 18 21 21 25 20 19 21 17 20 14 13 23 21 13 19 23 22 14 18 19 20 19 20 26 29 20 17 19 18 19 13 21 19 20 17 18 23 20 21 17 18 22 6 17 12 11 19 14 21 13 21 15 19 18 23 17 15 23 19 21 11 20 24 7 11 18 11 13 18 11 13 18 8 12 18 19 16 14 15 18 18 20 12 9 17 25 7 19 20 10 11 14 19 14 11 20 20 12 16 15 17 12 15 11 17 17 11 16 16 17 14 17 10
INF INF INF INF INF INF INF INF INF INF INF INF INF INF INF INF INF INF INF INF INF INF INF INF INF INF INF INF INF INF INF INF INF INF INF INF INF INF INF INF INF INF INF INF INF INF INF INF INF INF INF INF INF INF INF INF INF INF INF INF INF INF INF INF INF INF INF INF INF INF INF INF INF INF INF INF INF INF INF INF INF INF INF 0 16 28 38 46 69 93 116 137 160 165 7 27 51 56 81 105 7 9 20 34 23 37 38 60 71 81 95 113 124 127 58 64 68 76 83 73 28 34 37 49 58 59 60 81 92 38 20 40 44 47 23 29 48 71 17 20 32 9 29 45 49 53 73 73 45 43 30 40 15 19 26 27 29 31 53 74 30 32 37 11 17 31 40 42 53 57 74 59 70 27 51 20 10 12 23 37 9 11 12 16 32 45 65 28 34 45 52 48 38 43 26 33 34 24 32 29 33 36 35 35 35 38 46 31 34 20 21 44 25 30 28 22 27 45 17 20 19 15 19 21 32 35 34 21 34 53 18 25 23 25 23 36 35 35 39 19 24 8 30 36 21 25 35 17 15 24 25 37 36 41 27 24 22 40 47 22 39 36 23 32 12 18 40 21 22 25 25 11 32 34 35 23 22 39 12 35 36 27 28 30 31 26 28 32 32 10 15 33 10 23 16 23 12 36 27 26 32 38 16 17 26 31 29 17 39 9 22 26 30 26 29 38 12 23 33 31 24 34 27 11 19 21 17 18 13 16 29 15 20 25 29 22 34 16 26 29 25 13 22 27 29 15 22 21 16 16 22 27 17 9 8 33 19 18 25 21 17 18 22 21 23 10 14 22 15 17 18 31 24 15 26 29 29 22 20 23 17 21 23 11 17 23 15 16 19 19 23 18 17 28 15 18 12 11 23 19 23 21 21 20 16 16 17 20 17 18 24 27 18 15 17 16 17 11 19 17 18 15 16 21 18 19 15 20 20 23 25 10 9 17 12 19 14 19 13 17 16 21 15 13 21 17 19 19 18 22 5 9 16 9 11 16 9 11 16 13 14 16 17 14 12 13 20 16 18 10 12 15 23 16 23 19 15 14 17 18 17 16 18 18 10 14 13 15 10 17 12 15 15 14 16 14 18 15 20 15
INF INF INF INF INF INF INF INF INF INF INF INF INF INF INF INF INF INF INF INF INF INF INF INF INF INF INF INF INF INF INF INF INF INF INF INF INF INF INF INF INF INF INF INF INF INF INF INF INF INF INF INF INF INF INF INF INF INF INF INF INF INF INF INF INF INF INF INF INF INF INF INF INF INF INF INF INF INF INF INF INF INF INF INF 0 12 22 30 53 77 100 121 144 149 172 192 216 221 246 270 287 289 153 167 176 21 22 44 55 65 79 97 108 111 42 48 52 60 67 57 12 18 21 33 42 43 44 65 76 22 4 24 28 31 7 13 32 55 61 64 76 28 48 29 33 37 57 57 29 27 28 38 34 38 45 42 30 32 54 75 41 22 21 25 31 45 54 56 67 45 62 43 54 20 44 54 77 43 30 44 28 30 31 30 46 33 53 42 24 44 45 53 39 44 45 47 48 8 16 34 39 26 29 19 24 31 39 35 22 41 35 52 31 35 25 30 11 32 36 12 15 23 18 20 26 29 50 29 31 48 32 39 19 33 7 20 25 45 49 38 28 31 31 25 35 26 33 40 30 16 17 29 32 33 28 37 40 29 31 37 31 39 42 31 33 33 24 20 21 31 35 31 37 42 34 30 21 38 26 38 39 25 41 27 15 24 14 21 16 25 36 28 27 31 26 35 50 37 34 32 16 22 24 25 37 18 27 1 23 47 17 32 42 38 14 36 18 29 33 43 26 39 20 31 33 27 23 15 19 22 23 29 26 35 39 14 26 23 25 29 20 21 13 18 25 30 23 19 21 28 18 33 23 20 24 40 32 18 30 21 23 40 26 14 16 26 21 19 16 18 21 28 15 22 29 29 36 19 4 14 14 22 14 17 19 29 21 22 22 25 17 26 15 17 13 15 20 26 17 22 29 20 25 19 14 24 24 16 15 16 22 31 17 14 18 21 22 20 5 15 14 27 27 22 16 11 21 18 18 24 21 8 17 18 16 16 19 21 16 15 11 16 20 22 21 21 25 24 16 28 19 21 19 21 10 15 16 20 17 15 17 17 23 19 18 9 23 17 16 19 15 15 21 18 10 11 17 15 17 24 13 17 14 16 18 17 18 16 18 15 18 7 18 14 18 19 12 11 14 14
INF INF INF INF INF INF INF INF INF INF INF INF INF INF INF INF INF INF INF INF INF INF INF INF INF INF INF INF INF INF INF INF INF INF INF INF INF INF INF INF INF INF INF INF INF INF INF INF INF INF INF INF INF INF INF INF INF INF INF INF INF INF INF INF INF INF INF INF INF INF INF INF INF INF INF INF INF INF INF INF INF INF INF INF INF 0 10 18 41 65 88 109 132 137 160 180 204 209 234 258 275 277 141 155 164 9 10 32 43 53 67 85 96 99 30 36 40 48 55 45 66 72 75 87 54 55 56 77 88 10 31 51 55 58 34 32 51 74 80 83 92 47 67 17 21 25 45 45 17 39 40 50 31 35 42 30 18 20 42 63 60 35 48 52 58 72 81 51 62 33 50 31 42 43 67 50 73 31 18 32 33 31 32 18 34 47 54 30 37 57 68 41 27 32 36 35 53 35 43 36 41 14 17 34 39 46 54 23 26 45 33 56 43 43 33 20 32 53 33 25 28 28 32 34 45 29 50 34 39 58 51 43 32 23 33 26 31 42 46 39 42 20 42 31 24 20 32 29 27 26 27 39 33 40 39 43 41 43 33 40 35 45 53 31 44 28 26 19 20 25 31 37 40 45 36 38 35 52 38 32 33 25 38 28 26 24 34 32 35 38 41 16 32 25 26 36 51 25 35 26 27 49 19 20 32 29 37 41 38 50 30 38 38 29 40 40 28 39 44 34 41 47 31 19 27 26 33 24 29 25 35 26 14 29 29 27 39 31 39 28 38 25 29 19 13 29 36 43 31 22 31 39 20 30 29 39 38 6 18 9 21 41 30 9 11 31 17 32 19 21 34 30 20 24 23 26 26 25 27 31 12 20 18 33 31 24 22 23 28 21 17 20 22 5 22 31 12 26 19 32 24 24 33 24 30 16 18 22 26 27 28 29 22 27 20 20 21 23 2 12 16 15 27 12 13 18 22 15 21 22 17 24 12 21 15 25 26 17 19 12 8 13 11 14 17 23 19 25 23 16 18 18 18 13 10 15 12 17 17 15 14 15 20 18 15 6 22 12 13 9 20 13 18 13 18 18 17 15 14 22 10 17 18 21 13 19 12 14 18 15 12 21 19 18 15 14 18 15 22 16
INF INF INF INF INF INF INF INF INF INF INF INF INF INF INF INF INF INF INF INF INF INF INF INF INF INF INF INF INF INF INF INF INF INF INF INF INF INF INF INF INF INF INF INF INF INF INF INF INF INF INF INF INF INF INF INF INF INF INF INF INF INF INF INF INF INF INF INF INF INF INF INF INF INF INF INF INF INF INF INF INF INF INF INF INF INF 0 8 31 55 78 99 122 127 150 170 194 199 224 248 265 267 131 145 154 174 175 197 208 218 232 250 261 89 20 26 30 38 45 35 56 62 65 77 44 45 46 67 78 88 75 53 57 60 66 22 41 64 70 73 82 37 57 76 53 52 72 35 42 47 48 58 43 47 54 55 43 45 52 73 50 60 43 47 53 67 76 78 89 65 82 58 60 55 62 40 63 65 76 47 29 31 32 44 60 42 62 44 59 51 63 60 17 22 26 35 53 58 66 29 34 37 40 57 54 58 66 48 39 42 43 61 51 41 58 22 35 56 45 20 23 31 25 27 38 41 62 25 39 58 51 53 27 25 35 48 53 50 54 39 35 38 53 53 47 42 36 47 38 47 48 36 40 47 35 36 46 52 56 46 33 37 49 55 42 41 25 26 27 37 40 43 39 44 47 37 28 45 40 42 38 32 28 21 35 56 43 50 25 34 45 29 45 40 16 38 53 47 28 40 29 52 34 35 47 31 30 32 28 52 20 35 42 40 42 39 29 38 46 45 47 45 40 40 48 36 34 24 30 33 43 45 38 42 19 22 34 31 31 18 31 32 22 27 40 37 31 38 36 36 26 41 24 31 32 49 49 37 37 21 36 43 42 34 35 34 34 27 34 35 38 29 24 31 27 30 24 23 25 35 35 32 35 36 27 38 30 31 27 33 33 34 36 46 39 35 32 32 29 30 41 27 38 34 23 33 32 31 36 34 40 32 26 22 31 28 29 25 37 26 6 31 21 14 27 39 29 24 27 34 13 25 37 34 28 25 28 24 16 15 26 18 24 27 23 31 27 33 37 36 26 23 27 25 22 17 26 25 19 27 17 26 24 24 11 12 30 33 16 20 26 25 24 30 26 23 7 8 19 30 11 11 25 24 18 17 15 8 19 15 15 24 17 25 19 16 20 17 26 24
INF INF INF INF INF INF INF INF INF INF INF INF INF INF INF INF INF INF INF INF INF INF INF INF INF INF INF INF INF INF INF INF INF INF INF INF INF INF INF INF INF INF INF INF INF INF INF INF INF INF INF INF INF INF INF INF INF INF INF INF INF INF INF INF INF INF INF INF INF INF INF INF INF INF INF INF INF INF INF INF INF INF INF INF INF INF INF 0 23 47 70 91 114 119 142 162 186 191 216 240 257 259 123 137 146 166 167 189 200 210 224 242 253 81 88 94 98 106 113 27 48 54 57 69 36 37 38 59 70 80 67 45 49 52 58 66 85 108 95 98 74 73 78 97 45 49 69 76 83 39 40 50 55 59 66 67 69 71 93 114 64 59 72 76 82 96 105 107 118 57 74 55 52 56 80 32 55 57 68 39 40 42 43 56 72 55 64 54 61 81 81 52 63 64 66 73 91 59 67 52 57 60 45 62 67 72 80 42 45 64 65 74 43 42 60 58 62 83 57 60 62 46 50 52 63 33 54 52 66 69 52 59 66 61 70 47 46 70 58 50 60 60 82 52 52 34 45 57 30 39 40 52 56 54 59 46 56 53 61 68 39 56 61 64 53 33 58 52 53 59 63 61 45 50 53 55 53 70 62 46 30 38 56 13 36 55 44 51 51 56 65 49 62 63 8 30 45 69 20 39 37 59 49 48 60 39 22 29 51 67 47 29 50 36 47 55 41 52 54 41 60 46 41 45 53 40 29 38 23 26 41 52 40 55 59 62 66 35 49 43 56 57 14 19 32 29 38 45 43 32 55 38 46 43 47 44 59 60 41 13 35 35 43 32 34 44 42 49 39 41 57 43 16 23 48 51 16 15 17 27 27 24 32 28 41 30 22 23 36 25 30 31 28 46 40 39 40 37 21 34 37 38 46 26 15 25 27 29 28 29 35 24 18 29 30 33 33 17 30 18 19 30 34 27 19 40 32 16 28 26 26 30 35 26 35 27 21 20 29 20 18 30 21 24 29 23 26 31 29 30 20 24 19 17 14 19 24 23 21 19 22 23 20 30 19 20 26 25 21 25 18 28 30 22 34 26 21 22 22 22 25 25 26 38 21 30 20 21 27 16 22 31 23 20 21 20 24 21 26 25
INF INF INF INF INF INF INF INF INF INF INF INF INF INF INF INF INF INF INF INF INF INF INF INF INF INF INF INF INF INF INF INF INF INF INF INF INF INF INF INF INF INF INF INF INF INF INF INF INF INF INF INF INF INF INF INF INF INF INF INF INF INF INF INF INF INF INF INF INF INF INF INF INF INF INF INF INF INF INF INF INF INF INF INF INF INF INF INF 0 24 47 68 91 96 119 139 163 168 193 217 234 236 100 114 123 143 144 166 177 187 201 219 230 58 65 71 75 83 90 4 25 31 34 46 13 14 15 36 47 57 44 22 26 29 35 43 62 85 72 75 51 50 55 74 22 26 46 53 60 16 17 27 32 36 43 44 46 48 70 91 41 36 49 53 59 73 82 84 95 34 51 32 29 33 57 9 32 34 45 16 17 19 20 33 49 32 41 31 38 58 58 29 40 41 43 50 68 36 44 29 34 37 22 39 44 49 57 19 22 41 42 51 20 19 37 35 39 60 34 37 39 23 27 29 40 10 31 29 43 46 29 36 43 38 47 24 23 47 35 27 37 37 59 29 29 11 22 34 7 16 17 29 33 31 36 23 33 30 38 45 16 33 38 41 30 10 35 29 30 36 40 38 22 27 30 32 30 47 39 23 7 15 33 21 29 32 21 28 28 37 42 26 39 40 24 22 37 49 28 23 15 36 34 25 37 17 30 33 42 44 24 36 29 23 24 32 18 29 32 28 37 23 31 39 39 17 23 15 19 22 34 29 17 32 36 39 43 28 26 20 33 34 22 27 37 37 29 36 21 37 32 19 23 20 24 35 36 37 40 29 22 17 25 28 19 21 20 30 26 28 37 32 24 25 31 34 3 6 4 14 14 22 19 23 36 19 22 23 22 22 16 26 15 32 27 16 21 26 12 14 27 25 24 17 23 25 17 16 16 17 23 31 25 26 15 18 19 4 19 21 22 27 27 21 19 22 27 6 19 24 25 14 13 16 16 16 12 7 16 10 23 20 8 11 16 14 5 22 16 16 9 13 9 13 8 2 13 12 4 13 12 10 9 19 16 11 23 19 11 10 5 15 21 16 22 13 11 12 5 22 15 15 9 23 14 16 7 5 14 11 9 15 6 7 12 14 17 8 13 16
INF INF INF INF INF INF INF INF INF INF INF INF INF INF INF INF INF INF INF INF INF INF INF INF INF INF INF INF INF INF INF INF INF INF INF INF INF INF INF INF INF INF INF INF INF INF INF INF INF INF INF INF INF INF INF INF INF INF INF INF INF INF INF INF INF INF INF INF INF INF INF INF INF INF INF INF INF INF INF INF INF INF INF INF INF INF INF INF INF 0 23 44 67 72 95 115 139 144 169 193 210 212 76 90 99 119 120 142 153 163 177 195 206 34 41 47 51 59 66 69 90 96 96 108 117 118 119 140 151 120 20 40 44 47 23 29 48 71 77 80 92 44 31 50 54 58 78 56 63 85 86 96 50 54 61 33 35 37 59 80 57 38 37 41 47 61 70 72 83 66 83 64 48 54 69 70 93 68 79 69 44 46 47 51 63 49 60 62 40 60 70 74 85 62 61 64 64 24 32 50 55 47 50 35 40 47 55 66 51 63 49 68 55 56 36 41 27 48 52 46 49 50 34 36 42 45 66 56 42 61 48 55 53 44 23 36 41 61 65 54 44 47 47 41 51 46 58 56 46 35 36 48 49 49 44 53 56 45 53 53 47 55 58 47 49 49 40 36 37 47 51 47 47 52 50 46 37 54 48 58 46 41 57 45 42 55 54 61 32 41 52 49 43 47 42 51 66 42 52 43 43 38 48 49 55 45 31 34 47 71 57 48 57 54 30 52 37 48 60 59 42 60 47 50 49 43 38 31 38 41 39 48 53 51 55 48 60 19 41 47 40 41 29 34 47 38 45 35 40 52 52 58 42 39 51 35 48 46 47 42 38 44 52 30 31 51 45 53 48 42 37 38 31 5 30 33 36 39 37 46 37 39 30 41 34 44 37 38 41 48 42 37 48 56 29 26 31 42 33 47 45 36 42 35 30 34 20 25 31 32 38 41 33 33 34 37 38 37 27 31 40 16 38 20 32 27 34 34 34 28 37 36 33 22 32 32 29 20 32 24 33 24 30 32 29 41 41 40 46 19 22 16 31 26 26 23 26 31 23 30 26 28 38 35 29 29 39 26 25 27 31 36 32 29 39 26 32 21 9 33 13 24 32 32 22 26 28 17 32 18 31 32 27 29 25 22 26 21 28 23
INF INF INF INF INF INF INF INF INF INF INF INF INF INF INF INF INF INF INF INF INF INF INF INF INF INF INF INF INF INF INF INF INF INF INF INF INF INF INF INF INF INF INF INF INF INF INF INF INF INF INF INF INF INF INF INF INF INF INF INF INF INF INF INF INF INF INF INF INF INF INF INF INF INF INF INF INF INF INF INF INF INF INF INF INF INF INF INF INF INF 0 21 44 49 72 92 116 121 146 170 187 189 53 67 76 96 97 119 130 140 154 172 183 11 18 24 28 36 43 46 67 73 73 85 94 95 96 117 128 97 118 103 107 110 116 98 117 140 146 149 132 59 8 27 31 35 55 33 40 62 63 73 41 45 52 10 12 14 36 57 64 15 35 39 45 59 68 70 81 43 60 41 25 31 55 61 84 45 56 67 27 29 30 28 44 57 37 39 17 37 56 51 62 57 52 45 62 56 40 46 41 24 27 43 48 48 56 43 28 40 26 49 53 53 13 18 31 52 43 23 26 33 28 30 41 44 60 39 19 38 30 36 30 21 31 20 25 40 43 34 38 32 45 25 34 28 40 41 39 12 13 25 27 34 21 36 40 25 33 40 50 39 35 25 28 38 36 30 31 30 28 35 24 29 30 32 31 45 29 40 23 18 35 23 31 35 31 38 45 45 36 26 42 35 19 41 53 19 30 20 32 53 29 30 37 34 8 15 37 61 34 32 34 39 38 34 14 25 44 44 50 52 29 31 39 34 15 20 15 18 32 25 30 28 32 25 37 25 35 24 34 35 24 29 36 15 24 31 17 33 29 38 19 16 32 12 31 25 37 24 15 21 29 20 15 28 22 30 30 32 33 15 24 18 26 29 13 16 14 24 17 25 28 23 24 28 30 28 18 25 19 14 25 34 30 23 28 22 22 24 23 24 38 27 24 11 13 15 24 25 31 29 26 16 23 26 23 14 20 28 20 26 23 17 29 28 23 16 18 27 21 17 23 19 21 21 19 17 21 17 23 21 18 21 17 24 26 23 26 31 13 17 17 17 18 20 17 21 16 17 19 20 21 24 20 21 16 20 18 18 15 18 26 19 24 16 19 19 20 17 17 22 25 22 21 22 17 21 23 21 18 23 23 17 8 13 17 15 23 17
INF INF INF INF INF INF INF INF INF INF INF INF INF INF INF INF INF INF INF INF INF INF INF INF INF INF INF INF INF INF INF INF INF INF INF INF INF INF INF INF INF INF INF INF INF INF INF INF INF INF INF INF INF INF INF INF INF INF INF INF INF INF INF INF INF INF INF INF INF INF INF INF INF INF INF INF INF INF INF INF INF INF INF INF INF INF INF INF INF INF INF 0 23 28 51 71 95 100 125 149 166 168 32 46 55 75 76 98 109 119 133 151 162 171 178 184 188 196 167 170 107 113 52 64 73 74 75 96 107 76 97 82 86 89 95 77 96 119 125 128 111 38 58 77 81 85 105 112 83 58 59 69 44 48 55 56 58 60 82 103 83 61 81 85 49 63 72 74 85 89 106 91 4 10 34 50 73 24 35 49 47 49 46 45 61 74 16 18 33 53 35 49 50 55 55 30 48 59 19 31 36 39 24 22 27 34 42 22 7 26 27 50 57 43 56 56 62 49 46 29 32 40 44 46 57 50 53 46 34 53 62 25 36 46 56 20 25 41 22 35 37 40 62 25 31 16 28 40 43 33 34 46 36 43 48 28 34 4 12 19 34 31 44 29 42 39 51 38 39 31 37 37 40 40 34 35 47 24 38 28 17 25 39 44 33 14 37 42 30 39 17 39 55 14 16 33 45 47 39 13 25 35 14 15 22 27 16 23 45 61 40 32 34 29 50 41 32 40 42 34 29 31 30 39 46 22 20 20 33 23 26 45 33 36 40 4 16 13 37 19 25 26 16 21 17 13 22 29 31 29 24 39 29 34 31 22 31 31 26 20 32 29 11 19 21 31 30 25 24 26 40 19 18 19 5 8 16 19 17 27 15 23 27 23 28 24 24 25 31 31 26 33 17 20 13 6 11 25 11 24 21 17 26 16 17 15 14 19 18 19 25 16 20 20 18 21 5 17 21 12 11 25 17 12 13 30 9 15 18 19 18 8 18 17 16 17 20 20 20 9 2 14 18 8 16 17 27 18 18 24 17 19 13 20 6 11 10 16 13 11 11 17 14 19 13 14 21 20 10 14 13 16 12 14 8 9 13 13 8 8 16 13 12 14 15 20 10 13 17 14 9 17 15 15 7 13 17 10 20 12
INF INF INF INF INF INF INF INF INF INF INF INF INF INF INF INF INF INF INF INF INF INF INF INF INF INF INF INF INF INF INF INF INF INF INF INF INF INF INF INF INF INF INF INF INF INF INF INF INF INF INF INF INF INF INF INF INF INF INF INF INF INF INF INF INF INF INF INF INF INF INF INF INF INF INF INF INF INF INF INF INF INF INF INF INF INF INF INF INF INF INF INF 0 5 28 48 72 77 102 126 143 145 9 23 32 52 53 75 86 96 110 128 139 148 155 161 165 173 144 147 84 90 29 41 50 51 52 73 84 53 74 59 63 66 72 54 73 96 102 105 88 15 35 54 58 62 82 89 60 35 36 46 21 25 32 33 35 37 59 80 60 38 58 62 26 40 49 51 62 66 83 68 66 33 57 41 64 1 12 26 24 26 23 22 38 51 71 31 40 54 58 39 27 32 32 39 43 36 44 35 40 43 1 18 23 30 38 40 43 20 21 44 34 39 33 38 39 45 23 6 9 17 21 23 34 37 40 23 39 58 42 31 13 31 41 24 26 26 30 30 31 26 48 29 8 12 24 31 20 10 11 23 15 22 27 36 11 28 36 43 30 8 31 20 33 23 35 20 21 25 31 17 32 34 37 12 24 1 18 24 25 26 23 21 10 31 34 21 7 16 24 32 40 11 6 27 42 42 28 15 11 34 7 8 20 9 22 14 36 52 29 35 23 13 34 42 12 23 28 18 25 8 15 27 23 18 17 13 11 14 22 23 21 33 37 8 20 17 28 29 27 28 22 27 36 21 17 24 15 6 12 27 15 14 18 24 8 18 14 11 14 11 19 16 13 20 11 13 13 15 28 20 4 11 25 22 20 13 21 29 17 12 30 27 13 20 21 22 12 22 24 20 6 17 13 17 18 20 13 16 16 22 10 15 5 20 15 17 17 18 24 25 6 8 16 16 12 12 6 11 8 20 9 16 12 25 15 14 18 14 15 15 14 14 15 14 12 21 14 15 12 17 15 15 11 21 25 21 7 23 10 14 12 9 12 14 14 16 16 7 17 11 12 12 9 10 16 17 16 15 13 13 21 10 12 13 9 10 11 15 13 10 10 15 11 15 15 10 13 6 14 9 12 14 14 10 14 12 9 8
INF INF INF INF INF INF INF INF INF INF INF INF INF INF INF INF INF INF INF INF INF INF INF INF INF INF INF INF INF INF INF INF INF INF INF INF INF INF INF INF INF INF INF INF INF INF INF INF INF INF INF INF INF INF INF INF INF INF INF INF INF INF INF INF INF INF INF INF INF INF INF INF INF INF INF INF INF INF INF INF INF INF INF INF INF INF INF INF INF INF INF INF INF 0 23 43 67 72 97 121 138 140 151 165 174 85 86 108 119 129 143 161 172 181 188 194 198 206 177 180 79 85 24 36 45 46 47 68 79 86 107 54 58 61 67 75 94 117 104 107 83 10 30 49 53 57 77 84 91 30 31 41 16 20 27 28 30 32 54 75 55 33 53 57 63 77 86 88 99 65 82 63 61 28 52 36 59 61 72 48 25 27 18 17 33 46 66 44 35 55 53 61 72 55 27 34 52 31 39 30 35 38 36 42 47 54 62 51 54 15 16 39 34 38 28 33 34 55 18 1 4 12 16 18 29 32 35 18 34 53 37 26 8 26 36 38 43 30 34 25 26 21 43 37 43 33 36 30 28 37 33 24 10 17 22 31 37 52 34 41 38 3 26 43 29 23 48 18 19 20 26 28 33 29 32 28 19 36 29 45 40 23 29 27 40 33 29 36 35 25 19 28 44 6 8 22 37 37 33 31 37 51 15 16 27 4 17 24 46 51 32 39 18 28 37 40 28 36 39 33 35 42 22 24 32 34 19 8 6 9 24 25 25 28 32 3 15 12 23 24 22 23 23 28 37 24 12 19 24 17 7 22 26 30 13 27 40 28 29 12 9 30 37 15 17 15 7 8 15 17 23 30 25 11 20 23 20 12 21 24 19 26 29 22 8 23 28 29 26 24 20 15 18 17 20 21 13 24 18 11 27 17 28 23 9 17 13 12 17 18 24 20 19 3 12 15 16 7 13 22 3 22 4 11 22 20 10 15 19 21 10 14 18 20 14 9 12 16 9 12 16 15 10 13 20 20 24 17 19 26 14 18 18 16 11 14 9 14 16 16 14 10 7 15 8 9 12 18 13 17 8 16 21 19 7 8 12 10 13 13 10 13 11 11 12 10 10 5 12 10 11 16 11 10 11 12 11 14 16 11
INF INF INF INF INF INF INF INF INF INF INF INF INF INF INF INF INF INF INF INF INF INF INF INF INF INF INF INF INF INF INF INF INF INF INF INF INF INF INF INF INF INF INF INF INF INF INF INF INF INF INF INF INF INF INF INF INF INF INF INF INF INF INF INF INF INF INF INF INF INF INF INF INF INF INF INF INF INF INF INF INF INF INF INF INF INF INF INF INF INF INF INF INF INF 0 20 44 49 74 98 115 117 128 142 151 62 63 85 96 106 120 138 149 158 165 171 175 183 154 157 56 62 65 77 86 87 88 109 120 63 84 95 99 102 71 79 98 121 125 128 124 94 114 133 95 99 119 126 70 71 23 33 54 58 65 66 65 67 89 110 47 71 68 72 78 92 101 103 114 107 124 105 102 64 88 74 97 84 95 89 2 4 5 29 45 38 58 21 36 56 77 91 102 96 65 46 64 65 73 47 26 29 28 45 50 55 63 64 67 45 46 57 26 48 21 15 28 38 56 20 23 8 12 14 25 28 49 14 27 46 19 26 27 18 28 41 46 39 43 12 22 1 23 32 35 29 28 10 8 17 18 30 40 34 20 25 33 34 42 49 34 32 34 33 27 11 36 14 15 25 21 28 33 38 28 19 15 32 28 41 42 20 30 23 37 19 24 31 38 47 22 27 24 29 9 31 42 34 20 22 33 46 30 31 27 32 22 18 40 31 27 29 31 37 30 31 5 16 26 40 31 39 20 4 12 14 10 11 6 9 24 30 18 27 31 22 34 31 19 26 18 6 16 21 34 25 15 22 9 25 26 20 10 7 9 27 31 11 23 14 24 34 15 14 16 11 13 25 13 15 24 24 17 13 28 31 23 26 13 23 23 22 28 27 12 16 24 25 23 19 18 11 24 36 16 11 16 13 20 25 19 14 29 22 17 12 14 19 15 16 22 20 16 17 15 10 11 4 13 18 11 17 14 18 19 22 8 21 15 24 18 8 17 10 16 12 12 20 12 14 14 17 8 6 14 15 19 20 23 21 7 11 12 11 8 13 11 13 13 13 9 10 17 19 14 11 13 17 15 12 5 20 17 16 20 13 14 7 10 11 10 10 20 14 3 13 7 8 11 11 9 15 14 7 12 14 11 12 13 14
INF INF INF INF INF INF INF INF INF INF INF INF INF INF INF INF INF INF INF INF INF INF INF INF INF INF INF INF INF INF INF INF INF INF INF INF INF INF INF INF INF INF INF INF INF INF INF INF INF INF INF INF INF INF INF INF INF INF INF INF INF INF INF INF INF INF INF INF INF INF INF INF INF INF INF INF INF INF INF INF INF INF INF INF INF INF INF INF INF INF INF INF INF INF INF 0 24 29 54 78 95 97 108 122 131 42 43 65 76 86 100 118 129 138 145 151 155 163 134 137 36 42 45 57 66 67 68 89 100 43 64 75 79 82 51 59 78 101 105 108 104 74 94 113 75 79 99 106 50 51 37 47 68 72 79 63 45 47 69 90 61 68 65 69 75 89 98 84 95 87 104 85 82 44 68 84 98 64 75 69 70 72 66 69 85 52 72 74 70 90 69 82 90 76 79 86 92 45 53 63 68 57 42 56 61 68 76 56 59 25 26 49 40 59 49 53 48 18 41 44 47 55 55 57 63 60 81 61 55 74 58 36 51 14 24 37 42 40 44 36 46 35 57 42 49 50 42 35 42 19 20 32 51 44 45 55 57 58 55 40 57 56 58 50 52 45 68 52 53 30 36 43 31 36 39 41 58 75 17 40 41 22 40 30 38 53 39 46 45 48 42 38 4 18 20 32 47 52 36 44 39 47 37 38 37 41 38 35 57 56 42 45 28 38 31 41 21 32 50 43 29 50 34 35 43 39 19 27 22 25 40 32 6 21 25 45 54 51 53 28 43 40 30 35 23 39 19 26 16 21 40 40 26 23 39 43 49 26 32 24 39 51 58 29 22 35 29 15 22 24 40 33 32 23 27 30 38 19 32 42 27 33 24 34 46 35 20 21 25 29 9 25 23 27 40 41 16 29 25 30 44 30 37 30 16 20 22 26 31 22 28 36 34 30 13 16 17 23 19 10 19 33 30 26 11 33 31 13 13 29 26 12 22 24 25 25 25 28 28 17 21 18 21 20 17 25 24 24 24 32 18 22 16 22 21 26 22 15 17 22 19 24 24 27 20 21 21 10 9 13 19 28 27 25 23 24 21 13 19 15 13 16 16 21 13 23 16 17 23 17 16 22 22 19 13 18 22 17 26 19
INF INF INF INF INF INF INF INF INF INF INF INF INF INF INF INF INF INF INF INF INF INF INF INF INF INF INF INF INF INF INF INF INF INF INF INF INF INF INF INF INF INF INF INF INF INF INF INF INF INF INF INF INF INF INF INF INF INF INF INF INF INF INF INF INF INF INF INF INF INF INF INF INF INF INF INF INF INF INF INF INF INF INF INF INF INF INF INF INF INF INF INF INF INF INF INF 0 5 30 54 71 73 84 98 107 18 19 41 52 62 76 94 105 114 121 127 131 139 110 113 12 18 21 33 42 43 44 65 76 19 40 51 55 58 27 35 54 77 81 84 80 50 70 89 51 55 75 82 26 27 13 23 44 48 55 39 21 23 45 66 37 44 41 45 51 65 74 60 71 63 80 61 58 20 44 60 74 40 51 45 46 48 42 45 61 28 48 50 46 66 45 58 66 52 55 62 68 21 29 39 44 33 18 32 37 44 52 32 35 1 2 25 16 35 25 29 24 14 24 27 30 37 31 33 39 36 57 43 31 50 34 12 31 32 42 29 34 16 20 12 22 11 33 34 25 26 18 11 18 15 16 28 32 24 21 31 49 34 31 16 33 47 34 26 28 21 44 28 29 6 12 19 24 15 18 20 34 51 19 38 39 9 27 17 27 29 15 22 21 30 18 14 30 36 29 8 23 28 20 23 28 23 13 14 13 18 22 28 36 32 18 25 24 14 20 34 17 23 26 19 25 39 32 14 22 15 21 23 18 13 16 28 23 28 32 29 30 28 29 15 20 16 18 20 22 28 27 32 20 23 21 16 18 19 28 31 26 21 31 19 15 35 35 19 18 21 21 22 17 19 32 28 20 18 34 37 24 19 15 25 8 16 18 21 22 17 15 16 21 16 10 23 16 28 19 22 20 25 17 6 22 17 34 18 19 18 20 19 20 21 27 22 22 18 7 10 11 13 17 21 14 21 26 21 22 30 25 20 14 18 13 9 18 18 9 20 17 4 13 8 16 12 17 14 13 21 19 22 17 24 6 10 19 10 15 15 10 8 4 14 10 19 19 12 13 14 24 18 9 8 14 9 17 17 20 20 14 11 13 19 14 14 18 20 12 14 9 15 14 7 15 22 15 12 13 11 15 5 17 12
INF INF INF INF INF INF INF INF INF INF INF INF INF INF INF INF INF INF INF INF INF INF INF INF INF INF INF INF INF INF INF INF INF INF INF INF INF INF INF INF INF INF INF INF INF INF INF INF INF INF INF INF INF INF INF INF INF INF INF INF INF INF INF INF INF INF INF INF INF INF INF INF INF INF INF INF INF INF INF INF INF INF INF INF INF INF INF INF INF INF INF INF INF INF INF INF INF 0 25 49 66 68 79 93 102 122 123 145 156 166 180 198 209 218 225 231 235 243 214 217 7 13 16 28 37 38 39 60 71 81 102 46 50 53 22 30 49 72 76 79 75 45 65 84 46 50 70 77 84 22 23 33 51 55 62 63 16 18 40 61 47 60 36 40 46 60 69 71 82 58 75 56 53 15 39 55 69 59 70 40 41 43 37 52 62 38 58 55 62 74 40 53 64 47 51 60 63 16 24 34 39 28 28 27 32 39 47 43 46 33 34 57 26 30 20 25 19 40 53 30 33 40 26 28 34 37 55 46 26 45 29 36 37 28 38 24 29 48 52 44 36 6 28 29 35 21 28 6 13 11 12 24 31 19 16 33 44 37 26 33 39 43 30 29 23 16 39 28 29 38 26 33 33 13 16 15 29 46 21 33 34 34 26 22 37 24 29 36 33 42 18 30 35 43 24 40 50 23 29 18 37 18 19 20 32 37 31 38 39 27 32 23 39 34 30 43 13 24 43 38 34 34 28 9 17 10 18 19 14 15 29 24 23 23 27 31 25 26 33 30 15 11 21 26 37 36 25 27 16 25 36 25 18 15 30 27 27 16 28 29 19 41 30 19 14 27 21 29 18 20 32 24 19 21 33 36 19 22 10 20 20 27 21 16 17 12 24 25 17 24 23 18 21 38 21 17 22 21 28 1 17 13 36 27 22 17 19 22 23 20 26 28 21 13 2 5 6 9 19 23 9 24 22 17 18 27 20 20 21 29 16 9 22 15 4 18 12 11 8 15 23 7 13 9 12 16 24 22 22 19 7 11 17 11 10 10 11 8 10 15 6 15 18 7 12 13 20 16 15 3 10 8 16 17 15 16 17 6 8 19 9 9 19 19 7 9 6 11 11 2 11 18 10 12 8 6 10 8 17 7
INF INF INF INF INF INF INF INF INF INF INF INF INF INF INF INF INF INF INF INF INF INF INF INF INF INF INF INF INF INF INF INF INF INF INF INF INF INF INF INF INF INF INF INF INF INF INF INF INF INF INF INF INF INF INF INF INF INF INF INF INF INF INF INF INF INF INF INF INF INF INF INF INF INF INF INF INF INF INF INF INF INF INF INF INF INF INF INF INF INF INF INF INF INF INF INF INF INF 0 24 41 43 54 68 77 97 98 120 131 141 155 173 184 193 200 206 210 218 189 192 213 219 222 234 243 244 245 266 277 98 119 139 143 146 122 99 118 141 51 54 66 43 63 82 86 90 110 117 105 127 128 138 49 42 60 61 63 65 87 108 64 66 85 45 51 65 74 76 87 91 108 96 107 50 74 54 44 46 57 71 69 71 12 36 52 65 85 69 68 79 75 82 72 77 49 53 68 64 72 52 57 60 63 75 69 72 80 85 88 8 9 32 50 64 64 27 40 61 31 32 35 15 19 21 32 35 56 21 37 56 31 19 38 30 30 43 48 23 27 19 29 32 54 48 41 36 48 41 39 48 46 39 52 41 29 37 40 61 69 76 41 39 43 50 36 36 61 21 22 13 19 26 31 22 25 27 22 39 26 48 49 16 34 30 38 41 22 29 28 37 25 21 37 36 16 15 30 41 27 30 39 44 20 21 20 25 29 25 43 62 25 32 41 21 37 41 35 30 33 26 49 46 43 32 40 39 28 12 27 20 23 39 32 36 40 34 37 38 26 22 25 26 31 27 40 32 34 41 44 30 34 23 25 28 16 39 33 31 32 21 22 41 40 26 28 18 22 34 24 26 39 42 30 25 42 40 40 26 39 35 15 23 37 35 31 38 29 27 34 23 17 18 23 35 23 18 23 27 24 25 31 24 38 25 32 25 27 26 27 28 34 29 23 27 21 23 24 20 24 25 28 28 35 31 26 37 34 28 21 25 20 16 29 25 18 13 16 11 13 15 26 26 24 19 20 28 32 21 24 33 13 17 26 17 22 18 17 26 11 20 17 14 26 21 20 15 20 25 16 17 21 16 24 23 29 17 21 21 21 21 21 23 25 26 21 14 16 17 18 20 22 25 15 16 15 16 20 12 23 20
INF INF INF INF INF INF INF INF INF INF INF INF INF INF INF INF INF INF INF INF INF INF INF INF INF INF INF INF INF INF INF INF INF INF INF INF INF INF INF INF INF INF INF INF INF INF INF INF INF INF INF INF INF INF INF INF INF INF INF INF INF INF INF INF INF INF INF INF INF INF INF INF INF INF INF INF INF INF INF INF INF INF INF INF INF INF INF INF INF INF INF INF INF INF INF INF INF INF INF 0 17 19 30 44 53 73 74 96 107 117 131 149 160 169 176 182 186 194 165 168 189 195 198 210 219 220 221 242 253 74 95 115 119 122 98 75 94 117 27 30 42 19 39 58 62 66 86 93 81 103 104 114 25 18 36 37 39 41 63 84 40 42 61 21 27 41 50 52 63 67 84 72 83 26 50 30 20 22 33 47 45 47 27 26 42 55 75 45 44 55 51 58 48 53 25 34 44 40 48 28 33 36 39 51 45 48 56 61 64 30 31 54 35 40 40 42 43 64 27 30 29 30 34 18 29 32 44 36 38 57 28 35 33 45 6 19 24 43 47 34 34 30 52 24 31 32 35 39 37 46 42 49 46 38 26 34 32 50 58 65 38 38 33 42 22 28 48 36 37 35 35 26 43 44 33 28 37 54 27 44 40 38 27 45 48 38 38 42 43 30 25 38 20 33 27 33 22 46 42 31 37 51 26 27 36 39 44 17 39 60 41 31 40 36 13 35 28 37 48 41 44 44 43 33 29 35 28 31 29 26 39 25 30 33 37 32 36 36 23 39 34 35 12 17 30 35 37 41 32 27 32 41 33 19 29 40 29 39 35 32 27 28 36 32 29 31 25 32 25 27 28 35 14 21 28 31 39 32 36 29 20 22 13 26 29 28 20 21 34 34 32 29 27 38 32 33 32 24 16 1 17 13 31 18 13 28 30 30 14 15 21 34 16 13 2 5 6 28 29 16 9 28 24 17 17 26 20 19 26 24 16 9 19 17 4 18 21 11 8 15 21 7 17 9 12 18 24 26 28 19 7 11 18 11 9 10 11 21 10 14 6 19 18 7 12 13 23 16 15 12 16 8 16 17 15 16 16 6 8 20 9 9 18 19 16 9 10 11 11 2 11 23 10 13 8 6 10 8 17 7
INF INF INF INF INF INF INF INF INF INF INF INF INF INF INF INF INF INF INF INF INF INF INF INF INF INF INF INF INF INF INF INF INF INF INF INF INF INF INF INF INF INF INF INF INF INF INF INF INF INF INF INF INF INF INF INF INF INF INF INF INF INF INF INF INF INF INF INF INF INF INF INF INF INF INF INF INF INF INF INF INF INF INF INF INF INF INF INF INF INF INF INF INF INF INF INF INF INF INF INF 0 2 13 27 36 56 57 79 90 100 114 132 143 152 159 165 169 177 148 151 172 178 181 193 202 203 204 225 236 57 78 98 102 105 81 58 77 100 10 13 25 2 22 41 45 49 69 76 64 86 87 97 8 12 19 20 22 24 46 67 23 25 44 4 10 24 33 35 46 50 67 55 66 20 44 13 3 5 16 30 28 30 10 9 25 38 58 28 27 38 45 41 31 36 19 26 27 23 31 22 27 30 33 34 28 31 39 44 47 13 14 37 18 23 23 25 26 47 10 13 12 13 17 19 30 33 27 19 29 48 11 18 16 28 38 30 28 28 32 17 17 13 35 29 14 18 29 22 20 29 25 32 29 36 27 17 15 33 41 48 35 29 16 25 5 11 36 19 20 18 18 20 30 27 30 16 20 37 21 30 31 21 21 28 37 21 21 25 33 13 8 26 3 16 10 16 5 29 25 19 38 43 9 10 19 24 27 13 33 43 24 19 23 19 22 32 22 28 31 24 27 27 32 16 12 18 11 20 23 9 22 8 13 23 27 15 27 19 24 22 23 18 15 20 22 18 20 24 15 10 15 24 18 2 12 28 12 22 18 15 10 11 19 15 17 14 8 15 8 10 11 25 17 8 19 22 24 15 25 16 19 14 21 22 16 20 23 15 30 27 16 16 10 21 15 16 15 8 17 14 20 17 14 17 9 19 19 13 10 11 17 25 11 12 10 9 10 16 12 17 15 12 9 23 13 12 19 15 20 16 19 3 2 12 5 16 7 12 9 10 18 14 16 10 18 10 23 12 11 17 11 15 9 13 4 9 14 4 11 9 7 15 10 7 7 8 18 9 11 12 10 8 16 12 16 14 11 12 12 19 10 14 14 12 13 10 12 12 11 10 5 15 11 8 12 12 16 8 13 8
INF INF INF INF INF INF INF INF INF INF INF INF INF INF INF INF INF INF INF INF INF INF INF INF INF INF INF INF INF INF INF INF INF INF INF INF INF INF INF INF INF INF INF INF INF INF INF INF INF INF INF INF INF INF INF INF INF INF INF INF INF INF INF INF INF INF INF INF INF INF INF INF INF INF INF INF INF INF INF INF INF INF INF INF INF INF INF INF INF INF INF INF INF INF INF INF INF INF INF INF INF 0 11 25 34 54 55 77 88 98 112 130 141 150 157 163 167 175 146 149 170 176 179 191 200 201 202 223 234 55 76 96 100 103 79 56 75 98 104 107 119 71 91 110 114 118 138 145 62 84 85 95 77 81 88 75 63 65 87 108 21 46 42 46 28 42 51 53 64 68 85 106 117 89 63 79 102 72 83 50 26 28 29 53 44 57 77 33 48 56 64 59 70 75 71 45 45 61 69 46 50 53 56 72 46 29 37 42 45 11 12 35 36 38 56 42 55 68 34 37 40 32 36 38 49 52 73 38 49 68 48 22 41 43 53 63 49 26 30 22 32 35 52 48 32 36 40 44 42 51 49 42 31 38 43 41 57 46 54 61 53 56 14 35 3 9 34 22 23 16 22 29 34 25 28 30 27 44 29 48 49 19 37 31 41 53 25 32 31 40 6 24 40 46 33 18 3 27 30 33 38 47 7 8 20 25 32 38 46 65 28 35 44 24 40 44 29 33 36 29 52 42 44 26 25 31 9 25 30 23 26 6 11 24 28 39 40 26 39 25 30 31 32 30 43 27 36 43 32 33 37 26 28 31 10 35 36 36 33 29 8 9 17 29 31 12 16 29 6 8 28 23 29 10 17 20 28 13 26 36 17 17 35 20 33 24 29 13 28 26 14 19 10 19 13 23 21 35 19 12 18 24 31 15 17 25 21 26 17 18 19 27 16 24 13 7 8 23 24 15 14 21 29 22 16 24 21 16 18 19 21 11 11 19 14 17 19 14 18 8 23 18 14 11 19 8 21 10 11 15 9 13 7 13 13 18 13 2 13 17 10 20 18 14 16 17 21 21 9 13 17 13 15 15 23 23 14 15 11 20 18 12 14 19 14 19 10 16 12 13 14 20 18 6 10 17 17 11 13 6
INF INF INF INF INF INF INF INF INF INF INF INF INF INF INF INF INF INF INF INF INF INF INF INF INF INF INF INF INF INF INF INF INF INF INF INF INF INF INF INF INF INF INF INF INF INF INF INF INF INF INF INF INF INF INF INF INF INF INF INF INF INF INF INF INF INF INF INF INF INF INF INF INF INF INF INF INF INF INF INF INF INF INF INF INF INF INF INF INF INF INF INF INF INF INF INF INF INF INF INF INF INF 0 14 23 43 44 66 77 87 101 119 130 139 146 152 156 164 135 138 159 165 168 180 189 190 191 212 223 44 65 85 89 92 68 45 64 87 93 96 108 60 80 99 103 107 127 134 51 73 74 84 66 70 77 64 52 54 76 97 73 69 66 70 17 31 40 42 53 57 74 95 106 78 52 68 91 61 72 39 15 17 18 42 33 46 66 22 37 45 53 48 59 64 60 34 34 50 58 35 39 42 45 61 35 42 49 31 34 53 48 65 25 47 65 31 44 57 68 36 39 21 25 27 38 41 62 27 38 57 37 44 43 34 44 52 38 52 56 25 35 38 43 37 21 25 37 47 40 49 50 59 44 47 35 42 46 35 43 50 42 45 49 34 42 43 54 11 12 22 24 31 36 41 41 37 28 45 31 37 38 17 35 20 36 45 27 34 37 46 50 30 46 42 22 30 45 47 27 40 37 49 36 37 45 39 29 31 48 68 30 36 46 26 29 44 18 29 39 31 51 51 33 38 14 20 23 24 19 22 28 45 37 42 46 38 47 42 32 23 31 32 21 26 39 22 28 35 22 35 35 38 23 20 22 34 49 37 22 27 27 40 28 28 30 24 24 36 23 25 37 37 23 15 36 30 29 32 26 36 24 31 41 35 38 20 29 30 40 24 18 24 37 8 25 24 15 26 17 29 30 13 28 22 22 19 21 25 24 20 26 31 25 16 22 13 14 20 26 25 20 18 27 25 26 29 23 23 22 21 20 17 23 22 26 23 26 22 23 21 27 27 24 17 25 26 33 33 32 33 15 19 19 19 24 25 19 17 23 23 20 18 26 26 22 19 26 27 22 12 21 22 30 22 19 20 25 24 15 24 22 22 23 25 16 24 15 21 4 19 22 22 23 15 13 9 13 11 11 21
INF INF INF INF INF INF INF INF INF INF INF INF INF INF INF INF INF INF INF INF INF INF INF INF INF INF INF INF INF INF INF INF INF INF INF INF INF INF INF INF INF INF INF INF INF INF INF INF INF INF INF INF INF INF INF INF INF INF INF INF INF INF INF INF INF INF INF INF INF INF INF INF INF INF INF INF INF INF INF INF INF INF INF INF INF INF INF INF INF INF INF INF INF INF INF INF INF INF INF INF INF INF INF 0 9 29 30 52 63 73 87 105 116 125 132 138 142 150 121 124 145 151 154 166 175 176 177 198 209 30 51 71 75 78 54 31 50 73 79 82 94 46 66 85 89 93 113 120 37 59 60 70 52 56 63 50 38 40 62 83 59 55 52 56 62 76 85 71 82 86 103 99 110 64 71 72 95 51 62 76 1 3 4 28 25 38 58 20 35 55 72 77 77 82 63 26 44 55 63 27 25 28 31 48 45 52 60 17 20 39 40 57 63 39 53 17 30 51 54 22 25 7 11 13 24 27 48 13 29 48 23 30 29 20 30 43 48 38 42 11 21 24 46 29 38 28 40 33 31 40 41 45 31 33 21 29 32 33 41 48 33 31 35 32 28 34 40 13 14 24 10 17 22 27 27 23 14 31 17 40 32 19 34 22 29 33 13 20 34 43 36 30 40 28 8 30 45 33 19 26 30 35 28 29 31 32 21 17 34 54 16 28 32 36 37 30 4 15 25 39 43 38 19 24 32 34 9 10 5 8 14 31 34 28 32 24 36 33 18 25 17 18 23 28 33 24 14 21 8 21 28 28 9 6 8 26 35 23 24 13 13 33 14 14 16 10 12 29 24 23 23 23 21 12 32 32 27 30 12 22 22 26 27 26 24 29 20 21 26 18 17 10 23 35 15 10 15 12 19 31 18 21 28 16 24 16 18 23 14 15 21 19 15 16 14 9 10 6 12 17 10 16 13 18 18 24 23 20 14 23 17 7 17 17 15 11 12 20 11 13 13 16 10 5 13 14 21 19 24 21 11 15 11 15 10 15 15 18 12 15 8 12 16 18 14 13 12 17 14 16 7 19 16 15 21 15 13 14 12 10 9 10 21 13 19 12 9 12 10 13 11 14 13 9 12 14 10 12 15 13
INF INF INF INF INF INF INF INF INF INF INF INF INF INF INF INF INF INF INF INF INF INF INF INF INF INF INF INF INF INF INF INF INF INF INF INF INF INF INF INF INF INF INF INF INF INF INF INF INF INF INF INF INF INF INF INF INF INF INF INF INF INF INF INF INF INF INF INF INF INF INF INF INF INF INF INF INF INF INF INF INF INF INF INF INF INF INF INF INF INF INF INF INF INF INF INF INF INF INF INF INF INF INF INF 0 20 21 43 54 64 78 96 107 116 123 129 133 141 112 115 136 142 145 157 166 167 168 189 200 21 42 62 66 69 45 22 41 64 70 73 85 37 57 76 80 84 104 111 28 50 51 61 43 47 54 41 29 31 53 74 50 46 43 47 53 67 76 62 73 77 94 90 101 55 62 63 86 42 53 67 37 39 40 44 60 42 62 22 37 57 63 68 68 73 54 61 70 46 54 57 61 41 44 57 62 58 66 8 11 30 31 54 54 67 44 8 21 42 45 13 16 24 28 30 41 40 61 30 46 65 54 41 20 11 21 34 39 45 49 41 38 31 53 39 51 31 43 40 38 43 44 36 22 29 34 47 32 35 43 46 46 48 48 34 41 41 53 30 31 35 29 36 28 33 36 38 31 48 36 43 44 35 44 39 35 35 32 39 25 34 31 43 59 40 37 37 52 36 46 37 36 54 27 28 40 38 48 32 53 61 35 43 38 41 28 38 40 25 44 46 47 55 40 30 38 36 31 24 37 27 33 44 25 40 44 15 27 24 35 23 34 35 27 32 24 39 24 31 42 29 19 34 38 41 25 50 46 40 33 27 32 50 15 24 26 27 28 20 27 29 35 45 29 35 32 35 43 24 37 40 23 31 21 34 20 35 34 35 38 39 28 27 30 29 20 30 25 36 15 23 39 27 30 20 21 29 25 24 22 23 29 40 27 15 16 19 20 34 31 22 15 37 22 23 23 32 22 25 25 33 22 23 27 21 23 25 28 28 25 24 28 21 22 23 26 32 31 21 31 30 21 25 17 25 24 26 23 26 25 28 22 26 25 26 5 6 10 16 25 16 13 24 18 31 19 20 24 19 18 11 21 22 22 24 12 20 19 17 26 16 11 20 18 11 16 17 21 13 21 13
INF INF INF INF INF INF INF INF INF INF INF INF INF INF INF INF INF INF INF INF INF INF INF INF INF INF INF INF INF INF INF INF INF INF INF INF INF INF INF INF INF INF INF INF INF INF INF INF INF INF INF INF INF INF INF INF INF INF INF INF INF INF INF INF INF INF INF INF INF INF INF INF INF INF INF INF INF INF INF INF INF INF INF INF INF INF INF INF INF INF INF INF INF INF INF INF INF INF INF INF INF INF INF INF INF 0 1 23 34 44 58 76 87 96 103 109 113 121 92 95 116 122 125 137 146 147 148 169 180 1 22 42 46 49 25 31 50 73 79 82 94 46 66 85 89 93 113 118 8 30 31 41 52 56 63 21 9 11 33 54 55 26 39 43 49 63 72 42 53 57 74 95 106 64 71 72 95 22 33 47 46 48 49 53 65 46 66 51 28 48 69 48 48 53 57 66 52 26 34 52 57 21 24 37 42 45 49 14 17 36 24 47 34 50 24 11 23 44 54 16 19 19 23 25 36 20 41 25 30 49 48 34 23 14 24 17 22 38 42 34 33 11 33 22 31 11 23 20 18 27 28 39 24 31 30 42 32 39 24 31 26 36 44 22 35 21 33 10 11 16 22 29 31 36 31 29 26 43 29 23 24 16 32 19 33 15 25 23 31 29 32 23 39 40 17 29 44 16 26 17 25 40 29 30 35 27 28 35 46 41 28 29 41 24 31 41 20 31 42 29 41 50 34 10 18 17 25 15 21 16 26 38 5 20 24 18 30 22 30 22 29 16 20 25 4 20 27 34 32 13 22 30 25 22 20 33 29 21 13 22 12 32 21 22 24 22 8 23 19 21 38 33 22 15 28 29 26 27 24 34 3 11 24 33 22 19 28 20 33 23 8 11 22 26 16 22 15 28 16 24 28 18 27 18 21 18 9 14 20 21 27 20 24 18 12 12 13 14 17 9 18 26 18 3 10 29 17 12 12 13 23 16 13 13 16 16 18 23 16 16 18 7 2 5 8 14 25 17 23 21 13 12 15 17 15 6 5 14 8 14 7 15 20 19 8 9 13 17 16 13 15 4 12 14 18 15 16 17 8 14 12 10 17 12 12 10 13 9 9 14 3 18 10 14 12 6 10 6 13 9
INF INF INF INF INF INF INF INF INF INF INF INF INF INF INF INF INF INF INF INF INF INF INF INF INF INF INF INF INF INF INF INF INF INF INF INF INF INF INF INF INF INF INF INF INF INF INF INF INF INF INF INF INF INF INF INF INF INF INF INF INF INF INF INF INF INF INF INF INF INF INF INF INF INF INF INF INF INF INF INF INF INF INF INF INF INF INF INF INF INF INF INF INF INF INF INF INF INF INF INF INF INF INF INF INF INF 0 22 33 43 57 75 86 95 102 108 112 120 91 94 115 121 124 136 145 146 147 168 179 189 210 154 158 72 78 86 105 128 134 137 149 93 113 132 136 134 154 117 93 115 116 126 94 98 102 103 67 69 91 112 114 79 92 96 102 116 125 41 52 56 73 94 105 106 126 114 137 21 32 46 47 49 50 74 90 45 65 66 50 70 91 47 47 52 56 65 51 67 75 59 64 67 70 78 52 59 48 59 62 81 23 46 60 49 67 10 22 43 66 15 18 26 29 31 42 45 66 32 48 67 47 33 22 13 23 36 41 37 41 33 39 42 64 41 55 46 43 51 40 44 45 38 35 42 39 48 31 52 23 30 47 50 53 40 46 43 55 31 32 15 21 28 30 35 38 32 32 49 28 51 52 18 35 40 37 45 24 31 30 28 39 23 39 45 26 48 63 51 32 24 38 46 29 30 34 39 34 34 45 69 27 41 40 43 30 40 36 43 47 48 42 53 42 38 46 41 41 42 29 32 25 48 4 19 23 17 29 26 36 24 35 36 29 29 42 33 26 33 44 26 21 36 26 38 27 44 28 38 33 28 24 31 39 25 27 29 33 22 29 31 37 47 31 27 34 37 40 26 35 41 17 25 23 36 22 37 31 32 40 25 7 23 21 25 24 34 14 28 26 25 36 29 30 27 23 18 20 24 29 20 26 34 33 17 11 14 15 30 17 8 17 30 24 24 9 31 24 11 11 27 24 18 28 22 24 27 28 24 27 15 23 16 26 18 21 23 33 22 22 30 16 20 14 20 25 26 4 13 15 24 17 28 25 25 7 8 19 16 16 18 22 18 20 26 21 22 19 19 17 13 11 11 16 24 11 21 17 15 23 15 13 21 20 17 11 16 20 15 24 17
INF INF INF INF INF INF INF INF INF INF INF INF INF INF INF INF INF INF INF INF INF INF INF INF INF INF INF INF INF INF INF INF INF INF INF INF INF INF INF INF INF INF INF INF INF INF INF INF INF INF INF INF INF INF INF INF INF INF INF INF INF INF INF INF INF INF INF INF INF INF INF INF INF INF INF INF INF INF INF INF INF INF INF INF INF INF INF INF INF INF INF INF INF INF INF INF INF INF INF INF INF INF INF INF INF INF INF 0 11 21 35 53 64 73 80 86 90 98 69 72 93 99 102 114 123 124 125 146 157 167 188 132 136 50 56 64 83 106 112 115 127 71 91 110 114 112 132 95 71 93 94 104 72 76 80 81 45 47 69 90 92 57 70 74 80 94 103 19 30 34 51 72 83 84 104 92 115 38 49 63 64 66 67 73 89 23 43 45 28 48 69 25 36 41 45 54 29 45 53 48 53 56 59 56 30 37 26 37 40 59 1 24 38 27 45 37 48 52 74 42 33 16 20 22 33 36 57 22 38 57 25 11 30 32 17 29 28 15 19 11 21 24 46 34 33 34 21 33 31 40 41 31 27 34 30 30 41 35 1 8 25 40 44 18 31 23 44 22 23 5 11 18 23 14 17 19 23 40 18 41 31 8 13 30 25 23 14 21 20 6 17 13 29 35 30 41 47 42 19 2 21 36 44 40 12 17 21 27 35 54 17 24 33 32 24 33 14 22 25 37 20 31 27 16 24 29 19 20 15 12 15 34 20 35 39 38 29 12 27 14 21 22 23 19 32 11 20 17 29 22 13 28 17 16 17 31 25 27 31 18 14 31 36 17 19 19 20 14 21 23 29 31 22 17 26 29 32 18 13 23 7 15 24 31 23 30 21 22 26 15 9 19 24 27 2 12 8 22 16 15 19 16 29 17 15 12 13 18 19 20 26 23 24 19 7 10 11 14 16 4 5 20 20 13 5 29 26 7 7 15 8 8 20 17 5 21 22 12 9 10 22 10 18 14 15 19 25 16 19 20 12 15 10 16 17 14 16 9 3 11 7 20 5 8 10 11 15 12 11 9 15 8 16 14 16 17 13 14 11 16 13 17 12 19 7 10 8 7 12 12 10 17 11 13 7 10 14 12 17 13
INF INF INF INF INF INF INF INF INF INF INF INF INF INF INF INF INF INF INF INF INF INF INF INF INF INF INF INF INF INF INF INF INF INF INF INF INF INF INF INF INF INF INF INF INF INF INF INF INF INF INF INF INF INF INF INF INF INF INF INF INF INF INF INF INF INF INF INF INF INF INF INF INF INF INF INF INF INF INF INF INF INF INF INF INF INF INF INF INF INF INF INF INF INF INF INF INF INF INF INF INF INF INF INF INF INF INF INF 0 10 24 42 53 62 69 75 79 87 58 61 82 88 91 103 112 113 114 135 146 156 177 121 125 39 45 53 72 95 101 104 116 60 80 99 103 101 121 84 60 82 83 93 61 65 69 70 34 36 58 79 81 46 59 63 69 83 92 94 105 109 126 107 118 73 93 81 104 62 73 87 68 70 68 62 78 73 93 76 23 43 64 78 55 60 58 67 18 34 42 60 65 46 49 45 19 26 34 45 48 67 34 57 27 35 53 26 37 41 63 31 34 5 9 11 22 25 46 11 27 46 55 44 38 29 6 19 17 36 40 23 19 22 44 24 40 26 37 31 29 38 39 47 28 31 19 28 30 24 32 39 26 29 33 40 26 17 42 11 12 22 28 27 32 37 33 21 12 29 28 38 37 17 32 20 14 34 31 38 35 34 31 30 46 26 25 30 45 31 27 24 15 38 43 44 31 17 29 17 39 52 33 31 34 33 13 35 33 34 32 38 48 36 16 22 30 18 21 16 30 24 32 29 24 26 30 33 45 28 16 23 15 16 12 17 30 22 31 33 18 15 31 38 19 26 6 31 31 21 22 30 22 24 30 24 22 8 12 27 23 21 33 34 14 21 25 28 27 30 28 25 20 22 13 25 22 20 20 21 24 24 18 8 32 29 13 21 26 17 16 29 25 19 24 18 13 18 20 25 14 15 21 28 13 16 18 13 14 25 14 15 20 21 30 22 16 26 23 18 12 21 27 17 22 17 16 17 20 22 17 22 20 23 29 17 25 26 24 25 28 31 15 19 18 19 9 14 15 17 10 14 18 18 18 19 17 18 10 16 23 16 13 20 24 13 19 20 16 17 15 11 20 17 16 16 18 18 15 16 8 14 12 20 18 11 16 17 21 13 21 11
INF INF INF INF INF INF INF INF INF INF INF INF INF INF INF INF INF INF INF INF INF INF INF INF INF INF INF INF INF INF INF INF INF INF INF INF INF INF INF INF INF INF INF INF INF INF INF INF INF INF INF INF INF INF INF INF INF INF INF INF INF INF INF INF INF INF INF INF INF INF INF INF INF INF INF INF INF INF INF INF INF INF INF INF INF INF INF INF INF INF INF INF INF INF INF INF INF INF INF INF INF INF INF INF INF INF INF INF INF 0 14 32 43 52 59 65 69 77 48 51 72 78 81 93 102 103 104 125 136 146 167 111 115 29 35 43 62 85 91 94 106 50 70 89 93 91 111 74 50 72 73 83 51 55 59 60 24 26 48 69 71 36 49 53 59 73 82 84 95 99 116 97 108 63 83 71 94 52 63 77 58 60 58 52 68 63 83 66 13 33 54 68 45 50 48 57 8 24 32 50 55 36 39 35 9 16 24 35 38 57 24 47 17 25 43 16 27 31 53 21 24 32 34 36 42 32 53 38 49 68 46 34 28 19 29 32 12 37 41 30 40 43 59 37 46 33 27 39 50 32 33 44 18 25 30 49 27 14 22 29 16 26 44 37 37 40 48 36 30 25 24 22 22 27 30 32 37 54 23 45 27 28 43 32 4 24 27 34 40 24 21 26 42 24 15 37 52 31 38 23 5 28 33 34 35 7 20 27 47 60 23 37 32 23 21 32 34 34 22 28 38 29 9 21 29 16 24 6 29 27 28 40 34 37 41 23 35 18 38 21 34 35 26 25 27 27 32 23 11 27 27 42 30 34 25 40 44 39 36 20 12 14 22 30 27 21 10 28 26 28 43 25 28 15 15 18 25 28 26 36 22 30 24 29 28 18 26 27 23 32 29 24 30 25 23 11 16 23 24 27 32 27 14 19 27 20 19 18 21 22 28 26 25 23 28 10 11 19 26 25 17 12 27 23 26 28 18 27 23 27 24 14 20 18 19 7 10 16 7 14 21 27 23 13 21 22 24 15 18 28 12 16 22 16 21 12 16 21 14 14 16 8 23 22 19 9 24 24 15 15 19 20 17 17 23 11 16 15 15 18 18 10 21 14 15 8 18 11 16 14 18 19 9 12 9 10 14 10 17 14
INF INF INF INF INF INF INF INF INF INF INF INF INF INF INF INF INF INF INF INF INF INF INF INF INF INF INF INF INF INF INF INF INF INF INF INF INF INF INF INF INF INF INF INF INF INF INF INF INF INF INF INF INF INF INF INF INF INF INF INF INF INF INF INF INF INF INF INF INF INF INF INF INF INF INF INF INF INF INF INF INF INF INF INF INF INF INF INF INF INF INF INF INF INF INF INF INF INF INF INF INF INF INF INF INF INF INF INF INF INF 0 18 29 38 45 51 55 63 34 37 58 64 67 79 88 89 90 111 122 132 153 97 101 15 21 29 48 71 77 80 92 36 56 75 79 77 97 60 36 58 59 69 37 41 45 46 10 12 34 55 57 22 35 39 45 59 68 70 81 85 102 83 94 49 69 57 80 38 49 63 44 46 44 38 54 49 69 52 24 44 65 76 31 36 40 49 62 22 30 43 48 22 25 23 28 35 43 42 45 64 35 58 3 25 43 48 25 46 39 42 45 18 22 24 35 23 44 24 40 59 46 45 47 47 57 18 23 48 33 36 32 35 45 23 32 24 36 44 40 34 35 31 25 32 32 41 38 33 41 48 29 37 44 23 36 31 34 24 25 35 35 8 29 34 32 34 25 42 9 32 33 25 33 18 34 43 27 34 32 41 34 24 31 39 18 40 55 17 25 18 28 51 19 20 32 30 27 34 42 65 30 30 39 33 7 29 21 20 39 38 30 29 35 27 35 2 10 25 22 25 27 39 38 27 31 44 43 23 29 7 22 23 19 24 20 24 33 33 37 13 19 34 26 20 19 39 30 26 29 23 13 36 33 25 27 21 25 20 15 17 35 24 21 16 22 25 11 14 12 22 19 26 26 29 29 4 12 13 29 30 25 12 22 27 14 24 29 26 10 13 29 21 37 5 20 29 22 17 7 8 14 27 20 24 14 17 18 12 18 16 12 16 27 20 17 19 26 14 16 28 19 21 15 10 16 17 20 15 20 17 13 19 16 19 20 22 16 30 23 28 15 19 12 19 16 21 19 21 10 14 18 18 19 13 17 18 14 20 18 16 13 14 22 9 21 18 16 17 18 15 20 13 12 20 18 21 14 9 6 11 13 10 20 15 15 15 15 14 17 12
INF INF INF INF INF INF INF INF INF INF INF INF INF INF INF INF INF INF INF INF INF INF INF INF INF INF INF INF INF INF INF INF INF INF INF INF INF INF INF INF INF INF INF INF INF INF INF INF INF INF INF INF INF INF INF INF INF INF INF INF INF INF INF INF INF INF INF INF INF INF INF INF INF INF INF INF INF INF INF INF INF INF INF INF INF INF INF INF INF INF INF INF INF INF INF INF INF INF INF INF INF INF INF INF INF INF INF INF INF INF INF 0 11 20 27 33 37 45 16 19 40 46 49 61 70 71 72 93 104 114 135 79 83 86 92 22 41 64 70 73 85 37 57 76 79 59 79 42 18 40 41 51 19 23 27 28 19 21 23 44 50 33 43 47 53 67 76 78 89 91 108 65 76 31 55 39 62 20 31 45 36 38 39 20 36 42 62 41 14 34 55 58 13 18 22 31 49 31 39 25 30 31 34 42 14 21 29 24 27 46 25 48 44 30 31 36 34 36 21 24 27 35 21 23 34 25 38 21 31 50 51 35 31 39 49 22 17 39 15 28 31 21 43 27 29 26 32 30 22 31 32 13 23 25 30 32 30 19 27 34 21 31 44 32 37 25 21 22 23 29 25 31 22 27 30 31 24 41 32 38 32 23 24 31 29 29 28 25 25 28 32 25 41 27 16 38 49 26 36 6 25 48 21 22 26 27 38 32 24 48 16 31 32 28 40 32 25 34 42 33 42 34 34 24 32 32 30 24 26 29 29 28 29 36 24 26 25 26 27 29 18 19 26 21 26 28 35 28 36 23 26 34 22 27 36 21 27 24 33 20 22 30 31 27 27 26 29 27 31 33 36 24 28 25 20 23 22 25 23 27 14 22 29 32 25 34 18 19 15 25 24 21 24 30 27 31 30 28 19 27 34 3 27 24 24 25 27 23 26 10 16 29 22 6 19 22 20 23 27 29 9 30 24 17 16 19 13 18 23 24 12 23 18 12 21 23 25 20 15 14 19 14 24 23 19 25 22 28 25 29 17 19 21 21 20 20 21 26 21 19 16 26 9 21 14 15 23 23 15 19 17 15 23 22 25 22 21 16 15 23 14 19 23 26 14 16 13 11 15 17 14 26 17 19 18 18 21 17 24 18
INF INF INF INF INF INF INF INF INF INF INF INF INF INF INF INF INF INF INF INF INF INF INF INF INF INF INF INF INF INF INF INF INF INF INF INF INF INF INF INF INF INF INF INF INF INF INF INF INF INF INF INF INF INF INF INF INF INF INF INF INF INF INF INF INF INF INF INF INF INF INF INF INF INF INF INF INF INF INF INF INF INF INF INF INF INF INF INF INF INF INF INF INF INF INF INF INF INF INF INF INF INF INF INF INF INF INF INF INF INF INF INF 0 9 16 22 26 34 41 44 65 71 74 86 95 96 97 118 129 139 160 104 108 111 117 125 144 167 154 157 133 132 152 171 104 48 68 31 38 60 61 71 8 12 19 20 22 24 46 67 74 25 45 49 55 69 78 80 91 95 112 54 65 20 44 28 51 53 64 77 25 27 28 9 25 38 58 40 27 47 45 59 70 75 19 26 44 23 31 22 27 30 33 34 39 46 54 44 35 38 24 47 63 34 23 28 26 47 10 13 16 24 26 28 39 42 27 30 29 48 47 34 20 31 41 30 35 38 4 17 27 13 35 29 18 22 29 22 20 29 25 2 21 14 19 29 44 44 52 59 46 48 33 35 26 15 40 28 29 28 33 20 11 16 19 21 29 46 21 34 21 12 21 32 18 28 36 43 43 17 28 31 42 16 18 40 46 29 25 24 19 42 10 11 15 20 27 34 46 43 25 26 21 23 29 21 22 28 31 28 31 38 23 16 24 26 27 20 20 18 30 17 18 26 30 15 14 15 33 18 7 8 15 10 15 22 24 28 25 25 15 30 11 24 25 10 29 13 24 9 25 39 22 16 16 27 21 16 23 24 25 13 17 21 28 31 11 14 12 16 3 11 21 21 14 28 7 8 24 19 13 16 13 28 16 21 19 17 8 17 25 13 28 13 16 14 16 21 15 16 22 20 11 15 17 18 18 12 22 18 6 21 21 14 19 24 22 14 13 13 13 21 7 13 10 12 15 15 14 15 8 18 16 18 19 19 11 17 14 23 16 20 10 13 9 14 16 17 10 14 10 18 7 13 11 12 18 17 16 16 13 4 12 14 19 20 15 16 16 19 15 17 17 15 12 15 12 8 9 16 10 15 16 13 14 17 20 13 13 7
INF INF INF INF INF INF INF INF INF INF INF INF INF INF INF INF INF INF INF INF INF INF INF INF INF INF INF INF INF INF INF INF INF INF INF INF INF INF INF INF INF INF INF INF INF INF INF INF INF INF INF INF INF INF INF INF INF INF INF INF INF INF INF INF INF INF INF INF INF INF INF INF INF INF INF INF INF INF INF INF INF INF INF INF INF INF INF INF INF INF INF INF INF INF INF INF INF INF INF INF INF INF INF INF INF INF INF INF INF INF INF INF INF 0 7 13 17 25 32 35 56 62 65 77 86 87 88 109 120 130 151 95 99 102 108 116 135 158 145 148 124 123 143 162 95 39 59 22 29 51 52 62 45 49 43 44 30 32 39 60 67 49 69 73 79 93 102 104 115 107 124 45 56 57 81 65 88 90 101 89 16 18 19 43 59 67 68 31 46 38 59 55 66 71 53 60 78 47 55 56 30 33 36 53 58 51 59 35 26 29 15 38 55 57 47 34 47 68 47 39 42 22 17 19 30 33 54 28 44 63 38 25 44 37 47 38 43 29 33 25 27 30 52 43 43 34 46 39 37 45 43 45 45 39 27 36 47 44 52 59 39 46 41 43 34 35 45 19 20 19 25 32 18 23 26 28 20 37 27 29 12 20 38 28 25 46 28 35 34 43 31 27 43 34 23 36 51 37 33 28 26 49 41 42 26 28 35 32 49 60 31 25 28 30 32 28 19 30 39 35 57 44 30 33 41 40 24 25 20 23 29 37 28 34 38 32 43 39 24 26 23 24 29 33 46 30 29 21 23 31 38 43 24 21 23 1 20 29 26 28 28 39 29 29 22 25 27 39 31 33 38 4 22 27 22 25 2 5 3 13 13 21 18 12 17 32 21 22 20 20 16 25 14 34 26 12 17 25 11 34 32 18 35 16 16 21 16 15 18 19 25 30 21 21 20 21 20 3 18 21 23 25 28 20 18 30 16 5 18 23 26 22 26 15 29 26 11 6 14 9 15 24 7 10 15 13 17 21 15 20 8 12 8 12 7 12 12 22 14 8 11 9 10 22 15 10 18 20 10 13 4 14 18 11 23 12 10 11 9 12 6 14 14 21 12 15 6 10 13 10 8 16 14 6 11 13 17 7 12 14
INF INF INF INF INF INF INF INF INF INF INF INF INF INF INF INF INF INF INF INF INF INF INF INF INF INF INF INF INF INF INF INF INF INF INF INF INF INF INF INF INF INF INF INF INF INF INF INF INF INF INF INF INF INF INF INF INF INF INF INF INF INF INF INF INF INF INF INF INF INF INF INF INF INF INF INF INF INF INF INF INF INF INF INF INF INF INF INF INF INF INF INF INF INF INF INF INF INF INF INF INF INF INF INF INF INF INF INF INF INF INF INF INF INF 0 6 10 18 25 28 49 55 58 70 79 80 81 102 113 123 144 88 92 95 101 109 128 151 138 141 117 116 136 155 88 32 52 15 22 44 45 55 38 42 36 37 23 25 32 53 60 42 62 66 72 86 95 97 108 100 117 38 49 50 74 58 81 83 94 82 9 11 12 36 52 60 61 24 39 31 52 48 59 64 46 53 71 40 48 49 23 26 29 46 51 44 52 28 19 22 23 46 48 50 40 27 40 61 40 32 35 15 10 12 23 26 47 21 37 56 31 33 39 30 40 31 36 30 34 19 20 23 45 36 36 27 39 32 30 38 36 46 38 32 20 29 40 37 45 52 32 39 34 36 27 28 38 12 13 23 20 27 32 36 35 22 13 30 20 22 23 18 33 21 37 41 23 30 36 36 39 28 44 27 16 29 44 30 27 25 31 45 34 35 32 33 29 25 42 53 26 18 35 23 25 28 12 23 33 28 50 37 27 26 34 33 17 18 13 16 24 30 21 27 31 25 37 34 17 24 16 17 22 27 40 23 22 29 16 24 32 36 17 14 16 34 34 22 23 21 23 32 22 22 15 18 20 33 24 26 31 31 23 20 37 31 17 20 18 26 21 29 30 26 10 25 22 23 34 25 19 18 29 37 23 18 18 18 18 30 26 11 29 23 9 19 21 26 22 18 24 27 14 14 21 14 15 14 20 25 18 22 21 25 26 27 21 20 22 22 21 15 24 20 23 19 20 18 19 21 21 24 18 13 21 22 10 27 30 22 14 18 19 18 18 23 18 16 20 22 16 20 19 26 13 14 15 21 22 18 15 22 24 23 20 21 16 7 16 16 10 10 24 14 22 20 17 14 18 10 13 22 16 16 17 14 18 16 21 18
INF INF INF INF INF INF INF INF INF INF INF INF INF INF INF INF INF INF INF INF INF INF INF INF INF INF INF INF INF INF INF INF INF INF INF INF INF INF INF INF INF INF INF INF INF INF INF INF INF INF INF INF INF INF INF INF INF INF INF INF INF INF INF INF INF INF INF INF INF INF INF INF INF INF INF INF INF INF INF INF INF INF INF INF INF INF INF INF INF INF INF INF INF INF INF INF INF INF INF INF INF INF INF INF INF INF INF INF INF INF INF INF INF INF INF 0 17 25 32 35 56 62 65 77 86 87 88 109 120 130 151 95 99 102 108 116 135 158 145 148 124 123 143 162 95 39 59 66 34 56 57 67 45 49 43 44 35 37 39 60 67 49 69 73 79 93 102 104 115 107 124 45 56 57 81 65 88 90 101 89 90 92 72 46 62 72 68 44 51 71 78 55 66 71 56 63 81 47 55 59 30 33 36 53 58 51 59 40 26 29 30 53 60 57 47 52 50 71 47 50 52 60 39 41 52 41 62 65 47 66 75 40 56 55 65 38 43 37 41 40 49 37 59 43 43 42 48 46 38 45 43 53 47 54 49 58 58 57 65 62 47 57 63 48 56 35 45 41 42 34 27 34 39 43 46 48 42 59 14 37 38 37 55 50 45 55 30 37 49 51 46 35 51 53 43 36 51 42 48 43 46 52 41 42 41 46 50 56 49 67 33 41 49 38 59 35 39 34 53 43 60 61 50 32 40 46 44 45 35 38 31 54 42 52 56 50 51 48 46 38 44 42 51 38 51 44 42 49 50 18 41 44 39 41 35 56 50 30 42 34 30 53 30 33 9 29 33 42 41 42 46 49 32 33 47 50 24 27 25 35 24 32 37 55 4 19 17 18 34 44 32 26 36 32 29 39 39 47 25 28 44 40 33 30 43 33 27 32 32 33 27 40 34 40 15 18 19 25 32 31 22 31 37 30 31 32 42 27 23 34 15 22 35 22 30 22 25 12 18 16 18 20 29 22 21 31 4 24 37 16 14 18 27 18 22 23 18 10 21 19 18 28 30 29 21 22 9 15 17 19 12 25 23 22 31 25 10 11 17 10 14 14 21 8 21 18 17 18 21 18 7 19 14 10 15 16 17 10 15 12
INF INF INF INF INF INF INF INF INF INF INF INF INF INF INF INF INF INF INF INF INF INF INF INF INF INF INF INF INF INF INF INF INF INF INF INF INF INF INF INF INF INF INF INF INF INF INF INF INF INF INF INF INF INF INF INF INF INF INF INF INF INF INF INF INF INF INF INF INF INF INF INF INF INF INF INF INF INF INF INF INF INF INF INF INF INF INF INF INF INF INF INF INF INF INF INF INF INF INF INF INF INF INF INF INF INF INF INF INF INF INF INF INF INF INF INF 0 8 15 18 39 45 48 60 69 70 71 92 103 113 134 78 82 85 91 99 118 141 128 131 107 106 126 145 78 22 42 49 17 39 40 50 28 32 26 27 18 20 22 43 50 32 52 56 62 76 85 87 98 90 107 28 39 40 64 48 71 73 84 72 73 75 55 29 45 55 51 27 34 54 61 38 49 54 39 46 64 30 38 42 13 16 19 36 41 34 42 23 9 12 13 36 43 40 30 35 33 54 30 33 35 43 22 24 35 24 45 48 30 49 58 23 39 38 48 21 26 20 24 23 32 20 42 26 26 25 31 29 21 28 26 36 30 37 32 41 41 40 48 45 30 40 46 31 39 18 28 24 25 17 10 17 22 26 29 31 25 42 17 37 38 20 38 33 28 38 13 20 32 37 29 18 34 36 26 19 34 25 31 26 29 35 24 25 24 29 33 39 32 50 16 24 32 25 46 18 22 17 36 30 43 44 33 23 31 31 27 28 18 21 14 37 25 35 39 33 34 31 29 21 27 25 34 21 34 27 25 32 33 21 33 27 22 24 18 39 33 13 25 17 13 36 13 16 18 20 24 34 24 26 29 32 21 16 30 33 7 10 8 18 18 26 20 38 28 29 20 21 30 27 15 20 19 33 18 28 25 30 13 28 31 26 34 16 33 16 18 20 18 17 23 32 23 29 19 22 23 8 21 20 23 27 27 22 21 28 25 10 19 28 21 20 19 19 21 25 16 11 24 14 21 24 12 15 20 18 24 26 20 23 13 17 13 17 12 17 17 20 15 17 16 14 15 24 20 15 22 19 15 18 9 19 25 20 29 17 19 20 14 23 19 20 23 28 20 19 11 17 18 15 13 24 19 11 16 18 22 12 17 20
INF INF INF INF INF INF INF INF INF INF INF INF INF INF INF INF INF INF INF INF INF INF INF INF INF INF INF INF INF INF INF INF INF INF INF INF INF INF INF INF INF INF INF INF INF INF INF INF INF INF INF INF INF INF INF INF INF INF INF INF INF INF INF INF INF INF INF INF INF INF INF INF INF INF INF INF INF INF INF INF INF INF INF INF INF INF INF INF INF INF INF INF INF INF INF INF INF INF INF INF INF INF INF INF INF INF INF INF INF INF INF INF INF INF INF INF INF 0 7 10 31 37 40 52 61 62 63 84 95 105 126 70 74 77 83 91 110 133 120 123 99 98 118 137 70 14 34 41 9 31 32 42 20 24 18 19 10 12 14 35 42 24 44 48 54 68 77 79 90 82 99 20 31 32 56 40 63 65 76 64 65 67 47 21 37 47 43 19 26 46 53 30 41 46 31 38 56 22 30 34 39 22 25 33 38 26 34 15 1 4 5 28 35 32 22 27 25 46 22 25 27 35 14 16 27 16 37 40 22 41 50 15 31 30 40 13 18 12 16 15 24 12 34 18 30 17 23 21 13 22 18 28 22 29 24 33 33 32 40 37 22 32 38 23 31 16 34 16 17 9 15 22 27 18 21 23 17 34 22 29 30 12 30 25 31 30 18 16 24 29 21 17 33 28 18 11 26 17 23 18 21 40 16 17 16 21 25 31 39 42 21 25 37 17 38 37 21 26 29 22 40 36 35 15 23 23 24 21 22 16 19 29 23 27 31 27 26 23 21 13 19 17 26 23 34 19 28 33 27 14 25 19 21 23 10 31 25 5 17 19 13 36 5 8 10 12 16 26 20 22 35 33 21 16 22 25 32 22 25 28 11 19 26 30 20 23 18 19 23 19 13 12 19 28 10 20 23 22 5 20 23 20 27 10 27 21 23 22 12 9 15 25 17 23 15 18 19 15 18 12 17 24 19 25 13 20 17 15 15 21 16 12 11 11 13 22 21 7 17 11 18 20 19 22 16 27 21 25 20 15 9 13 7 13 13 18 11 17 7 15 13 21 21 16 14 15 14 11 12 13 16 12 19 12 24 23 17 14 20 15 17 16 17 20 13 11 9 10 12 13 14 20 12 10 13 13 17 8 18 15
INF INF INF INF INF INF INF INF INF INF INF INF INF INF INF INF INF INF INF INF INF INF INF INF INF INF INF INF INF INF INF INF INF INF INF INF INF INF INF INF INF INF INF INF INF INF INF INF INF INF INF INF INF INF INF INF INF INF INF INF INF INF INF INF INF INF INF INF INF INF INF INF INF INF INF INF INF INF INF INF INF INF INF INF INF INF INF INF INF INF INF INF INF INF INF INF INF INF INF INF INF INF INF INF INF INF INF INF INF INF INF INF INF INF INF INF INF INF 0 3 24 30 33 45 54 55 56 77 88 98 119 63 67 70 76 84 103 126 113 116 92 91 111 130 63 67 87 94 2 24 25 35 56 60 11 12 3 5 7 28 35 17 37 41 47 61 70 72 83 75 92 73 70 32 56 72 95 76 87 57 58 60 61 57 63 40 60 25 19 39 46 60 71 49 53 62 64 15 23 41 46 15 18 26 31 19 27 8 11 30 30 53 28 28 15 20 18 39 53 25 28 36 7 9 20 9 30 33 15 34 43 40 32 23 33 6 11 34 34 36 17 5 27 11 25 10 22 14 6 15 16 28 15 22 17 26 26 36 43 30 15 25 31 16 24 9 27 9 10 20 25 16 21 26 20 19 10 27 17 22 23 15 26 18 27 23 28 9 28 31 24 17 29 24 11 28 43 10 25 11 14 35 23 24 29 16 27 34 38 35 31 18 31 22 32 31 14 25 31 27 33 32 28 8 16 16 19 14 15 14 29 27 16 20 24 27 39 16 14 17 13 10 19 20 27 12 21 26 20 7 29 18 17 16 25 31 18 15 20 16 6 29 15 18 18 20 19 29 17 19 31 31 20 9 32 28 25 28 18 23 7 15 19 23 16 18 19 19 21 22 16 5 24 21 20 15 20 15 14 13 20 18 23 12 20 16 16 17 14 2 8 21 11 19 14 11 12 8 11 20 10 19 12 18 21 13 24 10 9 17 17 15 12 4 15 15 14 18 15 14 11 19 12 15 14 22 21 21 25 25 9 13 13 13 12 17 13 11 7 8 10 14 14 18 15 13 7 13 15 13 9 8 16 10 17 17 10 11 13 8 14 14 19 19 6 4 11 3 7 14 9 17 5 8 6 6 10 8 17 8
INF INF INF INF INF INF INF INF INF INF INF INF INF INF INF INF INF INF INF INF INF INF INF INF INF INF INF INF INF INF INF INF INF INF INF INF INF INF INF INF INF INF INF INF INF INF INF INF INF INF INF INF INF INF INF INF INF INF INF INF INF INF INF INF INF INF INF INF INF INF INF INF INF INF INF INF INF INF INF INF INF INF INF INF INF INF INF INF INF INF INF INF INF INF INF INF INF INF INF INF INF INF INF INF INF INF INF INF INF INF INF INF INF INF INF INF INF INF INF 0 21 27 30 42 51 52 53 74 85 95 116 60 64 67 73 81 100 123 110 113 89 88 108 127 60 64 84 91 98 36 37 47 68 72 79 80 82 84 106 127 61 74 82 86 92 106 115 117 128 72 89 70 67 29 53 69 92 73 84 54 55 57 58 69 85 52 72 69 76 96 54 67 78 61 65 74 92 74 82 48 53 56 42 59 64 69 77 57 60 79 80 71 40 44 34 39 52 73 70 44 47 55 59 61 49 6 27 34 40 59 43 50 51 42 52 65 60 67 31 44 54 57 79 56 45 7 19 31 3 12 13 25 44 37 41 47 63 35 40 47 12 29 52 57 48 6 31 29 30 40 46 53 18 23 26 28 26 43 35 19 20 28 39 23 25 28 46 47 49 33 43 22 38 45 26 48 63 45 30 31 11 32 33 34 35 13 26 33 55 52 45 33 28 19 37 28 14 25 28 24 47 48 29 35 43 13 19 11 15 18 30 25 13 28 32 46 39 24 33 34 29 30 24 29 38 33 25 32 17 33 46 15 19 16 22 32 40 33 40 31 18 39 44 24 15 17 16 26 22 24 33 29 26 21 36 39 22 25 23 33 26 33 35 30 36 15 24 25 18 28 16 32 30 34 25 12 17 22 25 10 24 22 20 25 24 21 23 27 12 13 19 29 21 22 11 14 15 16 22 17 18 26 23 26 18 24 29 20 20 33 21 17 9 15 12 12 11 19 12 15 22 16 20 14 21 23 18 20 24 27 16 20 21 20 11 16 10 8 14 15 14 13 19 15 13 14 25 19 16 16 17 16 18 18 23 16 17 15 17 20 18 17 22 20 19 13 19 14 17 11 12 21 14 12 14 15 19 15 18 12
INF INF INF INF INF INF INF INF INF INF INF INF INF INF INF INF INF INF INF INF INF INF INF INF INF INF INF INF INF INF INF INF INF INF INF INF INF INF INF INF INF INF INF INF INF INF INF INF INF INF INF INF INF INF INF INF INF INF INF INF INF INF INF INF INF INF INF INF INF INF INF INF INF INF INF INF INF INF INF INF INF INF INF INF INF INF INF INF INF INF INF INF INF INF INF INF INF INF INF INF INF INF INF INF INF INF INF INF INF INF INF INF INF INF INF INF INF INF INF INF 0 6 9 21 30 31 32 53 64 74 95 39 43 46 52 60 79 102 89 92 68 67 87 106 39 43 63 70 77 15 16 26 47 51 58 59 61 63 85 106 40 53 61 65 71 85 94 96 107 51 68 49 46 8 32 48 71 52 63 33 34 36 37 48 64 31 51 48 55 75 33 46 57 40 44 53 71 53 61 27 32 35 21 38 43 48 56 36 39 58 59 50 19 23 13 18 31 52 49 23 26 34 38 40 28 31 48 40 19 38 22 29 30 21 31 44 39 46 50 44 35 38 60 35 28 14 21 33 45 4 5 17 35 29 21 26 42 37 19 26 37 40 35 36 28 37 43 36 37 47 53 33 26 31 30 32 41 58 14 26 27 35 43 15 30 18 25 32 45 40 27 26 42 47 38 37 43 45 22 20 31 11 12 13 25 30 24 31 46 54 28 31 32 27 23 36 6 17 36 31 36 27 21 27 26 20 11 12 7 10 25 17 17 28 32 25 18 19 40 23 8 9 16 21 30 31 18 25 9 18 29 30 11 8 24 28 43 14 26 28 33 34 23 16 7 20 14 30 30 25 25 17 18 14 31 34 29 18 28 27 18 25 14 9 15 20 17 18 10 17 20 26 15 32 18 25 27 14 24 23 26 14 30 23 16 15 17 22 16 17 23 21 20 17 16 18 15 8 14 20 12 18 15 20 20 21 13 18 14 27 13 9 16 19 17 13 14 22 11 15 18 21 12 15 23 9 21 15 16 16 17 21 13 21 12 16 16 20 18 17 16 14 18 14 17 15 20 19 10 14 9 15 16 20 24 17 19 11 12 12 11 14 19 14 18 12 11 14 10 15 13 13 13 11 14 14 12 14 17 12
INF INF INF INF INF INF INF INF INF INF INF INF INF INF INF INF INF INF INF INF INF INF INF INF INF INF INF INF INF INF INF INF INF INF INF INF INF INF INF INF INF INF INF INF INF INF INF INF INF INF INF INF INF INF INF INF INF INF INF INF INF INF INF INF INF INF INF INF INF INF INF INF INF INF INF INF INF INF INF INF INF INF INF INF INF INF INF INF INF INF INF INF INF INF INF INF INF INF INF INF INF INF INF INF INF INF INF INF INF INF INF INF INF INF INF INF INF INF INF INF INF 0 3 15 24 25 26 47 58 68 89 33 37 40 46 54 73 96 83 86 62 61 81 100 33 37 57 64 71 9 10 20 41 45 52 53 55 57 79 100 34 47 55 59 65 79 88 90 101 45 62 43 40 40 64 61 84 46 57 27 28 30 31 42 58 25 45 42 49 69 65 40 51 34 38 47 65 47 55 21 26 29 15 32 37 42 50 30 33 52 53 44 13 17 7 12 25 46 43 17 20 28 32 34 22 25 42 34 13 32 16 23 24 15 25 38 33 40 44 38 42 37 59 29 22 26 15 27 44 24 25 37 29 36 15 22 36 31 13 20 31 34 29 30 22 32 37 34 35 45 51 27 32 37 24 26 35 52 8 31 32 40 37 14 24 12 19 26 39 44 21 31 47 41 35 31 39 54 21 14 25 5 15 16 24 27 23 30 40 48 22 30 28 27 17 31 26 30 42 25 30 21 29 26 20 26 24 30 24 27 35 25 30 22 26 19 31 28 37 17 2 3 13 18 30 30 12 19 29 12 23 38 6 28 23 28 37 8 20 22 27 28 17 11 13 18 22 24 30 31 20 25 15 22 25 28 28 21 22 21 18 19 25 27 9 24 11 12 21 15 24 20 18 26 14 24 29 12 19 27 20 8 25 21 14 9 11 16 18 15 21 25 17 11 14 17 18 21 20 16 17 16 18 15 17 15 17 17 8 21 16 14 14 14 17 16 19 17 16 18 12 19 20 21 19 3 15 11 19 10 11 15 9 15 16 18 14 15 20 13 12 26 17 8 13 14 14 14 19 16 17 9 10 15 20 17 14 15 6 15 18 18 20 13 13 17 12 14 12 13 12 17 18 6 11 17 21 12 13 6
INF INF INF INF INF INF INF INF INF INF INF INF INF INF INF INF INF INF INF INF INF INF INF INF INF INF INF INF INF INF INF INF INF INF INF INF INF INF INF INF INF INF INF INF INF INF INF INF INF INF INF INF INF INF INF INF INF INF INF INF INF INF INF INF INF INF INF INF INF INF INF INF INF INF INF INF INF INF INF INF INF INF INF INF INF INF INF INF INF INF INF INF INF INF INF INF INF INF INF INF INF INF INF INF INF INF INF INF INF INF INF INF INF INF INF INF INF INF INF INF INF INF 0 12 21 22 23 44 55 65 86 30 34 37 43 51 70 93 80 83 59 58 78 97 30 34 54 61 68 6 7 17 38 42 49 50 52 54 76 97 31 44 52 56 62 76 85 87 98 42 59 40 37 37 61 58 81 43 54 24 25 27 28 39 55 22 42 39 46 66 62 37 48 31 35 44 62 44 52 37 42 45 12 29 34 39 47 27 30 49 50 41 10 14 4 9 22 43 40 14 17 25 29 31 19 22 39 31 10 29 35 42 21 12 22 35 30 37 41 35 39 34 56 26 19 23 12 24 41 21 22 34 26 33 12 31 33 28 10 17 28 41 26 27 19 29 34 31 32 42 48 24 29 34 21 23 32 49 5 28 29 37 34 11 21 9 16 23 36 41 18 38 47 38 32 28 43 51 18 11 22 45 28 29 41 24 20 27 37 45 19 27 37 24 14 36 23 34 39 22 27 18 26 23 17 23 21 27 21 24 33 22 27 19 23 16 28 25 34 14 25 26 12 17 27 27 25 32 26 9 20 35 25 25 20 25 35 31 33 28 24 25 30 25 24 15 19 21 27 28 24 22 14 21 29 32 26 25 19 18 15 22 22 26 15 25 8 9 18 28 21 17 30 23 11 21 26 31 16 24 17 12 29 21 13 23 18 23 15 16 22 22 16 15 16 19 19 18 17 13 14 32 15 22 14 12 22 14 14 24 17 22 23 13 14 13 16 21 18 18 9 19 22 19 20 24 12 22 29 24 18 22 17 22 13 18 17 18 19 10 16 24 14 5 10 11 19 11 19 21 19 6 14 13 17 15 12 13 15 20 16 16 17 17 14 19 19 16 9 10 9 14 16 17 15 14 18 9 15 11
INF INF INF INF INF INF INF INF INF INF INF INF INF INF INF INF INF INF INF INF INF INF INF INF INF INF INF INF INF INF INF INF INF INF INF INF INF INF INF INF INF INF INF INF INF INF INF INF INF INF INF INF INF INF INF INF INF INF INF INF INF INF INF INF INF INF INF INF INF INF INF INF INF INF INF INF INF INF INF INF INF INF INF INF INF INF INF INF INF INF INF INF INF INF INF INF INF INF INF INF INF INF INF INF INF INF INF INF INF INF INF INF INF INF INF INF INF INF INF INF INF INF INF 0 9 10 11 32 43 53 74 18 22 25 31 39 58 81 68 71 47 46 66 85 18 22 42 49 56 12 13 23 28 32 39 40 42 44 66 87 37 32 45 49 55 69 78 80 91 30 47 28 25 25 49 48 71 31 42 12 13 15 16 29 45 28 37 27 34 54 50 25 36 37 39 46 64 32 40 25 30 33 18 35 40 45 53 15 18 37 38 47 16 37 41 31 35 56 30 24 27 19 23 25 36 30 27 25 41 42 25 32 31 34 44 41 18 43 43 23 33 33 55 14 25 29 18 30 40 27 26 38 29 27 32 19 33 34 42 49 36 32 34 37 26 17 40 25 26 31 36 34 42 44 33 35 26 43 35 41 31 31 41 17 27 28 39 43 24 33 6 29 43 36 20 18 33 45 24 38 28 45 29 21 33 30 26 29 43 40 25 33 25 24 20 29 16 27 37 28 33 41 31 36 35 34 9 22 17 20 30 29 24 39 43 26 35 35 22 16 29 30 18 23 33 33 26 33 20 36 28 26 20 18 20 31 38 34 36 25 31 13 21 26 28 21 24 29 27 29 34 23 20 15 35 38 32 33 24 34 30 25 37 19 31 34 26 27 24 27 27 22 23 28 26 22 27 23 22 34 18 24 35 15 19 29 21 26 17 18 19 27 22 26 23 17 18 18 23 22 22 26 25 25 23 18 23 20 26 27 29 19 25 20 15 23 23 22 19 24 21 28 22 15 23 22 26 10 24 29 19 15 7 22 22 19 23 19 21 22 11 20 28 18 23 21 24 15 25 24 19 18 26 25 26 23 18 18 19 22 21 20 21 19 14 20 10 16 17 14 22 23 18 21 17 18 17 20 18 20
INF INF INF INF INF INF INF INF INF INF INF INF INF INF INF INF INF INF INF INF INF INF INF INF INF INF INF INF INF INF INF INF INF INF INF INF INF INF INF INF INF INF INF INF INF INF INF INF INF INF INF INF INF INF INF INF INF INF INF INF INF INF INF INF INF INF INF INF INF INF INF INF INF INF INF INF INF INF INF INF INF INF INF INF INF INF INF INF INF INF INF INF INF INF INF INF INF INF INF INF INF INF INF INF INF INF INF INF INF INF INF INF INF INF INF INF INF INF INF INF INF INF INF INF 0 1 2 23 34 44 65 9 13 16 22 30 49 72 59 62 38 37 57 76 9 13 33 40 47 3 4 14 19 23 30 31 33 35 57 78 28 23 36 40 46 60 69 71 82 21 38 19 16 22 46 39 62 22 33 3 4 6 7 20 36 19 28 18 25 45 47 16 27 28 30 37 55 23 31 16 21 24 9 26 31 36 44 6 9 28 29 38 7 28 32 22 26 47 21 24 26 10 14 16 27 21 18 16 32 33 16 23 30 25 35 32 10 34 34 14 24 24 46 37 16 20 9 21 31 18 17 29 20 18 23 10 25 25 33 40 27 24 25 28 17 26 31 16 17 23 27 25 33 35 24 26 17 34 26 32 22 22 32 8 18 19 30 35 15 24 29 26 34 27 11 9 24 36 15 29 19 36 21 12 24 21 17 20 34 31 30 24 16 15 11 20 7 18 28 19 24 32 22 27 26 25 12 13 8 11 21 20 25 30 34 26 32 30 13 7 20 21 9 14 24 24 17 24 11 27 19 17 11 9 11 22 29 25 27 16 22 4 12 17 19 12 15 20 18 20 25 19 11 15 26 29 23 24 15 25 21 16 28 10 23 25 17 18 15 18 20 13 14 19 17 13 18 14 13 25 14 20 26 18 10 20 22 24 12 13 19 19 13 18 14 12 13 9 14 13 13 18 16 21 14 9 14 11 17 18 20 10 20 15 18 14 15 19 12 15 12 19 13 6 14 15 19 22 15 21 14 18 14 18 13 17 15 18 15 13 9 11 19 13 14 12 15 6 16 19 10 10 17 16 24 14 9 9 15 13 12 11 12 16 16 13 12 14 11 7 14 14 14 12 15 11 13 13 17 11
INF INF INF INF INF INF INF INF INF INF INF INF INF INF INF INF INF INF INF INF INF INF INF INF INF INF INF INF INF INF INF INF INF INF INF INF INF INF INF INF INF INF INF INF INF INF INF INF INF INF INF INF INF INF INF INF INF INF INF INF INF INF INF INF INF INF INF INF INF INF INF INF INF INF INF INF INF INF INF INF INF INF INF INF INF INF INF INF INF INF INF INF INF INF INF INF INF INF INF INF INF INF INF INF INF INF INF INF INF INF INF INF INF INF INF INF INF INF INF INF INF INF INF INF INF 0 1 22 33 43 64 8 12 15 21 29 48 71 58 61 37 36 56 75 8 12 32 39 46 68 69 79 18 22 29 30 32 34 56 77 57 22 35 39 45 59 68 70 81 20 37 18 15 21 45 38 61 24 35 2 3 5 6 19 35 48 27 17 24 44 46 15 26 30 29 36 54 22 30 15 20 23 26 33 38 45 53 5 8 27 28 51 53 27 31 21 25 46 20 23 25 9 13 15 26 20 17 15 31 32 15 22 29 24 34 31 27 40 33 13 23 23 45 36 33 21 21 29 30 35 16 28 19 17 22 9 27 30 38 45 26 33 25 29 16 25 33 15 16 26 26 24 32 37 23 25 16 33 25 33 21 21 31 24 29 18 29 36 14 23 28 25 33 26 10 8 23 35 21 28 25 35 20 11 23 27 23 19 34 30 29 30 15 14 27 19 6 17 27 19 29 31 21 26 34 25 11 12 7 10 20 19 24 29 33 25 31 29 12 6 19 20 25 28 41 26 16 23 10 26 18 16 10 8 10 28 31 24 26 15 21 3 11 16 18 12 14 19 17 19 24 25 25 14 28 31 29 23 14 24 20 15 27 9 22 27 25 20 17 17 19 12 13 18 16 12 17 13 12 24 20 21 25 17 20 21 23 23 16 17 23 21 17 17 13 11 12 8 14 18 12 17 15 20 19 20 13 20 16 17 19 9 19 16 17 13 14 18 11 15 11 18 12 5 13 14 18 21 14 20 13 17 13 17 12 16 17 19 14 17 8 10 18 12 17 11 14 5 16 18 9 9 17 17 23 13 8 8 14 12 11 10 11 15 17 12 11 14 10 14 13 13 13 11 14 14 12 14 16 10
INF INF INF INF INF INF INF INF INF INF INF INF INF INF INF INF INF INF INF INF INF INF INF INF INF INF INF INF INF INF INF INF INF INF INF INF INF INF INF INF INF INF INF INF INF INF INF INF INF INF INF INF INF INF INF INF INF INF INF INF INF INF INF INF INF INF INF INF INF INF INF INF INF INF INF INF INF INF INF INF INF INF INF INF INF INF INF INF INF INF INF INF INF INF INF INF INF INF INF INF INF INF INF INF INF INF INF INF INF INF INF INF INF INF INF INF INF INF INF INF INF INF INF INF INF INF 0 21 32 42 63 7 11 14 20 28 47 70 57 60 36 35 55 74 7 11 31 38 45 67 68 78 17 21 28 29 31 33 55 76 56 21 34 38 44 58 67 69 80 19 36 17 14 20 44 37 60 23 34 1 2 4 5 18 34 47 26 16 23 43 45 14 25 29 28 35 53 21 29 14 19 22 25 32 37 44 52 4 7 26 27 50 52 26 30 20 24 45 19 22 24 8 12 14 25 19 16 14 30 31 24 31 28 23 33 30 26 39 32 12 22 22 44 35 32 20 20 31 29 34 15 27 18 16 21 8 26 29 37 44 25 32 24 28 16 24 32 14 15 25 25 23 31 36 22 24 15 32 24 32 20 20 30 23 28 17 28 35 13 22 27 24 32 25 9 7 22 34 20 27 24 34 19 20 32 26 22 18 33 29 28 29 14 13 26 18 5 16 26 18 28 30 20 25 33 24 10 11 6 9 19 19 24 28 32 24 30 28 11 5 18 19 24 27 40 25 15 22 9 25 17 15 9 7 9 27 30 23 25 14 21 2 10 15 17 11 13 18 16 18 23 24 24 13 27 30 28 22 13 23 19 14 26 8 21 26 24 19 16 16 18 11 22 17 15 11 16 12 11 23 19 20 24 16 19 20 22 22 15 16 22 20 16 16 12 10 11 7 13 17 11 16 14 19 18 19 12 19 15 16 18 8 18 16 16 12 13 17 10 14 10 17 11 6 14 15 17 20 23 19 12 16 12 16 11 15 16 18 13 16 9 9 17 11 16 10 13 4 15 17 8 8 16 16 22 12 7 7 13 11 10 10 10 14 16 11 10 13 9 14 12 12 12 10 13 13 11 13 16 9
INF INF INF INF INF INF INF INF INF INF INF INF INF INF INF INF INF INF INF INF INF INF INF INF INF INF INF INF INF INF INF INF INF INF INF INF INF INF INF INF INF INF INF INF INF INF INF INF INF INF INF INF INF INF INF INF INF INF INF INF INF INF INF INF INF INF INF INF INF INF INF INF INF INF INF INF INF INF INF INF INF INF INF INF INF INF INF INF INF INF INF INF INF INF INF INF INF INF INF INF INF INF INF INF INF INF INF INF INF INF INF INF INF INF INF INF INF INF INF INF INF INF INF INF INF INF INF 0 11 21 42 62 66 69 45 51 70 93 36 39 15 31 51 70 74 78 98 105 28 50 51 61 37 41 48 41 29 31 53 74 75 46 59 63 69 83 92 94 105 86 103 84 95 49 73 39 62 64 75 35 36 38 28 38 54 66 86 18 33 53 74 48 59 64 48 14 32 46 54 15 20 23 26 43 33 40 48 34 37 56 44 67 54 27 44 40 49 55 39 42 38 31 35 37 48 51 56 37 14 33 42 49 42 43 45 37 36 37 41 35 36 31 53 42 33 31 43 40 38 35 22 34 42 46 45 22 32 31 39 46 40 50 38 30 43 41 35 30 22 32 38 20 41 46 25 27 38 55 21 43 20 28 38 39 35 41 29 36 47 46 50 25 41 41 32 40 39 36 42 30 36 59 19 20 32 37 44 39 23 8 21 31 28 38 52 25 29 24 43 28 44 31 39 26 34 37 34 20 30 32 38 34 39 24 28 32 44 38 26 31 29 30 40 28 41 17 26 33 40 25 20 35 23 25 32 39 39 35 20 32 32 27 35 23 25 34 31 21 24 26 36 39 29 31 32 35 38 25 23 17 19 27 22 35 16 31 24 25 27 32 20 31 22 32 25 29 30 27 27 8 24 20 26 31 22 29 29 29 33 26 32 36 28 20 9 12 13 23 23 25 16 31 31 24 25 36 24 18 23 29 23 16 21 28 11 21 24 18 15 19 25 14 20 16 19 25 28 29 23 26 14 18 21 18 17 17 18 22 17 22 13 22 22 14 19 20 21 20 20 19 23 15 23 25 22 23 24 13 15 22 16 16 22 20 23 16 17 18 18 9 18 28 17 20 15 13 17 15 24 14
INF INF INF INF INF INF INF INF INF INF INF INF INF INF INF INF INF INF INF INF INF INF INF INF INF INF INF INF INF INF INF INF INF INF INF INF INF INF INF INF INF INF INF INF INF INF INF INF INF INF INF INF INF INF INF INF INF INF INF INF INF INF INF INF INF INF INF INF INF INF INF INF INF INF INF INF INF INF INF INF INF INF INF INF INF INF INF INF INF INF INF INF INF INF INF INF INF INF INF INF INF INF INF INF INF INF INF INF INF INF INF INF INF INF INF INF INF INF INF INF INF INF INF INF INF INF INF INF 0 10 31 51 55 58 34 40 59 82 25 28 40 55 75 94 98 102 122 129 17 39 40 50 61 65 72 30 18 20 42 63 64 35 48 52 58 72 81 83 94 98 115 108 119 73 80 28 51 53 64 60 55 57 17 41 57 55 75 43 37 57 78 73 79 64 68 55 73 35 43 56 61 30 33 46 51 54 62 23 26 45 46 69 43 38 33 32 38 59 63 37 27 20 24 26 37 40 61 26 39 58 36 43 31 35 34 26 31 51 55 24 34 20 42 31 40 20 32 29 27 36 37 47 33 40 34 42 44 48 56 63 46 44 48 31 41 30 42 19 20 30 31 38 43 48 40 36 27 44 38 32 33 25 41 28 42 38 34 41 43 46 41 32 48 41 21 38 53 25 32 26 43 49 38 39 44 45 34 28 48 50 37 34 48 33 41 53 29 35 38 38 50 42 43 23 31 26 34 24 30 25 35 44 37 35 39 39 51 31 31 31 30 25 29 34 42 30 35 42 41 22 30 39 34 31 21 42 38 30 9 21 21 44 30 31 33 23 27 31 31 33 46 42 31 24 43 38 35 35 33 40 27 22 34 40 31 28 36 34 22 32 26 20 39 36 28 23 28 31 25 34 37 22 36 27 30 27 18 23 29 29 35 36 28 25 11 14 15 23 26 30 18 35 27 22 27 38 13 29 24 24 25 18 10 24 13 25 27 11 9 15 30 16 26 18 20 27 37 33 40 28 13 17 27 17 12 14 17 25 16 17 15 23 27 16 15 16 22 20 16 18 17 17 25 20 24 24 19 20 17 23 22 23 25 28 21 10 21 13 18 20 13 28 11 16 12 12 16 12 23 21
INF INF INF INF INF INF INF INF INF INF INF INF INF INF INF INF INF INF INF INF INF INF INF INF INF INF INF INF INF INF INF INF INF INF INF INF INF INF INF INF INF INF INF INF INF INF INF INF INF INF INF INF INF INF INF INF INF INF INF INF INF INF INF INF INF INF INF INF INF INF INF INF INF INF INF INF INF INF INF INF INF INF INF INF INF INF INF INF INF INF INF INF INF INF INF INF INF INF INF INF INF INF INF INF INF INF INF INF INF INF INF INF INF INF INF INF INF INF INF INF INF INF INF INF INF INF INF INF INF 0 21 41 45 48 24 30 49 72 78 81 93 45 65 84 88 92 112 119 7 29 30 40 51 55 62 20 8 10 32 53 54 25 38 42 48 62 71 73 84 88 105 98 109 63 70 71 94 92 103 70 45 47 48 52 64 45 65 50 27 47 68 79 90 54 58 65 65 25 33 51 56 20 23 36 41 44 52 13 16 35 36 59 33 53 23 28 28 49 53 33 36 44 35 37 43 46 67 50 29 48 49 46 40 31 24 16 21 46 50 44 45 10 32 21 30 10 22 19 17 26 27 39 23 30 29 51 36 38 46 53 48 35 43 21 34 20 32 9 10 20 21 28 33 38 30 28 38 55 28 22 23 15 31 18 32 28 24 31 33 36 31 22 38 48 16 28 43 15 25 16 33 39 28 29 41 35 27 34 45 40 27 28 43 23 31 43 19 30 49 28 40 57 33 13 21 16 24 14 20 19 25 37 27 25 29 35 47 21 36 21 34 15 19 24 32 20 28 35 31 12 33 29 24 21 25 32 28 20 20 21 11 34 20 23 25 25 27 34 21 23 38 32 21 14 37 28 25 28 23 33 17 25 24 33 21 18 27 24 32 22 16 10 29 26 25 21 26 27 15 27 27 23 26 17 20 17 8 13 19 20 26 29 23 26 20 11 12 13 16 23 18 25 17 12 24 28 24 21 14 19 22 15 12 19 15 15 17 22 15 22 22 16 17 15 21 24 28 23 30 30 13 17 17 17 14 15 17 15 12 13 15 16 19 18 17 17 12 18 21 15 14 18 26 15 17 14 15 16 13 13 12 19 21 23 11 9 16 16 17 17 14 21 10 13 11 11 15 13 22 13
INF INF INF INF INF INF INF INF INF INF INF INF INF INF INF INF INF INF INF INF INF INF INF INF INF INF INF INF INF INF INF INF INF INF INF INF INF INF INF INF INF INF INF INF INF INF INF INF INF INF INF INF INF INF INF INF INF INF INF INF INF INF INF INF INF INF INF INF INF INF INF INF INF INF INF INF INF INF INF INF INF INF INF INF INF INF INF INF INF INF INF INF INF INF INF INF INF INF INF INF INF INF INF INF INF INF INF INF INF INF INF INF INF INF INF INF INF INF INF INF INF INF INF INF INF INF INF INF INF INF 0 20 24 27 3 9 28 51 57 60 72 24 44 63 67 71 91 98 105 127 128 138 30 34 41 42 44 46 68 89 37 34 17 21 27 41 50 52 63 67 84 77 88 42 49 50 73 71 82 49 24 26 27 31 43 29 49 43 36 55 50 58 69 42 41 44 44 4 12 30 35 38 41 15 20 27 35 46 49 66 47 48 35 36 45 42 7 28 32 35 29 30 14 16 22 25 46 36 48 44 28 35 33 39 3 16 21 41 45 34 24 27 27 21 31 26 38 36 26 17 18 30 29 29 24 33 36 25 33 33 27 35 38 27 29 29 20 16 17 27 33 27 33 38 30 26 17 34 28 38 37 22 37 25 22 35 36 43 12 21 32 35 23 27 29 31 46 36 32 29 23 18 28 29 35 25 23 14 27 51 39 28 38 34 10 32 19 28 40 39 22 40 27 30 29 23 24 11 20 23 19 30 35 31 35 37 49 27 21 28 20 21 9 14 27 26 25 15 22 32 32 38 24 21 31 38 28 26 27 22 30 36 33 10 12 32 27 33 28 22 17 24 11 18 25 25 32 32 33 26 17 19 10 21 27 25 17 18 22 29 23 26 31 36 9 19 23 22 13 29 25 16 22 15 10 23 25 29 11 12 18 28 13 13 14 17 18 21 27 11 20 26 28 24 12 7 20 14 14 21 18 19 13 14 12 12 15 19 12 18 18 19 16 18 24 26 21 20 26 27 15 19 15 19 6 11 12 16 13 11 14 13 23 15 14 14 21 13 19 19 18 16 23 14 23 16 13 14 14 22 17 17 15 27 14 13 17 13 17 11 16 21 14 17 14 15 19 14 21 10
INF INF INF INF INF INF INF INF INF INF INF INF INF INF INF INF INF INF INF INF INF INF INF INF INF INF INF INF INF INF INF INF INF INF INF INF INF INF INF INF INF INF INF INF INF INF INF INF INF INF INF INF INF INF INF INF INF INF INF INF INF INF INF INF INF INF INF INF INF INF INF INF INF INF INF INF INF INF INF INF INF INF INF INF INF INF INF INF INF INF INF INF INF INF INF INF INF INF INF INF INF INF INF INF INF INF INF INF INF INF INF INF INF INF INF INF INF INF INF INF INF INF INF INF INF INF INF INF INF INF INF 0 4 7 13 21 40 63 69 72 84 28 48 67 71 75 95 102 109 131 132 142 34 38 45 46 48 50 72 93 49 14 27 31 37 51 60 62 73 77 94 81 92 46 61 54 77 79 90 59 36 38 36 35 51 41 61 55 16 36 57 68 79 22 26 35 53 14 22 29 34 21 24 25 30 37 45 56 59 51 27 50 45 41 49 51 17 38 36 39 39 28 24 26 32 35 53 34 39 24 33 37 39 49 59 47 33 41 25 33 34 37 37 43 31 33 36 46 38 27 28 36 39 9 14 36 48 35 43 45 33 47 28 37 9 22 25 26 27 31 27 34 39 40 43 36 25 42 34 45 41 17 28 35 33 43 30 37 6 15 26 23 25 21 18 40 53 44 31 26 29 27 36 26 36 31 33 13 28 52 33 40 42 36 49 39 29 12 31 41 21 42 37 32 39 17 25 23 30 23 29 12 17 21 25 41 35 21 31 23 28 29 23 26 38 20 29 25 32 38 35 48 27 31 16 40 48 34 35 8 14 34 42 15 17 18 22 36 28 16 27 29 17 17 31 34 26 29 27 20 22 25 25 1 14 19 29 26 9 9 18 20 28 36 14 24 17 31 26 18 20 26 32 31 24 21 22 15 21 22 28 18 19 29 19 8 9 27 17 16 15 14 30 22 17 28 5 19 19 9 16 12 17 20 17 21 16 18 3 10 23 24 25 12 20 14 29 17 29 12 10 14 22 12 9 8 14 20 10 14 12 2 21 20 17 3 19 18 11 13 9 12 15 10 17 5 10 9 11 14 12 11 20 18 9 4 15 7 2 15 12 5 5 11 6 6 10 8 12 8
INF INF INF INF INF INF INF INF INF INF INF INF INF INF INF INF INF INF INF INF INF INF INF INF INF INF INF INF INF INF INF INF INF INF INF INF INF INF INF INF INF INF INF INF INF INF INF INF INF INF INF INF INF INF INF INF INF INF INF INF INF INF INF INF INF INF INF INF INF INF INF INF INF INF INF INF INF INF INF INF INF INF INF INF INF INF INF INF INF INF INF INF INF INF INF INF INF INF INF INF INF INF INF INF INF INF INF INF INF INF INF INF INF INF INF INF INF INF INF INF INF INF INF INF INF INF INF INF INF INF INF INF 0 3 9 17 36 59 65 68 80 24 44 63 67 71 91 98 105 127 128 138 30 34 41 42 44 46 68 89 45 10 23 27 33 47 56 58 69 73 90 77 88 42 57 50 73 75 86 55 32 34 32 31 47 37 57 51 12 32 53 64 75 18 22 31 49 10 18 25 30 17 20 21 26 33 41 52 55 47 23 46 41 37 45 47 13 34 32 35 35 24 20 22 28 31 49 30 35 20 29 33 35 45 55 43 29 37 21 29 30 33 33 39 27 29 32 42 34 23 24 32 35 5 10 32 44 31 39 41 29 43 24 33 5 18 21 22 23 27 23 30 35 36 39 32 21 38 30 41 37 13 24 31 29 39 26 33 2 11 22 19 21 17 14 36 49 40 27 22 25 23 32 22 32 27 29 9 24 48 29 36 38 32 45 35 25 8 27 37 17 38 33 28 35 13 21 19 26 19 25 8 13 17 21 37 31 17 27 19 24 25 19 22 34 16 25 21 28 34 31 44 23 27 12 36 44 30 31 4 10 30 38 11 13 14 18 32 24 12 23 25 13 13 27 30 22 25 23 16 18 21 21 25 13 15 25 22 23 16 14 16 24 32 10 20 13 27 22 14 16 22 28 27 20 17 18 11 19 20 26 14 15 25 15 4 5 23 22 12 11 21 26 18 13 24 25 15 15 5 12 8 13 22 13 17 12 20 15 14 23 20 21 8 16 10 25 13 25 17 6 10 18 8 5 10 10 16 12 10 11 16 17 16 13 14 18 14 14 11 8 8 16 6 18 12 6 7 13 19 10 10 19 17 14 16 14 13 13 14 10 12 14 10 7 15 17 8 16 9
INF INF INF INF INF INF INF INF INF INF INF INF INF INF INF INF INF INF INF INF INF INF INF INF INF INF INF INF INF INF INF INF INF INF INF INF INF INF INF INF INF INF INF INF INF INF INF INF INF INF INF INF INF INF INF INF INF INF INF INF INF INF INF INF INF INF INF INF INF INF INF INF INF INF INF INF INF INF INF INF INF INF INF INF INF INF INF INF INF INF INF INF INF INF INF INF INF INF INF INF INF INF INF INF INF INF INF INF INF INF INF INF INF INF INF INF INF INF INF INF INF INF INF INF INF INF INF INF INF INF INF INF INF 0 6 14 33 56 62 65 77 21 41 60 64 68 88 95 102 124 125 135 27 31 38 39 41 43 65 86 42 7 20 24 30 44 53 55 66 70 87 74 85 39 54 47 70 72 83 52 29 31 29 28 44 34 54 48 9 29 50 61 72 77 38 45 47 7 15 33 38 14 17 18 23 30 38 49 52 63 20 43 38 39 42 44 10 31 29 32 32 32 17 19 25 28 46 38 48 67 31 30 32 42 52 40 26 34 19 26 27 30 30 36 24 28 40 39 31 20 21 33 32 39 27 36 41 28 36 38 30 40 41 30 34 34 23 19 20 24 20 27 32 33 36 29 18 35 27 40 41 10 28 28 26 38 23 30 17 26 36 16 18 32 11 33 48 37 24 19 27 45 29 30 30 29 26 24 30 54 26 33 41 29 42 40 22 5 24 34 25 42 31 33 32 28 27 16 23 26 22 33 37 34 38 34 29 30 24 16 21 22 29 19 31 30 35 18 25 31 28 41 20 24 33 34 41 27 30 16 23 39 36 12 14 34 27 29 31 26 20 27 20 26 29 28 35 31 36 31 26 26 18 27 28 27 22 23 25 17 11 27 32 29 12 22 21 25 19 32 27 24 25 24 30 24 26 31 16 17 23 28 21 27 15 18 19 24 22 14 22 22 31 27 15 21 27 17 15 28 9 21 15 19 15 17 20 17 12 11 21 20 19 22 25 29 26 25 29 30 19 23 20 20 11 16 20 13 18 16 13 18 22 18 20 19 25 15 12 16 23 19 27 19 26 19 18 18 19 25 15 21 21 30 17 13 11 16 18 15 11 24 14 17 15 15 19 14 24 13
INF INF INF INF INF INF INF INF INF INF INF INF INF INF INF INF INF INF INF INF INF INF INF INF INF INF INF INF INF INF INF INF INF INF INF INF INF INF INF INF INF INF INF INF INF INF INF INF INF INF INF INF INF INF INF INF INF INF INF INF INF INF INF INF INF INF INF INF INF INF INF INF INF INF INF INF INF INF INF INF INF INF INF INF INF INF INF INF INF INF INF INF INF INF INF INF INF INF INF INF INF INF INF INF INF INF INF INF INF INF INF INF INF INF INF INF INF INF INF INF INF INF INF INF INF INF INF INF INF INF INF INF INF INF 0 8 27 50 56 59 71 23 43 62 66 70 90 97 104 126 127 137 29 33 40 41 43 45 67 88 36 46 14 18 24 38 47 49 60 64 81 76 87 41 48 49 72 68 79 46 23 25 26 30 40 28 48 42 48 52 49 55 66 71 40 41 41 1 9 27 32 35 38 12 17 24 32 43 46 65 59 47 32 33 44 41 4 25 31 34 26 29 11 13 19 22 43 35 45 64 25 32 30 36 46 51 20 38 42 33 21 24 24 30 28 23 35 33 25 14 15 27 26 33 21 30 35 22 30 32 24 34 35 24 28 28 17 13 14 24 30 24 30 35 38 23 14 31 25 35 35 19 34 22 21 32 33 40 11 20 31 32 20 26 27 28 43 33 29 26 21 44 31 31 32 23 20 18 24 48 36 38 35 31 36 37 16 25 38 36 19 37 26 27 26 22 21 10 17 20 16 27 32 28 32 36 48 26 18 25 17 18 23 28 35 24 33 12 19 29 29 36 21 18 30 35 35 23 24 19 28 33 30 7 9 29 24 30 25 20 14 21 18 24 23 22 29 32 30 27 22 20 32 21 24 22 23 24 19 26 20 27 33 33 6 16 21 19 19 26 22 23 19 18 24 20 22 26 20 21 27 25 15 23 11 14 15 18 24 8 18 23 25 21 9 15 21 11 11 22 15 16 10 22 9 11 14 16 11 15 24 16 13 16 21 23 27 19 23 24 16 20 14 20 12 16 20 13 15 15 11 12 20 12 15 13 19 10 16 18 19 13 21 18 20 15 17 13 17 20 16 16 16 24 11 12 14 15 16 18 13 19 13 16 11 14 18 11 18 7
INF INF INF INF INF INF INF INF INF INF INF INF INF INF INF INF INF INF INF INF INF INF INF INF INF INF INF INF INF INF INF INF INF INF INF INF INF INF INF INF INF INF INF INF INF INF INF INF INF INF INF INF INF INF INF INF INF INF INF INF INF INF INF INF INF INF INF INF INF INF INF INF INF INF INF INF INF INF INF INF INF INF INF INF INF INF INF INF INF INF INF INF INF INF INF INF INF INF INF INF INF INF INF INF INF INF INF INF INF INF INF INF INF INF INF INF INF INF INF INF INF INF INF INF INF INF INF INF INF INF INF INF INF INF INF 0 19 42 48 51 63 15 35 54 58 62 82 89 96 118 119 129 21 25 32 33 35 37 59 80 28 38 21 25 31 45 54 56 67 70 87 68 79 33 40 41 64 66 77 53 15 17 18 22 38 20 40 34 40 59 41 55 66 71 32 39 48 36 44 35 39 42 45 47 49 36 44 46 49 57 51 39 39 45 36 33 39 60 23 26 29 21 25 27 38 41 40 27 42 61 32 39 33 36 46 43 48 52 56 25 35 26 31 40 35 39 42 35 17 26 27 39 24 31 35 36 46 43 34 24 41 45 49 34 42 20 45 27 28 38 39 33 47 36 39 37 28 45 34 51 45 33 34 36 13 34 42 49 3 12 23 35 51 18 20 42 53 42 33 35 14 37 23 23 35 16 29 10 32 56 38 42 42 40 42 44 18 29 31 45 25 46 18 29 29 14 22 2 19 22 37 30 26 40 44 28 40 18 32 39 31 31 28 33 46 17 26 23 20 36 29 29 23 20 22 40 49 36 38 24 21 42 28 12 14 24 19 30 25 13 23 34 30 23 39 42 23 24 24 29 19 12 30 26 33 16 36 37 32 32 25 24 25 31 26 20 14 26 30 21 25 31 23 28 29 18 19 24 28 29 32 33 24 28 22 19 20 20 25 28 24 28 27 23 25 24 27 26 19 14 19 15 15 14 18 3 6 23 3 10 17 27 21 9 17 18 32 11 26 24 15 19 24 17 17 8 19 22 10 10 12 4 22 20 20 5 20 15 11 11 17 19 17 13 19 7 12 11 11 20 14 13 20 20 11 4 14 7 12 17 14 15 5 8 5 6 10 8 13 10
INF INF INF INF INF INF INF INF INF INF INF INF INF INF INF INF INF INF INF INF INF INF INF INF INF INF INF INF INF INF INF INF INF INF INF INF INF INF INF INF INF INF INF INF INF INF INF INF INF INF INF INF INF INF INF INF INF INF INF INF INF INF INF INF INF INF INF INF INF INF INF INF INF INF INF INF INF INF INF INF INF INF INF INF INF INF INF INF INF INF INF INF INF INF INF INF INF INF INF INF INF INF INF INF INF INF INF INF INF INF INF INF INF INF INF INF INF INF INF INF INF INF INF INF INF INF INF INF INF INF INF INF INF INF INF INF 0 23 29 32 44 60 80 99 103 107 127 134 141 163 164 174 66 70 77 78 80 82 104 125 9 34 2 6 12 26 35 37 48 52 69 90 101 78 21 32 55 56 67 34 35 37 38 62 28 41 61 47 36 40 22 36 47 52 55 29 29 45 53 30 35 38 41 37 30 17 25 36 39 58 47 60 20 26 44 37 48 52 28 31 31 39 28 30 41 40 40 45 33 52 13 20 27 40 50 47 33 55 59 45 24 27 12 21 16 20 28 27 34 43 43 43 19 26 31 19 41 24 15 5 22 31 35 15 28 26 50 30 31 41 20 24 28 33 36 36 15 32 25 32 33 36 25 39 35 23 23 30 38 35 26 35 47 34 36 45 36 34 42 16 35 45 31 32 21 26 39 32 44 48 26 36 25 21 24 38 26 37 52 26 20 30 27 30 14 20 26 24 27 11 24 31 30 31 35 33 42 17 35 24 18 19 29 34 37 30 31 27 29 28 10 25 20 28 32 41 34 24 36 27 23 30 11 17 19 22 19 11 18 20 4 24 27 17 23 26 29 15 10 20 20 16 25 32 25 22 28 29 40 29 20 36 21 26 13 23 28 28 21 30 27 24 9 14 12 21 17 19 16 17 23 34 23 26 18 21 22 26 15 15 10 28 25 15 6 5 18 8 18 12 17 25 20 14 14 18 11 21 18 9 21 17 25 14 22 20 25 28 13 26 17 21 11 17 17 18 11 20 20 10 11 10 12 17 14 11 15 13 10 14 14 18 22 13 24 13 12 13 18 16 12 16 13 4 14 14 14 12 18 13 11 17 15 13 12 16 20 6 15 14
INF INF INF INF INF INF INF INF INF INF INF INF INF INF INF INF INF INF INF INF INF INF INF INF INF INF INF INF INF INF INF INF INF INF INF INF INF INF INF INF INF INF INF INF INF INF INF INF INF INF INF INF INF INF INF INF INF INF INF INF INF INF INF INF INF INF INF INF INF INF INF INF INF INF INF INF INF INF INF INF INF INF INF INF INF INF INF INF INF INF INF INF INF INF INF INF INF INF INF INF INF INF INF INF INF INF INF INF INF INF INF INF INF INF INF INF INF INF INF INF INF INF INF INF INF INF INF INF INF INF INF INF INF INF INF INF INF 0 6 9 21 37 57 76 80 84 104 111 118 140 141 151 43 47 54 55 57 59 81 102 109 60 80 84 90 104 113 115 126 92 109 90 101 55 79 9 32 34 45 41 42 44 45 44 60 73 93 24 39 59 80 54 60 65 54 36 54 58 66 37 42 45 48 65 55 62 70 81 78 79 50 73 91 19 37 42 55 76 45 47 8 16 20 22 33 36 57 22 38 57 40 47 12 30 40 53 24 43 47 34 30 17 39 48 51 37 49 26 24 33 34 28 25 32 30 39 25 30 38 45 42 38 38 35 37 27 52 17 18 28 34 38 37 42 45 32 23 40 39 49 42 23 41 26 42 35 21 28 43 52 34 36 39 37 14 22 37 42 19 35 41 59 19 20 32 37 21 9 29 47 24 15 36 28 47 47 9 20 39 33 47 23 24 20 28 30 14 15 10 13 28 40 34 37 41 38 50 34 27 28 26 22 25 30 37 28 16 4 19 21 11 26 14 11 17 31 41 27 28 19 37 34 41 19 21 19 17 12 19 21 27 28 27 17 24 27 21 16 22 24 29 28 29 20 12 27 32 33 28 23 24 19 22 32 24 28 33 12 22 15 31 17 32 21 13 6 8 13 19 20 26 23 24 16 16 19 20 11 17 26 15 16 18 12 26 28 22 19 23 27 22 12 22 14 18 16 17 20 16 21 23 16 5 8 16 17 21 24 23 24 8 12 14 12 15 15 12 18 17 12 10 17 21 21 15 16 16 20 22 10 12 22 24 15 18 14 14 15 17 15 14 13 21 16 14 17 13 16 17 12 6 19 13 14 16 16 15 9 20 15
INF INF INF INF INF INF INF INF INF INF INF INF INF INF INF INF INF INF INF INF INF INF INF INF INF INF INF INF INF INF INF INF INF INF INF INF INF INF INF INF INF INF INF INF INF INF INF INF INF INF INF INF INF INF INF INF INF INF INF INF INF INF INF INF INF INF INF INF INF INF INF INF INF INF INF INF INF INF INF INF INF INF INF INF INF INF INF INF INF INF INF INF INF INF INF INF INF INF INF INF INF INF INF INF INF INF INF INF INF INF INF INF INF INF INF INF INF INF INF INF INF INF INF INF INF INF INF INF INF INF INF INF INF INF INF INF INF INF 0 3 15 31 51 70 74 78 98 105 112 134 135 145 37 41 48 49 51 53 75 96 103 54 74 78 84 98 107 109 120 86 103 84 95 49 73 3 26 28 39 35 36 38 39 38 54 67 87 18 33 53 74 48 54 59 48 30 48 52 60 31 36 39 42 59 49 56 64 75 72 73 44 67 85 13 31 36 49 70 39 41 2 10 14 16 27 30 51 16 32 51 34 41 6 24 34 47 18 37 41 28 24 11 33 42 45 31 43 20 18 27 28 22 19 26 24 33 19 24 32 39 36 32 32 29 31 21 46 16 17 27 31 32 31 36 39 26 17 34 33 43 36 22 37 25 38 29 15 22 40 46 28 35 33 31 30 16 31 36 32 29 35 56 13 14 26 31 34 3 23 41 18 9 30 22 41 41 29 39 42 27 41 17 25 14 22 24 26 15 20 20 22 34 28 31 35 32 44 32 21 22 20 16 19 24 31 27 10 17 27 15 5 20 24 25 11 36 35 21 27 13 34 36 35 13 15 13 17 6 13 15 21 29 21 28 18 21 29 10 23 30 23 22 34 19 6 21 26 27 24 25 18 13 16 26 18 22 27 6 16 9 25 15 26 15 7 22 24 10 17 18 24 29 18 10 10 13 14 14 19 20 17 10 32 25 21 22 16 13 17 24 21 12 16 16 12 16 14 14 16 15 25 15 18 13 20 18 26 24 17 25 12 16 16 16 12 17 16 12 15 12 14 17 15 15 11 12 10 16 16 17 13 16 24 15 12 11 12 13 16 11 16 16 16 10 13 17 17 18 13 8 12 19 18 11 16 12 16 13 19 13
INF INF INF INF INF INF INF INF INF INF INF INF INF INF INF INF INF INF INF INF INF INF INF INF INF INF INF INF INF INF INF INF INF INF INF INF INF INF INF INF INF INF INF INF INF INF INF INF INF INF INF INF INF INF INF INF INF INF INF INF INF INF INF INF INF INF INF INF INF INF INF INF INF INF INF INF INF INF INF INF INF INF INF INF INF INF INF INF INF INF INF INF INF INF INF INF INF INF INF INF INF INF INF INF INF INF INF INF INF INF INF INF INF INF INF INF INF INF INF INF INF INF INF INF INF INF INF INF INF INF INF INF INF INF INF INF INF INF INF 0 12 28 48 67 71 75 95 102 109 131 132 142 34 38 45 46 48 50 72 93 100 51 71 75 81 95 104 106 117 83 100 81 92 46 70 54 77 79 90 32 33 35 36 35 51 64 84 15 30 50 71 45 56 61 45 27 45 49 57 28 33 36 39 56 46 53 61 72 69 70 41 64 82 40 49 51 52 68 36 39 42 39 43 45 56 59 53 45 31 50 55 51 46 54 64 56 49 34 38 43 49 39 61 55 46 50 55 48 46 48 49 50 55 62 53 35 16 28 36 43 53 63 51 26 39 41 48 45 46 45 41 46 53 54 42 44 46 63 41 62 33 28 36 54 48 38 42 26 45 43 53 38 54 38 32 37 52 55 42 37 49 66 16 17 29 34 44 49 20 44 45 6 27 43 55 38 36 37 56 41 41 44 38 39 47 52 41 33 37 40 36 42 44 59 63 29 41 35 23 34 34 21 16 21 28 36 45 31 40 39 33 45 27 22 37 53 33 26 37 37 39 40 40 10 12 32 28 34 21 23 41 52 18 25 29 27 35 22 35 30 32 19 35 30 27 25 24 25 38 35 29 33 19 44 22 32 37 24 28 34 25 21 23 28 17 27 28 33 30 28 30 40 20 24 27 30 18 34 36 20 24 28 29 32 21 35 28 22 27 21 18 21 13 21 16 29 28 23 20 20 25 32 29 21 29 30 28 37 20 31 22 26 25 26 15 20 26 25 22 20 18 24 27 17 14 15 28 13 21 25 24 18 26 22 27 27 21 16 21 23 19 19 19 29 23 21 20 23 21 18 16 22 22 19 20 22 26 19 22 21
INF INF INF INF INF INF INF INF INF INF INF INF INF INF INF INF INF INF INF INF INF INF INF INF INF INF INF INF INF INF INF INF INF INF INF INF INF INF INF INF INF INF INF INF INF INF INF INF INF INF INF INF INF INF INF INF INF INF INF INF INF INF INF INF INF INF INF INF INF INF INF INF INF INF INF INF INF INF INF INF INF INF INF INF INF INF INF INF INF INF INF INF INF INF INF INF INF INF INF INF INF INF INF INF INF INF INF INF INF INF INF INF INF INF INF INF INF INF INF INF INF INF INF INF INF INF INF INF INF INF INF INF INF INF INF INF INF INF INF INF 0 16 36 55 59 63 83 90 97 119 120 130 22 26 33 34 36 38 60 81 88 39 59 63 69 83 92 94 105 71 88 69 80 34 58 42 65 67 78 20 21 23 24 23 39 52 72 3 18 38 59 33 44 49 33 15 33 37 45 16 21 24 27 44 34 41 49 60 57 58 29 52 70 28 37 39 40 56 24 27 30 27 31 33 44 47 41 33 19 38 43 39 34 42 52 44 37 22 26 31 37 27 49 43 34 38 43 36 34 36 37 38 43 50 41 23 33 16 24 31 41 51 39 15 28 29 36 33 34 33 29 34 41 42 30 32 34 51 29 50 21 16 25 42 36 26 30 37 48 31 42 26 42 26 20 25 40 43 30 25 37 54 4 5 17 22 32 37 8 32 33 32 29 31 43 26 24 25 44 29 29 32 27 27 35 40 29 21 25 28 24 31 32 47 51 17 29 23 11 22 22 17 27 29 29 24 33 40 28 28 21 33 15 10 25 41 44 22 34 25 27 28 34 25 27 27 16 22 9 11 29 40 29 16 17 20 28 10 23 18 20 20 23 20 23 38 26 27 28 23 17 30 7 32 10 20 25 12 16 37 32 9 11 16 20 23 17 22 18 16 22 28 13 12 15 18 17 24 24 12 22 16 17 21 13 25 19 13 15 22 29 11 24 18 13 22 16 17 17 11 25 20 17 19 25 18 27 25 8 24 19 16 13 23 20 22 22 17 19 18 13 12 15 16 20 13 23 20 12 16 16 17 25 21 21 15 20 19 20 20 16 11 11 20 14 18 16 17 20 15 18 17 19 18 15 19 19 13 10 9
INF INF INF INF INF INF INF INF INF INF INF INF INF INF INF INF INF INF INF INF INF INF INF INF INF INF INF INF INF INF INF INF INF INF INF INF INF INF INF INF INF INF INF INF INF INF INF INF INF INF INF INF INF INF INF INF INF INF INF INF INF INF INF INF INF INF INF INF INF INF INF INF INF INF INF INF INF INF INF INF INF INF INF INF INF INF INF INF INF INF INF INF INF INF INF INF INF INF INF INF INF INF INF INF INF INF INF INF INF INF INF INF INF INF INF INF INF INF INF INF INF INF INF INF INF INF INF INF INF INF INF INF INF INF INF INF INF INF INF INF INF 0 20 39 43 47 67 74 81 103 104 114 6 10 17 18 20 22 44 65 72 23 43 47 53 67 76 78 89 55 72 53 64 18 42 26 49 51 62 75 76 53 8 7 23 36 56 52 25 45 43 57 68 69 17 24 42 21 29 20 25 28 31 32 37 44 52 62 65 42 36 55 61 32 21 23 24 45 8 11 14 11 15 17 28 31 25 17 27 46 27 34 18 26 36 28 33 42 46 15 25 11 33 27 38 24 27 20 18 27 23 34 31 37 25 21 36 42 50 57 37 35 37 33 32 13 38 17 18 28 31 18 39 44 38 27 18 35 19 36 30 23 19 26 40 26 34 41 41 15 26 29 40 14 12 34 38 27 23 28 36 43 8 9 21 26 25 21 43 41 23 32 27 37 27 30 20 26 29 38 29 36 30 14 22 24 25 18 21 16 28 15 16 31 35 13 25 21 22 29 21 16 13 18 31 20 22 26 32 23 17 30 22 22 12 37 39 21 28 17 23 37 36 22 24 14 18 18 23 22 33 27 15 19 30 33 33 14 24 14 22 23 19 27 18 26 21 22 28 29 17 14 11 35 14 14 17 23 20 21 28 24 32 25 14 21 22 22 27 23 29 27 9 13 19 16 17 14 10 16 13 25 25 21 17 32 20 17 18 25 20 20 20 20 17 19 5 22 14 17 16 21 18 8 16 17 25 20 12 23 17 20 17 16 18 19 21 15 16 9 11 16 19 5 10 11 16 22 18 10 15 6 14 12 17 15 11 12 20 17 15 13 15 17 13 15 13 15 9 15 9 21 16 7 12 17 18 9 12 11
INF INF INF INF INF INF INF INF INF INF INF INF INF INF INF INF INF INF INF INF INF INF INF INF INF INF INF INF INF INF INF INF INF INF INF INF INF INF INF INF INF INF INF INF INF INF INF INF INF INF INF INF INF INF INF INF INF INF INF INF INF INF INF INF INF INF INF INF INF INF INF INF INF INF INF INF INF INF INF INF INF INF INF INF INF INF INF INF INF INF INF INF INF INF INF INF INF INF INF INF INF INF INF INF INF INF INF INF INF INF INF INF INF INF INF INF INF INF INF INF INF INF INF INF INF INF INF INF INF INF INF INF INF INF INF INF INF INF INF INF INF INF 0 19 23 27 47 54 61 83 84 94 33 37 44 2 4 6 28 49 56 7 27 31 37 51 60 62 73 35 52 33 44 45 69 53 76 39 50 59 60 33 34 20 36 49 56 32 9 29 50 43 54 49 44 37 54 48 56 38 43 16 19 36 41 40 48 59 47 66 20 43 45 45 5 10 23 44 35 15 18 26 30 32 43 38 52 32 11 30 22 29 22 13 23 12 17 34 38 26 36 24 37 17 26 20 32 33 31 28 29 38 19 26 13 28 32 40 48 51 44 31 27 17 20 30 28 29 30 24 20 27 30 33 22 24 33 50 21 32 33 10 27 37 28 32 23 30 39 37 28 18 34 27 11 33 45 11 24 12 29 45 21 22 30 31 26 33 44 54 26 24 34 31 30 40 15 26 40 36 43 49 29 27 35 26 20 21 16 19 24 23 28 20 24 17 29 17 35 16 26 27 29 21 28 26 26 33 31 25 21 36 20 17 27 36 24 17 29 16 7 30 27 12 14 29 23 22 29 31 25 32 16 10 30 33 24 26 25 19 13 21 20 36 16 27 24 20 30 17 11 6 24 26 26 30 21 23 20 25 19 25 30 25 23 23 18 7 16 17 23 28 18 17 15 18 19 17 12 22 15 21 17 20 22 20 24 15 10 23 18 18 15 19 18 22 11 19 21 19 18 20 21 14 9 23 21 26 25 27 20 21 18 20 17 22 19 13 8 15 17 16 15 21 20 16 8 12 20 14 11 14 22 11 21 8 17 12 14 9 15 14 18 20 13 18 13 17 19 17 10 15 17 9 14 5 9 7 16 9
INF INF INF INF INF INF INF INF INF INF INF INF INF INF INF INF INF INF INF INF INF INF INF INF INF INF INF INF INF INF INF INF INF INF INF INF INF INF INF INF INF INF INF INF INF INF INF INF INF INF INF INF INF INF INF INF INF INF INF INF INF INF INF INF INF INF INF INF INF INF INF INF INF INF INF INF INF INF INF INF INF INF INF INF INF INF INF INF INF INF INF INF INF INF INF INF INF INF INF INF INF INF INF INF INF INF INF INF INF INF INF INF INF INF INF INF INF INF INF INF INF INF INF INF INF INF INF INF INF INF INF INF INF INF INF INF INF INF INF INF INF INF INF 0 4 8 28 35 42 64 65 75 14 18 25 26 28 30 52 73 80 31 51 55 61 75 84 86 97 16 33 14 25 26 50 34 57 20 31 45 46 14 15 1 17 30 37 13 28 48 51 24 35 30 25 18 36 29 37 19 24 27 30 40 37 44 52 43 28 47 39 49 67 26 27 30 32 53 16 19 21 18 22 24 35 19 33 18 22 41 34 41 25 33 43 23 28 49 44 22 32 5 27 21 37 20 17 14 12 21 12 24 34 36 24 26 30 26 34 41 25 42 38 25 31 11 33 24 25 35 25 20 31 36 19 21 25 42 21 32 24 25 26 18 25 23 28 35 48 23 26 27 43 8 10 32 35 35 25 24 24 47 2 3 15 20 23 28 36 35 31 26 21 32 35 29 23 28 36 30 35 30 24 8 16 18 26 24 24 14 19 9 14 29 33 21 31 21 29 31 23 10 19 24 37 22 25 32 26 25 24 24 27 25 19 22 27 15 27 14 25 30 25 18 20 20 23 25 17 17 35 25 21 13 27 30 23 8 18 21 16 24 26 31 16 20 24 25 17 26 17 21 5 30 8 16 21 30 14 15 22 18 21 19 20 16 18 23 21 22 28 29 11 21 13 10 11 8 18 10 17 19 29 22 11 1 14 11 13 26 23 14 14 12 11 23 14 18 15 13 7 18 12 14 22 11 2 14 6 14 11 14 9 15 11 16 7 13 17 16 13 14 13 14 10 11 21 18 14 16 9 15 18 19 22 17 8 5 14 22 8 8 9 20 7 16 11 12 16 12 13 13 14 11 13 16 15 14 8 7
INF INF INF INF INF INF INF INF INF INF INF INF INF INF INF INF INF INF INF INF INF INF INF INF INF INF INF INF INF INF INF INF INF INF INF INF INF INF INF INF INF INF INF INF INF INF INF INF INF INF INF INF INF INF INF INF INF INF INF INF INF INF INF INF INF INF INF INF INF INF INF INF INF INF INF INF INF INF INF INF INF INF INF INF INF INF INF INF INF INF INF INF INF INF INF INF INF INF INF INF INF INF INF INF INF INF INF INF INF INF INF INF INF INF INF INF INF INF INF INF INF INF INF INF INF INF INF INF INF INF INF INF INF INF INF INF INF INF INF INF INF INF INF INF 0 4 24 31 38 60 61 71 10 14 21 22 24 26 48 69 76 27 47 51 57 71 80 82 93 12 29 10 21 22 46 30 53 16 27 41 42 44 37 11 27 40 33 9 24 44 47 20 31 26 21 28 46 25 33 24 29 32 35 36 41 48 56 39 24 43 35 58 64 22 23 28 28 49 12 15 17 25 29 31 42 45 29 14 29 48 43 42 21 31 41 32 32 49 53 41 39 15 37 31 42 28 13 24 22 31 8 20 34 32 20 31 26 22 30 37 37 46 34 21 27 17 29 30 31 39 35 16 29 34 15 17 32 49 17 38 26 22 23 39 21 30 24 31 50 19 30 29 39 18 20 42 31 31 36 20 22 45 12 13 25 24 19 26 32 45 27 22 31 39 31 34 24 33 39 26 33 26 26 18 26 28 26 22 25 24 15 19 20 27 31 17 29 25 35 28 19 20 17 22 33 24 25 30 28 21 20 34 23 26 26 26 23 25 28 18 27 26 28 28 30 16 20 21 15 17 31 23 19 23 23 26 27 18 28 18 12 20 23 27 21 30 20 21 13 23 21 26 15 35 18 23 21 29 24 24 18 24 17 17 18 22 23 25 19 20 26 29 13 17 23 20 18 18 28 20 17 28 29 25 21 31 24 21 22 22 19 21 24 22 21 23 24 24 18 9 3 15 22 21 20 21 24 24 16 28 17 20 5 21 7 12 11 19 14 12 10 18 15 24 14 15 22 21 10 14 17 13 21 15 21 21 14 1 15 22 4 4 18 17 16 18 8 8 12 8 18 21 10 18 16 12 16 14 16 17
INF INF INF INF INF INF INF INF INF INF INF INF INF INF INF INF INF INF INF INF INF INF INF INF INF INF INF INF INF INF INF INF INF INF INF INF INF INF INF INF INF INF INF INF INF INF INF INF INF INF INF INF INF INF INF INF INF INF INF INF INF INF INF INF INF INF INF INF INF INF INF INF INF INF INF INF INF INF INF INF INF INF INF INF INF INF INF INF INF INF INF INF INF INF INF INF INF INF INF INF INF INF INF INF INF INF INF INF INF INF INF INF INF INF INF INF INF INF INF INF INF INF INF INF INF INF INF INF INF INF INF INF INF INF INF INF INF INF INF INF INF INF INF INF INF 0 20 27 34 56 57 67 6 10 17 18 20 22 44 65 72 23 43 47 53 67 76 78 89 93 110 6 17 18 42 26 49 51 62 75 76 78 33 7 23 36 29 5 20 40 43 16 27 32 17 24 42 21 29 20 25 28 31 32 37 44 52 35 20 39 31 54 60 18 19 24 24 45 8 11 13 21 25 27 38 41 25 27 25 44 39 38 17 27 37 28 28 45 49 37 35 11 33 27 38 24 9 20 18 27 4 16 30 28 27 27 42 18 26 33 43 42 37 17 30 13 35 27 28 35 31 12 25 30 11 13 28 45 13 34 22 18 19 36 17 26 20 27 46 15 26 25 35 14 16 38 44 27 32 16 18 41 8 9 21 20 15 22 38 41 23 18 27 35 27 30 20 29 35 22 29 22 22 14 22 24 22 18 21 20 24 15 16 31 35 13 25 21 32 24 15 16 13 18 29 20 21 26 24 17 16 30 19 22 22 22 25 21 24 20 23 28 24 24 26 12 16 17 11 13 32 19 15 19 19 22 23 14 24 14 8 16 19 23 17 26 16 17 9 19 17 22 11 31 14 19 17 25 20 20 14 20 13 18 14 18 19 21 20 21 27 25 9 13 19 16 14 14 24 16 13 24 25 21 17 32 20 17 18 18 20 17 20 18 17 19 20 20 14 5 17 24 18 17 25 17 20 20 12 24 13 17 17 17 18 19 17 15 18 18 6 14 19 20 18 15 21 24 6 10 15 9 17 19 17 17 20 10 20 18 13 13 15 20 13 15 8 14 13 12 14 21 16 17 12 16 18 12 14 13
INF INF INF INF INF INF INF INF INF INF INF INF INF INF INF INF INF INF INF INF INF INF INF INF INF INF INF INF INF INF INF INF INF INF INF INF INF INF INF INF INF INF INF INF INF INF INF INF INF INF INF INF INF INF INF INF INF INF INF INF INF INF INF INF INF INF INF INF INF INF INF INF INF INF INF INF INF INF INF INF INF INF INF INF INF INF INF INF INF INF INF INF INF INF INF INF INF INF INF INF INF INF INF INF INF INF INF INF INF INF INF INF INF INF INF INF INF INF INF INF INF INF INF INF INF INF INF INF INF INF INF INF INF INF INF INF INF INF INF INF INF INF INF INF INF INF 0 7 14 36 37 47 68 72 79 80 15 17 39 60 61 85 82 86 92 106 115 117 128 132 149 170 181 80 104 88 111 113 124 114 115 117 13 37 53 52 72 16 31 23 44 58 69 61 38 47 65 81 89 41 46 27 30 47 52 51 59 20 23 42 42 65 40 10 28 28 41 62 65 33 36 16 20 17 28 31 52 22 34 53 31 38 40 31 41 23 28 42 46 20 30 17 39 28 37 31 42 26 24 33 34 46 30 37 25 37 41 29 37 44 37 40 29 28 32 27 39 22 23 33 37 33 42 47 37 27 23 40 34 14 15 23 38 31 39 35 12 19 38 28 38 29 45 32 17 37 52 22 28 23 36 59 20 21 33 38 27 26 33 47 15 30 43 15 36 51 26 31 34 20 42 14 22 20 28 30 31 31 17 20 35 35 13 28 32 17 29 26 22 27 26 22 32 32 39 33 20 27 24 19 37 36 21 28 16 37 35 27 24 22 18 37 27 26 28 18 22 37 18 20 35 26 17 21 30 33 38 21 30 31 24 25 31 31 27 32 27 28 35 30 16 17 23 33 23 19 10 23 26 35 31 30 24 24 9 14 16 20 26 25 30 31 19 23 20 23 24 18 17 17 26 27 24 20 18 35 28 20 20 27 29 22 25 19 26 32 24 19 23 16 23 24 22 25 28 29 29 31 24 36 14 18 22 18 22 23 18 22 19 20 18 24 17 21 13 14 19 25 17 19 19 22 25 22 13 14 22 18 24 20 20 20 17 19 18 16 21 23 18 10 19 22 17 20 18 12 16 14 23 17
INF INF INF INF INF INF INF INF INF INF INF INF INF INF INF INF INF INF INF INF INF INF INF INF INF INF INF INF INF INF INF INF INF INF INF INF INF INF INF INF INF INF INF INF INF INF INF INF INF INF INF INF INF INF INF INF INF INF INF INF INF INF INF INF INF INF INF INF INF INF INF INF INF INF INF INF INF INF INF INF INF INF INF INF INF INF INF INF INF INF INF INF INF INF INF INF INF INF INF INF INF INF INF INF INF INF INF INF INF INF INF INF INF INF INF INF INF INF INF INF INF INF INF INF INF INF INF INF INF INF INF INF INF INF INF INF INF INF INF INF INF INF INF INF INF INF INF 0 7 29 30 40 61 65 72 73 8 10 32 53 54 78 75 79 85 99 108 110 121 125 142 163 174 73 97 81 104 106 117 107 108 110 6 30 46 45 65 9 24 16 37 51 62 54 31 40 58 74 82 34 39 20 23 40 45 44 52 13 16 35 35 58 33 46 64 21 34 55 58 26 29 9 13 10 21 24 45 15 31 50 25 32 33 24 34 16 21 35 39 13 23 10 32 21 30 24 35 19 17 26 27 39 23 30 18 31 34 22 30 37 30 33 32 21 25 20 32 15 16 26 30 26 35 40 30 20 16 33 27 7 8 16 31 24 32 28 33 34 35 21 31 22 38 25 10 30 45 15 21 16 29 52 28 29 30 31 20 19 41 40 36 28 37 8 29 44 19 24 27 13 35 40 29 13 21 23 24 25 20 14 29 28 6 21 25 10 22 19 15 22 19 15 25 25 32 26 13 20 31 12 30 29 23 21 10 30 28 20 17 15 11 30 20 20 21 12 16 31 11 13 33 33 10 14 23 26 31 34 23 24 17 18 24 24 21 25 20 21 28 23 9 10 23 26 17 12 3 16 19 28 24 23 17 17 2 7 9 13 19 18 24 25 12 16 13 16 17 13 10 10 19 20 17 13 11 29 21 13 13 20 22 15 18 12 20 25 17 20 20 9 16 17 17 20 22 25 22 24 21 30 7 11 15 11 16 16 11 15 12 13 11 17 10 14 6 7 12 18 10 12 14 15 18 15 14 14 15 16 18 13 13 17 10 16 11 9 15 16 12 3 12 16 10 13 11 5 9 7 16 13
INF INF INF INF INF INF INF INF INF INF INF INF INF INF INF INF INF INF INF INF INF INF INF INF INF INF INF INF INF INF INF INF INF INF INF INF INF INF INF INF INF INF INF INF INF INF INF INF INF INF INF INF INF INF INF INF INF INF INF INF INF INF INF INF INF INF INF INF INF INF INF INF INF INF INF INF INF INF INF INF INF INF INF INF INF INF INF INF INF INF INF INF INF INF INF INF INF INF INF INF INF INF INF INF INF INF INF INF INF INF INF INF INF INF INF INF INF INF INF INF INF INF INF INF INF INF INF INF INF INF INF INF INF INF INF INF INF INF INF INF INF INF INF INF INF INF INF INF 0 22 23 33 54 58 65 66 1 3 25 46 47 71 68 72 78 92 101 103 114 118 135 156 167 66 90 74 97 99 110 100 101 103 104 55 71 38 58 43 58 78 64 78 89 47 51 60 78 69 77 54 59 13 16 33 38 37 45 6 9 28 29 52 26 46 64 69 72 60 51 54 48 56 50 52 63 46 67 62 33 52 61 39 52 57 67 9 14 39 43 39 49 3 25 14 23 17 28 12 10 19 20 32 16 23 22 44 29 37 45 48 45 28 36 14 27 13 25 26 27 27 23 30 35 40 23 21 33 50 30 29 30 30 24 27 25 21 26 27 42 34 24 15 31 45 9 31 46 8 27 9 26 48 21 22 34 28 29 36 47 33 29 21 42 28 30 39 12 23 42 33 33 50 26 6 14 16 17 18 13 12 27 30 20 18 22 28 40 14 32 21 27 8 18 18 25 23 32 39 24 5 28 22 17 14 30 33 21 13 25 14 4 27 13 16 18 24 20 27 15 17 31 29 19 7 30 33 25 27 16 26 10 18 17 29 14 18 21 17 25 26 23 3 22 19 18 14 19 20 12 27 25 16 33 10 19 14 14 15 12 13 19 27 21 19 14 17 18 6 9 19 12 18 10 17 19 24 25 21 7 20 15 15 19 12 20 19 14 16 18 17 15 17 10 13 21 21 21 24 23 23 9 13 14 13 10 15 13 15 5 6 8 12 12 23 16 13 5 11 18 11 7 11 19 8 20 15 8 9 11 6 12 12 17 18 4 2 9 9 10 13 7 15 3 6 4 4 8 6 15 6
INF INF INF INF INF INF INF INF INF INF INF INF INF INF INF INF INF INF INF INF INF INF INF INF INF INF INF INF INF INF INF INF INF INF INF INF INF INF INF INF INF INF INF INF INF INF INF INF INF INF INF INF INF INF INF INF INF INF INF INF INF INF INF INF INF INF INF INF INF INF INF INF INF INF INF INF INF INF INF INF INF INF INF INF INF INF INF INF INF INF INF INF INF INF INF INF INF INF INF INF INF INF INF INF INF INF INF INF INF INF INF INF INF INF INF INF INF INF INF INF INF INF INF INF INF INF INF INF INF INF INF INF INF INF INF INF INF INF INF INF INF INF INF INF INF INF INF INF INF 0 1 11 32 36 43 44 46 48 70 91 25 49 46 50 56 70 79 81 92 96 113 134 145 44 68 52 75 77 88 78 79 81 82 33 49 16 36 38 51 71 69 83 94 25 29 38 56 47 55 32 37 40 6 23 28 33 41 42 45 54 55 35 4 26 44 49 50 50 34 37 26 34 28 30 41 24 45 40 42 61 47 54 30 47 57 29 31 31 35 48 38 28 50 34 13 17 6 18 35 15 16 28 20 27 28 39 46 22 30 37 30 35 22 25 35 32 28 27 28 38 44 44 36 32 35 27 31 48 43 29 30 33 31 5 15 32 28 35 53 35 29 32 48 32 34 46 56 50 12 30 16 39 23 24 36 18 14 21 31 39 31 21 42 18 8 30 17 28 33 16 21 30 20 31 23 22 21 21 15 18 27 28 29 35 31 39 45 27 33 8 23 24 6 11 21 21 30 37 20 36 20 35 22 19 32 19 38 27 30 30 23 27 35 24 18 9 13 21 21 22 36 16 8 15 23 26 20 23 13 23 23 16 28 20 30 22 14 15 12 22 26 23 24 27 29 22 27 25 11 26 11 17 25 16 7 17 19 24 9 10 16 16 10 20 22 21 17 16 11 10 11 26 26 19 11 6 19 8 20 18 18 19 17 12 20 19 22 24 21 12 15 22 20 20 22 20 18 26 25 27 12 16 11 16 19 22 12 15 15 10 14 22 27 14 11 12 18 18 13 17 17 15 14 13 25 24 12 13 19 17 16 16 13 17 13 22 14 11 15 4 17 14 16 15 13 8 12 10 19 14
INF INF INF INF INF INF INF INF INF INF INF INF INF INF INF INF INF INF INF INF INF INF INF INF INF INF INF INF INF INF INF INF INF INF INF INF INF INF INF INF INF INF INF INF INF INF INF INF INF INF INF INF INF INF INF INF INF INF INF INF INF INF INF INF INF INF INF INF INF INF INF INF INF INF INF INF INF INF INF INF INF INF INF INF INF INF INF INF INF INF INF INF INF INF INF INF INF INF INF INF INF INF INF INF INF INF INF INF INF INF INF INF INF INF INF INF INF INF INF INF INF INF INF INF INF INF INF INF INF INF INF INF INF INF INF INF INF INF INF INF INF INF INF INF INF INF INF INF INF INF 0 10 31 35 42 43 45 47 69 90 24 48 45 49 55 69 78 80 91 95 112 133 144 43 67 51 74 76 87 77 78 80 81 32 48 15 35 37 50 70 68 82 93 98 42 49 67 46 54 45 50 53 5 22 27 32 40 41 44 63 61 34 3 25 43 48 49 49 33 36 25 33 37 39 50 23 44 39 49 68 46 53 29 46 56 28 30 30 34 47 45 27 49 33 12 16 5 17 34 14 15 27 19 26 27 49 45 21 29 36 29 34 21 24 34 31 56 26 27 37 43 43 35 31 34 26 30 47 42 28 29 32 34 4 14 31 27 34 52 34 28 36 52 31 33 45 60 49 11 29 15 38 22 23 35 17 13 20 42 38 30 20 41 17 7 29 16 27 32 22 20 29 19 30 22 21 20 20 14 17 26 27 28 34 38 38 44 26 32 7 22 23 5 10 20 20 29 36 19 35 19 34 21 18 31 18 37 26 29 29 22 26 34 23 17 8 12 20 20 21 35 15 7 14 22 25 19 22 20 22 22 15 27 19 29 21 13 14 11 21 25 22 24 26 28 21 26 24 10 25 10 16 24 15 6 16 18 23 8 9 15 15 9 19 21 20 16 15 10 9 10 25 25 18 10 20 22 7 19 17 17 18 16 11 19 18 21 23 20 11 14 21 19 19 21 19 17 25 25 26 11 15 10 15 18 21 15 14 14 19 13 21 26 13 10 11 17 17 12 16 16 14 13 18 26 23 21 12 18 18 15 15 12 16 12 21 13 10 14 3 16 13 15 14 12 7 11 9 18 13
INF INF INF INF INF INF INF INF INF INF INF INF INF INF INF INF INF INF INF INF INF INF INF INF INF INF INF INF INF INF INF INF INF INF INF INF INF INF INF INF INF INF INF INF INF INF INF INF INF INF INF INF INF INF INF INF INF INF INF INF INF INF INF INF INF INF INF INF INF INF INF INF INF INF INF INF INF INF INF INF INF INF INF INF INF INF INF INF INF INF INF INF INF INF INF INF INF INF INF INF INF INF INF INF INF INF INF INF INF INF INF INF INF INF INF INF INF INF INF INF INF INF INF INF INF INF INF INF INF INF INF INF INF INF INF INF INF INF INF INF INF INF INF INF INF INF INF INF INF INF INF 0 21 25 32 33 35 37 59 80 14 38 35 39 45 59 68 70 81 85 102 123 134 33 57 41 64 66 77 67 68 70 71 22 38 51 71 73 40 60 58 72 83 88 32 39 57 36 44 35 40 43 46 47 52 22 30 41 44 57 51 70 53 31 36 41 39 60 23 26 29 37 41 43 54 57 40 43 42 61 46 53 33 44 54 43 48 65 69 55 51 17 39 42 49 39 33 26 24 6 7 19 24 31 36 42 57 49 57 64 59 24 11 18 31 27 52 16 17 27 33 33 28 33 36 35 20 37 34 51 45 22 28 17 35 35 33 40 42 30 33 28 44 29 31 35 50 39 24 38 36 58 23 24 36 25 26 33 54 47 36 33 38 41 42 38 8 19 38 46 44 35 23 20 12 18 13 14 9 12 27 19 24 39 43 28 40 36 48 28 23 22 18 23 32 27 36 41 11 27 32 32 13 10 26 30 47 27 27 25 30 35 38 18 9 22 16 33 28 27 27 27 20 16 14 17 25 28 26 29 20 28 30 26 28 20 24 25 12 22 23 33 26 31 29 28 32 16 22 25 31 18 32 25 2 17 19 24 18 19 25 23 22 14 18 18 17 10 16 22 14 20 17 22 23 28 18 20 27 26 15 11 21 21 19 15 16 24 15 17 22 23 14 17 25 21 24 17 27 28 7 11 15 11 14 19 11 22 21 15 18 16 20 22 6 7 13 19 18 12 11 21 19 18 24 19 17 13 16 14 13 16 20 16 16 16 13 16 20 3 12 18 17 13 17 7 11 9 18 13
INF INF INF INF INF INF INF INF INF INF INF INF INF INF INF INF INF INF INF INF INF INF INF INF INF INF INF INF INF INF INF INF INF INF INF INF INF INF INF INF INF INF INF INF INF INF INF INF INF INF INF INF INF INF INF INF INF INF INF INF INF INF INF INF INF INF INF INF INF INF INF INF INF INF INF INF INF INF INF INF INF INF INF INF INF INF INF INF INF INF INF INF INF INF INF INF INF INF INF INF INF INF INF INF INF INF INF INF INF INF INF INF INF INF INF INF INF INF INF INF INF INF INF INF INF INF INF INF INF INF INF INF INF INF INF INF INF INF INF INF INF INF INF INF INF INF INF INF INF INF INF INF 0 4 11 12 14 16 38 59 66 17 37 41 47 61 70 72 83 87 104 125 136 12 36 20 43 45 56 69 70 72 73 1 17 30 50 52 19 39 37 51 62 67 11 18 36 15 23 14 19 22 25 26 31 38 46 56 59 36 30 49 55 26 15 20 18 39 2 5 8 16 20 22 33 36 19 22 21 40 47 40 12 23 33 22 27 44 48 34 30 5 27 21 32 18 21 14 12 21 17 28 25 32 23 21 36 36 44 51 38 40 37 27 30 7 32 22 23 33 25 12 33 38 32 23 23 40 13 30 24 20 13 31 34 20 28 35 46 9 20 23 34 8 10 32 38 21 34 22 35 37 2 3 15 20 33 40 38 35 17 30 21 31 21 24 14 23 42 32 23 30 24 8 16 18 19 12 15 14 22 9 10 25 29 7 19 15 27 26 26 10 7 12 25 14 16 20 26 17 11 24 19 16 17 34 34 15 27 14 17 31 33 18 20 19 22 12 17 16 27 21 9 13 24 27 27 8 18 8 16 17 13 21 12 20 15 16 22 26 11 16 5 29 8 16 11 22 14 15 22 18 26 19 8 15 16 16 21 17 23 29 3 7 13 10 11 8 18 10 7 19 19 15 11 26 14 11 12 19 14 14 14 14 11 13 14 18 8 15 16 18 12 14 20 11 19 14 6 18 11 14 11 15 12 13 15 9 14 17 13 14 13 14 12 13 16 18 14 16 9 15 18 20 11 12 16 16 14 12 13 9 9 16 7 9 11 9 14 9 13 15 10 11 11 11 15 13 8 7
INF INF INF INF INF INF INF INF INF INF INF INF INF INF INF INF INF INF INF INF INF INF INF INF INF INF INF INF INF INF INF INF INF INF INF INF INF INF INF INF INF INF INF INF INF INF INF INF INF INF INF INF INF INF INF INF INF INF INF INF INF INF INF INF INF INF INF INF INF INF INF INF INF INF INF INF INF INF INF INF INF INF INF INF INF INF INF INF INF INF INF INF INF INF INF INF INF INF INF INF INF INF INF INF INF INF INF INF INF INF INF INF INF INF INF INF INF INF INF INF INF INF INF INF INF INF INF INF INF INF INF INF INF INF INF INF INF INF INF INF INF INF INF INF INF INF INF INF INF INF INF INF INF 0 25 26 28 30 52 73 80 31 51 55 61 75 84 86 97 101 118 139 150 8 32 16 39 41 52 66 67 69 70 94 77 90 110 70 33 53 33 47 58 63 7 16 34 29 37 10 15 18 21 38 35 42 50 61 64 32 33 56 69 22 29 34 32 53 55 29 32 40 39 41 47 50 51 46 20 39 43 43 36 37 47 36 31 46 50 43 35 38 60 41 28 14 17 29 45 30 31 43 43 50 37 17 34 33 41 48 42 45 33 40 44 28 30 31 32 37 43 8 29 34 31 33 42 59 9 26 22 30 9 32 30 43 24 31 50 40 26 20 31 43 35 39 34 35 39 36 31 33 12 13 25 30 39 45 34 50 27 26 23 27 48 20 10 19 38 30 45 26 25 21 29 20 15 16 11 14 29 43 19 34 38 31 18 19 37 26 35 36 3 8 21 24 32 39 27 13 22 34 15 12 28 30 45 29 30 32 31 29 29 20 22 20 18 23 15 17 29 17 5 12 34 37 26 18 18 19 19 13 22 17 30 19 11 12 25 24 17 20 15 27 18 25 27 18 20 27 22 27 34 25 4 19 20 17 20 17 23 25 7 18 19 22 22 10 18 7 16 22 15 24 8 28 21 10 8 15 23 13 16 15 18 15 18 21 17 14 12 24 14 17 21 22 15 25 16 27 9 13 13 13 14 19 13 12 14 14 16 16 18 21 8 9 15 15 10 14 11 20 21 16 24 18 16 17 16 16 9 19 12 22 9 18 13 13 18 5 14 18 13 13 10 9 13 11 18 15
INF INF INF INF INF INF INF INF INF INF INF INF INF INF INF INF INF INF INF INF INF INF INF INF INF INF INF INF INF INF INF INF INF INF INF INF INF INF INF INF INF INF INF INF INF INF INF INF INF INF INF INF INF INF INF INF INF INF INF INF INF INF INF INF INF INF INF INF INF INF INF INF INF INF INF INF INF INF INF INF INF INF INF INF INF INF INF INF INF INF INF INF INF INF INF INF INF INF INF INF INF INF INF INF INF INF INF INF INF INF INF INF INF INF INF INF INF INF INF INF INF INF INF INF INF INF INF INF INF INF INF INF INF INF INF INF INF INF INF INF INF INF INF INF INF INF INF INF INF INF INF INF INF INF 0 1 3 5 27 48 55 6 26 30 36 50 59 61 72 76 93 114 125 131 71 87 110 80 91 58 59 61 62 86 52 65 85 45 8 28 49 63 74 79 43 52 53 4 12 30 35 15 18 15 20 27 35 46 49 68 19 42 44 36 4 9 7 28 51 14 17 25 14 16 22 25 46 22 10 29 37 29 21 12 22 11 16 33 37 25 24 27 36 16 25 19 31 36 34 22 23 35 18 25 12 33 31 25 33 40 27 30 26 16 19 32 27 16 17 23 19 26 29 32 21 23 17 34 20 31 32 9 26 25 27 35 22 29 38 36 27 17 23 31 10 31 46 10 23 11 28 44 23 24 30 30 23 30 27 51 25 23 38 30 29 39 14 25 39 35 22 40 28 30 38 25 19 20 15 18 19 22 27 19 23 16 28 16 21 15 20 21 26 20 27 25 25 15 27 24 20 35 19 16 26 35 23 26 27 15 6 29 26 10 12 28 22 21 28 23 24 31 15 9 26 25 32 25 33 18 12 20 19 24 15 25 23 19 28 16 10 5 24 25 9 19 20 22 19 24 18 24 29 21 22 22 17 6 15 16 22 27 17 16 14 17 18 16 11 11 14 20 16 19 12 25 23 14 9 22 17 17 13 18 12 21 10 18 16 18 17 19 16 13 21 22 27 25 25 27 19 20 17 19 15 20 18 12 7 14 14 21 14 15 18 15 7 11 19 13 10 13 21 10 20 7 5 6 13 8 9 9 17 19 12 17 12 13 17 13 9 14 15 8 13 4 8 6 15 8
INF INF INF INF INF INF INF INF INF INF INF INF INF INF INF INF INF INF INF INF INF INF INF INF INF INF INF INF INF INF INF INF INF INF INF INF INF INF INF INF INF INF INF INF INF INF INF INF INF INF INF INF INF INF INF INF INF INF INF INF INF INF INF INF INF INF INF INF INF INF INF INF INF INF INF INF INF INF INF INF INF INF INF INF INF INF INF INF INF INF INF INF INF INF INF INF INF INF INF INF INF INF INF INF INF INF INF INF INF INF INF INF INF INF INF INF INF INF INF INF INF INF INF INF INF INF INF INF INF INF INF INF INF INF INF INF INF INF INF INF INF INF INF INF INF INF INF INF INF INF INF INF INF INF INF 0 2 4 26 47 54 5 25 29 35 49 58 60 71 75 92 113 124 130 70 86 109 79 90 57 58 60 61 85 51 64 84 44 7 27 48 62 73 78 42 51 52 68 76 45 50 14 17 34 39 38 46 57 60 67 18 41 43 47 3 8 21 42 65 13 16 24 28 30 41 44 65 30 9 28 36 28 20 11 21 10 15 32 36 24 34 37 35 15 24 18 30 42 44 26 27 36 17 24 11 33 30 38 46 49 46 29 25 15 18 31 26 27 28 22 18 25 28 31 20 22 31 48 19 30 31 8 25 36 26 46 21 28 37 35 26 16 32 45 9 31 46 9 22 10 27 43 22 23 29 29 24 31 42 63 24 22 38 29 28 38 13 24 38 34 41 51 27 33 37 24 18 19 14 17 22 21 26 18 22 15 27 15 33 14 24 25 27 19 26 24 24 31 29 23 19 34 18 15 25 34 22 30 28 14 5 28 25 10 12 27 21 20 27 29 23 30 14 8 28 31 33 24 34 17 11 19 18 34 14 25 22 18 28 15 9 4 23 24 24 28 19 21 18 23 17 23 28 23 21 21 16 5 14 15 21 26 16 15 13 16 17 15 10 20 13 19 15 18 20 24 22 13 8 21 16 16 13 17 16 20 9 17 19 17 16 18 19 12 20 21 26 24 24 27 18 19 16 18 15 20 17 11 6 13 15 20 13 19 18 14 6 10 18 12 9 12 20 9 19 6 15 10 12 7 13 12 16 18 11 16 11 15 17 15 8 13 15 7 12 3 7 5 14 7
INF INF INF INF INF INF INF INF INF INF INF INF INF INF INF INF INF INF INF INF INF INF INF INF INF INF INF INF INF INF INF INF INF INF INF INF INF INF INF INF INF INF INF INF INF INF INF INF INF INF INF INF INF INF INF INF INF INF INF INF INF INF INF INF INF INF INF INF INF INF INF INF INF INF INF INF INF INF INF INF INF INF INF INF INF INF INF INF INF INF INF INF INF INF INF INF INF INF INF INF INF INF INF INF INF INF INF INF INF INF INF INF INF INF INF INF INF INF INF INF INF INF INF INF INF INF INF INF INF INF INF INF INF INF INF INF INF INF INF INF INF INF INF INF INF INF INF INF INF INF INF INF INF INF INF INF 0 2 24 45 52 77 73 77 83 97 106 108 119 123 140 161 172 178 118 134 157 127 138 105 106 108 109 133 99 112 132 42 57 77 63 77 88 93 92 100 100 116 124 95 100 12 15 32 37 36 44 55 58 77 68 91 91 45 63 68 81 59 71 73 76 84 88 90 101 60 81 88 32 51 60 67 80 56 66 8 13 38 42 55 53 56 78 13 22 16 28 40 57 24 25 37 15 22 27 49 28 42 50 47 44 27 41 13 26 39 24 25 26 26 32 39 44 49 22 24 42 59 39 28 29 29 23 34 24 45 35 26 41 33 24 14 30 44 8 30 45 7 26 8 25 48 20 21 33 27 28 35 56 61 38 20 41 27 48 38 11 22 41 32 39 49 25 31 39 22 16 17 12 15 30 29 33 17 21 35 47 13 31 34 26 27 34 17 24 22 31 38 27 26 42 35 16 13 29 33 20 30 26 13 3 26 23 15 17 31 19 42 30 32 30 28 18 6 31 34 31 26 32 29 9 17 16 36 28 24 20 16 26 25 24 2 21 22 22 26 29 19 16 31 28 22 34 21 35 19 14 19 21 22 28 26 20 23 21 24 25 13 8 18 11 17 20 16 18 25 28 20 6 19 14 14 18 19 19 18 19 15 17 16 14 16 17 20 21 28 24 23 22 34 17 17 18 17 14 19 15 23 4 19 18 19 11 22 16 12 4 10 17 10 7 10 18 7 19 20 14 13 10 5 14 11 16 21 9 14 9 13 15 13 6 14 13 5 10 11 15 7 15 5
INF INF INF INF INF INF INF INF INF INF INF INF INF INF INF INF INF INF INF INF INF INF INF INF INF INF INF INF INF INF INF INF INF INF INF INF INF INF INF INF INF INF INF INF INF INF INF INF INF INF INF INF INF INF INF INF INF INF INF INF INF INF INF INF INF INF INF INF INF INF INF INF INF INF INF INF INF INF INF INF INF INF INF INF INF INF INF INF INF INF INF INF INF INF INF INF INF INF INF INF INF INF INF INF INF INF INF INF INF INF INF INF INF INF INF INF INF INF INF INF INF INF INF INF INF INF INF INF INF INF INF INF INF INF INF INF INF INF INF INF INF INF INF INF INF INF INF INF INF INF INF INF INF INF INF INF INF 0 22 43 50 75 71 75 81 95 104 106 117 121 138 159 170 176 116 132 155 125 136 103 104 106 107 131 97 110 130 40 55 75 61 75 86 91 90 98 98 114 122 93 98 101 104 76 81 34 42 53 56 75 66 89 89 43 61 66 79 100 69 71 74 82 86 88 99 102 79 86 30 49 58 65 78 69 79 92 84 80 84 72 82 85 81 90 83 58 45 57 74 66 67 79 13 20 25 47 69 53 61 45 62 76 39 11 24 37 62 63 48 58 64 63 68 73 41 43 56 73 40 63 64 53 21 44 67 63 38 24 43 52 22 31 44 58 56 78 64 75 51 46 59 82 68 63 66 61 53 50 59 78 41 48 53 64 85 55 9 20 39 53 38 47 23 30 38 44 14 15 10 13 28 27 31 32 36 33 45 42 62 32 45 46 32 37 22 38 47 54 25 24 44 33 14 11 27 31 50 28 31 31 29 47 55 19 21 29 17 41 39 35 28 28 28 12 37 40 32 35 33 31 27 35 36 36 28 34 40 38 40 23 32 31 44 20 25 24 27 17 31 33 31 26 33 26 33 31 13 18 19 20 26 24 30 21 19 22 23 11 17 27 15 21 18 17 26 23 28 27 22 37 22 12 22 22 20 16 17 25 16 23 23 21 15 18 26 26 36 24 30 33 24 23 16 28 15 20 23 23 22 20 20 17 21 23 19 18 30 22 24 22 12 24 30 23 31 19 15 16 16 15 14 19 26 21 7 17 14 12 21 18 16 19 18 14 18 19 15 17 20 22
INF INF INF INF INF INF INF INF INF INF INF INF INF INF INF INF INF INF INF INF INF INF INF INF INF INF INF INF INF INF INF INF INF INF INF INF INF INF INF INF INF INF INF INF INF INF INF INF INF INF INF INF INF INF INF INF INF INF INF INF INF INF INF INF INF INF INF INF INF INF INF INF INF INF INF INF INF INF INF INF INF INF INF INF INF INF INF INF INF INF INF INF INF INF INF INF INF INF INF INF INF INF INF INF INF INF INF INF INF INF INF INF INF INF INF INF INF INF INF INF INF INF INF INF INF INF INF INF INF INF INF INF INF INF INF INF INF INF INF INF INF INF INF INF INF INF INF INF INF INF INF INF INF INF INF INF INF INF 0 21 28 53 49 53 59 73 82 84 95 99 116 137 148 154 94 110 133 103 114 81 82 84 85 109 75 88 108 18 33 53 39 53 64 69 68 76 76 92 100 71 76 79 82 54 59 12 20 31 34 53 44 67 67 21 39 44 57 78 47 49 52 60 64 66 77 80 57 64 8 27 36 43 56 47 57 70 62 58 62 50 60 63 59 68 61 36 23 35 52 44 45 57 8 15 20 42 64 31 39 23 40 54 34 30 27 40 65 58 26 36 42 41 46 51 19 21 34 51 18 41 42 31 32 55 53 41 23 2 21 30 17 40 22 36 35 57 59 53 45 24 37 60 63 41 44 39 47 28 44 56 26 26 47 42 63 35 33 36 54 47 33 25 33 36 44 32 17 33 28 29 32 30 35 27 31 23 35 32 47 10 23 24 23 28 41 35 35 41 34 22 22 37 27 35 27 33 33 16 28 30 32 25 33 19 21 17 14 23 24 26 38 31 23 23 32 35 34 27 28 26 22 30 20 37 10 25 21 22 38 33 29 26 39 15 20 19 22 33 29 34 21 25 23 26 24 26 28 14 15 16 22 35 25 18 21 24 25 29 32 22 27 25 42 28 23 18 25 12 25 16 27 27 22 18 23 26 18 18 27 16 22 26 32 21 27 24 25 21 27 26 20 24 15 24 24 17 22 16 19 22 7 24 27 16 21 22 15 14 17 19 18 17 25 17 24 15 10 11 20 16 14 14 20 14 21 24 18 17 14 18 17 22 20 16 13 19 23 18 22 18
INF INF INF INF INF INF INF INF INF INF INF INF INF INF INF INF INF INF INF INF INF INF INF INF INF INF INF INF INF INF INF INF INF INF INF INF INF INF INF INF INF INF INF INF INF INF INF INF INF INF INF INF INF INF INF INF INF INF INF INF INF INF INF INF INF INF INF INF INF INF INF INF INF INF INF INF INF INF INF INF INF INF INF INF INF INF INF INF INF INF INF INF INF INF INF INF INF INF INF INF INF INF INF INF INF INF INF INF INF INF INF INF INF INF INF INF INF INF INF INF INF INF INF INF INF INF INF INF INF INF INF INF INF INF INF INF INF INF INF INF INF INF INF INF INF INF INF INF INF INF INF INF INF INF INF INF INF INF INF 0 7 32 28 32 38 52 61 63 74 78 95 116 127 133 73 89 112 82 93 60 61 63 64 88 54 67 87 80 34 54 18 32 43 48 52 55 55 71 79 55 60 63 66 33 38 15 23 34 37 56 45 68 46 24 42 47 60 60 26 29 32 40 44 46 57 60 36 43 48 67 39 46 36 50 60 73 41 59 63 51 54 57 38 47 42 36 26 38 55 47 41 48 17 24 29 45 56 42 50 2 19 36 43 12 25 31 51 46 29 39 45 20 25 30 33 35 13 30 21 44 38 35 22 45 32 37 26 33 36 33 26 32 43 51 36 58 62 32 49 38 33 56 43 44 42 35 48 43 47 59 29 40 35 26 46 35 23 34 50 31 40 28 24 36 40 42 26 29 24 27 35 28 32 36 40 31 43 14 37 41 16 17 2 7 20 28 37 44 26 25 7 22 20 25 30 39 44 22 29 25 30 28 31 25 26 20 23 8 15 17 23 36 4 11 20 19 27 12 7 17 17 12 22 16 23 18 10 11 24 24 17 19 18 24 10 20 25 25 18 26 31 22 26 15 3 18 14 17 17 18 24 31 6 17 15 18 19 20 22 6 21 22 32 18 7 24 20 9 15 9 20 22 24 14 13 15 16 20 16 13 11 20 23 19 20 20 14 24 19 26 8 12 12 12 14 19 12 11 13 16 15 21 17 16 7 8 12 14 14 13 12 17 20 10 22 18 18 17 15 13 19 14 14 27 9 17 15 14 17 4 13 19 12 13 9 8 12 10 19 13
INF INF INF INF INF INF INF INF INF INF INF INF INF INF INF INF INF INF INF INF INF INF INF INF INF INF INF INF INF INF INF INF INF INF INF INF INF INF INF INF INF INF INF INF INF INF INF INF INF INF INF INF INF INF INF INF INF INF INF INF INF INF INF INF INF INF INF INF INF INF INF INF INF INF INF INF INF INF INF INF INF INF INF INF INF INF INF INF INF INF INF INF INF INF INF INF INF INF INF INF INF INF INF INF INF INF INF INF INF INF INF INF INF INF INF INF INF INF INF INF INF INF INF INF INF INF INF INF INF INF INF INF INF INF INF INF INF INF INF INF INF INF INF INF INF INF INF INF INF INF INF INF INF INF INF INF INF INF INF INF 0 25 21 25 31 45 54 56 67 71 88 109 120 126 66 82 105 75 86 53 54 56 57 81 47 60 80 73 27 47 67 62 73 78 62 48 48 64 72 49 54 57 60 75 49 8 16 27 30 49 38 61 39 17 35 40 53 71 19 22 25 33 37 39 50 53 74 39 41 60 32 39 29 43 53 66 52 52 56 44 47 50 31 40 35 39 19 31 48 40 34 45 10 17 22 38 58 35 43 50 56 50 36 57 29 24 49 39 22 32 38 45 50 51 52 40 6 23 45 51 48 28 46 48 57 42 19 26 29 26 19 40 56 44 29 51 55 25 42 37 33 56 36 37 40 35 44 36 40 52 22 37 44 40 43 31 35 38 50 45 35 21 29 41 33 35 19 35 24 27 28 32 27 29 33 24 36 31 43 34 9 10 20 25 38 21 30 37 31 38 27 42 13 35 23 32 37 15 27 18 34 21 24 18 20 13 16 28 33 26 23 29 22 25 32 35 33 28 34 28 23 30 16 34 16 31 28 29 39 22 29 28 39 17 22 20 24 19 16 32 24 15 19 21 21 12 14 10 17 18 24 37 24 18 21 23 24 25 30 24 24 23 39 18 22 20 25 19 27 31 23 23 21 20 24 33 14 17 23 21 25 22 28 17 25 26 27 23 23 25 14 18 16 18 19 13 18 22 15 18 20 20 12 24 21 21 21 21 22 19 23 24 26 21 20 11 12 13 16 22 16 16 24 20 17 24 15 15 22 19 23 19 17 16 21 21 24 18 19 14
INF INF INF INF INF INF INF INF INF INF INF INF INF INF INF INF INF INF INF INF INF INF INF INF INF INF INF INF INF INF INF INF INF INF INF INF INF INF INF INF INF INF INF INF INF INF INF INF INF INF INF INF INF INF INF INF INF INF INF INF INF INF INF INF INF INF INF INF INF INF INF INF INF INF INF INF INF INF INF INF INF INF INF INF INF INF INF INF INF INF INF INF INF INF INF INF INF INF INF INF INF INF INF INF INF INF INF INF INF INF INF INF INF INF INF INF INF INF INF INF INF INF INF INF INF INF INF INF INF INF INF INF INF INF INF INF INF INF INF INF INF INF INF INF INF INF INF INF INF INF INF INF INF INF INF INF INF INF INF INF INF 0 20 24 30 44 53 55 66 70 87 108 119 125 65 81 104 74 85 52 53 55 56 80 46 59 79 72 2 22 43 57 68 73 37 46 47 63 71 40 45 48 51 58 48 55 62 73 76 62 13 36 38 52 70 55 66 70 85 59 62 59 46 48 55 58 61 65 50 69 31 23 25 43 53 65 51 27 31 19 29 32 30 39 34 38 47 41 39 48 49 41 57 53 47 37 59 33 41 48 55 49 53 58 54 42 45 46 47 17 13 20 25 26 29 31 41 58 20 43 44 3 21 42 32 41 16 23 32 41 29 25 41 43 4 26 41 60 17 12 31 38 45 46 24 29 19 26 37 61 19 26 35 32 42 35 22 30 33 37 38 56 35 35 32 38 26 28 20 20 17 40 31 46 50 44 41 32 40 9 24 25 35 31 24 26 28 35 37 24 21 34 27 24 40 41 37 28 33 9 16 32 39 5 7 27 27 22 27 29 22 40 24 19 34 37 38 24 37 40 19 27 34 33 31 20 23 24 34 10 4 20 34 22 30 37 14 28 28 28 20 26 27 19 23 18 20 24 21 17 23 21 26 29 8 11 12 21 18 17 15 15 30 23 18 23 32 20 8 24 13 15 8 19 11 24 27 18 15 15 14 13 23 15 18 24 27 19 31 26 13 17 23 13 10 15 17 6 15 15 13 21 15 14 13 14 22 8 16 18 21 15 23 16 22 15 16 11 14 18 8 14 14 26 19 16 15 12 18 13 11 17 17 10 14 16 20 14 21 10
INF INF INF INF INF INF INF INF INF INF INF INF INF INF INF INF INF INF INF INF INF INF INF INF INF INF INF INF INF INF INF INF INF INF INF INF INF INF INF INF INF INF INF INF INF INF INF INF INF INF INF INF INF INF INF INF INF INF INF INF INF INF INF INF INF INF INF INF INF INF INF INF INF INF INF INF INF INF INF INF INF INF INF INF INF INF INF INF INF INF INF INF INF INF INF INF INF INF INF INF INF INF INF INF INF INF INF INF INF INF INF INF INF INF INF INF INF INF INF INF INF INF INF INF INF INF INF INF INF INF INF INF INF INF INF INF INF INF INF INF INF INF INF INF INF INF INF INF INF INF INF INF INF INF INF INF INF INF INF INF INF INF 0 4 10 24 33 35 46 50 67 88 99 105 45 61 84 54 65 32 33 35 36 60 26 39 59 52 44 38 46 41 52 57 53 27 27 43 51 28 33 36 39 54 28 35 42 53 56 75 55 58 18 40 58 35 46 50 73 40 43 39 26 28 39 38 59 45 31 50 11 18 25 38 48 45 31 53 57 43 36 39 10 19 14 18 30 25 33 42 43 41 37 44 31 17 39 22 30 37 35 29 33 47 38 36 48 28 29 39 18 25 30 35 38 34 29 46 25 30 31 34 35 37 37 21 21 28 47 39 24 38 48 32 34 47 34 48 44 31 38 43 29 30 19 24 37 44 42 46 24 34 23 19 22 38 36 37 55 24 18 39 42 39 12 18 26 22 26 9 22 41 28 29 33 42 40 41 33 22 32 33 34 39 35 34 29 36 40 29 33 45 18 35 33 43 32 32 38 25 21 33 41 15 17 33 17 34 22 24 2 22 29 24 23 26 27 30 28 30 31 14 32 30 34 20 28 29 38 27 31 37 32 43 30 30 35 34 25 28 30 23 7 12 20 24 26 25 14 15 21 34 30 26 26 29 23 27 13 23 8 31 23 16 4 3 16 6 19 16 15 26 18 12 12 16 9 19 16 7 19 15 25 12 20 18 23 26 11 25 17 20 9 15 20 19 9 26 21 8 9 8 10 15 12 9 14 11 8 12 12 16 20 11 22 11 10 11 16 15 10 14 11 21 12 17 12 10 16 12 15 15 18 11 10 16 19 4 13 12
INF INF INF INF INF INF INF INF INF INF INF INF INF INF INF INF INF INF INF INF INF INF INF INF INF INF INF INF INF INF INF INF INF INF INF INF INF INF INF INF INF INF INF INF INF INF INF INF INF INF INF INF INF INF INF INF INF INF INF INF INF INF INF INF INF INF INF INF INF INF INF INF INF INF INF INF INF INF INF INF INF INF INF INF INF INF INF INF INF INF INF INF INF INF INF INF INF INF INF INF INF INF INF INF INF INF INF INF INF INF INF INF INF INF INF INF INF INF INF INF INF INF INF INF INF INF INF INF INF INF INF INF INF INF INF INF INF INF INF INF INF INF INF INF INF INF INF INF INF INF INF INF INF INF INF INF INF INF INF INF INF INF INF 0 6 20 29 31 42 46 63 84 95 101 41 57 80 50 61 28 29 31 32 56 22 35 55 48 40 34 42 37 48 53 49 23 23 39 47 24 29 32 35 50 24 31 38 49 52 71 51 54 14 36 54 31 42 46 69 36 39 35 22 24 35 34 55 41 27 46 7 14 21 34 44 41 27 49 53 39 32 35 32 26 10 14 26 21 29 38 39 37 33 40 27 13 35 29 37 44 31 25 29 45 34 32 44 24 25 35 14 21 26 31 34 30 25 42 21 26 27 30 31 33 33 17 17 24 43 40 20 34 44 39 35 43 30 44 40 33 34 39 25 26 15 20 33 40 38 42 20 30 19 15 18 34 32 33 51 20 40 40 38 35 8 14 22 18 22 5 18 37 24 34 37 38 36 37 29 18 28 29 34 37 31 30 25 32 36 25 29 41 14 31 29 39 28 28 34 21 17 29 37 11 13 29 13 30 18 20 28 36 25 20 30 33 23 26 24 26 27 10 28 32 30 16 24 25 40 23 27 33 28 39 26 28 33 30 21 24 26 19 26 20 25 20 22 21 19 20 26 36 26 22 22 25 26 23 9 19 27 27 23 26 20 29 29 22 30 12 15 27 14 8 17 12 15 24 18 17 15 20 26 18 18 27 22 24 18 32 13 17 21 17 16 21 17 23 22 19 19 20 6 18 19 13 29 14 18 18 15 19 25 13 25 22 21 17 20 21 6 17 19 17 11 19 17 10 18 8 17 11 20 17 14 12 16 14 18 16
INF INF INF INF INF INF INF INF INF INF INF INF INF INF INF INF INF INF INF INF INF INF INF INF INF INF INF INF INF INF INF INF INF INF INF INF INF INF INF INF INF INF INF INF INF INF INF INF INF INF INF INF INF INF INF INF INF INF INF INF INF INF INF INF INF INF INF INF INF INF INF INF INF INF INF INF INF INF INF INF INF INF INF INF INF INF INF INF INF INF INF INF INF INF INF INF INF INF INF INF INF INF INF INF INF INF INF INF INF INF INF INF INF INF INF INF INF INF INF INF INF INF INF INF INF INF INF INF INF INF INF INF INF INF INF INF INF INF INF INF INF INF INF INF INF INF INF INF INF INF INF INF INF INF INF INF INF INF INF INF INF INF INF INF 0 14 23 25 36 40 57 78 89 95 35 51 74 44 55 22 23 25 26 50 16 29 49 42 34 28 36 31 42 47 43 17 17 33 41 18 23 26 29 44 18 25 32 43 46 65 45 48 8 30 48 25 36 40 63 30 33 29 16 18 29 28 49 35 21 40 31 38 37 28 38 35 21 43 47 33 26 29 26 20 4 8 20 32 23 32 33 45 27 34 21 25 35 23 31 38 25 35 35 45 28 26 38 18 19 29 34 21 31 36 32 28 19 36 22 20 21 24 25 27 38 33 32 28 42 34 36 28 44 33 30 37 42 38 34 31 33 39 19 20 32 35 33 39 42 53 35 34 31 9 12 28 26 27 46 14 34 34 41 29 2 8 16 12 27 23 38 31 20 28 31 32 30 31 23 12 22 23 28 31 25 29 26 32 30 26 23 35 26 25 23 33 40 28 29 15 33 23 31 29 23 23 7 24 12 14 34 30 24 22 24 27 17 20 18 20 23 23 25 26 24 10 25 26 34 27 23 27 22 34 20 22 27 24 15 19 25 28 35 20 23 17 19 24 13 14 20 33 20 28 20 20 21 18 23 22 23 21 32 23 23 25 28 20 25 25 12 24 10 16 13 6 9 20 13 14 20 25 20 12 20 21 29 21 23 27 19 23 17 19 12 17 23 24 16 13 15 14 23 16 15 15 23 20 15 14 19 17 25 15 24 17 15 16 20 15 19 17 13 11 17 14 14 13 12 18 13 5 15 11 8 16 10 9 12 18
INF INF INF INF INF INF INF INF INF INF INF INF INF INF INF INF INF INF INF INF INF INF INF INF INF INF INF INF INF INF INF INF INF INF INF INF INF INF INF INF INF INF INF INF INF INF INF INF INF INF INF INF INF INF INF INF INF INF INF INF INF INF INF INF INF INF INF INF INF INF INF INF INF INF INF INF INF INF INF INF INF INF INF INF INF INF INF INF INF INF INF INF INF INF INF INF INF INF INF INF INF INF INF INF INF INF INF INF INF INF INF INF INF INF INF INF INF INF INF INF INF INF INF INF INF INF INF INF INF INF INF INF INF INF INF INF INF INF INF INF INF INF INF INF INF INF INF INF INF INF INF INF INF INF INF INF INF INF INF INF INF INF INF INF INF 0 9 11 22 26 43 64 75 81 21 37 60 30 41 55 56 58 59 83 2 15 35 37 20 14 22 17 28 33 29 3 3 19 27 4 9 12 15 30 4 11 18 29 32 51 31 34 8 16 34 11 22 26 49 16 19 27 29 31 37 27 40 28 7 26 17 24 23 14 24 21 7 32 36 37 24 27 12 6 22 26 9 21 9 18 19 31 13 20 25 11 21 9 17 24 11 21 27 31 32 12 24 25 25 20 20 7 17 22 18 20 32 49 8 31 9 10 11 29 24 19 18 14 33 26 22 14 30 19 21 43 28 34 24 18 23 25 5 6 18 22 25 29 28 42 21 20 17 18 12 14 12 13 32 17 20 20 27 15 23 25 17 9 13 16 24 31 15 30 17 18 16 17 24 12 14 15 21 17 22 23 27 18 23 12 9 21 12 14 22 22 32 20 31 25 23 9 17 22 21 12 16 10 14 16 25 19 18 20 10 13 21 11 12 6 18 17 11 25 21 27 11 12 24 17 9 19 8 20 11 8 13 20 15 25 14 17 21 20 11 3 5 10 13 14 20 21 14 17 13 16 10 12 12 13 16 7 21 9 14 23 14 9 13 19 17 13 21 11 12 10 13 11 10 11 12 13 16 13 18 19 15 18 9 25 5 9 11 9 14 12 9 14 12 9 13 11 11 15 12 12 14 13 12 10 13 15 14 12 19 11 11 12 14 13 13 12 11 20 13 11 10 13 12 12 14 17 12 15 12 13 17 12 11 10
INF INF INF INF INF INF INF INF INF INF INF INF INF INF INF INF INF INF INF INF INF INF INF INF INF INF INF INF INF INF INF INF INF INF INF INF INF INF INF INF INF INF INF INF INF INF INF INF INF INF INF INF INF INF INF INF INF INF INF INF INF INF INF INF INF INF INF INF INF INF INF INF INF INF INF INF INF INF INF INF INF INF INF INF INF INF INF INF INF INF INF INF INF INF INF INF INF INF INF INF INF INF INF INF INF INF INF INF INF INF INF INF INF INF INF INF INF INF INF INF INF INF INF INF INF INF INF INF INF INF INF INF INF INF INF INF INF INF INF INF INF INF INF INF INF INF INF INF INF INF INF INF INF INF INF INF INF INF INF INF INF INF INF INF INF INF 0 2 13 17 34 55 66 72 96 112 135 21 32 46 47 49 50 74 90 103 78 66 11 5 26 8 19 24 20 29 47 63 71 23 28 31 34 41 46 53 9 20 23 42 22 45 63 10 28 33 46 67 65 38 41 49 27 29 40 43 44 19 33 52 8 15 34 36 46 12 17 36 40 28 37 40 3 12 33 37 4 16 33 33 34 38 34 41 25 14 31 15 23 30 35 26 29 40 32 36 27 28 29 21 11 18 23 28 26 25 30 47 18 41 14 22 22 37 30 18 12 5 24 32 21 29 41 25 13 35 31 49 36 21 18 16 26 27 16 20 16 20 30 37 15 24 20 38 53 33 23 32 35 43 11 14 18 30 38 20 23 27 17 20 15 35 6 21 8 26 38 30 30 13 5 6 16 21 28 23 23 30 20 22 25 40 9 25 16 17 24 11 23 18 14 14 20 14 16 7 11 26 25 20 23 14 18 16 16 19 18 21 19 29 13 11 29 16 12 22 21 22 24 18 9 24 23 27 6 13 16 15 16 31 9 11 12 17 17 12 14 14 19 18 24 27 20 14 11 14 15 18 19 8 16 19 24 13 9 22 20 11 11 13 16 17 17 9 9 26 18 15 13 15 22 8 18 18 13 23 23 24 16 21 14 13 12 18 19 16 17 13 13 15 10 13 13 12 17 14 17 16 16 18 16 13 12 14 13 14 17 10 9 15 13 13 13 15 11 14 14 16 16 17 16 19 15 17 11 16 13 14 16 13
INF INF INF INF INF INF INF INF INF INF INF INF INF INF INF INF INF INF INF INF INF INF INF INF INF INF INF INF INF INF INF INF INF INF INF INF INF INF INF INF INF INF INF INF INF INF INF INF INF INF INF INF INF INF INF INF INF INF INF INF INF INF INF INF INF INF INF INF INF INF INF INF INF INF INF INF INF INF INF INF INF INF INF INF INF INF INF INF INF INF INF INF INF INF INF INF INF INF INF INF INF INF INF INF INF INF INF INF INF INF INF INF INF INF INF INF INF INF INF INF INF INF INF INF INF INF INF INF INF INF INF INF INF INF INF INF INF INF INF INF INF INF INF INF INF INF INF INF INF INF INF INF INF INF INF INF INF INF INF INF INF INF INF INF INF INF INF 0 11 15 32 53 64 70 94 110 133 19 30 44 45 47 48 72 88 101 76 64 9 29 50 6 17 22 26 35 53 69 77 29 34 37 40 57 54 61 7 18 21 40 20 43 61 8 26 31 44 65 63 36 39 47 25 27 38 41 62 17 32 51 6 13 32 34 44 10 15 34 38 26 35 38 60 15 36 40 2 14 31 31 32 36 32 39 23 12 29 18 26 33 33 24 27 39 30 34 25 26 27 24 20 27 32 33 24 23 28 45 27 50 12 20 28 35 39 16 10 3 22 31 19 29 45 28 11 33 29 47 34 19 16 39 33 34 14 18 14 18 28 35 13 22 18 36 51 39 29 37 33 41 45 12 20 32 40 18 21 29 15 18 19 33 23 30 28 24 36 28 31 11 3 4 14 19 31 21 22 29 22 24 23 38 7 29 14 15 22 9 21 16 23 12 18 12 14 5 9 24 31 18 21 12 16 14 19 22 16 19 17 27 11 9 27 20 10 20 22 23 27 16 17 22 24 35 21 11 16 13 14 29 7 9 10 15 15 10 12 12 17 16 22 28 18 12 15 18 19 16 22 18 14 17 22 16 19 20 19 19 21 11 14 15 15 7 15 27 16 17 17 14 21 20 20 19 17 27 21 23 14 19 12 16 10 16 17 19 15 16 11 16 8 11 11 17 18 12 15 15 15 17 14 12 10 12 11 12 17 16 18 16 14 16 14 13 13 18 13 16 14 16 16 20 16 16 14 18 11 12 14 11
INF INF INF INF INF INF INF INF INF INF INF INF INF INF INF INF INF INF INF INF INF INF INF INF INF INF INF INF INF INF INF INF INF INF INF INF INF INF INF INF INF INF INF INF INF INF INF INF INF INF INF INF INF INF INF INF INF INF INF INF INF INF INF INF INF INF INF INF INF INF INF INF INF INF INF INF INF INF INF INF INF INF INF INF INF INF INF INF INF INF INF INF INF INF INF INF INF INF INF INF INF INF INF INF INF INF INF INF INF INF INF INF INF INF INF INF INF INF INF INF INF INF INF INF INF INF INF INF INF INF INF INF INF INF INF INF INF INF INF INF INF INF INF INF INF INF INF INF INF INF INF INF INF INF INF INF INF INF INF INF INF INF INF INF INF INF INF INF 0 4 21 42 53 59 83 99 122 8 19 33 34 36 37 61 77 90 65 53 68 36 57 46 34 18 22 31 49 65 73 25 30 33 36 53 50 57 65 71 56 47 48 71 89 37 55 52 65 72 63 44 47 40 21 23 34 37 58 6 22 41 50 57 51 55 65 59 53 48 52 25 31 34 56 64 43 38 32 38 27 36 37 32 51 41 12 32 18 39 47 54 29 46 26 28 19 30 21 22 23 33 39 39 35 40 33 19 24 41 32 50 37 28 24 31 42 49 17 24 43 52 41 25 41 25 13 35 23 43 33 22 25 42 27 28 40 27 3 10 24 48 20 35 38 36 57 35 25 34 39 41 45 41 39 26 34 40 10 26 22 25 40 22 27 19 23 43 55 38 27 32 27 28 32 29 42 10 19 26 41 13 36 39 29 27 26 31 15 25 20 18 24 16 24 16 17 28 30 37 20 22 41 24 15 16 29 29 27 28 28 18 12 20 23 26 15 30 19 20 23 30 21 18 13 27 25 30 27 28 20 19 18 24 17 22 12 6 8 13 22 22 28 28 17 26 20 23 20 23 24 22 25 27 34 12 23 33 24 22 19 21 23 21 19 14 16 24 17 23 20 12 20 16 22 20 21 24 21 26 14 30 8 12 12 12 17 15 12 21 17 12 14 18 24 19 7 8 20 13 13 13 22 13 20 15 19 14 14 15 17 21 18 17 17 19 16 21 15 16 18 13 13 14 19 19 20 17 18 16 16 15
INF INF INF INF INF INF INF INF INF INF INF INF INF INF INF INF INF INF INF INF INF INF INF INF INF INF INF INF INF INF INF INF INF INF INF INF INF INF INF INF INF INF INF INF INF INF INF INF INF INF INF INF INF INF INF INF INF INF INF INF INF INF INF INF INF INF INF INF INF INF INF INF INF INF INF INF INF INF INF INF INF INF INF INF INF INF INF INF INF INF INF INF INF INF INF INF INF INF INF INF INF INF INF INF INF INF INF INF INF INF INF INF INF INF INF INF INF INF INF INF INF INF INF INF INF INF INF INF INF INF INF INF INF INF INF INF INF INF INF INF INF INF INF INF INF INF INF INF INF INF INF INF INF INF INF INF INF INF INF INF INF INF INF INF INF INF INF INF INF 0 17 38 49 55 79 95 118 4 15 29 30 32 33 57 73 86 61 49 64 32 53 42 30 14 18 27 45 61 69 21 26 29 32 49 46 53 61 67 52 43 44 67 85 33 51 48 61 68 59 40 43 36 17 19 30 33 54 2 18 37 46 53 47 51 61 55 49 44 48 40 27 30 52 60 39 34 28 34 23 32 33 28 47 37 8 28 14 35 43 50 25 42 22 24 15 26 17 18 19 29 35 35 31 36 29 15 20 37 28 46 33 24 20 27 38 45 35 24 43 52 37 21 37 21 9 31 19 39 34 18 21 38 23 24 36 23 36 43 20 44 32 36 34 32 53 31 21 30 38 37 41 37 35 32 40 38 26 27 22 25 39 18 23 15 19 39 51 34 23 30 23 24 28 25 38 29 38 29 37 9 32 35 25 23 22 27 11 21 17 14 20 14 22 24 26 24 26 33 16 18 37 21 11 18 25 25 23 26 24 14 20 17 19 29 11 26 15 16 19 26 17 14 9 23 27 26 23 24 16 24 14 20 13 18 8 16 18 23 20 21 27 36 13 22 19 19 16 21 20 18 21 23 30 22 19 32 21 20 18 17 24 19 18 19 18 20 15 19 20 18 16 24 24 18 26 20 19 23 10 26 13 17 15 12 15 17 17 17 16 10 18 14 21 15 3 4 16 9 19 14 18 16 16 13 25 17 12 12 14 17 15 13 13 15 14 21 17 19 19 9 9 10 16 17 18 13 15 12 12 11
INF INF INF INF INF INF INF INF INF INF INF INF INF INF INF INF INF INF INF INF INF INF INF INF INF INF INF INF INF INF INF INF INF INF INF INF INF INF INF INF INF INF INF INF INF INF INF INF INF INF INF INF INF INF INF INF INF INF INF INF INF INF INF INF INF INF INF INF INF INF INF INF INF INF INF INF INF INF INF INF INF INF INF INF INF INF INF INF INF INF INF INF INF INF INF INF INF INF INF INF INF INF INF INF INF INF INF INF INF INF INF INF INF INF INF INF INF INF INF INF INF INF INF INF INF INF INF INF INF INF INF INF INF INF INF INF INF INF INF INF INF INF INF INF INF INF INF INF INF INF INF INF INF INF INF INF INF INF INF INF INF INF INF INF INF INF INF INF INF INF 0 21 32 38 62 78 101 103 114 128 129 131 132 156 172 185 44 46 61 15 36 50 61 66 30 39 57 73 81 33 38 41 44 51 56 63 71 50 35 54 55 78 96 45 63 65 76 78 42 45 48 56 60 62 73 76 54 61 43 62 66 53 52 68 78 48 53 69 73 65 61 64 86 53 51 44 24 36 53 53 54 66 64 71 46 40 57 26 34 41 58 67 56 51 53 47 38 39 40 50 56 27 48 53 54 45 63 80 28 51 39 45 32 48 32 36 47 54 65 49 45 43 50 36 38 58 57 72 55 35 33 21 31 32 44 35 44 51 57 57 50 49 46 52 64 43 33 42 50 53 58 49 28 40 48 40 38 37 34 37 51 56 40 19 23 43 48 46 55 47 58 38 38 43 39 43 28 35 30 32 45 57 38 35 51 37 56 43 33 42 40 52 39 43 45 27 31 46 34 36 52 34 40 38 27 30 38 37 39 42 38 45 45 26 6 21 31 32 34 34 40 40 34 46 31 34 39 41 39 30 28 34 42 44 39 43 40 25 34 35 41 38 39 37 17 20 21 33 41 33 24 33 39 16 33 46 30 34 24 40 31 24 34 36 33 33 29 14 28 18 32 20 26 10 18 19 34 27 35 26 16 20 28 20 25 19 20 12 21 24 13 25 31 31 23 24 11 5 19 21 14 29 25 25 33 26 26 8 19 12 11 11 11 10 24 20 13 15 19 15 13 17 17 12 17 18 19 14 22 14
INF INF INF INF INF INF INF INF INF INF INF INF INF INF INF INF INF INF INF INF INF INF INF INF INF INF INF INF INF INF INF INF INF INF INF INF INF INF INF INF INF INF INF INF INF INF INF INF INF INF INF INF INF INF INF INF INF INF INF INF INF INF INF INF INF INF INF INF INF INF INF INF INF INF INF INF INF INF INF INF INF INF INF INF INF INF INF INF INF INF INF INF INF INF INF INF INF INF INF INF INF INF INF INF INF INF INF INF INF INF INF INF INF INF INF INF INF INF INF INF INF INF INF INF INF INF INF INF INF INF INF INF INF INF INF INF INF INF INF INF INF INF INF INF INF INF INF INF INF INF INF INF INF INF INF INF INF INF INF INF INF INF INF INF INF INF INF INF INF INF INF 0 11 17 41 57 80 82 93 107 108 110 111 135 151 164 23 25 40 60 42 56 67 72 75 37 55 71 79 38 43 46 49 57 56 63 71 29 14 33 34 57 75 50 68 63 74 78 21 24 27 35 39 41 52 55 60 41 41 60 69 32 31 49 59 27 32 48 52 44 44 47 69 32 53 23 3 15 32 41 36 47 43 50 25 35 47 19 27 34 51 46 39 37 32 26 51 41 42 38 44 6 27 32 35 24 42 59 7 30 31 38 31 48 11 29 47 49 53 28 24 33 29 29 31 40 52 54 52 27 12 35 21 22 33 14 23 30 52 36 36 39 37 31 52 37 32 28 29 36 42 54 16 25 33 19 27 25 33 30 41 35 29 32 36 26 27 25 44 26 39 40 31 32 32 22 31 38 18 11 30 44 36 34 33 16 35 45 18 30 19 36 18 28 30 6 10 31 13 15 35 13 25 22 20 23 17 20 18 28 17 24 33 21 28 21 10 11 27 29 31 19 24 25 23 13 18 30 18 30 8 14 21 23 18 22 19 15 24 15 21 31 18 17 20 17 18 18 25 25 24 32 24 23 26 26 22 20 16 26 31 16 19 15 22 15 18 21 21 15 11 23 21 21 22 28 14 25 25 26 19 23 20 23 15 20 19 23 12 12 12 22 23 25 22 21 21 27 16 18 19 15 11 15 27 16 14 15 15 21 15 18 21 14 14 22 2 8 9 6 19 15 10 17 17 10 12 12 18 12
INF INF INF INF INF INF INF INF INF INF INF INF INF INF INF INF INF INF INF INF INF INF INF INF INF INF INF INF INF INF INF INF INF INF INF INF INF INF INF INF INF INF INF INF INF INF INF INF INF INF INF INF INF INF INF INF INF INF INF INF INF INF INF INF INF INF INF INF INF INF INF INF INF INF INF INF INF INF INF INF INF INF INF INF INF INF INF INF INF INF INF INF INF INF INF INF INF INF INF INF INF INF INF INF INF INF INF INF INF INF INF INF INF INF INF INF INF INF INF INF INF INF INF INF INF INF INF INF INF INF INF INF INF INF INF INF INF INF INF INF INF INF INF INF INF INF INF INF INF INF INF INF INF INF INF INF INF INF INF INF INF INF INF INF INF INF INF INF INF INF INF INF 0 6 30 46 69 71 82 96 97 99 100 124 140 153 12 14 29 49 31 45 56 61 64 26 44 60 68 27 32 35 38 46 45 52 60 18 3 22 23 46 64 39 57 52 63 67 45 48 51 59 63 65 65 68 49 56 30 49 58 21 40 42 52 16 21 37 41 33 33 36 58 21 42 12 24 36 43 47 48 53 32 39 44 24 36 27 35 42 52 35 40 26 39 35 47 34 35 27 33 33 45 36 30 32 45 62 34 24 25 27 36 43 47 37 36 38 42 38 13 35 51 37 31 29 41 43 41 35 38 31 10 11 22 27 12 19 41 57 39 28 30 25 46 37 37 36 47 30 52 43 38 35 43 18 16 16 38 19 30 42 36 51 55 50 16 17 38 15 30 31 39 40 40 19 28 35 27 38 20 35 25 39 27 18 28 34 34 33 32 25 7 21 23 27 30 21 20 22 36 15 23 20 28 31 19 16 20 29 17 25 24 23 32 20 32 33 31 31 28 35 13 38 12 2 7 21 7 28 25 26 22 12 22 11 13 16 14 15 21 34 19 25 17 20 21 20 23 14 19 21 13 17 15 26 19 17 17 26 22 24 14 13 15 13 16 22 17 5 17 21 24 14 22 23 23 14 14 22 13 17 9 17 16 20 17 12 21 17 7 18 16 18 19 10 22 22 6 10 21 18 8 20 20 17 19 19 4 23 15 16 15 23 11 18 11 16 14 15 14 15 19 12 13 9 13 11 16 9
INF INF INF INF INF INF INF INF INF INF INF INF INF INF INF INF INF INF INF INF INF INF INF INF INF INF INF INF INF INF INF INF INF INF INF INF INF INF INF INF INF INF INF INF INF INF INF INF INF INF INF INF INF INF INF INF INF INF INF INF INF INF INF INF INF INF INF INF INF INF INF INF INF INF INF INF INF INF INF INF INF INF INF INF INF INF INF INF INF INF INF INF INF INF INF INF INF INF INF INF INF INF INF INF INF INF INF INF INF INF INF INF INF INF INF INF INF INF INF INF INF INF INF INF INF INF INF INF INF INF INF INF INF INF INF INF INF INF INF INF INF INF INF INF INF INF INF INF INF INF INF INF INF INF INF INF INF INF INF INF INF INF INF INF INF INF INF INF INF INF INF INF INF 0 24 40 63 65 76 90 91 93 94 118 134 147 167 110 125 145 25 39 50 55 59 68 86 102 110 62 67 70 73 40 45 52 60 71 63 82 83 106 124 50 68 73 86 67 90 78 81 89 58 60 71 68 43 50 66 85 71 78 85 64 74 87 48 73 77 90 27 30 52 58 48 6 18 30 37 46 47 55 54 61 40 18 40 34 42 49 52 62 34 50 47 29 54 28 29 39 45 27 48 53 56 39 39 56 28 18 19 27 45 37 53 44 48 50 54 32 42 45 50 44 46 47 35 37 41 35 32 25 4 5 17 22 31 38 43 51 51 32 24 19 40 58 46 48 49 24 46 54 58 33 41 12 20 10 35 33 24 47 30 45 49 55 10 11 32 27 42 35 38 43 47 24 24 31 21 32 36 49 19 41 21 31 50 33 39 27 27 44 21 30 23 21 25 37 22 24 33 9 27 26 35 38 21 10 22 32 26 24 37 17 26 14 26 27 25 25 28 35 7 32 10 17 22 33 16 23 23 21 28 21 23 26 12 17 23 24 26 38 13 24 15 18 19 22 19 12 19 21 7 16 13 28 21 13 15 20 26 22 8 22 11 7 10 18 11 17 11 20 26 13 21 18 27 19 8 24 18 16 13 21 10 15 12 17 17 14 13 12 10 14 13 13 23 18 2 6 17 15 23 17 16 15 16 13 18 17 11 11 11 22 10 12 9 15 15 13 10 17 13 12 9 14 18 13 10 9
INF INF INF INF INF INF INF INF INF INF INF INF INF INF INF INF INF INF INF INF INF INF INF INF INF INF INF INF INF INF INF INF INF INF INF INF INF INF INF INF INF INF INF INF INF INF INF INF INF INF INF INF INF INF INF INF INF INF INF INF INF INF INF INF INF INF INF INF INF INF INF INF INF INF INF INF INF INF INF INF INF INF INF INF INF INF INF INF INF INF INF INF INF INF INF INF INF INF INF INF INF INF INF INF INF INF INF INF INF INF INF INF INF INF INF INF INF INF INF INF INF INF INF INF INF INF INF INF INF INF INF INF INF INF INF INF INF INF INF INF INF INF INF INF INF INF INF INF INF INF INF INF INF INF INF INF INF INF INF INF INF INF INF INF INF INF INF INF INF INF INF INF INF INF 0 16 39 41 52 66 67 69 70 94 110 123 143 86 101 121 1 15 26 31 35 44 62 78 86 38 43 46 49 16 21 28 36 47 39 58 59 82 100 26 44 49 62 43 66 54 57 65 34 36 47 44 19 26 42 61 47 54 61 40 50 63 24 49 53 66 3 6 28 34 24 19 31 15 13 22 23 31 30 37 21 12 34 26 34 41 28 38 28 44 28 5 30 31 32 37 26 3 24 29 32 24 15 32 4 27 21 29 28 33 31 20 28 35 38 41 27 21 26 36 36 50 29 13 32 27 32 51 26 27 39 34 34 41 37 36 29 39 18 28 29 34 24 24 43 33 23 30 36 9 17 19 5 21 25 15 20 31 12 27 31 31 43 19 20 21 18 11 21 26 39 19 28 35 27 8 12 25 13 26 28 36 32 16 28 23 29 41 29 19 21 25 27 13 10 12 27 19 22 11 25 26 9 12 10 20 14 18 25 24 17 21 7 8 24 22 15 16 21 22 27 17 22 21 15 30 6 12 29 18 14 17 17 12 8 9 15 23 15 15 19 22 18 9 19 16 24 22 24 21 17 20 22 12 13 20 27 17 16 11 11 12 15 13 15 12 8 20 13 16 19 20 11 28 22 23 12 16 7 16 12 17 16 7 18 9 10 15 17 14 18 16 17 21 13 17 10 15 23 12 22 13 11 12 15 18 15 15 18 21 8 16 10 10 13 14 14 21 15 11 14 18 10 14 18 11
INF INF INF INF INF INF INF INF INF INF INF INF INF INF INF INF INF INF INF INF INF INF INF INF INF INF INF INF INF INF INF INF INF INF INF INF INF INF INF INF INF INF INF INF INF INF INF INF INF INF INF INF INF INF INF INF INF INF INF INF INF INF INF INF INF INF INF INF INF INF INF INF INF INF INF INF INF INF INF INF INF INF INF INF INF INF INF INF INF INF INF INF INF INF INF INF INF INF INF INF INF INF INF INF INF INF INF INF INF INF INF INF INF INF INF INF INF INF INF INF INF INF INF INF INF INF INF INF INF INF INF INF INF INF INF INF INF INF INF INF INF INF INF INF INF INF INF INF INF INF INF INF INF INF INF INF INF INF INF INF INF INF INF INF INF INF INF INF INF INF INF INF INF INF INF 0 23 25 36 50 51 53 54 78 94 107 127 70 85 105 126 63 51 56 60 69 87 103 111 63 68 71 74 91 88 95 103 114 87 85 86 109 127 10 28 33 46 67 90 38 41 49 53 55 66 69 90 55 34 53 31 38 45 36 46 59 15 40 44 57 45 48 70 64 50 54 66 45 44 53 54 56 58 58 36 37 24 21 29 36 53 29 29 34 43 47 59 55 56 28 34 41 46 51 45 36 54 71 41 64 34 31 44 64 53 31 12 19 38 47 44 36 30 31 30 52 54 73 45 30 42 59 52 53 39 30 43 45 33 57 15 30 43 55 53 56 45 56 59 60 54 14 22 34 42 48 45 12 17 20 35 46 37 43 47 40 52 30 36 27 42 43 33 38 34 50 24 31 24 30 39 40 21 43 16 38 32 31 38 35 35 35 43 26 28 18 22 37 37 31 35 26 19 26 22 25 33 21 34 42 30 27 44 34 27 41 37 28 42 30 32 42 30 44 23 33 38 36 27 33 40 34 34 32 29 40 31 33 34 35 30 31 21 34 28 31 22 18 24 25 28 35 30 35 26 35 26 23 28 29 34 25 29 29 25 13 16 19 13 20 27 33 22 19 27 28 37 21 31 34 21 25 26 25 22 18 25 30 20 20 22 14 26 25 23 15 30 29 21 21 19 26 27 23 13 14 22 18 21 25 21 20 17 19 21 14 21 17 18 22 23 22 15 18 15 16 20 18 23 17
INF INF INF INF INF INF INF INF INF INF INF INF INF INF INF INF INF INF INF INF INF INF INF INF INF INF INF INF INF INF INF INF INF INF INF INF INF INF INF INF INF INF INF INF INF INF INF INF INF INF INF INF INF INF INF INF INF INF INF INF INF INF INF INF INF INF INF INF INF INF INF INF INF INF INF INF INF INF INF INF INF INF INF INF INF INF INF INF INF INF INF INF INF INF INF INF INF INF INF INF INF INF INF INF INF INF INF INF INF INF INF INF INF INF INF INF INF INF INF INF INF INF INF INF INF INF INF INF INF INF INF INF INF INF INF INF INF INF INF INF INF INF INF INF INF INF INF INF INF INF INF INF INF INF INF INF INF INF INF INF INF INF INF INF INF INF INF INF INF INF INF INF INF INF INF INF 0 2 13 27 28 30 31 55 71 84 104 47 62 82 103 40 28 33 37 46 64 80 88 40 45 48 51 68 65 72 80 91 64 62 63 86 104 52 70 46 59 80 85 51 54 34 36 38 49 52 73 36 50 69 50 57 58 49 59 72 52 63 67 38 22 25 47 56 43 47 47 32 21 30 31 43 62 35 40 31 12 33 41 48 44 48 47 22 35 24 36 37 38 48 45 52 50 55 54 13 31 48 52 59 46 43 24 41 57 43 41 22 41 50 36 40 7 21 7 29 44 50 46 16 35 58 48 49 58 37 48 44 39 53 30 45 37 35 56 44 25 36 52 40 55 55 34 28 36 36 22 31 26 29 44 38 14 27 31 43 55 48 42 30 34 30 40 44 26 42 41 27 19 7 30 33 30 27 35 25 9 19 15 12 34 12 20 22 24 35 33 19 14 16 35 28 36 24 31 23 21 23 22 32 18 15 33 28 30 37 39 33 36 24 17 22 7 21 25 30 24 33 14 37 17 23 11 16 6 21 16 10 18 19 25 35 32 20 17 20 14 22 27 18 19 21 34 20 19 30 19 18 21 17 22 3 16 17 16 26 13 23 18 16 17 22 22 16 24 25 27 32 8 24 11 15 13 10 12 15 15 23 17 8 18 12 7 13 10 11 17 13 17 16 10 14 22 11 23 11 10 11 12 16 14 11 11 16 12 19 16 14 17 7 15 17 19 12 16 11 15 13 10 9
INF INF INF INF INF INF INF INF INF INF INF INF INF INF INF INF INF INF INF INF INF INF INF INF INF INF INF INF INF INF INF INF INF INF INF INF INF INF INF INF INF INF INF INF INF INF INF INF INF INF INF INF INF INF INF INF INF INF INF INF INF INF INF INF INF INF INF INF INF INF INF INF INF INF INF INF INF INF INF INF INF INF INF INF INF INF INF INF INF INF INF INF INF INF INF INF INF INF INF INF INF INF INF INF INF INF INF INF INF INF INF INF INF INF INF INF INF INF INF INF INF INF INF INF INF INF INF INF INF INF INF INF INF INF INF INF INF INF INF INF INF INF INF INF INF INF INF INF INF INF INF INF INF INF INF INF INF INF INF INF INF INF INF INF INF INF INF INF INF INF INF INF INF INF INF INF INF 0 11 25 26 28 29 53 69 82 102 45 60 80 101 38 26 31 35 44 62 78 86 38 43 46 49 66 63 70 78 89 62 60 61 84 102 50 68 44 57 78 83 49 52 32 34 36 47 50 71 34 48 67 48 55 56 47 57 70 50 61 65 36 44 47 69 73 56 51 45 30 19 28 29 41 60 33 38 45 10 31 39 46 42 46 52 20 33 22 34 35 36 46 52 52 48 53 52 11 29 46 53 63 44 41 22 39 55 41 39 20 39 48 34 38 54 41 5 27 42 48 44 14 33 56 46 47 56 35 46 42 37 51 28 43 51 33 54 42 23 34 50 38 58 53 32 44 52 34 28 29 24 27 42 36 20 35 37 41 53 46 40 28 32 33 40 42 44 44 39 25 33 5 28 31 28 25 33 23 7 17 13 10 32 10 18 20 22 33 31 29 12 14 33 26 34 22 32 21 19 22 20 30 16 13 31 26 28 35 38 31 34 22 23 20 5 19 23 28 26 31 12 35 15 21 9 14 4 19 14 19 16 17 23 33 30 18 15 18 12 20 25 24 17 19 32 18 24 28 17 16 24 15 20 15 14 15 14 24 11 21 16 14 15 20 20 14 22 23 25 30 6 22 9 13 11 8 11 13 13 24 15 6 16 10 17 11 8 9 15 16 15 14 14 12 20 9 21 13 8 9 10 14 12 9 9 22 10 17 14 15 15 5 13 15 17 13 14 9 13 11 8 7
INF INF INF INF INF INF INF INF INF INF INF INF INF INF INF INF INF INF INF INF INF INF INF INF INF INF INF INF INF INF INF INF INF INF INF INF INF INF INF INF INF INF INF INF INF INF INF INF INF INF INF INF INF INF INF INF INF INF INF INF INF INF INF INF INF INF INF INF INF INF INF INF INF INF INF INF INF INF INF INF INF INF INF INF INF INF INF INF INF INF INF INF INF INF INF INF INF INF INF INF INF INF INF INF INF INF INF INF INF INF INF INF INF INF INF INF INF INF INF INF INF INF INF INF INF INF INF INF INF INF INF INF INF INF INF INF INF INF INF INF INF INF INF INF INF INF INF INF INF INF INF INF INF INF INF INF INF INF INF INF INF INF INF INF INF INF INF INF INF INF INF INF INF INF INF INF INF INF 0 14 15 17 18 42 58 71 91 34 49 69 90 27 15 20 24 33 51 67 75 27 32 35 38 55 52 59 67 78 51 49 50 73 91 39 57 33 46 67 72 38 41 21 23 25 36 39 60 23 37 56 37 44 45 36 46 59 39 50 54 25 33 36 58 62 45 40 34 19 36 45 46 34 53 22 27 34 39 47 55 62 31 35 41 46 34 39 23 24 25 35 41 41 37 42 41 28 26 43 42 52 33 30 26 33 44 47 41 48 49 58 31 27 43 40 22 18 33 45 33 31 27 50 37 38 45 29 35 31 26 40 17 32 40 24 45 31 18 29 39 29 47 43 33 38 46 23 23 24 19 22 37 37 35 34 26 40 52 40 29 18 29 30 34 31 44 35 28 35 22 38 30 26 23 20 22 40 40 35 35 27 34 45 28 28 30 24 26 31 1 3 23 27 24 26 25 28 8 11 9 19 12 12 24 15 28 25 27 28 23 23 22 24 20 40 25 24 29 26 17 29 32 25 28 22 12 27 22 21 24 25 31 29 26 26 20 23 10 9 24 27 16 28 27 24 19 24 19 11 24 14 23 13 26 14 28 19 17 10 17 3 18 15 9 12 19 19 31 26 21 26 12 16 14 16 13 18 16 26 20 18 5 15 16 24 16 16 20 17 4 8 10 13 21 15 18 18 20 20 15 21 13 7 13 20 12 18 11 11 12 11 10 19 17 12 11 15 19 10 9 18
INF INF INF INF INF INF INF INF INF INF INF INF INF INF INF INF INF INF INF INF INF INF INF INF INF INF INF INF INF INF INF INF INF INF INF INF INF INF INF INF INF INF INF INF INF INF INF INF INF INF INF INF INF INF INF INF INF INF INF INF INF INF INF INF INF INF INF INF INF INF INF INF INF INF INF INF INF INF INF INF INF INF INF INF INF INF INF INF INF INF INF INF INF INF INF INF INF INF INF INF INF INF INF INF INF INF INF INF INF INF INF INF INF INF INF INF INF INF INF INF INF INF INF INF INF INF INF INF INF INF INF INF INF INF INF INF INF INF INF INF INF INF INF INF INF INF INF INF INF INF INF INF INF INF INF INF INF INF INF INF INF INF INF INF INF INF INF INF INF INF INF INF INF INF INF INF INF INF INF 0 1 3 4 28 44 57 77 20 35 55 76 13 24 29 33 42 60 76 84 13 18 21 24 41 46 53 61 72 37 56 46 69 87 25 43 19 32 53 76 24 27 7 11 13 24 27 48 13 29 48 23 30 31 22 32 45 25 38 42 11 21 24 46 48 31 28 40 33 31 33 34 43 44 33 21 20 25 33 41 48 33 31 35 32 28 34 32 13 14 24 30 29 38 43 27 23 14 31 30 40 19 19 34 22 33 33 27 34 37 46 36 23 39 28 8 30 37 33 19 26 32 55 29 30 31 32 21 17 35 54 27 28 26 36 39 17 4 15 25 39 48 29 19 24 32 34 9 10 5 8 23 31 36 28 32 26 38 34 18 4 17 18 23 26 39 24 14 21 8 24 16 28 9 6 8 26 30 23 24 13 33 33 14 14 16 10 12 17 24 23 23 23 24 12 29 32 27 21 12 22 22 26 25 26 24 29 23 24 26 18 17 10 23 30 15 10 15 12 19 31 18 21 28 21 18 19 21 24 14 15 21 19 15 16 14 9 10 6 12 17 10 16 13 18 18 18 23 18 14 23 17 7 17 17 15 11 12 20 11 13 13 16 10 5 13 14 21 19 24 21 11 15 11 15 10 15 15 18 12 15 8 12 16 10 15 13 12 3 14 16 7 11 16 15 21 15 13 6 12 10 9 9 9 13 19 12 9 12 10 13 11 14 13 9 12 14 10 12 15 13
INF INF INF INF INF INF INF INF INF INF INF INF INF INF INF INF INF INF INF INF INF INF INF INF INF INF INF INF INF INF INF INF INF INF INF INF INF INF INF INF INF INF INF INF INF INF INF INF INF INF INF INF INF INF INF INF INF INF INF INF INF INF INF INF INF INF INF INF INF INF INF INF INF INF INF INF INF INF INF INF INF INF INF INF INF INF INF INF INF INF INF INF INF INF INF INF INF INF INF INF INF INF INF INF INF INF INF INF INF INF INF INF INF INF INF INF INF INF INF INF INF INF INF INF INF INF INF INF INF INF INF INF INF INF INF INF INF INF INF INF INF INF INF INF INF INF INF INF INF INF INF INF INF INF INF INF INF INF INF INF INF INF INF INF INF INF INF INF INF INF INF INF INF INF INF INF INF INF INF INF 0 2 3 27 43 56 76 19 34 54 75 89 100 105 69 44 62 78 86 45 24 27 30 47 52 59 67 78 81 94 45 68 86 57 75 18 31 52 75 23 26 6 10 12 23 26 47 12 28 47 22 29 30 21 31 44 49 37 41 10 20 23 45 47 37 27 39 32 30 39 40 46 43 32 20 28 31 32 40 47 32 30 34 31 27 33 39 12 13 23 29 28 37 42 26 22 13 30 29 39 40 18 33 21 37 32 32 39 36 45 35 29 45 27 7 29 44 32 18 25 31 54 28 29 30 31 20 16 38 53 35 27 34 35 38 29 3 14 24 38 53 37 18 23 31 33 8 9 4 7 22 30 35 27 31 25 37 33 17 24 16 17 22 27 40 23 13 20 7 23 29 27 8 5 7 25 34 22 23 12 32 32 13 13 15 9 11 28 24 22 22 22 23 11 31 31 26 29 11 21 21 25 26 25 23 28 22 23 25 17 16 9 22 34 14 9 14 11 18 30 17 20 27 20 23 18 20 23 13 14 20 18 14 15 13 8 9 5 11 16 9 15 12 17 17 23 22 19 13 22 16 6 16 16 14 10 11 19 10 12 12 15 9 4 12 13 20 18 23 20 10 14 10 14 9 14 14 17 11 14 7 11 15 17 14 12 11 16 13 15 6 18 15 14 20 14 12 13 11 9 8 9 20 12 18 11 8 11 9 12 10 13 12 8 11 13 9 11 14 12
INF INF INF INF INF INF INF INF INF INF INF INF INF INF INF INF INF INF INF INF INF INF INF INF INF INF INF INF INF INF INF INF INF INF INF INF INF INF INF INF INF INF INF INF INF INF INF INF INF INF INF INF INF INF INF INF INF INF INF INF INF INF INF INF INF INF INF INF INF INF INF INF INF INF INF INF INF INF INF INF INF INF INF INF INF INF INF INF INF INF INF INF INF INF INF INF INF INF INF INF INF INF INF INF INF INF INF INF INF INF INF INF INF INF INF INF INF INF INF INF INF INF INF INF INF INF INF INF INF INF INF INF INF INF INF INF INF INF INF INF INF INF INF INF INF INF INF INF INF INF INF INF INF INF INF INF INF INF INF INF INF INF INF INF INF INF INF INF INF INF INF INF INF INF INF INF INF INF INF INF INF 0 1 25 41 54 74 17 32 52 73 87 98 103 67 42 60 76 84 43 22 25 28 45 50 57 65 76 79 92 43 66 84 55 73 16 29 50 73 21 24 4 8 10 21 24 45 10 26 45 20 27 28 19 29 42 47 35 39 8 18 21 43 45 35 25 37 30 28 37 38 44 41 30 18 26 29 30 38 45 30 28 32 29 25 31 37 10 11 21 27 26 35 40 24 20 11 28 27 37 38 16 31 19 35 30 30 37 34 43 33 27 43 25 5 27 42 30 16 23 29 52 26 27 28 29 18 14 36 51 33 25 32 33 36 27 31 19 22 36 51 35 40 21 29 31 20 29 19 9 24 28 33 25 29 23 35 31 15 22 14 15 20 25 38 21 11 18 33 28 27 35 18 17 5 30 32 20 21 10 30 30 11 15 17 7 11 26 22 20 32 33 21 23 31 29 31 30 25 24 19 23 29 24 21 30 20 21 23 22 14 7 29 32 12 7 12 16 16 28 24 20 25 21 21 16 18 22 23 24 30 20 12 20 17 12 13 20 13 14 19 20 24 21 15 31 25 17 11 20 23 13 18 21 15 25 10 21 19 10 15 13 19 2 10 11 21 19 29 18 14 18 18 14 11 16 18 15 9 14 5 17 17 18 18 17 9 15 11 15 12 19 13 12 18 19 10 11 14 10 10 7 20 15 16 19 14 14 7 11 11 19 18 10 11 14 18 12 17 10
INF INF INF INF INF INF INF INF INF INF INF INF INF INF INF INF INF INF INF INF INF INF INF INF INF INF INF INF INF INF INF INF INF INF INF INF INF INF INF INF INF INF INF INF INF INF INF INF INF INF INF INF INF INF INF INF INF INF INF INF INF INF INF INF INF INF INF INF INF INF INF INF INF INF INF INF INF INF INF INF INF INF INF INF INF INF INF INF INF INF INF INF INF INF INF INF INF INF INF INF INF INF INF INF INF INF INF INF INF INF INF INF INF INF INF INF INF INF INF INF INF INF INF INF INF INF INF INF INF INF INF INF INF INF INF INF INF INF INF INF INF INF INF INF INF INF INF INF INF INF INF INF INF INF INF INF INF INF INF INF INF INF INF INF INF INF INF INF INF INF INF INF INF INF INF INF INF INF INF INF INF INF 0 24 40 53 73 75 90 110 131 145 156 161 125 41 59 75 83 42 47 50 53 70 60 67 75 79 82 101 101 72 90 54 72 15 28 49 72 20 23 3 7 9 20 23 44 9 25 44 19 26 27 18 28 41 46 34 38 7 17 20 42 44 38 24 36 29 27 36 37 43 40 29 17 25 28 49 57 64 29 27 31 38 24 30 55 9 10 20 26 25 34 39 36 19 10 27 26 36 37 15 30 18 34 29 29 36 33 42 32 28 44 24 4 26 41 29 15 22 28 51 25 26 27 28 17 13 35 50 32 24 31 32 35 44 31 18 21 35 50 34 39 20 28 30 19 28 18 8 23 27 32 24 28 22 34 30 14 21 13 14 19 24 37 20 29 36 41 27 26 34 17 16 4 29 31 19 20 9 29 29 28 14 16 6 10 25 21 19 31 32 20 22 30 28 30 29 31 23 18 22 28 23 20 29 19 20 22 21 13 6 28 31 11 6 11 15 15 27 23 19 26 20 20 15 17 21 22 23 29 19 11 19 16 11 12 19 12 13 18 19 23 20 14 30 24 16 10 19 22 15 17 20 14 24 22 20 18 9 14 21 23 15 23 24 20 28 29 29 13 17 17 13 10 15 17 14 8 15 11 21 16 17 17 16 8 14 10 14 11 18 12 11 17 18 9 10 13 9 9 13 19 14 15 18 13 13 6 14 10 18 17 9 14 13 17 11 19 9
INF INF INF INF INF INF INF INF INF INF INF INF INF INF INF INF INF INF INF INF INF INF INF INF INF INF INF INF INF INF INF INF INF INF INF INF INF INF INF INF INF INF INF INF INF INF INF INF INF INF INF INF INF INF INF INF INF INF INF INF INF INF INF INF INF INF INF INF INF INF INF INF INF INF INF INF INF INF INF INF INF INF INF INF INF INF INF INF INF INF INF INF INF INF INF INF INF INF INF INF INF INF INF INF INF INF INF INF INF INF INF INF INF INF INF INF INF INF INF INF INF INF INF INF INF INF INF INF INF INF INF INF INF INF INF INF INF INF INF INF INF INF INF INF INF INF INF INF INF INF INF INF INF INF INF INF INF INF INF INF INF INF INF INF INF INF INF INF INF INF INF INF INF INF INF INF INF INF INF INF INF INF INF 0 16 29 49 51 66 86 107 121 132 137 101 17 35 51 59 18 23 26 29 46 36 43 51 55 58 77 77 48 66 30 48 43 54 58 81 48 39 47 51 53 64 59 80 53 21 40 49 56 43 46 56 52 39 54 58 65 39 4 26 20 36 40 52 13 11 20 21 33 33 40 23 25 35 38 46 53 43 53 37 45 30 10 35 36 37 47 24 21 36 41 32 22 34 51 22 45 23 24 25 31 38 22 27 34 53 40 25 26 42 7 9 31 42 53 38 25 39 49 1 2 14 19 32 39 42 34 30 29 20 37 58 28 22 27 46 31 34 34 23 7 15 17 25 23 23 13 21 8 13 28 32 29 30 20 38 30 36 9 19 24 37 21 30 37 25 26 23 23 26 24 33 34 34 14 26 13 24 30 38 17 19 25 22 24 16 16 36 37 20 12 28 31 26 7 17 20 23 27 25 30 15 19 23 24 26 25 16 29 4 29 7 15 20 30 13 14 26 17 25 18 20 15 17 22 20 21 27 37 10 20 12 9 10 7 17 9 16 18 28 21 10 25 27 10 12 28 23 13 13 13 10 22 13 17 14 14 19 17 11 13 21 10 22 13 5 17 10 13 10 14 11 16 14 12 16 16 12 13 12 13 17 14 20 17 15 15 8 14 17 19 21 16 18 18 13 21 14 8 8 19 6 15 10 11 17 12 12 14 16 10 12 16 16 13 7 6
INF INF INF INF INF INF INF INF INF INF INF INF INF INF INF INF INF INF INF INF INF INF INF INF INF INF INF INF INF INF INF INF INF INF INF INF INF INF INF INF INF INF INF INF INF INF INF INF INF INF INF INF INF INF INF INF INF INF INF INF INF INF INF INF INF INF INF INF INF INF INF INF INF INF INF INF INF INF INF INF INF INF INF INF INF INF INF INF INF INF INF INF INF INF INF INF INF INF INF INF INF INF INF INF INF INF INF INF INF INF INF INF INF INF INF INF INF INF INF INF INF INF INF INF INF INF INF INF INF INF INF INF INF INF INF INF INF INF INF INF INF INF INF INF INF INF INF INF INF INF INF INF INF INF INF INF INF INF INF INF INF INF INF INF INF INF INF INF INF INF INF INF INF INF INF INF INF INF INF INF INF INF INF INF 0 13 33 35 50 70 91 105 116 121 85 1 19 35 43 2 7 10 13 30 20 27 35 39 42 61 61 32 50 14 32 27 38 42 65 32 23 31 35 37 48 43 64 37 5 24 33 40 27 30 40 36 23 38 42 49 23 26 48 4 20 24 36 35 33 22 23 35 17 24 29 9 19 25 33 40 27 37 25 29 36 36 22 23 24 34 40 5 26 29 16 18 35 52 6 29 7 8 9 32 22 35 16 23 42 24 26 12 28 35 34 42 26 50 22 21 23 46 3 4 16 21 24 31 26 50 19 18 15 25 46 12 10 11 30 15 18 18 25 13 21 27 15 7 11 14 23 35 19 34 38 27 14 15 22 14 20 21 31 15 28 21 28 34 27 10 7 22 10 12 20 30 30 24 34 26 26 14 22 20 22 22 18 8 12 14 23 26 16 18 20 23 23 9 10 4 16 15 9 26 27 29 9 10 24 15 7 18 6 19 9 16 17 18 15 30 22 15 27 20 9 1 3 8 17 13 19 25 12 15 11 14 15 10 10 11 16 20 19 7 12 24 22 7 11 17 15 13 21 9 10 8 11 13 8 11 10 11 14 14 16 17 13 16 7 23 3 7 9 7 12 10 7 16 10 7 12 9 9 13 10 10 12 11 12 8 11 14 22 10 17 9 9 10 12 13 11 10 9 18 11 9 8 11 10 10 14 15 10 13 10 11 15 13 9 8
INF INF INF INF INF INF INF INF INF INF INF INF INF INF INF INF INF INF INF INF INF INF INF INF INF INF INF INF INF INF INF INF INF INF INF INF INF INF INF INF INF INF INF INF INF INF INF INF INF INF INF INF INF INF INF INF INF INF INF INF INF INF INF INF INF INF INF INF INF INF INF INF INF INF INF INF INF INF INF INF INF INF INF INF INF INF INF INF INF INF INF INF INF INF INF INF INF INF INF INF INF INF INF INF INF INF INF INF INF INF INF INF INF INF INF INF INF INF INF INF INF INF INF INF INF INF INF INF INF INF INF INF INF INF INF INF INF INF INF INF INF INF INF INF INF INF INF INF INF INF INF INF INF INF INF INF INF INF INF INF INF INF INF INF INF INF INF INF INF INF INF INF INF INF INF INF INF INF INF INF INF INF INF INF INF 0 20 22 37 57 78 92 103 108 72 34 52 68 76 35 40 43 46 63 53 60 68 26 29 48 48 19 37 47 65 60 71 75 71 65 10 18 22 24 35 38 59 24 38 57 66 58 14 32 42 55 56 49 53 36 32 35 57 60 53 29 41 44 42 51 52 30 4 11 16 38 43 35 43 50 44 42 30 34 23 36 55 17 18 28 34 40 39 16 19 21 25 42 27 41 40 23 32 26 42 45 37 44 43 52 13 36 52 39 38 36 51 44 33 24 43 59 21 22 34 39 35 42 58 65 40 26 44 35 41 45 33 32 50 40 5 26 46 35 9 15 13 29 34 25 30 26 31 23 27 24 36 33 29 29 23 24 23 28 41 28 18 25 39 23 13 28 27 35 19 33 33 29 28 21 28 44 33 31 33 10 10 14 21 23 29 27 19 19 26 29 24 18 25 22 18 26 27 34 14 17 30 31 32 30 24 21 24 11 16 11 16 30 23 17 22 23 30 22 15 20 22 18 11 12 18 31 21 26 18 19 20 25 27 18 14 21 23 7 19 14 27 20 21 27 4 16 19 14 19 30 21 22 7 6 21 11 17 20 16 21 33 17 25 28 19 16 14 23 20 10 20 18 12 21 8 21 23 22 19 20 18 24 7 11 17 19 17 22 21 14 6 7 12 19 10 10 16 14 15 8 6 11 13 10 6 18 9 17 10 10 14 9 21 15
INF INF INF INF INF INF INF INF INF INF INF INF INF INF INF INF INF INF INF INF INF INF INF INF INF INF INF INF INF INF INF INF INF INF INF INF INF INF INF INF INF INF INF INF INF INF INF INF INF INF INF INF INF INF INF INF INF INF INF INF INF INF INF INF INF INF INF INF INF INF INF INF INF INF INF INF INF INF INF INF INF INF INF INF INF INF INF INF INF INF INF INF INF INF INF INF INF INF INF INF INF INF INF INF INF INF INF INF INF INF INF INF INF INF INF INF INF INF INF INF INF INF INF INF INF INF INF INF INF INF INF INF INF INF INF INF INF INF INF INF INF INF INF INF INF INF INF INF INF INF INF INF INF INF INF INF INF INF INF INF INF INF INF INF INF INF INF INF INF INF INF INF INF INF INF INF INF INF INF INF INF INF INF INF INF INF 0 2 17 37 58 72 83 88 52 14 32 48 56 15 20 23 26 43 33 40 48 6 9 28 28 51 69 27 45 40 51 55 51 45 48 56 58 60 66 56 76 62 18 37 46 38 40 43 53 49 36 42 46 34 36 39 61 54 33 37 49 48 46 35 36 48 20 27 32 22 32 15 23 30 40 50 38 14 27 40 35 36 37 32 27 34 39 41 29 31 48 65 28 49 20 15 24 45 35 25 29 36 47 55 29 25 41 25 19 35 39 63 29 24 36 52 40 41 39 38 31 38 39 63 32 31 28 38 59 25 25 24 43 28 45 31 26 26 34 40 29 20 26 25 31 30 34 39 43 40 52 42 42 21 33 34 27 28 28 38 41 47 28 27 20 35 23 27 33 43 43 37 37 24 30 27 13 27 29 35 26 21 8 10 30 39 29 16 16 19 27 25 23 17 19 19 12 22 25 40 31 32 30 22 16 32 5 27 18 28 26 33 13 36 35 18 10 15 19 30 16 4 13 14 20 27 25 21 14 17 16 23 23 20 21 19 31 20 18 25 20 13 20 21 25 19 21 16 15 21 8 17 19 10 19 19 16 7 15 16 26 2 6 22 19 5 11 14 19 22 14 21 23 12 3 11 22 18 17 12 21 15 11 13 15 10 18 15 25 5 14 9 19 18 12 9 9 11 12 7 14 13 10 13 16 13 8 10 9 9 13 11 8 7
INF INF INF INF INF INF INF INF INF INF INF INF INF INF INF INF INF INF INF INF INF INF INF INF INF INF INF INF INF INF INF INF INF INF INF INF INF INF INF INF INF INF INF INF INF INF INF INF INF INF INF INF INF INF INF INF INF INF INF INF INF INF INF INF INF INF INF INF INF INF INF INF INF INF INF INF INF INF INF INF INF INF INF INF INF INF INF INF INF INF INF INF INF INF INF INF INF INF INF INF INF INF INF INF INF INF INF INF INF INF INF INF INF INF INF INF INF INF INF INF INF INF INF INF INF INF INF INF INF INF INF INF INF INF INF INF INF INF INF INF INF INF INF INF INF INF INF INF INF INF INF INF INF INF INF INF INF INF INF INF INF INF INF INF INF INF INF INF INF INF INF INF INF INF INF INF INF INF INF INF INF INF INF INF INF INF INF 0 15 35 56 70 81 86 50 59 77 93 101 53 58 61 64 71 76 83 91 102 94 75 26 49 67 65 83 85 96 98 98 72 75 83 87 89 68 71 74 81 63 82 86 36 38 56 66 79 79 40 44 32 42 45 67 76 58 59 60 54 52 61 62 54 73 66 60 51 73 13 21 28 45 62 67 12 25 38 58 59 60 30 26 33 38 39 42 44 54 71 33 56 26 13 22 45 45 23 29 36 45 54 39 32 48 23 17 39 54 73 27 22 34 51 58 59 37 36 29 36 50 74 32 36 48 45 66 48 23 34 46 50 68 69 24 36 44 50 28 29 24 27 30 28 32 45 49 57 54 40 53 19 34 35 25 30 26 36 41 48 26 25 31 46 28 25 32 45 50 38 35 22 29 42 49 33 35 34 31 32 6 8 28 42 27 14 14 17 25 28 26 36 17 17 35 20 33 41 33 34 28 20 14 30 37 32 22 32 24 31 32 34 44 26 8 13 17 28 14 19 15 16 22 25 29 23 18 21 14 23 28 24 20 25 29 18 25 27 18 24 18 19 27 17 23 18 13 24 23 15 17 8 23 20 14 17 24 26 24 29 12 28 17 21 17 21 23 21 21 29 23 25 10 9 25 16 20 10 25 29 9 13 13 17 22 20 23 12 26 16 18 17 13 12 15 25 16 18 16 17 17 16 15 20 19 15 16 20 23 10 14 13
INF INF INF INF INF INF INF INF INF INF INF INF INF INF INF INF INF INF INF INF INF INF INF INF INF INF INF INF INF INF INF INF INF INF INF INF INF INF INF INF INF INF INF INF INF INF INF INF INF INF INF INF INF INF INF INF INF INF INF INF INF INF INF INF INF INF INF INF INF INF INF INF INF INF INF INF INF INF INF INF INF INF INF INF INF INF INF INF INF INF INF INF INF INF INF INF INF INF INF INF INF INF INF INF INF INF INF INF INF INF INF INF INF INF INF INF INF INF INF INF INF INF INF INF INF INF INF INF INF INF INF INF INF INF INF INF INF INF INF INF INF INF INF INF INF INF INF INF INF INF INF INF INF INF INF INF INF INF INF INF INF INF INF INF INF INF INF INF INF INF INF INF INF INF INF INF INF INF INF INF INF INF INF INF INF INF INF INF 0 20 41 55 66 71 35 44 62 78 86 38 43 46 49 56 61 68 76 87 79 60 11 34 52 50 68 70 81 83 83 57 60 68 72 74 53 56 59 66 48 67 71 21 23 41 51 64 64 25 29 17 27 30 52 61 43 44 45 39 37 46 47 39 58 51 45 36 58 31 39 46 62 78 52 56 52 40 43 44 45 15 11 18 23 24 27 29 39 56 18 41 42 18 36 40 30 41 14 21 30 39 27 23 39 41 2 24 39 58 25 10 29 36 43 44 22 27 27 34 35 59 17 32 33 30 51 33 29 28 31 35 53 54 33 33 41 41 29 35 19 18 15 38 41 52 56 42 39 40 38 24 31 32 41 29 42 34 26 33 35 22 36 32 27 31 44 40 35 35 41 7 14 37 45 24 26 38 30 37 25 27 31 43 22 17 32 35 36 36 37 39 17 25 42 31 29 30 21 22 32 19 19 30 32 36 30 35 29 37 26 26 33 26 36 17 34 17 19 24 19 20 26 29 24 29 23 26 27 20 22 29 13 24 28 21 20 31 35 22 23 27 16 18 27 22 29 26 28 21 19 16 12 18 24 27 23 34 25 31 29 36 19 23 25 11 8 13 20 24 13 13 18 19 13 24 18 19 23 19 17 19 20 18 26 16 28 13 15 16 16 16 19 19 25 29 17 20 18 15 23 17 17 21 17 22 22 21 24 17 27 16
INF INF INF INF INF INF INF INF INF INF INF INF INF INF INF INF INF INF INF INF INF INF INF INF INF INF INF INF INF INF INF INF INF INF INF INF INF INF INF INF INF INF INF INF INF INF INF INF INF INF INF INF INF INF INF INF INF INF INF INF INF INF INF INF INF INF INF INF INF INF INF INF INF INF INF INF INF INF INF INF INF INF INF INF INF INF INF INF INF INF INF INF INF INF INF INF INF INF INF INF INF INF INF INF INF INF INF INF INF INF INF INF INF INF INF INF INF INF INF INF INF INF INF INF INF INF INF INF INF INF INF INF INF INF INF INF INF INF INF INF INF INF INF INF INF INF INF INF INF INF INF INF INF INF INF INF INF INF INF INF INF INF INF INF INF INF INF INF INF INF INF INF INF INF INF INF INF INF INF INF INF INF INF INF INF INF INF INF INF 0 21 35 46 51 15 24 42 58 66 18 23 26 29 36 41 48 56 67 59 40 41 64 82 30 48 50 61 63 63 37 40 48 52 54 65 64 39 46 28 47 51 51 44 53 63 52 44 54 58 51 46 49 71 54 36 39 25 37 54 38 39 51 50 57 47 25 42 11 19 26 43 58 41 36 49 36 23 24 25 35 41 23 44 49 39 41 55 72 24 47 24 30 17 33 38 21 32 39 50 58 34 28 44 21 23 43 42 57 40 20 27 50 46 47 52 29 42 49 42 58 35 34 31 41 49 28 18 27 44 38 43 34 13 25 33 39 23 22 19 22 37 51 25 40 44 39 51 32 40 34 43 44 23 28 24 35 44 51 15 28 30 42 23 20 36 38 52 37 33 27 34 37 45 28 30 28 22 31 30 32 37 27 25 23 12 15 23 26 24 27 34 31 30 11 24 39 27 28 19 19 25 36 35 35 20 30 35 26 30 47 13 19 36 35 24 32 25 30 28 26 32 23 27 22 25 26 12 18 26 22 18 24 27 26 23 35 15 23 16 26 22 15 28 28 23 23 26 10 13 14 28 28 22 15 19 24 28 31 36 22 12 16 25 16 21 18 16 27 20 20 16 16 16 26 19 17 29 24 15 17 19 27 29 23 27 19 22 5 21 15 8 8 8 20 21 14 17 12 12 12 15 14 14 21 14 16 16 11 21 22
INF INF INF INF INF INF INF INF INF INF INF INF INF INF INF INF INF INF INF INF INF INF INF INF INF INF INF INF INF INF INF INF INF INF INF INF INF INF INF INF INF INF INF INF INF INF INF INF INF INF INF INF INF INF INF INF INF INF INF INF INF INF INF INF INF INF INF INF INF INF INF INF INF INF INF INF INF INF INF INF INF INF INF INF INF INF INF INF INF INF INF INF INF INF INF INF INF INF INF INF INF INF INF INF INF INF INF INF INF INF INF INF INF INF INF INF INF INF INF INF INF INF INF INF INF INF INF INF INF INF INF INF INF INF INF INF INF INF INF INF INF INF INF INF INF INF INF INF INF INF INF INF INF INF INF INF INF INF INF INF INF INF INF INF INF INF INF INF INF INF INF INF INF INF INF INF INF INF INF INF INF INF INF INF INF INF INF INF INF INF 0 14 25 30 34 43 61 77 85 37 42 45 48 15 20 27 35 46 38 57 58 81 99 36 54 59 72 42 65 56 59 67 33 35 46 43 18 25 41 60 57 64 63 39 49 62 23 48 52 65 43 46 68 33 54 18 30 42 53 43 44 30 29 36 41 44 38 25 33 40 27 37 55 48 48 51 33 34 35 36 42 2 23 28 31 33 36 53 3 26 20 28 27 43 30 19 38 38 51 40 38 37 25 35 35 53 61 36 42 34 31 54 49 50 50 33 39 46 36 60 28 38 33 27 28 33 28 23 42 32 22 40 35 21 29 24 32 22 29 27 19 42 37 45 36 43 55 42 19 34 30 31 37 36 38 18 27 34 37 7 30 45 33 30 29 43 31 36 37 22 38 40 42 24 26 31 35 31 9 11 31 37 21 28 26 25 20 20 21 31 13 17 35 23 36 23 6 7 23 31 25 15 32 21 26 27 28 20 14 32 26 22 36 19 20 32 16 11 20 11 17 30 14 24 26 29 17 16 21 28 23 24 25 20 29 22 26 19 12 19 27 20 18 11 21 11 14 18 23 11 7 19 17 17 18 26 10 27 27 22 16 20 16 20 11 16 15 31 17 8 13 22 19 24 18 19 17 23 12 16 17 14 22 11 23 12 10 11 19 18 14 14 17 25 12 22 18 12 16 18 15 20 20 15 13 19 23 18 17 14
INF INF INF INF INF INF INF INF INF INF INF INF INF INF INF INF INF INF INF INF INF INF INF INF INF INF INF INF INF INF INF INF INF INF INF INF INF INF INF INF INF INF INF INF INF INF INF INF INF INF INF INF INF INF INF INF INF INF INF INF INF INF INF INF INF INF INF INF INF INF INF INF INF INF INF INF INF INF INF INF INF INF INF INF INF INF INF INF INF INF INF INF INF INF INF INF INF INF INF INF INF INF INF INF INF INF INF INF INF INF INF INF INF INF INF INF INF INF INF INF INF INF INF INF INF INF INF INF INF INF INF INF INF INF INF INF INF INF INF INF INF INF INF INF INF INF INF INF INF INF INF INF INF INF INF INF INF INF INF INF INF INF INF INF INF INF INF INF INF INF INF INF INF INF INF INF INF INF INF INF INF INF INF INF INF INF INF INF INF INF INF 0 11 16 20 29 47 63 71 23 28 31 34 51 48 55 63 74 24 43 44 67 85 35 53 55 66 70 66 42 45 53 19 21 32 35 56 19 33 52 56 54 49 58 68 57 12 37 41 54 29 32 54 62 41 36 30 41 39 43 44 30 49 41 29 30 27 46 54 61 27 26 43 37 36 41 19 20 21 25 31 37 33 38 41 31 22 39 38 48 6 14 22 29 40 50 34 37 40 49 39 23 39 36 35 39 47 41 28 22 20 43 51 52 41 22 30 37 22 46 14 29 36 34 55 33 23 32 37 39 43 39 37 34 42 42 28 29 24 27 35 39 32 36 22 42 51 33 25 20 25 26 30 27 40 31 40 42 39 42 32 47 27 25 41 43 17 27 23 35 27 41 28 30 32 33 25 33 32 31 41 23 32 28 21 24 32 35 31 32 27 30 35 31 32 44 30 31 21 21 11 27 42 29 33 13 18 26 26 25 35 21 29 30 31 22 24 28 32 24 30 32 23 24 15 18 19 23 29 34 22 26 27 28 31 35 23 28 15 30 28 22 24 26 27 30 31 18 26 16 31 20 27 22 25 31 30 26 33 37 20 24 28 18 21 26 24 23 24 24 18 29 5 17 22 23 29 26 17 21 22 18 19 27 28 27 23 22 20 24 15 25 8 22 10 15 24 15 13 13 15 14 16 21 17 17 16 18 21 20
INF INF INF INF INF INF INF INF INF INF INF INF INF INF INF INF INF INF INF INF INF INF INF INF INF INF INF INF INF INF INF INF INF INF INF INF INF INF INF INF INF INF INF INF INF INF INF INF INF INF INF INF INF INF INF INF INF INF INF INF INF INF INF INF INF INF INF INF INF INF INF INF INF INF INF INF INF INF INF INF INF INF INF INF INF INF INF INF INF INF INF INF INF INF INF INF INF INF INF INF INF INF INF INF INF INF INF INF INF INF INF INF INF INF INF INF INF INF INF INF INF INF INF INF INF INF INF INF INF INF INF INF INF INF INF INF INF INF INF INF INF INF INF INF INF INF INF INF INF INF INF INF INF INF INF INF INF INF INF INF INF INF INF INF INF INF INF INF INF INF INF INF INF INF INF INF INF INF INF INF INF INF INF INF INF INF INF INF INF INF INF INF 0 5 9 18 36 52 60 12 17 20 23 40 37 44 52 63 66 34 35 58 76 24 42 44 55 59 57 31 34 42 8 10 21 24 45 8 22 41 45 45 38 47 57 46 40 35 39 45 18 21 43 51 30 25 19 30 28 32 33 19 38 30 18 19 36 35 43 50 16 20 32 42 25 30 8 9 10 20 26 26 22 27 30 20 11 28 27 37 24 15 11 18 29 39 26 33 34 43 28 12 28 25 24 28 36 30 25 23 12 35 40 41 30 14 27 34 11 35 3 18 25 23 44 22 12 21 29 28 32 28 26 23 31 31 17 18 13 16 30 28 21 25 11 31 43 25 14 21 14 15 19 16 29 20 29 36 28 31 24 36 16 14 30 32 32 20 20 29 19 30 29 22 21 22 17 25 21 20 30 12 21 17 10 13 21 24 20 21 19 25 24 20 21 33 19 20 10 20 16 24 31 29 28 18 23 15 15 14 24 10 21 19 20 17 19 24 21 17 23 21 12 13 15 11 12 12 20 23 14 19 21 22 24 26 12 17 10 19 21 15 21 19 17 19 20 7 19 11 20 20 16 15 16 20 23 21 25 27 9 13 17 13 16 21 13 15 16 17 13 18 17 20 16 17 26 21 12 14 13 20 24 20 17 18 18 11 13 13 14 14 18 21 18 20 15 16 20 15 14 20 20 15 14 19 8 8 20 19
INF INF INF INF INF INF INF INF INF INF INF INF INF INF INF INF INF INF INF INF INF INF INF INF INF INF INF INF INF INF INF INF INF INF INF INF INF INF INF INF INF INF INF INF INF INF INF INF INF INF INF INF INF INF INF INF INF INF INF INF INF INF INF INF INF INF INF INF INF INF INF INF INF INF INF INF INF INF INF INF INF INF INF INF INF INF INF INF INF INF INF INF INF INF INF INF INF INF INF INF INF INF INF INF INF INF INF INF INF INF INF INF INF INF INF INF INF INF INF INF INF INF INF INF INF INF INF INF INF INF INF INF INF INF INF INF INF INF INF INF INF INF INF INF INF INF INF INF INF INF INF INF INF INF INF INF INF INF INF INF INF INF INF INF INF INF INF INF INF INF INF INF INF INF INF INF INF INF INF INF INF INF INF INF INF INF INF INF INF INF INF INF INF 0 4 13 31 47 55 7 12 15 18 35 32 39 47 58 61 29 30 53 71 19 37 39 50 54 52 26 29 37 3 5 16 19 40 43 17 36 40 40 33 42 52 41 35 30 34 40 13 16 38 46 25 20 14 25 23 27 28 14 33 25 13 14 31 30 38 45 11 28 27 37 20 25 3 4 5 15 21 21 17 22 25 15 6 23 22 32 19 10 6 13 24 34 21 28 29 38 23 7 23 20 19 23 31 25 20 18 7 30 35 36 25 9 22 29 6 30 24 23 20 18 39 17 7 16 24 23 27 23 21 18 26 26 12 13 8 11 25 23 16 20 6 26 38 20 9 16 9 10 14 11 24 15 24 31 23 26 19 31 11 9 25 27 27 15 15 24 14 25 24 17 16 17 12 20 16 15 25 7 16 12 30 23 28 22 15 16 14 20 19 15 16 28 14 15 5 15 11 19 26 24 23 13 18 10 10 23 19 7 16 14 15 12 14 19 16 14 20 22 7 10 15 6 7 7 15 18 9 14 16 17 19 23 7 12 5 14 16 10 16 16 15 14 15 8 14 12 15 20 11 10 17 15 18 16 20 22 8 12 12 12 11 16 12 10 11 16 11 13 12 18 13 13 21 20 13 10 8 15 19 15 12 13 13 6 8 13 9 9 16 16 14 15 10 11 16 13 12 15 15 10 9 15 3 9 16 14
INF INF INF INF INF INF INF INF INF INF INF INF INF INF INF INF INF INF INF INF INF INF INF INF INF INF INF INF INF INF INF INF INF INF INF INF INF INF INF INF INF INF INF INF INF INF INF INF INF INF INF INF INF INF INF INF INF INF INF INF INF INF INF INF INF INF INF INF INF INF INF INF INF INF INF INF INF INF INF INF INF INF INF INF INF INF INF INF INF INF INF INF INF INF INF INF INF INF INF INF INF INF INF INF INF INF INF INF INF INF INF INF INF INF INF INF INF INF INF INF INF INF INF INF INF INF INF INF INF INF INF INF INF INF INF INF INF INF INF INF INF INF INF INF INF INF INF INF INF INF INF INF INF INF INF INF INF INF INF INF INF INF INF INF INF INF INF INF INF INF INF INF INF INF INF INF INF INF INF INF INF INF INF INF INF INF INF INF INF INF INF INF INF INF 0 9 27 43 51 3 8 11 14 31 28 35 43 54 57 25 26 49 67 15 33 35 46 50 48 22 25 33 37 39 50 51 72 39 13 32 36 36 29 38 48 37 31 39 43 36 31 34 56 42 21 25 10 22 39 23 24 36 37 44 32 10 27 26 34 41 35 45 26 33 39 21 23 24 25 30 36 43 41 39 24 26 40 57 23 37 15 23 2 25 23 36 17 24 43 43 19 13 29 36 35 32 27 51 32 29 24 47 31 32 37 26 34 38 27 43 20 19 16 26 47 13 3 12 31 23 38 19 18 14 22 26 8 9 4 7 22 36 12 27 31 24 36 33 30 19 28 29 26 16 29 35 29 36 20 27 15 27 8 5 21 23 38 22 34 25 31 22 30 13 15 13 11 16 23 25 22 20 17 8 27 30 24 20 11 12 21 16 15 28 29 28 19 20 25 17 10 26 22 20 28 24 20 11 16 32 15 20 27 20 17 24 20 23 13 14 20 18 19 15 13 16 17 3 11 16 9 15 12 17 17 23 22 8 1 17 16 6 16 16 11 10 11 14 10 12 17 18 7 10 18 18 19 18 22 25 16 19 10 20 7 12 10 17 7 12 12 9 15 14 13 10 20 16 13 13 4 15 18 15 18 12 9 10 9 9 8 13 17 15 16 11 6 11 13 10 8 13 12 6 11 13 9 11 12 15
INF INF INF INF INF INF INF INF INF INF INF INF INF INF INF INF INF INF INF INF INF INF INF INF INF INF INF INF INF INF INF INF INF INF INF INF INF INF INF INF INF INF INF INF INF INF INF INF INF INF INF INF INF INF INF INF INF INF INF INF INF INF INF INF INF INF INF INF INF INF INF INF INF INF INF INF INF INF INF INF INF INF INF INF INF INF INF INF INF INF INF INF INF INF INF INF INF INF INF INF INF INF INF INF INF INF INF INF INF INF INF INF INF INF INF INF INF INF INF INF INF INF INF INF INF INF INF INF INF INF INF INF INF INF INF INF INF INF INF INF INF INF INF INF INF INF INF INF INF INF INF INF INF INF INF INF INF INF INF INF INF INF INF INF INF INF INF INF INF INF INF INF INF INF INF INF INF INF INF INF INF INF INF INF INF INF INF INF INF INF INF INF INF INF INF 0 18 34 42 1 6 9 12 29 19 26 34 45 48 67 68 91 109 13 31 26 37 41 64 31 34 42 44 46 52 42 63 48 4 23 32 39 38 29 39 35 22 37 41 54 22 25 47 40 19 23 35 34 32 21 22 34 28 35 39 8 18 24 32 39 26 36 24 28 41 35 21 22 23 33 39 46 32 37 15 17 34 51 14 35 6 14 28 31 21 34 15 22 41 41 37 11 27 34 33 41 25 49 28 20 22 45 29 30 40 24 30 36 25 49 18 17 14 24 45 11 15 10 29 14 36 17 25 12 20 26 20 6 16 18 28 34 35 46 50 26 38 33 28 17 19 20 30 14 27 33 27 33 26 18 6 21 9 17 19 29 29 23 33 29 29 13 21 24 24 21 22 7 14 16 22 25 15 22 19 22 30 11 9 3 19 14 8 28 26 28 17 18 23 18 6 21 20 18 26 15 16 23 14 33 21 14 27 19 8 20 22 21 21 12 18 30 17 14 10 13 14 9 9 11 17 22 19 25 12 23 21 6 10 16 14 17 22 14 9 7 10 12 7 10 15 15 13 13 15 18 17 15 21 24 13 17 9 17 13 12 10 16 9 14 11 8 8 12 12 9 11 10 11 15 10 13 21 17 16 11 16 13 15 12 10 16 8 17 13 8 7 11 9 9 13 14 9 12 9 10 14 12 17 14
INF INF INF INF INF INF INF INF INF INF INF INF INF INF INF INF INF INF INF INF INF INF INF INF INF INF INF INF INF INF INF INF INF INF INF INF INF INF INF INF INF INF INF INF INF INF INF INF INF INF INF INF INF INF INF INF INF INF INF INF INF INF INF INF INF INF INF INF INF INF INF INF INF INF INF INF INF INF INF INF INF INF INF INF INF INF INF INF INF INF INF INF INF INF INF INF INF INF INF INF INF INF INF INF INF INF INF INF INF INF INF INF INF INF INF INF INF INF INF INF INF INF INF INF INF INF INF INF INF INF INF INF INF INF INF INF INF INF INF INF INF INF INF INF INF INF INF INF INF INF INF INF INF INF INF INF INF INF INF INF INF INF INF INF INF INF INF INF INF INF INF INF INF INF INF INF INF INF INF INF INF INF INF INF INF INF INF INF INF INF INF INF INF INF INF INF 0 16 24 42 47 50 53 27 1 8 16 27 30 49 50 73 91 17 35 8 19 23 46 13 16 24 26 28 34 24 45 30 41 60 38 45 20 11 21 34 4 29 33 42 36 39 61 39 47 25 19 31 46 24 25 36 10 17 22 44 19 6 14 21 8 18 36 29 29 32 57 28 22 17 23 30 14 19 22 24 29 46 30 37 19 20 35 35 21 16 19 26 32 41 19 25 35 16 18 40 55 48 34 15 22 45 27 28 31 19 32 32 39 52 22 29 24 15 28 24 26 37 39 20 34 21 26 38 46 31 19 23 21 24 27 32 26 29 33 15 27 24 30 26 26 27 18 23 19 35 24 15 28 29 19 34 28 28 23 32 36 31 28 22 24 6 14 22 19 13 16 20 18 20 35 29 20 18 7 10 18 21 19 28 19 22 16 32 20 32 20 21 30 27 21 16 30 17 15 20 24 31 27 22 24 19 19 24 19 28 25 10 17 18 24 18 17 15 20 23 7 19 22 17 13 4 19 21 18 20 11 19 20 21 20 10 23 10 18 19 14 8 19 12 21 23 16 10 17 19 24 23 23 26 10 14 20 14 13 13 14 22 11 18 13 19 18 20 17 16 18 20 13 15 15 12 20 21 19 11 11 12 16 10 15 15 15 20 19 20 12 15 17 16 11 18 17 16 9 19 22 9 21 11
INF INF INF INF INF INF INF INF INF INF INF INF INF INF INF INF INF INF INF INF INF INF INF INF INF INF INF INF INF INF INF INF INF INF INF INF INF INF INF INF INF INF INF INF INF INF INF INF INF INF INF INF INF INF INF INF INF INF INF INF INF INF INF INF INF INF INF INF INF INF INF INF INF INF INF INF INF INF INF INF INF INF INF INF INF INF INF INF INF INF INF INF INF INF INF INF INF INF INF INF INF INF INF INF INF INF INF INF INF INF INF INF INF INF INF INF INF INF INF INF INF INF INF INF INF INF INF INF INF INF INF INF INF INF INF INF INF INF INF INF INF INF INF INF INF INF INF INF INF INF INF INF INF INF INF INF INF INF INF INF INF INF INF INF INF INF INF INF INF INF INF INF INF INF INF INF INF INF INF INF INF INF INF INF INF INF INF INF INF INF INF INF INF INF INF INF INF 0 8 26 31 34 37 11 16 23 31 42 45 64 65 88 106 32 50 55 3 24 47 50 25 33 10 12 18 21 42 39 55 74 53 60 29 35 45 58 19 37 41 51 20 23 45 29 41 22 34 32 30 25 26 38 25 32 20 29 34 21 29 36 23 33 34 23 27 29 46 12 13 23 29 23 29 34 37 22 13 30 24 34 34 18 33 21 36 31 32 39 36 45 34 31 19 27 26 27 42 32 28 25 26 49 36 37 31 28 19 26 23 47 35 37 34 30 51 36 27 24 43 35 18 36 35 26 34 21 22 26 28 31 15 30 35 27 31 45 51 38 17 24 16 17 22 27 34 23 32 11 26 28 28 35 20 29 34 34 34 22 23 18 32 32 29 6 8 28 31 29 24 19 31 36 17 24 22 21 28 31 29 26 21 25 31 20 23 21 22 23 28 25 19 26 39 32 5 15 20 18 18 25 21 22 29 17 23 19 21 25 19 20 26 24 14 22 10 13 14 26 32 7 17 22 32 20 8 31 22 10 10 22 14 15 9 22 8 26 26 15 12 14 23 15 12 15 20 22 26 30 33 23 15 19 13 19 11 16 19 12 14 14 10 22 19 11 14 15 18 9 15 17 21 12 20 17 19 20 16 12 16 19 15 15 15 23 10 13 13 15 15 17 12 18 14 15 10 15 19 15 17 6
INF INF INF INF INF INF INF INF INF INF INF INF INF INF INF INF INF INF INF INF INF INF INF INF INF INF INF INF INF INF INF INF INF INF INF INF INF INF INF INF INF INF INF INF INF INF INF INF INF INF INF INF INF INF INF INF INF INF INF INF INF INF INF INF INF INF INF INF INF INF INF INF INF INF INF INF INF INF INF INF INF INF INF INF INF INF INF INF INF INF INF INF INF INF INF INF INF INF INF INF INF INF INF INF INF INF INF INF INF INF INF INF INF INF INF INF INF INF INF INF INF INF INF INF INF INF INF INF INF INF INF INF INF INF INF INF INF INF INF INF INF INF INF INF INF INF INF INF INF INF INF INF INF INF INF INF INF INF INF INF INF INF INF INF INF INF INF INF INF INF INF INF INF INF INF INF INF INF INF INF INF INF INF INF INF INF INF INF INF INF INF INF INF INF INF INF INF INF 0 18 23 26 29 3 8 15 23 34 37 56 57 80 98 24 42 47 60 30 53 52 55 63 67 69 80 31 52 59 48 67 45 52 59 27 37 50 11 36 40 53 51 54 76 21 36 32 26 38 55 31 32 44 17 24 29 25 26 13 21 28 15 25 41 36 36 39 38 39 29 24 30 37 21 26 29 31 49 66 37 44 26 27 42 42 28 23 26 33 39 41 26 28 44 23 25 47 42 66 41 22 29 52 46 47 23 26 11 18 40 59 29 34 31 22 43 28 32 27 46 27 10 28 33 29 37 13 18 30 28 31 7 30 33 36 40 37 49 40 37 33 33 34 25 30 26 18 27 22 35 41 33 48 26 34 30 39 43 24 35 10 31 24 32 3 5 20 23 34 25 27 23 32 9 16 14 13 21 24 22 31 20 17 23 12 25 15 27 28 20 20 23 34 33 24 22 27 31 30 30 24 18 24 26 9 26 14 16 17 11 12 18 25 11 24 23 26 14 22 28 16 16 25 26 12 17 23 14 19 27 19 11 17 6 14 9 26 21 16 13 13 21 16 22 17 21 26 20 29 30 23 16 20 20 14 8 13 20 21 15 13 11 17 25 12 11 12 23 6 14 18 18 13 21 15 20 18 15 9 16 16 12 12 12 24 17 14 13 13 13 12 9 15 15 12 16 16 20 12 22 18
INF INF INF INF INF INF INF INF INF INF INF INF INF INF INF INF INF INF INF INF INF INF INF INF INF INF INF INF INF INF INF INF INF INF INF INF INF INF INF INF INF INF INF INF INF INF INF INF INF INF INF INF INF INF INF INF INF INF INF INF INF INF INF INF INF INF INF INF INF INF INF INF INF INF INF INF INF INF INF INF INF INF INF INF INF INF INF INF INF INF INF INF INF INF INF INF INF INF INF INF INF INF INF INF INF INF INF INF INF INF INF INF INF INF INF INF INF INF INF INF INF INF INF INF INF INF INF INF INF INF INF INF INF INF INF INF INF INF INF INF INF INF INF INF INF INF INF INF INF INF INF INF INF INF INF INF INF INF INF INF INF INF INF INF INF INF INF INF INF INF INF INF INF INF INF INF INF INF INF INF INF INF INF INF INF INF INF INF INF INF INF INF INF INF INF INF INF INF INF 0 5 8 11 28 33 40 48 59 62 81 82 105 123 12 30 35 48 55 78 40 43 51 55 57 68 56 77 57 36 55 33 40 47 38 48 34 36 36 40 53 51 54 76 39 18 22 34 46 61 20 21 33 42 45 38 7 29 38 46 53 40 50 23 30 43 56 20 21 22 32 38 45 42 47 47 49 58 75 45 34 35 27 40 30 20 41 14 21 40 40 46 10 26 40 32 40 24 48 37 47 21 44 28 29 41 23 36 35 24 48 17 16 13 23 44 10 14 9 28 28 35 16 24 11 19 25 19 20 15 17 32 33 34 45 49 25 37 32 27 16 31 32 31 13 26 32 26 33 25 41 28 38 8 16 18 36 46 22 32 28 28 49 46 23 23 20 21 29 20 22 21 24 14 21 26 29 34 23 8 18 18 13 12 32 29 27 16 17 22 17 7 23 19 17 25 27 17 22 13 32 38 18 26 18 19 21 23 20 20 20 26 29 16 21 11 14 15 16 16 21 18 22 23 26 18 22 24 5 11 15 13 17 21 15 8 21 22 11 12 9 17 16 20 18 20 17 16 19 20 23 13 17 8 17 20 17 14 17 19 21 10 22 26 11 16 17 25 25 10 14 17 12 20 16 15 16 19 18 17 20 11 20 19 21 18 13 11 15 15 15 15 19 14 13 15 15 19 12 19 17
INF INF INF INF INF INF INF INF INF INF INF INF INF INF INF INF INF INF INF INF INF INF INF INF INF INF INF INF INF INF INF INF INF INF INF INF INF INF INF INF INF INF INF INF INF INF INF INF INF INF INF INF INF INF INF INF INF INF INF INF INF INF INF INF INF INF INF INF INF INF INF INF INF INF INF INF INF INF INF INF INF INF INF INF INF INF INF INF INF INF INF INF INF INF INF INF INF INF INF INF INF INF INF INF INF INF INF INF INF INF INF INF INF INF INF INF INF INF INF INF INF INF INF INF INF INF INF INF INF INF INF INF INF INF INF INF INF INF INF INF INF INF INF INF INF INF INF INF INF INF INF INF INF INF INF INF INF INF INF INF INF INF INF INF INF INF INF INF INF INF INF INF INF INF INF INF INF INF INF INF INF INF INF INF INF INF INF INF INF INF INF INF INF INF INF INF INF INF INF INF 0 3 6 23 28 35 43 54 57 76 77 100 118 44 62 67 80 50 73 72 75 83 87 89 100 51 72 79 68 87 65 72 79 47 57 29 31 31 35 48 46 49 71 34 13 17 29 41 56 15 16 28 37 40 45 55 46 33 41 48 35 45 59 25 38 51 15 16 17 27 33 40 37 42 43 45 58 75 40 29 30 22 35 25 15 36 36 43 42 35 46 5 21 35 37 35 50 74 32 42 16 39 49 50 46 18 31 30 19 43 39 11 32 18 39 5 9 4 23 23 30 48 20 30 38 23 14 15 10 13 27 28 29 41 45 20 32 29 22 12 27 28 26 8 21 27 35 42 20 36 24 33 9 11 27 31 41 23 27 30 23 44 42 19 18 29 16 25 21 23 16 19 9 16 25 28 32 29 3 13 13 17 7 27 34 25 11 12 17 18 2 18 14 20 26 22 12 17 8 27 34 13 21 13 26 16 18 15 15 15 21 24 11 16 6 9 10 11 11 16 13 21 18 21 13 17 19 15 6 19 8 12 19 14 20 16 17 6 11 10 12 11 15 13 15 22 15 14 15 27 8 12 10 12 15 16 9 18 15 16 12 17 21 18 12 13 20 20 11 13 12 14 22 19 24 16 14 13 12 15 6 16 18 20 17 8 10 10 16 11 10 14 9 8 10 10 14 7 17 16
INF INF INF INF INF INF INF INF INF INF INF INF INF INF INF INF INF INF INF INF INF INF INF INF INF INF INF INF INF INF INF INF INF INF INF INF INF INF INF INF INF INF INF INF INF INF INF INF INF INF INF INF INF INF INF INF INF INF INF INF INF INF INF INF INF INF INF INF INF INF INF INF INF INF INF INF INF INF INF INF INF INF INF INF INF INF INF INF INF INF INF INF INF INF INF INF INF INF INF INF INF INF INF INF INF INF INF INF INF INF INF INF INF INF INF INF INF INF INF INF INF INF INF INF INF INF INF INF INF INF INF INF INF INF INF INF INF INF INF INF INF INF INF INF INF INF INF INF INF INF INF INF INF INF INF INF INF INF INF INF INF INF INF INF INF INF INF INF INF INF INF INF INF INF INF INF INF INF INF INF INF INF INF INF INF INF INF INF INF INF INF INF INF INF INF INF INF INF INF INF INF 0 3 20 25 32 40 51 54 73 74 97 115 41 59 64 77 47 70 69 72 80 84 86 97 48 69 76 65 84 62 69 76 44 54 26 28 28 32 45 43 46 68 31 10 14 26 38 53 12 13 25 34 37 42 52 43 30 38 45 32 42 56 22 35 48 12 13 14 24 30 37 34 39 40 42 55 72 37 26 27 19 32 22 12 33 33 40 39 32 43 2 18 32 34 32 47 71 29 39 13 36 46 47 43 15 28 27 49 59 36 38 44 15 36 26 14 25 30 20 27 45 17 29 37 20 19 18 15 18 24 25 26 38 42 51 42 26 30 25 35 36 23 5 18 24 32 39 17 33 37 38 6 16 29 36 38 20 24 27 20 41 49 23 15 28 13 30 18 20 20 16 6 13 31 30 29 30 30 17 26 14 4 24 36 22 8 9 14 15 12 17 38 30 27 19 22 22 5 24 31 10 22 10 24 21 23 28 12 13 19 29 8 13 14 15 16 16 8 13 16 20 23 24 10 21 16 12 14 16 21 17 16 11 19 13 14 3 19 7 9 19 20 17 12 24 12 11 26 24 5 9 7 9 13 18 6 15 19 13 9 19 21 22 9 10 19 17 8 10 17 19 22 16 21 22 15 10 17 20 13 13 17 17 14 5 9 14 13 9 15 11 6 14 7 7 11 4 16 16
INF INF INF INF INF INF INF INF INF INF INF INF INF INF INF INF INF INF INF INF INF INF INF INF INF INF INF INF INF INF INF INF INF INF INF INF INF INF INF INF INF INF INF INF INF INF INF INF INF INF INF INF INF INF INF INF INF INF INF INF INF INF INF INF INF INF INF INF INF INF INF INF INF INF INF INF INF INF INF INF INF INF INF INF INF INF INF INF INF INF INF INF INF INF INF INF INF INF INF INF INF INF INF INF INF INF INF INF INF INF INF INF INF INF INF INF INF INF INF INF INF INF INF INF INF INF INF INF INF INF INF INF INF INF INF INF INF INF INF INF INF INF INF INF INF INF INF INF INF INF INF INF INF INF INF INF INF INF INF INF INF INF INF INF INF INF INF INF INF INF INF INF INF INF INF INF INF INF INF INF INF INF INF INF INF INF INF INF INF INF INF INF INF INF INF INF INF INF INF INF INF INF 0 17 22 29 37 48 51 70 71 94 112 38 56 61 74 44 67 66 69 77 81 83 94 45 66 73 62 81 59 66 73 41 51 23 25 25 29 42 40 43 65 28 7 11 23 35 50 9 10 22 31 34 39 49 40 27 35 42 29 39 53 19 32 45 70 25 26 36 42 49 31 36 37 39 52 69 49 23 24 31 29 20 9 30 40 47 51 29 40 31 47 37 39 44 59 71 27 36 10 33 43 44 40 12 25 32 54 56 43 35 41 12 33 41 11 22 27 17 24 42 14 26 34 17 16 15 12 15 21 22 23 38 42 48 39 23 27 37 32 33 21 26 35 32 29 36 14 30 42 35 16 13 26 33 35 30 36 24 17 38 46 21 12 25 10 34 15 17 30 30 3 10 28 27 26 29 27 37 23 11 29 26 33 19 27 28 11 21 26 36 35 38 29 16 21 19 30 28 28 21 19 23 21 25 21 26 21 22 28 26 5 18 17 15 16 13 5 10 13 21 20 21 11 31 23 13 26 13 18 14 13 13 16 16 19 23 16 15 11 16 17 19 21 21 27 20 23 28 17 21 16 21 15 20 19 15 17 20 17 17 23 19 18 9 21 18 16 19 14 20 21 14 21 20 22 12 14 17 13 15 15 14 13 17 16 15 21 6 16 8 11 15 13 10 13 12 15 13
INF INF INF INF INF INF INF INF INF INF INF INF INF INF INF INF INF INF INF INF INF INF INF INF INF INF INF INF INF INF INF INF INF INF INF INF INF INF INF INF INF INF INF INF INF INF INF INF INF INF INF INF INF INF INF INF INF INF INF INF INF INF INF INF INF INF INF INF INF INF INF INF INF INF INF INF INF INF INF INF INF INF INF INF INF INF INF INF INF INF INF INF INF INF INF INF INF INF INF INF INF INF INF INF INF INF INF INF INF INF INF INF INF INF INF INF INF INF INF INF INF INF INF INF INF INF INF INF INF INF INF INF INF INF INF INF INF INF INF INF INF INF INF INF INF INF INF INF INF INF INF INF INF INF INF INF INF INF INF INF INF INF INF INF INF INF INF INF INF INF INF INF INF INF INF INF INF INF INF INF INF INF INF INF INF INF INF INF INF INF INF INF INF INF INF INF INF INF INF INF INF INF INF 0 5 12 20 31 34 53 54 77 95 21 39 44 57 27 50 49 52 60 64 66 77 28 49 56 45 64 42 49 56 24 34 47 8 33 37 50 48 51 73 18 39 29 23 35 52 28 29 41 14 21 26 48 23 10 18 25 12 22 40 33 33 36 61 51 26 21 27 34 18 23 26 28 46 63 34 41 23 24 39 39 25 20 23 30 36 38 23 29 45 20 22 44 59 65 38 19 26 49 59 56 35 23 36 43 44 56 26 33 28 19 40 28 30 41 43 24 7 25 30 42 50 35 23 27 25 28 4 27 30 33 37 34 46 37 34 30 30 31 22 27 23 39 35 19 32 38 30 45 32 32 27 36 40 35 32 7 28 25 33 34 23 17 20 31 22 24 20 33 6 13 11 10 18 21 19 28 23 14 20 9 22 36 24 25 17 17 20 32 30 21 19 24 28 27 27 26 28 23 23 6 23 32 30 14 8 9 15 22 8 21 20 23 11 19 25 13 13 22 23 9 14 20 11 16 24 16 20 14 16 11 19 23 18 21 11 18 18 13 19 14 18 23 17 26 27 20 16 18 19 11 8 12 20 18 14 13 17 14 22 22 18 15 23 19 19 20 15 17 25 12 23 15 15 16 14 14 19 16 18 21 16 12 16 10 10 9 15 13 13 17 13 13 17 15 20 15
INF INF INF INF INF INF INF INF INF INF INF INF INF INF INF INF INF INF INF INF INF INF INF INF INF INF INF INF INF INF INF INF INF INF INF INF INF INF INF INF INF INF INF INF INF INF INF INF INF INF INF INF INF INF INF INF INF INF INF INF INF INF INF INF INF INF INF INF INF INF INF INF INF INF INF INF INF INF INF INF INF INF INF INF INF INF INF INF INF INF INF INF INF INF INF INF INF INF INF INF INF INF INF INF INF INF INF INF INF INF INF INF INF INF INF INF INF INF INF INF INF INF INF INF INF INF INF INF INF INF INF INF INF INF INF INF INF INF INF INF INF INF INF INF INF INF INF INF INF INF INF INF INF INF INF INF INF INF INF INF INF INF INF INF INF INF INF INF INF INF INF INF INF INF INF INF INF INF INF INF INF INF INF INF INF INF INF INF INF INF INF INF INF INF INF INF INF INF INF INF INF INF INF INF 0 7 15 26 29 48 49 72 90 16 34 39 52 22 45 44 47 55 59 61 72 23 44 51 40 59 37 44 51 42 52 65 3 28 32 45 43 46 68 70 46 24 18 30 47 23 24 36 9 16 21 43 18 5 13 20 7 17 35 28 28 31 56 46 21 16 22 29 13 18 21 23 41 58 29 36 18 19 34 34 20 15 18 25 31 40 18 24 40 15 17 39 54 60 33 14 21 44 54 51 30 18 31 38 39 51 21 28 23 14 35 23 25 36 38 19 33 20 25 37 45 30 18 22 20 23 26 31 25 28 32 29 41 32 29 25 25 26 17 22 18 34 30 14 27 33 25 40 27 27 22 31 35 30 27 21 23 20 28 29 18 12 15 26 17 19 34 28 19 17 6 9 17 20 18 27 18 21 15 31 24 31 19 20 29 26 20 27 29 16 14 19 23 30 26 21 23 18 18 23 18 27 25 9 16 17 23 17 16 21 19 22 6 18 27 16 12 26 18 20 17 19 10 18 19 20 19 9 22 19 17 18 13 16 21 19 20 22 15 9 17 18 23 22 22 25 18 22 19 21 12 12 17 21 14 17 12 18 17 19 17 15 23 19 15 18 14 19 25 20 19 10 11 12 15 9 15 14 14 19 19 22 11 14 18 15 10 17 16 15 8 18 21 11 20 13
INF INF INF INF INF INF INF INF INF INF INF INF INF INF INF INF INF INF INF INF INF INF INF INF INF INF INF INF INF INF INF INF INF INF INF INF INF INF INF INF INF INF INF INF INF INF INF INF INF INF INF INF INF INF INF INF INF INF INF INF INF INF INF INF INF INF INF INF INF INF INF INF INF INF INF INF INF INF INF INF INF INF INF INF INF INF INF INF INF INF INF INF INF INF INF INF INF INF INF INF INF INF INF INF INF INF INF INF INF INF INF INF INF INF INF INF INF INF INF INF INF INF INF INF INF INF INF INF INF INF INF INF INF INF INF INF INF INF INF INF INF INF INF INF INF INF INF INF INF INF INF INF INF INF INF INF INF INF INF INF INF INF INF INF INF INF INF INF INF INF INF INF INF INF INF INF INF INF INF INF INF INF INF INF INF INF INF INF INF INF INF INF INF INF INF INF INF INF INF INF INF INF INF INF INF 0 8 19 22 41 42 65 83 9 27 32 45 66 64 37 40 48 52 54 65 68 89 54 33 52 30 37 44 35 45 58 63 56 60 52 62 65 87 63 49 53 11 23 40 32 33 45 2 9 14 36 56 27 35 42 59 48 28 49 21 34 59 54 14 24 30 37 42 47 44 32 50 67 37 60 40 27 43 43 49 37 11 18 37 46 11 32 48 37 29 48 53 69 41 35 25 48 51 52 38 27 40 44 32 44 14 29 42 54 52 23 27 30 42 56 27 13 21 33 41 27 11 27 16 19 20 24 29 21 25 22 34 29 35 26 41 40 21 26 39 47 23 30 23 39 19 34 20 29 15 24 29 30 35 21 26 13 21 25 27 5 8 20 25 18 34 21 17 17 28 31 25 20 26 20 16 24 8 29 17 29 29 27 37 29 23 20 37 9 14 12 16 30 19 30 16 13 11 16 21 20 18 2 9 10 16 29 19 16 19 15 16 17 23 16 22 19 36 22 14 12 23 11 19 23 21 15 17 12 16 28 6 9 20 13 17 24 21 9 17 18 27 15 15 24 11 15 12 15 19 5 10 19 7 10 12 12 22 19 13 13 20 21 14 11 15 17 18 13 12 3 4 5 8 19 8 8 16 12 14 21 7 8 14 11 15 11 9 8 13 13 16 10 13 6
INF INF INF INF INF INF INF INF INF INF INF INF INF INF INF INF INF INF INF INF INF INF INF INF INF INF INF INF INF INF INF INF INF INF INF INF INF INF INF INF INF INF INF INF INF INF INF INF INF INF INF INF INF INF INF INF INF INF INF INF INF INF INF INF INF INF INF INF INF INF INF INF INF INF INF INF INF INF INF INF INF INF INF INF INF INF INF INF INF INF INF INF INF INF INF INF INF INF INF INF INF INF INF INF INF INF INF INF INF INF INF INF INF INF INF INF INF INF INF INF INF INF INF INF INF INF INF INF INF INF INF INF INF INF INF INF INF INF INF INF INF INF INF INF INF INF INF INF INF INF INF INF INF INF INF INF INF INF INF INF INF INF INF INF INF INF INF INF INF INF INF INF INF INF INF INF INF INF INF INF INF INF INF INF INF INF INF INF INF INF INF INF INF INF INF INF INF INF INF INF INF INF INF INF INF INF 0 11 14 33 34 57 75 1 19 24 37 58 56 29 32 40 44 46 57 60 81 46 25 44 22 29 36 27 37 50 55 48 52 44 54 57 79 55 41 45 3 15 32 24 25 37 25 32 25 28 48 19 27 34 51 40 20 41 32 35 60 46 47 38 32 39 44 47 36 24 42 59 35 57 32 40 35 35 51 29 3 10 29 38 27 46 62 29 21 40 45 61 42 27 17 40 43 44 30 19 32 36 24 36 6 21 34 46 44 54 26 37 34 48 45 5 13 25 33 19 27 22 8 11 12 35 39 32 36 31 43 21 27 18 33 34 31 36 32 39 15 22 15 31 30 31 12 28 7 16 21 22 27 15 24 5 13 17 19 6 10 28 34 19 26 13 10 17 20 23 17 12 18 28 28 18 33 21 18 21 28 19 29 21 28 15 29 32 14 4 9 23 18 30 8 5 3 8 16 13 15 5 10 11 17 22 12 8 19 22 20 9 15 16 15 23 30 19 17 21 15 14 19 20 22 16 18 13 8 23 9 10 12 7 20 23 13 12 19 20 19 28 7 23 12 16 12 16 13 17 16 14 12 13 9 4 17 11 14 5 17 20 8 12 8 11 10 16 4 5 10 9 13 18 8 10 8 10 11 13 12 12 9 13 14 13 14 10 15 11 12 5 9 8
INF INF INF INF INF INF INF INF INF INF INF INF INF INF INF INF INF INF INF INF INF INF INF INF INF INF INF INF INF INF INF INF INF INF INF INF INF INF INF INF INF INF INF INF INF INF INF INF INF INF INF INF INF INF INF INF INF INF INF INF INF INF INF INF INF INF INF INF INF INF INF INF INF INF INF INF INF INF INF INF INF INF INF INF INF INF INF INF INF INF INF INF INF INF INF INF INF INF INF INF INF INF INF INF INF INF INF INF INF INF INF INF INF INF INF INF INF INF INF INF INF INF INF INF INF INF INF INF INF INF INF INF INF INF INF INF INF INF INF INF INF INF INF INF INF INF INF INF INF INF INF INF INF INF INF INF INF INF INF INF INF INF INF INF INF INF INF INF INF INF INF INF INF INF INF INF INF INF INF INF INF INF INF INF INF INF INF INF INF INF INF INF INF INF INF INF INF INF INF INF INF INF INF INF INF INF INF 0 3 22 23 46 64 86 104 109 122 143 45 48 51 59 63 65 65 68 89 65 81 100 107 33 52 54 64 77 82 37 41 33 43 46 68 77 55 56 68 55 53 62 60 53 14 21 26 48 70 80 88 95 74 83 40 61 33 46 71 65 66 27 21 28 33 36 39 41 55 72 28 51 52 30 48 52 40 61 24 31 42 51 23 35 51 57 42 29 44 68 41 44 41 46 34 35 34 39 43 49 45 69 27 42 43 35 56 43 47 42 47 40 39 60 45 46 54 53 23 39 29 19 25 36 41 33 37 34 46 43 48 15 30 31 33 38 51 44 36 43 47 32 27 37 34 49 40 50 47 34 46 28 24 47 7 21 23 42 20 28 35 37 41 37 23 27 40 43 46 32 45 32 28 31 37 44 29 36 31 32 48 37 31 32 37 21 12 22 27 40 7 30 32 36 40 12 29 27 29 34 14 15 21 34 19 32 8 11 12 30 23 14 15 31 30 23 15 24 19 17 17 33 22 15 22 13 15 24 27 22 19 21 21 13 23 15 18 24 23 27 38 22 13 17 9 17 17 22 17 19 17 21 17 25 24 18 20 21 25 22 21 18 21 19 27 24 26 27 16 17 14 26 20 20 22 24 17 20 11 16 18 15 22 24 19 12 14 19 23 15 20 22
INF INF INF INF INF INF INF INF INF INF INF INF INF INF INF INF INF INF INF INF INF INF INF INF INF INF INF INF INF INF INF INF INF INF INF INF INF INF INF INF INF INF INF INF INF INF INF INF INF INF INF INF INF INF INF INF INF INF INF INF INF INF INF INF INF INF INF INF INF INF INF INF INF INF INF INF INF INF INF INF INF INF INF INF INF INF INF INF INF INF INF INF INF INF INF INF INF INF INF INF INF INF INF INF INF INF INF INF INF INF INF INF INF INF INF INF INF INF INF INF INF INF INF INF INF INF INF INF INF INF INF INF INF INF INF INF INF INF INF INF INF INF INF INF INF INF INF INF INF INF INF INF INF INF INF INF INF INF INF INF INF INF INF INF INF INF INF INF INF INF INF INF INF INF INF INF INF INF INF INF INF INF INF INF INF INF INF INF INF INF INF INF INF INF INF INF INF INF INF INF INF INF INF INF INF INF INF INF 0 19 20 43 61 83 101 106 119 140 42 45 48 56 60 62 62 65 86 62 78 97 104 30 49 51 61 74 79 34 38 30 40 43 65 74 52 53 65 52 50 59 57 50 65 62 58 49 71 77 85 92 71 80 65 81 65 47 72 62 63 24 30 37 42 33 36 38 52 69 37 60 61 27 45 49 49 61 33 40 39 48 36 32 48 54 51 26 41 65 38 41 50 55 31 32 31 36 40 46 54 73 36 43 52 32 53 52 46 41 44 37 60 76 54 46 54 50 39 41 38 16 31 54 43 58 62 47 48 49 47 12 27 28 38 38 51 46 45 52 55 41 24 34 31 48 46 50 44 31 43 34 33 53 4 18 20 40 30 25 32 34 40 53 20 27 37 40 48 29 42 50 26 28 46 46 34 33 40 38 45 34 28 44 34 46 9 19 24 37 4 27 33 33 37 9 26 28 30 34 11 12 18 31 16 29 14 17 18 31 20 11 16 38 31 24 12 23 16 14 14 30 23 21 19 10 12 30 33 19 16 18 18 19 29 21 20 26 20 34 35 19 15 19 6 19 21 21 19 16 18 18 14 27 30 15 20 21 22 19 19 20 18 16 24 21 23 24 20 21 20 23 17 24 19 24 14 17 8 13 15 12 19 21 16 9 14 16 20 18 17 19
INF INF INF INF INF INF INF INF INF INF INF INF INF INF INF INF INF INF INF INF INF INF INF INF INF INF INF INF INF INF INF INF INF INF INF INF INF INF INF INF INF INF INF INF INF INF INF INF INF INF INF INF INF INF INF INF INF INF INF INF INF INF INF INF INF INF INF INF INF INF INF INF INF INF INF INF INF INF INF INF INF INF INF INF INF INF INF INF INF INF INF INF INF INF INF INF INF INF INF INF INF INF INF INF INF INF INF INF INF INF INF INF INF INF INF INF INF INF INF INF INF INF INF INF INF INF INF INF INF INF INF INF INF INF INF INF INF INF INF INF INF INF INF INF INF INF INF INF INF INF INF INF INF INF INF INF INF INF INF INF INF INF INF INF INF INF INF INF INF INF INF INF INF INF INF INF INF INF INF INF INF INF INF INF INF INF INF INF INF INF INF INF INF INF INF INF INF INF INF INF INF INF INF INF INF INF INF INF INF 0 1 24 42 64 82 87 100 121 23 26 29 37 41 43 43 46 67 43 59 78 85 11 30 32 42 55 60 15 19 11 21 24 46 55 33 34 46 33 31 40 38 31 46 43 39 30 52 58 66 73 52 61 46 62 46 28 53 43 44 5 11 18 23 14 17 19 33 50 18 41 42 8 26 30 30 42 14 21 20 29 17 13 29 35 32 7 22 46 19 22 31 36 12 13 12 17 21 27 35 54 17 24 33 13 34 33 27 22 25 18 41 57 35 27 35 31 20 22 19 12 15 38 24 39 43 28 29 30 28 14 21 22 31 19 32 27 26 33 36 22 26 15 17 29 27 31 25 27 31 18 14 34 36 18 20 28 20 26 16 18 31 34 22 17 38 40 32 18 31 31 7 15 33 30 23 30 21 19 26 15 9 25 15 27 18 28 19 29 16 32 23 16 33 17 27 17 19 18 19 20 26 21 21 19 13 15 16 12 16 20 20 20 27 23 21 29 26 21 13 17 12 8 21 17 10 23 20 3 14 7 22 18 16 19 12 26 25 21 16 25 5 9 18 9 14 19 9 18 3 13 9 18 18 13 12 13 23 17 8 9 13 8 16 16 21 19 13 14 18 18 13 16 17 19 13 15 8 14 13 12 14 21 16 15 15 16 20 4 16 13
INF INF INF INF INF INF INF INF INF INF INF INF INF INF INF INF INF INF INF INF INF INF INF INF INF INF INF INF INF INF INF INF INF INF INF INF INF INF INF INF INF INF INF INF INF INF INF INF INF INF INF INF INF INF INF INF INF INF INF INF INF INF INF INF INF INF INF INF INF INF INF INF INF INF INF INF INF INF INF INF INF INF INF INF INF INF INF INF INF INF INF INF INF INF INF INF INF INF INF INF INF INF INF INF INF INF INF INF INF INF INF INF INF INF INF INF INF INF INF INF INF INF INF INF INF INF INF INF INF INF INF INF INF INF INF INF INF INF INF INF INF INF INF INF INF INF INF INF INF INF INF INF INF INF INF INF INF INF INF INF INF INF INF INF INF INF INF INF INF INF INF INF INF INF INF INF INF INF INF INF INF INF INF INF INF INF INF INF INF INF INF INF INF INF INF INF INF INF INF INF INF INF INF INF INF INF INF INF INF INF 0 23 41 63 81 86 99 120 143 91 94 102 106 108 42 45 66 73 87 106 84 10 29 31 41 54 59 14 18 10 20 23 45 54 32 33 45 32 30 39 40 30 49 42 38 29 51 57 65 72 51 68 45 61 45 33 58 55 56 4 10 17 22 13 16 18 32 49 17 40 41 7 25 29 29 41 13 20 19 28 16 12 28 34 31 51 46 51 18 21 30 35 45 39 11 16 20 26 34 53 16 23 32 37 45 32 26 21 24 38 42 56 34 26 34 30 19 31 18 11 14 37 35 45 49 41 28 29 37 13 20 21 30 18 31 26 25 32 35 21 25 40 16 28 43 30 24 26 30 17 13 33 35 17 19 27 19 26 24 26 30 33 21 16 38 41 31 29 32 30 6 14 32 37 22 29 20 21 25 14 8 24 31 26 19 29 18 30 15 31 22 15 32 16 27 16 18 17 18 19 25 22 23 18 12 15 16 19 15 21 19 19 26 22 22 28 25 24 12 16 11 7 20 16 22 25 21 13 14 13 21 17 23 19 22 28 24 20 18 34 15 19 17 19 16 19 19 17 2 17 15 25 17 19 15 16 26 20 14 8 14 7 15 17 28 18 12 13 18 17 12 16 21 18 12 15 7 13 12 11 13 20 15 16 17 15 19 14 16 12
INF INF INF INF INF INF INF INF INF INF INF INF INF INF INF INF INF INF INF INF INF INF INF INF INF INF INF INF INF INF INF INF INF INF INF INF INF INF INF INF INF INF INF INF INF INF INF INF INF INF INF INF INF INF INF INF INF INF INF INF INF INF INF INF INF INF INF INF INF INF INF INF INF INF INF INF INF INF INF INF INF INF INF INF INF INF INF INF INF INF INF INF INF INF INF INF INF INF INF INF INF INF INF INF INF INF INF INF INF INF INF INF INF INF INF INF INF INF INF INF INF INF INF INF INF INF INF INF INF INF INF INF INF INF INF INF INF INF INF INF INF INF INF INF INF INF INF INF INF INF INF INF INF INF INF INF INF INF INF INF INF INF INF INF INF INF INF INF INF INF INF INF INF INF INF INF INF INF INF INF INF INF INF INF INF INF INF INF INF INF INF INF INF INF INF INF INF INF INF INF INF INF INF INF INF INF INF INF INF INF INF 0 18 40 58 63 76 97 120 68 71 79 83 85 19 22 43 50 64 83 61 68 75 66 76 89 94 110 47 60 70 73 95 94 61 10 22 34 51 60 61 44 63 56 44 66 87 38 46 53 28 45 58 63 51 23 48 32 33 43 49 24 34 39 42 43 34 51 8 22 23 31 49 41 41 44 42 49 57 36 46 17 33 47 42 28 43 53 45 39 27 50 37 38 50 29 35 42 63 55 45 49 44 23 22 41 41 46 44 28 50 44 46 17 25 16 24 14 39 23 38 41 30 45 49 39 51 40 36 22 31 32 42 47 35 11 20 27 40 12 34 36 21 34 25 35 54 35 43 38 34 48 30 17 19 25 29 35 26 28 35 32 26 30 37 40 25 28 26 30 13 21 35 31 38 18 11 12 28 30 27 20 37 26 26 33 33 37 19 26 19 19 36 24 36 37 21 26 10 11 17 25 28 22 27 30 22 21 25 28 28 30 41 25 29 5 18 19 17 23 25 22 12 13 15 15 18 18 15 13 12 24 25 21 23 30 15 23 32 27 18 22 21 22 14 19 11 25 21 13 15 16 24 18 14 15 22 20 14 18 21 14 22 16 26 19 15 16 22 23 19 18 23 25 17 16 21 12 16 22 15 24 17 18 17 18 22 18 23 19
INF INF INF INF INF INF INF INF INF INF INF INF INF INF INF INF INF INF INF INF INF INF INF INF INF INF INF INF INF INF INF INF INF INF INF INF INF INF INF INF INF INF INF INF INF INF INF INF INF INF INF INF INF INF INF INF INF INF INF INF INF INF INF INF INF INF INF INF INF INF INF INF INF INF INF INF INF INF INF INF INF INF INF INF INF INF INF INF INF INF INF INF INF INF INF INF INF INF INF INF INF INF INF INF INF INF INF INF INF INF INF INF INF INF INF INF INF INF INF INF INF INF INF INF INF INF INF INF INF INF INF INF INF INF INF INF INF INF INF INF INF INF INF INF INF INF INF INF INF INF INF INF INF INF INF INF INF INF INF INF INF INF INF INF INF INF INF INF INF INF INF INF INF INF INF INF INF INF INF INF INF INF INF INF INF INF INF INF INF INF INF INF INF INF INF INF INF INF INF INF INF INF INF INF INF INF INF INF INF INF INF INF 0 22 40 45 58 79 102 50 53 61 65 67 78 20 41 48 46 65 43 50 57 48 58 71 76 92 45 58 68 71 93 76 59 21 33 45 62 71 72 42 61 54 48 49 69 49 57 64 26 43 41 62 55 28 53 43 44 54 60 67 32 37 40 42 60 77 56 33 34 42 53 52 39 42 24 31 50 47 56 44 60 59 40 62 66 59 56 45 25 48 19 20 32 27 40 47 45 66 27 42 42 33 4 26 30 41 42 38 61 26 34 46 54 27 35 22 29 32 39 58 35 50 54 52 55 38 47 4 19 20 30 35 17 33 36 43 36 52 16 31 23 17 28 46 54 23 26 37 32 53 34 26 26 30 22 17 24 26 32 38 31 23 19 22 30 21 31 41 35 35 41 38 26 29 37 19 35 27 26 42 22 44 25 31 36 23 7 24 38 25 34 12 18 26 27 28 5 6 12 25 28 27 25 28 29 30 32 27 15 27 24 23 28 17 23 13 26 33 22 18 13 8 16 23 23 23 20 17 15 27 32 26 18 25 23 31 23 31 13 17 9 17 15 20 17 30 22 20 18 24 26 10 15 16 21 23 18 18 21 11 19 23 25 20 22 22 23 22 23 24 9 22 22 19 11 7 11 14 14 15 19 19 20 18 17 14 20 16
INF INF INF INF INF INF INF INF INF INF INF INF INF INF INF INF INF INF INF INF INF INF INF INF INF INF INF INF INF INF INF INF INF INF INF INF INF INF INF INF INF INF INF INF INF INF INF INF INF INF INF INF INF INF INF INF INF INF INF INF INF INF INF INF INF INF INF INF INF INF INF INF INF INF INF INF INF INF INF INF INF INF INF INF INF INF INF INF INF INF INF INF INF INF INF INF INF INF INF INF INF INF INF INF INF INF INF INF INF INF INF INF INF INF INF INF INF INF INF INF INF INF INF INF INF INF INF INF INF INF INF INF INF INF INF INF INF INF INF INF INF INF INF INF INF INF INF INF INF INF INF INF INF INF INF INF INF INF INF INF INF INF INF INF INF INF INF INF INF INF INF INF INF INF INF INF INF INF INF INF INF INF INF INF INF INF INF INF INF INF INF INF INF INF INF INF INF INF INF INF INF INF INF INF INF INF INF INF INF INF INF INF INF 0 18 23 36 57 80 28 31 39 43 45 56 59 80 45 24 43 21 28 35 26 36 49 54 70 74 57 53 56 78 54 40 44 56 35 52 58 59 51 48 55 26 27 47 68 76 83 65 39 19 40 33 46 71 45 46 56 62 61 43 48 35 37 46 63 34 56 57 51 48 54 50 31 2 9 28 37 34 55 71 43 20 42 44 65 61 40 49 72 42 43 29 34 47 35 23 47 5 20 33 45 43 53 49 57 66 50 44 4 12 24 32 38 37 21 7 10 25 36 38 33 37 30 42 20 26 17 32 33 42 47 42 42 14 21 14 30 29 30 11 33 6 28 42 21 33 25 38 53 47 16 18 8 12 27 33 21 25 16 9 16 22 25 29 11 24 32 34 17 35 24 17 31 27 18 32 20 29 32 35 44 13 23 28 26 17 38 31 24 30 22 28 32 21 26 24 25 20 21 11 24 18 21 22 8 14 15 25 25 30 25 16 25 21 13 18 19 24 16 19 19 16 22 16 9 20 13 20 23 12 15 18 19 27 27 27 26 11 15 16 15 12 17 15 20 14 17 14 14 16 19 13 14 22 19 14 16 9 20 26 20 3 4 16 8 14 20 11 10 7 9 18 15 11 15 8 12 13 12 16 11 16 16 12 10 17 7
INF INF INF INF INF INF INF INF INF INF INF INF INF INF INF INF INF INF INF INF INF INF INF INF INF INF INF INF INF INF INF INF INF INF INF INF INF INF INF INF INF INF INF INF INF INF INF INF INF INF INF INF INF INF INF INF INF INF INF INF INF INF INF INF INF INF INF INF INF INF INF INF INF INF INF INF INF INF INF INF INF INF INF INF INF INF INF INF INF INF INF INF INF INF INF INF INF INF INF INF INF INF INF INF INF INF INF INF INF INF INF INF INF INF INF INF INF INF INF INF INF INF INF INF INF INF INF INF INF INF INF INF INF INF INF INF INF INF INF INF INF INF INF INF INF INF INF INF INF INF INF INF INF INF INF INF INF INF INF INF INF INF INF INF INF INF INF INF INF INF INF INF INF INF INF INF INF INF INF INF INF INF INF INF INF INF INF INF INF INF INF INF INF INF INF INF INF INF INF INF INF INF INF INF INF INF INF INF INF INF INF INF INF INF 0 5 18 39 62 10 13 21 25 27 38 41 62 27 6 25 34 41 17 8 18 31 36 52 56 39 35 38 60 36 22 26 38 47 45 40 41 33 30 37 8 30 29 50 58 65 47 45 22 38 15 28 53 27 28 38 44 43 25 30 17 19 28 45 16 38 39 33 30 36 32 44 47 39 51 52 39 37 53 42 37 46 47 47 43 22 33 56 24 25 37 35 45 29 51 68 50 24 35 27 25 35 31 39 50 32 50 52 37 34 42 32 36 30 32 35 30 18 23 15 19 12 24 21 32 33 21 22 24 29 42 38 21 28 39 20 16 31 25 33 22 31 31 27 29 24 20 35 36 21 23 24 25 17 24 26 20 28 11 18 25 28 32 21 33 14 26 19 18 31 11 26 19 20 35 34 17 14 27 34 29 26 22 31 27 20 14 20 25 30 18 26 22 21 26 23 29 36 13 12 19 19 20 29 20 18 12 29 12 20 19 21 19 10 18 21 19 23 23 21 23 24 25 19 22 14 20 24 29 23 26 20 23 23 28 27 19 23 13 23 21 23 17 17 16 21 16 26 15 26 17 18 16 7 15 19 19 27 27 19 16 17 23 10 22 17 13 13 13 15 20 23 15 14 20 14 18 10 19 17 21 18 15 14 17 17
INF INF INF INF INF INF INF INF INF INF INF INF INF INF INF INF INF INF INF INF INF INF INF INF INF INF INF INF INF INF INF INF INF INF INF INF INF INF INF INF INF INF INF INF INF INF INF INF INF INF INF INF INF INF INF INF INF INF INF INF INF INF INF INF INF INF INF INF INF INF INF INF INF INF INF INF INF INF INF INF INF INF INF INF INF INF INF INF INF INF INF INF INF INF INF INF INF INF INF INF INF INF INF INF INF INF INF INF INF INF INF INF INF INF INF INF INF INF INF INF INF INF INF INF INF INF INF INF INF INF INF INF INF INF INF INF INF INF INF INF INF INF INF INF INF INF INF INF INF INF INF INF INF INF INF INF INF INF INF INF INF INF INF INF INF INF INF INF INF INF INF INF INF INF INF INF INF INF INF INF INF INF INF INF INF INF INF INF INF INF INF INF INF INF INF INF INF INF INF INF INF INF INF INF INF INF INF INF INF INF INF INF INF INF INF 0 13 34 57 5 8 16 20 22 33 36 57 22 38 57 66 73 12 3 13 26 31 47 51 34 30 33 55 31 51 37 49 42 40 35 36 28 25 32 30 39 24 45 53 60 42 40 44 33 37 43 68 22 23 33 39 38 20 25 28 30 23 40 39 49 47 28 41 31 27 48 42 34 46 47 34 41 57 37 32 41 56 42 38 33 28 51 19 20 32 30 40 24 46 63 45 35 30 33 20 30 34 34 45 38 45 47 32 33 41 42 32 38 35 35 28 40 44 37 41 7 19 16 27 28 26 27 19 24 37 33 16 23 34 21 11 26 30 33 17 42 38 32 33 19 35 42 41 16 18 19 23 12 19 21 27 45 21 28 24 27 35 16 29 36 27 27 13 26 12 27 26 27 30 31 24 19 22 32 24 34 17 28 22 15 31 19 32 25 13 21 17 16 21 22 28 35 23 7 16 19 20 34 24 23 7 29 14 15 19 28 14 19 23 25 14 18 19 24 18 31 20 20 17 16 20 19 24 19 24 24 28 32 23 30 18 22 22 22 16 18 15 18 20 20 18 27 17 21 12 13 16 19 17 21 18 22 25 23 11 12 18 16 20 17 15 18 15 16 22 18 14 9 19 14 16 15 19 17 20 18 20 19 22 15
INF INF INF INF INF INF INF INF INF INF INF INF INF INF INF INF INF INF INF INF INF INF INF INF INF INF INF INF INF INF INF INF INF INF INF INF INF INF INF INF INF INF INF INF INF INF INF INF INF INF INF INF INF INF INF INF INF INF INF INF INF INF INF INF INF INF INF INF INF INF INF INF INF INF INF INF INF INF INF INF INF INF INF INF INF INF INF INF INF INF INF INF INF INF INF INF INF INF INF INF INF INF INF INF INF INF INF INF INF INF INF INF INF INF INF INF INF INF INF INF INF INF INF INF INF INF INF INF INF INF INF INF INF INF INF INF INF INF INF INF INF INF INF INF INF INF INF INF INF INF INF INF INF INF INF INF INF INF INF INF INF INF INF INF INF INF INF INF INF INF INF INF INF INF INF INF INF INF INF INF INF INF INF INF INF INF INF INF INF INF INF INF INF INF INF INF INF INF INF INF INF INF INF INF INF INF INF INF INF INF INF INF INF INF INF INF 0 21 44 47 22 30 7 9 20 23 44 36 52 71 80 87 26 44 54 67 72 34 38 48 17 20 42 51 38 24 36 29 27 22 23 35 39 29 17 26 48 52 60 67 29 46 31 20 24 30 55 9 10 20 26 25 34 39 42 19 10 27 26 36 37 15 30 18 34 38 29 36 33 42 41 28 44 24 23 28 43 29 25 22 28 51 33 34 29 30 27 34 50 50 32 34 31 34 54 44 24 21 40 39 32 34 32 23 31 30 19 28 25 28 30 27 32 24 28 45 48 35 14 21 13 14 19 24 37 20 29 36 27 30 25 36 17 26 31 31 31 19 20 28 29 29 28 3 5 25 29 26 21 16 31 33 20 22 34 28 32 30 33 23 18 26 28 23 20 18 19 20 28 22 16 23 36 34 28 31 26 15 15 27 18 19 26 20 20 16 18 23 22 23 23 26 11 19 20 11 12 23 29 23 18 19 33 22 24 28 24 21 20 19 11 12 6 21 9 24 26 16 13 11 20 25 24 15 23 24 23 31 30 24 13 17 17 17 8 13 17 15 15 13 11 19 16 12 11 12 23 6 12 15 19 13 21 16 17 18 15 9 13 16 12 12 12 23 17 14 13 16 16 16 9 15 15 12 14 16 20 12 22 3
INF INF INF INF INF INF INF INF INF INF INF INF INF INF INF INF INF INF INF INF INF INF INF INF INF INF INF INF INF INF INF INF INF INF INF INF INF INF INF INF INF INF INF INF INF INF INF INF INF INF INF INF INF INF INF INF INF INF INF INF INF INF INF INF INF INF INF INF INF INF INF INF INF INF INF INF INF INF INF INF INF INF INF INF INF INF INF INF INF INF INF INF INF INF INF INF INF INF INF INF INF INF INF INF INF INF INF INF INF INF INF INF INF INF INF INF INF INF INF INF INF INF INF INF INF INF INF INF INF INF INF INF INF INF INF INF INF INF INF INF INF INF INF INF INF INF INF INF INF INF INF INF INF INF INF INF INF INF INF INF INF INF INF INF INF INF INF INF INF INF INF INF INF INF INF INF INF INF INF INF INF INF INF INF INF INF INF INF INF INF INF INF INF INF INF INF INF INF INF INF INF INF INF INF INF INF INF INF INF INF INF INF INF INF INF INF INF 0 23 26 29 37 41 43 54 57 78 43 59 78 87 94 33 51 61 74 79 68 72 55 51 54 76 79 72 58 70 63 61 1 2 14 33 26 31 53 62 83 91 98 63 61 45 66 38 28 53 43 44 54 60 59 23 28 31 33 44 61 60 70 71 49 44 12 30 51 61 68 67 30 41 23 39 53 35 57 70 63 19 36 31 54 40 41 53 33 21 28 50 74 38 28 10 28 49 33 3 14 33 33 11 32 18 24 32 38 8 9 4 7 22 14 19 34 38 28 40 34 43 49 35 36 13 18 27 28 37 41 6 22 32 27 8 5 21 25 44 8 20 22 38 34 42 11 4 17 11 33 31 22 22 22 15 11 25 28 26 29 27 30 15 23 35 21 33 17 19 20 7 17 22 28 16 36 27 30 29 11 26 20 26 13 27 20 13 24 20 25 13 14 20 18 17 15 13 15 12 5 11 17 1 15 12 9 18 23 22 15 25 20 8 6 4 16 7 10 11 14 10 10 17 13 3 6 14 15 19 12 17 18 16 18 10 20 6 11 14 17 13 11 8 11 15 10 6 7 20 14 11 15 6 11 19 14 18 14 13 8 11 9 8 11 20 11 15 11 8 3 14 12 4 13 11 8 12 13 9 7 14 13
INF INF INF INF INF INF INF INF INF INF INF INF INF INF INF INF INF INF INF INF INF INF INF INF INF INF INF INF INF INF INF INF INF INF INF INF INF INF INF INF INF INF INF INF INF INF INF INF INF INF INF INF INF INF INF INF INF INF INF INF INF INF INF INF INF INF INF INF INF INF INF INF INF INF INF INF INF INF INF INF INF INF INF INF INF INF INF INF INF INF INF INF INF INF INF INF INF INF INF INF INF INF INF INF INF INF INF INF INF INF INF INF INF INF INF INF INF INF INF INF INF INF INF INF INF INF INF INF INF INF INF INF INF INF INF INF INF INF INF INF INF INF INF INF INF INF INF INF INF INF INF INF INF INF INF INF INF INF INF INF INF INF INF INF INF INF INF INF INF INF INF INF INF INF INF INF INF INF INF INF INF INF INF INF INF INF INF INF INF INF INF INF INF INF INF INF INF INF INF INF INF INF INF INF INF INF INF INF INF INF INF INF INF INF INF INF INF INF 0 3 6 14 18 20 31 34 55 20 36 55 64 71 10 28 38 51 56 45 49 32 28 31 53 56 49 35 47 40 38 47 15 26 23 30 28 37 39 60 68 75 40 38 42 49 35 5 30 20 21 31 37 36 35 40 43 30 21 38 37 47 48 26 41 29 42 49 40 47 44 7 18 21 37 35 34 39 54 40 36 33 34 57 17 18 30 35 38 45 61 61 15 30 43 31 45 45 42 43 46 36 21 42 47 31 39 41 21 37 39 33 26 27 8 23 27 5 17 13 25 26 24 25 30 34 39 12 14 18 28 19 9 24 25 38 15 40 42 30 31 17 39 40 39 18 20 17 21 10 17 19 25 34 31 27 22 25 33 14 27 31 14 22 36 24 10 25 30 31 20 28 11 17 20 29 22 32 9 23 20 13 20 19 30 25 11 13 14 14 23 24 30 31 22 5 14 17 18 32 21 12 5 22 20 13 13 26 12 15 15 22 12 16 21 18 16 30 18 18 6 13 18 17 19 17 22 22 17 22 21 28 15 19 18 19 16 11 19 7 13 18 15 27 19 19 10 11 14 20 14 18 16 15 23 20 9 10 16 14 14 15 13 16 13 14 15 7 12 7 15 12 14 18 8 11 9 9 13 11 20 11
INF INF INF INF INF INF INF INF INF INF INF INF INF INF INF INF INF INF INF INF INF INF INF INF INF INF INF INF INF INF INF INF INF INF INF INF INF INF INF INF INF INF INF INF INF INF INF INF INF INF INF INF INF INF INF INF INF INF INF INF INF INF INF INF INF INF INF INF INF INF INF INF INF INF INF INF INF INF INF INF INF INF INF INF INF INF INF INF INF INF INF INF INF INF INF INF INF INF INF INF INF INF INF INF INF INF INF INF INF INF INF INF INF INF INF INF INF INF INF INF INF INF INF INF INF INF INF INF INF INF INF INF INF INF INF INF INF INF INF INF INF INF INF INF INF INF INF INF INF INF INF INF INF INF INF INF INF INF INF INF INF INF INF INF INF INF INF INF INF INF INF INF INF INF INF INF INF INF INF INF INF INF INF INF INF INF INF INF INF INF INF INF INF INF INF INF INF INF INF INF INF INF INF INF INF INF INF INF INF INF INF INF INF INF INF INF INF INF INF 0 3 11 15 17 28 31 52 17 33 52 61 68 7 25 35 48 53 42 46 29 25 28 50 53 46 32 44 37 35 44 45 23 20 27 25 34 36 57 65 72 37 35 39 46 32 38 63 17 18 28 34 33 32 37 40 27 18 35 34 44 45 23 38 26 39 46 37 44 41 50 29 36 52 32 31 36 51 37 33 30 36 59 14 15 27 32 35 42 58 58 40 42 40 28 42 42 39 40 43 33 45 42 44 28 36 38 27 36 36 30 23 35 39 32 36 2 14 11 22 23 21 22 27 31 36 28 11 18 33 16 6 21 25 41 12 37 39 27 28 14 36 37 36 19 21 14 18 7 14 16 22 40 28 33 19 22 30 11 24 31 24 25 35 21 7 22 27 28 25 26 19 14 17 27 19 29 12 23 17 10 26 16 27 22 8 16 12 11 20 21 27 30 19 2 11 14 15 29 19 21 2 24 17 10 22 23 9 14 18 20 9 13 22 21 13 27 15 15 12 11 15 14 19 14 19 19 23 27 18 25 13 17 17 17 13 13 17 13 15 15 13 24 16 16 7 8 11 17 12 16 13 17 20 18 6 7 13 11 15 12 10 13 10 11 19 13 9 4 14 9 11 15 14 12 15 13 17 14 20 10
INF INF INF INF INF INF INF INF INF INF INF INF INF INF INF INF INF INF INF INF INF INF INF INF INF INF INF INF INF INF INF INF INF INF INF INF INF INF INF INF INF INF INF INF INF INF INF INF INF INF INF INF INF INF INF INF INF INF INF INF INF INF INF INF INF INF INF INF INF INF INF INF INF INF INF INF INF INF INF INF INF INF INF INF INF INF INF INF INF INF INF INF INF INF INF INF INF INF INF INF INF INF INF INF INF INF INF INF INF INF INF INF INF INF INF INF INF INF INF INF INF INF INF INF INF INF INF INF INF INF INF INF INF INF INF INF INF INF INF INF INF INF INF INF INF INF INF INF INF INF INF INF INF INF INF INF INF INF INF INF INF INF INF INF INF INF INF INF INF INF INF INF INF INF INF INF INF INF INF INF INF INF INF INF INF INF INF INF INF INF INF INF INF INF INF INF INF INF INF INF INF INF INF INF INF INF INF INF INF INF INF INF INF INF INF INF INF INF INF INF 0 8 12 14 25 28 49 14 30 49 58 65 4 22 32 45 50 39 43 26 22 25 47 50 43 29 41 34 32 41 42 20 17 24 22 31 33 54 62 69 34 32 36 43 29 35 60 14 15 25 31 30 29 34 37 24 15 32 31 41 42 20 35 23 36 43 34 41 38 47 26 33 49 29 28 33 48 34 30 27 33 56 11 12 24 29 32 39 55 55 37 39 37 25 39 39 36 37 40 30 42 39 41 25 33 35 24 33 33 27 20 32 36 29 33 37 49 30 19 20 18 19 24 28 33 25 8 15 30 13 3 18 22 38 9 34 36 24 25 11 33 34 33 27 25 11 15 4 11 13 19 37 25 30 16 19 27 8 21 28 21 22 32 25 4 19 24 25 22 23 16 11 14 24 16 26 26 20 14 7 23 13 24 19 5 20 22 8 17 18 24 27 16 16 8 11 12 26 17 18 15 21 30 23 19 20 20 11 15 24 22 10 20 20 10 24 12 12 14 13 23 13 16 11 18 16 26 24 15 23 10 14 14 14 10 15 14 10 13 14 12 21 13 13 9 10 8 14 14 15 11 14 22 16 21 9 10 11 14 9 14 14 18 8 18 15 16 17 11 6 10 17 16 9 14 10 14 11 17 11
INF INF INF INF INF INF INF INF INF INF INF INF INF INF INF INF INF INF INF INF INF INF INF INF INF INF INF INF INF INF INF INF INF INF INF INF INF INF INF INF INF INF INF INF INF INF INF INF INF INF INF INF INF INF INF INF INF INF INF INF INF INF INF INF INF INF INF INF INF INF INF INF INF INF INF INF INF INF INF INF INF INF INF INF INF INF INF INF INF INF INF INF INF INF INF INF INF INF INF INF INF INF INF INF INF INF INF INF INF INF INF INF INF INF INF INF INF INF INF INF INF INF INF INF INF INF INF INF INF INF INF INF INF INF INF INF INF INF INF INF INF INF INF INF INF INF INF INF INF INF INF INF INF INF INF INF INF INF INF INF INF INF INF INF INF INF INF INF INF INF INF INF INF INF INF INF INF INF INF INF INF INF INF INF INF INF INF INF INF INF INF INF INF INF INF INF INF INF INF INF INF INF INF INF INF INF INF INF INF INF INF INF INF INF INF INF INF INF INF INF INF 0 4 6 17 20 41 6 22 41 50 57 76 78 88 101 106 31 35 18 14 17 39 48 35 21 33 26 24 33 34 42 61 26 14 23 25 46 54 61 26 24 28 35 21 27 52 6 7 17 23 22 31 36 33 16 7 24 23 33 34 12 27 15 31 35 26 33 30 39 38 25 41 21 20 25 40 26 22 19 25 48 39 40 26 25 24 31 47 47 29 31 29 31 51 41 28 29 32 36 47 31 36 17 25 27 16 25 25 19 27 24 29 21 25 39 45 32 11 18 10 11 16 21 34 17 26 33 38 24 26 33 14 30 1 26 28 16 17 25 26 26 25 19 17 3 7 22 18 16 28 29 17 22 27 25 27 26 28 20 15 23 25 20 17 29 16 17 19 19 13 3 27 31 8 18 23 12 12 24 20 16 23 17 17 13 15 20 19 20 26 23 8 16 13 8 9 20 9 10 15 16 25 17 11 27 21 13 7 16 22 12 18 17 11 21 23 17 15 17 15 18 24 12 20 21 20 28 27 26 10 14 14 14 19 20 14 12 5 14 13 24 13 14 14 13 5 11 18 11 8 15 19 8 14 15 15 14 10 6 17 12 17 11 13 15 10 16 3 14 7 15 14 6 11 12 16 8 16 6
INF INF INF INF INF INF INF INF INF INF INF INF INF INF INF INF INF INF INF INF INF INF INF INF INF INF INF INF INF INF INF INF INF INF INF INF INF INF INF INF INF INF INF INF INF INF INF INF INF INF INF INF INF INF INF INF INF INF INF INF INF INF INF INF INF INF INF INF INF INF INF INF INF INF INF INF INF INF INF INF INF INF INF INF INF INF INF INF INF INF INF INF INF INF INF INF INF INF INF INF INF INF INF INF INF INF INF INF INF INF INF INF INF INF INF INF INF INF INF INF INF INF INF INF INF INF INF INF INF INF INF INF INF INF INF INF INF INF INF INF INF INF INF INF INF INF INF INF INF INF INF INF INF INF INF INF INF INF INF INF INF INF INF INF INF INF INF INF INF INF INF INF INF INF INF INF INF INF INF INF INF INF INF INF INF INF INF INF INF INF INF INF INF INF INF INF INF INF INF INF INF INF INF INF INF INF INF INF INF INF INF INF INF INF INF INF INF INF INF INF INF INF 0 2 13 16 37 44 60 79 88 95 114 116 126 139 144 27 31 44 10 13 35 44 31 17 29 22 20 29 30 38 57 22 10 19 41 45 53 60 22 39 24 45 17 23 48 2 3 13 19 18 27 32 35 12 3 20 19 29 30 8 23 11 27 31 22 29 26 35 34 21 37 17 16 21 36 22 18 15 21 44 35 36 22 23 20 27 43 43 25 27 25 27 47 37 24 35 38 32 43 27 32 16 24 23 12 21 21 22 23 20 25 17 21 38 41 28 7 14 6 7 12 17 30 13 22 29 34 23 22 29 10 26 24 24 24 12 13 21 22 22 21 15 13 26 26 23 14 16 24 26 13 18 27 21 25 27 26 16 11 19 21 16 13 25 12 13 24 15 9 16 37 27 21 24 19 8 8 20 16 12 19 13 13 9 11 16 15 16 22 19 4 12 13 4 5 16 22 16 11 12 26 15 17 23 17 14 13 12 18 8 14 14 17 17 19 13 16 15 13 18 20 8 16 17 16 24 23 22 6 10 10 10 15 16 10 8 14 14 9 20 9 20 10 11 18 18 14 8 15 12 20 13 10 11 16 15 6 19 13 13 14 16 12 17 11 13 16 14 16 12 18 12 7 18 17 8 17 12
INF INF INF INF INF INF INF INF INF INF INF INF INF INF INF INF INF INF INF INF INF INF INF INF INF INF INF INF INF INF INF INF INF INF INF INF INF INF INF INF INF INF INF INF INF INF INF INF INF INF INF INF INF INF INF INF INF INF INF INF INF INF INF INF INF INF INF INF INF INF INF INF INF INF INF INF INF INF INF INF INF INF INF INF INF INF INF INF INF INF INF INF INF INF INF INF INF INF INF INF INF INF INF INF INF INF INF INF INF INF INF INF INF INF INF INF INF INF INF INF INF INF INF INF INF INF INF INF INF INF INF INF INF INF INF INF INF INF INF INF INF INF INF INF INF INF INF INF INF INF INF INF INF INF INF INF INF INF INF INF INF INF INF INF INF INF INF INF INF INF INF INF INF INF INF INF INF INF INF INF INF INF INF INF INF INF INF INF INF INF INF INF INF INF INF INF INF INF INF INF INF INF INF INF INF INF INF INF INF INF INF INF INF INF INF INF INF INF INF INF INF INF INF 0 11 14 35 42 58 77 86 93 112 114 124 137 142 25 29 42 40 43 65 74 43 15 27 39 50 59 60 36 55 20 8 30 52 43 51 58 20 37 22 43 15 22 47 37 35 45 51 16 25 30 33 10 26 43 17 27 28 36 21 44 32 36 38 45 25 34 33 37 39 15 14 20 35 45 50 13 19 42 39 40 20 21 34 32 54 60 41 35 35 26 45 35 22 33 36 31 48 50 31 35 31 21 27 19 23 26 38 18 23 15 19 39 39 32 5 24 16 17 27 32 45 32 33 40 33 21 20 28 20 24 22 22 22 22 28 19 20 20 22 25 11 24 24 21 23 25 32 25 11 18 25 28 23 25 24 14 27 19 19 14 11 23 10 11 22 22 17 14 35 35 25 25 23 6 21 18 14 20 28 15 22 23 25 25 17 18 24 17 2 10 14 17 18 20 20 18 16 10 30 24 19 29 17 21 16 21 17 21 17 16 20 15 18 11 16 15 11 19 19 21 19 20 14 23 31 25 13 17 23 17 15 20 17 17 16 12 7 19 16 23 8 9 16 22 16 18 19 24 21 15 23 22 14 15 20 17 18 18 14 15 16 17 17 17 14 14 14 10 18 17 12 18 15 12 17 17
INF INF INF INF INF INF INF INF INF INF INF INF INF INF INF INF INF INF INF INF INF INF INF INF INF INF INF INF INF INF INF INF INF INF INF INF INF INF INF INF INF INF INF INF INF INF INF INF INF INF INF INF INF INF INF INF INF INF INF INF INF INF INF INF INF INF INF INF INF INF INF INF INF INF INF INF INF INF INF INF INF INF INF INF INF INF INF INF INF INF INF INF INF INF INF INF INF INF INF INF INF INF INF INF INF INF INF INF INF INF INF INF INF INF INF INF INF INF INF INF INF INF INF INF INF INF INF INF INF INF INF INF INF INF INF INF INF INF INF INF INF INF INF INF INF INF INF INF INF INF INF INF INF INF INF INF INF INF INF INF INF INF INF INF INF INF INF INF INF INF INF INF INF INF INF INF INF INF INF INF INF INF INF INF INF INF INF INF INF INF INF INF INF INF INF INF INF INF INF INF INF INF INF INF INF INF INF INF INF INF INF INF INF INF INF INF INF INF INF INF INF INF INF INF 0 3 24 31 47 66 75 82 101 103 113 126 131 156 28 41 51 54 76 85 42 4 16 28 45 54 55 25 44 37 38 60 82 32 40 47 9 26 49 57 45 11 36 26 24 34 40 5 15 20 23 25 15 32 6 16 17 25 30 35 22 25 43 44 38 30 40 27 28 42 23 9 24 34 39 28 8 31 28 29 32 10 23 30 52 49 42 30 25 15 34 25 29 27 25 20 43 39 27 24 20 10 18 8 29 29 27 22 18 33 37 46 38 21 30 31 12 13 23 28 38 21 22 29 29 10 33 17 16 31 19 29 37 18 30 28 15 36 11 21 20 19 13 28 12 14 30 26 24 18 33 36 19 22 20 30 16 23 35 26 19 12 9 10 26 25 21 18 31 24 16 14 19 22 17 7 21 18 17 22 23 19 19 14 9 10 16 6 14 19 8 11 12 14 19 18 15 24 27 23 19 21 26 18 15 25 22 15 6 12 9 9 8 16 9 14 10 13 18 11 18 17 13 17 21 24 13 17 19 17 8 13 17 13 15 11 11 10 19 12 11 11 20 16 15 13 15 13 20 14 20 13 13 12 14 21 15 15 19 17 15 10 16 11 14 8 9 18 11 10 11 12 16 12 15 13
INF INF INF INF INF INF INF INF INF INF INF INF INF INF INF INF INF INF INF INF INF INF INF INF INF INF INF INF INF INF INF INF INF INF INF INF INF INF INF INF INF INF INF INF INF INF INF INF INF INF INF INF INF INF INF INF INF INF INF INF INF INF INF INF INF INF INF INF INF INF INF INF INF INF INF INF INF INF INF INF INF INF INF INF INF INF INF INF INF INF INF INF INF INF INF INF INF INF INF INF INF INF INF INF INF INF INF INF INF INF INF INF INF INF INF INF INF INF INF INF INF INF INF INF INF INF INF INF INF INF INF INF INF INF INF INF INF INF INF INF INF INF INF INF INF INF INF INF INF INF INF INF INF INF INF INF INF INF INF INF INF INF INF INF INF INF INF INF INF INF INF INF INF INF INF INF INF INF INF INF INF INF INF INF INF INF INF INF INF INF INF INF INF INF INF INF INF INF INF INF INF INF INF INF INF INF INF INF INF INF INF INF INF INF INF INF INF INF INF INF INF INF INF INF INF 0 21 28 44 63 72 79 98 100 110 123 128 153 25 38 48 51 73 82 39 1 13 25 42 51 52 22 41 34 35 57 79 29 37 44 6 23 46 54 42 8 33 23 24 34 40 47 12 17 20 22 40 57 47 13 14 22 33 32 19 22 43 41 49 27 37 24 40 39 20 42 57 39 36 25 5 28 38 39 29 7 20 27 49 46 39 27 22 13 31 22 26 37 22 18 41 62 24 36 44 7 15 5 26 27 24 45 15 30 34 54 35 18 27 28 24 25 33 25 35 27 19 26 26 38 40 49 28 28 16 26 34 30 34 25 12 33 39 33 17 16 10 28 16 18 33 23 29 15 30 33 16 19 17 27 22 27 32 30 31 9 18 19 23 29 18 27 28 36 19 11 16 28 25 4 18 16 14 19 27 20 19 24 6 7 13 26 15 16 5 8 9 17 16 19 12 21 24 20 20 18 23 15 22 27 19 12 3 9 6 6 5 13 6 13 16 10 20 8 15 17 20 14 18 21 10 14 17 14 5 10 14 10 12 9 8 7 16 9 8 8 19 13 14 10 17 10 17 12 17 10 11 9 11 19 12 12 16 14 13 7 13 8 11 5 6 15 8 7 8 9 13 9 12 10
INF INF INF INF INF INF INF INF INF INF INF INF INF INF INF INF INF INF INF INF INF INF INF INF INF INF INF INF INF INF INF INF INF INF INF INF INF INF INF INF INF INF INF INF INF INF INF INF INF INF INF INF INF INF INF INF INF INF INF INF INF INF INF INF INF INF INF INF INF INF INF INF INF INF INF INF INF INF INF INF INF INF INF INF INF INF INF INF INF INF INF INF INF INF INF INF INF INF INF INF INF INF INF INF INF INF INF INF INF INF INF INF INF INF INF INF INF INF INF INF INF INF INF INF INF INF INF INF INF INF INF INF INF INF INF INF INF INF INF INF INF INF INF INF INF INF INF INF INF INF INF INF INF INF INF INF INF INF INF INF INF INF INF INF INF INF INF INF INF INF INF INF INF INF INF INF INF INF INF INF INF INF INF INF INF INF INF INF INF INF INF INF INF INF INF INF INF INF INF INF INF INF INF INF INF INF INF INF INF INF INF INF INF INF INF INF INF INF INF INF INF INF INF INF INF INF 0 7 23 42 51 58 77 79 89 102 107 132 136 149 147 150 172 107 128 51 63 65 82 91 92 12 31 24 29 51 73 79 87 94 111 69 43 64 36 49 74 73 74 84 90 97 21 26 29 31 49 66 33 56 57 65 42 42 28 1 24 20 39 48 40 50 66 54 33 55 68 18 37 34 29 52 31 32 44 31 39 46 45 69 18 33 31 49 10 31 19 30 46 54 56 73 33 25 33 39 24 25 20 23 3 26 31 36 40 41 53 24 48 28 33 34 43 18 25 33 36 43 35 37 40 43 24 21 37 41 43 34 34 6 28 51 34 29 26 39 27 41 25 27 19 38 32 24 25 28 36 37 37 27 13 21 32 39 28 39 17 16 32 18 19 26 34 37 26 35 29 27 13 32 35 4 24 5 22 33 25 30 7 8 14 27 34 7 20 23 23 21 26 28 12 23 7 20 21 19 14 16 23 23 19 22 15 10 18 20 23 22 22 18 17 24 25 26 20 28 16 27 28 28 15 19 15 10 7 12 12 27 14 12 12 18 10 21 14 15 14 18 19 20 17 14 22 15 26 15 14 13 7 15 15 16 15 11 15 13 14 9 13 11 16 21 14 15 15 15 19 16 23 15
INF INF INF INF INF INF INF INF INF INF INF INF INF INF INF INF INF INF INF INF INF INF INF INF INF INF INF INF INF INF INF INF INF INF INF INF INF INF INF INF INF INF INF INF INF INF INF INF INF INF INF INF INF INF INF INF INF INF INF INF INF INF INF INF INF INF INF INF INF INF INF INF INF INF INF INF INF INF INF INF INF INF INF INF INF INF INF INF INF INF INF INF INF INF INF INF INF INF INF INF INF INF INF INF INF INF INF INF INF INF INF INF INF INF INF INF INF INF INF INF INF INF INF INF INF INF INF INF INF INF INF INF INF INF INF INF INF INF INF INF INF INF INF INF INF INF INF INF INF INF INF INF INF INF INF INF INF INF INF INF INF INF INF INF INF INF INF INF INF INF INF INF INF INF INF INF INF INF INF INF INF INF INF INF INF INF INF INF INF INF INF INF INF INF INF INF INF INF INF INF INF INF INF INF INF INF INF INF INF INF INF INF INF INF INF INF INF INF INF INF INF INF INF INF INF INF INF 0 16 35 44 51 70 72 82 95 100 125 129 142 140 143 165 100 121 44 56 58 75 84 85 86 105 98 68 50 72 72 80 87 104 62 66 82 75 78 103 66 67 77 83 90 89 94 27 29 47 64 26 49 50 58 40 63 86 54 57 64 70 63 52 75 91 82 75 85 67 66 70 32 51 74 71 72 52 53 62 69 75 79 60 34 55 50 71 93 41 52 68 55 77 71 56 44 52 50 46 47 42 45 40 63 47 62 66 66 78 64 63 59 31 32 42 39 52 62 55 62 58 30 47 62 35 43 52 41 41 37 47 43 58 45 46 40 42 54 49 48 18 20 40 44 41 48 54 57 42 45 43 49 29 29 41 32 38 52 13 14 30 40 44 22 46 44 42 51 51 41 37 58 33 37 45 42 29 38 37 42 44 44 50 46 43 26 37 40 24 23 28 38 30 45 45 36 38 41 33 20 19 31 37 27 40 31 43 18 21 27 34 20 14 26 26 24 25 32 17 37 34 29 29 31 23 32 18 23 22 38 24 23 22 29 26 38 25 26 24 22 21 25 24 30 38 26 35 32 23 24 26 25 27 24 28 37 27 34 26 26 29 27 26 34 27 22 20 31 30 27 26 25
INF INF INF INF INF INF INF INF INF INF INF INF INF INF INF INF INF INF INF INF INF INF INF INF INF INF INF INF INF INF INF INF INF INF INF INF INF INF INF INF INF INF INF INF INF INF INF INF INF INF INF INF INF INF INF INF INF INF INF INF INF INF INF INF INF INF INF INF INF INF INF INF INF INF INF INF INF INF INF INF INF INF INF INF INF INF INF INF INF INF INF INF INF INF INF INF INF INF INF INF INF INF INF INF INF INF INF INF INF INF INF INF INF INF INF INF INF INF INF INF INF INF INF INF INF INF INF INF INF INF INF INF INF INF INF INF INF INF INF INF INF INF INF INF INF INF INF INF INF INF INF INF INF INF INF INF INF INF INF INF INF INF INF INF INF INF INF INF INF INF INF INF INF INF INF INF INF INF INF INF INF INF INF INF INF INF INF INF INF INF INF INF INF INF INF INF INF INF INF INF INF INF INF INF INF INF INF INF INF INF INF INF INF INF INF INF INF INF INF INF INF INF INF INF INF INF INF INF 0 19 28 35 54 56 66 79 84 109 113 126 124 127 149 84 105 28 40 42 59 68 69 70 89 82 52 34 56 56 64 71 88 46 50 66 59 62 87 50 51 61 67 74 73 78 11 13 31 48 10 33 34 42 24 47 70 38 41 48 54 47 36 59 75 66 59 69 51 50 54 16 35 58 55 56 36 37 46 53 59 63 44 18 39 34 55 77 25 36 52 39 61 55 40 28 36 34 30 31 26 29 24 47 31 46 50 50 62 48 47 43 15 16 26 23 36 46 39 46 42 14 31 46 19 27 36 25 25 21 31 27 42 29 30 24 26 38 33 32 27 29 33 28 28 33 38 41 26 29 27 33 20 23 25 36 22 36 13 14 30 28 34 22 38 28 33 35 35 25 21 42 17 21 38 26 27 22 21 26 28 28 34 37 30 10 23 26 24 23 28 30 19 29 34 25 26 32 17 4 17 25 22 27 27 18 30 18 21 30 25 8 14 24 27 24 25 16 17 24 34 23 13 17 7 17 18 23 17 28 24 15 10 27 19 30 20 21 24 6 9 13 19 21 23 18 23 24 17 9 19 16 12 12 12 25 17 22 10 16 17 14 17 18 18 19 16 18 20 15 14 20
INF INF INF INF INF INF INF INF INF INF INF INF INF INF INF INF INF INF INF INF INF INF INF INF INF INF INF INF INF INF INF INF INF INF INF INF INF INF INF INF INF INF INF INF INF INF INF INF INF INF INF INF INF INF INF INF INF INF INF INF INF INF INF INF INF INF INF INF INF INF INF INF INF INF INF INF INF INF INF INF INF INF INF INF INF INF INF INF INF INF INF INF INF INF INF INF INF INF INF INF INF INF INF INF INF INF INF INF INF INF INF INF INF INF INF INF INF INF INF INF INF INF INF INF INF INF INF INF INF INF INF INF INF INF INF INF INF INF INF INF INF INF INF INF INF INF INF INF INF INF INF INF INF INF INF INF INF INF INF INF INF INF INF INF INF INF INF INF INF INF INF INF INF INF INF INF INF INF INF INF INF INF INF INF INF INF INF INF INF INF INF INF INF INF INF INF INF INF INF INF INF INF INF INF INF INF INF INF INF INF INF INF INF INF INF INF INF INF INF INF INF INF INF INF INF INF INF INF INF 0 9 16 35 37 47 60 65 90 94 107 105 108 130 65 86 9 21 23 40 49 50 51 70 63 33 15 37 37 45 52 69 27 31 47 40 43 68 31 32 42 48 55 54 59 62 32 50 67 55 21 22 30 43 40 56 19 42 33 52 35 22 45 61 47 49 50 32 56 44 35 35 58 36 37 17 22 34 41 40 44 45 32 21 22 43 64 44 18 37 27 49 70 59 57 65 15 23 13 30 33 48 43 26 40 44 54 66 41 35 24 39 40 41 40 50 32 27 34 49 44 36 51 11 33 24 34 30 25 36 36 27 10 18 28 30 24 25 37 25 27 25 31 34 29 34 37 24 27 11 21 21 12 26 39 36 17 31 32 38 20 24 20 22 42 23 16 21 35 33 26 26 21 30 31 27 25 27 23 32 28 34 38 30 24 19 22 23 25 24 25 26 25 25 31 26 26 31 27 24 14 17 26 11 10 14 14 17 21 14 19 28 24 29 20 20 29 24 22 23 29 15 19 23 19 13 18 19 20 20 18 16 15 24 17 16 16 22 21 20 20 17 16 22 15 25 18 15 16 21 23 19 19 24 27 22 15 19 18 19 22 14 23 16 17 16 17 21 17 24 7
INF INF INF INF INF INF INF INF INF INF INF INF INF INF INF INF INF INF INF INF INF INF INF INF INF INF INF INF INF INF INF INF INF INF INF INF INF INF INF INF INF INF INF INF INF INF INF INF INF INF INF INF INF INF INF INF INF INF INF INF INF INF INF INF INF INF INF INF INF INF INF INF INF INF INF INF INF INF INF INF INF INF INF INF INF INF INF INF INF INF INF INF INF INF INF INF INF INF INF INF INF INF INF INF INF INF INF INF INF INF INF INF INF INF INF INF INF INF INF INF INF INF INF INF INF INF INF INF INF INF INF INF INF INF INF INF INF INF INF INF INF INF INF INF INF INF INF INF INF INF INF INF INF INF INF INF INF INF INF INF INF INF INF INF INF INF INF INF INF INF INF INF INF INF INF INF INF INF INF INF INF INF INF INF INF INF INF INF INF INF INF INF INF INF INF INF INF INF INF INF INF INF INF INF INF INF INF INF INF INF INF INF INF INF INF INF INF INF INF INF INF INF INF INF INF INF INF INF INF INF 0 7 26 28 38 51 56 81 85 98 96 99 121 56 77 81 93 14 31 40 41 42 61 54 24 6 28 49 57 64 81 18 22 38 31 34 59 60 61 69 75 82 45 50 53 23 41 58 81 93 62 66 34 51 52 10 33 24 43 52 13 36 52 58 51 73 23 47 58 26 28 51 27 28 8 13 26 33 31 35 36 23 12 30 45 55 35 46 45 35 52 65 50 49 57 18 16 23 21 24 39 34 17 31 35 45 57 41 34 15 30 31 41 41 45 23 30 37 45 35 27 42 7 29 38 35 21 21 27 27 18 39 45 24 26 40 16 28 26 28 21 30 27 21 25 28 27 26 18 28 25 3 21 34 27 20 22 23 39 16 20 30 29 38 30 34 27 35 31 29 25 12 26 22 18 29 28 14 23 19 25 34 29 15 15 18 19 22 24 21 22 21 16 30 22 22 22 23 24 5 8 20 20 1 15 24 12 22 11 10 23 20 26 15 11 24 15 17 15 26 6 10 14 10 15 16 10 16 16 14 12 18 19 18 12 13 24 18 11 11 8 19 25 6 18 15 16 15 13 21 18 10 18 20 15 12 10 13 17 14 10 23 13 10 14 14 18 9 16 9
INF INF INF INF INF INF INF INF INF INF INF INF INF INF INF INF INF INF INF INF INF INF INF INF INF INF INF INF INF INF INF INF INF INF INF INF INF INF INF INF INF INF INF INF INF INF INF INF INF INF INF INF INF INF INF INF INF INF INF INF INF INF INF INF INF INF INF INF INF INF INF INF INF INF INF INF INF INF INF INF INF INF INF INF INF INF INF INF INF INF INF INF INF INF INF INF INF INF INF INF INF INF INF INF INF INF INF INF INF INF INF INF INF INF INF INF INF INF INF INF INF INF INF INF INF INF INF INF INF INF INF INF INF INF INF INF INF INF INF INF INF INF INF INF INF INF INF INF INF INF INF INF INF INF INF INF INF INF INF INF INF INF INF INF INF INF INF INF INF INF INF INF INF INF INF INF INF INF INF INF INF INF INF INF INF INF INF INF INF INF INF INF INF INF INF INF INF INF INF INF INF INF INF INF INF INF INF INF INF INF INF INF INF INF INF INF INF INF INF INF INF INF INF INF INF INF INF INF INF INF INF 0 19 21 31 44 49 74 78 91 89 92 114 49 70 74 86 98 99 108 109 35 54 47 52 74 64 85 93 100 117 63 66 74 59 72 97 96 97 62 68 75 38 43 46 48 66 83 75 86 65 65 59 59 45 66 71 17 36 45 6 29 45 51 50 72 87 85 66 51 46 69 79 56 1 6 19 26 48 72 74 16 37 40 38 48 52 63 63 45 59 80 50 42 50 47 9 25 50 48 59 62 51 59 63 38 50 47 51 25 40 41 37 34 38 16 23 30 45 28 36 51 33 46 62 60 14 24 20 32 11 32 40 22 24 44 9 33 40 42 47 23 39 14 29 32 40 19 32 35 18 26 31 27 25 37 35 36 35 35 38 42 29 42 31 31 36 44 24 22 18 5 29 15 26 22 21 7 16 12 18 27 35 8 21 17 18 41 43 33 22 25 16 25 28 21 15 16 29 19 1 13 21 14 15 26 11 22 4 3 18 26 31 14 22 22 26 10 8 24 16 20 7 15 20 9 20 16 11 15 5 17 19 18 5 6 20 23 4 8 19 18 18 18 18 8 17 12 12 21 13 11 11 13 12 5 3 8 10 7 3 16 6 7 7 7 11 6 10 9
INF INF INF INF INF INF INF INF INF INF INF INF INF INF INF INF INF INF INF INF INF INF INF INF INF INF INF INF INF INF INF INF INF INF INF INF INF INF INF INF INF INF INF INF INF INF INF INF INF INF INF INF INF INF INF INF INF INF INF INF INF INF INF INF INF INF INF INF INF INF INF INF INF INF INF INF INF INF INF INF INF INF INF INF INF INF INF INF INF INF INF INF INF INF INF INF INF INF INF INF INF INF INF INF INF INF INF INF INF INF INF INF INF INF INF INF INF INF INF INF INF INF INF INF INF INF INF INF INF INF INF INF INF INF INF INF INF INF INF INF INF INF INF INF INF INF INF INF INF INF INF INF INF INF INF INF INF INF INF INF INF INF INF INF INF INF INF INF INF INF INF INF INF INF INF INF INF INF INF INF INF INF INF INF INF INF INF INF INF INF INF INF INF INF INF INF INF INF INF INF INF INF INF INF INF INF INF INF INF INF INF INF INF INF INF INF INF INF INF INF INF INF INF INF INF INF INF INF INF INF INF INF 0 18 28 41 46 71 75 88 86 89 111 46 67 71 83 95 96 105 106 16 35 28 33 55 61 82 90 97 114 60 47 68 40 53 78 79 80 59 65 72 25 30 33 35 53 70 72 83 62 62 46 46 32 53 63 70 74 52 44 54 70 84 37 59 72 72 53 38 33 56 66 67 79 35 48 39 61 85 66 40 35 21 35 35 39 49 50 26 49 70 37 49 57 47 44 44 40 35 46 43 32 40 44 55 67 46 36 16 31 32 34 24 29 45 4 11 26 9 17 32 20 41 44 47 47 34 38 42 40 61 46 37 28 46 34 18 24 26 33 50 36 43 15 18 26 22 27 31 17 25 28 24 36 41 21 22 32 29 30 30 38 23 30 39 30 25 16 3 19 15 38 21 19 34 18 5 14 15 21 26 34 15 4 7 8 22 29 32 11 17 26 19 20 26 19 14 27 27 18 6 19 17 6 20 9 13 10 17 20 9 12 7 14 16 25 24 39 21 9 13 17 13 12 12 13 21 12 10 8 20 20 9 14 15 20 18 17 14 13 10 18 13 17 6 6 7 10 18 10 10 19 19 14 11 12 13 13 4 13 14 12 11 10 8 12 10 16 9
INF INF INF INF INF INF INF INF INF INF INF INF INF INF INF INF INF INF INF INF INF INF INF INF INF INF INF INF INF INF INF INF INF INF INF INF INF INF INF INF INF INF INF INF INF INF INF INF INF INF INF INF INF INF INF INF INF INF INF INF INF INF INF INF INF INF INF INF INF INF INF INF INF INF INF INF INF INF INF INF INF INF INF INF INF INF INF INF INF INF INF INF INF INF INF INF INF INF INF INF INF INF INF INF INF INF INF INF INF INF INF INF INF INF INF INF INF INF INF INF INF INF INF INF INF INF INF INF INF INF INF INF INF INF INF INF INF INF INF INF INF INF INF INF INF INF INF INF INF INF INF INF INF INF INF INF INF INF INF INF INF INF INF INF INF INF INF INF INF INF INF INF INF INF INF INF INF INF INF INF INF INF INF INF INF INF INF INF INF INF INF INF INF INF INF INF INF INF INF INF INF INF INF INF INF INF INF INF INF INF INF INF INF INF INF INF INF INF INF INF INF INF INF INF INF INF INF INF INF INF INF INF INF 0 10 23 28 53 57 70 68 71 93 28 49 53 65 77 78 87 88 69 88 81 86 77 43 64 72 79 96 42 65 53 66 79 104 75 76 41 47 54 17 22 25 27 45 62 54 65 44 44 38 38 24 45 50 53 56 44 50 46 62 71 29 51 66 64 45 30 25 48 58 59 68 27 40 21 43 67 53 32 27 45 17 27 31 42 42 50 58 69 29 41 49 39 36 35 32 35 38 61 45 60 64 63 67 38 46 50 29 30 16 21 34 47 55 55 31 43 45 55 33 30 46 39 35 35 41 34 32 53 44 38 22 42 30 38 36 38 38 42 18 25 32 35 40 39 41 33 24 26 10 30 36 32 23 24 38 38 36 32 50 54 33 31 36 36 20 40 31 16 34 22 17 32 34 39 18 19 25 38 20 19 32 30 31 33 38 20 27 36 37 35 16 30 26 18 29 28 28 31 26 21 29 28 20 36 31 22 24 36 37 23 31 30 27 38 38 37 22 26 21 26 13 18 12 25 20 18 24 24 33 32 15 16 26 23 23 25 25 25 28 21 30 27 20 21 21 27 24 19 22 32 22 32 24 20 24 18 21 12 22 19 23 22 17 16 19 24
INF INF INF INF INF INF INF INF INF INF INF INF INF INF INF INF INF INF INF INF INF INF INF INF INF INF INF INF INF INF INF INF INF INF INF INF INF INF INF INF INF INF INF INF INF INF INF INF INF INF INF INF INF INF INF INF INF INF INF INF INF INF INF INF INF INF INF INF INF INF INF INF INF INF INF INF INF INF INF INF INF INF INF INF INF INF INF INF INF INF INF INF INF INF INF INF INF INF INF INF INF INF INF INF INF INF INF INF INF INF INF INF INF INF INF INF INF INF INF INF INF INF INF INF INF INF INF INF INF INF INF INF INF INF INF INF INF INF INF INF INF INF INF INF INF INF INF INF INF INF INF INF INF INF INF INF INF INF INF INF INF INF INF INF INF INF INF INF INF INF INF INF INF INF INF INF INF INF INF INF INF INF INF INF INF INF INF INF INF INF INF INF INF INF INF INF INF INF INF INF INF INF INF INF INF INF INF INF INF INF INF INF INF INF INF INF INF INF INF INF INF INF INF INF INF INF INF INF INF INF INF INF INF INF 0 13 18 43 47 60 58 61 83 18 39 43 55 67 68 77 78 59 78 71 76 67 33 54 62 69 86 32 55 43 56 69 94 65 66 31 37 44 49 54 27 29 47 64 44 55 34 34 40 63 56 64 40 43 46 38 49 39 55 61 58 80 84 66 48 32 51 62 72 66 58 33 46 11 33 57 43 25 46 44 7 29 33 44 63 49 52 71 48 36 44 49 29 25 34 37 40 59 47 62 66 58 57 41 36 40 31 32 6 11 24 40 49 48 50 48 47 57 35 20 36 41 25 35 31 43 38 59 46 38 29 38 26 48 26 28 40 43 8 15 22 25 33 29 34 23 14 16 7 20 33 22 14 15 28 28 26 23 45 44 27 35 36 26 10 30 33 13 37 12 7 22 24 29 8 9 15 28 10 10 22 25 25 24 29 10 17 26 27 25 11 20 17 13 20 18 24 21 16 11 19 19 17 26 22 17 15 27 28 20 21 25 18 28 35 30 12 16 12 16 3 8 9 15 10 8 19 14 27 22 11 12 18 18 18 16 15 15 23 11 20 17 10 11 11 19 14 14 12 26 12 22 14 10 14 8 15 18 12 17 13 12 16 14 23 14
INF INF INF INF INF INF INF INF INF INF INF INF INF INF INF INF INF INF INF INF INF INF INF INF INF INF INF INF INF INF INF INF INF INF INF INF INF INF INF INF INF INF INF INF INF INF INF INF INF INF INF INF INF INF INF INF INF INF INF INF INF INF INF INF INF INF INF INF INF INF INF INF INF INF INF INF INF INF INF INF INF INF INF INF INF INF INF INF INF INF INF INF INF INF INF INF INF INF INF INF INF INF INF INF INF INF INF INF INF INF INF INF INF INF INF INF INF INF INF INF INF INF INF INF INF INF INF INF INF INF INF INF INF INF INF INF INF INF INF INF INF INF INF INF INF INF INF INF INF INF INF INF INF INF INF INF INF INF INF INF INF INF INF INF INF INF INF INF INF INF INF INF INF INF INF INF INF INF INF INF INF INF INF INF INF INF INF INF INF INF INF INF INF INF INF INF INF INF INF INF INF INF INF INF INF INF INF INF INF INF INF INF INF INF INF INF INF INF INF INF INF INF INF INF INF INF INF INF INF INF INF INF INF INF INF 0 5 30 34 47 45 48 70 5 26 30 42 54 55 64 65 46 65 58 63 54 20 41 49 56 73 19 42 30 43 56 81 52 53 18 24 31 36 41 14 16 34 51 31 42 21 21 27 50 43 51 27 30 33 25 36 26 42 48 45 67 71 53 35 19 38 49 59 53 45 20 33 40 48 72 30 12 33 31 52 46 28 39 55 36 39 58 42 23 31 36 16 24 22 25 27 46 34 49 53 45 44 28 23 27 18 19 29 26 34 30 39 35 44 35 34 45 22 28 44 28 12 22 18 30 25 46 33 25 27 43 23 35 30 32 36 30 31 4 29 31 29 32 30 36 1 9 27 32 25 38 29 30 40 28 22 38 41 40 14 24 27 24 29 23 20 24 41 29 30 25 24 24 31 31 37 18 26 27 19 22 22 23 29 16 4 15 19 12 17 35 22 19 19 11 11 23 19 11 11 25 18 18 14 13 28 16 22 21 21 29 25 15 35 26 16 15 14 13 14 15 20 21 17 19 13 25 22 14 9 10 27 21 14 18 14 2 10 12 22 21 21 20 8 24 12 16 23 13 13 15 13 6 7 17 11 22 16 16 16 17 21 14 11 7
INF INF INF INF INF INF INF INF INF INF INF INF INF INF INF INF INF INF INF INF INF INF INF INF INF INF INF INF INF INF INF INF INF INF INF INF INF INF INF INF INF INF INF INF INF INF INF INF INF INF INF INF INF INF INF INF INF INF INF INF INF INF INF INF INF INF INF INF INF INF INF INF INF INF INF INF INF INF INF INF INF INF INF INF INF INF INF INF INF INF INF INF INF INF INF INF INF INF INF INF INF INF INF INF INF INF INF INF INF INF INF INF INF INF INF INF INF INF INF INF INF INF INF INF INF INF INF INF INF INF INF INF INF INF INF INF INF INF INF INF INF INF INF INF INF INF INF INF INF INF INF INF INF INF INF INF INF INF INF INF INF INF INF INF INF INF INF INF INF INF INF INF INF INF INF INF INF INF INF INF INF INF INF INF INF INF INF INF INF INF INF INF INF INF INF INF INF INF INF INF INF INF INF INF INF INF INF INF INF INF INF INF INF INF INF INF INF INF INF INF INF INF INF INF INF INF INF INF INF INF INF INF INF INF INF INF 0 25 29 42 40 43 65 74 43 47 59 52 50 59 60 41 60 53 58 49 15 36 44 51 68 14 37 25 38 51 76 69 70 13 19 26 31 36 39 41 52 69 26 49 49 16 34 52 38 46 22 25 28 37 48 21 37 43 40 62 66 71 30 44 39 44 54 48 40 15 28 35 43 67 25 39 29 47 68 41 35 46 56 52 51 72 37 44 52 39 35 19 17 20 23 41 44 57 61 46 39 40 46 22 32 33 43 27 40 35 34 30 39 30 34 40 25 37 45 38 32 38 38 26 20 41 39 26 28 38 18 35 33 35 39 41 30 23 37 26 34 37 35 39 15 18 36 47 33 38 29 30 46 23 17 33 38 35 28 38 27 41 24 18 34 30 41 25 35 25 27 32 27 28 34 31 32 30 19 22 17 18 24 30 23 28 15 30 31 39 27 21 21 20 30 20 28 20 21 20 23 22 20 24 30 24 22 20 28 29 33 28 37 33 24 28 24 28 9 14 20 34 16 14 23 20 18 16 21 21 24 16 24 22 19 16 24 17 29 23 16 17 17 25 20 20 22 22 18 21 21 17 20 18 20 28 18 21 19 22 22 20 25 20
INF INF INF INF INF INF INF INF INF INF INF INF INF INF INF INF INF INF INF INF INF INF INF INF INF INF INF INF INF INF INF INF INF INF INF INF INF INF INF INF INF INF INF INF INF INF INF INF INF INF INF INF INF INF INF INF INF INF INF INF INF INF INF INF INF INF INF INF INF INF INF INF INF INF INF INF INF INF INF INF INF INF INF INF INF INF INF INF INF INF INF INF INF INF INF INF INF INF INF INF INF INF INF INF INF INF INF INF INF INF INF INF INF INF INF INF INF INF INF INF INF INF INF INF INF INF INF INF INF INF INF INF INF INF INF INF INF INF INF INF INF INF INF INF INF INF INF INF INF INF INF INF INF INF INF INF INF INF INF INF INF INF INF INF INF INF INF INF INF INF INF INF INF INF INF INF INF INF INF INF INF INF INF INF INF INF INF INF INF INF INF INF INF INF INF INF INF INF INF INF INF INF INF INF INF INF INF INF INF INF INF INF INF INF INF INF INF INF INF INF INF INF INF INF INF INF INF INF INF INF INF INF INF INF INF INF INF 0 4 17 15 18 40 49 18 22 34 27 25 34 35 16 35 28 33 24 46 50 58 65 82 99 40 56 40 28 53 44 45 55 38 45 25 30 33 35 27 44 45 34 35 12 30 45 32 36 41 48 50 48 39 44 60 60 37 59 41 46 25 38 33 56 45 46 15 20 27 34 49 48 44 30 30 23 44 35 31 28 31 28 48 51 37 21 29 28 17 26 20 18 33 43 34 40 44 43 14 15 38 18 7 8 18 23 29 30 39 46 39 49 30 37 11 33 37 19 38 13 25 27 25 40 22 16 18 13 17 31 26 26 25 22 20 23 30 33 20 23 21 31 17 25 36 30 8 23 6 7 23 19 13 15 32 31 27 29 23 17 29 17 31 13 30 26 19 14 16 21 28 20 26 29 22 16 17 20 17 16 21 22 23 21 30 20 23 24 23 23 12 24 21 20 19 19 20 11 14 16 21 20 7 19 20 17 18 26 10 28 27 22 16 20 14 20 11 16 15 14 17 16 20 22 19 19 18 19 13 19 21 19 16 18 26 19 31 22 16 17 19 3 17 20 14 12 20 22 17 19 23 18 4 12 11 14 13 20 15 5 17 7
INF INF INF INF INF INF INF INF INF INF INF INF INF INF INF INF INF INF INF INF INF INF INF INF INF INF INF INF INF INF INF INF INF INF INF INF INF INF INF INF INF INF INF INF INF INF INF INF INF INF INF INF INF INF INF INF INF INF INF INF INF INF INF INF INF INF INF INF INF INF INF INF INF INF INF INF INF INF INF INF INF INF INF INF INF INF INF INF INF INF INF INF INF INF INF INF INF INF INF INF INF INF INF INF INF INF INF INF INF INF INF INF INF INF INF INF INF INF INF INF INF INF INF INF INF INF INF INF INF INF INF INF INF INF INF INF INF INF INF INF INF INF INF INF INF INF INF INF INF INF INF INF INF INF INF INF INF INF INF INF INF INF INF INF INF INF INF INF INF INF INF INF INF INF INF INF INF INF INF INF INF INF INF INF INF INF INF INF INF INF INF INF INF INF INF INF INF INF INF INF INF INF INF INF INF INF INF INF INF INF INF INF INF INF INF INF INF INF INF INF INF INF INF INF INF INF INF INF INF INF INF INF INF INF INF INF INF INF 0 13 23 26 48 57 14 18 30 35 33 42 43 55 74 67 41 32 54 46 54 61 78 95 48 64 48 36 61 40 41 51 46 53 58 63 66 44 35 52 53 30 31 8 26 49 65 44 43 50 58 44 43 52 68 56 58 59 49 54 21 40 44 67 53 54 11 16 23 30 52 56 46 26 38 19 40 62 27 24 27 24 47 59 42 29 37 24 25 22 16 14 29 51 30 45 49 51 10 11 34 14 3 4 14 19 32 26 35 42 44 57 26 39 7 29 33 15 34 9 21 23 21 36 18 12 14 33 17 27 22 24 21 18 16 23 26 29 16 19 17 27 27 24 32 26 10 25 22 23 28 15 9 25 28 27 23 26 19 13 25 13 27 9 26 22 15 10 12 17 24 16 22 25 18 12 13 16 17 17 18 18 19 17 26 16 19 20 19 19 13 20 17 20 15 15 16 23 21 18 17 19 11 18 21 20 20 27 25 24 29 19 12 16 10 16 15 19 15 16 21 16 18 23 23 19 15 16 15 15 20 17 18 20 28 16 27 18 15 16 19 16 13 19 21 14 20 18 13 17 20 14 17 15 19 16 19 18 20 18 14 3
INF INF INF INF INF INF INF INF INF INF INF INF INF INF INF INF INF INF INF INF INF INF INF INF INF INF INF INF INF INF INF INF INF INF INF INF INF INF INF INF INF INF INF INF INF INF INF INF INF INF INF INF INF INF INF INF INF INF INF INF INF INF INF INF INF INF INF INF INF INF INF INF INF INF INF INF INF INF INF INF INF INF INF INF INF INF INF INF INF INF INF INF INF INF INF INF INF INF INF INF INF INF INF INF INF INF INF INF INF INF INF INF INF INF INF INF INF INF INF INF INF INF INF INF INF INF INF INF INF INF INF INF INF INF INF INF INF INF INF INF INF INF INF INF INF INF INF INF INF INF INF INF INF INF INF INF INF INF INF INF INF INF INF INF INF INF INF INF INF INF INF INF INF INF INF INF INF INF INF INF INF INF INF INF INF INF INF INF INF INF INF INF INF INF INF INF INF INF INF INF INF INF INF INF INF INF INF INF INF INF INF INF INF INF INF INF INF INF INF INF INF INF INF INF INF INF INF INF INF INF INF INF INF INF INF INF INF INF INF 0 10 13 35 44 31 35 47 22 20 29 30 42 61 54 28 19 41 47 55 62 79 96 35 51 35 23 48 49 50 60 33 40 45 50 53 31 22 39 40 47 48 55 42 40 52 31 36 43 45 54 34 39 55 57 54 68 36 41 8 27 41 58 40 41 53 43 10 17 39 43 39 17 25 36 57 55 31 11 14 28 43 46 46 16 24 26 12 21 11 1 16 38 30 35 39 38 50 23 42 28 25 18 28 17 30 17 26 33 34 44 40 32 20 33 42 32 43 23 35 19 36 23 31 7 9 29 33 37 25 27 32 26 29 18 38 41 33 35 26 29 19 25 25 33 24 22 20 21 15 25 6 22 37 24 32 24 16 30 40 26 22 26 22 18 29 13 15 20 20 19 25 12 20 29 10 13 14 12 5 15 13 29 28 19 16 30 36 18 10 26 15 17 10 21 13 22 20 20 17 15 11 15 16 17 20 23 24 21 26 28 15 19 14 19 12 17 19 7 18 17 15 18 23 16 15 9 24 10 16 19 13 17 21 20 21 21 2 3 16 20 2 6 16 19 13 18 15 6 14 7 13 19 12 11 16 11 15 12 17 11
INF INF INF INF INF INF INF INF INF INF INF INF INF INF INF INF INF INF INF INF INF INF INF INF INF INF INF INF INF INF INF INF INF INF INF INF INF INF INF INF INF INF INF INF INF INF INF INF INF INF INF INF INF INF INF INF INF INF INF INF INF INF INF INF INF INF INF INF INF INF INF INF INF INF INF INF INF INF INF INF INF INF INF INF INF INF INF INF INF INF INF INF INF INF INF INF INF INF INF INF INF INF INF INF INF INF INF INF INF INF INF INF INF INF INF INF INF INF INF INF INF INF INF INF INF INF INF INF INF INF INF INF INF INF INF INF INF INF INF INF INF INF INF INF INF INF INF INF INF INF INF INF INF INF INF INF INF INF INF INF INF INF INF INF INF INF INF INF INF INF INF INF INF INF INF INF INF INF INF INF INF INF INF INF INF INF INF INF INF INF INF INF INF INF INF INF INF INF INF INF INF INF INF INF INF INF INF INF INF INF INF INF INF INF INF INF INF INF INF INF INF INF INF INF INF INF INF INF INF INF INF INF INF INF INF INF INF INF INF INF 0 3 25 34 21 25 37 12 10 19 20 32 51 44 18 9 31 37 45 52 69 86 25 41 25 13 38 39 40 50 23 30 35 40 43 21 12 29 30 37 38 45 32 30 42 21 26 33 35 44 24 29 45 47 44 58 26 31 37 24 31 48 30 31 43 33 39 42 34 33 29 44 15 26 47 45 21 32 48 31 33 36 36 6 14 16 2 18 22 12 27 28 20 25 29 28 40 37 37 18 15 8 18 23 36 27 36 43 24 34 30 22 10 23 32 33 33 13 25 27 26 49 30 16 18 24 24 27 15 17 24 16 19 8 28 31 25 28 16 24 26 15 29 24 14 18 25 26 25 19 23 24 27 41 28 14 19 25 32 27 24 16 29 29 19 14 14 19 28 20 26 20 21 19 18 21 22 6 16 22 25 19 27 18 21 24 26 23 27 17 24 20 19 12 8 19 14 15 12 17 22 22 10 13 21 21 18 27 25 23 9 13 4 13 10 15 13 15 17 15 10 12 18 11 16 13 19 18 18 14 7 12 20 18 19 15 17 18 12 20 13 18 22 18 5 13 7 10 14 11 11 20 14 9 14 15 10 14 15 17
INF INF INF INF INF INF INF INF INF INF INF INF INF INF INF INF INF INF INF INF INF INF INF INF INF INF INF INF INF INF INF INF INF INF INF INF INF INF INF INF INF INF INF INF INF INF INF INF INF INF INF INF INF INF INF INF INF INF INF INF INF INF INF INF INF INF INF INF INF INF INF INF INF INF INF INF INF INF INF INF INF INF INF INF INF INF INF INF INF INF INF INF INF INF INF INF INF INF INF INF INF INF INF INF INF INF INF INF INF INF INF INF INF INF INF INF INF INF INF INF INF INF INF INF INF INF INF INF INF INF INF INF INF INF INF INF INF INF INF INF INF INF INF INF INF INF INF INF INF INF INF INF INF INF INF INF INF INF INF INF INF INF INF INF INF INF INF INF INF INF INF INF INF INF INF INF INF INF INF INF INF INF INF INF INF INF INF INF INF INF INF INF INF INF INF INF INF INF INF INF INF INF INF INF INF INF INF INF INF INF INF INF INF INF INF INF INF INF INF INF INF INF INF INF INF INF INF INF INF INF INF INF INF INF INF INF INF INF INF INF INF 0 22 31 52 56 68 9 7 16 17 29 48 41 19 41 63 34 42 49 66 83 33 54 26 10 35 36 37 47 20 27 32 37 40 18 30 47 27 50 47 42 29 27 39 18 23 30 49 51 21 26 42 44 41 55 58 49 34 21 39 45 55 56 68 41 36 43 44 30 26 41 42 51 72 42 18 29 48 56 30 51 33 3 11 13 21 24 19 9 24 29 17 26 30 25 37 34 47 38 33 5 15 20 33 39 35 42 21 31 48 19 23 20 31 30 30 10 22 24 23 46 48 13 15 21 25 24 12 14 34 33 16 23 27 30 22 25 13 23 23 23 28 26 11 15 23 24 22 32 20 25 24 38 25 11 16 26 29 24 22 13 30 26 16 11 13 18 27 17 23 33 18 16 22 25 21 3 13 19 24 27 24 17 18 21 23 20 24 25 21 21 16 9 19 25 11 19 23 14 19 21 7 10 18 18 18 25 22 20 6 10 11 10 7 12 10 12 14 12 12 9 22 22 13 10 16 16 15 11 4 19 17 15 25 12 14 15 9 17 10 15 19 15 2 12 6 7 13 10 8 19 13 6 11 13 17 11 12 15
INF INF INF INF INF INF INF INF INF INF INF INF INF INF INF INF INF INF INF INF INF INF INF INF INF INF INF INF INF INF INF INF INF INF INF INF INF INF INF INF INF INF INF INF INF INF INF INF INF INF INF INF INF INF INF INF INF INF INF INF INF INF INF INF INF INF INF INF INF INF INF INF INF INF INF INF INF INF INF INF INF INF INF INF INF INF INF INF INF INF INF INF INF INF INF INF INF INF INF INF INF INF INF INF INF INF INF INF INF INF INF INF INF INF INF INF INF INF INF INF INF INF INF INF INF INF INF INF INF INF INF INF INF INF INF INF INF INF INF INF INF INF INF INF INF INF INF INF INF INF INF INF INF INF INF INF INF INF INF INF INF INF INF INF INF INF INF INF INF INF INF INF INF INF INF INF INF INF INF INF INF INF INF INF INF INF INF INF INF INF INF INF INF INF INF INF INF INF INF INF INF INF INF INF INF INF INF INF INF INF INF INF INF INF INF INF INF INF INF INF INF INF INF INF INF INF INF INF INF INF INF INF INF INF INF INF INF INF INF INF INF INF 0 9 30 34 46 58 75 84 85 97 116 109 68 90 112 12 20 27 44 61 82 37 50 63 88 56 57 67 8 15 20 25 28 30 48 65 15 38 25 33 40 41 27 22 11 18 37 29 40 49 38 22 24 46 61 67 47 21 28 33 43 44 56 30 43 44 32 56 14 29 30 35 56 30 34 37 45 40 8 29 32 33 41 40 29 38 16 19 12 35 40 19 23 39 51 32 27 26 32 33 24 29 25 31 23 30 34 19 32 39 36 32 41 37 42 32 33 15 11 34 42 25 25 43 33 33 22 24 28 40 19 14 13 16 24 27 25 35 21 27 35 36 26 27 18 19 35 27 28 27 29 33 21 31 31 28 24 36 34 25 33 14 25 14 16 21 16 17 23 24 21 28 23 26 13 17 23 23 17 25 28 10 24 28 17 25 24 27 24 16 24 19 24 23 25 18 12 13 19 5 15 16 10 25 22 33 30 23 16 10 22 19 16 13 20 21 15 18 15 17 15 27 22 18 28 20 14 15 18 22 30 21 25 20 20 15 6 16 18 18 21 29 19 13 18 16 21 20 16 24 14 20 15 15 19 17 26 20
INF INF INF INF INF INF INF INF INF INF INF INF INF INF INF INF INF INF INF INF INF INF INF INF INF INF INF INF INF INF INF INF INF INF INF INF INF INF INF INF INF INF INF INF INF INF INF INF INF INF INF INF INF INF INF INF INF INF INF INF INF INF INF INF INF INF INF INF INF INF INF INF INF INF INF INF INF INF INF INF INF INF INF INF INF INF INF INF INF INF INF INF INF INF INF INF INF INF INF INF INF INF INF INF INF INF INF INF INF INF INF INF INF INF INF INF INF INF INF INF INF INF INF INF INF INF INF INF INF INF INF INF INF INF INF INF INF INF INF INF INF INF INF INF INF INF INF INF INF INF INF INF INF INF INF INF INF INF INF INF INF INF INF INF INF INF INF INF INF INF INF INF INF INF INF INF INF INF INF INF INF INF INF INF INF INF INF INF INF INF INF INF INF INF INF INF INF INF INF INF INF INF INF INF INF INF INF INF INF INF INF INF INF INF INF INF INF INF INF INF INF INF INF INF INF INF INF INF INF INF INF INF INF INF INF INF INF INF INF INF INF INF INF 0 21 25 37 49 66 75 76 88 107 100 59 81 103 53 61 68 85 102 73 78 66 69 94 47 48 58 64 71 76 81 84 58 76 93 71 37 38 46 64 56 72 63 67 74 73 20 31 54 70 63 65 66 81 95 60 54 51 74 84 85 97 53 50 57 79 70 70 69 86 26 47 69 65 76 68 31 34 55 75 73 81 31 20 29 54 40 55 69 34 49 53 73 85 23 18 37 29 30 40 45 58 25 34 31 46 62 33 48 33 23 39 50 69 35 47 49 58 63 44 31 33 40 24 34 29 31 47 34 42 26 44 47 40 38 41 44 27 35 49 27 36 33 48 49 35 35 37 53 51 55 40 42 22 19 34 29 33 35 43 28 35 26 24 29 30 31 37 38 44 23 29 32 33 41 25 35 35 23 30 28 19 42 30 21 34 32 39 24 27 29 26 30 29 24 29 25 31 32 32 32 33 33 39 35 47 38 26 30 22 30 29 31 30 39 30 25 20 31 33 29 32 29 29 26 26 30 31 28 35 28 36 30 27 28 30 30 31 31 26 28 29 30 25 30 27 29 30 22 31 29 26 24 27 25 29 30
INF INF INF INF INF INF INF INF INF INF INF INF INF INF INF INF INF INF INF INF INF INF INF INF INF INF INF INF INF INF INF INF INF INF INF INF INF INF INF INF INF INF INF INF INF INF INF INF INF INF INF INF INF INF INF INF INF INF INF INF INF INF INF INF INF INF INF INF INF INF INF INF INF INF INF INF INF INF INF INF INF INF INF INF INF INF INF INF INF INF INF INF INF INF INF INF INF INF INF INF INF INF INF INF INF INF INF INF INF INF INF INF INF INF INF INF INF INF INF INF INF INF INF INF INF INF INF INF INF INF INF INF INF INF INF INF INF INF INF INF INF INF INF INF INF INF INF INF INF INF INF INF INF INF INF INF INF INF INF INF INF INF INF INF INF INF INF INF INF INF INF INF INF INF INF INF INF INF INF INF INF INF INF INF INF INF INF INF INF INF INF INF INF INF INF INF INF INF INF INF INF INF INF INF INF INF INF INF INF INF INF INF INF INF INF INF INF INF INF INF INF INF INF INF INF INF INF INF INF INF INF INF INF INF INF INF INF INF INF INF INF INF INF INF 0 4 16 28 45 54 55 67 86 79 38 60 82 32 40 47 64 81 52 57 45 48 73 26 27 37 43 50 55 60 63 37 55 72 50 16 17 25 43 35 51 42 46 53 52 30 40 45 61 42 44 45 60 74 39 33 30 53 63 64 76 32 29 36 58 49 49 48 65 5 26 48 44 55 47 10 33 54 56 52 60 10 18 8 33 19 34 48 16 31 35 55 67 36 20 31 31 32 36 41 45 35 22 29 44 54 35 50 35 39 19 29 48 37 37 37 37 42 46 25 19 19 3 27 8 10 30 26 31 24 23 26 19 22 20 30 19 19 35 22 35 12 34 35 30 30 19 32 31 37 22 32 26 21 28 21 21 27 35 30 19 30 30 32 27 15 21 34 33 25 22 25 17 20 19 20 23 24 38 31 21 26 26 22 23 21 25 20 6 17 9 9 12 16 9 10 23 22 16 15 23 24 38 17 32 24 18 22 20 22 8 13 22 25 15 13 11 10 19 12 11 11 23 16 11 15 15 13 21 16 20 13 15 16 16 11 19 14 19 7 17 10 18 13 14 17 9 1 11 8 11 12 6 5 8 16
INF INF INF INF INF INF INF INF INF INF INF INF INF INF INF INF INF INF INF INF INF INF INF INF INF INF INF INF INF INF INF INF INF INF INF INF INF INF INF INF INF INF INF INF INF INF INF INF INF INF INF INF INF INF INF INF INF INF INF INF INF INF INF INF INF INF INF INF INF INF INF INF INF INF INF INF INF INF INF INF INF INF INF INF INF INF INF INF INF INF INF INF INF INF INF INF INF INF INF INF INF INF INF INF INF INF INF INF INF INF INF INF INF INF INF INF INF INF INF INF INF INF INF INF INF INF INF INF INF INF INF INF INF INF INF INF INF INF INF INF INF INF INF INF INF INF INF INF INF INF INF INF INF INF INF INF INF INF INF INF INF INF INF INF INF INF INF INF INF INF INF INF INF INF INF INF INF INF INF INF INF INF INF INF INF INF INF INF INF INF INF INF INF INF INF INF INF INF INF INF INF INF INF INF INF INF INF INF INF INF INF INF INF INF INF INF INF INF INF INF INF INF INF INF INF INF INF INF INF INF INF INF INF INF INF INF INF INF INF INF INF INF INF INF INF 0 12 24 41 50 51 63 82 75 34 56 78 28 36 43 60 77 48 53 41 44 69 22 23 33 39 46 51 56 59 33 51 68 46 12 13 21 39 31 47 38 42 49 48 26 36 41 57 38 40 41 56 70 35 29 26 49 59 60 72 28 25 32 54 45 45 44 61 13 34 56 40 51 43 18 40 61 52 48 56 6 14 4 29 27 42 44 24 39 43 63 75 32 26 27 37 38 32 37 41 31 18 25 40 50 39 49 41 42 15 25 44 43 33 44 33 38 46 33 27 15 19 36 16 18 38 22 28 20 29 32 15 18 16 26 26 27 31 30 37 8 30 31 38 28 22 38 27 40 18 28 28 27 24 17 17 23 35 29 27 28 26 28 31 23 29 32 30 26 18 21 22 16 15 20 25 20 40 30 21 34 33 18 21 29 32 17 2 22 5 5 8 12 5 12 19 23 20 11 19 20 34 13 28 20 14 18 16 18 4 9 18 25 11 9 7 6 15 8 7 7 19 12 13 13 16 9 17 12 16 9 11 12 12 19 15 15 15 20 13 6 16 9 10 13 5 14 7 8 7 8 12 8 15 12
INF INF INF INF INF INF INF INF INF INF INF INF INF INF INF INF INF INF INF INF INF INF INF INF INF INF INF INF INF INF INF INF INF INF INF INF INF INF INF INF INF INF INF INF INF INF INF INF INF INF INF INF INF INF INF INF INF INF INF INF INF INF INF INF INF INF INF INF INF INF INF INF INF INF INF INF INF INF INF INF INF INF INF INF INF INF INF INF INF INF INF INF INF INF INF INF INF INF INF INF INF INF INF INF INF INF INF INF INF INF INF INF INF INF INF INF INF INF INF INF INF INF INF INF INF INF INF INF INF INF INF INF INF INF INF INF INF INF INF INF INF INF INF INF INF INF INF INF INF INF INF INF INF INF INF INF INF INF INF INF INF INF INF INF INF INF INF INF INF INF INF INF INF INF INF INF INF INF INF INF INF INF INF INF INF INF INF INF INF INF INF INF INF INF INF INF INF INF INF INF INF INF INF INF INF INF INF INF INF INF INF INF INF INF INF INF INF INF INF INF INF INF INF INF INF INF INF INF INF INF INF INF INF INF INF INF INF INF INF INF INF INF INF INF INF INF 0 12 29 38 39 51 70 63 22 44 66 16 24 31 48 65 36 41 29 32 57 58 59 69 75 82 54 59 62 21 39 56 79 102 29 37 32 49 61 26 49 56 62 71 24 47 63 26 28 50 61 58 51 24 14 37 47 48 60 16 29 36 58 33 46 60 50 55 76 64 33 44 31 45 68 63 42 52 60 16 24 38 34 37 52 32 37 29 33 53 65 27 51 43 42 43 28 33 29 36 44 51 43 49 36 41 38 35 36 13 32 42 38 32 21 42 50 42 39 3 7 31 35 16 36 10 25 24 17 20 14 17 15 25 25 33 30 18 25 18 33 34 26 26 28 28 26 46 25 18 23 37 23 27 5 11 23 28 15 27 16 21 30 18 24 28 27 14 27 19 17 15 30 27 23 30 32 20 28 27 21 17 30 31 30 13 22 20 25 29 18 18 20 21 27 24 19 20 27 25 37 28 27 29 20 24 20 24 19 23 24 26 9 14 9 21 22 28 19 20 24 30 22 15 16 26 8 17 29 22 16 17 21 18 12 18 25 11 11 20 14 16 12 16 18 22 14 18 15 20 9 15 22 9
INF INF INF INF INF INF INF INF INF INF INF INF INF INF INF INF INF INF INF INF INF INF INF INF INF INF INF INF INF INF INF INF INF INF INF INF INF INF INF INF INF INF INF INF INF INF INF INF INF INF INF INF INF INF INF INF INF INF INF INF INF INF INF INF INF INF INF INF INF INF INF INF INF INF INF INF INF INF INF INF INF INF INF INF INF INF INF INF INF INF INF INF INF INF INF INF INF INF INF INF INF INF INF INF INF INF INF INF INF INF INF INF INF INF INF INF INF INF INF INF INF INF INF INF INF INF INF INF INF INF INF INF INF INF INF INF INF INF INF INF INF INF INF INF INF INF INF INF INF INF INF INF INF INF INF INF INF INF INF INF INF INF INF INF INF INF INF INF INF INF INF INF INF INF INF INF INF INF INF INF INF INF INF INF INF INF INF INF INF INF INF INF INF INF INF INF INF INF INF INF INF INF INF INF INF INF INF INF INF INF INF INF INF INF INF INF INF INF INF INF INF INF INF INF INF INF INF INF INF INF INF INF INF INF INF INF INF INF INF INF INF INF INF INF INF INF INF 0 17 26 27 39 58 51 10 32 54 75 83 90 107 124 24 45 17 20 45 46 47 57 63 70 48 53 56 9 27 44 67 90 88 52 20 37 55 76 37 44 50 59 12 35 51 65 55 65 49 46 44 12 31 54 53 54 66 33 46 53 57 21 34 49 38 56 77 58 21 32 48 61 73 51 36 40 48 4 12 27 22 25 40 20 25 17 21 41 53 44 60 41 30 31 38 37 50 30 39 46 31 47 53 29 26 23 24 21 21 31 27 39 22 45 45 31 29 26 29 40 23 25 31 24 13 18 27 30 13 16 4 14 14 21 19 32 13 6 28 29 32 35 17 16 15 35 16 26 25 29 22 15 13 19 36 21 31 29 24 16 23 23 25 30 15 22 16 19 20 14 22 18 15 18 30 23 19 30 29 16 20 23 18 23 25 23 18 28 6 17 21 20 17 20 18 9 17 18 32 16 16 24 19 23 13 17 18 20 21 19 12 10 12 17 15 21 20 18 18 24 20 11 15 15 23 11 23 17 12 13 20 19 16 6 19 17 14 20 14 17 8 10 15 12 21 8 13 14 17 16 13 14
INF INF INF INF INF INF INF INF INF INF INF INF INF INF INF INF INF INF INF INF INF INF INF INF INF INF INF INF INF INF INF INF INF INF INF INF INF INF INF INF INF INF INF INF INF INF INF INF INF INF INF INF INF INF INF INF INF INF INF INF INF INF INF INF INF INF INF INF INF INF INF INF INF INF INF INF INF INF INF INF INF INF INF INF INF INF INF INF INF INF INF INF INF INF INF INF INF INF INF INF INF INF INF INF INF INF INF INF INF INF INF INF INF INF INF INF INF INF INF INF INF INF INF INF INF INF INF INF INF INF INF INF INF INF INF INF INF INF INF INF INF INF INF INF INF INF INF INF INF INF INF INF INF INF INF INF INF INF INF INF INF INF INF INF INF INF INF INF INF INF INF INF INF INF INF INF INF INF INF INF INF INF INF INF INF INF INF INF INF INF INF INF INF INF INF INF INF INF INF INF INF INF INF INF INF INF INF INF INF INF INF INF INF INF INF INF INF INF INF INF INF INF INF INF INF INF INF INF INF INF INF INF INF INF INF INF INF INF INF INF INF INF INF INF INF INF INF INF 0 9 10 22 41 34 39 61 83 104 112 119 136 153 53 74 46 3 28 29 30 40 46 53 31 36 39 41 23 40 53 76 77 35 52 20 38 59 49 56 46 55 50 19 35 49 43 48 63 42 27 44 32 55 55 56 68 34 29 36 58 82 52 36 41 54 75 41 11 22 41 55 66 47 26 32 40 18 16 17 12 15 30 22 10 25 29 49 61 42 61 41 26 27 21 26 35 36 45 52 14 30 53 12 16 13 24 33 52 30 39 33 39 42 41 21 12 14 18 23 30 27 30 30 23 19 35 38 27 27 28 38 23 31 43 29 33 20 27 28 15 25 13 29 27 31 30 9 14 19 22 28 34 21 35 24 21 18 20 24 21 22 28 26 25 23 17 20 20 13 19 14 17 23 20 24 15 31 30 17 17 33 18 14 24 23 22 18 19 20 18 12 25 22 17 20 27 24 15 20 28 27 20 24 18 24 17 22 7 5 16 22 14 19 16 23 10 11 25 22 13 17 14 24 15 18 27 22 21 16 19 17 16 14 22 19 17 19 16 19 21 18 16 21 20 9 14 16 17 18 20 9
INF INF INF INF INF INF INF INF INF INF INF INF INF INF INF INF INF INF INF INF INF INF INF INF INF INF INF INF INF INF INF INF INF INF INF INF INF INF INF INF INF INF INF INF INF INF INF INF INF INF INF INF INF INF INF INF INF INF INF INF INF INF INF INF INF INF INF INF INF INF INF INF INF INF INF INF INF INF INF INF INF INF INF INF INF INF INF INF INF INF INF INF INF INF INF INF INF INF INF INF INF INF INF INF INF INF INF INF INF INF INF INF INF INF INF INF INF INF INF INF INF INF INF INF INF INF INF INF INF INF INF INF INF INF INF INF INF INF INF INF INF INF INF INF INF INF INF INF INF INF INF INF INF INF INF INF INF INF INF INF INF INF INF INF INF INF INF INF INF INF INF INF INF INF INF INF INF INF INF INF INF INF INF INF INF INF INF INF INF INF INF INF INF INF INF INF INF INF INF INF INF INF INF INF INF INF INF INF INF INF INF INF INF INF INF INF INF INF INF INF INF INF INF INF INF INF INF INF INF INF INF INF INF INF INF INF INF INF INF INF INF INF INF INF INF INF INF INF INF 0 1 13 32 25 30 52 74 95 103 110 127 144 44 65 37 50 75 76 77 87 93 100 22 27 30 32 50 67 90 113 108 82 43 11 29 50 60 67 73 49 41 22 38 52 34 56 69 69 18 35 30 53 63 64 76 32 20 27 49 73 63 27 32 50 71 32 2 13 32 46 57 74 17 23 31 37 7 8 3 6 21 13 18 33 37 45 57 33 52 61 34 35 12 17 26 27 36 43 5 21 44 26 7 4 20 24 43 21 33 24 37 33 41 12 3 16 10 34 32 21 21 21 14 10 30 33 25 28 26 29 14 22 34 20 33 16 18 19 6 16 21 27 35 35 26 29 28 10 25 19 25 12 26 19 12 23 19 24 12 13 19 17 16 14 12 14 11 4 10 16 8 14 11 16 17 22 21 14 24 24 9 5 15 15 13 9 10 18 9 11 16 17 8 11 19 15 18 11 23 22 16 20 9 20 8 13 16 16 15 13 12 10 14 16 13 11 22 15 12 15 5 15 22 16 24 13 15 7 10 8 7 10 19 10 17 10 7 10 14 11 9 12 11 7 11 12 8 10 13 16
INF INF INF INF INF INF INF INF INF INF INF INF INF INF INF INF INF INF INF INF INF INF INF INF INF INF INF INF INF INF INF INF INF INF INF INF INF INF INF INF INF INF INF INF INF INF INF INF INF INF INF INF INF INF INF INF INF INF INF INF INF INF INF INF INF INF INF INF INF INF INF INF INF INF INF INF INF INF INF INF INF INF INF INF INF INF INF INF INF INF INF INF INF INF INF INF INF INF INF INF INF INF INF INF INF INF INF INF INF INF INF INF INF INF INF INF INF INF INF INF INF INF INF INF INF INF INF INF INF INF INF INF INF INF INF INF INF INF INF INF INF INF INF INF INF INF INF INF INF INF INF INF INF INF INF INF INF INF INF INF INF INF INF INF INF INF INF INF INF INF INF INF INF INF INF INF INF INF INF INF INF INF INF INF INF INF INF INF INF INF INF INF INF INF INF INF INF INF INF INF INF INF INF INF INF INF INF INF INF INF INF INF INF INF INF INF INF INF INF INF INF INF INF INF INF INF INF INF INF INF INF INF INF INF INF INF INF INF INF INF INF INF INF INF INF INF INF INF INF INF 0 12 31 24 29 51 73 94 102 109 126 143 43 64 36 49 74 75 76 86 92 99 21 26 29 31 49 66 89 112 107 81 42 42 28 49 59 66 72 48 40 21 37 51 33 55 68 68 49 34 29 52 62 63 75 31 44 46 68 92 62 36 31 49 70 31 35 45 46 54 56 73 33 45 53 43 40 40 36 38 42 12 17 32 36 51 63 42 64 60 33 34 43 20 25 41 50 57 35 47 49 59 25 37 43 43 43 39 34 38 36 57 48 42 26 21 25 42 45 20 39 46 32 39 45 46 44 46 45 32 13 21 37 19 32 39 17 18 5 15 20 26 34 38 26 35 27 41 24 18 24 30 38 29 11 26 28 33 27 28 34 30 34 25 19 13 10 27 23 21 16 20 31 24 22 39 23 24 23 23 23 13 17 23 20 22 25 22 21 25 18 24 30 13 21 14 21 17 35 21 15 19 26 19 19 21 19 26 20 23 16 24 17 23 15 16 21 27 19 20 18 14 21 15 27 27 25 6 17 22 9 9 23 22 22 12 23 13 17 12 19 23 13 17 12 14 18 16 23 18
INF INF INF INF INF INF INF INF INF INF INF INF INF INF INF INF INF INF INF INF INF INF INF INF INF INF INF INF INF INF INF INF INF INF INF INF INF INF INF INF INF INF INF INF INF INF INF INF INF INF INF INF INF INF INF INF INF INF INF INF INF INF INF INF INF INF INF INF INF INF INF INF INF INF INF INF INF INF INF INF INF INF INF INF INF INF INF INF INF INF INF INF INF INF INF INF INF INF INF INF INF INF INF INF INF INF INF INF INF INF INF INF INF INF INF INF INF INF INF INF INF INF INF INF INF INF INF INF INF INF INF INF INF INF INF INF INF INF INF INF INF INF INF INF INF INF INF INF INF INF INF INF INF INF INF INF INF INF INF INF INF INF INF INF INF INF INF INF INF INF INF INF INF INF INF INF INF INF INF INF INF INF INF INF INF INF INF INF INF INF INF INF INF INF INF INF INF INF INF INF INF INF INF INF INF INF INF INF INF INF INF INF INF INF INF INF INF INF INF INF INF INF INF INF INF INF INF INF INF INF INF INF INF INF INF INF INF INF INF INF INF INF INF INF INF INF INF INF INF INF INF 0 19 12 17 39 61 82 90 97 114 131 31 52 24 37 62 63 64 74 80 87 9 14 17 19 37 54 77 100 95 69 30 30 16 37 47 54 60 36 28 38 54 68 21 43 56 56 37 22 17 40 50 51 63 19 32 39 61 85 50 24 19 37 58 19 23 33 34 42 44 61 21 33 41 31 28 28 24 26 30 27 32 24 28 39 51 30 52 48 21 22 31 8 13 29 38 45 23 35 37 47 25 25 31 31 31 27 22 26 24 45 36 30 14 33 22 30 33 35 30 34 20 27 34 34 32 34 33 20 1 9 25 41 20 27 5 6 22 32 23 14 38 26 14 23 28 30 37 27 23 27 26 31 31 28 27 24 26 27 32 18 22 30 19 22 16 15 20 16 22 34 32 25 17 29 26 19 11 11 20 19 5 11 8 10 13 15 12 17 6 18 19 16 17 22 9 15 26 21 16 20 14 20 7 12 14 21 8 12 8 18 5 11 10 10 16 15 18 14 14 2 10 12 19 20 13 14 14 17 17 16 21 13 10 13 13 15 7 16 8 13 14 11 12 15 18 11 11 7
INF INF INF INF INF INF INF INF INF INF INF INF INF INF INF INF INF INF INF INF INF INF INF INF INF INF INF INF INF INF INF INF INF INF INF INF INF INF INF INF INF INF INF INF INF INF INF INF INF INF INF INF INF INF INF INF INF INF INF INF INF INF INF INF INF INF INF INF INF INF INF INF INF INF INF INF INF INF INF INF INF INF INF INF INF INF INF INF INF INF INF INF INF INF INF INF INF INF INF INF INF INF INF INF INF INF INF INF INF INF INF INF INF INF INF INF INF INF INF INF INF INF INF INF INF INF INF INF INF INF INF INF INF INF INF INF INF INF INF INF INF INF INF INF INF INF INF INF INF INF INF INF INF INF INF INF INF INF INF INF INF INF INF INF INF INF INF INF INF INF INF INF INF INF INF INF INF INF INF INF INF INF INF INF INF INF INF INF INF INF INF INF INF INF INF INF INF INF INF INF INF INF INF INF INF INF INF INF INF INF INF INF INF INF INF INF INF INF INF INF INF INF INF INF INF INF INF INF INF INF INF INF INF INF INF INF INF INF INF INF INF INF INF INF INF INF INF INF INF INF INF INF 0 7 12 34 56 77 85 92 109 126 26 47 19 32 57 58 59 69 75 82 87 92 95 97 115 132 82 105 90 64 57 67 83 87 74 66 84 93 9 32 48 62 64 77 51 75 74 86 56 79 55 56 68 58 71 57 59 83 77 83 40 58 79 56 56 28 47 61 25 46 59 42 50 56 9 25 50 21 36 22 27 19 23 20 32 29 53 43 58 38 19 24 37 53 62 69 55 60 43 58 35 49 26 51 70 43 33 39 24 47 55 27 29 28 6 30 37 30 49 23 15 15 26 29 37 34 38 18 14 22 23 30 15 30 27 28 38 38 21 18 42 7 12 11 14 28 35 28 18 24 35 18 20 18 20 24 7 8 14 27 17 27 17 20 21 37 24 14 24 17 34 20 15 10 23 16 17 24 19 24 15 10 15 26 17 21 19 14 17 22 30 20 20 17 29 13 33 24 15 19 10 19 17 22 16 19 20 21 14 17 29 18 19 18 20 22 15 11 13 15 17 23 24 20 2 3 18 21 6 6 20 10 13 20 13 9 13 10 13 14 12 15 17 11 15 12 21 18
INF INF INF INF INF INF INF INF INF INF INF INF INF INF INF INF INF INF INF INF INF INF INF INF INF INF INF INF INF INF INF INF INF INF INF INF INF INF INF INF INF INF INF INF INF INF INF INF INF INF INF INF INF INF INF INF INF INF INF INF INF INF INF INF INF INF INF INF INF INF INF INF INF INF INF INF INF INF INF INF INF INF INF INF INF INF INF INF INF INF INF INF INF INF INF INF INF INF INF INF INF INF INF INF INF INF INF INF INF INF INF INF INF INF INF INF INF INF INF INF INF INF INF INF INF INF INF INF INF INF INF INF INF INF INF INF INF INF INF INF INF INF INF INF INF INF INF INF INF INF INF INF INF INF INF INF INF INF INF INF INF INF INF INF INF INF INF INF INF INF INF INF INF INF INF INF INF INF INF INF INF INF INF INF INF INF INF INF INF INF INF INF INF INF INF INF INF INF INF INF INF INF INF INF INF INF INF INF INF INF INF INF INF INF INF INF INF INF INF INF INF INF INF INF INF INF INF INF INF INF INF INF INF INF INF INF INF INF INF INF INF INF INF INF INF INF INF INF INF INF INF INF INF 0 5 27 49 70 78 85 102 119 19 40 12 25 50 51 52 62 68 75 80 85 88 90 108 125 75 98 83 57 50 60 76 80 67 59 77 86 67 34 50 64 66 70 44 68 67 79 49 72 48 49 61 51 64 59 52 76 70 76 33 51 72 58 51 21 40 54 73 94 52 35 43 49 56 47 52 14 29 15 20 12 16 36 48 45 55 36 51 31 41 43 56 62 71 64 48 53 48 63 28 50 19 44 63 36 26 32 17 40 48 20 22 21 25 40 44 23 42 25 8 15 22 25 33 36 34 11 27 16 16 33 8 23 43 29 41 37 14 11 35 32 5 15 20 29 30 21 11 17 34 31 30 24 26 30 29 20 26 33 10 20 10 13 14 34 17 7 17 26 27 13 8 31 26 10 10 18 24 17 20 18 8 26 10 15 12 14 21 15 23 13 20 10 25 18 34 17 15 19 13 19 22 16 18 12 13 14 10 21 26 11 16 17 13 15 15 15 6 12 17 16 19 20 1 2 11 14 5 5 15 12 10 13 13 9 13 9 15 7 11 8 10 10 12 11 14 14
INF INF INF INF INF INF INF INF INF INF INF INF INF INF INF INF INF INF INF INF INF INF INF INF INF INF INF INF INF INF INF INF INF INF INF INF INF INF INF INF INF INF INF INF INF INF INF INF INF INF INF INF INF INF INF INF INF INF INF INF INF INF INF INF INF INF INF INF INF INF INF INF INF INF INF INF INF INF INF INF INF INF INF INF INF INF INF INF INF INF INF INF INF INF INF INF INF INF INF INF INF INF INF INF INF INF INF INF INF INF INF INF INF INF INF INF INF INF INF INF INF INF INF INF INF INF INF INF INF INF INF INF INF INF INF INF INF INF INF INF INF INF INF INF INF INF INF INF INF INF INF INF INF INF INF INF INF INF INF INF INF INF INF INF INF INF INF INF INF INF INF INF INF INF INF INF INF INF INF INF INF INF INF INF INF INF INF INF INF INF INF INF INF INF INF INF INF INF INF INF INF INF INF INF INF INF INF INF INF INF INF INF INF INF INF INF INF INF INF INF INF INF INF INF INF INF INF INF INF INF INF INF INF INF INF INF INF INF INF INF INF INF INF INF INF INF INF INF INF INF INF INF INF INF 0 22 44 65 73 80 97 114 14 35 7 20 45 46 47 57 63 70 75 80 83 85 103 120 70 93 78 52 45 55 71 75 62 54 72 81 62 29 45 59 61 65 39 63 62 74 44 67 43 44 56 46 59 54 47 71 65 71 28 46 67 53 46 57 61 51 68 89 47 30 38 44 51 52 47 36 51 10 15 7 11 31 43 40 50 31 46 26 36 41 52 57 66 59 43 48 43 58 23 45 14 39 58 31 21 33 12 35 43 34 36 16 20 35 39 18 37 20 3 10 17 20 28 31 29 6 22 11 11 28 3 18 38 24 36 32 9 6 30 27 21 18 15 24 25 16 6 12 29 30 25 19 21 25 24 15 21 28 5 15 11 11 12 29 12 10 18 21 22 20 11 26 21 13 10 13 24 15 15 13 18 24 20 11 22 15 18 16 26 15 18 12 27 15 31 19 13 17 16 17 17 15 13 9 8 21 10 25 24 18 16 16 8 14 16 14 11 19 19 11 23 24 18 9 14 9 12 12 15 7 13 17 9 15 12 6 10 2 11 9 13 10 7 6 9 9
INF INF INF INF INF INF INF INF INF INF INF INF INF INF INF INF INF INF INF INF INF INF INF INF INF INF INF INF INF INF INF INF INF INF INF INF INF INF INF INF INF INF INF INF INF INF INF INF INF INF INF INF INF INF INF INF INF INF INF INF INF INF INF INF INF INF INF INF INF INF INF INF INF INF INF INF INF INF INF INF INF INF INF INF INF INF INF INF INF INF INF INF INF INF INF INF INF INF INF INF INF INF INF INF INF INF INF INF INF INF INF INF INF INF INF INF INF INF INF INF INF INF INF INF INF INF INF INF INF INF INF INF INF INF INF INF INF INF INF INF INF INF INF INF INF INF INF INF INF INF INF INF INF INF INF INF INF INF INF INF INF INF INF INF INF INF INF INF INF INF INF INF INF INF INF INF INF INF INF INF INF INF INF INF INF INF INF INF INF INF INF INF INF INF INF INF INF INF INF INF INF INF INF INF INF INF INF INF INF INF INF INF INF INF INF INF INF INF INF INF INF INF INF INF INF INF INF INF INF INF INF INF INF INF INF INF INF INF INF INF INF INF INF INF INF INF INF INF INF INF INF INF INF INF INF 0 22 43 51 58 75 92 16 32 45 58 83 84 85 95 101 108 81 86 89 91 109 126 108 131 56 64 42 65 88 53 59 32 51 60 59 52 68 53 55 77 17 41 60 52 22 45 21 22 34 24 37 44 25 49 62 49 6 24 45 67 43 54 39 29 46 67 44 56 64 62 44 46 44 38 41 48 35 38 42 53 65 35 28 9 24 25 35 40 53 41 50 37 46 45 21 36 1 23 39 64 39 15 27 21 29 50 39 18 20 40 27 22 20 22 15 35 37 24 19 22 30 25 31 41 31 6 24 34 31 33 16 17 33 10 19 25 24 37 27 28 29 29 31 42 33 26 20 25 12 27 29 21 22 23 29 30 30 26 9 12 13 26 18 28 16 15 30 24 17 16 23 19 22 8 19 16 14 8 17 21 15 19 21 20 17 14 24 16 14 25 9 29 24 20 13 17 22 17 16 21 17 10 18 19 19 21 25 12 16 17 23 21 21 18 11 13 21 9 21 22 15 16 15 22 19 13 24 24 22 22 21 18 16 13 13 28 20 13 15 17 21 16 19 12
INF INF INF INF INF INF INF INF INF INF INF INF INF INF INF INF INF INF INF INF INF INF INF INF INF INF INF INF INF INF INF INF INF INF INF INF INF INF INF INF INF INF INF INF INF INF INF INF INF INF INF INF INF INF INF INF INF INF INF INF INF INF INF INF INF INF INF INF INF INF INF INF INF INF INF INF INF INF INF INF INF INF INF INF INF INF INF INF INF INF INF INF INF INF INF INF INF INF INF INF INF INF INF INF INF INF INF INF INF INF INF INF INF INF INF INF INF INF INF INF INF INF INF INF INF INF INF INF INF INF INF INF INF INF INF INF INF INF INF INF INF INF INF INF INF INF INF INF INF INF INF INF INF INF INF INF INF INF INF INF INF INF INF INF INF INF INF INF INF INF INF INF INF INF INF INF INF INF INF INF INF INF INF INF INF INF INF INF INF INF INF INF INF INF INF INF INF INF INF INF INF INF INF INF INF INF INF INF INF INF INF INF INF INF INF INF INF INF INF INF INF INF INF INF INF INF INF INF INF INF INF INF INF INF INF INF INF INF INF INF INF INF INF INF INF INF INF INF INF INF INF INF INF INF INF INF 0 21 29 36 53 70 93 10 23 36 61 62 63 73 79 86 59 64 67 69 87 104 86 109 34 42 20 43 66 31 37 10 29 38 37 30 46 31 33 55 70 94 50 30 42 65 74 49 61 44 52 36 58 82 40 55 69 60 81 54 21 32 51 65 52 73 22 34 42 40 26 27 22 25 40 26 30 45 49 31 43 40 61 18 33 34 33 38 34 43 49 15 24 23 30 45 26 23 30 43 17 24 23 35 28 51 24 27 29 32 29 31 38 34 40 40 35 12 22 11 19 22 20 30 30 3 21 42 18 33 38 39 50 35 33 47 31 37 29 33 38 29 28 32 42 27 45 33 32 40 12 17 26 26 30 33 36 21 25 27 2 20 29 31 8 23 23 16 27 35 12 6 19 5 15 5 13 5 16 14 12 23 18 10 23 20 16 5 13 14 29 22 30 18 10 14 9 14 14 13 14 19 15 16 8 20 14 1 6 7 19 22 11 15 8 2 10 6 18 11 16 15 5 16 18 10 20 13 13 19 12 10 5 14 5 19 12 10 4 18 14 5 11 7
INF INF INF INF INF INF INF INF INF INF INF INF INF INF INF INF INF INF INF INF INF INF INF INF INF INF INF INF INF INF INF INF INF INF INF INF INF INF INF INF INF INF INF INF INF INF INF INF INF INF INF INF INF INF INF INF INF INF INF INF INF INF INF INF INF INF INF INF INF INF INF INF INF INF INF INF INF INF INF INF INF INF INF INF INF INF INF INF INF INF INF INF INF INF INF INF INF INF INF INF INF INF INF INF INF INF INF INF INF INF INF INF INF INF INF INF INF INF INF INF INF INF INF INF INF INF INF INF INF INF INF INF INF INF INF INF INF INF INF INF INF INF INF INF INF INF INF INF INF INF INF INF INF INF INF INF INF INF INF INF INF INF INF INF INF INF INF INF INF INF INF INF INF INF INF INF INF INF INF INF INF INF INF INF INF INF INF INF INF INF INF INF INF INF INF INF INF INF INF INF INF INF INF INF INF INF INF INF INF INF INF INF INF INF INF INF INF INF INF INF INF INF INF INF INF INF INF INF INF INF INF INF INF INF INF INF INF INF INF INF INF INF INF INF INF INF INF INF INF INF INF INF INF INF INF INF INF 0 8 15 32 49 72 25 38 51 76 77 78 88 94 101 38 43 46 48 66 83 101 124 13 21 35 58 45 10 33 40 59 65 52 45 61 10 12 34 49 73 35 9 21 44 53 54 55 23 36 43 54 78 36 44 48 39 60 48 28 39 38 44 67 88 26 38 46 52 33 34 29 32 47 41 29 32 36 56 68 27 51 27 42 43 12 17 13 29 38 45 28 33 20 35 33 30 45 50 60 46 22 16 28 49 57 35 37 47 26 21 28 30 36 41 14 15 1 4 12 15 13 23 23 22 23 26 39 28 20 21 34 28 22 29 24 40 9 19 24 35 21 36 37 13 30 26 13 28 26 24 28 20 23 12 16 16 14 17 1 13 28 11 7 26 16 15 12 28 5 14 14 15 14 4 17 22 12 13 16 16 16 16 21 17 14 4 12 13 24 21 25 20 18 22 17 16 13 12 21 16 14 18 7 13 12 15 12 10 18 19 10 14 9 16 20 16 17 16 20 12 14 4 15 9 9 17 14 17 6 9 13 10 5 13 12 11 3 13 16 6 17 14
INF INF INF INF INF INF INF INF INF INF INF INF INF INF INF INF INF INF INF INF INF INF INF INF INF INF INF INF INF INF INF INF INF INF INF INF INF INF INF INF INF INF INF INF INF INF INF INF INF INF INF INF INF INF INF INF INF INF INF INF INF INF INF INF INF INF INF INF INF INF INF INF INF INF INF INF INF INF INF INF INF INF INF INF INF INF INF INF INF INF INF INF INF INF INF INF INF INF INF INF INF INF INF INF INF INF INF INF INF INF INF INF INF INF INF INF INF INF INF INF INF INF INF INF INF INF INF INF INF INF INF INF INF INF INF INF INF INF INF INF INF INF INF INF INF INF INF INF INF INF INF INF INF INF INF INF INF INF INF INF INF INF INF INF INF INF INF INF INF INF INF INF INF INF INF INF INF INF INF INF INF INF INF INF INF INF INF INF INF INF INF INF INF INF INF INF INF INF INF INF INF INF INF INF INF INF INF INF INF INF INF INF INF INF INF INF INF INF INF INF INF INF INF INF INF INF INF INF INF INF INF INF INF INF INF INF INF INF INF INF INF INF INF INF INF INF INF INF INF INF INF INF INF INF INF INF INF INF 0 7 24 41 64 17 30 43 68 69 70 80 86 93 30 35 38 40 58 75 93 116 117 75 27 50 37 22 44 51 70 57 44 37 53 67 42 64 79 77 57 1 20 43 53 54 47 22 35 42 64 88 47 45 40 31 52 40 20 31 37 36 59 80 29 41 49 52 25 26 21 24 39 33 37 52 56 63 75 19 43 59 42 43 51 40 53 42 50 57 31 25 12 27 25 22 37 42 52 39 51 42 27 48 56 30 31 39 25 13 20 22 28 39 43 19 25 28 36 17 12 22 22 30 27 34 34 44 33 34 38 34 22 38 23 39 1 11 16 28 23 39 44 25 29 20 14 20 19 24 22 23 29 35 33 28 6 9 10 22 27 3 4 29 19 12 4 28 29 6 6 14 7 13 26 20 4 22 21 11 8 9 24 9 19 13 14 18 25 15 24 19 11 14 9 15 19 13 15 8 10 10 6 21 4 7 9 10 14 11 10 14 17 8 16 13 15 16 12 13 10 15 16 16 11 19 6 9 9 6 11 13 9 16 10 12 6 11 15 11 17 12
INF INF INF INF INF INF INF INF INF INF INF INF INF INF INF INF INF INF INF INF INF INF INF INF INF INF INF INF INF INF INF INF INF INF INF INF INF INF INF INF INF INF INF INF INF INF INF INF INF INF INF INF INF INF INF INF INF INF INF INF INF INF INF INF INF INF INF INF INF INF INF INF INF INF INF INF INF INF INF INF INF INF INF INF INF INF INF INF INF INF INF INF INF INF INF INF INF INF INF INF INF INF INF INF INF INF INF INF INF INF INF INF INF INF INF INF INF INF INF INF INF INF INF INF INF INF INF INF INF INF INF INF INF INF INF INF INF INF INF INF INF INF INF INF INF INF INF INF INF INF INF INF INF INF INF INF INF INF INF INF INF INF INF INF INF INF INF INF INF INF INF INF INF INF INF INF INF INF INF INF INF INF INF INF INF INF INF INF INF INF INF INF INF INF INF INF INF INF INF INF INF INF INF INF INF INF INF INF INF INF INF INF INF INF INF INF INF INF INF INF INF INF INF INF INF INF INF INF INF INF INF INF INF INF INF INF INF INF INF INF INF INF INF INF INF INF INF INF INF INF INF INF INF INF INF INF INF INF INF 0 17 34 57 10 23 36 61 62 63 73 79 86 23 28 31 33 51 68 86 109 110 68 20 43 30 51 37 44 63 50 37 30 46 60 35 57 72 70 50 36 31 54 64 65 40 33 46 53 58 82 40 38 33 24 45 33 21 32 48 29 52 73 22 34 42 45 26 27 22 25 40 26 30 45 49 56 68 12 36 52 35 36 44 43 53 53 49 56 24 23 5 20 26 23 30 43 45 40 51 40 28 51 50 31 24 32 29 6 13 15 21 40 36 12 18 21 29 10 5 15 15 23 20 27 27 37 26 27 35 35 15 31 16 33 8 18 23 29 16 32 37 26 26 13 7 22 12 17 15 16 22 29 26 21 13 16 17 21 20 10 20 23 30 16 11 22 22 13 13 7 18 20 22 18 11 28 14 18 14 15 25 18 21 17 23 18 24 26 17 25 12 16 16 16 12 17 16 15 17 17 13 23 15 14 11 12 10 16 16 17 10 15 23 8 20 18 19 19 15 11 19 12 18 25 13 15 16 17 18 8 12 20 16 11 13 12 16 13 18 11
INF INF INF INF INF INF INF INF INF INF INF INF INF INF INF INF INF INF INF INF INF INF INF INF INF INF INF INF INF INF INF INF INF INF INF INF INF INF INF INF INF INF INF INF INF INF INF INF INF INF INF INF INF INF INF INF INF INF INF INF INF INF INF INF INF INF INF INF INF INF INF INF INF INF INF INF INF INF INF INF INF INF INF INF INF INF INF INF INF INF INF INF INF INF INF INF INF INF INF INF INF INF INF INF INF INF INF INF INF INF INF INF INF INF INF INF INF INF INF INF INF INF INF INF INF INF INF INF INF INF INF INF INF INF INF INF INF INF INF INF INF INF INF INF INF INF INF INF INF INF INF INF INF INF INF INF INF INF INF INF INF INF INF INF INF INF INF INF INF INF INF INF INF INF INF INF INF INF INF INF INF INF INF INF INF INF INF INF INF INF INF INF INF INF INF INF INF INF INF INF INF INF INF INF INF INF INF INF INF INF INF INF INF INF INF INF INF INF INF INF INF INF INF INF INF INF INF INF INF INF INF INF INF INF INF INF INF INF INF INF INF INF INF INF INF INF INF INF INF INF INF INF INF INF INF INF INF INF INF INF 0 17 40 61 74 87 112 113 114 124 130 137 6 11 14 16 34 51 74 97 98 106 27 27 13 34 44 51 57 33 39 35 51 65 18 40 55 53 34 19 14 37 47 48 23 16 29 36 58 82 47 21 16 7 28 16 20 31 31 12 35 56 18 30 38 28 25 22 20 21 27 50 18 33 37 52 64 27 22 41 18 19 28 26 39 36 44 44 20 32 34 43 22 22 38 28 28 24 34 23 21 42 33 27 11 31 19 27 10 12 27 31 30 10 35 31 21 24 22 32 21 21 37 24 25 24 12 13 29 31 21 21 33 39 34 20 25 23 30 33 20 24 23 28 21 25 24 28 29 17 23 34 9 22 21 19 19 21 25 22 22 21 18 25 23 28 27 24 18 23 17 22 24 19 27 17 20 19 20 12 13 24 18 21 24 30 16 31 27 28 16 20 25 20 17 22 20 27 23 18 14 24 21 30 23 24 23 28 13 17 17 19 26 21 27 18 20 21 14 13 18 16 22 15 21 21 16 18 21 20 14 10 21 17 19 23 15 14 17 21
INF INF INF INF INF INF INF INF INF INF INF INF INF INF INF INF INF INF INF INF INF INF INF INF INF INF INF INF INF INF INF INF INF INF INF INF INF INF INF INF INF INF INF INF INF INF INF INF INF INF INF INF INF INF INF INF INF INF INF INF INF INF INF INF INF INF INF INF INF INF INF INF INF INF INF INF INF INF INF INF INF INF INF INF INF INF INF INF INF INF INF INF INF INF INF INF INF INF INF INF INF INF INF INF INF INF INF INF INF INF INF INF INF INF INF INF INF INF INF INF INF INF INF INF INF INF INF INF INF INF INF INF INF INF INF INF INF INF INF INF INF INF INF INF INF INF INF INF INF INF INF INF INF INF INF INF INF INF INF INF INF INF INF INF INF INF INF INF INF INF INF INF INF INF INF INF INF INF INF INF INF INF INF INF INF INF INF INF INF INF INF INF INF INF INF INF INF INF INF INF INF INF INF INF INF INF INF INF INF INF INF INF INF INF INF INF INF INF INF INF INF INF INF INF INF INF INF INF INF INF INF INF INF INF INF INF INF INF INF INF INF INF INF INF INF INF INF INF INF INF INF INF INF INF INF INF INF INF INF INF INF 0 23 44 57 70 95 96 97 107 113 120 125 130 133 135 153 170 120 143 144 102 54 77 100 121 71 78 97 106 71 64 80 94 89 111 126 150 84 103 99 122 130 117 129 1 14 21 43 67 74 89 15 33 54 76 55 66 85 38 61 82 56 37 45 51 21 5 3 6 21 44 44 59 63 59 71 68 46 65 57 58 68 46 59 21 30 37 52 57 61 26 41 57 38 24 43 53 49 24 6 27 35 12 14 34 4 25 32 34 37 27 45 9 24 27 25 27 26 35 16 24 40 35 48 27 25 26 42 36 37 34 24 49 29 30 35 47 19 30 27 33 27 23 21 17 19 24 25 26 32 17 25 35 31 30 31 4 10 20 30 20 1 16 19 37 28 21 20 25 20 18 15 25 18 6 9 24 6 13 16 20 8 11 19 19 29 14 23 26 12 16 21 16 8 11 6 24 13 13 13 7 4 16 8 8 23 15 14 14 5 17 20 16 26 10 15 7 10 22 7 10 21 8 9 7 7 10 9 11 9 18 8 7 8 9 8 11 13 13
INF INF INF INF INF INF INF INF INF INF INF INF INF INF INF INF INF INF INF INF INF INF INF INF INF INF INF INF INF INF INF INF INF INF INF INF INF INF INF INF INF INF INF INF INF INF INF INF INF INF INF INF INF INF INF INF INF INF INF INF INF INF INF INF INF INF INF INF INF INF INF INF INF INF INF INF INF INF INF INF INF INF INF INF INF INF INF INF INF INF INF INF INF INF INF INF INF INF INF INF INF INF INF INF INF INF INF INF INF INF INF INF INF INF INF INF INF INF INF INF INF INF INF INF INF INF INF INF INF INF INF INF INF INF INF INF INF INF INF INF INF INF INF INF INF INF INF INF INF INF INF INF INF INF INF INF INF INF INF INF INF INF INF INF INF INF INF INF INF INF INF INF INF INF INF INF INF INF INF INF INF INF INF INF INF INF INF INF INF INF INF INF INF INF INF INF INF INF INF INF INF INF INF INF INF INF INF INF INF INF INF INF INF INF INF INF INF INF INF INF INF INF INF INF INF INF INF INF INF INF INF INF INF INF INF INF INF INF INF INF INF INF INF INF INF INF INF INF INF INF INF INF INF INF INF INF INF INF INF INF INF INF 0 21 34 47 72 73 74 84 90 97 102 107 110 112 130 147 97 120 121 79 31 54 77 98 48 55 74 83 48 41 57 71 66 88 103 127 61 80 76 99 107 94 106 78 63 66 69 93 51 66 87 94 115 65 32 43 62 76 90 111 33 45 53 59 37 38 33 36 51 37 41 56 60 67 79 52 72 63 78 75 55 60 64 70 60 67 35 34 57 56 37 34 41 54 73 51 63 54 39 62 70 42 44 43 40 58 54 45 51 51 57 23 3 6 14 17 15 25 25 33 25 50 63 57 33 34 50 46 28 42 26 46 38 37 38 40 23 43 57 31 55 18 35 42 23 26 20 21 25 14 22 32 21 24 25 15 30 33 25 34 40 27 30 30 7 17 30 17 28 9 22 16 25 37 23 18 11 18 30 26 19 22 26 25 29 33 27 23 20 24 20 24 9 14 24 36 16 14 20 15 22 28 22 13 24 30 19 22 11 26 25 17 19 18 16 17 16 6 20 20 11 22 18 12 18 15 20 16 7 15 13 13 14 14 18 8 19 16
INF INF INF INF INF INF INF INF INF INF INF INF INF INF INF INF INF INF INF INF INF INF INF INF INF INF INF INF INF INF INF INF INF INF INF INF INF INF INF INF INF INF INF INF INF INF INF INF INF INF INF INF INF INF INF INF INF INF INF INF INF INF INF INF INF INF INF INF INF INF INF INF INF INF INF INF INF INF INF INF INF INF INF INF INF INF INF INF INF INF INF INF INF INF INF INF INF INF INF INF INF INF INF INF INF INF INF INF INF INF INF INF INF INF INF INF INF INF INF INF INF INF INF INF INF INF INF INF INF INF INF INF INF INF INF INF INF INF INF INF INF INF INF INF INF INF INF INF INF INF INF INF INF INF INF INF INF INF INF INF INF INF INF INF INF INF INF INF INF INF INF INF INF INF INF INF INF INF INF INF INF INF INF INF INF INF INF INF INF INF INF INF INF INF INF INF INF INF INF INF INF INF INF INF INF INF INF INF INF INF INF INF INF INF INF INF INF INF INF INF INF INF INF INF INF INF INF INF INF INF INF INF INF INF INF INF INF INF INF INF INF INF INF INF INF INF INF INF INF INF INF INF INF INF INF INF INF INF INF INF INF INF INF 0 13 26 51 52 53 63 69 76 81 86 89 91 109 126 76 99 100 58 10 33 56 77 27 34 53 62 27 20 36 50 45 67 82 106 40 59 55 78 86 73 85 57 42 45 48 72 30 45 66 73 94 44 11 22 41 55 69 90 12 24 32 38 16 17 12 15 30 16 20 35 39 46 58 31 51 42 57 54 34 39 43 49 39 46 14 13 36 35 16 13 20 33 52 30 42 33 18 41 49 21 23 22 19 37 33 24 30 30 36 2 27 30 34 37 35 45 24 32 49 32 42 36 42 30 40 25 23 39 36 27 27 23 28 19 20 22 36 28 35 25 35 32 2 7 16 16 22 26 34 11 21 17 18 11 19 24 17 13 20 6 25 27 18 16 27 34 24 14 21 18 22 18 11 17 18 20 19 10 15 14 15 18 27 21 30 25 19 13 18 22 15 9 23 17 11 14 17 17 23 24 8 9 24 23 19 16 12 25 21 12 24 8 16 12 6 17 10 14 21 19 18 19 14 12 21 15 14 15 13 13 18 19 17 17 18 11
INF INF INF INF INF INF INF INF INF INF INF INF INF INF INF INF INF INF INF INF INF INF INF INF INF INF INF INF INF INF INF INF INF INF INF INF INF INF INF INF INF INF INF INF INF INF INF INF INF INF INF INF INF INF INF INF INF INF INF INF INF INF INF INF INF INF INF INF INF INF INF INF INF INF INF INF INF INF INF INF INF INF INF INF INF INF INF INF INF INF INF INF INF INF INF INF INF INF INF INF INF INF INF INF INF INF INF INF INF INF INF INF INF INF INF INF INF INF INF INF INF INF INF INF INF INF INF INF INF INF INF INF INF INF INF INF INF INF INF INF INF INF INF INF INF INF INF INF INF INF INF INF INF INF INF INF INF INF INF INF INF INF INF INF INF INF INF INF INF INF INF INF INF INF INF INF INF INF INF INF INF INF INF INF INF INF INF INF INF INF INF INF INF INF INF INF INF INF INF INF INF INF INF INF INF INF INF INF INF INF INF INF INF INF INF INF INF INF INF INF INF INF INF INF INF INF INF INF INF INF INF INF INF INF INF INF INF INF INF INF INF INF INF INF INF INF INF INF INF INF INF INF INF INF INF INF INF INF INF INF INF INF INF INF 0 13 38 39 40 50 56 63 68 73 76 78 96 113 63 86 87 45 63 48 64 85 59 66 65 74 80 22 38 52 54 58 73 97 55 74 42 65 75 76 88 44 57 47 69 93 62 64 78 64 85 46 46 57 59 69 88 109 56 23 31 37 45 52 47 29 44 3 8 23 27 45 57 54 72 51 66 42 49 54 45 50 59 66 36 52 63 66 26 39 7 32 51 40 37 44 5 28 36 35 37 9 13 28 32 11 31 35 51 8 33 36 33 32 34 44 15 23 41 43 48 39 48 17 33 35 11 27 23 29 14 24 18 32 18 9 25 21 36 23 29 22 22 27 25 24 30 32 40 21 10 4 5 29 21 12 11 19 26 19 13 32 28 15 15 25 18 8 8 23 11 17 20 18 15 19 27 15 25 8 16 5 20 8 24 12 6 10 18 10 10 15 10 15 15 14 9 21 17 11 13 14 22 18 14 11 15 12 12 17 22 21 16 14 8 17 15 13 19 17 15 16 14 13 9 10 11 25 17 8 7 14 18 8 20 13
INF INF INF INF INF INF INF INF INF INF INF INF INF INF INF INF INF INF INF INF INF INF INF INF INF INF INF INF INF INF INF INF INF INF INF INF INF INF INF INF INF INF INF INF INF INF INF INF INF INF INF INF INF INF INF INF INF INF INF INF INF INF INF INF INF INF INF INF INF INF INF INF INF INF INF INF INF INF INF INF INF INF INF INF INF INF INF INF INF INF INF INF INF INF INF INF INF INF INF INF INF INF INF INF INF INF INF INF INF INF INF INF INF INF INF INF INF INF INF INF INF INF INF INF INF INF INF INF INF INF INF INF INF INF INF INF INF INF INF INF INF INF INF INF INF INF INF INF INF INF INF INF INF INF INF INF INF INF INF INF INF INF INF INF INF INF INF INF INF INF INF INF INF INF INF INF INF INF INF INF INF INF INF INF INF INF INF INF INF INF INF INF INF INF INF INF INF INF INF INF INF INF INF INF INF INF INF INF INF INF INF INF INF INF INF INF INF INF INF INF INF INF INF INF INF INF INF INF INF INF INF INF INF INF INF INF INF INF INF INF INF INF INF INF INF INF INF INF INF INF INF INF INF INF INF INF INF INF INF INF INF INF INF INF INF 0 25 26 27 37 43 50 55 60 63 65 83 100 50 73 74 32 50 35 51 72 46 53 52 61 67 16 32 46 48 45 60 84 42 61 29 52 62 63 75 31 44 41 63 87 49 51 65 51 72 40 40 51 46 56 75 96 43 55 63 63 45 46 41 44 47 70 7 22 26 46 58 42 66 38 53 41 36 41 39 37 46 53 23 39 50 53 20 33 23 48 67 34 36 48 36 57 65 37 39 25 29 20 27 29 34 29 38 39 32 35 43 24 37 47 38 38 52 37 47 52 40 41 27 29 10 26 24 28 30 35 17 31 19 42 45 44 38 24 21 21 23 27 26 23 29 42 40 33 14 17 18 42 20 11 21 34 36 27 12 34 29 14 14 30 28 21 34 25 33 30 30 17 31 18 26 19 29 21 24 26 12 25 25 24 19 23 17 23 28 29 23 2 13 27 20 31 28 28 25 24 22 19 19 19 17 29 28 15 27 28 18 19 20 16 14 19 19 28 14 24 18 18 25 19 17 24 24 6 11 19 23 18 17 6
INF INF INF INF INF INF INF INF INF INF INF INF INF INF INF INF INF INF INF INF INF INF INF INF INF INF INF INF INF INF INF INF INF INF INF INF INF INF INF INF INF INF INF INF INF INF INF INF INF INF INF INF INF INF INF INF INF INF INF INF INF INF INF INF INF INF INF INF INF INF INF INF INF INF INF INF INF INF INF INF INF INF INF INF INF INF INF INF INF INF INF INF INF INF INF INF INF INF INF INF INF INF INF INF INF INF INF INF INF INF INF INF INF INF INF INF INF INF INF INF INF INF INF INF INF INF INF INF INF INF INF INF INF INF INF INF INF INF INF INF INF INF INF INF INF INF INF INF INF INF INF INF INF INF INF INF INF INF INF INF INF INF INF INF INF INF INF INF INF INF INF INF INF INF INF INF INF INF INF INF INF INF INF INF INF INF INF INF INF INF INF INF INF INF INF INF INF INF INF INF INF INF INF INF INF INF INF INF INF INF INF INF INF INF INF INF INF INF INF INF INF INF INF INF INF INF INF INF INF INF INF INF INF INF INF INF INF INF INF INF INF INF INF INF INF INF INF INF INF INF INF INF INF INF INF INF INF INF INF INF INF INF INF INF INF INF 0 1 2 12 18 25 30 35 38 40 58 75 25 48 49 7 25 10 26 47 21 28 27 36 42 20 36 42 39 20 35 59 17 36 4 27 37 38 50 6 19 26 42 66 24 26 40 26 47 40 26 37 21 31 50 71 18 30 38 38 26 27 20 23 22 45 35 50 54 49 61 17 41 13 28 29 11 16 29 12 21 28 20 29 25 28 24 28 40 24 43 32 12 24 11 32 40 18 20 40 9 26 13 15 35 4 13 14 29 20 25 19 26 28 14 21 33 12 25 27 19 20 2 12 8 24 29 26 20 10 15 29 7 30 20 26 13 12 12 9 11 16 14 15 21 21 15 26 12 3 4 19 20 15 6 17 21 14 16 26 4 13 12 11 13 7 13 13 16 16 18 21 14 13 20 17 21 7 15 12 23 20 17 19 5 9 9 9 14 15 9 7 13 13 10 14 16 19 11 10 18 17 13 7 8 12 16 12 9 10 15 3 5 12 6 6 13 13 11 15 10 8 13 10 13 16 12 10 6 12 16 7 16 11
INF INF INF INF INF INF INF INF INF INF INF INF INF INF INF INF INF INF INF INF INF INF INF INF INF INF INF INF INF INF INF INF INF INF INF INF INF INF INF INF INF INF INF INF INF INF INF INF INF INF INF INF INF INF INF INF INF INF INF INF INF INF INF INF INF INF INF INF INF INF INF INF INF INF INF INF INF INF INF INF INF INF INF INF INF INF INF INF INF INF INF INF INF INF INF INF INF INF INF INF INF INF INF INF INF INF INF INF INF INF INF INF INF INF INF INF INF INF INF INF INF INF INF INF INF INF INF INF INF INF INF INF INF INF INF INF INF INF INF INF INF INF INF INF INF INF INF INF INF INF INF INF INF INF INF INF INF INF INF INF INF INF INF INF INF INF INF INF INF INF INF INF INF INF INF INF INF INF INF INF INF INF INF INF INF INF INF INF INF INF INF INF INF INF INF INF INF INF INF INF INF INF INF INF INF INF INF INF INF INF INF INF INF INF INF INF INF INF INF INF INF INF INF INF INF INF INF INF INF INF INF INF INF INF INF INF INF INF INF INF INF INF INF INF INF INF INF INF INF INF INF INF INF INF INF INF INF INF INF INF INF INF INF INF INF INF INF 0 1 11 17 24 29 34 37 39 57 74 24 47 48 6 24 9 25 46 20 27 26 35 41 19 35 41 38 19 34 58 16 35 26 42 38 39 51 28 18 25 41 65 23 25 39 25 46 39 25 36 43 30 49 70 30 41 49 37 25 31 19 22 21 44 34 49 53 48 60 31 40 12 27 28 10 15 28 11 20 27 32 28 24 27 23 27 39 23 42 31 11 23 20 31 39 17 19 39 30 25 12 14 34 26 12 19 37 19 24 27 25 27 13 20 32 24 34 26 18 19 32 13 7 23 36 25 19 29 17 31 6 29 19 25 17 11 11 8 10 15 13 14 20 20 14 25 11 2 3 20 21 14 9 18 24 14 15 25 15 12 11 10 16 6 12 12 15 15 17 20 14 13 19 16 20 6 14 15 22 22 21 22 4 8 8 8 13 14 8 6 12 12 9 18 15 18 11 12 20 16 12 6 13 11 19 11 8 9 14 13 4 17 11 11 12 14 10 15 9 11 16 12 15 17 16 10 5 16 20 6 18 10
INF INF INF INF INF INF INF INF INF INF INF INF INF INF INF INF INF INF INF INF INF INF INF INF INF INF INF INF INF INF INF INF INF INF INF INF INF INF INF INF INF INF INF INF INF INF INF INF INF INF INF INF INF INF INF INF INF INF INF INF INF INF INF INF INF INF INF INF INF INF INF INF INF INF INF INF INF INF INF INF INF INF INF INF INF INF INF INF INF INF INF INF INF INF INF INF INF INF INF INF INF INF INF INF INF INF INF INF INF INF INF INF INF INF INF INF INF INF INF INF INF INF INF INF INF INF INF INF INF INF INF INF INF INF INF INF INF INF INF INF INF INF INF INF INF INF INF INF INF INF INF INF INF INF INF INF INF INF INF INF INF INF INF INF INF INF INF INF INF INF INF INF INF INF INF INF INF INF INF INF INF INF INF INF INF INF INF INF INF INF INF INF INF INF INF INF INF INF INF INF INF INF INF INF INF INF INF INF INF INF INF INF INF INF INF INF INF INF INF INF INF INF INF INF INF INF INF INF INF INF INF INF INF INF INF INF INF INF INF INF INF INF INF INF INF INF INF INF INF INF INF INF INF INF INF INF INF INF INF INF INF INF INF INF INF INF INF INF 0 10 16 23 28 33 36 38 56 73 23 46 47 13 31 49 35 56 19 26 25 34 45 18 34 40 37 59 74 75 27 41 36 41 51 45 57 38 29 32 40 64 22 36 38 47 68 38 32 43 53 52 48 69 40 41 49 36 36 38 24 27 20 43 41 54 58 47 59 40 43 19 34 35 45 24 37 36 31 38 41 27 31 46 22 34 49 22 41 36 46 23 19 42 49 33 33 51 37 32 11 13 33 25 27 22 44 47 23 26 24 34 12 20 38 25 34 35 26 27 33 20 14 30 35 32 25 33 24 38 5 28 42 40 38 10 22 7 9 14 12 13 19 29 29 35 18 1 2 24 28 27 8 25 23 13 28 24 29 21 18 9 15 5 18 11 21 14 16 19 18 13 22 17 19 5 13 14 21 22 31 21 3 7 7 7 12 13 7 5 15 11 8 19 14 20 10 11 19 15 11 8 12 13 21 10 22 15 13 12 16 16 15 10 16 18 12 19 9 10 15 13 14 22 17 9 4 17 21 5 17 9
INF INF INF INF INF INF INF INF INF INF INF INF INF INF INF INF INF INF INF INF INF INF INF INF INF INF INF INF INF INF INF INF INF INF INF INF INF INF INF INF INF INF INF INF INF INF INF INF INF INF INF INF INF INF INF INF INF INF INF INF INF INF INF INF INF INF INF INF INF INF INF INF INF INF INF INF INF INF INF INF INF INF INF INF INF INF INF INF INF INF INF INF INF INF INF INF INF INF INF INF INF INF INF INF INF INF INF INF INF INF INF INF INF INF INF INF INF INF INF INF INF INF INF INF INF INF INF INF INF INF INF INF INF INF INF INF INF INF INF INF INF INF INF INF INF INF INF INF INF INF INF INF INF INF INF INF INF INF INF INF INF INF INF INF INF INF INF INF INF INF INF INF INF INF INF INF INF INF INF INF INF INF INF INF INF INF INF INF INF INF INF INF INF INF INF INF INF INF INF INF INF INF INF INF INF INF INF INF INF INF INF INF INF INF INF INF INF INF INF INF INF INF INF INF INF INF INF INF INF INF INF INF INF INF INF INF INF INF INF INF INF INF INF INF INF INF INF INF INF INF INF INF INF INF INF INF INF INF INF INF INF INF INF INF INF INF INF INF INF 0 6 13 18 23 26 28 46 63 13 36 37 3 21 39 25 46 9 16 15 24 35 8 24 30 27 49 64 65 17 31 26 31 41 35 47 28 19 22 30 54 12 26 28 37 58 28 22 33 43 42 38 59 30 31 39 26 26 28 14 17 10 33 31 44 48 37 49 30 33 9 24 25 35 14 27 26 21 28 31 17 21 36 12 24 39 35 40 26 36 13 9 32 39 23 23 41 27 22 20 22 26 38 17 12 34 37 31 26 32 26 2 10 28 34 24 25 16 17 33 10 4 20 27 22 15 25 14 28 11 33 32 30 31 12 23 12 14 19 14 15 21 19 19 25 8 11 12 15 18 17 15 15 30 18 18 26 32 20 8 12 22 15 22 12 18 21 19 9 22 11 17 13 19 15 18 24 20 16 28 31 11 15 13 15 14 19 15 21 17 18 13 21 13 15 18 19 22 22 12 16 15 3 11 13 25 20 16 16 14 23 8 17 21 14 14 20 15 12 8 13 12 22 19 17 14 16 19 10 12 8
INF INF INF INF INF INF INF INF INF INF INF INF INF INF INF INF INF INF INF INF INF INF INF INF INF INF INF INF INF INF INF INF INF INF INF INF INF INF INF INF INF INF INF INF INF INF INF INF INF INF INF INF INF INF INF INF INF INF INF INF INF INF INF INF INF INF INF INF INF INF INF INF INF INF INF INF INF INF INF INF INF INF INF INF INF INF INF INF INF INF INF INF INF INF INF INF INF INF INF INF INF INF INF INF INF INF INF INF INF INF INF INF INF INF INF INF INF INF INF INF INF INF INF INF INF INF INF INF INF INF INF INF INF INF INF INF INF INF INF INF INF INF INF INF INF INF INF INF INF INF INF INF INF INF INF INF INF INF INF INF INF INF INF INF INF INF INF INF INF INF INF INF INF INF INF INF INF INF INF INF INF INF INF INF INF INF INF INF INF INF INF INF INF INF INF INF INF INF INF INF INF INF INF INF INF INF INF INF INF INF INF INF INF INF INF INF INF INF INF INF INF INF INF INF INF INF INF INF INF INF INF INF INF INF INF INF INF INF INF INF INF INF INF INF INF INF INF INF INF INF INF INF INF INF INF INF INF INF INF INF INF INF INF INF INF INF INF INF INF INF 0 7 12 17 20 22 40 57 7 30 31 39 32 33 19 40 3 10 29 38 45 41 30 44 21 43 58 59 40 25 20 25 35 36 48 22 35 36 24 48 6 21 22 31 52 22 26 29 37 36 45 64 24 25 33 34 31 31 8 11 4 27 32 47 51 31 43 33 27 18 24 25 34 32 43 23 15 22 26 11 30 31 28 28 33 29 34 24 36 7 3 26 34 17 17 35 25 31 14 16 20 32 11 6 31 34 25 25 26 28 13 19 33 28 18 19 10 11 27 19 20 19 21 25 26 26 30 28 16 28 26 25 25 6 23 6 8 13 8 9 15 22 13 26 24 25 21 9 15 18 13 17 28 12 19 20 32 17 16 21 20 17 16 11 19 15 17 10 23 5 11 16 13 16 19 24 14 27 22 26 8 12 14 11 8 13 12 23 15 12 7 15 7 19 14 15 21 19 6 10 10 14 22 15 20 14 14 15 10 22 12 16 15 21 12 14 12 10 14 12 14 16 15 12 13 16 13 11 18 16
INF INF INF INF INF INF INF INF INF INF INF INF INF INF INF INF INF INF INF INF INF INF INF INF INF INF INF INF INF INF INF INF INF INF INF INF INF INF INF INF INF INF INF INF INF INF INF INF INF INF INF INF INF INF INF INF INF INF INF INF INF INF INF INF INF INF INF INF INF INF INF INF INF INF INF INF INF INF INF INF INF INF INF INF INF INF INF INF INF INF INF INF INF INF INF INF INF INF INF INF INF INF INF INF INF INF INF INF INF INF INF INF INF INF INF INF INF INF INF INF INF INF INF INF INF INF INF INF INF INF INF INF INF INF INF INF INF INF INF INF INF INF INF INF INF INF INF INF INF INF INF INF INF INF INF INF INF INF INF INF INF INF INF INF INF INF INF INF INF INF INF INF INF INF INF INF INF INF INF INF INF INF INF INF INF INF INF INF INF INF INF INF INF INF INF INF INF INF INF INF INF INF INF INF INF INF INF INF INF INF INF INF INF INF INF INF INF INF INF INF INF INF INF INF INF INF INF INF INF INF INF INF INF INF INF INF INF INF INF INF INF INF INF INF INF INF INF INF INF INF INF INF INF INF INF INF INF INF INF INF INF INF INF INF INF INF INF INF INF INF INF 0 21 26 29 31 49 66 1 24 25 33 25 42 28 49 42 49 68 38 42 50 23 37 33 55 70 68 47 34 29 52 62 63 75 31 37 44 63 87 45 36 31 25 46 31 26 22 41 30 52 73 33 19 27 33 31 32 27 25 40 63 35 43 47 41 53 42 38 39 33 34 43 41 42 16 25 32 35 5 28 43 31 28 27 43 43 39 49 38 36 50 48 22 24 29 33 29 7 9 29 45 19 26 41 44 18 18 19 29 11 18 34 21 34 35 4 5 21 29 32 13 30 19 24 34 26 34 12 35 24 30 34 17 18 30 14 9 18 9 15 28 12 25 24 27 15 14 19 26 21 29 35 18 27 20 25 17 10 20 26 18 16 9 19 9 12 16 23 9 5 17 15 15 16 24 8 25 25 20 14 18 14 18 9 14 13 29 15 6 11 20 17 22 16 17 15 21 10 14 15 12 20 9 21 10 8 9 17 16 12 12 15 23 10 20 16 10 14 16 13 18 18 13 11 17 21 16 15 12
INF INF INF INF INF INF INF INF INF INF INF INF INF INF INF INF INF INF INF INF INF INF INF INF INF INF INF INF INF INF INF INF INF INF INF INF INF INF INF INF INF INF INF INF INF INF INF INF INF INF INF INF INF INF INF INF INF INF INF INF INF INF INF INF INF INF INF INF INF INF INF INF INF INF INF INF INF INF INF INF INF INF INF INF INF INF INF INF INF INF INF INF INF INF INF INF INF INF INF INF INF INF INF INF INF INF INF INF INF INF INF INF INF INF INF INF INF INF INF INF INF INF INF INF INF INF INF INF INF INF INF INF INF INF INF INF INF INF INF INF INF INF INF INF INF INF INF INF INF INF INF INF INF INF INF INF INF INF INF INF INF INF INF INF INF INF INF INF INF INF INF INF INF INF INF INF INF INF INF INF INF INF INF INF INF INF INF INF INF INF INF INF INF INF INF INF INF INF INF INF INF INF INF INF INF INF INF INF INF INF INF INF INF INF INF INF INF INF INF INF INF INF INF INF INF INF INF INF INF INF INF INF INF INF INF INF INF INF INF INF INF INF INF INF INF INF INF INF INF INF INF INF INF INF INF INF INF INF INF INF INF INF INF INF INF INF INF INF INF INF INF INF 0 5 8 10 28 45 68 91 92 100 21 21 7 28 38 45 51 27 33 29 45 59 12 34 49 47 28 13 8 31 41 42 54 10 23 30 52 76 41 15 10 28 49 10 14 25 25 33 41 52 12 24 32 22 19 19 15 18 21 44 28 43 47 46 58 21 43 53 12 13 22 20 33 30 38 38 14 26 28 38 16 16 32 22 22 18 28 17 15 36 27 21 5 25 13 21 24 26 21 25 24 18 30 25 23 25 24 30 25 29 35 32 19 18 6 7 23 25 31 15 33 40 28 14 19 21 28 27 14 18 17 22 22 19 18 22 24 25 23 29 26 21 24 13 14 16 21 26 16 25 23 22 23 22 21 24 12 20 11 17 18 24 21 11 14 27 14 13 7 19 20 17 18 26 10 28 21 22 10 14 19 14 11 16 14 24 17 16 15 18 16 24 17 18 17 22 14 15 17 25 20 19 26 21 16 17 19 18 19 20 23 17 19 15 10 16 17 14 13 4 16 11 13 17 9 8 11 18
INF INF INF INF INF INF INF INF INF INF INF INF INF INF INF INF INF INF INF INF INF INF INF INF INF INF INF INF INF INF INF INF INF INF INF INF INF INF INF INF INF INF INF INF INF INF INF INF INF INF INF INF INF INF INF INF INF INF INF INF INF INF INF INF INF INF INF INF INF INF INF INF INF INF INF INF INF INF INF INF INF INF INF INF INF INF INF INF INF INF INF INF INF INF INF INF INF INF INF INF INF INF INF INF INF INF INF INF INF INF INF INF INF INF INF INF INF INF INF INF INF INF INF INF INF INF INF INF INF INF INF INF INF INF INF INF INF INF INF INF INF INF INF INF INF INF INF INF INF INF INF INF INF INF INF INF INF INF INF INF INF INF INF INF INF INF INF INF INF INF INF INF INF INF INF INF INF INF INF INF INF INF INF INF INF INF INF INF INF INF INF INF INF INF INF INF INF INF INF INF INF INF INF INF INF INF INF INF INF INF INF INF INF INF INF INF INF INF INF INF INF INF INF INF INF INF INF INF INF INF INF INF INF INF INF INF INF INF INF INF INF INF INF INF INF INF INF INF INF INF INF INF INF INF INF INF INF INF INF INF INF INF INF INF INF INF INF INF INF INF INF INF INF 0 3 5 23 40 63 86 87 95 16 16 39 60 33 40 46 55 28 51 67 61 51 73 88 42 23 8 27 50 55 56 68 29 25 32 54 78 36 10 31 49 70 75 17 28 44 54 69 47 32 38 46 52 22 23 18 21 16 39 23 38 42 60 72 38 57 48 7 8 17 15 28 32 41 48 23 21 23 38 11 19 35 17 17 13 23 19 34 38 22 16 18 37 25 16 19 21 25 20 19 25 28 31 18 20 19 25 29 24 30 28 14 29 18 19 29 20 26 27 30 35 27 28 33 17 26 34 9 13 30 18 17 14 13 17 20 20 26 27 21 16 19 22 23 17 25 21 11 21 26 17 18 24 23 19 24 26 14 20 19 19 22 23 21 22 17 16 19 16 21 24 21 28 22 32 31 23 5 9 14 9 14 19 9 20 21 13 13 21 11 22 12 13 19 17 17 10 18 23 25 16 28 18 15 14 17 20 17 16 18 18 14 18 13 13 16 17 16 19 18 7 12 20 13 15 6 19
INF INF INF INF INF INF INF INF INF INF INF INF INF INF INF INF INF INF INF INF INF INF INF INF INF INF INF INF INF INF INF INF INF INF INF INF INF INF INF INF INF INF INF INF INF INF INF INF INF INF INF INF INF INF INF INF INF INF INF INF INF INF INF INF INF INF INF INF INF INF INF INF INF INF INF INF INF INF INF INF INF INF INF INF INF INF INF INF INF INF INF INF INF INF INF INF INF INF INF INF INF INF INF INF INF INF INF INF INF INF INF INF INF INF INF INF INF INF INF INF INF INF INF INF INF INF INF INF INF INF INF INF INF INF INF INF INF INF INF INF INF INF INF INF INF INF INF INF INF INF INF INF INF INF INF INF INF INF INF INF INF INF INF INF INF INF INF INF INF INF INF INF INF INF INF INF INF INF INF INF INF INF INF INF INF INF INF INF INF INF INF INF INF INF INF INF INF INF INF INF INF INF INF INF INF INF INF INF INF INF INF INF INF INF INF INF INF INF INF INF INF INF INF INF INF INF INF INF INF INF INF INF INF INF INF INF INF INF INF INF INF INF INF INF INF INF INF INF INF INF INF INF INF INF INF INF INF INF INF INF INF INF INF INF INF INF INF INF INF INF INF INF INF INF 0 2 20 37 60 83 84 92 13 36 59 80 30 37 43 52 25 48 64 58 48 70 85 39 43 5 24 47 52 53 65 26 39 46 51 75 33 7 28 46 67 72 14 25 41 51 66 44 29 35 43 49 19 20 15 18 13 36 20 35 39 57 69 37 54 45 4 5 15 12 25 35 42 49 31 47 20 35 8 16 32 14 14 10 20 16 31 52 19 13 15 34 22 21 16 18 22 17 17 22 27 30 15 18 16 22 26 25 27 25 11 26 15 16 26 17 23 24 27 41 24 25 30 14 24 31 6 10 27 15 16 11 10 15 17 17 23 29 19 13 16 19 20 14 22 19 8 18 23 14 15 21 20 17 21 24 11 17 16 16 19 20 19 19 14 13 16 13 18 21 18 26 19 29 28 20 2 6 11 6 11 16 6 17 18 10 10 18 8 19 9 10 16 14 14 7 15 20 22 13 25 16 12 11 14 17 14 13 15 15 11 15 10 10 13 14 13 16 15 17 16 17 10 12 3 16
INF INF INF INF INF INF INF INF INF INF INF INF INF INF INF INF INF INF INF INF INF INF INF INF INF INF INF INF INF INF INF INF INF INF INF INF INF INF INF INF INF INF INF INF INF INF INF INF INF INF INF INF INF INF INF INF INF INF INF INF INF INF INF INF INF INF INF INF INF INF INF INF INF INF INF INF INF INF INF INF INF INF INF INF INF INF INF INF INF INF INF INF INF INF INF INF INF INF INF INF INF INF INF INF INF INF INF INF INF INF INF INF INF INF INF INF INF INF INF INF INF INF INF INF INF INF INF INF INF INF INF INF INF INF INF INF INF INF INF INF INF INF INF INF INF INF INF INF INF INF INF INF INF INF INF INF INF INF INF INF INF INF INF INF INF INF INF INF INF INF INF INF INF INF INF INF INF INF INF INF INF INF INF INF INF INF INF INF INF INF INF INF INF INF INF INF INF INF INF INF INF INF INF INF INF INF INF INF INF INF INF INF INF INF INF INF INF INF INF INF INF INF INF INF INF INF INF INF INF INF INF INF INF INF INF INF INF INF INF INF INF INF INF INF INF INF INF INF INF INF INF INF INF INF INF INF INF INF INF INF INF INF INF INF INF INF INF INF INF INF INF INF INF INF INF 0 18 35 58 81 82 90 11 34 57 78 28 35 41 50 23 46 62 56 46 68 83 37 41 3 22 45 50 51 63 24 37 44 49 73 31 46 67 74 95 70 12 23 39 53 64 42 27 33 41 47 17 18 13 16 31 54 18 33 37 55 67 35 52 43 21 22 32 37 50 33 40 47 29 45 55 36 17 14 30 12 12 22 18 30 29 50 36 22 24 32 20 44 14 16 22 15 33 20 39 42 13 16 14 24 24 25 29 23 28 37 32 33 24 26 21 37 25 39 37 23 28 20 22 45 4 10 27 27 25 24 26 26 22 17 23 27 35 13 20 23 23 12 20 22 6 24 21 14 13 23 20 15 25 27 9 15 19 19 22 19 20 17 12 11 26 11 16 19 16 24 27 27 26 29 19 16 18 13 16 17 23 25 16 19 8 18 6 18 11 12 23 20 12 16 13 19 24 22 26 19 21 21 12 18 17 20 20 20 11 13 11 8 11 15 11 22 13 15 14 15 8 14 21 20
INF INF INF INF INF INF INF INF INF INF INF INF INF INF INF INF INF INF INF INF INF INF INF INF INF INF INF INF INF INF INF INF INF INF INF INF INF INF INF INF INF INF INF INF INF INF INF INF INF INF INF INF INF INF INF INF INF INF INF INF INF INF INF INF INF INF INF INF INF INF INF INF INF INF INF INF INF INF INF INF INF INF INF INF INF INF INF INF INF INF INF INF INF INF INF INF INF INF INF INF INF INF INF INF INF INF INF INF INF INF INF INF INF INF INF INF INF INF INF INF INF INF INF INF INF INF INF INF INF INF INF INF INF INF INF INF INF INF INF INF INF INF INF INF INF INF INF INF INF INF INF INF INF INF INF INF INF INF INF INF INF INF INF INF INF INF INF INF INF INF INF INF INF INF INF INF INF INF INF INF INF INF INF INF INF INF INF INF INF INF INF INF INF INF INF INF INF INF INF INF INF INF INF INF INF INF INF INF INF INF INF INF INF INF INF INF INF INF INF INF INF INF INF INF INF INF INF INF INF INF INF INF INF INF INF INF INF INF INF INF INF INF INF INF INF INF INF INF INF INF INF INF INF INF INF INF INF INF INF INF INF INF INF INF INF INF INF INF INF INF INF INF INF INF INF INF 0 17 40 63 64 72 90 113 136 157 107 114 23 32 43 66 82 38 40 62 77 19 38 57 76 99 32 33 45 50 40 30 52 76 89 47 68 64 85 90 76 87 93 69 46 24 44 56 64 34 42 53 41 44 52 43 46 60 64 78 90 25 49 68 3 4 14 19 32 15 24 31 46 44 64 64 7 29 45 62 81 9 21 23 45 53 18 12 14 34 35 56 45 33 21 36 16 23 26 29 37 31 38 31 17 24 36 28 10 25 22 23 36 16 25 31 35 43 23 33 34 13 28 34 23 9 26 22 15 6 8 13 22 16 22 34 18 12 15 18 19 32 24 18 19 17 34 12 19 20 19 21 28 26 17 22 15 14 18 27 17 18 17 17 23 16 22 20 20 29 21 31 30 19 8 12 10 12 17 15 12 16 17 12 19 24 6 18 15 16 15 15 18 13 18 18 26 15 27 10 14 14 17 16 17 16 21 14 11 18 13 16 20 16 17 18 19 16 20 20 23 18 14 13
INF INF INF INF INF INF INF INF INF INF INF INF INF INF INF INF INF INF INF INF INF INF INF INF INF INF INF INF INF INF INF INF INF INF INF INF INF INF INF INF INF INF INF INF INF INF INF INF INF INF INF INF INF INF INF INF INF INF INF INF INF INF INF INF INF INF INF INF INF INF INF INF INF INF INF INF INF INF INF INF INF INF INF INF INF INF INF INF INF INF INF INF INF INF INF INF INF INF INF INF INF INF INF INF INF INF INF INF INF INF INF INF INF INF INF INF INF INF INF INF INF INF INF INF INF INF INF INF INF INF INF INF INF INF INF INF INF INF INF INF INF INF INF INF INF INF INF INF INF INF INF INF INF INF INF INF INF INF INF INF INF INF INF INF INF INF INF INF INF INF INF INF INF INF INF INF INF INF INF INF INF INF INF INF INF INF INF INF INF INF INF INF INF INF INF INF INF INF INF INF INF INF INF INF INF INF INF INF INF INF INF INF INF INF INF INF INF INF INF INF INF INF INF INF INF INF INF INF INF INF INF INF INF INF INF INF INF INF INF INF INF INF INF INF INF INF INF INF INF INF INF INF INF INF INF INF INF INF INF INF INF INF INF INF INF INF INF INF INF INF INF INF INF INF INF INF INF 0 23 46 47 55 73 96 119 140 90 97 6 15 26 49 65 21 23 45 60 84 69 63 82 105 64 26 38 43 56 13 35 59 72 53 74 47 68 73 73 84 99 52 29 7 27 39 47 17 25 36 61 45 60 83 29 43 47 61 73 21 38 57 49 50 60 50 63 20 29 26 29 27 50 53 14 36 49 69 88 24 36 27 48 69 64 15 17 37 36 51 28 16 28 19 37 26 41 44 26 14 27 37 22 30 42 27 36 19 26 21 35 23 32 35 28 41 29 27 17 31 20 24 28 34 33 25 39 21 22 27 27 28 34 39 34 35 22 25 23 27 18 28 29 28 43 26 29 29 31 16 29 30 22 26 18 26 21 25 20 28 25 20 24 27 25 23 10 22 30 30 23 29 23 27 19 27 20 25 27 23 25 18 21 17 19 24 23 18 28 18 21 15 26 23 29 21 22 20 20 21 25 17 21 24 24 28 19 26 18 24 21 22 18 25 25 22 25 19 23 19 25 19
INF INF INF INF INF INF INF INF INF INF INF INF INF INF INF INF INF INF INF INF INF INF INF INF INF INF INF INF INF INF INF INF INF INF INF INF INF INF INF INF INF INF INF INF INF INF INF INF INF INF INF INF INF INF INF INF INF INF INF INF INF INF INF INF INF INF INF INF INF INF INF INF INF INF INF INF INF INF INF INF INF INF INF INF INF INF INF INF INF INF INF INF INF INF INF INF INF INF INF INF INF INF INF INF INF INF INF INF INF INF INF INF INF INF INF INF INF INF INF INF INF INF INF INF INF INF INF INF INF INF INF INF INF INF INF INF INF INF INF INF INF INF INF INF INF INF INF INF INF INF INF INF INF INF INF INF INF INF INF INF INF INF INF INF INF INF INF INF INF INF INF INF INF INF INF INF INF INF INF INF INF INF INF INF INF INF INF INF INF INF INF INF INF INF INF INF INF INF INF INF INF INF INF INF INF INF INF INF INF INF INF INF INF INF INF INF INF INF INF INF INF INF INF INF INF INF INF INF INF INF INF INF INF INF INF INF INF INF INF INF INF INF INF INF INF INF INF INF INF INF INF INF INF INF INF INF INF INF INF INF INF INF INF INF INF INF INF INF INF INF INF INF INF INF INF INF INF INF 0 23 24 32 50 73 96 117 67 74 93 37 48 71 87 101 85 107 122 146 46 40 59 82 92 93 105 48 36 43 65 89 70 55 76 24 45 67 51 62 76 29 51 72 66 18 26 32 40 56 49 24 39 62 35 50 54 40 52 43 37 38 48 49 59 64 77 42 29 36 51 4 27 42 52 53 26 46 65 54 64 39 53 49 57 30 32 28 32 28 27 29 43 49 18 25 40 43 41 32 42 52 10 18 36 41 54 34 3 4 20 30 33 12 36 18 23 33 25 38 11 34 39 42 45 16 29 29 13 18 18 19 25 27 20 33 28 31 14 13 18 25 20 28 35 17 26 30 40 27 9 20 27 17 26 8 22 8 11 28 26 19 4 16 17 14 15 23 7 24 24 19 13 17 13 17 8 13 12 28 14 5 16 19 16 25 15 16 14 20 20 16 14 11 19 8 20 19 7 8 16 15 11 11 22 22 9 19 15 14 16 15 12 24 17 12 10 16 20 15 18 11
INF INF INF INF INF INF INF INF INF INF INF INF INF INF INF INF INF INF INF INF INF INF INF INF INF INF INF INF INF INF INF INF INF INF INF INF INF INF INF INF INF INF INF INF INF INF INF INF INF INF INF INF INF INF INF INF INF INF INF INF INF INF INF INF INF INF INF INF INF INF INF INF INF INF INF INF INF INF INF INF INF INF INF INF INF INF INF INF INF INF INF INF INF INF INF INF INF INF INF INF INF INF INF INF INF INF INF INF INF INF INF INF INF INF INF INF INF INF INF INF INF INF INF INF INF INF INF INF INF INF INF INF INF INF INF INF INF INF INF INF INF INF INF INF INF INF INF INF INF INF INF INF INF INF INF INF INF INF INF INF INF INF INF INF INF INF INF INF INF INF INF INF INF INF INF INF INF INF INF INF INF INF INF INF INF INF INF INF INF INF INF INF INF INF INF INF INF INF INF INF INF INF INF INF INF INF INF INF INF INF INF INF INF INF INF INF INF INF INF INF INF INF INF INF INF INF INF INF INF INF INF INF INF INF INF INF INF INF INF INF INF INF INF INF INF INF INF INF INF INF INF INF INF INF INF INF INF INF INF INF INF INF INF INF INF INF INF INF INF INF INF INF INF INF INF INF INF INF INF 0 1 9 27 50 73 94 44 51 70 14 25 48 64 78 62 84 99 123 23 17 36 59 69 70 82 25 13 20 42 66 47 32 53 1 22 44 28 39 53 6 28 49 43 36 44 50 20 34 26 15 30 53 12 27 31 51 63 20 14 15 25 26 36 41 54 19 6 13 28 44 27 42 29 30 3 23 42 31 41 33 30 26 34 21 15 5 9 24 4 6 26 26 27 26 29 28 24 27 25 33 15 15 33 18 31 28 43 37 26 16 10 26 29 28 10 20 16 15 25 23 27 26 31 24 15 16 18 23 21 11 17 27 23 19 14 17 13 24 3 12 19 19 34 22 13 22 22 15 14 17 21 8 21 13 13 22 24 13 17 6 9 14 12 15 19 24 25 25 30 28 15 19 18 19 13 18 17 17 11 12 8 10 3 15 19 7 22 20 7 11 11 16 19 15 19 12 8 9 15 7 11 10 3 9 8 10 14 12 5 8 8 9 11 13 12 12 11 9 12 15
INF INF INF INF INF INF INF INF INF INF INF INF INF INF INF INF INF INF INF INF INF INF INF INF INF INF INF INF INF INF INF INF INF INF INF INF INF INF INF INF INF INF INF INF INF INF INF INF INF INF INF INF INF INF INF INF INF INF INF INF INF INF INF INF INF INF INF INF INF INF INF INF INF INF INF INF INF INF INF INF INF INF INF INF INF INF INF INF INF INF INF INF INF INF INF INF INF INF INF INF INF INF INF INF INF INF INF INF INF INF INF INF INF INF INF INF INF INF INF INF INF INF INF INF INF INF INF INF INF INF INF INF INF INF INF INF INF INF INF INF INF INF INF INF INF INF INF INF INF INF INF INF INF INF INF INF INF INF INF INF INF INF INF INF INF INF INF INF INF INF INF INF INF INF INF INF INF INF INF INF INF INF INF INF INF INF INF INF INF INF INF INF INF INF INF INF INF INF INF INF INF INF INF INF INF INF INF INF INF INF INF INF INF INF INF INF INF INF INF INF INF INF INF INF INF INF INF INF INF INF INF INF INF INF INF INF INF INF INF INF INF INF INF INF INF INF INF INF INF INF INF INF INF INF INF INF INF INF INF INF INF INF INF INF INF INF INF INF INF INF INF INF INF INF INF INF INF INF INF INF 0 8 26 49 72 93 43 50 69 78 43 66 82 84 61 83 98 122 22 16 35 58 68 69 81 24 24 31 53 77 46 31 52 70 91 90 27 38 52 66 74 95 42 47 55 61 31 33 25 28 43 66 36 51 55 69 81 37 56 14 29 30 40 45 53 31 40 47 44 60 26 41 32 29 45 46 65 33 45 46 29 37 44 34 36 47 21 27 34 36 42 45 42 32 39 42 47 31 44 45 33 41 39 47 36 49 47 48 53 15 9 25 47 27 44 41 19 33 37 40 39 35 40 42 28 23 25 29 27 22 28 26 34 37 13 16 17 26 23 33 19 20 34 27 26 33 37 28 13 29 22 20 33 24 36 29 32 24 25 24 26 18 28 20 23 29 24 24 44 36 18 22 31 22 27 28 22 34 22 18 23 30 2 14 19 20 27 27 25 23 16 15 23 21 33 24 20 21 19 28 13 24 2 16 7 9 21 11 7 7 9 8 10 15 11 11 10 12 15 17
INF INF INF INF INF INF INF INF INF INF INF INF INF INF INF INF INF INF INF INF INF INF INF INF INF INF INF INF INF INF INF INF INF INF INF INF INF INF INF INF INF INF INF INF INF INF INF INF INF INF INF INF INF INF INF INF INF INF INF INF INF INF INF INF INF INF INF INF INF INF INF INF INF INF INF INF INF INF INF INF INF INF INF INF INF INF INF INF INF INF INF INF INF INF INF INF INF INF INF INF INF INF INF INF INF INF INF INF INF INF INF INF INF INF INF INF INF INF INF INF INF INF INF INF INF INF INF INF INF INF INF INF INF INF INF INF INF INF INF INF INF INF INF INF INF INF INF INF INF INF INF INF INF INF INF INF INF INF INF INF INF INF INF INF INF INF INF INF INF INF INF INF INF INF INF INF INF INF INF INF INF INF INF INF INF INF INF INF INF INF INF INF INF INF INF INF INF INF INF INF INF INF INF INF INF INF INF INF INF INF INF INF INF INF INF INF INF INF INF INF INF INF INF INF INF INF INF INF INF INF INF INF INF INF INF INF INF INF INF INF INF INF INF INF INF INF INF INF INF INF INF INF INF INF INF INF INF INF INF INF INF INF INF INF INF INF INF INF INF INF INF INF INF INF INF INF INF INF INF INF INF 0 18 41 64 85 35 42 61 70 35 58 74 76 53 75 90 114 14 33 52 75 85 81 93 54 16 23 45 69 38 23 44 62 83 82 19 30 49 63 66 87 34 39 47 53 23 25 17 20 35 58 28 43 47 61 73 29 48 6 21 22 32 37 45 23 32 39 36 52 18 33 24 21 37 38 57 25 37 38 59 29 36 26 28 39 24 19 26 28 34 37 34 27 31 34 39 23 36 37 25 33 31 39 28 41 39 40 47 7 1 17 41 19 36 45 11 25 29 32 31 27 32 34 20 15 17 21 19 14 20 18 26 29 5 8 9 18 15 25 12 12 27 20 21 25 29 22 5 21 19 12 25 16 28 21 24 16 22 17 18 10 20 12 15 21 30 16 36 28 10 14 23 14 19 20 14 26 14 18 15 22 21 12 17 18 19 19 18 15 19 13 21 21 30 22 13 14 11 20 5 16 23 24 19 23 18 9 16 10 16 29 23 20 11 13 17 12 20 18
INF INF INF INF INF INF INF INF INF INF INF INF INF INF INF INF INF INF INF INF INF INF INF INF INF INF INF INF INF INF INF INF INF INF INF INF INF INF INF INF INF INF INF INF INF INF INF INF INF INF INF INF INF INF INF INF INF INF INF INF INF INF INF INF INF INF INF INF INF INF INF INF INF INF INF INF INF INF INF INF INF INF INF INF INF INF INF INF INF INF INF INF INF INF INF INF INF INF INF INF INF INF INF INF INF INF INF INF INF INF INF INF INF INF INF INF INF INF INF INF INF INF INF INF INF INF INF INF INF INF INF INF INF INF INF INF INF INF INF INF INF INF INF INF INF INF INF INF INF INF INF INF INF INF INF INF INF INF INF INF INF INF INF INF INF INF INF INF INF INF INF INF INF INF INF INF INF INF INF INF INF INF INF INF INF INF INF INF INF INF INF INF INF INF INF INF INF INF INF INF INF INF INF INF INF INF INF INF INF INF INF INF INF INF INF INF INF INF INF INF INF INF INF INF INF INF INF INF INF INF INF INF INF INF INF INF INF INF INF INF INF INF INF INF INF INF INF INF INF INF INF INF INF INF INF INF INF INF INF INF INF INF INF INF INF INF INF INF INF INF INF INF INF INF INF INF INF INF INF INF INF INF 0 23 46 67 17 24 43 52 17 40 56 58 35 57 72 96 30 49 47 70 76 63 75 49 32 39 38 62 20 35 56 63 84 64 1 12 31 45 59 80 16 22 30 36 6 7 2 5 20 43 10 25 29 44 56 35 41 32 47 44 24 29 42 39 29 36 18 34 44 25 6 3 19 23 42 20 32 23 45 45 53 11 13 21 9 33 31 33 20 20 26 9 29 32 24 27 25 35 35 34 40 28 32 26 32 33 32 15 13 29 27 31 26 28 20 9 24 35 26 18 25 18 25 24 18 23 11 12 18 16 24 13 11 14 15 1 9 14 7 13 10 15 15 21 20 17 17 33 14 4 14 14 12 8 9 17 8 15 15 16 5 8 16 16 28 16 20 23 16 20 8 20 5 10 15 15 5 10 10 7 13 15 12 8 20 14 16 11 2 16 20 13 19 10 12 13 7 7 6 13 18 13 14 9 4 9 11 8 6 11 10 4 9 11 7 9 10 13
INF INF INF INF INF INF INF INF INF INF INF INF INF INF INF INF INF INF INF INF INF INF INF INF INF INF INF INF INF INF INF INF INF INF INF INF INF INF INF INF INF INF INF INF INF INF INF INF INF INF INF INF INF INF INF INF INF INF INF INF INF INF INF INF INF INF INF INF INF INF INF INF INF INF INF INF INF INF INF INF INF INF INF INF INF INF INF INF INF INF INF INF INF INF INF INF INF INF INF INF INF INF INF INF INF INF INF INF INF INF INF INF INF INF INF INF INF INF INF INF INF INF INF INF INF INF INF INF INF INF INF INF INF INF INF INF INF INF INF INF INF INF INF INF INF INF INF INF INF INF INF INF INF INF INF INF INF INF INF INF INF INF INF INF INF INF INF INF INF INF INF INF INF INF INF INF INF INF INF INF INF INF INF INF INF INF INF INF INF INF INF INF INF INF INF INF INF INF INF INF INF INF INF INF INF INF INF INF INF INF INF INF INF INF INF INF INF INF INF INF INF INF INF INF INF INF INF INF INF INF INF INF INF INF INF INF INF INF INF INF INF INF INF INF INF INF INF INF INF INF INF INF INF INF INF INF INF INF INF INF INF INF INF INF INF INF INF INF INF INF INF INF INF INF INF INF INF INF INF INF INF INF INF 0 23 44 67 74 93 43 54 45 61 75 77 99 114 138 7 26 24 47 57 58 70 26 9 16 38 62 70 16 37 55 76 69 45 56 41 55 57 78 28 32 40 38 16 32 10 13 28 51 56 71 75 54 66 22 41 60 52 53 1 6 19 16 25 32 30 46 56 33 45 47 45 31 50 58 28 31 31 22 30 19 21 41 29 44 31 33 44 30 3 10 35 38 32 34 33 18 18 11 23 15 28 17 9 10 23 23 21 18 42 39 27 30 31 24 39 21 24 29 33 30 2 12 14 19 28 27 33 11 5 16 17 20 20 11 17 5 6 21 21 14 6 30 19 3 15 13 13 17 22 13 22 14 17 21 16 7 10 18 15 18 19 15 13 23 30 22 7 11 6 11 14 17 11 10 12 15 9 17 22 24 6 7 13 13 8 12 12 19 19 14 22 20 17 16 14 14 14 18 13 27 8 17 9 8 16 3 12 18 11 14 8 7 11 9 17 13
INF INF INF INF INF INF INF INF INF INF INF INF INF INF INF INF INF INF INF INF INF INF INF INF INF INF INF INF INF INF INF INF INF INF INF INF INF INF INF INF INF INF INF INF INF INF INF INF INF INF INF INF INF INF INF INF INF INF INF INF INF INF INF INF INF INF INF INF INF INF INF INF INF INF INF INF INF INF INF INF INF INF INF INF INF INF INF INF INF INF INF INF INF INF INF INF INF INF INF INF INF INF INF INF INF INF INF INF INF INF INF INF INF INF INF INF INF INF INF INF INF INF INF INF INF INF INF INF INF INF INF INF INF INF INF INF INF INF INF INF INF INF INF INF INF INF INF INF INF INF INF INF INF INF INF INF INF INF INF INF INF INF INF INF INF INF INF INF INF INF INF INF INF INF INF INF INF INF INF INF INF INF INF INF INF INF INF INF INF INF INF INF INF INF INF INF INF INF INF INF INF INF INF INF INF INF INF INF INF INF INF INF INF INF INF INF INF INF INF INF INF INF INF INF INF INF INF INF INF INF INF INF INF INF INF INF INF INF INF INF INF INF INF INF INF INF INF INF INF INF INF INF INF INF INF INF INF INF INF INF INF INF INF INF INF INF INF INF INF INF INF INF INF INF INF INF INF INF INF INF INF INF INF INF 0 21 44 51 70 20 31 22 38 52 54 76 91 115 134 153 1 24 34 35 47 3 16 23 45 69 47 62 83 82 103 46 46 57 18 32 34 55 5 17 25 15 23 14 39 23 38 61 34 49 53 39 51 14 38 57 49 50 60 21 34 23 31 31 7 23 46 61 26 39 55 60 79 40 43 38 8 29 37 29 26 46 6 30 26 28 40 21 37 11 26 29 24 27 25 33 18 26 38 25 29 17 24 25 19 29 27 33 26 37 27 7 12 19 21 26 31 24 10 15 23 16 15 20 17 18 24 35 39 23 27 6 7 15 22 29 13 22 27 19 30 29 14 26 27 23 20 10 16 20 15 15 18 22 15 10 25 23 19 10 18 19 20 23 14 26 8 12 19 12 17 18 12 17 20 16 12 11 19 18 15 12 24 20 11 13 15 19 13 19 19 14 18 11 15 21 14 14 17 10 16 16 16 15 19 18 17 22 13 17 9 14 18 6 16 14
INF INF INF INF INF INF INF INF INF INF INF INF INF INF INF INF INF INF INF INF INF INF INF INF INF INF INF INF INF INF INF INF INF INF INF INF INF INF INF INF INF INF INF INF INF INF INF INF INF INF INF INF INF INF INF INF INF INF INF INF INF INF INF INF INF INF INF INF INF INF INF INF INF INF INF INF INF INF INF INF INF INF INF INF INF INF INF INF INF INF INF INF INF INF INF INF INF INF INF INF INF INF INF INF INF INF INF INF INF INF INF INF INF INF INF INF INF INF INF INF INF INF INF INF INF INF INF INF INF INF INF INF INF INF INF INF INF INF INF INF INF INF INF INF INF INF INF INF INF INF INF INF INF INF INF INF INF INF INF INF INF INF INF INF INF INF INF INF INF INF INF INF INF INF INF INF INF INF INF INF INF INF INF INF INF INF INF INF INF INF INF INF INF INF INF INF INF INF INF INF INF INF INF INF INF INF INF INF INF INF INF INF INF INF INF INF INF INF INF INF INF INF INF INF INF INF INF INF INF INF INF INF INF INF INF INF INF INF INF INF INF INF INF INF INF INF INF INF INF INF INF INF INF INF INF INF INF INF INF INF INF INF INF INF INF INF INF INF INF INF INF INF INF INF INF INF INF INF INF INF INF INF INF INF INF 0 23 30 49 58 69 92 108 64 41 63 78 102 121 140 159 182 82 69 81 86 99 56 44 68 26 41 62 69 90 112 116 127 146 74 65 86 80 92 100 60 68 78 28 31 46 69 72 84 88 51 63 60 47 38 53 54 64 69 63 63 35 42 57 65 50 51 51 73 63 49 68 44 56 46 68 91 68 37 39 59 56 51 58 59 62 52 66 69 61 64 50 53 51 61 61 69 66 55 38 52 69 15 31 41 50 66 62 68 62 60 60 48 59 61 50 3 27 32 40 50 52 57 34 10 16 29 37 6 19 22 22 29 35 45 26 46 6 21 26 19 13 18 31 39 33 25 38 12 26 19 22 30 30 17 19 24 31 25 22 30 43 38 31 29 17 21 21 21 23 24 11 26 26 19 11 28 9 21 13 14 29 29 18 22 17 22 26 22 25 26 21 12 6 26 14 15 27 10 14 20 13 11 14 17 17 26 21 19 17 21 25 19 25 25
INF INF INF INF INF INF INF INF INF INF INF INF INF INF INF INF INF INF INF INF INF INF INF INF INF INF INF INF INF INF INF INF INF INF INF INF INF INF INF INF INF INF INF INF INF INF INF INF INF INF INF INF INF INF INF INF INF INF INF INF INF INF INF INF INF INF INF INF INF INF INF INF INF INF INF INF INF INF INF INF INF INF INF INF INF INF INF INF INF INF INF INF INF INF INF INF INF INF INF INF INF INF INF INF INF INF INF INF INF INF INF INF INF INF INF INF INF INF INF INF INF INF INF INF INF INF INF INF INF INF INF INF INF INF INF INF INF INF INF INF INF INF INF INF INF INF INF INF INF INF INF INF INF INF INF INF INF INF INF INF INF INF INF INF INF INF INF INF INF INF INF INF INF INF INF INF INF INF INF INF INF INF INF INF INF INF INF INF INF INF INF INF INF INF INF INF INF INF INF INF INF INF INF INF INF INF INF INF INF INF INF INF INF INF INF INF INF INF INF INF INF INF INF INF INF INF INF INF INF INF INF INF INF INF INF INF INF INF INF INF INF INF INF INF INF INF INF INF INF INF INF INF INF INF INF INF INF INF INF INF INF INF INF INF INF INF INF INF INF INF INF INF INF INF INF INF INF INF INF INF INF INF INF INF INF INF 0 7 26 35 46 69 85 41 18 40 55 79 98 117 136 159 59 46 58 63 76 33 21 45 3 18 39 46 67 89 93 104 123 51 42 63 57 69 77 37 45 55 5 8 23 46 49 61 65 28 40 37 24 15 30 31 41 46 40 40 12 19 34 42 27 28 28 50 40 26 45 21 33 23 45 68 45 14 16 36 33 28 35 36 39 29 43 46 38 41 27 30 28 38 38 46 43 32 15 29 46 44 40 35 39 55 39 56 39 37 37 25 36 38 29 22 29 25 29 37 37 40 27 28 18 19 27 25 26 29 30 6 12 22 32 29 47 36 21 23 32 23 29 41 22 14 17 30 20 39 14 7 24 11 18 23 10 13 16 21 36 29 25 28 9 13 26 13 10 15 13 21 17 15 12 12 25 21 11 12 20 17 12 14 7 22 24 18 26 15 14 15 12 21 9 18 21 19 18 25 9 13 16 13 11 22 17 9 14 16 10 8 15 18
INF INF INF INF INF INF INF INF INF INF INF INF INF INF INF INF INF INF INF INF INF INF INF INF INF INF INF INF INF INF INF INF INF INF INF INF INF INF INF INF INF INF INF INF INF INF INF INF INF INF INF INF INF INF INF INF INF INF INF INF INF INF INF INF INF INF INF INF INF INF INF INF INF INF INF INF INF INF INF INF INF INF INF INF INF INF INF INF INF INF INF INF INF INF INF INF INF INF INF INF INF INF INF INF INF INF INF INF INF INF INF INF INF INF INF INF INF INF INF INF INF INF INF INF INF INF INF INF INF INF INF INF INF INF INF INF INF INF INF INF INF INF INF INF INF INF INF INF INF INF INF INF INF INF INF INF INF INF INF INF INF INF INF INF INF INF INF INF INF INF INF INF INF INF INF INF INF INF INF INF INF INF INF INF INF INF INF INF INF INF INF INF INF INF INF INF INF INF INF INF INF INF INF INF INF INF INF INF INF INF INF INF INF INF INF INF INF INF INF INF INF INF INF INF INF INF INF INF INF INF INF INF INF INF INF INF INF INF INF INF INF INF INF INF INF INF INF INF INF INF INF INF INF INF INF INF INF INF INF INF INF INF INF INF INF INF INF INF INF INF INF INF INF INF INF INF INF INF INF INF INF INF INF INF INF INF INF 0 19 28 39 62 78 34 36 58 73 97 116 135 154 177 77 39 51 56 69 26 48 72 85 66 87 64 85 86 86 97 116 69 42 63 50 62 70 30 38 54 79 68 83 106 42 56 60 21 33 30 51 8 23 24 34 39 52 33 42 39 52 60 20 35 27 49 47 72 91 14 26 28 50 73 38 17 19 39 26 21 28 29 36 52 36 39 31 34 39 25 38 48 35 39 53 40 8 23 41 42 48 31 33 49 41 51 33 43 30 33 31 32 32 29 41 36 22 30 31 36 38 36 37 42 38 32 19 22 23 40 38 35 26 35 41 29 35 37 30 28 37 39 25 26 20 35 23 35 31 16 27 20 34 24 34 26 25 33 43 41 42 24 18 22 30 22 22 27 20 14 25 26 5 22 30 14 19 20 13 19 21 23 16 15 23 21 25 24 28 22 21 14 25 25 25 12 26 22 25 15 12 23 15 23 22 14 11 20 24 16 24 16
INF INF INF INF INF INF INF INF INF INF INF INF INF INF INF INF INF INF INF INF INF INF INF INF INF INF INF INF INF INF INF INF INF INF INF INF INF INF INF INF INF INF INF INF INF INF INF INF INF INF INF INF INF INF INF INF INF INF INF INF INF INF INF INF INF INF INF INF INF INF INF INF INF INF INF INF INF INF INF INF INF INF INF INF INF INF INF INF INF INF INF INF INF INF INF INF INF INF INF INF INF INF INF INF INF INF INF INF INF INF INF INF INF INF INF INF INF INF INF INF INF INF INF INF INF INF INF INF INF INF INF INF INF INF INF INF INF INF INF INF INF INF INF INF INF INF INF INF INF INF INF INF INF INF INF INF INF INF INF INF INF INF INF INF INF INF INF INF INF INF INF INF INF INF INF INF INF INF INF INF INF INF INF INF INF INF INF INF INF INF INF INF INF INF INF INF INF INF INF INF INF INF INF INF INF INF INF INF INF INF INF INF INF INF INF INF INF INF INF INF INF INF INF INF INF INF INF INF INF INF INF INF INF INF INF INF INF INF INF INF INF INF INF INF INF INF INF INF INF INF INF INF INF INF INF INF INF INF INF INF INF INF INF INF INF INF INF INF INF INF INF INF INF INF INF INF INF INF INF INF INF INF INF INF INF INF INF INF 0 9 20 43 59 15 17 39 54 78 97 116 135 158 58 20 32 37 50 7 29 53 66 47 68 45 66 67 67 78 97 50 23 44 31 43 51 11 19 35 60 49 64 87 23 37 41 61 73 15 32 51 43 44 54 44 57 14 23 20 33 41 47 47 36 58 59 81 100 49 51 21 42 63 58 9 11 31 35 45 22 10 30 33 33 20 36 39 20 23 21 31 16 24 36 23 30 13 35 36 31 30 26 42 22 44 23 33 11 25 29 18 22 28 32 29 33 15 16 21 30 30 29 33 28 29 19 22 17 21 23 25 23 25 38 20 26 31 27 23 28 24 16 20 12 20 15 29 25 22 19 16 27 24 19 20 28 29 30 24 23 30 17 21 21 21 14 19 21 30 19 19 17 25 28 18 17 18 29 12 17 21 22 17 25 18 16 17 21 15 22 22 18 18 18 22 23 20 18 22 15 19 15 19 21 18 19 13 17 15 24 20
INF INF INF INF INF INF INF INF INF INF INF INF INF INF INF INF INF INF INF INF INF INF INF INF INF INF INF INF INF INF INF INF INF INF INF INF INF INF INF INF INF INF INF INF INF INF INF INF INF INF INF INF INF INF INF INF INF INF INF INF INF INF INF INF INF INF INF INF INF INF INF INF INF INF INF INF INF INF INF INF INF INF INF INF INF INF INF INF INF INF INF INF INF INF INF INF INF INF INF INF INF INF INF INF INF INF INF INF INF INF INF INF INF INF INF INF INF INF INF INF INF INF INF INF INF INF INF INF INF INF INF INF INF INF INF INF INF INF INF INF INF INF INF INF INF INF INF INF INF INF INF INF INF INF INF INF INF INF INF INF INF INF INF INF INF INF INF INF INF INF INF INF INF INF INF INF INF INF INF INF INF INF INF INF INF INF INF INF INF INF INF INF INF INF INF INF INF INF INF INF INF INF INF INF INF INF INF INF INF INF INF INF INF INF INF INF INF INF INF INF INF INF INF INF INF INF INF INF INF INF INF INF INF INF INF INF INF INF INF INF INF INF INF INF INF INF INF INF INF INF INF INF INF INF INF INF INF INF INF INF INF INF INF INF INF INF INF INF INF INF INF INF INF INF INF INF INF INF INF INF INF INF INF INF INF INF INF INF INF 0 11 34 50 64 66 88 103 127 146 165 184 207 107 108 120 125 138 59 81 105 118 133 154 94 115 58 58 69 88 99 14 35 55 67 75 81 14 30 55 58 73 96 14 29 33 53 65 6 30 49 41 42 52 39 52 5 14 11 26 42 45 60 31 51 67 76 95 45 43 55 77 100 56 11 13 33 37 36 43 45 45 28 46 20 45 48 28 31 29 24 7 15 29 25 21 26 42 43 33 21 17 33 31 35 20 30 2 16 28 9 13 19 23 20 36 6 7 12 21 21 24 24 32 20 10 13 14 29 14 18 17 20 32 11 19 29 27 21 21 15 19 16 14 11 12 26 16 19 16 7 18 15 12 15 20 24 21 15 27 27 8 12 12 12 16 14 12 22 16 12 9 24 24 13 15 16 22 14 8 12 18 8 16 15 22 13 14 14 16 23 17 17 17 19 16 17 15 16 12 10 13 20 18 18 15 4 8 6 15 13
INF INF INF INF INF INF INF INF INF INF INF INF INF INF INF INF INF INF INF INF INF INF INF INF INF INF INF INF INF INF INF INF INF INF INF INF INF INF INF INF INF INF INF INF INF INF INF INF INF INF INF INF INF INF INF INF INF INF INF INF INF INF INF INF INF INF INF INF INF INF INF INF INF INF INF INF INF INF INF INF INF INF INF INF INF INF INF INF INF INF INF INF INF INF INF INF INF INF INF INF INF INF INF INF INF INF INF INF INF INF INF INF INF INF INF INF INF INF INF INF INF INF INF INF INF INF INF INF INF INF INF INF INF INF INF INF INF INF INF INF INF INF INF INF INF INF INF INF INF INF INF INF INF INF INF INF INF INF INF INF INF INF INF INF INF INF INF INF INF INF INF INF INF INF INF INF INF INF INF INF INF INF INF INF INF INF INF INF INF INF INF INF INF INF INF INF INF INF INF INF INF INF INF INF INF INF INF INF INF INF INF INF INF INF INF INF INF INF INF INF INF INF INF INF INF INF INF INF INF INF INF INF INF INF INF INF INF INF INF INF INF INF INF INF INF INF INF INF INF INF INF INF INF INF INF INF INF INF INF INF INF INF INF INF INF INF INF INF INF INF INF INF INF INF INF INF INF INF INF INF INF INF INF INF INF INF INF INF INF INF 0 23 39 53 55 77 92 116 135 154 173 196 96 97 109 114 127 48 70 94 107 122 143 83 104 47 47 58 77 88 91 112 62 68 76 82 3 19 44 47 62 85 72 59 63 83 95 81 73 92 84 78 88 28 41 57 66 73 46 62 85 67 27 40 56 65 84 41 50 55 77 100 99 44 46 58 46 51 58 60 41 17 35 9 34 37 45 41 46 40 56 43 45 21 34 49 31 32 29 29 33 40 57 51 59 25 30 44 26 47 12 18 35 9 26 34 15 20 11 12 13 21 29 21 34 11 12 36 37 42 16 20 31 19 37 18 25 20 33 36 23 15 19 14 9 20 17 16 13 20 21 23 29 15 23 16 20 4 24 23 13 17 1 16 21 18 17 29 20 21 5 21 24 12 17 18 29 24 21 18 13 12 20 24 20 21 23 22 13 25 15 14 23 13 8 14 4 10 11 8 16 17 12 15 11 12 11 14 12 17
INF INF INF INF INF INF INF INF INF INF INF INF INF INF INF INF INF INF INF INF INF INF INF INF INF INF INF INF INF INF INF INF INF INF INF INF INF INF INF INF INF INF INF INF INF INF INF INF INF INF INF INF INF INF INF INF INF INF INF INF INF INF INF INF INF INF INF INF INF INF INF INF INF INF INF INF INF INF INF INF INF INF INF INF INF INF INF INF INF INF INF INF INF INF INF INF INF INF INF INF INF INF INF INF INF INF INF INF INF INF INF INF INF INF INF INF INF INF INF INF INF INF INF INF INF INF INF INF INF INF INF INF INF INF INF INF INF INF INF INF INF INF INF INF INF INF INF INF INF INF INF INF INF INF INF INF INF INF INF INF INF INF INF INF INF INF INF INF INF INF INF INF INF INF INF INF INF INF INF INF INF INF INF INF INF INF INF INF INF INF INF INF INF INF INF INF INF INF INF INF INF INF INF INF INF INF INF INF INF INF INF INF INF INF INF INF INF INF INF INF INF INF INF INF INF INF INF INF INF INF INF INF INF INF INF INF INF INF INF INF INF INF INF INF INF INF INF INF INF INF INF INF INF INF INF INF INF INF INF INF INF INF INF INF INF INF INF INF INF INF INF INF INF INF INF INF INF INF INF INF INF INF INF INF INF INF INF INF INF INF INF 0 16 30 32 54 69 93 112 131 150 173 73 74 86 91 104 25 47 71 84 99 120 60 81 24 24 35 54 65 68 89 39 45 53 59 29 30 25 28 43 66 49 36 40 60 72 58 50 69 61 55 65 54 23 39 48 55 23 39 62 48 4 17 33 46 65 18 30 32 54 77 76 21 23 35 23 28 35 37 18 38 56 23 35 38 46 28 41 51 41 43 56 41 54 36 44 39 49 13 10 26 50 28 40 44 20 23 3 26 36 32 23 8 25 24 26 30 10 11 17 30 38 17 12 15 16 26 21 31 15 18 24 23 18 19 24 19 14 30 22 18 18 9 21 28 23 1 19 5 20 17 27 19 10 24 19 9 27 28 3 7 5 7 12 17 7 13 19 11 7 17 19 20 10 11 21 15 6 8 17 17 23 14 20 20 13 8 18 18 11 11 15 18 12 20 7 12 14 10 14 20 15 17 13 14 18 2 14 17
INF INF INF INF INF INF INF INF INF INF INF INF INF INF INF INF INF INF INF INF INF INF INF INF INF INF INF INF INF INF INF INF INF INF INF INF INF INF INF INF INF INF INF INF INF INF INF INF INF INF INF INF INF INF INF INF INF INF INF INF INF INF INF INF INF INF INF INF INF INF INF INF INF INF INF INF INF INF INF INF INF INF INF INF INF INF INF INF INF INF INF INF INF INF INF INF INF INF INF INF INF INF INF INF INF INF INF INF INF INF INF INF INF INF INF INF INF INF INF INF INF INF INF INF INF INF INF INF INF INF INF INF INF INF INF INF INF INF INF INF INF INF INF INF INF INF INF INF INF INF INF INF INF INF INF INF INF INF INF INF INF INF INF INF INF INF INF INF INF INF INF INF INF INF INF INF INF INF INF INF INF INF INF INF INF INF INF INF INF INF INF INF INF INF INF INF INF INF INF INF INF INF INF INF INF INF INF INF INF INF INF INF INF INF INF INF INF INF INF INF INF INF INF INF INF INF INF INF INF INF INF INF INF INF INF INF INF INF INF INF INF INF INF INF INF INF INF INF INF INF INF INF INF INF INF INF INF INF INF INF INF INF INF INF INF INF INF INF INF INF INF INF INF INF INF INF INF INF INF INF INF INF INF INF INF INF INF INF INF INF INF INF 0 14 16 38 53 77 96 115 134 157 57 58 70 75 88 95 117 141 154 85 106 44 65 87 91 102 121 49 72 93 30 42 50 56 15 31 56 48 63 86 33 20 24 44 56 49 59 78 70 39 49 40 19 35 44 51 12 28 51 46 43 65 58 77 96 44 28 20 42 65 73 41 43 60 39 12 19 21 41 29 42 19 24 27 35 16 29 39 30 30 44 30 43 56 32 33 38 32 24 40 40 42 38 37 34 44 22 45 43 33 46 27 13 28 27 32 29 30 36 33 41 27 24 27 28 36 34 37 31 30 46 31 38 41 28 19 28 32 38 30 29 28 21 32 22 28 25 21 26 29 18 21 29 24 25 32 41 31 18 22 17 22 21 26 22 35 25 26 23 32 21 24 17 18 24 6 22 23 27 25 30 29 32 33 28 9 23 16 12 12 12 17 26 22 14 16 20 14 17 18 18 24 24 18 20 18 25 24
INF INF INF INF INF INF INF INF INF INF INF INF INF INF INF INF INF INF INF INF INF INF INF INF INF INF INF INF INF INF INF INF INF INF INF INF INF INF INF INF INF INF INF INF INF INF INF INF INF INF INF INF INF INF INF INF INF INF INF INF INF INF INF INF INF INF INF INF INF INF INF INF INF INF INF INF INF INF INF INF INF INF INF INF INF INF INF INF INF INF INF INF INF INF INF INF INF INF INF INF INF INF INF INF INF INF INF INF INF INF INF INF INF INF INF INF INF INF INF INF INF INF INF INF INF INF INF INF INF INF INF INF INF INF INF INF INF INF INF INF INF INF INF INF INF INF INF INF INF INF INF INF INF INF INF INF INF INF INF INF INF INF INF INF INF INF INF INF INF INF INF INF INF INF INF INF INF INF INF INF INF INF INF INF INF INF INF INF INF INF INF INF INF INF INF INF INF INF INF INF INF INF INF INF INF INF INF INF INF INF INF INF INF INF INF INF INF INF INF INF INF INF INF INF INF INF INF INF INF INF INF INF INF INF INF INF INF INF INF INF INF INF INF INF INF INF INF INF INF INF INF INF INF INF INF INF INF INF INF INF INF INF INF INF INF INF INF INF INF INF INF INF INF INF INF INF INF INF INF INF INF INF INF INF INF INF INF INF INF INF INF INF INF 0 2 24 39 63 82 101 120 143 43 44 56 61 74 81 103 127 140 71 92 30 51 73 77 88 107 35 58 79 16 28 36 42 50 25 50 34 49 72 19 22 26 46 58 35 45 64 56 41 51 56 69 63 72 79 18 26 49 32 41 63 44 69 88 46 36 6 28 51 59 40 42 46 25 43 33 35 55 64 53 5 21 24 32 35 33 43 37 44 43 36 47 44 51 27 43 18 22 38 36 40 24 26 29 30 33 53 55 39 50 38 40 33 21 26 30 31 37 32 40 34 26 29 30 26 26 23 33 16 38 20 24 42 20 26 26 35 40 27 37 22 27 26 29 20 26 24 12 24 4 7 15 16 31 24 37 23 19 16 25 10 7 12 18 21 14 12 9 18 19 23 20 19 21 16 22 20 19 24 23 15 27 21 14 15 9 16 13 12 22 16 16 25 19 15 16 16 5 20 12 19 15 20 16 8 20 14
INF INF INF INF INF INF INF INF INF INF INF INF INF INF INF INF INF INF INF INF INF INF INF INF INF INF INF INF INF INF INF INF INF INF INF INF INF INF INF INF INF INF INF INF INF INF INF INF INF INF INF INF INF INF INF INF INF INF INF INF INF INF INF INF INF INF INF INF INF INF INF INF INF INF INF INF INF INF INF INF INF INF INF INF INF INF INF INF INF INF INF INF INF INF INF INF INF INF INF INF INF INF INF INF INF INF INF INF INF INF INF INF INF INF INF INF INF INF INF INF INF INF INF INF INF INF INF INF INF INF INF INF INF INF INF INF INF INF INF INF INF INF INF INF INF INF INF INF INF INF INF INF INF INF INF INF INF INF INF INF INF INF INF INF INF INF INF INF INF INF INF INF INF INF INF INF INF INF INF INF INF INF INF INF INF INF INF INF INF INF INF INF INF INF INF INF INF INF INF INF INF INF INF INF INF INF INF INF INF INF INF INF INF INF INF INF INF INF INF INF INF INF INF INF INF INF INF INF INF INF INF INF INF INF INF INF INF INF INF INF INF INF INF INF INF INF INF INF INF INF INF INF INF INF INF INF INF INF INF INF INF INF INF INF INF INF INF INF INF INF INF INF INF INF INF INF INF INF INF INF INF INF INF INF INF INF INF INF INF INF INF INF INF INF 0 22 37 61 80 99 118 141 41 42 54 59 72 79 101 125 138 69 90 28 49 71 75 86 105 33 56 77 90 95 103 109 79 37 62 42 57 80 39 54 58 78 90 60 43 62 54 55 65 70 83 61 70 77 92 24 47 30 45 62 42 67 86 59 68 5 27 50 58 48 42 44 48 41 31 33 53 70 54 30 53 55 63 45 58 68 35 42 60 45 58 55 61 26 42 17 26 42 44 38 47 51 36 44 31 54 61 58 57 36 42 40 19 24 29 30 36 49 50 48 30 30 31 27 25 35 37 22 44 23 36 41 39 33 30 44 44 34 37 28 40 30 28 26 38 30 10 22 31 31 27 40 47 41 45 40 23 24 33 9 6 11 18 30 13 11 22 17 17 22 19 18 21 17 21 19 18 23 30 14 26 20 13 14 14 14 17 17 23 30 15 23 18 14 25 15 15 23 15 20 25 19 23 15 26 17
INF INF INF INF INF INF INF INF INF INF INF INF INF INF INF INF INF INF INF INF INF INF INF INF INF INF INF INF INF INF INF INF INF INF INF INF INF INF INF INF INF INF INF INF INF INF INF INF INF INF INF INF INF INF INF INF INF INF INF INF INF INF INF INF INF INF INF INF INF INF INF INF INF INF INF INF INF INF INF INF INF INF INF INF INF INF INF INF INF INF INF INF INF INF INF INF INF INF INF INF INF INF INF INF INF INF INF INF INF INF INF INF INF INF INF INF INF INF INF INF INF INF INF INF INF INF INF INF INF INF INF INF INF INF INF INF INF INF INF INF INF INF INF INF INF INF INF INF INF INF INF INF INF INF INF INF INF INF INF INF INF INF INF INF INF INF INF INF INF INF INF INF INF INF INF INF INF INF INF INF INF INF INF INF INF INF INF INF INF INF INF INF INF INF INF INF INF INF INF INF INF INF INF INF INF INF INF INF INF INF INF INF INF INF INF INF INF INF INF INF INF INF INF INF INF INF INF INF INF INF INF INF INF INF INF INF INF INF INF INF INF INF INF INF INF INF INF INF INF INF INF INF INF INF INF INF INF INF INF INF INF INF INF INF INF INF INF INF INF INF INF INF INF INF INF INF INF INF INF INF INF INF INF INF INF INF INF INF INF INF INF INF INF INF INF 0 15 39 58 77 96 119 19 20 32 37 50 57 79 103 116 47 68 6 27 49 53 64 83 11 34 55 68 73 81 87 57 15 40 20 35 58 17 32 36 56 68 38 21 40 32 33 43 48 61 39 48 55 70 24 36 8 23 40 20 45 64 37 46 38 42 63 47 26 20 22 26 19 9 11 31 48 32 22 31 33 41 23 36 46 20 20 38 23 36 33 39 12 28 31 20 33 22 38 25 35 27 22 29 42 41 36 36 31 20 31 33 35 28 16 22 35 28 26 24 8 9 5 20 21 15 18 30 23 20 27 27 22 24 22 22 12 25 18 28 16 13 18 16 11 24 23 9 12 20 20 35 24 23 27 10 14 25 14 9 14 14 26 16 14 13 11 12 19 17 12 24 22 12 15 6 20 24 17 26 14 16 17 11 12 17 15 21 14 17 17 8 14 15 12 10 21 16 8 11 15 19 12 14 17
INF INF INF INF INF INF INF INF INF INF INF INF INF INF INF INF INF INF INF INF INF INF INF INF INF INF INF INF INF INF INF INF INF INF INF INF INF INF INF INF INF INF INF INF INF INF INF INF INF INF INF INF INF INF INF INF INF INF INF INF INF INF INF INF INF INF INF INF INF INF INF INF INF INF INF INF INF INF INF INF INF INF INF INF INF INF INF INF INF INF INF INF INF INF INF INF INF INF INF INF INF INF INF INF INF INF INF INF INF INF INF INF INF INF INF INF INF INF INF INF INF INF INF INF INF INF INF INF INF INF INF INF INF INF INF INF INF INF INF INF INF INF INF INF INF INF INF INF INF INF INF INF INF INF INF INF INF INF INF INF INF INF INF INF INF INF INF INF INF INF INF INF INF INF INF INF INF INF INF INF INF INF INF INF INF INF INF INF INF INF INF INF INF INF INF INF INF INF INF INF INF INF INF INF INF INF INF INF INF INF INF INF INF INF INF INF INF INF INF INF INF INF INF INF INF INF INF INF INF INF INF INF INF INF INF INF INF INF INF INF INF INF INF INF INF INF INF INF INF INF INF INF INF INF INF INF INF INF INF INF INF INF INF INF INF INF INF INF INF INF INF INF INF INF INF INF INF INF INF INF INF INF INF INF INF INF INF INF INF INF INF INF INF INF INF INF 0 24 43 62 81 104 4 5 17 22 35 42 64 88 101 32 53 71 92 114 81 92 98 76 85 106 96 58 66 72 42 58 46 49 24 47 52 21 25 45 57 23 47 66 58 40 50 55 54 24 33 40 55 71 62 69 44 66 81 67 86 45 35 27 27 48 40 30 32 52 25 49 3 5 25 45 26 7 32 35 42 10 23 33 14 14 32 17 30 45 26 10 25 25 29 35 7 32 10 20 25 39 16 39 32 21 28 21 14 29 24 29 23 24 30 31 13 24 15 18 12 36 31 12 18 18 32 22 13 26 21 13 15 16 25 15 28 16 13 14 16 12 17 5 20 17 11 14 21 18 30 25 8 24 14 16 13 18 23 22 18 17 19 19 7 17 15 16 18 18 22 20 6 10 19 10 18 17 20 20 16 17 11 23 15 9 11 21 14 18 13 17 14 13 12 17 19 18 13 17 19 12 10 9
INF INF INF INF INF INF INF INF INF INF INF INF INF INF INF INF INF INF INF INF INF INF INF INF INF INF INF INF INF INF INF INF INF INF INF INF INF INF INF INF INF INF INF INF INF INF INF INF INF INF INF INF INF INF INF INF INF INF INF INF INF INF INF INF INF INF INF INF INF INF INF INF INF INF INF INF INF INF INF INF INF INF INF INF INF INF INF INF INF INF INF INF INF INF INF INF INF INF INF INF INF INF INF INF INF INF INF INF INF INF INF INF INF INF INF INF INF INF INF INF INF INF INF INF INF INF INF INF INF INF INF INF INF INF INF INF INF INF INF INF INF INF INF INF INF INF INF INF INF INF INF INF INF INF INF INF INF INF INF INF INF INF INF INF INF INF INF INF INF INF INF INF INF INF INF INF INF INF INF INF INF INF INF INF INF INF INF INF INF INF INF INF INF INF INF INF INF INF INF INF INF INF INF INF INF INF INF INF INF INF INF INF INF INF INF INF INF INF INF INF INF INF INF INF INF INF INF INF INF INF INF INF INF INF INF INF INF INF INF INF INF INF INF INF INF INF INF INF INF INF INF INF INF INF INF INF INF INF INF INF INF INF INF INF INF INF INF INF INF INF INF INF INF INF INF INF INF INF INF INF INF INF INF INF INF INF INF INF INF INF INF INF INF INF INF INF INF 0 19 38 57 80 13 14 26 31 21 28 50 74 87 28 49 67 88 110 57 68 74 72 71 92 72 44 52 58 28 44 22 25 33 24 29 44 48 66 78 6 30 49 41 42 52 53 50 15 24 31 46 62 45 45 45 59 57 43 62 47 58 36 36 34 16 21 18 38 34 46 43 32 49 42 32 6 31 34 42 19 32 34 17 25 36 35 21 31 35 9 25 35 32 44 16 41 19 27 32 31 25 30 23 29 37 30 32 24 7 12 21 21 27 23 22 32 24 25 19 23 14 21 24 17 39 11 22 32 35 21 24 15 21 22 24 23 22 13 16 21 16 17 20 15 21 19 20 26 39 29 17 31 23 17 22 27 16 14 23 22 16 20 19 26 24 25 26 18 26 24 18 21 18 18 26 16 28 13 22 17 10 27 14 19 20 25 23 17 21 17 23 19 20 20 18 17 15 19 23 21 19 16
INF INF INF INF INF INF INF INF INF INF INF INF INF INF INF INF INF INF INF INF INF INF INF INF INF INF INF INF INF INF INF INF INF INF INF INF INF INF INF INF INF INF INF INF INF INF INF INF INF INF INF INF INF INF INF INF INF INF INF INF INF INF INF INF INF INF INF INF INF INF INF INF INF INF INF INF INF INF INF INF INF INF INF INF INF INF INF INF INF INF INF INF INF INF INF INF INF INF INF INF INF INF INF INF INF INF INF INF INF INF INF INF INF INF INF INF INF INF INF INF INF INF INF INF INF INF INF INF INF INF INF INF INF INF INF INF INF INF INF INF INF INF INF INF INF INF INF INF INF INF INF INF INF INF INF INF INF INF INF INF INF INF INF INF INF INF INF INF INF INF INF INF INF INF INF INF INF INF INF INF INF INF INF INF INF INF INF INF INF INF INF INF INF INF INF INF INF INF INF INF INF INF INF INF INF INF INF INF INF INF INF INF INF INF INF INF INF INF INF INF INF INF INF INF INF INF INF INF INF INF INF INF INF INF INF INF INF INF INF INF INF INF INF INF INF INF INF INF INF INF INF INF INF INF INF INF INF INF INF INF INF INF INF INF INF INF INF INF INF INF INF INF INF INF INF INF INF INF INF INF INF INF INF INF INF INF INF INF INF INF INF INF INF INF INF INF INF INF 0 19 38 61 71 72 84 40 2 9 31 55 68 9 30 48 69 91 38 49 55 53 52 73 53 25 33 39 9 25 3 6 21 44 49 64 68 47 59 15 34 53 45 46 56 34 31 9 18 25 40 56 49 26 38 40 38 24 43 51 40 24 45 15 23 12 14 34 38 37 24 26 37 23 39 15 40 43 25 27 26 23 11 19 17 25 30 27 37 38 33 31 26 25 37 44 24 31 36 35 32 18 17 23 27 23 35 5 7 12 21 21 27 4 12 25 19 22 23 4 10 20 5 26 20 11 19 32 29 21 18 21 12 20 15 13 15 26 12 14 15 11 4 15 8 11 19 15 20 23 23 22 7 11 11 11 8 13 11 22 15 11 13 10 16 18 10 11 21 15 12 12 5 12 20 14 18 13 13 14 10 22 7 16 20 23 15 16 7 7 14 11 9 20 15 7 12 14 8 12 13 16
INF INF INF INF INF INF INF INF INF INF INF INF INF INF INF INF INF INF INF INF INF INF INF INF INF INF INF INF INF INF INF INF INF INF INF INF INF INF INF INF INF INF INF INF INF INF INF INF INF INF INF INF INF INF INF INF INF INF INF INF INF INF INF INF INF INF INF INF INF INF INF INF INF INF INF INF INF INF INF INF INF INF INF INF INF INF INF INF INF INF INF INF INF INF INF INF INF INF INF INF INF INF INF INF INF INF INF INF INF INF INF INF INF INF INF INF INF INF INF INF INF INF INF INF INF INF INF INF INF INF INF INF INF INF INF INF INF INF INF INF INF INF INF INF INF INF INF INF INF INF INF INF INF INF INF INF INF INF INF INF INF INF INF INF INF INF INF INF INF INF INF INF INF INF INF INF INF INF INF INF INF INF INF INF INF INF INF INF INF INF INF INF INF INF INF INF INF INF INF INF INF INF INF INF INF INF INF INF INF INF INF INF INF INF INF INF INF INF INF INF INF INF INF INF INF INF INF INF INF INF INF INF INF INF INF INF INF INF INF INF INF INF INF INF INF INF INF INF INF INF INF INF INF INF INF INF INF INF INF INF INF INF INF INF INF INF INF INF INF INF INF INF INF INF INF INF INF INF INF INF INF INF INF INF INF INF INF INF INF INF INF INF INF INF INF INF INF INF INF 0 19 42 52 53 65 21 34 41 63 87 100 80 101 119 140 162 19 30 36 50 73 94 34 40 48 54 24 25 20 23 38 61 66 81 85 62 74 32 56 75 67 68 78 39 52 41 49 56 36 52 71 43 24 21 37 41 60 38 50 41 26 47 55 29 31 39 24 48 49 51 38 38 56 27 44 47 42 45 43 51 36 44 56 46 47 44 42 43 37 33 42 51 44 60 44 25 30 27 39 50 44 36 28 33 41 34 33 38 29 30 36 34 42 31 29 24 25 21 27 37 3 28 18 11 10 34 38 12 25 41 6 18 31 19 21 26 27 28 9 8 23 8 18 21 13 24 24 32 32 26 21 13 15 21 25 14 23 22 16 21 10 20 3 15 8 9 20 17 9 13 22 16 21 24 23 16 21 18 9 21 18 19 17 27 8 10 8 5 15 12 8 21 11 19 12 12 16 11 23 17
INF INF INF INF INF INF INF INF INF INF INF INF INF INF INF INF INF INF INF INF INF INF INF INF INF INF INF INF INF INF INF INF INF INF INF INF INF INF INF INF INF INF INF INF INF INF INF INF INF INF INF INF INF INF INF INF INF INF INF INF INF INF INF INF INF INF INF INF INF INF INF INF INF INF INF INF INF INF INF INF INF INF INF INF INF INF INF INF INF INF INF INF INF INF INF INF INF INF INF INF INF INF INF INF INF INF INF INF INF INF INF INF INF INF INF INF INF INF INF INF INF INF INF INF INF INF INF INF INF INF INF INF INF INF INF INF INF INF INF INF INF INF INF INF INF INF INF INF INF INF INF INF INF INF INF INF INF INF INF INF INF INF INF INF INF INF INF INF INF INF INF INF INF INF INF INF INF INF INF INF INF INF INF INF INF INF INF INF INF INF INF INF INF INF INF INF INF INF INF INF INF INF INF INF INF INF INF INF INF INF INF INF INF INF INF INF INF INF INF INF INF INF INF INF INF INF INF INF INF INF INF INF INF INF INF INF INF INF INF INF INF INF INF INF INF INF INF INF INF INF INF INF INF INF INF INF INF INF INF INF INF INF INF INF INF INF INF INF INF INF INF INF INF INF INF INF INF INF INF INF INF INF INF INF INF INF INF INF INF INF INF INF INF INF INF INF INF INF INF INF 0 23 33 34 46 2 15 22 44 68 81 61 82 100 121 143 147 158 17 31 54 75 95 38 46 52 22 24 49 40 42 65 70 84 88 60 72 13 37 56 48 49 59 20 33 22 30 37 52 68 52 67 51 73 79 70 89 54 42 45 7 28 36 28 25 45 5 29 36 38 58 20 38 10 25 28 36 33 37 32 17 25 37 28 28 38 23 24 18 28 35 32 25 50 30 6 11 25 20 31 30 36 9 14 22 15 14 19 16 17 23 34 40 29 32 5 6 30 21 31 12 21 27 18 32 28 28 25 26 22 19 9 22 19 14 18 21 21 18 9 24 22 26 9 17 18 25 26 13 25 7 11 18 11 16 17 11 16 19 15 11 10 18 17 14 11 23 19 10 12 14 18 12 18 24 13 17 16 14 20 14 14 16 9 15 19 15 14 18 18 16 21 20 16 8 13 17 9 15 13
INF INF INF INF INF INF INF INF INF INF INF INF INF INF INF INF INF INF INF INF INF INF INF INF INF INF INF INF INF INF INF INF INF INF INF INF INF INF INF INF INF INF INF INF INF INF INF INF INF INF INF INF INF INF INF INF INF INF INF INF INF INF INF INF INF INF INF INF INF INF INF INF INF INF INF INF INF INF INF INF INF INF INF INF INF INF INF INF INF INF INF INF INF INF INF INF INF INF INF INF INF INF INF INF INF INF INF INF INF INF INF INF INF INF INF INF INF INF INF INF INF INF INF INF INF INF INF INF INF INF INF INF INF INF INF INF INF INF INF INF INF INF INF INF INF INF INF INF INF INF INF INF INF INF INF INF INF INF INF INF INF INF INF INF INF INF INF INF INF INF INF INF INF INF INF INF INF INF INF INF INF INF INF INF INF INF INF INF INF INF INF INF INF INF INF INF INF INF INF INF INF INF INF INF INF INF INF INF INF INF INF INF INF INF INF INF INF INF INF INF INF INF INF INF INF INF INF INF INF INF INF INF INF INF INF INF INF INF INF INF INF INF INF INF INF INF INF INF INF INF INF INF INF INF INF INF INF INF INF INF INF INF INF INF INF INF INF INF INF INF INF INF INF INF INF INF INF INF INF INF INF INF INF INF INF INF INF INF INF INF INF INF INF INF INF INF INF INF INF INF INF 0 10 11 23 28 41 48 70 94 107 38 59 77 98 120 124 135 154 82 91 112 132 64 72 78 48 64 89 70 30 53 58 73 77 86 98 29 53 72 64 65 75 73 60 30 7 14 29 45 68 83 34 56 72 97 116 48 60 33 33 54 62 36 31 51 22 39 46 48 46 62 69 36 20 23 23 16 24 34 32 40 39 27 40 44 32 25 35 35 37 41 13 38 16 26 31 28 22 45 38 27 34 27 29 35 30 35 22 23 26 31 19 30 21 24 25 24 37 18 28 27 38 34 19 31 24 19 3 19 30 9 22 25 19 29 22 26 23 23 32 26 15 18 26 24 36 31 14 30 26 22 19 30 18 23 12 23 25 23 20 23 21 22 15 16 29 25 24 20 16 19 27 20 30 26 9 10 21 14 13 13 17 22 20 24 22 17 21 17 15 23 19 18 21 17 21 16 16 15
INF INF INF INF INF INF INF INF INF INF INF INF INF INF INF INF INF INF INF INF INF INF INF INF INF INF INF INF INF INF INF INF INF INF INF INF INF INF INF INF INF INF INF INF INF INF INF INF INF INF INF INF INF INF INF INF INF INF INF INF INF INF INF INF INF INF INF INF INF INF INF INF INF INF INF INF INF INF INF INF INF INF INF INF INF INF INF INF INF INF INF INF INF INF INF INF INF INF INF INF INF INF INF INF INF INF INF INF INF INF INF INF INF INF INF INF INF INF INF INF INF INF INF INF INF INF INF INF INF INF INF INF INF INF INF INF INF INF INF INF INF INF INF INF INF INF INF INF INF INF INF INF INF INF INF INF INF INF INF INF INF INF INF INF INF INF INF INF INF INF INF INF INF INF INF INF INF INF INF INF INF INF INF INF INF INF INF INF INF INF INF INF INF INF INF INF INF INF INF INF INF INF INF INF INF INF INF INF INF INF INF INF INF INF INF INF INF INF INF INF INF INF INF INF INF INF INF INF INF INF INF INF INF INF INF INF INF INF INF INF INF INF INF INF INF INF INF INF INF INF INF INF INF INF INF INF INF INF INF INF INF INF INF INF INF INF INF INF INF INF INF INF INF INF INF INF INF INF INF INF INF INF INF INF INF INF INF INF INF INF INF INF INF INF INF INF INF INF INF INF INF INF 0 1 13 18 31 38 60 84 97 28 49 67 88 110 114 125 144 72 81 102 122 54 62 68 38 54 79 60 20 43 48 63 67 76 88 19 43 62 54 55 65 63 50 20 29 36 51 67 58 73 56 78 85 100 119 60 59 23 23 44 52 26 28 48 21 45 52 51 36 52 67 26 41 44 52 6 19 29 22 30 34 40 34 41 22 23 39 35 32 31 3 28 6 16 21 35 12 35 28 17 24 17 19 25 20 25 19 20 26 39 9 20 11 14 15 32 27 8 18 17 28 24 9 31 27 9 11 27 25 18 27 18 9 27 12 16 13 13 23 16 26 15 21 14 26 21 4 20 16 12 9 20 24 18 20 13 15 15 11 13 11 12 17 14 19 16 14 17 21 13 21 18 20 16 17 17 17 20 20 7 7 20 10 14 12 15 16 11 14 13 15 14 11 15 15 16 6 5
INF INF INF INF INF INF INF INF INF INF INF INF INF INF INF INF INF INF INF INF INF INF INF INF INF INF INF INF INF INF INF INF INF INF INF INF INF INF INF INF INF INF INF INF INF INF INF INF INF INF INF INF INF INF INF INF INF INF INF INF INF INF INF INF INF INF INF INF INF INF INF INF INF INF INF INF INF INF INF INF INF INF INF INF INF INF INF INF INF INF INF INF INF INF INF INF INF INF INF INF INF INF INF INF INF INF INF INF INF INF INF INF INF INF INF INF INF INF INF INF INF INF INF INF INF INF INF INF INF INF INF INF INF INF INF INF INF INF INF INF INF INF INF INF INF INF INF INF INF INF INF INF INF INF INF INF INF INF INF INF INF INF INF INF INF INF INF INF INF INF INF INF INF INF INF INF INF INF INF INF INF INF INF INF INF INF INF INF INF INF INF INF INF INF INF INF INF INF INF INF INF INF INF INF INF INF INF INF INF INF INF INF INF INF INF INF INF INF INF INF INF INF INF INF INF INF INF INF INF INF INF INF INF INF INF INF INF INF INF INF INF INF INF INF INF INF INF INF INF INF INF INF INF INF INF INF INF INF INF INF INF INF INF INF INF INF INF INF INF INF INF INF INF INF INF INF INF INF INF INF INF INF INF INF INF INF INF INF INF INF INF INF INF INF INF INF INF INF INF INF INF INF INF 0 12 17 30 37 59 83 96 27 48 66 87 109 113 124 143 71 80 101 121 53 61 67 37 53 78 59 74 97 77 92 96 75 87 84 62 81 73 74 84 62 49 19 28 35 50 66 77 92 55 77 93 99 118 69 58 63 22 43 51 25 27 47 20 44 51 53 69 51 67 25 40 43 51 30 43 38 21 29 43 39 52 40 46 47 47 41 41 53 2 27 5 15 20 34 35 46 27 16 40 40 18 24 26 30 39 23 29 38 8 19 10 13 14 38 49 7 17 16 27 25 8 32 26 10 10 26 24 17 28 22 8 26 29 15 12 14 29 15 25 17 20 22 37 20 3 19 15 11 8 19 24 17 19 12 14 14 10 12 24 11 16 13 18 15 15 19 20 12 20 17 19 15 16 16 16 19 19 6 6 19 9 13 11 14 15 10 13 12 14 16 10 14 14 15 5 4
INF INF INF INF INF INF INF INF INF INF INF INF INF INF INF INF INF INF INF INF INF INF INF INF INF INF INF INF INF INF INF INF INF INF INF INF INF INF INF INF INF INF INF INF INF INF INF INF INF INF INF INF INF INF INF INF INF INF INF INF INF INF INF INF INF INF INF INF INF INF INF INF INF INF INF INF INF INF INF INF INF INF INF INF INF INF INF INF INF INF INF INF INF INF INF INF INF INF INF INF INF INF INF INF INF INF INF INF INF INF INF INF INF INF INF INF INF INF INF INF INF INF INF INF INF INF INF INF INF INF INF INF INF INF INF INF INF INF INF INF INF INF INF INF INF INF INF INF INF INF INF INF INF INF INF INF INF INF INF INF INF INF INF INF INF INF INF INF INF INF INF INF INF INF INF INF INF INF INF INF INF INF INF INF INF INF INF INF INF INF INF INF INF INF INF INF INF INF INF INF INF INF INF INF INF INF INF INF INF INF INF INF INF INF INF INF INF INF INF INF INF INF INF INF INF INF INF INF INF INF INF INF INF INF INF INF INF INF INF INF INF INF INF INF INF INF INF INF INF INF INF INF INF INF INF INF INF INF INF INF INF INF INF INF INF INF INF INF INF INF INF INF INF INF INF INF INF INF INF INF INF INF INF INF INF INF INF INF INF INF INF INF INF INF INF INF INF INF INF INF INF INF INF INF 0 5 18 25 47 71 84 15 36 54 75 97 101 112 131 59 68 89 109 41 49 55 25 41 66 47 62 85 65 80 84 63 75 72 50 69 61 62 72 50 37 15 24 31 46 62 65 80 51 73 89 87 106 65 46 51 10 31 39 21 23 43 8 32 39 41 61 39 55 13 28 31 39 18 31 34 17 25 39 35 48 36 34 35 43 37 37 41 28 53 30 34 39 45 23 34 23 4 28 28 25 21 23 28 30 11 17 30 38 7 20 23 23 40 45 32 27 24 15 27 27 20 14 19 32 27 29 26 24 13 27 35 24 28 31 17 20 25 32 26 23 26 36 31 29 30 18 22 22 22 24 29 20 27 29 20 19 29 18 30 4 5 23 24 18 15 18 18 17 23 26 27 22 21 17 23 15 24 27 12 19 22 14 12 16 15 10 25 17 6 11 19 21 13 25 18
INF INF INF INF INF INF INF INF INF INF INF INF INF INF INF INF INF INF INF INF INF INF INF INF INF INF INF INF INF INF INF INF INF INF INF INF INF INF INF INF INF INF INF INF INF INF INF INF INF INF INF INF INF INF INF INF INF INF INF INF INF INF INF INF INF INF INF INF INF INF INF INF INF INF INF INF INF INF INF INF INF INF INF INF INF INF INF INF INF INF INF INF INF INF INF INF INF INF INF INF INF INF INF INF INF INF INF INF INF INF INF INF INF INF INF INF INF INF INF INF INF INF INF INF INF INF INF INF INF INF INF INF INF INF INF INF INF INF INF INF INF INF INF INF INF INF INF INF INF INF INF INF INF INF INF INF INF INF INF INF INF INF INF INF INF INF INF INF INF INF INF INF INF INF INF INF INF INF INF INF INF INF INF INF INF INF INF INF INF INF INF INF INF INF INF INF INF INF INF INF INF INF INF INF INF INF INF INF INF INF INF INF INF INF INF INF INF INF INF INF INF INF INF INF INF INF INF INF INF INF INF INF INF INF INF INF INF INF INF INF INF INF INF INF INF INF INF INF INF INF INF INF INF INF INF INF INF INF INF INF INF INF INF INF INF INF INF INF INF INF INF INF INF INF INF INF INF INF INF INF INF INF INF INF INF INF INF INF INF INF INF INF INF INF INF INF INF INF INF INF INF INF INF INF INF 0 13 20 42 66 79 94 115 133 154 176 180 191 210 138 63 84 104 36 44 50 20 36 61 42 57 80 85 82 86 58 70 67 45 64 56 57 67 45 58 20 29 36 51 67 60 75 49 71 87 82 101 62 67 57 5 26 34 26 28 48 3 27 34 36 56 34 50 8 23 26 34 31 35 34 15 23 39 36 49 41 47 48 44 42 37 36 23 48 28 29 34 46 18 29 28 34 51 23 20 16 18 23 25 26 32 32 40 34 30 33 34 35 42 30 30 19 41 22 31 37 27 32 29 25 34 29 29 24 26 37 27 23 30 22 33 26 32 30 31 39 31 29 24 40 18 19 20 22 27 25 22 33 26 22 24 31 34 29 24 25 31 29 23 23 28 16 24 25 29 24 24 24 12 26 16 27 27 7 25 17 22 20 21 21 14 29 18 26 19 19 23 17 25 21
INF INF INF INF INF INF INF INF INF INF INF INF INF INF INF INF INF INF INF INF INF INF INF INF INF INF INF INF INF INF INF INF INF INF INF INF INF INF INF INF INF INF INF INF INF INF INF INF INF INF INF INF INF INF INF INF INF INF INF INF INF INF INF INF INF INF INF INF INF INF INF INF INF INF INF INF INF INF INF INF INF INF INF INF INF INF INF INF INF INF INF INF INF INF INF INF INF INF INF INF INF INF INF INF INF INF INF INF INF INF INF INF INF INF INF INF INF INF INF INF INF INF INF INF INF INF INF INF INF INF INF INF INF INF INF INF INF INF INF INF INF INF INF INF INF INF INF INF INF INF INF INF INF INF INF INF INF INF INF INF INF INF INF INF INF INF INF INF INF INF INF INF INF INF INF INF INF INF INF INF INF INF INF INF INF INF INF INF INF INF INF INF INF INF INF INF INF INF INF INF INF INF INF INF INF INF INF INF INF INF INF INF INF INF INF INF INF INF INF INF INF INF INF INF INF INF INF INF INF INF INF INF INF INF INF INF INF INF INF INF INF INF INF INF INF INF INF INF INF INF INF INF INF INF INF INF INF INF INF INF INF INF INF INF INF INF INF INF INF INF INF INF INF INF INF INF INF INF INF INF INF INF INF INF INF INF INF INF INF INF INF INF INF INF INF INF INF INF INF INF INF INF INF INF INF INF 0 7 29 53 66 81 102 120 141 163 167 178 197 125 50 71 91 23 31 37 7 23 48 29 44 67 72 69 73 45 57 54 32 51 43 44 54 32 45 7 16 23 38 54 47 62 36 58 74 69 88 49 54 44 66 13 21 13 15 35 39 44 22 24 44 21 37 13 38 41 40 25 38 21 9 17 26 23 36 28 35 36 31 29 24 23 47 42 22 29 34 33 30 16 15 21 38 35 33 3 5 10 19 19 25 25 33 24 17 20 21 34 29 24 24 24 37 9 25 30 27 19 16 19 21 18 16 11 13 24 14 20 17 9 20 13 19 17 18 26 18 23 27 28 5 9 9 9 14 12 9 20 14 9 11 21 21 16 12 13 19 16 10 10 21 10 18 12 16 11 11 12 14 20 15 15 18 21 13 18 12 13 15 16 16 18 16 16 17 20 15 15 19 14
INF INF INF INF INF INF INF INF INF INF INF INF INF INF INF INF INF INF INF INF INF INF INF INF INF INF INF INF INF INF INF INF INF INF INF INF INF INF INF INF INF INF INF INF INF INF INF INF INF INF INF INF INF INF INF INF INF INF INF INF INF INF INF INF INF INF INF INF INF INF INF INF INF INF INF INF INF INF INF INF INF INF INF INF INF INF INF INF INF INF INF INF INF INF INF INF INF INF INF INF INF INF INF INF INF INF INF INF INF INF INF INF INF INF INF INF INF INF INF INF INF INF INF INF INF INF INF INF INF INF INF INF INF INF INF INF INF INF INF INF INF INF INF INF INF INF INF INF INF INF INF INF INF INF INF INF INF INF INF INF INF INF INF INF INF INF INF INF INF INF INF INF INF INF INF INF INF INF INF INF INF INF INF INF INF INF INF INF INF INF INF INF INF INF INF INF INF INF INF INF INF INF INF INF INF INF INF INF INF INF INF INF INF INF INF INF INF INF INF INF INF INF INF INF INF INF INF INF INF INF INF INF INF INF INF INF INF INF INF INF INF INF INF INF INF INF INF INF INF INF INF INF INF INF INF INF INF INF INF INF INF INF INF INF INF INF INF INF INF INF INF INF INF INF INF INF INF INF INF INF INF INF INF INF INF INF INF INF INF INF INF INF INF INF INF INF INF INF INF INF INF INF INF INF INF INF INF 0 22 46 59 74 95 113 134 156 160 171 190 118 43 64 84 96 104 110 118 93 118 102 117 140 124 62 66 86 98 95 25 44 36 37 47 52 65 55 64 71 86 102 40 55 29 51 67 92 111 42 54 56 78 101 51 45 47 67 57 41 15 17 37 57 38 45 53 56 64 18 31 41 26 26 44 16 29 44 34 35 24 24 33 43 42 51 39 49 43 26 24 47 43 23 42 29 26 41 43 41 31 30 36 43 40 26 34 37 24 44 24 34 30 29 45 38 35 38 20 21 34 28 37 27 39 28 42 33 24 24 18 17 30 29 23 26 33 26 38 34 43 27 26 30 24 30 34 23 30 35 25 28 19 21 23 35 30 22 34 38 18 22 24 27 33 29 9 10 27 14 26 26 17 16 13 15 26 19 25 21 17 18 20 18 20 25 21 21 21 22 23 13
INF INF INF INF INF INF INF INF INF INF INF INF INF INF INF INF INF INF INF INF INF INF INF INF INF INF INF INF INF INF INF INF INF INF INF INF INF INF INF INF INF INF INF INF INF INF INF INF INF INF INF INF INF INF INF INF INF INF INF INF INF INF INF INF INF INF INF INF INF INF INF INF INF INF INF INF INF INF INF INF INF INF INF INF INF INF INF INF INF INF INF INF INF INF INF INF INF INF INF INF INF INF INF INF INF INF INF INF INF INF INF INF INF INF INF INF INF INF INF INF INF INF INF INF INF INF INF INF INF INF INF INF INF INF INF INF INF INF INF INF INF INF INF INF INF INF INF INF INF INF INF INF INF INF INF INF INF INF INF INF INF INF INF INF INF INF INF INF INF INF INF INF INF INF INF INF INF INF INF INF INF INF INF INF INF INF INF INF INF INF INF INF INF INF INF INF INF INF INF INF INF INF INF INF INF INF INF INF INF INF INF INF INF INF INF INF INF INF INF INF INF INF INF INF INF INF INF INF INF INF INF INF INF INF INF INF INF INF INF INF INF INF INF INF INF INF INF INF INF INF INF INF INF INF INF INF INF INF INF INF INF INF INF INF INF INF INF INF INF INF INF INF INF INF INF INF INF INF INF INF INF INF INF INF INF INF INF INF INF INF INF INF INF INF INF INF INF INF INF INF INF INF INF INF INF INF INF INF 0 24 37 52 73 91 112 134 138 149 168 96 21 42 62 74 82 88 96 71 96 80 95 118 102 40 44 64 76 73 3 22 14 15 25 30 43 33 42 49 64 80 18 33 7 29 45 70 89 20 32 34 56 79 29 23 25 45 35 19 26 28 21 41 27 34 31 34 42 23 36 42 35 35 47 12 21 36 33 34 20 16 25 41 47 43 34 44 35 4 19 42 38 1 25 8 20 21 23 28 10 8 14 27 29 4 14 17 18 42 24 29 15 8 30 23 23 17 11 16 29 37 22 21 18 10 21 30 23 9 14 13 17 19 29 21 18 28 19 36 29 23 11 15 19 15 20 19 15 16 15 10 5 17 27 24 14 15 20 23 14 16 15 19 27 13 21 20 12 13 20 21 12 16 12 14 14 15 11 9 12 14 17 16 16 17 11 17 15 10 22 15
INF INF INF INF INF INF INF INF INF INF INF INF INF INF INF INF INF INF INF INF INF INF INF INF INF INF INF INF INF INF INF INF INF INF INF INF INF INF INF INF INF INF INF INF INF INF INF INF INF INF INF INF INF INF INF INF INF INF INF INF INF INF INF INF INF INF INF INF INF INF INF INF INF INF INF INF INF INF INF INF INF INF INF INF INF INF INF INF INF INF INF INF INF INF INF INF INF INF INF INF INF INF INF INF INF INF INF INF INF INF INF INF INF INF INF INF INF INF INF INF INF INF INF INF INF INF INF INF INF INF INF INF INF INF INF INF INF INF INF INF INF INF INF INF INF INF INF INF INF INF INF INF INF INF INF INF INF INF INF INF INF INF INF INF INF INF INF INF INF INF INF INF INF INF INF INF INF INF INF INF INF INF INF INF INF INF INF INF INF INF INF INF INF INF INF INF INF INF INF INF INF INF INF INF INF INF INF INF INF INF INF INF INF INF INF INF INF INF INF INF INF INF INF INF INF INF INF INF INF INF INF INF INF INF INF INF INF INF INF INF INF INF INF INF INF INF INF INF INF INF INF INF INF INF INF INF INF INF INF INF INF INF INF INF INF INF INF INF INF INF INF INF INF INF INF INF INF INF INF INF INF INF INF INF INF INF INF INF INF INF INF INF INF INF INF INF INF INF INF INF INF INF INF INF INF INF INF INF INF 0 13 28 49 67 88 110 114 125 144 72 95 116 129 135 143 149 119 106 115 81 96 119 78 16 20 40 52 49 73 92 84 35 45 50 50 9 18 25 40 56 63 78 39 61 77 102 121 40 30 42 64 87 95 15 17 37 41 50 57 50 53 73 47 54 57 60 37 40 38 28 11 19 33 29 8 23 45 46 37 31 31 46 49 49 24 34 39 39 32 32 17 23 40 37 46 40 42 34 33 30 35 28 36 26 19 22 23 36 39 26 26 35 41 34 27 39 33 29 29 21 23 20 18 21 21 35 28 16 25 11 22 24 12 15 23 24 39 25 44 31 18 22 24 22 20 25 17 14 25 25 13 30 34 24 20 21 13 18 12 16 16 12 20 22 26 27 20 18 21 14 21 20 21 12 20 22 19 23 17 22 13 23 20 14 19 20 21 16 21 16
INF INF INF INF INF INF INF INF INF INF INF INF INF INF INF INF INF INF INF INF INF INF INF INF INF INF INF INF INF INF INF INF INF INF INF INF INF INF INF INF INF INF INF INF INF INF INF INF INF INF INF INF INF INF INF INF INF INF INF INF INF INF INF INF INF INF INF INF INF INF INF INF INF INF INF INF INF INF INF INF INF INF INF INF INF INF INF INF INF INF INF INF INF INF INF INF INF INF INF INF INF INF INF INF INF INF INF INF INF INF INF INF INF INF INF INF INF INF INF INF INF INF INF INF INF INF INF INF INF INF INF INF INF INF INF INF INF INF INF INF INF INF INF INF INF INF INF INF INF INF INF INF INF INF INF INF INF INF INF INF INF INF INF INF INF INF INF INF INF INF INF INF INF INF INF INF INF INF INF INF INF INF INF INF INF INF INF INF INF INF INF INF INF INF INF INF INF INF INF INF INF INF INF INF INF INF INF INF INF INF INF INF INF INF INF INF INF INF INF INF INF INF INF INF INF INF INF INF INF INF INF INF INF INF INF INF INF INF INF INF INF INF INF INF INF INF INF INF INF INF INF INF INF INF INF INF INF INF INF INF INF INF INF INF INF INF INF INF INF INF INF INF INF INF INF INF INF INF INF INF INF INF INF INF INF INF INF INF INF INF INF INF INF INF INF INF INF INF INF INF INF INF INF INF INF INF INF INF INF INF 0 15 36 54 75 97 101 112 131 59 82 103 116 122 130 136 106 93 102 68 83 106 65 80 84 104 116 113 69 88 80 81 91 96 37 53 62 69 84 100 84 99 84 88 104 123 142 86 46 51 73 96 95 59 61 81 85 85 57 59 79 99 80 76 90 81 86 89 87 72 55 59 77 71 84 74 46 47 63 63 68 55 79 86 68 78 75 70 76 83 61 67 84 79 68 79 81 74 75 64 70 72 80 70 48 51 52 56 52 62 55 68 70 63 58 75 50 60 52 46 57 55 44 61 47 51 53 4 22 8 23 35 45 48 13 33 48 41 57 40 6 10 25 10 15 20 10 27 22 14 10 20 22 23 13 14 24 18 9 11 22 23 26 17 23 23 16 15 21 21 18 17 18 22 15 23 14 20 17 13 17 24 22 24 16 17 21 5 17 20
INF INF INF INF INF INF INF INF INF INF INF INF INF INF INF INF INF INF INF INF INF INF INF INF INF INF INF INF INF INF INF INF INF INF INF INF INF INF INF INF INF INF INF INF INF INF INF INF INF INF INF INF INF INF INF INF INF INF INF INF INF INF INF INF INF INF INF INF INF INF INF INF INF INF INF INF INF INF INF INF INF INF INF INF INF INF INF INF INF INF INF INF INF INF INF INF INF INF INF INF INF INF INF INF INF INF INF INF INF INF INF INF INF INF INF INF INF INF INF INF INF INF INF INF INF INF INF INF INF INF INF INF INF INF INF INF INF INF INF INF INF INF INF INF INF INF INF INF INF INF INF INF INF INF INF INF INF INF INF INF INF INF INF INF INF INF INF INF INF INF INF INF INF INF INF INF INF INF INF INF INF INF INF INF INF INF INF INF INF INF INF INF INF INF INF INF INF INF INF INF INF INF INF INF INF INF INF INF INF INF INF INF INF INF INF INF INF INF INF INF INF INF INF INF INF INF INF INF INF INF INF INF INF INF INF INF INF INF INF INF INF INF INF INF INF INF INF INF INF INF INF INF INF INF INF INF INF INF INF INF INF INF INF INF INF INF INF INF INF INF INF INF INF INF INF INF INF INF INF INF INF INF INF INF INF INF INF INF INF INF INF INF INF INF INF INF INF INF INF INF INF INF INF INF INF INF INF INF INF INF INF 0 21 39 60 82 86 97 116 44 67 88 101 107 115 121 91 78 87 53 68 91 50 65 69 89 101 98 54 73 65 66 76 81 22 38 47 54 69 85 69 84 69 73 89 108 127 71 31 36 58 81 80 44 46 66 70 70 42 44 64 84 65 61 75 66 71 74 72 57 40 44 62 56 69 59 31 32 48 48 53 40 64 71 53 63 60 55 61 68 46 52 69 64 53 64 66 59 60 49 55 57 65 55 33 36 37 41 37 47 40 53 55 48 43 60 35 45 37 31 42 40 29 46 32 36 38 39 34 40 32 38 45 40 43 49 35 54 52 35 19 23 38 23 21 26 23 40 28 26 32 32 35 35 26 27 36 31 36 24 33 36 39 29 41 35 28 28 29 34 31 30 32 42 28 35 27 29 34 30 32 38 30 35 37 34 38 29 41 32
INF INF INF INF INF INF INF INF INF INF INF INF INF INF INF INF INF INF INF INF INF INF INF INF INF INF INF INF INF INF INF INF INF INF INF INF INF INF INF INF INF INF INF INF INF INF INF INF INF INF INF INF INF INF INF INF INF INF INF INF INF INF INF INF INF INF INF INF INF INF INF INF INF INF INF INF INF INF INF INF INF INF INF INF INF INF INF INF INF INF INF INF INF INF INF INF INF INF INF INF INF INF INF INF INF INF INF INF INF INF INF INF INF INF INF INF INF INF INF INF INF INF INF INF INF INF INF INF INF INF INF INF INF INF INF INF INF INF INF INF INF INF INF INF INF INF INF INF INF INF INF INF INF INF INF INF INF INF INF INF INF INF INF INF INF INF INF INF INF INF INF INF INF INF INF INF INF INF INF INF INF INF INF INF INF INF INF INF INF INF INF INF INF INF INF INF INF INF INF INF INF INF INF INF INF INF INF INF INF INF INF INF INF INF INF INF INF INF INF INF INF INF INF INF INF INF INF INF INF INF INF INF INF INF INF INF INF INF INF INF INF INF INF INF INF INF INF INF INF INF INF INF INF INF INF INF INF INF INF INF INF INF INF INF INF INF INF INF INF INF INF INF INF INF INF INF INF INF INF INF INF INF INF INF INF INF INF INF INF INF INF INF INF INF INF INF INF INF INF INF INF INF INF INF INF INF INF INF INF INF INF INF 0 18 39 61 65 76 95 23 46 67 80 86 94 100 70 57 66 32 47 70 29 44 48 68 80 77 33 52 44 45 55 60 73 89 98 105 82 98 48 63 48 52 68 87 106 50 58 15 37 60 59 38 32 52 56 49 21 23 43 63 44 40 54 45 53 53 54 64 32 32 50 35 48 45 10 11 27 27 32 19 43 50 45 55 39 34 42 54 46 50 48 43 32 43 45 47 39 28 34 47 46 38 36 39 21 20 25 33 27 32 42 33 34 39 25 36 16 10 21 24 8 28 11 15 17 18 15 20 11 23 24 20 22 29 14 34 31 14 20 24 36 19 10 15 19 34 17 15 13 21 23 14 13 14 21 18 21 22 13 15 23 11 22 23 17 18 18 22 21 15 24 26 19 16 22 18 18 19 11 24 17 14 17 18 22 14 21 14
INF INF INF INF INF INF INF INF INF INF INF INF INF INF INF INF INF INF INF INF INF INF INF INF INF INF INF INF INF INF INF INF INF INF INF INF INF INF INF INF INF INF INF INF INF INF INF INF INF INF INF INF INF INF INF INF INF INF INF INF INF INF INF INF INF INF INF INF INF INF INF INF INF INF INF INF INF INF INF INF INF INF INF INF INF INF INF INF INF INF INF INF INF INF INF INF INF INF INF INF INF INF INF INF INF INF INF INF INF INF INF INF INF INF INF INF INF INF INF INF INF INF INF INF INF INF INF INF INF INF INF INF INF INF INF INF INF INF INF INF INF INF INF INF INF INF INF INF INF INF INF INF INF INF INF INF INF INF INF INF INF INF INF INF INF INF INF INF INF INF INF INF INF INF INF INF INF INF INF INF INF INF INF INF INF INF INF INF INF INF INF INF INF INF INF INF INF INF INF INF INF INF INF INF INF INF INF INF INF INF INF INF INF INF INF INF INF INF INF INF INF INF INF INF INF INF INF INF INF INF INF INF INF INF INF INF INF INF INF INF INF INF INF INF INF INF INF INF INF INF INF INF INF INF INF INF INF INF INF INF INF INF INF INF INF INF INF INF INF INF INF INF INF INF INF INF INF INF INF INF INF INF INF INF INF INF INF INF INF INF INF INF INF INF INF INF INF INF INF INF INF INF INF INF INF INF INF INF INF INF INF INF INF 0 21 43 47 58 77 5 28 49 62 68 76 82 52 39 48 14 29 52 11 26 30 50 62 59 15 34 26 27 37 42 55 71 80 87 64 80 30 45 30 34 50 69 88 32 40 32 54 77 41 20 14 34 38 31 3 5 25 45 26 33 36 27 35 35 36 46 14 14 32 17 30 27 45 36 25 25 14 27 28 32 27 37 21 16 24 36 35 32 30 25 14 25 27 29 22 10 16 29 28 20 18 21 12 36 18 15 18 20 33 26 16 21 21 18 18 16 20 15 23 12 26 21 23 12 19 5 19 17 11 14 21 23 36 28 29 28 14 18 21 18 23 23 18 20 22 11 7 22 19 29 18 19 21 23 6 10 10 15 23 14 20 11 13 14 15 6 15 9 15 8 14 18 13 11 14 13 7 15 14 12 13 17 18 8 11 14
INF INF INF INF INF INF INF INF INF INF INF INF INF INF INF INF INF INF INF INF INF INF INF INF INF INF INF INF INF INF INF INF INF INF INF INF INF INF INF INF INF INF INF INF INF INF INF INF INF INF INF INF INF INF INF INF INF INF INF INF INF INF INF INF INF INF INF INF INF INF INF INF INF INF INF INF INF INF INF INF INF INF INF INF INF INF INF INF INF INF INF INF INF INF INF INF INF INF INF INF INF INF INF INF INF INF INF INF INF INF INF INF INF INF INF INF INF INF INF INF INF INF INF INF INF INF INF INF INF INF INF INF INF INF INF INF INF INF INF INF INF INF INF INF INF INF INF INF INF INF INF INF INF INF INF INF INF INF INF INF INF INF INF INF INF INF INF INF INF INF INF INF INF INF INF INF INF INF INF INF INF INF INF INF INF INF INF INF INF INF INF INF INF INF INF INF INF INF INF INF INF INF INF INF INF INF INF INF INF INF INF INF INF INF INF INF INF INF INF INF INF INF INF INF INF INF INF INF INF INF INF INF INF INF INF INF INF INF INF INF INF INF INF INF INF INF INF INF INF INF INF INF INF INF INF INF INF INF INF INF INF INF INF INF INF INF INF INF INF INF INF INF INF INF INF INF INF INF INF INF INF INF INF INF INF INF INF INF INF INF INF INF INF INF INF INF INF INF INF INF INF INF INF INF INF INF INF INF INF INF INF INF INF INF 0 22 26 37 56 70 93 114 41 47 55 61 31 18 27 30 45 68 73 88 92 69 81 60 84 103 95 96 106 56 69 85 94 101 43 59 82 50 31 13 29 48 67 45 57 48 70 93 101 36 22 31 19 43 50 44 33 45 63 19 15 18 26 29 27 37 37 45 37 53 66 35 45 15 31 40 22 38 38 40 36 40 32 19 3 26 42 28 38 8 25 36 23 24 1 2 8 21 29 23 21 24 25 27 34 38 11 23 20 19 35 13 19 9 22 29 18 14 9 4 12 19 19 19 16 13 11 23 29 22 14 21 19 27 35 27 9 13 5 13 11 16 13 30 18 16 14 20 23 15 14 12 26 19 14 14 17 10 18 19 23 23 18 18 19 18 19 20 5 19 18 15 7 3 7 10 12 11 15 15 16 14 13 12 16 15
INF INF INF INF INF INF INF INF INF INF INF INF INF INF INF INF INF INF INF INF INF INF INF INF INF INF INF INF INF INF INF INF INF INF INF INF INF INF INF INF INF INF INF INF INF INF INF INF INF INF INF INF INF INF INF INF INF INF INF INF INF INF INF INF INF INF INF INF INF INF INF INF INF INF INF INF INF INF INF INF INF INF INF INF INF INF INF INF INF INF INF INF INF INF INF INF INF INF INF INF INF INF INF INF INF INF INF INF INF INF INF INF INF INF INF INF INF INF INF INF INF INF INF INF INF INF INF INF INF INF INF INF INF INF INF INF INF INF INF INF INF INF INF INF INF INF INF INF INF INF INF INF INF INF INF INF INF INF INF INF INF INF INF INF INF INF INF INF INF INF INF INF INF INF INF INF INF INF INF INF INF INF INF INF INF INF INF INF INF INF INF INF INF INF INF INF INF INF INF INF INF INF INF INF INF INF INF INF INF INF INF INF INF INF INF INF INF INF INF INF INF INF INF INF INF INF INF INF INF INF INF INF INF INF INF INF INF INF INF INF INF INF INF INF INF INF INF INF INF INF INF INF INF INF INF INF INF INF INF INF INF INF INF INF INF INF INF INF INF INF INF INF INF INF INF INF INF INF INF INF INF INF INF INF INF INF INF INF INF INF INF INF INF INF INF INF INF INF INF INF INF INF INF INF INF INF INF INF INF INF INF INF INF INF INF 0 4 15 34 48 71 92 19 25 33 39 9 10 5 8 23 46 51 66 70 47 59 38 62 81 73 74 84 34 47 63 72 79 21 37 60 28 9 6 22 26 45 23 35 26 48 71 79 14 16 24 12 36 34 36 11 23 41 12 20 23 27 30 28 38 38 45 42 31 44 29 37 38 35 18 27 43 39 45 29 31 36 12 27 38 29 21 16 21 29 39 21 26 14 15 21 19 27 16 14 17 18 6 12 22 10 16 13 18 13 12 23 15 14 30 17 7 17 17 15 11 12 20 11 16 18 19 10 13 21 21 31 19 20 28 19 23 11 23 10 15 18 18 17 15 12 12 16 18 15 13 23 17 17 17 7 19 25 18 26 15 17 18 12 10 9 18 20 16 19 12 9 12 16 13 11 14 13 9 13 14 10 12 15 18
INF INF INF INF INF INF INF INF INF INF INF INF INF INF INF INF INF INF INF INF INF INF INF INF INF INF INF INF INF INF INF INF INF INF INF INF INF INF INF INF INF INF INF INF INF INF INF INF INF INF INF INF INF INF INF INF INF INF INF INF INF INF INF INF INF INF INF INF INF INF INF INF INF INF INF INF INF INF INF INF INF INF INF INF INF INF INF INF INF INF INF INF INF INF INF INF INF INF INF INF INF INF INF INF INF INF INF INF INF INF INF INF INF INF INF INF INF INF INF INF INF INF INF INF INF INF INF INF INF INF INF INF INF INF INF INF INF INF INF INF INF INF INF INF INF INF INF INF INF INF INF INF INF INF INF INF INF INF INF INF INF INF INF INF INF INF INF INF INF INF INF INF INF INF INF INF INF INF INF INF INF INF INF INF INF INF INF INF INF INF INF INF INF INF INF INF INF INF INF INF INF INF INF INF INF INF INF INF INF INF INF INF INF INF INF INF INF INF INF INF INF INF INF INF INF INF INF INF INF INF INF INF INF INF INF INF INF INF INF INF INF INF INF INF INF INF INF INF INF INF INF INF INF INF INF INF INF INF INF INF INF INF INF INF INF INF INF INF INF INF INF INF INF INF INF INF INF INF INF INF INF INF INF INF INF INF INF INF INF INF INF INF INF INF INF INF INF INF INF INF INF INF INF INF INF INF INF INF INF INF INF INF INF INF INF INF 0 11 30 44 67 88 15 21 29 35 5 6 1 4 19 42 47 62 66 43 55 34 58 77 69 70 80 30 43 59 68 75 17 33 56 24 5 2 18 22 41 19 31 22 44 67 75 10 12 20 8 32 30 32 19 19 37 8 28 31 23 26 24 34 34 41 39 27 40 25 33 34 31 14 23 39 35 41 25 27 32 8 23 34 25 17 24 17 33 36 17 22 10 11 17 15 23 12 10 13 14 2 8 18 6 12 9 14 17 20 19 19 23 39 13 3 13 13 11 7 8 16 7 14 14 15 6 9 17 17 27 15 21 24 15 19 7 19 6 11 14 14 13 11 11 8 12 14 11 9 21 13 15 13 3 15 21 14 22 11 13 14 8 6 5 14 17 12 15 8 5 8 12 9 7 10 9 5 9 10 6 8 11 14
INF INF INF INF INF INF INF INF INF INF INF INF INF INF INF INF INF INF INF INF INF INF INF INF INF INF INF INF INF INF INF INF INF INF INF INF INF INF INF INF INF INF INF INF INF INF INF INF INF INF INF INF INF INF INF INF INF INF INF INF INF INF INF INF INF INF INF INF INF INF INF INF INF INF INF INF INF INF INF INF INF INF INF INF INF INF INF INF INF INF INF INF INF INF INF INF INF INF INF INF INF INF INF INF INF INF INF INF INF INF INF INF INF INF INF INF INF INF INF INF INF INF INF INF INF INF INF INF INF INF INF INF INF INF INF INF INF INF INF INF INF INF INF INF INF INF INF INF INF INF INF INF INF INF INF INF INF INF INF INF INF INF INF INF INF INF INF INF INF INF INF INF INF INF INF INF INF INF INF INF INF INF INF INF INF INF INF INF INF INF INF INF INF INF INF INF INF INF INF INF INF INF INF INF INF INF INF INF INF INF INF INF INF INF INF INF INF INF INF INF INF INF INF INF INF INF INF INF INF INF INF INF INF INF INF INF INF INF INF INF INF INF INF INF INF INF INF INF INF INF INF INF INF INF INF INF INF INF INF INF INF INF INF INF INF INF INF INF INF INF INF INF INF INF INF INF INF INF INF INF INF INF INF INF INF INF INF INF INF INF INF INF INF INF INF INF INF INF INF INF INF INF INF INF INF INF INF INF INF INF INF INF INF INF INF INF INF 0 19 33 56 77 97 109 117 123 131 26 51 42 44 67 72 87 91 111 123 116 140 159 151 106 116 22 35 51 60 67 82 98 121 74 84 106 86 72 91 94 44 47 69 92 100 48 50 70 74 85 92 75 60 75 93 51 76 55 63 48 61 34 53 45 39 64 77 63 25 26 20 30 37 34 58 55 62 46 47 61 54 41 39 45 62 46 63 51 53 57 42 38 44 57 65 48 41 44 25 35 38 42 31 35 46 39 43 49 48 45 31 34 4 16 29 40 19 27 30 26 7 6 21 33 39 28 35 26 29 34 46 33 19 23 38 23 25 12 23 40 14 27 8 25 33 22 26 25 23 29 7 11 22 23 31 30 21 14 19 18 15 24 16 17 16 27 15 8 6 11 13 10 6 19 9 17 10 10 14 9 21 15
INF INF INF INF INF INF INF INF INF INF INF INF INF INF INF INF INF INF INF INF INF INF INF INF INF INF INF INF INF INF INF INF INF INF INF INF INF INF INF INF INF INF INF INF INF INF INF INF INF INF INF INF INF INF INF INF INF INF INF INF INF INF INF INF INF INF INF INF INF INF INF INF INF INF INF INF INF INF INF INF INF INF INF INF INF INF INF INF INF INF INF INF INF INF INF INF INF INF INF INF INF INF INF INF INF INF INF INF INF INF INF INF INF INF INF INF INF INF INF INF INF INF INF INF INF INF INF INF INF INF INF INF INF INF INF INF INF INF INF INF INF INF INF INF INF INF INF INF INF INF INF INF INF INF INF INF INF INF INF INF INF INF INF INF INF INF INF INF INF INF INF INF INF INF INF INF INF INF INF INF INF INF INF INF INF INF INF INF INF INF INF INF INF INF INF INF INF INF INF INF INF INF INF INF INF INF INF INF INF INF INF INF INF INF INF INF INF INF INF INF INF INF INF INF INF INF INF INF INF INF INF INF INF INF INF INF INF INF INF INF INF INF INF INF INF INF INF INF INF INF INF INF INF INF INF INF INF INF INF INF INF INF INF INF INF INF INF INF INF INF INF INF INF INF INF INF INF INF INF INF INF INF INF INF INF INF INF INF INF INF INF INF INF INF INF INF INF INF INF INF INF INF INF INF INF INF INF INF INF INF INF INF INF INF INF INF INF INF 0 14 37 58 78 90 98 104 112 7 32 23 25 48 53 68 72 92 104 97 121 140 132 87 97 3 16 32 41 48 63 79 102 55 65 87 67 53 72 75 25 28 50 73 81 29 31 51 55 66 73 56 41 56 74 32 57 36 44 29 42 15 34 26 20 45 58 44 6 7 1 11 18 15 39 36 43 27 28 42 35 22 20 26 43 27 44 32 34 38 23 19 25 38 46 29 22 25 6 16 19 23 12 16 27 20 24 30 29 26 12 15 19 9 22 21 25 8 11 20 8 15 7 19 20 9 17 11 10 16 27 18 20 18 27 21 11 13 15 23 15 15 12 9 18 28 17 10 17 15 15 16 14 24 18 16 28 12 16 2 14 15 5 5 19 17 16 9 19 9 13 9 16 20 10 13 8 11 15 13 18 15
INF INF INF INF INF INF INF INF INF INF INF INF INF INF INF INF INF INF INF INF INF INF INF INF INF INF INF INF INF INF INF INF INF INF INF INF INF INF INF INF INF INF INF INF INF INF INF INF INF INF INF INF INF INF INF INF INF INF INF INF INF INF INF INF INF INF INF INF INF INF INF INF INF INF INF INF INF INF INF INF INF INF INF INF INF INF INF INF INF INF INF INF INF INF INF INF INF INF INF INF INF INF INF INF INF INF INF INF INF INF INF INF INF INF INF INF INF INF INF INF INF INF INF INF INF INF INF INF INF INF INF INF INF INF INF INF INF INF INF INF INF INF INF INF INF INF INF INF INF INF INF INF INF INF INF INF INF INF INF INF INF INF INF INF INF INF INF INF INF INF INF INF INF INF INF INF INF INF INF INF INF INF INF INF INF INF INF INF INF INF INF INF INF INF INF INF INF INF INF INF INF INF INF INF INF INF INF INF INF INF INF INF INF INF INF INF INF INF INF INF INF INF INF INF INF INF INF INF INF INF INF INF INF INF INF INF INF INF INF INF INF INF INF INF INF INF INF INF INF INF INF INF INF INF INF INF INF INF INF INF INF INF INF INF INF INF INF INF INF INF INF INF INF INF INF INF INF INF INF INF INF INF INF INF INF INF INF INF INF INF INF INF INF INF INF INF INF INF INF INF INF INF INF INF INF INF INF INF INF INF INF INF INF INF INF INF INF INF INF 0 23 44 64 76 84 90 98 73 98 9 24 47 52 67 71 91 103 83 107 126 118 86 96 101 114 130 139 146 66 82 105 120 51 73 89 114 133 61 73 27 49 72 80 15 17 37 41 65 72 50 40 56 74 52 61 22 30 33 31 41 41 49 46 64 77 30 49 48 64 39 40 22 42 58 40 50 50 64 39 39 30 36 30 26 43 53 44 42 28 5 11 24 32 39 40 33 34 31 13 11 32 42 43 25 12 16 23 13 26 33 23 35 18 7 21 40 39 28 25 17 14 24 34 37 17 25 37 33 34 32 12 16 16 16 18 23 16 16 18 6 17 24 26 24 19 16 16 18 18 17 5 20 28 9 21 22 8 9 10 1 10 12 12 3 10 13 19 6 10 15 2 10 9 7 12 15 13 3 13 11
INF INF INF INF INF INF INF INF INF INF INF INF INF INF INF INF INF INF INF INF INF INF INF INF INF INF INF INF INF INF INF INF INF INF INF INF INF INF INF INF INF INF INF INF INF INF INF INF INF INF INF INF INF INF INF INF INF INF INF INF INF INF INF INF INF INF INF INF INF INF INF INF INF INF INF INF INF INF INF INF INF INF INF INF INF INF INF INF INF INF INF INF INF INF INF INF INF INF INF INF INF INF INF INF INF INF INF INF INF INF INF INF INF INF INF INF INF INF INF INF INF INF INF INF INF INF INF INF INF INF INF INF INF INF INF INF INF INF INF INF INF INF INF INF INF INF INF INF INF INF INF INF INF INF INF INF INF INF INF INF INF INF INF INF INF INF INF INF INF INF INF INF INF INF INF INF INF INF INF INF INF INF INF INF INF INF INF INF INF INF INF INF INF INF INF INF INF INF INF INF INF INF INF INF INF INF INF INF INF INF INF INF INF INF INF INF INF INF INF INF INF INF INF INF INF INF INF INF INF INF INF INF INF INF INF INF INF INF INF INF INF INF INF INF INF INF INF INF INF INF INF INF INF INF INF INF INF INF INF INF INF INF INF INF INF INF INF INF INF INF INF INF INF INF INF INF INF INF INF INF INF INF INF INF INF INF INF INF INF INF INF INF INF INF INF INF INF INF INF INF INF INF INF INF INF INF INF INF INF INF INF INF INF INF INF INF INF INF INF INF 0 21 41 53 61 67 75 50 75 59 74 97 102 117 121 75 87 60 84 103 95 96 106 100 113 129 138 145 43 59 82 97 28 50 66 91 110 38 50 52 74 97 105 41 43 63 50 74 62 64 42 33 51 41 55 58 66 28 41 51 51 59 56 41 54 56 44 35 49 37 46 53 52 64 64 41 46 55 34 57 56 62 47 39 56 50 52 53 41 42 48 61 53 59 36 39 40 51 45 55 9 34 20 2 27 43 45 29 24 40 16 28 41 40 31 39 34 38 19 18 33 6 12 15 11 24 30 32 48 24 15 11 26 19 24 5 19 13 7 19 17 18 23 32 14 15 29 21 15 13 24 27 27 22 21 21 17 16 7 26 19 19 25 27 17 20 12 8 19 15 13 25 9 17 22 19 23 16 28 17
INF INF INF INF INF INF INF INF INF INF INF INF INF INF INF INF INF INF INF INF INF INF INF INF INF INF INF INF INF INF INF INF INF INF INF INF INF INF INF INF INF INF INF INF INF INF INF INF INF INF INF INF INF INF INF INF INF INF INF INF INF INF INF INF INF INF INF INF INF INF INF INF INF INF INF INF INF INF INF INF INF INF INF INF INF INF INF INF INF INF INF INF INF INF INF INF INF INF INF INF INF INF INF INF INF INF INF INF INF INF INF INF INF INF INF INF INF INF INF INF INF INF INF INF INF INF INF INF INF INF INF INF INF INF INF INF INF INF INF INF INF INF INF INF INF INF INF INF INF INF INF INF INF INF INF INF INF INF INF INF INF INF INF INF INF INF INF INF INF INF INF INF INF INF INF INF INF INF INF INF INF INF INF INF INF INF INF INF INF INF INF INF INF INF INF INF INF INF INF INF INF INF INF INF INF INF INF INF INF INF INF INF INF INF INF INF INF INF INF INF INF INF INF INF INF INF INF INF INF INF INF INF INF INF INF INF INF INF INF INF INF INF INF INF INF INF INF INF INF INF INF INF INF INF INF INF INF INF INF INF INF INF INF INF INF INF INF INF INF INF INF INF INF INF INF INF INF INF INF INF INF INF INF INF INF INF INF INF INF INF INF INF INF INF INF INF INF INF INF INF INF INF INF INF INF INF INF INF INF INF INF INF INF INF INF INF INF INF INF INF INF 0 20 32 40 46 54 29 54 38 53 76 81 96 100 54 66 39 63 82 74 75 85 79 92 108 117 124 22 38 61 76 7 29 45 70 89 17 29 31 53 76 84 20 22 42 29 53 41 43 21 12 30 20 34 37 45 7 20 30 30 38 35 20 33 35 23 14 28 16 25 32 31 43 43 20 25 34 13 36 35 41 26 18 35 29 31 32 20 21 27 40 32 38 15 18 19 30 24 34 22 21 36 27 23 22 24 9 22 38 28 22 23 19 26 18 13 25 22 13 24 20 30 16 20 15 27 23 30 22 20 23 12 24 25 27 23 16 24 17 14 24 12 24 26 24 27 23 14 18 24 25 22 20 28 27 19 20 18 20 14 21 23 27 17 23 15 18 21 19 21 24 23 15 20 23 27 20 20 12
INF INF INF INF INF INF INF INF INF INF INF INF INF INF INF INF INF INF INF INF INF INF INF INF INF INF INF INF INF INF INF INF INF INF INF INF INF INF INF INF INF INF INF INF INF INF INF INF INF INF INF INF INF INF INF INF INF INF INF INF INF INF INF INF INF INF INF INF INF INF INF INF INF INF INF INF INF INF INF INF INF INF INF INF INF INF INF INF INF INF INF INF INF INF INF INF INF INF INF INF INF INF INF INF INF INF INF INF INF INF INF INF INF INF INF INF INF INF INF INF INF INF INF INF INF INF INF INF INF INF INF INF INF INF INF INF INF INF INF INF INF INF INF INF INF INF INF INF INF INF INF INF INF INF INF INF INF INF INF INF INF INF INF INF INF INF INF INF INF INF INF INF INF INF INF INF INF INF INF INF INF INF INF INF INF INF INF INF INF INF INF INF INF INF INF INF INF INF INF INF INF INF INF INF INF INF INF INF INF INF INF INF INF INF INF INF INF INF INF INF INF INF INF INF INF INF INF INF INF INF INF INF INF INF INF INF INF INF INF INF INF INF INF INF INF INF INF INF INF INF INF INF INF INF INF INF INF INF INF INF INF INF INF INF INF INF INF INF INF INF INF INF INF INF INF INF INF INF INF INF INF INF INF INF INF INF INF INF INF INF INF INF INF INF INF INF INF INF INF INF INF INF INF INF INF INF INF INF INF INF INF INF INF INF INF INF INF INF INF INF INF INF 0 12 20 26 34 9 34 18 33 56 61 76 80 34 46 19 43 62 54 55 65 59 72 88 97 104 2 18 41 56 58 80 68 55 74 60 72 33 55 78 69 24 26 46 9 33 21 23 43 48 44 34 29 32 35 31 36 46 29 32 50 20 33 28 47 48 28 28 22 38 47 32 38 48 32 14 25 37 39 23 39 23 24 36 20 25 25 26 32 40 46 18 24 27 28 10 22 32 30 18 40 24 25 37 9 27 26 28 30 22 27 18 30 10 13 22 10 17 24 28 14 16 24 25 15 18 29 25 15 19 27 19 14 15 19 30 15 17 19 11 29 26 22 12 27 27 18 18 11 26 24 20 21 14 19 6 16 27 9 9 23 7 18 11 13 13 17 13 14 22 12 13 12 13 17 15 19 17
INF INF INF INF INF INF INF INF INF INF INF INF INF INF INF INF INF INF INF INF INF INF INF INF INF INF INF INF INF INF INF INF INF INF INF INF INF INF INF INF INF INF INF INF INF INF INF INF INF INF INF INF INF INF INF INF INF INF INF INF INF INF INF INF INF INF INF INF INF INF INF INF INF INF INF INF INF INF INF INF INF INF INF INF INF INF INF INF INF INF INF INF INF INF INF INF INF INF INF INF INF INF INF INF INF INF INF INF INF INF INF INF INF INF INF INF INF INF INF INF INF INF INF INF INF INF INF INF INF INF INF INF INF INF INF INF INF INF INF INF INF INF INF INF INF INF INF INF INF INF INF INF INF INF INF INF INF INF INF INF INF INF INF INF INF INF INF INF INF INF INF INF INF INF INF INF INF INF INF INF INF INF INF INF INF INF INF INF INF INF INF INF INF INF INF INF INF INF INF INF INF INF INF INF INF INF INF INF INF INF INF INF INF INF INF INF INF INF INF INF INF INF INF INF INF INF INF INF INF INF INF INF INF INF INF INF INF INF INF INF INF INF INF INF INF INF INF INF INF INF INF INF INF INF INF INF INF INF INF INF INF INF INF INF INF INF INF INF INF INF INF INF INF INF INF INF INF INF INF INF INF INF INF INF INF INF INF INF INF INF INF INF INF INF INF INF INF INF INF INF INF INF INF INF INF INF INF INF INF INF INF INF INF INF INF INF INF INF INF INF INF INF INF 0 8 14 22 38 63 6 21 44 49 64 68 22 34 31 55 74 66 67 77 47 60 76 85 92 107 123 45 60 70 92 72 84 103 72 69 21 43 66 74 12 14 34 38 21 9 11 31 36 32 28 33 36 23 25 24 34 20 20 38 23 36 16 38 39 31 31 33 47 35 51 26 36 32 46 31 25 27 33 27 23 20 35 32 35 25 14 20 33 34 34 26 29 18 24 10 20 24 28 39 30 21 25 27 22 31 22 18 21 15 6 18 27 29 18 21 11 16 21 17 20 16 29 15 34 31 27 3 7 22 7 12 17 7 24 19 11 13 19 19 20 10 11 21 15 12 8 19 21 23 14 22 22 13 12 18 18 7 14 16 26 12 22 11 4 18 12 16 22 19 21 19 16 20 13 17 17
INF INF INF INF INF INF INF INF INF INF INF INF INF INF INF INF INF INF INF INF INF INF INF INF INF INF INF INF INF INF INF INF INF INF INF INF INF INF INF INF INF INF INF INF INF INF INF INF INF INF INF INF INF INF INF INF INF INF INF INF INF INF INF INF INF INF INF INF INF INF INF INF INF INF INF INF INF INF INF INF INF INF INF INF INF INF INF INF INF INF INF INF INF INF INF INF INF INF INF INF INF INF INF INF INF INF INF INF INF INF INF INF INF INF INF INF INF INF INF INF INF INF INF INF INF INF INF INF INF INF INF INF INF INF INF INF INF INF INF INF INF INF INF INF INF INF INF INF INF INF INF INF INF INF INF INF INF INF INF INF INF INF INF INF INF INF INF INF INF INF INF INF INF INF INF INF INF INF INF INF INF INF INF INF INF INF INF INF INF INF INF INF INF INF INF INF INF INF INF INF INF INF INF INF INF INF INF INF INF INF INF INF INF INF INF INF INF INF INF INF INF INF INF INF INF INF INF INF INF INF INF INF INF INF INF INF INF INF INF INF INF INF INF INF INF INF INF INF INF INF INF INF INF INF INF INF INF INF INF INF INF INF INF INF INF INF INF INF INF INF INF INF INF INF INF INF INF INF INF INF INF INF INF INF INF INF INF INF INF INF INF INF INF INF INF INF INF INF INF INF INF INF INF INF INF INF INF INF INF INF INF INF INF INF INF INF INF INF INF INF INF INF INF INF 0 6 14 30 55 58 73 96 101 116 120 140 152 149 173 192 184 135 145 39 52 68 77 84 99 115 138 78 93 115 90 76 95 105 61 13 35 58 66 64 66 86 90 89 96 98 89 28 28 20 45 48 15 18 16 26 26 34 31 36 49 8 30 31 44 25 29 39 27 47 18 28 33 47 24 17 33 29 53 29 43 37 26 28 23 24 30 32 30 29 18 21 22 16 31 20 25 20 40 30 21 35 36 18 23 36 10 22 31 26 20 31 24 19 13 12 27 23 20 23 28 26 34 34 28 33 21 25 16 17 14 18 25 25 14 19 14 22 23 19 24 23 29 25 13 17 17 20 28 13 25 20 21 22 21 28 22 17 22 30 21 14 12 11 10 16 12 14 15 19 16 16 19 15 21 16
INF INF INF INF INF INF INF INF INF INF INF INF INF INF INF INF INF INF INF INF INF INF INF INF INF INF INF INF INF INF INF INF INF INF INF INF INF INF INF INF INF INF INF INF INF INF INF INF INF INF INF INF INF INF INF INF INF INF INF INF INF INF INF INF INF INF INF INF INF INF INF INF INF INF INF INF INF INF INF INF INF INF INF INF INF INF INF INF INF INF INF INF INF INF INF INF INF INF INF INF INF INF INF INF INF INF INF INF INF INF INF INF INF INF INF INF INF INF INF INF INF INF INF INF INF INF INF INF INF INF INF INF INF INF INF INF INF INF INF INF INF INF INF INF INF INF INF INF INF INF INF INF INF INF INF INF INF INF INF INF INF INF INF INF INF INF INF INF INF INF INF INF INF INF INF INF INF INF INF INF INF INF INF INF INF INF INF INF INF INF INF INF INF INF INF INF INF INF INF INF INF INF INF INF INF INF INF INF INF INF INF INF INF INF INF INF INF INF INF INF INF INF INF INF INF INF INF INF INF INF INF INF INF INF INF INF INF INF INF INF INF INF INF INF INF INF INF INF INF INF INF INF INF INF INF INF INF INF INF INF INF INF INF INF INF INF INF INF INF INF INF INF INF INF INF INF INF INF INF INF INF INF INF INF INF INF INF INF INF INF INF INF INF INF INF INF INF INF INF INF INF INF INF INF INF INF INF INF INF INF INF INF INF INF INF INF INF INF INF INF INF INF INF INF INF 0 8 24 49 52 67 90 95 110 114 134 146 143 167 186 178 129 139 33 46 62 71 78 93 109 132 72 87 109 84 70 89 99 55 67 89 112 120 58 60 80 84 83 90 92 83 22 22 14 39 42 9 12 10 20 20 28 25 30 43 2 24 25 38 38 23 33 21 41 12 22 27 41 18 11 27 23 47 23 37 31 20 22 25 26 32 26 24 23 12 15 16 10 25 14 19 14 34 24 15 37 30 12 17 30 26 19 32 20 14 25 18 13 18 16 25 17 14 17 22 20 28 28 22 27 15 19 10 19 14 19 19 19 8 19 16 16 17 17 22 17 25 22 17 14 11 18 26 7 19 16 20 16 16 26 19 11 22 24 17 19 13 19 4 12 11 8 18 13 13 16 13 12 15 10
INF INF INF INF INF INF INF INF INF INF INF INF INF INF INF INF INF INF INF INF INF INF INF INF INF INF INF INF INF INF INF INF INF INF INF INF INF INF INF INF INF INF INF INF INF INF INF INF INF INF INF INF INF INF INF INF INF INF INF INF INF INF INF INF INF INF INF INF INF INF INF INF INF INF INF INF INF INF INF INF INF INF INF INF INF INF INF INF INF INF INF INF INF INF INF INF INF INF INF INF INF INF INF INF INF INF INF INF INF INF INF INF INF INF INF INF INF INF INF INF INF INF INF INF INF INF INF INF INF INF INF INF INF INF INF INF INF INF INF INF INF INF INF INF INF INF INF INF INF INF INF INF INF INF INF INF INF INF INF INF INF INF INF INF INF INF INF INF INF INF INF INF INF INF INF INF INF INF INF INF INF INF INF INF INF INF INF INF INF INF INF INF INF INF INF INF INF INF INF INF INF INF INF INF INF INF INF INF INF INF INF INF INF INF INF INF INF INF INF INF INF INF INF INF INF INF INF INF INF INF INF INF INF INF INF INF INF INF INF INF INF INF INF INF INF INF INF INF INF INF INF INF INF INF INF INF INF INF INF INF INF INF INF INF INF INF INF INF INF INF INF INF INF INF INF INF INF INF INF INF INF INF INF INF INF INF INF INF INF INF INF INF INF INF INF INF INF INF INF INF INF INF INF INF INF INF INF INF INF INF INF INF INF INF INF INF INF INF INF INF INF INF INF INF INF INF 0 16 41 44 59 82 87 102 106 126 138 135 159 178 170 121 131 25 38 54 63 70 85 101 124 64 79 101 76 62 81 91 47 59 81 104 112 50 52 72 76 75 82 84 75 14 32 6 31 34 42 38 43 37 53 40 42 22 35 50 28 29 30 30 39 37 54 57 60 22 27 41 44 44 49 48 48 49 54 31 12 17 26 26 32 18 26 39 38 41 30 36 38 39 36 17 39 16 34 37 26 26 33 37 38 18 31 23 6 17 20 13 10 17 29 20 26 23 22 29 32 25 45 21 15 17 2 19 24 15 19 27 17 23 8 18 31 9 14 15 29 27 18 20 14 10 18 22 17 18 24 22 10 22 14 24 21 21 21 11 5 11 12 9 13 18 12 16 13 13 8 13 13 15
INF INF INF INF INF INF INF INF INF INF INF INF INF INF INF INF INF INF INF INF INF INF INF INF INF INF INF INF INF INF INF INF INF INF INF INF INF INF INF INF INF INF INF INF INF INF INF INF INF INF INF INF INF INF INF INF INF INF INF INF INF INF INF INF INF INF INF INF INF INF INF INF INF INF INF INF INF INF INF INF INF INF INF INF INF INF INF INF INF INF INF INF INF INF INF INF INF INF INF INF INF INF INF INF INF INF INF INF INF INF INF INF INF INF INF INF INF INF INF INF INF INF INF INF INF INF INF INF INF INF INF INF INF INF INF INF INF INF INF INF INF INF INF INF INF INF INF INF INF INF INF INF INF INF INF INF INF INF INF INF INF INF INF INF INF INF INF INF INF INF INF INF INF INF INF INF INF INF INF INF INF INF INF INF INF INF INF INF INF INF INF INF INF INF INF INF INF INF INF INF INF INF INF INF INF INF INF INF INF INF INF INF INF INF INF INF INF INF INF INF INF INF INF INF INF INF INF INF INF INF INF INF INF INF INF INF INF INF INF INF INF INF INF INF INF INF INF INF INF INF INF INF INF INF INF INF INF INF INF INF INF INF INF INF INF INF INF INF INF INF INF INF INF INF INF INF INF INF INF INF INF INF INF INF INF INF INF INF INF INF INF INF INF INF INF INF INF INF INF INF INF INF INF INF INF INF INF INF INF INF INF INF INF INF INF INF INF INF INF INF INF INF INF INF INF INF INF 0 25 28 43 66 71 86 90 110 122 119 143 162 154 105 115 120 133 149 158 165 180 196 133 48 63 85 60 46 65 75 71 46 68 91 99 34 36 56 60 59 66 68 59 49 67 25 50 53 47 22 35 45 45 53 50 57 70 49 38 39 55 58 48 47 46 66 58 46 51 65 28 51 49 55 49 33 50 55 57 47 35 36 42 39 47 58 52 52 49 26 32 42 40 36 55 40 41 47 54 25 17 33 42 13 26 34 29 1 4 21 1 8 15 27 19 7 15 16 31 9 29 22 13 17 25 15 19 6 17 21 8 8 10 2 20 22 20 3 18 23 9 9 18 17 15 11 23 5 10 9 9 18 12 11 18 18 9 2 12 5 10 15 12 13 3 6 3 4 8 6 11 8
INF INF INF INF INF INF INF INF INF INF INF INF INF INF INF INF INF INF INF INF INF INF INF INF INF INF INF INF INF INF INF INF INF INF INF INF INF INF INF INF INF INF INF INF INF INF INF INF INF INF INF INF INF INF INF INF INF INF INF INF INF INF INF INF INF INF INF INF INF INF INF INF INF INF INF INF INF INF INF INF INF INF INF INF INF INF INF INF INF INF INF INF INF INF INF INF INF INF INF INF INF INF INF INF INF INF INF INF INF INF INF INF INF INF INF INF INF INF INF INF INF INF INF INF INF INF INF INF INF INF INF INF INF INF INF INF INF INF INF INF INF INF INF INF INF INF INF INF INF INF INF INF INF INF INF INF INF INF INF INF INF INF INF INF INF INF INF INF INF INF INF INF INF INF INF INF INF INF INF INF INF INF INF INF INF INF INF INF INF INF INF INF INF INF INF INF INF INF INF INF INF INF INF INF INF INF INF INF INF INF INF INF INF INF INF INF INF INF INF INF INF INF INF INF INF INF INF INF INF INF INF INF INF INF INF INF INF INF INF INF INF INF INF INF INF INF INF INF INF INF INF INF INF INF INF INF INF INF INF INF INF INF INF INF INF INF INF INF INF INF INF INF INF INF INF INF INF INF INF INF INF INF INF INF INF INF INF INF INF INF INF INF INF INF INF INF INF INF INF INF INF INF INF INF INF INF INF INF INF INF INF INF INF INF INF INF INF INF INF INF INF INF INF INF INF INF INF INF 0 3 18 41 46 61 65 85 97 94 118 137 129 80 90 95 108 124 133 140 155 171 108 23 38 60 35 21 40 50 46 21 43 66 74 9 11 31 35 34 41 43 34 24 42 46 46 49 22 25 23 33 33 41 38 32 45 24 41 42 40 33 34 50 34 52 34 32 37 51 31 33 24 30 24 20 35 41 36 35 22 23 29 14 22 33 34 27 28 1 7 17 27 36 42 35 16 34 36 18 24 40 17 29 12 25 15 34 9 22 19 17 13 18 5 8 16 16 31 24 20 23 20 23 21 20 5 10 19 22 12 10 10 7 25 18 17 8 20 12 18 14 2 17 20 13 23 10 12 13 7 19 4 13 18 26 14 20 4 8 11 8 6 17 12 4 9 11 5 9 10 13
INF INF INF INF INF INF INF INF INF INF INF INF INF INF INF INF INF INF INF INF INF INF INF INF INF INF INF INF INF INF INF INF INF INF INF INF INF INF INF INF INF INF INF INF INF INF INF INF INF INF INF INF INF INF INF INF INF INF INF INF INF INF INF INF INF INF INF INF INF INF INF INF INF INF INF INF INF INF INF INF INF INF INF INF INF INF INF INF INF INF INF INF INF INF INF INF INF INF INF INF INF INF INF INF INF INF INF INF INF INF INF INF INF INF INF INF INF INF INF INF INF INF INF INF INF INF INF INF INF INF INF INF INF INF INF INF INF INF INF INF INF INF INF INF INF INF INF INF INF INF INF INF INF INF INF INF INF INF INF INF INF INF INF INF INF INF INF INF INF INF INF INF INF INF INF INF INF INF INF INF INF INF INF INF INF INF INF INF INF INF INF INF INF INF INF INF INF INF INF INF INF INF INF INF INF INF INF INF INF INF INF INF INF INF INF INF INF INF INF INF INF INF INF INF INF INF INF INF INF INF INF INF INF INF INF INF INF INF INF INF INF INF INF INF INF INF INF INF INF INF INF INF INF INF INF INF INF INF INF INF INF INF INF INF INF INF INF INF INF INF INF INF INF INF INF INF INF INF INF INF INF INF INF INF INF INF INF INF INF INF INF INF INF INF INF INF INF INF INF INF INF INF INF INF INF INF INF INF INF INF INF INF INF INF INF INF INF INF INF INF INF INF INF INF INF INF INF INF INF 0 15 38 43 58 62 82 94 91 115 134 126 77 87 92 105 121 130 137 152 168 105 120 65 87 103 128 147 79 72 18 40 63 71 6 8 28 32 56 63 41 31 51 69 43 52 55 63 60 64 39 50 58 44 59 72 21 43 39 55 30 31 47 58 49 31 41 41 55 53 30 21 27 21 17 34 44 41 46 19 20 26 39 47 30 31 24 25 46 4 14 24 33 39 32 15 31 37 17 30 46 14 26 9 22 12 31 34 19 16 14 10 15 25 28 20 29 28 37 25 27 21 20 20 22 11 16 18 19 18 16 14 22 22 15 14 8 25 9 15 18 23 16 20 19 20 21 18 12 16 19 1 12 15 25 17 17 16 5 19 6 12 18 18 15 17 10 14 12 16 16
INF INF INF INF INF INF INF INF INF INF INF INF INF INF INF INF INF INF INF INF INF INF INF INF INF INF INF INF INF INF INF INF INF INF INF INF INF INF INF INF INF INF INF INF INF INF INF INF INF INF INF INF INF INF INF INF INF INF INF INF INF INF INF INF INF INF INF INF INF INF INF INF INF INF INF INF INF INF INF INF INF INF INF INF INF INF INF INF INF INF INF INF INF INF INF INF INF INF INF INF INF INF INF INF INF INF INF INF INF INF INF INF INF INF INF INF INF INF INF INF INF INF INF INF INF INF INF INF INF INF INF INF INF INF INF INF INF INF INF INF INF INF INF INF INF INF INF INF INF INF INF INF INF INF INF INF INF INF INF INF INF INF INF INF INF INF INF INF INF INF INF INF INF INF INF INF INF INF INF INF INF INF INF INF INF INF INF INF INF INF INF INF INF INF INF INF INF INF INF INF INF INF INF INF INF INF INF INF INF INF INF INF INF INF INF INF INF INF INF INF INF INF INF INF INF INF INF INF INF INF INF INF INF INF INF INF INF INF INF INF INF INF INF INF INF INF INF INF INF INF INF INF INF INF INF INF INF INF INF INF INF INF INF INF INF INF INF INF INF INF INF INF INF INF INF INF INF INF INF INF INF INF INF INF INF INF INF INF INF INF INF INF INF INF INF INF INF INF INF INF INF INF INF INF INF INF INF INF INF INF INF INF INF INF INF INF INF INF INF INF INF INF INF INF INF INF INF INF INF INF 0 23 28 43 47 67 79 76 100 119 111 62 72 77 90 106 115 122 137 153 90 105 50 72 88 113 132 64 57 3 25 48 56 67 69 89 78 91 98 31 16 36 54 28 53 56 64 67 65 24 35 43 29 44 57 72 80 24 40 15 16 32 43 34 48 36 26 40 38 29 45 35 21 2 19 30 32 36 4 5 11 24 32 33 20 23 24 46 23 32 9 20 24 17 18 16 29 13 20 34 16 27 12 7 15 28 31 22 19 17 14 21 27 27 17 25 13 28 25 25 12 16 16 7 4 9 16 28 11 9 17 15 19 18 14 15 19 15 18 17 16 13 21 12 24 18 11 12 12 18 15 15 16 17 13 10 16 6 10 8 15 22 11 18 12 12 16 13 21 12
INF INF INF INF INF INF INF INF INF INF INF INF INF INF INF INF INF INF INF INF INF INF INF INF INF INF INF INF INF INF INF INF INF INF INF INF INF INF INF INF INF INF INF INF INF INF INF INF INF INF INF INF INF INF INF INF INF INF INF INF INF INF INF INF INF INF INF INF INF INF INF INF INF INF INF INF INF INF INF INF INF INF INF INF INF INF INF INF INF INF INF INF INF INF INF INF INF INF INF INF INF INF INF INF INF INF INF INF INF INF INF INF INF INF INF INF INF INF INF INF INF INF INF INF INF INF INF INF INF INF INF INF INF INF INF INF INF INF INF INF INF INF INF INF INF INF INF INF INF INF INF INF INF INF INF INF INF INF INF INF INF INF INF INF INF INF INF INF INF INF INF INF INF INF INF INF INF INF INF INF INF INF INF INF INF INF INF INF INF INF INF INF INF INF INF INF INF INF INF INF INF INF INF INF INF INF INF INF INF INF INF INF INF INF INF INF INF INF INF INF INF INF INF INF INF INF INF INF INF INF INF INF INF INF INF INF INF INF INF INF INF INF INF INF INF INF INF INF INF INF INF INF INF INF INF INF INF INF INF INF INF INF INF INF INF INF INF INF INF INF INF INF INF INF INF INF INF INF INF INF INF INF INF INF INF INF INF INF INF INF INF INF INF INF INF INF INF INF INF INF INF INF INF INF INF INF INF INF INF INF INF INF INF INF INF INF INF INF INF INF INF INF INF INF INF INF INF INF INF INF INF 0 5 20 24 44 56 53 77 96 88 39 49 54 67 83 92 99 114 130 67 82 27 49 65 90 109 41 34 46 68 91 99 44 46 66 55 68 75 8 28 48 51 55 58 61 41 44 42 52 52 47 57 56 45 59 57 58 64 36 8 24 22 26 43 53 15 29 44 6 22 18 33 38 38 19 21 25 34 21 27 40 48 18 7 1 2 26 18 9 8 33 23 16 10 29 25 12 12 28 15 5 5 22 8 14 17 15 12 16 24 12 22 5 13 2 17 5 23 9 3 7 15 7 7 12 7 14 14 11 6 18 14 11 10 11 19 15 11 8 12 12 9 14 19 20 13 11 5 14 12 10 16 14 12 13 11 10 13 7 8 22 14 5 4 11 15 5 17 10
INF INF INF INF INF INF INF INF INF INF INF INF INF INF INF INF INF INF INF INF INF INF INF INF INF INF INF INF INF INF INF INF INF INF INF INF INF INF INF INF INF INF INF INF INF INF INF INF INF INF INF INF INF INF INF INF INF INF INF INF INF INF INF INF INF INF INF INF INF INF INF INF INF INF INF INF INF INF INF INF INF INF INF INF INF INF INF INF INF INF INF INF INF INF INF INF INF INF INF INF INF INF INF INF INF INF INF INF INF INF INF INF INF INF INF INF INF INF INF INF INF INF INF INF INF INF INF INF INF INF INF INF INF INF INF INF INF INF INF INF INF INF INF INF INF INF INF INF INF INF INF INF INF INF INF INF INF INF INF INF INF INF INF INF INF INF INF INF INF INF INF INF INF INF INF INF INF INF INF INF INF INF INF INF INF INF INF INF INF INF INF INF INF INF INF INF INF INF INF INF INF INF INF INF INF INF INF INF INF INF INF INF INF INF INF INF INF INF INF INF INF INF INF INF INF INF INF INF INF INF INF INF INF INF INF INF INF INF INF INF INF INF INF INF INF INF INF INF INF INF INF INF INF INF INF INF INF INF INF INF INF INF INF INF INF INF INF INF INF INF INF INF INF INF INF INF INF INF INF INF INF INF INF INF INF INF INF INF INF INF INF INF INF INF INF INF INF INF INF INF INF INF INF INF INF INF INF INF INF INF INF INF INF INF INF INF INF INF INF INF INF INF INF INF INF INF INF INF INF INF INF INF 0 15 19 39 51 48 72 91 83 34 44 49 62 78 87 94 109 125 62 77 22 44 60 85 104 36 29 41 63 86 94 39 41 61 50 63 70 72 36 56 46 50 53 56 36 39 37 47 47 42 52 58 40 54 52 53 66 31 3 19 17 21 38 48 10 24 39 62 54 58 31 33 33 14 16 20 29 16 22 35 43 28 7 10 11 35 13 4 14 28 29 20 5 27 33 7 7 23 21 14 27 18 30 23 24 27 24 11 19 12 22 14 17 19 29 18 18 26 12 16 10 16 21 22 16 9 11 20 13 24 21 21 19 17 15 12 12 16 18 22 21 22 26 21 15 15 13 9 7 18 12 26 7 17 13 11 20 12 10 17 17 13 7 12 16 11 20 13
INF INF INF INF INF INF INF INF INF INF INF INF INF INF INF INF INF INF INF INF INF INF INF INF INF INF INF INF INF INF INF INF INF INF INF INF INF INF INF INF INF INF INF INF INF INF INF INF INF INF INF INF INF INF INF INF INF INF INF INF INF INF INF INF INF INF INF INF INF INF INF INF INF INF INF INF INF INF INF INF INF INF INF INF INF INF INF INF INF INF INF INF INF INF INF INF INF INF INF INF INF INF INF INF INF INF INF INF INF INF INF INF INF INF INF INF INF INF INF INF INF INF INF INF INF INF INF INF INF INF INF INF INF INF INF INF INF INF INF INF INF INF INF INF INF INF INF INF INF INF INF INF INF INF INF INF INF INF INF INF INF INF INF INF INF INF INF INF INF INF INF INF INF INF INF INF INF INF INF INF INF INF INF INF INF INF INF INF INF INF INF INF INF INF INF INF INF INF INF INF INF INF INF INF INF INF INF INF INF INF INF INF INF INF INF INF INF INF INF INF INF INF INF INF INF INF INF INF INF INF INF INF INF INF INF INF INF INF INF INF INF INF INF INF INF INF INF INF INF INF INF INF INF INF INF INF INF INF INF INF INF INF INF INF INF INF INF INF INF INF INF INF INF INF INF INF INF INF INF INF INF INF INF INF INF INF INF INF INF INF INF INF INF INF INF INF INF INF INF INF INF INF INF INF INF INF INF INF INF INF INF INF INF INF INF INF INF INF INF INF INF INF INF INF INF INF INF INF INF INF INF INF INF 0 4 24 36 33 57 76 68 19 29 34 47 63 72 79 94 110 47 62 23 45 61 86 105 24 14 26 48 71 79 27 29 49 51 48 55 57 37 57 31 38 41 44 21 24 22 32 32 27 37 43 25 40 37 38 51 32 35 46 33 53 45 44 34 48 30 49 42 43 42 35 30 25 27 32 37 38 42 49 33 44 4 7 8 22 37 33 11 36 26 19 20 35 18 22 35 29 18 11 15 29 18 20 23 25 17 20 34 9 19 11 14 20 32 28 34 27 9 13 25 13 17 19 13 25 13 17 14 21 20 18 16 17 25 18 17 14 18 19 27 20 28 24 19 2 10 22 5 5 19 18 18 18 17 9 13 9 18 25 11 19 10 13 17 11 20 19
INF INF INF INF INF INF INF INF INF INF INF INF INF INF INF INF INF INF INF INF INF INF INF INF INF INF INF INF INF INF INF INF INF INF INF INF INF INF INF INF INF INF INF INF INF INF INF INF INF INF INF INF INF INF INF INF INF INF INF INF INF INF INF INF INF INF INF INF INF INF INF INF INF INF INF INF INF INF INF INF INF INF INF INF INF INF INF INF INF INF INF INF INF INF INF INF INF INF INF INF INF INF INF INF INF INF INF INF INF INF INF INF INF INF INF INF INF INF INF INF INF INF INF INF INF INF INF INF INF INF INF INF INF INF INF INF INF INF INF INF INF INF INF INF INF INF INF INF INF INF INF INF INF INF INF INF INF INF INF INF INF INF INF INF INF INF INF INF INF INF INF INF INF INF INF INF INF INF INF INF INF INF INF INF INF INF INF INF INF INF INF INF INF INF INF INF INF INF INF INF INF INF INF INF INF INF INF INF INF INF INF INF INF INF INF INF INF INF INF INF INF INF INF INF INF INF INF INF INF INF INF INF INF INF INF INF INF INF INF INF INF INF INF INF INF INF INF INF INF INF INF INF INF INF INF INF INF INF INF INF INF INF INF INF INF INF INF INF INF INF INF INF INF INF INF INF INF INF INF INF INF INF INF INF INF INF INF INF INF INF INF INF INF INF INF INF INF INF INF INF INF INF INF INF INF INF INF INF INF INF INF INF INF INF INF INF INF INF INF INF INF INF INF INF INF INF INF INF INF INF INF INF INF INF 0 20 32 29 53 72 64 65 75 80 93 109 118 125 140 156 43 58 68 90 70 95 114 70 82 84 106 129 79 73 41 61 65 44 51 53 59 79 74 81 56 59 67 48 61 71 62 62 76 39 44 54 64 65 47 47 56 72 72 74 64 74 30 44 54 63 66 70 51 53 45 34 30 35 44 44 48 61 69 48 54 57 47 68 37 47 41 48 56 28 48 50 43 44 50 38 47 50 52 39 53 59 39 52 41 36 33 32 38 41 37 50 49 58 55 50 36 37 42 40 37 31 40 39 33 40 38 44 45 41 43 41 48 47 37 39 41 42 50 39 24 25 42 29 33 41 32 31 28 30 43 36 38 34 40 33 35 33 35 40 38 32 36 34 40 28
INF INF INF INF INF INF INF INF INF INF INF INF INF INF INF INF INF INF INF INF INF INF INF INF INF INF INF INF INF INF INF INF INF INF INF INF INF INF INF INF INF INF INF INF INF INF INF INF INF INF INF INF INF INF INF INF INF INF INF INF INF INF INF INF INF INF INF INF INF INF INF INF INF INF INF INF INF INF INF INF INF INF INF INF INF INF INF INF INF INF INF INF INF INF INF INF INF INF INF INF INF INF INF INF INF INF INF INF INF INF INF INF INF INF INF INF INF INF INF INF INF INF INF INF INF INF INF INF INF INF INF INF INF INF INF INF INF INF INF INF INF INF INF INF INF INF INF INF INF INF INF INF INF INF INF INF INF INF INF INF INF INF INF INF INF INF INF INF INF INF INF INF INF INF INF INF INF INF INF INF INF INF INF INF INF INF INF INF INF INF INF INF INF INF INF INF INF INF INF INF INF INF INF INF INF INF INF INF INF INF INF INF INF INF INF INF INF INF INF INF INF INF INF INF INF INF INF INF INF INF INF INF INF INF INF INF INF INF INF INF INF INF INF INF INF INF INF INF INF INF INF INF INF INF INF INF INF INF INF INF INF INF INF INF INF INF INF INF INF INF INF INF INF INF INF INF INF INF INF INF INF INF INF INF INF INF INF INF INF INF INF INF INF INF INF INF INF INF INF INF INF INF INF INF INF INF INF INF INF INF INF INF INF INF INF INF INF INF INF INF INF INF INF INF INF INF INF INF INF INF INF INF INF INF INF 0 12 9 33 52 44 45 55 60 73 89 98 105 120 136 23 38 48 70 50 75 94 50 62 64 86 109 59 53 21 41 45 24 31 33 39 59 54 61 36 39 47 28 41 51 42 42 56 19 24 34 44 45 27 27 36 52 52 54 44 54 10 24 34 43 46 50 31 33 25 14 10 15 24 24 28 41 49 28 34 37 27 48 17 27 21 28 36 8 28 30 23 24 30 18 27 30 32 19 33 39 19 32 21 16 13 12 18 21 17 30 29 38 35 30 16 17 22 20 17 11 20 19 13 20 18 24 25 21 23 21 28 27 17 19 21 22 30 19 4 5 22 9 13 21 12 11 8 10 23 16 18 14 20 13 15 13 15 20 18 12 16 14 20 8
INF INF INF INF INF INF INF INF INF INF INF INF INF INF INF INF INF INF INF INF INF INF INF INF INF INF INF INF INF INF INF INF INF INF INF INF INF INF INF INF INF INF INF INF INF INF INF INF INF INF INF INF INF INF INF INF INF INF INF INF INF INF INF INF INF INF INF INF INF INF INF INF INF INF INF INF INF INF INF INF INF INF INF INF INF INF INF INF INF INF INF INF INF INF INF INF INF INF INF INF INF INF INF INF INF INF INF INF INF INF INF INF INF INF INF INF INF INF INF INF INF INF INF INF INF INF INF INF INF INF INF INF INF INF INF INF INF INF INF INF INF INF INF INF INF INF INF INF INF INF INF INF INF INF INF INF INF INF INF INF INF INF INF INF INF INF INF INF INF INF INF INF INF INF INF INF INF INF INF INF INF INF INF INF INF INF INF INF INF INF INF INF INF INF INF INF INF INF INF INF INF INF INF INF INF INF INF INF INF INF INF INF INF INF INF INF INF INF INF INF INF INF INF INF INF INF INF INF INF INF INF INF INF INF INF INF INF INF INF INF INF INF INF INF INF INF INF INF INF INF INF INF INF INF INF INF INF INF INF INF INF INF INF INF INF INF INF INF INF INF INF INF INF INF INF INF INF INF INF INF INF INF INF INF INF INF INF INF INF INF INF INF INF INF INF INF INF INF INF INF INF INF INF INF INF INF INF INF INF INF INF INF INF INF INF INF INF INF INF INF INF INF INF INF INF INF INF INF INF INF INF INF INF INF INF INF 0 1 25 44 36 37 47 52 65 81 90 97 112 128 40 55 40 62 67 92 111 42 54 56 78 101 51 45 13 33 37 41 48 46 54 74 49 56 53 56 64 45 58 64 59 57 69 34 16 26 48 49 42 42 51 57 69 69 36 46 51 26 41 35 51 42 37 35 42 21 2 7 16 16 16 29 37 30 27 30 31 55 9 19 9 30 24 6 20 18 31 16 28 10 16 28 24 18 27 43 11 24 19 18 1 10 16 14 15 23 30 31 35 28 8 12 19 12 5 9 9 17 11 10 17 16 13 25 12 13 20 20 19 13 13 25 25 11 21 8 12 12 11 21 15 14 21 20 14 20 16 11 21 14 15 15 13 13 18 18 20 18 18 11
INF INF INF INF INF INF INF INF INF INF INF INF INF INF INF INF INF INF INF INF INF INF INF INF INF INF INF INF INF INF INF INF INF INF INF INF INF INF INF INF INF INF INF INF INF INF INF INF INF INF INF INF INF INF INF INF INF INF INF INF INF INF INF INF INF INF INF INF INF INF INF INF INF INF INF INF INF INF INF INF INF INF INF INF INF INF INF INF INF INF INF INF INF INF INF INF INF INF INF INF INF INF INF INF INF INF INF INF INF INF INF INF INF INF INF INF INF INF INF INF INF INF INF INF INF INF INF INF INF INF INF INF INF INF INF INF INF INF INF INF INF INF INF INF INF INF INF INF INF INF INF INF INF INF INF INF INF INF INF INF INF INF INF INF INF INF INF INF INF INF INF INF INF INF INF INF INF INF INF INF INF INF INF INF INF INF INF INF INF INF INF INF INF INF INF INF INF INF INF INF INF INF INF INF INF INF INF INF INF INF INF INF INF INF INF INF INF INF INF INF INF INF INF INF INF INF INF INF INF INF INF INF INF INF INF INF INF INF INF INF INF INF INF INF INF INF INF INF INF INF INF INF INF INF INF INF INF INF INF INF INF INF INF INF INF INF INF INF INF INF INF INF INF INF INF INF INF INF INF INF INF INF INF INF INF INF INF INF INF INF INF INF INF INF INF INF INF INF INF INF INF INF INF INF INF INF INF INF INF INF INF INF INF INF INF INF INF INF INF INF INF INF INF INF INF INF INF INF INF INF INF INF INF INF INF INF INF 0 24 43 35 36 46 51 64 80 89 96 111 127 39 54 39 61 66 91 110 41 53 55 77 100 50 44 12 32 36 40 47 45 53 73 48 55 52 55 63 44 57 63 58 56 68 33 15 25 47 48 41 41 50 56 68 68 35 45 50 25 40 34 50 41 36 34 41 42 1 6 15 15 21 34 42 29 26 29 30 54 8 18 33 29 48 5 19 26 36 15 27 9 18 30 23 17 26 42 10 23 21 18 14 9 15 13 14 22 37 30 34 27 18 14 18 21 18 8 22 16 10 14 16 21 26 29 24 12 20 24 18 15 12 24 24 10 22 7 16 11 10 21 14 13 20 19 18 22 15 11 20 17 14 14 12 12 17 21 19 17 17 10
INF INF INF INF INF INF INF INF INF INF INF INF INF INF INF INF INF INF INF INF INF INF INF INF INF INF INF INF INF INF INF INF INF INF INF INF INF INF INF INF INF INF INF INF INF INF INF INF INF INF INF INF INF INF INF INF INF INF INF INF INF INF INF INF INF INF INF INF INF INF INF INF INF INF INF INF INF INF INF INF INF INF INF INF INF INF INF INF INF INF INF INF INF INF INF INF INF INF INF INF INF INF INF INF INF INF INF INF INF INF INF INF INF INF INF INF INF INF INF INF INF INF INF INF INF INF INF INF INF INF INF INF INF INF INF INF INF INF INF INF INF INF INF INF INF INF INF INF INF INF INF INF INF INF INF INF INF INF INF INF INF INF INF INF INF INF INF INF INF INF INF INF INF INF INF INF INF INF INF INF INF INF INF INF INF INF INF INF INF INF INF INF INF INF INF INF INF INF INF INF INF INF INF INF INF INF INF INF INF INF INF INF INF INF INF INF INF INF INF INF INF INF INF INF INF INF INF INF INF INF INF INF INF INF INF INF INF INF INF INF INF INF INF INF INF INF INF INF INF INF INF INF INF INF INF INF INF INF INF INF INF INF INF INF INF INF INF INF INF INF INF INF INF INF INF INF INF INF INF INF INF INF INF INF INF INF INF INF INF INF INF INF INF INF INF INF INF INF INF INF INF INF INF INF INF INF INF INF INF INF INF INF INF INF INF INF INF INF INF INF INF INF INF INF INF INF INF INF INF INF INF INF INF INF INF INF INF INF 0 19 11 12 22 27 40 56 65 72 87 103 15 30 15 37 42 67 86 17 29 31 53 76 26 20 22 42 37 16 23 25 29 49 24 31 28 31 39 20 33 39 34 32 44 9 18 33 30 31 17 17 26 39 44 44 31 41 36 1 16 39 35 17 34 10 17 18 20 25 12 13 19 32 26 5 11 14 15 39 25 26 17 5 27 24 22 24 12 21 30 34 24 18 20 11 23 27 24 6 11 10 22 16 26 18 15 27 21 35 38 20 8 12 18 12 17 16 12 24 12 7 2 14 24 25 15 15 17 20 11 13 16 21 27 10 18 17 9 10 17 18 13 13 9 22 11 12 12 12 9 14 14 13 13 18 8 14 12 7 19 12
INF INF INF INF INF INF INF INF INF INF INF INF INF INF INF INF INF INF INF INF INF INF INF INF INF INF INF INF INF INF INF INF INF INF INF INF INF INF INF INF INF INF INF INF INF INF INF INF INF INF INF INF INF INF INF INF INF INF INF INF INF INF INF INF INF INF INF INF INF INF INF INF INF INF INF INF INF INF INF INF INF INF INF INF INF INF INF INF INF INF INF INF INF INF INF INF INF INF INF INF INF INF INF INF INF INF INF INF INF INF INF INF INF INF INF INF INF INF INF INF INF INF INF INF INF INF INF INF INF INF INF INF INF INF INF INF INF INF INF INF INF INF INF INF INF INF INF INF INF INF INF INF INF INF INF INF INF INF INF INF INF INF INF INF INF INF INF INF INF INF INF INF INF INF INF INF INF INF INF INF INF INF INF INF INF INF INF INF INF INF INF INF INF INF INF INF INF INF INF INF INF INF INF INF INF INF INF INF INF INF INF INF INF INF INF INF INF INF INF INF INF INF INF INF INF INF INF INF INF INF INF INF INF INF INF INF INF INF INF INF INF INF INF INF INF INF INF INF INF INF INF INF INF INF INF INF INF INF INF INF INF INF INF INF INF INF INF INF INF INF INF INF INF INF INF INF INF INF INF INF INF INF INF INF INF INF INF INF INF INF INF INF INF INF INF INF INF INF INF INF INF INF INF INF INF INF INF INF INF INF INF INF INF INF INF INF INF INF INF INF INF INF INF INF INF INF INF INF INF INF INF INF INF INF INF INF INF INF INF 0 15 16 26 31 44 60 69 76 91 107 12 27 19 41 39 64 83 19 31 33 55 78 30 22 24 41 18 13 20 22 28 48 28 35 25 28 36 17 30 40 31 31 45 34 22 37 33 34 42 23 25 41 41 43 35 45 35 25 23 46 37 21 33 28 14 22 24 29 30 28 34 36 30 24 27 30 29 37 31 30 34 28 48 28 30 29 29 20 29 33 29 31 25 27 28 38 23 29 29 22 34 32 28 26 32 25 35 33 37 29 19 23 22 23 16 21 23 28 23 21 24 23 22 6 11 12 17 23 23 22 20 7 15 24 36 16 21 20 24 18 23 21 27 18 18 27 18 23 10 15 10 24 17 18 19 19 19 10 16 12
INF INF INF INF INF INF INF INF INF INF INF INF INF INF INF INF INF INF INF INF INF INF INF INF INF INF INF INF INF INF INF INF INF INF INF INF INF INF INF INF INF INF INF INF INF INF INF INF INF INF INF INF INF INF INF INF INF INF INF INF INF INF INF INF INF INF INF INF INF INF INF INF INF INF INF INF INF INF INF INF INF INF INF INF INF INF INF INF INF INF INF INF INF INF INF INF INF INF INF INF INF INF INF INF INF INF INF INF INF INF INF INF INF INF INF INF INF INF INF INF INF INF INF INF INF INF INF INF INF INF INF INF INF INF INF INF INF INF INF INF INF INF INF INF INF INF INF INF INF INF INF INF INF INF INF INF INF INF INF INF INF INF INF INF INF INF INF INF INF INF INF INF INF INF INF INF INF INF INF INF INF INF INF INF INF INF INF INF INF INF INF INF INF INF INF INF INF INF INF INF INF INF INF INF INF INF INF INF INF INF INF INF INF INF INF INF INF INF INF INF INF INF INF INF INF INF INF INF INF INF INF INF INF INF INF INF INF INF INF INF INF INF INF INF INF INF INF INF INF INF INF INF INF INF INF INF INF INF INF INF INF INF INF INF INF INF INF INF INF INF INF INF INF INF INF INF INF INF INF INF INF INF INF INF INF INF INF INF INF INF INF INF INF INF INF INF INF INF INF INF INF INF INF INF INF INF INF INF INF INF INF INF INF INF INF INF INF INF INF INF INF INF INF INF INF INF INF INF INF INF INF INF INF INF INF INF INF INF INF INF 0 1 11 16 29 45 54 61 76 92 115 130 4 26 42 67 86 6 18 20 42 65 15 9 11 31 32 56 63 44 18 38 13 20 23 26 34 28 35 28 45 21 33 25 7 22 19 20 33 13 22 28 46 40 20 30 32 10 25 31 24 6 23 19 12 7 9 14 21 13 19 32 15 9 12 15 16 29 21 15 19 14 33 13 16 17 16 18 25 23 14 19 12 12 15 24 18 15 14 16 20 17 23 19 17 28 22 33 27 16 9 13 7 13 14 16 12 13 18 13 17 24 25 18 15 16 12 12 17 14 15 19 26 13 25 15 15 15 18 13 17 17 18 11 17 15 10 14 17 13 14 21 16 13 17 17 21 15 11 15
INF INF INF INF INF INF INF INF INF INF INF INF INF INF INF INF INF INF INF INF INF INF INF INF INF INF INF INF INF INF INF INF INF INF INF INF INF INF INF INF INF INF INF INF INF INF INF INF INF INF INF INF INF INF INF INF INF INF INF INF INF INF INF INF INF INF INF INF INF INF INF INF INF INF INF INF INF INF INF INF INF INF INF INF INF INF INF INF INF INF INF INF INF INF INF INF INF INF INF INF INF INF INF INF INF INF INF INF INF INF INF INF INF INF INF INF INF INF INF INF INF INF INF INF INF INF INF INF INF INF INF INF INF INF INF INF INF INF INF INF INF INF INF INF INF INF INF INF INF INF INF INF INF INF INF INF INF INF INF INF INF INF INF INF INF INF INF INF INF INF INF INF INF INF INF INF INF INF INF INF INF INF INF INF INF INF INF INF INF INF INF INF INF INF INF INF INF INF INF INF INF INF INF INF INF INF INF INF INF INF INF INF INF INF INF INF INF INF INF INF INF INF INF INF INF INF INF INF INF INF INF INF INF INF INF INF INF INF INF INF INF INF INF INF INF INF INF INF INF INF INF INF INF INF INF INF INF INF INF INF INF INF INF INF INF INF INF INF INF INF INF INF INF INF INF INF INF INF INF INF INF INF INF INF INF INF INF INF INF INF INF INF INF INF INF INF INF INF INF INF INF INF INF INF INF INF INF INF INF INF INF INF INF INF INF INF INF INF INF INF INF INF INF INF INF INF INF INF INF INF INF INF INF INF INF INF INF INF INF INF INF 0 10 15 28 44 53 60 75 91 114 129 80 102 118 143 162 5 17 19 41 64 72 8 10 30 34 58 65 43 63 83 12 19 22 25 33 36 34 27 44 20 32 24 6 21 18 19 32 31 30 27 45 48 31 39 40 33 42 30 23 29 34 39 11 6 8 13 22 22 23 33 14 25 17 20 21 28 33 14 24 30 39 12 15 16 21 17 24 22 16 24 11 14 14 23 17 14 18 18 19 16 22 20 21 29 21 32 30 15 8 12 6 12 13 15 11 12 17 12 16 24 24 17 14 15 11 11 19 13 14 18 25 12 24 14 14 14 17 12 17 16 17 10 16 19 9 15 16 12 13 20 17 12 17 16 20 14 17 14
INF INF INF INF INF INF INF INF INF INF INF INF INF INF INF INF INF INF INF INF INF INF INF INF INF INF INF INF INF INF INF INF INF INF INF INF INF INF INF INF INF INF INF INF INF INF INF INF INF INF INF INF INF INF INF INF INF INF INF INF INF INF INF INF INF INF INF INF INF INF INF INF INF INF INF INF INF INF INF INF INF INF INF INF INF INF INF INF INF INF INF INF INF INF INF INF INF INF INF INF INF INF INF INF INF INF INF INF INF INF INF INF INF INF INF INF INF INF INF INF INF INF INF INF INF INF INF INF INF INF INF INF INF INF INF INF INF INF INF INF INF INF INF INF INF INF INF INF INF INF INF INF INF INF INF INF INF INF INF INF INF INF INF INF INF INF INF INF INF INF INF INF INF INF INF INF INF INF INF INF INF INF INF INF INF INF INF INF INF INF INF INF INF INF INF INF INF INF INF INF INF INF INF INF INF INF INF INF INF INF INF INF INF INF INF INF INF INF INF INF INF INF INF INF INF INF INF INF INF INF INF INF INF INF INF INF INF INF INF INF INF INF INF INF INF INF INF INF INF INF INF INF INF INF INF INF INF INF INF INF INF INF INF INF INF INF INF INF INF INF INF INF INF INF INF INF INF INF INF INF INF INF INF INF INF INF INF INF INF INF INF INF INF INF INF INF INF INF INF INF INF INF INF INF INF INF INF INF INF INF INF INF INF INF INF INF INF INF INF INF INF INF INF INF INF INF INF INF INF INF INF INF INF INF INF INF INF INF INF INF INF INF 0 5 18 34 43 50 65 81 104 119 70 92 108 133 152 84 27 39 61 84 92 40 42 62 66 75 82 75 84 104 2 9 34 37 45 48 46 17 36 10 22 14 27 16 8 9 22 22 20 17 41 38 26 29 30 23 38 24 40 28 51 32 1 16 18 23 32 26 32 45 4 15 16 19 19 18 23 4 19 20 33 22 5 29 18 7 14 12 23 22 25 12 26 13 16 24 16 11 9 21 22 19 18 19 12 22 29 24 6 10 10 10 13 18 10 9 11 14 13 19 21 23 5 6 12 12 12 11 15 24 18 13 25 22 16 15 13 13 17 17 12 26 7 17 13 12 15 2 11 17 10 13 7 6 10 8 17 12
INF INF INF INF INF INF INF INF INF INF INF INF INF INF INF INF INF INF INF INF INF INF INF INF INF INF INF INF INF INF INF INF INF INF INF INF INF INF INF INF INF INF INF INF INF INF INF INF INF INF INF INF INF INF INF INF INF INF INF INF INF INF INF INF INF INF INF INF INF INF INF INF INF INF INF INF INF INF INF INF INF INF INF INF INF INF INF INF INF INF INF INF INF INF INF INF INF INF INF INF INF INF INF INF INF INF INF INF INF INF INF INF INF INF INF INF INF INF INF INF INF INF INF INF INF INF INF INF INF INF INF INF INF INF INF INF INF INF INF INF INF INF INF INF INF INF INF INF INF INF INF INF INF INF INF INF INF INF INF INF INF INF INF INF INF INF INF INF INF INF INF INF INF INF INF INF INF INF INF INF INF INF INF INF INF INF INF INF INF INF INF INF INF INF INF INF INF INF INF INF INF INF INF INF INF INF INF INF INF INF INF INF INF INF INF INF INF INF INF INF INF INF INF INF INF INF INF INF INF INF INF INF INF INF INF INF INF INF INF INF INF INF INF INF INF INF INF INF INF INF INF INF INF INF INF INF INF INF INF INF INF INF INF INF INF INF INF INF INF INF INF INF INF INF INF INF INF INF INF INF INF INF INF INF INF INF INF INF INF INF INF INF INF INF INF INF INF INF INF INF INF INF INF INF INF INF INF INF INF INF INF INF INF INF INF INF INF INF INF INF INF INF INF INF INF INF INF INF INF INF INF INF INF INF INF INF INF INF INF INF INF INF INF 0 13 29 38 45 60 76 99 114 65 87 103 128 147 79 22 34 56 79 87 35 37 57 61 70 77 70 79 99 100 59 81 84 62 65 63 12 31 23 17 42 55 50 3 4 20 30 15 12 36 33 40 24 25 39 52 19 35 23 46 48 52 29 31 35 30 21 27 40 48 26 19 22 14 13 18 20 20 35 28 26 21 32 26 23 9 12 23 17 23 23 22 8 11 28 25 19 4 16 17 14 15 23 7 27 24 19 24 21 26 22 8 13 12 25 14 13 17 19 16 25 15 16 14 20 20 16 14 26 28 13 25 22 13 14 16 15 17 17 26 30 17 24 16 16 18 17 16 24 17 12 10 21 20 17 18 15
INF INF INF INF INF INF INF INF INF INF INF INF INF INF INF INF INF INF INF INF INF INF INF INF INF INF INF INF INF INF INF INF INF INF INF INF INF INF INF INF INF INF INF INF INF INF INF INF INF INF INF INF INF INF INF INF INF INF INF INF INF INF INF INF INF INF INF INF INF INF INF INF INF INF INF INF INF INF INF INF INF INF INF INF INF INF INF INF INF INF INF INF INF INF INF INF INF INF INF INF INF INF INF INF INF INF INF INF INF INF INF INF INF INF INF INF INF INF INF INF INF INF INF INF INF INF INF INF INF INF INF INF INF INF INF INF INF INF INF INF INF INF INF INF INF INF INF INF INF INF INF INF INF INF INF INF INF INF INF INF INF INF INF INF INF INF INF INF INF INF INF INF INF INF INF INF INF INF INF INF INF INF INF INF INF INF INF INF INF INF INF INF INF INF INF INF INF INF INF INF INF INF INF INF INF INF INF INF INF INF INF INF INF INF INF INF INF INF INF INF INF INF INF INF INF INF INF INF INF INF INF INF INF INF INF INF INF INF INF INF INF INF INF INF INF INF INF INF INF INF INF INF INF INF INF INF INF INF INF INF INF INF INF INF INF INF INF INF INF INF INF INF INF INF INF INF INF INF INF INF INF INF INF INF INF INF INF INF INF INF INF INF INF INF INF INF INF INF INF INF INF INF INF INF INF INF INF INF INF INF INF INF INF INF INF INF INF INF INF INF INF INF INF INF INF INF INF INF INF INF INF INF INF INF INF INF INF INF INF INF INF INF INF INF 0 16 25 32 47 63 86 101 52 74 90 115 134 66 9 21 43 66 74 22 24 44 48 57 64 57 66 86 87 46 68 71 49 52 50 35 18 22 40 36 49 37 59 16 32 33 38 53 61 56 31 41 46 46 39 46 24 30 47 44 58 47 49 37 40 37 42 35 43 33 11 14 15 39 15 25 18 38 33 26 21 45 13 23 36 16 25 18 10 24 13 15 18 20 12 18 14 16 26 18 21 27 25 32 36 28 16 20 26 20 12 17 20 30 19 17 15 23 26 16 15 16 27 20 19 21 17 17 25 17 24 25 19 20 17 28 23 21 26 28 21 13 24 16 20 21 13 28 14 16 15 15 19 16 25 20
INF INF INF INF INF INF INF INF INF INF INF INF INF INF INF INF INF INF INF INF INF INF INF INF INF INF INF INF INF INF INF INF INF INF INF INF INF INF INF INF INF INF INF INF INF INF INF INF INF INF INF INF INF INF INF INF INF INF INF INF INF INF INF INF INF INF INF INF INF INF INF INF INF INF INF INF INF INF INF INF INF INF INF INF INF INF INF INF INF INF INF INF INF INF INF INF INF INF INF INF INF INF INF INF INF INF INF INF INF INF INF INF INF INF INF INF INF INF INF INF INF INF INF INF INF INF INF INF INF INF INF INF INF INF INF INF INF INF INF INF INF INF INF INF INF INF INF INF INF INF INF INF INF INF INF INF INF INF INF INF INF INF INF INF INF INF INF INF INF INF INF INF INF INF INF INF INF INF INF INF INF INF INF INF INF INF INF INF INF INF INF INF INF INF INF INF INF INF INF INF INF INF INF INF INF INF INF INF INF INF INF INF INF INF INF INF INF INF INF INF INF INF INF INF INF INF INF INF INF INF INF INF INF INF INF INF INF INF INF INF INF INF INF INF INF INF INF INF INF INF INF INF INF INF INF INF INF INF INF INF INF INF INF INF INF INF INF INF INF INF INF INF INF INF INF INF INF INF INF INF INF INF INF INF INF INF INF INF INF INF INF INF INF INF INF INF INF INF INF INF INF INF INF INF INF INF INF INF INF INF INF INF INF INF INF INF INF INF INF INF INF INF INF INF INF INF INF INF INF INF INF INF INF INF INF INF INF INF INF INF INF INF INF INF INF 0 9 16 31 47 70 85 36 58 74 99 118 50 62 64 86 109 117 6 8 28 32 41 48 41 50 70 71 64 52 55 33 36 34 19 2 10 24 20 33 21 43 44 28 22 22 37 45 40 15 25 30 30 23 30 8 14 31 28 42 31 33 25 24 21 26 19 27 17 20 23 24 27 30 17 25 27 35 33 18 30 24 20 20 12 14 11 9 12 12 31 19 19 16 2 13 25 17 20 22 29 39 16 35 27 17 21 15 21 11 16 8 22 18 16 4 21 25 15 11 12 19 9 3 7 15 3 11 13 17 18 11 12 19 19 12 13 12 14 11 17 10 14 8 13 11 18 17 15 10 17 12 9 12 8
INF INF INF INF INF INF INF INF INF INF INF INF INF INF INF INF INF INF INF INF INF INF INF INF INF INF INF INF INF INF INF INF INF INF INF INF INF INF INF INF INF INF INF INF INF INF INF INF INF INF INF INF INF INF INF INF INF INF INF INF INF INF INF INF INF INF INF INF INF INF INF INF INF INF INF INF INF INF INF INF INF INF INF INF INF INF INF INF INF INF INF INF INF INF INF INF INF INF INF INF INF INF INF INF INF INF INF INF INF INF INF INF INF INF INF INF INF INF INF INF INF INF INF INF INF INF INF INF INF INF INF INF INF INF INF INF INF INF INF INF INF INF INF INF INF INF INF INF INF INF INF INF INF INF INF INF INF INF INF INF INF INF INF INF INF INF INF INF INF INF INF INF INF INF INF INF INF INF INF INF INF INF INF INF INF INF INF INF INF INF INF INF INF INF INF INF INF INF INF INF INF INF INF INF INF INF INF INF INF INF INF INF INF INF INF INF INF INF INF INF INF INF INF INF INF INF INF INF INF INF INF INF INF INF INF INF INF INF INF INF INF INF INF INF INF INF INF INF INF INF INF INF INF INF INF INF INF INF INF INF INF INF INF INF INF INF INF INF INF INF INF INF INF INF INF INF INF INF INF INF INF INF INF INF INF INF INF INF INF INF INF INF INF INF INF INF INF INF INF INF INF INF INF INF INF INF INF INF INF INF INF INF INF INF INF INF INF INF INF INF INF INF INF INF INF INF INF INF INF INF INF INF INF INF INF INF INF INF INF INF INF INF INF INF INF INF 0 7 22 38 61 76 27 49 65 90 109 41 53 55 77 100 108 44 24 44 48 32 39 41 41 61 62 55 44 47 24 27 25 27 35 43 32 20 33 37 43 44 28 28 30 45 36 48 47 39 40 21 33 46 47 20 44 30 33 44 38 37 15 16 19 32 40 23 31 34 28 18 33 35 34 22 43 42 33 24 24 24 34 42 30 2 15 18 18 37 26 25 22 18 25 27 8 11 19 20 35 28 37 27 23 23 27 27 11 16 19 25 18 16 13 22 32 21 20 17 25 25 19 13 9 12 20 19 29 25 2 3 14 22 6 6 20 15 13 20 16 10 14 10 9 24 12 11 16 10 14 12 17 17
INF INF INF INF INF INF INF INF INF INF INF INF INF INF INF INF INF INF INF INF INF INF INF INF INF INF INF INF INF INF INF INF INF INF INF INF INF INF INF INF INF INF INF INF INF INF INF INF INF INF INF INF INF INF INF INF INF INF INF INF INF INF INF INF INF INF INF INF INF INF INF INF INF INF INF INF INF INF INF INF INF INF INF INF INF INF INF INF INF INF INF INF INF INF INF INF INF INF INF INF INF INF INF INF INF INF INF INF INF INF INF INF INF INF INF INF INF INF INF INF INF INF INF INF INF INF INF INF INF INF INF INF INF INF INF INF INF INF INF INF INF INF INF INF INF INF INF INF INF INF INF INF INF INF INF INF INF INF INF INF INF INF INF INF INF INF INF INF INF INF INF INF INF INF INF INF INF INF INF INF INF INF INF INF INF INF INF INF INF INF INF INF INF INF INF INF INF INF INF INF INF INF INF INF INF INF INF INF INF INF INF INF INF INF INF INF INF INF INF INF INF INF INF INF INF INF INF INF INF INF INF INF INF INF INF INF INF INF INF INF INF INF INF INF INF INF INF INF INF INF INF INF INF INF INF INF INF INF INF INF INF INF INF INF INF INF INF INF INF INF INF INF INF INF INF INF INF INF INF INF INF INF INF INF INF INF INF INF INF INF INF INF INF INF INF INF INF INF INF INF INF INF INF INF INF INF INF INF INF INF INF INF INF INF INF INF INF INF INF INF INF INF INF INF INF INF INF INF INF INF INF INF INF INF INF INF INF INF INF INF INF INF INF INF INF INF INF 0 15 31 54 69 20 42 58 83 102 34 46 48 70 93 101 37 39 59 48 25 32 34 34 54 55 48 37 40 17 20 18 20 28 36 25 33 46 52 36 37 41 29 23 38 29 41 41 32 33 47 26 49 52 13 37 31 26 37 31 30 33 20 26 39 39 16 27 30 31 18 33 28 34 15 36 35 29 29 23 20 27 38 41 34 40 21 35 41 26 19 35 23 29 32 1 4 12 13 28 21 30 20 16 20 22 20 22 26 15 18 22 20 6 19 25 33 18 19 18 24 24 6 17 29 20 23 27 22 22 23 16 15 24 9 23 20 10 20 9 15 13 13 2 17 9 16 12 17 13 5 17 11
INF INF INF INF INF INF INF INF INF INF INF INF INF INF INF INF INF INF INF INF INF INF INF INF INF INF INF INF INF INF INF INF INF INF INF INF INF INF INF INF INF INF INF INF INF INF INF INF INF INF INF INF INF INF INF INF INF INF INF INF INF INF INF INF INF INF INF INF INF INF INF INF INF INF INF INF INF INF INF INF INF INF INF INF INF INF INF INF INF INF INF INF INF INF INF INF INF INF INF INF INF INF INF INF INF INF INF INF INF INF INF INF INF INF INF INF INF INF INF INF INF INF INF INF INF INF INF INF INF INF INF INF INF INF INF INF INF INF INF INF INF INF INF INF INF INF INF INF INF INF INF INF INF INF INF INF INF INF INF INF INF INF INF INF INF INF INF INF INF INF INF INF INF INF INF INF INF INF INF INF INF INF INF INF INF INF INF INF INF INF INF INF INF INF INF INF INF INF INF INF INF INF INF INF INF INF INF INF INF INF INF INF INF INF INF INF INF INF INF INF INF INF INF INF INF INF INF INF INF INF INF INF INF INF INF INF INF INF INF INF INF INF INF INF INF INF INF INF INF INF INF INF INF INF INF INF INF INF INF INF INF INF INF INF INF INF INF INF INF INF INF INF INF INF INF INF INF INF INF INF INF INF INF INF INF INF INF INF INF INF INF INF INF INF INF INF INF INF INF INF INF INF INF INF INF INF INF INF INF INF INF INF INF INF INF INF INF INF INF INF INF INF INF INF INF INF INF INF INF INF INF INF INF INF INF INF INF INF INF INF INF INF INF INF INF INF INF INF 0 16 39 54 69 91 66 91 110 83 95 97 119 142 150 86 88 68 72 40 47 49 55 75 70 77 52 55 63 44 57 67 27 35 53 18 31 46 60 61 26 26 20 36 60 30 40 50 30 44 23 46 45 21 45 28 22 34 25 30 30 28 34 44 52 24 24 27 26 50 34 42 31 19 41 29 36 37 22 36 24 37 38 29 38 25 39 38 34 23 20 27 37 29 39 29 32 36 13 33 49 25 25 29 25 29 34 25 29 37 13 17 28 23 34 24 26 24 27 33 28 19 26 25 33 20 32 26 19 20 28 28 23 23 34 5 21 15 18 24 19 22 12 22 16 24 17 17 21 15 27 21
INF INF INF INF INF INF INF INF INF INF INF INF INF INF INF INF INF INF INF INF INF INF INF INF INF INF INF INF INF INF INF INF INF INF INF INF INF INF INF INF INF INF INF INF INF INF INF INF INF INF INF INF INF INF INF INF INF INF INF INF INF INF INF INF INF INF INF INF INF INF INF INF INF INF INF INF INF INF INF INF INF INF INF INF INF INF INF INF INF INF INF INF INF INF INF INF INF INF INF INF INF INF INF INF INF INF INF INF INF INF INF INF INF INF INF INF INF INF INF INF INF INF INF INF INF INF INF INF INF INF INF INF INF INF INF INF INF INF INF INF INF INF INF INF INF INF INF INF INF INF INF INF INF INF INF INF INF INF INF INF INF INF INF INF INF INF INF INF INF INF INF INF INF INF INF INF INF INF INF INF INF INF INF INF INF INF INF INF INF INF INF INF INF INF INF INF INF INF INF INF INF INF INF INF INF INF INF INF INF INF INF INF INF INF INF INF INF INF INF INF INF INF INF INF INF INF INF INF INF INF INF INF INF INF INF INF INF INF INF INF INF INF INF INF INF INF INF INF INF INF INF INF INF INF INF INF INF INF INF INF INF INF INF INF INF INF INF INF INF INF INF INF INF INF INF INF INF INF INF INF INF INF INF INF INF INF INF INF INF INF INF INF INF INF INF INF INF INF INF INF INF INF INF INF INF INF INF INF INF INF INF INF INF INF INF INF INF INF INF INF INF INF INF INF INF INF INF INF INF INF INF INF INF INF INF INF INF INF INF INF INF INF INF INF INF INF INF INF INF 0 23 38 53 75 50 75 94 67 79 81 103 126 134 70 72 52 56 24 31 33 39 59 54 61 36 39 47 28 41 51 11 19 37 45 58 73 44 45 53 53 36 52 52 14 24 34 21 35 7 30 46 42 42 12 25 25 9 14 14 15 21 28 36 39 29 29 30 48 20 26 19 24 34 13 27 26 39 23 29 21 26 33 22 13 25 42 18 28 29 27 24 17 23 21 22 30 23 25 45 35 18 22 9 22 24 16 22 24 18 1 12 24 24 28 24 24 11 17 26 18 14 12 20 4 16 15 3 4 18 12 7 7 18 20 5 15 11 10 15 11 8 20 13 12 17 12 16 11 20 7
INF INF INF INF INF INF INF INF INF INF INF INF INF INF INF INF INF INF INF INF INF INF INF INF INF INF INF INF INF INF INF INF INF INF INF INF INF INF INF INF INF INF INF INF INF INF INF INF INF INF INF INF INF INF INF INF INF INF INF INF INF INF INF INF INF INF INF INF INF INF INF INF INF INF INF INF INF INF INF INF INF INF INF INF INF INF INF INF INF INF INF INF INF INF INF INF INF INF INF INF INF INF INF INF INF INF INF INF INF INF INF INF INF INF INF INF INF INF INF INF INF INF INF INF INF INF INF INF INF INF INF INF INF INF INF INF INF INF INF INF INF INF INF INF INF INF INF INF INF INF INF INF INF INF INF INF INF INF INF INF INF INF INF INF INF INF INF INF INF INF INF INF INF INF INF INF INF INF INF INF INF INF INF INF INF INF INF INF INF INF INF INF INF INF INF INF INF INF INF INF INF INF INF INF INF INF INF INF INF INF INF INF INF INF INF INF INF INF INF INF INF INF INF INF INF INF INF INF INF INF INF INF INF INF INF INF INF INF INF INF INF INF INF INF INF INF INF INF INF INF INF INF INF INF INF INF INF INF INF INF INF INF INF INF INF INF INF INF INF INF INF INF INF INF INF INF INF INF INF INF INF INF INF INF INF INF INF INF INF INF INF INF INF INF INF INF INF INF INF INF INF INF INF INF INF INF INF INF INF INF INF INF INF INF INF INF INF INF INF INF INF INF INF INF INF INF INF INF INF INF INF INF INF INF INF INF INF INF INF INF INF INF INF INF INF INF INF INF INF INF 0 15 30 52 27 52 71 44 56 58 80 103 111 47 49 29 33 1 8 10 16 36 31 38 13 16 24 5 18 28 19 19 33 22 35 50 21 22 30 30 13 29 29 31 32 40 23 37 11 34 49 39 21 16 2 17 19 24 18 19 25 24 32 16 17 20 17 25 35 34 22 35 37 23 18 17 17 8 17 21 29 19 17 17 20 26 11 17 24 10 22 22 16 14 22 13 23 21 25 20 7 11 11 11 7 12 11 28 14 12 12 18 10 22 6 7 5 11 11 12 8 20 19 15 25 21 14 14 13 6 17 14 17 27 15 15 14 15 19 3 7 15 14 6 11 7 11 8 16 8
INF INF INF INF INF INF INF INF INF INF INF INF INF INF INF INF INF INF INF INF INF INF INF INF INF INF INF INF INF INF INF INF INF INF INF INF INF INF INF INF INF INF INF INF INF INF INF INF INF INF INF INF INF INF INF INF INF INF INF INF INF INF INF INF INF INF INF INF INF INF INF INF INF INF INF INF INF INF INF INF INF INF INF INF INF INF INF INF INF INF INF INF INF INF INF INF INF INF INF INF INF INF INF INF INF INF INF INF INF INF INF INF INF INF INF INF INF INF INF INF INF INF INF INF INF INF INF INF INF INF INF INF INF INF INF INF INF INF INF INF INF INF INF INF INF INF INF INF INF INF INF INF INF INF INF INF INF INF INF INF INF INF INF INF INF INF INF INF INF INF INF INF INF INF INF INF INF INF INF INF INF INF INF INF INF INF INF INF INF INF INF INF INF INF INF INF INF INF INF INF INF INF INF INF INF INF INF INF INF INF INF INF INF INF INF INF INF INF INF INF INF INF INF INF INF INF INF INF INF INF INF INF INF INF INF INF INF INF INF INF INF INF INF INF INF INF INF INF INF INF INF INF INF INF INF INF INF INF INF INF INF INF INF INF INF INF INF INF INF INF INF INF INF INF INF INF INF INF INF INF INF INF INF INF INF INF INF INF INF INF INF INF INF INF INF INF INF INF INF INF INF INF INF INF INF INF INF INF INF INF INF INF INF INF INF INF INF INF INF INF INF INF INF INF INF INF INF INF INF INF INF INF INF INF INF INF INF INF INF INF INF INF INF INF INF INF INF INF INF INF INF 0 15 37 12 37 56 29 41 43 65 88 96 32 34 14 18 11 18 20 29 40 41 43 23 26 34 15 28 38 29 29 43 32 45 47 31 32 40 24 23 39 39 41 19 29 33 43 21 44 47 49 34 26 12 27 27 32 28 29 35 34 42 26 23 26 27 35 32 21 30 29 44 31 22 30 27 18 24 31 37 24 35 27 22 36 21 27 26 20 32 28 26 24 28 23 33 31 38 23 17 21 21 21 26 31 21 24 20 25 22 32 4 11 16 17 23 29 21 11 22 12 20 28 33 21 22 17 26 24 20 20 29 22 9 19 14 14 14 13 15 27 20 23 21 17 21 15 21 17
INF INF INF INF INF INF INF INF INF INF INF INF INF INF INF INF INF INF INF INF INF INF INF INF INF INF INF INF INF INF INF INF INF INF INF INF INF INF INF INF INF INF INF INF INF INF INF INF INF INF INF INF INF INF INF INF INF INF INF INF INF INF INF INF INF INF INF INF INF INF INF INF INF INF INF INF INF INF INF INF INF INF INF INF INF INF INF INF INF INF INF INF INF INF INF INF INF INF INF INF INF INF INF INF INF INF INF INF INF INF INF INF INF INF INF INF INF INF INF INF INF INF INF INF INF INF INF INF INF INF INF INF INF INF INF INF INF INF INF INF INF INF INF INF INF INF INF INF INF INF INF INF INF INF INF INF INF INF INF INF INF INF INF INF INF INF INF INF INF INF INF INF INF INF INF INF INF INF INF INF INF INF INF INF INF INF INF INF INF INF INF INF INF INF INF INF INF INF INF INF INF INF INF INF INF INF INF INF INF INF INF INF INF INF INF INF INF INF INF INF INF INF INF INF INF INF INF INF INF INF INF INF INF INF INF INF INF INF INF INF INF INF INF INF INF INF INF INF INF INF INF INF INF INF INF INF INF INF INF INF INF INF INF INF INF INF INF INF INF INF INF INF INF INF INF INF INF INF INF INF INF INF INF INF INF INF INF INF INF INF INF INF INF INF INF INF INF INF INF INF INF INF INF INF INF INF INF INF INF INF INF INF INF INF INF INF INF INF INF INF INF INF INF INF INF INF INF INF INF INF INF INF INF INF INF INF INF INF INF INF INF INF INF INF INF INF INF INF INF INF INF INF 0 22 38 63 82 14 26 28 50 73 81 17 19 39 28 52 59 52 14 34 52 28 31 34 42 24 37 47 47 39 52 42 55 32 40 41 50 9 18 34 48 36 42 42 28 28 30 41 32 37 19 24 32 32 34 38 21 22 28 41 49 32 8 11 12 36 17 27 15 14 29 23 16 15 28 18 22 38 22 15 20 20 23 24 27 18 25 19 23 13 23 15 13 24 35 32 23 24 13 16 21 17 22 23 17 9 17 20 18 20 24 17 20 21 26 20 20 18 22 18 25 21 28 23 22 17 14 26 20 20 23 28 22 26 21 17 21 24 15 29 22 13 14 28 26 15 24 13
INF INF INF INF INF INF INF INF INF INF INF INF INF INF INF INF INF INF INF INF INF INF INF INF INF INF INF INF INF INF INF INF INF INF INF INF INF INF INF INF INF INF INF INF INF INF INF INF INF INF INF INF INF INF INF INF INF INF INF INF INF INF INF INF INF INF INF INF INF INF INF INF INF INF INF INF INF INF INF INF INF INF INF INF INF INF INF INF INF INF INF INF INF INF INF INF INF INF INF INF INF INF INF INF INF INF INF INF INF INF INF INF INF INF INF INF INF INF INF INF INF INF INF INF INF INF INF INF INF INF INF INF INF INF INF INF INF INF INF INF INF INF INF INF INF INF INF INF INF INF INF INF INF INF INF INF INF INF INF INF INF INF INF INF INF INF INF INF INF INF INF INF INF INF INF INF INF INF INF INF INF INF INF INF INF INF INF INF INF INF INF INF INF INF INF INF INF INF INF INF INF INF INF INF INF INF INF INF INF INF INF INF INF INF INF INF INF INF INF INF INF INF INF INF INF INF INF INF INF INF INF INF INF INF INF INF INF INF INF INF INF INF INF INF INF INF INF INF INF INF INF INF INF INF INF INF INF INF INF INF INF INF INF INF INF INF INF INF INF INF INF INF INF INF INF INF INF INF INF INF INF INF INF INF INF INF INF INF INF INF INF INF INF INF INF INF INF INF INF INF INF INF INF INF INF INF INF INF INF INF INF INF INF INF INF INF INF INF INF INF INF INF INF INF INF INF INF INF INF INF INF INF INF INF INF INF INF INF INF INF INF INF INF INF INF INF INF INF INF INF INF INF INF 0 16 41 60 70 66 78 100 123 131 73 75 18 6 30 37 31 51 44 60 6 26 29 37 34 38 48 48 48 48 51 64 79 50 51 59 59 42 58 49 60 23 27 32 6 21 44 60 15 39 15 31 36 31 36 8 9 15 23 31 10 8 11 12 36 51 25 15 10 7 21 24 20 17 17 28 38 22 1 14 11 17 24 6 14 21 17 17 13 23 9 17 18 26 26 42 24 13 17 20 17 10 15 12 23 17 10 12 17 10 20 14 15 20 22 18 11 8 17 25 13 23 20 12 13 10 20 14 14 26 10 14 20 14 10 14 18 17 27 18 8 13 21 25 15 13 16
INF INF INF INF INF INF INF INF INF INF INF INF INF INF INF INF INF INF INF INF INF INF INF INF INF INF INF INF INF INF INF INF INF INF INF INF INF INF INF INF INF INF INF INF INF INF INF INF INF INF INF INF INF INF INF INF INF INF INF INF INF INF INF INF INF INF INF INF INF INF INF INF INF INF INF INF INF INF INF INF INF INF INF INF INF INF INF INF INF INF INF INF INF INF INF INF INF INF INF INF INF INF INF INF INF INF INF INF INF INF INF INF INF INF INF INF INF INF INF INF INF INF INF INF INF INF INF INF INF INF INF INF INF INF INF INF INF INF INF INF INF INF INF INF INF INF INF INF INF INF INF INF INF INF INF INF INF INF INF INF INF INF INF INF INF INF INF INF INF INF INF INF INF INF INF INF INF INF INF INF INF INF INF INF INF INF INF INF INF INF INF INF INF INF INF INF INF INF INF INF INF INF INF INF INF INF INF INF INF INF INF INF INF INF INF INF INF INF INF INF INF INF INF INF INF INF INF INF INF INF INF INF INF INF INF INF INF INF INF INF INF INF INF INF INF INF INF INF INF INF INF INF INF INF INF INF INF INF INF INF INF INF INF INF INF INF INF INF INF INF INF INF INF INF INF INF INF INF INF INF INF INF INF INF INF INF INF INF INF INF INF INF INF INF INF INF INF INF INF INF INF INF INF INF INF INF INF INF INF INF INF INF INF INF INF INF INF INF INF INF INF INF INF INF INF INF INF INF INF INF INF INF INF INF INF INF INF INF INF INF INF INF INF INF INF INF INF INF INF INF INF INF INF INF 0 25 44 54 50 62 84 107 115 57 59 2 6 21 28 15 35 28 46 53 26 29 26 25 27 37 37 39 42 36 49 64 41 42 44 44 33 49 38 51 7 17 22 36 31 54 63 48 40 36 22 26 15 20 29 29 35 37 45 36 12 15 16 27 42 9 19 36 34 19 10 34 30 12 12 28 26 12 25 16 10 28 24 17 14 16 31 17 27 19 22 24 39 32 39 25 17 21 15 21 21 19 21 14 8 13 12 29 28 13 18 19 20 17 17 14 19 14 22 16 21 21 15 16 18 21 19 19 17 10 12 15 13 17 2 17 17 22 16 13 11 17 21 11 23 18
INF INF INF INF INF INF INF INF INF INF INF INF INF INF INF INF INF INF INF INF INF INF INF INF INF INF INF INF INF INF INF INF INF INF INF INF INF INF INF INF INF INF INF INF INF INF INF INF INF INF INF INF INF INF INF INF INF INF INF INF INF INF INF INF INF INF INF INF INF INF INF INF INF INF INF INF INF INF INF INF INF INF INF INF INF INF INF INF INF INF INF INF INF INF INF INF INF INF INF INF INF INF INF INF INF INF INF INF INF INF INF INF INF INF INF INF INF INF INF INF INF INF INF INF INF INF INF INF INF INF INF INF INF INF INF INF INF INF INF INF INF INF INF INF INF INF INF INF INF INF INF INF INF INF INF INF INF INF INF INF INF INF INF INF INF INF INF INF INF INF INF INF INF INF INF INF INF INF INF INF INF INF INF INF INF INF INF INF INF INF INF INF INF INF INF INF INF INF INF INF INF INF INF INF INF INF INF INF INF INF INF INF INF INF INF INF INF INF INF INF INF INF INF INF INF INF INF INF INF INF INF INF INF INF INF INF INF INF INF INF INF INF INF INF INF INF INF INF INF INF INF INF INF INF INF INF INF INF INF INF INF INF INF INF INF INF INF INF INF INF INF INF INF INF INF INF INF INF INF INF INF INF INF INF INF INF INF INF INF INF INF INF INF INF INF INF INF INF INF INF INF INF INF INF INF INF INF INF INF INF INF INF INF INF INF INF INF INF INF INF INF INF INF INF INF INF INF INF INF INF INF INF INF INF INF INF INF INF INF INF INF INF INF INF INF INF INF INF INF INF INF INF INF INF INF 0 19 29 25 37 59 82 90 32 34 54 58 82 89 67 87 3 21 28 46 49 1 4 2 12 12 20 17 11 24 39 20 21 19 19 15 29 13 33 25 11 16 30 10 33 38 23 37 15 29 20 15 14 17 18 24 29 23 26 19 22 19 2 17 20 22 24 28 19 17 29 15 4 17 22 29 22 25 14 28 25 10 5 13 8 21 23 6 9 14 12 24 20 14 19 7 11 7 11 6 11 11 21 13 7 10 8 9 21 14 9 17 19 9 12 3 13 17 10 22 11 9 10 8 11 5 13 17 23 11 14 5 9 12 9 7 15 13 5 10 12 16 6 11 13
INF INF INF INF INF INF INF INF INF INF INF INF INF INF INF INF INF INF INF INF INF INF INF INF INF INF INF INF INF INF INF INF INF INF INF INF INF INF INF INF INF INF INF INF INF INF INF INF INF INF INF INF INF INF INF INF INF INF INF INF INF INF INF INF INF INF INF INF INF INF INF INF INF INF INF INF INF INF INF INF INF INF INF INF INF INF INF INF INF INF INF INF INF INF INF INF INF INF INF INF INF INF INF INF INF INF INF INF INF INF INF INF INF INF INF INF INF INF INF INF INF INF INF INF INF INF INF INF INF INF INF INF INF INF INF INF INF INF INF INF INF INF INF INF INF INF INF INF INF INF INF INF INF INF INF INF INF INF INF INF INF INF INF INF INF INF INF INF INF INF INF INF INF INF INF INF INF INF INF INF INF INF INF INF INF INF INF INF INF INF INF INF INF INF INF INF INF INF INF INF INF INF INF INF INF INF INF INF INF INF INF INF INF INF INF INF INF INF INF INF INF INF INF INF INF INF INF INF INF INF INF INF INF INF INF INF INF INF INF INF INF INF INF INF INF INF INF INF INF INF INF INF INF INF INF INF INF INF INF INF INF INF INF INF INF INF INF INF INF INF INF INF INF INF INF INF INF INF INF INF INF INF INF INF INF INF INF INF INF INF INF INF INF INF INF INF INF INF INF INF INF INF INF INF INF INF INF INF INF INF INF INF INF INF INF INF INF INF INF INF INF INF INF INF INF INF INF INF INF INF INF INF INF INF INF INF INF INF INF INF INF INF INF INF INF INF INF INF INF INF INF INF INF INF INF INF 0 10 6 18 40 63 71 13 15 35 39 63 70 48 68 88 87 43 27 30 38 41 39 49 49 19 37 62 75 28 50 39 55 30 39 55 50 57 38 48 49 63 47 37 28 34 39 44 52 51 48 34 42 41 33 38 46 37 8 11 12 36 38 40 15 35 30 23 24 38 10 26 39 21 21 15 7 21 10 24 27 17 9 16 31 13 23 15 18 24 36 32 43 20 13 17 29 1 6 11 16 22 13 11 12 17 13 10 12 13 21 9 17 18 14 11 19 14 21 20 13 12 3 12 15 15 15 22 15 10 17 13 14 15 10 21 11 13 12 12 16 7 19 16
INF INF INF INF INF INF INF INF INF INF INF INF INF INF INF INF INF INF INF INF INF INF INF INF INF INF INF INF INF INF INF INF INF INF INF INF INF INF INF INF INF INF INF INF INF INF INF INF INF INF INF INF INF INF INF INF INF INF INF INF INF INF INF INF INF INF INF INF INF INF INF INF INF INF INF INF INF INF INF INF INF INF INF INF INF INF INF INF INF INF INF INF INF INF INF INF INF INF INF INF INF INF INF INF INF INF INF INF INF INF INF INF INF INF INF INF INF INF INF INF INF INF INF INF INF INF INF INF INF INF INF INF INF INF INF INF INF INF INF INF INF INF INF INF INF INF INF INF INF INF INF INF INF INF INF INF INF INF INF INF INF INF INF INF INF INF INF INF INF INF INF INF INF INF INF INF INF INF INF INF INF INF INF INF INF INF INF INF INF INF INF INF INF INF INF INF INF INF INF INF INF INF INF INF INF INF INF INF INF INF INF INF INF INF INF INF INF INF INF INF INF INF INF INF INF INF INF INF INF INF INF INF INF INF INF INF INF INF INF INF INF INF INF INF INF INF INF INF INF INF INF INF INF INF INF INF INF INF INF INF INF INF INF INF INF INF INF INF INF INF INF INF INF INF INF INF INF INF INF INF INF INF INF INF INF INF INF INF INF INF INF INF INF INF INF INF INF INF INF INF INF INF INF INF INF INF INF INF INF INF INF INF INF INF INF INF INF INF INF INF INF INF INF INF INF INF INF INF INF INF INF INF INF INF INF INF INF INF INF INF INF INF INF INF INF INF INF INF INF INF INF INF INF INF INF INF INF 0 12 14 36 59 67 3 5 25 29 53 60 38 58 78 83 39 17 20 28 31 29 39 39 25 39 64 77 18 40 35 51 26 35 49 40 53 28 38 43 57 37 27 18 24 29 34 42 41 38 40 36 31 23 28 36 27 14 17 18 29 34 30 21 30 36 29 30 28 16 31 33 27 11 21 6 26 9 28 31 16 13 13 28 19 29 21 24 30 42 38 33 10 18 22 34 18 8 13 6 24 15 13 11 19 30 12 9 10 23 6 14 18 20 13 21 7 19 20 15 9 16 16 12 11 12 24 15 14 13 14 16 15 9 15 15 12 16 16 17 12 22 10
INF INF INF INF INF INF INF INF INF INF INF INF INF INF INF INF INF INF INF INF INF INF INF INF INF INF INF INF INF INF INF INF INF INF INF INF INF INF INF INF INF INF INF INF INF INF INF INF INF INF INF INF INF INF INF INF INF INF INF INF INF INF INF INF INF INF INF INF INF INF INF INF INF INF INF INF INF INF INF INF INF INF INF INF INF INF INF INF INF INF INF INF INF INF INF INF INF INF INF INF INF INF INF INF INF INF INF INF INF INF INF INF INF INF INF INF INF INF INF INF INF INF INF INF INF INF INF INF INF INF INF INF INF INF INF INF INF INF INF INF INF INF INF INF INF INF INF INF INF INF INF INF INF INF INF INF INF INF INF INF INF INF INF INF INF INF INF INF INF INF INF INF INF INF INF INF INF INF INF INF INF INF INF INF INF INF INF INF INF INF INF INF INF INF INF INF INF INF INF INF INF INF INF INF INF INF INF INF INF INF INF INF INF INF INF INF INF INF INF INF INF INF INF INF INF INF INF INF INF INF INF INF INF INF INF INF INF INF INF INF INF INF INF INF INF INF INF INF INF INF INF INF INF INF INF INF INF INF INF INF INF INF INF INF INF INF INF INF INF INF INF INF INF INF INF INF INF INF INF INF INF INF INF INF INF INF INF INF INF INF INF INF INF INF INF INF INF INF INF INF INF INF INF INF INF INF INF INF INF INF INF INF INF INF INF INF INF INF INF INF INF INF INF INF INF INF INF INF INF INF INF INF INF INF INF INF INF INF INF INF INF INF INF INF INF INF INF INF INF INF INF INF INF INF INF INF INF INF 0 12 34 57 65 79 81 101 105 129 136 114 134 154 81 37 62 65 73 76 74 84 44 13 31 56 69 84 92 33 49 24 33 49 52 51 54 58 43 57 47 70 68 37 61 52 68 47 49 28 36 37 43 56 64 40 2 5 6 30 32 42 9 29 24 17 18 42 4 20 33 15 16 9 1 15 4 18 21 11 3 10 25 7 17 9 12 18 30 26 40 19 7 11 23 11 3 8 11 23 10 8 6 14 18 7 6 7 18 11 11 12 8 8 16 11 15 16 10 11 8 19 14 14 17 19 12 4 15 7 11 12 4 19 5 7 6 6 10 7 16 13
INF INF INF INF INF INF INF INF INF INF INF INF INF INF INF INF INF INF INF INF INF INF INF INF INF INF INF INF INF INF INF INF INF INF INF INF INF INF INF INF INF INF INF INF INF INF INF INF INF INF INF INF INF INF INF INF INF INF INF INF INF INF INF INF INF INF INF INF INF INF INF INF INF INF INF INF INF INF INF INF INF INF INF INF INF INF INF INF INF INF INF INF INF INF INF INF INF INF INF INF INF INF INF INF INF INF INF INF INF INF INF INF INF INF INF INF INF INF INF INF INF INF INF INF INF INF INF INF INF INF INF INF INF INF INF INF INF INF INF INF INF INF INF INF INF INF INF INF INF INF INF INF INF INF INF INF INF INF INF INF INF INF INF INF INF INF INF INF INF INF INF INF INF INF INF INF INF INF INF INF INF INF INF INF INF INF INF INF INF INF INF INF INF INF INF INF INF INF INF INF INF INF INF INF INF INF INF INF INF INF INF INF INF INF INF INF INF INF INF INF INF INF INF INF INF INF INF INF INF INF INF INF INF INF INF INF INF INF INF INF INF INF INF INF INF INF INF INF INF INF INF INF INF INF INF INF INF INF INF INF INF INF INF INF INF INF INF INF INF INF INF INF INF INF INF INF INF INF INF INF INF INF INF INF INF INF INF INF INF INF INF INF INF INF INF INF INF INF INF INF INF INF INF INF INF INF INF INF INF INF INF INF INF INF INF INF INF INF INF INF INF INF INF INF INF INF INF INF INF INF INF INF INF INF INF INF INF INF INF INF INF INF INF INF INF INF INF INF INF INF INF INF INF INF INF INF INF INF INF 0 22 45 53 67 69 89 93 117 124 102 122 142 69 25 50 53 61 64 62 72 32 40 58 83 96 82 80 21 37 12 21 37 40 39 45 46 31 45 35 58 56 62 52 40 56 35 37 41 24 25 31 44 52 49 25 28 29 53 20 30 32 17 39 40 31 36 34 33 25 41 39 32 32 23 35 25 28 21 39 25 26 30 40 31 30 40 50 36 41 46 18 19 34 4 1 6 22 25 8 6 17 12 16 17 14 13 16 12 16 14 13 18 25 9 21 15 8 9 9 15 12 12 18 25 10 20 13 9 20 10 13 23 10 15 20 14 18 10 21 12
INF INF INF INF INF INF INF INF INF INF INF INF INF INF INF INF INF INF INF INF INF INF INF INF INF INF INF INF INF INF INF INF INF INF INF INF INF INF INF INF INF INF INF INF INF INF INF INF INF INF INF INF INF INF INF INF INF INF INF INF INF INF INF INF INF INF INF INF INF INF INF INF INF INF INF INF INF INF INF INF INF INF INF INF INF INF INF INF INF INF INF INF INF INF INF INF INF INF INF INF INF INF INF INF INF INF INF INF INF INF INF INF INF INF INF INF INF INF INF INF INF INF INF INF INF INF INF INF INF INF INF INF INF INF INF INF INF INF INF INF INF INF INF INF INF INF INF INF INF INF INF INF INF INF INF INF INF INF INF INF INF INF INF INF INF INF INF INF INF INF INF INF INF INF INF INF INF INF INF INF INF INF INF INF INF INF INF INF INF INF INF INF INF INF INF INF INF INF INF INF INF INF INF INF INF INF INF INF INF INF INF INF INF INF INF INF INF INF INF INF INF INF INF INF INF INF INF INF INF INF INF INF INF INF INF INF INF INF INF INF INF INF INF INF INF INF INF INF INF INF INF INF INF INF INF INF INF INF INF INF INF INF INF INF INF INF INF INF INF INF INF INF INF INF INF INF INF INF INF INF INF INF INF INF INF INF INF INF INF INF INF INF INF INF INF INF INF INF INF INF INF INF INF INF INF INF INF INF INF INF INF INF INF INF INF INF INF INF INF INF INF INF INF INF INF INF INF INF INF INF INF INF INF INF INF INF INF INF INF INF INF INF INF INF INF INF INF INF INF INF INF INF INF INF INF INF INF INF INF INF 0 23 31 45 47 67 71 95 102 80 100 120 47 3 28 31 39 42 40 50 10 18 36 61 74 60 58 59 69 69 53 33 18 43 23 24 29 43 13 36 52 42 50 18 34 33 35 23 20 21 27 27 35 45 28 31 32 40 39 25 25 14 36 18 26 32 32 28 28 20 31 34 28 19 26 44 27 18 30 22 30 22 28 30 27 37 29 24 19 35 20 14 15 24 29 21 24 29 21 28 24 26 36 29 27 27 35 24 23 25 23 11 19 21 33 24 23 19 7 31 11 22 22 22 20 24 17 15 16 16 20 28 25 25 23 20 24 19 20 16
INF INF INF INF INF INF INF INF INF INF INF INF INF INF INF INF INF INF INF INF INF INF INF INF INF INF INF INF INF INF INF INF INF INF INF INF INF INF INF INF INF INF INF INF INF INF INF INF INF INF INF INF INF INF INF INF INF INF INF INF INF INF INF INF INF INF INF INF INF INF INF INF INF INF INF INF INF INF INF INF INF INF INF INF INF INF INF INF INF INF INF INF INF INF INF INF INF INF INF INF INF INF INF INF INF INF INF INF INF INF INF INF INF INF INF INF INF INF INF INF INF INF INF INF INF INF INF INF INF INF INF INF INF INF INF INF INF INF INF INF INF INF INF INF INF INF INF INF INF INF INF INF INF INF INF INF INF INF INF INF INF INF INF INF INF INF INF INF INF INF INF INF INF INF INF INF INF INF INF INF INF INF INF INF INF INF INF INF INF INF INF INF INF INF INF INF INF INF INF INF INF INF INF INF INF INF INF INF INF INF INF INF INF INF INF INF INF INF INF INF INF INF INF INF INF INF INF INF INF INF INF INF INF INF INF INF INF INF INF INF INF INF INF INF INF INF INF INF INF INF INF INF INF INF INF INF INF INF INF INF INF INF INF INF INF INF INF INF INF INF INF INF INF INF INF INF INF INF INF INF INF INF INF INF INF INF INF INF INF INF INF INF INF INF INF INF INF INF INF INF INF INF INF INF INF INF INF INF INF INF INF INF INF INF INF INF INF INF INF INF INF INF INF INF INF INF INF INF INF INF INF INF INF INF INF INF INF INF INF INF INF INF INF INF INF INF INF INF INF INF INF INF INF INF INF INF INF INF INF INF INF 0 8 22 24 44 48 72 79 57 77 97 24 31 56 59 67 20 33 43 43 32 48 73 86 37 36 37 53 63 46 10 34 59 13 23 28 42 26 46 37 43 48 31 46 32 34 38 33 34 40 53 20 33 18 21 22 46 16 15 25 42 40 24 16 40 40 18 14 30 30 25 25 32 16 34 26 23 13 20 22 23 33 25 28 28 40 36 35 23 23 27 21 27 26 18 23 20 12 22 18 35 25 19 24 20 12 18 21 18 15 6 14 15 27 28 5 6 20 13 9 9 23 17 16 14 17 13 11 13 14 22 15 13 16 14 18 15 15 11
INF INF INF INF INF INF INF INF INF INF INF INF INF INF INF INF INF INF INF INF INF INF INF INF INF INF INF INF INF INF INF INF INF INF INF INF INF INF INF INF INF INF INF INF INF INF INF INF INF INF INF INF INF INF INF INF INF INF INF INF INF INF INF INF INF INF INF INF INF INF INF INF INF INF INF INF INF INF INF INF INF INF INF INF INF INF INF INF INF INF INF INF INF INF INF INF INF INF INF INF INF INF INF INF INF INF INF INF INF INF INF INF INF INF INF INF INF INF INF INF INF INF INF INF INF INF INF INF INF INF INF INF INF INF INF INF INF INF INF INF INF INF INF INF INF INF INF INF INF INF INF INF INF INF INF INF INF INF INF INF INF INF INF INF INF INF INF INF INF INF INF INF INF INF INF INF INF INF INF INF INF INF INF INF INF INF INF INF INF INF INF INF INF INF INF INF INF INF INF INF INF INF INF INF INF INF INF INF INF INF INF INF INF INF INF INF INF INF INF INF INF INF INF INF INF INF INF INF INF INF INF INF INF INF INF INF INF INF INF INF INF INF INF INF INF INF INF INF INF INF INF INF INF INF INF INF INF INF INF INF INF INF INF INF INF INF INF INF INF INF INF INF INF INF INF INF INF INF INF INF INF INF INF INF INF INF INF INF INF INF INF INF INF INF INF INF INF INF INF INF INF INF INF INF INF INF INF INF INF INF INF INF INF INF INF INF INF INF INF INF INF INF INF INF INF INF INF INF INF INF INF INF INF INF INF INF INF INF INF INF INF INF INF INF INF INF INF INF INF INF INF INF INF INF INF INF INF INF INF INF INF INF 0 14 16 36 40 64 71 49 69 89 16 23 48 51 59 62 60 70 70 24 42 67 80 29 51 52 68 75 73 60 71 91 5 15 20 34 49 38 29 35 40 43 38 24 26 30 39 40 34 47 12 25 10 13 14 38 53 7 17 34 32 25 8 32 32 10 10 26 22 17 17 26 8 26 29 15 12 14 29 15 25 17 20 22 37 30 44 15 15 19 13 19 19 17 19 12 14 14 10 27 26 11 16 17 18 15 15 19 21 12 20 17 19 20 16 17 16 19 20 20 15 23 10 13 13 15 15 17 15 20 14 16 10 15 19 15 21 16
INF INF INF INF INF INF INF INF INF INF INF INF INF INF INF INF INF INF INF INF INF INF INF INF INF INF INF INF INF INF INF INF INF INF INF INF INF INF INF INF INF INF INF INF INF INF INF INF INF INF INF INF INF INF INF INF INF INF INF INF INF INF INF INF INF INF INF INF INF INF INF INF INF INF INF INF INF INF INF INF INF INF INF INF INF INF INF INF INF INF INF INF INF INF INF INF INF INF INF INF INF INF INF INF INF INF INF INF INF INF INF INF INF INF INF INF INF INF INF INF INF INF INF INF INF INF INF INF INF INF INF INF INF INF INF INF INF INF INF INF INF INF INF INF INF INF INF INF INF INF INF INF INF INF INF INF INF INF INF INF INF INF INF INF INF INF INF INF INF INF INF INF INF INF INF INF INF INF INF INF INF INF INF INF INF INF INF INF INF INF INF INF INF INF INF INF INF INF INF INF INF INF INF INF INF INF INF INF INF INF INF INF INF INF INF INF INF INF INF INF INF INF INF INF INF INF INF INF INF INF INF INF INF INF INF INF INF INF INF INF INF INF INF INF INF INF INF INF INF INF INF INF INF INF INF INF INF INF INF INF INF INF INF INF INF INF INF INF INF INF INF INF INF INF INF INF INF INF INF INF INF INF INF INF INF INF INF INF INF INF INF INF INF INF INF INF INF INF INF INF INF INF INF INF INF INF INF INF INF INF INF INF INF INF INF INF INF INF INF INF INF INF INF INF INF INF INF INF INF INF INF INF INF INF INF INF INF INF INF INF INF INF INF INF INF INF INF INF INF INF INF INF INF INF INF INF INF INF INF INF INF INF INF 0 2 22 26 50 57 35 55 75 80 87 46 49 57 54 58 68 68 68 68 71 84 15 37 38 54 64 59 46 69 77 25 35 40 54 60 24 15 21 26 31 39 38 35 40 33 28 20 33 41 24 25 28 29 47 52 27 32 27 47 39 28 25 31 30 30 43 8 20 3 23 6 25 28 13 10 10 25 30 40 31 22 29 41 37 30 21 15 19 33 19 5 10 18 32 12 10 8 16 31 9 8 9 20 3 11 15 17 10 18 13 17 18 12 6 13 13 9 9 9 21 14 11 10 13 13 13 6 12 12 9 13 13 17 9 19 15
INF INF INF INF INF INF INF INF INF INF INF INF INF INF INF INF INF INF INF INF INF INF INF INF INF INF INF INF INF INF INF INF INF INF INF INF INF INF INF INF INF INF INF INF INF INF INF INF INF INF INF INF INF INF INF INF INF INF INF INF INF INF INF INF INF INF INF INF INF INF INF INF INF INF INF INF INF INF INF INF INF INF INF INF INF INF INF INF INF INF INF INF INF INF INF INF INF INF INF INF INF INF INF INF INF INF INF INF INF INF INF INF INF INF INF INF INF INF INF INF INF INF INF INF INF INF INF INF INF INF INF INF INF INF INF INF INF INF INF INF INF INF INF INF INF INF INF INF INF INF INF INF INF INF INF INF INF INF INF INF INF INF INF INF INF INF INF INF INF INF INF INF INF INF INF INF INF INF INF INF INF INF INF INF INF INF INF INF INF INF INF INF INF INF INF INF INF INF INF INF INF INF INF INF INF INF INF INF INF INF INF INF INF INF INF INF INF INF INF INF INF INF INF INF INF INF INF INF INF INF INF INF INF INF INF INF INF INF INF INF INF INF INF INF INF INF INF INF INF INF INF INF INF INF INF INF INF INF INF INF INF INF INF INF INF INF INF INF INF INF INF INF INF INF INF INF INF INF INF INF INF INF INF INF INF INF INF INF INF INF INF INF INF INF INF INF INF INF INF INF INF INF INF INF INF INF INF INF INF INF INF INF INF INF INF INF INF INF INF INF INF INF INF INF INF INF INF INF INF INF INF INF INF INF INF INF INF INF INF INF INF INF INF INF INF INF INF INF INF INF INF INF INF INF INF INF INF INF INF INF INF INF INF INF 0 20 24 48 55 33 53 73 78 85 44 47 55 52 56 66 66 66 66 69 82 13 35 36 52 62 57 44 67 75 23 33 38 52 58 22 38 34 24 29 37 42 33 38 31 32 18 31 39 34 23 26 27 45 50 25 30 25 45 37 26 23 36 28 28 41 6 18 31 31 21 39 42 28 9 8 23 28 38 30 33 28 39 36 28 35 21 25 31 25 27 14 25 30 16 29 10 25 35 24 28 23 25 31 9 13 24 25 33 18 23 16 26 20 17 26 18 19 18 28 17 10 8 13 15 12 8 10 11 17 12 12 15 11 17 17
INF INF INF INF INF INF INF INF INF INF INF INF INF INF INF INF INF INF INF INF INF INF INF INF INF INF INF INF INF INF INF INF INF INF INF INF INF INF INF INF INF INF INF INF INF INF INF INF INF INF INF INF INF INF INF INF INF INF INF INF INF INF INF INF INF INF INF INF INF INF INF INF INF INF INF INF INF INF INF INF INF INF INF INF INF INF INF INF INF INF INF INF INF INF INF INF INF INF INF INF INF INF INF INF INF INF INF INF INF INF INF INF INF INF INF INF INF INF INF INF INF INF INF INF INF INF INF INF INF INF INF INF INF INF INF INF INF INF INF INF INF INF INF INF INF INF INF INF INF INF INF INF INF INF INF INF INF INF INF INF INF INF INF INF INF INF INF INF INF INF INF INF INF INF INF INF INF INF INF INF INF INF INF INF INF INF INF INF INF INF INF INF INF INF INF INF INF INF INF INF INF INF INF INF INF INF INF INF INF INF INF INF INF INF INF INF INF INF INF INF INF INF INF INF INF INF INF INF INF INF INF INF INF INF INF INF INF INF INF INF INF INF INF INF INF INF INF INF INF INF INF INF INF INF INF INF INF INF INF INF INF INF INF INF INF INF INF INF INF INF INF INF INF INF INF INF INF INF INF INF INF INF INF INF INF INF INF INF INF INF INF INF INF INF INF INF INF INF INF INF INF INF INF INF INF INF INF INF INF INF INF INF INF INF INF INF INF INF INF INF INF INF INF INF INF INF INF INF INF INF INF INF INF INF INF INF INF INF INF INF INF INF INF INF INF INF INF INF INF INF INF INF INF INF INF INF INF INF INF INF INF INF INF INF INF 0 4 28 35 13 33 53 58 65 24 27 35 32 36 46 46 46 46 49 62 77 48 49 57 57 37 53 47 55 59 58 47 61 38 61 76 52 38 43 29 44 13 18 27 27 33 35 43 43 30 33 20 36 51 54 26 51 41 17 35 34 28 27 39 38 33 10 23 27 26 32 22 33 30 26 30 21 27 23 26 32 47 40 42 39 30 26 30 33 19 20 27 28 6 11 22 30 27 29 28 29 21 27 27 12 17 26 34 14 26 19 13 14 22 22 17 17 30 8 15 18 11 17 18 15 15 24 19 19 20 19 23 18 25 17
INF INF INF INF INF INF INF INF INF INF INF INF INF INF INF INF INF INF INF INF INF INF INF INF INF INF INF INF INF INF INF INF INF INF INF INF INF INF INF INF INF INF INF INF INF INF INF INF INF INF INF INF INF INF INF INF INF INF INF INF INF INF INF INF INF INF INF INF INF INF INF INF INF INF INF INF INF INF INF INF INF INF INF INF INF INF INF INF INF INF INF INF INF INF INF INF INF INF INF INF INF INF INF INF INF INF INF INF INF INF INF INF INF INF INF INF INF INF INF INF INF INF INF INF INF INF INF INF INF INF INF INF INF INF INF INF INF INF INF INF INF INF INF INF INF INF INF INF INF INF INF INF INF INF INF INF INF INF INF INF INF INF INF INF INF INF INF INF INF INF INF INF INF INF INF INF INF INF INF INF INF INF INF INF INF INF INF INF INF INF INF INF INF INF INF INF INF INF INF INF INF INF INF INF INF INF INF INF INF INF INF INF INF INF INF INF INF INF INF INF INF INF INF INF INF INF INF INF INF INF INF INF INF INF INF INF INF INF INF INF INF INF INF INF INF INF INF INF INF INF INF INF INF INF INF INF INF INF INF INF INF INF INF INF INF INF INF INF INF INF INF INF INF INF INF INF INF INF INF INF INF INF INF INF INF INF INF INF INF INF INF INF INF INF INF INF INF INF INF INF INF INF INF INF INF INF INF INF INF INF INF INF INF INF INF INF INF INF INF INF INF INF INF INF INF INF INF INF INF INF INF INF INF INF INF INF INF INF INF INF INF INF INF INF INF INF INF INF INF INF INF INF INF INF INF INF INF INF INF INF INF INF INF INF INF INF 0 24 31 33 53 73 54 61 20 23 31 28 32 42 42 42 42 45 58 73 44 45 53 53 36 52 43 54 55 54 46 60 34 57 72 48 58 39 25 40 42 43 41 42 42 31 39 39 38 41 40 32 47 50 45 57 58 46 47 47 24 31 40 34 45 26 39 40 42 49 34 35 46 33 45 43 36 37 44 36 46 44 44 40 30 34 34 34 35 40 34 51 42 38 35 32 33 45 29 30 36 42 34 35 28 43 42 35 36 35 40 39 33 23 38 37 28 4 25 14 28 26 22 26 11 26 15 23 16 16 20 14 26 20
INF INF INF INF INF INF INF INF INF INF INF INF INF INF INF INF INF INF INF INF INF INF INF INF INF INF INF INF INF INF INF INF INF INF INF INF INF INF INF INF INF INF INF INF INF INF INF INF INF INF INF INF INF INF INF INF INF INF INF INF INF INF INF INF INF INF INF INF INF INF INF INF INF INF INF INF INF INF INF INF INF INF INF INF INF INF INF INF INF INF INF INF INF INF INF INF INF INF INF INF INF INF INF INF INF INF INF INF INF INF INF INF INF INF INF INF INF INF INF INF INF INF INF INF INF INF INF INF INF INF INF INF INF INF INF INF INF INF INF INF INF INF INF INF INF INF INF INF INF INF INF INF INF INF INF INF INF INF INF INF INF INF INF INF INF INF INF INF INF INF INF INF INF INF INF INF INF INF INF INF INF INF INF INF INF INF INF INF INF INF INF INF INF INF INF INF INF INF INF INF INF INF INF INF INF INF INF INF INF INF INF INF INF INF INF INF INF INF INF INF INF INF INF INF INF INF INF INF INF INF INF INF INF INF INF INF INF INF INF INF INF INF INF INF INF INF INF INF INF INF INF INF INF INF INF INF INF INF INF INF INF INF INF INF INF INF INF INF INF INF INF INF INF INF INF INF INF INF INF INF INF INF INF INF INF INF INF INF INF INF INF INF INF INF INF INF INF INF INF INF INF INF INF INF INF INF INF INF INF INF INF INF INF INF INF INF INF INF INF INF INF INF INF INF INF INF INF INF INF INF INF INF INF INF INF INF INF INF INF INF INF INF INF INF INF INF INF INF INF INF INF INF INF INF INF INF INF INF INF INF INF INF INF INF INF INF INF 0 7 9 29 49 30 37 12 15 23 4 17 27 18 18 32 21 34 49 20 21 29 29 12 28 28 30 31 39 22 36 10 33 48 38 34 15 1 16 18 23 17 18 24 23 31 15 16 19 16 24 34 33 22 34 37 22 31 29 16 7 16 20 29 18 25 16 28 25 10 16 23 9 21 21 15 13 21 12 22 20 29 19 6 10 10 10 15 20 10 27 22 14 11 21 9 21 5 6 12 18 10 11 15 19 18 17 24 24 16 15 15 13 16 13 19 26 14 22 13 19 18 2 11 22 18 12 17 6 10 8 15 12
INF INF INF INF INF INF INF INF INF INF INF INF INF INF INF INF INF INF INF INF INF INF INF INF INF INF INF INF INF INF INF INF INF INF INF INF INF INF INF INF INF INF INF INF INF INF INF INF INF INF INF INF INF INF INF INF INF INF INF INF INF INF INF INF INF INF INF INF INF INF INF INF INF INF INF INF INF INF INF INF INF INF INF INF INF INF INF INF INF INF INF INF INF INF INF INF INF INF INF INF INF INF INF INF INF INF INF INF INF INF INF INF INF INF INF INF INF INF INF INF INF INF INF INF INF INF INF INF INF INF INF INF INF INF INF INF INF INF INF INF INF INF INF INF INF INF INF INF INF INF INF INF INF INF INF INF INF INF INF INF INF INF INF INF INF INF INF INF INF INF INF INF INF INF INF INF INF INF INF INF INF INF INF INF INF INF INF INF INF INF INF INF INF INF INF INF INF INF INF INF INF INF INF INF INF INF INF INF INF INF INF INF INF INF INF INF INF INF INF INF INF INF INF INF INF INF INF INF INF INF INF INF INF INF INF INF INF INF INF INF INF INF INF INF INF INF INF INF INF INF INF INF INF INF INF INF INF INF INF INF INF INF INF INF INF INF INF INF INF INF INF INF INF INF INF INF INF INF INF INF INF INF INF INF INF INF INF INF INF INF INF INF INF INF INF INF INF INF INF INF INF INF INF INF INF INF INF INF INF INF INF INF INF INF INF INF INF INF INF INF INF INF INF INF INF INF INF INF INF INF INF INF INF INF INF INF INF INF INF INF INF INF INF INF INF INF INF INF INF INF INF INF INF INF INF INF INF INF INF INF INF INF INF INF INF INF INF INF 0 2 22 42 23 30 55 58 66 69 67 77 11 11 29 14 27 42 64 65 22 22 26 42 66 44 24 34 36 44 59 51 41 35 27 32 11 26 28 26 34 35 41 28 25 25 19 22 9 33 30 26 15 27 30 23 24 23 18 26 29 13 22 12 25 13 27 18 20 9 16 2 17 14 8 11 18 20 35 25 31 25 11 15 23 15 20 20 15 25 22 19 4 19 21 28 15 16 19 23 3 7 16 12 20 14 17 18 21 20 15 20 12 6 12 19 11 17 10 14 11 10 9 18 16 18 10 14 18 9 8 17
INF INF INF INF INF INF INF INF INF INF INF INF INF INF INF INF INF INF INF INF INF INF INF INF INF INF INF INF INF INF INF INF INF INF INF INF INF INF INF INF INF INF INF INF INF INF INF INF INF INF INF INF INF INF INF INF INF INF INF INF INF INF INF INF INF INF INF INF INF INF INF INF INF INF INF INF INF INF INF INF INF INF INF INF INF INF INF INF INF INF INF INF INF INF INF INF INF INF INF INF INF INF INF INF INF INF INF INF INF INF INF INF INF INF INF INF INF INF INF INF INF INF INF INF INF INF INF INF INF INF INF INF INF INF INF INF INF INF INF INF INF INF INF INF INF INF INF INF INF INF INF INF INF INF INF INF INF INF INF INF INF INF INF INF INF INF INF INF INF INF INF INF INF INF INF INF INF INF INF INF INF INF INF INF INF INF INF INF INF INF INF INF INF INF INF INF INF INF INF INF INF INF INF INF INF INF INF INF INF INF INF INF INF INF INF INF INF INF INF INF INF INF INF INF INF INF INF INF INF INF INF INF INF INF INF INF INF INF INF INF INF INF INF INF INF INF INF INF INF INF INF INF INF INF INF INF INF INF INF INF INF INF INF INF INF INF INF INF INF INF INF INF INF INF INF INF INF INF INF INF INF INF INF INF INF INF INF INF INF INF INF INF INF INF INF INF INF INF INF INF INF INF INF INF INF INF INF INF INF INF INF INF INF INF INF INF INF INF INF INF INF INF INF INF INF INF INF INF INF INF INF INF INF INF INF INF INF INF INF INF INF INF INF INF INF INF INF INF INF INF INF INF INF INF INF INF INF INF INF INF INF INF INF INF INF INF INF INF INF 0 20 40 58 65 90 93 101 104 102 112 112 66 84 48 61 76 98 99 56 56 24 40 64 42 59 48 34 48 63 85 75 81 25 30 38 38 40 44 32 33 39 52 60 52 17 20 7 31 46 56 13 38 28 21 22 21 34 24 28 44 20 10 23 14 26 19 22 33 23 22 33 22 27 10 18 19 34 27 29 26 19 23 21 22 19 18 23 24 20 24 13 25 19 29 18 19 24 29 16 20 17 30 26 27 30 28 26 27 21 21 28 15 29 23 24 24 22 15 20 19 20 30 22 19 9 23 26 22 25 21
INF INF INF INF INF INF INF INF INF INF INF INF INF INF INF INF INF INF INF INF INF INF INF INF INF INF INF INF INF INF INF INF INF INF INF INF INF INF INF INF INF INF INF INF INF INF INF INF INF INF INF INF INF INF INF INF INF INF INF INF INF INF INF INF INF INF INF INF INF INF INF INF INF INF INF INF INF INF INF INF INF INF INF INF INF INF INF INF INF INF INF INF INF INF INF INF INF INF INF INF INF INF INF INF INF INF INF INF INF INF INF INF INF INF INF INF INF INF INF INF INF INF INF INF INF INF INF INF INF INF INF INF INF INF INF INF INF INF INF INF INF INF INF INF INF INF INF INF INF INF INF INF INF INF INF INF INF INF INF INF INF INF INF INF INF INF INF INF INF INF INF INF INF INF INF INF INF INF INF INF INF INF INF INF INF INF INF INF INF INF INF INF INF INF INF INF INF INF INF INF INF INF INF INF INF INF INF INF INF INF INF INF INF INF INF INF INF INF INF INF INF INF INF INF INF INF INF INF INF INF INF INF INF INF INF INF INF INF INF INF INF INF INF INF INF INF INF INF INF INF INF INF INF INF INF INF INF INF INF INF INF INF INF INF INF INF INF INF INF INF INF INF INF INF INF INF INF INF INF INF INF INF INF INF INF INF INF INF INF INF INF INF INF INF INF INF INF INF INF INF INF INF INF INF INF INF INF INF INF INF INF INF INF INF INF INF INF INF INF INF INF INF INF INF INF INF INF INF INF INF INF INF INF INF INF INF INF INF INF INF INF INF INF INF INF INF INF INF INF INF INF INF INF INF INF INF INF INF INF INF INF INF INF INF INF INF INF INF INF INF 0 20 38 45 70 73 81 84 82 92 92 46 64 28 41 56 78 79 36 36 45 61 85 63 66 28 33 47 62 65 55 61 5 10 18 28 30 35 12 13 19 32 40 32 45 48 36 30 44 45 6 31 21 14 2 1 14 4 17 33 13 25 20 12 10 29 32 17 14 5 20 18 24 27 22 16 21 24 9 23 17 21 7 13 18 17 7 25 19 6 7 6 24 13 10 7 12 9 6 10 10 14 18 9 20 9 8 9 15 13 10 12 9 23 10 15 10 8 14 14 13 15 16 12 8 17 17 2 11 10
INF INF INF INF INF INF INF INF INF INF INF INF INF INF INF INF INF INF INF INF INF INF INF INF INF INF INF INF INF INF INF INF INF INF INF INF INF INF INF INF INF INF INF INF INF INF INF INF INF INF INF INF INF INF INF INF INF INF INF INF INF INF INF INF INF INF INF INF INF INF INF INF INF INF INF INF INF INF INF INF INF INF INF INF INF INF INF INF INF INF INF INF INF INF INF INF INF INF INF INF INF INF INF INF INF INF INF INF INF INF INF INF INF INF INF INF INF INF INF INF INF INF INF INF INF INF INF INF INF INF INF INF INF INF INF INF INF INF INF INF INF INF INF INF INF INF INF INF INF INF INF INF INF INF INF INF INF INF INF INF INF INF INF INF INF INF INF INF INF INF INF INF INF INF INF INF INF INF INF INF INF INF INF INF INF INF INF INF INF INF INF INF INF INF INF INF INF INF INF INF INF INF INF INF INF INF INF INF INF INF INF INF INF INF INF INF INF INF INF INF INF INF INF INF INF INF INF INF INF INF INF INF INF INF INF INF INF INF INF INF INF INF INF INF INF INF INF INF INF INF INF INF INF INF INF INF INF INF INF INF INF INF INF INF INF INF INF INF INF INF INF INF INF INF INF INF INF INF INF INF INF INF INF INF INF INF INF INF INF INF INF INF INF INF INF INF INF INF INF INF INF INF INF INF INF INF INF INF INF INF INF INF INF INF INF INF INF INF INF INF INF INF INF INF INF INF INF INF INF INF INF INF INF INF INF INF INF INF INF INF INF INF INF INF INF INF INF INF INF INF INF INF INF INF INF INF INF INF INF INF INF INF INF INF INF INF INF INF INF INF INF 0 18 25 50 53 61 64 62 72 72 26 44 8 21 36 58 59 16 16 25 41 65 43 46 8 13 27 42 45 35 41 34 36 40 17 19 23 28 29 35 48 20 31 29 32 16 22 24 25 22 21 37 23 26 40 12 28 29 28 29 19 32 22 35 28 27 25 10 11 26 27 26 19 27 26 32 34 38 19 19 23 25 23 26 15 23 18 17 23 13 13 26 24 26 12 26 31 12 16 16 25 14 26 24 16 25 17 18 8 2 13 19 25 17 11 19 6 9 7 9 12 12 18 13 11 15 10 12 15
INF INF INF INF INF INF INF INF INF INF INF INF INF INF INF INF INF INF INF INF INF INF INF INF INF INF INF INF INF INF INF INF INF INF INF INF INF INF INF INF INF INF INF INF INF INF INF INF INF INF INF INF INF INF INF INF INF INF INF INF INF INF INF INF INF INF INF INF INF INF INF INF INF INF INF INF INF INF INF INF INF INF INF INF INF INF INF INF INF INF INF INF INF INF INF INF INF INF INF INF INF INF INF INF INF INF INF INF INF INF INF INF INF INF INF INF INF INF INF INF INF INF INF INF INF INF INF INF INF INF INF INF INF INF INF INF INF INF INF INF INF INF INF INF INF INF INF INF INF INF INF INF INF INF INF INF INF INF INF INF INF INF INF INF INF INF INF INF INF INF INF INF INF INF INF INF INF INF INF INF INF INF INF INF INF INF INF INF INF INF INF INF INF INF INF INF INF INF INF INF INF INF INF INF INF INF INF INF INF INF INF INF INF INF INF INF INF INF INF INF INF INF INF INF INF INF INF INF INF INF INF INF INF INF INF INF INF INF INF INF INF INF INF INF INF INF INF INF INF INF INF INF INF INF INF INF INF INF INF INF INF INF INF INF INF INF INF INF INF INF INF INF INF INF INF INF INF INF INF INF INF INF INF INF INF INF INF INF INF INF INF INF INF INF INF INF INF INF INF INF INF INF INF INF INF INF INF INF INF INF INF INF INF INF INF INF INF INF INF INF INF INF INF INF INF INF INF INF INF INF INF INF INF INF INF INF INF INF INF INF INF INF INF INF INF INF INF INF INF INF INF INF INF INF INF INF INF INF INF INF INF INF INF INF INF INF INF INF INF INF INF INF 0 7 32 35 43 46 44 54 54 8 26 51 64 79 62 63 59 59 57 71 55 75 49 28 33 21 36 59 75 32 54 30 22 37 39 23 32 33 39 43 2 15 14 17 18 42 57 7 17 18 32 22 8 32 22 10 23 10 21 21 34 10 24 30 17 22 24 14 28 19 29 20 20 22 37 20 35 29 15 18 13 19 24 25 19 12 14 21 16 27 30 27 22 23 18 15 15 19 13 25 24 11 23 24 23 18 11 19 15 15 12 26 10 20 16 15 23 3 15 18 8 14 10 7 11 9 18 10
INF INF INF INF INF INF INF INF INF INF INF INF INF INF INF INF INF INF INF INF INF INF INF INF INF INF INF INF INF INF INF INF INF INF INF INF INF INF INF INF INF INF INF INF INF INF INF INF INF INF INF INF INF INF INF INF INF INF INF INF INF INF INF INF INF INF INF INF INF INF INF INF INF INF INF INF INF INF INF INF INF INF INF INF INF INF INF INF INF INF INF INF INF INF INF INF INF INF INF INF INF INF INF INF INF INF INF INF INF INF INF INF INF INF INF INF INF INF INF INF INF INF INF INF INF INF INF INF INF INF INF INF INF INF INF INF INF INF INF INF INF INF INF INF INF INF INF INF INF INF INF INF INF INF INF INF INF INF INF INF INF INF INF INF INF INF INF INF INF INF INF INF INF INF INF INF INF INF INF INF INF INF INF INF INF INF INF INF INF INF INF INF INF INF INF INF INF INF INF INF INF INF INF INF INF INF INF INF INF INF INF INF INF INF INF INF INF INF INF INF INF INF INF INF INF INF INF INF INF INF INF INF INF INF INF INF INF INF INF INF INF INF INF INF INF INF INF INF INF INF INF INF INF INF INF INF INF INF INF INF INF INF INF INF INF INF INF INF INF INF INF INF INF INF INF INF INF INF INF INF INF INF INF INF INF INF INF INF INF INF INF INF INF INF INF INF INF INF INF INF INF INF INF INF INF INF INF INF INF INF INF INF INF INF INF INF INF INF INF INF INF INF INF INF INF INF INF INF INF INF INF INF INF INF INF INF INF INF INF INF INF INF INF INF INF INF INF INF INF INF INF INF INF INF INF INF INF INF INF INF INF INF INF INF INF INF INF INF INF INF INF INF INF 0 25 28 36 39 37 47 47 55 47 72 85 100 55 56 72 80 50 64 48 68 60 21 26 40 45 68 84 53 47 49 60 30 32 36 45 46 47 36 44 44 43 46 47 37 52 55 50 11 33 15 28 52 29 30 37 39 50 31 44 17 31 50 40 15 33 19 34 19 25 28 24 37 45 45 49 37 17 11 26 21 26 18 21 26 18 25 21 23 33 34 24 24 35 21 20 22 33 32 27 28 34 26 27 16 4 28 8 19 27 27 17 21 23 12 27 13 26 27 22 24 20 17 21 16 23 18
INF INF INF INF INF INF INF INF INF INF INF INF INF INF INF INF INF INF INF INF INF INF INF INF INF INF INF INF INF INF INF INF INF INF INF INF INF INF INF INF INF INF INF INF INF INF INF INF INF INF INF INF INF INF INF INF INF INF INF INF INF INF INF INF INF INF INF INF INF INF INF INF INF INF INF INF INF INF INF INF INF INF INF INF INF INF INF INF INF INF INF INF INF INF INF INF INF INF INF INF INF INF INF INF INF INF INF INF INF INF INF INF INF INF INF INF INF INF INF INF INF INF INF INF INF INF INF INF INF INF INF INF INF INF INF INF INF INF INF INF INF INF INF INF INF INF INF INF INF INF INF INF INF INF INF INF INF INF INF INF INF INF INF INF INF INF INF INF INF INF INF INF INF INF INF INF INF INF INF INF INF INF INF INF INF INF INF INF INF INF INF INF INF INF INF INF INF INF INF INF INF INF INF INF INF INF INF INF INF INF INF INF INF INF INF INF INF INF INF INF INF INF INF INF INF INF INF INF INF INF INF INF INF INF INF INF INF INF INF INF INF INF INF INF INF INF INF INF INF INF INF INF INF INF INF INF INF INF INF INF INF INF INF INF INF INF INF INF INF INF INF INF INF INF INF INF INF INF INF INF INF INF INF INF INF INF INF INF INF INF INF INF INF INF INF INF INF INF INF INF INF INF INF INF INF INF INF INF INF INF INF INF INF INF INF INF INF INF INF INF INF INF INF INF INF INF INF INF INF INF INF INF INF INF INF INF INF INF INF INF INF INF INF INF INF INF INF INF INF INF INF INF INF INF INF INF INF INF INF INF INF INF INF INF INF INF INF INF INF INF INF INF INF INF 0 3 11 14 12 22 22 30 22 47 60 75 30 31 47 55 25 39 23 43 35 34 35 49 20 43 59 28 52 25 39 39 25 23 27 28 22 11 19 31 18 21 22 12 27 30 25 37 38 29 27 27 4 14 27 14 25 6 19 24 22 34 20 15 26 18 31 23 16 19 24 22 34 30 24 20 17 21 17 21 15 20 21 33 22 20 20 12 19 25 24 10 28 29 19 20 8 23 22 15 16 15 21 19 13 3 18 19 8 19 19 18 15 17 22 13 4 12 11 10 14 12 15 5 16 13
INF INF INF INF INF INF INF INF INF INF INF INF INF INF INF INF INF INF INF INF INF INF INF INF INF INF INF INF INF INF INF INF INF INF INF INF INF INF INF INF INF INF INF INF INF INF INF INF INF INF INF INF INF INF INF INF INF INF INF INF INF INF INF INF INF INF INF INF INF INF INF INF INF INF INF INF INF INF INF INF INF INF INF INF INF INF INF INF INF INF INF INF INF INF INF INF INF INF INF INF INF INF INF INF INF INF INF INF INF INF INF INF INF INF INF INF INF INF INF INF INF INF INF INF INF INF INF INF INF INF INF INF INF INF INF INF INF INF INF INF INF INF INF INF INF INF INF INF INF INF INF INF INF INF INF INF INF INF INF INF INF INF INF INF INF INF INF INF INF INF INF INF INF INF INF INF INF INF INF INF INF INF INF INF INF INF INF INF INF INF INF INF INF INF INF INF INF INF INF INF INF INF INF INF INF INF INF INF INF INF INF INF INF INF INF INF INF INF INF INF INF INF INF INF INF INF INF INF INF INF INF INF INF INF INF INF INF INF INF INF INF INF INF INF INF INF INF INF INF INF INF INF INF INF INF INF INF INF INF INF INF INF INF INF INF INF INF INF INF INF INF INF INF INF INF INF INF INF INF INF INF INF INF INF INF INF INF INF INF INF INF INF INF INF INF INF INF INF INF INF INF INF INF INF INF INF INF INF INF INF INF INF INF INF INF INF INF INF INF INF INF INF INF INF INF INF INF INF INF INF INF INF INF INF INF INF INF INF INF INF INF INF INF INF INF INF INF INF INF INF INF INF INF INF INF INF INF INF INF INF INF INF INF INF INF INF INF INF INF INF INF INF INF INF INF 0 8 11 9 19 19 27 24 49 62 77 27 28 44 54 22 36 20 40 32 31 32 46 17 40 56 30 53 22 36 36 22 20 24 25 19 32 30 33 26 29 30 9 24 27 29 34 35 26 24 24 1 11 24 11 22 33 32 21 35 32 17 12 25 15 28 30 13 16 21 19 31 27 21 17 14 18 14 18 13 18 18 30 20 18 17 9 16 28 21 7 25 26 16 17 5 20 19 12 13 12 18 16 10 25 16 16 17 19 16 25 12 18 19 16 14 20 15 7 12 9 13 11 13 15
INF INF INF INF INF INF INF INF INF INF INF INF INF INF INF INF INF INF INF INF INF INF INF INF INF INF INF INF INF INF INF INF INF INF INF INF INF INF INF INF INF INF INF INF INF INF INF INF INF INF INF INF INF INF INF INF INF INF INF INF INF INF INF INF INF INF INF INF INF INF INF INF INF INF INF INF INF INF INF INF INF INF INF INF INF INF INF INF INF INF INF INF INF INF INF INF INF INF INF INF INF INF INF INF INF INF INF INF INF INF INF INF INF INF INF INF INF INF INF INF INF INF INF INF INF INF INF INF INF INF INF INF INF INF INF INF INF INF INF INF INF INF INF INF INF INF INF INF INF INF INF INF INF INF INF INF INF INF INF INF INF INF INF INF INF INF INF INF INF INF INF INF INF INF INF INF INF INF INF INF INF INF INF INF INF INF INF INF INF INF INF INF INF INF INF INF INF INF INF INF INF INF INF INF INF INF INF INF INF INF INF INF INF INF INF INF INF INF INF INF INF INF INF INF INF INF INF INF INF INF INF INF INF INF INF INF INF INF INF INF INF INF INF INF INF INF INF INF INF INF INF INF INF INF INF INF INF INF INF INF INF INF INF INF INF INF INF INF INF INF INF INF INF INF INF INF INF INF INF INF INF INF INF INF INF INF INF INF INF INF INF INF INF INF INF INF INF INF INF INF INF INF INF INF INF INF INF INF INF INF INF INF INF INF INF INF INF INF INF INF INF INF INF INF INF INF INF INF INF INF INF INF INF INF INF INF INF INF INF INF INF INF INF INF INF INF INF INF INF INF INF INF INF INF INF INF INF INF INF INF INF INF INF INF INF INF INF INF INF INF INF INF INF INF INF INF 0 3 1 11 11 19 16 41 54 69 19 20 36 46 14 28 12 32 24 23 24 38 9 32 48 22 45 14 28 28 14 13 16 17 23 28 22 25 18 21 22 1 16 19 21 26 27 18 16 28 32 3 16 21 28 25 24 13 27 24 9 4 22 7 20 22 5 8 13 11 23 19 13 18 6 10 6 10 5 10 10 22 12 10 9 7 8 20 13 8 20 18 8 11 2 12 18 13 22 10 12 13 7 19 13 13 16 22 13 23 4 10 11 8 6 17 12 4 9 11 15 5 10 13
INF INF INF INF INF INF INF INF INF INF INF INF INF INF INF INF INF INF INF INF INF INF INF INF INF INF INF INF INF INF INF INF INF INF INF INF INF INF INF INF INF INF INF INF INF INF INF INF INF INF INF INF INF INF INF INF INF INF INF INF INF INF INF INF INF INF INF INF INF INF INF INF INF INF INF INF INF INF INF INF INF INF INF INF INF INF INF INF INF INF INF INF INF INF INF INF INF INF INF INF INF INF INF INF INF INF INF INF INF INF INF INF INF INF INF INF INF INF INF INF INF INF INF INF INF INF INF INF INF INF INF INF INF INF INF INF INF INF INF INF INF INF INF INF INF INF INF INF INF INF INF INF INF INF INF INF INF INF INF INF INF INF INF INF INF INF INF INF INF INF INF INF INF INF INF INF INF INF INF INF INF INF INF INF INF INF INF INF INF INF INF INF INF INF INF INF INF INF INF INF INF INF INF INF INF INF INF INF INF INF INF INF INF INF INF INF INF INF INF INF INF INF INF INF INF INF INF INF INF INF INF INF INF INF INF INF INF INF INF INF INF INF INF INF INF INF INF INF INF INF INF INF INF INF INF INF INF INF INF INF INF INF INF INF INF INF INF INF INF INF INF INF INF INF INF INF INF INF INF INF INF INF INF INF INF INF INF INF INF INF INF INF INF INF INF INF INF INF INF INF INF INF INF INF INF INF INF INF INF INF INF INF INF INF INF INF INF INF INF INF INF INF INF INF INF INF INF INF INF INF INF INF INF INF INF INF INF INF INF INF INF INF INF INF INF INF INF INF INF INF INF INF INF INF INF INF INF INF INF INF INF INF INF INF INF INF INF INF INF INF INF INF INF INF INF INF INF 0 13 23 23 31 28 53 66 81 16 17 33 43 26 25 24 44 36 35 36 50 6 29 45 34 57 11 28 40 42 25 13 14 20 33 41 37 30 33 27 26 31 31 18 38 33 20 32 25 38 3 16 32 25 30 21 12 24 21 6 23 28 7 17 24 30 9 17 8 20 16 25 15 17 21 6 17 21 23 21 23 25 10 9 17 5 17 22 18 20 25 8 11 18 18 15 13 22 20 12 13 11 20 16 14 17 25 10 20 9 15 16 13 16 22 17 8 13 17 21 14 13 16
INF INF INF INF INF INF INF INF INF INF INF INF INF INF INF INF INF INF INF INF INF INF INF INF INF INF INF INF INF INF INF INF INF INF INF INF INF INF INF INF INF INF INF INF INF INF INF INF INF INF INF INF INF INF INF INF INF INF INF INF INF INF INF INF INF INF INF INF INF INF INF INF INF INF INF INF INF INF INF INF INF INF INF INF INF INF INF INF INF INF INF INF INF INF INF INF INF INF INF INF INF INF INF INF INF INF INF INF INF INF INF INF INF INF INF INF INF INF INF INF INF INF INF INF INF INF INF INF INF INF INF INF INF INF INF INF INF INF INF INF INF INF INF INF INF INF INF INF INF INF INF INF INF INF INF INF INF INF INF INF INF INF INF INF INF INF INF INF INF INF INF INF INF INF INF INF INF INF INF INF INF INF INF INF INF INF INF INF INF INF INF INF INF INF INF INF INF INF INF INF INF INF INF INF INF INF INF INF INF INF INF INF INF INF INF INF INF INF INF INF INF INF INF INF INF INF INF INF INF INF INF INF INF INF INF INF INF INF INF INF INF INF INF INF INF INF INF INF INF INF INF INF INF INF INF INF INF INF INF INF INF INF INF INF INF INF INF INF INF INF INF INF INF INF INF INF INF INF INF INF INF INF INF INF INF INF INF INF INF INF INF INF INF INF INF INF INF INF INF INF INF INF INF INF INF INF INF INF INF INF INF INF INF INF INF INF INF INF INF INF INF INF INF INF INF INF INF INF INF INF INF INF INF INF INF INF INF INF INF INF INF INF INF INF INF INF INF INF INF INF INF INF INF INF INF INF INF INF INF INF INF INF INF INF INF INF INF INF INF INF INF INF INF INF INF INF INF INF 0 10 10 18 15 40 53 68 90 91 48 48 13 28 11 31 23 22 23 37 52 75 67 21 44 46 27 27 29 12 21 19 25 27 35 24 17 20 21 45 34 18 24 25 26 32 19 30 31 21 17 20 31 24 29 20 26 33 16 29 30 25 27 22 32 19 22 28 42 24 12 28 22 20 17 17 22 27 17 23 16 20 22 21 29 28 20 21 29 25 26 21 23 11 19 21 33 13 22 17 23 28 17 15 15 22 18 25 14 20 16 18 20 21 22 18 21 22 23 22 14 13
INF INF INF INF INF INF INF INF INF INF INF INF INF INF INF INF INF INF INF INF INF INF INF INF INF INF INF INF INF INF INF INF INF INF INF INF INF INF INF INF INF INF INF INF INF INF INF INF INF INF INF INF INF INF INF INF INF INF INF INF INF INF INF INF INF INF INF INF INF INF INF INF INF INF INF INF INF INF INF INF INF INF INF INF INF INF INF INF INF INF INF INF INF INF INF INF INF INF INF INF INF INF INF INF INF INF INF INF INF INF INF INF INF INF INF INF INF INF INF INF INF INF INF INF INF INF INF INF INF INF INF INF INF INF INF INF INF INF INF INF INF INF INF INF INF INF INF INF INF INF INF INF INF INF INF INF INF INF INF INF INF INF INF INF INF INF INF INF INF INF INF INF INF INF INF INF INF INF INF INF INF INF INF INF INF INF INF INF INF INF INF INF INF INF INF INF INF INF INF INF INF INF INF INF INF INF INF INF INF INF INF INF INF INF INF INF INF INF INF INF INF INF INF INF INF INF INF INF INF INF INF INF INF INF INF INF INF INF INF INF INF INF INF INF INF INF INF INF INF INF INF INF INF INF INF INF INF INF INF INF INF INF INF INF INF INF INF INF INF INF INF INF INF INF INF INF INF INF INF INF INF INF INF INF INF INF INF INF INF INF INF INF INF INF INF INF INF INF INF INF INF INF INF INF INF INF INF INF INF INF INF INF INF INF INF INF INF INF INF INF INF INF INF INF INF INF INF INF INF INF INF INF INF INF INF INF INF INF INF INF INF INF INF INF INF INF INF INF INF INF INF INF INF INF INF INF INF INF INF INF INF INF INF INF INF INF INF INF INF INF INF INF INF INF INF INF INF INF INF 0 20 28 5 30 43 58 80 81 38 38 3 18 42 21 28 12 13 27 42 65 57 11 34 36 47 17 19 23 18 9 15 28 36 14 7 10 11 35 24 8 14 31 16 22 9 20 21 11 7 23 21 14 26 11 25 23 15 27 24 15 18 12 22 14 12 23 32 18 38 30 12 16 14 16 21 22 7 13 6 19 17 19 19 21 10 11 19 16 16 12 21 21 18 22 27 22 15 16 13 20 7 14 16 27 11 21 4 10 6 8 16 17 12 17 11 12 16 12 20 17
INF INF INF INF INF INF INF INF INF INF INF INF INF INF INF INF INF INF INF INF INF INF INF INF INF INF INF INF INF INF INF INF INF INF INF INF INF INF INF INF INF INF INF INF INF INF INF INF INF INF INF INF INF INF INF INF INF INF INF INF INF INF INF INF INF INF INF INF INF INF INF INF INF INF INF INF INF INF INF INF INF INF INF INF INF INF INF INF INF INF INF INF INF INF INF INF INF INF INF INF INF INF INF INF INF INF INF INF INF INF INF INF INF INF INF INF INF INF INF INF INF INF INF INF INF INF INF INF INF INF INF INF INF INF INF INF INF INF INF INF INF INF INF INF INF INF INF INF INF INF INF INF INF INF INF INF INF INF INF INF INF INF INF INF INF INF INF INF INF INF INF INF INF INF INF INF INF INF INF INF INF INF INF INF INF INF INF INF INF INF INF INF INF INF INF INF INF INF INF INF INF INF INF INF INF INF INF INF INF INF INF INF INF INF INF INF INF INF INF INF INF INF INF INF INF INF INF INF INF INF INF INF INF INF INF INF INF INF INF INF INF INF INF INF INF INF INF INF INF INF INF INF INF INF INF INF INF INF INF INF INF INF INF INF INF INF INF INF INF INF INF INF INF INF INF INF INF INF INF INF INF INF INF INF INF INF INF INF INF INF INF INF INF INF INF INF INF INF INF INF INF INF INF INF INF INF INF INF INF INF INF INF INF INF INF INF INF INF INF INF INF INF INF INF INF INF INF INF INF INF INF INF INF INF INF INF INF INF INF INF INF INF INF INF INF INF INF INF INF INF INF INF INF INF INF INF INF INF INF INF INF INF INF INF INF INF INF INF INF INF INF INF INF INF INF INF INF INF INF INF 0 8 26 51 64 79 101 102 59 59 68 84 108 86 13 23 28 42 57 80 78 32 49 51 62 32 34 23 32 33 39 17 25 35 18 21 22 46 61 15 25 42 40 33 16 40 42 18 18 10 21 25 38 10 16 34 17 23 20 22 28 23 33 20 20 28 43 14 34 31 15 19 13 19 24 25 19 20 21 21 15 27 31 19 22 23 26 23 23 20 13 1 9 11 23 24 23 24 18 26 24 15 23 12 12 21 16 17 6 19 10 25 17 15 15 23 21 13 10 6
INF INF INF INF INF INF INF INF INF INF INF INF INF INF INF INF INF INF INF INF INF INF INF INF INF INF INF INF INF INF INF INF INF INF INF INF INF INF INF INF INF INF INF INF INF INF INF INF INF INF INF INF INF INF INF INF INF INF INF INF INF INF INF INF INF INF INF INF INF INF INF INF INF INF INF INF INF INF INF INF INF INF INF INF INF INF INF INF INF INF INF INF INF INF INF INF INF INF INF INF INF INF INF INF INF INF INF INF INF INF INF INF INF INF INF INF INF INF INF INF INF INF INF INF INF INF INF INF INF INF INF INF INF INF INF INF INF INF INF INF INF INF INF INF INF INF INF INF INF INF INF INF INF INF INF INF INF INF INF INF INF INF INF INF INF INF INF INF INF INF INF INF INF INF INF INF INF INF INF INF INF INF INF INF INF INF INF INF INF INF INF INF INF INF INF INF INF INF INF INF INF INF INF INF INF INF INF INF INF INF INF INF INF INF INF INF INF INF INF INF INF INF INF INF INF INF INF INF INF INF INF INF INF INF INF INF INF INF INF INF INF INF INF INF INF INF INF INF INF INF INF INF INF INF INF INF INF INF INF INF INF INF INF INF INF INF INF INF INF INF INF INF INF INF INF INF INF INF INF INF INF INF INF INF INF INF INF INF INF INF INF INF INF INF INF INF INF INF INF INF INF INF INF INF INF INF INF INF INF INF INF INF INF INF INF INF INF INF INF INF INF INF INF INF INF INF INF INF INF INF INF INF INF INF INF INF INF INF INF INF INF INF INF INF INF INF INF INF INF INF INF INF INF INF INF INF INF INF INF INF INF INF INF INF INF INF INF INF INF INF INF INF INF INF INF INF INF INF INF INF INF 0 18 43 56 71 93 94 51 51 60 76 100 78 41 51 56 70 85 80 70 24 48 53 61 60 62 15 24 25 31 44 52 27 40 43 43 67 59 43 47 56 62 55 24 36 34 24 37 2 13 25 32 2 16 35 9 23 16 15 20 32 42 12 12 21 36 29 27 27 7 11 26 11 16 21 11 26 13 13 15 19 23 19 14 15 23 19 16 12 5 17 25 3 15 16 15 16 10 22 16 7 19 20 16 17 15 14 16 11 7 22 14 7 12 15 18 10 13 6
INF INF INF INF INF INF INF INF INF INF INF INF INF INF INF INF INF INF INF INF INF INF INF INF INF INF INF INF INF INF INF INF INF INF INF INF INF INF INF INF INF INF INF INF INF INF INF INF INF INF INF INF INF INF INF INF INF INF INF INF INF INF INF INF INF INF INF INF INF INF INF INF INF INF INF INF INF INF INF INF INF INF INF INF INF INF INF INF INF INF INF INF INF INF INF INF INF INF INF INF INF INF INF INF INF INF INF INF INF INF INF INF INF INF INF INF INF INF INF INF INF INF INF INF INF INF INF INF INF INF INF INF INF INF INF INF INF INF INF INF INF INF INF INF INF INF INF INF INF INF INF INF INF INF INF INF INF INF INF INF INF INF INF INF INF INF INF INF INF INF INF INF INF INF INF INF INF INF INF INF INF INF INF INF INF INF INF INF INF INF INF INF INF INF INF INF INF INF INF INF INF INF INF INF INF INF INF INF INF INF INF INF INF INF INF INF INF INF INF INF INF INF INF INF INF INF INF INF INF INF INF INF INF INF INF INF INF INF INF INF INF INF INF INF INF INF INF INF INF INF INF INF INF INF INF INF INF INF INF INF INF INF INF INF INF INF INF INF INF INF INF INF INF INF INF INF INF INF INF INF INF INF INF INF INF INF INF INF INF INF INF INF INF INF INF INF INF INF INF INF INF INF INF INF INF INF INF INF INF INF INF INF INF INF INF INF INF INF INF INF INF INF INF INF INF INF INF INF INF INF INF INF INF INF INF INF INF INF INF INF INF INF INF INF INF INF INF INF INF INF INF INF INF INF INF INF INF INF INF INF INF INF INF INF INF INF INF INF INF INF INF INF INF INF INF INF INF INF INF INF INF INF 0 25 38 53 75 76 33 33 42 58 82 60 23 33 38 52 67 62 52 6 30 35 43 42 44 48 13 13 19 32 40 9 22 25 25 49 41 25 29 38 44 37 6 22 16 8 21 37 36 28 21 15 24 37 10 27 27 12 14 26 36 13 21 20 35 28 34 27 20 24 11 17 18 23 2 20 25 14 14 21 26 27 5 6 16 13 13 15 19 22 18 17 27 24 16 16 20 17 17 9 13 22 18 23 14 14 18 13 11 19 18 12 17 17 21 7 17 19
INF INF INF INF INF INF INF INF INF INF INF INF INF INF INF INF INF INF INF INF INF INF INF INF INF INF INF INF INF INF INF INF INF INF INF INF INF INF INF INF INF INF INF INF INF INF INF INF INF INF INF INF INF INF INF INF INF INF INF INF INF INF INF INF INF INF INF INF INF INF INF INF INF INF INF INF INF INF INF INF INF INF INF INF INF INF INF INF INF INF INF INF INF INF INF INF INF INF INF INF INF INF INF INF INF INF INF INF INF INF INF INF INF INF INF INF INF INF INF INF INF INF INF INF INF INF INF INF INF INF INF INF INF INF INF INF INF INF INF INF INF INF INF INF INF INF INF INF INF INF INF INF INF INF INF INF INF INF INF INF INF INF INF INF INF INF INF INF INF INF INF INF INF INF INF INF INF INF INF INF INF INF INF INF INF INF INF INF INF INF INF INF INF INF INF INF INF INF INF INF INF INF INF INF INF INF INF INF INF INF INF INF INF INF INF INF INF INF INF INF INF INF INF INF INF INF INF INF INF INF INF INF INF INF INF INF INF INF INF INF INF INF INF INF INF INF INF INF INF INF INF INF INF INF INF INF INF INF INF INF INF INF INF INF INF INF INF INF INF INF INF INF INF INF INF INF INF INF INF INF INF INF INF INF INF INF INF INF INF INF INF INF INF INF INF INF INF INF INF INF INF INF INF INF INF INF INF INF INF INF INF INF INF INF INF INF INF INF INF INF INF INF INF INF INF INF INF INF INF INF INF INF INF INF INF INF INF INF INF INF INF INF INF INF INF INF INF INF INF INF INF INF INF INF INF INF INF INF INF INF INF INF INF INF INF INF INF INF INF INF INF INF INF INF INF INF INF INF INF INF INF INF INF 0 13 28 50 51 8 8 17 33 57 35 38 48 27 41 56 37 27 33 48 50 61 31 33 37 20 21 27 40 48 36 21 24 8 32 16 26 14 13 29 22 27 32 4 28 21 32 21 11 24 19 27 20 23 17 2 9 22 26 28 11 19 18 33 26 42 11 14 15 29 18 20 7 18 19 9 22 11 5 20 25 19 6 18 24 10 14 8 23 18 25 16 8 19 9 10 13 12 12 19 17 12 3 14 6 1 16 14 4 4 10 5 5 9 7 11 11
INF INF INF INF INF INF INF INF INF INF INF INF INF INF INF INF INF INF INF INF INF INF INF INF INF INF INF INF INF INF INF INF INF INF INF INF INF INF INF INF INF INF INF INF INF INF INF INF INF INF INF INF INF INF INF INF INF INF INF INF INF INF INF INF INF INF INF INF INF INF INF INF INF INF INF INF INF INF INF INF INF INF INF INF INF INF INF INF INF INF INF INF INF INF INF INF INF INF INF INF INF INF INF INF INF INF INF INF INF INF INF INF INF INF INF INF INF INF INF INF INF INF INF INF INF INF INF INF INF INF INF INF INF INF INF INF INF INF INF INF INF INF INF INF INF INF INF INF INF INF INF INF INF INF INF INF INF INF INF INF INF INF INF INF INF INF INF INF INF INF INF INF INF INF INF INF INF INF INF INF INF INF INF INF INF INF INF INF INF INF INF INF INF INF INF INF INF INF INF INF INF INF INF INF INF INF INF INF INF INF INF INF INF INF INF INF INF INF INF INF INF INF INF INF INF INF INF INF INF INF INF INF INF INF INF INF INF INF INF INF INF INF INF INF INF INF INF INF INF INF INF INF INF INF INF INF INF INF INF INF INF INF INF INF INF INF INF INF INF INF INF INF INF INF INF INF INF INF INF INF INF INF INF INF INF INF INF INF INF INF INF INF INF INF INF INF INF INF INF INF INF INF INF INF INF INF INF INF INF INF INF INF INF INF INF INF INF INF INF INF INF INF INF INF INF INF INF INF INF INF INF INF INF INF INF INF INF INF INF INF INF INF INF INF INF INF INF INF INF INF INF INF INF INF INF INF INF INF INF INF INF INF INF INF INF INF INF INF INF INF INF INF INF INF INF INF INF INF INF INF INF INF INF INF 0 15 37 38 54 64 73 46 70 91 25 35 40 54 69 24 40 36 60 63 73 44 46 50 59 43 49 62 70 36 11 14 15 39 52 27 18 27 33 26 27 51 43 29 30 46 25 18 31 33 27 27 30 8 26 12 27 16 26 18 17 27 39 35 51 34 10 14 25 14 19 24 14 6 17 18 14 24 26 25 17 18 5 11 13 15 8 23 19 19 27 27 20 14 13 6 17 17 17 4 19 14 17 20 17 17 7 15 14 6 11 12 16 8 16 8
INF INF INF INF INF INF INF INF INF INF INF INF INF INF INF INF INF INF INF INF INF INF INF INF INF INF INF INF INF INF INF INF INF INF INF INF INF INF INF INF INF INF INF INF INF INF INF INF INF INF INF INF INF INF INF INF INF INF INF INF INF INF INF INF INF INF INF INF INF INF INF INF INF INF INF INF INF INF INF INF INF INF INF INF INF INF INF INF INF INF INF INF INF INF INF INF INF INF INF INF INF INF INF INF INF INF INF INF INF INF INF INF INF INF INF INF INF INF INF INF INF INF INF INF INF INF INF INF INF INF INF INF INF INF INF INF INF INF INF INF INF INF INF INF INF INF INF INF INF INF INF INF INF INF INF INF INF INF INF INF INF INF INF INF INF INF INF INF INF INF INF INF INF INF INF INF INF INF INF INF INF INF INF INF INF INF INF INF INF INF INF INF INF INF INF INF INF INF INF INF INF INF INF INF INF INF INF INF INF INF INF INF INF INF INF INF INF INF INF INF INF INF INF INF INF INF INF INF INF INF INF INF INF INF INF INF INF INF INF INF INF INF INF INF INF INF INF INF INF INF INF INF INF INF INF INF INF INF INF INF INF INF INF INF INF INF INF INF INF INF INF INF INF INF INF INF INF INF INF INF INF INF INF INF INF INF INF INF INF INF INF INF INF INF INF INF INF INF INF INF INF INF INF INF INF INF INF INF INF INF INF INF INF INF INF INF INF INF INF INF INF INF INF INF INF INF INF INF INF INF INF INF INF INF INF INF INF INF INF INF INF INF INF INF INF INF INF INF INF INF INF INF INF INF INF INF INF INF INF INF INF INF INF INF INF INF INF INF INF INF INF INF INF INF INF INF INF INF INF INF INF INF INF INF INF 0 22 23 39 49 58 31 55 76 10 20 25 39 54 9 25 21 45 48 58 29 31 35 44 28 34 47 55 21 10 13 14 32 37 12 17 12 32 25 13 37 28 15 15 31 24 17 30 18 12 26 29 16 16 19 23 15 25 17 20 26 26 34 43 27 15 19 18 19 18 18 19 17 18 19 14 27 26 15 20 21 23 20 20 20 24 16 24 5 17 14 18 14 16 24 17 9 20 22 15 17 18 19 2 10 9 6 16 13 11 14 11 10 13 8
INF INF INF INF INF INF INF INF INF INF INF INF INF INF INF INF INF INF INF INF INF INF INF INF INF INF INF INF INF INF INF INF INF INF INF INF INF INF INF INF INF INF INF INF INF INF INF INF INF INF INF INF INF INF INF INF INF INF INF INF INF INF INF INF INF INF INF INF INF INF INF INF INF INF INF INF INF INF INF INF INF INF INF INF INF INF INF INF INF INF INF INF INF INF INF INF INF INF INF INF INF INF INF INF INF INF INF INF INF INF INF INF INF INF INF INF INF INF INF INF INF INF INF INF INF INF INF INF INF INF INF INF INF INF INF INF INF INF INF INF INF INF INF INF INF INF INF INF INF INF INF INF INF INF INF INF INF INF INF INF INF INF INF INF INF INF INF INF INF INF INF INF INF INF INF INF INF INF INF INF INF INF INF INF INF INF INF INF INF INF INF INF INF INF INF INF INF INF INF INF INF INF INF INF INF INF INF INF INF INF INF INF INF INF INF INF INF INF INF INF INF INF INF INF INF INF INF INF INF INF INF INF INF INF INF INF INF INF INF INF INF INF INF INF INF INF INF INF INF INF INF INF INF INF INF INF INF INF INF INF INF INF INF INF INF INF INF INF INF INF INF INF INF INF INF INF INF INF INF INF INF INF INF INF INF INF INF INF INF INF INF INF INF INF INF INF INF INF INF INF INF INF INF INF INF INF INF INF INF INF INF INF INF INF INF INF INF INF INF INF INF INF INF INF INF INF INF INF INF INF INF INF INF INF INF INF INF INF INF INF INF INF INF INF INF INF INF INF INF INF INF INF INF INF INF INF INF INF INF INF INF INF INF INF INF INF INF INF INF INF INF INF INF INF INF INF INF INF INF INF INF INF INF INF INF INF 0 1 17 27 36 9 33 54 71 81 46 60 75 98 36 42 59 64 49 50 52 56 39 40 46 59 67 45 40 43 11 10 15 25 17 32 32 23 25 49 49 27 6 22 24 14 27 38 30 5 8 25 27 16 1 13 14 11 12 20 4 24 21 16 27 18 26 19 5 10 9 25 11 10 14 16 13 25 12 13 11 17 17 13 11 26 25 13 25 19 10 11 13 12 14 14 23 27 14 21 13 13 20 14 13 21 14 9 7 18 17 14 15 12
INF INF INF INF INF INF INF INF INF INF INF INF INF INF INF INF INF INF INF INF INF INF INF INF INF INF INF INF INF INF INF INF INF INF INF INF INF INF INF INF INF INF INF INF INF INF INF INF INF INF INF INF INF INF INF INF INF INF INF INF INF INF INF INF INF INF INF INF INF INF INF INF INF INF INF INF INF INF INF INF INF INF INF INF INF INF INF INF INF INF INF INF INF INF INF INF INF INF INF INF INF INF INF INF INF INF INF INF INF INF INF INF INF INF INF INF INF INF INF INF INF INF INF INF INF INF INF INF INF INF INF INF INF INF INF INF INF INF INF INF INF INF INF INF INF INF INF INF INF INF INF INF INF INF INF INF INF INF INF INF INF INF INF INF INF INF INF INF INF INF INF INF INF INF INF INF INF INF INF INF INF INF INF INF INF INF INF INF INF INF INF INF INF INF INF INF INF INF INF INF INF INF INF INF INF INF INF INF INF INF INF INF INF INF INF INF INF INF INF INF INF INF INF INF INF INF INF INF INF INF INF INF INF INF INF INF INF INF INF INF INF INF INF INF INF INF INF INF INF INF INF INF INF INF INF INF INF INF INF INF INF INF INF INF INF INF INF INF INF INF INF INF INF INF INF INF INF INF INF INF INF INF INF INF INF INF INF INF INF INF INF INF INF INF INF INF INF INF INF INF INF INF INF INF INF INF INF INF INF INF INF INF INF INF INF INF INF INF INF INF INF INF INF INF INF INF INF INF INF INF INF INF INF INF INF INF INF INF INF INF INF INF INF INF INF INF INF INF INF INF INF INF INF INF INF INF INF INF INF INF INF INF INF INF INF INF INF INF INF INF INF INF INF INF INF INF INF INF INF INF INF INF INF INF INF INF INF 0 16 26 35 51 75 53 70 80 45 59 74 97 35 41 58 63 71 49 51 55 38 39 45 58 66 44 39 42 10 34 34 44 16 31 31 24 45 50 48 47 39 40 23 13 26 37 29 4 7 24 26 15 18 28 30 10 11 19 34 27 20 25 26 30 25 18 22 21 26 24 23 11 13 17 22 25 21 18 21 26 16 12 20 26 26 14 26 20 13 14 22 21 14 15 23 26 15 25 15 18 20 19 18 28 23 8 6 22 23 21 14 17
INF INF INF INF INF INF INF INF INF INF INF INF INF INF INF INF INF INF INF INF INF INF INF INF INF INF INF INF INF INF INF INF INF INF INF INF INF INF INF INF INF INF INF INF INF INF INF INF INF INF INF INF INF INF INF INF INF INF INF INF INF INF INF INF INF INF INF INF INF INF INF INF INF INF INF INF INF INF INF INF INF INF INF INF INF INF INF INF INF INF INF INF INF INF INF INF INF INF INF INF INF INF INF INF INF INF INF INF INF INF INF INF INF INF INF INF INF INF INF INF INF INF INF INF INF INF INF INF INF INF INF INF INF INF INF INF INF INF INF INF INF INF INF INF INF INF INF INF INF INF INF INF INF INF INF INF INF INF INF INF INF INF INF INF INF INF INF INF INF INF INF INF INF INF INF INF INF INF INF INF INF INF INF INF INF INF INF INF INF INF INF INF INF INF INF INF INF INF INF INF INF INF INF INF INF INF INF INF INF INF INF INF INF INF INF INF INF INF INF INF INF INF INF INF INF INF INF INF INF INF INF INF INF INF INF INF INF INF INF INF INF INF INF INF INF INF INF INF INF INF INF INF INF INF INF INF INF INF INF INF INF INF INF INF INF INF INF INF INF INF INF INF INF INF INF INF INF INF INF INF INF INF INF INF INF INF INF INF INF INF INF INF INF INF INF INF INF INF INF INF INF INF INF INF INF INF INF INF INF INF INF INF INF INF INF INF INF INF INF INF INF INF INF INF INF INF INF INF INF INF INF INF INF INF INF INF INF INF INF INF INF INF INF INF INF INF INF INF INF INF INF INF INF INF INF INF INF INF INF INF INF INF INF INF INF INF INF INF INF INF INF INF INF INF INF INF INF INF INF INF INF INF INF INF INF INF INF INF 0 10 19 35 59 37 54 64 29 43 58 81 19 25 42 47 55 33 35 39 22 23 29 42 50 28 23 26 5 29 18 28 11 15 26 19 29 34 32 31 23 24 18 8 21 21 24 17 20 19 21 20 24 23 25 8 16 10 25 18 34 17 21 17 26 20 17 16 25 22 18 22 11 23 17 27 16 17 16 22 14 18 13 26 17 25 28 26 24 1 13 17 4 4 18 17 20 18 20 8 12 8 18 24 10 13 7 12 16 14 19 18
INF INF INF INF INF INF INF INF INF INF INF INF INF INF INF INF INF INF INF INF INF INF INF INF INF INF INF INF INF INF INF INF INF INF INF INF INF INF INF INF INF INF INF INF INF INF INF INF INF INF INF INF INF INF INF INF INF INF INF INF INF INF INF INF INF INF INF INF INF INF INF INF INF INF INF INF INF INF INF INF INF INF INF INF INF INF INF INF INF INF INF INF INF INF INF INF INF INF INF INF INF INF INF INF INF INF INF INF INF INF INF INF INF INF INF INF INF INF INF INF INF INF INF INF INF INF INF INF INF INF INF INF INF INF INF INF INF INF INF INF INF INF INF INF INF INF INF INF INF INF INF INF INF INF INF INF INF INF INF INF INF INF INF INF INF INF INF INF INF INF INF INF INF INF INF INF INF INF INF INF INF INF INF INF INF INF INF INF INF INF INF INF INF INF INF INF INF INF INF INF INF INF INF INF INF INF INF INF INF INF INF INF INF INF INF INF INF INF INF INF INF INF INF INF INF INF INF INF INF INF INF INF INF INF INF INF INF INF INF INF INF INF INF INF INF INF INF INF INF INF INF INF INF INF INF INF INF INF INF INF INF INF INF INF INF INF INF INF INF INF INF INF INF INF INF INF INF INF INF INF INF INF INF INF INF INF INF INF INF INF INF INF INF INF INF INF INF INF INF INF INF INF INF INF INF INF INF INF INF INF INF INF INF INF INF INF INF INF INF INF INF INF INF INF INF INF INF INF INF INF INF INF INF INF INF INF INF INF INF INF INF INF INF INF INF INF INF INF INF INF INF INF INF INF INF INF INF INF INF INF INF INF INF INF INF INF INF INF INF INF INF INF INF INF INF INF INF INF INF INF INF INF INF INF INF INF INF INF INF 0 9 25 49 27 44 54 19 33 48 71 87 83 40 42 53 23 25 29 12 13 19 32 40 37 13 16 17 41 8 18 20 5 27 28 19 24 22 21 13 29 27 20 20 11 23 29 32 9 27 13 14 18 28 20 18 29 38 24 44 36 11 7 22 15 18 23 15 23 12 19 15 19 26 26 18 12 27 17 14 16 26 21 24 22 24 22 21 12 19 26 13 15 23 26 20 27 17 14 18 18 21 23 21 26 19 21 25 10 22 12
INF INF INF INF INF INF INF INF INF INF INF INF INF INF INF INF INF INF INF INF INF INF INF INF INF INF INF INF INF INF INF INF INF INF INF INF INF INF INF INF INF INF INF INF INF INF INF INF INF INF INF INF INF INF INF INF INF INF INF INF INF INF INF INF INF INF INF INF INF INF INF INF INF INF INF INF INF INF INF INF INF INF INF INF INF INF INF INF INF INF INF INF INF INF INF INF INF INF INF INF INF INF INF INF INF INF INF INF INF INF INF INF INF INF INF INF INF INF INF INF INF INF INF INF INF INF INF INF INF INF INF INF INF INF INF INF INF INF INF INF INF INF INF INF INF INF INF INF INF INF INF INF INF INF INF INF INF INF INF INF INF INF INF INF INF INF INF INF INF INF INF INF INF INF INF INF INF INF INF INF INF INF INF INF INF INF INF INF INF INF INF INF INF INF INF INF INF INF INF INF INF INF INF INF INF INF INF INF INF INF INF INF INF INF INF INF INF INF INF INF INF INF INF INF INF INF INF INF INF INF INF INF INF INF INF INF INF INF INF INF INF INF INF INF INF INF INF INF INF INF INF INF INF INF INF INF INF INF INF INF INF INF INF INF INF INF INF INF INF INF INF INF INF INF INF INF INF INF INF INF INF INF INF INF INF INF INF INF INF INF INF INF INF INF INF INF INF INF INF INF INF INF INF INF INF INF INF INF INF INF INF INF INF INF INF INF INF INF INF INF INF INF INF INF INF INF INF INF INF INF INF INF INF INF INF INF INF INF INF INF INF INF INF INF INF INF INF INF INF INF INF INF INF INF INF INF INF INF INF INF INF INF INF INF INF INF INF INF INF INF INF INF INF INF INF INF INF INF INF INF INF INF INF INF INF INF INF INF INF INF 0 16 40 18 35 45 10 24 39 62 78 74 31 33 44 14 16 20 29 13 19 32 40 28 4 7 8 32 22 32 11 28 26 19 20 24 35 21 4 20 18 11 24 15 27 20 23 24 21 16 22 9 19 11 14 20 29 15 35 27 9 13 22 13 18 19 13 25 13 17 14 21 20 18 16 17 18 18 17 14 18 19 27 20 29 21 12 13 10 19 4 15 22 24 18 22 17 8 18 9 20 28 22 19 10 12 16 11 19 18
INF INF INF INF INF INF INF INF INF INF INF INF INF INF INF INF INF INF INF INF INF INF INF INF INF INF INF INF INF INF INF INF INF INF INF INF INF INF INF INF INF INF INF INF INF INF INF INF INF INF INF INF INF INF INF INF INF INF INF INF INF INF INF INF INF INF INF INF INF INF INF INF INF INF INF INF INF INF INF INF INF INF INF INF INF INF INF INF INF INF INF INF INF INF INF INF INF INF INF INF INF INF INF INF INF INF INF INF INF INF INF INF INF INF INF INF INF INF INF INF INF INF INF INF INF INF INF INF INF INF INF INF INF INF INF INF INF INF INF INF INF INF INF INF INF INF INF INF INF INF INF INF INF INF INF INF INF INF INF INF INF INF INF INF INF INF INF INF INF INF INF INF INF INF INF INF INF INF INF INF INF INF INF INF INF INF INF INF INF INF INF INF INF INF INF INF INF INF INF INF INF INF INF INF INF INF INF INF INF INF INF INF INF INF INF INF INF INF INF INF INF INF INF INF INF INF INF INF INF INF INF INF INF INF INF INF INF INF INF INF INF INF INF INF INF INF INF INF INF INF INF INF INF INF INF INF INF INF INF INF INF INF INF INF INF INF INF INF INF INF INF INF INF INF INF INF INF INF INF INF INF INF INF INF INF INF INF INF INF INF INF INF INF INF INF INF INF INF INF INF INF INF INF INF INF INF INF INF INF INF INF INF INF INF INF INF INF INF INF INF INF INF INF INF INF INF INF INF INF INF INF INF INF INF INF INF INF INF INF INF INF INF INF INF INF INF INF INF INF INF INF INF INF INF INF INF INF INF INF INF INF INF INF INF INF INF INF INF INF INF INF INF INF INF INF INF INF INF INF INF INF INF INF INF INF INF INF INF INF INF INF 0 24 49 66 76 56 70 85 108 124 120 77 79 40 55 57 62 71 71 72 85 93 54 67 64 65 89 6 16 22 38 37 14 17 41 54 19 4 20 29 41 54 44 44 63 27 42 32 16 12 17 24 27 22 31 43 39 25 35 27 19 22 28 16 17 13 21 2 17 18 27 23 35 16 10 2 8 17 8 5 20 16 5 17 18 12 11 10 3 14 9 14 22 12 12 7 13 14 11 4 12 11 3 8 9 13 5 13 3
INF INF INF INF INF INF INF INF INF INF INF INF INF INF INF INF INF INF INF INF INF INF INF INF INF INF INF INF INF INF INF INF INF INF INF INF INF INF INF INF INF INF INF INF INF INF INF INF INF INF INF INF INF INF INF INF INF INF INF INF INF INF INF INF INF INF INF INF INF INF INF INF INF INF INF INF INF INF INF INF INF INF INF INF INF INF INF INF INF INF INF INF INF INF INF INF INF INF INF INF INF INF INF INF INF INF INF INF INF INF INF INF INF INF INF INF INF INF INF INF INF INF INF INF INF INF INF INF INF INF INF INF INF INF INF INF INF INF INF INF INF INF INF INF INF INF INF INF INF INF INF INF INF INF INF INF INF INF INF INF INF INF INF INF INF INF INF INF INF INF INF INF INF INF INF INF INF INF INF INF INF INF INF INF INF INF INF INF INF INF INF INF INF INF INF INF INF INF INF INF INF INF INF INF INF INF INF INF INF INF INF INF INF INF INF INF INF INF INF INF INF INF INF INF INF INF INF INF INF INF INF INF INF INF INF INF INF INF INF INF INF INF INF INF INF INF INF INF INF INF INF INF INF INF INF INF INF INF INF INF INF INF INF INF INF INF INF INF INF INF INF INF INF INF INF INF INF INF INF INF INF INF INF INF INF INF INF INF INF INF INF INF INF INF INF INF INF INF INF INF INF INF INF INF INF INF INF INF INF INF INF INF INF INF INF INF INF INF INF INF INF INF INF INF INF INF INF INF INF INF INF INF INF INF INF INF INF INF INF INF INF INF INF INF INF INF INF INF INF INF INF INF INF INF INF INF INF INF INF INF INF INF INF INF INF INF INF INF INF INF INF INF INF INF INF INF INF INF INF INF INF INF INF INF INF INF INF INF INF INF INF INF 0 25 42 52 32 46 61 84 100 96 53 55 16 31 33 38 47 47 48 61 69 30 43 40 41 65 80 44 47 14 36 37 31 53 37 33 46 62 37 44 55 20 34 53 42 18 36 22 37 41 47 35 27 44 46 52 1 17 20 9 6 19 24 26 24 21 21 28 24 10 22 17 20 11 18 19 19 21 18 18 23 31 31 13 28 14 23 19 17 4 4 17 7 14 9 12 16 8 11 10 15 17 16 12 12 14 3 2
INF INF INF INF INF INF INF INF INF INF INF INF INF INF INF INF INF INF INF INF INF INF INF INF INF INF INF INF INF INF INF INF INF INF INF INF INF INF INF INF INF INF INF INF INF INF INF INF INF INF INF INF INF INF INF INF INF INF INF INF INF INF INF INF INF INF INF INF INF INF INF INF INF INF INF INF INF INF INF INF INF INF INF INF INF INF INF INF INF INF INF INF INF INF INF INF INF INF INF INF INF INF INF INF INF INF INF INF INF INF INF INF INF INF INF INF INF INF INF INF INF INF INF INF INF INF INF INF INF INF INF INF INF INF INF INF INF INF INF INF INF INF INF INF INF INF INF INF INF INF INF INF INF INF INF INF INF INF INF INF INF INF INF INF INF INF INF INF INF INF INF INF INF INF INF INF INF INF INF INF INF INF INF INF INF INF INF INF INF INF INF INF INF INF INF INF INF INF INF INF INF INF INF INF INF INF INF INF INF INF INF INF INF INF INF INF INF INF INF INF INF INF INF INF INF INF INF INF INF INF INF INF INF INF INF INF INF INF INF INF INF INF INF INF INF INF INF INF INF INF INF INF INF INF INF INF INF INF INF INF INF INF INF INF INF INF INF INF INF INF INF INF INF INF INF INF INF INF INF INF INF INF INF INF INF INF INF INF INF INF INF INF INF INF INF INF INF INF INF INF INF INF INF INF INF INF INF INF INF INF INF INF INF INF INF INF INF INF INF INF INF INF INF INF INF INF INF INF INF INF INF INF INF INF INF INF INF INF INF INF INF INF INF INF INF INF INF INF INF INF INF INF INF INF INF INF INF INF INF INF INF INF INF INF INF INF INF INF INF INF INF INF INF INF INF INF INF INF INF INF INF INF INF INF INF INF INF INF INF INF INF INF INF 0 17 27 7 21 36 59 75 71 28 30 41 11 13 17 26 27 23 36 44 25 22 15 16 40 55 19 22 10 32 17 20 28 32 22 22 38 12 19 32 16 20 28 21 14 15 13 28 21 27 19 23 28 26 36 32 35 13 17 19 17 22 20 17 24 17 17 15 10 28 18 20 11 27 25 14 4 15 19 23 20 28 13 19 17 20 26 20 19 23 30 8 16 7 13 14 11 14 20 15 17 18 9 13 11 20 16
INF INF INF INF INF INF INF INF INF INF INF INF INF INF INF INF INF INF INF INF INF INF INF INF INF INF INF INF INF INF INF INF INF INF INF INF INF INF INF INF INF INF INF INF INF INF INF INF INF INF INF INF INF INF INF INF INF INF INF INF INF INF INF INF INF INF INF INF INF INF INF INF INF INF INF INF INF INF INF INF INF INF INF INF INF INF INF INF INF INF INF INF INF INF INF INF INF INF INF INF INF INF INF INF INF INF INF INF INF INF INF INF INF INF INF INF INF INF INF INF INF INF INF INF INF INF INF INF INF INF INF INF INF INF INF INF INF INF INF INF INF INF INF INF INF INF INF INF INF INF INF INF INF INF INF INF INF INF INF INF INF INF INF INF INF INF INF INF INF INF INF INF INF INF INF INF INF INF INF INF INF INF INF INF INF INF INF INF INF INF INF INF INF INF INF INF INF INF INF INF INF INF INF INF INF INF INF INF INF INF INF INF INF INF INF INF INF INF INF INF INF INF INF INF INF INF INF INF INF INF INF INF INF INF INF INF INF INF INF INF INF INF INF INF INF INF INF INF INF INF INF INF INF INF INF INF INF INF INF INF INF INF INF INF INF INF INF INF INF INF INF INF INF INF INF INF INF INF INF INF INF INF INF INF INF INF INF INF INF INF INF INF INF INF INF INF INF INF INF INF INF INF INF INF INF INF INF INF INF INF INF INF INF INF INF INF INF INF INF INF INF INF INF INF INF INF INF INF INF INF INF INF INF INF INF INF INF INF INF INF INF INF INF INF INF INF INF INF INF INF INF INF INF INF INF INF INF INF INF INF INF INF INF INF INF INF INF INF INF INF INF INF INF INF INF INF INF INF INF INF INF INF INF INF INF INF INF INF INF INF INF INF INF INF 0 10 15 29 44 67 83 79 36 38 49 19 21 25 34 35 41 54 62 33 5 8 9 33 48 2 12 29 27 20 3 27 32 5 5 21 19 12 25 24 3 21 24 10 7 9 24 10 20 12 15 17 32 25 40 18 10 14 8 14 19 12 14 7 9 9 5 22 21 6 11 12 13 10 10 14 16 7 15 12 14 15 11 12 11 14 15 15 10 18 5 8 8 10 10 12 10 15 9 11 5 10 14 10 16 11
INF INF INF INF INF INF INF INF INF INF INF INF INF INF INF INF INF INF INF INF INF INF INF INF INF INF INF INF INF INF INF INF INF INF INF INF INF INF INF INF INF INF INF INF INF INF INF INF INF INF INF INF INF INF INF INF INF INF INF INF INF INF INF INF INF INF INF INF INF INF INF INF INF INF INF INF INF INF INF INF INF INF INF INF INF INF INF INF INF INF INF INF INF INF INF INF INF INF INF INF INF INF INF INF INF INF INF INF INF INF INF INF INF INF INF INF INF INF INF INF INF INF INF INF INF INF INF INF INF INF INF INF INF INF INF INF INF INF INF INF INF INF INF INF INF INF INF INF INF INF INF INF INF INF INF INF INF INF INF INF INF INF INF INF INF INF INF INF INF INF INF INF INF INF INF INF INF INF INF INF INF INF INF INF INF INF INF INF INF INF INF INF INF INF INF INF INF INF INF INF INF INF INF INF INF INF INF INF INF INF INF INF INF INF INF INF INF INF INF INF INF INF INF INF INF INF INF INF INF INF INF INF INF INF INF INF INF INF INF INF INF INF INF INF INF INF INF INF INF INF INF INF INF INF INF INF INF INF INF INF INF INF INF INF INF INF INF INF INF INF INF INF INF INF INF INF INF INF INF INF INF INF INF INF INF INF INF INF INF INF INF INF INF INF INF INF INF INF INF INF INF INF INF INF INF INF INF INF INF INF INF INF INF INF INF INF INF INF INF INF INF INF INF INF INF INF INF INF INF INF INF INF INF INF INF INF INF INF INF INF INF INF INF INF INF INF INF INF INF INF INF INF INF INF INF INF INF INF INF INF INF INF INF INF INF INF INF INF INF INF INF INF INF INF INF INF INF INF INF INF INF INF INF INF INF INF INF INF INF INF INF INF INF INF INF 0 5 19 34 57 73 69 26 28 39 9 11 15 24 25 31 44 52 23 29 32 33 51 66 76 35 19 41 15 36 36 22 24 37 53 36 36 32 14 28 45 19 23 32 3 18 19 25 12 20 21 24 29 30 28 11 15 17 15 20 18 15 10 20 15 5 22 18 16 18 19 20 23 4 8 19 17 6 18 18 16 17 18 20 21 13 14 13 24 9 18 11 14 12 15 12 19 19 14 11 7 11 9 18 7
INF INF INF INF INF INF INF INF INF INF INF INF INF INF INF INF INF INF INF INF INF INF INF INF INF INF INF INF INF INF INF INF INF INF INF INF INF INF INF INF INF INF INF INF INF INF INF INF INF INF INF INF INF INF INF INF INF INF INF INF INF INF INF INF INF INF INF INF INF INF INF INF INF INF INF INF INF INF INF INF INF INF INF INF INF INF INF INF INF INF INF INF INF INF INF INF INF INF INF INF INF INF INF INF INF INF INF INF INF INF INF INF INF INF INF INF INF INF INF INF INF INF INF INF INF INF INF INF INF INF INF INF INF INF INF INF INF INF INF INF INF INF INF INF INF INF INF INF INF INF INF INF INF INF INF INF INF INF INF INF INF INF INF INF INF INF INF INF INF INF INF INF INF INF INF INF INF INF INF INF INF INF INF INF INF INF INF INF INF INF INF INF INF INF INF INF INF INF INF INF INF INF INF INF INF INF INF INF INF INF INF INF INF INF INF INF INF INF INF INF INF INF INF INF INF INF INF INF INF INF INF INF INF INF INF INF INF INF INF INF INF INF INF INF INF INF INF INF INF INF INF INF INF INF INF INF INF INF INF INF INF INF INF INF INF INF INF INF INF INF INF INF INF INF INF INF INF INF INF INF INF INF INF INF INF INF INF INF INF INF INF INF INF INF INF INF INF INF INF INF INF INF INF INF INF INF INF INF INF INF INF INF INF INF INF INF INF INF INF INF INF INF INF INF INF INF INF INF INF INF INF INF INF INF INF INF INF INF INF INF INF INF INF INF INF INF INF INF INF INF INF INF INF INF INF INF INF INF INF INF INF INF INF INF INF INF INF INF INF INF INF INF INF INF INF INF INF INF INF INF INF INF INF INF INF INF INF INF INF INF INF INF INF INF INF INF 0 14 29 52 68 64 21 23 34 4 6 10 19 20 26 39 47 18 24 27 28 46 61 71 30 18 40 10 35 31 25 19 32 48 31 31 27 9 23 40 14 22 27 6 21 14 20 17 19 26 19 34 25 31 6 10 12 10 15 13 10 21 15 10 8 22 22 11 13 14 20 18 7 11 22 12 20 13 21 11 12 13 15 21 16 16 16 23 14 24 14 14 15 18 15 19 17 16 14 2 6 4 13 14
INF INF INF INF INF INF INF INF INF INF INF INF INF INF INF INF INF INF INF INF INF INF INF INF INF INF INF INF INF INF INF INF INF INF INF INF INF INF INF INF INF INF INF INF INF INF INF INF INF INF INF INF INF INF INF INF INF INF INF INF INF INF INF INF INF INF INF INF INF INF INF INF INF INF INF INF INF INF INF INF INF INF INF INF INF INF INF INF INF INF INF INF INF INF INF INF INF INF INF INF INF INF INF INF INF INF INF INF INF INF INF INF INF INF INF INF INF INF INF INF INF INF INF INF INF INF INF INF INF INF INF INF INF INF INF INF INF INF INF INF INF INF INF INF INF INF INF INF INF INF INF INF INF INF INF INF INF INF INF INF INF INF INF INF INF INF INF INF INF INF INF INF INF INF INF INF INF INF INF INF INF INF INF INF INF INF INF INF INF INF INF INF INF INF INF INF INF INF INF INF INF INF INF INF INF INF INF INF INF INF INF INF INF INF INF INF INF INF INF INF INF INF INF INF INF INF INF INF INF INF INF INF INF INF INF INF INF INF INF INF INF INF INF INF INF INF INF INF INF INF INF INF INF INF INF INF INF INF INF INF INF INF INF INF INF INF INF INF INF INF INF INF INF INF INF INF INF INF INF INF INF INF INF INF INF INF INF INF INF INF INF INF INF INF INF INF INF INF INF INF INF INF INF INF INF INF INF INF INF INF INF INF INF INF INF INF INF INF INF INF INF INF INF INF INF INF INF INF INF INF INF INF INF INF INF INF INF INF INF INF INF INF INF INF INF INF INF INF INF INF INF INF INF INF INF INF INF INF INF INF INF INF INF INF INF INF INF INF INF INF INF INF INF INF INF INF INF INF INF INF INF INF INF INF INF INF INF INF INF INF INF INF INF INF INF INF INF 0 15 38 54 50 74 9 26 41 43 48 11 12 18 31 39 4 10 13 14 38 53 63 16 4 26 24 21 23 11 20 33 41 23 17 19 10 22 26 23 8 26 12 21 15 25 17 17 26 20 34 50 27 10 11 17 14 19 24 14 31 11 6 14 23 26 24 14 15 16 21 13 15 15 20 27 9 17 18 8 9 16 17 12 12 21 23 10 20 11 13 12 15 13 24 18 17 16 17 21 9 21 11
INF INF INF INF INF INF INF INF INF INF INF INF INF INF INF INF INF INF INF INF INF INF INF INF INF INF INF INF INF INF INF INF INF INF INF INF INF INF INF INF INF INF INF INF INF INF INF INF INF INF INF INF INF INF INF INF INF INF INF INF INF INF INF INF INF INF INF INF INF INF INF INF INF INF INF INF INF INF INF INF INF INF INF INF INF INF INF INF INF INF INF INF INF INF INF INF INF INF INF INF INF INF INF INF INF INF INF INF INF INF INF INF INF INF INF INF INF INF INF INF INF INF INF INF INF INF INF INF INF INF INF INF INF INF INF INF INF INF INF INF INF INF INF INF INF INF INF INF INF INF INF INF INF INF INF INF INF INF INF INF INF INF INF INF INF INF INF INF INF INF INF INF INF INF INF INF INF INF INF INF INF INF INF INF INF INF INF INF INF INF INF INF INF INF INF INF INF INF INF INF INF INF INF INF INF INF INF INF INF INF INF INF INF INF INF INF INF INF INF INF INF INF INF INF INF INF INF INF INF INF INF INF INF INF INF INF INF INF INF INF INF INF INF INF INF INF INF INF INF INF INF INF INF INF INF INF INF INF INF INF INF INF INF INF INF INF INF INF INF INF INF INF INF INF INF INF INF INF INF INF INF INF INF INF INF INF INF INF INF INF INF INF INF INF INF INF INF INF INF INF INF INF INF INF INF INF INF INF INF INF INF INF INF INF INF INF INF INF INF INF INF INF INF INF INF INF INF INF INF INF INF INF INF INF INF INF INF INF INF INF INF INF INF INF INF INF INF INF INF INF INF INF INF INF INF INF INF INF INF INF INF INF INF INF INF INF INF INF INF INF INF INF INF INF INF INF INF INF INF INF INF INF INF INF INF INF INF INF INF INF INF INF INF INF INF INF INF INF 0 23 39 35 59 5 22 37 39 44 7 8 14 27 35 35 24 27 28 52 67 77 12 37 27 20 40 19 32 16 29 37 19 31 15 6 18 37 40 25 22 20 17 24 30 31 16 24 16 32 48 28 11 15 2 15 17 22 15 31 24 19 20 23 27 21 17 18 29 23 21 16 14 16 24 22 29 26 21 20 19 24 16 22 19 20 20 22 4 9 11 8 18 17 12 16 20 12 16 14 13 15
INF INF INF INF INF INF INF INF INF INF INF INF INF INF INF INF INF INF INF INF INF INF INF INF INF INF INF INF INF INF INF INF INF INF INF INF INF INF INF INF INF INF INF INF INF INF INF INF INF INF INF INF INF INF INF INF INF INF INF INF INF INF INF INF INF INF INF INF INF INF INF INF INF INF INF INF INF INF INF INF INF INF INF INF INF INF INF INF INF INF INF INF INF INF INF INF INF INF INF INF INF INF INF INF INF INF INF INF INF INF INF INF INF INF INF INF INF INF INF INF INF INF INF INF INF INF INF INF INF INF INF INF INF INF INF INF INF INF INF INF INF INF INF INF INF INF INF INF INF INF INF INF INF INF INF INF INF INF INF INF INF INF INF INF INF INF INF INF INF INF INF INF INF INF INF INF INF INF INF INF INF INF INF INF INF INF INF INF INF INF INF INF INF INF INF INF INF INF INF INF INF INF INF INF INF INF INF INF INF INF INF INF INF INF INF INF INF INF INF INF INF INF INF INF INF INF INF INF INF INF INF INF INF INF INF INF INF INF INF INF INF INF INF INF INF INF INF INF INF INF INF INF INF INF INF INF INF INF INF INF INF INF INF INF INF INF INF INF INF INF INF INF INF INF INF INF INF INF INF INF INF INF INF INF INF INF INF INF INF INF INF INF INF INF INF INF INF INF INF INF INF INF INF INF INF INF INF INF INF INF INF INF INF INF INF INF INF INF INF INF INF INF INF INF INF INF INF INF INF INF INF INF INF INF INF INF INF INF INF INF INF INF INF INF INF INF INF INF INF INF INF INF INF INF INF INF INF INF INF INF INF INF INF INF INF INF INF INF INF INF INF INF INF INF INF INF INF INF INF INF INF INF INF INF INF INF INF INF INF INF INF INF INF INF INF INF INF INF INF 0 16 12 36 41 49 39 41 46 43 19 25 38 46 12 1 4 5 29 44 54 8 33 23 16 17 28 19 19 32 48 15 8 21 21 3 17 20 10 7 14 28 6 16 8 11 17 29 25 40 18 6 10 22 10 9 9 10 22 9 14 5 18 17 6 11 12 22 15 14 11 15 7 15 17 14 15 16 5 7 19 8 8 18 18 15 8 9 10 10 1 10 22 9 12 7 5 9 7 16 6
INF INF INF INF INF INF INF INF INF INF INF INF INF INF INF INF INF INF INF INF INF INF INF INF INF INF INF INF INF INF INF INF INF INF INF INF INF INF INF INF INF INF INF INF INF INF INF INF INF INF INF INF INF INF INF INF INF INF INF INF INF INF INF INF INF INF INF INF INF INF INF INF INF INF INF INF INF INF INF INF INF INF INF INF INF INF INF INF INF INF INF INF INF INF INF INF INF INF INF INF INF INF INF INF INF INF INF INF INF INF INF INF INF INF INF INF INF INF INF INF INF INF INF INF INF INF INF INF INF INF INF INF INF INF INF INF INF INF INF INF INF INF INF INF INF INF INF INF INF INF INF INF INF INF INF INF INF INF INF INF INF INF INF INF INF INF INF INF INF INF INF INF INF INF INF INF INF INF INF INF INF INF INF INF INF INF INF INF INF INF INF INF INF INF INF INF INF INF INF INF INF INF INF INF INF INF INF INF INF INF INF INF INF INF INF INF INF INF INF INF INF INF INF INF INF INF INF INF INF INF INF INF INF INF INF INF INF INF INF INF INF INF INF INF INF INF INF INF INF INF INF INF INF INF INF INF INF INF INF INF INF INF INF INF INF INF INF INF INF INF INF INF INF INF INF INF INF INF INF INF INF INF INF INF INF INF INF INF INF INF INF INF INF INF INF INF INF INF INF INF INF INF INF INF INF INF INF INF INF INF INF INF INF INF INF INF INF INF INF INF INF INF INF INF INF INF INF INF INF INF INF INF INF INF INF INF INF INF INF INF INF INF INF INF INF INF INF INF INF INF INF INF INF INF INF INF INF INF INF INF INF INF INF INF INF INF INF INF INF INF INF INF INF INF INF INF INF INF INF INF INF INF INF INF INF INF INF INF INF INF INF INF INF INF INF INF INF INF INF INF 0 6 23 28 36 23 25 30 30 13 19 32 40 9 22 25 25 48 63 73 29 54 44 29 29 22 16 21 34 42 36 11 24 15 27 37 28 34 31 25 22 27 37 28 25 33 38 41 27 32 20 24 24 24 20 25 24 21 27 22 4 21 34 30 19 20 32 32 26 25 18 31 32 25 28 24 24 25 23 29 17 28 30 16 26 26 16 14 7 20 23 29 9 17 10 24 4 10 22 19
INF INF INF INF INF INF INF INF INF INF INF INF INF INF INF INF INF INF INF INF INF INF INF INF INF INF INF INF INF INF INF INF INF INF INF INF INF INF INF INF INF INF INF INF INF INF INF INF INF INF INF INF INF INF INF INF INF INF INF INF INF INF INF INF INF INF INF INF INF INF INF INF INF INF INF INF INF INF INF INF INF INF INF INF INF INF INF INF INF INF INF INF INF INF INF INF INF INF INF INF INF INF INF INF INF INF INF INF INF INF INF INF INF INF INF INF INF INF INF INF INF INF INF INF INF INF INF INF INF INF INF INF INF INF INF INF INF INF INF INF INF INF INF INF INF INF INF INF INF INF INF INF INF INF INF INF INF INF INF INF INF INF INF INF INF INF INF INF INF INF INF INF INF INF INF INF INF INF INF INF INF INF INF INF INF INF INF INF INF INF INF INF INF INF INF INF INF INF INF INF INF INF INF INF INF INF INF INF INF INF INF INF INF INF INF INF INF INF INF INF INF INF INF INF INF INF INF INF INF INF INF INF INF INF INF INF INF INF INF INF INF INF INF INF INF INF INF INF INF INF INF INF INF INF INF INF INF INF INF INF INF INF INF INF INF INF INF INF INF INF INF INF INF INF INF INF INF INF INF INF INF INF INF INF INF INF INF INF INF INF INF INF INF INF INF INF INF INF INF INF INF INF INF INF INF INF INF INF INF INF INF INF INF INF INF INF INF INF INF INF INF INF INF INF INF INF INF INF INF INF INF INF INF INF INF INF INF INF INF INF INF INF INF INF INF INF INF INF INF INF INF INF INF INF INF INF INF INF INF INF INF INF INF INF INF INF INF INF INF INF INF INF INF INF INF INF INF INF INF INF INF INF INF INF INF INF INF INF INF INF INF INF INF INF INF INF INF INF INF INF INF 0 24 29 37 47 49 54 31 7 13 26 34 3 16 19 19 43 58 68 23 48 38 31 23 16 10 15 28 36 30 22 35 9 23 31 22 30 27 19 16 21 31 22 19 27 40 35 28 26 14 18 18 18 20 25 18 23 25 16 20 25 28 26 13 14 26 26 20 19 14 25 26 19 22 23 18 19 19 23 11 22 26 28 20 25 10 8 12 14 19 23 18 16 21 18 22 16 22 22
INF INF INF INF INF INF INF INF INF INF INF INF INF INF INF INF INF INF INF INF INF INF INF INF INF INF INF INF INF INF INF INF INF INF INF INF INF INF INF INF INF INF INF INF INF INF INF INF INF INF INF INF INF INF INF INF INF INF INF INF INF INF INF INF INF INF INF INF INF INF INF INF INF INF INF INF INF INF INF INF INF INF INF INF INF INF INF INF INF INF INF INF INF INF INF INF INF INF INF INF INF INF INF INF INF INF INF INF INF INF INF INF INF INF INF INF INF INF INF INF INF INF INF INF INF INF INF INF INF INF INF INF INF INF INF INF INF INF INF INF INF INF INF INF INF INF INF INF INF INF INF INF INF INF INF INF INF INF INF INF INF INF INF INF INF INF INF INF INF INF INF INF INF INF INF INF INF INF INF INF INF INF INF INF INF INF INF INF INF INF INF INF INF INF INF INF INF INF INF INF INF INF INF INF INF INF INF INF INF INF INF INF INF INF INF INF INF INF INF INF INF INF INF INF INF INF INF INF INF INF INF INF INF INF INF INF INF INF INF INF INF INF INF INF INF INF INF INF INF INF INF INF INF INF INF INF INF INF INF INF INF INF INF INF INF INF INF INF INF INF INF INF INF INF INF INF INF INF INF INF INF INF INF INF INF INF INF INF INF INF INF INF INF INF INF INF INF INF INF INF INF INF INF INF INF INF INF INF INF INF INF INF INF INF INF INF INF INF INF INF INF INF INF INF INF INF INF INF INF INF INF INF INF INF INF INF INF INF INF INF INF INF INF INF INF INF INF INF INF INF INF INF INF INF INF INF INF INF INF INF INF INF INF INF INF INF INF INF INF INF INF INF INF INF INF INF INF INF INF INF INF INF INF INF INF INF INF INF INF INF INF INF INF INF INF INF INF INF INF INF INF INF 0 5 13 23 25 30 7 8 14 27 35 27 40 43 43 25 40 50 12 37 27 20 40 19 32 16 29 37 19 31 15 10 5 24 27 12 9 16 17 24 29 30 20 28 16 36 4 20 14 18 9 18 17 14 18 24 16 22 7 1 20 8 13 2 20 25 17 12 5 9 14 14 16 4 19 8 10 20 5 7 7 20 8 10 12 9 12 10 11 12 11 7 12 12 15 2 6 5
INF INF INF INF INF INF INF INF INF INF INF INF INF INF INF INF INF INF INF INF INF INF INF INF INF INF INF INF INF INF INF INF INF INF INF INF INF INF INF INF INF INF INF INF INF INF INF INF INF INF INF INF INF INF INF INF INF INF INF INF INF INF INF INF INF INF INF INF INF INF INF INF INF INF INF INF INF INF INF INF INF INF INF INF INF INF INF INF INF INF INF INF INF INF INF INF INF INF INF INF INF INF INF INF INF INF INF INF INF INF INF INF INF INF INF INF INF INF INF INF INF INF INF INF INF INF INF INF INF INF INF INF INF INF INF INF INF INF INF INF INF INF INF INF INF INF INF INF INF INF INF INF INF INF INF INF INF INF INF INF INF INF INF INF INF INF INF INF INF INF INF INF INF INF INF INF INF INF INF INF INF INF INF INF INF INF INF INF INF INF INF INF INF INF INF INF INF INF INF INF INF INF INF INF INF INF INF INF INF INF INF INF INF INF INF INF INF INF INF INF INF INF INF INF INF INF INF INF INF INF INF INF INF INF INF INF INF INF INF INF INF INF INF INF INF INF INF INF INF INF INF INF INF INF INF INF INF INF INF INF INF INF INF INF INF INF INF INF INF INF INF INF INF INF INF INF INF INF INF INF INF INF INF INF INF INF INF INF INF INF INF INF INF INF INF INF INF INF INF INF INF INF INF INF INF INF INF INF INF INF INF INF INF INF INF INF INF INF INF INF INF INF INF INF INF INF INF INF INF INF INF INF INF INF INF INF INF INF INF INF INF INF INF INF INF INF INF INF INF INF INF INF INF INF INF INF INF INF INF INF INF INF INF INF INF INF INF INF INF INF INF INF INF INF INF INF INF INF INF INF INF INF INF INF INF INF INF INF INF INF INF INF INF INF INF INF INF INF INF INF INF INF INF 0 17 32 34 39 2 3 9 22 30 31 42 45 46 70 85 95 7 32 22 15 40 14 27 11 24 32 14 26 10 5 13 32 35 20 17 15 12 19 25 28 15 23 11 31 47 23 10 14 14 14 12 17 14 26 19 17 15 22 24 16 12 13 27 20 16 15 24 11 19 20 24 24 17 18 20 19 21 21 14 15 19 18 16 4 8 6 13 20 19 16 17 10 14 12 20 10
INF INF INF INF INF INF INF INF INF INF INF INF INF INF INF INF INF INF INF INF INF INF INF INF INF INF INF INF INF INF INF INF INF INF INF INF INF INF INF INF INF INF INF INF INF INF INF INF INF INF INF INF INF INF INF INF INF INF INF INF INF INF INF INF INF INF INF INF INF INF INF INF INF INF INF INF INF INF INF INF INF INF INF INF INF INF INF INF INF INF INF INF INF INF INF INF INF INF INF INF INF INF INF INF INF INF INF INF INF INF INF INF INF INF INF INF INF INF INF INF INF INF INF INF INF INF INF INF INF INF INF INF INF INF INF INF INF INF INF INF INF INF INF INF INF INF INF INF INF INF INF INF INF INF INF INF INF INF INF INF INF INF INF INF INF INF INF INF INF INF INF INF INF INF INF INF INF INF INF INF INF INF INF INF INF INF INF INF INF INF INF INF INF INF INF INF INF INF INF INF INF INF INF INF INF INF INF INF INF INF INF INF INF INF INF INF INF INF INF INF INF INF INF INF INF INF INF INF INF INF INF INF INF INF INF INF INF INF INF INF INF INF INF INF INF INF INF INF INF INF INF INF INF INF INF INF INF INF INF INF INF INF INF INF INF INF INF INF INF INF INF INF INF INF INF INF INF INF INF INF INF INF INF INF INF INF INF INF INF INF INF INF INF INF INF INF INF INF INF INF INF INF INF INF INF INF INF INF INF INF INF INF INF INF INF INF INF INF INF INF INF INF INF INF INF INF INF INF INF INF INF INF INF INF INF INF INF INF INF INF INF INF INF INF INF INF INF INF INF INF INF INF INF INF INF INF INF INF INF INF INF INF INF INF INF INF INF INF INF INF INF INF INF INF INF INF INF INF INF INF INF INF INF INF INF INF INF INF INF INF INF INF INF INF INF INF INF INF INF INF INF INF INF INF 0 15 17 22 31 31 37 50 58 14 27 30 30 54 69 79 34 59 49 21 43 42 21 31 43 59 41 33 39 23 37 42 26 43 41 22 34 25 31 19 27 28 30 36 39 35 5 9 23 9 14 19 9 26 21 13 18 21 21 22 4 5 11 17 23 10 14 23 17 16 28 23 15 14 19 12 17 16 18 28 14 21 13 19 20 1 10 21 17 12 17 5 9 7 16 11
INF INF INF INF INF INF INF INF INF INF INF INF INF INF INF INF INF INF INF INF INF INF INF INF INF INF INF INF INF INF INF INF INF INF INF INF INF INF INF INF INF INF INF INF INF INF INF INF INF INF INF INF INF INF INF INF INF INF INF INF INF INF INF INF INF INF INF INF INF INF INF INF INF INF INF INF INF INF INF INF INF INF INF INF INF INF INF INF INF INF INF INF INF INF INF INF INF INF INF INF INF INF INF INF INF INF INF INF INF INF INF INF INF INF INF INF INF INF INF INF INF INF INF INF INF INF INF INF INF INF INF INF INF INF INF INF INF INF INF INF INF INF INF INF INF INF INF INF INF INF INF INF INF INF INF INF INF INF INF INF INF INF INF INF INF INF INF INF INF INF INF INF INF INF INF INF INF INF INF INF INF INF INF INF INF INF INF INF INF INF INF INF INF INF INF INF INF INF INF INF INF INF INF INF INF INF INF INF INF INF INF INF INF INF INF INF INF INF INF INF INF INF INF INF INF INF INF INF INF INF INF INF INF INF INF INF INF INF INF INF INF INF INF INF INF INF INF INF INF INF INF INF INF INF INF INF INF INF INF INF INF INF INF INF INF INF INF INF INF INF INF INF INF INF INF INF INF INF INF INF INF INF INF INF INF INF INF INF INF INF INF INF INF INF INF INF INF INF INF INF INF INF INF INF INF INF INF INF INF INF INF INF INF INF INF INF INF INF INF INF INF INF INF INF INF INF INF INF INF INF INF INF INF INF INF INF INF INF INF INF INF INF INF INF INF INF INF INF INF INF INF INF INF INF INF INF INF INF INF INF INF INF INF INF INF INF INF INF INF INF INF INF INF INF INF INF INF INF INF INF INF INF INF INF INF INF INF INF INF INF INF INF INF INF INF INF INF INF INF INF INF INF INF INF INF 0 2 7 16 16 22 35 43 56 55 58 59 83 98 108 58 83 73 6 31 27 40 16 28 44 28 40 24 8 22 41 11 28 26 20 19 10 16 14 15 23 15 31 24 27 2 6 8 6 11 9 6 17 11 6 15 18 18 19 9 10 16 14 19 7 18 20 22 9 21 8 8 9 11 17 12 12 15 21 10 20 10 10 17 14 13 15 13 13 18 17 20 12 18 11
INF INF INF INF INF INF INF INF INF INF INF INF INF INF INF INF INF INF INF INF INF INF INF INF INF INF INF INF INF INF INF INF INF INF INF INF INF INF INF INF INF INF INF INF INF INF INF INF INF INF INF INF INF INF INF INF INF INF INF INF INF INF INF INF INF INF INF INF INF INF INF INF INF INF INF INF INF INF INF INF INF INF INF INF INF INF INF INF INF INF INF INF INF INF INF INF INF INF INF INF INF INF INF INF INF INF INF INF INF INF INF INF INF INF INF INF INF INF INF INF INF INF INF INF INF INF INF INF INF INF INF INF INF INF INF INF INF INF INF INF INF INF INF INF INF INF INF INF INF INF INF INF INF INF INF INF INF INF INF INF INF INF INF INF INF INF INF INF INF INF INF INF INF INF INF INF INF INF INF INF INF INF INF INF INF INF INF INF INF INF INF INF INF INF INF INF INF INF INF INF INF INF INF INF INF INF INF INF INF INF INF INF INF INF INF INF INF INF INF INF INF INF INF INF INF INF INF INF INF INF INF INF INF INF INF INF INF INF INF INF INF INF INF INF INF INF INF INF INF INF INF INF INF INF INF INF INF INF INF INF INF INF INF INF INF INF INF INF INF INF INF INF INF INF INF INF INF INF INF INF INF INF INF INF INF INF INF INF INF INF INF INF INF INF INF INF INF INF INF INF INF INF INF INF INF INF INF INF INF INF INF INF INF INF INF INF INF INF INF INF INF INF INF INF INF INF INF INF INF INF INF INF INF INF INF INF INF INF INF INF INF INF INF INF INF INF INF INF INF INF INF INF INF INF INF INF INF INF INF INF INF INF INF INF INF INF INF INF INF INF INF INF INF INF INF INF INF INF INF INF INF INF INF INF INF INF INF INF INF INF INF INF INF INF INF INF INF INF INF INF INF INF INF INF INF INF 0 5 14 14 20 33 41 54 53 56 57 81 96 106 56 81 71 4 29 25 38 14 26 42 26 38 22 16 25 44 9 26 29 18 17 8 14 12 13 21 36 29 45 26 17 13 17 20 21 7 21 15 9 13 15 20 25 28 23 21 23 23 17 14 25 23 28 10 22 6 15 10 9 22 13 12 19 19 17 26 14 10 19 16 14 13 11 11 16 20 18 17 16 9
INF INF INF INF INF INF INF INF INF INF INF INF INF INF INF INF INF INF INF INF INF INF INF INF INF INF INF INF INF INF INF INF INF INF INF INF INF INF INF INF INF INF INF INF INF INF INF INF INF INF INF INF INF INF INF INF INF INF INF INF INF INF INF INF INF INF INF INF INF INF INF INF INF INF INF INF INF INF INF INF INF INF INF INF INF INF INF INF INF INF INF INF INF INF INF INF INF INF INF INF INF INF INF INF INF INF INF INF INF INF INF INF INF INF INF INF INF INF INF INF INF INF INF INF INF INF INF INF INF INF INF INF INF INF INF INF INF INF INF INF INF INF INF INF INF INF INF INF INF INF INF INF INF INF INF INF INF INF INF INF INF INF INF INF INF INF INF INF INF INF INF INF INF INF INF INF INF INF INF INF INF INF INF INF INF INF INF INF INF INF INF INF INF INF INF INF INF INF INF INF INF INF INF INF INF INF INF INF INF INF INF INF INF INF INF INF INF INF INF INF INF INF INF INF INF INF INF INF INF INF INF INF INF INF INF INF INF INF INF INF INF INF INF INF INF INF INF INF INF INF INF INF INF INF INF INF INF INF INF INF INF INF INF INF INF INF INF INF INF INF INF INF INF INF INF INF INF INF INF INF INF INF INF INF INF INF INF INF INF INF INF INF INF INF INF INF INF INF INF INF INF INF INF INF INF INF INF INF INF INF INF INF INF INF INF INF INF INF INF INF INF INF INF INF INF INF INF INF INF INF INF INF INF INF INF INF INF INF INF INF INF INF INF INF INF INF INF INF INF INF INF INF INF INF INF INF INF INF INF INF INF INF INF INF INF INF INF INF INF INF INF INF INF INF INF INF INF INF INF INF INF INF INF INF INF INF INF INF INF INF INF INF INF INF INF INF INF INF INF INF INF INF INF INF INF INF INF 0 9 10 16 29 37 50 49 52 53 77 92 102 52 77 67 60 65 21 34 9 22 38 21 33 17 12 20 39 4 21 24 13 15 27 37 7 15 16 31 24 40 22 17 21 12 15 19 24 21 21 26 8 10 15 20 23 22 16 18 23 14 9 20 18 23 11 23 1 10 5 19 17 8 7 14 20 12 21 12 11 15 11 15 9 14 6 11 15 14 13 11 4
INF INF INF INF INF INF INF INF INF INF INF INF INF INF INF INF INF INF INF INF INF INF INF INF INF INF INF INF INF INF INF INF INF INF INF INF INF INF INF INF INF INF INF INF INF INF INF INF INF INF INF INF INF INF INF INF INF INF INF INF INF INF INF INF INF INF INF INF INF INF INF INF INF INF INF INF INF INF INF INF INF INF INF INF INF INF INF INF INF INF INF INF INF INF INF INF INF INF INF INF INF INF INF INF INF INF INF INF INF INF INF INF INF INF INF INF INF INF INF INF INF INF INF INF INF INF INF INF INF INF INF INF INF INF INF INF INF INF INF INF INF INF INF INF INF INF INF INF INF INF INF INF INF INF INF INF INF INF INF INF INF INF INF INF INF INF INF INF INF INF INF INF INF INF INF INF INF INF INF INF INF INF INF INF INF INF INF INF INF INF INF INF INF INF INF INF INF INF INF INF INF INF INF INF INF INF INF INF INF INF INF INF INF INF INF INF INF INF INF INF INF INF INF INF INF INF INF INF INF INF INF INF INF INF INF INF INF INF INF INF INF INF INF INF INF INF INF INF INF INF INF INF INF INF INF INF INF INF INF INF INF INF INF INF INF INF INF INF INF INF INF INF INF INF INF INF INF INF INF INF INF INF INF INF INF INF INF INF INF INF INF INF INF INF INF INF INF INF INF INF INF INF INF INF INF INF INF INF INF INF INF INF INF INF INF INF INF INF INF INF INF INF INF INF INF INF INF INF INF INF INF INF INF INF INF INF INF INF INF INF INF INF INF INF INF INF INF INF INF INF INF INF INF INF INF INF INF INF INF INF INF INF INF INF INF INF INF INF INF INF INF INF INF INF INF INF INF INF INF INF INF INF INF INF INF INF INF INF INF INF INF INF INF INF INF INF INF INF INF INF INF INF INF INF INF INF INF INF 0 1 7 20 28 41 40 43 44 68 83 93 43 68 58 51 56 12 25 9 22 30 41 47 8 3 11 30 33 18 15 13 10 22 32 35 13 21 36 29 45 26 8 12 12 12 10 15 12 29 17 15 13 20 22 14 13 11 25 18 14 13 22 9 17 18 22 23 17 17 18 17 20 19 21 20 17 16 15 2 6 19 11 26 17 14 15 18 21 11 18 14
INF INF INF INF INF INF INF INF INF INF INF INF INF INF INF INF INF INF INF INF INF INF INF INF INF INF INF INF INF INF INF INF INF INF INF INF INF INF INF INF INF INF INF INF INF INF INF INF INF INF INF INF INF INF INF INF INF INF INF INF INF INF INF INF INF INF INF INF INF INF INF INF INF INF INF INF INF INF INF INF INF INF INF INF INF INF INF INF INF INF INF INF INF INF INF INF INF INF INF INF INF INF INF INF INF INF INF INF INF INF INF INF INF INF INF INF INF INF INF INF INF INF INF INF INF INF INF INF INF INF INF INF INF INF INF INF INF INF INF INF INF INF INF INF INF INF INF INF INF INF INF INF INF INF INF INF INF INF INF INF INF INF INF INF INF INF INF INF INF INF INF INF INF INF INF INF INF INF INF INF INF INF INF INF INF INF INF INF INF INF INF INF INF INF INF INF INF INF INF INF INF INF INF INF INF INF INF INF INF INF INF INF INF INF INF INF INF INF INF INF INF INF INF INF INF INF INF INF INF INF INF INF INF INF INF INF INF INF INF INF INF INF INF INF INF INF INF INF INF INF INF INF INF INF INF INF INF INF INF INF INF INF INF INF INF INF INF INF INF INF INF INF INF INF INF INF INF INF INF INF INF INF INF INF INF INF INF INF INF INF INF INF INF INF INF INF INF INF INF INF INF INF INF INF INF INF INF INF INF INF INF INF INF INF INF INF INF INF INF INF INF INF INF INF INF INF INF INF INF INF INF INF INF INF INF INF INF INF INF INF INF INF INF INF INF INF INF INF INF INF INF INF INF INF INF INF INF INF INF INF INF INF INF INF INF INF INF INF INF INF INF INF INF INF INF INF INF INF INF INF INF INF INF INF INF INF INF INF INF INF INF INF INF INF INF INF INF INF INF INF INF INF INF INF INF INF INF INF INF 0 6 19 27 40 39 42 43 67 82 92 42 67 57 50 55 11 24 8 21 29 40 46 59 2 16 35 36 23 20 12 9 21 31 34 12 20 35 28 44 27 7 11 11 11 13 18 11 28 20 15 14 19 21 19 14 11 25 19 13 12 23 18 23 18 27 22 17 16 21 16 19 18 20 29 16 18 14 1 5 18 17 25 18 16 14 20 20 10 22 21
INF INF INF INF INF INF INF INF INF INF INF INF INF INF INF INF INF INF INF INF INF INF INF INF INF INF INF INF INF INF INF INF INF INF INF INF INF INF INF INF INF INF INF INF INF INF INF INF INF INF INF INF INF INF INF INF INF INF INF INF INF INF INF INF INF INF INF INF INF INF INF INF INF INF INF INF INF INF INF INF INF INF INF INF INF INF INF INF INF INF INF INF INF INF INF INF INF INF INF INF INF INF INF INF INF INF INF INF INF INF INF INF INF INF INF INF INF INF INF INF INF INF INF INF INF INF INF INF INF INF INF INF INF INF INF INF INF INF INF INF INF INF INF INF INF INF INF INF INF INF INF INF INF INF INF INF INF INF INF INF INF INF INF INF INF INF INF INF INF INF INF INF INF INF INF INF INF INF INF INF INF INF INF INF INF INF INF INF INF INF INF INF INF INF INF INF INF INF INF INF INF INF INF INF INF INF INF INF INF INF INF INF INF INF INF INF INF INF INF INF INF INF INF INF INF INF INF INF INF INF INF INF INF INF INF INF INF INF INF INF INF INF INF INF INF INF INF INF INF INF INF INF INF INF INF INF INF INF INF INF INF INF INF INF INF INF INF INF INF INF INF INF INF INF INF INF INF INF INF INF INF INF INF INF INF INF INF INF INF INF INF INF INF INF INF INF INF INF INF INF INF INF INF INF INF INF INF INF INF INF INF INF INF INF INF INF INF INF INF INF INF INF INF INF INF INF INF INF INF INF INF INF INF INF INF INF INF INF INF INF INF INF INF INF INF INF INF INF INF INF INF INF INF INF INF INF INF INF INF INF INF INF INF INF INF INF INF INF INF INF INF INF INF INF INF INF INF INF INF INF INF INF INF INF INF INF INF INF INF INF INF INF INF INF INF INF INF INF INF INF INF INF INF INF INF INF INF INF INF INF 0 13 21 34 33 36 37 61 76 86 36 61 51 44 49 5 18 42 55 23 34 40 53 16 30 49 30 23 34 27 41 38 48 33 26 24 39 32 48 31 21 14 29 24 29 31 11 29 33 29 29 26 36 23 14 5 23 24 28 15 20 24 17 24 30 29 31 19 19 23 22 18 27 31 18 28 18 23 25 22 14 28 21 22 24 26 14 17 28 18
INF INF INF INF INF INF INF INF INF INF INF INF INF INF INF INF INF INF INF INF INF INF INF INF INF INF INF INF INF INF INF INF INF INF INF INF INF INF INF INF INF INF INF INF INF INF INF INF INF INF INF INF INF INF INF INF INF INF INF INF INF INF INF INF INF INF INF INF INF INF INF INF INF INF INF INF INF INF INF INF INF INF INF INF INF INF INF INF INF INF INF INF INF INF INF INF INF INF INF INF INF INF INF INF INF INF INF INF INF INF INF INF INF INF INF INF INF INF INF INF INF INF INF INF INF INF INF INF INF INF INF INF INF INF INF INF INF INF INF INF INF INF INF INF INF INF INF INF INF INF INF INF INF INF INF INF INF INF INF INF INF INF INF INF INF INF INF INF INF INF INF INF INF INF INF INF INF INF INF INF INF INF INF INF INF INF INF INF INF INF INF INF INF INF INF INF INF INF INF INF INF INF INF INF INF INF INF INF INF INF INF INF INF INF INF INF INF INF INF INF INF INF INF INF INF INF INF INF INF INF INF INF INF INF INF INF INF INF INF INF INF INF INF INF INF INF INF INF INF INF INF INF INF INF INF INF INF INF INF INF INF INF INF INF INF INF INF INF INF INF INF INF INF INF INF INF INF INF INF INF INF INF INF INF INF INF INF INF INF INF INF INF INF INF INF INF INF INF INF INF INF INF INF INF INF INF INF INF INF INF INF INF INF INF INF INF INF INF INF INF INF INF INF INF INF INF INF INF INF INF INF INF INF INF INF INF INF INF INF INF INF INF INF INF INF INF INF INF INF INF INF INF INF INF INF INF INF INF INF INF INF INF INF INF INF INF INF INF INF INF INF INF INF INF INF INF INF INF INF INF INF INF INF INF INF INF INF INF INF INF INF INF INF INF INF INF INF INF INF INF INF INF INF INF INF INF INF INF INF INF INF 0 8 21 20 23 24 48 63 73 23 48 38 31 36 60 28 38 51 67 22 27 40 49 23 36 39 10 25 14 29 25 35 27 19 11 26 19 35 18 12 16 31 16 21 26 16 33 28 20 16 26 28 26 19 20 30 18 15 17 28 27 18 23 29 29 22 21 14 27 24 23 24 28 21 26 20 22 23 19 23 30 27 14 18 23 27 11 23 19
INF INF INF INF INF INF INF INF INF INF INF INF INF INF INF INF INF INF INF INF INF INF INF INF INF INF INF INF INF INF INF INF INF INF INF INF INF INF INF INF INF INF INF INF INF INF INF INF INF INF INF INF INF INF INF INF INF INF INF INF INF INF INF INF INF INF INF INF INF INF INF INF INF INF INF INF INF INF INF INF INF INF INF INF INF INF INF INF INF INF INF INF INF INF INF INF INF INF INF INF INF INF INF INF INF INF INF INF INF INF INF INF INF INF INF INF INF INF INF INF INF INF INF INF INF INF INF INF INF INF INF INF INF INF INF INF INF INF INF INF INF INF INF INF INF INF INF INF INF INF INF INF INF INF INF INF INF INF INF INF INF INF INF INF INF INF INF INF INF INF INF INF INF INF INF INF INF INF INF INF INF INF INF INF INF INF INF INF INF INF INF INF INF INF INF INF INF INF INF INF INF INF INF INF INF INF INF INF INF INF INF INF INF INF INF INF INF INF INF INF INF INF INF INF INF INF INF INF INF INF INF INF INF INF INF INF INF INF INF INF INF INF INF INF INF INF INF INF INF INF INF INF INF INF INF INF INF INF INF INF INF INF INF INF INF INF INF INF INF INF INF INF INF INF INF INF INF INF INF INF INF INF INF INF INF INF INF INF INF INF INF INF INF INF INF INF INF INF INF INF INF INF INF INF INF INF INF INF INF INF INF INF INF INF INF INF INF INF INF INF INF INF INF INF INF INF INF INF INF INF INF INF INF INF INF INF INF INF INF INF INF INF INF INF INF INF INF INF INF INF INF INF INF INF INF INF INF INF INF INF INF INF INF INF INF INF INF INF INF INF INF INF INF INF INF INF INF INF INF INF INF INF INF INF INF INF INF INF INF INF INF INF INF INF INF INF INF INF INF INF INF INF INF INF INF INF INF INF INF INF INF INF 0 13 12 15 16 40 55 65 15 40 30 23 28 52 20 30 43 59 22 19 32 41 35 28 31 42 25 24 39 17 27 19 22 28 36 36 52 35 17 21 33 21 26 26 21 33 21 25 22 29 28 26 20 21 33 26 25 22 24 27 33 25 32 32 27 26 18 30 21 24 30 32 26 26 20 17 27 24 24 33 27 26 10 28 27 19 31 28
INF INF INF INF INF INF INF INF INF INF INF INF INF INF INF INF INF INF INF INF INF INF INF INF INF INF INF INF INF INF INF INF INF INF INF INF INF INF INF INF INF INF INF INF INF INF INF INF INF INF INF INF INF INF INF INF INF INF INF INF INF INF INF INF INF INF INF INF INF INF INF INF INF INF INF INF INF INF INF INF INF INF INF INF INF INF INF INF INF INF INF INF INF INF INF INF INF INF INF INF INF INF INF INF INF INF INF INF INF INF INF INF INF INF INF INF INF INF INF INF INF INF INF INF INF INF INF INF INF INF INF INF INF INF INF INF INF INF INF INF INF INF INF INF INF INF INF INF INF INF INF INF INF INF INF INF INF INF INF INF INF INF INF INF INF INF INF INF INF INF INF INF INF INF INF INF INF INF INF INF INF INF INF INF INF INF INF INF INF INF INF INF INF INF INF INF INF INF INF INF INF INF INF INF INF INF INF INF INF INF INF INF INF INF INF INF INF INF INF INF INF INF INF INF INF INF INF INF INF INF INF INF INF INF INF INF INF INF INF INF INF INF INF INF INF INF INF INF INF INF INF INF INF INF INF INF INF INF INF INF INF INF INF INF INF INF INF INF INF INF INF INF INF INF INF INF INF INF INF INF INF INF INF INF INF INF INF INF INF INF INF INF INF INF INF INF INF INF INF INF INF INF INF INF INF INF INF INF INF INF INF INF INF INF INF INF INF INF INF INF INF INF INF INF INF INF INF INF INF INF INF INF INF INF INF INF INF INF INF INF INF INF INF INF INF INF INF INF INF INF INF INF INF INF INF INF INF INF INF INF INF INF INF INF INF INF INF INF INF INF INF INF INF INF INF INF INF INF INF INF INF INF INF INF INF INF INF INF INF INF INF INF INF INF INF INF INF INF INF INF INF INF INF INF INF INF INF INF INF INF INF INF INF 0 13 16 16 40 55 65 20 45 35 28 29 53 7 31 44 60 27 19 32 28 35 28 19 36 30 29 30 18 28 19 23 28 41 36 52 23 18 22 34 22 27 27 22 33 22 13 22 30 28 27 10 11 23 27 25 21 11 26 23 16 19 20 15 16 16 24 8 19 23 25 17 27 7 12 14 11 16 20 15 13 18 15 19 17 19 19
INF INF INF INF INF INF INF INF INF INF INF INF INF INF INF INF INF INF INF INF INF INF INF INF INF INF INF INF INF INF INF INF INF INF INF INF INF INF INF INF INF INF INF INF INF INF INF INF INF INF INF INF INF INF INF INF INF INF INF INF INF INF INF INF INF INF INF INF INF INF INF INF INF INF INF INF INF INF INF INF INF INF INF INF INF INF INF INF INF INF INF INF INF INF INF INF INF INF INF INF INF INF INF INF INF INF INF INF INF INF INF INF INF INF INF INF INF INF INF INF INF INF INF INF INF INF INF INF INF INF INF INF INF INF INF INF INF INF INF INF INF INF INF INF INF INF INF INF INF INF INF INF INF INF INF INF INF INF INF INF INF INF INF INF INF INF INF INF INF INF INF INF INF INF INF INF INF INF INF INF INF INF INF INF INF INF INF INF INF INF INF INF INF INF INF INF INF INF INF INF INF INF INF INF INF INF INF INF INF INF INF INF INF INF INF INF INF INF INF INF INF INF INF INF INF INF INF INF INF INF INF INF INF INF INF INF INF INF INF INF INF INF INF INF INF INF INF INF INF INF INF INF INF INF INF INF INF INF INF INF INF INF INF INF INF INF INF INF INF INF INF INF INF INF INF INF INF INF INF INF INF INF INF INF INF INF INF INF INF INF INF INF INF INF INF INF INF INF INF INF INF INF INF INF INF INF INF INF INF INF INF INF INF INF INF INF INF INF INF INF INF INF INF INF INF INF INF INF INF INF INF INF INF INF INF INF INF INF INF INF INF INF INF INF INF INF INF INF INF INF INF INF INF INF INF INF INF INF INF INF INF INF INF INF INF INF INF INF INF INF INF INF INF INF INF INF INF INF INF INF INF INF INF INF INF INF INF INF INF INF INF INF INF INF INF INF INF INF INF INF INF INF INF INF INF INF INF INF INF INF INF INF INF INF 0 3 4 28 43 53 7 32 22 15 16 40 53 18 31 47 14 7 20 38 23 16 19 30 17 16 30 5 15 7 10 16 28 24 40 23 5 9 21 9 14 15 9 21 9 13 10 17 16 14 12 13 21 14 13 10 14 15 23 16 25 20 15 14 6 18 17 12 18 20 14 18 13 9 17 16 16 24 19 16 6 20 23 7 19 19
INF INF INF INF INF INF INF INF INF INF INF INF INF INF INF INF INF INF INF INF INF INF INF INF INF INF INF INF INF INF INF INF INF INF INF INF INF INF INF INF INF INF INF INF INF INF INF INF INF INF INF INF INF INF INF INF INF INF INF INF INF INF INF INF INF INF INF INF INF INF INF INF INF INF INF INF INF INF INF INF INF INF INF INF INF INF INF INF INF INF INF INF INF INF INF INF INF INF INF INF INF INF INF INF INF INF INF INF INF INF INF INF INF INF INF INF INF INF INF INF INF INF INF INF INF INF INF INF INF INF INF INF INF INF INF INF INF INF INF INF INF INF INF INF INF INF INF INF INF INF INF INF INF INF INF INF INF INF INF INF INF INF INF INF INF INF INF INF INF INF INF INF INF INF INF INF INF INF INF INF INF INF INF INF INF INF INF INF INF INF INF INF INF INF INF INF INF INF INF INF INF INF INF INF INF INF INF INF INF INF INF INF INF INF INF INF INF INF INF INF INF INF INF INF INF INF INF INF INF INF INF INF INF INF INF INF INF INF INF INF INF INF INF INF INF INF INF INF INF INF INF INF INF INF INF INF INF INF INF INF INF INF INF INF INF INF INF INF INF INF INF INF INF INF INF INF INF INF INF INF INF INF INF INF INF INF INF INF INF INF INF INF INF INF INF INF INF INF INF INF INF INF INF INF INF INF INF INF INF INF INF INF INF INF INF INF INF INF INF INF INF INF INF INF INF INF INF INF INF INF INF INF INF INF INF INF INF INF INF INF INF INF INF INF INF INF INF INF INF INF INF INF INF INF INF INF INF INF INF INF INF INF INF INF INF INF INF INF INF INF INF INF INF INF INF INF INF INF INF INF INF INF INF INF INF INF INF INF INF INF INF INF INF INF INF INF INF INF INF INF INF INF INF INF INF INF INF INF INF INF INF INF INF INF INF 0 1 25 40 50 7 32 22 15 40 64 77 42 37 53 14 4 17 37 20 13 16 27 17 16 27 19 21 4 12 13 28 21 37 20 2 6 21 6 11 12 6 18 14 10 7 18 13 19 9 10 18 14 10 7 11 20 20 13 24 21 12 11 15 15 14 9 15 17 11 18 10 9 14 13 14 21 16 13 3 17 20 4 16 16
INF INF INF INF INF INF INF INF INF INF INF INF INF INF INF INF INF INF INF INF INF INF INF INF INF INF INF INF INF INF INF INF INF INF INF INF INF INF INF INF INF INF INF INF INF INF INF INF INF INF INF INF INF INF INF INF INF INF INF INF INF INF INF INF INF INF INF INF INF INF INF INF INF INF INF INF INF INF INF INF INF INF INF INF INF INF INF INF INF INF INF INF INF INF INF INF INF INF INF INF INF INF INF INF INF INF INF INF INF INF INF INF INF INF INF INF INF INF INF INF INF INF INF INF INF INF INF INF INF INF INF INF INF INF INF INF INF INF INF INF INF INF INF INF INF INF INF INF INF INF INF INF INF INF INF INF INF INF INF INF INF INF INF INF INF INF INF INF INF INF INF INF INF INF INF INF INF INF INF INF INF INF INF INF INF INF INF INF INF INF INF INF INF INF INF INF INF INF INF INF INF INF INF INF INF INF INF INF INF INF INF INF INF INF INF INF INF INF INF INF INF INF INF INF INF INF INF INF INF INF INF INF INF INF INF INF INF INF INF INF INF INF INF INF INF INF INF INF INF INF INF INF INF INF INF INF INF INF INF INF INF INF INF INF INF INF INF INF INF INF INF INF INF INF INF INF INF INF INF INF INF INF INF INF INF INF INF INF INF INF INF INF INF INF INF INF INF INF INF INF INF INF INF INF INF INF INF INF INF INF INF INF INF INF INF INF INF INF INF INF INF INF INF INF INF INF INF INF INF INF INF INF INF INF INF INF INF INF INF INF INF INF INF INF INF INF INF INF INF INF INF INF INF INF INF INF INF INF INF INF INF INF INF INF INF INF INF INF INF INF INF INF INF INF INF INF INF INF INF INF INF INF INF INF INF INF INF INF INF INF INF INF INF INF INF INF INF INF INF INF INF INF INF INF INF INF INF INF INF INF INF INF INF INF INF INF 0 24 39 49 6 31 21 14 39 63 76 41 36 52 13 3 16 36 19 12 15 26 16 15 26 18 20 3 11 12 27 20 36 19 24 23 21 15 12 11 20 17 13 17 6 18 12 22 11 12 17 23 9 13 10 23 19 20 23 21 19 20 14 14 21 8 22 16 17 17 15 8 13 12 13 23 15 12 2 16 19 16 18 20
INF INF INF INF INF INF INF INF INF INF INF INF INF INF INF INF INF INF INF INF INF INF INF INF INF INF INF INF INF INF INF INF INF INF INF INF INF INF INF INF INF INF INF INF INF INF INF INF INF INF INF INF INF INF INF INF INF INF INF INF INF INF INF INF INF INF INF INF INF INF INF INF INF INF INF INF INF INF INF INF INF INF INF INF INF INF INF INF INF INF INF INF INF INF INF INF INF INF INF INF INF INF INF INF INF INF INF INF INF INF INF INF INF INF INF INF INF INF INF INF INF INF INF INF INF INF INF INF INF INF INF INF INF INF INF INF INF INF INF INF INF INF INF INF INF INF INF INF INF INF INF INF INF INF INF INF INF INF INF INF INF INF INF INF INF INF INF INF INF INF INF INF INF INF INF INF INF INF INF INF INF INF INF INF INF INF INF INF INF INF INF INF INF INF INF INF INF INF INF INF INF INF INF INF INF INF INF INF INF INF INF INF INF INF INF INF INF INF INF INF INF INF INF INF INF INF INF INF INF INF INF INF INF INF INF INF INF INF INF INF INF INF INF INF INF INF INF INF INF INF INF INF INF INF INF INF INF INF INF INF INF INF INF INF INF INF INF INF INF INF INF INF INF INF INF INF INF INF INF INF INF INF INF INF INF INF INF INF INF INF INF INF INF INF INF INF INF INF INF INF INF INF INF INF INF INF INF INF INF INF INF INF INF INF INF INF INF INF INF INF INF INF INF INF INF INF INF INF INF INF INF INF INF INF INF INF INF INF INF INF INF INF INF INF INF INF INF INF INF INF INF INF INF INF INF INF INF INF INF INF INF INF INF INF INF INF INF INF INF INF INF INF INF INF INF INF INF INF INF INF INF INF INF INF INF INF INF INF INF INF INF INF INF INF INF INF INF INF INF INF INF INF INF INF INF INF INF INF INF INF INF INF INF INF INF INF INF 0 15 25 48 73 63 56 15 39 52 17 30 46 55 67 80 50 64 83 8 25 43 21 19 26 4 7 15 15 30 23 19 22 19 23 20 19 4 9 18 21 11 9 9 6 24 26 17 7 19 22 19 13 1 16 19 12 24 9 11 12 6 18 12 12 22 25 13 23 3 9 10 7 5 16 11 3 8 10 14 8 9 12
INF INF INF INF INF INF INF INF INF INF INF INF INF INF INF INF INF INF INF INF INF INF INF INF INF INF INF INF INF INF INF INF INF INF INF INF INF INF INF INF INF INF INF INF INF INF INF INF INF INF INF INF INF INF INF INF INF INF INF INF INF INF INF INF INF INF INF INF INF INF INF INF INF INF INF INF INF INF INF INF INF INF INF INF INF INF INF INF INF INF INF INF INF INF INF INF INF INF INF INF INF INF INF INF INF INF INF INF INF INF INF INF INF INF INF INF INF INF INF INF INF INF INF INF INF INF INF INF INF INF INF INF INF INF INF INF INF INF INF INF INF INF INF INF INF INF INF INF INF INF INF INF INF INF INF INF INF INF INF INF INF INF INF INF INF INF INF INF INF INF INF INF INF INF INF INF INF INF INF INF INF INF INF INF INF INF INF INF INF INF INF INF INF INF INF INF INF INF INF INF INF INF INF INF INF INF INF INF INF INF INF INF INF INF INF INF INF INF INF INF INF INF INF INF INF INF INF INF INF INF INF INF INF INF INF INF INF INF INF INF INF INF INF INF INF INF INF INF INF INF INF INF INF INF INF INF INF INF INF INF INF INF INF INF INF INF INF INF INF INF INF INF INF INF INF INF INF INF INF INF INF INF INF INF INF INF INF INF INF INF INF INF INF INF INF INF INF INF INF INF INF INF INF INF INF INF INF INF INF INF INF INF INF INF INF INF INF INF INF INF INF INF INF INF INF INF INF INF INF INF INF INF INF INF INF INF INF INF INF INF INF INF INF INF INF INF INF INF INF INF INF INF INF INF INF INF INF INF INF INF INF INF INF INF INF INF INF INF INF INF INF INF INF INF INF INF INF INF INF INF INF INF INF INF INF INF INF INF INF INF INF INF INF INF INF INF INF INF INF INF INF INF INF INF INF INF INF INF INF INF INF INF INF INF INF INF INF INF 0 10 33 58 48 41 11 35 48 13 26 42 40 52 65 46 55 74 49 62 43 10 6 11 21 24 16 25 40 33 49 29 33 16 16 22 10 15 14 15 17 15 12 21 18 30 17 4 21 18 11 14 19 26 16 18 16 17 17 18 12 22 8 19 18 22 13 23 17 12 19 13 13 23 19 19 13 17 21 16 23 17
INF INF INF INF INF INF INF INF INF INF INF INF INF INF INF INF INF INF INF INF INF INF INF INF INF INF INF INF INF INF INF INF INF INF INF INF INF INF INF INF INF INF INF INF INF INF INF INF INF INF INF INF INF INF INF INF INF INF INF INF INF INF INF INF INF INF INF INF INF INF INF INF INF INF INF INF INF INF INF INF INF INF INF INF INF INF INF INF INF INF INF INF INF INF INF INF INF INF INF INF INF INF INF INF INF INF INF INF INF INF INF INF INF INF INF INF INF INF INF INF INF INF INF INF INF INF INF INF INF INF INF INF INF INF INF INF INF INF INF INF INF INF INF INF INF INF INF INF INF INF INF INF INF INF INF INF INF INF INF INF INF INF INF INF INF INF INF INF INF INF INF INF INF INF INF INF INF INF INF INF INF INF INF INF INF INF INF INF INF INF INF INF INF INF INF INF INF INF INF INF INF INF INF INF INF INF INF INF INF INF INF INF INF INF INF INF INF INF INF INF INF INF INF INF INF INF INF INF INF INF INF INF INF INF INF INF INF INF INF INF INF INF INF INF INF INF INF INF INF INF INF INF INF INF INF INF INF INF INF INF INF INF INF INF INF INF INF INF INF INF INF INF INF INF INF INF INF INF INF INF INF INF INF INF INF INF INF INF INF INF INF INF INF INF INF INF INF INF INF INF INF INF INF INF INF INF INF INF INF INF INF INF INF INF INF INF INF INF INF INF INF INF INF INF INF INF INF INF INF INF INF INF INF INF INF INF INF INF INF INF INF INF INF INF INF INF INF INF INF INF INF INF INF INF INF INF INF INF INF INF INF INF INF INF INF INF INF INF INF INF INF INF INF INF INF INF INF INF INF INF INF INF INF INF INF INF INF INF INF INF INF INF INF INF INF INF INF INF INF INF INF INF INF INF INF INF INF INF INF INF INF INF INF INF INF INF INF INF INF 0 23 48 38 31 1 25 38 3 16 32 30 42 55 36 45 64 39 52 33 7 22 34 41 42 14 15 30 23 39 22 23 27 6 12 17 22 25 5 7 16 9 21 24 25 28 22 11 8 8 12 14 26 17 18 22 23 18 11 18 12 14 14 8 22 3 13 9 8 16 13 13 13 14 9 3 15 16 14 17 9
INF INF INF INF INF INF INF INF INF INF INF INF INF INF INF INF INF INF INF INF INF INF INF INF INF INF INF INF INF INF INF INF INF INF INF INF INF INF INF INF INF INF INF INF INF INF INF INF INF INF INF INF INF INF INF INF INF INF INF INF INF INF INF INF INF INF INF INF INF INF INF INF INF INF INF INF INF INF INF INF INF INF INF INF INF INF INF INF INF INF INF INF INF INF INF INF INF INF INF INF INF INF INF INF INF INF INF INF INF INF INF INF INF INF INF INF INF INF INF INF INF INF INF INF INF INF INF INF INF INF INF INF INF INF INF INF INF INF INF INF INF INF INF INF INF INF INF INF INF INF INF INF INF INF INF INF INF INF INF INF INF INF INF INF INF INF INF INF INF INF INF INF INF INF INF INF INF INF INF INF INF INF INF INF INF INF INF INF INF INF INF INF INF INF INF INF INF INF INF INF INF INF INF INF INF INF INF INF INF INF INF INF INF INF INF INF INF INF INF INF INF INF INF INF INF INF INF INF INF INF INF INF INF INF INF INF INF INF INF INF INF INF INF INF INF INF INF INF INF INF INF INF INF INF INF INF INF INF INF INF INF INF INF INF INF INF INF INF INF INF INF INF INF INF INF INF INF INF INF INF INF INF INF INF INF INF INF INF INF INF INF INF INF INF INF INF INF INF INF INF INF INF INF INF INF INF INF INF INF INF INF INF INF INF INF INF INF INF INF INF INF INF INF INF INF INF INF INF INF INF INF INF INF INF INF INF INF INF INF INF INF INF INF INF INF INF INF INF INF INF INF INF INF INF INF INF INF INF INF INF INF INF INF INF INF INF INF INF INF INF INF INF INF INF INF INF INF INF INF INF INF INF INF INF INF INF INF INF INF INF INF INF INF INF INF INF INF INF INF INF INF INF INF INF INF INF INF INF INF INF INF INF INF INF INF INF INF INF INF INF 0 25 15 8 33 57 70 35 30 46 7 19 32 31 22 41 44 29 10 9 24 12 18 21 17 29 21 37 53 30 21 17 32 25 28 11 20 19 13 25 11 24 18 25 5 6 24 27 10 14 21 26 18 28 24 17 23 21 13 24 19 20 19 30 18 11 9 2 16 13 9 18 12 20 13 13 17 12 24 18
INF INF INF INF INF INF INF INF INF INF INF INF INF INF INF INF INF INF INF INF INF INF INF INF INF INF INF INF INF INF INF INF INF INF INF INF INF INF INF INF INF INF INF INF INF INF INF INF INF INF INF INF INF INF INF INF INF INF INF INF INF INF INF INF INF INF INF INF INF INF INF INF INF INF INF INF INF INF INF INF INF INF INF INF INF INF INF INF INF INF INF INF INF INF INF INF INF INF INF INF INF INF INF INF INF INF INF INF INF INF INF INF INF INF INF INF INF INF INF INF INF INF INF INF INF INF INF INF INF INF INF INF INF INF INF INF INF INF INF INF INF INF INF INF INF INF INF INF INF INF INF INF INF INF INF INF INF INF INF INF INF INF INF INF INF INF INF INF INF INF INF INF INF INF INF INF INF INF INF INF INF INF INF INF INF INF INF INF INF INF INF INF INF INF INF INF INF INF INF INF INF INF INF INF INF INF INF INF INF INF INF INF INF INF INF INF INF INF INF INF INF INF INF INF INF INF INF INF INF INF INF INF INF INF INF INF INF INF INF INF INF INF INF INF INF INF INF INF INF INF INF INF INF INF INF INF INF INF INF INF INF INF INF INF INF INF INF INF INF INF INF INF INF INF INF INF INF INF INF INF INF INF INF INF INF INF INF INF INF INF INF INF INF INF INF INF INF INF INF INF INF INF INF INF INF INF INF INF INF INF INF INF INF INF INF INF INF INF INF INF INF INF INF INF INF INF INF INF INF INF INF INF INF INF INF INF INF INF INF INF INF INF INF INF INF INF INF INF INF INF INF INF INF INF INF INF INF INF INF INF INF INF INF INF INF INF INF INF INF INF INF INF INF INF INF INF INF INF INF INF INF INF INF INF INF INF INF INF INF INF INF INF INF INF INF INF INF INF INF INF INF INF INF INF INF INF INF INF INF INF INF INF INF INF INF INF INF INF INF INF INF 0 22 37 17 41 54 19 32 48 59 71 84 6 20 39 42 4 22 8 23 35 45 45 13 31 46 39 55 35 6 10 22 10 15 20 10 27 7 14 10 20 22 23 13 14 24 18 9 11 22 23 26 17 23 23 16 15 21 21 18 17 18 22 15 22 12 18 17 13 17 24 20 24 16 17 21 5 17 7
INF INF INF INF INF INF INF INF INF INF INF INF INF INF INF INF INF INF INF INF INF INF INF INF INF INF INF INF INF INF INF INF INF INF INF INF INF INF INF INF INF INF INF INF INF INF INF INF INF INF INF INF INF INF INF INF INF INF INF INF INF INF INF INF INF INF INF INF INF INF INF INF INF INF INF INF INF INF INF INF INF INF INF INF INF INF INF INF INF INF INF INF INF INF INF INF INF INF INF INF INF INF INF INF INF INF INF INF INF INF INF INF INF INF INF INF INF INF INF INF INF INF INF INF INF INF INF INF INF INF INF INF INF INF INF INF INF INF INF INF INF INF INF INF INF INF INF INF INF INF INF INF INF INF INF INF INF INF INF INF INF INF INF INF INF INF INF INF INF INF INF INF INF INF INF INF INF INF INF INF INF INF INF INF INF INF INF INF INF INF INF INF INF INF INF INF INF INF INF INF INF INF INF INF INF INF INF INF INF INF INF INF INF INF INF INF INF INF INF INF INF INF INF INF INF INF INF INF INF INF INF INF INF INF INF INF INF INF INF INF INF INF INF INF INF INF INF INF INF INF INF INF INF INF INF INF INF INF INF INF INF INF INF INF INF INF INF INF INF INF INF INF INF INF INF INF INF INF INF INF INF INF INF INF INF INF INF INF INF INF INF INF INF INF INF INF INF INF INF INF INF INF INF INF INF INF INF INF INF INF INF INF INF INF INF INF INF INF INF INF INF INF INF INF INF INF INF INF INF INF INF INF INF INF INF INF INF INF INF INF INF INF INF INF INF INF INF INF INF INF INF INF INF INF INF INF INF INF INF INF INF INF INF INF INF INF INF INF INF INF INF INF INF INF INF INF INF INF INF INF INF INF INF INF INF INF INF INF INF INF INF INF INF INF INF INF INF INF INF INF INF INF INF INF INF INF INF INF INF INF INF INF INF INF INF INF INF INF INF INF INF INF 0 15 40 64 77 42 37 53 64 76 89 75 79 98 60 77 67 46 61 19 25 28 24 37 52 45 61 37 11 15 30 15 20 18 5 23 20 19 24 27 3 15 7 8 26 23 28 16 23 16 20 22 34 25 21 6 20 26 9 9 23 22 8 18 19 13 8 13 13 28 15 19 17 17 21 16 24 21
INF INF INF INF INF INF INF INF INF INF INF INF INF INF INF INF INF INF INF INF INF INF INF INF INF INF INF INF INF INF INF INF INF INF INF INF INF INF INF INF INF INF INF INF INF INF INF INF INF INF INF INF INF INF INF INF INF INF INF INF INF INF INF INF INF INF INF INF INF INF INF INF INF INF INF INF INF INF INF INF INF INF INF INF INF INF INF INF INF INF INF INF INF INF INF INF INF INF INF INF INF INF INF INF INF INF INF INF INF INF INF INF INF INF INF INF INF INF INF INF INF INF INF INF INF INF INF INF INF INF INF INF INF INF INF INF INF INF INF INF INF INF INF INF INF INF INF INF INF INF INF INF INF INF INF INF INF INF INF INF INF INF INF INF INF INF INF INF INF INF INF INF INF INF INF INF INF INF INF INF INF INF INF INF INF INF INF INF INF INF INF INF INF INF INF INF INF INF INF INF INF INF INF INF INF INF INF INF INF INF INF INF INF INF INF INF INF INF INF INF INF INF INF INF INF INF INF INF INF INF INF INF INF INF INF INF INF INF INF INF INF INF INF INF INF INF INF INF INF INF INF INF INF INF INF INF INF INF INF INF INF INF INF INF INF INF INF INF INF INF INF INF INF INF INF INF INF INF INF INF INF INF INF INF INF INF INF INF INF INF INF INF INF INF INF INF INF INF INF INF INF INF INF INF INF INF INF INF INF INF INF INF INF INF INF INF INF INF INF INF INF INF INF INF INF INF INF INF INF INF INF INF INF INF INF INF INF INF INF INF INF INF INF INF INF INF INF INF INF INF INF INF INF INF INF INF INF INF INF INF INF INF INF INF INF INF INF INF INF INF INF INF INF INF INF INF INF INF INF INF INF INF INF INF INF INF INF INF INF INF INF INF INF INF INF INF INF INF INF INF INF INF INF INF INF INF INF INF INF INF INF INF INF INF INF INF INF INF INF INF INF INF INF 0 25 49 62 27 22 38 49 61 74 60 64 83 45 62 52 31 46 4 10 13 9 22 37 30 46 22 13 9 24 17 22 3 17 11 5 17 15 16 26 30 19 17 27 19 13 11 22 25 29 20 19 19 15 14 5 24 17 17 23 25 15 22 10 6 17 13 11 23 7 15 20 17 21 14 26 15
INF INF INF INF INF INF INF INF INF INF INF INF INF INF INF INF INF INF INF INF INF INF INF INF INF INF INF INF INF INF INF INF INF INF INF INF INF INF INF INF INF INF INF INF INF INF INF INF INF INF INF INF INF INF INF INF INF INF INF INF INF INF INF INF INF INF INF INF INF INF INF INF INF INF INF INF INF INF INF INF INF INF INF INF INF INF INF INF INF INF INF INF INF INF INF INF INF INF INF INF INF INF INF INF INF INF INF INF INF INF INF INF INF INF INF INF INF INF INF INF INF INF INF INF INF INF INF INF INF INF INF INF INF INF INF INF INF INF INF INF INF INF INF INF INF INF INF INF INF INF INF INF INF INF INF INF INF INF INF INF INF INF INF INF INF INF INF INF INF INF INF INF INF INF INF INF INF INF INF INF INF INF INF INF INF INF INF INF INF INF INF INF INF INF INF INF INF INF INF INF INF INF INF INF INF INF INF INF INF INF INF INF INF INF INF INF INF INF INF INF INF INF INF INF INF INF INF INF INF INF INF INF INF INF INF INF INF INF INF INF INF INF INF INF INF INF INF INF INF INF INF INF INF INF INF INF INF INF INF INF INF INF INF INF INF INF INF INF INF INF INF INF INF INF INF INF INF INF INF INF INF INF INF INF INF INF INF INF INF INF INF INF INF INF INF INF INF INF INF INF INF INF INF INF INF INF INF INF INF INF INF INF INF INF INF INF INF INF INF INF INF INF INF INF INF INF INF INF INF INF INF INF INF INF INF INF INF INF INF INF INF INF INF INF INF INF INF INF INF INF INF INF INF INF INF INF INF INF INF INF INF INF INF INF INF INF INF INF INF INF INF INF INF INF INF INF INF INF INF INF INF INF INF INF INF INF INF INF INF INF INF INF INF INF INF INF INF INF INF INF INF INF INF INF INF INF INF INF INF INF INF INF INF INF INF INF INF INF INF INF INF INF INF INF 0 24 37 2 15 31 42 54 67 35 49 68 38 55 45 6 21 33 43 41 38 14 29 22 38 21 22 26 5 11 16 21 24 32 23 21 8 25 23 24 27 25 10 7 7 11 13 25 16 24 21 22 23 10 17 11 13 13 7 21 15 17 8 14 15 12 12 13 16 11 14 16 15 13 16 13
INF INF INF INF INF INF INF INF INF INF INF INF INF INF INF INF INF INF INF INF INF INF INF INF INF INF INF INF INF INF INF INF INF INF INF INF INF INF INF INF INF INF INF INF INF INF INF INF INF INF INF INF INF INF INF INF INF INF INF INF INF INF INF INF INF INF INF INF INF INF INF INF INF INF INF INF INF INF INF INF INF INF INF INF INF INF INF INF INF INF INF INF INF INF INF INF INF INF INF INF INF INF INF INF INF INF INF INF INF INF INF INF INF INF INF INF INF INF INF INF INF INF INF INF INF INF INF INF INF INF INF INF INF INF INF INF INF INF INF INF INF INF INF INF INF INF INF INF INF INF INF INF INF INF INF INF INF INF INF INF INF INF INF INF INF INF INF INF INF INF INF INF INF INF INF INF INF INF INF INF INF INF INF INF INF INF INF INF INF INF INF INF INF INF INF INF INF INF INF INF INF INF INF INF INF INF INF INF INF INF INF INF INF INF INF INF INF INF INF INF INF INF INF INF INF INF INF INF INF INF INF INF INF INF INF INF INF INF INF INF INF INF INF INF INF INF INF INF INF INF INF INF INF INF INF INF INF INF INF INF INF INF INF INF INF INF INF INF INF INF INF INF INF INF INF INF INF INF INF INF INF INF INF INF INF INF INF INF INF INF INF INF INF INF INF INF INF INF INF INF INF INF INF INF INF INF INF INF INF INF INF INF INF INF INF INF INF INF INF INF INF INF INF INF INF INF INF INF INF INF INF INF INF INF INF INF INF INF INF INF INF INF INF INF INF INF INF INF INF INF INF INF INF INF INF INF INF INF INF INF INF INF INF INF INF INF INF INF INF INF INF INF INF INF INF INF INF INF INF INF INF INF INF INF INF INF INF INF INF INF INF INF INF INF INF INF INF INF INF INF INF INF INF INF INF INF INF INF INF INF INF INF INF INF INF INF INF INF INF INF INF INF INF INF INF 0 13 37 50 66 77 89 102 11 25 44 47 32 29 36 51 63 73 50 21 41 56 49 65 29 16 20 35 20 25 30 6 24 32 24 27 28 32 28 9 10 28 28 37 20 17 29 22 27 25 26 26 25 22 28 25 13 27 26 22 27 23 23 27 17 15 23 22 19 24 21 25 18 25 23
INF INF INF INF INF INF INF INF INF INF INF INF INF INF INF INF INF INF INF INF INF INF INF INF INF INF INF INF INF INF INF INF INF INF INF INF INF INF INF INF INF INF INF INF INF INF INF INF INF INF INF INF INF INF INF INF INF INF INF INF INF INF INF INF INF INF INF INF INF INF INF INF INF INF INF INF INF INF INF INF INF INF INF INF INF INF INF INF INF INF INF INF INF INF INF INF INF INF INF INF INF INF INF INF INF INF INF INF INF INF INF INF INF INF INF INF INF INF INF INF INF INF INF INF INF INF INF INF INF INF INF INF INF INF INF INF INF INF INF INF INF INF INF INF INF INF INF INF INF INF INF INF INF INF INF INF INF INF INF INF INF INF INF INF INF INF INF INF INF INF INF INF INF INF INF INF INF INF INF INF INF INF INF INF INF INF INF INF INF INF INF INF INF INF INF INF INF INF INF INF INF INF INF INF INF INF INF INF INF INF INF INF INF INF INF INF INF INF INF INF INF INF INF INF INF INF INF INF INF INF INF INF INF INF INF INF INF INF INF INF INF INF INF INF INF INF INF INF INF INF INF INF INF INF INF INF INF INF INF INF INF INF INF INF INF INF INF INF INF INF INF INF INF INF INF INF INF INF INF INF INF INF INF INF INF INF INF INF INF INF INF INF INF INF INF INF INF INF INF INF INF INF INF INF INF INF INF INF INF INF INF INF INF INF INF INF INF INF INF INF INF INF INF INF INF INF INF INF INF INF INF INF INF INF INF INF INF INF INF INF INF INF INF INF INF INF INF INF INF INF INF INF INF INF INF INF INF INF INF INF INF INF INF INF INF INF INF INF INF INF INF INF INF INF INF INF INF INF INF INF INF INF INF INF INF INF INF INF INF INF INF INF INF INF INF INF INF INF INF INF INF INF INF INF INF INF INF INF INF INF INF INF INF INF INF INF INF INF INF INF INF INF INF INF INF INF 0 24 37 53 64 76 89 21 35 54 57 42 39 28 43 55 65 60 31 36 51 44 60 16 26 30 27 30 35 40 30 47 42 34 30 38 42 38 29 6 24 30 29 16 4 19 18 36 12 13 17 17 9 24 15 19 16 18 20 24 19 19 24 20 14 21 14 6 11 8 12 10 12 16
INF INF INF INF INF INF INF INF INF INF INF INF INF INF INF INF INF INF INF INF INF INF INF INF INF INF INF INF INF INF INF INF INF INF INF INF INF INF INF INF INF INF INF INF INF INF INF INF INF INF INF INF INF INF INF INF INF INF INF INF INF INF INF INF INF INF INF INF INF INF INF INF INF INF INF INF INF INF INF INF INF INF INF INF INF INF INF INF INF INF INF INF INF INF INF INF INF INF INF INF INF INF INF INF INF INF INF INF INF INF INF INF INF INF INF INF INF INF INF INF INF INF INF INF INF INF INF INF INF INF INF INF INF INF INF INF INF INF INF INF INF INF INF INF INF INF INF INF INF INF INF INF INF INF INF INF INF INF INF INF INF INF INF INF INF INF INF INF INF INF INF INF INF INF INF INF INF INF INF INF INF INF INF INF INF INF INF INF INF INF INF INF INF INF INF INF INF INF INF INF INF INF INF INF INF INF INF INF INF INF INF INF INF INF INF INF INF INF INF INF INF INF INF INF INF INF INF INF INF INF INF INF INF INF INF INF INF INF INF INF INF INF INF INF INF INF INF INF INF INF INF INF INF INF INF INF INF INF INF INF INF INF INF INF INF INF INF INF INF INF INF INF INF INF INF INF INF INF INF INF INF INF INF INF INF INF INF INF INF INF INF INF INF INF INF INF INF INF INF INF INF INF INF INF INF INF INF INF INF INF INF INF INF INF INF INF INF INF INF INF INF INF INF INF INF INF INF INF INF INF INF INF INF INF INF INF INF INF INF INF INF INF INF INF INF INF INF INF INF INF INF INF INF INF INF INF INF INF INF INF INF INF INF INF INF INF INF INF INF INF INF INF INF INF INF INF INF INF INF INF INF INF INF INF INF INF INF INF INF INF INF INF INF INF INF INF INF INF INF INF INF INF INF INF INF INF INF INF INF INF INF INF INF INF INF INF INF INF INF INF INF INF INF INF INF INF INF 0 13 29 40 52 65 54 55 74 36 53 43 4 19 31 41 39 36 12 27 20 36 19 20 24 3 22 23 28 22 40 30 28 6 23 31 35 25 23 21 27 5 9 15 26 19 30 19 20 21 22 15 22 14 15 14 25 13 23 6 12 13 10 13 19 14 15 12 14 18 11 14 20
INF INF INF INF INF INF INF INF INF INF INF INF INF INF INF INF INF INF INF INF INF INF INF INF INF INF INF INF INF INF INF INF INF INF INF INF INF INF INF INF INF INF INF INF INF INF INF INF INF INF INF INF INF INF INF INF INF INF INF INF INF INF INF INF INF INF INF INF INF INF INF INF INF INF INF INF INF INF INF INF INF INF INF INF INF INF INF INF INF INF INF INF INF INF INF INF INF INF INF INF INF INF INF INF INF INF INF INF INF INF INF INF INF INF INF INF INF INF INF INF INF INF INF INF INF INF INF INF INF INF INF INF INF INF INF INF INF INF INF INF INF INF INF INF INF INF INF INF INF INF INF INF INF INF INF INF INF INF INF INF INF INF INF INF INF INF INF INF INF INF INF INF INF INF INF INF INF INF INF INF INF INF INF INF INF INF INF INF INF INF INF INF INF INF INF INF INF INF INF INF INF INF INF INF INF INF INF INF INF INF INF INF INF INF INF INF INF INF INF INF INF INF INF INF INF INF INF INF INF INF INF INF INF INF INF INF INF INF INF INF INF INF INF INF INF INF INF INF INF INF INF INF INF INF INF INF INF INF INF INF INF INF INF INF INF INF INF INF INF INF INF INF INF INF INF INF INF INF INF INF INF INF INF INF INF INF INF INF INF INF INF INF INF INF INF INF INF INF INF INF INF INF INF INF INF INF INF INF INF INF INF INF INF INF INF INF INF INF INF INF INF INF INF INF INF INF INF INF INF INF INF INF INF INF INF INF INF INF INF INF INF INF INF INF INF INF INF INF INF INF INF INF INF INF INF INF INF INF INF INF INF INF INF INF INF INF INF INF INF INF INF INF INF INF INF INF INF INF INF INF INF INF INF INF INF INF INF INF INF INF INF INF INF INF INF INF INF INF INF INF INF INF INF INF INF INF INF INF INF INF INF INF INF INF INF INF INF INF INF INF INF INF INF INF INF INF INF INF 0 16 27 39 52 41 42 61 23 40 30 29 34 46 56 26 34 35 50 43 41 41 42 46 44 34 38 35 9 27 37 27 29 34 39 45 12 13 31 22 30 23 19 31 25 17 29 30 8 9 24 31 12 12 26 25 19 26 26 16 20 16 18 32 18 21 26 17 21 18 27 20
INF INF INF INF INF INF INF INF INF INF INF INF INF INF INF INF INF INF INF INF INF INF INF INF INF INF INF INF INF INF INF INF INF INF INF INF INF INF INF INF INF INF INF INF INF INF INF INF INF INF INF INF INF INF INF INF INF INF INF INF INF INF INF INF INF INF INF INF INF INF INF INF INF INF INF INF INF INF INF INF INF INF INF INF INF INF INF INF INF INF INF INF INF INF INF INF INF INF INF INF INF INF INF INF INF INF INF INF INF INF INF INF INF INF INF INF INF INF INF INF INF INF INF INF INF INF INF INF INF INF INF INF INF INF INF INF INF INF INF INF INF INF INF INF INF INF INF INF INF INF INF INF INF INF INF INF INF INF INF INF INF INF INF INF INF INF INF INF INF INF INF INF INF INF INF INF INF INF INF INF INF INF INF INF INF INF INF INF INF INF INF INF INF INF INF INF INF INF INF INF INF INF INF INF INF INF INF INF INF INF INF INF INF INF INF INF INF INF INF INF INF INF INF INF INF INF INF INF INF INF INF INF INF INF INF INF INF INF INF INF INF INF INF INF INF INF INF INF INF INF INF INF INF INF INF INF INF INF INF INF INF INF INF INF INF INF INF INF INF INF INF INF INF INF INF INF INF INF INF INF INF INF INF INF INF INF INF INF INF INF INF INF INF INF INF INF INF INF INF INF INF INF INF INF INF INF INF INF INF INF INF INF INF INF INF INF INF INF INF INF INF INF INF INF INF INF INF INF INF INF INF INF INF INF INF INF INF INF INF INF INF INF INF INF INF INF INF INF INF INF INF INF INF INF INF INF INF INF INF INF INF INF INF INF INF INF INF INF INF INF INF INF INF INF INF INF INF INF INF INF INF INF INF INF INF INF INF INF INF INF INF INF INF INF INF INF INF INF INF INF INF INF INF INF INF INF INF INF INF INF INF INF INF INF INF INF INF INF INF INF INF INF INF INF INF INF INF INF INF 0 11 23 36 25 26 45 7 24 14 13 18 30 40 10 18 19 34 27 25 25 26 30 28 18 22 19 26 24 21 11 13 18 23 29 29 19 21 26 14 12 3 15 23 1 13 14 13 14 8 21 14 5 17 18 15 15 13 18 14 9 5 20 12 5 10 13 16 8 11 4
INF INF INF INF INF INF INF INF INF INF INF INF INF INF INF INF INF INF INF INF INF INF INF INF INF INF INF INF INF INF INF INF INF INF INF INF INF INF INF INF INF INF INF INF INF INF INF INF INF INF INF INF INF INF INF INF INF INF INF INF INF INF INF INF INF INF INF INF INF INF INF INF INF INF INF INF INF INF INF INF INF INF INF INF INF INF INF INF INF INF INF INF INF INF INF INF INF INF INF INF INF INF INF INF INF INF INF INF INF INF INF INF INF INF INF INF INF INF INF INF INF INF INF INF INF INF INF INF INF INF INF INF INF INF INF INF INF INF INF INF INF INF INF INF INF INF INF INF INF INF INF INF INF INF INF INF INF INF INF INF INF INF INF INF INF INF INF INF INF INF INF INF INF INF INF INF INF INF INF INF INF INF INF INF INF INF INF INF INF INF INF INF INF INF INF INF INF INF INF INF INF INF INF INF INF INF INF INF INF INF INF INF INF INF INF INF INF INF INF INF INF INF INF INF INF INF INF INF INF INF INF INF INF INF INF INF INF INF INF INF INF INF INF INF INF INF INF INF INF INF INF INF INF INF INF INF INF INF INF INF INF INF INF INF INF INF INF INF INF INF INF INF INF INF INF INF INF INF INF INF INF INF INF INF INF INF INF INF INF INF INF INF INF INF INF INF INF INF INF INF INF INF INF INF INF INF INF INF INF INF INF INF INF INF INF INF INF INF INF INF INF INF INF INF INF INF INF INF INF INF INF INF INF INF INF INF INF INF INF INF INF INF INF INF INF INF INF INF INF INF INF INF INF INF INF INF INF INF INF INF INF INF INF INF INF INF INF INF INF INF INF INF INF INF INF INF INF INF INF INF INF INF INF INF INF INF INF INF INF INF INF INF INF INF INF INF INF INF INF INF INF INF INF INF INF INF INF INF INF INF INF INF INF INF INF INF INF INF INF INF INF INF INF INF INF INF INF INF INF INF 0 12 25 45 15 34 37 22 3 2 17 29 39 40 31 22 37 30 46 29 15 19 34 19 21 8 19 36 10 23 4 21 29 18 22 21 19 25 3 7 18 19 27 26 17 10 20 14 11 20 12 13 12 23 11 4 2 7 9 6 2 15 5 13 6 6 10 5 17 11
INF INF INF INF INF INF INF INF INF INF INF INF INF INF INF INF INF INF INF INF INF INF INF INF INF INF INF INF INF INF INF INF INF INF INF INF INF INF INF INF INF INF INF INF INF INF INF INF INF INF INF INF INF INF INF INF INF INF INF INF INF INF INF INF INF INF INF INF INF INF INF INF INF INF INF INF INF INF INF INF INF INF INF INF INF INF INF INF INF INF INF INF INF INF INF INF INF INF INF INF INF INF INF INF INF INF INF INF INF INF INF INF INF INF INF INF INF INF INF INF INF INF INF INF INF INF INF INF INF INF INF INF INF INF INF INF INF INF INF INF INF INF INF INF INF INF INF INF INF INF INF INF INF INF INF INF INF INF INF INF INF INF INF INF INF INF INF INF INF INF INF INF INF INF INF INF INF INF INF INF INF INF INF INF INF INF INF INF INF INF INF INF INF INF INF INF INF INF INF INF INF INF INF INF INF INF INF INF INF INF INF INF INF INF INF INF INF INF INF INF INF INF INF INF INF INF INF INF INF INF INF INF INF INF INF INF INF INF INF INF INF INF INF INF INF INF INF INF INF INF INF INF INF INF INF INF INF INF INF INF INF INF INF INF INF INF INF INF INF INF INF INF INF INF INF INF INF INF INF INF INF INF INF INF INF INF INF INF INF INF INF INF INF INF INF INF INF INF INF INF INF INF INF INF INF INF INF INF INF INF INF INF INF INF INF INF INF INF INF INF INF INF INF INF INF INF INF INF INF INF INF INF INF INF INF INF INF INF INF INF INF INF INF INF INF INF INF INF INF INF INF INF INF INF INF INF INF INF INF INF INF INF INF INF INF INF INF INF INF INF INF INF INF INF INF INF INF INF INF INF INF INF INF INF INF INF INF INF INF INF INF INF INF INF INF INF INF INF INF INF INF INF INF INF INF INF INF INF INF INF INF INF INF INF INF INF INF INF INF INF INF INF INF INF INF INF INF INF INF INF INF 0 13 33 16 35 38 23 20 16 31 25 35 38 30 39 54 47 63 31 25 21 36 29 9 14 17 35 16 14 18 20 37 19 18 19 24 23 17 21 7 20 28 17 27 23 16 17 12 25 18 20 26 13 18 21 21 11 23 18 16 31 17 9 14 22 26 19 15 20
INF INF INF INF INF INF INF INF INF INF INF INF INF INF INF INF INF INF INF INF INF INF INF INF INF INF INF INF INF INF INF INF INF INF INF INF INF INF INF INF INF INF INF INF INF INF INF INF INF INF INF INF INF INF INF INF INF INF INF INF INF INF INF INF INF INF INF INF INF INF INF INF INF INF INF INF INF INF INF INF INF INF INF INF INF INF INF INF INF INF INF INF INF INF INF INF INF INF INF INF INF INF INF INF INF INF INF INF INF INF INF INF INF INF INF INF INF INF INF INF INF INF INF INF INF INF INF INF INF INF INF INF INF INF INF INF INF INF INF INF INF INF INF INF INF INF INF INF INF INF INF INF INF INF INF INF INF INF INF INF INF INF INF INF INF INF INF INF INF INF INF INF INF INF INF INF INF INF INF INF INF INF INF INF INF INF INF INF INF INF INF INF INF INF INF INF INF INF INF INF INF INF INF INF INF INF INF INF INF INF INF INF INF INF INF INF INF INF INF INF INF INF INF INF INF INF INF INF INF INF INF INF INF INF INF INF INF INF INF INF INF INF INF INF INF INF INF INF INF INF INF INF INF INF INF INF INF INF INF INF INF INF INF INF INF INF INF INF INF INF INF INF INF INF INF INF INF INF INF INF INF INF INF INF INF INF INF INF INF INF INF INF INF INF INF INF INF INF INF INF INF INF INF INF INF INF INF INF INF INF INF INF INF INF INF INF INF INF INF INF INF INF INF INF INF INF INF INF INF INF INF INF INF INF INF INF INF INF INF INF INF INF INF INF INF INF INF INF INF INF INF INF INF INF INF INF INF INF INF INF INF INF INF INF INF INF INF INF INF INF INF INF INF INF INF INF INF INF INF INF INF INF INF INF INF INF INF INF INF INF INF INF INF INF INF INF INF INF INF INF INF INF INF INF INF INF INF INF INF INF INF INF INF INF INF INF INF INF INF INF INF INF INF INF INF INF INF INF INF INF INF INF 0 20 3 22 25 10 7 12 27 39 49 28 19 26 41 34 50 18 12 16 31 16 2 7 16 33 9 7 5 13 28 6 5 6 17 10 13 15 14 7 15 10 14 15 9 10 10 18 13 13 16 18 11 8 14 10 10 11 3 18 9 6 10 10 14 6 16 12
INF INF INF INF INF INF INF INF INF INF INF INF INF INF INF INF INF INF INF INF INF INF INF INF INF INF INF INF INF INF INF INF INF INF INF INF INF INF INF INF INF INF INF INF INF INF INF INF INF INF INF INF INF INF INF INF INF INF INF INF INF INF INF INF INF INF INF INF INF INF INF INF INF INF INF INF INF INF INF INF INF INF INF INF INF INF INF INF INF INF INF INF INF INF INF INF INF INF INF INF INF INF INF INF INF INF INF INF INF INF INF INF INF INF INF INF INF INF INF INF INF INF INF INF INF INF INF INF INF INF INF INF INF INF INF INF INF INF INF INF INF INF INF INF INF INF INF INF INF INF INF INF INF INF INF INF INF INF INF INF INF INF INF INF INF INF INF INF INF INF INF INF INF INF INF INF INF INF INF INF INF INF INF INF INF INF INF INF INF INF INF INF INF INF INF INF INF INF INF INF INF INF INF INF INF INF INF INF INF INF INF INF INF INF INF INF INF INF INF INF INF INF INF INF INF INF INF INF INF INF INF INF INF INF INF INF INF INF INF INF INF INF INF INF INF INF INF INF INF INF INF INF INF INF INF INF INF INF INF INF INF INF INF INF INF INF INF INF INF INF INF INF INF INF INF INF INF INF INF INF INF INF INF INF INF INF INF INF INF INF INF INF INF INF INF INF INF INF INF INF INF INF INF INF INF INF INF INF INF INF INF INF INF INF INF INF INF INF INF INF INF INF INF INF INF INF INF INF INF INF INF INF INF INF INF INF INF INF INF INF INF INF INF INF INF INF INF INF INF INF INF INF INF INF INF INF INF INF INF INF INF INF INF INF INF INF INF INF INF INF INF INF INF INF INF INF INF INF INF INF INF INF INF INF INF INF INF INF INF INF INF INF INF INF INF INF INF INF INF INF INF INF INF INF INF INF INF INF INF INF INF INF INF INF INF INF INF INF INF INF INF INF INF INF INF INF INF INF INF INF INF INF INF 0 14 33 36 21 18 25 40 52 62 39 10 30 45 38 54 29 5 9 24 9 14 19 9 26 21 13 16 17 21 17 12 13 23 17 26 10 21 18 25 16 25 20 15 14 20 20 17 16 18 28 14 16 13 12 20 17 18 24 17 23 17 18 22 8 20 19
INF INF INF INF INF INF INF INF INF INF INF INF INF INF INF INF INF INF INF INF INF INF INF INF INF INF INF INF INF INF INF INF INF INF INF INF INF INF INF INF INF INF INF INF INF INF INF INF INF INF INF INF INF INF INF INF INF INF INF INF INF INF INF INF INF INF INF INF INF INF INF INF INF INF INF INF INF INF INF INF INF INF INF INF INF INF INF INF INF INF INF INF INF INF INF INF INF INF INF INF INF INF INF INF INF INF INF INF INF INF INF INF INF INF INF INF INF INF INF INF INF INF INF INF INF INF INF INF INF INF INF INF INF INF INF INF INF INF INF INF INF INF INF INF INF INF INF INF INF INF INF INF INF INF INF INF INF INF INF INF INF INF INF INF INF INF INF INF INF INF INF INF INF INF INF INF INF INF INF INF INF INF INF INF INF INF INF INF INF INF INF INF INF INF INF INF INF INF INF INF INF INF INF INF INF INF INF INF INF INF INF INF INF INF INF INF INF INF INF INF INF INF INF INF INF INF INF INF INF INF INF INF INF INF INF INF INF INF INF INF INF INF INF INF INF INF INF INF INF INF INF INF INF INF INF INF INF INF INF INF INF INF INF INF INF INF INF INF INF INF INF INF INF INF INF INF INF INF INF INF INF INF INF INF INF INF INF INF INF INF INF INF INF INF INF INF INF INF INF INF INF INF INF INF INF INF INF INF INF INF INF INF INF INF INF INF INF INF INF INF INF INF INF INF INF INF INF INF INF INF INF INF INF INF INF INF INF INF INF INF INF INF INF INF INF INF INF INF INF INF INF INF INF INF INF INF INF INF INF INF INF INF INF INF INF INF INF INF INF INF INF INF INF INF INF INF INF INF INF INF INF INF INF INF INF INF INF INF INF INF INF INF INF INF INF INF INF INF INF INF INF INF INF INF INF INF INF INF INF INF INF INF INF INF INF INF INF INF INF INF INF INF INF INF INF INF INF INF INF INF INF INF INF INF 0 19 22 7 4 11 26 38 48 25 16 23 38 31 47 15 9 13 28 13 18 9 13 30 11 17 2 19 25 3 8 9 23 21 12 14 24 4 12 20 11 12 18 16 12 24 19 18 15 15 15 5 16 8 7 16 7 20 6 14 7 7 11 7 13 9
INF INF INF INF INF INF INF INF INF INF INF INF INF INF INF INF INF INF INF INF INF INF INF INF INF INF INF INF INF INF INF INF INF INF INF INF INF INF INF INF INF INF INF INF INF INF INF INF INF INF INF INF INF INF INF INF INF INF INF INF INF INF INF INF INF INF INF INF INF INF INF INF INF INF INF INF INF INF INF INF INF INF INF INF INF INF INF INF INF INF INF INF INF INF INF INF INF INF INF INF INF INF INF INF INF INF INF INF INF INF INF INF INF INF INF INF INF INF INF INF INF INF INF INF INF INF INF INF INF INF INF INF INF INF INF INF INF INF INF INF INF INF INF INF INF INF INF INF INF INF INF INF INF INF INF INF INF INF INF INF INF INF INF INF INF INF INF INF INF INF INF INF INF INF INF INF INF INF INF INF INF INF INF INF INF INF INF INF INF INF INF INF INF INF INF INF INF INF INF INF INF INF INF INF INF INF INF INF INF INF INF INF INF INF INF INF INF INF INF INF INF INF INF INF INF INF INF INF INF INF INF INF INF INF INF INF INF INF INF INF INF INF INF INF INF INF INF INF INF INF INF INF INF INF INF INF INF INF INF INF INF INF INF INF INF INF INF INF INF INF INF INF INF INF INF INF INF INF INF INF INF INF INF INF INF INF INF INF INF INF INF INF INF INF INF INF INF INF INF INF INF INF INF INF INF INF INF INF INF INF INF INF INF INF INF INF INF INF INF INF INF INF INF INF INF INF INF INF INF INF INF INF INF INF INF INF INF INF INF INF INF INF INF INF INF INF INF INF INF INF INF INF INF INF INF INF INF INF INF INF INF INF INF INF INF INF INF INF INF INF INF INF INF INF INF INF INF INF INF INF INF INF INF INF INF INF INF INF INF INF INF INF INF INF INF INF INF INF INF INF INF INF INF INF INF INF INF INF INF INF INF INF INF INF INF INF INF INF INF INF INF INF INF INF INF INF INF INF INF INF INF INF INF INF INF 0 3 20 38 11 14 26 36 6 14 15 30 23 39 21 22 26 24 14 18 23 22 20 25 7 9 14 19 27 25 15 17 22 12 8 19 28 22 10 22 17 9 10 18 17 13 11 21 24 11 21 11 16 16 15 14 24 19 5 2 18 19 17 10 13
INF INF INF INF INF INF INF INF INF INF INF INF INF INF INF INF INF INF INF INF INF INF INF INF INF INF INF INF INF INF INF INF INF INF INF INF INF INF INF INF INF INF INF INF INF INF INF INF INF INF INF INF INF INF INF INF INF INF INF INF INF INF INF INF INF INF INF INF INF INF INF INF INF INF INF INF INF INF INF INF INF INF INF INF INF INF INF INF INF INF INF INF INF INF INF INF INF INF INF INF INF INF INF INF INF INF INF INF INF INF INF INF INF INF INF INF INF INF INF INF INF INF INF INF INF INF INF INF INF INF INF INF INF INF INF INF INF INF INF INF INF INF INF INF INF INF INF INF INF INF INF INF INF INF INF INF INF INF INF INF INF INF INF INF INF INF INF INF INF INF INF INF INF INF INF INF INF INF INF INF INF INF INF INF INF INF INF INF INF INF INF INF INF INF INF INF INF INF INF INF INF INF INF INF INF INF INF INF INF INF INF INF INF INF INF INF INF INF INF INF INF INF INF INF INF INF INF INF INF INF INF INF INF INF INF INF INF INF INF INF INF INF INF INF INF INF INF INF INF INF INF INF INF INF INF INF INF INF INF INF INF INF INF INF INF INF INF INF INF INF INF INF INF INF INF INF INF INF INF INF INF INF INF INF INF INF INF INF INF INF INF INF INF INF INF INF INF INF INF INF INF INF INF INF INF INF INF INF INF INF INF INF INF INF INF INF INF INF INF INF INF INF INF INF INF INF INF INF INF INF INF INF INF INF INF INF INF INF INF INF INF INF INF INF INF INF INF INF INF INF INF INF INF INF INF INF INF INF INF INF INF INF INF INF INF INF INF INF INF INF INF INF INF INF INF INF INF INF INF INF INF INF INF INF INF INF INF INF INF INF INF INF INF INF INF INF INF INF INF INF INF INF INF INF INF INF INF INF INF INF INF INF INF INF INF INF INF INF INF INF INF INF INF INF INF INF INF INF INF INF INF INF INF INF INF INF 0 17 35 21 11 23 33 3 11 12 27 20 36 18 19 23 21 11 15 20 19 17 22 4 6 11 16 24 22 12 14 19 14 5 16 25 19 7 19 14 6 7 15 14 10 8 22 21 8 18 8 13 13 12 11 21 16 2 7 15 19 14 7 10
INF INF INF INF INF INF INF INF INF INF INF INF INF INF INF INF INF INF INF INF INF INF INF INF INF INF INF INF INF INF INF INF INF INF INF INF INF INF INF INF INF INF INF INF INF INF INF INF INF INF INF INF INF INF INF INF INF INF INF INF INF INF INF INF INF INF INF INF INF INF INF INF INF INF INF INF INF INF INF INF INF INF INF INF INF INF INF INF INF INF INF INF INF INF INF INF INF INF INF INF INF INF INF INF INF INF INF INF INF INF INF INF INF INF INF INF INF INF INF INF INF INF INF INF INF INF INF INF INF INF INF INF INF INF INF INF INF INF INF INF INF INF INF INF INF INF INF INF INF INF INF INF INF INF INF INF INF INF INF INF INF INF INF INF INF INF INF INF INF INF INF INF INF INF INF INF INF INF INF INF INF INF INF INF INF INF INF INF INF INF INF INF INF INF INF INF INF INF INF INF INF INF INF INF INF INF INF INF INF INF INF INF INF INF INF INF INF INF INF INF INF INF INF INF INF INF INF INF INF INF INF INF INF INF INF INF INF INF INF INF INF INF INF INF INF INF INF INF INF INF INF INF INF INF INF INF INF INF INF INF INF INF INF INF INF INF INF INF INF INF INF INF INF INF INF INF INF INF INF INF INF INF INF INF INF INF INF INF INF INF INF INF INF INF INF INF INF INF INF INF INF INF INF INF INF INF INF INF INF INF INF INF INF INF INF INF INF INF INF INF INF INF INF INF INF INF INF INF INF INF INF INF INF INF INF INF INF INF INF INF INF INF INF INF INF INF INF INF INF INF INF INF INF INF INF INF INF INF INF INF INF INF INF INF INF INF INF INF INF INF INF INF INF INF INF INF INF INF INF INF INF INF INF INF INF INF INF INF INF INF INF INF INF INF INF INF INF INF INF INF INF INF INF INF INF INF INF INF INF INF INF INF INF INF INF INF INF INF INF INF INF INF INF INF INF INF INF INF INF INF INF INF INF INF INF INF INF 0 18 4 19 31 41 44 9 29 44 37 53 36 2 6 21 6 11 16 6 23 18 10 6 16 18 19 9 10 20 14 5 7 18 19 22 13 19 19 12 11 17 17 14 13 14 18 11 19 10 16 13 9 13 20 18 20 12 13 17 1 13 16
INF INF INF INF INF INF INF INF INF INF INF INF INF INF INF INF INF INF INF INF INF INF INF INF INF INF INF INF INF INF INF INF INF INF INF INF INF INF INF INF INF INF INF INF INF INF INF INF INF INF INF INF INF INF INF INF INF INF INF INF INF INF INF INF INF INF INF INF INF INF INF INF INF INF INF INF INF INF INF INF INF INF INF INF INF INF INF INF INF INF INF INF INF INF INF INF INF INF INF INF INF INF INF INF INF INF INF INF INF INF INF INF INF INF INF INF INF INF INF INF INF INF INF INF INF INF INF INF INF INF INF INF INF INF INF INF INF INF INF INF INF INF INF INF INF INF INF INF INF INF INF INF INF INF INF INF INF INF INF INF INF INF INF INF INF INF INF INF INF INF INF INF INF INF INF INF INF INF INF INF INF INF INF INF INF INF INF INF INF INF INF INF INF INF INF INF INF INF INF INF INF INF INF INF INF INF INF INF INF INF INF INF INF INF INF INF INF INF INF INF INF INF INF INF INF INF INF INF INF INF INF INF INF INF INF INF INF INF INF INF INF INF INF INF INF INF INF INF INF INF INF INF INF INF INF INF INF INF INF INF INF INF INF INF INF INF INF INF INF INF INF INF INF INF INF INF INF INF INF INF INF INF INF INF INF INF INF INF INF INF INF INF INF INF INF INF INF INF INF INF INF INF INF INF INF INF INF INF INF INF INF INF INF INF INF INF INF INF INF INF INF INF INF INF INF INF INF INF INF INF INF INF INF INF INF INF INF INF INF INF INF INF INF INF INF INF INF INF INF INF INF INF INF INF INF INF INF INF INF INF INF INF INF INF INF INF INF INF INF INF INF INF INF INF INF INF INF INF INF INF INF INF INF INF INF INF INF INF INF INF INF INF INF INF INF INF INF INF INF INF INF INF INF INF INF INF INF INF INF INF INF INF INF INF INF INF INF INF INF INF INF INF INF INF INF INF INF INF INF INF INF INF INF INF INF INF INF INF 0 7 22 34 44 47 39 19 34 27 43 26 12 16 31 16 21 5 16 33 7 20 9 26 28 29 19 20 24 24 8 12 23 27 26 23 22 23 17 18 8 25 17 18 17 28 16 1 12 4 9 15 16 23 2 10 3 3 7 5 14 12
INF INF INF INF INF INF INF INF INF INF INF INF INF INF INF INF INF INF INF INF INF INF INF INF INF INF INF INF INF INF INF INF INF INF INF INF INF INF INF INF INF INF INF INF INF INF INF INF INF INF INF INF INF INF INF INF INF INF INF INF INF INF INF INF INF INF INF INF INF INF INF INF INF INF INF INF INF INF INF INF INF INF INF INF INF INF INF INF INF INF INF INF INF INF INF INF INF INF INF INF INF INF INF INF INF INF INF INF INF INF INF INF INF INF INF INF INF INF INF INF INF INF INF INF INF INF INF INF INF INF INF INF INF INF INF INF INF INF INF INF INF INF INF INF INF INF INF INF INF INF INF INF INF INF INF INF INF INF INF INF INF INF INF INF INF INF INF INF INF INF INF INF INF INF INF INF INF INF INF INF INF INF INF INF INF INF INF INF INF INF INF INF INF INF INF INF INF INF INF INF INF INF INF INF INF INF INF INF INF INF INF INF INF INF INF INF INF INF INF INF INF INF INF INF INF INF INF INF INF INF INF INF INF INF INF INF INF INF INF INF INF INF INF INF INF INF INF INF INF INF INF INF INF INF INF INF INF INF INF INF INF INF INF INF INF INF INF INF INF INF INF INF INF INF INF INF INF INF INF INF INF INF INF INF INF INF INF INF INF INF INF INF INF INF INF INF INF INF INF INF INF INF INF INF INF INF INF INF INF INF INF INF INF INF INF INF INF INF INF INF INF INF INF INF INF INF INF INF INF INF INF INF INF INF INF INF INF INF INF INF INF INF INF INF INF INF INF INF INF INF INF INF INF INF INF INF INF INF INF INF INF INF INF INF INF INF INF INF INF INF INF INF INF INF INF INF INF INF INF INF INF INF INF INF INF INF INF INF INF INF INF INF INF INF INF INF INF INF INF INF INF INF INF INF INF INF INF INF INF INF INF INF INF INF INF INF INF INF INF INF INF INF INF INF INF INF INF INF INF INF INF INF INF INF INF INF INF INF INF 0 15 27 37 40 32 49 64 57 73 45 52 32 47 42 19 24 23 41 26 24 2 19 27 39 25 19 17 23 1 5 16 22 25 27 15 16 26 20 21 18 10 11 10 21 9 19 8 12 9 12 9 16 16 16 8 16 18 7 19 18
INF INF INF INF INF INF INF INF INF INF INF INF INF INF INF INF INF INF INF INF INF INF INF INF INF INF INF INF INF INF INF INF INF INF INF INF INF INF INF INF INF INF INF INF INF INF INF INF INF INF INF INF INF INF INF INF INF INF INF INF INF INF INF INF INF INF INF INF INF INF INF INF INF INF INF INF INF INF INF INF INF INF INF INF INF INF INF INF INF INF INF INF INF INF INF INF INF INF INF INF INF INF INF INF INF INF INF INF INF INF INF INF INF INF INF INF INF INF INF INF INF INF INF INF INF INF INF INF INF INF INF INF INF INF INF INF INF INF INF INF INF INF INF INF INF INF INF INF INF INF INF INF INF INF INF INF INF INF INF INF INF INF INF INF INF INF INF INF INF INF INF INF INF INF INF INF INF INF INF INF INF INF INF INF INF INF INF INF INF INF INF INF INF INF INF INF INF INF INF INF INF INF INF INF INF INF INF INF INF INF INF INF INF INF INF INF INF INF INF INF INF INF INF INF INF INF INF INF INF INF INF INF INF INF INF INF INF INF INF INF INF INF INF INF INF INF INF INF INF INF INF INF INF INF INF INF INF INF INF INF INF INF INF INF INF INF INF INF INF INF INF INF INF INF INF INF INF INF INF INF INF INF INF INF INF INF INF INF INF INF INF INF INF INF INF INF INF INF INF INF INF INF INF INF INF INF INF INF INF INF INF INF INF INF INF INF INF INF INF INF INF INF INF INF INF INF INF INF INF INF INF INF INF INF INF INF INF INF INF INF INF INF INF INF INF INF INF INF INF INF INF INF INF INF INF INF INF INF INF INF INF INF INF INF INF INF INF INF INF INF INF INF INF INF INF INF INF INF INF INF INF INF INF INF INF INF INF INF INF INF INF INF INF INF INF INF INF INF INF INF INF INF INF INF INF INF INF INF INF INF INF INF INF INF INF INF INF INF INF INF INF INF INF INF INF INF INF INF INF INF INF INF INF INF INF INF INF INF INF INF 0 12 22 25 17 34 49 42 58 30 37 17 32 27 4 9 8 26 11 9 20 15 12 24 11 12 19 25 19 17 16 25 24 12 24 18 11 12 12 20 15 15 28 28 13 23 16 12 23 13 16 26 13 18 23 17 21 19 24 15
INF INF INF INF INF INF INF INF INF INF INF INF INF INF INF INF INF INF INF INF INF INF INF INF INF INF INF INF INF INF INF INF INF INF INF INF INF INF INF INF INF INF INF INF INF INF INF INF INF INF INF INF INF INF INF INF INF INF INF INF INF INF INF INF INF INF INF INF INF INF INF INF INF INF INF INF INF INF INF INF INF INF INF INF INF INF INF INF INF INF INF INF INF INF INF INF INF INF INF INF INF INF INF INF INF INF INF INF INF INF INF INF INF INF INF INF INF INF INF INF INF INF INF INF INF INF INF INF INF INF INF INF INF INF INF INF INF INF INF INF INF INF INF INF INF INF INF INF INF INF INF INF INF INF INF INF INF INF INF INF INF INF INF INF INF INF INF INF INF INF INF INF INF INF INF INF INF INF INF INF INF INF INF INF INF INF INF INF INF INF INF INF INF INF INF INF INF INF INF INF INF INF INF INF INF INF INF INF INF INF INF INF INF INF INF INF INF INF INF INF INF INF INF INF INF INF INF INF INF INF INF INF INF INF INF INF INF INF INF INF INF INF INF INF INF INF INF INF INF INF INF INF INF INF INF INF INF INF INF INF INF INF INF INF INF INF INF INF INF INF INF INF INF INF INF INF INF INF INF INF INF INF INF INF INF INF INF INF INF INF INF INF INF INF INF INF INF INF INF INF INF INF INF INF INF INF INF INF INF INF INF INF INF INF INF INF INF INF INF INF INF INF INF INF INF INF INF INF INF INF INF INF INF INF INF INF INF INF INF INF INF INF INF INF INF INF INF INF INF INF INF INF INF INF INF INF INF INF INF INF INF INF INF INF INF INF INF INF INF INF INF INF INF INF INF INF INF INF INF INF INF INF INF INF INF INF INF INF INF INF INF INF INF INF INF INF INF INF INF INF INF INF INF INF INF INF INF INF INF INF INF INF INF INF INF INF INF INF INF INF INF INF INF INF INF INF INF INF INF INF INF INF INF INF INF INF INF INF INF INF INF 0 10 13 5 22 37 30 46 18 25 5 20 15 20 22 24 27 24 13 15 12 27 28 27 13 23 15 31 10 21 26 25 16 20 15 15 10 1 24 13 13 21 24 14 18 13 16 20 17 11 21 18 23 17 16 20 14 26 15
INF INF INF INF INF INF INF INF INF INF INF INF INF INF INF INF INF INF INF INF INF INF INF INF INF INF INF INF INF INF INF INF INF INF INF INF INF INF INF INF INF INF INF INF INF INF INF INF INF INF INF INF INF INF INF INF INF INF INF INF INF INF INF INF INF INF INF INF INF INF INF INF INF INF INF INF INF INF INF INF INF INF INF INF INF INF INF INF INF INF INF INF INF INF INF INF INF INF INF INF INF INF INF INF INF INF INF INF INF INF INF INF INF INF INF INF INF INF INF INF INF INF INF INF INF INF INF INF INF INF INF INF INF INF INF INF INF INF INF INF INF INF INF INF INF INF INF INF INF INF INF INF INF INF INF INF INF INF INF INF INF INF INF INF INF INF INF INF INF INF INF INF INF INF INF INF INF INF INF INF INF INF INF INF INF INF INF INF INF INF INF INF INF INF INF INF INF INF INF INF INF INF INF INF INF INF INF INF INF INF INF INF INF INF INF INF INF INF INF INF INF INF INF INF INF INF INF INF INF INF INF INF INF INF INF INF INF INF INF INF INF INF INF INF INF INF INF INF INF INF INF INF INF INF INF INF INF INF INF INF INF INF INF INF INF INF INF INF INF INF INF INF INF INF INF INF INF INF INF INF INF INF INF INF INF INF INF INF INF INF INF INF INF INF INF INF INF INF INF INF INF INF INF INF INF INF INF INF INF INF INF INF INF INF INF INF INF INF INF INF INF INF INF INF INF INF INF INF INF INF INF INF INF INF INF INF INF INF INF INF INF INF INF INF INF INF INF INF INF INF INF INF INF INF INF INF INF INF INF INF INF INF INF INF INF INF INF INF INF INF INF INF INF INF INF INF INF INF INF INF INF INF INF INF INF INF INF INF INF INF INF INF INF INF INF INF INF INF INF INF INF INF INF INF INF INF INF INF INF INF INF INF INF INF INF INF INF INF INF INF INF INF INF INF INF INF INF INF INF INF INF INF INF INF INF INF INF INF INF INF INF INF 0 3 11 12 27 20 36 19 15 19 21 19 24 25 14 17 27 19 5 18 31 32 17 18 17 23 35 16 20 28 19 22 26 21 21 22 15 14 25 8 22 21 20 22 19 15 12 12 1 16 8 15 11 16 12 4 16 10
INF INF INF INF INF INF INF INF INF INF INF INF INF INF INF INF INF INF INF INF INF INF INF INF INF INF INF INF INF INF INF INF INF INF INF INF INF INF INF INF INF INF INF INF INF INF INF INF INF INF INF INF INF INF INF INF INF INF INF INF INF INF INF INF INF INF INF INF INF INF INF INF INF INF INF INF INF INF INF INF INF INF INF INF INF INF INF INF INF INF INF INF INF INF INF INF INF INF INF INF INF INF INF INF INF INF INF INF INF INF INF INF INF INF INF INF INF INF INF INF INF INF INF INF INF INF INF INF INF INF INF INF INF INF INF INF INF INF INF INF INF INF INF INF INF INF INF INF INF INF INF INF INF INF INF INF INF INF INF INF INF INF INF INF INF INF INF INF INF INF INF INF INF INF INF INF INF INF INF INF INF INF INF INF INF INF INF INF INF INF INF INF INF INF INF INF INF INF INF INF INF INF INF INF INF INF INF INF INF INF INF INF INF INF INF INF INF INF INF INF INF INF INF INF INF INF INF INF INF INF INF INF INF INF INF INF INF INF INF INF INF INF INF INF INF INF INF INF INF INF INF INF INF INF INF INF INF INF INF INF INF INF INF INF INF INF INF INF INF INF INF INF INF INF INF INF INF INF INF INF INF INF INF INF INF INF INF INF INF INF INF INF INF INF INF INF INF INF INF INF INF INF INF INF INF INF INF INF INF INF INF INF INF INF INF INF INF INF INF INF INF INF INF INF INF INF INF INF INF INF INF INF INF INF INF INF INF INF INF INF INF INF INF INF INF INF INF INF INF INF INF INF INF INF INF INF INF INF INF INF INF INF INF INF INF INF INF INF INF INF INF INF INF INF INF INF INF INF INF INF INF INF INF INF INF INF INF INF INF INF INF INF INF INF INF INF INF INF INF INF INF INF INF INF INF INF INF INF INF INF INF INF INF INF INF INF INF INF INF INF INF INF INF INF INF INF INF INF INF INF INF INF INF INF INF INF INF INF INF INF INF INF INF 0 8 9 24 17 33 16 27 31 18 29 34 22 31 14 24 16 3 15 34 35 29 15 14 20 32 13 17 25 16 19 23 18 18 19 12 11 22 5 19 18 17 19 16 13 10 9 10 20 17 12 9 13 17 13 24 17
INF INF INF INF INF INF INF INF INF INF INF INF INF INF INF INF INF INF INF INF INF INF INF INF INF INF INF INF INF INF INF INF INF INF INF INF INF INF INF INF INF INF INF INF INF INF INF INF INF INF INF INF INF INF INF INF INF INF INF INF INF INF INF INF INF INF INF INF INF INF INF INF INF INF INF INF INF INF INF INF INF INF INF INF INF INF INF INF INF INF INF INF INF INF INF INF INF INF INF INF INF INF INF INF INF INF INF INF INF INF INF INF INF INF INF INF INF INF INF INF INF INF INF INF INF INF INF INF INF INF INF INF INF INF INF INF INF INF INF INF INF INF INF INF INF INF INF INF INF INF INF INF INF INF INF INF INF INF INF INF INF INF INF INF INF INF INF INF INF INF INF INF INF INF INF INF INF INF INF INF INF INF INF INF INF INF INF INF INF INF INF INF INF INF INF INF INF INF INF INF INF INF INF INF INF INF INF INF INF INF INF INF INF INF INF INF INF INF INF INF INF INF INF INF INF INF INF INF INF INF INF INF INF INF INF INF INF INF INF INF INF INF INF INF INF INF INF INF INF INF INF INF INF INF INF INF INF INF INF INF INF INF INF INF INF INF INF INF INF INF INF INF INF INF INF INF INF INF INF INF INF INF INF INF INF INF INF INF INF INF INF INF INF INF INF INF INF INF INF INF INF INF INF INF INF INF INF INF INF INF INF INF INF INF INF INF INF INF INF INF INF INF INF INF INF INF INF INF INF INF INF INF INF INF INF INF INF INF INF INF INF INF INF INF INF INF INF INF INF INF INF INF INF INF INF INF INF INF INF INF INF INF INF INF INF INF INF INF INF INF INF INF INF INF INF INF INF INF INF INF INF INF INF INF INF INF INF INF INF INF INF INF INF INF INF INF INF INF INF INF INF INF INF INF INF INF INF INF INF INF INF INF INF INF INF INF INF INF INF INF INF INF INF INF INF INF INF INF INF INF INF INF INF INF INF INF INF INF INF INF INF INF INF INF 0 20 35 28 44 27 38 42 19 38 43 48 42 59 50 8 19 7 26 27 32 8 18 24 40 5 16 28 20 11 15 10 10 11 21 19 14 14 19 21 9 19 8 14 15 12 15 18 16 18 19 16 20 18 24 13
INF INF INF INF INF INF INF INF INF INF INF INF INF INF INF INF INF INF INF INF INF INF INF INF INF INF INF INF INF INF INF INF INF INF INF INF INF INF INF INF INF INF INF INF INF INF INF INF INF INF INF INF INF INF INF INF INF INF INF INF INF INF INF INF INF INF INF INF INF INF INF INF INF INF INF INF INF INF INF INF INF INF INF INF INF INF INF INF INF INF INF INF INF INF INF INF INF INF INF INF INF INF INF INF INF INF INF INF INF INF INF INF INF INF INF INF INF INF INF INF INF INF INF INF INF INF INF INF INF INF INF INF INF INF INF INF INF INF INF INF INF INF INF INF INF INF INF INF INF INF INF INF INF INF INF INF INF INF INF INF INF INF INF INF INF INF INF INF INF INF INF INF INF INF INF INF INF INF INF INF INF INF INF INF INF INF INF INF INF INF INF INF INF INF INF INF INF INF INF INF INF INF INF INF INF INF INF INF INF INF INF INF INF INF INF INF INF INF INF INF INF INF INF INF INF INF INF INF INF INF INF INF INF INF INF INF INF INF INF INF INF INF INF INF INF INF INF INF INF INF INF INF INF INF INF INF INF INF INF INF INF INF INF INF INF INF INF INF INF INF INF INF INF INF INF INF INF INF INF INF INF INF INF INF INF INF INF INF INF INF INF INF INF INF INF INF INF INF INF INF INF INF INF INF INF INF INF INF INF INF INF INF INF INF INF INF INF INF INF INF INF INF INF INF INF INF INF INF INF INF INF INF INF INF INF INF INF INF INF INF INF INF INF INF INF INF INF INF INF INF INF INF INF INF INF INF INF INF INF INF INF INF INF INF INF INF INF INF INF INF INF INF INF INF INF INF INF INF INF INF INF INF INF INF INF INF INF INF INF INF INF INF INF INF INF INF INF INF INF INF INF INF INF INF INF INF INF INF INF INF INF INF INF INF INF INF INF INF INF INF INF INF INF INF INF INF INF INF INF INF INF INF INF INF INF INF INF INF INF INF INF INF INF INF INF 0 15 8 24 7 18 22 29 20 25 30 22 39 32 26 9 26 32 33 20 21 36 28 25 23 34 16 7 25 37 18 21 22 3 27 17 18 27 17 10 19 18 11 16 22 21 23 20 3 8 17 21 15 22 8
INF INF INF INF INF INF INF INF INF INF INF INF INF INF INF INF INF INF INF INF INF INF INF INF INF INF INF INF INF INF INF INF INF INF INF INF INF INF INF INF INF INF INF INF INF INF INF INF INF INF INF INF INF INF INF INF INF INF INF INF INF INF INF INF INF INF INF INF INF INF INF INF INF INF INF INF INF INF INF INF INF INF INF INF INF INF INF INF INF INF INF INF INF INF INF INF INF INF INF INF INF INF INF INF INF INF INF INF INF INF INF INF INF INF INF INF INF INF INF INF INF INF INF INF INF INF INF INF INF INF INF INF INF INF INF INF INF INF INF INF INF INF INF INF INF INF INF INF INF INF INF INF INF INF INF INF INF INF INF INF INF INF INF INF INF INF INF INF INF INF INF INF INF INF INF INF INF INF INF INF INF INF INF INF INF INF INF INF INF INF INF INF INF INF INF INF INF INF INF INF INF INF INF INF INF INF INF INF INF INF INF INF INF INF INF INF INF INF INF INF INF INF INF INF INF INF INF INF INF INF INF INF INF INF INF INF INF INF INF INF INF INF INF INF INF INF INF INF INF INF INF INF INF INF INF INF INF INF INF INF INF INF INF INF INF INF INF INF INF INF INF INF INF INF INF INF INF INF INF INF INF INF INF INF INF INF INF INF INF INF INF INF INF INF INF INF INF INF INF INF INF INF INF INF INF INF INF INF INF INF INF INF INF INF INF INF INF INF INF INF INF INF INF INF INF INF INF INF INF INF INF INF INF INF INF INF INF INF INF INF INF INF INF INF INF INF INF INF INF INF INF INF INF INF INF INF INF INF INF INF INF INF INF INF INF INF INF INF INF INF INF INF INF INF INF INF INF INF INF INF INF INF INF INF INF INF INF INF INF INF INF INF INF INF INF INF INF INF INF INF INF INF INF INF INF INF INF INF INF INF INF INF INF INF INF INF INF INF INF INF INF INF INF INF INF INF INF INF INF INF INF INF INF INF INF INF INF INF INF INF INF INF INF INF INF INF 0 20 40 12 23 25 40 27 32 37 27 44 39 31 21 37 39 40 25 18 36 35 37 28 33 28 30 34 46 40 6 7 23 20 10 10 24 23 17 24 31 14 18 14 21 29 14 14 19 15 13 16 25 24
INF INF INF INF INF INF INF INF INF INF INF INF INF INF INF INF INF INF INF INF INF INF INF INF INF INF INF INF INF INF INF INF INF INF INF INF INF INF INF INF INF INF INF INF INF INF INF INF INF INF INF INF INF INF INF INF INF INF INF INF INF INF INF INF INF INF INF INF INF INF INF INF INF INF INF INF INF INF INF INF INF INF INF INF INF INF INF INF INF INF INF INF INF INF INF INF INF INF INF INF INF INF INF INF INF INF INF INF INF INF INF INF INF INF INF INF INF INF INF INF INF INF INF INF INF INF INF INF INF INF INF INF INF INF INF INF INF INF INF INF INF INF INF INF INF INF INF INF INF INF INF INF INF INF INF INF INF INF INF INF INF INF INF INF INF INF INF INF INF INF INF INF INF INF INF INF INF INF INF INF INF INF INF INF INF INF INF INF INF INF INF INF INF INF INF INF INF INF INF INF INF INF INF INF INF INF INF INF INF INF INF INF INF INF INF INF INF INF INF INF INF INF INF INF INF INF INF INF INF INF INF INF INF INF INF INF INF INF INF INF INF INF INF INF INF INF INF INF INF INF INF INF INF INF INF INF INF INF INF INF INF INF INF INF INF INF INF INF INF INF INF INF INF INF INF INF INF INF INF INF INF INF INF INF INF INF INF INF INF INF INF INF INF INF INF INF INF INF INF INF INF INF INF INF INF INF INF INF INF INF INF INF INF INF INF INF INF INF INF INF INF INF INF INF INF INF INF INF INF INF INF INF INF INF INF INF INF INF INF INF INF INF INF INF INF INF INF INF INF INF INF INF INF INF INF INF INF INF INF INF INF INF INF INF INF INF INF INF INF INF INF INF INF INF INF INF INF INF INF INF INF INF INF INF INF INF INF INF INF INF INF INF INF INF INF INF INF INF INF INF INF INF INF INF INF INF INF INF INF INF INF INF INF INF INF INF INF INF INF INF INF INF INF INF INF INF INF INF INF INF INF INF INF INF INF INF INF INF INF INF INF INF INF INF INF INF INF 0 20 36 22 26 25 12 17 22 26 33 24 22 1 18 24 25 29 18 32 20 17 21 29 8 16 25 31 21 24 23 23 23 26 10 23 9 19 19 24 11 8 14 16 29 20 19 7 9 13 11 17 13
INF INF INF INF INF INF INF INF INF INF INF INF INF INF INF INF INF INF INF INF INF INF INF INF INF INF INF INF INF INF INF INF INF INF INF INF INF INF INF INF INF INF INF INF INF INF INF INF INF INF INF INF INF INF INF INF INF INF INF INF INF INF INF INF INF INF INF INF INF INF INF INF INF INF INF INF INF INF INF INF INF INF INF INF INF INF INF INF INF INF INF INF INF INF INF INF INF INF INF INF INF INF INF INF INF INF INF INF INF INF INF INF INF INF INF INF INF INF INF INF INF INF INF INF INF INF INF INF INF INF INF INF INF INF INF INF INF INF INF INF INF INF INF INF INF INF INF INF INF INF INF INF INF INF INF INF INF INF INF INF INF INF INF INF INF INF INF INF INF INF INF INF INF INF INF INF INF INF INF INF INF INF INF INF INF INF INF INF INF INF INF INF INF INF INF INF INF INF INF INF INF INF INF INF INF INF INF INF INF INF INF INF INF INF INF INF INF INF INF INF INF INF INF INF INF INF INF INF INF INF INF INF INF INF INF INF INF INF INF INF INF INF INF INF INF INF INF INF INF INF INF INF INF INF INF INF INF INF INF INF INF INF INF INF INF INF INF INF INF INF INF INF INF INF INF INF INF INF INF INF INF INF INF INF INF INF INF INF INF INF INF INF INF INF INF INF INF INF INF INF INF INF INF INF INF INF INF INF INF INF INF INF INF INF INF INF INF INF INF INF INF INF INF INF INF INF INF INF INF INF INF INF INF INF INF INF INF INF INF INF INF INF INF INF INF INF INF INF INF INF INF INF INF INF INF INF INF INF INF INF INF INF INF INF INF INF INF INF INF INF INF INF INF INF INF INF INF INF INF INF INF INF INF INF INF INF INF INF INF INF INF INF INF INF INF INF INF INF INF INF INF INF INF INF INF INF INF INF INF INF INF INF INF INF INF INF INF INF INF INF INF INF INF INF INF INF INF INF INF INF INF INF INF INF INF INF INF INF INF INF INF INF INF INF INF INF INF INF 0 16 27 31 5 24 29 34 31 20 31 34 40 9 21 16 21 10 28 32 18 20 17 17 22 33 30 12 27 16 22 18 19 3 3 16 6 13 8 11 15 7 10 9 14 16 15 11 11 13 2 1
INF INF INF INF INF INF INF INF INF INF INF INF INF INF INF INF INF INF INF INF INF INF INF INF INF INF INF INF INF INF INF INF INF INF INF INF INF INF INF INF INF INF INF INF INF INF INF INF INF INF INF INF INF INF INF INF INF INF INF INF INF INF INF INF INF INF INF INF INF INF INF INF INF INF INF INF INF INF INF INF INF INF INF INF INF INF INF INF INF INF INF INF INF INF INF INF INF INF INF INF INF INF INF INF INF INF INF INF INF INF INF INF INF INF INF INF INF INF INF INF INF INF INF INF INF INF INF INF INF INF INF INF INF INF INF INF INF INF INF INF INF INF INF INF INF INF INF INF INF INF INF INF INF INF INF INF INF INF INF INF INF INF INF INF INF INF INF INF INF INF INF INF INF INF INF INF INF INF INF INF INF INF INF INF INF INF INF INF INF INF INF INF INF INF INF INF INF INF INF INF INF INF INF INF INF INF INF INF INF INF INF INF INF INF INF INF INF INF INF INF INF INF INF INF INF INF INF INF INF INF INF INF INF INF INF INF INF INF INF INF INF INF INF INF INF INF INF INF INF INF INF INF INF INF INF INF INF INF INF INF INF INF INF INF INF INF INF INF INF INF INF INF INF INF INF INF INF INF INF INF INF INF INF INF INF INF INF INF INF INF INF INF INF INF INF INF INF INF INF INF INF INF INF INF INF INF INF INF INF INF INF INF INF INF INF INF INF INF INF INF INF INF INF INF INF INF INF INF INF INF INF INF INF INF INF INF INF INF INF INF INF INF INF INF INF INF INF INF INF INF INF INF INF INF INF INF INF INF INF INF INF INF INF INF INF INF INF INF INF INF INF INF INF INF INF INF INF INF INF INF INF INF INF INF INF INF INF INF INF INF INF INF INF INF INF INF INF INF INF INF INF INF INF INF INF INF INF INF INF INF INF INF INF INF INF INF INF INF INF INF INF INF INF INF INF INF INF INF INF INF INF INF INF INF INF INF INF INF INF INF INF INF INF INF INF INF INF INF INF 0 11 15 30 15 20 25 15 32 27 19 24 27 27 28 13 14 29 23 35 16 27 29 26 22 34 30 21 20 26 21 23 22 24 34 5 15 19 4 23 23 16 30 16 24 17 17 21 19 24 25
INF INF INF INF INF INF INF INF INF INF INF INF INF INF INF INF INF INF INF INF INF INF INF INF INF INF INF INF INF INF INF INF INF INF INF INF INF INF INF INF INF INF INF INF INF INF INF INF INF INF INF INF INF INF INF INF INF INF INF INF INF INF INF INF INF INF INF INF INF INF INF INF INF INF INF INF INF INF INF INF INF INF INF INF INF INF INF INF INF INF INF INF INF INF INF INF INF INF INF INF INF INF INF INF INF INF INF INF INF INF INF INF INF INF INF INF INF INF INF INF INF INF INF INF INF INF INF INF INF INF INF INF INF INF INF INF INF INF INF INF INF INF INF INF INF INF INF INF INF INF INF INF INF INF INF INF INF INF INF INF INF INF INF INF INF INF INF INF INF INF INF INF INF INF INF INF INF INF INF INF INF INF INF INF INF INF INF INF INF INF INF INF INF INF INF INF INF INF INF INF INF INF INF INF INF INF INF INF INF INF INF INF INF INF INF INF INF INF INF INF INF INF INF INF INF INF INF INF INF INF INF INF INF INF INF INF INF INF INF INF INF INF INF INF INF INF INF INF INF INF INF INF INF INF INF INF INF INF INF INF INF INF INF INF INF INF INF INF INF INF INF INF INF INF INF INF INF INF INF INF INF INF INF INF INF INF INF INF INF INF INF INF INF INF INF INF INF INF INF INF INF INF INF INF INF INF INF INF INF INF INF INF INF INF INF INF INF INF INF INF INF INF INF INF INF INF INF INF INF INF INF INF INF INF INF INF INF INF INF INF INF INF INF INF INF INF INF INF INF INF INF INF INF INF INF INF INF INF INF INF INF INF INF INF INF INF INF INF INF INF INF INF INF INF INF INF INF INF INF INF INF INF INF INF INF INF INF INF INF INF INF INF INF INF INF INF INF INF INF INF INF INF INF INF INF INF INF INF INF INF INF INF INF INF INF INF INF INF INF INF INF INF INF INF INF INF INF INF INF INF INF INF INF INF INF INF INF INF INF INF INF INF INF INF INF INF INF INF INF INF 0 4 19 4 9 14 4 21 16 8 13 16 16 17 7 8 18 12 24 5 16 18 20 11 23 19 10 9 15 15 12 11 13 23 9 19 8 14 15 12 13 19 16 18 19 16 20 10 22 14
INF INF INF INF INF INF INF INF INF INF INF INF INF INF INF INF INF INF INF INF INF INF INF INF INF INF INF INF INF INF INF INF INF INF INF INF INF INF INF INF INF INF INF INF INF INF INF INF INF INF INF INF INF INF INF INF INF INF INF INF INF INF INF INF INF INF INF INF INF INF INF INF INF INF INF INF INF INF INF INF INF INF INF INF INF INF INF INF INF INF INF INF INF INF INF INF INF INF INF INF INF INF INF INF INF INF INF INF INF INF INF INF INF INF INF INF INF INF INF INF INF INF INF INF INF INF INF INF INF INF INF INF INF INF INF INF INF INF INF INF INF INF INF INF INF INF INF INF INF INF INF INF INF INF INF INF INF INF INF INF INF INF INF INF INF INF INF INF INF INF INF INF INF INF INF INF INF INF INF INF INF INF INF INF INF INF INF INF INF INF INF INF INF INF INF INF INF INF INF INF INF INF INF INF INF INF INF INF INF INF INF INF INF INF INF INF INF INF INF INF INF INF INF INF INF INF INF INF INF INF INF INF INF INF INF INF INF INF INF INF INF INF INF INF INF INF INF INF INF INF INF INF INF INF INF INF INF INF INF INF INF INF INF INF INF INF INF INF INF INF INF INF INF INF INF INF INF INF INF INF INF INF INF INF INF INF INF INF INF INF INF INF INF INF INF INF INF INF INF INF INF INF INF INF INF INF INF INF INF INF INF INF INF INF INF INF INF INF INF INF INF INF INF INF INF INF INF INF INF INF INF INF INF INF INF INF INF INF INF INF INF INF INF INF INF INF INF INF INF INF INF INF INF INF INF INF INF INF INF INF INF INF INF INF INF INF INF INF INF INF INF INF INF INF INF INF INF INF INF INF INF INF INF INF INF INF INF INF INF INF INF INF INF INF INF INF INF INF INF INF INF INF INF INF INF INF INF INF INF INF INF INF INF INF INF INF INF INF INF INF INF INF INF INF INF INF INF INF INF INF INF INF INF INF INF INF INF INF INF INF INF INF INF INF INF INF INF INF INF INF INF 0 15 10 15 17 37 31 19 20 31 12 22 23 28 13 30 10 26 23 27 21 25 23 23 15 22 5 20 20 8 8 16 19 19 22 18 11 16 12 21 16 14 22 24 16 20 16 23 10
INF INF INF INF INF INF INF INF INF INF INF INF INF INF INF INF INF INF INF INF INF INF INF INF INF INF INF INF INF INF INF INF INF INF INF INF INF INF INF INF INF INF INF INF INF INF INF INF INF INF INF INF INF INF INF INF INF INF INF INF INF INF INF INF INF INF INF INF INF INF INF INF INF INF INF INF INF INF INF INF INF INF INF INF INF INF INF INF INF INF INF INF INF INF INF INF INF INF INF INF INF INF INF INF INF INF INF INF INF INF INF INF INF INF INF INF INF INF INF INF INF INF INF INF INF INF INF INF INF INF INF INF INF INF INF INF INF INF INF INF INF INF INF INF INF INF INF INF INF INF INF INF INF INF INF INF INF INF INF INF INF INF INF INF INF INF INF INF INF INF INF INF INF INF INF INF INF INF INF INF INF INF INF INF INF INF INF INF INF INF INF INF INF INF INF INF INF INF INF INF INF INF INF INF INF INF INF INF INF INF INF INF INF INF INF INF INF INF INF INF INF INF INF INF INF INF INF INF INF INF INF INF INF INF INF INF INF INF INF INF INF INF INF INF INF INF INF INF INF INF INF INF INF INF INF INF INF INF INF INF INF INF INF INF INF INF INF INF INF INF INF INF INF INF INF INF INF INF INF INF INF INF INF INF INF INF INF INF INF INF INF INF INF INF INF INF INF INF INF INF INF INF INF INF INF INF INF INF INF INF INF INF INF INF INF INF INF INF INF INF INF INF INF INF INF INF INF INF INF INF INF INF INF INF INF INF INF INF INF INF INF INF INF INF INF INF INF INF INF INF INF INF INF INF INF INF INF INF INF INF INF INF INF INF INF INF INF INF INF INF INF INF INF INF INF INF INF INF INF INF INF INF INF INF INF INF INF INF INF INF INF INF INF INF INF INF INF INF INF INF INF INF INF INF INF INF INF INF INF INF INF INF INF INF INF INF INF INF INF INF INF INF INF INF INF INF INF INF INF INF INF INF INF INF INF INF INF INF INF INF INF INF INF INF INF INF INF INF INF INF INF INF 0 19 24 29 46 40 31 29 40 35 31 32 37 36 39 27 39 37 12 27 35 32 40 38 31 30 17 30 14 25 33 38 30 34 3 9 10 7 22 16 11 14 19 11 15 13 11 17
INF INF INF INF INF INF INF INF INF INF INF INF INF INF INF INF INF INF INF INF INF INF INF INF INF INF INF INF INF INF INF INF INF INF INF INF INF INF INF INF INF INF INF INF INF INF INF INF INF INF INF INF INF INF INF INF INF INF INF INF INF INF INF INF INF INF INF INF INF INF INF INF INF INF INF INF INF INF INF INF INF INF INF INF INF INF INF INF INF INF INF INF INF INF INF INF INF INF INF INF INF INF INF INF INF INF INF INF INF INF INF INF INF INF INF INF INF INF INF INF INF INF INF INF INF INF INF INF INF INF INF INF INF INF INF INF INF INF INF INF INF INF INF INF INF INF INF INF INF INF INF INF INF INF INF INF INF INF INF INF INF INF INF INF INF INF INF INF INF INF INF INF INF INF INF INF INF INF INF INF INF INF INF INF INF INF INF INF INF INF INF INF INF INF INF INF INF INF INF INF INF INF INF INF INF INF INF INF INF INF INF INF INF INF INF INF INF INF INF INF INF INF INF INF INF INF INF INF INF INF INF INF INF INF INF INF INF INF INF INF INF INF INF INF INF INF INF INF INF INF INF INF INF INF INF INF INF INF INF INF INF INF INF INF INF INF INF INF INF INF INF INF INF INF INF INF INF INF INF INF INF INF INF INF INF INF INF INF INF INF INF INF INF INF INF INF INF INF INF INF INF INF INF INF INF INF INF INF INF INF INF INF INF INF INF INF INF INF INF INF INF INF INF INF INF INF INF INF INF INF INF INF INF INF INF INF INF INF INF INF INF INF INF INF INF INF INF INF INF INF INF INF INF INF INF INF INF INF INF INF INF INF INF INF INF INF INF INF INF INF INF INF INF INF INF INF INF INF INF INF INF INF INF INF INF INF INF INF INF INF INF INF INF INF INF INF INF INF INF INF INF INF INF INF INF INF INF INF INF INF INF INF INF INF INF INF INF INF INF INF INF INF INF INF INF INF INF INF INF INF INF INF INF INF INF INF INF INF INF INF INF INF INF INF INF INF INF INF INF INF INF INF INF 0 5 10 27 21 12 10 21 16 12 13 18 17 20 8 20 18 17 14 22 13 21 19 12 11 11 11 14 14 14 25 14 24 16 13 17 14 12 20 14 19 22 18 22 6 18 16
INF INF INF INF INF INF INF INF INF INF INF INF INF INF INF INF INF INF INF INF INF INF INF INF INF INF INF INF INF INF INF INF INF INF INF INF INF INF INF INF INF INF INF INF INF INF INF INF INF INF INF INF INF INF INF INF INF INF INF INF INF INF INF INF INF INF INF INF INF INF INF INF INF INF INF INF INF INF INF INF INF INF INF INF INF INF INF INF INF INF INF INF INF INF INF INF INF INF INF INF INF INF INF INF INF INF INF INF INF INF INF INF INF INF INF INF INF INF INF INF INF INF INF INF INF INF INF INF INF INF INF INF INF INF INF INF INF INF INF INF INF INF INF INF INF INF INF INF INF INF INF INF INF INF INF INF INF INF INF INF INF INF INF INF INF INF INF INF INF INF INF INF INF INF INF INF INF INF INF INF INF INF INF INF INF INF INF INF INF INF INF INF INF INF INF INF INF INF INF INF INF INF INF INF INF INF INF INF INF INF INF INF INF INF INF INF INF INF INF INF INF INF INF INF INF INF INF INF INF INF INF INF INF INF INF INF INF INF INF INF INF INF INF INF INF INF INF INF INF INF INF INF INF INF INF INF INF INF INF INF INF INF INF INF INF INF INF INF INF INF INF INF INF INF INF INF INF INF INF INF INF INF INF INF INF INF INF INF INF INF INF INF INF INF INF INF INF INF INF INF INF INF INF INF INF INF INF INF INF INF INF INF INF INF INF INF INF INF INF INF INF INF INF INF INF INF INF INF INF INF INF INF INF INF INF INF INF INF INF INF INF INF INF INF INF INF INF INF INF INF INF INF INF INF INF INF INF INF INF INF INF INF INF INF INF INF INF INF INF INF INF INF INF INF INF INF INF INF INF INF INF INF INF INF INF INF INF INF INF INF INF INF INF INF INF INF INF INF INF INF INF INF INF INF INF INF INF INF INF INF INF INF INF INF INF INF INF INF INF INF INF INF INF INF INF INF INF INF INF INF INF INF INF INF INF INF INF INF INF INF INF INF INF INF INF INF INF INF INF INF INF INF INF INF 0 5 22 40 7 5 16 11 28 31 13 12 15 21 15 13 12 27 24 8 20 14 7 8 8 16 11 11 24 24 9 19 12 8 19 9 12 22 9 14 19 13 17 15 20 11
INF INF INF INF INF INF INF INF INF INF INF INF INF INF INF INF INF INF INF INF INF INF INF INF INF INF INF INF INF INF INF INF INF INF INF INF INF INF INF INF INF INF INF INF INF INF INF INF INF INF INF INF INF INF INF INF INF INF INF INF INF INF INF INF INF INF INF INF INF INF INF INF INF INF INF INF INF INF INF INF INF INF INF INF INF INF INF INF INF INF INF INF INF INF INF INF INF INF INF INF INF INF INF INF INF INF INF INF INF INF INF INF INF INF INF INF INF INF INF INF INF INF INF INF INF INF INF INF INF INF INF INF INF INF INF INF INF INF INF INF INF INF INF INF INF INF INF INF INF INF INF INF INF INF INF INF INF INF INF INF INF INF INF INF INF INF INF INF INF INF INF INF INF INF INF INF INF INF INF INF INF INF INF INF INF INF INF INF INF INF INF INF INF INF INF INF INF INF INF INF INF INF INF INF INF INF INF INF INF INF INF INF INF INF INF INF INF INF INF INF INF INF INF INF INF INF INF INF INF INF INF INF INF INF INF INF INF INF INF INF INF INF INF INF INF INF INF INF INF INF INF INF INF INF INF INF INF INF INF INF INF INF INF INF INF INF INF INF INF INF INF INF INF INF INF INF INF INF INF INF INF INF INF INF INF INF INF INF INF INF INF INF INF INF INF INF INF INF INF INF INF INF INF INF INF INF INF INF INF INF INF INF INF INF INF INF INF INF INF INF INF INF INF INF INF INF INF INF INF INF INF INF INF INF INF INF INF INF INF INF INF INF INF INF INF INF INF INF INF INF INF INF INF INF INF INF INF INF INF INF INF INF INF INF INF INF INF INF INF INF INF INF INF INF INF INF INF INF INF INF INF INF INF INF INF INF INF INF INF INF INF INF INF INF INF INF INF INF INF INF INF INF INF INF INF INF INF INF INF INF INF INF INF INF INF INF INF INF INF INF INF INF INF INF INF INF INF INF INF INF INF INF INF INF INF INF INF INF INF INF INF INF INF INF INF INF INF INF INF INF INF INF INF INF INF 0 24 42 2 17 28 45 23 35 16 17 27 24 10 8 19 22 29 20 24 20 12 13 3 27 16 16 28 26 12 20 7 3 14 10 18 20 4 12 17 14 18 16 23 14
INF INF INF INF INF INF INF INF INF INF INF INF INF INF INF INF INF INF INF INF INF INF INF INF INF INF INF INF INF INF INF INF INF INF INF INF INF INF INF INF INF INF INF INF INF INF INF INF INF INF INF INF INF INF INF INF INF INF INF INF INF INF INF INF INF INF INF INF INF INF INF INF INF INF INF INF INF INF INF INF INF INF INF INF INF INF INF INF INF INF INF INF INF INF INF INF INF INF INF INF INF INF INF INF INF INF INF INF INF INF INF INF INF INF INF INF INF INF INF INF INF INF INF INF INF INF INF INF INF INF INF INF INF INF INF INF INF INF INF INF INF INF INF INF INF INF INF INF INF INF INF INF INF INF INF INF INF INF INF INF INF INF INF INF INF INF INF INF INF INF INF INF INF INF INF INF INF INF INF INF INF INF INF INF INF INF INF INF INF INF INF INF INF INF INF INF INF INF INF INF INF INF INF INF INF INF INF INF INF INF INF INF INF INF INF INF INF INF INF INF INF INF INF INF INF INF INF INF INF INF INF INF INF INF INF INF INF INF INF INF INF INF INF INF INF INF INF INF INF INF INF INF INF INF INF INF INF INF INF INF INF INF INF INF INF INF INF INF INF INF INF INF INF INF INF INF INF INF INF INF INF INF INF INF INF INF INF INF INF INF INF INF INF INF INF INF INF INF INF INF INF INF INF INF INF INF INF INF INF INF INF INF INF INF INF INF INF INF INF INF INF INF INF INF INF INF INF INF INF INF INF INF INF INF INF INF INF INF INF INF INF INF INF INF INF INF INF INF INF INF INF INF INF INF INF INF INF INF INF INF INF INF INF INF INF INF INF INF INF INF INF INF INF INF INF INF INF INF INF INF INF INF INF INF INF INF INF INF INF INF INF INF INF INF INF INF INF INF INF INF INF INF INF INF INF INF INF INF INF INF INF INF INF INF INF INF INF INF INF INF INF INF INF INF INF INF INF INF INF INF INF INF INF INF INF INF INF INF INF INF INF INF INF INF INF INF INF INF INF INF INF INF INF INF INF INF 0 18 29 44 25 42 50 62 3 4 22 28 44 14 19 26 16 31 43 44 44 31 18 22 19 7 21 20 18 21 17 22 21 11 9 24 16 21 19 15 19 12 24 17
INF INF INF INF INF INF INF INF INF INF INF INF INF INF INF INF INF INF INF INF INF INF INF INF INF INF INF INF INF INF INF INF INF INF INF INF INF INF INF INF INF INF INF INF INF INF INF INF INF INF INF INF INF INF INF INF INF INF INF INF INF INF INF INF INF INF INF INF INF INF INF INF INF INF INF INF INF INF INF INF INF INF INF INF INF INF INF INF INF INF INF INF INF INF INF INF INF INF INF INF INF INF INF INF INF INF INF INF INF INF INF INF INF INF INF INF INF INF INF INF INF INF INF INF INF INF INF INF INF INF INF INF INF INF INF INF INF INF INF INF INF INF INF INF INF INF INF INF INF INF INF INF INF INF INF INF INF INF INF INF INF INF INF INF INF INF INF INF INF INF INF INF INF INF INF INF INF INF INF INF INF INF INF INF INF INF INF INF INF INF INF INF INF INF INF INF INF INF INF INF INF INF INF INF INF INF INF INF INF INF INF INF INF INF INF INF INF INF INF INF INF INF INF INF INF INF INF INF INF INF INF INF INF INF INF INF INF INF INF INF INF INF INF INF INF INF INF INF INF INF INF INF INF INF INF INF INF INF INF INF INF INF INF INF INF INF INF INF INF INF INF INF INF INF INF INF INF INF INF INF INF INF INF INF INF INF INF INF INF INF INF INF INF INF INF INF INF INF INF INF INF INF INF INF INF INF INF INF INF INF INF INF INF INF INF INF INF INF INF INF INF INF INF INF INF INF INF INF INF INF INF INF INF INF INF INF INF INF INF INF INF INF INF INF INF INF INF INF INF INF INF INF INF INF INF INF INF INF INF INF INF INF INF INF INF INF INF INF INF INF INF INF INF INF INF INF INF INF INF INF INF INF INF INF INF INF INF INF INF INF INF INF INF INF INF INF INF INF INF INF INF INF INF INF INF INF INF INF INF INF INF INF INF INF INF INF INF INF INF INF INF INF INF INF INF INF INF INF INF INF INF INF INF INF INF INF INF INF INF INF INF INF INF INF INF INF INF INF INF INF INF INF INF INF INF INF INF 0 11 26 37 54 32 44 24 25 20 26 42 17 15 30 34 13 25 26 26 27 20 21 26 17 29 30 21 30 16 22 23 20 17 29 24 4 9 24 26 20 15 4
INF INF INF INF INF INF INF INF INF INF INF INF INF INF INF INF INF INF INF INF INF INF INF INF INF INF INF INF INF INF INF INF INF INF INF INF INF INF INF INF INF INF INF INF INF INF INF INF INF INF INF INF INF INF INF INF INF INF INF INF INF INF INF INF INF INF INF INF INF INF INF INF INF INF INF INF INF INF INF INF INF INF INF INF INF INF INF INF INF INF INF INF INF INF INF INF INF INF INF INF INF INF INF INF INF INF INF INF INF INF INF INF INF INF INF INF INF INF INF INF INF INF INF INF INF INF INF INF INF INF INF INF INF INF INF INF INF INF INF INF INF INF INF INF INF INF INF INF INF INF INF INF INF INF INF INF INF INF INF INF INF INF INF INF INF INF INF INF INF INF INF INF INF INF INF INF INF INF INF INF INF INF INF INF INF INF INF INF INF INF INF INF INF INF INF INF INF INF INF INF INF INF INF INF INF INF INF INF INF INF INF INF INF INF INF INF INF INF INF INF INF INF INF INF INF INF INF INF INF INF INF INF INF INF INF INF INF INF INF INF INF INF INF INF INF INF INF INF INF INF INF INF INF INF INF INF INF INF INF INF INF INF INF INF INF INF INF INF INF INF INF INF INF INF INF INF INF INF INF INF INF INF INF INF INF INF INF INF INF INF INF INF INF INF INF INF INF INF INF INF INF INF INF INF INF INF INF INF INF INF INF INF INF INF INF INF INF INF INF INF INF INF INF INF INF INF INF INF INF INF INF INF INF INF INF INF INF INF INF INF INF INF INF INF INF INF INF INF INF INF INF INF INF INF INF INF INF INF INF INF INF INF INF INF INF INF INF INF INF INF INF INF INF INF INF INF INF INF INF INF INF INF INF INF INF INF INF INF INF INF INF INF INF INF INF INF INF INF INF INF INF INF INF INF INF INF INF INF INF INF INF INF INF INF INF INF INF INF INF INF INF INF INF INF INF INF INF INF INF INF INF INF INF INF INF INF INF INF INF INF INF INF INF INF INF INF INF INF INF INF INF INF INF INF INF INF INF INF 0 15 26 43 21 33 38 39 25 31 47 6 17 20 28 18 30 31 17 18 22 26 21 21 34 31 10 20 5 11 12 9 21 18 13 19 20 13 17 15 21 19
INF INF INF INF INF INF INF INF INF INF INF INF INF INF INF INF INF INF INF INF INF INF INF INF INF INF INF INF INF INF INF INF INF INF INF INF INF INF INF INF INF INF INF INF INF INF INF INF INF INF INF INF INF INF INF INF INF INF INF INF INF INF INF INF INF INF INF INF INF INF INF INF INF INF INF INF INF INF INF INF INF INF INF INF INF INF INF INF INF INF INF INF INF INF INF INF INF INF INF INF INF INF INF INF INF INF INF INF INF INF INF INF INF INF INF INF INF INF INF INF INF INF INF INF INF INF INF INF INF INF INF INF INF INF INF INF INF INF INF INF INF INF INF INF INF INF INF INF INF INF INF INF INF INF INF INF INF INF INF INF INF INF INF INF INF INF INF INF INF INF INF INF INF INF INF INF INF INF INF INF INF INF INF INF INF INF INF INF INF INF INF INF INF INF INF INF INF INF INF INF INF INF INF INF INF INF INF INF INF INF INF INF INF INF INF INF INF INF INF INF INF INF INF INF INF INF INF INF INF INF INF INF INF INF INF INF INF INF INF INF INF INF INF INF INF INF INF INF INF INF INF INF INF INF INF INF INF INF INF INF INF INF INF INF INF INF INF INF INF INF INF INF INF INF INF INF INF INF INF INF INF INF INF INF INF INF INF INF INF INF INF INF INF INF INF INF INF INF INF INF INF INF INF INF INF INF INF INF INF INF INF INF INF INF INF INF INF INF INF INF INF INF INF INF INF INF INF INF INF INF INF INF INF INF INF INF INF INF INF INF INF INF INF INF INF INF INF INF INF INF INF INF INF INF INF INF INF INF INF INF INF INF INF INF INF INF INF INF INF INF INF INF INF INF INF INF INF INF INF INF INF INF INF INF INF INF INF INF INF INF INF INF INF INF INF INF INF INF INF INF INF INF INF INF INF INF INF INF INF INF INF INF INF INF INF INF INF INF INF INF INF INF INF INF INF INF INF INF INF INF INF INF INF INF INF INF INF INF INF INF INF INF INF INF INF INF INF INF INF INF INF INF INF INF INF INF INF INF INF 0 11 28 23 35 40 28 10 16 32 21 13 28 24 3 15 16 2 3 18 11 6 6 19 19 4 14 22 9 14 10 7 20 12 11 16 11 15 10 21 6
INF INF INF INF INF INF INF INF INF INF INF INF INF INF INF INF INF INF INF INF INF INF INF INF INF INF INF INF INF INF INF INF INF INF INF INF INF INF INF INF INF INF INF INF INF INF INF INF INF INF INF INF INF INF INF INF INF INF INF INF INF INF INF INF INF INF INF INF INF INF INF INF INF INF INF INF INF INF INF INF INF INF INF INF INF INF INF INF INF INF INF INF INF INF INF INF INF INF INF INF INF INF INF INF INF INF INF INF INF INF INF INF INF INF INF INF INF INF INF INF INF INF INF INF INF INF INF INF INF INF INF INF INF INF INF INF INF INF INF INF INF INF INF INF INF INF INF INF INF INF INF INF INF INF INF INF INF INF INF INF INF INF INF INF INF INF INF INF INF INF INF INF INF INF INF INF INF INF INF INF INF INF INF INF INF INF INF INF INF INF INF INF INF INF INF INF INF INF INF INF INF INF INF INF INF INF INF INF INF INF INF INF INF INF INF INF INF INF INF INF INF INF INF INF INF INF INF INF INF INF INF INF INF INF INF INF INF INF INF INF INF INF INF INF INF INF INF INF INF INF INF INF INF INF INF INF INF INF INF INF INF INF INF INF INF INF INF INF INF INF INF INF INF INF INF INF INF INF INF INF INF INF INF INF INF INF INF INF INF INF INF INF INF INF INF INF INF INF INF INF INF INF INF INF INF INF INF INF INF INF INF INF INF INF INF INF INF INF INF INF INF INF INF INF INF INF INF INF INF INF INF INF INF INF INF INF INF INF INF INF INF INF INF INF INF INF INF INF INF INF INF INF INF INF INF INF INF INF INF INF INF INF INF INF INF INF INF INF INF INF INF INF INF INF INF INF INF INF INF INF INF INF INF INF INF INF INF INF INF INF INF INF INF INF INF INF INF INF INF INF INF INF INF INF INF INF INF INF INF INF INF INF INF INF INF INF INF INF INF INF INF INF INF INF INF INF INF INF INF INF INF INF INF INF INF INF INF INF INF INF INF INF INF INF INF INF INF INF INF INF INF INF INF INF INF INF INF INF INF INF 0 17 36 37 42 17 35 41 57 27 32 38 29 42 38 20 35 24 31 35 27 26 39 39 24 34 30 10 7 25 26 28 27 18 6 26 23 28 30 23
INF INF INF INF INF INF INF INF INF INF INF INF INF INF INF INF INF INF INF INF INF INF INF INF INF INF INF INF INF INF INF INF INF INF INF INF INF INF INF INF INF INF INF INF INF INF INF INF INF INF INF INF INF INF INF INF INF INF INF INF INF INF INF INF INF INF INF INF INF INF INF INF INF INF INF INF INF INF INF INF INF INF INF INF INF INF INF INF INF INF INF INF INF INF INF INF INF INF INF INF INF INF INF INF INF INF INF INF INF INF INF INF INF INF INF INF INF INF INF INF INF INF INF INF INF INF INF INF INF INF INF INF INF INF INF INF INF INF INF INF INF INF INF INF INF INF INF INF INF INF INF INF INF INF INF INF INF INF INF INF INF INF INF INF INF INF INF INF INF INF INF INF INF INF INF INF INF INF INF INF INF INF INF INF INF INF INF INF INF INF INF INF INF INF INF INF INF INF INF INF INF INF INF INF INF INF INF INF INF INF INF INF INF INF INF INF INF INF INF INF INF INF INF INF INF INF INF INF INF INF INF INF INF INF INF INF INF INF INF INF INF INF INF INF INF INF INF INF INF INF INF INF INF INF INF INF INF INF INF INF INF INF INF INF INF INF INF INF INF INF INF INF INF INF INF INF INF INF INF INF INF INF INF INF INF INF INF INF INF INF INF INF INF INF INF INF INF INF INF INF INF INF INF INF INF INF INF INF INF INF INF INF INF INF INF INF INF INF INF INF INF INF INF INF INF INF INF INF INF INF INF INF INF INF INF INF INF INF INF INF INF INF INF INF INF INF INF INF INF INF INF INF INF INF INF INF INF INF INF INF INF INF INF INF INF INF INF INF INF INF INF INF INF INF INF INF INF INF INF INF INF INF INF INF INF INF INF INF INF INF INF INF INF INF INF INF INF INF INF INF INF INF INF INF INF INF INF INF INF INF INF INF INF INF INF INF INF INF INF INF INF INF INF INF INF INF INF INF INF INF INF INF INF INF INF INF INF INF INF INF INF INF INF INF INF INF INF INF INF INF INF INF INF INF INF INF INF INF INF INF INF 0 19 20 25 1 19 25 41 11 16 21 13 25 21 3 18 7 15 19 10 9 23 22 7 17 14 12 15 13 10 11 16 18 19 17 16 13 18 6
INF INF INF INF INF INF INF INF INF INF INF INF INF INF INF INF INF INF INF INF INF INF INF INF INF INF INF INF INF INF INF INF INF INF INF INF INF INF INF INF INF INF INF INF INF INF INF INF INF INF INF INF INF INF INF INF INF INF INF INF INF INF INF INF INF INF INF INF INF INF INF INF INF INF INF INF INF INF INF INF INF INF INF INF INF INF INF INF INF INF INF INF INF INF INF INF INF INF INF INF INF INF INF INF INF INF INF INF INF INF INF INF INF INF INF INF INF INF INF INF INF INF INF INF INF INF INF INF INF INF INF INF INF INF INF INF INF INF INF INF INF INF INF INF INF INF INF INF INF INF INF INF INF INF INF INF INF INF INF INF INF INF INF INF INF INF INF INF INF INF INF INF INF INF INF INF INF INF INF INF INF INF INF INF INF INF INF INF INF INF INF INF INF INF INF INF INF INF INF INF INF INF INF INF INF INF INF INF INF INF INF INF INF INF INF INF INF INF INF INF INF INF INF INF INF INF INF INF INF INF INF INF INF INF INF INF INF INF INF INF INF INF INF INF INF INF INF INF INF INF INF INF INF INF INF INF INF INF INF INF INF INF INF INF INF INF INF INF INF INF INF INF INF INF INF INF INF INF INF INF INF INF INF INF INF INF INF INF INF INF INF INF INF INF INF INF INF INF INF INF INF INF INF INF INF INF INF INF INF INF INF INF INF INF INF INF INF INF INF INF INF INF INF INF INF INF INF INF INF INF INF INF INF INF INF INF INF INF INF INF INF INF INF INF INF INF INF INF INF INF INF INF INF INF INF INF INF INF INF INF INF INF INF INF INF INF INF INF INF INF INF INF INF INF INF INF INF INF INF INF INF INF INF INF INF INF INF INF INF INF INF INF INF INF INF INF INF INF INF INF INF INF INF INF INF INF INF INF INF INF INF INF INF INF INF INF INF INF INF INF INF INF INF INF INF INF INF INF INF INF INF INF INF INF INF INF INF INF INF INF INF INF INF INF INF INF INF INF INF INF INF INF INF INF INF INF INF INF INF INF INF INF 0 12 17 18 36 42 58 28 33 13 21 39 51 22 18 19 32 36 22 22 33 24 5 15 29 10 16 26 16 30 16 24 17 17 21 16 22 18
INF INF INF INF INF INF INF INF INF INF INF INF INF INF INF INF INF INF INF INF INF INF INF INF INF INF INF INF INF INF INF INF INF INF INF INF INF INF INF INF INF INF INF INF INF INF INF INF INF INF INF INF INF INF INF INF INF INF INF INF INF INF INF INF INF INF INF INF INF INF INF INF INF INF INF INF INF INF INF INF INF INF INF INF INF INF INF INF INF INF INF INF INF INF INF INF INF INF INF INF INF INF INF INF INF INF INF INF INF INF INF INF INF INF INF INF INF INF INF INF INF INF INF INF INF INF INF INF INF INF INF INF INF INF INF INF INF INF INF INF INF INF INF INF INF INF INF INF INF INF INF INF INF INF INF INF INF INF INF INF INF INF INF INF INF INF INF INF INF INF INF INF INF INF INF INF INF INF INF INF INF INF INF INF INF INF INF INF INF INF INF INF INF INF INF INF INF INF INF INF INF INF INF INF INF INF INF INF INF INF INF INF INF INF INF INF INF INF INF INF INF INF INF INF INF INF INF INF INF INF INF INF INF INF INF INF INF INF INF INF INF INF INF INF INF INF INF INF INF INF INF INF INF INF INF INF INF INF INF INF INF INF INF INF INF INF INF INF INF INF INF INF INF INF INF INF INF INF INF INF INF INF INF INF INF INF INF INF INF INF INF INF INF INF INF INF INF INF INF INF INF INF INF INF INF INF INF INF INF INF INF INF INF INF INF INF INF INF INF INF INF INF INF INF INF INF INF INF INF INF INF INF INF INF INF INF INF INF INF INF INF INF INF INF INF INF INF INF INF INF INF INF INF INF INF INF INF INF INF INF INF INF INF INF INF INF INF INF INF INF INF INF INF INF INF INF INF INF INF INF INF INF INF INF INF INF INF INF INF INF INF INF INF INF INF INF INF INF INF INF INF INF INF INF INF INF INF INF INF INF INF INF INF INF INF INF INF INF INF INF INF INF INF INF INF INF INF INF INF INF INF INF INF INF INF INF INF INF INF INF INF INF INF INF INF INF INF INF INF INF INF INF INF INF INF INF INF INF INF INF INF INF INF 0 5 6 24 30 46 16 21 1 9 27 39 10 15 14 20 24 17 15 21 12 12 21 19 17 4 16 4 18 11 15 13 20 13 4 10 6
INF INF INF INF INF INF INF INF INF INF INF INF INF INF INF INF INF INF INF INF INF INF INF INF INF INF INF INF INF INF INF INF INF INF INF INF INF INF INF INF INF INF INF INF INF INF INF INF INF INF INF INF INF INF INF INF INF INF INF INF INF INF INF INF INF INF INF INF INF INF INF INF INF INF INF INF INF INF INF INF INF INF INF INF INF INF INF INF INF INF INF INF INF INF INF INF INF INF INF INF INF INF INF INF INF INF INF INF INF INF INF INF INF INF INF INF INF INF INF INF INF INF INF INF INF INF INF INF INF INF INF INF INF INF INF INF INF INF INF INF INF INF INF INF INF INF INF INF INF INF INF INF INF INF INF INF INF INF INF INF INF INF INF INF INF INF INF INF INF INF INF INF INF INF INF INF INF INF INF INF INF INF INF INF INF INF INF INF INF INF INF INF INF INF INF INF INF INF INF INF INF INF INF INF INF INF INF INF INF INF INF INF INF INF INF INF INF INF INF INF INF INF INF INF INF INF INF INF INF INF INF INF INF INF INF INF INF INF INF INF INF INF INF INF INF INF INF INF INF INF INF INF INF INF INF INF INF INF INF INF INF INF INF INF INF INF INF INF INF INF INF INF INF INF INF INF INF INF INF INF INF INF INF INF INF INF INF INF INF INF INF INF INF INF INF INF INF INF INF INF INF INF INF INF INF INF INF INF INF INF INF INF INF INF INF INF INF INF INF INF INF INF INF INF INF INF INF INF INF INF INF INF INF INF INF INF INF INF INF INF INF INF INF INF INF INF INF INF INF INF INF INF INF INF INF INF INF INF INF INF INF INF INF INF INF INF INF INF INF INF INF INF INF INF INF INF INF INF INF INF INF INF INF INF INF INF INF INF INF INF INF INF INF INF INF INF INF INF INF INF INF INF INF INF INF INF INF INF INF INF INF INF INF INF INF INF INF INF INF INF INF INF INF INF INF INF INF INF INF INF INF INF INF INF INF INF INF INF INF INF INF INF INF INF INF INF INF INF INF INF INF INF INF INF INF INF INF INF INF INF INF INF INF INF 0 1 19 25 41 11 16 23 13 31 43 41 44 28 15 19 16 27 23 34 15 23 14 20 21 11 6 21 13 18 16 15 17 9 21 14
INF INF INF INF INF INF INF INF INF INF INF INF INF INF INF INF INF INF INF INF INF INF INF INF INF INF INF INF INF INF INF INF INF INF INF INF INF INF INF INF INF INF INF INF INF INF INF INF INF INF INF INF INF INF INF INF INF INF INF INF INF INF INF INF INF INF INF INF INF INF INF INF INF INF INF INF INF INF INF INF INF INF INF INF INF INF INF INF INF INF INF INF INF INF INF INF INF INF INF INF INF INF INF INF INF INF INF INF INF INF INF INF INF INF INF INF INF INF INF INF INF INF INF INF INF INF INF INF INF INF INF INF INF INF INF INF INF INF INF INF INF INF INF INF INF INF INF INF INF INF INF INF INF INF INF INF INF INF INF INF INF INF INF INF INF INF INF INF INF INF INF INF INF INF INF INF INF INF INF INF INF INF INF INF INF INF INF INF INF INF INF INF INF INF INF INF INF INF INF INF INF INF INF INF INF INF INF INF INF INF INF INF INF INF INF INF INF INF INF INF INF INF INF INF INF INF INF INF INF INF INF INF INF INF INF INF INF INF INF INF INF INF INF INF INF INF INF INF INF INF INF INF INF INF INF INF INF INF INF INF INF INF INF INF INF INF INF INF INF INF INF INF INF INF INF INF INF INF INF INF INF INF INF INF INF INF INF INF INF INF INF INF INF INF INF INF INF INF INF INF INF INF INF INF INF INF INF INF INF INF INF INF INF INF INF INF INF INF INF INF INF INF INF INF INF INF INF INF INF INF INF INF INF INF INF INF INF INF INF INF INF INF INF INF INF INF INF INF INF INF INF INF INF INF INF INF INF INF INF INF INF INF INF INF INF INF INF INF INF INF INF INF INF INF INF INF INF INF INF INF INF INF INF INF INF INF INF INF INF INF INF INF INF INF INF INF INF INF INF INF INF INF INF INF INF INF INF INF INF INF INF INF INF INF INF INF INF INF INF INF INF INF INF INF INF INF INF INF INF INF INF INF INF INF INF INF INF INF INF INF INF INF INF INF INF INF INF INF INF INF INF INF INF INF INF INF INF INF INF INF INF INF INF INF INF 0 18 24 40 10 15 22 12 30 42 40 43 27 14 18 26 30 22 33 14 24 13 19 20 17 9 24 16 17 19 21 20 12 23 13
INF INF INF INF INF INF INF INF INF INF INF INF INF INF INF INF INF INF INF INF INF INF INF INF INF INF INF INF INF INF INF INF INF INF INF INF INF INF INF INF INF INF INF INF INF INF INF INF INF INF INF INF INF INF INF INF INF INF INF INF INF INF INF INF INF INF INF INF INF INF INF INF INF INF INF INF INF INF INF INF INF INF INF INF INF INF INF INF INF INF INF INF INF INF INF INF INF INF INF INF INF INF INF INF INF INF INF INF INF INF INF INF INF INF INF INF INF INF INF INF INF INF INF INF INF INF INF INF INF INF INF INF INF INF INF INF INF INF INF INF INF INF INF INF INF INF INF INF INF INF INF INF INF INF INF INF INF INF INF INF INF INF INF INF INF INF INF INF INF INF INF INF INF INF INF INF INF INF INF INF INF INF INF INF INF INF INF INF INF INF INF INF INF INF INF INF INF INF INF INF INF INF INF INF INF INF INF INF INF INF INF INF INF INF INF INF INF INF INF INF INF INF INF INF INF INF INF INF INF INF INF INF INF INF INF INF INF INF INF INF INF INF INF INF INF INF INF INF INF INF INF INF INF INF INF INF INF INF INF INF INF INF INF INF INF INF INF INF INF INF INF INF INF INF INF INF INF INF INF INF INF INF INF INF INF INF INF INF INF INF INF INF INF INF INF INF INF INF INF INF INF INF INF INF INF INF INF INF INF INF INF INF INF INF INF INF INF INF INF INF INF INF INF INF INF INF INF INF INF INF INF INF INF INF INF INF INF INF INF INF INF INF INF INF INF INF INF INF INF INF INF INF INF INF INF INF INF INF INF INF INF INF INF INF INF INF INF INF INF INF INF INF INF INF INF INF INF INF INF INF INF INF INF INF INF INF INF INF INF INF INF INF INF INF INF INF INF INF INF INF INF INF INF INF INF INF INF INF INF INF INF INF INF INF INF INF INF INF INF INF INF INF INF INF INF INF INF INF INF INF INF INF INF INF INF INF INF INF INF INF INF INF INF INF INF INF INF INF INF INF INF INF INF INF INF INF INF INF INF INF INF INF INF INF INF INF 0 6 22 26 3 18 14 32 36 22 41 9 8 1 12 12 12 23 17 10 12 16 18 16 2 10 9 1 6 7 11 3 11 3
INF INF INF INF INF INF INF INF INF INF INF INF INF INF INF INF INF INF INF INF INF INF INF INF INF INF INF INF INF INF INF INF INF INF INF INF INF INF INF INF INF INF INF INF INF INF INF INF INF INF INF INF INF INF INF INF INF INF INF INF INF INF INF INF INF INF INF INF INF INF INF INF INF INF INF INF INF INF INF INF INF INF INF INF INF INF INF INF INF INF INF INF INF INF INF INF INF INF INF INF INF INF INF INF INF INF INF INF INF INF INF INF INF INF INF INF INF INF INF INF INF INF INF INF INF INF INF INF INF INF INF INF INF INF INF INF INF INF INF INF INF INF INF INF INF INF INF INF INF INF INF INF INF INF INF INF INF INF INF INF INF INF INF INF INF INF INF INF INF INF INF INF INF INF INF INF INF INF INF INF INF INF INF INF INF INF INF INF INF INF INF INF INF INF INF INF INF INF INF INF INF INF INF INF INF INF INF INF INF INF INF INF INF INF INF INF INF INF INF INF INF INF INF INF INF INF INF INF INF INF INF INF INF INF INF INF INF INF INF INF INF INF INF INF INF INF INF INF INF INF INF INF INF INF INF INF INF INF INF INF INF INF INF INF INF INF INF INF INF INF INF INF INF INF INF INF INF INF INF INF INF INF INF INF INF INF INF INF INF INF INF INF INF INF INF INF INF INF INF INF INF INF INF INF INF INF INF INF INF INF INF INF INF INF INF INF INF INF INF INF INF INF INF INF INF INF INF INF INF INF INF INF INF INF INF INF INF INF INF INF INF INF INF INF INF INF INF INF INF INF INF INF INF INF INF INF INF INF INF INF INF INF INF INF INF INF INF INF INF INF INF INF INF INF INF INF INF INF INF INF INF INF INF INF INF INF INF INF INF INF INF INF INF INF INF INF INF INF INF INF INF INF INF INF INF INF INF INF INF INF INF INF INF INF INF INF INF INF INF INF INF INF INF INF INF INF INF INF INF INF INF INF INF INF INF INF INF INF INF INF INF INF INF INF INF INF INF INF INF INF INF INF INF INF INF INF INF INF INF INF INF INF INF INF INF INF INF 0 16 20 31 37 40 58 30 31 48 3 27 10 6 6 6 19 24 16 8 10 14 10 11 12 12 19 18 14 14 12 19 20
INF INF INF INF INF INF INF INF INF INF INF INF INF INF INF INF INF INF INF INF INF INF INF INF INF INF INF INF INF INF INF INF INF INF INF INF INF INF INF INF INF INF INF INF INF INF INF INF INF INF INF INF INF INF INF INF INF INF INF INF INF INF INF INF INF INF INF INF INF INF INF INF INF INF INF INF INF INF INF INF INF INF INF INF INF INF INF INF INF INF INF INF INF INF INF INF INF INF INF INF INF INF INF INF INF INF INF INF INF INF INF INF INF INF INF INF INF INF INF INF INF INF INF INF INF INF INF INF INF INF INF INF INF INF INF INF INF INF INF INF INF INF INF INF INF INF INF INF INF INF INF INF INF INF INF INF INF INF INF INF INF INF INF INF INF INF INF INF INF INF INF INF INF INF INF INF INF INF INF INF INF INF INF INF INF INF INF INF INF INF INF INF INF INF INF INF INF INF INF INF INF INF INF INF INF INF INF INF INF INF INF INF INF INF INF INF INF INF INF INF INF INF INF INF INF INF INF INF INF INF INF INF INF INF INF INF INF INF INF INF INF INF INF INF INF INF INF INF INF INF INF INF INF INF INF INF INF INF INF INF INF INF INF INF INF INF INF INF INF INF INF INF INF INF INF INF INF INF INF INF INF INF INF INF INF INF INF INF INF INF INF INF INF INF INF INF INF INF INF INF INF INF INF INF INF INF INF INF INF INF INF INF INF INF INF INF INF INF INF INF INF INF INF INF INF INF INF INF INF INF INF INF INF INF INF INF INF INF INF INF INF INF INF INF INF INF INF INF INF INF INF INF INF INF INF INF INF INF INF INF INF INF INF INF INF INF INF INF INF INF INF INF INF INF INF INF INF INF INF INF INF INF INF INF INF INF INF INF INF INF INF INF INF INF INF INF INF INF INF INF INF INF INF INF INF INF INF INF INF INF INF INF INF INF INF INF INF INF INF INF INF INF INF INF INF INF INF INF INF INF INF INF INF INF INF INF INF INF INF INF INF INF INF INF INF INF INF INF INF INF INF INF INF INF INF INF INF INF INF INF INF INF INF INF INF INF INF INF 0 4 15 21 24 42 14 15 32 19 20 26 22 10 18 20 8 18 7 13 14 11 8 20 15 17 18 15 19 11 23 17
INF INF INF INF INF INF INF INF INF INF INF INF INF INF INF INF INF INF INF INF INF INF INF INF INF INF INF INF INF INF INF INF INF INF INF INF INF INF INF INF INF INF INF INF INF INF INF INF INF INF INF INF INF INF INF INF INF INF INF INF INF INF INF INF INF INF INF INF INF INF INF INF INF INF INF INF INF INF INF INF INF INF INF INF INF INF INF INF INF INF INF INF INF INF INF INF INF INF INF INF INF INF INF INF INF INF INF INF INF INF INF INF INF INF INF INF INF INF INF INF INF INF INF INF INF INF INF INF INF INF INF INF INF INF INF INF INF INF INF INF INF INF INF INF INF INF INF INF INF INF INF INF INF INF INF INF INF INF INF INF INF INF INF INF INF INF INF INF INF INF INF INF INF INF INF INF INF INF INF INF INF INF INF INF INF INF INF INF INF INF INF INF INF INF INF INF INF INF INF INF INF INF INF INF INF INF INF INF INF INF INF INF INF INF INF INF INF INF INF INF INF INF INF INF INF INF INF INF INF INF INF INF INF INF INF INF INF INF INF INF INF INF INF INF INF INF INF INF INF INF INF INF INF INF INF INF INF INF INF INF INF INF INF INF INF INF INF INF INF INF INF INF INF INF INF INF INF INF INF INF INF INF INF INF INF INF INF INF INF INF INF INF INF INF INF INF INF INF INF INF INF INF INF INF INF INF INF INF INF INF INF INF INF INF INF INF INF INF INF INF INF INF INF INF INF INF INF INF INF INF INF INF INF INF INF INF INF INF INF INF INF INF INF INF INF INF INF INF INF INF INF INF INF INF INF INF INF INF INF INF INF INF INF INF INF INF INF INF INF INF INF INF INF INF INF INF INF INF INF INF INF INF INF INF INF INF INF INF INF INF INF INF INF INF INF INF INF INF INF INF INF INF INF INF INF INF INF INF INF INF INF INF INF INF INF INF INF INF INF INF INF INF INF INF INF INF INF INF INF INF INF INF INF INF INF INF INF INF INF INF INF INF INF INF INF INF INF INF INF INF INF INF INF INF INF INF INF INF INF INF INF INF INF INF INF INF INF INF INF 0 11 26 34 52 64 65 65 51 16 22 22 33 33 37 4 14 3 9 10 7 15 16 11 13 14 11 15 13 19 17
INF INF INF INF INF INF INF INF INF INF INF INF INF INF INF INF INF INF INF INF INF INF INF INF INF INF INF INF INF INF INF INF INF INF INF INF INF INF INF INF INF INF INF INF INF INF INF INF INF INF INF INF INF INF INF INF INF INF INF INF INF INF INF INF INF INF INF INF INF INF INF INF INF INF INF INF INF INF INF INF INF INF INF INF INF INF INF INF INF INF INF INF INF INF INF INF INF INF INF INF INF INF INF INF INF INF INF INF INF INF INF INF INF INF INF INF INF INF INF INF INF INF INF INF INF INF INF INF INF INF INF INF INF INF INF INF INF INF INF INF INF INF INF INF INF INF INF INF INF INF INF INF INF INF INF INF INF INF INF INF INF INF INF INF INF INF INF INF INF INF INF INF INF INF INF INF INF INF INF INF INF INF INF INF INF INF INF INF INF INF INF INF INF INF INF INF INF INF INF INF INF INF INF INF INF INF INF INF INF INF INF INF INF INF INF INF INF INF INF INF INF INF INF INF INF INF INF INF INF INF INF INF INF INF INF INF INF INF INF INF INF INF INF INF INF INF INF INF INF INF INF INF INF INF INF INF INF INF INF INF INF INF INF INF INF INF INF INF INF INF INF INF INF INF INF INF INF INF INF INF INF INF INF INF INF INF INF INF INF INF INF INF INF INF INF INF INF INF INF INF INF INF INF INF INF INF INF INF INF INF INF INF INF INF INF INF INF INF INF INF INF INF INF INF INF INF INF INF INF INF INF INF INF INF INF INF INF INF INF INF INF INF INF INF INF INF INF INF INF INF INF INF INF INF INF INF INF INF INF INF INF INF INF INF INF INF INF INF INF INF INF INF INF INF INF INF INF INF INF INF INF INF INF INF INF INF INF INF INF INF INF INF INF INF INF INF INF INF INF INF INF INF INF INF INF INF INF INF INF INF INF INF INF INF INF INF INF INF INF INF INF INF INF INF INF INF INF INF INF INF INF INF INF INF INF INF INF INF INF INF INF INF INF INF INF INF INF INF INF INF INF INF INF INF INF INF INF INF INF INF INF INF INF INF INF INF INF INF INF INF 0 15 23 41 53 54 54 40 5 29 11 22 36 26 18 22 34 15 20 16 10 25 10 2 7 20 21 13 8 19
INF INF INF INF INF INF INF INF INF INF INF INF INF INF INF INF INF INF INF INF INF INF INF INF INF INF INF INF INF INF INF INF INF INF INF INF INF INF INF INF INF INF INF INF INF INF INF INF INF INF INF INF INF INF INF INF INF INF INF INF INF INF INF INF INF INF INF INF INF INF INF INF INF INF INF INF INF INF INF INF INF INF INF INF INF INF INF INF INF INF INF INF INF INF INF INF INF INF INF INF INF INF INF INF INF INF INF INF INF INF INF INF INF INF INF INF INF INF INF INF INF INF INF INF INF INF INF INF INF INF INF INF INF INF INF INF INF INF INF INF INF INF INF INF INF INF INF INF INF INF INF INF INF INF INF INF INF INF INF INF INF INF INF INF INF INF INF INF INF INF INF INF INF INF INF INF INF INF INF INF INF INF INF INF INF INF INF INF INF INF INF INF INF INF INF INF INF INF INF INF INF INF INF INF INF INF INF INF INF INF INF INF INF INF INF INF INF INF INF INF INF INF INF INF INF INF INF INF INF INF INF INF INF INF INF INF INF INF INF INF INF INF INF INF INF INF INF INF INF INF INF INF INF INF INF INF INF INF INF INF INF INF INF INF INF INF INF INF INF INF INF INF INF INF INF INF INF INF INF INF INF INF INF INF INF INF INF INF INF INF INF INF INF INF INF INF INF INF INF INF INF INF INF INF INF INF INF INF INF INF INF INF INF INF INF INF INF INF INF INF INF INF INF INF INF INF INF INF INF INF INF INF INF INF INF INF INF INF INF INF INF INF INF INF INF INF INF INF INF INF INF INF INF INF INF INF INF INF INF INF INF INF INF INF INF INF INF INF INF INF INF INF INF INF INF INF INF INF INF INF INF INF INF INF INF INF INF INF INF INF INF INF INF INF INF INF INF INF INF INF INF INF INF INF INF INF INF INF INF INF INF INF INF INF INF INF INF INF INF INF INF INF INF INF INF INF INF INF INF INF INF INF INF INF INF INF INF INF INF INF INF INF INF INF INF INF INF INF INF INF INF INF INF INF INF INF INF INF INF INF INF INF INF INF INF INF INF INF INF INF INF 0 8 26 38 39 39 25 48 25 23 14 25 11 11 20 19 16 5 18 9 24 16 16 14 22 20 12 9 5
INF INF INF INF INF INF INF INF INF INF INF INF INF INF INF INF INF INF INF INF INF INF INF INF INF INF INF INF INF INF INF INF INF INF INF INF INF INF INF INF INF INF INF INF INF INF INF INF INF INF INF INF INF INF INF INF INF INF INF INF INF INF INF INF INF INF INF INF INF INF INF INF INF INF INF INF INF INF INF INF INF INF INF INF INF INF INF INF INF INF INF INF INF INF INF INF INF INF INF INF INF INF INF INF INF INF INF INF INF INF INF INF INF INF INF INF INF INF INF INF INF INF INF INF INF INF INF INF INF INF INF INF INF INF INF INF INF INF INF INF INF INF INF INF INF INF INF INF INF INF INF INF INF INF INF INF INF INF INF INF INF INF INF INF INF INF INF INF INF INF INF INF INF INF INF INF INF INF INF INF INF INF INF INF INF INF INF INF INF INF INF INF INF INF INF INF INF INF INF INF INF INF INF INF INF INF INF INF INF INF INF INF INF INF INF INF INF INF INF INF INF INF INF INF INF INF INF INF INF INF INF INF INF INF INF INF INF INF INF INF INF INF INF INF INF INF INF INF INF INF INF INF INF INF INF INF INF INF INF INF INF INF INF INF INF INF INF INF INF INF INF INF INF INF INF INF INF INF INF INF INF INF INF INF INF INF INF INF INF INF INF INF INF INF INF INF INF INF INF INF INF INF INF INF INF INF INF INF INF INF INF INF INF INF INF INF INF INF INF INF INF INF INF INF INF INF INF INF INF INF INF INF INF INF INF INF INF INF INF INF INF INF INF INF INF INF INF INF INF INF INF INF INF INF INF INF INF INF INF INF INF INF INF INF INF INF INF INF INF INF INF INF INF INF INF INF INF INF INF INF INF INF INF INF INF INF INF INF INF INF INF INF INF INF INF INF INF INF INF INF INF INF INF INF INF INF INF INF INF INF INF INF INF INF INF INF INF INF INF INF INF INF INF INF INF INF INF INF INF INF INF INF INF INF INF INF INF INF INF INF INF INF INF INF INF INF INF INF INF INF INF INF INF INF INF INF INF INF INF INF INF INF INF INF INF INF INF INF INF INF INF INF 0 18 30 31 31 32 40 47 35 22 34 35 3 12 11 8 10 15 14 22 13 21 14 14 18 16 22 1
INF INF INF INF INF INF INF INF INF INF INF INF INF INF INF INF INF INF INF INF INF INF INF INF INF INF INF INF INF INF INF INF INF INF INF INF INF INF INF INF INF INF INF INF INF INF INF INF INF INF INF INF INF INF INF INF INF INF INF INF INF INF INF INF INF INF INF INF INF INF INF INF INF INF INF INF INF INF INF INF INF INF INF INF INF INF INF INF INF INF INF INF INF INF INF INF INF INF INF INF INF INF INF INF INF INF INF INF INF INF INF INF INF INF INF INF INF INF INF INF INF INF INF INF INF INF INF INF INF INF INF INF INF INF INF INF INF INF INF INF INF INF INF INF INF INF INF INF INF INF INF INF INF INF INF INF INF INF INF INF INF INF INF INF INF INF INF INF INF INF INF INF INF INF INF INF INF INF INF INF INF INF INF INF INF INF INF INF INF INF INF INF INF INF INF INF INF INF INF INF INF INF INF INF INF INF INF INF INF INF INF INF INF INF INF INF INF INF INF INF INF INF INF INF INF INF INF INF INF INF INF INF INF INF INF INF INF INF INF INF INF INF INF INF INF INF INF INF INF INF INF INF INF INF INF INF INF INF INF INF INF INF INF INF INF INF INF INF INF INF INF INF INF INF INF INF INF INF INF INF INF INF INF INF INF INF INF INF INF INF INF INF INF INF INF INF INF INF INF INF INF INF INF INF INF INF INF INF INF INF INF INF INF INF INF INF INF INF INF INF INF INF INF INF INF INF INF INF INF INF INF INF INF INF INF INF INF INF INF INF INF INF INF INF INF INF INF INF INF INF INF INF INF INF INF INF INF INF INF INF INF INF INF INF INF INF INF INF INF INF INF INF INF INF INF INF INF INF INF INF INF INF INF INF INF INF INF INF INF INF INF INF INF INF INF INF INF INF INF INF INF INF INF INF INF INF INF INF INF INF INF INF INF INF INF INF INF INF INF INF INF INF INF INF INF INF INF INF INF INF INF INF INF INF INF INF INF INF INF INF INF INF INF INF INF INF INF INF INF INF INF INF INF INF INF INF INF INF INF INF INF INF INF INF INF INF INF INF INF INF INF INF INF 0 12 13 13 14 22 29 17 4 16 17 15 18 32 19 18 8 4 19 11 19 13 12 15 7 19 3
INF INF INF INF INF INF INF INF INF INF INF INF INF INF INF INF INF INF INF INF INF INF INF INF INF INF INF INF INF INF INF INF INF INF INF INF INF INF INF INF INF INF INF INF INF INF INF INF INF INF INF INF INF INF INF INF INF INF INF INF INF INF INF INF INF INF INF INF INF INF INF INF INF INF INF INF INF INF INF INF INF INF INF INF INF INF INF INF INF INF INF INF INF INF INF INF INF INF INF INF INF INF INF INF INF INF INF INF INF INF INF INF INF INF INF INF INF INF INF INF INF INF INF INF INF INF INF INF INF INF INF INF INF INF INF INF INF INF INF INF INF INF INF INF INF INF INF INF INF INF INF INF INF INF INF INF INF INF INF INF INF INF INF INF INF INF INF INF INF INF INF INF INF INF INF INF INF INF INF INF INF INF INF INF INF INF INF INF INF INF INF INF INF INF INF INF INF INF INF INF INF INF INF INF INF INF INF INF INF INF INF INF INF INF INF INF INF INF INF INF INF INF INF INF INF INF INF INF INF INF INF INF INF INF INF INF INF INF INF INF INF INF INF INF INF INF INF INF INF INF INF INF INF INF INF INF INF INF INF INF INF INF INF INF INF INF INF INF INF INF INF INF INF INF INF INF INF INF INF INF INF INF INF INF INF INF INF INF INF INF INF INF INF INF INF INF INF INF INF INF INF INF INF INF INF INF INF INF INF INF INF INF INF INF INF INF INF INF INF INF INF INF INF INF INF INF INF INF INF INF INF INF INF INF INF INF INF INF INF INF INF INF INF INF INF INF INF INF INF INF INF INF INF INF INF INF INF INF INF INF INF INF INF INF INF INF INF INF INF INF INF INF INF INF INF INF INF INF INF INF INF INF INF INF INF INF INF INF INF INF INF INF INF INF INF INF INF INF INF INF INF INF INF INF INF INF INF INF INF INF INF INF INF INF INF INF INF INF INF INF INF INF INF INF INF INF INF INF INF INF INF INF INF INF INF INF INF INF INF INF INF INF INF INF INF INF INF INF INF INF INF INF INF INF INF INF INF INF INF INF INF INF INF INF INF INF INF INF INF INF INF INF INF INF 0 1 18 5 29 17 8 7 4 6 23 12 23 12 16 9 11 9 13 16 14 13 12 13 16 4
INF INF INF INF INF INF INF INF INF INF INF INF INF INF INF INF INF INF INF INF INF INF INF INF INF INF INF INF INF INF INF INF INF INF INF INF INF INF INF INF INF INF INF INF INF INF INF INF INF INF INF INF INF INF INF INF INF INF INF INF INF INF INF INF INF INF INF INF INF INF INF INF INF INF INF INF INF INF INF INF INF INF INF INF INF INF INF INF INF INF INF INF INF INF INF INF INF INF INF INF INF INF INF INF INF INF INF INF INF INF INF INF INF INF INF INF INF INF INF INF INF INF INF INF INF INF INF INF INF INF INF INF INF INF INF INF INF INF INF INF INF INF INF INF INF INF INF INF INF INF INF INF INF INF INF INF INF INF INF INF INF INF INF INF INF INF INF INF INF INF INF INF INF INF INF INF INF INF INF INF INF INF INF INF INF INF INF INF INF INF INF INF INF INF INF INF INF INF INF INF INF INF INF INF INF INF INF INF INF INF INF INF INF INF INF INF INF INF INF INF INF INF INF INF INF INF INF INF INF INF INF INF INF INF INF INF INF INF INF INF INF INF INF INF INF INF INF INF INF INF INF INF INF INF INF INF INF INF INF INF INF INF INF INF INF INF INF INF INF INF INF INF INF INF INF INF INF INF INF INF INF INF INF INF INF INF INF INF INF INF INF INF INF INF INF INF INF INF INF INF INF INF INF INF INF INF INF INF INF INF INF INF INF INF INF INF INF INF INF INF INF INF INF INF INF INF INF INF INF INF INF INF INF INF INF INF INF INF INF INF INF INF INF INF INF INF INF INF INF INF INF INF INF INF INF INF INF INF INF INF INF INF INF INF INF INF INF INF INF INF INF INF INF INF INF INF INF INF INF INF INF INF INF INF INF INF INF INF INF INF INF INF INF INF INF INF INF INF INF INF INF INF INF INF INF INF INF INF INF INF INF INF INF INF INF INF INF INF INF INF INF INF INF INF INF INF INF INF INF INF INF INF INF INF INF INF INF INF INF INF INF INF INF INF INF INF INF INF INF INF INF INF INF INF INF INF INF INF INF INF INF INF INF INF INF INF INF INF INF INF INF INF INF INF INF 0 19 4 28 16 7 6 20 19 27 20 34 11 15 10 17 8 13 15 20 14 13 12 15 3
INF INF INF INF INF INF INF INF INF INF INF INF INF INF INF INF INF INF INF INF INF INF INF INF INF INF INF INF INF INF INF INF INF INF INF INF INF INF INF INF INF INF INF INF INF INF INF INF INF INF INF INF INF INF INF INF INF INF INF INF INF INF INF INF INF INF INF INF INF INF INF INF INF INF INF INF INF INF INF INF INF INF INF INF INF INF INF INF INF INF INF INF INF INF INF INF INF INF INF INF INF INF INF INF INF INF INF INF INF INF INF INF INF INF INF INF INF INF INF INF INF INF INF INF INF INF INF INF INF INF INF INF INF INF INF INF INF INF INF INF INF INF INF INF INF INF INF INF INF INF INF INF INF INF INF INF INF INF INF INF INF INF INF INF INF INF INF INF INF INF INF INF INF INF INF INF INF INF INF INF INF INF INF INF INF INF INF INF INF INF INF INF INF INF INF INF INF INF INF INF INF INF INF INF INF INF INF INF INF INF INF INF INF INF INF INF INF INF INF INF INF INF INF INF INF INF INF INF INF INF INF INF INF INF INF INF INF INF INF INF INF INF INF INF INF INF INF INF INF INF INF INF INF INF INF INF INF INF INF INF INF INF INF INF INF INF INF INF INF INF INF INF INF INF INF INF INF INF INF INF INF INF INF INF INF INF INF INF INF INF INF INF INF INF INF INF INF INF INF INF INF INF INF INF INF INF INF INF INF INF INF INF INF INF INF INF INF INF INF INF INF INF INF INF INF INF INF INF INF INF INF INF INF INF INF INF INF INF INF INF INF INF INF INF INF INF INF INF INF INF INF INF INF INF INF INF INF INF INF INF INF INF INF INF INF INF INF INF INF INF INF INF INF INF INF INF INF INF INF INF INF INF INF INF INF INF INF INF INF INF INF INF INF INF INF INF INF INF INF INF INF INF INF INF INF INF INF INF INF INF INF INF INF INF INF INF INF INF INF INF INF INF INF INF INF INF INF INF INF INF INF INF INF INF INF INF INF INF INF INF INF INF INF INF INF INF INF INF INF INF INF INF INF INF INF INF INF INF INF INF INF INF INF INF INF INF INF INF INF INF INF INF INF INF INF INF 0 1 25 49 4 4 18 17 11 18 32 8 12 8 21 24 10 18 20 9 13 10 19 18
INF INF INF INF INF INF INF INF INF INF INF INF INF INF INF INF INF INF INF INF INF INF INF INF INF INF INF INF INF INF INF INF INF INF INF INF INF INF INF INF INF INF INF INF INF INF INF INF INF INF INF INF INF INF INF INF INF INF INF INF INF INF INF INF INF INF INF INF INF INF INF INF INF INF INF INF INF INF INF INF INF INF INF INF INF INF INF INF INF INF INF INF INF INF INF INF INF INF INF INF INF INF INF INF INF INF INF INF INF INF INF INF INF INF INF INF INF INF INF INF INF INF INF INF INF INF INF INF INF INF INF INF INF INF INF INF INF INF INF INF INF INF INF INF INF INF INF INF INF INF INF INF INF INF INF INF INF INF INF INF INF INF INF INF INF INF INF INF INF INF INF INF INF INF INF INF INF INF INF INF INF INF INF INF INF INF INF INF INF INF INF INF INF INF INF INF INF INF INF INF INF INF INF INF INF INF INF INF INF INF INF INF INF INF INF INF INF INF INF INF INF INF INF INF INF INF INF INF INF INF INF INF INF INF INF INF INF INF INF INF INF INF INF INF INF INF INF INF INF INF INF INF INF INF INF INF INF INF INF INF INF INF INF INF INF INF INF INF INF INF INF INF INF INF INF INF INF INF INF INF INF INF INF INF INF INF INF INF INF INF INF INF INF INF INF INF INF INF INF INF INF INF INF INF INF INF INF INF INF INF INF INF INF INF INF INF INF INF INF INF INF INF INF INF INF INF INF INF INF INF INF INF INF INF INF INF INF INF INF INF INF INF INF INF INF INF INF INF INF INF INF INF INF INF INF INF INF INF INF INF INF INF INF INF INF INF INF INF INF INF INF INF INF INF INF INF INF INF INF INF INF INF INF INF INF INF INF INF INF INF INF INF INF INF INF INF INF INF INF INF INF INF INF INF INF INF INF INF INF INF INF INF INF INF INF INF INF INF INF INF INF INF INF INF INF INF INF INF INF INF INF INF INF INF INF INF INF INF INF INF INF INF INF INF INF INF INF INF INF INF INF INF INF INF INF INF INF INF INF INF INF INF INF INF INF INF INF INF INF INF INF INF INF INF INF INF INF 0 24 48 3 3 17 16 24 17 31 7 11 7 23 23 9 17 19 11 15 13 18 17
INF INF INF INF INF INF INF INF INF INF INF INF INF INF INF INF INF INF INF INF INF INF INF INF INF INF INF INF INF INF INF INF INF INF INF INF INF INF INF INF INF INF INF INF INF INF INF INF INF INF INF INF INF INF INF INF INF INF INF INF INF INF INF INF INF INF INF INF INF INF INF INF INF INF INF INF INF INF INF INF INF INF INF INF INF INF INF INF INF INF INF INF INF INF INF INF INF INF INF INF INF INF INF INF INF INF INF INF INF INF INF INF INF INF INF INF INF INF INF INF INF INF INF INF INF INF INF INF INF INF INF INF INF INF INF INF INF INF INF INF INF INF INF INF INF INF INF INF INF INF INF INF INF INF INF INF INF INF INF INF INF INF INF INF INF INF INF INF INF INF INF INF INF INF INF INF INF INF INF INF INF INF INF INF INF INF INF INF INF INF INF INF INF INF INF INF INF INF INF INF INF INF INF INF INF INF INF INF INF INF INF INF INF INF INF INF INF INF INF INF INF INF INF INF INF INF INF INF INF INF INF INF INF INF INF INF INF INF INF INF INF INF INF INF INF INF INF INF INF INF INF INF INF INF INF INF INF INF INF INF INF INF INF INF INF INF INF INF INF INF INF INF INF INF INF INF INF INF INF INF INF INF INF INF INF INF INF INF INF INF INF INF INF INF INF INF INF INF INF INF INF INF INF INF INF INF INF INF INF INF INF INF INF INF INF INF INF INF INF INF INF INF INF INF INF INF INF INF INF INF INF INF INF INF INF INF INF INF INF INF INF INF INF INF INF INF INF INF INF INF INF INF INF INF INF INF INF INF INF INF INF INF INF INF INF INF INF INF INF INF INF INF INF INF INF INF INF INF INF INF INF INF INF INF INF INF INF INF INF INF INF INF INF INF INF INF INF INF INF INF INF INF INF INF INF INF INF INF INF INF INF INF INF INF INF INF INF INF INF INF INF INF INF INF INF INF INF INF INF INF INF INF INF INF INF INF INF INF INF INF INF INF INF INF INF INF INF INF INF INF INF INF INF INF INF INF INF INF INF INF INF INF INF INF INF INF INF INF INF INF INF INF INF INF INF INF INF INF 0 24 39 50 35 23 13 17 31 18 25 35 24 33 18 26 16 15 19 13 25 28
INF INF INF INF INF INF INF INF INF INF INF INF INF INF INF INF INF INF INF INF INF INF INF INF INF INF INF INF INF INF INF INF INF INF INF INF INF INF INF INF INF INF INF INF INF INF INF INF INF INF INF INF INF INF INF INF INF INF INF INF INF INF INF INF INF INF INF INF INF INF INF INF INF INF INF INF INF INF INF INF INF INF INF INF INF INF INF INF INF INF INF INF INF INF INF INF INF INF INF INF INF INF INF INF INF INF INF INF INF INF INF INF INF INF INF INF INF INF INF INF INF INF INF INF INF INF INF INF INF INF INF INF INF INF INF INF INF INF INF INF INF INF INF INF INF INF INF INF INF INF INF INF INF INF INF INF INF INF INF INF INF INF INF INF INF INF INF INF INF INF INF INF INF INF INF INF INF INF INF INF INF INF INF INF INF INF INF INF INF INF INF INF INF INF INF INF INF INF INF INF INF INF INF INF INF INF INF INF INF INF INF INF INF INF INF INF INF INF INF INF INF INF INF INF INF INF INF INF INF INF INF INF INF INF INF INF INF INF INF INF INF INF INF INF INF INF INF INF INF INF INF INF INF INF INF INF INF INF INF INF INF INF INF INF INF INF INF INF INF INF INF INF INF INF INF INF INF INF INF INF INF INF INF INF INF INF INF INF INF INF INF INF INF INF INF INF INF INF INF INF INF INF INF INF INF INF INF INF INF INF INF INF INF INF INF INF INF INF INF INF INF INF INF INF INF INF INF INF INF INF INF INF INF INF INF INF INF INF INF INF INF INF INF INF INF INF INF INF INF INF INF INF INF INF INF INF INF INF INF INF INF INF INF INF INF INF INF INF INF INF INF INF INF INF INF INF INF INF INF INF INF INF INF INF INF INF INF INF INF INF INF INF INF INF INF INF INF INF INF INF INF INF INF INF INF INF INF INF INF INF INF INF INF INF INF INF INF INF INF INF INF INF INF INF INF INF INF INF INF INF INF INF INF INF INF INF INF INF INF INF INF INF INF INF INF INF INF INF INF INF INF INF INF INF INF INF INF INF INF INF INF INF INF INF INF INF INF INF INF INF INF INF INF INF INF INF INF INF INF 0 15 26 11 25 36 21 30 19 28 16 1 9 8 15 11 20 12 2 14 10
INF INF INF INF INF INF INF INF INF INF INF INF INF INF INF INF INF INF INF INF INF INF INF INF INF INF INF INF INF INF INF INF INF INF INF INF INF INF INF INF INF INF INF INF INF INF INF INF INF INF INF INF INF INF INF INF INF INF INF INF INF INF INF INF INF INF INF INF INF INF INF INF INF INF INF INF INF INF INF INF INF INF INF INF INF INF INF INF INF INF INF INF INF INF INF INF INF INF INF INF INF INF INF INF INF INF INF INF INF INF INF INF INF INF INF INF INF INF INF INF INF INF INF INF INF INF INF INF INF INF INF INF INF INF INF INF INF INF INF INF INF INF INF INF INF INF INF INF INF INF INF INF INF INF INF INF INF INF INF INF INF INF INF INF INF INF INF INF INF INF INF INF INF INF INF INF INF INF INF INF INF INF INF INF INF INF INF INF INF INF INF INF INF INF INF INF INF INF INF INF INF INF INF INF INF INF INF INF INF INF INF INF INF INF INF INF INF INF INF INF INF INF INF INF INF INF INF INF INF INF INF INF INF INF INF INF INF INF INF INF INF INF INF INF INF INF INF INF INF INF INF INF INF INF INF INF INF INF INF INF INF INF INF INF INF INF INF INF INF INF INF INF INF INF INF INF INF INF INF INF INF INF INF INF INF INF INF INF INF INF INF INF INF INF INF INF INF INF INF INF INF INF INF INF INF INF INF INF INF INF INF INF INF INF INF INF INF INF INF INF INF INF INF INF INF INF INF INF INF INF INF INF INF INF INF INF INF INF INF INF INF INF INF INF INF INF INF INF INF INF INF INF INF INF INF INF INF INF INF INF INF INF INF INF INF INF INF INF INF INF INF INF INF INF INF INF INF INF INF INF INF INF INF INF INF INF INF INF INF INF INF INF INF INF INF INF INF INF INF INF INF INF INF INF INF INF INF INF INF INF INF INF INF INF INF INF INF INF INF INF INF INF INF INF INF INF INF INF INF INF INF INF INF INF INF INF INF INF INF INF INF INF INF INF INF INF INF INF INF INF INF INF INF INF INF INF INF INF INF INF INF INF INF INF INF INF INF INF INF INF INF INF INF INF INF INF INF INF INF INF 0 11 25 24 21 25 39 4 25 5 21 26 21 16 21 9 13 11 15 15
INF INF INF INF INF INF INF INF INF INF INF INF INF INF INF INF INF INF INF INF INF INF INF INF INF INF INF INF INF INF INF INF INF INF INF INF INF INF INF INF INF INF INF INF INF INF INF INF INF INF INF INF INF INF INF INF INF INF INF INF INF INF INF INF INF INF INF INF INF INF INF INF INF INF INF INF INF INF INF INF INF INF INF INF INF INF INF INF INF INF INF INF INF INF INF INF INF INF INF INF INF INF INF INF INF INF INF INF INF INF INF INF INF INF INF INF INF INF INF INF INF INF INF INF INF INF INF INF INF INF INF INF INF INF INF INF INF INF INF INF INF INF INF INF INF INF INF INF INF INF INF INF INF INF INF INF INF INF INF INF INF INF INF INF INF INF INF INF INF INF INF INF INF INF INF INF INF INF INF INF INF INF INF INF INF INF INF INF INF INF INF INF INF INF INF INF INF INF INF INF INF INF INF INF INF INF INF INF INF INF INF INF INF INF INF INF INF INF INF INF INF INF INF INF INF INF INF INF INF INF INF INF INF INF INF INF INF INF INF INF INF INF INF INF INF INF INF INF INF INF INF INF INF INF INF INF INF INF INF INF INF INF INF INF INF INF INF INF INF INF INF INF INF INF INF INF INF INF INF INF INF INF INF INF INF INF INF INF INF INF INF INF INF INF INF INF INF INF INF INF INF INF INF INF INF INF INF INF INF INF INF INF INF INF INF INF INF INF INF INF INF INF INF INF INF INF INF INF INF INF INF INF INF INF INF INF INF INF INF INF INF INF INF INF INF INF INF INF INF INF INF INF INF INF INF INF INF INF INF INF INF INF INF INF INF INF INF INF INF INF INF INF INF INF INF INF INF INF INF INF INF INF INF INF INF INF INF INF INF INF INF INF INF INF INF INF INF INF INF INF INF INF INF INF INF INF INF INF INF INF INF INF INF INF INF INF INF INF INF INF INF INF INF INF INF INF INF INF INF INF INF INF INF INF INF INF INF INF INF INF INF INF INF INF INF INF INF INF INF INF INF INF INF INF INF INF INF INF INF INF INF INF INF INF INF INF INF INF INF INF INF INF INF INF INF INF INF INF INF INF INF 0 14 13 21 14 28 15 14 4 20 20 15 15 16 8 12 10 19 14
INF INF INF INF INF INF INF INF INF INF INF INF INF INF INF INF INF INF INF INF INF INF INF INF INF INF INF INF INF INF INF INF INF INF INF INF INF INF INF INF INF INF INF INF INF INF INF INF INF INF INF INF INF INF INF INF INF INF INF INF INF INF INF INF INF INF INF INF INF INF INF INF INF INF INF INF INF INF INF INF INF INF INF INF INF INF INF INF INF INF INF INF INF INF INF INF INF INF INF INF INF INF INF INF INF INF INF INF INF INF INF INF INF INF INF INF INF INF INF INF INF INF INF INF INF INF INF INF INF INF INF INF INF INF INF INF INF INF INF INF INF INF INF INF INF INF INF INF INF INF INF INF INF INF INF INF INF INF INF INF INF INF INF INF INF INF INF INF INF INF INF INF INF INF INF INF INF INF INF INF INF INF INF INF INF INF INF INF INF INF INF INF INF INF INF INF INF INF INF INF INF INF INF INF INF INF INF INF INF INF INF INF INF INF INF INF INF INF INF INF INF INF INF INF INF INF INF INF INF INF INF INF INF INF INF INF INF INF INF INF INF INF INF INF INF INF INF INF INF INF INF INF INF INF INF INF INF INF INF INF INF INF INF INF INF INF INF INF INF INF INF INF INF INF INF INF INF INF INF INF INF INF INF INF INF INF INF INF INF INF INF INF INF INF INF INF INF INF INF INF INF INF INF INF INF INF INF INF INF INF INF INF INF INF INF INF INF INF INF INF INF INF INF INF INF INF INF INF INF INF INF INF INF INF INF INF INF INF INF INF INF INF INF INF INF INF INF INF INF INF INF INF INF INF INF INF INF INF INF INF INF INF INF INF INF INF INF INF INF INF INF INF INF INF INF INF INF INF INF INF INF INF INF INF INF INF INF INF INF INF INF INF INF INF INF INF INF INF INF INF INF INF INF INF INF INF INF INF INF INF INF INF INF INF INF INF INF INF INF INF INF INF INF INF INF INF INF INF INF INF INF INF INF INF INF INF INF INF INF INF INF INF INF INF INF INF INF INF INF INF INF INF INF INF INF INF INF INF INF INF INF INF INF INF INF INF INF INF INF INF INF INF INF INF INF INF INF INF INF INF INF INF 0 14 35 10 19 9 17 5 7 6 11 13 12 9 8 10 13 15
INF INF INF INF INF INF INF INF INF INF INF INF INF INF INF INF INF INF INF INF INF INF INF INF INF INF INF INF INF INF INF INF INF INF INF INF INF INF INF INF INF INF INF INF INF INF INF INF INF INF INF INF INF INF INF INF INF INF INF INF INF INF INF INF INF INF INF INF INF INF INF INF INF INF INF INF INF INF INF INF INF INF INF INF INF INF INF INF INF INF INF INF INF INF INF INF INF INF INF INF INF INF INF INF INF INF INF INF INF INF INF INF INF INF INF INF INF INF INF INF INF INF INF INF INF INF INF INF INF INF INF INF INF INF INF INF INF INF INF INF INF INF INF INF INF INF INF INF INF INF INF INF INF INF INF INF INF INF INF INF INF INF INF INF INF INF INF INF INF INF INF INF INF INF INF INF INF INF INF INF INF INF INF INF INF INF INF INF INF INF INF INF INF INF INF INF INF INF INF INF INF INF INF INF INF INF INF INF INF INF INF INF INF INF INF INF INF INF INF INF INF INF INF INF INF INF INF INF INF INF INF INF INF INF INF INF INF INF INF INF INF INF INF INF INF INF INF INF INF INF INF INF INF INF INF INF INF INF INF INF INF INF INF INF INF INF INF INF INF INF INF INF INF INF INF INF INF INF INF INF INF INF INF INF INF INF INF INF INF INF INF INF INF INF INF INF INF INF INF INF INF INF INF INF INF INF INF INF INF INF INF INF INF INF INF INF INF INF INF INF INF INF INF INF INF INF INF INF INF INF INF INF INF INF INF INF INF INF INF INF INF INF INF INF INF INF INF INF INF INF INF INF INF INF INF INF INF INF INF INF INF INF INF INF INF INF INF INF INF INF INF INF INF INF INF INF INF INF INF INF INF INF INF INF INF INF INF INF INF INF INF INF INF INF INF INF INF INF INF INF INF INF INF INF INF INF INF INF INF INF INF INF INF INF INF INF INF INF INF INF INF INF INF INF INF INF INF INF INF INF INF INF INF INF INF INF INF INF INF INF INF INF INF INF INF INF INF INF INF INF INF INF INF INF INF INF INF INF INF INF INF INF INF INF INF INF INF INF INF INF INF INF INF INF INF INF INF INF INF INF INF INF INF 0 21 10 24 22 18 28 7 22 11 19 12 12 16 10 22 16
INF INF INF INF INF INF INF INF INF INF INF INF INF INF INF INF INF INF INF INF INF INF INF INF INF INF INF INF INF INF INF INF INF INF INF INF INF INF INF INF INF INF INF INF INF INF INF INF INF INF INF INF INF INF INF INF INF INF INF INF INF INF INF INF INF INF INF INF INF INF INF INF INF INF INF INF INF INF INF INF INF INF INF INF INF INF INF INF INF INF INF INF INF INF INF INF INF INF INF INF INF INF INF INF INF INF INF INF INF INF INF INF INF INF INF INF INF INF INF INF INF INF INF INF INF INF INF INF INF INF INF INF INF INF INF INF INF INF INF INF INF INF INF INF INF INF INF INF INF INF INF INF INF INF INF INF INF INF INF INF INF INF INF INF INF INF INF INF INF INF INF INF INF INF INF INF INF INF INF INF INF INF INF INF INF INF INF INF INF INF INF INF INF INF INF INF INF INF INF INF INF INF INF INF INF INF INF INF INF INF INF INF INF INF INF INF INF INF INF INF INF INF INF INF INF INF INF INF INF INF INF INF INF INF INF INF INF INF INF INF INF INF INF INF INF INF INF INF INF INF INF INF INF INF INF INF INF INF INF INF INF INF INF INF INF INF INF INF INF INF INF INF INF INF INF INF INF INF INF INF INF INF INF INF INF INF INF INF INF INF INF INF INF INF INF INF INF INF INF INF INF INF INF INF INF INF INF INF INF INF INF INF INF INF INF INF INF INF INF INF INF INF INF INF INF INF INF INF INF INF INF INF INF INF INF INF INF INF INF INF INF INF INF INF INF INF INF INF INF INF INF INF INF INF INF INF INF INF INF INF INF INF INF INF INF INF INF INF INF INF INF INF INF INF INF INF INF INF INF INF INF INF INF INF INF INF INF INF INF INF INF INF INF INF INF INF INF INF INF INF INF INF INF INF INF INF INF INF INF INF INF INF INF INF INF INF INF INF INF INF INF INF INF INF INF INF INF INF INF INF INF INF INF INF INF INF INF INF INF INF INF INF INF INF INF INF INF INF INF INF INF INF INF INF INF INF INF INF INF INF INF INF INF INF INF INF INF INF INF INF INF INF INF INF INF INF INF INF INF INF INF INF INF INF 0 10 24 5 18 28 11 26 11 19 12 12 16 14 19 20
INF INF INF INF INF INF INF INF INF INF INF INF INF INF INF INF INF INF INF INF INF INF INF INF INF INF INF INF INF INF INF INF INF INF INF INF INF INF INF INF INF INF INF INF INF INF INF INF INF INF INF INF INF INF INF INF INF INF INF INF INF INF INF INF INF INF INF INF INF INF INF INF INF INF INF INF INF INF INF INF INF INF INF INF INF INF INF INF INF INF INF INF INF INF INF INF INF INF INF INF INF INF INF INF INF INF INF INF INF INF INF INF INF INF INF INF INF INF INF INF INF INF INF INF INF INF INF INF INF INF INF INF INF INF INF INF INF INF INF INF INF INF INF INF INF INF INF INF INF INF INF INF INF INF INF INF INF INF INF INF INF INF INF INF INF INF INF INF INF INF INF INF INF INF INF INF INF INF INF INF INF INF INF INF INF INF INF INF INF INF INF INF INF INF INF INF INF INF INF INF INF INF INF INF INF INF INF INF INF INF INF INF INF INF INF INF INF INF INF INF INF INF INF INF INF INF INF INF INF INF INF INF INF INF INF INF INF INF INF INF INF INF INF INF INF INF INF INF INF INF INF INF INF INF INF INF INF INF INF INF INF INF INF INF INF INF INF INF INF INF INF INF INF INF INF INF INF INF INF INF INF INF INF INF INF INF INF INF INF INF INF INF INF INF INF INF INF INF INF INF INF INF INF INF INF INF INF INF INF INF INF INF INF INF INF INF INF INF INF INF INF INF INF INF INF INF INF INF INF INF INF INF INF INF INF INF INF INF INF INF INF INF INF INF INF INF INF INF INF INF INF INF INF INF INF INF INF INF INF INF INF INF INF INF INF INF INF INF INF INF INF INF INF INF INF INF INF INF INF INF INF INF INF INF INF INF INF INF INF INF INF INF INF INF INF INF INF INF INF INF INF INF INF INF INF INF INF INF INF INF INF INF INF INF INF INF INF INF INF INF INF INF INF INF INF INF INF INF INF INF INF INF INF INF INF INF INF INF INF INF INF INF INF INF INF INF INF INF INF INF INF INF INF INF INF INF INF INF INF INF INF INF INF INF INF INF INF INF INF INF INF INF INF INF INF INF INF INF INF INF INF INF INF INF INF 0 14 12 8 18 17 27 1 9 2 2 6 4 13 11
INF INF INF INF INF INF INF INF INF INF INF INF INF INF INF INF INF INF INF INF INF INF INF INF INF INF INF INF INF INF INF INF INF INF INF INF INF INF INF INF INF INF INF INF INF INF INF INF INF INF INF INF INF INF INF INF INF INF INF INF INF INF INF INF INF INF INF INF INF INF INF INF INF INF INF INF INF INF INF INF INF INF INF INF INF INF INF INF INF INF INF INF INF INF INF INF INF INF INF INF INF INF INF INF INF INF INF INF INF INF INF INF INF INF INF INF INF INF INF INF INF INF INF INF INF INF INF INF INF INF INF INF INF INF INF INF INF INF INF INF INF INF INF INF INF INF INF INF INF INF INF INF INF INF INF INF INF INF INF INF INF INF INF INF INF INF INF INF INF INF INF INF INF INF INF INF INF INF INF INF INF INF INF INF INF INF INF INF INF INF INF INF INF INF INF INF INF INF INF INF INF INF INF INF INF INF INF INF INF INF INF INF INF INF INF INF INF INF INF INF INF INF INF INF INF INF INF INF INF INF INF INF INF INF INF INF INF INF INF INF INF INF INF INF INF INF INF INF INF INF INF INF INF INF INF INF INF INF INF INF INF INF INF INF INF INF INF INF INF INF INF INF INF INF INF INF INF INF INF INF INF INF INF INF INF INF INF INF INF INF INF INF INF INF INF INF INF INF INF INF INF INF INF INF INF INF INF INF INF INF INF INF INF INF INF INF INF INF INF INF INF INF INF INF INF INF INF INF INF INF INF INF INF INF INF INF INF INF INF INF INF INF INF INF INF INF INF INF INF INF INF INF INF INF INF INF INF INF INF INF INF INF INF INF INF INF INF INF INF INF INF INF INF INF INF INF INF INF INF INF INF INF INF INF INF INF INF INF INF INF INF INF INF INF INF INF INF INF INF INF INF INF INF INF INF INF INF INF INF INF INF INF INF INF INF INF INF INF INF INF INF INF INF INF INF INF INF INF INF INF INF INF INF INF INF INF INF INF INF INF INF INF INF INF INF INF INF INF INF INF INF INF INF INF INF INF INF INF INF INF INF INF INF INF INF INF INF INF INF INF INF INF INF INF INF INF INF INF INF INF INF INF INF INF INF INF 0 6 7 4 25 13 8 15 16 8 12 10 16 14
INF INF INF INF INF INF INF INF INF INF INF INF INF INF INF INF INF INF INF INF INF INF INF INF INF INF INF INF INF INF INF INF INF INF INF INF INF INF INF INF INF INF INF INF INF INF INF INF INF INF INF INF INF INF INF INF INF INF INF INF INF INF INF INF INF INF INF INF INF INF INF INF INF INF INF INF INF INF INF INF INF INF INF INF INF INF INF INF INF INF INF INF INF INF INF INF INF INF INF INF INF INF INF INF INF INF INF INF INF INF INF INF INF INF INF INF INF INF INF INF INF INF INF INF INF INF INF INF INF INF INF INF INF INF INF INF INF INF INF INF INF INF INF INF INF INF INF INF INF INF INF INF INF INF INF INF INF INF INF INF INF INF INF INF INF INF INF INF INF INF INF INF INF INF INF INF INF INF INF INF INF INF INF INF INF INF INF INF INF INF INF INF INF INF INF INF INF INF INF INF INF INF INF INF INF INF INF INF INF INF INF INF INF INF INF INF INF INF INF INF INF INF INF INF INF INF INF INF INF INF INF INF INF INF INF INF INF INF INF INF INF INF INF INF INF INF INF INF INF INF INF INF INF INF INF INF INF INF INF INF INF INF INF INF INF INF INF INF INF INF INF INF INF INF INF INF INF INF INF INF INF INF INF INF INF INF INF INF INF INF INF INF INF INF INF INF INF INF INF INF INF INF INF INF INF INF INF INF INF INF INF INF INF INF INF INF INF INF INF INF INF INF INF INF INF INF INF INF INF INF INF INF INF INF INF INF INF INF INF INF INF INF INF INF INF INF INF INF INF INF INF INF INF INF INF INF INF INF INF INF INF INF INF INF INF INF INF INF INF INF INF INF INF INF INF INF INF INF INF INF INF INF INF INF INF INF INF INF INF INF INF INF INF INF INF INF INF INF INF INF INF INF INF INF INF INF INF INF INF INF INF INF INF INF INF INF INF INF INF INF INF INF INF INF INF INF INF INF INF INF INF INF INF INF INF INF INF INF INF INF INF INF INF INF INF INF INF INF INF INF INF INF INF INF INF INF INF INF INF INF INF INF INF INF INF INF INF INF INF INF INF INF INF INF INF INF INF INF INF INF INF INF INF INF INF INF INF 0 24 42 19 34 17 25 29 24 28 22 24 27
INF INF INF INF INF INF INF INF INF INF INF INF INF INF INF INF INF INF INF INF INF INF INF INF INF INF INF INF INF INF INF INF INF INF INF INF INF INF INF INF INF INF INF INF INF INF INF INF INF INF INF INF INF INF INF INF INF INF INF INF INF INF INF INF INF INF INF INF INF INF INF INF INF INF INF INF INF INF INF INF INF INF INF INF INF INF INF INF INF INF INF INF INF INF INF INF INF INF INF INF INF INF INF INF INF INF INF INF INF INF INF INF INF INF INF INF INF INF INF INF INF INF INF INF INF INF INF INF INF INF INF INF INF INF INF INF INF INF INF INF INF INF INF INF INF INF INF INF INF INF INF INF INF INF INF INF INF INF INF INF INF INF INF INF INF INF INF INF INF INF INF INF INF INF INF INF INF INF INF INF INF INF INF INF INF INF INF INF INF INF INF INF INF INF INF INF INF INF INF INF INF INF INF INF INF INF INF INF INF INF INF INF INF INF INF INF INF INF INF INF INF INF INF INF INF INF INF INF INF INF INF INF INF INF INF INF INF INF INF INF INF INF INF INF INF INF INF INF INF INF INF INF INF INF INF INF INF INF INF INF INF INF INF INF INF INF INF INF INF INF INF INF INF INF INF INF INF INF INF INF INF INF INF INF INF INF INF INF INF INF INF INF INF INF INF INF INF INF INF INF INF INF INF INF INF INF INF INF INF INF INF INF INF INF INF INF INF INF INF INF INF INF INF INF INF INF INF INF INF INF INF INF INF INF INF INF INF INF INF INF INF INF INF INF INF INF INF INF INF INF INF INF INF INF INF INF INF INF INF INF INF INF INF INF INF INF INF INF INF INF INF INF INF INF INF INF INF INF INF INF INF INF INF INF INF INF INF INF INF INF INF INF INF INF INF INF INF INF INF INF INF INF INF INF INF INF INF INF INF INF INF INF INF INF INF INF INF INF INF INF INF INF INF INF INF INF INF INF INF INF INF INF INF INF INF INF INF INF INF INF INF INF INF INF INF INF INF INF INF INF INF INF INF INF INF INF INF INF INF INF INF INF INF INF INF INF INF INF INF INF INF INF INF INF INF INF INF INF INF INF INF INF INF INF INF INF INF INF 0 18 24 39 20 11 9 22 21 24 30 18
INF INF INF INF INF INF INF INF INF INF INF INF INF INF INF INF INF INF INF INF INF INF INF INF INF INF INF INF INF INF INF INF INF INF INF INF INF INF INF INF INF INF INF INF INF INF INF INF INF INF INF INF INF INF INF INF INF INF INF INF INF INF INF INF INF INF INF INF INF INF INF INF INF INF INF INF INF INF INF INF INF INF INF INF INF INF INF INF INF INF INF INF INF INF INF INF INF INF INF INF INF INF INF INF INF INF INF INF INF INF INF INF INF INF INF INF INF INF INF INF INF INF INF INF INF INF INF INF INF INF INF INF INF INF INF INF INF INF INF INF INF INF INF INF INF INF INF INF INF INF INF INF INF INF INF INF INF INF INF INF INF INF INF INF INF INF INF INF INF INF INF INF INF INF INF INF INF INF INF INF INF INF INF INF INF INF INF INF INF INF INF INF INF INF INF INF INF INF INF INF INF INF INF INF INF INF INF INF INF INF INF INF INF INF INF INF INF INF INF INF INF INF INF INF INF INF INF INF INF INF INF INF INF INF INF INF INF INF INF INF INF INF INF INF INF INF INF INF INF INF INF INF INF INF INF INF INF INF INF INF INF INF INF INF INF INF INF INF INF INF INF INF INF INF INF INF INF INF INF INF INF INF INF INF INF INF INF INF INF INF INF INF INF INF INF INF INF INF INF INF INF INF INF INF INF INF INF INF INF INF INF INF INF INF INF INF INF INF INF INF INF INF INF INF INF INF INF INF INF INF INF INF INF INF INF INF INF INF INF INF INF INF INF INF INF INF INF INF INF INF INF INF INF INF INF INF INF INF INF INF INF INF INF INF INF INF INF INF INF INF INF INF INF INF INF INF INF INF INF INF INF INF INF INF INF INF INF INF INF INF INF INF INF INF INF INF INF INF INF INF INF INF INF INF INF INF INF INF INF INF INF INF INF INF INF INF INF INF INF INF INF INF INF INF INF INF INF INF INF INF INF INF INF INF INF INF INF INF INF INF INF INF INF INF INF INF INF INF INF INF INF INF INF INF INF INF INF INF INF INF INF INF INF INF INF INF INF INF INF INF INF INF INF INF INF INF INF INF INF INF INF INF INF INF INF INF INF INF INF 0 22 21 29 11 16 4 8 6 15 10
INF INF INF INF INF INF INF INF INF INF INF INF INF INF INF INF INF INF INF INF INF INF INF INF INF INF INF INF INF INF INF INF INF INF INF INF INF INF INF INF INF INF INF INF INF INF INF INF INF INF INF INF INF INF INF INF INF INF INF INF INF INF INF INF INF INF INF INF INF INF INF INF INF INF INF INF INF INF INF INF INF INF INF INF INF INF INF INF INF INF INF INF INF INF INF INF INF INF INF INF INF INF INF INF INF INF INF INF INF INF INF INF INF INF INF INF INF INF INF INF INF INF INF INF INF INF INF INF INF INF INF INF INF INF INF INF INF INF INF INF INF INF INF INF INF INF INF INF INF INF INF INF INF INF INF INF INF INF INF INF INF INF INF INF INF INF INF INF INF INF INF INF INF INF INF INF INF INF INF INF INF INF INF INF INF INF INF INF INF INF INF INF INF INF INF INF INF INF INF INF INF INF INF INF INF INF INF INF INF INF INF INF INF INF INF INF INF INF INF INF INF INF INF INF INF INF INF INF INF INF INF INF INF INF INF INF INF INF INF INF INF INF INF INF INF INF INF INF INF INF INF INF INF INF INF INF INF INF INF INF INF INF INF INF INF INF INF INF INF INF INF INF INF INF INF INF INF INF INF INF INF INF INF INF INF INF INF INF INF INF INF INF INF INF INF INF INF INF INF INF INF INF INF INF INF INF INF INF INF INF INF INF INF INF INF INF INF INF INF INF INF INF INF INF INF INF INF INF INF INF INF INF INF INF INF INF INF INF INF INF INF INF INF INF INF INF INF INF INF INF INF INF INF INF INF INF INF INF INF INF INF INF INF INF INF INF INF INF INF INF INF INF INF INF INF INF INF INF INF INF INF INF INF INF INF INF INF INF INF INF INF INF INF INF INF INF INF INF INF INF INF INF INF INF INF INF INF INF INF INF INF INF INF INF INF INF INF INF INF INF INF INF INF INF INF INF INF INF INF INF INF INF INF INF INF INF INF INF INF INF INF INF INF INF INF INF INF INF INF INF INF INF INF INF INF INF INF INF INF INF INF INF INF INF INF INF INF INF INF INF INF INF INF INF INF INF INF INF INF INF INF INF INF INF INF INF INF INF INF INF 0 15 7 15 10 20 11 3 15 9
INF INF INF INF INF INF INF INF INF INF INF INF INF INF INF INF INF INF INF INF INF INF INF INF INF INF INF INF INF INF INF INF INF INF INF INF INF INF INF INF INF INF INF INF INF INF INF INF INF INF INF INF INF INF INF INF INF INF INF INF INF INF INF INF INF INF INF INF INF INF INF INF INF INF INF INF INF INF INF INF INF INF INF INF INF INF INF INF INF INF INF INF INF INF INF INF INF INF INF INF INF INF INF INF INF INF INF INF INF INF INF INF INF INF INF INF INF INF INF INF INF INF INF INF INF INF INF INF INF INF INF INF INF INF INF INF INF INF INF INF INF INF INF INF INF INF INF INF INF INF INF INF INF INF INF INF INF INF INF INF INF INF INF INF INF INF INF INF INF INF INF INF INF INF INF INF INF INF INF INF INF INF INF INF INF INF INF INF INF INF INF INF INF INF INF INF INF INF INF INF INF INF INF INF INF INF INF INF INF INF INF INF INF INF INF INF INF INF INF INF INF INF INF INF INF INF INF INF INF INF INF INF INF INF INF INF INF INF INF INF INF INF INF INF INF INF INF INF INF INF INF INF INF INF INF INF INF INF INF INF INF INF INF INF INF INF INF INF INF INF INF INF INF INF INF INF INF INF INF INF INF INF INF INF INF INF INF INF INF INF INF INF INF INF INF INF INF INF INF INF INF INF INF INF INF INF INF INF INF INF INF INF INF INF INF INF INF INF INF INF INF INF INF INF INF INF INF INF INF INF INF INF INF INF INF INF INF INF INF INF INF INF INF INF INF INF INF INF INF INF INF INF INF INF INF INF INF INF INF INF INF INF INF INF INF INF INF INF INF INF INF INF INF INF INF INF INF INF INF INF INF INF INF INF INF INF INF INF INF INF INF INF INF INF INF INF INF INF INF INF INF INF INF INF INF INF INF INF INF INF INF INF INF INF INF INF INF INF INF INF INF INF INF INF INF INF INF INF INF INF INF INF INF INF INF INF INF INF INF INF INF INF INF INF INF INF INF INF INF INF INF INF INF INF INF INF INF INF INF INF INF INF INF INF INF INF INF INF INF INF INF INF INF INF INF INF INF INF INF INF INF INF INF INF INF INF INF INF INF INF INF 0 23 7 12 32 5 4 7 22
INF INF INF INF INF INF INF INF INF INF INF INF INF INF INF INF INF INF INF INF INF INF INF INF INF INF INF INF INF INF INF INF INF INF INF INF INF INF INF INF INF INF INF INF INF INF INF INF INF INF INF INF INF INF INF INF INF INF INF INF INF INF INF INF INF INF INF INF INF INF INF INF INF INF INF INF INF INF INF INF INF INF INF INF INF INF INF INF INF INF INF INF INF INF INF INF INF INF INF INF INF INF INF INF INF INF INF INF INF INF INF INF INF INF INF INF INF INF INF INF INF INF INF INF INF INF INF INF INF INF INF INF INF INF INF INF INF INF INF INF INF INF INF INF INF INF INF INF INF INF INF INF INF INF INF INF INF INF INF INF INF INF INF INF INF INF INF INF INF INF INF INF INF INF INF INF INF INF INF INF INF INF INF INF INF INF INF INF INF INF INF INF INF INF INF INF INF INF INF INF INF INF INF INF INF INF INF INF INF INF INF INF INF INF INF INF INF INF INF INF INF INF INF INF INF INF INF INF INF INF INF INF INF INF INF INF INF INF INF INF INF INF INF INF INF INF INF INF INF INF INF INF INF INF INF INF INF INF INF INF INF INF INF INF INF INF INF INF INF INF INF INF INF INF INF INF INF INF INF INF INF INF INF INF INF INF INF INF INF INF INF INF INF INF INF INF INF INF INF INF INF INF INF INF INF INF INF INF INF INF INF INF INF INF INF INF INF INF INF INF INF INF INF INF INF INF INF INF INF INF INF INF INF INF INF INF INF INF INF INF INF INF INF INF INF INF INF INF INF INF INF INF INF INF INF INF INF INF INF INF INF INF INF INF INF INF INF INF INF INF INF INF INF INF INF INF INF INF INF INF INF INF INF INF INF INF INF INF INF INF INF INF INF INF INF INF INF INF INF INF INF INF INF INF INF INF INF INF INF INF INF INF INF INF INF INF INF INF INF INF INF INF INF INF INF INF INF INF INF INF INF INF INF INF INF INF INF INF INF INF INF INF INF INF INF INF INF INF INF INF INF INF INF INF INF INF INF INF INF INF INF INF INF INF INF INF INF INF INF INF INF INF INF INF INF INF INF INF INF INF INF INF INF INF INF INF INF INF INF INF INF INF 0 8 13 17 21 19 27 10
INF INF INF INF INF INF INF INF INF INF INF INF INF INF INF INF INF INF INF INF INF INF INF INF INF INF INF INF INF INF INF INF INF INF INF INF INF INF INF INF INF INF INF INF INF INF INF INF INF INF INF INF INF INF INF INF INF INF INF INF INF INF INF INF INF INF INF INF INF INF INF INF INF INF INF INF INF INF INF INF INF INF INF INF INF INF INF INF INF INF INF INF INF INF INF INF INF INF INF INF INF INF INF INF INF INF INF INF INF INF INF INF INF INF INF INF INF INF INF INF INF INF INF INF INF INF INF INF INF INF INF INF INF INF INF INF INF INF INF INF INF INF INF INF INF INF INF INF INF INF INF INF INF INF INF INF INF INF INF INF INF INF INF INF INF INF INF INF INF INF INF INF INF INF INF INF INF INF INF INF INF INF INF INF INF INF INF INF INF INF INF INF INF INF INF INF INF INF INF INF INF INF INF INF INF INF INF INF INF INF INF INF INF INF INF INF INF INF INF INF INF INF INF INF INF INF INF INF INF INF INF INF INF INF INF INF INF INF INF INF INF INF INF INF INF INF INF INF INF INF INF INF INF INF INF INF INF INF INF INF INF INF INF INF INF INF INF INF INF INF INF INF INF INF INF INF INF INF INF INF INF INF INF INF INF INF INF INF INF INF INF INF INF INF INF INF INF INF INF INF INF INF INF INF INF INF INF INF INF INF INF INF INF INF INF INF INF INF INF INF INF INF INF INF INF INF INF INF INF INF INF INF INF INF INF INF INF INF INF INF INF INF INF INF INF INF INF INF INF INF INF INF INF INF INF INF INF INF INF INF INF INF INF INF INF INF INF INF INF INF INF INF INF INF INF INF INF INF INF INF INF INF INF INF INF INF INF INF INF INF INF INF INF INF INF INF INF INF INF INF INF INF INF INF INF INF INF INF INF INF INF INF INF INF INF INF INF INF INF INF INF INF INF INF INF INF INF INF INF INF INF INF INF INF INF INF INF INF INF INF INF INF INF INF INF INF INF INF INF INF INF INF INF INF INF INF INF INF INF INF INF INF INF INF INF INF INF INF INF INF INF INF INF INF INF INF INF INF INF INF INF INF INF INF INF INF INF INF INF INF INF INF INF 0 5 25 22 27 19 25
INF INF INF INF INF INF INF INF INF INF INF INF INF INF INF INF INF INF INF INF INF INF INF INF INF INF INF INF INF INF INF INF INF INF INF INF INF INF INF INF INF INF INF INF INF INF INF INF INF INF INF INF INF INF INF INF INF INF INF INF INF INF INF INF INF INF INF INF INF INF INF INF INF INF INF INF INF INF INF INF INF INF INF INF INF INF INF INF INF INF INF INF INF INF INF INF INF INF INF INF INF INF INF INF INF INF INF INF INF INF INF INF INF INF INF INF INF INF INF INF INF INF INF INF INF INF INF INF INF INF INF INF INF INF INF INF INF INF INF INF INF INF INF INF INF INF INF INF INF INF INF INF INF INF INF INF INF INF INF INF INF INF INF INF INF INF INF INF INF INF INF INF INF INF INF INF INF INF INF INF INF INF INF INF INF INF INF INF INF INF INF INF INF INF INF INF INF INF INF INF INF INF INF INF INF INF INF INF INF INF INF INF INF INF INF INF INF INF INF INF INF INF INF INF INF INF INF INF INF INF INF INF INF INF INF INF INF INF INF INF INF INF INF INF INF INF INF INF INF INF INF INF INF INF INF INF INF INF INF INF INF INF INF INF INF INF INF INF INF INF INF INF INF INF INF INF INF INF INF INF INF INF INF INF INF INF INF INF INF INF INF INF INF INF INF INF INF INF INF INF INF INF INF INF INF INF INF INF INF INF INF INF INF INF INF INF INF INF INF INF INF INF INF INF INF INF INF INF INF INF INF INF INF INF INF INF INF INF INF INF INF INF INF INF INF INF INF INF INF INF INF INF INF INF INF INF INF INF INF INF INF INF INF INF INF INF INF INF INF INF INF INF INF INF INF INF INF INF INF INF INF INF INF INF INF INF INF INF INF INF INF INF INF INF INF INF INF INF INF INF INF INF INF INF INF INF INF INF INF INF INF INF INF INF INF INF INF INF INF INF INF INF INF INF INF INF INF INF INF INF INF INF INF INF INF INF INF INF INF INF INF INF INF INF INF INF INF INF INF INF INF INF INF INF INF INF INF INF INF INF INF INF INF INF INF INF INF INF INF INF INF INF INF INF INF INF INF INF INF INF INF INF INF INF INF INF INF INF INF INF INF INF INF INF 0 20 17 22 24 39
INF INF INF INF INF INF INF INF INF INF INF INF INF INF INF INF INF INF INF INF INF INF INF INF INF INF INF INF INF INF INF INF INF INF INF INF INF INF INF INF INF INF INF INF INF INF INF INF INF INF INF INF INF INF INF INF INF INF INF INF INF INF INF INF INF INF INF INF INF INF INF INF INF INF INF INF INF INF INF INF INF INF INF INF INF INF INF INF INF INF INF INF INF INF INF INF INF INF INF INF INF INF INF INF INF INF INF INF INF INF INF INF INF INF INF INF INF INF INF INF INF INF INF INF INF INF INF INF INF INF INF INF INF INF INF INF INF INF INF INF INF INF INF INF INF INF INF INF INF INF INF INF INF INF INF INF INF INF INF INF INF INF INF INF INF INF INF INF INF INF INF INF INF INF INF INF INF INF INF INF INF INF INF INF INF INF INF INF INF INF INF INF INF INF INF INF INF INF INF INF INF INF INF INF INF INF INF INF INF INF INF INF INF INF INF INF INF INF INF INF INF INF INF INF INF INF INF INF INF INF INF INF INF INF INF INF INF INF INF INF INF INF INF INF INF INF INF INF INF INF INF INF INF INF INF INF INF INF INF INF INF INF INF INF INF INF INF INF INF INF INF INF INF INF INF INF INF INF INF INF INF INF INF INF INF INF INF INF INF INF INF INF INF INF INF INF INF INF INF INF INF INF INF INF INF INF INF INF INF INF INF INF INF INF INF INF INF INF INF INF INF INF INF INF INF INF INF INF INF INF INF INF INF INF INF INF INF INF INF INF INF INF INF INF INF INF INF INF INF INF INF INF INF INF INF INF INF INF INF INF INF INF INF INF INF INF INF INF INF INF INF INF INF INF INF INF INF INF INF INF INF INF INF INF INF INF INF INF INF INF INF INF INF INF INF INF INF INF INF INF INF INF INF INF INF INF INF INF INF INF INF INF INF INF INF INF INF INF INF INF INF INF INF INF INF INF INF INF INF INF INF INF INF INF INF INF INF INF INF INF INF INF INF INF INF INF INF INF INF INF INF INF INF INF INF INF INF INF INF INF INF INF INF INF INF INF INF INF INF INF INF INF INF INF INF INF INF INF INF INF INF INF INF INF INF INF INF INF INF INF INF INF INF INF INF 0 4 2 11 22
INF INF INF INF INF INF INF INF INF INF INF INF INF INF INF INF INF INF INF INF INF INF INF INF INF INF INF INF INF INF INF INF INF INF INF INF INF INF INF INF INF INF INF INF INF INF INF INF INF INF INF INF INF INF INF INF INF INF INF INF INF INF INF INF INF INF INF INF INF INF INF INF INF INF INF INF INF INF INF INF INF INF INF INF INF INF INF INF INF INF INF INF INF INF INF INF INF INF INF INF INF INF INF INF INF INF INF INF INF INF INF INF INF INF INF INF INF INF INF INF INF INF INF INF INF INF INF INF INF INF INF INF INF INF INF INF INF INF INF INF INF INF INF INF INF INF INF INF INF INF INF INF INF INF INF INF INF INF INF INF INF INF INF INF INF INF INF INF INF INF INF INF INF INF INF INF INF INF INF INF INF INF INF INF INF INF INF INF INF INF INF INF INF INF INF INF INF INF INF INF INF INF INF INF INF INF INF INF INF INF INF INF INF INF INF INF INF INF INF INF INF INF INF INF INF INF INF INF INF INF INF INF INF INF INF INF INF INF INF INF INF INF INF INF INF INF INF INF INF INF INF INF INF INF INF INF INF INF INF INF INF INF INF INF INF INF INF INF INF INF INF INF INF INF INF INF INF INF INF INF INF INF INF INF INF INF INF INF INF INF INF INF INF INF INF INF INF INF INF INF INF INF INF INF INF INF INF INF INF INF INF INF INF INF INF INF INF INF INF INF INF INF INF INF INF INF INF INF INF INF INF INF INF INF INF INF INF INF INF INF INF INF INF INF INF INF INF INF INF INF INF INF INF INF INF INF INF INF INF INF INF INF INF INF INF INF INF INF INF INF INF INF INF INF INF INF INF INF INF INF INF INF INF INF INF INF INF INF INF INF INF INF INF INF INF INF INF INF INF INF INF INF INF INF INF INF INF INF INF INF INF INF INF INF INF INF INF INF INF INF INF INF INF INF INF INF INF INF INF INF INF INF INF INF INF INF INF INF INF INF INF INF INF INF INF INF INF INF INF INF INF INF INF INF INF INF INF INF INF INF INF INF INF INF INF INF INF INF INF INF INF INF INF INF INF INF INF INF INF INF INF INF INF INF INF INF INF INF INF INF INF INF INF INF INF INF 0 6 18 23
INF INF INF INF INF INF INF INF INF INF INF INF INF INF INF INF INF INF INF INF INF INF INF INF INF INF INF INF INF INF INF INF INF INF INF INF INF INF INF INF INF INF INF INF INF INF INF INF INF INF INF INF INF INF INF INF INF INF INF INF INF INF INF INF INF INF INF INF INF INF INF INF INF INF INF INF INF INF INF INF INF INF INF INF INF INF INF INF INF INF INF INF INF INF INF INF INF INF INF INF INF INF INF INF INF INF INF INF INF INF INF INF INF INF INF INF INF INF INF INF INF INF INF INF INF INF INF INF INF INF INF INF INF INF INF INF INF INF INF INF INF INF INF INF INF INF INF INF INF INF INF INF INF INF INF INF INF INF INF INF INF INF INF INF INF INF INF INF INF INF INF INF INF INF INF INF INF INF INF INF INF INF INF INF INF INF INF INF INF INF INF INF INF INF INF INF INF INF INF INF INF INF INF INF INF INF INF INF INF INF INF INF INF INF INF INF INF INF INF INF INF INF INF INF INF INF INF INF INF INF INF INF INF INF INF INF INF INF INF INF INF INF INF INF INF INF INF INF INF INF INF INF INF INF INF INF INF INF INF INF INF INF INF INF INF INF INF INF INF INF INF INF INF INF INF INF INF INF INF INF INF INF INF INF INF INF INF INF INF INF INF INF INF INF INF INF INF INF INF INF INF INF INF INF INF INF INF INF INF INF INF INF INF INF INF INF INF INF INF INF INF INF INF INF INF INF INF INF INF INF INF INF INF INF INF INF INF INF INF INF INF INF INF INF INF INF INF INF INF INF INF INF INF INF INF INF INF INF INF INF INF INF INF INF INF INF INF INF INF INF INF INF INF INF INF INF INF INF INF INF INF INF INF INF INF INF INF INF INF INF INF INF INF INF INF INF INF INF INF INF INF INF INF INF INF INF INF INF INF INF INF INF INF INF INF INF INF INF INF INF INF INF INF INF INF INF INF INF INF INF INF INF INF INF INF INF INF INF INF INF INF INF INF INF INF INF INF INF INF INF INF INF INF INF INF INF INF INF INF INF INF INF INF INF INF INF INF INF INF INF INF INF INF INF INF INF INF INF INF INF INF INF INF INF INF INF INF INF INF INF INF INF INF INF INF INF INF 0 12 20
INF INF INF INF INF INF INF INF INF INF INF INF INF INF INF INF INF INF INF INF INF INF INF INF INF INF INF INF INF INF INF INF INF INF INF INF INF INF INF INF INF INF INF INF INF INF INF INF INF INF INF INF INF INF INF INF INF INF INF INF INF INF INF INF INF INF INF INF INF INF INF INF INF INF INF INF INF INF INF INF INF INF INF INF INF INF INF INF INF INF INF INF INF INF INF INF INF INF INF INF INF INF INF INF INF INF INF INF INF INF INF INF INF INF INF INF INF INF INF INF INF INF INF INF INF INF INF INF INF INF INF INF INF INF INF INF INF INF INF INF INF INF INF INF INF INF INF INF INF INF INF INF INF INF INF INF INF INF INF INF INF INF INF INF INF INF INF INF INF INF INF INF INF INF INF INF INF INF INF INF INF INF INF INF INF INF INF INF INF INF INF INF INF INF INF INF INF INF INF INF INF INF INF INF INF INF INF INF INF INF INF INF INF INF INF INF INF INF INF INF INF INF INF INF INF INF INF INF INF INF INF INF INF INF INF INF INF INF INF INF INF INF INF INF INF INF INF INF INF INF INF INF INF INF INF INF INF INF INF INF INF INF INF INF INF INF INF INF INF INF INF INF INF INF INF INF INF INF INF INF INF INF INF INF INF INF INF INF INF INF INF INF INF INF INF INF INF INF INF INF INF INF INF INF INF INF INF INF INF INF INF INF INF INF INF INF INF INF INF INF INF INF INF INF INF INF INF INF INF INF INF INF INF INF INF INF INF INF INF INF INF INF INF INF INF INF INF INF INF INF INF INF INF INF INF INF INF INF INF INF INF INF INF INF INF INF INF INF INF INF INF INF INF INF INF INF INF INF INF INF INF INF INF INF INF INF INF INF INF INF INF INF INF INF INF INF INF INF INF INF INF INF INF INF INF INF INF INF INF INF INF INF INF INF INF INF INF INF INF INF INF INF INF INF INF INF INF INF INF INF INF INF INF INF INF INF INF INF INF INF INF INF INF INF INF INF INF INF INF INF INF INF INF INF INF INF INF INF INF INF INF INF INF INF INF INF INF INF INF INF INF INF INF INF INF INF INF INF INF INF INF INF INF INF INF INF INF INF INF INF INF INF INF INF INF INF INF INF 0 15
INF INF INF INF INF INF INF INF INF INF INF INF INF INF INF INF INF INF INF INF INF INF INF INF INF INF INF INF INF INF INF INF INF INF INF INF INF INF INF INF INF INF INF INF INF INF INF INF INF INF INF INF INF INF INF INF INF INF INF INF INF INF INF INF INF INF INF INF INF INF INF INF INF INF INF INF INF INF INF INF INF INF INF INF INF INF INF INF INF INF INF INF INF INF INF INF INF INF INF INF INF INF INF INF INF INF INF INF INF INF INF INF INF INF INF INF INF INF INF INF INF INF INF INF INF INF INF INF INF INF INF INF INF INF INF INF INF INF INF INF INF INF INF INF INF INF INF INF INF INF INF INF INF INF INF INF INF INF INF INF INF INF INF INF INF INF INF INF INF INF INF INF INF INF INF INF INF INF INF INF INF INF INF INF INF INF INF INF INF INF INF INF INF INF INF INF INF INF INF INF INF INF INF INF INF INF INF INF INF INF INF INF INF INF INF INF INF INF INF INF INF INF INF INF INF INF INF INF INF INF INF INF INF INF INF INF INF INF INF INF INF INF INF INF INF INF INF INF INF INF INF INF INF INF INF INF INF INF INF INF INF INF INF INF INF INF INF INF INF INF INF INF INF INF INF INF INF INF INF INF INF INF INF INF INF INF INF INF INF INF INF INF INF INF INF INF INF INF INF INF INF INF INF INF INF INF INF INF INF INF INF INF INF INF INF INF INF INF INF INF INF INF INF INF INF INF INF INF INF INF INF INF INF INF INF INF INF INF INF INF INF INF INF INF INF INF INF INF INF INF INF INF INF INF INF INF INF INF INF INF INF INF INF INF INF INF INF INF INF INF INF INF INF INF INF INF INF INF INF INF INF INF INF INF INF INF INF INF INF INF INF INF INF INF INF INF INF INF INF INF INF INF INF INF INF INF INF INF INF INF INF INF INF INF INF INF INF INF INF INF INF INF INF INF INF INF INF INF INF INF INF INF INF INF INF INF INF INF INF INF INF INF INF INF INF INF INF INF INF INF INF INF INF INF INF INF INF INF INF INF INF INF INF INF INF INF INF INF INF INF INF INF INF INF INF INF INF INF INF INF INF INF INF INF INF INF INF INF INF INF INF INF INF INF INF INF INF INF INF 0
Negative cycle: none
Execution time: 46.794168 ms
